date,open,high,low,close,volume,amount,outstanding_share,turnover
2021-01-04,22.92,24.58,22.71,24.5,5029560.0,120645997.0,402428671.00000006,0.012498016076990696
2021-01-05,24.5,25.19,23.8,24.31,4352173.0,106046510.0,402428671.00000006,0.010814768712142778
2021-01-06,24.2,24.45,23.76,23.95,2190715.0,52525792.0,402428671.00000006,0.0054437348973080495
2021-01-07,23.76,23.93,23.24,23.78,2047601.0,48044620.0,402428671.00000006,0.005088109142203736
2021-01-08,23.77,23.77,22.9,22.98,1600100.0,36923942.0,402428671.00000006,0.003976108352379296
2021-01-11,22.75,22.85,22.0,22.47,2553274.0,56982031.0,402428671.00000006,0.006344662256929501
2021-01-12,22.35,23.46,22.17,22.87,1625675.0,37170704.0,402428671.00000006,0.004039659987347173
2021-01-13,23.0,23.15,22.11,22.87,2169526.0,48631617.0,402428671.00000006,0.005391082088184516
2021-01-14,22.62,22.9,22.22,22.68,970557.0,21946578.0,402428671.00000006,0.002411749137029056
2021-01-15,22.66,23.12,22.46,22.81,1236306.0,28249463.0,402428671.00000006,0.003072112125927528
2021-01-18,22.81,23.06,22.6,22.66,1058520.0,24076374.0,402428671.00000006,0.0026303294876323558
2021-01-19,22.65,22.86,22.35,22.55,1211343.0,27300668.0,402428671.00000006,0.003010081257356536
2021-01-20,22.56,22.74,22.24,22.52,919077.0,20590185.0,402428671.00000006,0.0022838258459969415
2021-01-21,22.51,23.17,22.45,22.73,1515701.0,34567418.0,402428671.00000006,0.003766384229616681
2021-01-22,22.71,22.74,22.3,22.39,988355.0,22168781.0,402428671.00000006,0.0024559756081593896
2021-01-25,22.39,22.4,22.04,22.38,981430.0,21800999.0,402428671.00000006,0.0024387675896979017
2021-01-26,22.37,22.82,22.12,22.49,1162684.0,26228344.0,402428671.00000006,0.0028891679042420907
2021-01-27,22.46,22.49,21.7,21.82,1645259.0,36138679.0,402428671.00000006,0.0040883245120475024
2021-01-28,21.63,23.49,21.05,22.87,2897900.0,65011838.0,402428671.00000006,0.007201027682244836
2021-01-29,22.61,23.53,22.24,22.79,2365069.0,54213386.0,402428671.00000006,0.005876989316201081
2021-02-01,22.96,23.46,22.28,23.3,2037417.0,46795650.0,402428671.00000006,0.005062802794187593
2021-02-02,23.38,23.79,22.91,22.96,1363318.0,31830216.0,402428671.00000006,0.0033877258213543134
2021-02-03,22.95,24.0,22.45,23.88,2501428.0,58683335.0,402428671.00000006,0.006215829487954151
2021-02-04,23.81,24.28,23.31,23.99,2375094.0,56860273.0,402428671.00000006,0.005901900563143523
2021-02-05,23.88,24.5,23.7,24.0,2187663.0,52910513.0,402428671.00000006,0.005436150944622928
2021-02-08,24.03,26.4,23.85,26.4,5098780.0,129715615.0,402428671.00000006,0.012670021714233178
2021-02-09,26.02,29.0,25.51,28.82,6828726.0,184124310.0,402428671.00000006,0.0169687860038183
2021-02-10,28.08,30.8,27.68,29.79,6625414.0,196061572.0,402428671.00000006,0.016463573491263497
2021-02-18,29.8,30.0,28.29,29.18,3708602.0,108068486.0,402428671.00000006,0.00921555114546001
2021-02-19,28.8,29.98,28.67,28.94,2843160.0,83031398.0,402428671.00000006,0.007065003576745653
2021-02-22,28.95,29.0,26.8,27.35,4832919.0,134468797.0,402428671.00000006,0.012009380415144426
2021-02-23,26.92,27.79,26.28,27.1,2635374.0,71202949.0,402428671.00000006,0.006548673566054143
2021-02-24,27.08,27.15,26.37,26.38,1883636.0,50237895.0,402428671.00000006,0.004680670478371556
2021-02-25,26.44,26.8,25.75,25.84,2175918.0,57047816.0,402428671.00000006,0.005406965648329763
2021-02-26,25.48,25.69,25.0,25.37,1946298.0,49509206.0,402428671.00000006,0.004836380060008198
2021-03-01,25.66,26.85,25.45,26.62,2368533.0,62423410.0,402428671.00000006,0.005885597052800444
2021-03-02,26.66,26.89,26.22,26.26,1449295.0,38296121.0,402428671.00000006,0.003601371135904976
2021-03-03,26.15,26.95,26.15,26.75,1416059.0,37727286.0,402428671.00000006,0.0035187825869394873
2021-03-04,26.7,27.55,26.43,26.86,2142979.0,58124400.0,402428671.00000006,0.0053251151183509975
2021-03-05,27.0,28.1,26.51,28.09,3068455.0,84639700.0,402428671.00000006,0.007624841918880078
2021-03-08,27.95,29.02,27.38,27.88,3470253.0,97409246.0,402428671.00000006,0.008623274756683525
2021-03-09,27.88,27.88,25.81,26.04,2620294.0,69621186.0,402428671.00000006,0.006511201086862918
2021-03-10,26.75,26.75,25.53,26.2,1136482.0,29547774.0,402428671.00000006,0.00282405822919113
2021-03-11,26.18,26.44,25.87,26.19,936754.0,24477473.0,402428671.00000006,0.0023277516427252765
2021-03-12,26.3,28.31,25.92,27.65,2640845.0,72077379.0,402428671.00000006,0.006562268521866822
2021-03-15,27.96,28.15,26.84,27.25,1463300.0,39904843.0,402428671.00000006,0.003636172334251999
2021-03-16,27.49,27.49,26.94,27.14,948937.0,25778597.0,402428671.00000006,0.002358025330655429
2021-03-17,27.14,27.45,26.91,27.26,822060.0,22378031.0,402428671.00000006,0.002042747098404427
2021-03-18,27.52,28.4,27.02,27.71,1756844.0,48932207.0,402428671.00000006,0.004365603463675678
2021-03-19,27.5,27.98,27.23,27.34,1397000.0,38431254.0,402428671.00000006,0.0034714226412560943
2021-03-22,27.25,27.47,26.7,27.44,1038101.0,28183287.0,402428671.00000006,0.0025795900610669953
2021-03-23,27.27,28.49,27.16,28.03,2244882.0,63058653.0,402428671.00000006,0.005578335147994462
2021-03-24,28.31,28.48,27.75,28.0,1417323.0,39825293.0,402428671.00000006,0.003521923516229786
2021-03-25,27.94,28.5,27.36,28.15,1799725.0,50258191.0,402428671.00000006,0.004472158992866589
2021-03-26,28.6,29.49,28.18,28.19,3033061.0,87594718.0,402428671.00000006,0.007536890928926879
2021-03-29,28.2,28.2,27.55,27.64,2061681.0,57400601.0,402428671.00000006,0.005123096708981751
2021-03-30,27.64,27.65,26.51,26.66,2089165.0,56222863.0,402428671.00000006,0.005191392041746448
2021-03-31,26.69,27.09,26.21,26.35,1353554.0,35926745.0,402428671.00000006,0.003363463136551719
2021-04-01,26.12,26.9,26.12,26.71,1291386.0,34312068.0,402428671.00000006,0.003208981101647203
2021-04-02,26.71,26.89,26.42,26.54,931393.0,24801782.0,402428671.00000006,0.002314430027278051
2021-04-06,26.23,26.39,25.52,26.15,1846531.0,47925798.0,402428671.00000006,0.004588467803279353
2021-04-07,26.16,26.45,25.71,26.0,1166340.0,30342047.0,402428671.00000006,0.002898252744024791
2021-04-08,26.16,26.35,25.82,26.24,1018634.0,26628812.0,402428671.00000006,0.0025312162711190124
2021-04-09,26.25,26.61,25.81,26.48,1297357.0,33981553.0,402428671.00000006,0.003223818513666487
2021-04-12,26.51,27.11,26.3,26.31,1203166.0,32120944.0,402428671.00000006,0.002989762128553708
2021-04-13,26.48,27.1,26.0,27.0,1930522.0,51501797.0,402428671.00000006,0.004797178081777378
2021-04-14,27.0,27.09,26.4,26.65,1194546.0,31900832.0,402428671.00000006,0.002968342183551827
2021-04-15,27.09,27.98,27.01,27.37,2314011.0,63620644.0,402428671.00000006,0.005750114658207342
2021-04-16,27.2,27.53,27.1,27.31,886885.0,24227803.0,402428671.00000006,0.0022038315455908454
2021-04-19,27.41,27.97,26.91,27.69,1308331.0,36101838.0,402428671.00000006,0.0032510879424890674
2021-04-20,27.8,28.47,27.3,27.38,1997295.0,55556124.0,402428671.00000006,0.004963103138344732
2021-04-21,27.53,27.78,27.31,27.62,748300.0,20605447.0,402428671.00000006,0.0018594599588059666
2021-04-22,27.54,27.77,27.18,27.23,830893.0,22791187.0,402428671.00000006,0.002064696329750322
2021-04-23,27.23,27.79,27.23,27.57,925047.0,25499237.0,402428671.00000006,0.0022986607731038124
2021-04-26,27.76,27.77,27.07,27.28,863426.0,23613474.0,402428671.00000006,0.002145537985289323
2021-04-27,27.49,27.49,26.8,27.13,1016619.0,27417686.0,402428671.00000006,0.0025262091726063916
2021-04-28,26.95,28.0,26.95,27.84,1437202.0,39633016.0,402428671.00000006,0.0035713210900920125
2021-04-29,29.0,29.34,27.96,28.6,3344427.0,96433462.0,402428671.00000006,0.00831060816737881
2021-04-30,28.95,29.49,28.82,29.29,2492154.0,72880188.0,402428671.00000006,0.0061927844102340306
2021-05-06,29.4,29.76,28.55,29.33,2550948.0,74372899.0,402428671.00000006,0.006338882350656372
2021-05-07,29.44,29.63,28.99,29.45,2498952.0,73369201.0,402428671.00000006,0.00620967684481904
2021-05-10,23.0,23.0,19.35,21.0,4032886.0,87070040.0,523157273.0,0.007708744976197626
2021-05-11,20.96,20.98,19.8,20.19,2636386.0,53535774.0,523157273.0,0.0050393756066543305
2021-05-12,20.17,20.94,20.04,20.71,1470764.0,30334719.0,523157273.0,0.0028113228581646806
2021-05-13,20.88,20.88,20.17,20.36,1583705.0,32291129.0,523157273.0,0.0030272063139223527
2021-05-14,20.36,21.38,20.35,20.79,1986487.0,41571572.0,523157273.0,0.0037971124602906936
2021-05-17,20.78,21.71,20.3,21.31,2146218.0,45338620.0,523157273.0,0.004102433648093429
2021-05-18,21.32,21.36,20.86,21.11,1281722.0,27044409.0,523157273.0,0.002449974541403346
2021-05-19,21.39,21.49,21.0,21.3,1667461.0,35497931.0,523157273.0,0.0031873034860780765
2021-05-20,21.24,21.33,20.6,20.62,2002320.0,41754690.0,523157273.0,0.003827376781972025
2021-05-21,20.87,20.87,20.28,20.34,1341600.0,27504429.0,523157273.0,0.002564429607002711
2021-05-24,20.34,20.6,20.0,20.14,909858.0,18428532.0,523157273.0,0.0017391672580264405
2021-05-25,20.18,20.71,20.13,20.28,1386823.0,28265039.0,523157273.0,0.002650872063858319
2021-05-26,20.28,20.48,20.01,20.18,1420339.0,28617986.0,523157273.0,0.002714936928727358
2021-05-27,20.03,20.23,18.89,19.78,3410098.0,66979002.0,523157273.0,0.006518303722406627
2021-05-28,19.78,19.78,19.35,19.61,1814736.0,35464051.0,523157273.0,0.003468815390051932
2021-05-31,19.58,19.58,19.05,19.35,1484015.0,28566091.0,523157273.0,0.0028366517615057603
2021-06-01,19.35,20.0,19.24,19.9,1802501.0,35637587.0,523157273.0,0.003445428541332732
2021-06-02,20.2,20.2,19.73,19.99,1411273.0,28155291.0,523157273.0,0.0026976075318750274
2021-06-03,19.82,19.97,19.62,19.76,1070660.0,21138006.0,523157273.0,0.0020465356313607054
2021-06-04,19.51,19.93,19.5,19.84,1001050.0,19759181.0,523157273.0,0.0019134781291667144
2021-06-07,19.68,19.68,19.26,19.65,1124874.0,21870156.0,523157273.0,0.0021501641247373042
2021-06-08,19.5,19.74,19.35,19.64,833608.0,16275677.0,523157273.0,0.0015934175878311837
2021-06-09,19.63,19.63,19.21,19.39,1081532.0,20951027.0,523157273.0,0.0020673171449916935
2021-06-10,19.38,19.45,19.0,19.07,1855269.0,35685247.0,523157273.0,0.0035462930475211036
2021-06-11,19.08,20.08,19.04,19.8,2699304.0,53045673.0,523157273.0,0.0051596415443506604
2021-06-15,19.78,19.78,19.18,19.49,1413362.0,27354150.0,523157273.0,0.0027016005949706064
2021-06-16,19.49,19.49,18.3,18.99,2868572.0,53892533.0,523157273.0,0.005483192431886539
2021-06-17,18.84,18.89,18.5,18.68,1032020.0,19292274.0,523157273.0,0.001972676388654545
2021-06-18,18.54,18.77,18.16,18.55,1529199.0,27986707.0,523157273.0,0.002923019670989072
2021-06-21,18.33,18.38,18.12,18.28,888158.0,16177924.0,523157273.0,0.0016976883354921839
2021-06-22,18.28,18.71,18.13,18.58,1062649.0,19625863.0,523157273.0,0.002031222836502552
2021-06-23,18.58,18.58,18.11,18.25,1401028.0,25507468.0,523157273.0,0.0026780245106140387
2021-06-24,18.24,18.26,18.03,18.05,942595.0,17041020.0,523157273.0,0.0018017430869206323
2021-06-25,18.1,18.34,18.05,18.24,991951.0,18041218.0,523157273.0,0.0018960856537685944
2021-06-28,18.38,18.98,18.38,18.93,2170654.0,40768402.0,523157273.0,0.004149142355514954
2021-06-29,18.92,18.93,18.46,18.56,1409984.0,26240804.0,523157273.0,0.002695143645647071
2021-06-30,18.46,18.66,18.35,18.45,1178396.0,21806885.0,523157273.0,0.00225246988012341
2021-07-01,18.7,18.7,17.9,18.14,1627631.0,29668896.0,523157273.0,0.003111169592781328
2021-07-02,18.12,18.21,17.78,18.0,1793430.0,32116043.0,523157273.0,0.0034280895871249793
2021-07-05,17.88,18.3,17.6,17.98,1332492.0,23977460.0,523157273.0,0.0025470199283648305
2021-07-06,17.98,18.25,17.84,18.23,1245754.0,22438616.0,523157273.0,0.002381222749435044
2021-07-07,18.38,18.44,18.11,18.4,1063263.0,19457134.0,523157273.0,0.0020323964797484525
2021-07-08,18.54,18.55,18.0,18.19,1069644.0,19388393.0,523157273.0,0.002044593576738825
2021-07-09,18.19,18.3,17.85,18.02,1059850.0,19104846.0,523157273.0,0.0020258726289369582
2021-07-12,18.17,18.5,18.01,18.21,1257281.0,22927218.0,523157273.0,0.002403256276626398
2021-07-13,18.37,18.37,18.12,18.28,727039.0,13254802.0,523157273.0,0.0013897140258241234
2021-07-14,18.35,18.43,18.06,18.26,700510.0,12745533.0,523157273.0,0.0013390046094226811
2021-07-15,18.4,19.43,18.01,19.13,3807411.0,71480980.0,523157273.0,0.007277756033413684
2021-07-16,19.13,20.08,19.1,19.98,4920880.0,97662714.0,523157273.0,0.009406119830431948
2021-07-19,19.97,20.67,19.42,19.86,3947738.0,79288357.0,523157273.0,0.00754598703629224
2021-07-20,19.5,19.84,19.3,19.73,1763392.0,34420847.0,523157273.0,0.003370672818687928
2021-07-21,19.57,19.65,19.02,19.4,2390775.0,45885931.0,523157273.0,0.004569897282112333
2021-07-22,19.15,19.22,18.81,18.9,1384484.0,26235326.0,523157273.0,0.0026464011329916082
2021-07-23,18.89,18.95,18.41,18.61,1348448.0,25059677.0,523157273.0,0.0025775193609895585
2021-07-26,18.61,18.61,18.05,18.31,1282657.0,23391596.0,523157273.0,0.0024517617668673793
2021-07-27,18.28,18.38,17.9,18.13,1197484.0,21727887.0,523157273.0,0.0022889560401848797
2021-07-28,18.1,18.11,17.07,17.32,1736105.0,30258114.0,523157273.0,0.0033185145072044137
2021-07-29,17.52,18.7,17.38,18.55,2695020.0,48604644.0,523157273.0,0.005151452802224543
2021-07-30,18.31,18.57,18.06,18.26,1319130.0,24047702.0,523157273.0,0.0025214788517333676
2021-08-02,18.06,18.8,18.06,18.47,1290082.0,23801526.0,523157273.0,0.0024659544396699994
2021-08-03,18.34,19.16,18.31,18.76,1541010.0,29056522.0,523157273.0,0.0029455960559684317
2021-08-04,18.76,19.08,18.53,18.79,1044985.0,19620047.0,523157273.0,0.0019974586112654503
2021-08-05,18.5,18.97,18.5,18.71,792828.0,14860550.0,523157273.0,0.0015154677970041334
2021-08-06,18.65,19.0,18.43,18.91,1086769.0,20430972.0,523157273.0,0.0020773275190613663
2021-08-09,18.91,19.76,18.77,19.75,2890504.0,56523863.0,523157273.0,0.005525114815712406
2021-08-10,19.61,19.8,19.36,19.43,1674128.0,32668442.0,523157273.0,0.0032000472637986246
2021-08-11,19.49,19.7,19.02,19.36,1397148.0,26871310.0,523157273.0,0.00267060800280607
2021-08-12,19.36,19.41,19.02,19.07,1024491.0,19636827.0,523157273.0,0.001958284922859134
2021-08-13,19.12,19.17,18.76,19.15,1026250.0,19431706.0,523157273.0,0.0019616472004968188
2021-08-16,19.16,19.4,19.05,19.21,1122513.0,21606423.0,523157273.0,0.002145651141506734
2021-08-17,19.26,19.29,18.4,18.4,1377936.0,25878437.0,523157273.0,0.002633884820330119
2021-08-18,18.4,18.8,18.4,18.71,904880.0,16843462.0,523157273.0,0.0017296519549676603
2021-08-19,18.66,18.96,18.25,18.4,985710.0,18174788.0,523157273.0,0.0018841561627300555
2021-08-20,18.53,18.61,18.13,18.3,757366.0,13894718.0,523157273.0,0.001447683209404603
2021-08-23,18.07,18.58,18.07,18.42,798446.0,14677309.0,523157273.0,0.0015262064415570114
2021-08-24,18.35,18.64,18.3,18.59,1026863.0,18958641.0,523157273.0,0.0019628189322716343
2021-08-25,18.58,18.8,18.42,18.56,1097200.0,20404228.0,523157273.0,0.002097266073944078
2021-08-26,18.64,18.7,18.19,18.28,1045677.0,19280237.0,523157273.0,0.0019987813492559434
2021-08-27,18.6,18.6,18.04,18.19,1198342.0,21821190.0,523157273.0,0.0022905960823754045
2021-08-30,18.19,18.19,17.46,17.96,1669430.0,29722900.0,523157273.0,0.003191067172643512
2021-08-31,17.89,17.89,17.48,17.6,1674460.0,29500602.0,523157273.0,0.0032006818721986878
2021-09-01,17.59,17.96,17.33,17.75,1605621.0,28408471.0,523157273.0,0.0030690981142108675
2021-09-02,17.75,17.88,17.59,17.85,1204858.0,21349013.0,523157273.0,0.0023030512279621886
2021-09-03,17.85,17.92,17.5,17.65,2382937.0,41969034.0,523157273.0,0.004554915171751803
2021-09-06,17.51,17.78,17.5,17.73,1920086.0,33865135.0,523157273.0,0.0036701888688069526
2021-09-07,17.73,17.85,17.66,17.79,1427098.0,25355052.0,523157273.0,0.0027278565617876826
2021-09-08,17.78,18.47,17.7,18.24,1840612.0,33197624.0,523157273.0,0.0035182766158351774
2021-09-09,18.24,18.49,18.04,18.28,1113210.0,20342288.0,523157273.0,0.0021278687260073703
2021-09-10,18.28,18.57,18.12,18.14,1353845.0,24744864.0,523157273.0,0.002587835570432756
2021-09-13,18.14,18.14,17.83,18.0,1063430.0,19088276.0,523157273.0,0.0020327156954195683
2021-09-14,18.2,18.24,17.82,17.83,1260489.0,22812728.0,523157273.0,0.0024093882758655636
2021-09-15,17.8,17.93,17.66,17.74,852549.0,15148529.0,523157273.0,0.0016296227616432277
2021-09-16,17.9,18.2,17.6,17.86,2173628.0,38965040.0,523157273.0,0.00415482707052034
2021-09-17,17.99,18.06,17.0,17.42,1960250.0,34104280.0,523157273.0,0.0037469611934459334
2021-09-22,17.2,17.55,17.2,17.28,1525427.0,26412119.0,523157273.0,0.0029158096020582324
2021-09-23,17.38,17.74,17.29,17.56,1155112.0,20296726.0,523157273.0,0.0022079631873912608
2021-09-24,17.54,17.73,17.42,17.59,933176.0,16413615.0,523157273.0,0.0017837389407754636
2021-09-27,17.57,17.89,17.38,17.7,1597232.0,28157874.0,523157273.0,0.0030530627832827625
2021-09-28,17.7,17.85,17.38,17.48,1250812.0,21887057.0,523157273.0,0.0023908909701805866
2021-09-29,17.48,17.63,17.22,17.3,1370102.0,23776576.0,523157273.0,0.002618910355853927
2021-09-30,17.36,17.77,17.21,17.74,1661267.0,29120386.0,523157273.0,0.0031754638341805106
2021-10-08,17.92,18.4,17.75,17.92,2017222.0,36370036.0,523157273.0,0.0038558615240736603
2021-10-11,17.82,18.42,17.82,18.36,2756816.0,50292156.0,523157273.0,0.005269574069364033
2021-10-12,18.36,18.48,18.0,18.15,2018559.0,36628939.0,523157273.0,0.003858417160913674
2021-10-13,18.4,18.4,17.0,18.11,1414156.0,25463246.0,523157273.0,0.0027031183030117216
2021-10-14,18.04,18.1,17.79,17.83,1268817.0,22703432.0,523157273.0,0.0024253070070575124
2021-10-15,17.8,18.1,17.48,17.5,1353986.0,23939701.0,523157273.0,0.0025881050878556744
2021-10-18,17.51,17.66,17.33,17.5,1397452.0,24451023.0,523157273.0,0.0026711890900157666
2021-10-19,17.5,18.8,17.39,18.37,4132054.0,75496918.0,523157273.0,0.007898301740708095
2021-10-20,18.36,18.55,17.87,18.35,2284687.0,41545068.0,523157273.0,0.004367113137696931
2021-10-21,18.38,18.44,18.13,18.26,1585885.0,28962410.0,523157273.0,0.0030313733208866237
2021-10-22,18.21,18.47,17.99,18.04,1096014.0,19880242.0,523157273.0,0.0020949990692378274
2021-10-25,18.2,18.6,18.1,18.18,1548094.0,28320224.0,523157273.0,0.0029591369171312275
2021-10-26,17.98,18.53,17.98,18.09,1405352.0,25586815.0,523157273.0,0.0026862897115835374
2021-10-27,18.09,18.14,17.75,17.94,1035700.0,18545307.0,523157273.0,0.001979710602245608
2021-10-28,17.99,17.99,17.3,17.51,1281241.0,22544014.0,523157273.0,0.002449055123811688
2021-10-29,17.51,17.74,17.1,17.38,2000650.0,34726740.0,523157273.0,0.003824184625260863
2021-11-01,17.29,17.29,17.0,17.17,1991452.0,34073513.0,523157273.0,0.0038066029142253747
2021-11-02,17.13,17.33,17.03,17.19,1468666.0,25225470.0,523157273.0,0.002807312591829341
2021-11-03,17.35,18.18,17.21,17.82,3050532.0,54299189.0,523157273.0,0.005831003710427247
2021-11-04,17.85,18.05,17.5,17.88,2034715.0,36205382.0,523157273.0,0.003889298887755308
2021-11-05,17.82,18.04,17.67,17.72,1420070.0,25346341.0,523157273.0,0.00271442274300562
2021-11-08,17.7,17.79,17.36,17.51,1525004.0,26721537.0,523157273.0,0.002915001049789477
2021-11-09,17.6,17.92,17.52,17.76,1243601.0,22038729.0,523157273.0,0.0023771073521900556
2021-11-10,17.95,17.95,17.5,17.65,959894.0,16933060.0,523157273.0,0.0018348096252118816
2021-11-11,17.69,17.86,17.64,17.79,1143570.0,20265380.0,523157273.0,0.0021859009881336393
2021-11-12,17.7,17.85,17.65,17.79,893575.0,15877653.0,523157273.0,0.0017080427743570718
2021-11-15,17.87,18.16,17.79,18.03,1749581.0,31497731.0,523157273.0,0.0033442734915395127
2021-11-16,18.03,18.05,17.5,17.52,2104094.0,37259863.0,523157273.0,0.0040219148401287735
2021-11-17,17.48,17.65,17.41,17.6,773568.0,13580874.0,523157273.0,0.0014786528639161248
2021-11-18,17.57,17.8,17.56,17.59,736476.0,13014754.0,523157273.0,0.0014077525784488138
2021-11-19,17.5,17.58,17.36,17.52,933850.0,16306077.0,523157273.0,0.0017850272722864354
2021-11-22,17.52,17.6,17.36,17.5,1222504.0,21293365.0,523157273.0,0.002336781046719769
2021-11-23,17.4,17.54,17.35,17.36,924768.0,16088414.0,523157273.0,0.0017676672918967525
2021-11-24,17.35,17.36,17.1,17.25,1338125.0,23066435.0,523157273.0,0.0025577872449839764
2021-11-25,17.33,17.43,17.23,17.36,986327.0,17113510.0,523157273.0,0.0018853355403892092
2021-11-26,17.35,17.39,17.07,17.16,1329011.0,22814224.0,523157273.0,0.0025403660975195884
2021-11-29,17.16,17.35,17.0,17.27,836364.0,14395154.0,523157273.0,0.0015986856021401427
2021-11-30,17.34,17.38,17.11,17.17,1107659.0,19064143.0,523157273.0,0.0021172581500171557
2021-12-01,17.1,17.23,17.1,17.2,849505.0,14569854.0,523157273.0,0.0016238042436619246
2021-12-02,17.2,17.24,17.1,17.19,851552.0,14631657.0,523157273.0,0.0016277170249719534
2021-12-03,17.19,17.29,17.11,17.25,988907.0,17040049.0,523157273.0,0.0018902671357872913
2021-12-06,17.26,17.27,17.06,17.16,1138707.0,19524608.0,523157273.0,0.0021766055042495795
2021-12-07,17.3,17.31,17.1,17.15,1129073.0,19370950.0,523157273.0,0.0021581903918212373
2021-12-08,17.16,17.23,17.08,17.21,1189745.0,20428929.0,523157273.0,0.0022741631654617177
2021-12-09,17.21,17.47,17.18,17.47,1413649.0,24495674.0,523157273.0,0.002702149187171866
2021-12-10,17.51,17.56,17.29,17.33,2058229.0,35816773.0,523157273.0,0.0039342452188368985
2021-12-13,17.33,17.48,17.2,17.21,1378305.0,23824199.0,523157273.0,0.00263459015316031
2021-12-14,17.24,17.31,17.16,17.26,750914.0,12939566.0,523157273.0,0.0014353503979672286
2021-12-15,17.26,17.3,17.11,17.15,1269328.0,21829102.0,523157273.0,0.0024262837687817063
2021-12-16,17.16,17.25,17.07,17.22,1435381.0,24587941.0,523157273.0,0.0027436892767808275
2021-12-17,17.23,17.23,17.07,17.13,1094054.0,18726370.0,523157273.0,0.0020912525859121526
2021-12-20,17.13,17.15,17.02,17.07,1213217.0,20723079.0,523157273.0,0.002319029214757758
2021-12-21,17.02,17.34,17.02,17.28,1346324.0,23157061.0,523157273.0,0.002573459396406021
2021-12-22,17.26,17.39,17.1,17.33,2509143.0,43374612.0,523157273.0,0.004796154291445739
2021-12-23,17.33,17.54,17.18,17.2,1667242.0,28874720.0,523157273.0,0.003186884873910565
2021-12-24,17.2,17.28,17.06,17.12,1204805.0,20639677.0,523157273.0,0.0023029499199947088
2021-12-27,17.2,17.49,17.15,17.34,1498041.0,25886599.0,523157273.0,0.0028634620549373496
2021-12-28,17.35,17.4,17.09,17.1,1433516.0,24661932.0,523157273.0,0.002740124383208183
2021-12-29,17.13,17.25,17.11,17.13,975320.0,16742657.0,523157273.0,0.0018642959781618098
2021-12-30,17.13,17.25,17.11,17.18,802390.0,13783350.0,523157273.0,0.0015337452835143897
2021-12-31,17.15,17.38,17.15,17.31,1823763.0,31491988.0,523239250.0,0.003485524069534157
2022-01-04,17.3,17.78,17.24,17.75,4655397.0,81823161.0,523239250.0,0.008897262581123262
2022-01-05,17.75,17.86,17.52,17.73,2855617.0,50554717.0,523239250.0,0.005457574140319175
2022-01-06,17.66,17.85,17.57,17.58,1835196.0,32412524.0,523239250.0,0.003507374494554833
2022-01-07,17.5,17.73,17.46,17.48,1586101.0,27959722.0,523239250.0,0.0030313112022846145
2022-01-10,17.47,18.25,17.43,18.07,4429875.0,79290454.0,523239250.0,0.008466251337222886
2022-01-11,18.12,18.12,17.7,17.77,2635047.0,47015253.0,523239250.0,0.005036027018233055
2022-01-12,17.77,17.92,17.62,17.89,1389040.0,24673900.0,523239250.0,0.002654693813585277
2022-01-13,17.89,17.94,17.53,17.54,1954840.0,34590991.0,523239250.0,0.0037360347106987863
2022-01-14,17.54,17.83,17.26,17.36,2117247.0,37105076.0,523239250.0,0.0040464223584144345
2022-01-17,17.28,17.45,17.2,17.42,1655872.0,28689174.0,523239250.0,0.0031646555567075674
2022-01-18,17.35,17.5,17.25,17.46,1415413.0,24604990.0,523239250.0,0.0027050971424639877
2022-01-19,17.46,17.59,17.27,17.36,1321641.0,23032051.0,523239250.0,0.0025258827582219797
2022-01-20,17.36,17.91,17.29,17.83,3804328.0,67221608.0,523239250.0,0.007270723669908173
2022-01-21,17.83,18.32,17.63,17.94,4073107.0,73237408.0,523239250.0,0.007784406464155738
2022-01-24,18.0,19.73,17.91,19.73,8656149.0,166640037.0,523239250.0,0.016543386223415005
2022-01-25,19.73,21.5,19.22,20.01,12998378.0,261955008.0,523239250.0,0.024842131013680643
2022-01-26,19.95,20.29,18.95,19.85,7955092.0,155314047.0,523239250.0,0.01520354598780577
2022-01-27,19.59,20.16,18.82,18.97,5970732.0,116663762.0,523239250.0,0.011411093491170626
2022-01-28,19.0,19.93,18.93,19.62,5434632.0,106056879.0,523239250.0,0.010386514390883329
2022-02-07,19.48,20.66,19.05,20.65,7420757.0,149004328.0,523239250.0,0.01418234010541067
2022-02-08,20.26,21.42,20.11,21.0,5738031.0,119057246.0,523239250.0,0.010966361946279833
2022-02-09,21.25,21.51,20.47,21.06,6234711.0,132031514.0,523239250.0,0.011915602661688701
2022-02-10,20.97,23.17,20.65,22.83,11122651.0,252397522.0,523239250.0,0.021257294822588327
2022-02-11,22.06,23.01,21.88,22.33,5956350.0,132895423.0,523239250.0,0.011383607021071145
2022-02-14,21.91,22.8,21.53,22.22,5699261.0,125844718.0,523239250.0,0.010892265822948107
2022-02-15,22.44,22.68,21.99,22.45,3781849.0,84722022.0,523239250.0,0.00722776244328001
2022-02-16,22.5,22.58,21.53,22.16,4397537.0,97104860.0,523239250.0,0.008404447869688674
2022-02-17,22.17,22.68,21.77,22.2,4056864.0,89934566.0,523239250.0,0.007753363303689469
2022-02-18,22.21,22.59,21.81,22.03,3942645.0,87198014.0,523239250.0,0.007535071193531449
2022-02-21,22.0,22.18,21.57,21.8,4445048.0,96824683.0,523239250.0,0.008495249544066122
2022-02-22,21.8,21.86,21.04,21.59,3945766.0,84567504.0,523239250.0,0.007541035960127227
2022-02-23,21.85,22.5,21.09,21.29,2982338.0,64523313.0,523239250.0,0.005699759717949293
2022-02-24,21.27,22.28,20.8,21.32,5011626.0,107231582.0,523239250.0,0.009578077332692454
2022-02-25,21.27,21.65,20.92,21.27,2688743.0,57187840.0,523239250.0,0.005138649289020272
2022-02-28,21.32,22.17,21.11,21.7,3455540.0,74636927.0,523239250.0,0.0066041299462913
2022-03-01,22.0,22.05,21.27,21.76,2833422.0,61501521.0,523239250.0,0.00541515568642834
2022-03-02,21.69,21.82,21.03,21.19,2726003.0,57975815.0,523239250.0,0.005209859543220429
2022-03-03,21.16,21.33,21.03,21.3,1641688.0,34818585.0,523239250.0,0.0031375474985869275
2022-03-04,21.24,21.54,20.95,21.13,1970821.0,41736038.0,523239250.0,0.003766577144203154
2022-03-07,21.18,21.3,20.63,20.79,1681216.0,35043710.0,523239250.0,0.003213092289999269
2022-03-08,20.63,21.05,20.1,20.36,2129535.0,43831137.0,523239250.0,0.0040699068351619265
2022-03-09,20.24,20.55,19.07,19.75,3021642.0,59718718.0,523239250.0,0.005774876406920926
2022-03-10,20.15,20.65,19.85,20.33,2136394.0,43476896.0,523239250.0,0.004083015561237044
2022-03-11,20.31,20.9,19.81,20.38,2487984.0,50557812.0,523239250.0,0.004754964387706007
2022-03-14,20.61,20.9,20.2,20.29,2655810.0,54349211.0,523239250.0,0.005075708674377926
2022-03-15,20.26,21.27,19.96,20.47,4997863.0,103297697.0,523239250.0,0.009551773877819754
2022-03-16,20.71,20.86,19.01,19.82,4762350.0,94334671.0,523239250.0,0.00910166811836077
2022-03-17,20.2,20.39,19.22,19.65,3761808.0,74419576.0,523239250.0,0.0071894606530377835
2022-03-18,19.54,19.89,19.3,19.82,2126989.0,41737582.0,523239250.0,0.0040650409922420765
2022-03-21,19.7,20.68,19.7,20.45,2560891.0,52109616.0,523239250.0,0.004894302176298892
2022-03-22,20.45,22.5,20.11,22.48,10060382.0,222523874.0,523239250.0,0.019227116467275724
2022-03-23,21.5,22.2,21.14,21.43,8914195.0,192212612.0,523239250.0,0.017036556412769112
2022-03-24,21.44,22.75,21.44,22.3,5486648.0,122797032.0,523239250.0,0.010485925893365224
2022-03-25,22.37,23.18,21.89,22.84,5533666.0,125263285.0,523239250.0,0.01057578536013879
2022-03-28,22.65,23.51,21.8,23.07,5764783.0,130025807.0,523239250.0,0.011017489609198851
2022-03-29,22.8,23.78,22.4,23.0,5256050.0,121921839.0,523239250.0,0.010045213542370913
2022-03-30,23.22,23.3,22.31,22.52,3891157.0,88191378.0,523239250.0,0.007436668789659797
2022-03-31,22.46,22.68,21.91,22.22,3642057.0,80826497.0,523239250.0,0.006960595941531527
2022-04-01,22.22,23.64,22.14,23.13,4998655.0,115128377.0,523239250.0,0.009553287525735121
2022-04-06,23.43,24.28,23.1,23.83,5549505.0,131759695.0,523239250.0,0.010606056407274493
2022-04-07,23.84,24.31,23.06,23.2,3006130.0,70630438.0,523239250.0,0.005745230312901794
2022-04-08,23.19,23.73,22.4,23.39,3597326.0,83049516.0,523239250.0,0.006875107324230741
2022-04-11,23.18,24.17,22.93,23.46,4372957.0,103682809.0,523239250.0,0.00835747127150725
2022-04-12,23.32,24.02,22.88,23.99,4004280.0,94662881.0,523239250.0,0.007652866255732918
2022-04-13,23.98,24.2,23.17,23.51,3384251.0,79978235.0,523239250.0,0.006467884433363896
2022-04-14,23.65,24.44,23.41,24.15,3127166.0,75086132.0,523239250.0,0.005976550879927299
2022-04-15,24.57,26.3,24.17,25.27,6284671.0,159181856.0,523239250.0,0.0120110847953398
2022-04-18,25.05,25.99,24.58,25.91,4735826.0,120973722.0,523239250.0,0.009050976202568901
2022-04-19,25.93,26.71,25.11,25.32,5605163.0,145451090.0,523239250.0,0.010712428396761137
2022-04-20,25.13,25.7,24.82,25.33,3610746.0,91351510.0,523239250.0,0.006900755247241104
2022-04-21,23.77,23.96,22.6,22.93,4441347.0,103455478.0,523239250.0,0.008488176297936365
2022-04-22,22.7,22.9,21.4,21.5,4431802.0,97274392.0,523239250.0,0.008469934164915954
2022-04-25,21.23,21.29,19.35,19.7,4236613.0,85816336.0,523239250.0,0.008096894489471117
2022-04-26,19.64,20.09,18.55,18.65,3704478.0,70527591.0,523239250.0,0.0070798931846187
2022-04-27,17.69,19.25,17.62,19.15,3761349.0,69730937.0,523239250.0,0.007188583425268651
2022-04-28,18.97,19.27,18.1,18.4,2056304.0,38228936.0,523239250.0,0.0039299498269673005
2022-04-29,18.55,18.66,18.04,18.45,2675908.0,49148564.0,523239250.0,0.00511411940140194
2022-05-05,18.44,19.75,18.25,19.5,3241903.0,62405920.0,523239250.0,0.00619583297697946
2022-05-06,19.22,19.3,18.76,19.06,2504623.0,47443494.0,523239250.0,0.004786764372129958
2022-05-09,18.85,19.75,18.85,19.44,2375515.0,46158497.0,523239250.0,0.004540016827866028
2022-05-10,19.28,19.44,18.98,19.3,2106200.0,40403659.0,523239250.0,0.004025309645635338
2022-05-11,19.3,19.68,19.01,19.09,2771915.0,53549157.0,523239250.0,0.005297605254192991
2022-05-12,19.0,19.5,18.5,19.19,1287817.0,24663085.0,523239250.0,0.0024612392896748475
2022-05-13,19.37,19.86,19.02,19.6,1956151.0,38100584.0,523239250.0,0.0037385402566799033
2022-05-16,19.84,20.76,19.3,20.33,4509101.0,90554127.0,523239250.0,0.008617665819221321
2022-05-17,20.33,20.8,18.55,19.1,7107844.0,138481606.0,523239250.0,0.013584309663313676
2022-05-18,18.9,19.18,18.54,18.65,2896570.0,54387449.0,523239250.0,0.005535842351276209
2022-05-19,18.45,18.49,18.0,18.44,2487384.0,45393076.0,523239250.0,0.00475381768473982
2022-05-20,18.47,18.8,18.3,18.45,2410784.0,44496435.0,523239250.0,0.004607421939390059
2022-05-23,18.43,18.9,18.3,18.63,2856586.0,53006534.0,523239250.0,0.005459426065609565
2022-05-24,18.63,18.66,17.64,17.66,2954342.0,53382487.0,523239250.0,0.005646254557547049
2022-05-25,17.65,18.19,17.51,18.19,2388763.0,43035991.0,523239250.0,0.004565336029359418
2022-05-26,18.19,18.28,17.74,18.06,1596557.0,28761588.0,523239250.0,0.003051294412642018
2022-05-27,18.07,18.15,17.85,17.94,1395700.0,25109581.0,523239250.0,0.002667422216509943
2022-05-30,17.93,18.45,17.55,17.72,2706290.0,48398135.0,523239250.0,0.0051721846172663845
2022-05-31,17.73,18.11,17.61,17.78,3007415.0,53461971.0,523239250.0,0.005747686168421043
2022-06-01,17.67,18.08,17.6,17.9,2249998.0,40239691.0,523239250.0,0.004300132300854724
2022-06-02,17.9,17.9,17.44,17.7,1350267.0,23919144.0,523239250.0,0.0025805919567387196
2022-06-06,17.74,17.77,17.47,17.52,3210051.0,56349003.0,523239250.0,0.00613495833884786
2022-06-07,17.6,17.75,17.48,17.6,2556137.0,45001454.0,523239250.0,0.004885216466463478
2022-06-08,17.6,17.73,17.0,17.71,3527417.0,61474126.0,523239250.0,0.006741499228125566
2022-06-09,17.67,17.96,17.27,17.39,4321401.0,75931325.0,523239250.0,0.008258938907966099
2022-06-10,17.36,17.42,17.12,17.23,2624767.0,45193971.0,523239250.0,0.005016380174079066
2022-06-13,17.22,18.38,17.12,17.86,5664959.0,101258469.0,523239250.0,0.010826708814371247
2022-06-14,17.74,18.28,17.62,18.02,4575030.0,82216263.0,523239250.0,0.008743667452317463
2022-06-15,17.9,18.93,17.89,18.22,4850515.0,89542961.0,523239250.0,0.009270166563383768
2022-06-16,18.17,19.2,18.06,18.79,6201237.0,115867955.0,523239250.0,0.011851628103205178
2022-06-17,18.67,19.52,18.5,18.96,5303050.0,99915758.0,523239250.0,0.010135038608055492
2022-06-20,18.96,19.14,18.58,18.83,3431619.0,64521764.0,523239250.0,0.00655841281020107
2022-06-21,18.9,19.1,18.41,18.62,3469021.0,65053275.0,523239250.0,0.006629894450769892
2022-06-22,18.85,19.25,18.38,18.75,7007236.0,132147472.0,523239250.0,0.013392030509943587
2022-06-23,18.7,19.25,18.62,19.02,3417342.0,64795904.0,523239250.0,0.006531127013120671
2022-06-24,19.0,19.29,18.85,18.95,2817038.0,53709574.0,523239250.0,0.005383843050765018
2022-06-27,19.0,19.35,18.75,19.3,3142688.0,60214806.0,523239250.0,0.006006216085662534
2022-06-28,19.24,19.7,18.96,19.19,3937356.0,75844323.0,523239250.0,0.007524963006884518
2022-06-29,19.16,19.29,18.45,18.53,3548361.0,66317057.0,523239250.0,0.006781526806331903
2022-06-30,18.7,18.75,18.38,18.57,2416709.0,44944891.0,523239250.0,0.004618745631181147
2022-07-01,18.6,18.88,18.4,18.47,1891852.0,35115661.0,523239250.0,0.003615653833308568
2022-07-04,18.59,19.93,18.59,19.92,6928784.0,134475992.0,523239250.0,0.01324209527477153
2022-07-05,19.84,19.84,17.93,17.94,19061276.0,350029810.0,523239250.0,0.03642936954748712
2022-07-06,17.69,17.69,16.5,16.95,11874614.0,201535335.0,523239250.0,0.022694425160192017
2022-07-07,16.95,18.06,16.9,17.63,7232627.0,126654609.0,523239250.0,0.013822791390363012
2022-07-08,17.56,17.75,17.15,17.29,4462217.0,77642409.0,523239250.0,0.008528062449443539
2022-07-11,17.46,18.07,17.34,17.95,5799305.0,103173550.0,523239250.0,0.01108346707552998
2022-07-12,17.96,19.75,17.96,19.39,17869277.0,347770348.0,523239250.0,0.034151254899168974
2022-07-13,18.96,20.35,18.8,19.67,15632138.0,306084917.0,523239250.0,0.02987569835405123
2022-07-14,19.75,20.05,19.21,19.65,7738298.0,152324048.0,523239250.0,0.014789215449720181
2022-07-15,19.64,19.64,18.89,19.01,5694067.0,109263774.0,523239250.0,0.010882339197604155
2022-07-18,19.01,19.2,18.4,18.95,4730885.0,88859669.0,523239250.0,0.00904153310364236
2022-07-19,18.91,19.66,18.67,19.43,6020227.0,115426575.0,523239250.0,0.01150568693002293
2022-07-20,19.48,20.23,19.31,19.66,8638950.0,171212528.0,523239250.0,0.01651051598288928
2022-07-21,19.69,21.24,19.5,20.36,9441704.0,192855252.0,523239250.0,0.018044716637752232
2022-07-22,20.46,20.7,19.83,20.06,4687763.0,94428094.0,523239250.0,0.008959119561462562
2022-07-25,20.1,20.68,19.89,20.3,4737033.0,96380384.0,523239250.0,0.009053282986702545
2022-07-26,20.33,20.65,20.15,20.36,3211024.0,65480028.0,523239250.0,0.006136817908824692
2022-07-27,20.26,20.92,20.14,20.79,5147233.0,106416336.0,523239250.0,0.00983724558125179
2022-07-28,20.87,21.7,20.39,20.54,6262636.0,131539112.0,523239250.0,0.011968972128906614
2022-07-29,20.54,20.88,20.16,20.5,3978080.0,81761209.0,523239250.0,0.007602793559542791
2022-08-01,20.92,20.99,20.21,20.34,4498920.0,92135509.0,523239250.0,0.008598208181056754
2022-08-02,20.0,20.0,19.0,19.35,6764342.0,131862301.0,523239250.0,0.012927818392828902
2022-08-03,19.24,20.19,19.0,19.39,5402001.0,105326865.0,523239250.0,0.010324150950067296
2022-08-04,19.66,19.66,19.03,19.36,3399010.0,65651617.0,523239250.0,0.006496091415160464
2022-08-05,19.16,19.5,18.96,19.19,2917324.0,55908783.0,523239250.0,0.005575506806876586
2022-08-08,19.21,19.4,18.3,18.93,6870113.0,129050382.0,523239250.0,0.013129964925223022
2022-08-09,18.99,18.99,18.21,18.3,3432259.0,63356068.0,523239250.0,0.006559635960031668
2022-08-10,18.3,18.48,17.96,18.35,3618483.0,65940997.0,523239250.0,0.006915541981990074
2022-08-11,18.45,18.51,18.0,18.38,2241803.0,41184988.0,523239250.0,0.004284470249508232
2022-08-12,18.37,18.39,18.08,18.1,2164688.0,39429497.0,523239250.0,0.004137090250779161
2022-08-15,18.25,18.44,17.8,18.16,3299961.0,59574496.0,523239250.0,0.006306791778330849
2022-08-16,18.24,19.06,18.17,18.96,5967999.0,111490132.0,523239250.0,0.011405870259159649
2022-08-17,18.97,19.74,18.9,19.35,5763781.0,111664814.0,523239250.0,0.01101557461524532
2022-08-18,19.38,19.49,19.1,19.14,2620821.0,50438196.0,523239250.0,0.005008838690904782
2022-08-19,19.14,20.05,19.1,19.55,4864066.0,95643946.0,523239250.0,0.009296064849875081
2022-08-22,19.56,19.89,18.83,18.9,6620246.0,127239474.0,523239250.0,0.012652426208469644
2022-08-23,18.9,19.31,18.67,19.19,3349017.0,64001166.0,523239250.0,0.006400546212846227
2022-08-24,19.26,19.48,18.73,18.82,4421706.0,84206953.0,523239250.0,0.008450638976338262
2022-08-25,18.88,19.03,18.21,18.42,4505956.0,83483960.0,523239250.0,0.008611655184506897
2022-08-26,18.56,19.1,18.47,18.86,3969429.0,74566999.0,523239250.0,0.007586260013941997
2022-08-29,18.93,19.4,18.37,18.7,5174507.0,97297667.0,523239250.0,0.00988937087575139
2022-08-30,18.6,18.78,18.36,18.5,3313493.0,61501465.0,523239250.0,0.0063326537525615675
2022-08-31,18.4,18.63,18.0,18.04,3336140.0,60830277.0,523239250.0,0.006375936056020263
2022-09-01,18.05,18.48,17.83,17.96,3075446.0,55751447.0,523239250.0,0.005877705084242056
2022-09-02,18.09,18.17,17.69,17.97,2436271.0,43623324.0,523239250.0,0.0046561319702220355
2022-09-05,17.9,18.19,17.8,18.1,2520785.0,45380965.0,523239250.0,0.004817652727695791
2022-09-06,18.21,18.5,18.02,18.45,3150831.0,57660431.0,523239250.0,0.00602177875608529
2022-09-07,18.42,18.47,18.15,18.2,2121981.0,38823493.0,523239250.0,0.004055469844817643
2022-09-08,18.29,18.31,17.58,17.6,2784831.0,49684449.0,523239250.0,0.005322289946711758
2022-09-09,17.63,17.72,17.0,17.6,3157802.0,54640982.0,523239250.0,0.0060351015333807625
2022-09-13,17.8,18.35,17.77,18.03,4279200.0,77446284.0,523239250.0,0.008178285554839397
2022-09-14,17.75,18.45,17.6,18.23,3291394.0,59745264.0,523239250.0,0.006290418771145322
2022-09-15,18.25,18.26,17.51,17.64,3528540.0,63034210.0,523239250.0,0.0067436454738439445
2022-09-16,17.8,17.85,16.8,16.8,5039655.0,86633179.0,523239250.0,0.009631645561757838
2022-09-19,16.79,16.98,16.55,16.9,2725849.0,45761967.0,523239250.0,0.005209565222792442
2022-09-20,17.02,17.35,16.81,17.02,2784943.0,47620449.0,523239250.0,0.005322503997932112
2022-09-21,17.01,17.01,16.61,16.86,2043385.0,34338965.0,523239250.0,0.003905259400933703
2022-09-22,16.68,17.1,16.68,16.82,1594819.0,26940870.0,523239250.0,0.0030479727963832986
2022-09-23,16.85,17.0,16.2,16.38,2127266.0,35149470.0,523239250.0,0.004065570386778132
2022-09-26,16.22,16.44,15.69,15.74,3266469.0,52197883.0,523239250.0,0.00624278281875834
2022-09-27,15.74,16.12,15.52,16.06,2293558.0,36230758.0,523239250.0,0.004383382936199836
2022-09-28,15.96,16.71,15.8,16.0,3603126.0,58827561.0,523239250.0,0.00688619211957054
2022-09-29,16.15,16.26,15.47,15.55,2937153.0,46308451.0,523239250.0,0.005613403428737428
2022-09-30,15.52,15.87,15.48,15.79,2065615.0,32464150.0,523239250.0,0.003947744745830898
2022-10-10,16.13,16.58,16.01,16.1,4380680.0,71132173.0,523239250.0,0.008372231249853677
2022-10-11,16.15,16.85,15.92,16.45,4749740.0,78105549.0,523239250.0,0.009077568244354758
2022-10-12,16.53,16.8,16.13,16.79,4045194.0,67052066.0,523239250.0,0.007731059930997149
2022-10-13,16.68,17.35,16.5,17.06,4710062.0,80250439.0,523239250.0,0.00900173677720087
2022-10-14,17.2,17.39,17.0,17.13,3890442.0,66644584.0,523239250.0,0.007435302301958426
2022-10-17,17.19,17.66,16.91,17.55,4214543.0,72988525.0,523239250.0,0.008054714932031571
2022-10-18,17.69,17.89,17.41,17.48,3505794.0,61736757.0,523239250.0,0.006700173964395828
2022-10-19,17.48,17.67,17.18,17.25,3140395.0,54412162.0,523239250.0,0.006001833769160092
2022-10-20,17.03,17.36,16.87,17.03,3997605.0,68251410.0,523239250.0,0.007640109185234097
2022-10-21,17.46,17.46,16.94,16.95,2092881.0,35789965.0,523239250.0,0.003999854750957616
2022-10-24,17.01,17.18,16.44,16.45,4043000.0,68012922.0,523239250.0,0.007726866820484128
2022-10-25,16.55,16.69,15.84,16.15,3628772.0,58523096.0,523239250.0,0.006935206026688556
2022-10-26,16.25,16.38,15.95,16.23,3571750.0,57852648.0,523239250.0,0.006826227199125448
2022-10-27,16.12,16.74,16.09,16.5,3953903.0,64689207.0,523239250.0,0.007556587163520321
2022-10-28,16.47,16.47,15.99,16.04,2703209.0,43556177.0,523239250.0,0.005166296297535018
2022-10-31,15.9,16.84,15.9,16.71,4766952.0,79217160.0,523239250.0,0.009110463330111417
2022-11-01,16.74,17.3,16.74,17.23,4262814.0,73291329.0,523239250.0,0.008146969096832855
2022-11-02,17.23,17.28,16.68,17.06,3760041.0,64135925.0,523239250.0,0.0071860836128023655
2022-11-03,16.94,17.23,16.83,17.16,2360122.0,40162316.0,523239250.0,0.004510598163268524
2022-11-04,17.15,17.6,17.02,17.28,3484957.0,60310669.0,523239250.0,0.006660350881551795
2022-11-07,17.22,17.43,17.07,17.29,3228382.0,55840548.0,523239250.0,0.006169992025636456
2022-11-08,17.5,17.5,17.05,17.2,2720900.0,46794326.0,523239250.0,0.005200106834493017
2022-11-09,17.33,17.35,17.09,17.25,2379582.0,41067755.0,523239250.0,0.00454778956280516
2022-11-10,17.14,17.98,17.09,17.94,4590002.0,81090013.0,523239250.0,0.008772281513667027
2022-11-11,18.05,18.55,17.99,18.29,5151505.0,94462553.0,523239250.0,0.009845410106371034
2022-11-14,18.37,18.54,18.07,18.38,3662237.0,67134284.0,523239250.0,0.006999163384627587
2022-11-15,18.54,18.6,18.2,18.29,3141595.0,57487431.0,523239250.0,0.0060041271750924646
2022-11-16,18.31,18.55,18.16,18.3,2045294.0,37557321.0,523239250.0,0.003908907827537785
2022-11-17,18.2,18.76,18.08,18.57,2362855.0,43708523.0,523239250.0,0.0045158213952795016
2022-11-18,18.8,18.85,18.36,18.46,2292221.0,42432869.0,523239250.0,0.004380827699756851
2022-11-21,18.43,18.55,18.03,18.41,2418241.0,44429113.0,523239250.0,0.004621673546088142
2022-11-22,18.33,18.55,18.19,18.19,2009355.0,36770909.0,523239250.0,0.003840222231034847
2022-11-23,18.38,18.38,18.0,18.16,1715306.0,31179427.0,523239250.0,0.0032782441301947435
2022-11-24,18.1,18.45,18.1,18.28,1506435.0,27547741.0,523239250.0,0.0028790558047776423
2022-11-25,18.2,18.59,18.17,18.47,1947368.0,35886043.0,523239250.0,0.003721754436426549
2022-11-28,18.2,18.38,17.8,18.27,2675852.0,48468497.0,523239250.0,0.0051140123757917625
2022-11-29,18.5,18.76,18.3,18.49,2939863.0,54392323.0,523239250.0,0.005618582703801368
2022-11-30,18.46,18.68,18.25,18.36,2958393.0,54526325.0,523239250.0,0.005653996713740416
2022-12-01,18.44,18.67,18.31,18.48,2702684.0,50154503.0,523239250.0,0.005165292932439606
2022-12-02,18.5,18.68,18.34,18.54,1896003.0,35106156.0,523239250.0,0.0036235871066629655
2022-12-05,18.54,19.08,18.52,18.7,3110030.0,58330036.0,523239250.0,0.005943801043213024
2022-12-06,18.7,18.77,18.56,18.58,2071246.0,38582943.0,523239250.0,0.003958506553168555
2022-12-07,18.7,18.92,18.33,18.55,2417240.0,44929202.0,523239250.0,0.004619760463306222
2022-12-08,18.54,18.54,18.05,18.15,2487328.0,45463698.0,523239250.0,0.004753710659129643
2022-12-09,18.13,18.64,17.9,18.52,3160050.0,58003980.0,523239250.0,0.006039397847160739
2022-12-12,18.4,18.6,18.01,18.06,1832375.0,33312076.0,523239250.0,0.003501983079442148
2022-12-13,18.0,18.5,17.98,18.4,1664430.0,30452039.0,523239250.0,0.003181011363348602
2022-12-14,18.49,18.63,18.1,18.38,1865424.0,34202795.0,523239250.0,0.0035651453899912897
2022-12-15,18.42,18.49,18.02,18.27,1678830.0,30655060.0,523239250.0,0.0032085322345370686
2022-12-16,18.27,18.4,18.11,18.37,1815333.0,33161805.0,523239250.0,0.0034694128928592417
2022-12-19,18.35,18.39,17.71,17.77,2229099.0,39992131.0,523239250.0,0.004260190725370851
2022-12-20,17.77,17.85,17.46,17.56,1937038.0,34078060.0,523239250.0,0.003702012033692044
2022-12-21,17.39,17.79,17.2,17.55,1926901.0,33731391.0,523239250.0,0.0036826384870783297
2022-12-22,17.75,17.89,17.31,17.36,1406763.0,24771811.0,523239250.0,0.0026885655080348043
2022-12-23,17.5,17.5,17.1,17.48,1236666.0,21462702.0,523239250.0,0.0023634809506358706
2022-12-26,17.49,17.74,17.26,17.42,1595137.0,27955015.0,523239250.0,0.0030485805489553776
2022-12-27,17.29,17.65,17.22,17.6,1466798.0,25655069.0,523239250.0,0.002803302695659777
2022-12-28,17.85,17.85,17.13,17.16,1791669.0,30967531.0,523239250.0,0.003424186927872861
2022-12-29,17.1,17.3,16.99,17.14,1265824.0,21682686.0,523239250.0,0.0024192068924492956
2022-12-30,17.09,17.95,17.05,17.85,2533288.0,44800004.0,523239250.0,0.0048415481063395
2023-01-03,17.69,18.58,17.56,18.29,3213769.0,58153391.0,523239250.0,0.006142064074894993
2023-01-04,18.18,18.51,18.18,18.46,2484852.0,45735001.0,523239250.0,0.004748978598222515
2023-01-05,18.52,18.57,18.23,18.43,1802652.0,33218277.0,523239250.0,0.0034451773256688983
2023-01-06,18.29,18.5,18.08,18.16,1662984.0,30288997.0,523239250.0,0.0031782478092000936
2023-01-09,18.01,18.45,17.7,18.3,1649950.0,30149496.0,523239250.0,0.00315333759843131
2023-01-10,18.31,18.43,18.11,18.18,1491000.0,27147747.0,523239250.0,0.0028495568709725042
2023-01-11,18.43,18.65,18.17,18.57,2592125.0,47954899.0,523239250.0,0.00495399571037532
2023-01-12,18.58,19.29,18.36,19.17,4329398.0,81792384.0,523239250.0,0.008274222547333749
2023-01-13,19.17,19.65,19.17,19.64,5864966.0,114340007.0,523239250.0,0.011208956514634558
2023-01-16,20.0,20.5,18.87,20.22,11829012.0,235257827.0,523239250.0,0.02260727191241865
2023-01-17,20.3,20.5,19.8,19.86,6546896.0,131481139.0,523239250.0,0.01251224177085339
2023-01-18,20.09,20.09,19.35,19.73,4191046.0,82304120.0,523239250.0,0.008009808132704112
2023-01-19,19.73,19.84,19.41,19.75,3111100.0,61127229.0,523239250.0,0.0059458459968360555
2023-01-20,19.76,20.26,19.44,20.1,5038870.0,99878334.0,523239250.0,0.009630145292043745
2023-01-30,20.1,20.2,19.63,19.67,3559854.0,70814987.0,523239250.0,0.006803491901649198
2023-01-31,19.8,20.25,19.54,19.84,3563325.0,71166505.0,523239250.0,0.006810125578308584
2023-02-01,19.9,20.07,19.65,20.02,2536700.0,50537515.0,523239250.0,0.004848069023873878
2023-02-02,20.02,20.26,19.8,20.2,2540051.0,51127079.0,523239250.0,0.004854473359940027
2023-02-03,20.05,20.2,19.81,19.96,2104543.0,42123496.0,523239250.0,0.004022142834277054
2023-02-06,19.95,20.13,19.78,20.03,2418470.0,48351770.0,523239250.0,0.004622111204386903
2023-02-07,20.01,20.57,20.0,20.34,3697918.0,75253606.0,523239250.0,0.007067355898855065
2023-02-08,20.32,20.35,20.07,20.15,1582430.0,31922943.0,523239250.0,0.003024295291303166
2023-02-09,20.14,20.27,19.97,20.25,1432021.0,28904508.0,523239250.0,0.0027368378805680193
2023-02-10,20.25,20.44,20.15,20.33,2107681.0,42789057.0,523239250.0,0.004028140090790207
2023-02-13,20.35,20.39,20.0,20.08,2992663.0,60232789.0,523239250.0,0.005719492564825747
2023-02-14,20.08,20.35,20.05,20.17,2401684.0,48445118.0,523239250.0,0.004590030277736236
2023-02-15,20.2,20.25,19.81,20.16,2234480.0,44825909.0,523239250.0,0.00427047473980593
2023-02-16,20.16,21.16,20.05,20.5,5798839.0,120329569.0,523239250.0,0.011082576469559575
2023-02-17,20.5,21.2,20.39,20.75,3966090.0,82738448.0,523239250.0,0.007579878611935171
2023-02-20,20.64,20.92,20.5,20.68,3128351.0,64622373.0,523239250.0,0.005978815618285517
2023-02-21,20.73,21.8,20.68,21.23,4930775.0,104887899.0,523239250.0,0.009423557196827264
2023-02-22,21.22,21.44,21.0,21.41,2714734.0,57599134.0,523239250.0,0.005188322550343844
2023-02-23,21.38,21.65,21.2,21.31,2653481.0,56726252.0,523239250.0,0.005071257555697513
2023-02-24,21.2,21.52,21.2,21.36,2260299.0,48218786.0,523239250.0,0.004319819279612529
2023-02-27,21.36,21.98,21.1,21.79,3542779.0,77121412.0,523239250.0,0.006770858646403151
2023-02-28,21.77,21.87,21.48,21.78,3190033.0,69075949.0,523239250.0,0.00609670050555267
2023-03-01,21.78,21.96,21.55,21.61,2090069.0,45370634.0,523239250.0,0.003994480536389424
2023-03-02,21.64,21.78,21.47,21.61,1750676.0,37870642.0,523239250.0,0.003345842270051415
2023-03-03,21.83,21.9,21.51,21.6,1416980.0,30678764.0,523239250.0,0.002708091948377344
2023-03-06,21.68,21.84,21.42,21.6,1850015.0,39997624.0,523239250.0,0.00353569614664802
2023-03-07,21.8,21.8,21.0,21.11,3622461.0,76960899.0,523239250.0,0.006923144622655889
2023-03-08,21.17,21.44,21.0,21.42,2059855.0,43798260.0,523239250.0,0.003936736397355512
2023-03-09,21.42,21.49,21.05,21.11,1687023.0,35670370.0,523239250.0,0.0032241904635403403
2023-03-10,20.96,21.27,20.88,21.05,2101046.0,44250264.0,523239250.0,0.004015459467155799
2023-03-13,21.0,21.97,21.0,21.75,3761845.0,81045818.0,523239250.0,0.007189531366387365
2023-03-14,22.18,22.2,21.05,21.1,5628008.0,121281813.0,523239250.0,0.010756089112198674
2023-03-15,21.09,21.58,20.3,20.45,7136287.0,148023101.0,523239250.0,0.013638669117425728
2023-03-16,20.77,21.45,20.68,20.84,5952839.0,124649465.0,523239250.0,0.011376896897547346
2023-03-17,21.0,21.05,20.26,20.26,3650417.0,75003015.0,523239250.0,0.00697657333619372
2023-03-20,20.33,20.47,19.88,20.32,5302064.0,107418898.0,523239250.0,0.010133154192847727
2023-03-21,20.28,20.34,20.01,20.03,2631610.0,52990599.0,523239250.0,0.005029458321408419
2023-03-22,20.09,20.51,20.0,20.03,2757383.0,55682795.0,523239250.0,0.005269832108351963
2023-03-23,20.3,20.3,19.6,19.62,4213420.0,83530262.0,523239250.0,0.008052568686313192
2023-03-24,19.71,19.97,19.54,19.79,2231005.0,44135738.0,523239250.0,0.004263833418460102
2023-03-27,19.91,20.79,19.69,20.51,4578128.0,93281460.0,523239250.0,0.008749588261966203
2023-03-28,20.58,21.6,20.34,21.28,6314877.0,134109343.0,523239250.0,0.012068813645000828
2023-03-29,21.21,21.64,20.96,20.99,3680253.0,78226789.0,523239250.0,0.007033595052358935
2023-03-30,21.0,22.3,20.85,22.1,8444545.0,184310446.0,523239250.0,0.016138974665986926
2023-03-31,22.68,24.1,21.9,23.16,14238883.0,330941105.0,523239250.0,0.027212948952128495
2023-04-03,23.2,24.81,22.82,24.42,14901516.0,360223574.0,523239250.0,0.02847935432978317
2023-04-04,24.16,25.65,24.04,24.81,11480358.0,287665611.0,523239250.0,0.021940934285797558
2023-04-06,24.66,25.41,24.3,24.8,7923320.0,196638477.0,523239250.0,0.015142824243402993
2023-04-07,24.98,25.77,24.77,25.43,7257822.0,183525990.0,523239250.0,0.013870943359084778
2023-04-10,25.35,25.81,24.8,25.0,6443340.0,162782019.0,523239250.0,0.012314328483576107
2023-04-11,25.21,25.41,24.58,25.21,5822321.0,145685411.0,523239250.0,0.01112745460131288
2023-04-12,25.21,25.3,24.25,24.55,6935663.0,170502913.0,523239250.0,0.013255242224278855
2023-04-13,24.65,24.98,24.11,24.5,5230514.0,128123856.0,523239250.0,0.009996409864130033
2023-04-14,24.57,24.75,24.23,24.41,2585478.0,63269551.0,523239250.0,0.004941292152681589
2023-04-17,24.29,24.64,23.64,23.92,5873611.0,140641152.0,523239250.0,0.01122547859320569
2023-04-18,23.9,24.06,23.37,23.72,3833851.0,90590418.0,523239250.0,0.007327147189359361
2023-04-19,23.67,23.87,23.25,23.48,4998790.0,117753317.0,523239250.0,0.009553545533902513
2023-04-20,23.66,23.66,23.19,23.38,2624467.0,61255504.0,523239250.0,0.005015806822595973
2023-04-21,23.17,23.58,23.09,23.18,3608241.0,83943170.0,523239250.0,0.006895967762357277
2023-04-24,22.95,23.45,22.22,22.47,7172795.0,162488386.0,523239250.0,0.013708442170574932
2023-04-25,22.47,22.95,22.04,22.33,3648406.0,81679102.0,523239250.0,0.006972729970085387
2023-04-26,22.07,22.85,22.07,22.5,2985671.0,67272882.0,523239250.0,0.005706129652926458
2023-04-27,22.5,23.2,22.46,22.69,3334802.0,75975231.0,523239250.0,0.006373378908405667
2023-04-28,22.69,23.14,22.38,22.5,3846787.0,87033930.0,523239250.0,0.007351870105310333
2023-05-04,23.81,23.95,21.4,21.9,12532049.0,277668518.0,523239250.0,0.0239508962678163
2023-05-05,21.69,21.9,21.18,21.51,5527430.0,119043588.0,523239250.0,0.010563867293976894
2023-05-08,21.74,22.03,21.25,21.5,4347493.0,93645175.0,523239250.0,0.008308805197622312
2023-05-09,21.5,21.8,20.98,21.05,5280199.0,112583048.0,523239250.0,0.010091366425588295
2023-05-10,20.28,20.4,19.86,20.19,4657886.0,93693703.0,523239250.0,0.008902019487261324
2023-05-11,20.19,20.87,20.03,20.22,4001454.0,81451674.0,523239250.0,0.007647465284762181
2023-05-12,20.3,20.54,20.1,20.25,2459277.0,49925944.0,523239250.0,0.004700100384288831
2023-05-15,20.18,20.23,19.77,20.06,3512532.0,70236986.0,523239250.0,0.006713051438706099
2023-05-16,20.07,20.46,19.8,19.92,3163303.0,63671055.0,523239250.0,0.0060456148884090784
2023-05-17,19.7,20.08,19.55,20.0,2562680.0,50850519.0,523239250.0,0.004897721262309737
2023-05-18,20.0,20.37,19.77,19.97,2560123.0,51317588.0,523239250.0,0.0048928343965021735
2023-05-19,19.93,20.0,19.64,19.89,3107861.0,61750420.0,523239250.0,0.0059396557119902604
2023-05-22,19.7,20.3,19.64,20.2,3838646.0,76876142.0,523239250.0,0.007336311257230798
2023-05-23,20.23,20.74,20.17,20.34,4573253.0,93192582.0,523239250.0,0.008740271300365941
2023-05-24,20.17,20.22,19.6,19.82,4213626.0,83621448.0,523239250.0,0.008052962387664916
2023-05-25,19.7,19.86,19.35,19.53,2730473.0,53443439.0,523239250.0,0.0052184024803185155
2023-05-26,19.52,19.58,19.26,19.33,2139343.0,41550530.0,523239250.0,0.004088651606315849
2023-05-29,19.31,19.54,19.13,19.37,2001193.0,38721501.0,523239250.0,0.003824623248351495
2023-05-30,19.46,19.58,19.18,19.39,1764994.0,34210511.0,523239250.0,0.003373206425167837
2023-05-31,19.37,19.48,19.06,19.26,2569771.0,49403155.0,523239250.0,0.004911273380198446
2023-06-01,19.14,19.82,19.06,19.69,3311637.0,64712387.0,523239250.0,0.006329106618052831
2023-06-02,19.75,20.05,19.49,19.92,3656857.0,72394680.0,523239250.0,0.0069888812813641175
2023-06-05,19.91,20.2,18.78,18.8,8580279.0,164691976.0,523239250.0,0.01639838563334077
2023-06-06,18.84,19.0,18.56,18.65,4376333.0,82118880.0,523239250.0,0.008363923386863658
2023-06-07,18.88,19.1,18.58,19.03,3291547.0,62252753.0,523239250.0,0.0062907111804017
2023-06-08,18.81,20.28,18.73,20.18,8281141.0,163962159.0,523239250.0,0.0158266815801758
2023-06-09,20.4,20.44,19.47,19.79,6951777.0,137240156.0,523239250.0,0.013286038843607394
2023-06-12,19.8,19.98,19.3,19.53,4772758.0,93029786.0,523239250.0,0.009121559592480878
2023-06-13,19.48,19.64,19.27,19.55,4053000.0,78888882.0,523239250.0,0.00774597853658723
2023-06-14,19.55,19.88,19.38,19.45,3255962.0,63759247.0,523239250.0,0.006222702138648811
2023-06-15,19.53,19.59,19.22,19.54,3122424.0,60671835.0,523239250.0,0.0059674881041512085
2023-06-16,19.53,20.15,19.49,20.02,5577859.0,110913177.0,523239250.0,0.010660245767113228
2023-06-19,20.01,20.14,19.37,19.4,5544113.0,109185289.0,523239250.0,0.0105957513699517
2023-06-20,19.52,19.52,19.06,19.1,3797130.0,72918859.0,523239250.0,0.00725696705665716
2023-06-21,19.18,19.32,18.93,18.95,2785920.0,53196040.0,523239250.0,0.005324371212595385
2023-06-26,18.75,18.9,18.54,18.73,3347517.0,62537502.0,523239250.0,0.0063976794554307615
2023-06-27,18.58,19.13,18.58,19.01,3137810.0,59364445.0,523239250.0,0.00599689339054744
2023-06-28,19.19,19.67,18.77,19.0,3865552.0,73444324.0,523239250.0,0.007387733240577805
2023-06-29,18.83,19.29,18.68,19.13,4032385.0,76928278.0,523239250.0,0.007706579733840686
2023-06-30,19.29,19.73,19.12,19.52,4426582.0,86325179.0,523239250.0,0.008459957849110135
2023-07-03,19.58,19.81,19.24,19.63,4024311.0,78799374.0,523239250.0,0.007691148934259041
2023-07-04,19.81,19.95,19.25,19.3,3896661.0,75693432.0,523239250.0,0.0074471878782029445
2023-07-05,19.39,19.46,19.15,19.16,2621941.0,50443833.0,523239250.0,0.005010979203108329
2023-07-06,19.08,19.59,18.92,19.33,3507128.0,67615752.0,523239250.0,0.006702723467323982
2023-07-07,19.19,19.58,19.03,19.38,3386946.0,65374644.0,523239250.0,0.006473035040853682
2023-07-10,19.5,19.88,19.38,19.72,4832425.0,95061914.0,523239250.0,0.009235593468953257
2023-07-11,19.72,19.97,19.56,19.82,4704919.0,92975995.0,523239250.0,0.008991907621609044
2023-07-12,19.73,19.89,19.5,19.56,3399968.0,66840331.0,523239250.0,0.006497922317563141
2023-07-13,19.57,19.69,19.41,19.5,3353005.0,65394804.0,523239250.0,0.006408167965228144
2023-07-14,19.51,19.75,19.1,19.15,6002936.0,116332078.0,523239250.0,0.011472640861709056
2023-07-17,19.15,19.35,18.91,19.31,5616522.0,107683876.0,523239250.0,0.010734137395082652
2023-07-18,19.4,21.15,19.25,20.46,13925369.0,282120847.0,523239250.0,0.026613769895893705
2023-07-19,20.33,20.8,20.1,20.71,9246492.0,189964438.0,523239250.0,0.017671633005360357
2023-07-20,20.73,20.99,20.47,20.5,5618594.0,116076533.0,523239250.0,0.010738097342659214
2023-07-21,20.59,20.94,20.39,20.54,5532641.0,114055110.0,523239250.0,0.010573826409238221
2023-07-24,20.68,20.84,19.84,19.93,6710521.0,135203163.0,523239250.0,0.012824957225590397
2023-07-25,19.95,20.38,19.79,20.2,5730775.0,115291892.0,523239250.0,0.010952494485075423
2023-07-26,20.11,20.39,20.02,20.12,4469802.0,90048937.0,523239250.0,0.00854255868610774
2023-07-27,19.99,20.28,19.83,19.94,3482935.0,69852301.0,523239250.0,0.006656486492555748
2023-07-28,19.9,20.34,19.81,20.16,4072340.0,81851057.0,523239250.0,0.0077829405955306295
2023-07-31,20.27,20.83,20.26,20.82,8879390.0,183294286.0,523239250.0,0.016970038084872265
2023-08-01,20.77,20.98,20.39,20.54,6911145.0,142317244.0,523239250.0,0.01320838411873727
2023-08-02,20.69,21.37,20.54,21.3,13062042.0,275570528.0,523239250.0,0.024963803843079432
2023-08-03,21.08,21.16,20.71,21.02,9496009.0,198394759.0,523239250.0,0.01814850281205013
2023-08-04,20.98,21.1,20.53,20.6,7589767.0,156971579.0,523239250.0,0.014505347219269197
2023-08-07,20.53,20.74,20.34,20.74,5328664.0,109475802.0,523239250.0,0.010183991357681978
2023-08-08,20.74,20.96,20.44,20.6,4455486.0,92156648.0,523239250.0,0.00851519835333454
2023-08-09,20.5,20.65,20.36,20.45,3277227.0,67052151.0,523239250.0,0.0062633432029420575
2023-08-10,20.35,20.55,20.16,20.47,3961613.0,80631412.0,523239250.0,0.007571322296635812
2023-08-11,20.59,20.65,20.1,20.1,3107626.0,62932694.0,523239250.0,0.005939206586661838
2023-08-14,19.93,20.06,19.58,20.0,3972679.0,78691836.0,523239250.0,0.007592471321675505
2023-08-15,20.05,20.33,19.9,20.29,3904844.0,78345603.0,523239250.0,0.007462826995490113
2023-08-16,20.29,20.39,20.09,20.2,2184618.0,44205203.0,523239250.0,0.004175179900972643
2023-08-17,20.2,20.3,19.95,20.2,2870588.0,57692315.0,523239250.0,0.0054861862904971295
2023-08-18,20.26,20.63,20.13,20.13,3942345.0,80498432.0,523239250.0,0.007534497842048356
2023-08-21,20.31,20.45,19.17,19.17,6841374.0,133734411.0,523239250.0,0.013075039764314317
2023-08-22,19.2,19.62,18.85,19.04,3904308.0,74753552.0,523239250.0,0.007461802607506987
2023-08-23,18.92,19.12,18.7,18.72,2523177.0,47707650.0,523239250.0,0.0048222242501876535
2023-08-24,18.61,18.87,18.52,18.74,2463131.0,46022828.0,523239250.0,0.004707466039674967
2023-08-25,18.74,19.16,18.71,18.9,3282603.0,62259348.0,523239250.0,0.006273617661519086
2023-08-28,19.99,19.99,19.06,19.32,5731952.0,111147554.0,523239250.0,0.010954743934060757
2023-08-29,19.18,19.52,18.96,19.43,5367130.0,103442561.0,523239250.0,0.01025750648484417
2023-08-30,19.46,19.56,19.2,19.26,3475191.0,67251192.0,523239250.0,0.006641686379605506
2023-08-31,19.25,19.39,18.85,18.86,3429732.0,65315482.0,523239250.0,0.006554806429372414
2023-09-01,18.97,19.1,18.88,18.94,2578225.0,48914858.0,523239250.0,0.004927430424992009
2023-09-04,18.94,19.14,18.83,19.12,3871634.0,73550509.0,523239250.0,0.007399356986311711
2023-09-05,19.12,19.21,18.94,19.13,2505883.0,47813862.0,523239250.0,0.0047891724483589485
2023-09-06,19.12,19.49,18.9,19.41,3521122.0,67709089.0,523239250.0,0.006729468402838663
2023-09-07,19.4,21.22,19.36,20.38,19254429.0,397420665.0,523239250.0,0.036798518077533364
2023-09-08,20.38,20.89,19.98,20.67,10467572.0,213565677.0,523239250.0,0.020005326435277936
2023-09-11,20.55,21.41,20.55,21.08,13052153.0,275414253.0,523239250.0,0.024944904267025076
2023-09-12,21.12,21.82,20.8,21.58,13421911.0,286934650.0,523239250.0,0.025651575259310153
2023-09-13,22.18,22.28,21.1,21.64,9883777.0,212688180.0,523239250.0,0.018889594005036894
2023-09-14,21.46,21.58,21.1,21.26,7048941.0,149921816.0,523239250.0,0.013471735921951574
2023-09-15,21.49,21.66,21.23,21.37,4715502.0,100777060.0,523239250.0,0.009012133550760956
2023-09-18,21.21,21.93,21.16,21.69,7025750.0,151895574.0,523239250.0,0.01342741394113687
2023-09-19,21.63,22.45,21.63,22.07,9880254.0,217873269.0,523239250.0,0.01888286094745377
2023-09-20,22.07,22.5,21.6,21.77,10278158.0,226652880.0,523239250.0,0.01964332377588264
2023-09-21,21.82,21.96,21.38,21.53,4688384.0,100987016.0,523239250.0,0.008960306399032565
2023-09-22,21.51,21.51,20.7,20.98,9098335.0,191298603.0,523239250.0,0.01738847955309163
2023-09-25,21.0,21.5,20.7,21.26,6594191.0,139610923.0,523239250.0,0.012602630632163011
2023-09-26,21.24,21.45,21.04,21.37,4094803.0,87256492.0,523239250.0,0.007825871243413027
2023-09-27,21.26,21.52,21.1,21.43,2708475.0,57855242.0,523239250.0,0.0051763605272349125
2023-09-28,21.52,21.58,21.01,21.18,4568300.0,97096467.0,523239250.0,0.008730805267380076
2023-10-09,21.18,21.19,20.62,20.92,6457304.0,134854761.0,523239250.0,0.01234101608394248
2023-10-10,20.92,21.08,20.33,20.44,7092667.0,146605939.0,523239250.0,0.013555303811783997
2023-10-11,20.4,20.56,20.06,20.11,6072290.0,123116380.0,523239250.0,0.011605188257570509
2023-10-12,20.11,20.3,19.13,19.28,7005425.0,136947310.0,523239250.0,0.013388569378157316
2023-10-13,19.23,19.27,17.62,17.95,10074431.0,184030521.0,523239250.0,0.019253966517228972
2023-10-16,17.95,17.99,17.4,17.55,5739619.0,101405646.0,523239250.0,0.010969396886797005
2023-10-17,17.58,18.3,17.48,18.21,6745973.0,121180652.0,523239250.0,0.012892712081519113
2023-10-18,18.3,18.3,17.89,18.09,3722975.0,67304825.0,523239250.0,0.007115244125894608
2023-10-19,18.07,18.15,17.76,17.94,3602274.0,64785037.0,523239250.0,0.0068845638013585566
2023-10-20,17.82,18.04,17.78,17.93,3492540.0,62684893.0,523239250.0,0.006674843295872777
2023-10-23,17.83,18.14,17.69,17.91,3405594.0,61058960.0,523239250.0,0.006508674569042747
2023-10-24,17.88,18.7,17.88,18.63,6360356.0,117115704.0,523239250.0,0.012155731818666126
2023-10-25,18.55,19.05,18.32,18.89,6923627.0,129605575.0,523239250.0,0.013232239362777162
2023-10-26,18.88,19.24,18.69,18.83,4692660.0,88762599.0,523239250.0,0.008968478568838251
2023-10-27,18.79,19.18,18.69,19.01,3515020.0,66503981.0,523239250.0,0.006717806433672551
2023-10-30,18.9,19.34,18.79,19.21,5319400.0,101870482.0,523239250.0,0.010166286263884064
2023-10-31,19.21,19.21,18.66,18.72,3774580.0,71034424.0,523239250.0,0.007213870136844666
2023-11-01,18.72,18.83,18.52,18.6,2680286.0,49982171.0,523239250.0,0.005122486510711878
2023-11-02,18.7,18.7,18.16,18.24,2944320.0,53989414.0,523239250.0,0.005627100795668521
2023-11-03,18.28,18.34,18.01,18.14,2620375.0,47708114.0,523239250.0,0.005007986308366584
2023-11-06,18.18,18.23,17.84,18.13,4544589.0,81700958.0,523239250.0,0.00868548947732801
2023-11-07,18.0,18.11,17.94,18.03,3380212.0,60932237.0,523239250.0,0.006460165211229853
2023-11-08,18.14,18.14,17.88,18.0,3223922.0,57884382.0,523239250.0,0.0061614682002544725
2023-11-09,18.06,18.54,18.01,18.33,5135460.0,93932247.0,523239250.0,0.009814745357883606
2023-11-10,18.11,18.22,17.71,17.77,4843512.0,86396664.0,523239250.0,0.009256782628596765
2023-11-13,17.73,18.0,17.56,17.98,3234154.0,57485236.0,523239250.0,0.0061810233081711664
2023-11-14,17.96,18.18,17.8,17.97,2729780.0,49061294.0,523239250.0,0.005217078038392571
2023-11-15,17.97,18.13,17.94,18.01,2538300.0,45713485.0,523239250.0,0.004851126898450374
2023-11-16,17.93,18.08,17.87,18.01,2247195.0,40344617.0,523239250.0,0.004294775286831024
2023-11-17,17.91,18.14,17.78,18.13,3519840.0,63231552.0,523239250.0,0.006727018280834245
2023-11-20,18.23,18.5,18.04,18.3,4364962.0,79702669.0,523239250.0,0.00834219145448282
2023-11-21,18.33,18.96,18.22,18.48,6174071.0,114735483.0,523239250.0,0.011799709215239491
2023-11-22,18.48,19.11,18.32,19.01,8345343.0,157258391.0,523239250.0,0.015949382619900934
2023-11-23,19.05,19.18,18.62,18.85,4843850.0,91633245.0,523239250.0,0.00925742860460105
2023-11-24,18.79,19.34,18.72,19.3,6337794.0,120968766.0,523239250.0,0.012112611964794308
2023-11-27,19.31,19.77,18.86,18.94,4733380.0,90541079.0,523239250.0,0.009046301476810082
2023-11-28,18.87,18.94,18.53,18.71,3036448.0,56820966.0,523239250.0,0.005803173213783179
2023-11-29,18.73,18.84,18.53,18.62,1870010.0,34893254.0,523239250.0,0.0035739100229961723
2023-11-30,18.62,18.84,18.55,18.72,2513785.0,46904039.0,523239250.0,0.00480427452642362
2023-12-01,18.83,18.85,18.6,18.7,2002500.0,37451796.0,523239250.0,0.0038271211496461706
2023-12-04,18.72,19.66,18.54,19.6,5877244.0,113160925.0,523239250.0,0.011232421879665947
2023-12-05,19.47,20.05,19.47,19.58,6423048.0,126829575.0,523239250.0,0.012275546989259693
2023-12-06,19.5,20.19,19.0,19.93,7803030.0,153948405.0,523239250.0,0.014912929410398781
2023-12-07,19.89,20.26,19.76,19.91,4666939.0,93275411.0,523239250.0,0.008919321323849462
2023-12-08,19.86,20.0,19.44,19.52,3804691.0,74862067.0,523239250.0,0.0072714174252027156
2023-12-11,19.51,19.76,19.26,19.72,2490922.0,48776881.0,523239250.0,0.004760579409897098
2023-12-12,19.71,20.28,19.6,20.28,5027125.0,100875756.0,523239250.0,0.009607698581480651
2023-12-13,20.17,20.24,19.91,19.95,2399936.0,48099592.0,523239250.0,0.004586689549761414
2023-12-14,19.9,20.03,19.41,19.58,2612172.0,51362656.0,523239250.0,0.004992308967647209
2023-12-15,19.69,19.93,19.49,19.54,2458315.0,48304397.0,523239250.0,0.004698261837199713
2023-12-18,19.51,20.17,19.35,19.75,3118399.0,61841199.0,523239250.0,0.00595979563841971
2023-12-19,19.7,19.84,19.3,19.49,2508336.0,48889704.0,523239250.0,0.00479386055231904
2023-12-20,19.57,19.57,18.94,19.07,2217100.0,42417418.0,523239250.0,0.004237258577218739
2023-12-21,19.04,19.04,17.92,18.16,6893689.0,126008406.0,523239250.0,0.013175022707107695
2023-12-22,18.01,18.2,17.91,17.99,3107500.0,56051115.0,523239250.0,0.0059389657790389384
2023-12-25,17.91,18.1,17.71,17.9,2977040.0,53223175.0,523239250.0,0.005689634330757871
2023-12-26,17.81,17.92,17.57,17.76,2874900.0,50956359.0,523239250.0,0.005494427262480787
2023-12-27,17.82,18.59,17.8,18.5,3747675.0,67989835.0,523239250.0,0.007162450064669269
2023-12-28,18.5,18.57,18.11,18.36,4126054.0,75736635.0,523239250.0,0.007885597267406832
2023-12-29,18.26,18.69,18.2,18.3,3826497.0,70464094.0,523239250.0,0.00731309243333714
2024-01-02,18.2,18.37,17.7,17.78,5946269.0,106578469.0,523239250.0,0.011364340500067608
2024-01-03,17.75,18.18,17.66,17.95,4526930.0,81435131.0,523239250.0,0.008651740097861542
2024-01-04,17.91,18.16,17.76,18.09,3719300.0,66875341.0,523239250.0,0.007108220570226718
2024-01-05,18.08,18.18,17.44,17.53,4345700.0,77123519.0,523239250.0,0.008305378466925025
2024-01-08,17.63,17.67,16.45,16.97,7687358.0,129718252.0,523239250.0,0.014691860367890979
2024-01-09,16.89,17.18,16.82,16.99,2203548.0,37454662.0,523239250.0,0.004211358379555815
2024-01-10,16.96,17.08,16.56,16.6,2753800.0,46165482.0,523239250.0,0.0052629843804722215
2024-01-11,16.63,17.0,16.58,16.91,2157064.0,36417097.0,523239250.0,0.004122519478422156
2024-01-12,16.91,17.2,16.62,16.63,2504832.0,42215547.0,523239250.0,0.004787163806996513
2024-01-15,16.63,16.86,16.37,16.51,3422318.0,56728062.0,523239250.0,0.006540637003053574
2024-01-16,16.55,16.96,16.45,16.79,4137545.0,69473654.0,523239250.0,0.007907558540380905
2024-01-17,16.78,16.87,16.61,16.66,1922958.0,32219485.0,523239250.0,0.003675102737418877
2024-01-18,16.67,17.35,16.07,17.27,6845964.0,114145987.0,523239250.0,0.01308381204200564
2024-01-19,17.25,17.39,17.01,17.34,3813606.0,65636973.0,523239250.0,0.007288455520108631
2024-01-22,17.29,17.29,16.3,16.63,3897673.0,65345990.0,523239250.0,0.007449121983872578
2024-01-23,16.5,17.3,15.81,17.14,4732754.0,77636476.0,523239250.0,0.009045105083382028
2024-01-24,16.83,17.26,16.7,17.16,3266726.0,55480952.0,523239250.0,0.00624327398986219
2024-01-25,17.16,17.7,17.06,17.64,3723000.0,64810229.0,523239250.0,0.007115291905184866
2024-01-26,17.81,17.92,17.58,17.69,4606465.0,81644683.0,523239250.0,0.008803745131887563
2024-01-29,17.64,17.87,17.42,17.55,3163696.0,55732971.0,523239250.0,0.006046365978851931
2024-01-30,17.47,17.7,17.19,17.6,3474981.0,60766322.0,523239250.0,0.00664128503356734
2024-01-31,17.5,17.55,16.9,16.9,2679181.0,46101476.0,523239250.0,0.005120374666082486
2024-02-01,16.88,17.75,16.69,17.45,3666865.0,63494595.0,523239250.0,0.0070080082868401025
2024-02-02,17.51,17.79,17.11,17.48,4189120.0,73228809.0,523239250.0,0.008006127216182655
2024-02-05,17.39,17.4,16.45,17.15,5335282.0,90163967.0,523239250.0,0.01019663949139901
2024-02-06,16.9,17.84,16.83,17.62,6091000.0,106212581.0,523239250.0,0.011640946278399412
2024-02-07,17.54,17.83,17.5,17.78,6237700.0,110282242.0,523239250.0,0.01192131515363192
2024-02-08,17.8,18.58,17.69,18.28,6168833.0,112690974.0,523239250.0,0.011789698498344686
2024-02-19,18.3,18.35,17.69,17.81,4791481.0,85711730.0,523239250.0,0.009157342458540715
2024-02-20,17.81,17.81,17.4,17.64,3994580.0,70121167.0,523239250.0,0.007634327891112909
2024-02-21,17.55,18.14,17.45,17.72,4760260.0,84885988.0,523239250.0,0.009097673769695221
2024-02-22,17.62,17.93,17.33,17.81,5318077.0,93663188.0,523239250.0,0.010163757783843624
2024-02-23,17.79,17.79,17.47,17.77,3992087.0,70442536.0,523239250.0,0.007629563340288406
2024-02-26,17.77,18.13,17.65,17.93,5028458.0,90126902.0,523239250.0,0.009610246173237195
2024-02-27,17.81,18.15,17.74,18.07,4097764.0,73544944.0,523239250.0,0.007831530222551156
2024-02-28,18.04,18.15,17.33,17.33,6220893.0,110601962.0,523239250.0,0.011889194092377436
2024-02-29,17.29,17.66,17.2,17.55,4556266.0,79518557.0,523239250.0,0.008707806228221602
2024-03-01,17.55,17.64,17.34,17.46,4044620.0,70663717.0,523239250.0,0.007729962918492831
2024-03-04,17.44,17.51,17.08,17.26,2834288.0,48846401.0,523239250.0,0.005416810761042869
2024-03-05,17.16,17.44,17.12,17.29,2168099.0,37468421.0,523239250.0,0.004143609257141929
2024-03-06,17.19,17.36,17.01,17.25,2312910.0,39767949.0,523239250.0,0.004420367929202559
2024-03-07,17.25,17.56,17.21,17.31,3310105.0,57485147.0,523239250.0,0.006326178703145836
2024-03-08,17.32,17.37,16.94,17.06,3121368.0,53334828.0,523239250.0,0.005965469906930721
2024-03-11,17.06,17.18,16.92,17.18,2699910.0,46027399.0,523239250.0,0.005159991342392606
2024-03-12,17.19,17.63,17.1,17.53,4153470.0,72276483.0,523239250.0,0.007937993948275096
2024-03-13,17.5,17.51,17.12,17.27,3293760.0,56962497.0,523239250.0,0.006294940603175316
2024-03-14,17.2,17.32,17.02,17.13,2509437.0,43060589.0,523239250.0,0.004795964752261991
2024-03-15,17.11,17.28,17.04,17.24,2509634.0,43082541.0,523239250.0,0.004796341253069222
2024-03-18,17.27,17.88,17.26,17.87,8475955.0,149401091.0,523239250.0,0.01619900456626677
2024-03-19,17.87,18.14,17.6,18.01,8626294.0,154423081.0,523239250.0,0.016486328194989196
2024-03-20,17.3,17.44,16.46,17.37,12139848.0,208223507.0,523239250.0,0.02320133285108103
2024-03-21,17.31,19.11,17.23,18.62,19971155.0,362722436.0,523239250.0,0.03816830446110455
2024-03-22,18.43,18.55,17.7,17.92,12716490.0,228486649.0,523239250.0,0.024303394670793524
2024-03-25,17.92,18.1,17.43,17.54,10578929.0,188524679.0,523239250.0,0.020218148772287246
2024-03-26,17.64,17.97,17.5,17.76,7135675.0,126623042.0,523239250.0,0.013637499480400219
2024-03-27,17.66,17.66,16.96,17.1,6652920.0,114814076.0,523239250.0,0.01271487182966492
2024-03-28,17.0,17.27,16.78,17.15,5090474.0,86559778.0,523239250.0,0.009728769391822193
2024-03-29,17.01,17.6,17.01,17.3,4678436.0,81013000.0,523239250.0,0.0089412940638532
2024-04-01,17.29,17.62,17.21,17.48,5204468.0,90720297.0,523239250.0,0.009946631488367892
2024-04-02,17.43,17.43,17.06,17.2,4523089.0,77813199.0,523239250.0,0.00864439928770634
2024-04-03,17.18,17.62,17.11,17.43,5664634.0,98900443.0,523239250.0,0.010826087683597895
2024-04-08,17.52,17.74,17.3,17.48,4961441.0,87028503.0,523239250.0,0.009482165185429036
2024-04-09,17.39,17.59,16.95,17.59,5165334.0,89141868.0,523239250.0,0.009871839698570013
2024-04-10,17.59,17.66,17.1,17.14,4529234.0,78456078.0,523239250.0,0.008656143437251696
2024-04-11,17.01,17.28,16.96,17.13,2647420.0,45378864.0,523239250.0,0.005059673944567423
2024-04-12,17.1,17.16,16.77,16.86,4052171.0,68697864.0,523239250.0,0.0077443941753222835
2024-04-15,16.85,17.25,15.99,17.24,5691866.0,95191965.0,523239250.0,0.010878132708889862
2024-04-16,17.04,17.19,16.22,16.32,5610444.0,93555538.0,523239250.0,0.010722521294035186
2024-04-17,16.38,17.05,16.37,16.98,4841888.0,81530035.0,523239250.0,0.00925367888590162
2024-04-18,16.93,16.95,16.67,16.73,4720100.0,79196789.0,523239250.0,0.009020921117825164
2024-04-19,16.68,16.83,16.51,16.56,2622434.0,43662670.0,523239250.0,0.005011921410712212
2024-04-22,16.57,16.99,16.51,16.67,3984654.0,66622658.0,523239250.0,0.00761535760170897
2024-04-23,16.56,16.69,16.23,16.26,3649454.0,59643254.0,523239250.0,0.006974732877932991
2024-04-24,16.2,16.3,16.02,16.28,2385430.0,38574502.0,523239250.0,0.004558966094382254
2024-04-25,16.26,16.43,16.15,16.29,2450594.0,39921980.0,523239250.0,0.004683505681196508
2024-04-26,16.3,16.47,16.11,16.39,3216706.0,52389324.0,523239250.0,0.006147677185914474
2024-04-29,16.39,16.75,16.32,16.74,4920663.0,81700247.0,523239250.0,0.009404231429503807
2024-04-30,16.3,16.45,15.9,16.07,6998926.0,113042721.0,523239250.0,0.01337614867386191
2024-05-06,16.19,16.54,16.18,16.25,5369995.0,87659115.0,523239250.0,0.010262981991507708
2024-05-07,16.25,16.54,16.13,16.49,5161529.0,84516808.0,523239250.0,0.009864567690592784
2024-05-08,16.5,16.78,16.3,16.7,5547384.0,92119470.0,523239250.0,0.010602002812289025
2024-05-09,16.7,16.93,16.5,16.81,4444133.0,74445448.0,523239250.0,0.008493500822042688
2024-05-10,16.71,16.93,16.61,16.78,3601500.0,60396068.0,523239250.0,0.0068830845545321765
2024-05-13,16.71,16.95,16.55,16.87,4072090.0,68421347.0,523239250.0,0.007782462802628052
2024-05-14,16.81,17.23,16.75,16.97,4561400.0,77604628.0,523239250.0,0.008717618183268935
2024-05-15,16.9,17.07,16.8,16.91,3294871.0,55786704.0,523239250.0,0.006297063914834371
2024-05-16,16.81,17.14,16.57,16.85,5758900.0,96815687.0,523239250.0,0.011006246186615396
2024-05-17,16.75,17.2,16.66,17.2,6164975.0,104452182.0,523239250.0,0.01178232519827211
2024-05-20,17.33,17.97,17.33,17.79,15112072.0,267973485.0,523239250.0,0.028881762979363648
2024-05-21,17.78,18.95,17.78,18.44,17199003.0,317939577.0,523239250.0,0.03287024625923992
2024-05-22,18.45,19.11,18.3,18.42,12900823.0,240767074.0,523239250.0,0.02465568666723683
2024-05-23,18.1,18.72,17.61,17.72,8538868.0,153922348.0,523239250.0,0.016319242105786214
2024-05-24,17.85,18.27,17.62,17.72,6917715.0,124259184.0,523239250.0,0.013220940516217007
2024-05-27,17.72,17.84,17.28,17.43,5576515.0,97440039.0,523239250.0,0.01065767715246897
2024-05-28,17.31,17.48,16.97,17.12,6280700.0,107440183.0,523239250.0,0.012003495532875257
2024-05-29,17.07,17.33,16.95,17.2,4420364.0,75724143.0,523239250.0,0.008448074184037226
2024-05-30,17.2,17.22,16.77,16.9,5417601.0,91572388.0,523239250.0,0.010353965227188136
2024-05-31,16.89,17.0,16.54,17.0,3955700.0,66365744.0,523239250.0,0.007560021538904048
2024-06-03,17.01,17.28,16.7,16.87,6386700.0,108225166.0,523239250.0,0.012206079723568138
2024-06-04,16.73,17.25,16.73,17.15,3419983.0,58297865.0,523239250.0,0.0065361744173435005
2024-06-05,16.99,17.05,16.72,16.74,4061434.0,68435459.0,523239250.0,0.0077620973579485865
2024-06-06,16.7,16.83,16.11,16.22,4984255.0,81568102.0,523239250.0,0.009525766654546653
2024-06-07,16.39,16.43,16.12,16.3,2770900.0,45076171.0,523239250.0,0.005295665415008526
2024-06-11,16.32,16.34,15.93,16.02,3968094.0,63696014.0,523239250.0,0.007583708599842233
2024-06-12,16.03,16.29,15.93,16.2,3308300.0,53402383.0,523239250.0,0.006322729038389227
2024-06-13,16.18,16.18,15.33,15.36,6818713.0,106330980.0,523239250.0,0.013031730704453078
2024-06-14,15.36,15.44,15.08,15.36,3688300.0,56328503.0,523239250.0,0.007048974250307102
2024-06-17,15.3,15.43,15.16,15.19,2138100.0,32657449.0,523239250.0,0.004086276020004233
2024-06-18,15.35,15.39,14.87,14.94,4594088.0,69426810.0,523239250.0,0.008780090560866755
2024-06-19,14.85,14.91,14.19,14.66,8893847.0,128971157.0,523239250.0,0.01699766789284252
2024-06-20,14.6,14.92,14.23,14.34,5798435.0,83952395.0,523239250.0,0.01108180435622901
2024-06-21,14.56,15.46,14.5,15.28,10938866.0,165491320.0,523239250.0,0.020906050148187468
2024-06-24,15.0,15.09,13.75,13.75,10643124.0,151346565.0,523239250.0,0.02034083643381111
2024-06-25,13.59,13.83,13.36,13.45,5438690.0,73826738.0,523239250.0,0.010394269925277968
2024-06-26,13.33,13.89,13.28,13.82,5694102.0,77502749.0,523239250.0,0.010882406088610515
2024-06-27,13.76,13.97,13.54,13.7,5193900.0,71218973.0,523239250.0,0.009926434226790135
2024-06-28,13.61,14.13,13.33,13.69,7473656.0,102211795.0,523239250.0,0.014283439172424469
2024-07-01,13.67,13.87,13.43,13.73,4969014.0,67921679.0,523239250.0,0.009496638488033915
2024-07-02,13.71,13.79,13.45,13.58,4578614.0,62328046.0,523239250.0,0.008750517091368815
2024-07-03,13.6,13.89,13.47,13.82,5561956.0,76523866.0,523239250.0,0.010629852404994465
2024-07-04,13.85,14.06,13.44,13.67,5104100.0,69889337.0,523239250.0,0.009754811016184278
2024-07-05,13.72,14.04,13.51,13.99,3994679.0,55315329.0,523239250.0,0.007634517097102329
2024-07-08,14.12,14.55,13.8,14.03,7121713.0,101134006.0,523239250.0,0.013610815702377068
2024-07-09,14.1,14.25,13.78,14.07,6669230.0,93424199.0,523239250.0,0.012746043038629078
2024-07-10,13.93,14.36,13.8,14.03,3302672.0,46624790.0,523239250.0,0.006311972964566401
2024-07-11,14.19,14.28,13.98,14.07,4518135.0,63584659.0,523239250.0,0.008634931343548865
2024-07-12,14.06,14.16,13.92,14.08,2878600.0,40415759.0,523239250.0,0.005501498597438935
2024-07-15,14.01,14.3,13.96,14.14,4111500.0,58224677.0,523239250.0,0.007857782075790376
2024-07-16,14.07,14.21,13.92,14.1,3025200.0,42607609.0,523239250.0,0.00578167635551041
2024-07-17,14.02,14.17,14.0,14.08,2235735.0,31512721.0,523239250.0,0.00427287326017687
2024-07-18,14.02,14.24,13.81,14.09,3393600.0,47672478.0,523239250.0,0.006485751976748686
2024-07-19,14.1,14.12,13.92,14.07,2653700.0,37224626.0,523239250.0,0.005071676102280171
2024-07-22,14.05,14.06,13.81,13.93,2142200.0,29763898.0,523239250.0,0.004094111823606505
2024-07-23,13.9,13.97,13.74,13.8,2386535.0,33029913.0,523239250.0,0.004561077939011647
2024-07-24,13.8,13.87,13.62,13.77,1823833.0,25017252.0,523239250.0,0.0034856578515468782
2024-07-25,13.77,13.97,13.64,13.97,2136009.0,29579537.0,523239250.0,0.0040822797601670745
2024-07-26,13.92,14.19,13.92,14.03,1847030.0,25965628.0,523239250.0,0.003529991299391244
2024-07-29,14.15,14.86,13.95,14.64,6849477.0,98987198.0,523239250.0,0.01309052598787266
2024-07-30,14.71,14.76,14.36,14.6,3104566.0,45308985.0,523239250.0,0.005933358401534288
2024-07-31,14.57,14.86,14.46,14.86,3793200.0,55815816.0,523239250.0,0.007249456152228641
2024-08-01,14.84,14.92,14.55,14.62,2978298.0,43763790.0,523239250.0,0.005692038584643641
2024-08-02,14.56,14.89,14.5,14.78,3828192.0,56467835.0,523239250.0,0.007316331869216616
2024-08-05,14.69,15.1,14.64,14.7,4678554.0,69389630.0,523239250.0,0.008941519582103217
2024-08-06,14.75,15.3,14.58,15.2,4717300.0,70512388.0,523239250.0,0.009015569837316294
2024-08-07,15.2,15.46,14.93,14.98,2264689.0,34025257.0,523239250.0,0.004328209322981791
2024-08-08,15.05,15.05,14.81,14.96,2398700.0,35821489.0,523239250.0,0.00458432734165107
2024-08-09,14.97,15.02,14.8,14.93,2508834.0,37423353.0,523239250.0,0.004794812315780974
2024-08-12,14.9,14.96,14.73,14.82,1503420.0,22301615.0,523239250.0,0.002873293622372557
2024-08-13,14.75,14.87,14.42,14.61,2883123.0,42151179.0,523239250.0,0.005510142826632368
2024-08-14,14.5,14.61,14.36,14.49,1527193.0,22109264.0,523239250.0,0.0029187279050644616
2024-08-15,14.58,14.61,14.4,14.41,2151930.0,31180495.0,523239250.0,0.004112707523374824
2024-08-16,14.41,14.42,14.2,14.33,1888330.0,27009455.0,523239250.0,0.0036089226868970554
2024-08-19,14.2,14.38,14.2,14.23,1473900.0,21029811.0,523239250.0,0.0028168758364362
2024-08-20,14.23,14.29,13.85,13.86,1667571.0,23342496.0,523239250.0,0.0031870143533765864
2024-08-21,13.86,13.99,13.05,13.18,5421855.0,72265480.0,523239250.0,0.010362095351218396
2024-08-22,13.36,13.38,13.06,13.21,2784000.0,36809922.0,523239250.0,0.00532070176310359
2024-08-23,13.21,13.42,13.06,13.37,2893400.0,38326190.0,523239250.0,0.005529783937271525
2024-08-26,13.41,13.65,13.33,13.44,1725863.0,23196097.0,523239250.0,0.0032984203688847884
2024-08-27,13.84,13.96,13.45,13.51,3468737.0,47530470.0,523239250.0,0.006629351678032564
2024-08-28,13.52,13.93,13.41,13.73,3852376.0,53036790.0,523239250.0,0.007362551643440358
2024-08-29,13.73,13.74,13.31,13.67,2114349.0,28782807.0,523239250.0,0.0040408837830877556
2024-08-30,13.31,13.98,13.31,13.68,3017755.0,41417940.0,523239250.0,0.00576744768287165
2024-09-02,13.65,13.74,13.32,13.38,2887279.0,39130642.0,523239250.0,0.005518085655844817
2024-09-03,13.32,13.56,13.29,13.33,1677700.0,22447875.0,523239250.0,0.0032063726106174185
2024-09-04,13.26,13.41,13.15,13.18,1723020.0,22812904.0,523239250.0,0.0032929869079966765
2024-09-05,13.23,13.4,13.23,13.37,1263600.0,16842624.0,523239250.0,0.0024149564467879654
2024-09-06,13.4,13.44,13.16,13.19,1196600.0,15846092.0,523239250.0,0.002286907948897182
2024-09-09,13.05,13.23,12.85,13.11,2048707.0,26763153.0,523239250.0,0.003915430656243774
2024-09-10,13.25,13.25,12.78,13.04,2277117.0,29515294.0,523239250.0,0.004351961363754726
2024-09-11,13.04,13.11,12.88,13.07,1910131.0,24826771.0,523239250.0,0.0036505881391734277
2024-09-12,13.07,13.24,12.98,13.03,977600.0,12796386.0,523239250.0,0.001868361366239249
2024-09-13,13.14,13.16,12.89,12.99,1742626.0,22645806.0,523239250.0,0.0033304573385884184
2024-09-18,13.0,13.1,12.67,13.04,1846412.0,23838925.0,523239250.0,0.0035288101953360723
2024-09-19,13.11,13.42,13.08,13.23,2116335.0,28017652.0,523239250.0,0.0040446793699058315
2024-09-20,13.16,13.24,13.0,13.24,1503277.0,19727071.0,523239250.0,0.0028730203248322826
2024-09-23,13.23,13.27,13.13,13.22,1243887.0,16438678.0,523239250.0,0.0023772815208339204
2024-09-24,12.98,13.29,12.82,13.29,3780373.0,49437671.0,523239250.0,0.007224941553983192
2024-09-25,13.29,13.75,13.29,13.39,3168429.0,42990192.0,523239250.0,0.006055411554083528
2024-09-26,13.31,14.15,13.27,14.14,4539267.0,62743445.0,523239250.0,0.00867531822201794
2024-09-27,14.34,14.97,14.27,14.97,6162901.0,90066188.0,523239250.0,0.011778361428352327
2024-09-30,15.4,16.34,15.27,16.2,10435726.0,165721347.0,523239250.0,0.019944463264175996
2024-10-08,17.82,17.82,15.89,16.66,11945098.0,202187040.0,523239250.0,0.022829132179973118
2024-10-09,16.56,16.56,14.99,14.99,9012616.0,139007676.0,523239250.0,0.01722465583382745
2024-10-10,15.02,15.56,14.99,15.05,5195865.0,79455005.0,523239250.0,0.009930189679004395
2024-10-11,15.15,15.15,14.26,14.39,4639148.0,67718496.0,523239250.0,0.008866207953627333
2024-10-14,14.4,14.71,14.32,14.71,4340512.0,63161207.0,523239250.0,0.008295463308610735
2024-10-15,14.6,14.67,14.17,14.21,3284155.0,47364320.0,523239250.0,0.006276583799858287
2024-10-16,14.07,14.63,13.99,14.34,4603688.0,66072465.0,523239250.0,0.008798437808325732
2024-10-17,14.41,14.53,14.11,14.12,3425128.0,48885052.0,523239250.0,0.006546007395278546
2024-10-18,14.14,14.73,14.01,14.48,4548310.0,65193877.0,523239250.0,0.008692600946889974
2024-10-21,14.55,14.83,14.41,14.55,4143334.0,60444425.0,523239250.0,0.007918622312832992
2024-10-22,14.62,14.86,14.5,14.84,3390998.0,49869701.0,523239250.0,0.006480779108218659
2024-10-23,15.2,16.22,15.0,16.07,10394609.0,164295489.0,523239250.0,0.01986588162107487
2024-10-24,16.07,17.41,15.95,17.36,12130484.0,206189548.0,523239250.0,0.023183436640122086
2024-10-25,17.54,18.41,16.96,17.0,16977648.0,299713406.0,523239250.0,0.03244719886743971
2024-10-28,17.0,17.66,16.79,17.62,7592948.0,131043901.0,523239250.0,0.014511426656161593
2024-10-29,17.64,18.03,17.51,17.61,5957800.0,105421647.0,523239250.0,0.011386378219906094
2024-10-30,17.57,18.08,17.46,17.97,6616768.0,117752501.0,523239250.0,0.012645779153608984
2024-10-31,18.16,18.35,17.6,17.65,6830215.0,122859358.0,523239250.0,0.013053713000314866
2024-11-01,17.6,17.72,17.2,17.39,5377841.0,93683633.0,523239250.0,0.010277977043962203
2024-11-04,17.3,17.49,17.19,17.42,4021806.0,69656952.0,523239250.0,0.007686361449375214
2024-11-05,17.38,17.53,17.24,17.42,5145866.0,89516034.0,523239250.0,0.009834633009660495
2024-11-06,17.46,17.47,16.97,17.1,6250814.0,106925676.0,523239250.0,0.011946378258129527
2024-11-07,16.94,17.45,16.82,17.4,4328266.0,74712368.0,523239250.0,0.008272059101070877
2024-11-08,17.51,17.77,16.9,17.17,5759585.0,98944957.0,523239250.0,0.01100755533916846
2024-11-11,17.1,17.69,16.93,17.36,4858865.0,83698688.0,523239250.0,0.009286124846329858
2024-11-12,17.37,17.92,17.2,17.44,4655392.0,81611921.0,523239250.0,0.00889725302526521
2024-11-13,17.43,17.64,17.06,17.22,3101720.0,53518959.0,523239250.0,0.005927919207131346
2024-11-14,17.23,17.29,16.62,16.64,3695740.0,62647474.0,523239250.0,0.0070631933670878095
2024-11-15,16.55,16.75,16.12,16.2,3465618.0,56927301.0,523239250.0,0.006623390733780006
2024-11-18,16.45,16.6,15.95,16.12,4182305.0,68249325.0,523239250.0,0.00799310258165839
2024-11-19,16.12,16.27,15.94,16.23,2347305.0,37832784.0,523239250.0,0.004486102676739178
2024-11-20,16.38,16.5,16.03,16.14,2509863.0,40525317.0,523239250.0,0.0047967789113679835
2024-11-21,16.1,16.28,16.01,16.12,2630226.0,42405246.0,523239250.0,0.00502681325989975
2024-11-22,16.12,16.26,15.3,15.31,4268204.0,66913085.0,523239250.0,0.008157270311812426
2024-11-25,15.55,15.98,15.21,15.78,3852155.0,60166704.0,523239250.0,0.007362129274514479
2024-11-26,15.76,16.05,15.55,15.64,2211553.0,34903538.0,523239250.0,0.0042266573082963485
2024-11-27,16.0,16.27,15.31,16.25,4616674.0,72989130.0,523239250.0,0.00882325628285722
2024-11-28,16.32,16.45,15.92,16.24,4428430.0,71712028.0,523239250.0,0.008463489694245988
2024-11-29,16.3,17.16,16.01,17.05,8618459.0,144348024.0,523239250.0,0.016471354165422416
2024-12-02,17.06,18.45,17.06,18.19,11633137.0,209513975.0,523239250.0,0.02223292117324914
2024-12-03,18.13,18.96,18.01,18.53,9843313.0,182680803.0,523239250.0,0.0188122603569973
2024-12-04,18.44,19.1,18.36,18.99,10135313.0,191458585.0,523239250.0,0.01937032246720788
2024-12-05,18.82,19.09,18.3,18.77,6662300.0,124564483.0,523239250.0,0.012732798619369629
2024-12-06,18.68,19.38,18.5,18.94,12115130.0,231412348.0,523239250.0,0.023154092511217382
2024-12-09,18.7,18.7,17.98,18.15,8929879.0,162575069.0,526759750.0,0.016952470267517592
2024-12-10,18.75,18.88,17.95,17.98,7147200.0,130784146.0,526759750.0,0.013568234854694194
2024-12-11,17.99,18.22,17.66,17.94,7029309.0,125972517.0,526759750.0,0.013344430739060834
2024-12-12,17.97,18.06,17.52,17.61,5613768.0,99213648.0,526759750.0,0.010657169611003879
2024-12-13,17.59,18.25,17.21,18.05,9859426.0,175060848.0,526759750.0,0.018717121040474335
2024-12-16,18.13,18.38,17.76,17.92,5400791.0,97122138.0,526759750.0,0.010252854361025117
2024-12-17,17.72,18.01,17.6,17.69,3381000.0,60195424.0,526759750.0,0.00641848584672614
2024-12-18,17.51,17.81,17.51,17.75,3269400.0,57725698.0,526759750.0,0.006206624557020539
2024-12-19,17.75,18.03,17.5,18.03,7393350.0,132017735.0,526759750.0,0.01403552568319808
2024-12-20,18.11,18.44,17.8,18.0,5365003.0,96953561.0,526759750.0,0.010184914470021674
2024-12-23,17.87,18.0,17.01,17.09,4571296.0,79125634.0,526759750.0,0.008678142170125944
2024-12-24,17.13,17.28,16.82,17.2,3728460.0,63749694.0,526759750.0,0.007078103442793418
2024-12-25,17.21,17.3,16.81,17.19,3617463.0,61581163.0,526759750.0,0.006867386887475742
2024-12-26,17.15,17.28,16.86,16.96,3146700.0,53626067.0,526759750.0,0.005973691042263574
2024-12-27,17.05,17.65,16.9,17.57,4723990.0,81997054.0,526759750.0,0.00896801625408927
2024-12-30,17.34,18.4,17.18,18.2,7917547.0,142535291.0,526759750.0,0.015030660562049398
2024-12-31,18.2,18.58,17.94,18.0,5922265.0,108275260.0,526759750.0,0.011242819900343563
2025-01-02,18.0,18.13,17.21,17.26,6389479.0,112400274.0,526759750.0,0.012129778328735253
2025-01-03,17.4,17.4,16.13,16.24,6836400.0,114289983.0,526759750.0,0.012978212553256015
2025-01-06,16.41,17.47,15.91,16.98,8580310.0,144634626.0,526759750.0,0.016288848948690555
2025-01-07,16.95,17.83,16.89,16.9,5473813.0,94682460.0,526759750.0,0.010391479227484636
2025-01-08,16.9,17.14,16.21,16.57,5191000.0,86352063.0,526759750.0,0.009854587409155692
2025-01-09,16.44,16.95,16.21,16.54,3113174.0,51749460.0,526759750.0,0.005910045329013844
2025-01-10,16.58,16.66,16.14,16.14,3353711.0,54753368.0,526759750.0,0.006366680445876891
2025-01-13,16.01,16.25,15.74,16.22,3746730.0,59963269.0,526759750.0,0.00711278718618877
2025-01-14,16.2,17.1,16.08,17.0,4906100.0,81355380.0,526759750.0,0.00931373363283736
2025-01-15,17.0,17.23,16.75,16.83,4926762.0,83513054.0,526759750.0,0.00935295834581135
2025-01-16,16.72,17.23,16.42,16.63,4648600.0,78321881.0,526759750.0,0.008824895979618792
2025-01-17,16.51,16.99,16.4,16.73,2954600.0,49364318.0,526759750.0,0.005609008660969256
2025-01-20,16.94,17.78,16.88,17.17,6382968.0,109714476.0,526759750.0,0.012117417855103774
2025-01-21,17.16,17.4,16.58,16.72,6144500.0,103544000.0,526759750.0,0.011664710525054354
2025-01-22,16.57,16.67,15.98,16.06,6694308.0,108096224.0,526759750.0,0.012708465291814722
2025-01-23,16.27,16.45,16.05,16.1,6276115.0,101624398.0,526759750.0,0.011914568263805273
2025-01-24,16.0,16.42,15.86,16.09,4958705.0,80021232.0,526759750.0,0.009413598893992944
2025-01-27,16.1,16.38,15.95,15.97,3856978.0,62344750.0,526759750.0,0.0073220818409151425
2025-02-05,16.04,16.2,15.91,15.97,3279849.0,52674209.0,526759750.0,0.0062264609245486205
2025-02-06,15.95,16.01,15.46,15.97,4709380.0,74391681.0,526759750.0,0.008940280649764907
2025-02-07,15.98,16.05,15.73,15.81,5919825.0,93956152.0,526759750.0,0.01123818780762957
2025-02-10,15.83,15.87,15.59,15.72,4819503.0,75740645.0,526759750.0,0.00914933800465962
2025-02-11,15.77,15.85,15.21,15.3,5762825.0,88696952.0,526759750.0,0.010940139219065238
2025-02-12,15.3,15.41,15.14,15.38,4072700.0,62178237.0,526759750.0,0.007731608195197147
2025-02-13,15.34,15.59,15.29,15.4,5991072.0,92781444.0,526759750.0,0.011373443016479525
2025-02-14,15.3,15.43,15.15,15.26,4348101.0,66213406.0,526759750.0,0.00825442908270801
2025-02-17,15.26,15.28,14.98,15.19,4654137.0,70293847.0,526759750.0,0.00883540741296198
2025-02-18,15.19,15.21,14.81,14.91,4104961.0,61603030.0,526759750.0,0.007792852434150483
2025-02-19,14.9,15.08,14.66,15.01,5199253.0,77145380.0,526759750.0,0.009870254893241179
2025-02-20,14.96,15.07,14.78,15.05,3297439.0,49297431.0,526759750.0,0.006259853756859745
2025-02-21,15.06,15.08,14.64,14.74,5825041.0,86050170.0,526759750.0,0.011058249989677457
2025-02-24,14.9,15.32,14.71,14.78,10277087.0,154161450.0,526759750.0,0.01951000812040024
2025-02-25,14.66,14.73,14.35,14.35,8325901.0,120666347.0,526759750.0,0.015805879245709264
2025-02-26,14.36,14.55,14.35,14.48,3914432.0,56623455.0,526759750.0,0.007431152437140461
2025-02-27,14.48,14.55,14.37,14.45,3903920.0,56438190.0,526759750.0,0.007411196470497224
2025-02-28,14.44,14.45,14.19,14.25,4326520.0,61993815.0,526759750.0,0.00821345974137166
2025-03-03,14.25,14.38,14.12,14.14,4639440.0,66096174.0,526759750.0,0.008807506647954783
2025-03-04,14.15,14.38,14.11,14.3,5097889.0,72505951.0,526759750.0,0.00967782561215051
2025-03-05,14.33,14.63,14.16,14.61,7820154.0,112850305.0,526759750.0,0.014845769822010888
2025-03-06,14.61,15.1,14.61,14.98,9783860.0,146143794.0,526759750.0,0.01857366664784088
2025-03-07,15.07,15.44,14.83,15.36,13323842.0,202187759.0,526759750.0,0.025293963709262145
2025-03-10,15.84,16.24,15.72,16.24,17539198.0,280812978.0,526759750.0,0.033296389862741034
2025-03-11,15.95,16.39,15.95,16.24,10388674.0,167749259.0,526759750.0,0.01972184473092335
2025-03-12,16.28,16.32,15.56,16.0,11962160.0,190314280.0,526759750.0,0.02270894843427198
2025-03-13,15.9,16.58,15.84,16.26,10121043.0,165149400.0,526759750.0,0.01921377440094844
2025-03-14,16.25,16.29,15.87,16.09,7104947.0,114034628.0,526759750.0,0.013488021816397324
2025-03-17,16.09,16.18,15.72,15.77,6546481.0,104017275.0,526759750.0,0.012427830714096892
2025-03-18,15.77,15.95,15.45,15.95,9418333.0,147547867.0,526759750.0,0.017879750683304864
2025-03-19,15.86,15.86,15.51,15.56,5364278.0,83946940.0,526759750.0,0.01018353813099805
2025-03-20,15.58,15.76,15.47,15.54,4673225.0,72788778.0,526759750.0,0.008871644046455714
2025-03-21,15.42,15.59,15.09,15.21,6437211.0,98313069.0,526759750.0,0.012220392693253423
2025-03-24,15.23,15.37,14.87,15.06,5601722.0,84647830.0,526759750.0,0.010634301500826514
2025-03-25,15.03,15.73,14.88,15.5,8141300.0,124872982.0,526759750.0,0.01545543295591586
2025-03-26,15.45,17.05,15.42,17.05,16244940.0,267839924.0,526759750.0,0.03083937221854935
2025-03-27,17.15,17.44,16.94,17.06,17783749.0,305763746.0,526759750.0,0.03376064515179833
2025-03-28,17.11,17.27,16.58,16.95,13235930.0,223215517.0,526759750.0,0.025127071686855344
2025-03-31,16.95,17.42,16.67,17.37,13374161.0,228513486.0,526759750.0,0.02538948923109634
2025-04-01,17.25,18.43,17.12,18.35,18918819.0,338019218.0,526759750.0,0.035915460511172316
2025-04-02,18.03,18.27,17.57,17.75,17208597.0,308593202.0,526759750.0,0.032668777369569336
2025-04-03,17.8,18.5,17.17,17.8,18796707.0,333201875.0,526759750.0,0.035683643254823476
2025-04-07,17.55,17.55,16.02,16.02,18199233.0,302222588.0,526759750.0,0.03454939941785605
2025-04-08,16.18,17.26,16.18,17.11,22035037.0,368545997.0,526759750.0,0.04183128456568673
2025-04-09,16.77,17.39,15.8,16.85,16898451.0,282145315.0,526759750.0,0.0320799966208504
2025-04-10,16.65,17.28,16.46,17.09,17972975.0,306380945.0,526759750.0,0.03411987153536313
2025-04-11,17.08,17.08,16.08,16.13,14998900.0,244267763.0,526759750.0,0.02847389156062133
2025-04-14,16.01,16.37,16.0,16.37,8915502.0,144481003.0,526759750.0,0.016925176990079442
2025-04-15,16.36,16.37,16.04,16.1,6237530.0,100722641.0,526759750.0,0.011841318551768619
2025-04-16,16.03,16.12,15.51,15.67,8116500.0,127971632.0,526759750.0,0.015408352669314616
2025-04-17,15.6,15.79,15.44,15.59,5820000.0,90920608.0,526759750.0,0.011048680162066293
2025-04-18,15.62,15.73,15.2,15.35,5978068.0,92041818.0,526759750.0,0.011348756240392324
2025-04-21,15.36,15.43,15.14,15.41,5013300.0,76730616.0,526759750.0,0.009517241968468548
2025-04-22,15.41,15.98,15.34,15.78,10460200.0,164187062.0,526759750.0,0.019857629592997566
2025-04-23,15.8,16.0,15.64,15.77,7957400.0,125837990.0,526759750.0,0.015106317443578406
2025-04-24,15.8,15.8,15.43,15.49,6081101.0,94652356.0,526759750.0,0.01154435394883531
2025-04-25,15.6,16.26,15.6,15.73,10884557.0,173061086.0,526759750.0,0.020663228350305807
2025-04-28,15.74,16.0,15.41,15.45,7639683.0,119524897.0,526759750.0,0.014503163918655516
2025-04-29,15.45,15.52,15.23,15.49,4536736.0,69667839.0,526759750.0,0.008612533512668726
2025-04-30,15.25,15.26,14.91,15.01,5616300.0,84384256.0,526759750.0,0.010661976356393973
2025-05-06,15.0,15.8,15.0,15.72,12227859.0,190458985.0,526759750.0,0.02321335105804876
2025-05-07,15.92,16.31,15.56,16.08,11546304.0,184072376.0,526759750.0,0.021919487963915237
2025-05-08,16.08,16.1,15.77,15.79,6232115.0,98899452.0,526759750.0,0.01183103872306113
2025-05-09,15.85,16.37,15.59,16.11,10465362.0,167545000.0,526759750.0,0.019867429126845776
2025-05-12,17.2,17.53,16.79,17.02,20565113.0,352331901.0,526759750.0,0.039040782823668664
2025-05-13,17.03,17.46,16.87,17.25,13339189.0,228751786.0,526759750.0,0.025323098433393972
2025-05-14,17.51,17.77,17.08,17.25,10167611.0,176948002.0,526759750.0,0.019302179029434197
2025-05-15,17.42,17.68,17.15,17.55,12130918.0,211783610.0,526759750.0,0.023029318394201533
2025-05-16,17.59,17.64,16.87,17.42,10192513.0,176435528.0,526759750.0,0.019349452952698076
2025-05-19,17.42,17.76,16.61,17.63,12235425.0,210444802.0,526759750.0,0.023227714342259446
2025-05-20,17.58,19.31,17.21,18.72,28489327.0,523255486.0,526759750.0,0.054084100009539456
2025-05-21,18.3,18.48,16.85,16.88,32699696.0,557226233.0,526759750.0,0.062077058848934455
2025-05-22,16.5,16.95,16.41,16.44,12033817.0,200088842.0,526759750.0,0.022844981986569778
2025-05-23,16.41,16.63,16.26,16.38,11118000.0,182201963.0,526759750.0,0.021106396227122518
2025-05-26,16.37,16.7,16.01,16.16,6933500.0,112768738.0,526759750.0,0.013162547062489115
2025-05-27,16.15,16.15,15.72,15.83,8553940.0,135551480.0,526759750.0,0.016238788176203667
2025-05-28,15.83,15.99,15.64,15.76,6194000.0,97711623.0,526759750.0,0.011758681258391515
2025-05-29,15.76,15.81,15.61,15.8,6501593.0,102326467.0,526759750.0,0.012342615395348639
2025-05-30,15.9,16.5,15.8,16.34,17978084.0,291757058.0,526759750.0,0.03412957045408272
2025-06-03,16.24,16.42,16.04,16.29,8198367.0,132991486.0,526759750.0,0.015563768871862362
2025-06-04,16.2,16.43,16.12,16.36,6083395.0,99037894.0,526759750.0,0.011548708875345924
2025-06-05,16.39,16.39,16.0,16.17,7396000.0,119360387.0,526759750.0,0.014040556439629261
2025-06-06,16.17,16.47,16.09,16.31,5774638.0,94058277.0,526759750.0,0.010962565002356388
2025-06-09,16.31,16.35,16.1,16.21,5325837.0,86430882.0,526759750.0,0.010110561788367467
2025-06-10,16.34,17.22,16.34,16.6,19424981.0,326972617.0,526759750.0,0.0368763577703118
2025-06-11,16.62,16.92,16.35,16.41,11185480.0,185407816.0,526759750.0,0.02123450016824558
2025-06-12,16.42,16.47,16.0,16.11,7266067.0,117248308.0,526759750.0,0.013793891807413151
2025-06-13,16.15,16.55,15.85,15.9,10311777.0,166338735.0,526759750.0,0.019575863569682384
2025-06-16,15.95,16.01,15.8,15.87,4646959.0,73734605.0,526759750.0,0.008821780707428766
2025-06-17,15.84,16.18,15.8,16.03,4271964.0,68457603.0,526759750.0,0.008109890704443535
2025-06-18,16.04,16.04,15.64,15.7,4969057.0,78235348.0,526759750.0,0.009433251116851657
2025-06-19,15.7,15.82,15.55,15.71,3967700.0,62070973.0,526759750.0,0.007532276336603166
2025-06-20,15.75,15.83,15.45,15.72,4080234.0,63814742.0,526759750.0,0.007745910730650928
2025-06-23,15.73,15.73,15.36,15.73,3272972.0,50825221.0,526759750.0,0.006213405637010041
2025-06-24,15.73,15.94,15.61,15.85,6092500.0,96307889.0,526759750.0,0.011565993795084002
2025-06-25,16.05,16.05,15.67,15.91,5802800.0,92106441.0,526759750.0,0.011016027705229947
2025-06-26,15.93,15.93,15.59,15.62,6601489.0,103688808.0,526759750.0,0.012532257827216297
2025-06-27,15.61,15.71,15.57,15.61,3687100.0,57654221.0,526759750.0,0.0069995856744939225
2025-06-30,15.65,16.11,15.5,15.9,7632343.0,120591907.0,526359600.0,0.014500244699631203
2025-07-01,15.97,15.97,15.75,15.8,3066301.0,48527207.0,526359600.0,0.0058254869864632465
2025-07-02,15.8,16.07,15.73,15.95,6245898.0,99237406.0,526359600.0,0.011866218455975724
2025-07-03,16.04,16.04,15.81,15.89,3826500.0,60786632.0,526359600.0,0.007269744866437318
2025-07-04,15.84,15.91,15.71,15.73,4648533.0,73368961.0,526359600.0,0.008831477567807255
2025-07-07,15.73,15.76,15.59,15.74,4130262.0,64646216.0,526359600.0,0.00784684462865311
2025-07-08,15.74,15.78,15.63,15.73,3834654.0,60181999.0,526359600.0,0.007285236176940631
2025-07-09,15.74,15.95,15.67,15.69,6828608.0,107991603.0,526359600.0,0.012973275304563648
2025-07-10,15.69,16.07,15.65,16.03,10278203.0,163181317.0,526359600.0,0.01952696027582664
2025-07-11,16.3,16.3,15.85,16.03,10471605.0,167714571.0,526359600.0,0.019894393490685836
2025-07-14,15.91,16.52,15.79,16.24,11082830.0,179079713.0,526359600.0,0.021055624329830786
2025-07-15,16.28,16.29,15.86,16.04,8759166.0,140558295.0,526359600.0,0.016641030200646098
2025-07-16,16.14,16.14,15.8,15.94,7363485.0,117215660.0,526359600.0,0.013989457017597856
2025-07-17,15.95,16.07,15.8,15.93,6850289.0,108922156.0,526359600.0,0.013014465775868816
2025-07-18,15.94,15.94,15.7,15.78,7717004.0,121888535.0,526359600.0,0.014661087211100548
2025-07-21,15.78,16.13,15.72,16.01,8700672.0,138684209.0,526359600.0,0.01652990085105316
2025-07-22,16.01,16.49,15.9,16.43,15277955.0,247221796.0,526359600.0,0.02902569840086511
2025-07-23,16.57,17.0,16.21,16.35,17079498.0,283393140.0,526359600.0,0.03244834519974557
2025-07-24,16.32,16.44,16.17,16.43,9193758.0,150193993.0,526359600.0,0.01746668627303463
2025-07-25,16.54,16.82,16.28,16.42,8964389.0,148384474.0,526359600.0,0.017030921446098825
2025-07-28,16.5,16.52,16.22,16.24,6846795.0,111831250.0,526359600.0,0.013007827728419886
2025-07-29,16.23,16.23,15.89,15.98,9017876.0,144045011.0,526359600.0,0.017132538287512947
2025-07-30,15.98,16.09,15.81,15.94,8085854.0,129143322.0,526359600.0,0.01536184388011542
2025-07-31,15.95,15.96,15.62,15.68,7575700.0,119384532.0,526359600.0,0.014392631957315874
2025-08-01,15.69,15.83,15.47,15.56,6206419.0,96961792.0,526359600.0,0.011791214599296754
2025-08-04,15.55,15.83,15.35,15.81,7359061.0,114807533.0,526359600.0,0.013981052117221763
2025-08-05,15.77,16.04,15.75,15.87,7698024.0,122527101.0,526359600.0,0.014625028212651579
2025-08-06,15.9,16.02,15.7,16.0,6394469.0,101262295.0,526359600.0,0.01214847986053641
2025-08-07,15.93,16.48,15.9,16.21,9826568.0,159203459.0,526359600.0,0.018668925198666465
2025-08-08,16.19,16.28,16.1,16.15,4484143.0,72543375.0,526359600.0,0.008519162564908096
2025-08-11,16.22,16.39,16.07,16.3,6255608.0,101506007.0,526359600.0,0.011884665920408785
2025-08-12,16.28,16.61,16.28,16.44,7232870.0,119112662.0,526359600.0,0.013741309173424403
2025-08-13,16.43,16.48,16.23,16.43,5893774.0,96147010.0,526359600.0,0.011197238541863776
2025-08-14,16.41,16.41,16.03,16.04,4950006.0,80072536.0,526359600.0,0.009404228592012
2025-08-15,15.99,16.08,15.85,15.93,6479444.0,103404056.0,526359600.0,0.012309918922348903
2025-08-18,16.02,16.09,15.81,15.85,9560097.0,152334821.0,526359600.0,0.018162672439146165
2025-08-19,15.85,15.92,15.83,15.86,4917084.0,78035093.0,526359600.0,0.009341681998390455
2025-08-20,15.86,16.0,15.75,16.0,5878924.0,93509837.0,526359600.0,0.011169025890284894
2025-08-21,16.0,16.16,15.94,16.05,9155313.0,146964686.0,526359600.0,0.01739364685283597
2025-08-22,16.09,16.2,15.8,15.93,10945182.0,173988027.0,526359600.0,0.0207941148978759
2025-08-25,15.88,16.08,15.83,16.06,9802221.0,156637619.0,526359600.0,0.018622669748970096
2025-08-26,16.05,17.37,16.01,17.05,31464711.0,528316235.0,526359600.0,0.05977797498136255
2025-08-27,17.0,17.25,16.56,16.58,19427547.0,328519666.0,526359600.0,0.0369092669726172
2025-08-28,16.53,16.71,16.14,16.43,12925541.0,211129918.0,526359600.0,0.024556483818286966
2025-08-29,16.43,16.56,16.09,16.13,9326600.0,151299176.0,526359600.0,0.01771906506502399
2025-09-01,16.3,16.9,16.2,16.33,18886389.0,311103028.0,526359600.0,0.03588115235287815
2025-09-02,16.38,16.44,15.95,16.06,12853412.0,207240277.0,526359600.0,0.024419450124971598
2025-09-03,16.06,16.19,15.86,16.01,8315324.0,133051974.0,526359600.0,0.015797800591078798
2025-09-04,15.96,16.25,15.93,16.16,11143943.0,179502361.0,526359600.0,0.021171729365247638
2025-09-05,16.25,16.91,15.96,16.62,21369977.0,353034929.0,526359600.0,0.0405995767912279
2025-09-08,16.63,16.82,16.3,16.56,17771874.0,294795151.0,526359600.0,0.03376375010544122
2025-09-09,16.57,16.6,16.18,16.38,12637894.0,206239504.0,526359600.0,0.02401000000759937
2025-09-10,16.38,16.59,16.26,16.43,7737153.0,126625696.0,526359600.0,0.014699367124680542
2025-09-11,16.4,16.61,16.34,16.52,14399951.0,237464745.0,526359600.0,0.027357629650907857
2025-09-12,16.56,17.72,16.55,17.19,37614222.0,646086744.0,526359600.0,0.07146107338025183
2025-09-15,17.12,17.49,16.87,17.45,18704367.0,321161274.0,526359600.0,0.035535339338353476
2025-09-16,17.5,17.83,17.3,17.52,18988507.0,331922256.0,526359600.0,0.036075160403648
2025-09-17,17.14,17.28,16.77,17.21,20000556.0,341690044.0,526359600.0,0.03799789345534878
2025-09-18,17.41,17.46,16.91,17.1,18358918.0,315193665.0,526359600.0,0.03487904086863809
2025-09-19,17.03,17.08,16.68,16.76,8774920.0,147258208.0,526359600.0,0.016670960309263856
2025-09-22,16.91,17.4,16.91,17.09,13810568.0,236026188.0,526359600.0,0.02623789515760708
2025-09-23,17.0,17.09,16.73,16.88,9951433.0,168249806.0,526359600.0,0.018906148952161222
2025-09-24,16.92,17.1,16.71,16.89,14800415.0,250388270.0,526359600.0,0.028118447920395105
2025-09-25,16.86,17.04,16.77,17.0,13856044.0,234442311.0,526359600.0,0.026324292365903463
2025-09-26,17.0,17.04,16.69,16.85,24133928.0,407777307.0,526359600.0,0.04585064659217767
2025-09-29,16.8,16.8,16.11,16.15,17693731.0,290935338.0,526359600.0,0.03361529076319687
2025-09-30,16.3,16.37,15.99,16.26,10784483.0,174825681.0,526359600.0,0.020488812211271534
2025-10-09,16.29,16.86,16.15,16.82,16630733.0,275755508.0,526359600.0,0.03159576266871546
2025-10-10,16.8,16.95,16.62,16.83,12465544.0,209458976.0,526359600.0,0.023682562263517185
2025-10-13,16.53,16.98,16.34,16.87,26855965.0,451236996.0,526359600.0,0.05102208642152627
2025-10-14,17.0,17.13,16.52,16.85,28067598.0,474330481.0,526359600.0,0.05332399751044723
2025-10-15,16.77,16.99,16.69,16.88,19320271.0,325656580.0,526359600.0,0.03670545953754809
2025-10-16,16.8,16.95,16.64,16.89,13678568.0,230884074.0,526359600.0,0.025987116032461458
2025-10-17,16.84,16.9,16.62,16.81,12482445.0,209470855.0,526359600.0,0.02371467149074511
2025-10-20,16.82,16.9,16.71,16.82,9007363.0,151337842.0,526359600.0,0.017112565250068584
2025-10-21,16.75,17.26,16.73,16.95,18606902.0,315456238.0,526359600.0,0.035350171251745006
2025-10-22,16.94,17.09,16.8,16.98,15683916.0,265964381.0,526359600.0,0.02979696010104119
2025-10-23,17.0,17.0,16.41,16.94,19732510.0,332236419.0,526359600.0,0.03748864844490345
2025-10-24,17.0,17.55,16.9,17.03,47938841.0,824421952.0,526359600.0,0.09107621671572058
2025-10-27,16.82,17.1,16.6,17.0,26605789.0,450050337.0,526359600.0,0.05054679158506846
2025-10-28,16.99,17.0,16.45,16.75,23777784.0,395825922.0,526359600.0,0.04517402931379992
2025-10-29,16.76,16.82,16.51,16.74,18468207.0,308272443.0,526359600.0,0.03508667268536567
2025-10-30,16.72,16.73,16.47,16.48,12878700.0,213487402.0,526359600.0,0.024467493325855554
2025-10-31,16.49,16.64,16.38,16.42,12698834.0,209706632.0,526359600.0,0.02412577637037493
2025-11-03,16.47,16.85,16.47,16.64,19722608.0,329233106.0,526359600.0,0.03746983621083381
2025-11-04,16.55,16.85,16.53,16.7,30104903.0,502302460.0,526359600.0,0.057194554825256344
2025-11-05,16.69,16.84,16.55,16.79,20177959.0,336629377.0,526359600.0,0.03833493110033521
2025-11-06,16.8,17.07,16.58,16.8,35700671.0,600504409.0,526359600.0,0.06782562909463416
2025-11-07,16.76,16.81,16.57,16.81,17284684.0,288416068.0,526359600.0,0.032838166151049585
2025-11-10,16.75,16.96,16.62,16.78,11635971.0,195909475.0,526359600.0,0.02210650475454423
2025-11-11,16.81,17.29,16.73,16.8,25209273.0,427532638.0,526359600.0,0.04789363203406948
2025-11-12,16.8,16.87,16.43,16.45,14001200.0,232636414.0,526359600.0,0.026600065810521933
2025-11-13,16.48,16.6,16.22,16.4,11962106.0,196590316.0,526359600.0,0.02272610967863035
2025-11-14,16.38,16.49,16.24,16.27,10656000.0,174322467.0,526359600.0,0.020244714829937557
2025-11-17,16.29,16.32,16.08,16.1,7663259.0,123992779.0,526359600.0,0.01455898021048728
2025-11-18,16.01,16.29,15.94,16.2,8439825.0,136318550.0,526359600.0,0.01603433280213755
2025-11-19,16.21,16.7,15.97,16.44,15109100.0,247273563.0,526359600.0,0.028704900604073717
2025-11-20,16.46,16.46,16.04,16.1,7494045.0,121476660.0,526359600.0,0.014237500370469162
2025-11-21,16.09,16.18,15.66,15.83,11316990.0,180782940.0,526359600.0,0.021500491299104262
2025-11-24,15.83,16.01,15.66,15.76,8340302.0,131479732.0,526359600.0,0.015845254840987037
2025-11-25,15.77,15.77,14.18,14.18,15676208.0,229930765.0,526359600.0,0.02978231612000617
2025-11-26,13.96,14.21,13.31,13.81,31265783.0,433833131.0,526359600.0,0.05940004324040067
2025-11-27,13.77,13.97,13.54,13.54,15930702.0,218698566.0,526359600.0,0.030265814473603218
2025-11-28,13.54,13.56,13.32,13.49,11311506.0,152125714.0,526359600.0,0.021490072566359576
2025-12-01,13.5,13.59,13.31,13.34,14633112.0,196160766.0,526359600.0,0.02780059867816603
2025-12-02,13.33,13.42,13.06,13.17,14346998.0,189062915.0,526359600.0,0.027257027325045462
2025-12-03,13.17,13.17,12.6,12.69,19723952.0,253504687.0,526359600.0,0.037472389598289836
2025-12-04,12.68,12.8,12.46,12.74,14920726.0,188377393.0,526359600.0,0.02834701979407234
2025-12-05,12.64,12.84,12.6,12.74,14498525.0,184841948.0,526359600.0,0.027544904662135924
2025-12-08,12.74,13.49,12.72,13.35,27316442.0,361066068.0,526359600.0,0.05189691990038749
2025-12-09,13.6,13.98,13.23,13.35,18219451.0,246109131.0,526359600.0,0.03461407562434503
2025-12-10,13.26,13.48,13.26,13.37,8712199.0,116528956.0,526359600.0,0.016551800328140687
2025-12-11,13.41,13.58,13.26,13.34,9989702.0,133957428.0,526359600.0,0.018978854000193023
2025-12-12,13.37,13.52,13.25,13.39,7370102.0,98797053.0,526359600.0,0.014002028271166709
2025-12-15,13.43,13.44,13.12,13.14,8958108.0,118444770.0,526359600.0,0.01701898853939398
2025-12-16,13.1,13.14,12.68,12.71,9200697.0,118057526.0,526359600.0,0.017479869275681494
2025-12-17,13.01,13.13,12.74,13.13,10739634.0,139389367.0,526359600.0,0.020403606203819594
2025-12-18,13.0,13.15,12.92,13.0,6836819.0,89138773.0,526359600.0,0.01298887490605282
2025-12-19,13.0,13.24,12.92,13.2,8578411.0,112588269.0,526359600.0,0.016297624285754455
2025-12-22,13.16,13.68,13.12,13.53,12515402.0,168040347.0,526359600.0,0.02377728457883166
2025-12-23,13.5,13.63,13.41,13.59,10076345.0,136326350.0,526359600.0,0.01914346199822327
2025-12-24,13.6,14.32,13.45,14.2,18810266.0,262700921.0,526359600.0,0.035736530691185264
2025-12-25,14.19,14.89,14.19,14.86,18410709.0,270094282.0,526359600.0,0.03497743557826247
2025-12-26,14.86,15.47,14.63,14.79,15936790.0,237668939.0,526359600.0,0.03027738071082963
2025-12-29,14.99,16.27,14.95,16.27,42078540.0,673881126.0,526359600.0,0.07994257158034165
2025-12-30,16.56,17.47,16.3,17.23,45354799.0,766352335.0,526359600.0,0.0861669455634513
2025-12-31,18.0,18.0,17.09,17.6,33512772.0,587563246.0,526359550.0,0.06366897304323632
2026-01-05,17.68,17.75,16.26,16.45,30364483.0,509393858.0,526359550.0,0.057687721254416305
2026-01-06,16.51,16.6,15.73,15.81,22110116.0,354622972.0,526359550.0,0.04200572783375926
2026-01-07,15.82,15.95,15.22,15.26,18949900.0,292177161.0,526359550.0,0.036001816628956386
2026-01-08,15.3,15.73,15.22,15.35,15092261.0,233489487.0,526359550.0,0.028672911890740845
2026-01-09,15.27,15.85,15.25,15.83,15234866.0,238223654.0,526359550.0,0.02894383886451761
2026-01-12,15.88,16.24,15.66,15.79,14855244.0,235723630.0,526359550.0,0.028222617030506998
2026-01-13,15.88,15.88,14.96,15.06,17911721.0,273089174.0,526359550.0,0.03402944052216778
2026-01-14,15.05,15.17,14.75,14.88,12873660.0,192929320.0,526359550.0,0.0244579204462045
2026-01-15,14.81,14.94,14.75,14.85,7950485.0,117919486.0,526359550.0,0.015104665622576811
2026-01-16,14.89,14.91,14.65,14.66,8115782.0,119613225.0,526359550.0,0.015418703811871562
2026-01-19,14.71,15.44,14.68,15.29,16455313.0,248852359.0,526359550.0,0.03126249537982165
2026-01-20,15.32,16.82,15.18,16.82,17416752.0,285246183.0,526359550.0,0.03308907760864223
2026-01-21,17.62,18.5,17.32,18.5,28622818.0,524075884.0,526359550.0,0.05437883287194086
2026-01-22,18.18,18.88,17.27,18.05,54230519.0,972814733.0,526359550.0,0.10302941971889747
2026-01-23,17.85,19.47,17.74,18.98,37765181.0,706185934.0,526359550.0,0.07174787842264854
2026-01-26,19.31,19.92,18.9,19.26,26219941.0,508375871.0,526359550.0,0.049813746136077516
2026-01-27,19.26,19.51,18.6,19.2,19393852.0,369676650.0,526359550.0,0.03684525530124798
2026-01-28,19.26,19.98,18.6,18.91,23294792.0,446456003.0,526359550.0,0.0442564250995351
2026-01-29,18.91,18.96,18.15,18.33,22263799.0,409986754.0,526359550.0,0.04229770125762893
2026-01-30,17.96,18.5,17.59,18.23,19825407.0,356646254.0,526359550.0,0.03766514163179902
2026-02-02,18.3,18.85,17.81,18.0,15137042.0,276457021.0,526359550.0,0.028757988717028123
2026-02-03,17.98,18.25,17.65,18.05,10232462.0,184183566.0,526359550.0,0.019440061456090233
2026-02-04,17.97,18.2,17.55,18.02,10926100.0,195911363.0,526359550.0,0.020757864087390453
2026-02-05,17.88,18.25,17.74,18.02,11256500.0,203162909.0,526359550.0,0.021385571896624656
2026-02-06,18.02,18.55,17.89,18.3,14795191.0,270243361.0,526359550.0,0.028108525816620978
2026-02-09,18.33,18.44,17.6,17.75,16681432.0,297855327.0,526359550.0,0.031692085761529355
2026-02-10,17.74,17.82,17.27,17.37,8707762.0,151985338.0,526359550.0,0.01654337230131001
2026-02-11,17.38,17.5,17.21,17.45,5798134.0,100868795.0,526359550.0,0.011015538713033705
2026-02-12,17.5,18.24,17.3,18.06,11289274.0,202404435.0,526359550.0,0.021447837319566065
2026-02-13,17.93,18.15,17.8,17.97,7789110.0,139789061.0,526359550.0,0.01479807861375366
2026-02-24,18.0,18.16,17.42,17.65,6851772.0,121274673.0,526359550.0,0.013017284477882087
2026-02-25,17.68,17.83,17.49,17.63,6475951.0,114146332.0,526359550.0,0.012303283943456521
2026-02-26,17.58,17.75,17.45,17.57,5779100.0,101638729.0,526359550.0,0.010979377119689384
2026-02-27,17.78,19.13,17.68,19.06,17551096.0,326653119.0,526359550.0,0.0333443099873461
2026-03-02,18.5,18.68,17.5,17.97,17044721.0,305558560.0,526359550.0,0.032382277475539296
2026-03-03,18.16,18.16,17.4,17.41,10128905.0,178809451.0,526359550.0,0.01924331951419899
2026-03-04,17.2,17.65,17.17,17.35,5844194.0,101958293.0,526359550.0,0.011103045437287117
2026-03-05,17.6,17.79,17.42,17.69,6415614.0,113066794.0,526359550.0,0.012188653174431812
2026-03-06,17.63,18.39,17.44,18.36,9443100.0,170590826.0,526359550.0,0.017940398345579558
2026-03-09,18.25,19.21,18.1,18.7,12958419.0,241973120.0,526359550.0,0.024618949157472304
2026-03-10,18.63,19.75,18.48,19.19,16838751.0,322390185.0,526359550.0,0.031990967011047866
2026-03-11,19.2,19.95,19.2,19.54,14397774.0,282100177.0,526359550.0,0.02735349629355067
2026-03-12,19.55,20.36,19.4,20.21,19646885.0,393064524.0,526359550.0,0.037325978031556566
2026-03-13,20.34,21.77,20.32,20.81,21914382.0,461339275.0,526359550.0,0.04163386415236505
2026-03-16,21.0,21.22,19.9,20.16,15760540.0,320239640.0,526359550.0,0.02994253642780871
2026-03-17,20.29,20.49,19.3,19.36,13464740.0,265441666.0,526359550.0,0.025580879077809076
2026-03-18,19.5,21.3,19.5,21.3,14141529.0,292425469.0,526359550.0,0.026866671270617204
2026-03-19,21.92,22.0,20.76,21.4,29163051.0,626675486.0,526359550.0,0.055405190235457875
2026-03-20,21.23,21.65,20.31,20.41,18896996.0,394212263.0,526359550.0,0.03590130738579741
2026-03-23,20.21,20.21,19.1,19.4,17743993.0,345357897.0,526359550.0,0.033710783816879544
2026-03-24,19.68,19.96,19.23,19.92,11726900.0,230639644.0,526359550.0,0.022279257591127585
2026-03-25,19.9,20.15,19.55,19.68,9472004.0,187426258.0,526359550.0,0.017995311379835323
2026-03-26,19.67,20.29,19.53,20.0,12342290.0,246412073.0,526359550.0,0.023448401382667038
2026-03-27,19.81,20.95,19.11,20.55,15713073.0,313611836.0,526359550.0,0.029852356625808346
2026-03-30,20.71,22.61,20.5,22.61,39115224.0,872839475.0,526359550.0,0.07431274686666177
2026-03-31,23.3,24.24,23.06,23.66,37530182.0,887187672.0,526359550.0,0.07130141744364665
2026-04-01,23.32,23.37,21.29,21.29,15401800.0,333310285.0,526359550.0,0.029260987095227967
2026-04-02,20.0,20.6,19.16,19.16,13626200.0,263968465.0,526359550.0,0.025887627573205427
2026-04-03,17.88,18.2,17.24,17.24,39355303.0,686893313.0,526359550.0,0.07476885904321486
2026-04-07,16.54,16.7,16.08,16.16,31367410.0,512572321.0,526359550.0,0.05959312412969424
2026-04-08,16.25,16.95,16.21,16.61,26326464.0,437091632.0,526359550.0,0.05001612300945238
2026-04-09,16.22,16.29,15.57,15.67,26104500.0,411744480.0,526359550.0,0.04959442647141103
2026-04-10,15.75,15.9,15.31,15.35,19009532.0,293769625.0,526359550.0,0.03611510800934456
2026-04-13,15.13,15.52,15.02,15.4,14815876.0,227434268.0,526359550.0,0.02814782404916943
2026-04-14,15.3,15.68,15.06,15.66,20534544.0,317022776.0,526359550.0,0.03901238991484053
2026-04-15,15.64,15.74,15.28,15.55,16453507.0,255081727.0,526359550.0,0.03125906426510168
2026-04-16,15.53,15.63,15.31,15.39,11776800.0,181289372.0,526359550.0,0.022374059708805513
2026-04-17,15.35,15.35,14.6,14.86,18182438.0,271587970.0,526359550.0,0.03454376005906989
2026-04-20,14.82,15.09,14.75,15.02,12247583.0,183243007.0,526359550.0,0.023268473042808855
2026-04-21,15.06,15.21,14.84,14.95,12831003.0,192455814.0,526359550.0,0.024376878884405154
2026-04-22,14.9,15.1,14.73,14.78,12400772.0,184413760.0,526359550.0,0.023559507944711938
2026-04-23,14.66,14.75,14.41,14.55,11388501.0,165423322.0,529802550.0,0.02149574591515273
2026-04-24,14.55,14.55,14.06,14.24,12183602.0,173080688.0,529802550.0,0.02299649558123116
2026-04-27,14.08,14.18,13.78,13.94,12174851.0,169146006.0,529802550.0,0.02297997810693814
2026-04-28,14.03,14.24,14.0,14.19,12153332.0,171730514.0,529802550.0,0.022939361088390384
2026-04-29,14.16,14.85,14.12,14.72,16892583.0,247550395.0,529802550.0,0.0318846766592573
2026-04-30,14.5,14.94,14.31,14.74,11605803.0,170519960.0,529802550.0,0.0219059024914093
2026-05-06,14.75,14.98,14.5,14.67,12433659.0,182866075.0,529802550.0,0.023468477076978963
2026-05-07,14.63,15.11,14.57,14.94,14478275.0,214993306.0,529802550.0,0.027327680850158232
2026-05-08,14.95,15.25,14.81,15.04,13547767.0,204234052.0,529802550.0,0.025571351062768574
2026-05-11,15.04,15.34,14.93,15.16,13680935.0,207470343.0,529802550.0,0.02582270508135531
2026-05-12,15.1,15.11,14.77,14.87,8977867.0,133742808.0,529802550.0,0.016945684765012927
2026-05-13,14.8,14.95,14.56,14.58,10079268.0,148048051.0,529802550.0,0.01902457434378147
2026-05-14,14.71,14.9,14.56,14.62,11224230.0,165275409.0,529802550.0,0.021185685119862106
2026-05-15,14.51,14.56,14.26,14.34,8781120.0,126358671.0,529802550.0,0.016574325661512953
2026-05-18,14.3,14.35,13.9,13.96,7901769.0,110866091.0,529802550.0,0.01491455448827115
2026-05-19,14.0,14.66,13.85,14.51,12767555.0,181897932.0,529802550.0,0.024098704319184573
2026-05-20,14.4,14.56,14.07,14.25,7059557.0,100484894.0,529802550.0,0.013324883015379974
2026-05-21,14.24,14.31,13.59,13.68,8603390.0,120055965.0,529802550.0,0.016238861062484504
2026-05-22,13.77,13.87,13.51,13.61,6426554.0,87867571.0,529802550.0,0.012130092616579517
2026-05-25,13.67,13.83,13.33,13.42,7787862.0,104980653.0,529802550.0,0.014699555523090631
2026-05-26,13.44,13.45,13.1,13.28,6321626.0,83759725.0,529302750.0,0.011943308437373507
2026-05-27,13.27,13.45,12.71,12.85,8332583.0,107620886.0,529302750.0,0.01574256510097482
2026-05-28,12.9,12.98,12.45,12.66,7186700.0,91062945.0,529302750.0,0.013577673647076271
2026-05-29,12.66,12.8,12.43,12.54,8387908.0,105381643.0,529302750.0,0.01584708940204826
2026-06-01,12.8,13.79,12.7,13.79,8274262.0,110866196.0,529302750.0,0.015632380523244966
2026-06-02,13.85,14.56,13.58,13.96,28757398.0,405983757.0,529302750.0,0.054330717155729874
2026-06-03,13.89,14.41,13.5,14.39,19306054.0,270027447.0,529302750.0,0.03647450159667601
2026-06-04,14.29,14.79,14.2,14.57,17349332.0,251138124.0,529302750.0,0.032777709921212386
2026-06-05,14.43,14.66,13.87,14.1,17491235.0,247306146.0,529302750.0,0.033045804126277445
2026-06-08,14.0,15.15,13.88,14.74,21682721.0,319222405.0,529302750.0,0.04096468608938835
2026-06-09,15.2,16.21,14.89,16.21,29206376.0,459700436.0,529302750.0,0.05517896137890838
2026-06-10,17.63,17.83,17.02,17.83,29630097.0,524874140.0,529302750.0,0.05597948810959323
2026-06-11,18.95,19.61,17.76,19.61,29141368.0,560492855.0,529302750.0,0.05505614319970943
2026-06-12,19.39,21.18,18.9,18.91,82195605.0,1652577599.0,529302750.0,0.1552903418695633
2026-06-15,19.53,20.45,17.1,17.37,48985598.0,895062015.0,529302750.0,0.09254740883171304
2026-06-16,16.9,19.11,16.3,19.11,28601493.0,507253409.0,529302750.0,0.05403616928119115
2026-06-17,19.11,19.78,18.4,19.13,41635966.0,792853495.0,529302750.0,0.07866191135413522
2026-06-18,19.05,19.49,17.84,18.86,31571337.0,585750018.0,529302750.0,0.05964702998425759
2026-06-22,19.11,20.75,19.08,20.75,46737060.0,955548038.0,529302750.0,0.08829929562995847
2026-06-23,21.12,21.78,20.33,20.66,44497536.0,941239917.0,529302750.0,0.08406821237939913
2026-06-24,20.76,21.5,20.08,20.28,28088365.0,580280646.0,529302750.0,0.053066727879271365
2026-06-25,20.59,22.31,20.3,22.31,29983342.0,642813024.0,529302750.0,0.0566468660893978
2026-06-26,22.78,22.94,21.11,21.73,31535990.0,686041826.0,529302750.0,0.05958024967752387
2026-06-29,21.81,22.3,20.51,21.21,25225645.0,535958903.0,529302750.0,0.047658254184396356
2026-06-30,19.09,22.39,19.09,22.09,32137529.0,683672242.0,529302750.0,0.060716724029867594
2026-07-01,22.09,22.84,21.53,22.5,21089916.0,472860346.0,529302750.0,0.0398447126904215
2026-07-02,22.5,23.33,22.13,22.36,19147654.0,433343502.0,529302750.0,0.036175239973720144
2026-07-03,22.36,22.36,21.23,21.24,19082190.0,413177213.0,529302750.0,0.036051560283788434
2026-07-06,21.38,22.22,20.33,21.65,32090564.0,676589241.0,529302750.0,0.06062799409222794
2026-07-07,21.37,23.0,21.24,21.52,21999629.0,484619857.0,529302750.0,0.04156341337731572
2026-07-08,21.43,22.13,21.11,21.85,18415382.0,400211636.0,529302750.0,0.034791774650707936
2026-07-09,21.53,22.56,21.12,21.91,19717930.0,432339058.0,529302750.0,0.03725264983036646
2026-07-10,22.48,24.1,22.44,24.1,22350305.0,534113404.0,529302750.0,0.04222593780213687
2026-07-13,24.9,26.38,22.56,22.96,45759236.0,1119798947.0,529302750.0,0.08645191433447115
2026-07-14,22.93,23.39,21.76,22.1,29212787.0,647387799.0,529302750.0,0.05519107353967082
2026-07-15,22.01,22.2,20.96,21.11,21829504.0,467208735.0,529302750.0,0.04124199997071619
2026-07-16,20.9,21.32,20.57,20.69,17148891.0,357959856.0,529302750.0,0.03239902116510825
2026-07-17,20.32,20.81,18.62,18.62,22059172.0,426451377.0,529302750.0,0.04167590665266712
2026-07-20,18.8,20.2,17.86,18.38,24566516.0,466853577.0,529302750.0,0.04641297631648428
2026-07-21,18.38,20.22,17.02,20.22,30702800.0,587072385.0,529302750.0,0.058006122205108514
2026-07-22,20.33,20.71,18.78,19.15,32839729.0,639767040.0,529302750.0,0.062043374987188336
2026-07-23,18.96,19.85,18.46,18.88,17081616.0,324989758.0,529302750.0,0.03227191999285853
2026-07-24,19.06,19.12,18.04,18.04,12069051.0,222995830.0,529302750.0,0.0228017916022541
2026-07-27,17.83,18.65,17.58,18.65,12618585.0,229833700.0,529302750.0,0.023840014056227744
2026-07-28,18.32,19.09,17.86,18.13,10048788.0,184779049.0,529302750.0,0.01898495331830413
2026-07-29,18.07,18.45,17.31,18.11,16608200.0,296522912.0,529302750.0,0.031377505595805044
2026-07-30,17.88,18.4,16.35,17.1,18416100.0,316443733.0,529302750.0,0.034793131152256435
2026-07-31,17.65,18.81,17.6,18.81,17657687.0,329786832.0,529302750.0,0.033360278215066895
2026-08-03,19.1,19.69,18.0,18.02,27271448.0,508083960.0,529302750.0,0.051523344626492114
2026-08-04,18.2,19.82,18.04,19.82,14463196.0,281456663.0,529302750.0,0.027324996894499416
2026-08-05,20.05,21.4,19.8,21.17,35744288.0,743048464.0,529302750.0,0.06753089418107124
2026-08-06,21.25,21.96,21.0,21.6,19156945.0,411271362.0,529302750.0,0.03619279325489996
2026-08-07,21.43,21.7,21.14,21.4,13691923.0,293501010.0,529302750.0,0.025867847843223938
2026-08-10,21.87,21.98,20.9,21.87,14353885.0,309183638.0,529302750.0,0.02711847803549103
2026-08-11,21.72,22.71,21.2,21.94,14776271.0,326226575.0,529302750.0,0.027916482580149074
2026-08-12,21.9,24.13,21.76,24.13,25234148.0,602957725.0,529302750.0,0.04767431871457309
2026-08-13,24.13,24.54,23.7,23.85,25323728.0,610661544.0,529302750.0,0.047843560230888656
2026-08-14,23.73,24.1,22.59,23.7,21485406.0,501233711.0,529302750.0,0.04059190321607058
2026-08-17,23.79,24.56,23.05,24.19,18552209.0,443769309.0,529302750.0,0.035050278881037365
2026-08-18,24.05,24.88,23.58,23.61,21731764.0,523570772.0,529302750.0,0.04105734194655138
2026-08-19,23.13,23.57,22.4,22.45,17132524.0,392267487.0,529302750.0,0.0323680993533474
2026-08-20,22.63,23.0,22.12,22.43,12071988.0,271289205.0,529302750.0,0.02280734041151307
2026-08-21,22.3,22.74,22.13,22.33,10798515.0,241522304.0,529302750.0,0.020401395987457084
2026-08-24,21.71,22.2,21.51,22.1,11878206.0,259265639.0,529302750.0,0.0224412323570962
2026-08-25,21.88,22.19,21.31,21.5,10697503.0,231406078.0,529302750.0,0.020210556245929198
2026-08-26,21.5,22.36,21.2,22.3,11610573.0,253104347.0,529302750.0,0.021935599238809923
2026-08-27,22.19,22.62,22.0,22.45,13019366.0,291170784.0,529302750.0,0.02459720075136583
2026-08-28,22.4,23.06,22.1,22.17,9743702.0,218010258.0,529302750.0,0.018408561073978928
2026-08-31,22.16,23.55,21.87,22.94,15033618.0,341852844.0,529302750.0,0.028402682585722445
2026-09-01,22.93,24.02,22.7,23.25,17922608.0,417985916.0,529302750.0,0.03386078761162681
2026-09-02,23.04,23.38,22.7,22.93,11638007.0,267310440.0,529302750.0,0.02198742968934131
2026-09-03,22.9,23.25,22.61,23.06,9934298.0,227834149.0,529302750.0,0.018768649888934074
2026-09-04,23.12,23.35,22.21,22.31,11856988.0,268586045.0,529302750.0,0.022401145658132327
2026-09-07,22.22,22.46,21.7,22.14,13332073.0,294516782.0,529302750.0,0.025187991182739934
2026-09-08,22.14,22.4,21.65,21.7,10777612.0,236522918.0,529302750.0,0.020361904411038863
2026-09-09,21.72,21.91,19.65,21.09,25662750.0,529027333.0,529302750.0,0.04848406701079864
2026-09-10,20.53,23.2,20.46,23.2,28503235.0,624024576.0,529302750.0,0.05385053261106238
2026-09-11,22.95,22.97,21.4,21.82,28193537.0,622071036.0,529302750.0,0.05326542701695769
2026-09-14,21.76,22.14,19.96,20.11,19851506.0,407408016.0,529302750.0,0.037505012018169186
2026-09-15,20.12,20.87,19.01,20.25,20515448.0,407842597.0,529302750.0,0.03875938298072323
2026-09-16,20.05,20.19,19.61,19.83,11388597.0,225814550.0,529302750.0,0.021516224882640416
2026-09-17,19.79,20.12,19.38,19.43,9617276.0,189314561.0,529302750.0,0.018169707223323513
2026-09-18,19.4,19.77,17.7,18.47,33463604.0,613320098.0,529302750.0,0.06322204825121351
2026-09-21,18.09,18.64,17.82,18.17,21314381.0,386090542.0,529302750.0,0.04026878945934061
2026-09-22,18.16,19.77,17.98,19.47,29876855.0,561011088.0,529302750.0,0.056445682551243125
2026-09-23,19.47,19.73,18.6,19.1,19967213.0,379898352.0,529302750.0,0.03772361469877117
2026-09-24,18.88,19.19,18.52,18.66,10238774.0,193024717.0,529302750.0,0.019343889673726425
