date,open,high,low,close,volume,amount,outstanding_share,turnover
2021-01-04,19.9,21.03,19.9,20.7,76886294.0,1586974308.0,962815427.0,0.07985569387849038
2021-01-05,20.77,21.27,20.31,20.5,65148865.0,1347829857.0,962815427.0,0.06766495755369736
2021-01-06,20.54,21.49,20.18,20.95,79713388.0,1677435258.0,962815427.0,0.08279197213153919
2021-01-07,20.5,21.42,20.32,21.18,67290558.0,1412267728.0,962815427.0,0.06988936416366748
2021-01-08,21.18,21.18,20.2,20.46,46451581.0,952397282.0,962815427.0,0.04824557199372752
2021-01-11,20.49,20.93,20.14,20.79,46879392.0,965971715.0,962815427.0,0.048689905339458175
2021-01-12,20.88,20.88,19.17,20.01,69993063.0,1382025623.0,962815427.0,0.07269624170656334
2021-01-13,19.7,19.9,19.28,19.49,42122750.0,821514252.0,962815427.0,0.04374955865762213
2021-01-14,19.4,19.4,18.25,18.35,43410302.0,810906949.0,962815427.0,0.04508683677333725
2021-01-15,18.34,18.83,18.32,18.47,23652689.0,438726195.0,962815427.0,0.024566171601236714
2021-01-18,18.61,19.1,18.6,18.91,24290285.0,459339261.0,962815427.0,0.025228391983378555
2021-01-19,18.8,18.88,18.4,18.47,22104019.0,411398925.0,962815427.0,0.022957690934464016
2021-01-20,18.47,19.2,18.23,18.85,22974291.0,431702971.0,962815427.0,0.023861573418681833
2021-01-21,18.72,19.19,18.57,19.11,28763830.0,545901230.0,962815427.0,0.029874708270539584
2021-01-22,19.11,19.24,18.5,18.59,27177534.0,508605709.0,962815427.0,0.028227148462588978
2021-01-25,18.28,18.92,16.73,18.68,56350194.0,1011799268.0,995592925.0,0.05659963282684035
2021-01-26,18.25,18.35,17.8,17.82,33395809.0,601764736.0,1061871877.0,0.03144994205360239
2021-01-27,17.91,18.35,17.6,18.24,28397761.0,511846980.0,1061871877.0,0.0267431143201846
2021-01-28,18.29,19.48,18.2,18.52,62359025.0,1179216073.0,1061871877.0,0.058725564120011065
2021-01-29,18.6,18.7,17.45,17.98,34085234.0,616993435.0,1061871877.0,0.03209919646454673
2021-02-01,17.93,18.44,17.35,18.34,25134545.0,450765905.0,1061871877.0,0.023670035476417463
2021-02-02,18.19,18.35,18.01,18.31,18412194.0,334543572.0,1061871877.0,0.017339374362204715
2021-02-03,18.32,18.78,17.95,18.43,30827292.0,568725390.0,1061871877.0,0.02903108432167283
2021-02-04,18.1,18.25,17.35,17.54,32078189.0,566944481.0,1061871877.0,0.030209095555508342
2021-02-05,17.54,18.56,17.49,17.74,31517840.0,568431550.0,1061871877.0,0.029681396299000014
2021-02-08,17.6,18.0,17.4,17.78,18323492.0,324115163.0,1061871877.0,0.017255840743958226
2021-02-09,17.82,18.5,17.7,18.4,27669248.0,504505842.0,1061871877.0,0.026057049441945056
2021-02-10,18.4,18.84,18.26,18.78,29369291.0,546026594.0,1061871877.0,0.027658036375324404
2021-02-18,19.16,19.43,18.69,19.31,42663810.0,817536903.0,1061871877.0,0.040177926286675734
2021-02-19,19.55,20.15,19.33,19.84,53060463.0,1048134384.0,1061871877.0,0.049968799578633157
2021-02-22,20.5,20.6,19.53,19.89,87930476.0,1767733507.0,1061871877.0,0.08280704848161263
2021-02-23,19.81,19.81,18.9,18.95,44868618.0,855785802.0,1061871877.0,0.042254267178412144
2021-02-24,18.95,19.42,18.72,19.03,35556956.0,677197777.0,1061871877.0,0.03348516593212309
2021-02-25,19.03,19.28,18.59,19.26,36051896.0,682331202.0,1061871877.0,0.033951267361796794
2021-02-26,18.88,20.1,18.8,19.88,59943898.0,1181357714.0,1061871877.0,0.0564511588435259
2021-03-01,19.98,20.45,19.58,20.2,50707771.0,1017683359.0,1061871877.0,0.04775319141444783
2021-03-02,19.94,20.1,19.39,19.81,44840837.0,883564056.0,1061871877.0,0.04222810488840171
2021-03-03,19.81,20.2,19.51,19.82,39879824.0,790899235.0,1061871877.0,0.03755615424402091
2021-03-04,19.69,19.69,19.05,19.28,29745982.0,574677155.0,1061871877.0,0.028012778795911176
2021-03-05,19.1,19.89,18.99,19.49,33897846.0,661387515.0,1061871877.0,0.0319227269637917
2021-03-08,19.49,19.49,18.33,18.5,40696710.0,769372221.0,1061871877.0,0.03832544291028436
2021-03-09,18.25,18.32,17.26,17.74,34735631.0,619162356.0,1061871877.0,0.03271169691218784
2021-03-10,17.6,17.99,17.38,17.51,22138325.0,389662095.0,1061871877.0,0.020848395629937188
2021-03-11,17.51,17.69,17.29,17.66,22882751.0,400857465.0,1061871877.0,0.021549446308577584
2021-03-12,17.7,17.7,17.0,17.29,27818273.0,480320450.0,1061871877.0,0.026197391231974402
2021-03-15,17.16,17.25,16.9,17.07,15340865.0,261626513.0,1061871877.0,0.014447001876856373
2021-03-16,17.19,17.21,16.95,17.16,15909767.0,271777467.0,1061871877.0,0.014982755777418522
2021-03-17,17.17,17.66,17.1,17.57,24261494.0,424519352.0,1061871877.0,0.022847854365013943
2021-03-18,17.48,17.57,17.18,17.31,17373938.0,300608787.0,1061871877.0,0.016361614217606783
2021-03-19,17.35,17.48,17.22,17.28,15181819.0,262986787.0,1061871877.0,0.014297222978436597
2021-03-22,17.31,17.63,17.12,17.54,19854204.0,345922657.0,1061871877.0,0.018697363052962743
2021-03-23,17.62,18.12,17.47,17.92,28997773.0,516666003.0,1061871877.0,0.027308165540577734
2021-03-24,17.92,18.18,17.8,17.96,24515402.0,441168100.0,1061871877.0,0.02308696795818805
2021-03-25,18.1,18.82,18.1,18.63,42919109.0,797677045.0,1061871877.0,0.040418349830730095
2021-03-26,18.85,18.86,18.23,18.38,26279663.0,484173990.0,1061871877.0,0.02474843111416162
2021-03-29,18.31,18.35,18.01,18.08,18061278.0,328050525.0,1061871877.0,0.017008905114830535
2021-03-30,17.92,18.15,17.8,17.95,13966120.0,250879382.0,1061871877.0,0.013152358869750913
2021-03-31,17.92,18.0,17.65,17.83,13041281.0,231689292.0,1061871877.0,0.012281407279420774
2021-04-01,17.98,18.3,17.7,17.71,14526970.0,260439937.0,1061871877.0,0.0136805299345921
2021-04-02,17.63,17.91,17.37,17.88,16534947.0,291865507.0,1061871877.0,0.015571508538972259
2021-04-06,17.86,17.86,17.55,17.61,14054698.0,248315628.0,1061871877.0,0.013235775713080685
2021-04-07,17.55,17.74,17.38,17.59,13149027.0,230478764.0,1061871877.0,0.0123828752647152
2021-04-08,17.68,17.92,17.46,17.53,14026449.0,247437908.0,1061871877.0,0.013209172691932964
2021-04-09,17.44,17.51,17.15,17.19,17324594.0,299255512.0,1061871877.0,0.01631514533461931
2021-04-12,17.17,17.3,17.0,17.1,12533386.0,214744609.0,1061871877.0,0.01180310569614982
2021-04-13,17.01,17.42,17.01,17.41,15865082.0,273693841.0,1061871877.0,0.014940674429406704
2021-04-14,17.25,17.36,17.18,17.28,8633795.0,148996454.0,1061871877.0,0.008130731387662507
2021-04-15,17.3,17.4,17.06,17.09,11167350.0,191620384.0,1061871877.0,0.010516664243477277
2021-04-16,17.08,17.19,17.01,17.18,9768784.0,167391685.0,1061871877.0,0.009199588209830705
2021-04-19,17.1,17.45,17.1,17.36,13125547.0,227019405.0,1061871877.0,0.012360763369195059
2021-04-20,17.3,17.55,17.28,17.36,12842408.0,223444799.0,1061871877.0,0.012094121972871498
2021-04-21,17.3,17.32,17.07,17.18,9089439.0,156030474.0,1061871877.0,0.008559826469535552
2021-04-22,17.17,17.27,17.11,17.25,9497365.0,163262514.0,1061871877.0,0.008943983926603227
2021-04-23,17.18,17.37,17.15,17.31,10022750.0,172953080.0,1061871877.0,0.009438756423530368
2021-04-26,17.33,17.49,17.0,17.03,17995960.0,309982362.0,1061871877.0,0.016947392985717052
2021-04-27,17.0,17.12,16.87,16.9,13195277.0,223699320.0,1061871877.0,0.01242643042518396
2021-04-28,16.95,17.08,16.8,16.84,11188088.0,189308450.0,1061871877.0,0.01053619390656487
2021-04-29,16.82,16.82,16.58,16.73,13797375.0,230044709.0,1061871877.0,0.012993446101030887
2021-04-30,16.73,16.93,16.65,16.9,13751550.0,231237372.0,1061871877.0,0.012950291177171839
2021-05-06,16.97,17.49,16.9,17.42,27688384.0,479665707.0,1061871877.0,0.02607507044844733
2021-05-07,17.26,17.49,17.03,17.28,20231953.0,348896518.0,1061871877.0,0.019053101827274405
2021-05-10,17.28,17.37,16.97,17.14,17749811.0,304282658.0,1061871877.0,0.016715586300436507
2021-05-11,17.14,17.15,16.74,16.86,25825216.0,437235859.0,1061871877.0,0.024320463286928166
2021-05-12,16.85,17.83,16.8,17.76,53534523.0,934997563.0,1061871877.0,0.05041523761910496
2021-05-13,17.65,17.69,17.22,17.35,26758236.0,465352053.0,1061871877.0,0.025199119196561977
2021-05-14,17.25,17.46,17.2,17.36,19045003.0,329804756.0,1061871877.0,0.017935311606336102
2021-05-17,17.36,17.59,17.23,17.46,19539243.0,339822952.0,1061871877.0,0.018400753822770278
2021-05-18,17.38,17.48,17.25,17.4,13290427.0,230841217.0,1061871877.0,0.012516036339099694
2021-05-19,17.32,17.38,17.1,17.12,16033704.0,275348486.0,1061871877.0,0.01509947136494321
2021-05-20,17.01,17.21,16.96,17.05,14708305.0,251332536.0,1061871877.0,0.013851299124291621
2021-05-21,17.05,17.34,17.03,17.09,12948015.0,222397209.0,1061871877.0,0.012193575590852568
2021-05-24,18.8,18.8,17.56,17.66,122535186.0,2229698336.0,1061871877.0,0.11539545274161168
2021-05-25,17.05,17.18,16.56,17.12,61130860.0,1035602522.0,1061871877.0,0.0575689603652626
2021-05-26,16.96,17.1,16.85,16.97,35289396.0,598047894.0,1061871877.0,0.03323319579731181
2021-05-27,16.97,17.0,16.75,16.8,34180426.0,575256037.0,1061871877.0,0.03218884193125683
2021-05-28,16.8,16.9,16.7,16.71,26316395.0,441608669.0,1061871877.0,0.02478302285803921
2021-05-31,16.78,16.78,16.56,16.76,22420709.0,373691028.0,1061871877.0,0.021114326017695258
2021-06-01,16.68,17.01,16.66,16.91,32418670.0,547909331.0,1061871877.0,0.03052973781694757
2021-06-02,16.88,17.11,16.7,16.94,30366633.0,514182993.0,1061871877.0,0.02859726644780517
2021-06-03,16.85,16.9,16.61,16.64,23954977.0,400875919.0,1061871877.0,0.022559197129956573
2021-06-04,16.69,16.89,16.64,16.71,17817485.0,298475077.0,1061871877.0,0.0167793171529676
2021-06-07,16.67,16.67,16.2,16.29,29723979.0,487137142.0,1061871877.0,0.027992057840326438
2021-06-08,16.29,16.39,16.22,16.35,12664177.0,206596082.0,1061871877.0,0.01192627592302268
2021-06-09,16.35,16.39,16.22,16.27,9607899.0,156490537.0,1061871877.0,0.00904807746405737
2021-06-10,16.24,16.27,16.01,16.05,20400876.0,328278402.0,1061871877.0,0.019212182224503906
2021-06-11,16.13,16.34,16.11,16.11,15760282.0,255481615.0,1061871877.0,0.014841980790117488
2021-06-15,16.2,16.3,16.06,16.22,12842024.0,208092247.0,1061871877.0,0.012093760347322957
2021-06-16,16.25,16.33,16.1,16.13,13384943.0,216689859.0,1061871877.0,0.012605045194167054
2021-06-17,16.1,16.13,15.49,15.6,25948973.0,408227975.0,1061871877.0,0.024437009362476975
2021-06-18,15.58,15.58,15.04,15.31,21036671.0,319929998.0,1061871877.0,0.019810931483968473
2021-06-21,15.3,15.42,15.13,15.21,14153479.0,215722583.0,1061871877.0,0.013328801060243166
2021-06-22,15.31,16.0,15.3,15.86,31420515.0,495974129.0,1061871877.0,0.029589742115375753
2021-06-23,16.0,16.07,15.64,15.97,21988223.0,347809767.0,1061871877.0,0.020707039593252173
2021-06-24,15.91,16.28,15.82,15.95,18652351.0,299681503.0,1061871877.0,0.017565538182154908
2021-06-25,15.95,16.03,15.75,15.87,11710036.0,185571913.0,1061871877.0,0.01102772966648593
2021-06-28,15.92,16.18,15.92,15.96,15901849.0,255395927.0,1061871877.0,0.01497529913394627
2021-06-29,15.99,16.0,15.65,15.65,13818183.0,217873637.0,1061871877.0,0.013013041685442433
2021-06-30,15.73,16.28,15.45,16.04,20932958.0,330107982.0,1061871877.0,0.019713261508666924
2021-07-01,15.94,16.04,15.62,15.64,12935330.0,204214355.0,1061871877.0,0.012181629705219136
2021-07-02,15.64,16.17,15.5,15.69,17107304.0,271619159.0,1061871877.0,0.016110516127738072
2021-07-05,15.69,16.22,15.48,16.16,30801474.0,495198088.0,1061871877.0,0.02900677065393267
2021-07-06,16.11,16.88,16.1,16.65,45325986.0,749846383.0,1061871877.0,0.04268498580832083
2021-07-07,16.62,16.78,16.36,16.48,22216038.0,366360947.0,1061871877.0,0.020921580542056298
2021-07-08,16.48,17.06,16.42,16.96,40899306.0,690011685.0,1061871877.0,0.038516234289534726
2021-07-09,16.9,17.18,16.71,17.0,35274288.0,598677241.0,1061871877.0,0.03321896809213641
2021-07-12,17.5,18.18,17.2,17.92,89314530.0,1587726661.0,1061871877.0,0.0841104580830706
2021-07-13,17.57,18.33,17.45,17.9,45961077.0,823185435.0,1061871877.0,0.04328307208761307
2021-07-14,17.73,17.96,17.31,17.33,32438682.0,569140814.0,1061871877.0,0.030548583781732454
2021-07-15,16.92,16.98,16.19,16.34,55365714.0,912170673.0,1061871877.0,0.05213973097810933
2021-07-16,16.37,16.62,16.12,16.5,35100092.0,575115251.0,1061871877.0,0.03305492193574687
2021-07-19,16.6,18.15,16.45,18.15,71086557.0,1253606349.0,1061871877.0,0.06694457075257866
2021-07-20,18.01,18.39,17.69,17.89,68423752.0,1229307092.0,1061871877.0,0.06443691888075119
2021-07-21,18.25,18.33,17.8,18.07,44505581.0,803413619.0,1061871877.0,0.041912383182928954
2021-07-22,18.05,18.28,17.9,18.02,34931146.0,631740541.0,1061871877.0,0.03289581987865378
2021-07-23,18.08,18.54,17.77,18.25,58586726.0,1069637002.0,1061871877.0,0.055173064913932174
2021-07-26,18.25,19.35,17.92,18.73,81861850.0,1539593820.0,1061871877.0,0.07709202190312833
2021-07-27,18.49,19.27,18.32,18.87,63493539.0,1195902567.0,1061871877.0,0.059793973618909584
2021-07-28,18.65,19.23,17.93,18.49,53043518.0,986098826.0,1061871877.0,0.049952841909570604
2021-07-29,18.75,19.88,18.61,19.3,67162474.0,1297529781.0,1061871877.0,0.06324913151457348
2021-07-30,19.3,20.08,19.08,19.98,64399582.0,1270225103.0,1061871877.0,0.06064722439202522
2021-08-02,19.86,21.02,19.39,20.38,66028043.0,1348510229.0,1061871877.0,0.06218080017953051
2021-08-03,20.2,20.97,19.96,20.46,53716128.0,1097676749.0,1061871877.0,0.05058626107676831
2021-08-04,20.31,20.76,20.04,20.33,40209930.0,817406475.0,1061871877.0,0.037867026023517145
2021-08-05,20.25,22.36,20.13,22.36,96645680.0,2087212207.0,1061871877.0,0.09101444542729895
2021-08-06,22.3,23.81,22.08,23.35,94965435.0,2180024413.0,1061871877.0,0.08943210292779982
2021-08-09,23.32,24.3,22.6,23.14,67935160.0,1581572107.0,1061871877.0,0.0639767955734268
2021-08-10,23.05,24.24,22.87,23.35,60216623.0,1416512619.0,1061871877.0,0.056707993030311696
2021-08-11,23.08,23.34,22.3,22.93,51438677.0,1171422029.0,1061871877.0,0.04844150986023336
2021-08-12,23.1,23.86,22.76,22.97,49567454.0,1152500378.0,1061871877.0,0.04667931703779363
2021-08-13,23.42,24.0,22.4,23.71,72434202.0,1682143790.0,1061871877.0,0.06821369278998242
2021-08-16,23.5,23.75,21.34,21.34,89487351.0,1973121873.0,1061871877.0,0.08427320935631107
2021-08-17,20.79,21.12,19.8,20.0,70075208.0,1433433309.0,1061871877.0,0.06599214982317494
2021-08-18,20.1,20.23,19.72,19.85,38469176.0,767363920.0,1061871877.0,0.0362277001898601
2021-08-19,19.8,19.92,19.25,19.56,39315948.0,768788390.0,1061871877.0,0.03702513349451857
2021-08-20,19.65,19.87,18.85,19.19,39120746.0,754229732.0,1061871877.0,0.03684130529054401
2021-08-23,19.23,19.98,19.13,19.74,43740750.0,858318053.0,1061871877.0,0.04119211643835634
2021-08-24,19.61,20.11,19.4,19.8,37040646.0,734666017.0,1061871877.0,0.03488240606262897
2021-08-25,19.81,20.76,19.6,20.45,53287304.0,1076876063.0,1061871877.0,0.05018242327930114
2021-08-26,20.16,20.22,19.23,19.24,44819383.0,876459045.0,1061871877.0,0.0422079009443434
2021-08-27,19.07,19.45,18.69,19.37,33994230.0,650324300.0,1061871877.0,0.0320134949764754
2021-08-30,19.49,20.97,19.29,20.68,61192196.0,1244367188.0,1061871877.0,0.05762672251277637
2021-08-31,20.55,21.25,20.37,20.81,40221646.0,835152705.0,1061871877.0,0.03787805936968044
2021-09-01,20.78,21.55,20.47,20.71,41066389.0,859108402.0,1061871877.0,0.03867358189767747
2021-09-02,20.5,21.0,20.3,20.46,32593124.0,670794296.0,1061871877.0,0.03069402694050254
2021-09-03,20.39,22.51,20.35,21.9,78574624.0,1713371700.0,1061871877.0,0.07399633204524542
2021-09-06,21.46,22.25,20.9,22.05,50360588.0,1083562188.0,1061871877.0,0.047426237657106726
2021-09-07,21.25,21.28,20.51,20.93,60048868.0,1253610558.0,1061871877.0,0.056550012577459
2021-09-08,20.8,23.0,20.76,22.76,79346457.0,1751512541.0,1061871877.0,0.0747231928056797
2021-09-09,23.09,24.1,22.19,22.49,78580367.0,1809557880.0,1061871877.0,0.07400174041900914
2021-09-10,22.33,22.88,21.68,22.21,39160658.0,867870874.0,1061871877.0,0.03687889174599546
2021-09-13,22.2,23.18,21.81,22.76,40523498.0,912279740.0,1061871877.0,0.03816232341936296
2021-09-14,22.7,23.12,21.73,21.83,36320849.0,813519437.0,1061871877.0,0.03420454933095474
2021-09-15,21.56,22.98,21.5,22.83,46456009.0,1046323388.0,1061871877.0,0.04374916598342118
2021-09-16,22.9,24.1,22.62,23.03,63103394.0,1472798196.0,1061871877.0,0.0594265611198591
2021-09-17,22.79,23.4,22.33,22.72,31693658.0,722518238.0,1061871877.0,0.029846969946638862
2021-09-22,22.48,22.77,21.88,22.18,24434558.0,543744923.0,1061871877.0,0.023010834479421854
2021-09-23,22.51,23.25,22.27,22.85,31389807.0,715367971.0,1061871877.0,0.029560823372290893
2021-09-24,22.62,22.7,20.98,21.15,42320782.0,923538405.0,1061871877.0,0.03985488543077782
2021-09-27,21.0,21.46,20.54,20.67,29251188.0,612983376.0,1061871877.0,0.027546814859284573
2021-09-28,20.8,21.1,20.05,20.52,25692893.0,527123208.0,1061871877.0,0.02419585032479394
2021-09-29,20.6,20.92,20.22,20.3,23750862.0,486956526.0,1061871877.0,0.02236697525797644
2021-09-30,20.75,21.52,20.2,21.43,30621980.0,648535778.0,1061871877.0,0.028837735195053102
2021-10-08,21.72,23.57,21.52,23.57,70906301.0,1646791015.0,1061871877.0,0.06677481769300121
2021-10-11,23.57,25.12,23.14,24.63,81116645.0,1980517924.0,1061871877.0,0.07639023761432567
2021-10-12,24.63,25.2,23.9,24.51,57276936.0,1408539972.0,1061871877.0,0.05393959218678884
2021-10-13,24.44,24.5,22.5,23.25,51815880.0,1201378935.0,1061871877.0,0.04879673444821818
2021-10-14,23.07,23.67,22.62,23.3,36768215.0,852290705.0,1061871877.0,0.034625848745403774
2021-10-15,23.35,24.38,20.97,20.97,86286173.0,1910031267.0,1061871877.0,0.08125855375676364
2021-10-18,20.45,23.07,19.58,23.07,88710202.0,1895157174.0,1061871877.0,0.08354134234218918
2021-10-19,22.63,23.18,22.25,22.5,60679040.0,1374881583.0,1061871877.0,0.05714346647114377
2021-10-20,22.49,23.08,21.91,22.26,38721914.0,869137897.0,1061871877.0,0.036465711955190994
2021-10-21,22.45,22.58,21.88,22.26,27518641.0,610646308.0,1061871877.0,0.02591521782999438
2021-10-22,22.3,23.08,21.95,21.99,44299561.0,1000005655.0,1061871877.0,0.041718367309204106
2021-10-25,21.98,22.4,21.7,22.1,27819460.0,610559612.0,1061871877.0,0.026198509069282
2021-10-26,22.11,22.83,21.43,21.73,35403529.0,782817397.0,1061871877.0,0.033340678632550316
2021-10-27,21.52,22.35,21.28,22.15,33474183.0,736104829.0,1061871877.0,0.03152374945136625
2021-10-28,22.2,22.2,20.46,20.99,40398023.0,854001599.0,1061871877.0,0.03804415944617771
2021-10-29,20.99,21.4,20.84,20.99,22505900.0,473975994.0,1061871877.0,0.02119455321067892
2021-11-01,21.05,23.0,20.82,22.44,52543588.0,1161517051.0,1061871877.0,0.04948204123123227
2021-11-02,22.85,23.46,22.54,22.79,51853865.0,1189464971.0,1061871877.0,0.048832506183794526
2021-11-03,22.78,24.08,22.47,23.25,57232787.0,1340834992.0,1061871877.0,0.05389801560777186
2021-11-04,23.19,23.81,23.05,23.37,39248507.0,922193495.0,1061871877.0,0.036961622065822916
2021-11-05,23.37,23.56,22.7,22.87,32592009.0,750246354.0,1061871877.0,0.030692976907985295
2021-11-08,22.79,23.3,22.43,22.97,26072274.0,594258374.0,1061871877.0,0.024553126007686894
2021-11-09,22.81,25.27,22.78,25.27,81782984.0,2012153736.0,1061871877.0,0.0770177511726304
2021-11-10,25.7,26.51,25.19,25.6,78386738.0,2026224063.0,1061871877.0,0.07381939356135712
2021-11-11,26.26,26.38,25.36,26.01,44036522.0,1143492008.0,1061871877.0,0.041470654750186964
2021-11-12,25.88,27.55,25.72,26.77,52766346.0,1415046883.0,1061871877.0,0.04969181983524741
2021-11-15,26.6,26.7,24.09,24.1,94231358.0,2323481924.0,1061871877.0,0.08874079824603924
2021-11-16,23.6,24.55,23.51,23.7,57418082.0,1376077959.0,1061871877.0,0.054072514060940706
2021-11-17,23.58,23.68,22.68,23.38,48764329.0,1130870404.0,1061871877.0,0.04592298756208608
2021-11-18,23.35,23.77,23.07,23.19,45178777.0,1058300214.0,1061871877.0,0.042546354205781456
2021-11-19,23.1,23.37,22.7,23.22,43907994.0,1008873727.0,1061871877.0,0.041349615665544175
2021-11-22,23.09,23.73,22.93,23.69,44299131.0,1038170266.0,1061871877.0,0.04171796236392839
2021-11-23,23.75,23.98,23.25,23.57,36406118.0,857962154.0,1061871877.0,0.034284849979127945
2021-11-24,23.4,23.4,22.78,22.84,36160858.0,829634741.0,1061871877.0,0.0340538804946616
2021-11-25,22.86,23.21,22.71,23.21,26566693.0,610766915.0,1061871877.0,0.02501873679436375
2021-11-26,23.01,23.46,22.87,23.11,26624664.0,616288778.0,1061871877.0,0.025073330009661797
2021-11-29,22.68,23.85,22.5,23.64,39026884.0,914112838.0,1061871877.0,0.03675291232898901
2021-11-30,23.63,24.2,23.4,24.04,39055937.0,930474506.0,1061871877.0,0.03678027250362899
2021-12-01,23.95,24.3,23.55,23.79,23211405.0,552504131.0,1061871877.0,0.021858950691468402
2021-12-02,23.69,23.99,23.01,23.25,30888709.0,722695098.0,1061871877.0,0.02908892274957575
2021-12-03,23.2,23.75,23.12,23.29,27872473.0,651844630.0,1061871877.0,0.026248433171377792
2021-12-06,23.2,23.24,22.8,22.87,25369972.0,582554950.0,1061871877.0,0.02389174489833485
2021-12-07,23.01,23.61,22.96,23.22,28565135.0,666012863.0,1061871877.0,0.026900735972688352
2021-12-08,23.31,23.55,22.85,23.27,28083283.0,649774525.0,1061871877.0,0.026446959947127407
2021-12-09,23.3,24.16,23.21,24.09,51351644.0,1225240225.0,1061871877.0,0.048359547994696536
2021-12-10,24.18,24.63,23.8,24.3,45387841.0,1099906411.0,1061871877.0,0.04274323671536505
2021-12-13,24.68,25.18,23.8,23.82,53685018.0,1302887459.0,1061871877.0,0.050556963756937315
2021-12-14,23.55,23.98,23.15,23.71,30774552.0,723697245.0,1061871877.0,0.02898141731274045
2021-12-15,23.73,23.8,23.25,23.28,20366507.0,476294037.0,1061871877.0,0.019179815796176322
2021-12-16,23.28,23.98,23.08,23.65,26695525.0,628754248.0,1061871877.0,0.025140062165899136
2021-12-17,23.43,24.23,23.31,23.79,37815804.0,902522207.0,1061871877.0,0.03561239808595101
2021-12-20,24.09,24.58,23.75,23.97,56124092.0,1358765884.0,1061871877.0,0.0528539207183467
2021-12-21,23.79,23.8,22.4,23.53,55321706.0,1277303584.0,1103840422.0,0.050117485188452354
2021-12-22,23.43,23.99,23.25,23.8,34884665.0,828320878.0,1103840422.0,0.03160299650631928
2021-12-23,23.75,24.36,23.66,24.25,42286653.0,1017213184.0,1103840422.0,0.03830866505448557
2021-12-24,24.05,25.67,23.98,24.9,58113931.0,1451539355.0,1103840422.0,0.052647040135299555
2021-12-27,25.0,25.18,24.3,24.35,47630167.0,1178746770.0,1103840422.0,0.043149504267746414
2021-12-28,24.47,25.08,24.16,24.37,35700730.0,876022881.0,1103840422.0,0.03234229267969315
2021-12-29,24.18,24.29,22.99,23.11,50012868.0,1167690715.0,1103840422.0,0.045308059936221466
2021-12-30,23.11,23.51,22.95,23.19,27130204.0,630289917.0,1103840422.0,0.024578012780909014
2021-12-31,23.25,23.45,22.91,23.26,22523312.0,523876426.0,1103840422.0,0.02040450009901884
2022-01-04,23.45,24.37,23.23,24.0,47727611.0,1138699629.0,1103840422.0,0.04323778152056113
2022-01-05,24.01,24.27,22.99,23.15,37414599.0,876414949.0,1103840422.0,0.03389493467924479
2022-01-06,22.81,23.2,22.5,22.93,25748845.0,587375603.0,1103840422.0,0.02332660091695754
2022-01-07,22.85,22.95,20.9,21.3,61285018.0,1334094940.0,1103840422.0,0.055519816794677955
2022-01-10,21.02,21.36,20.61,21.19,22637115.0,477455088.0,1103840422.0,0.02050759742878849
2022-01-11,21.17,21.41,20.65,20.77,24483807.0,512412617.0,1103840422.0,0.022180567509603302
2022-01-12,20.7,20.97,20.5,20.89,20536352.0,426342087.0,1103840422.0,0.01860445730261543
2022-01-13,20.66,21.07,19.96,19.98,34728897.0,708892415.0,1103840422.0,0.03146188190596992
2022-01-14,19.89,20.28,19.75,19.91,22361786.0,446511557.0,1103840422.0,0.02025816916496287
2022-01-17,20.22,20.5,20.1,20.37,20699691.0,420752717.0,1103840422.0,0.01875243068422439
2022-01-18,20.36,20.7,20.0,20.34,23157119.0,469570861.0,1103840422.0,0.020978683638023177
2022-01-19,20.35,20.35,20.01,20.26,15953630.0,321348257.0,1103840422.0,0.014452840901671564
2022-01-20,20.19,20.4,19.84,19.94,20134138.0,404184421.0,1103840422.0,0.018240080358282076
2022-01-21,20.04,20.06,19.3,19.52,20149519.0,393596040.0,1103840422.0,0.018254014437605003
2022-01-24,19.3,19.9,19.3,19.66,13765420.0,270422811.0,1103840422.0,0.01247048008539046
2022-01-25,19.8,19.97,18.26,18.35,38400579.0,724769042.0,1103840422.0,0.03478816161707838
2022-01-26,18.4,18.99,18.4,18.96,26214994.0,490836372.0,1103840422.0,0.023748898371108936
2022-01-27,18.95,19.12,18.41,18.43,16687205.0,312113623.0,1103840422.0,0.015117407070276685
2022-01-28,18.56,18.73,18.01,18.56,19914963.0,367719037.0,1103840422.0,0.018041523578124594
2022-02-07,19.0,19.5,18.6,19.38,28234033.0,542533958.0,1103840422.0,0.025578002433398837
2022-02-08,19.58,19.89,19.3,19.5,28891089.0,564393015.0,1103840422.0,0.026173247893616275
2022-02-09,19.52,19.9,19.36,19.82,33002587.0,650175970.0,1103840422.0,0.02989796925555966
2022-02-10,19.67,20.09,19.5,20.06,30557373.0,607734163.0,1103840422.0,0.027682781306952356
2022-02-11,19.7,19.74,18.55,18.76,50493779.0,957270196.0,1103840422.0,0.04574373070023341
2022-02-14,18.58,18.95,18.32,18.62,25670442.0,478219653.0,1103840422.0,0.02325557344012539
2022-02-15,18.6,19.04,18.42,18.83,20672148.0,387962030.0,1295984717.0,0.015950919581716023
2022-02-16,18.8,19.19,18.65,19.17,21618698.0,410089445.0,1295984717.0,0.016681290848895095
2022-02-17,19.0,19.12,18.84,19.05,17190194.0,326354519.0,1295984717.0,0.013264194997447644
2022-02-18,18.89,19.45,18.84,19.25,21058702.0,404919356.0,1295984717.0,0.01624919007436104
2022-02-21,19.26,20.06,19.2,19.86,35912380.0,709370413.0,1295984717.0,0.027710496527406196
2022-02-22,19.66,19.99,19.48,19.86,26458620.0,521705268.0,1295984717.0,0.020415842604415528
2022-02-23,20.4,20.4,19.27,19.5,54117180.0,1061807009.0,1295984717.0,0.04175757575696782
2022-02-24,19.42,20.18,19.05,19.63,56854978.0,1109685311.0,1295984717.0,0.043870099125559364
2022-02-25,19.35,19.49,19.16,19.39,24806200.0,479900797.0,1295984717.0,0.019140812136598677
2022-02-28,19.37,19.37,18.9,19.07,21943453.0,419176348.0,1295984717.0,0.016931876365637727
2022-03-01,19.09,19.27,19.03,19.21,16327151.0,312839226.0,1295984717.0,0.012598258903696624
2022-03-02,19.31,20.0,19.23,19.7,41328086.0,814763805.0,1295984717.0,0.03188933129988446
2022-03-03,19.65,20.0,19.54,19.93,37700608.0,749081469.0,1295984717.0,0.029090318354425472
2022-03-04,19.9,20.2,19.61,20.03,31711945.0,631024216.0,1295984717.0,0.02446938191787334
2022-03-07,20.3,20.39,19.45,19.67,37768188.0,754542509.0,1295984717.0,0.02914246403107854
2022-03-08,19.5,19.51,17.8,18.1,46173790.0,856939928.0,1295984717.0,0.03562834452776961
2022-03-09,17.84,18.27,16.5,17.85,37286789.0,652960561.0,1295984717.0,0.028771009805048497
2022-03-10,17.99,18.16,17.59,17.69,26152130.0,465834793.0,1295984717.0,0.020179350618067513
2022-03-11,17.45,18.93,17.16,18.8,50616563.0,927460876.0,1295984717.0,0.0390564505399179
2022-03-14,18.64,19.17,18.38,18.4,26873500.0,502892944.0,1295984717.0,0.020735969836286273
2022-03-15,18.54,18.67,17.35,17.37,33826418.0,606320953.0,1295984717.0,0.0261009389665511
2022-03-16,17.71,17.79,16.85,17.79,22953187.0,400400178.0,1295984717.0,0.017711001294161095
2022-03-17,17.81,18.55,17.69,18.22,26028996.0,474771328.0,1295984717.0,0.02008433869517614
2022-03-18,18.24,18.51,18.1,18.4,17815524.0,326806921.0,1295984717.0,0.013746708403506582
2022-03-21,18.41,19.75,18.4,19.61,52282754.0,1008126953.0,1295984717.0,0.040342106904644924
2022-03-22,19.55,19.63,19.03,19.08,29146604.0,560607601.0,1295984717.0,0.022489928791343917
2022-03-23,19.08,19.32,18.96,19.2,18695067.0,357631746.0,1295984717.0,0.014425376128876063
2022-03-24,19.2,19.47,19.02,19.09,21252039.0,408031391.0,1295984717.0,0.016398371617525796
2022-03-25,19.12,19.95,18.89,19.43,38728026.0,759171312.0,1295984717.0,0.029883088505587678
2022-03-28,19.75,20.19,19.37,20.15,47401972.0,944100598.0,1295984717.0,0.03657602699955296
2022-03-29,19.97,20.44,19.76,20.1,41734309.0,841060871.0,1295984717.0,0.03220277866903271
2022-03-30,19.56,19.68,19.11,19.44,38659872.0,750289545.0,1295984717.0,0.029830499922477095
2022-03-31,19.45,19.75,19.24,19.38,22048777.0,429555096.0,1295984717.0,0.017013145842521536
2022-04-01,19.58,19.86,19.12,19.18,30023348.0,582149918.0,1295984717.0,0.023166436769022487
2022-04-06,19.18,19.38,18.7,19.23,25194798.0,480604362.0,1295984717.0,0.019440659808336303
2022-04-07,19.2,19.23,18.51,18.61,22299744.0,418347734.0,1295984717.0,0.01720679550266641
2022-04-08,18.64,18.65,17.82,18.1,23251980.0,420333706.0,1295984717.0,0.017941554167262605
2022-04-11,18.11,19.69,18.02,18.9,53722780.0,1012269655.0,1295984717.0,0.04145325118058472
2022-04-12,18.6,18.92,18.13,18.52,34030599.0,627886649.0,1295984717.0,0.02625848789233832
2022-04-13,18.28,18.88,17.94,18.44,32943904.0,608973192.0,1295984717.0,0.02541997877587626
2022-04-14,18.4,18.85,17.88,18.69,27774920.0,513769100.0,1295984717.0,0.021431518161953756
2022-04-15,18.67,18.88,18.16,18.2,23943963.0,441842342.0,1295984717.0,0.018475497963761866
2022-04-18,18.1,18.75,18.01,18.37,22489758.0,415465862.0,1295984717.0,0.017353412972384612
2022-04-19,18.55,19.27,18.2,19.0,43894573.0,827632352.0,1295984717.0,0.033869668696100835
2022-04-20,18.9,19.72,18.7,19.11,55281461.0,1066796644.0,1295984717.0,0.042655951320141994
2022-04-21,19.02,19.69,17.56,17.71,62635023.0,1160651922.0,1295984717.0,0.04833006298483997
2022-04-22,17.14,17.27,16.49,17.01,36274048.0,612267290.0,1295984717.0,0.02798956463311442
2022-04-25,16.7,17.02,15.77,15.89,32219097.0,529244425.0,1295984717.0,0.024860707520210672
2022-04-26,15.89,16.12,15.23,15.4,28050025.0,437712665.0,1295984717.0,0.021643793041735384
2022-04-27,15.3,16.27,14.87,16.1,33111807.0,515221253.0,1295984717.0,0.025549535087611683
2022-04-28,15.9,16.33,15.71,15.97,19614167.0,312867089.0,1295984717.0,0.015134566590726239
2022-04-29,16.05,16.42,16.05,16.3,20253107.0,329343314.0,1295984717.0,0.015627581663835315
2022-05-05,16.39,17.49,16.33,16.89,32823153.0,558003812.0,1295984717.0,0.025326805609236207
2022-05-06,16.5,17.03,16.4,16.5,17592189.0,292983683.0,1295984717.0,0.013574379982445426
2022-05-09,16.5,16.97,16.3,16.84,15202785.0,254781553.0,1295984717.0,0.011730682314828563
2022-05-10,16.74,17.0,16.35,16.99,26166306.0,436010335.0,1295984717.0,0.020190289018662863
2022-05-11,16.94,17.16,16.51,16.73,31026564.0,522704674.0,1295984717.0,0.02394053231724954
2022-05-12,16.58,16.78,16.28,16.49,19077279.0,314899564.0,1295984717.0,0.014720296273370329
2022-05-13,16.49,16.91,16.45,16.72,20671093.0,344831381.0,1295984717.0,0.01595010552890648
2022-05-16,17.17,18.0,16.95,17.72,54033455.0,951146025.0,1295984717.0,0.0416929723716796
2022-05-17,17.73,17.73,17.11,17.31,31917577.0,551098483.0,1295984717.0,0.024628050455628946
2022-05-18,17.12,17.42,17.07,17.09,21589440.0,371876093.0,1295984717.0,0.016658714965386432
2022-05-19,17.0,17.48,16.96,17.22,25415094.0,438025041.0,1295984717.0,0.01961064329433755
2022-05-20,17.08,17.45,17.0,17.27,26253603.0,452595693.0,1295984717.0,0.020257648609292977
2022-05-23,17.33,17.85,17.26,17.59,37341411.0,655000769.0,1295984717.0,0.028813156907003864
2022-05-24,17.48,17.61,16.8,16.84,29126571.0,500292293.0,1295984717.0,0.02247447104733103
2022-05-25,16.9,17.13,16.71,17.12,16801672.0,284442719.0,1295984717.0,0.012964405968376863
2022-05-26,17.14,17.17,16.6,17.05,18730347.0,317167240.0,1295984717.0,0.014452598672118446
2022-05-27,16.83,17.17,16.81,17.03,16708475.0,284294666.0,1295984717.0,0.012892493854925606
2022-05-30,17.28,17.64,17.28,17.37,34497646.0,602191042.0,1295984717.0,0.02661886791370241
2022-05-31,17.24,18.18,17.15,17.89,55201889.0,989983059.0,1295984717.0,0.042594552447951434
2022-06-01,17.69,17.85,17.49,17.59,27495172.0,484415680.0,1295984717.0,0.0212156606781961
2022-06-02,17.5,17.82,17.37,17.7,25420848.0,447534353.0,1295984717.0,0.019615083161509228
2022-06-06,17.64,17.75,17.38,17.7,23445395.0,412232411.0,1295984717.0,0.018090795896322287
2022-06-07,17.77,17.77,17.17,17.27,27789787.0,482193480.0,1295984717.0,0.02144298974784901
2022-06-08,17.27,17.37,17.01,17.18,23329266.0,400142146.0,1295984717.0,0.01800118912976348
2022-06-09,17.87,17.99,17.41,17.67,53664855.0,949989631.0,1295984717.0,0.041408555437463544
2022-06-10,17.4,17.5,17.19,17.46,34530030.0,598660935.0,1295984717.0,0.026643855862692245
2022-06-13,17.31,17.6,17.25,17.51,25493229.0,445042111.0,1295984717.0,0.019670933357156247
2022-06-14,17.31,17.44,16.72,17.26,31647664.0,540309338.0,1295984717.0,0.024419781795929928
2022-06-15,17.15,17.45,17.12,17.23,30287895.0,523306678.0,1295984717.0,0.023370564947796373
2022-06-16,17.2,17.47,17.12,17.2,22605062.0,390563880.0,1295984717.0,0.017442383157362497
2022-06-17,17.1,17.17,16.81,17.14,22388673.0,380931142.0,1295984717.0,0.017275414367405692
2022-06-20,17.14,17.25,16.95,17.04,21401251.0,364807812.0,1295984717.0,0.016513505691286637
2022-06-21,16.96,17.06,16.66,16.76,23011229.0,387172086.0,1295984717.0,0.017755787316124656
2022-06-22,16.77,16.85,16.54,16.54,17921386.0,298166481.0,1295984717.0,0.013828393008742557
2022-06-23,16.54,16.76,16.36,16.75,16948504.0,280572812.0,1295984717.0,0.013077703600728496
2022-06-24,16.68,16.84,16.6,16.76,17501203.0,292718306.0,1295984717.0,0.013504173907631043
2022-06-27,16.81,16.93,16.75,16.81,16169819.0,271983068.0,1295984717.0,0.012476859323951426
2022-06-28,16.78,16.88,16.6,16.82,15978509.0,267941004.0,1295984717.0,0.012329241842440646
2022-06-29,16.73,16.98,16.71,16.73,22222384.0,373997213.0,1295984717.0,0.017147103440726764
2022-06-30,16.69,16.77,16.58,16.66,16245476.0,270621043.0,1295984717.0,0.01253523732718524
2022-07-01,16.67,16.92,16.67,16.73,14002982.0,234757708.0,1295984717.0,0.010804897477814933
2022-07-04,16.71,17.02,16.71,16.97,25081883.0,424569677.0,1295984717.0,0.019353533009293968
2022-07-05,16.91,17.02,16.51,16.68,21433226.0,358175093.0,1295984717.0,0.01653817805013514
2022-07-06,16.6,16.66,16.26,16.31,17997320.0,295671405.0,1295984717.0,0.013886984749064753
2022-07-07,16.32,16.39,16.14,16.17,16837431.0,273207595.0,1295984717.0,0.0129919981147432
2022-07-08,16.17,16.3,16.09,16.19,13641329.0,220647241.0,1295984717.0,0.010525840946317271
2022-07-11,16.19,16.37,16.05,16.26,14929102.0,242361877.0,1295984717.0,0.011519504670208236
2022-07-12,16.2,16.2,16.04,16.04,10613595.0,170770004.0,1295984717.0,0.008189598890154196
2022-07-13,15.38,15.38,14.72,15.12,42052479.0,633669946.0,1295984717.0,0.03244828310733853
2022-07-14,15.07,15.11,14.88,14.92,22327533.0,333591248.0,1295984717.0,0.017228237885154013
2022-07-15,14.93,14.96,14.63,14.64,17338858.0,255470964.0,1295984717.0,0.013378906226715944
2022-07-18,14.69,14.86,14.68,14.85,13837656.0,204747740.0,1295984717.0,0.0106773296154541
2022-07-19,14.84,15.05,14.79,15.03,15063953.0,225312678.0,1295984717.0,0.011623557594776792
2022-07-20,15.05,15.14,14.96,15.1,13726673.0,206802823.0,1295984717.0,0.010591693574732178
2022-07-21,15.01,15.08,14.96,14.99,11789108.0,176998731.0,1295984717.0,0.009096641222197376
2022-07-22,14.96,15.04,14.69,14.84,13905425.0,206406375.0,1295984717.0,0.010729621127160251
2022-07-25,14.88,14.95,14.71,14.75,7737053.0,114613415.0,1295984717.0,0.005970018703546178
2022-07-26,14.75,14.9,14.7,14.9,9726051.0,143964665.0,1295984717.0,0.007504757480870818
2022-07-27,14.9,15.23,14.9,15.14,18800106.0,284030805.0,1295984717.0,0.014506425695759188
2022-07-28,15.18,15.2,15.02,15.05,11579579.0,174671159.0,1295984717.0,0.008934965704537702
2022-07-29,15.06,15.12,14.86,14.9,11733022.0,175736115.0,1295984717.0,0.009053364477291131
2022-08-01,14.81,14.87,14.7,14.85,10032506.0,148374087.0,1295984717.0,0.007741222460727521
2022-08-02,14.78,15.53,14.6,15.13,32382271.0,488082742.0,1295984717.0,0.024986614869162843
2022-08-03,14.9,15.14,14.81,14.91,16426127.0,245935351.0,1295984717.0,0.012674630174670493
2022-08-04,14.91,14.95,14.67,14.79,12849669.0,190049565.0,1295984717.0,0.009914984977403866
2022-08-05,14.95,15.14,14.84,15.12,16798888.0,252168381.0,1295984717.0,0.012962257794896511
2022-08-08,15.15,15.27,15.06,15.13,12792388.0,193754368.0,1295984717.0,0.009870786153722829
2022-08-09,15.17,15.21,14.99,15.15,11179096.0,168847465.0,1295984717.0,0.008625947399964595
2022-08-10,15.11,15.17,14.87,14.94,12958715.0,194397162.0,1295984717.0,0.009999126401735184
2022-08-11,15.0,15.1,14.92,15.08,14376680.0,215769146.0,1295984717.0,0.011093248100394073
2022-08-12,15.11,15.21,15.02,15.13,12879825.0,194926634.0,1295984717.0,0.009938253770318189
2022-08-15,15.25,15.38,15.19,15.22,19061308.0,291138893.0,1295984717.0,0.014707972825577696
2022-08-16,15.18,15.36,15.09,15.28,17839057.0,271493715.0,1295984717.0,0.013764866796650658
2022-08-17,15.3,15.73,15.24,15.49,38847578.0,603341678.0,1295984717.0,0.029975336506996787
2022-08-18,15.4,15.4,15.16,15.19,20455719.0,311643825.0,1295984717.0,0.015783919927197722
2022-08-19,15.2,15.32,15.2,15.25,16527240.0,252436339.0,1295984717.0,0.012752650384842463
2022-08-22,15.32,15.66,15.32,15.45,24573768.0,380755305.0,1295984717.0,0.01896146434263854
2022-08-23,15.36,15.55,15.23,15.37,17954842.0,276112786.0,1295984717.0,0.01385420812798057
2022-08-24,15.38,16.14,15.25,15.87,67251432.0,1059363553.0,1295984717.0,0.05189214897200057
2022-08-25,15.8,15.96,15.58,15.83,43361984.0,682259165.0,1295984717.0,0.03345871554749206
2022-08-26,15.85,16.49,15.62,16.28,64175992.0,1035316717.0,1295984717.0,0.049519096296565354
2022-08-29,16.1,16.56,16.02,16.38,38975190.0,637450304.0,1295984717.0,0.030073803717548007
2022-08-30,16.37,16.37,15.89,15.95,32603091.0,523841330.0,1295984717.0,0.02515700268091973
2022-08-31,15.85,16.01,15.44,15.6,26306945.0,411592514.0,1295984717.0,0.020298808045280368
2022-09-01,15.5,15.95,15.5,15.59,24439579.0,382984037.0,1295984717.0,0.0188579222265628
2022-09-02,15.48,15.62,15.35,15.52,16782735.0,259719984.0,1295984717.0,0.012949793913349057
2022-09-05,15.45,15.52,15.08,15.26,21858591.0,332577896.0,1295984717.0,0.01686639565518889
2022-09-06,15.26,15.46,15.19,15.39,19831823.0,304099826.0,1295984717.0,0.015302513015668533
2022-09-07,15.3,15.65,15.21,15.51,19307042.0,298366896.0,1295984717.0,0.014897584629464423
2022-09-08,15.48,15.54,15.1,15.15,21296464.0,324676595.0,1295984717.0,0.016432650571140957
2022-09-09,15.15,15.2,15.0,15.2,13212084.0,199617057.0,1295984717.0,0.01019462947879809
2022-09-13,15.33,15.45,15.26,15.31,16656618.0,255801426.0,1295984717.0,0.012852480265783875
2022-09-14,15.18,15.22,15.06,15.16,11381457.0,172269116.0,1295984717.0,0.008782091988203592
2022-09-15,15.2,15.25,14.72,14.91,17941685.0,268677117.0,1295984717.0,0.013844056002089414
2022-09-16,14.85,15.03,14.68,14.68,13530201.0,201111512.0,1295984717.0,0.010440093021559915
2022-09-19,14.63,14.91,14.42,14.91,13659151.0,200119723.0,1295984717.0,0.010539592651693283
2022-09-20,14.98,15.04,14.84,14.89,7964589.0,118726825.0,1295984717.0,0.006145588675178799
2022-09-21,14.86,14.96,14.75,14.86,7168651.0,106407163.0,1295984717.0,0.005531431741413044
2022-09-22,14.81,15.03,14.76,14.83,8408881.0,125236991.0,1295984717.0,0.006488410619119978
2022-09-23,14.78,14.82,14.58,14.74,9388338.0,137882961.0,1295984717.0,0.007244173389430487
2022-09-26,14.59,14.72,14.27,14.27,10945609.0,158761979.0,1295984717.0,0.008445785553194914
2022-09-27,14.27,14.46,14.22,14.45,7877386.0,112948906.0,1295984717.0,0.006078301616268211
2022-09-28,14.4,14.5,13.9,13.9,13431334.0,190131709.0,1295984717.0,0.01036380585651613
2022-09-29,14.01,14.1,13.69,13.77,9067378.0,126095048.0,1295984717.0,0.006996516147960099
2022-09-30,13.73,13.88,13.72,13.81,6682525.0,92247420.0,1295984717.0,0.00515633009582782
2022-10-10,13.82,14.08,13.72,13.8,9716549.0,135311395.0,1295984717.0,0.007497425604286659
2022-10-11,13.81,13.87,13.53,13.75,9179270.0,125621736.0,1295984717.0,0.007082853585842093
2022-10-12,13.77,14.0,13.51,13.99,11333931.0,156496045.0,1295984717.0,0.008745420259458198
2022-10-13,13.92,14.7,13.82,14.43,24894097.0,356979911.0,1295984717.0,0.019208634695651275
2022-10-14,14.35,14.63,14.34,14.48,15760729.0,228797679.0,1295984717.0,0.012161199737357705
2022-10-17,14.6,15.04,14.48,14.93,20380242.0,302996985.0,1295984717.0,0.015725680814490654
2022-10-18,14.94,14.99,14.74,14.83,12582216.0,186851814.0,1295984717.0,0.009708614488237056
2022-10-19,14.74,14.85,14.52,14.58,9302288.0,136382575.0,1295984717.0,0.007177776001505117
2022-10-20,14.51,14.67,14.33,14.48,9551842.0,138393593.0,1295984717.0,0.007370335371015027
2022-10-21,14.46,14.59,14.39,14.41,7391454.0,107060968.0,1295984717.0,0.005703349663806259
2022-10-24,14.45,14.8,14.26,14.42,16624335.0,241729897.0,1295984717.0,0.012827570249811827
2022-10-25,14.3,14.43,13.96,14.09,10350960.0,145949205.0,1295984717.0,0.007986946037419977
2022-10-26,14.1,14.57,14.1,14.43,12420820.0,178937098.0,1295984717.0,0.009584079069043528
2022-10-27,14.39,14.75,14.39,14.72,14296132.0,209042315.0,1295984717.0,0.01103109613290293
2022-10-28,14.4,14.4,13.4,13.53,31590382.0,436960838.0,1295984717.0,0.024375582200634856
2022-10-31,13.57,14.76,13.54,14.52,33390536.0,479301550.0,1295984717.0,0.02576460629666515
2022-11-01,14.59,15.18,14.46,15.05,32722006.0,489208937.0,1295984717.0,0.025248759164186965
2022-11-02,15.05,15.31,14.9,15.02,23042360.0,347817475.0,1295984717.0,0.017779808432725523
2022-11-03,14.9,15.13,14.8,15.05,13809689.0,207057713.0,1295984717.0,0.010655749885667826
2022-11-04,15.15,15.54,15.0,15.35,24968310.0,382276582.0,1295984717.0,0.019265898488214965
2022-11-07,15.4,16.09,15.36,15.96,40787691.0,645960756.0,1295984717.0,0.03147235493209909
2022-11-08,15.82,16.15,15.59,15.78,27317437.0,433471099.0,1295984717.0,0.021078517857244145
2022-11-09,15.72,15.91,15.68,15.74,11178098.0,176339219.0,1295984717.0,0.008625177329155187
2022-11-10,15.68,15.9,15.6,15.75,14277051.0,225510011.0,1295984717.0,0.011016372965453727
2022-11-11,15.83,16.0,15.64,15.76,18134745.0,285931441.0,1295984717.0,0.013993023808165788
2022-11-14,15.74,15.84,15.51,15.64,12243309.0,191556740.0,1295984717.0,0.00944710908963597
2022-11-15,15.64,15.74,15.58,15.67,9913904.0,155107322.0,1295984717.0,0.00764970749265402
2022-11-16,15.75,15.93,15.65,15.84,14996659.0,236866076.0,1295984717.0,0.011571632599738443
2022-11-17,15.75,15.84,15.53,15.66,11673107.0,182769352.0,1295984717.0,0.009007133222235366
2022-11-18,15.59,15.73,15.33,15.37,13632111.0,210477829.0,1295984717.0,0.010518728208119757
2022-11-21,15.37,15.43,14.93,15.41,10718057.0,163125642.0,1295984717.0,0.008270203235737694
2022-11-22,15.37,15.49,15.1,15.19,8922727.0,136485811.0,1295984717.0,0.006884901405824217
2022-11-23,15.15,15.41,15.08,15.34,9873246.0,151118461.0,1295984717.0,0.007618335209118057
2022-11-24,15.28,15.49,15.21,15.33,7844749.0,120473743.0,1295984717.0,0.0060531184489268945
2022-11-25,15.33,15.39,15.23,15.33,6144084.0,94110375.0,1295984717.0,0.004740861461871699
2022-11-28,15.15,15.48,15.01,15.43,10084727.0,154305788.0,1295984717.0,0.0077815169173788955
2022-11-29,15.38,15.71,15.33,15.58,10585483.0,165012205.0,1295984717.0,0.008167907276332488
2022-11-30,15.59,16.07,15.57,15.76,23975500.0,380624585.0,1295984717.0,0.018499832355661952
2022-12-01,15.78,16.27,15.76,16.17,31943225.0,514319948.0,1295984717.0,0.024647840812462296
2022-12-02,16.16,16.53,16.13,16.41,30504329.0,500944087.0,1295984717.0,0.02353756846038486
2022-12-05,16.44,16.8,16.28,16.38,27668303.0,454613963.0,1295984717.0,0.021349250988119486
2022-12-06,16.34,16.78,16.29,16.56,23958948.0,396927366.0,1295984717.0,0.018487060600113542
2022-12-07,16.5,16.66,16.38,16.48,16347296.0,269775003.0,1295984717.0,0.01261380306848171
2022-12-08,16.47,16.47,15.96,16.03,21158997.0,340895866.0,1295984717.0,0.01632657910425035
2022-12-09,16.15,16.15,15.81,16.02,14436504.0,229963566.0,1295984717.0,0.011139409138572427
2022-12-12,15.99,16.4,15.99,16.3,17397381.0,282593945.0,1295984717.0,0.013424063395031532
2022-12-13,16.25,16.58,16.1,16.45,17271545.0,283792642.0,1295984717.0,0.013326966571010884
2022-12-14,16.39,16.41,16.08,16.33,12802842.0,207752177.0,1295984717.0,0.009878852606870672
2022-12-15,16.28,16.45,16.08,16.33,12500034.0,203462606.0,1295984717.0,0.009645201703408667
2022-12-16,16.25,16.57,15.95,16.52,21614082.0,352656665.0,1295984717.0,0.016677729078498075
2022-12-19,16.35,16.37,15.54,15.91,23013846.0,364465536.0,1295984717.0,0.017757806630060748
2022-12-20,15.91,15.94,15.3,15.45,17427801.0,270334508.0,1295984717.0,0.013447535894051751
2022-12-21,15.42,15.59,15.0,15.16,16552328.0,252452282.0,1295984717.0,0.012772008637814823
2022-12-22,15.17,15.53,15.12,15.28,12337056.0,189564155.0,1295984717.0,0.009519445590807843
2022-12-23,15.27,15.39,14.75,14.95,12744704.0,190945108.0,1295984717.0,0.009833992509959514
2022-12-26,15.24,15.3,14.37,14.59,36301126.0,532887842.0,1295984717.0,0.02801045839802137
2022-12-27,14.44,16.05,14.44,16.05,60191109.0,922113062.0,1295984717.0,0.046444304636039935
2022-12-28,16.07,16.54,15.91,16.07,63550492.0,1031357438.0,1295984717.0,0.04903645171612005
2022-12-29,16.36,16.49,15.89,16.12,30549893.0,494652255.0,1295984717.0,0.023572726282388715
2022-12-30,16.2,16.29,15.83,16.07,20625598.0,330149868.0,1295984717.0,0.015915000948271214
2023-01-03,15.82,16.02,15.63,15.9,19469041.0,308709675.0,1295984717.0,0.015022585331922552
2023-01-04,15.9,16.36,15.71,16.12,35510509.0,572598986.0,1295984717.0,0.02740040722254906
2023-01-05,16.0,16.4,15.89,16.24,27799452.0,448276230.0,1295984717.0,0.021450447397521277
2023-01-06,16.09,16.52,16.05,16.14,28012894.0,454822163.0,1295984717.0,0.02161514224090962
2023-01-09,16.14,16.45,16.0,16.28,23117209.0,375176281.0,1295984717.0,0.01783756297181705
2023-01-10,16.28,16.55,15.96,16.24,22782258.0,368953087.0,1295984717.0,0.017579110078348247
2023-01-11,16.08,16.17,15.85,15.99,16278183.0,260608289.0,1295984717.0,0.01256047450750918
2023-01-12,15.92,16.0,15.6,15.75,18010299.0,283762753.0,1295984717.0,0.01389699952765724
2023-01-13,15.75,15.95,15.62,15.81,16520153.0,260475702.0,1295984717.0,0.012747181956158824
2023-01-16,16.19,17.14,16.1,16.29,66911316.0,1105822343.0,1295984717.0,0.051629710692028166
2023-01-17,16.34,16.88,16.18,16.53,43907208.0,725032443.0,1295984717.0,0.033879418039464426
2023-01-18,16.5,17.11,16.42,16.85,42073401.0,709460733.0,1295984717.0,0.03246442681623073
2023-01-19,16.9,16.96,16.7,16.93,23096700.0,388986271.0,1295984717.0,0.017821737939522322
2023-01-20,16.96,17.37,16.85,17.17,38725759.0,663072495.0,1295984717.0,0.029881339256564707
2023-01-30,17.31,17.45,17.08,17.27,31265246.0,539480345.0,1295984717.0,0.024124702698943942
2023-01-31,16.95,17.39,16.8,17.16,37289370.0,639226803.0,1295984717.0,0.028773001340879237
2023-02-01,17.23,18.08,17.19,17.94,56628249.0,1000015334.0,1295984717.0,0.04369515184645499
2023-02-02,17.94,18.54,17.94,18.38,47282641.0,863940917.0,1295984717.0,0.03648394952484613
2023-02-03,18.6,18.68,18.15,18.52,32937254.0,607597369.0,1295984717.0,0.025414847542527
2023-02-06,18.39,18.42,17.89,18.32,28973641.0,526486418.0,1295984717.0,0.02235646811257883
2023-02-07,18.3,18.78,18.03,18.75,37314644.0,688923761.0,1295984717.0,0.028792503114062572
2023-02-08,18.6,18.66,18.13,18.17,25798748.0,472766958.0,1295984717.0,0.019906676106273866
2023-02-09,18.01,18.3,17.96,18.18,19940591.0,362147785.0,1295984717.0,0.01538643993129743
2023-02-10,18.11,18.3,17.78,18.11,25865742.0,466376736.0,1295984717.0,0.01995836961710097
2023-02-13,18.11,18.53,17.66,17.88,34502560.0,619579940.0,1295984717.0,0.0266226596250826
2023-02-14,17.67,17.74,16.91,17.25,54127590.0,932746893.0,1295984717.0,0.04176560825909801
2023-02-15,17.36,17.4,17.05,17.28,21750966.0,374530093.0,1295984717.0,0.01678335069440483
2023-02-16,17.29,17.49,16.71,16.86,30937712.0,530324637.0,1295984717.0,0.023871972866791144
2023-02-17,16.96,17.22,16.91,17.0,19219362.0,327620904.0,1295984717.0,0.014829929510657956
2023-02-20,16.9,17.27,16.72,17.21,21671820.0,370746239.0,1295984717.0,0.016722280529794242
2023-02-21,17.23,17.43,17.15,17.26,17531230.0,303122366.0,1295984717.0,0.013527343162334528
2023-02-22,17.4,17.44,17.02,17.15,18489005.0,317977477.0,1295984717.0,0.014266375797084343
2023-02-23,17.11,17.4,17.01,17.12,13447118.0,230649741.0,1295984717.0,0.010375985012483754
2023-02-24,17.09,17.12,16.97,17.03,10141116.0,172545675.0,1295984717.0,0.007825027461338497
2023-02-27,17.02,17.16,16.7,16.82,18228117.0,307733275.0,1295984717.0,0.014065070954073604
2023-02-28,16.82,17.12,16.82,17.11,12304489.0,209517752.0,1295984717.0,0.00949431643644915
2023-03-01,17.06,17.17,17.04,17.12,10422019.0,178127384.0,1295984717.0,0.008041776159309446
2023-03-02,17.12,17.19,16.89,16.97,12514135.0,212581519.0,1295984717.0,0.009656082232951209
2023-03-03,16.91,17.11,16.9,17.05,13037140.0,221806806.0,1295984717.0,0.01005964023262475
2023-03-06,17.05,17.5,16.8,17.35,36659283.0,633170130.0,1295984717.0,0.028286817366843995
2023-03-07,17.38,17.4,16.7,16.7,25878286.0,438441590.0,1295984717.0,0.019968048743587152
2023-03-08,16.61,16.88,16.45,16.82,12105494.0,202361850.0,1295984717.0,0.009340769101060317
2023-03-09,16.77,16.85,16.36,16.55,14647000.0,241988376.0,1295984717.0,0.011301830807006346
2023-03-10,16.5,16.89,16.29,16.65,17097988.0,283238883.0,1295984717.0,0.013193047553507531
2023-03-13,16.63,16.95,16.35,16.63,20762313.0,344140921.0,1295984717.0,0.016020492161405636
2023-03-14,16.5,16.82,16.41,16.68,19108181.0,317190721.0,1295984717.0,0.014744140690356613
2023-03-15,16.7,17.1,16.61,16.99,22842534.0,385670809.0,1295984717.0,0.01762561988607154
2023-03-16,16.94,17.15,16.19,16.23,29999666.0,497504226.0,1295984717.0,0.023148163405386824
2023-03-17,16.29,16.73,16.21,16.57,25449278.0,421606487.0,1295984717.0,0.019637020148594853
2023-03-20,16.57,16.58,16.11,16.23,18061001.0,294515668.0,1295984717.0,0.013936121902585677
2023-03-21,16.23,16.6,16.16,16.5,12632633.0,206484196.0,1295984717.0,0.00974751695316481
2023-03-22,16.51,16.75,16.48,16.62,10100809.0,167799185.0,1295984717.0,0.007793926014329689
2023-03-23,16.66,16.93,16.54,16.83,19597471.0,329088887.0,1295984717.0,0.015121683722756431
2023-03-24,16.83,16.83,16.57,16.79,15234342.0,254629484.0,1295984717.0,0.011755032139009398
2023-03-27,16.83,16.9,16.56,16.87,12958076.0,217087072.0,1295984717.0,0.009998633340365232
2023-03-28,16.87,17.07,16.79,16.91,16961173.0,287311176.0,1295984717.0,0.013087479178969361
2023-03-29,16.7,16.71,16.39,16.46,13778008.0,227479567.0,1295984717.0,0.010631304381346343
2023-03-30,16.53,16.53,16.28,16.33,12894590.0,211063700.0,1295984717.0,0.009949646651581618
2023-03-31,16.34,16.71,16.34,16.58,14623905.0,242396408.0,1295984717.0,0.011284010380810687
2023-04-03,16.4,16.77,16.25,16.39,26156347.0,429621172.0,1295984717.0,0.020182604514463576
2023-04-04,16.39,16.57,15.95,16.22,24979773.0,405350138.0,1295984717.0,0.01927474349992663
2023-04-06,16.2,16.33,15.94,16.09,15730866.0,253043562.0,1295984717.0,0.012138157027356366
2023-04-07,16.08,16.25,15.97,16.2,11724085.0,189276371.0,1295984717.0,0.00904646856263815
2023-04-10,16.2,16.35,16.15,16.29,12044685.0,195817017.0,1295984717.0,0.009293848023055043
2023-04-11,16.29,16.35,15.89,16.29,17295817.0,278812775.0,1295984717.0,0.01334569518692866
2023-04-12,16.24,16.24,15.98,16.02,11662703.0,187491486.0,1295984717.0,0.0089991053497894
2023-04-13,15.96,15.97,15.63,15.77,12936842.0,204062597.0,1295984717.0,0.00998224888789333
2023-04-14,15.78,15.84,15.5,15.6,12004346.0,187870534.0,1295984717.0,0.009262721884397036
2023-04-17,15.56,15.75,15.5,15.72,9707184.0,152027726.0,1295984717.0,0.007490199438825636
2023-04-18,15.71,15.73,15.24,15.3,24187647.0,371694928.0,1295984717.0,0.018663527958871756
2023-04-19,15.27,15.41,15.25,15.3,8838514.0,135398167.0,1295984717.0,0.0068199214728857024
2023-04-20,15.24,15.24,14.95,15.06,14524089.0,218461996.0,1295984717.0,0.011206990954045332
2023-04-21,14.98,15.17,14.88,14.89,11876415.0,178132425.0,1295984717.0,0.009164008528967862
2023-04-24,14.88,14.94,14.57,14.63,10170304.0,149266502.0,1295984717.0,0.007847549331864536
2023-04-25,14.67,14.87,14.3,14.56,12376560.0,180377029.0,1295984717.0,0.009549927431744551
2023-04-26,14.52,15.0,14.52,14.9,11230686.0,166632674.0,1295984717.0,0.008665754968158317
2023-04-27,14.91,15.05,14.73,14.94,10815996.0,161334040.0,1295984717.0,0.008345774342954694
2023-04-28,14.98,15.36,14.88,15.23,14877587.0,225142662.0,1295984717.0,0.011479754973067325
2023-05-04,15.26,15.97,15.24,15.9,34067727.0,535810630.0,1295984717.0,0.026287136378321967
2023-05-05,15.75,15.9,15.48,15.59,15162779.0,236881379.0,1295984717.0,0.011699813123645037
2023-05-08,15.6,15.71,15.29,15.67,13335407.0,207241368.0,1295984717.0,0.010289787236742546
2023-05-09,15.6,15.7,15.43,15.45,11607521.0,180579404.0,1295984717.0,0.00895652614397304
2023-05-10,15.48,15.64,15.4,15.46,9071457.0,140636243.0,1295984717.0,0.006999663561618991
2023-05-11,15.46,15.79,15.37,15.39,13067723.0,202591488.0,1295984717.0,0.010083238504733078
2023-05-12,15.38,15.51,15.18,15.26,9689955.0,148489423.0,1295984717.0,0.0074769053005738495
2023-05-15,15.35,15.44,14.93,15.25,12796379.0,193662431.0,1295984717.0,0.009873865665346423
2023-05-16,15.2,15.21,15.0,15.01,7253082.0,109091979.0,1295984717.0,0.005596579886211729
2023-05-17,14.95,15.12,14.8,15.01,6337258.0,94979521.0,1295984717.0,0.004889917231948346
2023-05-18,15.01,15.16,14.91,14.96,8949758.0,134294039.0,1295984717.0,0.006905758904871407
2023-05-19,14.95,15.22,14.82,15.19,10500815.0,158604923.0,1295984717.0,0.008102576259006919
2023-05-22,15.32,15.4,15.1,15.34,10495505.0,160355730.0,1295984717.0,0.008098478988467887
2023-05-23,15.32,15.36,15.01,15.01,9379626.0,142201997.0,1295984717.0,0.007237451087935939
2023-05-24,15.03,15.03,14.8,14.8,7943850.0,118188034.0,1295984717.0,0.006129586171655449
2023-05-25,14.78,14.91,14.44,14.61,12189149.0,178305126.0,1295984717.0,0.009405318473365917
2023-05-26,14.62,14.78,14.47,14.71,7209686.0,105400505.0,1295984717.0,0.005563094923441138
2023-05-29,14.71,14.82,14.6,14.65,6650756.0,97801572.0,1295984717.0,0.0051318166894710375
2023-05-30,14.62,14.78,14.41,14.73,9738920.0,142141589.0,1295984717.0,0.00751468738191918
2023-05-31,14.69,14.94,14.65,14.66,9028586.0,133201785.0,1295984717.0,0.006966583696218078
2023-06-01,14.6,14.86,14.53,14.84,9312606.0,137351005.0,1295984717.0,0.007185737515143861
2023-06-02,14.73,14.96,14.73,14.91,9175400.0,136196593.0,1295984717.0,0.007079867439517036
2023-06-05,14.9,14.93,14.68,14.79,6724104.0,99474531.0,1295984717.0,0.005188413035892305
2023-06-06,14.81,14.82,14.45,14.48,9706896.0,141605279.0,1295984717.0,0.00748997721398284
2023-06-07,14.48,14.89,14.48,14.78,11082559.0,163417614.0,1295984717.0,0.008551458095628144
2023-06-08,14.81,15.36,14.68,15.14,22280199.0,336977195.0,1295984717.0,0.017191714306303816
2023-06-09,15.25,15.34,15.1,15.18,13676836.0,208137494.0,1295984717.0,0.010553238645946162
2023-06-12,15.35,15.52,15.18,15.22,11838689.0,181414716.0,1295984717.0,0.009134898617789796
2023-06-13,15.21,15.29,15.07,15.16,9701349.0,147015834.0,1295984717.0,0.007485697070916925
2023-06-14,15.19,15.45,15.1,15.42,12670519.0,193950150.0,1295984717.0,0.009776750322588873
2023-06-15,15.37,15.43,15.18,15.37,9530108.0,145976978.0,1295984717.0,0.007353565111524382
2023-06-16,15.45,15.65,15.36,15.49,10971218.0,170346510.0,1295984717.0,0.008465545817080804
2023-06-19,15.49,15.73,15.24,15.3,14892885.0,229740309.0,1295984717.0,0.011491559124612732
2023-06-20,15.29,15.5,15.22,15.39,10203030.0,156741404.0,1295984717.0,0.007872801172855189
2023-06-21,15.38,15.44,15.12,15.19,10863300.0,165664808.0,1295984717.0,0.008382274773383767
2023-06-26,15.19,15.23,14.97,14.98,9490067.0,142861895.0,1295984717.0,0.007322668913849545
2023-06-27,15.05,15.23,14.99,15.15,7790264.0,117998509.0,1295984717.0,0.006011077058094659
2023-06-28,15.17,15.2,14.9,15.08,7200261.0,108166594.0,1295984717.0,0.005555822461137865
2023-06-29,15.04,15.2,15.0,15.12,6669893.0,100883844.0,1295984717.0,0.005146583067306341
2023-06-30,15.16,15.45,15.1,15.35,11145059.0,170969656.0,1298735692.0,0.008581468168351532
2023-07-03,15.35,15.58,15.27,15.5,9967206.0,153726890.0,1298735692.0,0.0076745453762427284
2023-07-04,15.48,15.48,15.32,15.42,7230663.0,111214098.0,1298735692.0,0.0055674630677663706
2023-07-05,15.4,15.62,15.35,15.52,9583791.0,148512860.0,1298735692.0,0.007379323644552613
2023-07-06,15.48,15.55,15.33,15.45,7629101.0,117821959.0,1298735692.0,0.005874252203118785
2023-07-07,15.43,15.91,15.35,15.73,24188827.0,380995855.0,1298735692.0,0.018624903549659278
2023-07-10,15.7,16.08,15.63,15.71,15122457.0,238467801.0,1298735692.0,0.011643983524247364
2023-07-11,15.73,15.88,15.68,15.86,11507633.0,181938339.0,1298735692.0,0.008860642755015621
2023-07-12,15.86,16.3,15.81,16.09,25137403.0,405121460.0,1298735692.0,0.01935528772701197
2023-07-13,16.12,16.22,15.92,16.06,18751285.0,301474965.0,1298735692.0,0.014438107087920088
2023-07-14,16.03,16.37,15.96,16.24,20715958.0,336615523.0,1298735692.0,0.0159508652357881
2023-07-17,16.1,16.25,15.95,16.19,14776302.0,237995160.0,1298735692.0,0.011377451232779395
2023-07-18,16.3,16.48,16.14,16.23,17002547.0,276281854.0,1298735692.0,0.013091614486868203
2023-07-19,16.05,16.32,16.03,16.15,12078694.0,195081693.0,1298735692.0,0.009300348080369843
2023-07-20,16.2,16.38,16.0,16.07,13935948.0,225513570.0,1298735692.0,0.010730395788645193
2023-07-21,16.14,16.31,16.1,16.22,15570374.0,252672008.0,1298735692.0,0.01198887048066128
2023-07-24,16.3,16.3,15.93,15.96,15309014.0,245746793.0,1298735692.0,0.01178762861011754
2023-07-25,16.09,16.09,15.63,15.8,21100301.0,333158248.0,1298735692.0,0.016246801508555137
2023-07-26,15.73,16.06,15.69,16.0,16644652.0,264045466.0,1298735692.0,0.01281604263479347
2023-07-27,15.91,16.0,15.72,15.76,11942226.0,189204968.0,1298735692.0,0.009195270503122509
2023-07-28,15.73,16.31,15.65,16.14,25138141.0,405974052.0,1298735692.0,0.01935585597196323
2023-07-31,16.35,16.64,16.15,16.34,32074728.0,525352104.0,1298735692.0,0.02469688651630589
2023-08-01,16.33,16.59,16.23,16.46,25231607.0,414749832.0,1298735692.0,0.01942782288607496
2023-08-02,16.5,16.75,16.22,16.34,15438352.0,253818112.0,1298735692.0,0.011887216232754462
2023-08-03,16.4,16.48,16.22,16.33,8118211.0,132342695.0,1298735692.0,0.006250856929556072
2023-08-04,16.34,16.42,16.16,16.2,9776530.0,158736024.0,1298735692.0,0.0075277287443641
2023-08-07,16.35,16.61,16.29,16.49,23042700.0,380045789.0,1298735692.0,0.017742409130617778
2023-08-08,16.41,16.45,16.09,16.28,19582134.0,317991166.0,1298735692.0,0.01507784387587309
2023-08-09,16.22,16.3,16.04,16.11,8245304.0,133245013.0,1298735692.0,0.006348715947971344
2023-08-10,16.11,16.41,16.11,16.35,11227262.0,183046906.0,1298735692.0,0.008644762802129873
2023-08-11,16.3,16.3,15.74,15.78,21523307.0,342530626.0,1298735692.0,0.016572507502935402
2023-08-14,15.65,15.74,15.4,15.71,9816229.0,152798665.0,1298735692.0,0.007558296164851994
2023-08-15,15.68,15.78,15.56,15.71,6342997.0,99495146.0,1298735692.0,0.004883978348382836
2023-08-16,15.64,15.68,15.4,15.52,7060110.0,109704519.0,1298735692.0,0.005436140735554683
2023-08-17,15.45,15.76,15.31,15.69,7074073.0,109980877.0,1298735692.0,0.005446891960831704
2023-08-18,15.66,15.75,15.55,15.55,5667334.0,88719934.0,1298735692.0,0.004363731615993811
2023-08-21,15.55,15.62,15.25,15.27,9246079.0,142454377.0,1298735692.0,0.007119292290921346
2023-08-22,15.28,15.43,15.0,15.3,8767537.0,133554068.0,1298735692.0,0.006750824708989364
2023-08-23,15.25,15.36,15.11,15.12,6490424.0,98822499.0,1298735692.0,0.004997494132162497
2023-08-24,15.13,15.5,15.11,15.38,7789146.0,119569877.0,1298735692.0,0.005997483589601694
2023-08-25,15.38,15.63,15.18,15.29,10129260.0,156145060.0,1298735692.0,0.007799323651759622
2023-08-28,15.76,15.85,15.14,15.17,11765370.0,181969346.0,1298735692.0,0.00905909498943685
2023-08-29,15.16,15.42,15.11,15.38,10356301.0,158588706.0,1298735692.0,0.007974140592110561
2023-08-30,15.33,15.44,15.27,15.36,7646682.0,117465734.0,1298735692.0,0.005887789214620276
2023-08-31,15.26,15.4,15.0,15.06,10793726.0,163251110.0,1298735692.0,0.008310948922469438
2023-09-01,15.09,15.16,15.04,15.14,5118544.0,77313326.0,1298735692.0,0.003941174506506132
2023-09-04,15.15,15.21,14.89,14.99,18156020.0,272566525.0,1298735692.0,0.013979765176115603
2023-09-05,14.99,14.99,14.61,14.86,13293859.0,196818606.0,1298735692.0,0.010236000351640448
2023-09-06,14.86,14.89,14.72,14.87,6472794.0,95964639.0,1298735692.0,0.004983919391660178
2023-09-07,14.87,14.9,14.68,14.7,8804705.0,130053293.0,1298735692.0,0.006779443311087503
2023-09-08,14.69,14.73,14.56,14.63,6872225.0,100565655.0,1298735692.0,0.005291473116764084
2023-09-11,14.66,14.76,14.59,14.73,10572557.0,155207043.0,1298735692.0,0.008140653302381097
2023-09-12,14.73,14.8,14.65,14.75,6955893.0,102532688.0,1298735692.0,0.005355895770669248
2023-09-13,14.74,14.78,14.45,14.54,11410761.0,166072410.0,1298735692.0,0.00878605329035648
2023-09-14,14.53,14.53,14.31,14.4,9338176.0,134537552.0,1298735692.0,0.007190205102948691
2023-09-15,14.43,14.56,14.4,14.46,8301332.0,120067925.0,1298735692.0,0.00639185636549057
2023-09-18,14.45,14.65,14.35,14.6,8620316.0,125211018.0,1298735692.0,0.006637467541009107
2023-09-19,14.57,15.04,14.52,14.86,20458677.0,302877949.0,1298735692.0,0.01575276411206846
2023-09-20,14.78,15.14,14.76,14.94,15355273.0,229924272.0,1298735692.0,0.011823247096838853
2023-09-21,14.94,14.94,14.58,14.6,10440160.0,153586273.0,1298735692.0,0.008038710312120998
2023-09-22,14.58,14.72,14.51,14.68,7606029.0,111300269.0,1298735692.0,0.0058564872335856305
2023-09-25,14.7,15.29,14.61,14.96,25125896.0,378117042.0,1298735692.0,0.01934642757165405
2023-09-26,14.9,15.12,14.9,14.95,7241018.0,108654064.0,1298735692.0,0.00557543620661501
2023-09-27,14.94,15.14,14.87,15.06,7867442.0,118448496.0,1298735692.0,0.006057769913048636
2023-09-28,15.09,15.12,14.88,15.0,7720682.0,115655661.0,1298735692.0,0.005944767705668014
2023-10-09,14.96,15.25,14.9,15.11,9154576.0,138221083.0,1298735692.0,0.007048836846781601
2023-10-10,15.07,15.25,15.02,15.07,6796645.0,102877544.0,1298735692.0,0.005233278057934517
2023-10-11,15.1,15.1,14.81,14.88,8357794.0,124933868.0,1298735692.0,0.006435330954159994
2023-10-12,14.9,15.01,14.82,14.92,5818618.0,86771251.0,1298735692.0,0.004480217211124433
2023-10-13,14.88,14.88,14.65,14.7,8459300.0,124556724.0,1298735692.0,0.006513488504326098
2023-10-16,14.73,15.2,14.72,14.93,11481659.0,172345133.0,1298735692.0,0.008840643304657865
2023-10-17,14.88,15.2,14.8,15.01,8605991.0,129008602.0,1298735692.0,0.006626437583113717
2023-10-18,15.9,16.51,15.6,16.51,99570010.0,1605779007.0,1298735692.0,0.07666687734335402
2023-10-19,16.55,17.0,16.32,16.37,78040106.0,1301347038.0,1298735692.0,0.06008929028493967
2023-10-20,16.15,16.6,16.05,16.39,34309881.0,560272419.0,1298735692.0,0.026417908748749473
2023-10-23,16.35,16.8,15.9,16.12,28406922.0,463609351.0,1298735692.0,0.021872750687443186
2023-10-24,16.14,16.25,15.86,16.07,24202380.0,388531892.0,1298735692.0,0.01863533908329671
2023-10-25,16.07,16.54,16.07,16.31,25514579.0,416678862.0,1298735692.0,0.019645705555923074
2023-10-26,16.2,16.29,16.08,16.26,14685581.0,238257206.0,1298735692.0,0.011307597912693694
2023-10-27,16.11,16.52,16.08,16.34,16319542.0,266555418.0,1298735692.0,0.012565714564191711
2023-10-30,16.1,16.7,16.05,16.47,21571312.0,354284689.0,1298735692.0,0.0166094703740536
2023-10-31,16.47,16.54,16.32,16.48,10893146.0,179112081.0,1298735692.0,0.008387500295171683
2023-11-01,16.48,16.53,16.24,16.49,13307372.0,218731224.0,1298735692.0,0.01024640508609353
2023-11-02,16.42,16.5,16.14,16.18,12282999.0,199613535.0,1298735692.0,0.00945765876433617
2023-11-03,16.19,16.23,15.89,16.13,16893437.0,271269052.0,1298735692.0,0.013007602011757139
2023-11-06,16.13,16.38,15.95,16.33,15727126.0,254353544.0,1298735692.0,0.012109566324292564
2023-11-07,16.23,16.66,16.23,16.53,14764638.0,243254684.0,1298735692.0,0.011368470190622896
2023-11-08,16.53,16.95,16.47,16.55,19081341.0,318775801.0,1298735692.0,0.01469224347766674
2023-11-09,16.48,16.8,16.38,16.42,11278078.0,186526220.0,1298735692.0,0.008683890085928276
2023-11-10,16.44,16.58,16.32,16.52,7728036.0,127326567.0,1298735692.0,0.005950430135710785
2023-11-13,16.49,16.56,16.2,16.47,19067534.0,312504645.0,1298735692.0,0.014681612369208685
2023-11-14,16.37,16.55,16.37,16.43,9198696.0,151376323.0,1298735692.0,0.0070828083471197924
2023-11-15,16.55,16.59,16.33,16.51,8579700.0,141053817.0,1298735692.0,0.006606194049219986
2023-11-16,16.49,16.7,16.34,16.39,11327001.0,187130654.0,1298735692.0,0.00872155979832731
2023-11-17,16.35,16.42,16.21,16.27,8691284.0,141783413.0,1298735692.0,0.006692111453883104
2023-11-20,16.27,16.59,16.2,16.55,12223736.0,201042974.0,1298735692.0,0.009412027462782628
2023-11-21,16.54,16.55,16.26,16.33,13696436.0,223812469.0,1298735692.0,0.010545976432593493
2023-11-22,16.3,16.34,16.07,16.1,12050375.0,195108001.0,1298735692.0,0.00927854302782956
2023-11-23,16.11,16.33,16.11,16.3,10891531.0,176639242.0,1298735692.0,0.008386256778103547
2023-11-24,16.29,16.45,16.21,16.28,10408616.0,169906802.0,1298735692.0,0.008014422075342486
2023-11-27,16.4,16.8,16.35,16.62,26422787.0,438487001.0,1298735692.0,0.020345007196429617
2023-11-28,16.55,16.83,16.42,16.77,18143818.0,302558265.0,1298735692.0,0.013970369884929596
2023-11-29,16.71,17.39,16.64,17.09,27885976.0,476613261.0,1298735692.0,0.02147163289018163
2023-11-30,16.98,17.08,16.77,16.9,14396849.0,243268192.0,1298735692.0,0.011085280160299159
2023-12-01,16.85,17.04,16.59,16.68,14768691.0,247793792.0,1298735692.0,0.011371590917977174
2023-12-04,16.51,16.56,15.1,15.35,48332212.0,748296026.0,1298735692.0,0.037214817685937596
2023-12-05,15.35,15.43,15.19,15.23,18010194.0,275416995.0,1298735692.0,0.013867482129689556
2023-12-06,15.21,15.68,15.2,15.6,20158542.0,311723506.0,1298735692.0,0.015521666282195316
2023-12-07,15.51,15.7,15.34,15.59,11124830.0,172586355.0,1298735692.0,0.008565892250846063
2023-12-08,15.8,16.06,15.34,15.36,20851457.0,325299351.0,1298735692.0,0.016055196702794552
2023-12-11,15.25,15.52,15.1,15.46,13748960.0,210935928.0,1298735692.0,0.010586418841563645
2023-12-12,15.41,15.54,15.3,15.4,8408616.0,129471087.0,1298735692.0,0.00647446285783605
2023-12-13,15.32,15.49,15.26,15.28,9365000.0,143740890.0,1298735692.0,0.007210859035973888
2023-12-14,15.3,15.37,15.04,15.1,9884469.0,149822764.0,1298735692.0,0.007610839573353313
2023-12-15,15.1,15.21,15.01,15.04,9117143.0,137698161.0,1298735692.0,0.007020014200087141
2023-12-18,15.01,15.03,14.82,14.87,10054755.0,149866574.0,1298735692.0,0.007741956321009463
2023-12-19,14.82,14.89,14.63,14.74,9784545.0,144287086.0,1298735692.0,0.007533900130928257
2023-12-20,14.7,14.83,14.49,14.53,8626231.0,126199809.0,1298735692.0,0.006642021970394881
2023-12-21,14.65,14.66,14.05,14.19,22502351.0,319895846.0,1298735692.0,0.017326351419007586
2023-12-22,14.15,14.18,13.78,13.98,12980612.0,180996495.0,1298735692.0,0.009994806549137328
2023-12-25,13.96,14.01,13.83,13.95,9098272.0,126674129.0,1298735692.0,0.0070054839148903595
2023-12-26,13.91,14.11,13.88,13.95,8278252.0,115764963.0,1298735692.0,0.006374085236120546
2023-12-27,14.25,14.29,13.72,13.89,15284146.0,212201509.0,1298735692.0,0.011768480757207064
2023-12-28,13.92,14.07,13.7,13.99,14470658.0,201329908.0,1298735692.0,0.011142111585241626
2023-12-29,14.01,14.1,13.96,14.1,13146330.0,184729009.0,1298735692.0,0.010122406029940694
2024-01-02,14.1,14.25,14.01,14.15,12031161.0,170231157.0,1296170565.0,0.009282081637149352
2024-01-03,14.1,14.13,13.78,13.9,14008791.0,195359830.0,1296170565.0,0.010807829909329873
2024-01-04,13.9,13.99,13.55,13.73,13274221.0,182846331.0,1296170565.0,0.010241106655588958
2024-01-05,13.7,13.79,13.41,13.5,13956446.0,189571387.0,1296170565.0,0.010767445563771154
2024-01-08,13.46,13.47,13.1,13.11,13612468.0,179772678.0,1296170565.0,0.010502065366682663
2024-01-09,13.14,13.29,13.07,13.18,8454930.0,111350900.0,1296170565.0,0.006523007255607598
2024-01-10,13.12,13.2,12.98,13.09,7212423.0,94489283.0,1296170565.0,0.005564408878549097
2024-01-11,13.1,13.31,13.03,13.24,10121715.0,133618631.0,1296170565.0,0.0078089375529060865
2024-01-12,13.21,13.38,13.15,13.17,8415198.0,111564159.0,1296170565.0,0.006492353882453734
2024-01-15,14.18,14.19,13.52,13.64,35862512.0,494286912.0,1296170565.0,0.02766804999926842
2024-01-16,13.53,13.84,13.26,13.41,20924949.0,281711833.0,1296170565.0,0.016143669332592814
2024-01-17,13.4,13.41,13.22,13.22,10503565.0,139819320.0,1296170565.0,0.008103536126821395
2024-01-18,13.1,13.18,12.74,13.16,16279159.0,210506038.0,1296170565.0,0.012559426544298974
2024-01-19,13.17,13.45,13.17,13.23,15049424.0,200641934.0,1296170565.0,0.011610681808686189
2024-01-22,13.19,13.19,12.48,12.75,17736650.0,227293766.0,1296170565.0,0.013683885808655129
2024-01-23,12.72,12.83,12.49,12.7,13456025.0,170671750.0,1296170565.0,0.010381369060020277
2024-01-24,12.74,12.87,12.52,12.83,11815040.0,150324747.0,1296170565.0,0.009115343550484037
2024-01-25,12.82,13.3,12.75,13.23,17249880.0,225193657.0,1296170565.0,0.013308341097840005
2024-01-26,13.18,13.38,13.07,13.19,12601878.0,166771153.0,1296170565.0,0.009722391744021744
2024-01-29,13.19,13.26,12.94,12.94,11325723.0,148414842.0,1296170565.0,0.008737833820504942
2024-01-30,12.87,13.45,12.74,13.07,21529383.0,284666441.0,1296170565.0,0.01660999221965822
2024-01-31,12.91,12.99,12.49,12.54,15854206.0,201046995.0,1296170565.0,0.012231573859262882
2024-02-01,12.51,12.72,12.4,12.5,12703552.0,159570407.0,1296170565.0,0.009800833580879844
2024-02-02,12.51,12.88,12.03,12.5,15559268.0,194949100.0,1296170565.0,0.012004028188990698
2024-02-05,12.32,12.76,11.77,11.94,22552470.0,274364323.0,1296170565.0,0.017399307320329405
2024-02-06,11.8,13.08,11.7,13.06,26396299.0,332081261.0,1296170565.0,0.02036483446914257
2024-02-07,13.03,13.71,13.0,13.7,28946650.0,390262004.0,1296170565.0,0.022332438941012365
2024-02-08,13.73,14.38,13.65,13.83,33673455.0,474699955.0,1296170565.0,0.025979185077389874
2024-02-19,14.03,14.03,13.45,13.6,23536706.0,320001057.0,1296170565.0,0.018158648742343568
2024-02-20,13.47,13.63,13.34,13.57,13039416.0,176141789.0,1296170565.0,0.010059953799367447
2024-02-21,13.51,13.79,13.45,13.56,14893141.0,203073867.0,1296170565.0,0.011490108942568064
2024-02-22,13.56,13.73,13.46,13.61,13735402.0,186458931.0,1296170565.0,0.010596909365859577
2024-02-23,13.59,13.63,13.38,13.63,15710062.0,212628432.0,1296170565.0,0.012120366272937236
2024-02-26,13.65,13.73,13.48,13.64,17380460.0,236849322.0,1296170565.0,0.01340908401202584
2024-02-27,13.6,13.8,13.52,13.8,18938731.0,258777151.0,1296170565.0,0.014611295389199029
2024-02-28,13.74,14.03,13.56,13.86,33882852.0,468248048.0,1296170565.0,0.026140735575182577
2024-02-29,13.6,14.1,13.47,13.89,39853771.0,550865342.0,1296170565.0,0.030747319894585016
2024-03-01,13.9,13.93,13.6,13.75,27508104.0,377691897.0,1296170565.0,0.021222595808600236
2024-03-04,13.64,13.81,13.61,13.72,16782273.0,229768684.0,1296170565.0,0.012947580706710463
2024-03-05,13.7,13.79,13.6,13.69,18625111.0,255359734.0,1296170565.0,0.014369336492377451
2024-03-06,13.7,13.73,13.5,13.6,13816676.0,188025502.0,1296170565.0,0.010659612533324269
2024-03-07,13.6,13.8,13.52,13.52,15211575.0,207725262.0,1296170565.0,0.011735781856765125
2024-03-08,13.51,13.56,13.33,13.51,14181779.0,190632158.0,1296170565.0,0.010941290739772354
2024-03-11,13.43,13.63,13.43,13.63,11961075.0,161874099.0,1296170565.0,0.009228010049742181
2024-03-12,13.63,13.88,13.59,13.88,21961162.0,301973551.0,1296170565.0,0.01694311118691389
2024-03-13,14.02,14.05,13.57,13.59,26431366.0,361389470.0,1296170565.0,0.020391888778927794
2024-03-14,13.52,13.59,13.37,13.41,14477540.0,195257607.0,1296170565.0,0.011169471357344085
2024-03-15,13.4,13.5,13.32,13.49,11042382.0,148147474.0,1296170565.0,0.00851923527518155
2024-03-18,13.5,13.58,13.41,13.58,13576030.0,183142807.0,1296170565.0,0.010473953325733793
2024-03-19,13.55,13.83,13.49,13.75,23829039.0,327218564.0,1296170565.0,0.018384184646254485
2024-03-20,13.94,14.0,13.66,13.69,17952811.0,247042113.0,1296170565.0,0.013850654755456509
2024-03-21,13.67,13.92,13.62,13.86,21741724.0,300419953.0,1296170565.0,0.016773814023465346
2024-03-22,13.77,13.85,13.27,13.29,27613805.0,370573975.0,1296170565.0,0.02130414448965673
2024-03-25,13.29,13.29,13.0,13.02,14083993.0,185280379.0,1296170565.0,0.010865848508139821
2024-03-26,13.0,13.1,12.74,12.91,15912524.0,205496256.0,1296170565.0,0.012276566394639582
2024-03-27,12.87,12.91,12.66,12.67,11581194.0,148077173.0,1296170565.0,0.008934930566024697
2024-03-28,12.65,12.85,12.57,12.68,10939057.0,139198147.0,1296170565.0,0.008439519686207347
2024-03-29,12.67,12.89,12.63,12.86,11829128.0,150835256.0,1296170565.0,0.009126212490406307
2024-04-01,12.88,13.06,12.88,12.98,14124997.0,183182542.0,1296170565.0,0.010897483233620569
2024-04-02,12.95,12.95,12.74,12.81,15681529.0,200786001.0,1296170565.0,0.01209835296637831
2024-04-03,12.76,12.93,12.68,12.9,12351420.0,158295189.0,1296170565.0,0.0095291625450544
2024-04-08,12.86,12.92,12.69,12.73,13406535.0,171342179.0,1296170565.0,0.010343187356673233
2024-04-09,12.69,12.84,12.52,12.83,10607715.0,134854849.0,1296170565.0,0.00818388820610195
2024-04-10,12.75,12.85,12.32,12.43,16313128.0,204546262.0,1296170565.0,0.012585633743349202
2024-04-11,12.32,12.44,12.17,12.37,10772236.0,133011385.0,1296170565.0,0.008310816717242766
2024-04-12,12.27,12.45,12.14,12.15,12415971.0,151784052.0,1296170565.0,0.009578963861133508
2024-04-15,12.1,12.34,11.89,12.17,14867195.0,180856333.0,1296170565.0,0.011470091515309176
2024-04-16,12.1,12.28,11.71,11.74,18651747.0,222855085.0,1296170565.0,0.01438988625698347
2024-04-17,11.8,12.13,11.8,12.13,15276929.0,183815968.0,1296170565.0,0.011786202690075746
2024-04-18,12.17,12.28,12.01,12.17,11090237.0,134851323.0,1296170565.0,0.008556155570466916
2024-04-19,12.05,12.4,12.05,12.4,16056388.0,197531671.0,1296170565.0,0.012387557960012771
2024-04-22,12.33,12.47,12.21,12.35,10909633.0,134595553.0,1296170565.0,0.008416818970117564
2024-04-23,12.33,12.46,12.26,12.28,11411938.0,140920372.0,1296170565.0,0.008804348986277126
2024-04-24,12.26,12.31,12.02,12.16,11270336.0,136702745.0,1296170565.0,0.008695102561598443
2024-04-25,12.2,12.33,12.13,12.26,10051807.0,123179117.0,1296170565.0,0.007755003293104407
2024-04-26,12.21,12.38,12.08,12.36,13659287.0,167560641.0,1296170565.0,0.010538186384443933
2024-04-29,12.18,12.48,11.93,12.33,36771645.0,450467599.0,1296170565.0,0.028369449201309398
2024-04-30,12.35,12.45,12.02,12.06,29887542.0,363504810.0,1296170565.0,0.023058340319585948
2024-05-06,12.2,12.58,12.16,12.38,35413076.0,439186028.0,1296170565.0,0.027321308596450034
2024-05-07,12.43,12.43,12.29,12.38,18558553.0,229381290.0,1296170565.0,0.014317986768971258
2024-05-08,12.4,12.49,12.24,12.29,21398911.0,263870826.0,1296170565.0,0.016509332627839764
2024-05-09,12.26,12.46,12.25,12.45,22845533.0,283452944.0,1296170565.0,0.017625406421723517
2024-05-10,12.44,12.65,12.38,12.42,23060955.0,287879085.0,1296170565.0,0.01779160522751109
2024-05-13,12.39,12.48,12.21,12.33,16180597.0,199871288.0,1296170565.0,0.012483385626026772
2024-05-14,12.39,12.52,12.34,12.38,15645712.0,194489356.0,1296170565.0,0.012070720029041858
2024-05-15,12.34,12.38,12.22,12.23,13133601.0,161568714.0,1296170565.0,0.010132617847250681
2024-05-16,12.27,12.3,12.11,12.15,14583316.0,178132880.0,1296170565.0,0.011251077901155702
2024-05-17,12.1,12.24,12.1,12.23,14441452.0,175618597.0,1296170565.0,0.011141629342585788
2024-05-20,12.21,12.4,12.16,12.25,24088231.0,295737622.0,1296170565.0,0.018584152155931732
2024-05-21,12.26,12.28,11.96,11.99,31328223.0,377465460.0,1296170565.0,0.024169830611760576
2024-05-22,11.98,12.03,11.88,12.02,14920550.0,178406059.0,1296170565.0,0.011511255079303548
2024-05-23,11.96,12.01,11.78,11.82,21332563.0,252488807.0,1296170565.0,0.016458144920147914
2024-05-24,11.89,12.0,11.8,11.82,16903840.0,201326398.0,1296170565.0,0.013041370060737339
2024-05-27,11.73,11.76,11.35,11.67,31237891.0,359139931.0,1296170565.0,0.02410013916648385
2024-05-28,11.6,11.65,11.38,11.42,19208848.0,220613379.0,1296170565.0,0.014819691573539167
2024-05-29,11.39,11.49,11.35,11.38,13047093.0,148672234.0,1296170565.0,0.010065876630981819
2024-05-30,11.37,11.4,11.17,11.24,17189161.0,193307751.0,1296170565.0,0.013261496182795974
2024-05-31,11.23,11.27,11.18,11.2,14455087.0,162008537.0,1296170565.0,0.011152148791467116
2024-06-03,11.21,11.23,10.9,11.01,24328915.0,267638749.0,1296170565.0,0.01876984068065147
2024-06-04,10.95,11.0,10.82,10.98,20388236.0,222257894.0,1296170565.0,0.015729593427389704
2024-06-05,10.98,11.03,10.85,10.86,14798813.0,161854922.0,1296170565.0,0.011417334569698394
2024-06-06,10.92,10.92,10.48,10.54,24413237.0,259568871.0,1296170565.0,0.018834895390484354
2024-06-07,10.6,10.82,10.57,10.78,18536542.0,198596826.0,1296170565.0,0.014301005207597813
2024-06-11,10.78,10.8,10.58,10.6,18363774.0,195801942.0,1296170565.0,0.014167714107903693
2024-06-12,10.65,10.72,10.61,10.68,12573731.0,134053290.0,1296170565.0,0.009700676237775851
2024-06-13,10.66,10.69,10.4,10.44,19150300.0,200585659.0,1296170565.0,0.01477452159238009
2024-06-14,10.43,10.5,10.29,10.47,16122942.0,167623190.0,1296170565.0,0.012438904597405358
2024-06-17,10.39,10.52,10.38,10.47,11260014.0,117813532.0,1296170565.0,0.008687139103486738
2024-06-18,10.46,10.57,10.45,10.52,12219204.0,128611123.0,1296170565.0,0.009427157451303486
2024-06-19,10.48,10.53,10.37,10.39,9281204.0,96730544.0,1296170565.0,0.007160480457292285
2024-06-20,10.39,10.41,10.15,10.15,13682630.0,140324110.0,1296170565.0,0.010556195588348359
2024-06-21,10.11,10.26,10.08,10.2,9935572.0,101417287.0,1296170565.0,0.007665327595215063
2024-06-24,10.16,10.16,9.86,9.95,15939327.0,159429324.0,1296170565.0,0.012297245000313674
2024-06-25,9.95,10.05,9.89,9.99,10842593.0,108197488.0,1296170565.0,0.00836509738207178
2024-06-26,9.98,10.13,9.87,10.12,12620506.0,125959047.0,1296170565.0,0.009736763309387449
2024-06-27,10.08,10.13,9.94,9.95,9793800.0,98007103.0,1296170565.0,0.007555950014958101
2024-06-28,9.94,10.07,9.83,9.83,14677680.0,145966234.0,1296170565.0,0.01132388004814783
2024-07-01,9.82,10.11,9.82,10.05,17893300.0,178887970.0,1315050546.0,0.013606549234496116
2024-07-02,10.05,10.2,9.99,10.02,18502302.0,186393332.0,1315050546.0,0.01406965082542158
2024-07-03,10.0,10.15,9.99,10.03,9757310.0,98155384.0,1315050546.0,0.007419722405103659
2024-07-04,10.03,10.06,9.66,9.68,18884800.0,185144721.0,1315050546.0,0.014360512649070449
2024-07-05,9.67,9.82,9.58,9.78,9950800.0,96636701.0,1315050546.0,0.007566857433934711
2024-07-08,9.79,9.85,9.47,9.51,11932510.0,114453473.0,1315050546.0,0.009073803312196031
2024-07-09,9.54,9.64,9.37,9.61,14209752.0,135485329.0,1315050546.0,0.010805479715758393
2024-07-10,9.59,9.78,9.5,9.7,11482987.0,111266298.0,1315050546.0,0.008731973865892756
2024-07-11,9.8,10.02,9.8,9.98,15546104.0,154412940.0,1315050546.0,0.011821677917466147
2024-07-12,9.97,10.03,9.93,10.0,9311707.0,92949689.0,1315050546.0,0.007080873832814636
2024-07-15,10.01,10.03,9.91,9.94,8561347.0,85223599.0,1315050546.0,0.006510279795739502
2024-07-16,9.86,9.99,9.86,9.93,9049963.0,89789155.0,1315050546.0,0.006881836616491546
2024-07-17,9.91,10.11,9.87,10.06,13907645.0,139258752.0,1315050546.0,0.01057574938264008
2024-07-18,10.04,10.05,9.92,10.05,11645036.0,116364287.0,1315050546.0,0.008855200308019187
2024-07-19,10.0,10.01,9.88,9.99,11273934.0,112143470.0,1315050546.0,0.008573004310968895
2024-07-22,9.99,10.0,9.78,9.86,13200623.0,130436346.0,1315050546.0,0.010038110732817414
2024-07-23,9.83,9.89,9.62,9.62,11745206.0,114642977.0,1315050546.0,0.008931372285061962
2024-07-24,9.59,9.62,9.32,9.32,16405535.0,154629219.0,1315050546.0,0.012475212492706726
2024-07-25,9.28,9.52,9.22,9.43,13318672.0,124826933.0,1315050546.0,0.01012787838498795
2024-07-26,9.45,9.61,9.43,9.6,10854408.0,103815191.0,1315050546.0,0.008253985394718052
2024-07-29,9.59,9.62,9.44,9.51,8336744.0,79289279.0,1315050546.0,0.00633948560027441
2024-07-30,9.5,9.63,9.44,9.62,9943043.0,95217930.0,1315050546.0,0.007560958801350895
2024-07-31,9.63,9.95,9.57,9.95,16926709.0,166171608.0,1315050546.0,0.012871527297172043
2024-08-01,9.95,10.0,9.84,9.94,11126511.0,110414999.0,1315050546.0,0.008460899874794623
2024-08-02,9.87,10.12,9.85,10.0,17878520.0,179383446.0,1315050546.0,0.013595310122779113
2024-08-05,9.95,10.15,9.9,9.94,17926372.0,179844879.0,1315050546.0,0.013631698077710239
2024-08-06,10.26,10.33,10.0,10.1,19910110.0,201446388.0,1315050546.0,0.015140186102017708
2024-08-07,10.05,10.08,9.94,9.96,14204563.0,141776909.0,1315050546.0,0.01080153385982473
2024-08-08,9.92,10.3,9.89,10.22,29814668.0,301960268.0,1315050546.0,0.022671879868562863
2024-08-09,10.15,10.21,10.06,10.07,18706290.0,189465719.0,1315050546.0,0.01422476881736529
2024-08-12,10.06,10.1,9.96,9.97,11199928.0,112172826.0,1315050546.0,0.008516728147117169
2024-08-13,9.97,10.01,9.88,9.98,7820929.0,77747009.0,1315050546.0,0.00594724592434031
2024-08-14,9.96,9.98,9.83,9.85,9096500.0,89831135.0,1315050546.0,0.0069172246098592165
2024-08-15,9.82,9.95,9.78,9.86,8800136.0,86859720.0,1315050546.0,0.006691861409257192
2024-08-16,9.81,9.86,9.59,9.61,14500932.0,140231527.0,1315050546.0,0.011026900862561978
2024-08-19,9.6,9.67,9.53,9.64,8018238.0,77127611.0,1315050546.0,0.006097285024054125
2024-08-20,9.6,9.64,9.43,9.46,9031840.0,85767003.0,1315050546.0,0.0068680553971649395
2024-08-21,9.45,9.46,9.28,9.29,10960656.0,102395876.0,1315050546.0,0.008334779247337007
2024-08-22,9.28,9.35,8.96,8.97,19861390.0,180013457.0,1315050546.0,0.015103138096411999
2024-08-23,9.02,9.1,8.99,9.05,9249931.0,83725310.0,1315050546.0,0.007033897691716559
2024-08-26,9.03,9.38,9.03,9.37,15755859.0,146379803.0,1315050546.0,0.011981181292175213
2024-08-27,9.33,9.43,9.27,9.3,9465820.0,88322768.0,1315050546.0,0.007198065525916294
2024-08-28,9.27,9.4,9.18,9.36,7977630.0,74284325.0,1315050546.0,0.006066405602633011
2024-08-29,9.34,9.36,9.2,9.31,10030351.0,93130315.0,1315050546.0,0.0076273501657479256
2024-08-30,9.29,9.56,9.15,9.45,14934842.0,140338389.0,1315050546.0,0.011356857761420222
2024-09-02,9.41,9.53,9.38,9.4,13373600.0,126558357.0,1315050546.0,0.010169647121685617
2024-09-03,9.36,9.68,9.33,9.61,18685745.0,178932765.0,1315050546.0,0.01420914584373702
2024-09-04,9.59,9.79,9.55,9.61,13123252.0,127119573.0,1315050546.0,0.009979275731961104
2024-09-05,9.58,9.71,9.58,9.62,8158900.0,78687991.0,1315050546.0,0.006204248212980857
2024-09-06,9.59,9.62,9.45,9.46,7451300.0,70976571.0,1315050546.0,0.005666170036326497
2024-09-09,9.45,9.52,9.35,9.43,7670400.0,72345479.0,1315050546.0,0.005832779601765969
2024-09-10,9.44,9.48,9.18,9.34,8741492.0,81270806.0,1315050546.0,0.006647266925662339
2024-09-11,9.33,9.38,9.21,9.26,6163900.0,57252813.0,1315050546.0,0.004687196259298766
2024-09-12,9.22,9.38,9.22,9.27,6087200.0,56634505.0,1315050546.0,0.0046288715049892844
2024-09-13,9.24,9.32,9.18,9.25,6981700.0,64663925.0,1315050546.0,0.005309073496251755
2024-09-18,9.26,9.31,8.98,9.07,9835100.0,89318846.0,1315050546.0,0.007478876024891594
2024-09-19,9.12,9.48,9.12,9.4,17193040.0,160382812.0,1315050546.0,0.013074052592348036
2024-09-20,9.39,9.39,9.23,9.27,8908352.0,82646849.0,1315050546.0,0.006774151782299629
2024-09-23,9.28,9.34,9.2,9.22,8882215.0,82167145.0,1315050546.0,0.006754276500638782
2024-09-24,9.28,9.51,9.22,9.51,21089708.0,197579251.0,1315050546.0,0.016037184322799408
2024-09-25,9.59,9.79,9.54,9.62,23661790.0,229047627.0,1315050546.0,0.01799306503614805
2024-09-26,9.62,9.99,9.57,9.99,24668087.0,242032138.0,1315050546.0,0.018758280489699138
2024-09-27,10.11,10.54,10.08,10.38,38284967.0,393764012.0,1315050546.0,0.029112924302759084
2024-09-30,10.65,11.42,10.65,11.41,76133061.0,844836062.0,1315050546.0,0.05789363856132721
2024-10-08,12.5,12.5,11.15,11.69,94023261.0,1112981164.0,1315050546.0,0.07149783047198552
2024-10-09,11.55,11.55,10.61,10.67,58352514.0,640204977.0,1315050546.0,0.04437282975737421
2024-10-10,10.67,11.03,10.63,10.75,33506617.0,363555746.0,1315050546.0,0.025479337734901027
2024-10-11,10.78,10.79,10.25,10.33,26513551.0,277128998.0,1315050546.0,0.02016162122486203
2024-10-14,10.46,10.59,10.3,10.5,24412495.0,254921541.0,1315050546.0,0.01856392142055352
2024-10-15,10.5,10.62,10.31,10.32,22126305.0,231572152.0,1315050546.0,0.016825440715797398
2024-10-16,10.24,10.53,10.21,10.32,20274477.0,210052460.0,1315050546.0,0.015417260622923616
2024-10-17,10.38,10.42,10.16,10.16,23291201.0,239184668.0,1315050546.0,0.01771125913817156
2024-10-18,10.16,10.52,10.08,10.35,30339818.0,312044959.0,1315050546.0,0.023071218130956923
2024-10-21,10.35,10.52,10.28,10.42,33300825.0,346763004.0,1315050546.0,0.025322847932569125
2024-10-22,10.4,10.88,10.36,10.78,47354479.0,504767792.0,1315050546.0,0.03600962650754262
2024-10-23,10.8,10.94,10.58,10.91,42314449.0,456603957.0,1315050546.0,0.032177051390692324
2024-10-24,10.81,10.9,10.62,10.69,24020834.0,257782848.0,1315050546.0,0.018266091803896333
2024-10-25,10.68,11.03,10.63,10.9,40272517.0,437779297.0,1315050546.0,0.030624311074960005
2024-10-28,10.88,11.6,10.86,11.45,70426248.0,797679371.0,1315050546.0,0.053554023618495955
2024-10-29,11.44,11.49,11.17,11.33,49216553.0,556870044.0,1315050546.0,0.037425597935913865
2024-10-30,11.23,11.4,11.14,11.25,28927834.0,325885634.0,1315050546.0,0.02199750731102316
2024-10-31,11.04,11.08,10.77,10.95,44343390.0,484058007.0,1315050546.0,0.03371991299869016
2024-11-01,10.9,11.21,10.85,10.91,36234238.0,398987163.0,1315050546.0,0.027553494510316717
2024-11-04,10.98,11.0,10.75,10.9,22775857.0,246949200.0,1315050546.0,0.017319377623375397
2024-11-05,10.9,11.06,10.85,11.05,32272646.0,353870862.0,1315050546.0,0.024540992814431332
2024-11-06,11.07,11.9,11.05,11.9,95611334.0,1106699049.0,1315050546.0,0.07270544412974983
2024-11-07,12.19,12.26,11.66,11.82,105674794.0,1261141228.0,1315050546.0,0.08035797127451251
2024-11-08,11.68,11.92,11.5,11.6,71159052.0,832186302.0,1315050546.0,0.054111267598378684
2024-11-11,11.6,12.05,11.41,11.94,74925544.0,882771558.0,1315050546.0,0.05697540997789145
2024-11-12,11.9,12.22,11.74,11.84,52334751.0,626879095.0,1315050546.0,0.03979676002507055
2024-11-13,11.83,12.1,11.61,11.7,35831039.0,422074271.0,1315050546.0,0.027246891086420644
2024-11-14,11.71,11.77,11.36,11.4,27581551.0,318405644.0,1315050546.0,0.020973757308336952
2024-11-15,11.34,11.58,11.28,11.36,29718092.0,338656238.0,1315050546.0,0.022598440866317848
2024-11-18,11.38,11.44,11.0,11.05,25651864.0,286338899.0,1315050546.0,0.019506371126209166
2024-11-19,11.07,11.19,11.0,11.19,20516275.0,227547079.0,1315050546.0,0.015601130361418062
2024-11-20,11.17,11.36,11.08,11.28,22203522.0,249062983.0,1315050546.0,0.016884158610888864
2024-11-21,11.24,11.33,11.11,11.19,18514487.0,207551074.0,1315050546.0,0.01407891662895823
2024-11-22,11.2,11.22,10.86,10.87,21072404.0,233053985.0,1315050546.0,0.016024025893222205
2024-11-25,10.87,10.98,10.69,10.82,18144666.0,196625944.0,1315050546.0,0.013797694738951882
2024-11-26,10.89,11.07,10.77,10.78,15527571.0,169182940.0,1315050546.0,0.011807584923051315
2024-11-27,10.71,10.94,10.55,10.94,16765302.0,180264803.0,1315050546.0,0.012748789049208151
2024-11-28,10.91,11.15,10.86,11.03,22296241.0,246603026.0,1315050546.0,0.016954664646023423
2024-11-29,11.01,11.13,10.93,11.09,21131405.0,233815903.0,1315050546.0,0.01606889184927193
2024-12-02,11.12,11.36,11.11,11.29,24519612.0,276439143.0,1315050546.0,0.018645376084274103
2024-12-03,11.26,11.28,11.04,11.09,20435110.0,227332262.0,1315050546.0,0.015539410300355102
2024-12-04,11.13,11.18,10.92,10.96,17170516.0,189405456.0,1315050546.0,0.013056924733598796
2024-12-05,10.91,11.02,10.9,10.96,11437805.0,125387839.0,1315050546.0,0.008697616251170319
2024-12-06,10.92,11.07,10.92,11.06,14485343.0,159642167.0,1315050546.0,0.011015046565366013
2024-12-09,11.06,11.11,10.94,10.99,13388691.0,147473357.0,1315050546.0,0.010181122726213446
2024-12-10,11.3,11.31,11.03,11.05,21223702.0,236654560.0,1315050546.0,0.016139076984193732
2024-12-11,11.06,11.25,11.05,11.22,18980875.0,211781684.0,1315050546.0,0.014433570677366192
2024-12-12,11.23,11.42,11.14,11.42,26703299.0,302209163.0,1315050546.0,0.02030591073569274
2024-12-13,11.34,11.38,11.15,11.19,22511485.0,253047891.0,1315050546.0,0.017118342004779488
2024-12-16,11.21,11.34,11.12,11.18,17665842.0,198146489.0,1315050546.0,0.013433584019819114
2024-12-17,11.13,11.38,11.04,11.3,33899855.0,380460740.0,1315050546.0,0.025778366545007314
2024-12-18,11.29,11.47,11.15,11.47,40271870.0,457335166.0,1315050546.0,0.030623819078662243
2024-12-19,11.44,11.44,11.11,11.18,30800227.0,345263079.0,1315050546.0,0.023421325586066105
2024-12-20,11.12,11.21,11.06,11.08,18017238.0,199999927.0,1315050546.0,0.013700795041531431
2024-12-23,11.08,11.09,10.66,10.71,26851944.0,290956640.0,1315050546.0,0.020418944413715334
2024-12-24,10.71,10.82,10.59,10.79,13600987.0,145563437.0,1315050546.0,0.010342558346042464
2024-12-25,10.76,10.79,10.41,10.49,18869280.0,198829502.0,1315050546.0,0.014348710821340552
2024-12-26,10.5,10.58,10.49,10.5,15023804.0,158089246.0,1315050546.0,0.011424506872148776
2024-12-27,10.52,11.55,10.45,11.55,87411359.0,984283773.0,1315050546.0,0.0664699613759181
2024-12-30,11.55,11.55,11.22,11.32,70219685.0,798738493.0,1315050546.0,0.05339694752691278
2024-12-31,11.32,11.43,11.11,11.17,41098000.0,462887956.0,1315050546.0,0.03125203067289552
2025-01-02,11.18,11.32,10.75,10.84,42277677.0,469236907.0,1315050546.0,0.03214908896741373
2025-01-03,10.83,10.9,10.3,10.32,38917262.0,411182080.0,1315050546.0,0.02959373852083097
2025-01-06,10.16,10.38,10.02,10.22,28652326.0,291783959.0,1315050546.0,0.02178800357686023
2025-01-07,10.23,10.5,10.11,10.36,32171972.0,331821668.0,1315050546.0,0.024464437582158154
2025-01-08,10.26,10.26,9.93,10.09,30661498.0,308756314.0,1315050546.0,0.023315832302616298
2025-01-09,10.03,10.2,10.0,10.09,14747810.0,148885600.0,1315050546.0,0.011214633570442242
2025-01-10,10.09,10.17,9.92,9.92,18156800.0,182500262.0,1315050546.0,0.013806921760709264
2025-01-13,9.8,9.98,9.7,9.96,14312800.0,141266846.0,1315050546.0,0.010883840201835101
2025-01-14,9.95,10.2,9.94,10.17,19805814.0,200193959.0,1315050546.0,0.015060876602989525
2025-01-15,10.16,10.16,10.03,10.08,12863392.0,129602298.0,1315050546.0,0.009781671160189761
2025-01-16,10.09,10.3,10.08,10.14,18804900.0,191582993.0,1315050546.0,0.01429975452821872
2025-01-17,10.09,10.29,10.06,10.23,16918500.0,172553375.0,1315050546.0,0.012865284951564136
2025-01-20,10.3,10.31,10.15,10.17,13890102.0,141581146.0,1315050546.0,0.010562409210999255
2025-01-21,10.23,10.25,10.03,10.11,11636280.0,117487318.0,1315050546.0,0.008848542008817963
2025-01-22,10.08,10.09,9.97,10.05,8986426.0,90065838.0,1315050546.0,0.006833521363368188
2025-01-23,10.19,10.34,10.05,10.05,19806877.0,202128906.0,1315050546.0,0.015061684936937778
2025-01-24,10.01,10.15,10.0,10.13,13067816.0,131712148.0,1315050546.0,0.009937120698324853
2025-01-27,10.13,10.27,10.13,10.2,16190794.0,165447378.0,1315050546.0,0.01231191762875402
2025-02-05,10.24,10.48,10.16,10.4,23144966.0,239778051.0,1315050546.0,0.017600058089326097
2025-02-06,10.37,10.45,10.28,10.45,17164960.0,178089300.0,1315050546.0,0.013052699800939819
2025-02-07,10.44,10.51,10.33,10.46,25058094.0,261626132.0,1315050546.0,0.0190548523600248
2025-02-10,10.45,10.5,10.4,10.46,18619720.0,194445683.0,1315050546.0,0.014158938648127065
2025-02-11,10.46,10.46,10.31,10.35,15245480.0,157875733.0,1315050546.0,0.011593075297654756
2025-02-12,10.32,10.39,10.26,10.39,15140902.0,156357810.0,1315050546.0,0.011513551358200038
2025-02-13,10.37,10.59,10.35,10.46,26226512.0,275435449.0,1315050546.0,0.01994334900644952
2025-02-14,10.44,10.54,10.38,10.54,19582072.0,205200220.0,1315050546.0,0.014890737135209706
2025-02-17,10.76,11.09,10.68,10.98,51898553.0,565249347.0,1315050546.0,0.0394650632691346
2025-02-18,10.9,10.9,10.54,10.65,30962845.0,331598981.0,1315050546.0,0.023544984711180827
2025-02-19,10.66,10.76,10.6,10.76,23237129.0,247870031.0,1315050546.0,0.017670141327023943
2025-02-20,10.74,10.85,10.59,10.8,25771157.0,277340977.0,1315050546.0,0.019597084749623
2025-02-21,10.78,10.93,10.74,10.88,24517862.0,265926916.0,1315050546.0,0.01864404533694631
2025-02-24,11.85,11.85,11.19,11.31,105257479.0,1209890643.0,1315050546.0,0.08004063366245695
2025-02-25,11.05,11.1,10.85,10.87,50091786.0,549215464.0,1315050546.0,0.03809114877931088
2025-02-26,10.87,10.91,10.71,10.79,30971610.0,333426840.0,1315050546.0,0.02355164985422545
2025-02-27,10.78,10.84,10.67,10.79,22962117.0,246823296.0,1315050546.0,0.01746101476467506
2025-02-28,10.75,10.76,10.58,10.6,19359800.0,206429912.0,1315050546.0,0.014721715495185233
2025-03-03,10.64,10.78,10.63,10.75,19224327.0,205901194.0,1315050546.0,0.014618698162192162
2025-03-04,10.73,10.88,10.64,10.87,21831900.0,235122298.0,1315050546.0,0.016601567191775454
2025-03-05,10.94,10.98,10.7,10.75,16356166.0,176173212.0,1315050546.0,0.012437670969949166
2025-03-06,10.75,10.76,10.68,10.74,20453472.0,219416261.0,1315050546.0,0.015553373261745333
2025-03-07,10.74,10.74,10.59,10.62,18122869.0,192888671.0,1315050546.0,0.013781119710663958
2025-03-10,10.64,10.66,10.47,10.53,16107100.0,169769760.0,1315050546.0,0.012248274447695641
2025-03-11,10.45,10.62,10.4,10.58,15011086.0,157795554.0,1315050546.0,0.011414835760997433
2025-03-12,10.58,10.6,10.49,10.51,11377300.0,119696397.0,1315050546.0,0.008651606612845739
2025-03-13,10.5,10.54,10.43,10.48,11111344.0,116335519.0,1315050546.0,0.008449366477811417
2025-03-14,10.48,10.6,10.47,10.6,15933100.0,168235864.0,1315050546.0,0.012115960141960962
2025-03-17,10.62,10.7,10.59,10.61,14519100.0,154320175.0,1315050546.0,0.011040716301105586
2025-03-18,10.61,10.63,10.53,10.58,12665897.0,133751022.0,1315050546.0,0.00963149062104568
2025-03-19,10.8,10.8,10.6,10.61,21223138.0,226836944.0,1315050546.0,0.01613864810334066
2025-03-20,10.53,10.59,10.51,10.52,11720428.0,123503357.0,1315050546.0,0.008912530423754525
2025-03-21,10.49,10.54,10.19,10.22,28229241.0,291650781.0,1315050546.0,0.021466278300758184
2025-03-24,10.2,10.28,10.09,10.2,15392743.0,156622104.0,1315050546.0,0.011705058065501917
2025-03-25,10.19,10.32,10.15,10.32,14527257.0,148819896.0,1315050546.0,0.011046919104507181
2025-03-26,10.28,10.33,10.24,10.27,10343570.0,106348050.0,1315050546.0,0.007865530364184192
2025-03-27,10.23,10.28,10.16,10.27,8367400.0,85586884.0,1315050546.0,0.006362797251749135
2025-03-28,10.27,10.27,10.13,10.17,9255332.0,94245164.0,1315050546.0,0.007038004758183645
2025-03-31,10.17,10.25,10.02,10.07,10768300.0,108727968.0,1315050546.0,0.008188506542774364
2025-04-01,10.08,10.17,10.08,10.15,7418000.0,75229962.0,1315050546.0,0.00564084781574624
2025-04-02,10.15,10.16,10.09,10.12,7360800.0,74507320.0,1315050546.0,0.005597351388803576
2025-04-03,10.12,10.29,10.12,10.29,18151764.0,185555826.0,1315050546.0,0.013803092250113403
2025-04-07,10.5,11.3,10.5,10.97,137006046.0,1483977415.0,1315050546.0,0.10418310263185884
2025-04-08,11.2,12.05,10.6,11.9,183482249.0,2101714204.0,1315050546.0,0.13952486431650818
2025-04-09,12.02,12.99,11.08,11.79,192058218.0,2325741404.0,1315050546.0,0.14604626307649166
2025-04-10,11.38,12.07,11.11,11.72,147840378.0,1739210537.0,1315050546.0,0.11242182169323246
2025-04-11,11.51,11.58,10.94,11.08,103821914.0,1155051487.0,1315050546.0,0.07894899121238796
2025-04-14,10.94,11.22,10.92,11.11,67747204.0,751501331.0,1315050546.0,0.05151680610761862
2025-04-15,11.04,11.05,10.82,10.89,45681168.0,497768785.0,1315050546.0,0.03473719556936331
2025-04-16,10.86,10.92,10.62,10.78,39969200.0,430442510.0,1315050546.0,0.030393660625117905
2025-04-17,10.71,10.86,10.67,10.79,24764000.0,267422778.0,1315050546.0,0.01883121532881368
2025-04-18,10.75,10.8,10.55,10.61,29570180.0,314001870.0,1315050546.0,0.022485964581318837
2025-04-21,10.6,10.69,10.57,10.65,19309500.0,205473503.0,1315050546.0,0.014683466014849288
2025-04-22,10.63,10.72,10.57,10.64,26640486.0,283520261.0,1315050546.0,0.020258146031749566
2025-04-23,10.61,10.64,10.34,10.38,41355950.0,431836936.0,1315050546.0,0.03144818282901196
2025-04-24,10.37,10.41,10.29,10.33,21762600.0,225173352.0,1315050546.0,0.01654886959759492
2025-04-25,10.33,10.37,10.23,10.29,22126818.0,227953410.0,1315050546.0,0.0168258308148712
2025-04-28,10.2,10.25,10.12,10.13,21536978.0,219006223.0,1315050546.0,0.01637730052697153
2025-04-29,10.14,10.17,10.09,10.12,15103620.0,153006253.0,1315050546.0,0.01148520111712877
2025-04-30,10.12,10.16,10.11,10.11,17546400.0,177779009.0,1315050546.0,0.013342757092775657
2025-05-06,10.15,10.28,10.13,10.27,22367604.0,228663320.0,1315050546.0,0.017008931001196666
2025-05-07,10.3,10.52,10.27,10.46,41287262.0,428650563.0,1315050546.0,0.031395950616182625
2025-05-08,10.41,10.41,10.27,10.39,23454469.0,242608247.0,1315050546.0,0.017835412540865177
2025-05-09,10.38,10.44,10.29,10.31,18177600.0,188267191.0,1315050546.0,0.01382273864323387
2025-05-12,10.28,10.28,10.16,10.25,25137724.0,256646743.0,1315050546.0,0.019115405165574525
2025-05-13,10.25,10.32,10.22,10.28,15867740.0,162978776.0,1315050546.0,0.012066258630335567
2025-05-14,10.25,10.3,10.2,10.26,15350520.0,157296580.0,1315050546.0,0.011672950554404014
2025-05-15,10.25,10.28,10.2,10.2,15488604.0,158510933.0,1315050546.0,0.011777953362410148
2025-05-16,10.2,10.25,10.12,10.2,13484575.0,137184272.0,1315050546.0,0.010254035512943698
2025-05-19,10.2,10.23,10.18,10.21,11044600.0,112691633.0,1315050546.0,0.0083986125351565
2025-05-20,10.22,10.25,10.2,10.23,13791595.0,140971149.0,1315050546.0,0.010487501824131405
2025-05-21,10.23,10.26,10.18,10.2,13245800.0,135109061.0,1315050546.0,0.01007246454540463
2025-05-22,10.19,10.21,10.12,10.13,12397300.0,125939163.0,1315050546.0,0.009427242198186959
2025-05-23,10.13,10.16,10.02,10.03,16794800.0,169553803.0,1315050546.0,0.0127712201261654
2025-05-26,10.04,10.09,10.0,10.09,11316192.0,113769042.0,1315050546.0,0.008605138437013356
2025-05-27,10.07,10.15,10.05,10.13,10925021.0,110364377.0,1315050546.0,0.008307681429607954
2025-05-28,10.1,10.13,10.07,10.08,9182839.0,92724821.0,1315050546.0,0.006982879120450173
2025-05-29,10.06,10.13,10.03,10.12,10643500.0,107532165.0,1315050546.0,0.008093605247626732
2025-05-30,10.13,10.3,10.1,10.2,22686249.0,231543727.0,1315050546.0,0.01725123727677613
2025-06-03,10.15,10.22,10.11,10.21,11689068.0,119039753.0,1315050546.0,0.008888683431640506
2025-06-04,10.2,10.22,10.15,10.2,11106958.0,113057880.0,1315050546.0,0.008446031244794448
2025-06-05,10.19,10.19,10.12,10.15,10803700.0,109642591.0,1315050546.0,0.008215425660147971
2025-06-06,10.15,10.19,10.13,10.14,9843573.0,100003026.0,1315050546.0,0.007485319123239237
2025-06-09,10.15,10.16,10.11,10.14,11405500.0,115695719.0,1315050546.0,0.00867305065549929
2025-06-10,10.15,10.43,10.03,10.28,40800639.0,417857045.0,1315050546.0,0.031025909326530175
2025-06-11,10.2,10.26,10.13,10.22,19777500.0,201966139.0,1315050546.0,0.015039345871652905
2025-06-12,10.2,10.21,10.09,10.11,20348746.0,205869977.0,1315050546.0,0.015473736779088034
2025-06-13,10.12,10.16,9.95,9.95,40119265.0,402490795.0,1315050546.0,0.03050777410954362
2025-06-16,9.97,9.98,9.88,9.93,17582560.0,174330983.0,1315050546.0,0.013370254134703047
2025-06-17,9.92,10.01,9.91,9.98,11110159.0,110866621.0,1315050546.0,0.00844846537176374
2025-06-18,9.97,9.98,9.92,9.94,8493698.0,84416506.0,1315050546.0,0.0064588376666093565
2025-06-19,9.93,9.94,9.71,9.72,21825358.0,214067007.0,1315050546.0,0.01659659247805065
2025-06-20,9.71,9.79,9.69,9.71,13740116.0,133629569.0,1315050546.0,0.010448355800310052
2025-06-23,9.71,9.78,9.58,9.76,13421600.0,130128052.0,1315050546.0,0.010206147619819321
2025-06-24,9.76,9.84,9.74,9.83,12673993.0,124268377.0,1315050546.0,0.009637647038397564
2025-06-25,9.83,9.85,9.77,9.84,14884998.0,146009129.0,1315050546.0,0.011318955035816548
2025-06-26,9.84,9.88,9.8,9.82,11962352.0,117668713.0,1315050546.0,0.009096495976056574
2025-06-27,9.82,9.84,9.79,9.79,11934310.0,117080502.0,1315050546.0,0.009075172080876045
2025-06-30,9.79,9.85,9.79,9.85,11396575.0,111821590.0,1315050546.0,0.008666263844127555
2025-07-01,9.85,9.87,9.83,9.86,9686646.0,95398312.0,1315050546.0,0.00736598758843449
2025-07-02,9.86,9.91,9.84,9.87,10653942.0,105158363.0,1315050546.0,0.008101545626824903
2025-07-03,9.87,9.89,9.86,9.87,7853119.0,77529128.0,1315050546.0,0.005971724070901226
2025-07-04,9.87,9.97,9.85,9.94,15981448.0,158424815.0,1315050546.0,0.012152725268706135
2025-07-07,9.94,9.95,9.86,9.94,11053797.0,109657943.0,1315050546.0,0.008405606182684327
2025-07-08,9.94,9.95,9.89,9.94,12162477.0,120683887.0,1315050546.0,0.009248676438327566
2025-07-09,9.91,10.03,9.9,9.95,20327865.0,202452149.0,1315050546.0,0.015457858301972828
2025-07-10,9.96,9.96,9.92,9.96,11613487.0,115404949.0,1315050546.0,0.008831209595193765
2025-07-11,9.95,10.0,9.94,9.96,15599362.0,155505381.0,1315050546.0,0.011862176740999581
2025-07-14,9.96,9.97,9.93,9.93,9576829.0,95263316.0,1315050546.0,0.0072824797716938856
2025-07-15,9.88,9.88,9.72,9.76,19804911.0,193698402.0,1315050546.0,0.015060189937368384
2025-07-16,9.73,9.85,9.73,9.83,9073282.0,88991778.0,1315050546.0,0.006899569014741126
2025-07-17,9.83,9.86,9.8,9.84,7724046.0,75921685.0,1315050546.0,0.00587357347099265
2025-07-18,9.84,9.9,9.84,9.9,10572353.0,104447045.0,1315050546.0,0.008039503144695094
2025-07-21,9.89,9.97,9.86,9.96,16314124.0,162113399.0,1315050546.0,0.012405701096146308
2025-07-22,9.96,10.0,9.87,9.99,24785571.0,246468111.0,1315050546.0,0.01884761850058956
2025-07-23,10.0,10.13,10.0,10.02,36888631.0,371363368.0,1315050546.0,0.028051112645216907
2025-07-24,10.01,10.15,9.96,10.13,28728259.0,289634930.0,1315050546.0,0.02184574508362662
2025-07-25,10.16,10.18,10.03,10.06,20274962.0,204333315.0,1315050546.0,0.015417629430040174
2025-07-28,10.07,10.14,10.04,10.08,19712911.0,198753596.0,1315050546.0,0.014990230649278784
2025-07-29,10.08,10.09,9.99,10.04,14457351.0,144860749.0,1315050546.0,0.010993760691537707
2025-07-30,10.05,10.21,10.01,10.16,36105486.0,366207865.0,1315050546.0,0.027455588007489408
2025-07-31,10.18,10.19,9.95,9.96,27396267.0,274714230.0,1315050546.0,0.020832862343832675
2025-08-01,9.94,10.01,9.93,9.98,12745902.0,126993836.0,1315050546.0,0.009692328586737076
2025-08-04,9.96,10.0,9.92,9.98,9930195.0,98935417.0,1315050546.0,0.007551188834683774
2025-08-05,9.99,10.09,9.98,10.04,12660200.0,126939055.0,1315050546.0,0.009627158468173436
2025-08-06,10.02,10.04,9.97,10.01,10588684.0,105834365.0,1315050546.0,0.008051921678758043
2025-08-07,10.01,10.09,9.99,10.09,20863804.0,209953060.0,1315050546.0,0.015865400811749482
2025-08-08,10.07,10.09,10.03,10.05,12427338.0,124902973.0,1315050546.0,0.009450083905748212
2025-08-11,10.05,10.06,9.97,10.01,19891517.0,198796892.0,1315050546.0,0.01512604748198021
2025-08-12,10.02,10.03,9.97,9.98,14300950.0,142863586.0,1315050546.0,0.010874829141358342
2025-08-13,9.98,10.0,9.94,10.0,16422568.0,163649631.0,1315050546.0,0.01248816484655488
2025-08-14,9.99,10.0,9.87,9.9,18486495.0,183706489.0,1315050546.0,0.014057630755129925
2025-08-15,9.88,9.94,9.87,9.94,11793618.0,116916988.0,1315050546.0,0.00896818607913798
2025-08-18,9.95,9.99,9.94,9.98,17695656.0,176425961.0,1315050546.0,0.01345625539172241
2025-08-19,9.98,9.99,9.93,9.94,16101447.0,160199627.0,1315050546.0,0.012243975753613351
2025-08-20,9.92,9.99,9.9,9.97,18787628.0,186823579.0,1315050546.0,0.014286620432306942
2025-08-21,9.97,10.04,9.95,10.0,26440272.0,264585116.0,1315050546.0,0.020105897891471616
2025-08-22,9.99,10.01,9.93,9.99,22864592.0,227813154.0,1315050546.0,0.01738685411716486
2025-08-25,9.99,10.12,9.97,10.09,37327421.0,375066779.0,1315050546.0,0.028384780428052078
2025-08-26,10.11,10.15,10.06,10.14,30471885.0,308370552.0,1315050546.0,0.023171645449436586
2025-08-27,10.14,10.15,9.99,10.01,27502485.0,276630048.0,1315050546.0,0.020913633383640298
2025-08-28,10.05,10.05,9.86,9.98,28915674.0,287528607.0,1315050546.0,0.021988260518162623
2025-08-29,9.97,10.06,9.96,9.98,19004116.0,190249877.0,1315050546.0,0.014451243762306304
2025-09-01,9.97,9.98,9.86,9.94,14534238.0,144401362.0,1315050546.0,0.011052227645704502
2025-09-02,9.94,9.96,9.9,9.92,15836415.0,157099138.0,1315050546.0,0.012042438253168104
2025-09-03,9.92,9.93,9.8,9.8,17533951.0,172673966.0,1315050546.0,0.013333290536499271
2025-09-04,9.81,9.84,9.77,9.81,12107016.0,118713157.0,1315050546.0,0.009206502394015202
2025-09-05,9.82,9.86,9.76,9.86,10427345.0,102297048.0,1315050546.0,0.007929235139833173
2025-09-08,9.86,9.95,9.86,9.93,11845766.0,117445570.0,1315050546.0,0.009007840828652072
2025-09-09,9.93,9.94,9.88,9.93,11972759.0,118566858.0,1315050546.0,0.009104409740308187
2025-09-10,9.91,9.92,9.87,9.91,9986282.0,98797685.0,1315050546.0,0.0075938389063259625
2025-09-11,9.89,9.95,9.88,9.95,14040659.0,139481684.0,1315050546.0,0.010676896825530842
2025-09-12,9.94,9.99,9.92,9.95,13328768.0,132662964.0,1315050546.0,0.010135555656428737
2025-09-15,9.95,10.04,9.94,10.0,16454167.0,164381675.0,1315050546.0,0.012512193580732524
2025-09-16,9.95,9.99,9.91,9.96,12760836.0,126874951.0,1315050546.0,0.009703684804218925
2025-09-17,9.95,9.96,9.91,9.93,10951835.0,108748777.0,1315050546.0,0.008328071520377895
2025-09-18,9.93,9.95,9.8,9.85,18430011.0,182037339.0,1315050546.0,0.014014678793951088
2025-09-19,9.83,9.85,9.8,9.83,10012557.0,98361403.0,1315050546.0,0.007613819126918943
2025-09-22,9.83,9.83,9.73,9.75,13697075.0,133975915.0,1315050546.0,0.010415626259889786
2025-09-23,9.75,9.77,9.63,9.74,14938198.0,144777379.0,1315050546.0,0.011359409754581403
2025-09-24,9.7,9.77,9.66,9.77,10904810.0,106028334.0,1315050546.0,0.008292312438612531
2025-09-25,9.75,9.78,9.72,9.72,9393208.0,91508397.0,1315050546.0,0.007142849397364533
2025-09-26,9.73,9.75,9.71,9.71,8686000.0,84552904.0,1315050546.0,0.006605069308111599
2025-09-29,9.69,9.71,9.61,9.68,11222023.0,108380581.0,1315050546.0,0.00853352978266434
2025-09-30,9.67,9.7,9.65,9.68,10496414.0,101502290.0,1315050546.0,0.00798175707536644
2025-10-09,9.68,9.76,9.66,9.75,12169422.0,118091808.0,1315050546.0,0.009253957604151286
2025-10-10,9.75,9.8,9.72,9.79,10894084.0,106513986.0,1315050546.0,0.008284156098133736
2025-10-13,9.97,10.17,9.88,9.88,33746489.0,336778744.0,1315050546.0,0.02566174289090786
2025-10-14,9.85,9.99,9.84,9.9,22246196.0,220010765.0,1315050546.0,0.016916609074583814
2025-10-15,9.89,9.89,9.8,9.82,16548001.0,162637644.0,1315050546.0,0.01258354749202165
2025-10-16,9.82,9.85,9.77,9.78,10699700.0,104824824.0,1315050546.0,0.008136341247524945
2025-10-17,9.78,9.8,9.69,9.7,11947900.0,116460626.0,1315050546.0,0.00908550628441015
2025-10-20,9.72,9.77,9.68,9.75,8929793.0,86830001.0,1315050546.0,0.0067904560985597275
2025-10-21,9.73,9.78,9.72,9.77,8187700.0,79873429.0,1315050546.0,0.0062261485118610795
2025-10-22,9.75,9.77,9.74,9.75,7106314.0,69299336.0,1315050546.0,0.005403833351969119
2025-10-23,9.76,9.79,9.72,9.78,9615400.0,93827198.0,1315050546.0,0.0073118102032254505
2025-10-24,9.78,9.81,9.77,9.79,8808624.0,86240206.0,1315050546.0,0.0066983159140105025
2025-10-27,9.79,9.84,9.74,9.8,12276910.0,120263506.0,1315050546.0,0.009335694386305361
2025-10-28,9.78,9.83,9.77,9.81,9669075.0,94792876.0,1315050546.0,0.007352626124836422
2025-10-29,9.8,9.81,9.77,9.79,9000400.0,88062054.0,1315050546.0,0.006844147570887363
2025-10-30,9.77,9.84,9.74,9.8,15466207.0,151576653.0,1315050546.0,0.011760922077895551
2025-10-31,9.78,9.8,9.73,9.75,15381656.0,149981857.0,1315050546.0,0.011696627210860075
2025-11-03,9.77,9.79,9.73,9.78,9588287.0,93608718.0,1315050546.0,0.007291192744769219
2025-11-04,9.77,9.77,9.72,9.73,8191982.0,79830587.0,1315050546.0,0.006229404660465424
2025-11-05,9.71,9.8,9.71,9.77,10577013.0,103345901.0,1315050546.0,0.008043046734722241
2025-11-06,9.78,9.79,9.75,9.79,7083134.0,69269012.0,1315050546.0,0.005386206653078717
2025-11-07,9.79,9.82,9.76,9.8,9347132.0,91612005.0,1315050546.0,0.0071078119608643546
2025-11-10,9.79,9.89,9.76,9.88,16234407.0,159975830.0,1315050546.0,0.012345082133443713
2025-11-11,9.88,9.97,9.85,9.96,19499105.0,193572848.0,1315050546.0,0.014827646784612642
2025-11-12,9.97,9.98,9.88,9.9,11872580.0,117680517.0,1315050546.0,0.009028230919422012
2025-11-13,9.9,9.92,9.86,9.91,9052067.0,89522519.0,1315050546.0,0.006883436554993073
2025-11-14,9.9,9.95,9.89,9.92,11819962.0,117313117.0,1315050546.0,0.008988218769197028
2025-11-17,9.95,9.96,9.89,9.93,10382800.0,103032437.0,1315050546.0,0.007895361917138051
2025-11-18,9.92,9.95,9.86,9.88,11902080.0,117828683.0,1315050546.0,0.009050663517233352
2025-11-19,9.89,9.95,9.8,9.92,15725677.0,155277977.0,1315050546.0,0.011958230083119558
2025-11-20,9.91,9.91,9.8,9.85,12894800.0,127047549.0,1315050546.0,0.009805554652801916
2025-11-21,9.84,10.1,9.79,9.81,55699160.0,556076899.0,1315050546.0,0.04235514761726885
2025-11-24,9.72,9.9,9.67,9.76,31254800.0,304769646.0,1315050546.0,0.023766995188943863
2025-11-25,9.76,9.77,9.67,9.73,17723800.0,172403298.0,1315050546.0,0.013477656850461473
2025-11-26,9.73,9.75,9.67,9.68,17654479.0,171291436.0,1315050546.0,0.013424943287313003
2025-11-27,9.69,9.7,9.63,9.66,10262679.0,99112641.0,1315050546.0,0.007804018660131411
2025-11-28,9.67,9.69,9.63,9.68,7558180.0,72992624.0,1315050546.0,0.005747444478837546
2025-12-01,9.64,9.68,9.62,9.67,10902924.0,105296013.0,1315050546.0,0.008290878273206693
2025-12-02,9.66,9.72,9.63,9.7,11180569.0,108217861.0,1315050546.0,0.008502007039963618
2025-12-03,9.7,9.7,9.62,9.63,13946482.0,134526943.0,1315050546.0,0.010605282087765469
2025-12-04,9.63,9.65,9.48,9.52,16764592.0,159902362.0,1315050546.0,0.01274824914600659
2025-12-05,9.52,9.55,9.48,9.55,9405700.0,89589086.0,1315050546.0,0.00715234865200383
2025-12-08,9.55,9.57,9.52,9.55,12914204.0,123158638.0,1315050546.0,0.009820309979172466
2025-12-09,9.55,9.55,9.43,9.52,17872666.0,169605517.0,1315050546.0,0.01359085858286089
2025-12-10,9.5,9.6,9.48,9.58,14078713.0,134461686.0,1315050546.0,0.010705834116280425
2025-12-11,9.58,9.58,9.48,9.49,10840000.0,103072359.0,1315050546.0,0.008243029161861586
2025-12-12,9.49,9.5,9.46,9.46,9791096.0,92815083.0,1315050546.0,0.00744541419322752
2025-12-15,9.45,9.46,9.4,9.41,10834443.0,102080747.0,1315050546.0,0.008238803468775565
2025-12-16,9.4,9.42,9.28,9.28,14079200.0,131244930.0,1315050546.0,0.010706204444251072
2025-12-17,9.27,9.33,9.16,9.3,14240558.0,131427676.0,1315050546.0,0.010828905431289787
2025-12-18,9.27,9.34,9.25,9.3,7623721.0,70908911.0,1315050546.0,0.005797283627757986
2025-12-19,9.3,9.4,9.27,9.4,12043723.0,112487151.0,1315050546.0,0.009158372685090692
2025-12-22,9.42,9.53,9.39,9.47,13186104.0,124793606.0,1315050546.0,0.010027070092559013
2025-12-23,9.44,9.49,9.4,9.41,10931495.0,103281039.0,1315050546.0,0.008312604434293738
2025-12-24,9.42,9.45,9.4,9.43,7606226.0,71713840.0,1315050546.0,0.005783979956615295
2025-12-25,9.42,9.46,9.41,9.45,6887564.0,64973230.0,1315050546.0,0.0052374899359952055
2025-12-26,9.44,9.53,9.43,9.48,12184436.0,115575989.0,1315050546.0,0.009265374655796691
2025-12-29,9.48,9.5,9.42,9.44,9422640.0,89054375.0,1315050546.0,0.007165230286136849
2025-12-30,9.43,9.54,9.38,9.41,15324564.0,144636752.0,1315050546.0,0.011653212910038213
2025-12-31,9.38,9.43,9.35,9.36,10801994.0,101283321.0,1314410628.0000002,0.00821812740242085
2026-01-05,9.37,9.42,9.36,9.42,12162578.0,114223828.0,1314410628.0000002,0.009253255977172452
2026-01-06,9.41,9.5,9.4,9.49,13971900.0,132372465.0,1314410628.0000002,0.010629783191314851
2026-01-07,9.49,9.55,9.44,9.51,13795600.0,130932295.0,1314410628.0000002,0.01049565463495324
2026-01-08,9.5,9.52,9.48,9.51,10749314.0,102137200.0,1314410628.0000002,0.00817804860293628
2026-01-09,9.5,9.58,9.49,9.55,15046100.0,143600693.0,1314410628.0000002,0.011447031604494905
2026-01-12,9.56,9.58,9.52,9.58,19239758.0,183718500.0,1314410628.0000002,0.014637555106561414
2026-01-13,9.59,9.76,9.56,9.59,27933902.0,269709138.0,1314410628.0000002,0.02125203601138258
2026-01-14,9.57,9.62,9.47,9.51,22507758.0,215002958.0,1314410628.0000002,0.01712384054155715
2026-01-15,9.48,9.57,9.47,9.5,15128888.0,143906765.0,1314410628.0000002,0.011510016487785123
2026-01-16,9.53,9.65,9.5,9.54,20262037.0,193773925.0,1314410628.0000002,0.015415302165374758
2026-01-19,9.61,9.7,9.55,9.69,24817839.0,239416457.0,1314410628.0000002,0.018881343829182728
2026-01-20,9.68,9.69,9.59,9.62,14302773.0,137738710.0,1314410628.0000002,0.010881510462041088
2026-01-21,9.62,9.62,9.5,9.54,18029045.0,171952554.0,1314410628.0000002,0.01371644797747329
2026-01-22,9.56,9.65,9.52,9.64,15159410.0,145440775.0,1314410628.0000002,0.011533237541655056
2026-01-23,9.63,9.65,9.59,9.63,12855083.0,123518061.0,1314410628.0000002,0.009780111881444706
2026-01-26,9.62,9.74,9.59,9.7,24174223.0,234035088.0,1314410628.0000002,0.018391682541994782
2026-01-27,9.67,9.69,9.47,9.56,21252622.0,202862317.0,1314410628.0000002,0.01616893651593328
2026-01-28,9.53,9.9,9.52,9.8,55227977.0,539524650.0,1314410628.0000002,0.042017293396382965
2026-01-29,9.81,10.08,9.76,9.97,62152425.0,617923946.0,1314410628.0000002,0.04728539443915695
2026-01-30,10.02,10.73,9.94,10.51,152350057.0,1599844387.0,1314410628.0000002,0.11590750542835687
2026-02-02,10.41,10.41,9.97,10.16,93243410.0,946369350.0,1314410628.0000002,0.07093933053621047
2026-02-03,10.17,10.2,9.91,10.04,55388202.0,554864524.0,1314410628.0000002,0.04213919213684263
2026-02-04,10.25,10.33,10.0,10.12,72430238.0,734850745.0,1314410628.0000002,0.05510472637474747
2026-02-05,10.01,10.06,9.88,9.88,44329417.0,440939964.0,1314410628.0000002,0.033725698846068665
2026-02-06,9.85,10.03,9.82,9.89,27854315.0,276681103.0,1314410628.0000002,0.021191486440111162
2026-02-09,9.9,9.93,9.82,9.87,28179523.0,277802128.0,1314410628.0000002,0.02143890379437802
2026-02-10,9.84,9.87,9.75,9.77,24211661.0,236839998.0,1314410628.0000002,0.018420165269692264
2026-02-11,9.77,9.8,9.73,9.78,16395561.0,160254437.0,1314410628.0000002,0.012473697831359895
2026-02-12,9.85,9.85,9.71,9.71,19254100.0,187707602.0,1314410628.0000002,0.014648466460817446
2026-02-13,9.71,9.75,9.68,9.72,16440383.0,159752955.0,1314410628.0000002,0.012507798286001076
2026-02-24,9.79,9.87,9.74,9.87,25002284.0,245391710.0,1314410628.0000002,0.01902166907920041
2026-02-25,9.88,9.98,9.85,9.9,27511351.0,272934100.0,1314410628.0000002,0.020930560369753794
2026-02-26,9.88,10.01,9.83,9.96,28746790.0,285603259.0,1314410628.0000002,0.02187047897181184
2026-02-27,9.95,10.02,9.87,10.0,27449126.0,273741919.0,1314410628.0000002,0.02088321976045373
2026-03-02,10.0,10.22,10.0,10.19,58544324.0,593835595.0,1314410628.0000002,0.04454036109634986
2026-03-03,10.19,10.62,10.11,10.31,87725604.0,911242097.0,1314410628.0000002,0.0667413988682386
2026-03-04,10.35,11.16,10.33,11.04,156338162.0,1688434979.0,1314410628.0000002,0.11894164477191063
2026-03-05,10.6,10.71,10.17,10.23,112729515.0,1166142874.0,1314410628.0000002,0.08576430576457571
2026-03-06,10.2,10.56,10.17,10.45,72977415.0,760119260.0,1314410628.0000002,0.055521017135293574
2026-03-09,10.8,11.09,10.55,10.55,89316933.0,962129100.0,1314410628.0000002,0.06795207760599452
2026-03-10,10.52,10.74,10.38,10.42,61676404.0,648956647.0,1314410628.0000002,0.04692323896821077
2026-03-11,10.37,10.62,10.36,10.59,46517372.0,487454430.0,1314410628.0000002,0.03539028900791876
2026-03-12,10.6,10.67,10.38,10.58,40387959.0,424967067.0,1314410628.0000002,0.030727048412149627
2026-03-13,10.58,10.88,10.53,10.6,50022916.0,533629372.0,1314410628.0000002,0.03805729726646732
2026-03-16,10.6,11.05,10.59,10.86,76962596.0,837616875.0,1314410628.0000002,0.05855293190766865
2026-03-17,10.7,10.84,10.42,10.46,56808264.0,601479844.0,1314410628.0000002,0.04321957141083006
2026-03-18,10.41,10.44,10.22,10.32,31236485.0,321910562.0,1314410628.0000002,0.023764632097907835
2026-03-19,10.38,10.5,10.08,10.13,39329966.0,401424246.0,1314410628.0000002,0.029922130240109403
2026-03-20,10.12,10.29,10.0,10.08,36931464.0,373713155.0,1314410628.0000002,0.028097356498246448
2026-03-23,10.0,10.0,9.58,9.67,47786061.0,464937702.0,1314410628.0000002,0.0363555041187631
2026-03-24,9.71,9.77,9.49,9.76,31995950.0,308472190.0,1314410628.0000002,0.024342430986490773
2026-03-25,9.71,10.0,9.66,9.98,31749254.0,313783617.0,1314410628.0000002,0.024154745346444347
2026-03-26,9.95,10.07,9.78,9.86,21570100.0,212912728.0,1314410628.0000002,0.01641047290740561
2026-03-27,9.76,10.13,9.72,9.93,30658977.0,305756609.0,1314410628.0000002,0.023325265595767836
2026-03-30,9.82,10.5,9.81,10.28,62348413.0,642602301.0,1314410628.0000002,0.04743450157190907
2026-03-31,10.2,10.29,9.88,9.9,40878885.0,410036783.0,1314410628.0000002,0.031100543566207374
2026-04-01,10.03,10.05,9.84,9.92,21504292.0,213251859.0,1314410628.0000002,0.01636040636153468
2026-04-02,9.91,10.0,9.78,9.86,18898913.0,186785475.0,1314410628.0000002,0.01437824116559106
2026-04-03,9.82,9.84,9.55,9.58,28287989.0,271771433.0,1314410628.0000002,0.021521424429626564
2026-04-07,9.56,9.84,9.49,9.78,21467408.0,208327164.0,1314410628.0000002,0.016332345115517427
2026-04-08,9.73,9.83,9.65,9.82,25601109.0,250412186.0,1314410628.0000002,0.01947725349646214
2026-04-09,9.81,9.9,9.69,9.79,21695100.0,211990134.0,1314410628.0000002,0.016505572564496942
2026-04-10,9.81,9.81,9.71,9.74,18611205.0,181538624.0,1314410628.0000002,0.0141593537084516
2026-04-13,9.76,9.8,9.67,9.72,16864268.0,164075477.0,1314410628.0000002,0.012830288831170343
2026-04-14,9.72,9.88,9.64,9.87,24256093.0,236951882.0,1314410628.0000002,0.018453969013403317
2026-04-15,9.85,9.88,9.77,9.86,15562326.0,152814528.0,1314410628.0000002,0.011839774929147938
2026-04-16,9.85,10.13,9.78,10.09,31944868.0,319218088.0,1314410628.0000002,0.024303567941022456
2026-04-17,10.05,10.11,9.88,9.89,22848817.0,226988147.0,1314410628.0000002,0.017383317293140448
2026-04-20,10.0,10.08,9.89,9.95,23898802.0,238111877.0,1314410628.0000002,0.01818214300074877
2026-04-21,9.97,10.05,9.76,9.8,24619596.0,242044734.0,1314410628.0000002,0.018730521098616677
2026-04-22,9.8,9.83,9.71,9.73,20751914.0,202464809.0,1314410628.0000002,0.015787999243110196
2026-04-23,9.72,9.8,9.57,9.68,22231614.0,214761051.0,1314410628.0000002,0.016913750943894527
2026-04-24,9.69,9.79,9.62,9.66,18852297.0,182634744.0,1314410628.0000002,0.014342775840671304
2026-04-27,9.63,9.66,9.54,9.63,16585459.0,159149404.0,1314410628.0000002,0.012618171708818529
2026-04-28,9.65,9.76,9.63,9.75,20908523.0,202615680.0,1314410628.0000002,0.015907146940689523
2026-04-29,9.08,9.35,9.08,9.21,57494478.0,530648865.0,1314410628.0000002,0.04374164113956022
2026-04-30,9.18,9.21,9.11,9.14,21886486.0,200275592.0,1314410628.0000002,0.016651178508273592
2026-05-06,9.17,9.17,9.09,9.15,18414277.0,168054736.0,1314410628.0000002,0.014009531426278149
2026-05-07,9.15,9.15,9.09,9.12,16980397.0,154695093.0,1314410628.0000002,0.012918639455797217
2026-05-08,9.11,9.18,9.1,9.15,15105862.0,138098801.0,1314410628.0000002,0.011492498370151642
2026-05-11,9.2,9.27,9.17,9.25,21187983.0,195583435.0,1314410628.0000002,0.016119759342055468
2026-05-12,9.26,9.27,9.13,9.15,14932072.0,136899935.0,1314410628.0000002,0.011360279414904424
2026-05-13,9.19,9.21,9.15,9.17,11041442.0,101252304.0,1314410628.0000002,0.008400298783950488
2026-05-14,9.19,9.2,9.08,9.11,17421067.0,158572000.0,1314410628.0000002,0.013253899982920708
2026-05-15,9.08,9.1,8.88,8.96,26544387.0,236827529.0,1314410628.0000002,0.020194896811196506
2026-05-18,8.96,8.96,8.7,8.73,20933489.0,182964067.0,1314410628.0000002,0.01592614100500106
2026-05-19,8.69,8.75,8.68,8.75,9447880.0,82331563.0,1314410628.0000002,0.007187921185920294
2026-05-20,8.73,8.74,8.58,8.59,12082348.0,104131276.0,1314410628.0000002,0.009192217213264953
2026-05-21,8.61,8.67,8.41,8.42,13565988.0,116017209.0,1314410628.0000002,0.010320966455240803
2026-05-22,8.4,8.45,8.25,8.44,13003694.0,108792806.0,1314410628.0000002,0.009893174722564704
2026-05-25,8.44,8.52,8.35,8.4,10558908.0,89065909.0,1314410628.0000002,0.008033188240471225
2026-05-26,8.41,8.47,8.33,8.42,10212267.0,85586352.0,1314410628.0000002,0.007769464718600859
2026-05-27,8.42,8.8,8.25,8.69,24804299.0,211911149.0,1314410628.0000002,0.018871042634326596
2026-05-28,8.6,8.67,8.45,8.48,14668854.0,125085244.0,1314410628.0000002,0.011160023882582299
2026-05-29,8.46,8.54,8.39,8.49,11590916.0,98331421.0,1314410628.0000002,0.008818337095795301
2026-06-01,8.48,8.72,8.48,8.68,16769361.0,144451778.0,1314410628.0000002,0.012758083845925808
2026-06-02,8.66,8.68,8.54,8.62,10463800.0,89917697.0,1314410628.0000002,0.007960830334978087
2026-06-03,8.76,8.78,8.5,8.56,14099586.0,121349764.0,1314410628.0000002,0.010726926349837759
2026-06-04,8.52,8.63,8.37,8.39,12338899.0,104516484.0,1314410628.0000002,0.009387400510276457
2026-06-05,8.38,8.45,8.33,8.38,10129756.0,84923153.0,1314410628.0000002,0.007706690576150757
2026-06-08,8.28,8.45,8.02,8.21,17877535.0,146854047.0,1314410628.0000002,0.013601179585106031
2026-06-09,8.17,8.2,8.02,8.09,11718861.0,94778795.0,1314410628.0000002,0.008915677300807704
2026-06-10,8.04,8.15,8.02,8.09,8928844.0,72040119.0,1314410628.0000002,0.006793040020975849
2026-06-11,8.08,8.21,8.04,8.13,8743406.0,70993120.0,1314410628.0000002,0.006651959299282232
2026-06-12,8.1,8.5,8.01,8.5,21603785.0,177911666.0,1314410628.0000002,0.016436100362998585
2026-06-15,8.42,8.51,8.34,8.38,16442500.0,138228141.0,1314410628.0000002,0.012509408893793574
2026-06-16,8.34,8.38,8.14,8.16,13542618.0,110898314.0,1314410628.0000002,0.010303186623351009
2026-06-17,8.15,8.17,8.08,8.11,8765829.0,71192930.0,1314410628.0000002,0.006669018656169903
2026-06-18,8.07,8.14,8.0,8.02,11399713.0,91688841.0,1314410628.0000002,0.008672870377916633
2026-06-22,8.0,8.0,7.66,7.86,21675609.0,168576684.0,1314410628.0000002,0.016490743865166003
2026-06-23,7.8,7.99,7.78,7.89,12714294.0,100594949.0,1314410628.0000002,0.009672999996466855
2026-06-24,7.85,7.9,7.6,7.6,17087339.0,131934931.0,1314410628.0000002,0.013000000636026503
2026-06-25,7.59,7.62,7.4,7.42,21937240.0,164184161.0,1314410628.0000002,0.0166897920122417
2026-06-26,7.38,7.59,7.35,7.5,18463159.0,138158530.0,1314410628.0000002,0.014046720717781656
2026-06-29,7.45,7.74,7.36,7.63,20284638.0,153776680.0,1314410628.0000002,0.015432496944174128
2026-06-30,7.56,7.76,7.48,7.54,14120935.0,106900721.0,1315050546.0,0.010737940866951285
2026-07-01,7.56,7.8,7.54,7.71,18231180.0,140300054.0,1315050546.0,0.013863482324275618
2026-07-02,7.73,7.88,7.67,7.75,15521539.0,120635079.0,1315050546.0,0.01180299802711918
2026-07-03,7.75,7.86,7.68,7.75,12679338.0,98346106.0,1315050546.0,0.00964171152095016
2026-07-06,7.76,7.89,7.72,7.85,13809500.0,108091808.0,1315050546.0,0.010501117270362322
2026-07-07,7.86,7.86,7.66,7.74,10993992.0,85111581.0,1315050546.0,0.008360128843290864
2026-07-08,7.76,7.91,7.65,7.83,13332684.0,103841913.0,1315050546.0,0.010138533488734813
2026-07-09,7.77,7.84,7.7,7.74,12086100.0,93866078.0,1315050546.0,0.009190597301953441
2026-07-10,7.74,7.87,7.63,7.83,15009383.0,117126567.0,1315050546.0,0.011413540753740731
2026-07-13,7.83,8.04,7.78,7.96,19087878.0,151664792.0,1315050546.0,0.014514938652403707
2026-07-14,7.91,8.18,7.88,8.02,22282740.0,179749510.0,1315050546.0,0.016944398120496276
2026-07-15,7.87,8.03,7.65,8.03,19073704.0,151603846.0,1315050546.0,0.014504160359475642
2026-07-16,8.02,8.1,7.96,8.09,14048058.0,113153929.0,1315050546.0,0.010682523225232743
2026-07-17,8.12,8.2,7.98,7.99,19444537.0,157243274.0,1315050546.0,0.014786151801650976
2026-07-20,7.95,8.18,7.94,8.09,21252039.0,171749416.0,1315050546.0,0.016160625205352372
2026-07-21,8.03,8.25,8.01,8.09,22850304.0,186343096.0,1315050546.0,0.01737598913555373
2026-07-22,8.04,8.25,7.92,8.24,27547100.0,223196936.0,1315050546.0,0.020947559836228532
2026-07-23,8.22,8.36,8.16,8.3,18201398.0,150753713.0,1315050546.0,0.013840835286037743
2026-07-24,8.31,8.35,8.08,8.1,15547374.0,127298288.0,1315050546.0,0.011822643659812601
2026-07-27,8.08,8.19,8.04,8.12,9698500.0,78872113.0,1315050546.0,0.007375001690619426
2026-07-28,8.09,8.12,8.02,8.11,10805100.0,87195297.0,1315050546.0,0.008216490258010205
2026-07-29,8.11,8.3,8.1,8.27,16879560.0,139046778.0,1315050546.0,0.012835673922453168
2026-07-30,8.25,8.45,8.25,8.43,17929848.0,150379488.0,1315050546.0,0.013634341322116755
2026-07-31,8.33,8.42,8.26,8.4,15584349.0,130303816.0,1315050546.0,0.011850760449781221
2026-08-03,8.41,8.58,8.39,8.54,16321524.0,139096119.0,1315050546.0,0.012411328256275254
2026-08-04,8.53,8.54,8.35,8.37,16371706.0,137771387.0,1315050546.0,0.012449488006219953
2026-08-05,8.37,8.4,8.25,8.28,13829502.0,114849381.0,1315050546.0,0.010516327332105453
2026-08-06,8.29,8.44,8.09,8.25,34691140.0,286582669.0,1315050546.0,0.026380081058876653
2026-08-07,8.22,8.22,8.07,8.21,22465118.0,182850836.0,1315050546.0,0.017083083284009374
2026-08-10,8.2,8.41,8.2,8.38,21993382.0,183121842.0,1315050546.0,0.016724362471767684
2026-08-11,8.37,8.39,8.22,8.24,13238800.0,109708130.0,1315050546.0,0.010067141556093465
2026-08-12,8.2,8.25,8.12,8.17,10107725.0,82644121.0,1315050546.0,0.007686187447885368
2026-08-13,8.18,8.19,8.05,8.14,13329531.0,107956267.0,1315050546.0,0.010136135862263656
2026-08-14,8.12,8.13,8.02,8.02,10689300.0,86091203.0,1315050546.0,0.008128432806262643
2026-08-17,8.09,8.46,8.09,8.38,40395986.0,335997118.0,1315050546.0,0.030718200241711468
2026-08-18,8.33,9.22,8.3,9.22,114497443.0,1022271720.0,1315050546.0,0.08706695217782146
2026-08-19,9.45,9.9,8.86,9.1,134470781.0,1261165272.0,1315050546.0,0.10225521856100579
2026-08-20,8.89,9.15,8.44,8.84,96099202.0,839161524.0,1315050546.0,0.07307643215107262
2026-08-21,8.8,8.81,8.29,8.35,57417311.0,480488345.0,1315050546.0,0.0436616761041214
2026-08-24,8.32,8.9,8.27,8.67,65464781.0,562784166.0,1315050546.0,0.049781189931538954
2026-08-25,8.68,9.27,8.6,8.92,71490469.0,642227588.0,1315050546.0,0.054363286048169895
2026-08-26,8.8,9.14,8.72,8.83,52968593.0,471281275.0,1315050546.0,0.0402787506237802
2026-08-27,8.9,9.15,8.87,9.1,58999013.0,534074478.0,1315050546.0,0.0448644450811855
2026-08-28,9.12,9.41,9.03,9.25,67070036.0,620376383.0,1315050546.0,0.05100186924678103
2026-08-31,9.36,9.45,9.0,9.06,68550845.0,631436574.0,1315050546.0,0.05212791645804921
2026-09-01,9.05,9.97,8.99,9.97,90496406.0,877988071.0,1315050546.0,0.06881591454812415
2026-09-02,9.88,9.88,9.15,9.39,112301829.0,1057671034.0,1315050546.0,0.08539734791304364
2026-09-03,9.2,9.4,9.05,9.16,59295955.0,545157202.0,1315050546.0,0.04509024780861921
2026-09-04,9.06,9.58,8.98,9.39,71515998.0,670737559.0,1315050546.0,0.05438269899018771
2026-09-07,9.4,9.89,9.4,9.68,76602550.0,742426697.0,1315050546.0,0.05825065069400002
2026-09-08,9.6,10.59,9.55,10.15,131223665.0,1327929436.0,1315050546.0,0.09978602373813242
2026-09-09,9.9,10.25,9.82,10.02,90271254.0,902956144.0,1315050546.0,0.06864470287821164
2026-09-10,9.98,10.0,9.56,9.59,70147549.0,680613251.0,1315050546.0,0.053342093361634174
2026-09-11,9.51,9.75,9.25,9.34,65019100.0,614873778.0,1315050546.0,0.049442282045940464
2026-09-14,9.21,9.34,8.83,9.01,55589020.0,501769620.0,1315050546.0,0.04227139418259289
2026-09-15,9.02,9.05,8.74,8.77,38892743.0,343353788.0,1315050546.0,0.02957509361012805
2026-09-16,8.7,8.84,8.66,8.75,29350470.0,257345912.0,1315050546.0,0.022318891155382253
2026-09-17,8.75,9.12,8.63,9.04,63401451.0,563459503.0,1315050546.0,0.048212177997909444
2026-09-18,8.81,8.99,8.72,8.99,56427362.0,500338128.0,1315050546.0,0.04290889211189301
2026-09-21,8.91,9.13,8.83,9.08,44406013.0,400505551.0,1315050546.0,0.033767533221494894
2026-09-22,9.0,9.18,8.85,9.01,42055508.0,377992974.0,1315050546.0,0.03198014565137483
2026-09-23,8.95,9.01,8.79,8.89,26308513.0,233963707.0,1315050546.0,0.020005704784521645
2026-09-24,8.9,8.98,8.67,8.68,19858678.0,174449370.0,1315050546.0,0.015101075818267445
