date,open,high,low,close,volume,amount,outstanding_share,turnover
2021-04-28,76.06,91.27,76.06,91.27,796115.0,72454785.0,31670000.0,0.02513782759709504
2021-04-29,91.0,91.0,82.14,82.14,1534200.0,131092098.0,31670000.0,0.048443321755604674
2021-04-30,73.93,73.93,73.93,73.93,947900.0,70078247.0,31670000.0,0.029930533628039154
2021-05-06,66.54,71.43,66.54,66.55,9512882.0,638673502.0,31670000.0,0.3003751815598358
2021-05-07,65.58,66.19,63.61,63.99,5624728.0,361700565.0,31670000.0,0.17760429428481211
2021-05-10,63.0,63.29,60.79,60.93,4666107.0,287862052.0,31670000.0,0.14733523839595833
2021-05-11,60.11,61.72,60.1,61.25,2554096.0,156151602.0,31670000.0,0.08064717398168614
2021-05-12,61.01,62.24,60.63,61.95,2454486.0,151659651.0,31670000.0,0.07750192611304073
2021-05-13,60.95,61.5,60.41,60.55,2426397.0,147268411.0,31670000.0,0.07661499842121881
2021-05-14,60.7,60.96,60.35,60.53,2030094.0,123101222.0,31670000.0,0.06410148405431007
2021-05-17,60.68,60.68,58.88,59.1,2663413.0,158333944.0,31670000.0,0.08409892642879697
2021-05-18,58.93,60.29,58.7,59.6,1830572.0,109211050.0,31670000.0,0.057801452478686455
2021-05-19,60.0,60.0,58.85,58.88,1740435.0,102736752.0,31670000.0,0.05495532049257973
2021-05-20,58.88,58.88,57.4,57.41,2144928.0,123841998.0,31670000.0,0.06772743921692453
2021-05-21,57.51,62.96,57.0,60.71,4385734.0,262318754.0,31670000.0,0.13848228607514998
2021-05-24,60.9,60.95,59.11,59.22,2211966.0,131959782.0,31670000.0,0.06984420587306599
2021-05-25,58.85,58.86,57.85,58.5,1781012.0,103791864.0,31670000.0,0.0562365645721503
2021-05-26,58.35,59.99,58.13,59.43,1678024.0,99524410.0,31670000.0,0.05298465424692138
2021-05-27,59.52,60.34,58.89,59.96,1811854.0,108172936.0,31670000.0,0.05721041995579413
2021-05-28,59.95,60.0,59.02,59.06,1479391.0,87962242.0,31670000.0,0.046712693400694665
2021-05-31,58.95,59.0,58.31,59.0,1226807.0,71896068.0,31670000.0,0.03873719608462267
2021-06-01,58.99,59.95,58.81,59.6,1314938.0,78274274.0,31670000.0,0.04151998736975055
2021-06-02,59.7,62.85,59.42,61.87,3579977.0,220407995.0,31670000.0,0.11304000631512473
2021-06-03,61.5,61.98,60.42,60.75,2063647.0,125995091.0,31670000.0,0.06516094095358384
2021-06-04,60.49,61.8,60.2,60.92,1643999.0,100483894.0,31670000.0,0.051910293653299654
2021-06-07,60.8,60.8,58.88,59.14,1794688.0,106442883.0,31670000.0,0.05666839280075781
2021-06-08,59.15,59.5,58.71,58.8,1117304.0,65802903.0,31670000.0,0.03527957057151879
2021-06-09,58.82,60.89,58.28,59.96,1979790.0,118436144.0,31670000.0,0.0625131038838017
2021-06-10,59.6,59.69,58.72,59.0,1536480.0,90623717.0,31670000.0,0.048515314177455006
2021-06-11,58.98,59.06,58.58,58.7,879961.0,51711217.0,31670000.0,0.027785317335017365
2021-06-15,58.52,58.52,57.47,57.5,1127223.0,65060779.0,31670000.0,0.03559276918219135
2021-06-16,57.4,58.63,57.37,57.6,735650.0,42651421.0,31670000.0,0.02322860751499842
2021-06-17,57.65,58.12,57.09,57.27,911920.0,52398000.0,31670000.0,0.028794442690243133
2021-06-18,57.23,59.96,57.23,58.85,1697329.0,99888041.0,31670000.0,0.0535942216608778
2021-06-21,58.8,58.84,58.01,58.68,963115.0,56302476.0,31670000.0,0.030410956741395642
2021-06-22,59.18,59.66,58.8,59.34,1301533.0,77314051.0,31670000.0,0.04109671613514367
2021-06-23,59.66,62.3,59.01,61.31,2462019.0,149147040.0,31670000.0,0.0777397852857594
2021-06-24,61.0,61.0,60.05,60.37,1550956.0,93813105.0,31670000.0,0.04897240290495737
2021-06-25,42.45,42.92,41.35,42.03,1677994.0,70364719.0,44338000.0,0.03784550498443773
2021-06-28,43.59,45.77,43.5,43.83,5823919.0,257911719.0,44338000.0,0.13135276737787
2021-06-29,43.07,43.2,42.0,42.09,4042157.0,171380859.0,44338000.0,0.09116687717082413
2021-06-30,41.73,42.34,40.81,40.94,2873356.0,118405636.0,44338000.0,0.06480571969867834
2021-07-01,41.02,41.3,40.53,40.61,1545073.0,63286564.0,44338000.0,0.03484760250800668
2021-07-02,40.99,40.99,40.17,40.58,1193247.0,48465607.0,44338000.0,0.0269125129685597
2021-07-05,40.71,40.71,40.27,40.4,1046982.0,42326917.0,44338000.0,0.02361364969100997
2021-07-06,40.41,41.12,40.4,40.82,1229995.0,50039049.0,44338000.0,0.02774132798051333
2021-07-07,40.75,40.83,40.41,40.49,1172192.0,47460535.0,44338000.0,0.026437638143353332
2021-07-08,40.59,40.6,39.4,39.48,2227782.0,88797034.0,44338000.0,0.050245432811583744
2021-07-09,39.24,39.74,39.15,39.55,1052831.0,41486346.0,44338000.0,0.023745568135684965
2021-07-12,39.55,39.75,39.3,39.58,1095193.0,43251862.0,44338000.0,0.024701001398349045
2021-07-13,39.4,39.68,39.28,39.41,910602.0,35892572.0,44338000.0,0.020537732870224187
2021-07-14,39.42,39.7,39.24,39.24,1000057.0,39427001.0,44338000.0,0.02255530244936623
2021-07-15,39.32,39.53,38.28,38.41,1563026.0,60503940.0,44338000.0,0.03525251477288105
2021-07-16,38.31,38.83,37.57,38.75,1902927.0,72481924.0,44338000.0,0.04291864766114845
2021-07-19,38.41,38.5,37.58,37.64,1287421.0,48624023.0,44338000.0,0.029036514953313185
2021-07-20,37.34,37.89,37.0,37.61,642239.0,24136224.0,44338000.0,0.014485069240831792
2021-07-21,37.66,37.84,37.46,37.51,831007.0,31254254.0,44338000.0,0.018742545897424332
2021-07-22,37.53,37.61,37.17,37.25,1015603.0,37879707.0,44338000.0,0.022905927195633544
2021-07-23,37.1,37.25,35.83,35.83,1885976.0,68439662.0,44338000.0,0.04253633452117822
2021-07-26,35.8,36.48,35.61,36.03,1472278.0,53126793.0,44338000.0,0.03320578284992557
2021-07-27,35.81,36.03,35.0,35.0,1239940.0,43819397.0,44338000.0,0.027965627678289504
2021-07-28,35.05,35.21,33.3,34.22,1280695.0,43358651.0,44338000.0,0.028884816635842844
2021-07-29,34.89,34.89,33.78,33.87,1368014.0,46867677.0,44338000.0,0.030854210834949703
2021-07-30,33.6,33.95,33.09,33.88,1117973.0,37525513.0,44338000.0,0.025214781902656865
2021-08-02,33.57,36.57,33.12,35.59,2662259.0,94079767.0,44338000.0,0.06004463439938653
2021-08-03,35.0,35.55,34.98,35.07,1564779.0,55099733.0,44338000.0,0.03529205196445487
2021-08-04,34.99,36.29,34.73,35.74,1687140.0,60109559.0,44338000.0,0.03805178402273445
2021-08-05,35.43,36.26,35.15,36.0,1265078.0,45326106.0,44338000.0,0.028532590554377735
2021-08-06,36.09,37.0,35.72,36.85,2007380.0,73404943.0,44338000.0,0.04527448238531282
2021-08-09,37.22,39.18,37.22,38.35,3179909.0,122719927.0,44338000.0,0.07171972123235149
2021-08-10,38.01,38.89,37.38,38.59,2683455.0,102780382.0,44338000.0,0.06052268934097163
2021-08-11,38.5,38.67,37.02,37.03,3023969.0,113636980.0,44338000.0,0.06820264784158059
2021-08-12,37.05,38.03,37.01,37.15,1441647.0,53797257.0,44338000.0,0.032514930759168205
2021-08-13,36.99,36.99,36.42,36.79,1161737.0,42563756.0,44338000.0,0.026201835896973252
2021-08-16,36.8,37.44,36.48,37.16,970784.0,35923677.0,44338000.0,0.021895078713518878
2021-08-17,37.11,37.94,36.58,36.72,1527812.0,56760674.0,44338000.0,0.034458297622806625
2021-08-18,36.2,36.55,35.83,36.19,1106455.0,40015949.0,44338000.0,0.02495500473634354
2021-08-19,36.01,36.31,35.78,35.8,796375.0,28601217.0,44338000.0,0.01796145518516848
2021-08-20,35.81,35.97,35.02,35.06,811985.0,28659521.0,44338000.0,0.018313523388515496
2021-08-23,35.06,35.64,35.05,35.63,730585.0,25924783.0,44338000.0,0.016477626415264558
2021-08-24,35.73,35.96,35.56,35.7,624005.0,22318650.0,44338000.0,0.014073819297216834
2021-08-25,35.73,36.34,35.52,36.3,1054331.0,38106117.0,44338000.0,0.02377939916099057
2021-08-26,36.03,36.44,35.4,35.42,1131447.0,40465580.0,44338000.0,0.025518674725968696
2021-08-27,35.2,35.33,35.0,35.01,776644.0,27258308.0,44338000.0,0.017516441878298525
2021-08-30,34.85,34.9,34.38,34.41,955013.0,33000418.0,44338000.0,0.021539379313455728
2021-08-31,34.65,35.31,34.6,34.81,856045.0,29884952.0,44338000.0,0.01930725337182552
2021-09-01,34.7,35.46,34.29,35.25,1151886.0,40281205.0,44338000.0,0.025979656276782895
2021-09-02,35.11,35.29,34.72,34.83,956117.0,33399603.0,44338000.0,0.021564278948080655
2021-09-03,34.98,35.65,34.7,35.52,1414009.0,49847773.0,44338000.0,0.031891582840903966
2021-09-06,35.15,35.7,35.12,35.59,889162.0,31573638.0,44338000.0,0.020054174748522714
2021-09-07,35.53,36.36,35.4,35.99,1293180.0,46465699.0,44338000.0,0.029166403536469845
2021-09-08,36.5,36.5,35.91,36.08,1101741.0,39816553.0,44338000.0,0.024848685100816455
2021-09-09,35.99,36.55,35.95,36.15,962554.0,34869063.0,44338000.0,0.021709459154675446
2021-09-10,35.87,36.26,35.76,35.91,742550.0,26725107.0,44338000.0,0.01674748522711895
2021-09-13,36.0,36.07,35.54,35.62,792077.0,28283288.0,44338000.0,0.01786451802065948
2021-09-14,35.62,36.02,35.43,35.45,800309.0,28506316.0,44338000.0,0.01805018268753665
2021-09-15,35.42,35.43,35.08,35.21,547227.0,19258903.0,44338000.0,0.012342166989940909
2021-09-16,35.21,37.57,35.21,36.98,3863776.0,141430875.0,44338000.0,0.08714366908746447
2021-09-17,36.8,37.23,36.04,36.87,2476854.0,90282390.0,44338000.0,0.055863006901529164
2021-09-22,36.21,36.48,36.06,36.29,1290283.0,46724604.0,44338000.0,0.029101064549596285
2021-09-23,36.29,37.3,36.16,37.25,1641229.0,60152987.0,44338000.0,0.037016306554197305
2021-09-24,36.97,38.48,36.71,37.69,2747900.0,103771910.0,44338000.0,0.061976182958184856
2021-09-27,37.7,39.35,37.15,39.1,4616312.0,178611135.0,44338000.0,0.10411637872705129
2021-09-28,38.6,38.63,37.65,37.78,2394850.0,90987979.0,44338000.0,0.0540134873020885
2021-09-29,37.3,38.8,36.65,37.97,2786061.0,105129841.0,44338000.0,0.06283686679597636
2021-09-30,37.61,38.32,37.26,37.26,1898001.0,71588653.0,44338000.0,0.042807546574044834
2021-10-08,37.42,38.9,37.19,38.58,2647933.0,101263694.0,44338000.0,0.05972152555370112
2021-10-11,38.37,41.45,38.16,40.7,5729552.0,227838172.0,44338000.0,0.12922441246786054
2021-10-12,40.27,40.28,39.18,39.85,3143544.0,124811576.0,44338000.0,0.07089954440885922
2021-10-13,39.96,40.7,39.2,40.7,3141859.0,125633061.0,44338000.0,0.07086154089043259
2021-10-14,40.26,41.55,39.65,40.97,3890050.0,157670940.0,44338000.0,0.08773625332671749
2021-10-15,39.94,41.16,37.2,37.61,4811425.0,188675270.0,44338000.0,0.10851696062068654
2021-10-18,37.56,38.35,36.51,37.95,2283598.0,85754090.0,44338000.0,0.05150430781722225
2021-10-19,37.76,40.88,37.48,39.9,5457220.0,216920578.0,44338000.0,0.12308223194550949
2021-10-20,39.61,40.3,38.76,38.88,2848628.0,111664513.0,44338000.0,0.06424800396950697
2021-10-21,38.86,39.33,38.16,38.4,1931097.0,74744845.0,44338000.0,0.04355399431638775
2021-10-22,38.41,39.23,37.8,37.97,1968903.0,75700359.0,44338000.0,0.04440667147819027
2021-10-25,39.8,40.28,38.41,38.6,2361314.0,92140665.0,44338000.0,0.05325711579232261
2021-10-26,38.4,38.8,37.8,38.13,1614653.0,61823054.0,44338000.0,0.03641691100184943
2021-10-27,38.15,38.48,37.33,37.46,1826956.0,69162393.0,44338000.0,0.04120519644548694
2021-10-28,37.31,37.31,35.98,36.05,2039814.0,74188919.0,44338000.0,0.04600599936848753
2021-10-29,36.19,37.0,36.06,36.52,1343310.0,49175681.0,44338000.0,0.030297036402183227
2021-11-01,36.45,37.2,35.9,36.88,1453566.0,53485601.0,44338000.0,0.03278375208624656
2021-11-02,36.8,37.5,36.52,37.0,1697785.0,62733439.0,44338000.0,0.03829187153231991
2021-11-03,36.8,38.84,36.72,38.52,3393735.0,129757457.0,44338000.0,0.07654235644368262
2021-11-04,38.0,39.0,37.85,38.6,2360847.0,91020271.0,44338000.0,0.053246583066444135
2021-11-05,38.64,39.15,38.11,38.19,1721515.0,66176350.0,44338000.0,0.03882707835265461
2021-11-08,37.95,38.37,37.49,37.53,1363984.0,51501049.0,44338000.0,0.030763318146961975
2021-11-09,37.53,38.01,37.51,37.61,1051674.0,39679843.0,44338000.0,0.023719473138165907
2021-11-10,37.59,37.96,36.83,37.34,1418926.0,52755920.0,44338000.0,0.032002480941855746
2021-11-11,37.02,37.6,37.0,37.24,1153125.0,43028807.0,44338000.0,0.026007600703685328
2021-11-12,37.24,37.65,37.09,37.43,1142409.0,42726589.0,44338000.0,0.02576591185890207
2021-11-15,37.72,38.17,37.56,37.8,1396313.0,52722461.0,44338000.0,0.03149246695836529
2021-11-16,37.8,38.1,37.2,37.23,1329448.0,49930456.0,44338000.0,0.02998439262032568
2021-11-17,37.18,37.18,36.84,37.12,1006717.0,37238029.0,44338000.0,0.02270551220172313
2021-11-18,37.19,37.36,36.94,36.98,1009705.0,37499742.0,44338000.0,0.022772903604131894
2021-11-19,36.85,36.88,36.25,36.75,1526096.0,55734437.0,44338000.0,0.03441959492985701
2021-11-22,36.76,36.97,36.62,36.9,794768.0,29267901.0,44338000.0,0.01792521088005774
2021-11-23,36.85,37.05,36.69,36.92,827595.0,30519337.0,44338000.0,0.01866559159186251
2021-11-24,37.07,37.07,36.65,36.8,804689.0,29590714.0,44338000.0,0.018148969281429023
2021-11-25,36.92,37.11,36.7,37.04,827514.0,30600005.0,44338000.0,0.018663764716496008
2021-11-26,37.15,37.17,36.77,36.83,817136.0,30145470.0,44338000.0,0.01842969912941495
2021-11-29,36.2,36.75,36.12,36.39,686461.0,25016976.0,44338000.0,0.015482452974874826
2021-11-30,36.38,36.67,36.27,36.3,775432.0,28256869.0,44338000.0,0.017489106409851594
2021-12-01,36.37,36.83,36.26,36.83,909259.0,33319520.0,44338000.0,0.020507442825567233
2021-12-02,36.8,37.37,36.71,37.0,1190731.0,44149047.0,44338000.0,0.02685576706211376
2021-12-03,37.02,37.2,36.81,37.13,873719.0,32379046.0,44338000.0,0.019705873065993054
2021-12-06,37.05,37.07,36.5,36.52,883506.0,32364400.0,44338000.0,0.019926609229103703
2021-12-07,36.54,36.73,36.42,36.56,514466.0,18801126.0,44338000.0,0.011603274843249583
2021-12-08,36.59,37.22,36.57,37.2,1128011.0,41729824.0,44338000.0,0.025441179124001984
2021-12-09,37.2,37.58,37.05,37.35,1288351.0,48101514.0,44338000.0,0.029057490189002663
2021-12-10,37.36,37.96,37.27,37.69,1263846.0,47602854.0,44338000.0,0.028504804005593395
2021-12-13,37.6,37.97,37.34,37.89,1238661.0,46721353.0,44338000.0,0.027936781090712254
2021-12-14,37.7,38.18,37.51,38.13,1232933.0,46806200.0,44338000.0,0.027807591682078577
2021-12-15,38.13,38.22,37.29,37.48,1287346.0,48470560.0,44338000.0,0.029034823402047903
2021-12-16,37.48,37.61,37.16,37.39,749180.0,27975544.0,44338000.0,0.016897018358969732
2021-12-17,37.4,37.67,37.2,37.28,700375.0,26182333.0,44338000.0,0.015796269565609634
2021-12-20,37.11,37.45,37.06,37.14,647917.0,24133740.0,44338000.0,0.01461313094862195
2021-12-21,37.12,37.45,37.12,37.42,670382.0,25020700.0,44338000.0,0.015119806937615589
2021-12-22,37.38,38.25,37.37,37.9,1552388.0,58874859.0,44338000.0,0.035012585141413685
2021-12-23,37.82,39.39,37.8,39.06,3521673.0,136913786.0,44338000.0,0.07942787225404845
2021-12-24,38.85,39.04,38.23,38.8,2366117.0,91443559.0,44338000.0,0.05336544273535117
2021-12-27,38.77,39.2,38.38,38.87,1702196.0,65957786.0,44338000.0,0.038391357300735264
2021-12-28,38.8,39.08,38.4,38.94,1084324.0,41986349.0,44338000.0,0.02445586178898462
2021-12-29,38.94,39.32,38.08,38.15,1596756.0,61634906.0,44338000.0,0.036013261761919796
2021-12-30,38.13,38.43,37.89,38.18,895090.0,34187278.0,44338000.0,0.02018787496053047
2021-12-31,38.01,38.9,38.01,38.58,1249724.0,48210298.0,44338000.0,0.028186296179349542
2022-01-04,38.7,39.96,38.5,39.75,3357002.0,132559022.0,44338000.0,0.07571387974198204
2022-01-05,39.71,40.55,39.12,39.31,2898232.0,115232394.0,44338000.0,0.06536677342234652
2022-01-06,39.48,39.48,38.6,39.4,1591514.0,62132989.0,44338000.0,0.035895033605485134
2022-01-07,39.2,39.64,38.15,38.22,2022394.0,78267102.0,44338000.0,0.04561310839460508
2022-01-10,38.23,40.09,38.08,39.61,2571631.0,101232681.0,44338000.0,0.0580006089584555
2022-01-11,40.0,40.0,38.49,38.67,2141066.0,83295001.0,44338000.0,0.048289638684649736
2022-01-12,38.85,39.13,38.38,38.9,1172477.0,45491428.0,44338000.0,0.026444066038161396
2022-01-13,38.81,39.8,38.5,38.5,1409046.0,54948597.0,44338000.0,0.031779647255176145
2022-01-14,38.52,39.42,38.3,38.3,1622900.0,62941457.0,44338000.0,0.036602913978979655
2022-01-17,38.17,38.32,37.33,37.89,1470393.0,55540732.0,44338000.0,0.03316326852812486
2022-01-18,37.89,37.89,37.36,37.56,1078064.0,40438124.0,44338000.0,0.024314673643375886
2022-01-19,37.5,37.74,37.38,37.6,721486.0,27119095.0,44338000.0,0.016272407415760748
2022-01-20,37.66,38.27,37.3,37.3,1431277.0,54148289.0,44338000.0,0.03228104560422211
2022-01-21,37.3,37.3,36.26,36.52,1558044.0,56940166.0,44338000.0,0.035140150660832696
2022-01-24,36.27,36.8,36.27,36.58,607973.0,22210277.0,44338000.0,0.013712233298750508
2022-01-25,36.3,36.65,35.0,35.09,1075180.0,38558484.0,44338000.0,0.024249627858721638
2022-01-26,35.07,35.54,34.9,35.16,597332.0,20997972.0,44338000.0,0.013472236005232532
2022-01-27,35.12,35.48,34.01,34.05,821949.0,28472173.0,44338000.0,0.018538251612612206
2022-01-28,34.24,34.89,34.0,34.53,589594.0,20318601.0,44338000.0,0.013297713022689341
2022-02-07,34.92,35.28,34.19,35.19,661128.0,23073893.0,44338000.0,0.014911092065496866
2022-02-08,35.28,35.76,34.8,35.62,676619.0,23970727.0,44338000.0,0.015260476340836302
2022-02-09,35.61,36.47,35.37,36.2,962781.0,34813336.0,44338000.0,0.02171457891650503
2022-02-10,36.08,39.82,36.03,39.82,7930793.0,309615371.0,44338000.0,0.17887123911768685
2022-02-11,40.8,40.8,38.67,38.94,7321887.0,290256064.0,44338000.0,0.16513796292119626
2022-02-14,40.11,40.11,38.43,38.97,3277393.0,128052439.0,44338000.0,0.073918377012946
2022-02-15,38.97,39.92,38.57,38.64,2472837.0,96473005.0,44338000.0,0.05577240741576075
2022-02-16,38.65,38.88,37.86,38.1,1870084.0,71322356.0,44338000.0,0.042177906085073755
2022-02-17,38.0,38.6,37.68,38.05,2531392.0,96470129.0,44338000.0,0.057093057873607286
2022-02-18,37.85,38.67,37.62,38.39,2566950.0,98014552.0,44338000.0,0.05789503360548514
2022-02-21,38.2,39.9,38.02,39.35,3689398.0,144508324.0,44338000.0,0.08321074473363706
2022-02-22,39.09,39.9,38.9,39.47,2856257.0,112862590.0,44338000.0,0.06442006856421129
2022-02-23,39.9,43.34,39.18,42.54,7292935.0,304822304.0,44338000.0,0.1644849790247643
2022-02-24,41.99,42.93,41.01,41.99,4279463.0,180226026.0,44338000.0,0.09651908069827236
2022-02-25,41.99,42.79,41.32,41.66,2958142.0,123264081.0,44338000.0,0.06671798457305246
2022-02-28,41.49,42.5,40.51,42.09,3262129.0,136047811.0,44338000.0,0.07357411249943616
2022-03-01,42.1,44.62,41.2,43.72,7300256.0,316790274.0,44338000.0,0.16465009698227254
2022-03-02,43.08,44.16,42.88,43.5,3136657.0,136904447.0,44338000.0,0.07074421489467274
2022-03-03,43.39,43.77,42.9,43.16,1509216.0,65214943.0,44338000.0,0.03403888312508458
2022-03-04,42.84,43.5,42.34,42.72,1354476.0,58035648.0,44338000.0,0.030548874554558167
2022-03-07,42.56,43.0,41.55,42.35,1202314.0,50795091.0,44338000.0,0.02711701023952366
2022-03-08,42.43,43.5,40.7,40.72,1802428.0,75156992.0,44338000.0,0.04065199151968966
2022-03-09,40.72,41.58,38.6,40.45,1986683.0,79865631.0,44338000.0,0.04480768189814606
2022-03-10,41.14,41.18,39.16,39.16,1745037.0,69692134.0,44338000.0,0.03935759393748026
2022-03-11,38.8,41.01,38.12,39.6,2675431.0,105832880.0,44338000.0,0.0603417159096035
2022-03-14,39.0,39.48,37.2,37.51,2171490.0,83044245.0,44338000.0,0.04897582209391493
2022-03-15,37.0,37.38,34.63,34.68,2451936.0,88226967.0,44338000.0,0.05530100590915242
2022-03-16,35.16,35.99,34.3,35.59,1800985.0,63219144.0,44338000.0,0.04061944607334566
2022-03-17,36.0,37.88,35.59,37.37,1902555.0,70106694.0,44338000.0,0.04291025756687266
2022-03-18,37.63,38.37,36.93,38.2,1357111.0,51431571.0,44338000.0,0.030608304389011683
2022-03-21,38.6,40.78,38.05,40.42,2468281.0,97912736.0,44338000.0,0.055669651314899184
2022-03-22,40.3,41.9,39.82,41.39,2183264.0,89896704.0,44338000.0,0.04924137308854707
2022-03-23,41.08,41.7,41.0,41.46,1531404.0,63302514.0,44338000.0,0.034539311651405114
2022-03-24,41.0,43.43,40.89,42.39,2446442.0,104169531.0,44338000.0,0.05517709414046642
2022-03-25,42.0,44.58,41.95,44.02,3247251.0,142816749.0,44338000.0,0.07323855383643826
2022-03-28,43.87,44.56,43.01,44.09,2245154.0,98480620.0,44338000.0,0.05063724119265641
2022-03-29,43.91,45.17,43.58,44.66,2576779.0,115207215.0,44338000.0,0.058116717037304345
2022-03-30,44.13,45.1,44.02,44.42,1668139.0,74382473.0,44338000.0,0.03762323514817989
2022-03-31,44.44,45.04,43.53,43.6,1860342.0,81911904.0,44338000.0,0.04195818485272227
2022-04-01,44.3,44.65,43.01,43.25,1392259.0,60869310.0,44338000.0,0.03140103297397266
2022-04-06,43.74,45.2,43.04,44.42,1899760.0,84141495.0,44338000.0,0.042847219089719876
2022-04-07,44.42,44.76,42.5,42.65,1237964.0,53591792.0,44338000.0,0.027921060940953583
2022-04-08,42.64,42.8,41.18,41.47,1333778.0,55630219.0,44338000.0,0.030082051513374532
2022-04-11,41.53,43.05,40.88,41.01,1534762.0,64176749.0,44338000.0,0.03461504804005593
2022-04-12,40.4,41.1,39.68,40.71,1258536.0,50719632.0,44338000.0,0.02838504217601155
2022-04-13,40.24,41.1,39.0,39.36,1088460.0,43177279.0,44338000.0,0.024549145202760612
2022-04-14,39.51,40.77,38.77,39.5,1114230.0,44060114.0,44338000.0,0.02513036221751094
2022-04-15,39.51,40.15,38.61,38.84,957140.0,37547723.0,44338000.0,0.021587351707339077
2022-04-18,38.84,42.72,38.8,42.72,2824608.0,116477058.0,44338000.0,0.06370625648427986
2022-04-19,42.71,46.51,41.96,43.64,5195604.0,228133245.0,44338000.0,0.11718174026794172
2022-04-20,43.26,44.2,42.2,42.64,2637357.0,114204559.0,44338000.0,0.05948299427127972
2022-04-21,42.29,43.67,40.27,40.61,3026603.0,126107925.0,44338000.0,0.06826205512201723
2022-04-22,40.49,41.07,39.22,39.56,1554723.0,62079511.0,44338000.0,0.03506524877080608
2022-04-25,39.28,40.99,37.63,37.93,2368976.0,92971490.0,44338000.0,0.053429924669583656
2022-04-26,37.49,38.16,34.7,35.19,3650383.0,132007248.0,44338000.0,0.08233079976543822
2022-04-27,34.5,37.5,34.21,37.5,2910164.0,104545025.0,44338000.0,0.06563588795164418
2022-04-28,37.3,38.59,36.35,37.6,2038587.0,76293429.0,44338000.0,0.04597832558978754
2022-04-29,37.94,38.5,37.23,37.58,2202317.0,83086176.0,44338000.0,0.04967109477197889
2022-05-05,38.5,38.5,37.03,37.25,1680532.0,63499161.0,44338000.0,0.03790274707925482
2022-05-06,36.26,37.96,35.88,36.88,1262430.0,46351146.0,44338000.0,0.028472867517704902
2022-05-09,37.01,38.65,37.01,38.33,1648485.0,62847770.0,44338000.0,0.037179958500608956
2022-05-10,37.76,38.8,37.52,38.65,1617199.0,61915952.0,44338000.0,0.03647433352880148
2022-05-11,38.83,39.09,38.04,38.18,1508431.0,58225474.0,44338000.0,0.03402117822184131
2022-05-12,38.02,38.8,37.14,37.64,1416179.0,53662421.0,44338000.0,0.03194052505751274
2022-05-13,38.03,38.16,36.73,37.16,1425846.0,53099167.0,44338000.0,0.032158554738598945
2022-05-16,37.27,38.37,37.27,37.91,1793866.0,67916599.0,44338000.0,0.040458884027245255
2022-05-17,37.92,38.04,37.11,37.24,1213289.0,45403527.0,44338000.0,0.02736454057467635
2022-05-18,37.21,37.43,36.61,36.76,952733.0,35285913.0,44338000.0,0.021487956154991203
2022-05-19,36.35,37.18,36.0,36.9,1054426.0,38686033.0,44338000.0,0.02378154179259326
2022-05-20,36.9,37.46,36.74,37.17,930811.0,34562368.0,44338000.0,0.020993526997158195
2022-05-23,36.99,38.48,36.81,38.04,1649384.0,62342369.0,44338000.0,0.03720023456177545
2022-05-24,37.92,38.16,36.43,36.43,1893461.0,70178967.0,44338000.0,0.0427051513374532
2022-05-25,36.44,37.24,36.15,37.0,1633602.0,60090288.0,67933460.0,0.02404708960797816
2022-05-26,37.0,37.0,34.58,36.74,1278423.0,46566372.0,67933460.0,0.01881875293853721
2022-05-27,36.6,37.14,36.28,36.75,992060.0,36537433.0,67933460.0,0.014603407510820147
2022-05-30,36.96,40.2,36.77,39.21,3503811.0,134465363.0,67933460.0,0.05157710206428467
2022-05-31,39.2,40.38,38.81,39.88,2155699.0,85958766.0,67933460.0,0.03173250707383372
2022-06-01,39.87,40.06,38.65,38.88,1617925.0,63491003.0,67933460.0,0.023816319675164493
2022-06-02,32.5,32.63,31.3,31.94,1799702.0,57284662.0,81520152.0,0.022076774341637635
2022-06-06,31.8,32.46,31.67,32.36,1342172.0,43210149.0,81520152.0,0.016464297073440198
2022-06-07,32.4,33.4,32.05,32.52,1594432.0,52061602.0,81520152.0,0.019558746651993485
2022-06-08,32.68,33.24,32.02,32.6,1674692.0,54584313.0,81520152.0,0.02054328848650822
2022-06-09,32.59,33.5,32.25,33.35,2815306.0,93083745.0,81520152.0,0.03453509262347793
2022-06-10,33.32,35.0,32.93,34.64,3388923.0,115728074.0,81520152.0,0.04157159814913004
2022-06-13,34.71,36.1,34.7,35.29,3370876.0,119638413.0,81520152.0,0.04135021730577735
2022-06-14,34.87,36.54,34.69,35.79,3616886.0,129141284.0,81520152.0,0.04436799872502691
2022-06-15,35.56,36.3,35.3,35.53,2803065.0,100362602.0,81520152.0,0.03438493343339203
2022-06-16,35.62,38.98,35.62,38.05,5421556.0,203486387.0,81520152.0,0.0665057150531319
2022-06-17,37.65,38.68,37.26,37.99,2527997.0,95479525.0,81520152.0,0.031010700274454836
2022-06-20,37.8,40.2,37.7,40.07,4665095.0,184045659.0,81520152.0,0.05722627946032289
2022-06-21,39.98,40.71,38.75,39.3,3014127.0,119496965.0,81520152.0,0.03697401103962613
2022-06-22,38.25,43.23,37.05,41.99,8921835.0,362779435.0,81520152.0,0.10944330672985006
2022-06-23,42.0,42.63,40.38,41.61,4796065.0,198038871.0,81520152.0,0.05883287607216434
2022-06-24,41.0,42.7,40.95,41.36,3222628.0,133637945.0,81520152.0,0.039531673100903934
2022-06-27,42.0,42.88,41.36,42.19,3349645.0,140915312.0,81520152.0,0.04108977863534896
2022-06-28,42.19,44.3,40.85,41.08,6605636.0,279422619.0,81520152.0,0.08103071250406893
2022-06-29,40.92,42.0,39.18,39.18,4217700.0,169141194.0,81520152.0,0.05173812727925237
2022-06-30,40.0,40.25,38.46,38.58,4347684.0,169332593.0,82932192.0,0.0524245639136127
2022-07-01,38.74,40.4,38.73,39.98,3428287.0,136072510.0,82932192.0,0.04133843465755734
2022-07-04,40.75,43.52,40.1,43.4,6931859.0,291016412.0,82932192.0,0.0835846591393605
2022-07-05,42.62,42.93,41.3,42.29,4368150.0,183172325.0,82932192.0,0.05267134383714348
2022-07-06,41.26,43.0,40.95,41.93,3517954.0,147387061.0,82932192.0,0.04241964326711634
2022-07-07,41.99,42.76,41.1,41.66,3892970.0,163405357.0,82932192.0,0.046941602604691796
2022-07-08,41.55,45.8,41.36,44.9,6279909.0,276181377.0,82932192.0,0.07572341751198376
2022-07-11,44.91,49.32,44.9,47.89,7525467.0,357370175.0,82932192.0,0.09074241037786629
2022-07-12,47.9,50.06,46.43,46.95,5085215.0,244628690.0,82932192.0,0.06131774498375733
2022-07-13,47.75,48.09,45.52,47.42,3569747.0,167394168.0,82932192.0,0.04304416552742269
2022-07-14,47.32,47.84,46.13,46.55,2805048.0,131423226.0,82932192.0,0.033823391524487864
2022-07-15,45.08,46.99,44.88,45.5,2993114.0,136791685.0,82932192.0,0.036091099581691995
2022-07-18,44.99,46.03,43.8,46.03,3080665.0,138927146.0,82932192.0,0.03714679337066118
2022-07-19,46.04,46.36,43.37,44.75,3023423.0,134518116.0,82932192.0,0.03645656682992293
2022-07-20,44.73,45.3,42.8,43.49,3316840.0,145668437.0,82932192.0,0.03999460185497086
2022-07-21,43.32,44.0,42.14,42.38,2485021.0,106721179.0,82932192.0,0.029964491955066133
2022-07-22,42.47,42.49,40.2,40.41,3974393.0,162723762.0,82932192.0,0.047923404701518076
2022-07-25,40.42,40.59,39.43,39.54,2571402.0,102398743.0,82932192.0,0.031006077832839627
2022-07-26,39.96,40.29,39.04,39.46,2238632.0,88333042.0,82932192.0,0.02699352261182244
2022-07-27,39.47,39.82,39.0,39.78,2005528.0,78892892.0,82932192.0,0.0241827443798905
2022-07-28,40.3,40.73,38.57,38.59,3749451.0,148405063.0,82932192.0,0.045211044222730784
2022-07-29,38.41,41.18,38.31,40.7,4579898.0,183760626.0,82932192.0,0.055224610486600906
2022-08-01,40.61,41.8,40.03,41.31,2914097.0,119808921.0,82932192.0,0.03513830913814505
2022-08-02,40.51,42.08,39.57,40.0,2893128.0,117357470.0,82932192.0,0.0348854640186045
2022-08-03,40.0,41.37,38.28,38.31,2893145.0,114001644.0,82932192.0,0.03488566900534837
2022-08-04,38.6,39.65,38.0,38.94,2354735.0,91193888.0,82932192.0,0.028393497666141514
2022-08-05,39.2,39.4,37.81,38.46,2263256.0,87037239.0,82932192.0,0.02729043988129483
2022-08-08,38.78,40.0,38.45,38.73,2279139.0,89033862.0,82932192.0,0.027481957790287274
2022-08-09,38.75,38.75,36.25,36.6,3965465.0,146396857.0,82932192.0,0.047815750486855574
2022-08-10,36.69,36.69,35.83,36.28,2259393.0,81737222.0,82932192.0,0.027243859658261534
2022-08-11,36.57,37.09,36.13,36.87,1816720.0,66693309.0,82932192.0,0.021906089254218674
2022-08-12,36.88,36.89,36.05,36.2,1703659.0,61863024.0,82932192.0,0.020542794769008398
2022-08-15,36.5,36.8,35.18,36.0,3709934.0,132711936.0,82932192.0,0.04473454650758538
2022-08-16,35.85,37.88,35.75,37.74,4456838.0,165216140.0,82932192.0,0.05374074762186438
2022-08-17,37.68,39.38,37.42,38.21,4469332.0,171387460.0,82932192.0,0.053891400820564345
2022-08-18,38.0,38.17,37.25,37.46,2103678.0,78968753.0,82932192.0,0.02536624137464014
2022-08-19,37.47,41.0,37.3,39.74,5850066.0,229839340.0,82932192.0,0.07054035180934323
2022-08-22,39.75,41.66,39.32,40.18,5265603.0,212693184.0,82932192.0,0.06349287138099521
2022-08-23,39.6,41.38,39.23,40.23,3562262.0,144342339.0,82932192.0,0.04295391106990154
2022-08-24,40.34,41.66,39.2,39.26,4456523.0,179615151.0,82932192.0,0.053736949338080923
2022-08-25,39.73,40.27,38.81,39.27,3733930.0,147870910.0,82932192.0,0.04502389132557837
2022-08-26,39.24,40.24,38.64,39.5,3022417.0,119558522.0,82932192.0,0.03644443643790339
2022-08-29,39.41,40.88,38.65,39.28,3441222.0,136513483.0,82932192.0,0.04149440545355415
2022-08-30,38.87,39.93,38.52,39.37,2233253.0,87409167.0,82932192.0,0.02692866239445353
2022-08-31,39.34,40.34,37.55,37.94,4117094.0,160626883.0,82932192.0,0.04964409960368586
2022-09-01,38.0,38.24,37.37,37.5,2248483.0,84857042.0,82932192.0,0.027112306400872654
2022-09-02,37.5,39.37,37.25,38.72,3022175.0,115812946.0,82932192.0,0.036441518391314195
2022-09-05,39.42,39.92,37.36,38.1,3373131.0,129014083.0,82932192.0,0.04067336119609621
2022-09-06,38.0,38.56,37.51,38.19,2134628.0,81196768.0,82932192.0,0.02573943782891932
2022-09-07,37.78,37.98,36.4,36.7,3633139.0,133903309.0,82932192.0,0.04380854903726649
2022-09-08,36.94,37.57,35.58,35.75,3044135.0,110454173.0,82932192.0,0.036706313032217934
2022-09-09,35.75,36.0,35.04,35.54,1947346.0,68809295.0,82932192.0,0.023481183278020675
2022-09-13,35.58,37.38,35.58,36.8,3776514.0,138334701.0,82932192.0,0.0455373710609265
2022-09-14,36.48,36.58,35.65,35.94,1980824.0,71460171.0,82932192.0,0.02388486246691755
2022-09-15,36.1,36.19,34.5,34.82,2666264.0,93422955.0,82932192.0,0.03214992797971625
2022-09-16,34.71,35.68,34.71,34.9,1794262.0,63053513.0,82932192.0,0.021635289707523948
2022-09-19,34.9,36.1,34.81,35.33,2136341.0,76019833.0,82932192.0,0.02576009325787506
2022-09-20,35.33,35.82,34.51,34.77,1875414.0,65492013.0,86716460.0,0.02162696678346879
2022-09-21,34.79,34.86,33.54,33.78,2073247.0,70375334.0,86716460.0,0.023908344505760497
2022-09-22,33.81,34.47,33.59,33.88,1310994.0,44560758.0,86716460.0,0.015118167877240376
2022-09-23,33.91,33.91,32.43,33.12,2029114.0,67077900.0,86716460.0,0.023399409985140077
2022-09-26,32.76,33.05,32.15,32.23,1554618.0,50700265.0,86716460.0,0.01792759990433189
2022-09-27,32.58,33.49,32.23,33.47,2030416.0,66876843.0,86716460.0,0.023414424435683836
2022-09-28,33.37,33.7,32.82,32.89,1640725.0,54394011.0,86716460.0,0.01892057171152974
2022-09-29,33.31,33.63,32.16,32.38,1939327.0,63723257.0,86716460.0,0.022364001021259402
2022-09-30,32.38,32.66,31.8,32.25,1184468.0,38153139.0,86716460.0,0.013659090788530805
2022-10-10,33.5,34.08,32.65,33.47,3335500.0,111764102.0,86716460.0,0.038464439161838476
2022-10-11,33.0,33.8,32.2,32.62,2386257.0,78185284.0,86716460.0,0.02751792450937227
2022-10-12,33.01,35.13,33.01,35.11,4748295.0,162699103.0,86716460.0,0.05475655948132569
2022-10-13,34.47,36.34,34.46,35.88,3541060.0,125231850.0,86716460.0,0.04083492338132807
2022-10-14,35.64,35.9,35.04,35.45,2298176.0,81347323.0,86716460.0,0.02650218885780162
2022-10-17,35.1,36.0,34.75,35.6,1970125.0,69842558.0,86716460.0,0.022719158508084855
2022-10-18,35.71,36.55,35.41,35.85,2122739.0,76120878.0,86716460.0,0.024479078135800286
2022-10-19,35.35,36.49,34.09,34.1,2954668.0,103428002.0,86716460.0,0.03407274697329665
2022-10-20,34.0,34.28,33.31,33.6,2127188.0,71943709.0,86716460.0,0.024530383274409494
2022-10-21,33.58,34.43,33.26,33.74,1585239.0,53579129.0,86716460.0,0.018280716256175587
2022-10-24,33.87,33.99,32.25,32.28,2010351.0,66334804.0,86716460.0,0.02318303814523794
2022-10-25,32.28,32.68,31.23,32.01,1870887.0,59577497.0,86716460.0,0.02157476216164728
2022-10-26,32.03,32.45,30.78,31.3,2590363.0,81821847.0,86716460.0,0.029871641439237717
2022-10-27,31.27,31.84,30.72,31.54,2093418.0,65563713.0,86716460.0,0.024140953170828237
2022-10-28,31.28,31.28,28.84,29.41,3536028.0,105900038.0,91376569.99999999,0.03869731595309389
2022-10-31,28.92,30.62,28.9,30.2,2522025.0,75878319.0,91376569.99999999,0.027600346565864756
2022-11-01,30.2,31.28,30.13,31.08,2433209.0,75152622.0,91376569.99999999,0.026628368738288166
2022-11-02,30.97,31.33,30.2,30.97,1515560.0,46948018.0,91376569.99999999,0.016585870973270283
2022-11-03,30.66,31.24,30.5,31.0,1347469.0,41609479.0,91376569.99999999,0.014746329392753528
2022-11-04,31.0,31.63,30.91,31.38,1634943.0,51155024.0,91376569.99999999,0.017892365625017444
2022-11-07,31.39,31.99,30.5,30.88,2960603.0,92284094.0,91376569.99999999,0.03240002333202046
2022-11-08,30.98,31.45,30.01,30.4,2793423.0,85042926.0,91376569.99999999,0.030570451484445087
2022-11-09,30.15,30.43,29.59,29.63,2720148.0,81330432.0,91376569.99999999,0.029768550077990456
2022-11-10,29.5,29.96,29.41,29.89,1681644.0,50060187.0,91376569.99999999,0.01840344849888763
2022-11-11,30.42,30.52,29.91,30.1,2470684.0,74605477.0,91376569.99999999,0.027038484810712422
2022-11-14,30.18,30.86,29.96,30.14,2419808.0,73496870.0,91376569.99999999,0.026481711887412718
2022-11-15,30.08,30.9,30.07,30.82,2676617.0,81876984.0,91376569.99999999,0.029292158810513464
2022-11-16,30.89,31.42,30.65,30.74,2441999.0,75687385.0,91376569.99999999,0.02672456407588948
2022-11-17,30.5,31.76,30.45,31.29,2709509.0,84228340.0,91376569.99999999,0.029652119793947183
2022-11-18,31.38,31.57,30.5,30.63,2125202.0,65693090.0,91376569.99999999,0.023257625012626324
2022-11-21,30.08,30.67,29.84,30.55,1989530.0,60043246.0,91376569.99999999,0.021772868033895346
2022-11-22,30.8,30.84,30.03,30.1,1513600.0,46036102.0,91376569.99999999,0.016564421273418343
2022-11-23,29.91,30.1,29.31,29.55,1706914.0,50524847.0,91376569.99999999,0.018679996414835885
2022-11-24,29.73,30.48,29.73,30.1,1602109.0,48201186.0,91376569.99999999,0.017533039377599754
2022-11-25,30.29,30.37,29.57,29.96,1414705.0,42358491.0,91376569.99999999,0.015482141647470464
2022-11-28,29.49,29.81,29.17,29.68,2038988.0,60107067.0,91376569.99999999,0.02231412275597563
2022-11-29,29.68,30.29,29.4,30.21,2242029.0,67366016.0,91376569.99999999,0.024536147504770647
2022-11-30,30.2,30.69,29.96,30.13,2125520.0,64453104.0,91376569.99999999,0.02326110511699006
2022-12-01,30.5,30.95,30.4,30.65,2283187.0,70055826.0,91376569.99999999,0.024986569314212607
2022-12-02,30.65,31.25,30.58,31.11,2132693.0,65977591.0,91376569.99999999,0.02333960445221352
2022-12-05,31.26,31.3,30.71,30.96,2032382.0,62867299.0,91376569.99999999,0.022241828512495055
2022-12-06,30.96,31.19,30.71,30.95,1944183.0,60165710.0,91376569.99999999,0.021276602962882064
2022-12-07,30.86,31.63,30.71,31.06,2303104.0,71926569.0,91376569.99999999,0.02520453547337135
2022-12-08,30.96,31.04,30.37,30.51,1959273.0,59932362.0,91376569.99999999,0.02144174376429319
2022-12-09,30.45,30.61,30.11,30.47,1576976.0,47880749.0,91376569.99999999,0.01725799075189625
2022-12-12,30.05,30.48,29.92,30.0,1538717.0,46335927.0,91376569.99999999,0.016839294799531217
2022-12-13,30.09,31.72,29.95,31.6,4806946.0,150074274.0,91376569.99999999,0.052605892298211686
2022-12-14,31.49,31.49,30.85,31.26,2268442.0,70500427.0,91376569.99999999,0.024825204097724398
2022-12-15,31.37,31.55,30.62,30.7,1838073.0,56769080.0,91376569.99999999,0.020115364365285326
2022-12-16,30.56,30.66,30.13,30.34,1365368.0,41407058.0,91376569.99999999,0.014942211116044301
2022-12-19,30.05,30.32,29.45,29.51,2067484.0,61497517.0,91376569.99999999,0.02262597512688428
2022-12-20,29.51,29.69,28.39,28.52,2915632.0,84084540.0,91376569.99999999,0.03190787310138694
2022-12-21,28.51,29.41,28.38,29.11,2230606.0,64719214.0,91376569.99999999,0.024411137340786596
2022-12-22,29.29,30.31,29.1,29.52,2920901.0,87369117.0,91376569.99999999,0.03196553558532565
2022-12-23,29.51,29.81,28.77,28.97,1655672.0,48330947.0,91376569.99999999,0.018119218088400564
2022-12-26,29.9,29.9,28.93,29.03,1449862.0,42314279.0,91376569.99999999,0.015866890166702473
2022-12-27,29.03,29.65,29.0,29.59,1489820.0,43793800.0,91376569.99999999,0.016304179506847327
2022-12-28,29.4,29.66,28.86,28.98,1562384.0,45522260.0,91376569.99999999,0.01709829992524342
2022-12-29,29.0,29.15,28.42,28.46,1600052.0,45779393.0,91376569.99999999,0.017510528136479627
2022-12-30,28.45,28.86,28.25,28.72,1238721.0,35361389.0,91376569.99999999,0.013556221250151983
2023-01-03,28.7,28.83,28.19,28.8,1624704.0,46257161.0,91828421.99999999,0.01769282281688343
2023-01-04,28.59,29.08,28.5,28.81,1115664.0,32145536.0,91828421.99999999,0.01214944105213961
2023-01-05,28.95,29.12,28.46,29.11,1612995.0,46461641.0,91828421.99999999,0.017565313275229758
2023-01-06,28.92,29.03,28.71,28.86,1630393.0,47019128.0,91828421.99999999,0.017754775313464498
2023-01-09,28.88,29.5,28.8,29.36,2292651.0,66938924.0,91828421.99999999,0.024966681884177434
2023-01-10,29.34,29.34,28.8,28.95,1529564.0,44243305.0,91828421.99999999,0.016656760147745982
2023-01-11,28.95,29.15,28.65,28.77,1313623.0,37869390.0,91828421.99999999,0.014305189737443165
2023-01-12,28.76,28.84,28.39,28.42,1491690.0,42605223.0,91828421.99999999,0.016244317037267614
2023-01-13,28.48,29.15,28.36,28.87,2347259.0,67802153.0,91828421.99999999,0.02556135615615828
2023-01-16,29.0,29.6,28.94,29.46,2778017.0,81629286.0,91828421.99999999,0.03025225675771713
2023-01-17,29.58,29.58,29.04,29.12,1174914.0,34339053.0,91828421.99999999,0.0127946661219987
2023-01-18,29.12,29.29,28.8,28.88,1239665.0,35872396.0,91828421.99999999,0.013499796392014667
2023-01-19,28.88,28.89,28.61,28.77,1248159.0,35830831.0,91828421.99999999,0.013592294986839698
2023-01-20,28.86,29.19,28.8,28.94,1159313.0,33510000.0,91828421.99999999,0.01262477318841437
2023-01-30,29.0,29.56,29.0,29.38,2403633.0,70448674.0,91828421.99999999,0.026175261946677037
2023-01-31,29.32,30.08,29.2,29.61,2545739.0,75457448.0,91828421.99999999,0.027722778466126755
2023-02-01,29.56,30.0,29.41,29.99,2120972.0,63209029.0,91828421.99999999,0.023097119103277202
2023-02-02,29.99,30.82,29.9,30.65,2685176.0,81665708.0,91828421.99999999,0.029241229910277673
2023-02-03,30.58,31.88,30.19,31.06,4555331.0,142201906.0,91828421.99999999,0.04960698333681483
2023-02-06,31.0,32.75,30.6,32.19,5123843.0,163123644.0,91828421.99999999,0.05579800772357823
2023-02-07,32.19,32.3,31.16,31.35,3063694.0,96518447.0,91828421.99999999,0.03336324346290085
2023-02-08,31.27,31.78,30.88,30.92,2535098.0,79226737.0,91828421.99999999,0.027606899310542443
2023-02-09,30.9,31.2,30.77,31.06,1819641.0,56381930.0,91828421.99999999,0.019815662301155522
2023-02-10,31.07,31.48,30.91,31.16,1615530.0,50386347.0,91828421.99999999,0.01759291910733259
2023-02-13,31.3,31.74,30.8,30.95,1954834.0,60773061.0,91828421.99999999,0.021287897117517714
2023-02-14,31.18,31.35,30.82,30.87,1396888.0,43349689.0,91828421.99999999,0.015211935145743876
2023-02-15,30.87,30.96,30.42,30.49,1643060.0,50210887.0,91828421.99999999,0.017892717354981883
2023-02-16,30.45,30.82,29.0,29.96,1970776.0,59892250.0,91828421.99999999,0.021461503498339547
2023-02-17,30.0,30.58,30.0,30.12,1444328.0,43683975.0,91828421.99999999,0.01572855079661502
2023-02-20,30.12,31.09,30.05,30.63,2269388.0,69128209.0,91828421.99999999,0.024713350731432587
2023-02-21,30.63,31.04,30.4,30.63,1993131.0,61159198.0,91828421.99999999,0.02170494664495052
2023-02-22,30.54,31.33,30.5,31.15,2199982.0,68259134.0,91828421.99999999,0.023957528095168622
2023-02-23,31.17,31.33,30.8,31.0,1450204.0,45050402.0,91828421.99999999,0.015792539699745686
2023-02-24,31.01,31.23,30.75,30.88,1322232.0,40888487.0,91828421.99999999,0.014398940667846827
2023-02-27,30.88,31.21,30.38,30.46,1884616.0,57576362.0,91828421.99999999,0.020523231903081165
2023-02-28,30.57,30.78,30.32,30.59,1137868.0,34755462.0,91828421.99999999,0.012391239827686466
2023-03-01,30.7,30.73,30.34,30.66,927163.0,28349782.0,91828421.99999999,0.010096688800772382
2023-03-02,30.56,30.68,30.27,30.34,1258560.0,38253286.0,91828421.99999999,0.013705560572520785
2023-03-03,30.36,30.56,30.11,30.34,884256.0,26778600.0,91828421.99999999,0.009629436951448432
2023-03-06,30.34,30.85,30.02,30.44,1412340.0,43092077.0,91828421.99999999,0.015380205488013289
2023-03-07,30.44,30.69,29.76,29.76,1536688.0,46341294.0,91828421.99999999,0.016734339614373425
2023-03-08,29.74,29.89,29.5,29.67,932807.0,27658587.0,91828421.99999999,0.010158151252996595
2023-03-09,29.68,29.87,29.4,29.44,636676.0,18832194.0,91828421.99999999,0.006933321798778162
2023-03-10,29.3,29.6,28.95,28.98,1156280.0,33637932.0,91828421.99999999,0.012591744198762342
2023-03-13,28.98,29.4,28.72,29.18,1244345.0,36124103.0,91828421.99999999,0.013550761005127587
2023-03-14,29.23,30.85,29.23,30.53,3552780.0,107569371.0,91828421.99999999,0.03868932866994056
2023-03-15,30.26,31.25,30.12,30.25,2028896.0,62052843.0,91828421.99999999,0.02209442300990428
2023-03-16,29.98,30.08,29.36,29.65,1870136.0,55488845.0,91828421.99999999,0.020365546518919822
2023-03-17,29.93,29.96,29.09,29.34,1862775.0,54589304.0,91828421.99999999,0.02028538615201294
2023-03-20,29.2,29.3,28.74,29.06,1719338.0,49713235.0,91828421.99999999,0.018723375209474907
2023-03-21,29.07,29.41,28.81,29.37,1031032.0,30075720.0,91828421.99999999,0.011227809185265104
2023-03-22,29.37,29.5,29.22,29.4,1260272.0,36985368.0,91828421.99999999,0.013724204037830468
2023-03-23,29.2,29.61,29.06,29.16,977164.0,28563419.0,91828421.99999999,0.010641193420485872
2023-03-24,29.09,29.5,29.09,29.27,1205107.0,35285997.0,91828421.99999999,0.013123464105699216
2023-03-27,29.28,29.88,29.11,29.75,1584572.0,46866580.0,91828421.99999999,0.017255790369565538
2023-03-28,29.83,29.88,29.46,29.53,1092168.0,32364947.0,91828421.99999999,0.011893572558613718
2023-03-29,29.5,29.65,28.92,29.24,1126620.0,32816557.0,91828421.99999999,0.01226875051822191
2023-03-30,29.24,29.55,29.12,29.48,906727.0,26670193.0,91828421.99999999,0.009874143323512628
2023-03-31,30.07,30.91,29.99,30.18,3030936.0,92177472.0,91828421.99999999,0.0330065129508596
2023-04-03,30.18,31.56,30.11,31.25,3719483.0,115816942.0,91828421.99999999,0.040504703434847224
2023-04-04,31.23,33.98,30.87,32.49,6189335.0,202455667.0,91828421.99999999,0.06740108198744829
2023-04-06,32.27,32.76,31.4,31.85,3021208.0,96297061.0,91828421.99999999,0.032900576250782146
2023-04-07,31.66,31.93,31.35,31.37,1782628.0,56286926.0,91828421.99999999,0.019412595372704983
2023-04-10,31.3,31.3,30.57,30.82,1683121.0,51977442.0,91828421.99999999,0.018328976621203405
2023-04-11,31.0,31.32,30.66,31.19,1676394.0,51977658.0,91828421.99999999,0.01825572043479088
2023-04-12,31.13,31.17,30.31,30.7,1582592.0,48409033.0,91828421.99999999,0.017234228417863918
2023-04-13,30.58,30.93,30.26,30.43,955976.0,29168594.0,91828421.99999999,0.010410458757529342
2023-04-14,30.47,30.59,30.19,30.34,1046291.0,31715796.0,91828421.99999999,0.011393977781737338
2023-04-17,30.34,30.5,29.84,30.14,1823280.0,54884343.0,91828421.99999999,0.019855290554813197
2023-04-18,30.15,30.23,29.85,30.0,851494.0,25538264.0,91828421.99999999,0.009272662879908794
2023-04-19,30.0,30.5,29.81,30.03,1610608.0,48484509.0,91828421.99999999,0.017539319144567248
2023-04-20,30.17,30.17,29.45,29.63,1306464.0,38752563.0,91828421.99999999,0.014227229125204832
2023-04-21,29.6,29.96,29.1,29.1,1447216.0,42595723.0,91828421.99999999,0.015760000754450516
2023-04-24,29.2,29.44,28.6,28.64,1457092.0,42058470.0,91828421.99999999,0.015867549155968292
2023-04-25,28.55,28.88,27.5,27.88,2042256.0,57376935.0,91828421.99999999,0.022239911734517233
2023-04-26,27.89,28.15,27.46,27.94,1130140.0,31514314.0,91828421.99999999,0.012307082876802567
2023-04-27,27.93,28.19,27.85,27.9,880856.0,24632147.0,91828421.99999999,0.009592411377819387
2023-04-28,26.5,26.5,25.11,25.11,5106482.0,128628505.0,91828421.99999999,0.05560894861070357
2023-05-04,25.0,25.17,24.77,24.87,1721101.0,42928406.0,91828421.99999999,0.018742574058389028
2023-05-05,24.9,25.0,24.46,24.62,1215100.0,29913128.0,91828421.99999999,0.013232286622544817
2023-05-08,24.58,24.8,24.46,24.65,764124.0,18869856.0,91828421.99999999,0.008321214536388311
2023-05-09,24.6,24.95,24.51,24.83,1220339.0,30221481.0,91828421.99999999,0.013289338675557337
2023-05-10,24.72,24.86,24.5,24.67,803324.0,19759818.0,91828421.99999999,0.008748097620582004
2023-05-11,24.84,24.87,24.66,24.78,503322.0,12469141.0,91828421.99999999,0.005481113461799443
2023-05-12,24.78,24.88,24.41,24.5,806056.0,19830474.0,91828421.99999999,0.0087778487579804
2023-05-15,24.35,24.52,24.02,24.5,818154.0,19795679.0,91828421.99999999,0.008909594460852219
2023-05-16,24.59,24.64,23.98,24.0,1207521.0,29294026.0,91828421.99999999,0.013149752262975838
2023-05-17,24.07,24.08,23.78,23.82,1089884.0,26023627.0,91828421.99999999,0.011868700085034677
2023-05-18,23.83,23.94,23.57,23.7,1175780.0,27888086.0,91828421.99999999,0.01280409675339951
2023-05-19,23.69,24.03,23.36,24.02,966841.0,22957404.0,91828421.99999999,0.010528777245023335
2023-05-22,24.0,24.51,23.84,24.5,873736.0,21144471.0,91828421.99999999,0.00951487547069033
2023-05-23,24.58,24.59,24.18,24.18,572348.0,13958969.0,91828421.99999999,0.0062327979457166335
2023-05-24,24.18,24.4,23.93,24.32,486924.0,11804601.0,91828421.99999999,0.005302541298161478
2023-05-25,24.29,24.29,23.7,23.83,750784.0,17944761.0,91828421.99999999,0.008175943609267293
2023-05-26,23.91,23.97,23.62,23.92,431172.0,10248910.0,91828421.99999999,0.004695409009641918
2023-05-29,23.96,24.08,23.41,23.56,564908.0,13360700.0,91828421.99999999,0.006151777278716606
2023-05-30,23.62,23.63,23.16,23.47,686933.0,16047453.0,91828421.99999999,0.007480614226388428
2023-05-31,23.5,23.53,23.2,23.31,457649.0,10689888.0,91828421.99999999,0.0049837402193408055
2023-06-01,23.27,23.58,22.96,23.31,919581.0,21430155.0,91828421.99999999,0.010014121771579612
2023-06-02,23.29,23.47,23.26,23.28,1041707.0,24320439.0,91828421.99999999,0.011344058596585709
2023-06-05,23.28,23.29,22.97,23.2,861168.0,19926338.0,91828421.99999999,0.009378011526758025
2023-06-06,23.18,23.28,22.76,22.8,842766.0,19374875.0,91828421.99999999,0.009177616054428118
2023-06-07,22.89,23.45,22.78,23.25,1084932.0,25048563.0,91828421.99999999,0.011814773426031433
2023-06-08,23.25,24.17,23.17,23.9,2143275.0,51015440.0,91828421.99999999,0.023339995976409136
2023-06-09,23.86,24.4,23.45,24.2,1679214.0,40195303.0,91828421.99999999,0.018286429881153792
2023-06-12,24.2,24.89,23.9,24.43,1574830.0,38453846.0,91828421.99999999,0.017149701211243727
2023-06-13,24.26,24.87,24.14,24.24,908191.0,22137507.0,91828421.99999999,0.009890086099922311
2023-06-14,24.24,24.39,24.08,24.18,598750.0,14490717.0,91828421.99999999,0.006520312414820763
2023-06-15,24.1,24.45,24.0,24.4,666498.0,16144820.0,91828421.99999999,0.007258079639003272
2023-06-16,24.31,24.77,24.3,24.54,689165.0,16923809.0,91828421.99999999,0.007504920426488437
2023-06-19,24.49,24.74,24.03,24.05,898522.0,21820590.0,91828421.99999999,0.009784791902446065
2023-06-20,24.2,24.24,23.78,23.78,600696.0,14346485.0,91828421.99999999,0.006541504110786093
2023-06-21,23.76,23.99,23.48,23.48,416600.0,9870496.0,91828421.99999999,0.00453672175701767
2023-06-26,23.48,23.58,23.05,23.19,605043.0,14087054.0,91828421.99999999,0.006588842395658287
2023-06-27,23.4,23.87,23.19,23.85,653499.0,15441876.0,91828421.99999999,0.007116522159119756
2023-06-28,23.91,23.95,23.35,23.6,561878.0,13214907.0,91828421.99999999,0.006118780958688369
2023-06-29,23.45,24.08,23.41,23.8,642304.0,15328632.0,91828421.99999999,0.006994610013008828
2023-06-30,24.0,24.17,23.73,24.09,662761.0,15939102.0,90699174.0,0.007307244054945859
2023-07-03,24.17,24.23,23.85,23.93,602943.0,14450874.0,90699174.0,0.006647723164491002
2023-07-04,24.22,24.39,23.77,24.1,720200.0,17303216.0,90699174.0,0.00794053537907633
2023-07-05,24.03,24.13,23.79,23.85,577942.0,13832050.0,90699174.0,0.006372075670722205
2023-07-06,23.85,24.51,23.81,24.26,1292368.0,31222721.0,90699174.0,0.014248950051077642
2023-07-07,24.1,24.6,23.88,24.33,1049691.0,25494854.0,90699174.0,0.011573324802274385
2023-07-10,24.4,24.85,24.21,24.64,1189445.0,29329866.0,90699174.0,0.013114176761962573
2023-07-11,24.64,24.87,24.25,24.49,1097119.0,26952297.0,90699174.0,0.012096240259034774
2023-07-12,24.57,24.59,24.15,24.19,660614.0,16094057.0,90699174.0,0.00728357239504739
2023-07-13,24.19,24.49,24.19,24.38,522411.0,12703611.0,90699174.0,0.005759820921853159
2023-07-14,24.34,24.55,24.19,24.21,524388.0,12775646.0,90699174.0,0.005781618253767118
2023-07-17,24.2,24.75,23.8,24.53,973371.0,23722847.0,90699174.0,0.010731861791817421
2023-07-18,24.62,25.75,24.42,25.17,2388588.0,60186365.0,90699174.0,0.026335278422711987
2023-07-19,25.1,25.27,24.83,25.06,1003568.0,25165582.0,90699174.0,0.011064797569159781
2023-07-20,25.18,25.23,24.65,24.73,761940.0,18927022.0,90699174.0,0.008400738026566813
2023-07-21,24.63,25.2,24.6,24.86,945512.0,23589436.0,90699174.0,0.010424703536991417
2023-07-24,24.85,25.12,24.26,24.42,987520.0,24247597.0,90699174.0,0.010887861007422185
2023-07-25,24.57,24.59,24.19,24.43,1030640.0,25086822.0,90699174.0,0.011363278787963383
2023-07-26,24.31,24.92,24.31,24.74,988602.0,24412688.0,90699174.0,0.010899790553770643
2023-07-27,24.9,25.74,24.9,25.06,1890830.0,47852065.0,90699174.0,0.020847268134988748
2023-07-28,25.06,25.46,24.94,25.3,1280561.0,32295087.0,90699174.0,0.014118772459824165
2023-07-31,25.66,25.95,25.37,25.88,1934123.0,49778359.0,90699174.0,0.02132459331989065
2023-08-01,25.9,26.04,25.52,25.74,1241580.0,31955138.0,90699174.0,0.01368898905297638
2023-08-02,25.75,26.0,25.38,25.51,976237.0,25018050.0,90699174.0,0.010763460756544486
2023-08-03,25.35,25.79,25.35,25.6,851964.0,21790383.0,90699174.0,0.009393293923492621
2023-08-04,25.6,25.74,25.32,25.38,881200.0,22452362.0,90699174.0,0.009715634234993144
2023-08-07,25.65,25.91,25.41,25.54,1002468.0,25654967.0,90699174.0,0.011052669564554139
2023-08-08,25.53,25.62,25.19,25.33,620548.0,15723665.0,90699174.0,0.006841826365474949
2023-08-09,25.23,25.39,25.0,25.04,592567.0,14878902.0,90699174.0,0.006533323004683593
2023-08-10,25.0,25.55,24.9,25.48,861597.0,21831335.0,90699174.0,0.009499502167461855
2023-08-11,25.43,25.48,24.62,24.69,834718.0,20813648.0,90699174.0,0.009203148862193608
2023-08-14,24.69,24.69,24.26,24.62,570431.0,13969941.0,90699174.0,0.006289263450183129
2023-08-15,24.7,24.75,24.1,24.22,544936.0,13254161.0,90699174.0,0.006008169379800526
2023-08-16,24.22,24.54,24.03,24.23,381484.0,9283719.0,90699174.0,0.004206036099071862
2023-08-17,24.2,24.42,23.85,24.24,605820.0,14655040.0,90699174.0,0.006679443409264124
2023-08-18,24.24,24.48,23.5,23.52,1220790.0,29045451.0,90699174.0,0.013459769765929731
2023-08-21,23.5,23.62,23.06,23.21,632293.0,14751675.0,90699174.0,0.006971320378287018
2023-08-22,23.32,23.53,22.88,23.4,781866.0,18074839.0,90699174.0,0.008620431317268666
2023-08-23,23.41,23.41,22.92,22.99,560940.0,12960547.0,90699174.0,0.006184620821353896
2023-08-24,23.1,23.77,22.81,23.7,924791.0,21634285.0,90699174.0,0.010196245006597304
2023-08-25,23.78,24.6,23.55,23.64,1560555.0,37590211.0,90699174.0,0.01720583475214449
2023-08-28,24.47,24.58,23.1,23.35,2023366.0,48143665.0,90699174.0,0.022308538333546457
2023-08-29,23.26,23.97,23.25,23.87,1071180.0,25317695.0,90699174.0,0.011810250884974983
2023-08-30,23.85,23.96,23.62,23.79,647280.0,15402657.0,90699174.0,0.007136558928309535
2023-08-31,23.65,23.76,23.39,23.49,692848.0,16330792.0,90699174.0,0.007638967031827655
2023-09-01,23.49,23.76,23.44,23.52,667931.0,15751249.0,90699174.0,0.00736424567659238
2023-09-04,23.5,23.64,23.41,23.63,553163.0,13033174.0,90699174.0,0.006098875828792002
2023-09-05,23.7,23.7,23.44,23.56,650000.0,15308809.0,90699174.0,0.00716654817606167
2023-09-06,23.59,23.68,23.38,23.46,541808.0,12747264.0,90699174.0,0.0059736817448855705
2023-09-07,23.46,23.92,22.98,23.03,959528.0,22443449.0,90699174.0,0.010579236366584772
2023-09-08,23.03,23.2,22.9,23.1,450844.0,10393603.0,90699174.0,0.004970761916751304
2023-09-11,23.4,23.61,23.08,23.54,823732.0,19290373.0,90699174.0,0.009082023172559432
2023-09-12,23.4,24.08,23.4,23.86,856280.0,20421989.0,90699174.0,0.009440879803381671
2023-09-13,23.8,23.98,23.42,23.52,552939.0,13071318.0,90699174.0,0.006096406126035944
2023-09-14,23.44,23.68,23.11,23.28,600040.0,13948746.0,90699174.0,0.006615716257790837
2023-09-15,23.27,23.5,23.27,23.48,550734.0,12891214.0,90699174.0,0.006072094989530996
2023-09-18,23.48,23.81,23.15,23.77,549416.0,12981782.0,90699174.0,0.00605756343492169
2023-09-19,23.66,23.92,23.56,23.63,392188.0,9286578.0,90699174.0,0.0043240526093434985
2023-09-20,23.63,24.04,23.6,23.83,819692.0,19589895.0,90699174.0,0.009037480319280526
2023-09-21,24.0,24.0,23.35,23.36,722011.0,16984852.0,90699174.0,0.00796050248484071
2023-09-22,23.5,23.55,23.17,23.5,565240.0,13219671.0,90699174.0,0.006232030293903228
2023-09-25,23.47,23.65,23.25,23.28,447712.0,10457322.0,90699174.0,0.004936230180001419
2023-09-26,23.22,23.33,23.05,23.09,405879.0,9403578.0,90699174.0,0.004475002164848822
2023-09-27,23.02,23.36,22.95,23.25,449787.0,10450138.0,90699174.0,0.004959108006871154
2023-09-28,23.45,23.45,22.83,22.89,1014428.0,23313763.0,90699174.0,0.011184534050993672
2023-10-09,22.8,22.89,20.61,20.87,3442629.0,73177055.0,90699174.0,0.03795656397047232
2023-10-10,20.79,21.34,20.62,21.18,1737646.0,36707731.0,90699174.0,0.019158344264524393
2023-10-11,21.25,21.48,21.05,21.3,1074004.0,22917867.0,90699174.0,0.011841386780435288
2023-10-12,21.3,21.48,21.11,21.39,616640.0,13135849.0,90699174.0,0.00679873887274872
2023-10-13,21.38,21.51,21.06,21.22,556700.0,11812491.0,90699174.0,0.00613787287632851
2023-10-16,21.22,21.36,21.11,21.33,618000.0,13133494.0,90699174.0,0.006813733496624787
2023-10-17,21.33,21.42,21.11,21.3,579271.0,12305413.0,90699174.0,0.006386728505377568
2023-10-18,21.36,21.36,20.86,20.88,543648.0,11436534.0,90699174.0,0.0059939685889531915
2023-10-19,20.9,20.93,20.4,20.47,751644.0,15544366.0,90699174.0,0.008287219903457996
2023-10-20,20.45,20.7,20.29,20.41,499753.0,10217956.0,90699174.0,0.005510006077894381
2023-10-23,20.6,20.68,19.98,20.06,757192.0,15319280.0,90699174.0,0.008348389148505365
2023-10-24,20.35,20.79,20.07,20.79,894147.0,18356209.0,90699174.0,0.00985838084920156
2023-10-25,20.84,21.34,20.7,21.11,987052.0,20774594.0,90699174.0,0.01088270109273542
2023-10-26,21.04,21.55,21.02,21.48,1029644.0,21942625.0,90699174.0,0.01135229743106591
2023-10-27,21.45,22.3,21.3,22.22,1507688.0,33063241.0,90699174.0,0.016622951825338565
2023-10-30,22.1,22.9,21.88,22.66,1635013.0,36754453.0,90699174.0,0.01802676835844172
2023-10-31,22.58,22.8,22.34,22.59,1168590.0,26411153.0,90699174.0,0.012884240820098317
2023-11-01,22.72,22.92,22.34,22.84,1189555.0,27014884.0,90699174.0,0.013115389562423137
2023-11-02,22.7,23.07,22.59,22.8,1115388.0,25418066.0,90699174.0,0.012297664364617036
2023-11-03,22.84,23.0,22.62,22.63,743208.0,16885401.0,90699174.0,0.008194209133591448
2023-11-06,22.84,22.84,22.08,22.29,1785360.0,39738381.0,90699174.0,0.01968441300248225
2023-11-07,22.29,22.33,21.82,22.25,921882.0,20366475.0,90699174.0,0.010164171947144744
2023-11-08,22.42,22.42,21.9,22.07,791320.0,17440397.0,90699174.0,0.0087246660041248
2023-11-09,21.98,22.2,21.95,22.04,718430.0,15843973.0,90699174.0,0.007921020317119977
2023-11-10,22.0,22.18,21.8,22.11,646496.0,14257588.0,90699174.0,0.007127914968663331
2023-11-13,22.13,22.35,21.9,22.24,827165.0,18305978.0,90699174.0,0.009119873572387771
2023-11-14,22.22,22.65,22.11,22.41,968946.0,21734755.0,90699174.0,0.010683074136926539
2023-11-15,22.59,22.59,22.16,22.26,656360.0,14622701.0,90699174.0,0.00723667009359975
2023-11-16,22.28,22.5,22.08,22.17,655507.0,14616269.0,90699174.0,0.007227265377301011
2023-11-17,22.18,22.26,21.96,22.04,553806.0,12220918.0,90699174.0,0.006105965198756937
2023-11-20,22.07,22.93,22.0,22.88,1459166.0,32968443.0,90699174.0,0.016087974516724925
2023-11-21,22.83,22.93,22.46,22.51,921840.0,20894899.0,90699174.0,0.010163708877877984
2023-11-22,22.43,23.03,22.43,22.75,1171216.0,26684491.0,90699174.0,0.012913193674729607
2023-11-23,22.79,22.86,22.53,22.76,647064.0,14673580.0,90699174.0,0.007134177429223336
2023-11-24,22.78,23.26,22.78,23.1,1681700.0,38781651.0,90699174.0,0.018541513950281398
2023-11-27,23.01,24.21,22.95,24.07,2934476.0,69189512.0,90699174.0,0.03235394403922576
2023-11-28,23.96,24.42,23.67,24.36,2731164.0,65742122.0,90699174.0,0.03011233597342353
2023-11-29,24.1,24.34,23.81,24.2,1423464.0,34256365.0,90699174.0,0.01569434358906069
2023-11-30,24.2,24.83,24.02,24.52,2675699.0,65786058.0,90699174.0,0.02950080890483082
2023-12-01,24.35,24.52,23.8,23.82,1506366.0,36204776.0,90699174.0,0.016608376168894327
2023-12-04,23.78,25.49,23.7,25.3,4026724.0,100637905.0,90699174.0,0.044396479288775
2023-12-05,25.09,25.59,24.82,25.09,2604875.0,65540490.0,90699174.0,0.02871994181556714
2023-12-06,24.99,27.19,24.81,26.39,6032942.0,157298864.0,90699174.0,0.06651595305597821
2023-12-07,26.26,27.05,25.69,26.55,4152118.0,109610082.0,90699174.0,0.04577900566106589
2023-12-08,26.45,26.49,25.0,25.0,5382531.0,137957636.0,90699174.0,0.05934487341637753
2023-12-11,25.08,25.48,24.79,25.13,2983327.0,75180604.0,90699174.0,0.032892548723762356
2023-12-12,25.13,25.32,24.62,24.88,1901614.0,47254687.0,90699174.0,0.020966166681958977
2023-12-13,24.68,25.04,24.15,24.19,1421351.0,34727041.0,90699174.0,0.015671046794759124
2023-12-14,24.28,25.39,23.89,24.74,2544187.0,62675146.0,90699174.0,0.028050828776015092
2023-12-15,24.74,24.74,24.31,24.53,1125940.0,27578940.0,90699174.0,0.012414005005161348
2023-12-18,24.5,26.12,24.13,24.67,2339518.0,58497410.0,90699174.0,0.025794259162712992
2023-12-19,24.85,24.85,24.16,24.76,1381668.0,33953202.0,90699174.0,0.015233523515881192
2023-12-20,24.67,24.99,24.47,24.58,897529.0,22151831.0,91828421.99999999,0.009773978256971466
2023-12-21,24.5,25.01,24.1,24.81,1380848.0,33901421.0,91828421.99999999,0.01503726155721156
2023-12-22,24.81,25.08,24.6,24.74,1009548.0,25047629.0,91828421.99999999,0.010993851119427928
2023-12-25,24.74,24.74,24.19,24.34,1000056.0,24377222.0,91828421.99999999,0.010890484429755312
2023-12-26,24.3,24.61,24.15,24.15,941128.0,22937704.0,91828421.99999999,0.010248765899516385
2023-12-27,24.19,25.62,24.02,25.04,2288237.0,57285360.0,91828421.99999999,0.024918613977707255
2023-12-28,24.9,25.16,24.32,24.4,1769794.0,43544438.0,91828421.99999999,0.019272834722129935
2023-12-29,24.34,24.75,23.54,24.14,2341480.0,56130784.0,91828421.99999999,0.0254984235708635
2024-01-02,24.13,24.28,23.8,24.04,1566312.0,37798503.0,91828421.99999999,0.017056941259428374
2024-01-03,24.03,24.86,23.96,24.17,1404128.0,34189325.0,91828421.99999999,0.01529077783782455
2024-01-04,24.15,24.16,23.85,24.03,684908.0,16431313.0,91828421.99999999,0.007458562230329953
2024-01-05,24.04,24.06,23.41,23.45,982310.0,23251588.0,91828421.99999999,0.010697232715160892
2024-01-08,23.45,23.63,22.53,22.63,1826898.0,41846350.0,91828421.99999999,0.019894690121104338
2024-01-09,22.71,22.94,22.43,22.89,1210612.0,27482542.0,91828421.99999999,0.013183412865354478
2024-01-10,22.83,23.05,22.33,22.69,1104200.0,25005462.0,91828421.99999999,0.01202459952976215
2024-01-11,22.55,23.54,21.88,22.11,4168672.0,94223806.0,91828421.99999999,0.04539631531509929
2024-01-12,22.01,23.48,21.83,22.61,3142759.0,71440207.0,91828421.99999999,0.034224251397895096
2024-01-15,22.5,22.84,22.4,22.43,1494220.0,33713759.0,91828421.99999999,0.016271868419997462
2024-01-16,22.44,22.84,22.21,22.53,977068.0,22009565.0,91828421.99999999,0.010640147992524582
2024-01-17,22.53,22.54,21.83,21.83,895824.0,19823945.0,91828421.99999999,0.009755411020783958
2024-01-18,21.69,21.99,20.73,21.21,1862300.0,39290026.0,91828421.99999999,0.02028021346157947
2024-01-19,21.03,21.3,20.93,21.03,1056100.0,22259896.0,91828421.99999999,0.011500796561657133
2024-01-22,21.02,21.02,19.52,19.68,1871192.0,37870114.0,91828421.99999999,0.020377046226494017
2024-01-23,19.8,19.8,19.09,19.22,1948648.0,37647730.0,91828421.99999999,0.02122053235326205
2024-01-24,19.2,19.46,18.49,18.95,1836604.0,34646560.0,91828421.99999999,0.020000387243940664
2024-01-25,18.95,19.81,18.89,19.74,1293740.0,25176860.0,91828421.99999999,0.01408866636083543
2024-01-26,19.89,20.55,19.62,20.22,1612140.0,32614389.0,91828421.99999999,0.01755600243244951
2024-01-29,20.33,20.58,19.67,20.12,1853780.0,37352619.0,91828421.99999999,0.020187431730014922
2024-01-30,20.0,20.25,19.25,19.33,1174280.0,23203425.0,91828421.99999999,0.012787761941504343
2024-01-31,19.08,19.38,18.51,18.51,1050716.0,19756829.0,91828421.99999999,0.01144216547682808
2024-02-01,18.98,18.98,17.8,18.26,1189332.0,21653241.0,91828421.99999999,0.012951676333935045
2024-02-02,18.38,18.91,17.15,17.67,1567672.0,28366914.0,91828421.99999999,0.01707175148887999
2024-02-05,17.36,17.48,15.9,16.0,2335726.0,38311250.0,91828421.99999999,0.02543576323243364
2024-02-06,14.87,16.32,14.87,15.78,2738867.0,42078152.0,91828421.99999999,0.029825918167253277
2024-02-07,15.87,15.9,14.57,14.8,3077610.0,46518009.0,91828421.99999999,0.03351478695778961
2024-02-08,14.87,16.27,14.53,16.19,3335955.0,51176393.0,91828421.99999999,0.036328131610494196
2024-02-19,16.38,16.72,16.11,16.59,2396414.0,39460486.0,91828421.99999999,0.026096647941962897
2024-02-20,16.61,17.88,16.36,17.5,2478352.0,42246052.0,91828421.99999999,0.026988942486673682
2024-02-21,17.48,17.84,17.16,17.6,1623458.0,28562799.0,91828421.99999999,0.017679254033135843
2024-02-22,17.59,17.93,17.41,17.78,998700.0,17716271.0,91828421.99999999,0.01087571775980208
2024-02-23,17.76,17.98,17.57,17.98,1131339.0,20106992.0,91828421.99999999,0.012320139836444104
2024-02-26,17.97,19.22,17.9,18.44,2109860.0,39335974.0,91828421.99999999,0.022976110816757805
2024-02-27,18.66,19.11,18.41,19.08,1702970.0,32243591.0,91828421.99999999,0.018545129742074846
2024-02-28,19.0,19.38,17.48,17.5,2870763.0,52404383.0,91828421.99999999,0.03126224906706989
2024-02-29,17.49,17.81,17.36,17.81,2090182.0,36749245.0,91828421.99999999,0.02276181986444241
2024-03-01,17.75,17.81,17.15,17.47,1687246.0,29420094.0,91828421.99999999,0.018373897353915113
2024-03-04,18.2,18.35,17.32,17.61,1863749.0,32817652.0,91828421.99999999,0.0202959928898702
2024-03-05,17.4,17.78,17.22,17.3,1820924.0,31704169.0,91828421.99999999,0.01982963401026319
2024-03-06,17.16,17.39,16.95,17.22,1178372.0,20192295.0,91828421.99999999,0.012832323308354359
2024-03-07,17.28,18.65,17.27,17.62,2875717.0,51339888.0,91828421.99999999,0.03131619750582233
2024-03-08,17.56,17.65,16.83,17.09,1906500.0,32726979.0,91828421.99999999,0.020761545918757052
2024-03-11,17.11,17.4,16.98,17.35,1317456.0,22687277.0,91828421.99999999,0.014346930626772616
2024-03-12,17.36,18.34,17.3,18.2,2461291.0,44022397.0,91828421.99999999,0.026803150336178055
2024-03-13,18.2,18.2,17.4,17.65,2238520.0,39538316.0,91828421.99999999,0.02437720208237925
2024-03-14,17.64,17.75,17.16,17.31,1642184.0,28612234.0,91828421.99999999,0.017883177824835107
2024-03-15,17.21,17.68,17.21,17.64,1541900.0,27045321.0,91828421.99999999,0.016791097640771833
2024-03-18,17.75,18.2,17.58,18.2,2133578.0,38266158.0,91828421.99999999,0.023234396862444183
2024-03-19,18.19,19.22,18.19,18.89,4860124.0,91787237.0,91828421.99999999,0.05292614088479056
2024-03-20,18.9,19.87,18.63,19.43,4853928.0,94198077.0,91828421.99999999,0.052858667221788926
2024-03-21,19.45,21.37,19.44,21.37,4976906.0,101844641.0,91828421.99999999,0.054197882219951476
2024-03-22,21.56,22.9,20.89,22.21,5635749.0,121690435.0,91828421.99999999,0.06137259986891641
2024-03-25,21.77,21.9,20.28,20.45,5061107.0,106420768.0,91828421.99999999,0.05511482055087477
2024-03-26,20.62,21.58,20.57,21.01,3903672.0,82313675.0,91828421.99999999,0.04251049854695315
2024-03-27,21.01,21.67,20.7,21.45,3902791.0,83251925.0,91828421.99999999,0.04250090456743339
2024-03-28,21.0,21.66,20.96,21.36,2006664.0,42578873.0,91828421.99999999,0.021852319317868713
2024-03-29,21.18,23.15,21.16,22.4,3723040.0,82739849.0,91828421.99999999,0.04054343871878797
2024-04-01,22.24,23.03,22.0,22.46,3117212.0,69907718.0,91828421.99999999,0.03394604777157121
2024-04-02,22.25,22.38,21.61,21.86,2418191.0,52982721.0,91828421.99999999,0.026333796741056927
2024-04-03,21.72,23.0,21.72,22.78,3325500.0,75137991.0,91828421.99999999,0.036214277971584885
2024-04-08,22.99,23.36,21.99,21.99,3124663.0,70733188.0,91828421.99999999,0.0340271882271918
2024-04-09,22.01,22.34,21.43,22.08,2554520.0,55535167.0,91828421.99999999,0.02781840245496106
2024-04-10,22.07,22.25,20.96,21.2,2875730.0,61534804.0,91828421.99999999,0.03131633907419209
2024-04-11,20.93,21.3,20.52,20.55,1773400.0,36892170.0,91828421.99999999,0.019312103609925916
2024-04-12,20.51,20.74,19.91,20.01,1673079.0,33906529.0,91828421.99999999,0.01821962050050256
2024-04-15,20.01,20.06,18.73,19.03,2679812.0,51584196.0,91828421.99999999,0.029182816622940557
2024-04-16,19.0,19.0,17.6,17.72,2530260.0,45461224.0,91828421.99999999,0.02755421409724323
2024-04-17,17.85,18.67,17.83,18.35,2034620.0,37214832.0,91828421.99999999,0.022156756652096234
2024-04-18,18.3,19.14,17.8,18.8,2240923.0,41787383.0,91828421.99999999,0.024403370451035307
2024-04-19,18.6,19.1,18.28,18.55,1204705.0,22441932.0,91828421.99999999,0.01311908637611131
2024-04-22,18.56,20.41,18.56,19.63,3062435.0,60491358.0,91828421.99999999,0.03334953311078351
2024-04-23,19.53,20.75,19.15,20.3,2941094.0,59137649.0,91828421.99999999,0.03202814483733588
2024-04-24,20.1,20.29,19.61,20.16,1494324.0,29765401.0,91828421.99999999,0.01627300096695553
2024-04-25,20.16,20.33,19.89,20.22,1078997.0,21750712.0,91828421.99999999,0.011750142020299555
2024-04-26,20.04,20.24,19.71,19.81,1387677.0,27661866.0,91828421.99999999,0.015111628510832956
2024-04-29,19.5,20.45,19.47,20.29,1350024.0,27167325.0,111561366.0,0.012101178467104822
2024-04-30,20.48,22.3,20.45,21.1,2387192.0,51243969.0,111561366.0,0.021398016944324614
2024-05-06,21.03,21.52,20.67,21.13,2017772.0,42523258.0,111561366.0,0.018086655554217578
2024-05-07,21.27,21.69,21.0,21.49,1443020.0,30920756.0,111561366.0,0.012934764531298406
2024-05-08,21.5,22.84,21.33,22.38,3448046.0,76457118.0,111561366.0,0.03090716906424398
2024-05-09,22.07,22.77,21.88,22.71,2657384.0,59616930.0,111561366.0,0.023819930637995236
2024-05-10,22.49,23.24,22.21,22.38,2033912.0,46056251.0,111561366.0,0.018231329293691152
2024-05-13,22.29,23.13,22.22,22.81,2288692.0,52081018.0,111561366.0,0.02051509480441464
2024-05-14,22.68,24.58,22.66,24.1,4055450.0,96740617.0,111561366.0,0.0363517420537859
2024-05-15,24.09,24.59,23.73,23.97,2892500.0,69746588.0,111561366.0,0.02592743441309243
2024-05-16,23.91,24.42,23.6,23.72,2044551.0,49088062.0,111561366.0,0.018326693848477977
2024-05-17,23.76,24.6,23.76,24.24,1876700.0,45400666.0,111561366.0,0.016822131776335545
2024-05-20,24.3,26.0,24.08,25.75,3354008.0,85509244.0,111561366.0,0.030064242849088096
2024-05-21,25.81,26.3,25.36,25.69,2712668.0,69930003.0,111561366.0,0.024315478532236687
2024-05-22,25.7,25.83,24.83,25.37,2979820.0,74969779.0,111561366.0,0.02671014264920349
2024-05-23,25.34,26.2,24.8,25.12,2175531.0,55168684.0,111561366.0,0.019500756202644562
2024-05-24,25.09,26.1,24.88,25.63,3215118.0,82333218.0,111561366.0,0.028819277813432295
2024-05-27,25.5,25.97,25.04,25.6,3124595.0,79821586.0,111561366.0,0.028007858921340206
2024-05-28,25.69,26.23,24.74,24.87,2723572.0,68512786.0,111561366.0,0.02441321846130855
2024-05-29,24.7,25.31,24.56,24.78,1758453.0,43701396.0,111561366.0,0.015762203915645853
2024-05-30,24.78,24.98,24.12,24.33,1689744.0,41290985.0,111561366.0,0.01514631866375677
2024-05-31,24.37,24.4,23.7,23.79,1885312.0,45103693.0,111561366.0,0.016899326958760976
2024-06-03,24.03,24.85,23.85,24.35,3064132.0,74420050.0,111561366.0,0.027465888146260237
2024-06-04,24.26,24.49,23.91,24.37,1409372.0,34091220.0,111561366.0,0.01263315474283454
2024-06-05,24.5,24.5,23.5,23.65,1715540.0,40785316.0,111561366.0,0.015377545663971164
2024-06-06,23.68,23.88,22.35,22.77,2352164.0,54167378.0,111561366.0,0.02108403728222546
2024-06-07,22.91,23.4,22.5,22.8,1333464.0,30576849.0,111561366.0,0.011952739983481378
2024-06-11,22.8,23.48,22.55,23.48,1410804.0,32409134.0,111561366.0,0.012645990727650287
2024-06-12,23.48,23.9,23.25,23.39,1193753.0,28065980.0,111561366.0,0.010700415769380234
2024-06-13,23.2,23.39,22.35,22.47,1760828.0,39933041.0,111561366.0,0.01578349264744571
2024-06-14,22.35,22.9,22.0,22.59,1413897.0,31718129.0,111561366.0,0.012673715379211114
2024-06-17,22.5,22.87,22.1,22.5,1384680.0,31039257.0,111561366.0,0.012411823641528376
2024-06-18,22.95,23.55,22.24,22.4,1811544.0,40843280.0,111561366.0,0.016238094467219057
2024-06-19,22.37,22.57,21.93,22.0,1315800.0,29048532.0,111561366.0,0.011794405600949706
2024-06-20,22.24,22.24,21.82,22.01,883852.0,19482020.0,111561366.0,0.007922563443692505
2024-06-21,21.92,22.51,21.78,21.99,849200.0,18760680.0,111561366.0,0.007611954123975141
2024-06-24,21.7,21.74,20.98,21.02,1540381.0,32750742.0,111561366.0,0.013807477043620998
2024-06-25,21.02,21.21,20.7,20.86,1103600.0,23062315.0,111561366.0,0.00989231343761065
2024-06-26,20.88,21.07,20.4,20.95,1174044.0,24273497.0,111561366.0,0.010523750668309314
2024-06-27,20.85,21.36,20.5,20.6,797736.0,16718200.0,111561366.0,0.007150647474144409
2024-06-28,20.38,20.38,18.54,18.54,5489388.0,102297711.0,156053386.0,0.0351763466381947
2024-07-01,18.07,18.82,17.21,17.78,12373620.0,222372350.0,156053386.0,0.07929094213950602
2024-07-02,17.69,17.69,16.37,16.49,10571725.0,177886755.0,156053386.0,0.06774428463859157
2024-07-03,16.4,17.18,16.16,16.99,7913182.0,133099809.0,156053386.0,0.050708172394285635
2024-07-04,16.95,16.98,16.36,16.46,4197453.0,69640608.0,156053386.0,0.02689754517726389
2024-07-05,16.38,16.57,16.19,16.48,2858180.0,46914917.0,156053386.0,0.018315398808456486
2024-07-08,16.55,16.93,16.35,16.61,4409429.0,73302976.0,156053386.0,0.028255900836397105
2024-07-09,16.39,16.59,15.71,15.88,6323445.0,101125754.0,156053386.0,0.04052103682005336
2024-07-10,15.66,15.93,15.32,15.62,3998793.0,62713931.0,156053386.0,0.025624519291109774
2024-07-11,15.98,16.0,15.5,15.56,4501437.0,70473848.0,156053386.0,0.028845493938849876
2024-07-12,15.5,15.76,15.36,15.49,2971055.0,46087345.0,156053386.0,0.01903870897104405
2024-07-15,15.49,15.89,15.45,15.74,4770511.0,75066054.0,156053386.0,0.03056973720518951
2024-07-16,15.75,17.22,15.56,16.82,8644287.0,142333073.0,156053386.0,0.05539313962722987
2024-07-17,16.75,17.05,16.48,16.85,5089689.0,85651276.0,156053386.0,0.032615050082924826
2024-07-18,16.68,16.9,16.37,16.88,3544839.0,59045904.0,156053386.0,0.022715553253038676
2024-07-19,16.88,17.18,16.67,16.99,3286047.0,55601293.0,156053386.0,0.021057197695152862
2024-07-22,17.0,17.08,16.53,16.66,3210772.0,53649445.0,156053386.0,0.02057483071850809
2024-07-23,16.7,16.93,16.12,16.18,2739440.0,45242849.0,156053386.0,0.017554505353699918
2024-07-24,16.14,16.18,15.3,15.39,4913140.0,77040300.0,156053386.0,0.03148371288784468
2024-07-25,15.21,15.4,14.67,14.9,7214916.0,107709869.0,156053386.0,0.04623363955717052
2024-07-26,14.87,15.58,14.85,15.39,5033511.0,76555832.0,156053386.0,0.032255057894097855
2024-07-29,15.5,15.54,14.95,15.35,2943599.0,44858764.0,156053386.0,0.018862769180798166
2024-07-30,15.31,16.36,15.2,15.89,4874736.0,77209830.0,156053386.0,0.031237617618883322
2024-07-31,15.89,16.55,15.63,16.48,3440189.0,55816715.0,156053386.0,0.022044949412376096
2024-08-01,16.42,16.93,16.4,16.52,2729622.0,45334143.0,156053386.0,0.017491590986689644
2024-08-02,16.52,17.49,16.36,16.92,5823642.0,99266753.0,156053386.0,0.03731826748059155
2024-08-05,16.92,17.35,16.6,16.6,5701843.0,96531703.0,156053386.0,0.0365377717597233
2024-08-06,16.9,17.2,16.56,16.96,3428913.0,57625964.0,156053386.0,0.02197269208884708
2024-08-07,16.88,16.96,16.38,16.38,3788859.0,62671450.0,156053386.0,0.02427924889755356
2024-08-08,16.41,16.79,16.35,16.63,3698409.0,61404070.0,156053386.0,0.02369963955796512
2024-08-09,16.51,16.76,16.27,16.34,3040575.0,50145720.0,156053386.0,0.019484197542499974
2024-08-12,16.39,16.89,16.37,16.44,3399862.0,56452019.0,156053386.0,0.021786531437388998
2024-08-13,16.5,16.98,16.36,16.57,3470835.0,57637043.0,156053386.0,0.02224133092504638
2024-08-14,16.49,16.51,16.16,16.23,2627899.0,42778628.0,156053386.0,0.01683974354776256
2024-08-15,16.29,16.56,16.15,16.25,2428340.0,39588272.0,156053386.0,0.015560956812561567
2024-08-16,16.18,16.2,15.74,15.79,3023658.0,47979146.0,156053386.0,0.019375792333016086
2024-08-19,15.66,15.86,15.5,15.66,1968008.0,30836880.0,156053386.0,0.012611120145768578
2024-08-20,15.71,15.77,15.32,15.36,1875708.0,29018749.0,156053386.0,0.012019655888786675
2024-08-21,15.34,15.38,15.04,15.09,1883451.0,28588522.0,156053386.0,0.012069273524125904
2024-08-22,15.09,15.17,14.63,14.83,2520059.0,37328579.0,156053386.0,0.016148697984675577
2024-08-23,14.8,14.94,14.41,14.59,2841464.0,41463188.0,156053386.0,0.018208281619727238
2024-08-26,14.6,14.95,14.47,14.86,1998892.0,29548698.0,156053386.0,0.012809026777541373
2024-08-27,14.85,14.85,14.42,14.46,1748611.0,25471026.0,156053386.0,0.01120521024772894
2024-08-28,14.46,14.72,14.3,14.55,1602915.0,23309645.0,156053386.0,0.010271581034454453
2024-08-29,14.55,14.81,14.41,14.8,2256072.0,33061229.0,156053386.0,0.014457052537136233
2024-08-30,14.85,15.24,14.58,15.12,2629596.0,39305361.0,156053386.0,0.016850618031447263
2024-09-02,15.08,15.28,14.79,14.79,2229884.0,33512897.0,156053386.0,0.014289238171352463
2024-09-03,14.8,15.15,14.77,14.96,1773164.0,26577172.0,156053386.0,0.011362547429762273
2024-09-04,14.79,15.07,14.73,14.75,1789999.0,26616578.0,156053386.0,0.011470427178042775
2024-09-05,14.89,15.06,14.55,14.91,1758268.0,26153720.0,156053386.0,0.01126709291652281
2024-09-06,14.91,14.98,14.64,14.7,1312522.0,19355724.0,156053386.0,0.008410724263297946
2024-09-09,14.65,14.7,14.46,14.64,1292121.0,18836212.0,156053386.0,0.008279993360733614
2024-09-10,14.7,14.79,14.29,14.58,1723735.0,24985351.0,156053386.0,0.011045803261199343
2024-09-11,14.58,14.68,14.34,14.41,1682344.0,24294090.0,156053386.0,0.01078056710669514
2024-09-12,14.47,14.53,14.22,14.25,1396984.0,20080493.0,156053386.0,0.008951962118912306
2024-09-13,14.24,14.3,14.1,14.11,1380720.0,19570898.0,156053386.0,0.008847741374865138
2024-09-18,14.13,14.16,13.6,13.67,2532966.0,34859766.0,156053386.0,0.016231406859701206
2024-09-19,13.72,14.21,13.72,14.08,2926811.0,41031613.0,156053386.0,0.01875519061150009
2024-09-20,14.08,14.08,13.8,13.95,2063606.0,28635232.0,156053386.0,0.013223718196028121
2024-09-23,13.85,14.02,13.7,13.7,1925665.0,26632261.0,156053386.0,0.012339783514854333
2024-09-24,13.84,14.44,13.71,14.44,3659913.0,51585939.0,156053386.0,0.02345295474716582
2024-09-25,14.58,14.87,14.46,14.49,3083721.0,45244354.0,156053386.0,0.019760679848369326
2024-09-26,14.46,15.32,14.35,15.3,3773625.0,56270867.0,156053386.0,0.024181628458865994
2024-09-27,15.54,16.19,15.44,16.19,4720042.0,74790862.0,156053386.0,0.03024632865063242
2024-09-30,16.77,17.55,16.11,17.55,9005456.0,152633221.0,156053386.0,0.05770753349754295
2024-10-08,19.2,19.2,16.84,17.38,11311884.0,201284280.0,156053386.0,0.07248727047806576
2024-10-09,17.12,17.2,15.64,15.64,9046217.0,147218427.0,156053386.0,0.05796873257206992
2024-10-10,16.0,16.94,16.0,16.22,8798970.0,145212111.0,156053386.0,0.056384358106782766
2024-10-11,16.2,16.45,15.37,15.58,4650989.0,73809806.0,156053386.0,0.029803832644810412
2024-10-14,15.89,16.11,15.6,15.9,4373731.0,69358765.0,156053386.0,0.028027145787147482
2024-10-15,15.82,16.1,15.63,15.65,3053724.0,48410667.0,156053386.0,0.019568457168881937
2024-10-16,15.58,15.94,15.43,15.57,2792168.0,43663686.0,156053386.0,0.017892389723603946
2024-10-17,15.64,15.76,15.35,15.39,2816564.0,43838524.0,156053386.0,0.0180487208396747
2024-10-18,15.38,15.83,15.23,15.56,5274889.0,81792887.0,156053386.0,0.033801823434962186
2024-10-21,15.72,15.85,15.56,15.66,4563574.0,71629107.0,156053386.0,0.029243671777810704
2024-10-22,15.68,16.1,15.42,16.02,4001279.0,63443592.0,156053386.0,0.025640449736861203
2024-10-23,16.11,16.27,15.95,16.02,3843908.0,61916656.0,156053386.0,0.02463200638273879
2024-10-24,16.0,16.28,15.9,16.04,2648893.0,42572819.0,156053386.0,0.016974274431956253
2024-10-25,16.1,16.36,16.0,16.25,3155918.0,51194818.0,156053386.0,0.020223322805696765
2024-10-28,16.28,16.76,16.25,16.76,4375315.0,72444481.0,165655593.99999997,0.026412117419952634
2024-10-29,16.77,16.79,16.17,16.22,4548593.0,74380487.0,165655593.99999997,0.027458130994356886
2024-10-30,16.25,16.61,16.1,16.48,4248916.0,69481005.0,165655593.99999997,0.025649094590792995
2024-10-31,16.31,16.38,16.0,16.06,5071937.0,81793630.0,165655593.99999997,0.030617360256484916
2024-11-01,16.0,16.34,15.77,15.77,4963177.0,79480102.0,165655593.99999997,0.029960817381150442
2024-11-04,15.77,16.16,15.67,16.13,3852185.0,61674565.0,165655593.99999997,0.02325417999467015
2024-11-05,16.13,16.27,16.0,16.27,4137341.0,66742027.0,165655593.99999997,0.0249755586279809
2024-11-06,16.25,16.49,16.1,16.43,5215477.0,85285574.0,165655593.99999997,0.03148385680232447
2024-11-07,16.35,17.09,16.26,17.09,7190156.0,121213598.0,165655593.99999997,0.04340424507487505
2024-11-08,17.2,17.28,16.71,16.85,4855752.0,82021593.0,165655593.99999997,0.0293123333945487
2024-11-11,16.7,17.39,16.66,17.19,4347955.0,74086459.0,165655593.99999997,0.026246955475587506
2024-11-12,17.19,17.49,17.03,17.2,4164067.0,71970740.0,165655593.99999997,0.025136893354775577
2024-11-13,17.1,17.27,16.64,16.85,3266000.0,54979502.0,165655593.99999997,0.019715603446509633
2024-11-14,16.8,16.83,16.39,16.47,2075132.0,34493986.0,165655593.99999997,0.012526784939118931
2024-11-15,16.35,16.7,16.27,16.3,2243112.0,37009700.0,165655593.99999997,0.013540816496664764
2024-11-18,16.36,16.6,16.03,16.1,3084744.0,50509280.0,165655593.99999997,0.018621429711573764
2024-11-19,16.15,16.26,15.91,16.23,1979700.0,31908858.0,165655593.99999997,0.011950698145454722
2024-11-20,16.18,16.5,16.12,16.48,1624404.0,26538184.0,165655593.99999997,0.00980591093108513
2024-11-21,16.47,16.79,16.39,16.54,2244880.0,37224099.0,165655593.99999997,0.013551489242192452
2024-11-22,16.6,16.63,15.74,15.77,2761544.0,44541457.0,165655593.99999997,0.01667039387755297
2024-11-25,15.77,16.24,15.73,16.18,2174673.0,34845204.0,165655593.99999997,0.013127676207541777
2024-11-26,16.18,16.5,16.11,16.24,2070707.0,33800255.0,165655593.99999997,0.012500072892195842
2024-11-27,16.2,16.23,15.56,16.13,2404956.0,38223646.0,165655593.99999997,0.014517807349143914
2024-11-28,16.06,16.27,16.01,16.15,2087959.0,33749851.0,165655593.99999997,0.01260421667378163
2024-11-29,16.1,16.38,16.01,16.31,2398337.0,39016939.0,165655593.99999997,0.014477850956243593
2024-12-02,16.34,16.85,16.25,16.84,3038716.0,50632896.0,165655593.99999997,0.018343576130607463
2024-12-03,16.85,17.24,16.76,16.97,3565720.0,60578177.0,165655593.99999997,0.021524899424766788
2024-12-04,16.88,16.96,16.42,16.49,2263388.0,37735671.0,165655593.99999997,0.013663215019469856
2024-12-05,16.51,16.53,16.25,16.48,2107900.0,34567890.0,165655593.99999997,0.012724592928627574
2024-12-06,16.46,16.69,16.36,16.58,2174001.0,35967584.0,165655593.99999997,0.013123619598381932
2024-12-09,16.49,16.56,16.13,16.23,3179396.0,51741747.0,165655593.99999997,0.019192807941034583
2024-12-10,16.6,16.73,16.4,16.44,3414684.0,56608617.0,165655593.99999997,0.020613152369608482
2024-12-11,16.44,16.85,16.41,16.79,3260554.0,54511299.0,165655593.99999997,0.01968272800977672
2024-12-12,16.79,17.1,16.63,17.06,3443127.0,58162793.0,165655593.99999997,0.020784851974271396
2024-12-13,17.01,17.05,16.6,16.83,3845809.0,64866434.0,165655593.99999997,0.02321569050061781
2024-12-16,16.79,16.97,16.51,16.6,2797058.0,46710206.0,165655593.99999997,0.01688477842770586
2024-12-17,16.66,16.69,16.21,16.24,3900031.0,63776193.0,165655593.99999997,0.02354300815220282
2024-12-18,16.18,16.35,15.92,16.05,2828348.0,45460259.0,165655593.99999997,0.017073664291711154
2024-12-19,15.94,16.16,15.7,15.99,2751764.0,43748831.0,165655593.99999997,0.016611355726387365
2024-12-20,15.94,16.11,15.8,15.9,2481111.0,39612522.0,165655593.99999997,0.014977526204155838
2024-12-23,15.9,15.92,15.28,15.36,3566318.0,55293034.0,165655593.99999997,0.02152850932398939
2024-12-24,15.34,15.5,15.08,15.18,3611221.0,54946831.0,165655593.99999997,0.021799571706585415
2024-12-25,15.2,15.26,14.9,15.05,2636390.0,39631649.0,165655593.99999997,0.01591488664125644
2024-12-26,15.06,15.27,15.06,15.08,1596947.0,24210296.0,165655593.99999997,0.009640163434504967
2024-12-27,15.12,15.44,15.02,15.33,2128786.0,32522675.0,165655593.99999997,0.01285067379010455
2024-12-30,15.3,15.33,15.02,15.06,1950898.0,29441917.0,165655593.99999997,0.011776831393934093
2024-12-31,15.15,16.08,15.0,15.82,6399696.0,98884292.0,164525962.0,0.038897788058519296
2025-01-02,15.79,16.15,15.29,15.45,4368333.0,68887728.0,164525962.0,0.02655102542418199
2025-01-03,15.5,15.56,14.78,14.82,3598547.0,54415259.0,164525962.0,0.021872213699622677
2025-01-06,14.82,15.19,14.45,14.85,2207339.0,32837664.0,164525962.0,0.013416356744961624
2025-01-07,14.96,15.0,14.6,14.88,1746818.0,25774950.0,164525962.0,0.010617278748991602
2025-01-08,14.8,15.13,14.68,14.92,1917482.0,28569036.0,164525962.0,0.011654586161909206
2025-01-09,15.08,15.45,14.95,15.04,2454906.0,37245723.0,164525962.0,0.014921085828387377
2025-01-10,14.9,15.25,14.64,14.64,2020643.0,30121152.0,164525962.0,0.012281605744387017
2025-01-13,14.47,14.6,14.23,14.53,1504258.0,21755924.0,164525962.0,0.009142982552504389
2025-01-14,14.52,14.82,14.52,14.78,2532812.0,37296609.0,164525962.0,0.015394603801192178
2025-01-15,14.77,14.77,14.52,14.6,1661749.0,24262604.0,164525962.0,0.010100223574441096
2025-01-16,14.64,14.84,14.38,14.45,3008094.0,43886104.0,164525962.0,0.018283400160273793
2025-01-17,14.39,14.43,14.14,14.24,4088592.0,58168307.0,164525962.0,0.024850740577952068
2025-01-20,14.27,14.41,14.13,14.25,3487959.0,49724861.0,164525962.0,0.021200052305422774
2025-01-21,14.24,14.36,14.0,14.14,2565499.0,36198345.0,164525962.0,0.015593277612927739
2025-01-22,14.02,14.8,13.9,14.41,4951557.0,70610513.0,164525962.0,0.030095900609291074
2025-01-23,14.41,14.6,14.19,14.2,3524407.0,50705085.0,164525962.0,0.02142158573125377
2025-01-24,14.17,14.26,14.01,14.21,2267664.0,32073904.0,164525962.0,0.01378301620263433
2025-01-27,14.2,14.9,14.2,14.38,4441868.0,64426521.0,164525962.0,0.02699797616135501
2025-02-05,14.4,14.47,14.3,14.47,2132391.0,30677469.0,164525962.0,0.012960817697574076
2025-02-06,14.45,14.54,14.16,14.47,2800031.0,40175360.0,164525962.0,0.017018779078769343
2025-02-07,14.47,14.63,14.4,14.56,2995265.0,43529662.0,164525962.0,0.018205424624716676
2025-02-10,14.56,14.67,14.5,14.67,2465728.0,35971076.0,164525962.0,0.01498686268128309
2025-02-11,14.66,14.68,14.41,14.43,2553234.0,36938099.0,164525962.0,0.015518730107774723
2025-02-12,14.39,14.43,14.19,14.36,2764916.0,39510549.0,164525962.0,0.01680534771770549
2025-02-13,14.29,15.22,14.22,15.21,9519061.0,141580808.0,164525962.0,0.05785750093350009
2025-02-14,15.09,15.09,14.73,14.8,5201559.0,77273033.0,164525962.0,0.03161542978852176
2025-02-17,14.78,14.87,14.6,14.78,3317141.0,48772684.0,164525962.0,0.020161808870018946
2025-02-18,14.72,14.78,14.41,14.49,3354100.0,48968615.0,164525962.0,0.020386448188645146
2025-02-19,14.52,14.68,14.41,14.67,2753275.0,39999996.0,164525962.0,0.016734592927042116
2025-02-20,14.67,14.72,14.51,14.6,1969800.0,28729890.0,164525962.0,0.01197257852836624
2025-02-21,14.61,14.78,14.5,14.53,2524540.0,36818237.0,164525962.0,0.015344326021932028
2025-02-24,14.72,14.82,14.45,14.52,4104001.0,60008956.0,164525962.0,0.02494439752918752
2025-02-25,14.42,14.42,14.25,14.3,2811895.0,40237510.0,164525962.0,0.017090889278617315
2025-02-26,14.31,14.41,14.2,14.39,2954879.0,42228311.0,164525962.0,0.017959955766737895
2025-02-27,14.35,14.45,14.2,14.39,2367163.0,33922110.0,164525962.0,0.01438777789975785
2025-02-28,14.36,14.48,14.08,14.09,3658857.0,52214588.0,164525962.0,0.022238781986273996
2025-03-03,14.09,14.35,14.09,14.17,2720582.0,38663567.0,164525962.0,0.016535882646898002
2025-03-04,14.15,14.32,14.05,14.31,2259128.0,32045517.0,164525962.0,0.013731133813397791
2025-03-05,14.35,14.37,14.12,14.18,1865580.0,26476023.0,164525962.0,0.011339122271778603
2025-03-06,14.2,14.28,14.13,14.24,2193718.0,31186237.0,164525962.0,0.013333567379475345
2025-03-07,14.19,14.35,14.15,14.23,2837846.0,40476935.0,164525962.0,0.01724862122368262
2025-03-10,14.47,14.68,14.36,14.39,4365554.0,63328854.0,164525962.0,0.02653413447295327
2025-03-11,14.26,15.05,14.2,14.95,9237718.0,136274848.0,164525962.0,0.05614747902218618
2025-03-12,14.93,15.18,14.77,14.83,5711522.0,85191120.0,164525962.0,0.034715019627115144
2025-03-13,14.81,15.02,14.62,14.81,4770352.0,70542664.0,164525962.0,0.02899452428061171
2025-03-14,14.79,14.89,14.72,14.86,3281740.0,48587373.0,164525962.0,0.01994663918148067
2025-03-17,14.95,15.24,14.92,14.96,4234392.0,63655381.0,164525962.0,0.025736922905820785
2025-03-18,15.0,15.0,14.74,14.85,2660336.0,39420737.0,164525962.0,0.016169703356604594
2025-03-19,14.8,14.92,14.75,14.84,1587022.0,23521921.0,164525962.0,0.009646027780101964
2025-03-20,14.9,14.98,14.78,14.82,1942028.0,28891296.0,164525962.0,0.011803778421304718
2025-03-21,14.77,14.93,14.59,14.69,2252398.0,33184810.0,164525962.0,0.013690228415136086
2025-03-24,14.7,14.76,14.41,14.59,2487820.0,36246977.0,164525962.0,0.015121139361579907
2025-03-25,14.5,14.9,14.48,14.84,2707064.0,39760072.0,164525962.0,0.016453719322425234
2025-03-26,14.8,15.31,14.71,15.21,5675960.0,85865994.0,164525962.0,0.03449887136961399
2025-03-27,15.16,15.36,15.08,15.16,3362204.0,51135646.0,164525962.0,0.020435704852465778
2025-03-28,15.16,15.17,14.78,14.81,2622288.0,39118016.0,164525962.0,0.015938445021825797
2025-03-31,14.75,14.78,14.36,14.45,3280540.0,47664559.0,164525962.0,0.019939345499769816
2025-04-01,14.49,14.89,14.47,14.74,2839000.0,41932075.0,164525962.0,0.017255635314261223
2025-04-02,14.73,14.84,14.56,14.78,2101180.0,30861069.0,164525962.0,0.012771115114342866
2025-04-03,14.68,15.14,14.65,15.05,5271228.0,78909539.0,164525962.0,0.03203888271444965
2025-04-07,14.88,15.27,13.55,13.67,9433090.0,135517402.0,164525962.0,0.05733496334153026
2025-04-08,13.68,14.85,13.68,14.82,10146377.0,145928496.0,164525962.0,0.0616703702969383
2025-04-09,14.68,15.42,14.4,15.25,11999965.0,180064633.0,164525962.0,0.07293660437615311
2025-04-10,15.08,15.56,14.88,15.27,8107708.0,124378173.0,164525962.0,0.04927920129711808
2025-04-11,15.28,15.28,14.82,14.86,5668680.0,84723119.0,164525962.0,0.03445462303390148
2025-04-14,14.95,15.15,14.88,15.02,4756507.0,71413512.0,164525962.0,0.02891037342787274
2025-04-15,15.0,15.34,14.83,15.25,5307780.0,80247337.0,164525962.0,0.032261048259362254
2025-04-16,15.15,15.22,14.59,14.9,4252336.0,63322139.0,164525962.0,0.025845987759670418
2025-04-17,14.85,14.85,14.6,14.78,2607080.0,38527967.0,164525962.0,0.01584600976227691
2025-04-18,14.7,14.77,14.41,14.51,3192440.0,46400547.0,164525962.0,0.019403867700831315
2025-04-21,14.43,14.51,14.27,14.45,2637700.0,37958291.0,164525962.0,0.016032120207265525
2025-04-22,14.4,14.56,14.33,14.47,2397440.0,34615584.0,164525962.0,0.01457180356739078
2025-04-23,14.45,14.51,14.3,14.31,2555780.0,36689052.0,164525962.0,0.015534204869137917
2025-04-24,14.33,14.55,14.26,14.33,2719200.0,39094410.0,164525962.0,0.016527482756794335
2025-04-25,14.38,14.43,14.31,14.34,1930340.0,27714829.0,164525962.0,0.011732737961441003
2025-04-28,14.32,14.4,14.18,14.25,3131320.0,44645449.0,164525962.0,0.019032376179025166
2025-04-29,14.16,14.59,14.12,14.49,3116075.0,44798697.0,164525962.0,0.018939716030956864
2025-04-30,14.46,14.56,14.27,14.28,3909303.0,56083120.0,164525962.0,0.023761009827737704
2025-05-06,14.36,14.58,14.26,14.57,4617091.0,66490745.0,164525962.0,0.028062993486705764
2025-05-07,14.61,14.7,14.48,14.55,3061101.0,44556028.0,164525962.0,0.018605580315646474
2025-05-08,14.55,14.75,14.47,14.72,3331671.0,48825117.0,164525962.0,0.0202501231994012
2025-05-09,14.76,14.8,14.54,14.62,3216411.0,47110678.0,164525962.0,0.019549565071073707
2025-05-12,14.66,14.66,14.46,14.6,2929751.0,42574350.0,164525962.0,0.01780722607171262
2025-05-13,14.6,14.69,14.49,14.61,3325515.0,48493922.0,164525962.0,0.020212706612224518
2025-05-14,14.59,14.8,14.51,14.77,4022900.0,59091101.0,164525962.0,0.02445146012882757
2025-05-15,14.75,14.85,14.64,14.78,2808351.0,41496481.0,164525962.0,0.017069348605297928
2025-05-16,14.75,14.8,14.54,14.58,2160060.0,31533351.0,164525962.0,0.013128991763622084
2025-05-19,14.58,14.78,14.57,14.77,2127780.0,31280545.0,164525962.0,0.01293279172560012
2025-05-20,14.77,14.9,14.69,14.83,2131508.0,31578615.0,164525962.0,0.012955450763448506
2025-05-21,14.84,14.89,14.75,14.79,1684640.0,24947226.0,164525962.0,0.010239356631143722
2025-05-22,14.76,14.8,14.53,14.54,2299528.0,33621164.0,164525962.0,0.013976687764329863
2025-05-23,14.6,14.65,14.37,14.37,2229166.0,32336758.0,164525962.0,0.01354902273721396
2025-05-26,14.33,14.51,14.33,14.43,1310220.0,18889833.0,164525962.0,0.00796360637599554
2025-05-27,14.38,14.53,14.38,14.52,1552760.0,22471803.0,164525962.0,0.009437781011120907
2025-05-28,14.48,14.55,14.39,14.42,1220732.0,17633761.0,164525962.0,0.007419692218544815
2025-05-29,14.45,14.52,14.34,14.51,1604088.0,23214534.0,164525962.0,0.009749756090166487
2025-05-30,14.51,14.86,14.49,14.6,4187776.0,61655177.0,164525962.0,0.025453587683626492
2025-06-03,14.46,14.99,14.45,14.83,4738544.0,70079259.0,164525962.0,0.028801193090729354
2025-06-04,14.91,14.94,14.73,14.9,3410588.0,50614245.0,164525962.0,0.020729786099047395
2025-06-05,14.85,14.94,14.65,14.7,2535052.0,37416737.0,164525962.0,0.015408218673719106
2025-06-06,14.73,14.98,14.72,14.94,3980888.0,59295082.0,164525962.0,0.024196108332130584
2025-06-09,14.88,15.14,14.85,15.05,3128424.0,47058112.0,164525962.0,0.01901477409382964
2025-06-10,15.03,15.18,14.76,14.93,2836720.0,42435091.0,164525962.0,0.017241777319010602
2025-06-11,14.94,15.95,14.85,15.6,9883436.0,153932282.0,164525962.0,0.060072196994660335
2025-06-12,15.55,15.59,15.22,15.4,4485456.0,68953684.0,164525962.0,0.02726290699336558
2025-06-13,15.31,15.35,15.0,15.03,3171880.0,47976285.0,164525962.0,0.01927890262085202
2025-06-16,15.0,15.25,14.91,15.16,3289680.0,49705002.0,164525962.0,0.019994899042134154
2025-06-17,15.19,15.33,15.06,15.1,2216968.0,33555065.0,164525962.0,0.013474882462623133
2025-06-18,15.05,15.26,15.01,15.22,3012016.0,45660558.0,164525962.0,0.0183072383433321
2025-06-19,15.2,15.47,15.13,15.27,3372117.0,51516571.0,164525962.0,0.02049595674146552
2025-06-20,15.21,15.36,15.1,15.1,2184653.0,33227586.0,164525962.0,0.013278469692217937
2025-06-23,15.0,15.35,14.94,15.31,2513523.0,38092823.0,164525962.0,0.015277363945758298
2025-06-24,15.4,15.4,15.22,15.32,2422578.0,37060182.0,164525962.0,0.01472459404309698
2025-06-25,15.32,15.39,15.12,15.32,2409440.0,36684152.0,164525962.0,0.014644740384499318
2025-06-26,15.28,15.64,15.17,15.39,3385616.0,52178694.0,164525962.0,0.02057800458264453
2025-06-27,15.39,15.8,15.39,15.61,3295057.0,51345532.0,164525962.0,0.02002758081426687
2025-06-30,15.58,15.59,15.38,15.56,2625513.0,40636739.0,164525962.0,0.015958046791423715
2025-07-01,15.6,16.56,15.59,15.86,7480096.0,120269798.0,203134651.0,0.03682333842688414
2025-07-02,16.1,16.6,15.88,16.49,7837743.0,127726754.0,203134651.0,0.0385839784665788
2025-07-03,16.93,17.12,16.49,16.67,9631122.0,161650216.0,203134651.0,0.04741250176957746
2025-07-04,16.77,16.94,16.54,16.69,6120029.0,102406577.0,203134651.0,0.03012794208113711
2025-07-07,16.66,16.78,16.38,16.42,3568201.0,58845832.0,203134651.0,0.017565693407965145
2025-07-08,16.43,16.43,16.19,16.36,3139080.0,51118257.0,203134651.0,0.015453198085835193
2025-07-09,16.45,16.7,16.38,16.45,3582971.0,59209422.0,203134651.0,0.017638403799458125
2025-07-10,16.56,17.06,16.32,16.84,5691486.0,94848512.0,203134651.0,0.028018292162276144
2025-07-11,16.91,17.78,16.89,17.09,5845460.0,100987394.0,203134651.0,0.028776281994350634
2025-07-14,17.0,17.44,16.8,17.24,3850631.0,66134681.0,203134651.0,0.01895605196377845
2025-07-15,17.1,17.15,16.64,16.74,3558005.0,59856247.0,203134651.0,0.017515500100472765
2025-07-16,16.74,16.79,16.61,16.77,1895760.0,31696582.0,203134651.0,0.009332528894836361
2025-07-17,16.81,16.95,16.62,16.63,2254948.0,37736421.0,203134651.0,0.011100755035633975
2025-07-18,16.63,16.74,16.5,16.69,1925878.0,32043182.0,203134651.0,0.009480795081091311
2025-07-21,16.71,17.6,16.61,17.47,5091372.0,87573000.0,203134651.0,0.025064025142613407
2025-07-22,17.42,18.17,17.36,18.09,5295888.0,94267804.0,203134651.0,0.026070825306904435
2025-07-23,18.3,18.57,17.91,17.97,7050226.0,128444477.0,203134651.0,0.034707155895327774
2025-07-24,18.0,18.15,17.72,17.99,3659340.0,65349891.0,203134651.0,0.018014356398505346
2025-07-25,18.2,18.3,17.71,17.75,3523680.0,63284801.0,203134651.0,0.01734652351360773
2025-07-28,17.7,17.92,17.57,17.72,3650787.0,64629828.0,203134651.0,0.017972251322104567
2025-07-29,17.73,17.78,17.29,17.39,3918454.0,68261287.0,203134651.0,0.019289933946326075
2025-07-30,17.37,17.77,17.31,17.39,3236434.0,56741519.0,203134651.0,0.015932456545781546
2025-07-31,17.39,17.44,17.06,17.11,3118800.0,53489819.0,203134651.0,0.01535336282926934
2025-08-01,17.09,17.34,17.05,17.12,2458040.0,42228384.0,203134651.0,0.012100545071456076
2025-08-04,17.08,17.21,16.97,17.12,1547340.0,26470254.0,203134651.0,0.007617311927741959
2025-08-05,17.21,17.34,17.0,17.11,2031980.0,34877484.0,203134651.0,0.010003118571828496
2025-08-06,17.15,17.17,16.8,17.03,2802640.0,47591155.0,203134651.0,0.013796956778191427
2025-08-07,17.13,17.25,17.0,17.18,3076240.0,52675185.0,203134651.0,0.015143846630085774
2025-08-08,17.18,17.57,17.08,17.33,3138008.0,54353781.0,203134651.0,0.015447920798111397
2025-08-11,17.55,18.1,17.34,17.65,6678592.0,118140185.0,203134651.0,0.03287766005022944
2025-08-12,17.65,17.99,17.46,17.74,4473346.0,79035016.0,203134651.0,0.02202158015867022
2025-08-13,17.9,17.9,17.11,17.14,7737320.0,133638593.0,203134651.0,0.03808961180138587
2025-08-14,17.1,17.14,16.51,16.51,6123192.0,102545661.0,203134651.0,0.03014351303362812
2025-08-15,16.54,16.6,16.3,16.48,3533052.0,58113357.0,203134651.0,0.01739266039844674
2025-08-18,16.5,16.59,16.44,16.48,3567302.0,58877619.0,203134651.0,0.017561267772084832
2025-08-19,16.53,16.62,16.44,16.53,2972171.0,49135988.0,203134651.0,0.014631531279220305
2025-08-20,16.53,16.69,16.47,16.64,2225888.0,36897874.0,203134651.0,0.01095769721730046
2025-08-21,16.71,17.04,16.66,16.78,4414609.0,74513732.0,203134651.0,0.021732427127856193
2025-08-22,16.96,16.98,16.46,16.57,3570156.0,59130580.0,203134651.0,0.017575317566080835
2025-08-25,16.58,16.85,16.51,16.71,3380228.0,56417524.0,203134651.0,0.016640331835852073
2025-08-26,16.75,17.44,16.58,17.15,5717505.0,97858569.0,203134651.0,0.02814637961496781
2025-08-27,17.1,17.23,16.5,16.5,4746238.0,80100813.0,203134651.0,0.023364984637702212
2025-08-28,16.52,16.79,15.92,16.37,4571800.0,74625561.0,203134651.0,0.022506253745945098
2025-08-29,16.35,16.59,16.3,16.46,3116396.0,51393606.0,203134651.0,0.015341528314635006
2025-09-01,16.53,16.73,16.3,16.35,4588196.0,75550214.0,203134651.0,0.02258696868019824
2025-09-02,16.37,16.44,16.08,16.16,4227528.0,68545250.0,203134651.0,0.02081145673172225
2025-09-03,16.13,16.33,15.72,15.79,3954280.0,63018761.0,203134651.0,0.01946629972057303
2025-09-04,15.8,16.06,15.71,15.88,4484188.0,71320030.0,203134651.0,0.02207495362275735
2025-09-05,15.88,16.0,15.71,15.97,3793711.0,60065129.0,203134651.0,0.018675843738742533
2025-09-08,15.98,16.6,15.97,16.49,6047876.0,99297894.0,203134651.0,0.029772744188287206
2025-09-09,16.48,16.57,16.25,16.29,3493815.0,57276791.0,203134651.0,0.01719950280663834
2025-09-10,16.29,16.82,16.09,16.75,5163887.0,84826020.0,203134651.0,0.025421005104638697
2025-09-11,16.6,18.23,16.58,17.87,17759708.0,314530467.0,203134651.0,0.08742825467034672
2025-09-12,17.92,18.15,17.64,17.68,6829954.0,121983221.0,203134651.0,0.0336227914163202
2025-09-15,17.66,18.45,17.46,18.2,7382204.0,132717273.0,203134651.0,0.03634143147738984
2025-09-16,18.11,18.22,17.5,17.57,5472424.0,96791485.0,203134651.0,0.026939884323329947
2025-09-17,17.55,17.6,17.21,17.41,3842024.0,66709569.0,203134651.0,0.018913681053854273
2025-09-18,17.39,17.47,16.6,16.79,5273720.0,89619405.0,203134651.0,0.025961695722705624
2025-09-19,16.79,16.83,16.53,16.69,2769308.0,46190006.0,203134651.0,0.01363286857445114
2025-09-22,16.61,16.77,16.31,16.49,2233840.0,36628484.0,203134651.0,0.010996843665042652
2025-09-23,16.4,16.43,15.85,16.04,4206476.0,67598439.0,203134651.0,0.02070782104034038
2025-09-24,16.01,16.57,15.95,16.4,2896622.0,47278389.0,203134651.0,0.014259615411454346
2025-09-25,16.38,16.42,16.05,16.09,1894230.0,30624350.0,203134651.0,0.00932499694500669
2025-09-26,16.1,16.33,16.02,16.12,1816937.0,29421638.0,203134651.0,0.00894449563900351
2025-09-29,16.1,16.15,15.73,16.05,2446288.0,38994977.0,203134651.0,0.01204269182021535
2025-09-30,16.16,16.16,15.89,15.92,1722149.0,27483560.0,203134651.0,0.008477869194261693
2025-10-09,15.88,15.93,15.51,15.76,3750326.0,58710146.0,203134651.0,0.018462266194062577
2025-10-10,15.79,16.05,15.72,15.86,3164360.0,50243400.0,203134651.0,0.015577647557530694
2025-10-13,15.56,15.78,15.5,15.74,2957161.0,46308941.0,203134651.0,0.0145576394054011
2025-10-14,15.9,15.92,15.71,15.75,2069749.0,32745480.0,203134651.0,0.010189049430074832
2025-10-15,15.72,15.94,15.65,15.82,1552825.0,24584005.0,203134651.0,0.007644313721739183
2025-10-16,15.83,15.91,15.65,15.71,1959592.0,30857562.0,203134651.0,0.009646763810867503
2025-10-17,15.66,15.78,15.5,15.5,1947700.0,30508584.0,203134651.0,0.009588221361603146
2025-10-20,15.65,15.74,15.42,15.55,2137100.0,33196505.0,203134651.0,0.01052060783071422
2025-10-21,15.56,15.79,15.56,15.79,2215520.0,34763195.0,203134651.0,0.01090665718080762
2025-10-22,15.78,15.81,15.54,15.6,2515360.0,39428764.0,203134651.0,0.012382722433702363
2025-10-23,15.55,15.82,15.55,15.81,2247300.0,35269544.0,203134651.0,0.011063105132171664
2025-10-24,15.83,15.88,15.62,15.66,2329011.0,36598846.0,203134651.0,0.0114653555586634
2025-10-27,15.78,15.98,15.72,15.95,2902660.0,46030357.0,203134651.0,0.01428933953764491
2025-10-28,15.9,16.01,15.82,15.9,1803988.0,28715743.0,203134651.0,0.008880749744660747
2025-10-29,15.9,15.94,15.69,15.86,1998278.0,31596802.0,203134651.0,0.009837208916168615
2025-10-30,15.85,15.85,15.57,15.58,2975016.0,46574878.0,203134651.0,0.014645536767629074
2025-10-31,15.7,15.92,15.69,15.83,3750428.0,59428365.0,203134651.0,0.018462768324051224
2025-11-03,15.84,16.06,15.79,16.0,3856114.0,61451584.0,203134651.0,0.01898304391208962
2025-11-04,16.02,16.03,15.75,15.86,2536997.0,40298360.0,203134651.0,0.012489237988254402
2025-11-05,15.79,15.97,15.75,15.91,2259915.0,35902359.0,203134651.0,0.011125206796943767
2025-11-06,15.92,15.94,15.75,15.89,2339806.0,37103236.0,203134651.0,0.011518497649128311
2025-11-07,15.89,16.05,15.82,15.98,2264628.0,36160324.0,203134651.0,0.011148408156124974
2025-11-10,16.01,16.26,15.91,16.21,3118541.0,50325235.0,203134651.0,0.015352087812925625
2025-11-11,16.29,16.32,16.08,16.3,2432160.0,39462268.0,203134651.0,0.011973141893945017
2025-11-12,16.3,16.33,16.12,16.25,2207760.0,35801330.0,203134651.0,0.010868455918926406
2025-11-13,16.24,16.49,16.09,16.34,2831500.0,46099746.0,203134651.0,0.013939030027919757
2025-11-14,16.34,16.57,16.32,16.37,2997788.0,49234853.0,203134651.0,0.014757639749015544
2025-11-17,16.33,16.4,16.13,16.18,2559028.0,41505877.0,203134651.0,0.012597693142958657
2025-11-18,16.15,16.26,15.98,16.04,2395792.0,38486288.0,203134651.0,0.011794107938778008
2025-11-19,16.11,16.18,15.75,15.89,2669700.0,42440719.0,203134651.0,0.013142514026324341
2025-11-20,15.9,16.0,15.61,15.72,1890920.0,29763744.0,203134651.0,0.009308702334590862
2025-11-21,15.69,15.84,15.07,15.08,4034348.0,62051180.0,203134651.0,0.019860461915973165
2025-11-24,15.35,15.8,15.2,15.28,3599693.0,55574838.0,203134651.0,0.01772072358053772
2025-11-25,15.5,15.5,15.22,15.26,2698948.0,41313651.0,203134651.0,0.013286497339146731
2025-11-26,15.28,15.42,15.16,15.21,2209960.0,33752235.0,203134651.0,0.010879286173583452
2025-11-27,15.24,15.34,15.14,15.27,1790668.0,27299691.0,203134651.0,0.008815177475555365
2025-11-28,15.25,15.4,15.11,15.39,1572080.0,24005824.0,203134651.0,0.0077391030642034574
2025-12-01,15.4,15.5,15.31,15.33,1856480.0,28599441.0,203134651.0,0.009139159620777845
2025-12-02,15.35,15.38,15.17,15.24,1220800.0,18590940.0,203134651.0,0.006009806766054896
2025-12-03,15.24,15.35,15.03,15.11,1841100.0,27836918.0,203134651.0,0.009063446295039048
2025-12-04,15.11,15.15,14.86,14.92,2381480.0,35622802.0,203134651.0,0.011723652209390903
2025-12-05,14.9,14.99,14.79,14.96,1818547.0,27111177.0,203134651.0,0.008952421416275256
2025-12-08,15.0,15.05,14.86,14.95,2101333.0,31374760.0,203134651.0,0.010344532504205793
2025-12-09,14.96,15.06,14.7,14.73,3462080.0,51342477.0,203134651.0,0.017043276383210466
2025-12-10,14.72,14.81,14.65,14.74,1786689.0,26306510.0,203134651.0,0.00879558948315519
2025-12-11,14.75,14.82,14.6,14.61,2353105.0,34552372.0,203134651.0,0.01158396653853015
2025-12-12,14.62,14.68,14.46,14.49,2276800.0,33184448.0,203134651.0,0.011208329001436588
2025-12-15,14.45,14.74,14.43,14.57,2759871.0,40345583.0,203134651.0,0.013586411704815443
2025-12-16,14.59,14.68,14.39,14.4,2139112.0,30957590.0,203134651.0,0.01053051259088239
2025-12-17,15.16,15.18,14.43,14.57,4788192.0,70103835.0,203134651.0,0.023571517594012062
2025-12-18,14.5,14.7,14.39,14.62,2799749.0,40866274.0,203134651.0,0.013782724839003465
2025-12-19,14.61,14.79,14.56,14.79,2580338.0,37969089.0,203134651.0,0.012702598927841218
2025-12-22,14.74,14.8,14.63,14.66,2633385.0,38681206.0,203134651.0,0.012963740981837708
2025-12-23,14.61,14.72,14.42,14.45,2645821.0,38383763.0,203134651.0,0.013024961457708168
2025-12-24,14.45,14.5,14.41,14.49,2077760.0,30054389.0,203134651.0,0.010228486325555555
2025-12-25,14.49,14.54,14.44,14.51,2020320.0,29281288.0,203134651.0,0.009945718222146157
2025-12-26,14.5,14.6,14.45,14.53,2367377.0,34348744.0,203134651.0,0.011654225354196218
2025-12-29,14.57,14.73,14.55,14.7,3806244.0,55799503.0,203134651.0,0.01873754173038651
2025-12-30,14.7,14.83,14.62,14.69,3089740.0,45486081.0,203134651.0,0.015210305010935826
2025-12-31,14.68,14.77,14.49,14.57,2127600.0,31002086.0,201440035.0,0.010561952096563128
2026-01-05,14.57,14.63,14.51,14.59,2556940.0,37277673.0,201440035.0,0.012693305975646798
2026-01-06,14.61,14.73,14.58,14.72,2651056.0,38919270.0,201440035.0,0.013160521938948233
2026-01-07,14.73,14.85,14.65,14.67,2450733.0,36109575.0,201440035.0,0.01216606718719047
2026-01-08,14.67,14.77,14.61,14.72,2463073.0,36241991.0,201440035.0,0.012227326112210017
2026-01-09,14.76,14.8,14.67,14.75,2637829.0,38865648.0,201440035.0,0.013094859718426876
2026-01-12,14.76,14.8,14.72,14.79,3416748.0,50452475.0,201440035.0,0.016961613415128727
2026-01-13,14.83,14.91,14.72,14.73,4171637.0,61783865.0,201440035.0,0.020709076028506447
2026-01-14,14.73,14.81,14.52,14.64,4843214.0,71179466.0,201440035.0,0.02404295650564199
2026-01-15,14.64,14.78,14.6,14.65,2639720.0,38721647.0,201440035.0,0.01310424712743919
2026-01-16,14.65,14.67,14.5,14.52,3567101.0,51909250.0,201440035.0,0.017708004270352712
2026-01-19,14.53,14.74,14.51,14.74,3569692.0,52306034.0,201440035.0,0.017720866658904225
2026-01-20,14.74,14.9,14.67,14.78,3827298.0,56671320.0,201440035.0,0.018999688914867394
2026-01-21,14.73,14.85,14.67,14.84,2981224.0,44075931.0,201440035.0,0.0147995605739445
2026-01-22,14.9,14.92,14.79,14.86,2409520.0,35756149.0,201440035.0,0.011961475284692042
2026-01-23,14.92,14.92,14.83,14.91,2725140.0,40547269.0,201440035.0,0.01352829391635084
2026-01-26,14.91,15.15,14.91,15.09,4230000.0,63586570.0,201440035.0,0.02099880492971519
2026-01-27,15.09,15.09,14.6,14.79,4229200.0,62352868.0,201440035.0,0.020994833524527533
2026-01-28,14.79,15.1,14.73,14.94,4292400.0,64127424.0,201440035.0,0.021308574534352122
2026-01-29,14.87,15.2,14.75,15.2,5543947.0,83559217.0,201440035.0,0.027521574844841544
2026-01-30,15.18,15.52,15.11,15.31,7158504.0,109798137.0,201440035.0,0.03553664990179335
2026-02-02,15.0,15.33,14.83,14.91,5644376.0,85082673.0,201440035.0,0.028020130159330046
2026-02-03,14.92,15.02,14.61,14.78,4978852.0,73485647.0,201440035.0,0.024716298326695585
2026-02-04,15.0,15.05,14.81,14.99,3650686.0,54500483.0,201440035.0,0.018122941648615182
2026-02-05,14.98,15.16,14.92,14.96,3383887.0,50840215.0,201440035.0,0.016798482982789395
2026-02-06,14.9,15.12,14.84,15.04,3069044.0,46097982.0,201440035.0,0.015235521578419106
2026-02-09,15.12,15.17,15.03,15.13,3077960.0,46490437.0,201440035.0,0.015279782889235498
2026-02-10,15.13,15.16,14.94,14.95,2341836.0,35123628.0,201440035.0,0.01162547454879066
2026-02-11,14.92,14.99,14.89,14.96,1791517.0,26783423.0,201440035.0,0.008893549884460653
2026-02-12,14.99,14.99,14.72,14.75,2852260.0,42184612.0,201440035.0,0.0141593502006689
2026-02-13,14.75,14.81,14.56,14.59,2363534.0,34696160.0,201440035.0,0.011733188985992779
2026-02-24,14.65,14.69,14.55,14.65,1882413.0,27549000.0,201440035.0,0.009344780941881787
2026-02-25,14.68,15.01,14.64,14.85,3434096.0,50958333.0,201440035.0,0.017047733336622982
2026-02-26,14.86,14.91,14.7,14.75,2307120.0,34085176.0,201440035.0,0.01145313542067246
2026-02-27,14.7,14.98,14.7,14.97,3057844.0,45512456.0,201440035.0,0.015179921905791965
2026-03-02,14.83,15.07,14.66,14.69,3299332.0,48758328.0,201440035.0,0.016378730275736896
2026-03-03,14.7,14.92,14.61,14.66,3336241.0,49308182.0,201440035.0,0.01656195601832575
2026-03-04,14.6,14.74,14.44,14.52,3239712.0,47116068.0,201440035.0,0.016082761304127058
2026-03-05,14.78,14.78,14.35,14.39,3344700.0,48371102.0,201440035.0,0.016603948663928697
2026-03-06,14.3,15.04,14.28,15.01,6945652.0,102780498.0,201440035.0,0.03447999798054046
2026-03-09,15.01,15.2,14.89,14.91,4476404.0,67273165.0,201440035.0,0.022222017584538248
2026-03-10,14.91,15.16,14.87,15.07,3036764.0,45706079.0,201440035.0,0.015075275379097308
2026-03-11,15.08,15.11,14.88,15.1,2926392.0,43932802.0,201440035.0,0.014527360462382764
2026-03-12,15.11,15.25,14.98,15.12,3719216.0,56345533.0,201440035.0,0.018463142145502508
2026-03-13,15.12,15.38,14.95,14.99,4257912.0,64403348.0,201440035.0,0.021137367256712402
2026-03-16,15.02,15.25,14.99,15.08,2954409.0,44658412.0,201440035.0,0.014666444036310856
2026-03-17,15.08,15.3,14.87,14.91,3628340.0,54761626.0,201440035.0,0.018012010373211065
2026-03-18,15.02,15.04,14.62,14.75,3708080.0,54597960.0,201440035.0,0.01840786018529038
2026-03-19,14.62,14.88,14.56,14.6,3283040.0,48289848.0,201440035.0,0.016297852609090342
2026-03-20,14.64,14.68,14.19,14.2,4261668.0,61330145.0,201440035.0,0.02115601300406843
2026-03-23,14.01,14.06,13.23,13.32,6558508.0,88906509.0,201440035.0,0.03255811586807955
2026-03-24,13.5,13.58,13.18,13.49,3312560.0,44162080.0,201440035.0,0.016444397460514737
2026-03-25,13.5,13.66,13.35,13.59,3363356.0,45633909.0,201440035.0,0.016696561832904765
2026-03-26,13.6,13.72,13.37,13.39,3058764.0,41336522.0,201440035.0,0.015184489021757765
2026-03-27,13.26,13.62,13.25,13.6,3414993.0,46052969.0,201440035.0,0.01695290114499831
2026-03-30,13.42,13.67,13.35,13.54,3053560.0,41375484.0,201440035.0,0.015158655031012082
2026-03-31,13.54,13.68,13.14,13.16,4462500.0,59728803.0,201440035.0,0.02215299456237684
2026-04-01,13.31,13.34,13.15,13.23,3464352.0,45833240.0,201440035.0,0.017197931880820017
2026-04-02,13.23,13.52,13.13,13.17,7061551.0,93887891.0,201440035.0,0.0350553503428452
2026-04-03,13.15,13.18,12.47,12.51,7281860.0,92447214.0,201440035.0,0.03614902072470351
2026-04-07,12.44,13.2,12.36,13.11,10854300.0,139291362.0,201440035.0,0.053883529160427324
2026-04-08,13.11,13.26,12.95,13.13,8824860.0,115705982.0,201440035.0,0.043808868480389215
2026-04-09,13.01,13.13,12.66,12.75,6629820.0,85048992.0,201440035.0,0.03291212692650694
2026-04-10,12.85,12.9,12.63,12.7,5637552.0,71764599.0,201440035.0,0.027986254073079364
2026-04-13,12.69,12.95,12.6,12.92,7618796.0,97632444.0,201440035.0,0.037821657447587316
2026-04-14,12.92,13.63,12.81,13.48,12866943.0,171272860.0,201440035.0,0.06387480522429417
2026-04-15,13.49,13.79,13.2,13.54,9413192.0,126436829.0,201440035.0,0.046729499426467036
2026-04-16,13.66,13.7,13.35,13.5,6614800.0,89175405.0,201440035.0,0.03283756379410875
2026-04-17,13.4,13.42,13.13,13.22,6044516.0,79879116.0,201440035.0,0.03000652774906438
2026-04-20,13.38,13.45,13.05,13.24,6806412.0,89887485.0,201440035.0,0.03378877490762946
2026-04-21,13.15,13.3,13.06,13.13,4743104.0,62265768.0,201440035.0,0.023545984788972064
2026-04-22,13.11,13.42,13.05,13.11,7179492.0,94823757.0,201440035.0,0.03564083971689143
2026-04-23,13.08,13.19,12.79,13.0,6101456.0,79156519.0,201440035.0,0.030289192513295583
2026-04-24,12.98,12.99,12.75,12.81,3996000.0,51230379.0,201440035.0,0.01983716891232669
2026-04-27,12.78,12.8,12.57,12.66,3788660.0,47964911.0,201440035.0,0.018807879972816726
2026-04-28,12.7,13.03,12.66,12.96,5856760.0,75225493.0,201440035.0,0.029074458808548163
2026-04-29,12.9,13.4,12.9,13.22,7138310.0,94471623.0,201440035.0,0.035436401706344024
2026-04-30,13.22,13.45,13.13,13.23,4458947.0,59142207.0,201440035.0,0.022135356559087174
2026-05-06,13.3,13.66,13.19,13.41,5169420.0,69436092.0,201440035.0,0.025662326756446405
2026-05-07,13.4,13.42,13.16,13.17,3770300.0,49961606.0,201440035.0,0.018716736223760088
2026-05-08,13.18,13.27,13.11,13.18,2880296.0,37924530.0,201440035.0,0.014298528095470197
2026-05-11,13.2,13.47,13.09,13.37,5431479.0,72329901.0,201440035.0,0.026963254846535348
2026-05-12,13.37,13.37,12.85,12.88,6291200.0,81784898.0,201440035.0,0.03123113039570312
2026-05-13,12.89,12.98,12.74,12.82,3374052.0,43179861.0,201440035.0,0.016749659520263686
2026-05-14,12.83,13.34,12.76,13.08,7739620.0,101327158.0,201440035.0,0.03842145877307855
2026-05-15,13.29,13.31,12.85,12.93,5800760.0,75283696.0,201440035.0,0.028796460445412453
2026-05-18,12.85,13.1,12.51,12.67,5506906.0,69680955.0,201440035.0,0.027337693820396726
2026-05-19,12.68,12.91,12.55,12.87,4291487.0,54650025.0,201440035.0,0.021304042168181714
2026-05-20,12.81,12.86,12.6,12.65,2790924.0,35348444.0,201440035.0,0.013854862564931543
2026-05-21,12.65,12.77,12.36,12.41,3895852.0,49109443.0,201440035.0,0.019340008553910347
2026-05-22,12.47,12.52,12.23,12.3,2887128.0,35582270.0,201440035.0,0.014332443895772755
2026-05-25,12.29,12.37,12.19,12.36,2356520.0,28926171.0,201440035.0,0.011698369691010032
2026-05-26,12.32,12.35,12.16,12.23,2716979.0,33241578.0,201440035.0,0.013487780619180293
2026-05-27,12.2,12.25,11.82,11.92,3011176.0,36062637.0,201440035.0,0.014948249984170226
2026-05-28,11.93,12.0,11.58,11.7,2980293.0,35003517.0,201440035.0,0.014794938851157367
2026-05-29,11.68,11.85,11.6,11.76,2493873.0,29283038.0,201440035.0,0.012380225211934659
2026-06-01,11.72,12.03,11.61,12.0,2444270.0,29112233.0,201440035.0,0.012133983197530718
2026-06-02,12.0,12.0,11.5,11.61,3115820.0,36406999.0,201440035.0,0.015467729639741176
2026-06-03,11.67,11.71,11.45,11.51,2258876.0,25993934.0,201440035.0,0.011213639830831046
2026-06-04,11.48,11.59,11.12,11.18,2713544.0,30663494.0,201440035.0,0.013470728398155808
2026-06-05,11.22,11.35,11.13,11.26,1849168.0,20799663.0,201440035.0,0.009179744235052382
2026-06-08,11.09,11.4,10.89,11.0,3153320.0,34928663.0,201440035.0,0.01565388925791241
2026-06-09,11.05,11.17,10.93,11.1,1655999.0,18312119.0,201440035.0,0.008220803774185206
2026-06-10,11.03,11.31,11.01,11.19,2256720.0,25214978.0,201440035.0,0.011202936893850322
2026-06-11,11.11,11.21,10.96,11.04,2087800.0,23064833.0,201440035.0,0.010364374688477392
2026-06-12,11.15,11.24,10.96,11.21,2256593.0,25118775.0,201440035.0,0.011202306433276781
2026-06-15,11.25,11.45,11.13,11.26,2388140.0,26880625.0,201440035.0,0.011855339481052017
2026-06-16,11.3,11.3,11.02,11.22,1666568.0,18512672.0,201440035.0,0.008273271000970587
2026-06-17,11.24,11.24,10.84,10.87,2545240.0,27846346.0,201440035.0,0.012635224174777372
2026-06-18,10.82,10.92,10.59,10.64,2371368.0,25347677.0,201440035.0,0.01177207897129287
2026-06-22,10.6,10.78,10.36,10.76,3074046.0,32364576.0,201440035.0,0.015260352789354906
2026-06-23,10.7,11.09,10.7,10.92,3249674.0,35639186.0,201440035.0,0.016132215227226306
2026-06-24,10.92,10.92,10.51,10.55,2412096.0,25649037.0,201440035.0,0.011974263209396286
2026-06-25,10.53,10.54,10.26,10.43,2334260.0,24265619.0,201440035.0,0.011587865341663587
2026-06-26,10.42,10.69,10.25,10.42,3214063.0,33712499.0,201440035.0,0.015955433089554417
2026-06-29,10.46,11.15,10.26,10.9,4893970.0,52561815.0,201440035.0,0.024294922307772634
2026-06-30,10.88,11.03,10.65,10.86,2275236.0,24654385.0,212507395.0,0.010706620350788263
2026-07-01,10.83,11.63,10.8,11.42,5287004.0,59716335.0,212507395.0,0.024879153029004
2026-07-02,11.4,11.57,11.31,11.43,3279602.0,37519409.0,212507395.0,0.015432884112103487
2026-07-03,11.5,11.58,11.21,11.44,2533980.0,28809742.0,212507395.0,0.01192419680265715
2026-07-06,11.52,12.03,11.52,11.7,4301820.0,50513422.0,212507395.0,0.020243154361757623
2026-07-07,11.66,11.74,11.52,11.55,3533836.0,41058489.0,212507395.0,0.01662923777311373
2026-07-08,11.58,11.81,11.32,11.47,2936250.0,33953472.0,212507395.0,0.013817166221439024
2026-07-09,11.59,11.73,11.35,11.5,2424392.0,28028942.0,212507395.0,0.011408506513385099
2026-07-10,11.55,11.91,11.4,11.75,3252040.0,38194959.0,212507395.0,0.015303185096217475
2026-07-13,11.71,11.98,11.55,11.78,3576488.0,41917168.0,212507395.0,0.016829946082582207
2026-07-14,11.78,11.78,11.52,11.66,2875732.0,33351641.0,212507395.0,0.013532385543571319
2026-07-15,11.58,11.95,11.46,11.81,3486620.0,41210202.0,212507395.0,0.01640705256398254
2026-07-16,11.86,12.06,11.8,11.95,3705073.0,44278557.0,212507395.0,0.017435030907983224
2026-07-17,11.92,12.03,11.55,11.78,4239551.0,49922212.0,212507395.0,0.01995013397063194
2026-07-20,11.77,11.83,11.5,11.57,3917092.0,45755686.0,212507395.0,0.01843273265855054
2026-07-21,11.57,11.61,10.96,11.09,6117663.0,68467196.0,212507395.0,0.028788000530522714
2026-07-22,11.09,11.23,10.99,11.13,2426240.0,26908213.0,212507395.0,0.011417202681346689
2026-07-23,11.12,11.27,10.99,11.27,2128658.0,23714111.0,212507395.0,0.01001686553072659
2026-07-24,11.18,11.35,10.97,10.98,2057420.0,22746446.0,212507395.0,0.009681639549531912
2026-07-27,10.89,11.18,10.87,11.16,1662640.0,18463650.0,212507395.0,0.007823915963018605
2026-07-28,11.06,11.3,11.04,11.13,1758372.0,19665523.0,212507395.0,0.008274403815453104
2026-07-29,11.27,11.29,11.05,11.26,2268032.0,25458380.0,212507395.0,0.010672720354037562
2026-07-30,11.25,11.47,11.1,11.2,3604700.0,40685159.0,212507395.0,0.016962703815554276
2026-07-31,11.12,11.33,11.11,11.32,2714596.0,30519730.0,212507395.0,0.012774124872219152
2026-08-03,11.35,11.48,11.28,11.42,2490240.0,28396481.0,212507395.0,0.011718368671358472
2026-08-04,11.46,11.49,11.3,11.37,2667600.0,30297490.0,212507395.0,0.012552974921178626
2026-08-05,11.34,11.49,11.29,11.4,3189313.0,36334511.0,212507395.0,0.015008009485975771
2026-08-06,11.43,11.55,11.31,11.52,3360303.0,38432727.0,212507395.0,0.015812640308352565
2026-08-07,11.58,11.6,11.36,11.46,2379336.0,27253590.0,212507395.0,0.011196485656416804
2026-08-10,11.55,11.93,11.5,11.93,5195510.0,61361633.0,212507395.0,0.024448608011970595
2026-08-11,11.87,12.0,11.79,11.85,2898496.0,34507039.0,212507395.0,0.013639506521643635
2026-08-12,11.86,11.9,11.69,11.83,2467536.0,29125171.0,212507395.0,0.011611530036401791
2026-08-13,11.8,11.94,11.66,11.85,2637164.0,31099035.0,212507395.0,0.012409751670053646
2026-08-14,11.89,11.92,11.67,11.76,2238880.0,26348870.0,212507395.0,0.010535539245587195
2026-08-17,11.78,11.99,11.73,11.9,2574160.0,30618275.0,212507395.0,0.012113272575761422
2026-08-18,11.9,12.16,11.8,12.07,3966920.0,47881046.0,212507395.0,0.01866720920464909
2026-08-19,12.07,12.15,11.69,11.71,3724600.0,44119539.0,212507395.0,0.017526919474966977
2026-08-20,11.7,12.05,11.7,12.0,3511860.0,41830970.0,212507395.0,0.016525824901293434
2026-08-21,11.98,11.98,11.74,11.86,2442340.0,28934238.0,212507395.0,0.011492964750709028
2026-08-24,11.86,11.88,11.64,11.81,2201325.0,25852662.0,212507395.0,0.010358815983792
2026-08-25,11.86,12.07,11.76,12.05,3053080.0,36641354.0,212507395.0,0.014366935324768345
2026-08-26,11.98,12.19,11.95,12.13,2743310.0,33204236.0,212507395.0,0.012909244875925376
2026-08-27,12.15,12.25,12.02,12.2,2522325.0,30602233.0,212507395.0,0.011869351652444848
2026-08-28,12.2,12.37,12.15,12.37,2846904.0,34918923.0,212507395.0,0.013396729087945387
2026-08-31,12.28,12.9,12.25,12.54,6674277.0,84108460.0,212507395.0,0.031407269379966754
2026-09-01,12.45,12.75,12.45,12.47,5184040.0,65341573.0,212507395.0,0.02439463341969817
2026-09-02,12.43,12.51,12.28,12.32,3341040.0,41343122.0,212507395.0,0.01572199405107761
2026-09-03,12.45,12.47,12.17,12.24,2179700.0,26730118.0,212507395.0,0.010257054819198174
2026-09-04,12.3,13.07,12.17,12.84,8307304.0,106334493.0,212507395.0,0.039091834898263185
2026-09-07,12.85,13.15,12.85,13.09,10178118.0,132452945.0,212507395.0,0.04789535912385543
2026-09-08,13.29,13.57,13.05,13.48,9814939.0,131398705.0,212507395.0,0.04618634095062903
2026-09-09,13.81,14.73,13.71,13.88,16510094.0,231562738.0,212507395.0,0.07769185632339995
2026-09-10,13.88,13.96,13.43,13.43,8589272.0,116788974.0,212507395.0,0.0404186969587576
2026-09-11,13.41,13.83,13.22,13.55,8625815.0,116621442.0,212507395.0,0.04059065803333573
2026-09-14,13.77,14.0,13.62,13.71,6496680.0,89644226.0,212507395.0,0.030571547874839837
2026-09-15,13.82,14.79,13.76,14.08,9776372.0,139382401.0,212507395.0,0.04600485550161678
2026-09-16,14.2,14.69,13.63,13.75,14849858.0,210499099.0,212507395.0,0.06987925290788116
2026-09-17,13.87,14.56,13.7,14.43,10810000.0,152506621.0,212507395.0,0.0508688180004277
2026-09-18,14.15,14.99,13.98,14.62,13617205.0,200233105.0,212507395.0,0.0640787347659125
2026-09-21,14.88,16.08,14.55,16.08,16774209.0,260695826.0,212507395.0,0.07893470718983685
2026-09-22,16.0,16.48,15.81,16.3,15994813.0,258916122.0,212507395.0,0.07526708894059898
2026-09-23,16.36,16.68,15.92,16.02,11609612.0,189267202.0,212507395.0,0.05463156705676054
2026-09-24,15.93,16.0,14.51,14.66,15420712.0,231727497.0,212507395.0,0.07256553119010282
