date,open,high,low,close,volume,amount,outstanding_share,turnover
2021-01-04,3.95,4.15,3.93,4.11,19294051.0,78578967.0,681461969.0,0.028312733325841694
2021-01-05,4.11,4.29,4.06,4.2,25171665.0,106243371.0,681461969.0,0.036937739954788294
2021-01-06,4.15,4.24,3.99,4.01,21336029.0,86608376.0,681461969.0,0.0313091998828771
2021-01-07,3.99,4.41,3.98,4.41,32286852.0,139745215.0,681461969.0,0.04737880244055116
2021-01-08,4.28,4.3,4.05,4.18,37120710.0,154211230.0,681461969.0,0.054472166736571036
2021-01-11,4.16,4.17,3.81,3.85,27531100.0,108589358.0,681461969.0,0.04040005349146637
2021-01-12,3.76,3.96,3.74,3.88,13603130.0,52554032.0,681461969.0,0.01996168622580903
2021-01-13,3.87,3.9,3.76,3.79,11578417.0,44039687.0,681461969.0,0.01699055490505296
2021-01-14,3.75,3.75,3.6,3.62,13358513.0,48598356.0,681461969.0,0.019602727089235408
2021-01-15,3.61,3.79,3.61,3.73,10522447.0,39153357.0,681461969.0,0.015440989341549007
2021-01-18,3.67,3.86,3.67,3.79,10370800.0,39347875.0,681461969.0,0.015218457480787163
2021-01-19,3.78,3.84,3.74,3.8,7923647.0,29991152.0,681461969.0,0.011627423628096845
2021-01-20,3.82,3.82,3.7,3.74,6416200.0,23969233.0,681461969.0,0.009415345671329753
2021-01-21,3.73,3.84,3.68,3.79,8754385.0,33015267.0,681461969.0,0.012846476249946092
2021-01-22,3.71,3.75,3.65,3.67,9014813.0,33122066.0,681461969.0,0.013228636974750971
2021-01-25,3.6,3.74,3.5,3.6,10819168.0,39071675.0,681461969.0,0.0158764076238567
2021-01-26,3.57,3.62,3.48,3.5,7678015.0,27302360.0,681461969.0,0.011266975046702862
2021-01-27,3.5,3.5,3.36,3.4,11231522.0,38189597.0,681461969.0,0.01648150962331986
2021-01-28,3.35,3.45,3.34,3.36,5882833.0,19965624.0,681461969.0,0.008632665163446561
2021-01-29,3.34,3.39,3.2,3.23,10044204.0,32726619.0,681461969.0,0.014739199628027957
2021-02-01,3.27,3.52,3.24,3.41,11682104.0,39503587.0,681461969.0,0.0171427086637611
2021-02-02,3.39,3.56,3.36,3.41,9571253.0,33103754.0,681461969.0,0.014045175571639274
2021-02-03,3.45,3.65,3.41,3.53,15934450.0,56834314.0,681461969.0,0.023382742874679775
2021-02-04,3.45,3.5,3.3,3.36,11392002.0,38385883.0,681461969.0,0.016717003322602144
2021-02-05,3.34,3.4,3.22,3.28,7230950.0,23830039.0,681461969.0,0.010610936969250005
2021-02-08,3.29,3.56,3.2,3.45,11144254.0,37701022.0,681461969.0,0.016353449652301875
2021-02-09,3.41,3.49,3.35,3.4,7336704.0,25045443.0,681461969.0,0.010766123912631726
2021-02-10,3.38,3.42,3.33,3.36,6488007.0,21892894.0,681461969.0,0.009520717655778674
2021-02-18,3.39,3.47,3.39,3.45,7408548.0,25483135.0,681461969.0,0.010871550192113508
2021-02-19,3.46,3.65,3.44,3.62,11128725.0,39685045.0,681461969.0,0.016330661880267012
2021-02-22,3.65,3.78,3.63,3.68,16018470.0,59424302.0,681461969.0,0.023506036622272606
2021-02-23,3.65,3.67,3.52,3.54,10006700.0,35764415.0,681461969.0,0.014684165008773953
2021-02-24,3.52,3.59,3.49,3.55,6645757.0,23515770.0,681461969.0,0.009752205262095852
2021-02-25,3.56,3.56,3.47,3.49,6036750.0,21085317.0,681461969.0,0.008858528097846059
2021-02-26,3.45,3.74,3.39,3.62,11514187.0,41124440.0,681461969.0,0.016896301662873866
2021-03-01,3.6,3.68,3.55,3.64,8636833.0,31246998.0,681461969.0,0.01267397652824849
2021-03-02,3.65,3.66,3.53,3.55,6654987.0,23711532.0,681461969.0,0.009765749671644551
2021-03-03,3.52,3.61,3.52,3.57,6028856.0,21607761.0,681461969.0,0.008846944179213617
2021-03-04,3.57,3.62,3.55,3.58,6985490.0,25035461.0,681461969.0,0.010250740786387156
2021-03-05,3.58,3.75,3.57,3.67,11903000.0,43801827.0,681461969.0,0.017466858814537894
2021-03-08,3.65,3.69,3.58,3.6,9404746.0,34118733.0,681461969.0,0.013800837651734017
2021-03-09,3.56,3.58,3.4,3.47,8688706.0,30250391.0,681461969.0,0.012750096696885517
2021-03-10,3.49,3.55,3.4,3.43,5448663.0,18814502.0,681461969.0,0.007995549638662227
2021-03-11,3.43,3.51,3.38,3.5,6046070.0,20935077.0,681461969.0,0.00887220457639361
2021-03-12,3.46,3.85,3.46,3.71,26742556.0,99128051.0,681461969.0,0.039242917751144524
2021-03-15,3.6,3.85,3.48,3.77,25078589.0,92579753.0,681461969.0,0.03680115713104454
2021-03-16,3.68,3.77,3.66,3.71,12345915.0,45846458.0,681461969.0,0.01811680704371046
2021-03-17,3.74,3.99,3.72,3.88,27749551.0,107699094.0,681461969.0,0.040720615767774415
2021-03-18,3.8,3.96,3.72,3.89,20727344.0,79567212.0,681461969.0,0.030415995232156528
2021-03-19,3.83,3.94,3.72,3.83,15434329.0,58756829.0,681461969.0,0.022648848654971677
2021-03-22,3.84,3.99,3.76,3.92,18923123.0,73377021.0,681461969.0,0.02776842121911575
2021-03-23,3.87,3.96,3.8,3.82,13707900.0,52939848.0,681461969.0,0.02011542921480333
2021-03-24,3.82,3.83,3.73,3.74,10308250.0,38816363.0,681461969.0,0.015126669526586596
2021-03-25,3.74,3.98,3.72,3.83,18316863.0,70361422.0,681461969.0,0.026878775094197515
2021-03-26,3.75,4.08,3.73,3.91,19056150.0,74533029.0,681461969.0,0.027963629471448904
2021-03-29,3.85,3.88,3.79,3.84,12228700.0,46832067.0,681461969.0,0.017944801847041884
2021-03-30,3.84,3.84,3.73,3.73,7878255.0,29568250.0,681461969.0,0.011560813894810321
2021-03-31,3.76,3.77,3.67,3.68,5822100.0,21498089.0,681461969.0,0.008543543535589438
2021-04-01,3.68,3.7,3.62,3.67,5605800.0,20497555.0,681461969.0,0.008226137708353905
2021-04-02,3.72,3.72,3.63,3.64,5781400.0,21151259.0,681461969.0,0.008483818999442946
2021-04-06,3.66,3.72,3.64,3.71,6046700.0,22287258.0,681461969.0,0.008873129059385558
2021-04-07,3.7,3.76,3.65,3.72,6058700.0,22454485.0,681461969.0,0.008890738259232188
2021-04-08,3.72,3.72,3.65,3.65,6173800.0,22699152.0,681461969.0,0.009059639834427795
2021-04-09,3.65,3.83,3.63,3.76,13311146.0,49725113.0,681461969.0,0.01953321917514079
2021-04-12,3.92,4.14,3.81,3.83,25792236.0,101630466.0,681461969.0,0.03784838651795695
2021-04-13,3.76,4.21,3.76,4.21,71980451.0,298800076.0,681461969.0,0.10562651222580552
2021-04-14,4.16,4.16,3.9,4.04,57860652.0,232821873.0,681461969.0,0.08490664869369988
2021-04-15,3.83,3.92,3.64,3.68,45555653.0,169930767.0,681461969.0,0.06684988315173315
2021-04-16,3.62,3.77,3.58,3.75,26797780.0,98972460.0,681461969.0,0.039323955288838724
2021-04-19,3.71,3.75,3.66,3.7,16932451.0,62757320.0,681461969.0,0.024847242796024616
2021-04-20,3.71,3.74,3.67,3.71,11458045.0,42457477.0,681461969.0,0.016813917021391404
2021-04-21,3.68,3.7,3.63,3.66,9512150.0,34819494.0,681461969.0,0.013958445860094652
2021-04-22,3.64,3.67,3.6,3.61,10318801.0,37391622.0,681461969.0,0.015142152415551747
2021-04-23,3.59,3.61,3.43,3.45,16808100.0,58583442.0,681461969.0,0.024664765995180575
2021-04-26,3.45,3.51,3.45,3.46,7176200.0,24962438.0,681461969.0,0.010530594994949748
2021-04-27,3.46,3.46,3.36,3.4,5836615.0,19832913.0,681461969.0,0.00856484333023726
2021-04-28,3.41,3.42,3.28,3.37,13361052.0,44583194.0,681461969.0,0.019606452902436292
2021-04-29,3.31,3.4,3.31,3.35,4793216.0,16097272.0,681461969.0,0.007033724871005971
2021-04-30,3.39,3.39,3.32,3.35,4402000.0,14737326.0,681461969.0,0.006459641477072655
2021-05-06,3.36,3.4,3.35,3.39,5523250.0,18697211.0,681461969.0,0.008105001087742286
2021-05-07,3.42,3.42,3.36,3.4,4892100.0,16539120.0,681461969.0,0.007178830547475497
2021-05-10,3.42,3.46,3.38,3.43,6125608.0,20940044.0,681461969.0,0.008988921287843725
2021-05-11,3.41,3.59,3.39,3.51,10252067.0,35784996.0,681461969.0,0.015044224720337989
2021-05-12,3.43,3.49,3.37,3.46,8770471.0,30031275.0,681461969.0,0.012870081382340502
2021-05-13,3.42,3.42,3.39,3.4,5486150.0,18666526.0,681461969.0,0.008050559311549783
2021-05-14,3.4,3.41,3.38,3.4,4878500.0,16561039.0,681461969.0,0.007158873454315981
2021-05-17,3.4,3.4,3.35,3.36,5535004.0,18617085.0,681461969.0,0.008122249298992062
2021-05-18,3.34,3.39,3.33,3.38,3494916.0,11790511.0,681461969.0,0.005128556190932498
2021-05-19,3.39,3.39,3.35,3.36,3606226.0,12127024.0,681461969.0,0.0052918961938432105
2021-05-20,3.35,3.36,3.31,3.32,4766900.0,15831317.0,681461969.0,0.006995107895742308
2021-05-21,3.33,3.39,3.31,3.38,5392407.0,18078024.0,681461969.0,0.00791299770978122
2021-05-24,3.38,3.54,3.35,3.52,16578261.0,57257392.0,681461969.0,0.02432749258821808
2021-05-25,3.48,3.49,3.42,3.44,10277137.0,35355251.0,681461969.0,0.015081013273684243
2021-05-26,3.45,3.78,3.43,3.7,47696314.0,174506139.0,681461969.0,0.06999116043114066
2021-05-27,3.6,3.67,3.53,3.58,31234341.0,111967683.0,681461969.0,0.045834312728902996
2021-05-28,3.58,3.7,3.53,3.59,19771001.0,71389428.0,681461969.0,0.02901262564807927
2021-05-31,3.58,3.72,3.51,3.61,14494102.0,52462669.0,681461969.0,0.021269128226288445
2021-06-01,3.56,3.64,3.53,3.57,12587424.0,44955680.0,681461969.0,0.018471205397523806
2021-06-02,3.55,3.61,3.54,3.55,9564803.0,34116717.0,681461969.0,0.014035710626721709
2021-06-03,3.57,3.7,3.54,3.56,12588505.0,45488146.0,681461969.0,0.018472791692943323
2021-06-04,3.54,3.67,3.52,3.6,13662751.0,49278561.0,681461969.0,0.020049176067813698
2021-06-07,3.6,3.61,3.52,3.54,10095605.0,35844214.0,681461969.0,0.014814627168137683
2021-06-08,3.53,3.53,3.42,3.44,11535700.0,40051796.0,681461969.0,0.016927870555898915
2021-06-09,3.45,3.56,3.44,3.53,9799801.0,34352159.0,681461969.0,0.014380554522184934
2021-06-10,3.52,3.52,3.43,3.47,8942501.0,30991175.0,681461969.0,0.013122523936475169
2021-06-11,3.47,3.48,3.43,3.43,5763501.0,19851345.0,681461969.0,0.008457553410438376
2021-06-15,3.42,3.46,3.35,3.37,7275100.0,24797918.0,681461969.0,0.010675724150352402
2021-06-16,3.36,3.39,3.35,3.37,4276900.0,14412090.0,681461969.0,0.006276065568671522
2021-06-17,3.37,3.43,3.34,3.39,4325551.0,14654165.0,681461969.0,0.006347457667149728
2021-06-18,3.39,3.45,3.36,3.45,4951152.0,16917278.0,681461969.0,0.00726548541992077
2021-06-21,3.45,3.46,3.41,3.42,3719500.0,12753497.0,681461969.0,0.005458118235795489
2021-06-22,3.42,3.47,3.4,3.46,4670051.0,16090313.0,681461969.0,0.006852988446080107
2021-06-23,3.45,3.45,3.41,3.42,3850803.0,13183806.0,681461969.0,0.00565079663308401
2021-06-24,3.42,3.46,3.37,3.44,6024700.0,20538786.0,681461969.0,0.0088408455263334
2021-06-25,3.42,3.44,3.39,3.41,4021101.0,13709303.0,681461969.0,0.005900697592707481
2021-06-28,3.42,3.48,3.41,3.46,7733051.0,26716584.0,681461969.0,0.011347736706932798
2021-06-29,3.45,3.45,3.39,3.4,4894300.0,16694520.0,681461969.0,0.007182058900780713
2021-06-30,3.38,3.43,3.38,3.4,3316351.0,11267485.0,688841131.0,0.004814391665587112
2021-07-01,3.41,3.41,3.32,3.33,5218051.0,17528454.0,688841131.0,0.007575115313490187
2021-07-02,3.35,3.36,3.25,3.29,5735250.0,18932221.0,688841131.0,0.008325940107081091
2021-07-05,3.3,3.46,3.26,3.35,5782764.0,19426968.0,688841131.0,0.008394916824442645
2021-07-06,3.33,3.46,3.32,3.39,7031462.0,23919478.0,688841131.0,0.0102076686242477
2021-07-07,3.32,3.4,3.32,3.36,4422804.0,14905430.0,688841131.0,0.006420644472230274
2021-07-08,3.38,3.45,3.38,3.41,7471762.0,25555471.0,688841131.0,0.01084685809796686
2021-07-09,3.39,3.42,3.36,3.41,4804204.0,16294099.0,688841131.0,0.006974328018168241
2021-07-12,3.4,3.44,3.38,3.39,4369659.0,14859000.0,688841131.0,0.006343493155898671
2021-07-13,3.39,3.4,3.36,3.38,4390308.0,14807418.0,688841131.0,0.006373469588882607
2021-07-14,3.36,3.37,3.28,3.3,7581651.0,25090725.0,688841131.0,0.01100638544767734
2021-07-15,3.32,3.32,3.26,3.28,4045304.0,13268445.0,688841131.0,0.005872622609116528
2021-07-16,3.28,3.3,3.26,3.28,3199713.0,10505973.0,688841131.0,0.004645066701163639
2021-07-19,3.28,3.35,3.26,3.33,4614054.0,15250371.0,688841131.0,0.006698284687648827
2021-07-20,3.31,3.33,3.27,3.29,3071965.0,10110330.0,688841131.0,0.004459613199258858
2021-07-21,3.29,3.31,3.27,3.28,2949600.0,9697514.0,688841131.0,0.004281974271365047
2021-07-22,3.28,3.3,3.26,3.27,3503001.0,11460678.0,688841131.0,0.005085353998700174
2021-07-23,3.27,3.29,3.25,3.27,3478950.0,11362345.0,688841131.0,0.005050438836237263
2021-07-26,3.26,3.26,3.14,3.17,5784000.0,18488162.0,688841131.0,0.00839671114238386
2021-07-27,3.17,3.19,3.13,3.14,3543001.0,11192283.0,688841131.0,0.00514342254048706
2021-07-28,3.12,3.13,2.95,2.98,6855100.0,20509454.0,688841131.0,0.009951641520082226
2021-07-29,2.97,3.02,2.95,2.99,4158234.0,12414120.0,688841131.0,0.006036564619716357
2021-07-30,2.98,3.01,2.93,2.97,3277296.0,9747445.0,688841131.0,0.00475769499309994
2021-08-02,2.97,3.15,2.96,3.08,6586436.0,20201396.0,688841131.0,0.009561618352316422
2021-08-03,3.08,3.13,3.04,3.1,4958256.0,15350796.0,688841131.0,0.007197967393152079
2021-08-04,3.1,3.1,3.04,3.04,4554340.0,13903457.0,688841131.0,0.006611597065042273
2021-08-05,3.04,3.05,2.99,3.0,4862582.0,14648046.0,688841131.0,0.007059076151479114
2021-08-06,3.0,3.03,2.96,2.99,3324003.0,9955380.0,688841131.0,0.004825500177630944
2021-08-09,3.0,3.09,3.0,3.02,8227224.0,25003579.0,688841131.0,0.011943572515851989
2021-08-10,3.02,3.05,3.0,3.03,6533473.0,19794413.0,688841131.0,0.009484731247849949
2021-08-11,3.03,3.04,3.0,3.03,5051151.0,15264986.0,688841131.0,0.0073328243228844014
2021-08-12,3.02,3.07,2.98,2.99,8279200.0,24962008.0,688841131.0,0.01201902677904987
2021-08-13,2.99,3.0,2.94,2.97,8920401.0,26422675.0,688841131.0,0.012949866955607214
2021-08-16,2.97,3.02,2.96,2.98,7479177.0,22341815.0,688841131.0,0.010857622553900603
2021-08-17,2.97,2.98,2.91,2.92,7841186.0,23080964.0,688841131.0,0.011383155922493832
2021-08-18,2.92,2.94,2.9,2.93,4286213.0,12514141.0,688841131.0,0.006222353467449957
2021-08-19,2.92,2.94,2.9,2.9,4647300.0,13535798.0,688841131.0,0.0067465483561549985
2021-08-20,2.9,2.9,2.83,2.85,6222850.0,17749903.0,688841131.0,0.009033795631463244
2021-08-23,2.83,2.91,2.83,2.88,5306400.0,15274220.0,688841131.0,0.007703372753448429
2021-08-24,2.9,2.92,2.88,2.91,5644900.0,16415533.0,688841131.0,0.00819477778831996
2021-08-25,2.92,3.16,2.91,3.06,21005757.0,64145666.0,688841131.0,0.03049434195299235
2021-08-26,3.01,3.1,2.95,3.04,13645350.0,41017172.0,688841131.0,0.01980913941679246
2021-08-27,3.01,3.04,2.97,3.0,6242500.0,18703187.0,688841131.0,0.009062321802616052
2021-08-30,3.0,3.04,2.96,2.98,6681200.0,19971734.0,688841131.0,0.009699188534663734
2021-08-31,2.97,3.0,2.95,2.98,5892453.0,17497367.0,688841131.0,0.008554153831444191
2021-09-01,2.98,3.04,2.95,3.03,9080100.0,27186073.0,688841131.0,0.013181704156977815
2021-09-02,3.02,3.04,2.99,3.03,5594400.0,16810435.0,688841131.0,0.008121466254314015
2021-09-03,3.02,3.05,3.01,3.02,5845006.0,17674467.0,688841131.0,0.00848527437889013
2021-09-06,3.02,3.03,3.0,3.02,4109415.0,12394254.0,688841131.0,0.0059656934161790055
2021-09-07,3.03,3.06,3.01,3.04,6264167.0,19063348.0,688841131.0,0.009093776079988463
2021-09-08,3.04,3.14,3.04,3.11,10507346.0,32525307.0,688841131.0,0.015253656506756998
2021-09-09,3.1,3.19,3.09,3.14,10620623.0,33434950.0,688841131.0,0.015418102261956829
2021-09-10,3.17,3.17,3.1,3.1,6313765.0,19746955.0,688841131.0,0.009165778168377114
2021-09-13,3.1,3.13,3.08,3.13,6741572.0,20950542.0,688841131.0,0.009786831384782684
2021-09-14,3.13,3.18,3.07,3.09,8887551.0,27808609.0,688841131.0,0.012902178165664732
2021-09-15,3.09,3.11,3.05,3.1,6675806.0,20539462.0,688841131.0,0.009691357991803774
2021-09-16,3.11,3.25,3.11,3.17,19504700.0,62287437.0,688841131.0,0.02831523717476737
2021-09-17,3.17,3.22,3.05,3.1,12402351.0,38560002.0,688841131.0,0.018004660932478492
2021-09-22,3.09,3.12,3.04,3.08,5557201.0,17054703.0,688841131.0,0.008067463962165755
2021-09-23,3.06,3.15,3.06,3.15,7389306.0,23003533.0,688841131.0,0.01072715560592737
2021-09-24,3.14,3.15,3.06,3.07,5806100.0,17938288.0,688841131.0,0.008428794011721115
2021-09-27,3.07,3.07,2.86,2.87,24670867.0,72177588.0,688841131.0,0.035815031782705786
2021-09-28,2.87,2.88,2.8,2.84,14310901.0,40538240.0,688841131.0,0.02077532881816257
2021-09-29,2.82,2.86,2.77,2.77,10041831.0,28195022.0,688841131.0,0.01457786207600893
2021-09-30,2.78,2.85,2.76,2.84,9473250.0,26491619.0,688841131.0,0.013752445337065681
2021-10-08,2.84,3.0,2.84,2.97,17527510.0,51684202.0,688841131.0,0.025444923671376993
2021-10-11,2.98,3.03,2.95,2.98,9016900.0,26898721.0,688841131.0,0.013089955860954534
2021-10-12,2.98,3.11,2.96,3.03,15526653.0,47315903.0,688841131.0,0.022540252463524858
2021-10-13,3.05,3.07,2.97,3.02,7636400.0,22993640.0,688841131.0,0.011085865312534597
2021-10-14,3.01,3.04,2.95,3.02,5754500.0,17278491.0,688841131.0,0.00835388559281603
2021-10-15,3.04,3.08,2.99,2.99,7340300.0,22206731.0,688841131.0,0.010656012931957165
2021-10-18,2.98,3.07,2.96,3.04,7600356.0,22912744.0,688841131.0,0.011033539749530433
2021-10-19,3.03,3.09,3.02,3.08,8521824.0,26141821.0,688841131.0,0.012371247326112413
2021-10-20,3.09,3.11,3.04,3.08,7662500.0,23563512.0,688841131.0,0.01112375503605054
2021-10-21,3.1,3.13,3.03,3.04,5692900.0,17442715.0,688841131.0,0.008264460038464224
2021-10-22,3.04,3.05,2.98,3.0,6549500.0,19655253.0,688841131.0,0.00950799786083041
2021-10-25,3.0,3.02,2.94,2.98,5994100.0,17840369.0,688841131.0,0.008701716158119484
2021-10-26,2.96,2.99,2.93,2.94,5755500.0,16986581.0,688841131.0,0.008355337306360703
2021-10-27,2.95,2.95,2.85,2.9,6088260.0,17561312.0,688841131.0,0.008838409505485815
2021-10-28,2.88,2.91,2.84,2.88,4479900.0,12892265.0,688841131.0,0.006503531508776876
2021-10-29,2.88,2.96,2.87,2.92,4212000.0,12295015.0,688841131.0,0.006114617450159201
2021-11-01,2.92,2.96,2.91,2.91,5201500.0,15258577.0,688841131.0,0.0075510880026123176
2021-11-02,2.87,2.94,2.83,2.89,6810400.0,19649654.0,688841131.0,0.00988674992463538
2021-11-03,2.89,2.97,2.85,2.93,6333400.0,18601182.0,688841131.0,0.009194282563826752
2021-11-04,2.93,3.02,2.91,3.0,13167750.0,39255367.0,688841131.0,0.01911580102785703
2021-11-05,3.02,3.04,2.95,2.95,9624100.0,28730996.0,688841131.0,0.013971436325279479
2021-11-08,2.95,2.97,2.91,2.92,6692151.0,19618324.0,688841131.0,0.00971508624969144
2021-11-09,2.94,3.02,2.92,3.01,8968725.0,26744818.0,688841131.0,0.013020019560939951
2021-11-10,3.02,3.05,2.99,3.01,7418300.0,22331287.0,688841131.0,0.010769246588441595
2021-11-11,3.02,3.02,2.98,3.01,5813100.0,17444353.0,688841131.0,0.00843895600653382
2021-11-12,3.01,3.02,2.98,3.0,4271410.0,12823914.0,688841131.0,0.006200863751848175
2021-11-15,2.99,3.04,2.99,3.02,5731450.0,17250443.0,688841131.0,0.008320423595611337
2021-11-16,3.0,3.03,2.96,2.96,5519100.0,16505176.0,688841131.0,0.008012152224400201
2021-11-17,2.96,2.99,2.94,2.99,4791327.0,14200739.0,688841131.0,0.006955634302853498
2021-11-18,2.99,3.03,2.96,2.96,7361650.0,22092607.0,688841131.0,0.010687007016135917
2021-11-19,2.95,2.99,2.92,2.97,4480750.0,13227228.0,688841131.0,0.0065047654652898475
2021-11-22,2.96,2.97,2.93,2.94,4278960.0,12594472.0,688841131.0,0.00621182418911045
2021-11-23,2.94,2.95,2.91,2.93,4414700.0,12933256.0,688841131.0,0.006408879785664251
2021-11-24,2.93,2.96,2.9,2.95,5115600.0,14987466.0,688841131.0,0.007426385809124978
2021-11-25,2.94,2.95,2.91,2.92,4206500.0,12306886.0,688841131.0,0.006106633025663504
2021-11-26,2.92,2.92,2.88,2.91,4302450.0,12463201.0,688841131.0,0.006245924940274799
2021-11-29,2.88,2.91,2.87,2.88,3895250.0,11262094.0,688841131.0,0.005654787184884289
2021-11-30,2.9,2.91,2.87,2.9,4590544.0,13273837.0,688841131.0,0.0066641549022135845
2021-12-01,2.9,2.94,2.87,2.93,5207102.0,15133524.0,688841131.0,0.007559220501889572
2021-12-02,2.92,2.94,2.9,2.9,5272650.0,15381562.0,688841131.0,0.007654377421315743
2021-12-03,2.9,2.93,2.89,2.93,4570231.0,13324856.0,688841131.0,0.006634666244980659
2021-12-06,2.95,2.99,2.91,2.91,8104506.0,23819742.0,688841131.0,0.01176542113307691
2021-12-07,2.93,2.93,2.88,2.88,5292200.0,15349441.0,688841131.0,0.007682758421114084
2021-12-08,2.89,2.91,2.88,2.9,3748302.0,10850761.0,688841131.0,0.0054414607829218024
2021-12-09,2.9,2.94,2.89,2.93,4973601.0,14525123.0,688841131.0,0.007220243937495074
2021-12-10,2.91,2.97,2.9,2.97,8838955.0,26068117.0,688841131.0,0.012831630694247843
2021-12-13,2.98,2.98,2.93,2.95,6064900.0,17907545.0,688841131.0,0.008804497477082274
2021-12-14,2.95,2.99,2.94,2.97,5787201.0,17167999.0,688841131.0,0.008401358077440356
2021-12-15,2.96,2.97,2.94,2.96,5569300.0,16445600.0,688841131.0,0.008085028244342743
2021-12-16,2.96,2.97,2.93,2.97,5667124.0,16748386.0,688841131.0,0.008227040670136755
2021-12-17,2.96,3.0,2.95,2.99,7655401.0,22797845.0,688841131.0,0.011113449321596913
2021-12-20,2.96,3.12,2.96,3.04,16794050.0,51349612.0,688841131.0,0.02438014985490174
2021-12-21,3.04,3.16,3.01,3.15,21409439.0,66230856.0,688841131.0,0.031080372580132704
2021-12-22,3.15,3.23,3.12,3.17,16394422.0,51743011.0,688841131.0,0.023800004474471486
2021-12-23,3.16,3.2,3.12,3.13,12209800.0,38398020.0,688841131.0,0.01772513203773832
2021-12-24,3.1,3.13,3.05,3.06,9722150.0,29953869.0,688841131.0,0.014113776838334586
2021-12-27,3.06,3.16,3.06,3.13,10787700.0,33696691.0,688841131.0,0.01566065020586002
2021-12-28,3.14,3.16,3.09,3.16,7946681.0,24913718.0,688841131.0,0.011536304442889023
2021-12-29,3.16,3.17,3.08,3.11,8624811.0,26883247.0,688841131.0,0.012520754948937566
2021-12-30,3.11,3.16,3.1,3.15,6925978.0,21753284.0,688841131.0,0.0100545360727015
2021-12-31,3.15,3.39,3.13,3.29,22802299.0,74716385.0,688841131.0,0.033102406307964787
2022-01-04,3.32,3.55,3.31,3.43,33092001.0,113526869.0,688841131.0,0.04804010607200516
2022-01-05,3.45,3.49,3.33,3.35,22222837.0,75444517.0,688841131.0,0.03226119347394196
2022-01-06,3.34,3.42,3.3,3.36,21898250.0,73107766.0,688841131.0,0.031789986129617455
2022-01-07,3.33,3.37,3.22,3.24,14776901.0,48386378.0,688841131.0,0.021451827329979807
2022-01-10,3.22,3.29,3.16,3.27,13849200.0,44974164.0,688841131.0,0.020105071222873885
2022-01-11,3.27,3.3,3.2,3.25,9362300.0,30426321.0,688841131.0,0.013591377719284304
2022-01-12,3.25,3.45,3.24,3.41,23166638.0,77776902.0,688841131.0,0.03363132216911711
2022-01-13,3.41,3.58,3.38,3.46,32240600.0,111847828.0,688841131.0,0.04680411570835772
2022-01-14,3.81,3.81,3.81,3.81,10775866.0,41056049.0,688841131.0,0.015643470627772372
2022-01-17,4.13,4.13,3.7,3.87,94499729.0,369352178.0,688841131.0,0.13718653655714994
2022-01-18,3.97,4.26,3.97,4.26,84188583.0,349918243.0,688841131.0,0.1222177062478576
2022-01-19,3.9,4.18,3.83,3.95,97148557.0,386936020.0,688841131.0,0.14103187604225684
2022-01-20,3.75,3.95,3.63,3.67,67243052.0,253855457.0,688841131.0,0.09761764937349539
2022-01-21,3.54,3.88,3.48,3.62,63785311.0,233473717.0,688841131.0,0.09259799992982708
2022-01-24,3.55,3.6,3.42,3.44,42621552.0,148917889.0,688841131.0,0.061874284333349426
2022-01-25,3.41,3.43,3.19,3.23,33900585.0,111438674.0,688841131.0,0.04921393841681036
2022-01-26,3.24,3.32,3.22,3.25,15892540.0,51847572.0,688841131.0,0.023071415577244327
2022-01-27,3.25,3.27,3.1,3.12,18479878.0,58432816.0,688841131.0,0.02682748919648934
2022-01-28,3.14,3.39,3.12,3.35,23846401.0,78192957.0,688841131.0,0.034618143323384094
2022-02-07,3.33,3.39,3.25,3.37,14924364.0,49692249.0,688841131.0,0.0216659013644178
2022-02-08,3.37,3.43,3.31,3.42,13417204.0,45394025.0,688841131.0,0.019477936778429683
2022-02-09,3.42,3.46,3.38,3.42,10744706.0,36796641.0,688841131.0,0.015598235233720385
2022-02-10,3.41,3.44,3.37,3.41,10909150.0,37083717.0,688841131.0,0.015836960815860456
2022-02-11,3.41,3.41,3.29,3.34,13896400.0,46324910.0,688841131.0,0.020173592102182412
2022-02-14,3.35,3.36,3.29,3.35,9321300.0,31016786.0,688841131.0,0.013531857463952744
2022-02-15,3.36,3.37,3.25,3.29,9300652.0,30689607.0,688841131.0,0.013501882482682354
2022-02-16,3.3,3.43,3.28,3.4,11575506.0,38825771.0,688841131.0,0.01680431884663403
2022-02-17,3.4,3.43,3.32,3.34,9157102.0,30828073.0,688841131.0,0.013293489003344662
2022-02-18,3.3,3.39,3.3,3.36,7646352.0,25648779.0,688841131.0,0.011100312765731174
2022-02-21,3.36,3.7,3.36,3.7,32209653.0,114873428.0,688841131.0,0.04675918952929075
2022-02-22,3.64,3.96,3.62,3.89,41473851.0,158446197.0,688841131.0,0.060208151246415625
2022-02-23,3.9,3.97,3.75,3.81,25913153.0,99176594.0,688841131.0,0.0376184751952624
2022-02-24,3.79,4.06,3.73,3.81,29722402.0,115514349.0,688841131.0,0.043148413563591344
2022-02-25,3.76,3.88,3.72,3.76,14200151.0,54012826.0,688841131.0,0.02061455154309013
2022-02-28,3.83,3.92,3.71,3.85,16057854.0,61554291.0,688841131.0,0.023311404150168264
2022-03-01,3.85,3.89,3.77,3.82,11503703.0,43856189.0,688841131.0,0.01670008145898593
2022-03-02,3.83,3.96,3.79,3.9,14926800.0,58012724.0,688841131.0,0.021669437738612622
2022-03-03,3.9,3.92,3.78,3.82,11287200.0,43144886.0,688841131.0,0.016385781121423772
2022-03-04,3.83,3.83,3.72,3.75,8761800.0,33013990.0,688841131.0,0.012719623735708662
2022-03-07,3.78,3.86,3.71,3.75,9497800.0,35915792.0,688841131.0,0.013788084904587383
2022-03-08,3.71,3.78,3.6,3.66,10256751.0,37938551.0,688841131.0,0.014889864351029874
2022-03-09,3.69,3.77,3.48,3.68,12957900.0,47007451.0,688841131.0,0.018811158940507576
2022-03-10,3.76,3.77,3.59,3.62,9698350.0,35382416.0,688841131.0,0.014079226055971387
2022-03-11,3.6,3.79,3.55,3.75,14056952.0,52092873.0,688841131.0,0.020406667615206618
2022-03-14,3.7,3.83,3.63,3.64,12599400.0,46781938.0,688841131.0,0.0182907196347426
2022-03-15,3.6,3.7,3.42,3.42,13137402.0,46652852.0,688841131.0,0.01907174442520332
2022-03-16,3.46,3.53,3.33,3.46,10755750.0,37041627.0,688841131.0,0.015614267958107745
2022-03-17,3.53,3.68,3.47,3.58,13790000.0,49730884.0,688841131.0,0.020019129781029293
2022-03-18,3.58,3.68,3.56,3.62,9588252.0,34849762.0,688841131.0,0.01391939529813007
2022-03-21,3.72,3.87,3.63,3.82,22282450.0,84066120.0,688841131.0,0.0323477344734805
2022-03-22,3.77,3.95,3.76,3.93,22612871.0,87335116.0,688841131.0,0.03282741111462463
2022-03-23,3.9,4.32,3.89,4.1,28916400.0,118285014.0,688841131.0,0.04197832954315848
2022-03-24,4.1,4.24,4.06,4.12,22889500.0,94394241.0,688841131.0,0.033228997180773746
2022-03-25,4.12,4.28,4.08,4.16,24966250.0,104690023.0,688841131.0,0.03624384328467169
2022-03-28,4.58,4.58,4.56,4.58,10144800.0,46462922.0,688841131.0,0.01472734356799028
2022-03-29,5.04,5.04,5.04,5.04,12711752.0,64067230.0,688841131.0,0.01845382255491361
2022-03-30,5.54,5.54,4.66,4.77,123971132.0,615806077.0,688841131.0,0.1799705714727421
2022-03-31,4.48,4.62,4.29,4.29,96366084.0,424363399.0,688841131.0,0.13989594938981656
2022-04-01,4.31,4.37,4.03,4.05,63297039.0,263638855.0,688841131.0,0.0918891688539429
2022-04-06,4.04,4.32,3.98,4.21,57424952.0,238381399.0,688841131.0,0.0833645806205495
2022-04-07,4.25,4.36,4.06,4.07,40901101.0,170648055.0,688841131.0,0.05937668231370464
2022-04-08,4.05,4.08,3.86,3.88,39172100.0,154607666.0,688841131.0,0.056866668143252905
2022-04-11,3.86,4.21,3.86,4.07,53405914.0,217650470.0,688841131.0,0.07753008871939733
2022-04-12,3.97,4.07,3.9,4.05,30137694.0,119853565.0,688841131.0,0.04375129858498534
2022-04-13,4.05,4.19,3.93,4.05,31678100.0,128493959.0,688841131.0,0.045987526839479625
2022-04-14,4.04,4.17,3.97,4.15,28165341.0,115572375.0,688841131.0,0.04088800702001054
2022-04-15,4.13,4.29,4.03,4.06,30396906.0,126373105.0,688841131.0,0.0441276001563269
2022-04-18,4.03,4.4,4.01,4.31,47935841.0,204343196.0,688841131.0,0.06958910965495177
2022-04-19,4.25,4.49,4.2,4.4,43526850.0,189394066.0,688841131.0,0.06318851770191405
2022-04-20,4.35,4.56,4.28,4.38,49209256.0,217691000.0,688841131.0,0.07143774345844049
2022-04-21,4.3,4.38,4.08,4.09,41239706.0,173165762.0,688841131.0,0.05986823977849836
2022-04-22,4.06,4.11,3.87,3.92,30889651.0,122016120.0,688841131.0,0.04484292474689639
2022-04-25,3.9,3.92,3.53,3.53,31093900.0,114524032.0,688841131.0,0.04513943578668214
2022-04-26,3.5,3.58,3.34,3.37,23215900.0,80529457.0,688841131.0,0.03370283648175475
2022-04-27,3.32,3.44,3.2,3.42,23236450.0,76997897.0,688841131.0,0.03373266919509776
2022-04-28,3.36,3.43,3.25,3.29,15025300.0,50107938.0,688841131.0,0.02181243152276283
2022-04-29,3.32,3.5,3.32,3.46,14452650.0,49638859.0,688841131.0,0.02098110776140631
2022-05-06,3.29,3.29,3.29,3.29,428000.0,1408120.0,688841131.0,0.0006213333971196908
2022-05-09,3.13,3.13,3.13,3.13,453800.0,1420394.0,688841131.0,0.000658787606572233
2022-05-10,2.97,2.97,2.97,2.97,2218100.0,6587757.0,688841131.0,0.0032200458134373513
2022-05-11,3.01,3.12,2.82,2.85,60088610.0,175878925.0,688841131.0,0.0872314490175239
2022-05-12,2.79,2.84,2.73,2.75,28020882.0,77883308.0,688841131.0,0.040678293933060744
2022-05-13,2.76,2.85,2.74,2.82,16468534.0,46263852.0,688841131.0,0.023907593868694232
2022-05-16,2.83,2.87,2.79,2.81,15780411.0,44701421.0,688841131.0,0.02290863638919378
2022-05-17,2.81,2.81,2.75,2.78,13699011.0,37963286.0,688841131.0,0.019887039817313115
2022-05-18,2.79,2.92,2.76,2.92,20709714.0,59827861.0,688841131.0,0.030064572320086965
2022-05-19,2.92,3.05,2.87,2.99,24372915.0,72136521.0,688841131.0,0.03538249082864362
2022-05-20,2.99,3.12,2.96,3.09,17106524.0,51880928.0,688841131.0,0.024833772593059633
2022-05-23,3.09,3.24,3.09,3.23,18590335.0,59589965.0,688841131.0,0.0269878411194932
2022-05-24,3.24,3.27,3.07,3.09,19069011.0,59800344.0,688841131.0,0.027682741552202694
2022-05-25,3.04,3.24,3.04,3.24,12268801.0,38765302.0,688841131.0,0.017810784588587526
2022-05-26,3.26,3.36,3.2,3.25,12470970.0,40914933.0,688841131.0,0.018104276064200352
2022-05-27,3.25,3.35,3.23,3.29,9962037.0,32771865.0,688841131.0,0.01446202404542536
2022-05-30,3.33,3.38,3.18,3.22,12123279.0,39648230.0,688841131.0,0.01759952833013974
2022-05-31,3.2,3.25,3.16,3.21,7596021.0,24388462.0,688841131.0,0.011027246571314278
2022-06-01,3.2,3.26,3.16,3.2,6251400.0,20057288.0,688841131.0,0.009075242053163634
2022-06-02,3.16,3.2,3.1,3.15,10472800.0,32872145.0,688841131.0,0.015203505610642754
2022-06-06,3.16,3.25,3.12,3.21,7248138.0,23124724.0,688841131.0,0.01052222010825309
2022-06-07,3.25,3.31,3.19,3.21,6358250.0,20592072.0,688841131.0,0.009230357645411856
2022-06-08,3.21,3.24,3.14,3.19,6400500.0,20426070.0,688841131.0,0.009291692542674255
2022-06-09,3.17,3.22,3.12,3.13,5432500.0,17172067.0,688841131.0,0.00788643383143159
2022-06-10,3.13,3.29,3.12,3.27,11620801.0,37759056.0,688841131.0,0.016870074211639954
2022-06-13,3.22,3.43,3.21,3.43,13718300.0,46098824.0,688841131.0,0.019915041919876298
2022-06-14,3.43,3.47,3.34,3.43,11148200.0,37957600.0,688841131.0,0.01618399293871434
2022-06-15,3.46,3.48,3.37,3.37,5652300.0,19263810.0,688841131.0,0.008205520468550534
2022-06-16,3.37,3.46,3.37,3.38,6016600.0,20521118.0,688841131.0,0.008734379712874607
2022-06-17,3.39,3.5,3.33,3.36,7656100.0,26043295.0,688841131.0,0.011114464069364638
2022-06-20,3.34,3.39,3.32,3.37,4237900.0,14190641.0,688841131.0,0.00615221683096621
2022-06-21,3.37,3.38,3.28,3.3,5320800.0,17709321.0,688841131.0,0.007724277428491708
2022-06-22,3.31,3.43,3.31,3.37,7058200.0,23836421.0,688841131.0,0.010246484541005145
2022-06-23,3.36,3.4,3.32,3.39,3599100.0,12113159.0,688841131.0,0.005224862218629625
2022-06-24,3.37,3.48,3.35,3.43,5035550.0,17238765.0,688841131.0,0.007310176139873971
2022-06-27,3.43,3.45,3.37,3.4,5063900.0,17234894.0,688841131.0,0.007351332218865427
2022-06-28,3.4,3.4,3.35,3.38,4441601.0,14990170.0,688841131.0,0.006447932331729477
2022-06-29,3.37,3.4,3.35,3.36,4259100.0,14378995.0,688841131.0,0.00618299315811326
2022-06-30,3.53,3.53,3.51,3.53,2532900.0,8939601.0,694340173.0000001,0.003647923738959577
2022-07-01,3.71,3.71,3.71,3.71,1336551.0,4958604.0,694340173.0000001,0.001924922468802622
2022-07-04,3.9,3.9,3.58,3.78,17632754.0,65760600.0,694340173.0000001,0.025394978838420165
2022-07-05,3.8,3.97,3.7,3.89,14279543.0,55121171.0,694340173.0000001,0.020565629867422344
2022-07-06,3.8,3.89,3.78,3.79,8265100.0,31480965.0,694340173.0000001,0.01190353132570366
2022-07-07,3.79,3.81,3.71,3.73,7394500.0,27776788.0,694340173.0000001,0.010649679058682377
2022-07-08,3.71,3.78,3.7,3.73,3514600.0,13109321.0,694340173.0000001,0.005061784031326673
2022-07-11,3.73,3.86,3.67,3.82,6635103.0,24995187.0,694340173.0000001,0.00955598315928063
2022-07-12,3.83,3.92,3.78,3.84,7865001.0,30302027.0,694340173.0000001,0.01132730224440002
2022-07-13,3.87,3.99,3.82,3.83,7476900.0,29095915.0,694340173.0000001,0.010768352877660729
2022-07-14,3.82,3.86,3.76,3.85,5761153.0,21958372.0,694340173.0000001,0.008297306167822727
2022-07-15,3.97,4.0,3.86,3.88,7158600.0,28156194.0,694340173.0000001,0.010309932045369351
2022-07-18,3.85,3.92,3.71,3.9,5700779.0,21864693.0,694340173.0000001,0.008210354551961088
2022-07-19,3.9,3.92,3.82,3.83,5140000.0,19911240.0,694340173.0000001,0.007402711523649661
2022-07-20,3.83,3.89,3.81,3.83,3749620.0,14385764.0,694340173.0000001,0.00540026365433993
2022-07-21,3.83,3.86,3.81,3.83,2671946.0,10240413.0,694340173.0000001,0.0038481800476205482
2022-07-22,3.82,3.85,3.77,3.8,3563002.0,13579907.0,694340173.0000001,0.005131493378246457
2022-07-25,3.75,3.81,3.75,3.76,4447369.0,16766329.0,694340173.0000001,0.006405173102377874
2022-07-26,3.76,3.89,3.75,3.84,4603050.0,17633810.0,694340173.0000001,0.006629387408353224
2022-07-27,4.03,4.03,3.88,3.9,11301896.0,44766225.0,694340173.0000001,0.016277174272040857
2022-07-28,3.83,4.04,3.83,4.01,11037096.0,43801593.0,694340173.0000001,0.015895805009110423
2022-07-29,3.99,4.07,3.97,4.0,6571744.0,26365473.0,694340173.0000001,0.009464732497913525
2022-08-01,4.02,4.07,3.96,4.01,4353900.0,17433011.0,694340173.0000001,0.006270557529731179
2022-08-02,3.99,4.03,3.81,3.85,10192310.0,39577195.0,694340173.0000001,0.014679130484359858
2022-08-03,3.85,3.95,3.78,3.79,5644500.0,21809278.0,694340173.0000001,0.008129300621642122
2022-08-04,3.81,3.98,3.75,3.98,8428401.0,32636325.0,694340173.0000001,0.01213872007950201
2022-08-05,3.95,4.02,3.93,3.99,5674680.0,22540804.0,694340173.0000001,0.008172766348059194
2022-08-08,3.97,4.18,3.97,4.17,8766805.0,36066043.0,694340173.0000001,0.012626095019278106
2022-08-09,4.14,4.37,4.12,4.35,10180312.0,43384964.0,694340173.0000001,0.014661850769795511
2022-08-10,4.33,4.46,4.29,4.33,8895400.0,38720737.0,694340173.0000001,0.012811299627913072
2022-08-11,4.39,4.43,4.28,4.3,8661750.0,37708166.0,694340173.0000001,0.012474793101161955
2022-08-12,4.29,4.43,4.26,4.37,4969350.0,21647166.0,694340173.0000001,0.007156938620631993
2022-08-15,4.36,4.51,4.36,4.42,8404351.0,37311474.0,694340173.0000001,0.012104082878695827
2022-08-16,4.4,4.45,4.33,4.41,5903600.0,25919052.0,694340173.0000001,0.008502460651949054
2022-08-17,4.4,4.44,4.36,4.41,3322803.0,14618152.0,694340173.0000001,0.00478555487527581
2022-08-18,4.42,4.5,4.36,4.4,5226900.0,23097726.0,694340173.0000001,0.007527866315751831
2022-08-19,4.38,4.44,4.36,4.41,4937885.0,21704281.0,694340173.0000001,0.007111622216334009
2022-08-22,4.4,4.48,4.37,4.45,4527500.0,20148518.0,694340173.0000001,0.006520579070685572
2022-08-23,4.44,4.63,4.42,4.53,10936561.0,49626527.0,694340173.0000001,0.015751012868443087
2022-08-24,4.52,4.57,4.46,4.48,7309230.0,32887893.0,694340173.0000001,0.010526871819067278
2022-08-25,4.48,4.7,4.48,4.7,12731300.0,58728355.0,694340173.0000001,0.018335825140280336
2022-08-26,4.7,4.77,4.58,4.58,10908400.0,50657051.0,694340173.0000001,0.015710454938634235
2022-08-29,4.53,4.64,4.5,4.59,5153012.0,23620884.0,694340173.0000001,0.007421451617491242
2022-08-30,4.6,4.65,4.55,4.61,4114500.0,18891230.0,694340173.0000001,0.005925769759544072
2022-08-31,4.63,4.65,4.38,4.38,13710900.0,60683061.0,694340173.0000001,0.019746660978522984
2022-09-01,4.31,4.37,4.16,4.16,10646400.0,44552140.0,694340173.0000001,0.015333118281203064
2022-09-02,4.11,4.22,4.02,4.19,7906953.0,32753524.0,694340173.0000001,0.011387722196509
2022-09-05,4.2,4.22,4.11,4.17,5082103.0,21183143.0,694340173.0000001,0.007319327323438621
2022-09-06,4.18,4.36,4.16,4.28,6943601.0,29710404.0,694340173.0000001,0.010000286991892083
2022-09-07,4.29,4.31,4.24,4.28,3719254.0,15878961.0,694340173.0000001,0.005356530047700408
2022-09-08,4.28,4.3,4.12,4.16,6274900.0,26279152.0,694340173.0000001,0.009037212945476509
2022-09-09,4.16,4.24,4.15,4.19,2710851.0,11363966.0,694340173.0000001,0.003904211660816577
2022-09-13,4.2,4.24,4.13,4.16,4693851.0,19643639.0,694340173.0000001,0.00676016048404562
2022-09-14,4.08,4.15,4.02,4.06,6061971.0,24723286.0,694340173.0000001,0.008730549139636197
2022-09-15,4.06,4.09,3.86,3.86,13436800.0,52604736.0,694340173.0000001,0.019351897704469993
2022-09-16,3.84,3.93,3.82,3.85,7035100.0,27248143.0,694340173.0000001,0.010132065338526796
2022-09-19,3.88,3.88,3.66,3.74,6108851.0,22829888.0,694340173.0000001,0.008798066477423882
2022-09-20,3.75,3.82,3.73,3.76,3145600.0,11842250.0,694340173.0000001,0.004530344235173614
2022-09-21,3.75,3.86,3.72,3.85,3555400.0,13540724.0,694340173.0000001,0.005120544854315954
2022-09-22,3.84,3.9,3.82,3.87,2941100.0,11340197.0,694340173.0000001,0.004235820012102338
2022-09-23,3.88,3.88,3.75,3.78,3783700.0,14418599.0,694340173.0000001,0.005449346224130977
2022-09-26,3.79,3.79,3.59,3.59,7145800.0,26017122.0,694340173.0000001,0.010291497277372713
2022-09-27,3.6,3.7,3.6,3.67,4451450.0,16248610.0,694340173.0000001,0.006411050624893051
2022-09-28,3.65,3.67,3.5,3.52,4673850.0,16696475.0,694340173.0000001,0.006731354718834624
2022-09-29,3.56,3.59,3.47,3.49,4229400.0,14891796.0,694340173.0000001,0.006091250606638886
2022-09-30,3.5,3.54,3.43,3.48,2649300.0,9224999.0,694340173.0000001,0.0038155649104289974
2022-10-10,3.49,3.57,3.44,3.45,3885100.0,13581273.0,694340173.0000001,0.005595384151854338
2022-10-11,3.46,3.49,3.37,3.46,3280603.0,11258915.0,694340173.0000001,0.004724777749536896
2022-10-12,3.45,3.56,3.44,3.56,4042661.0,14166942.0,694340173.0000001,0.005822306064379195
2022-10-13,3.54,3.73,3.52,3.68,4405900.0,15990418.0,694340173.0000001,0.006345448774717518
2022-10-14,3.65,3.71,3.64,3.68,3334000.0,12239613.0,694340173.0000001,0.004801680976624118
2022-10-17,3.68,3.73,3.64,3.72,2560663.0,9451618.0,694340173.0000001,0.0036879084627010335
2022-10-18,3.73,3.79,3.7,3.76,3255403.0,12172808.0,694340173.0000001,0.004688484300043517
2022-10-19,3.77,3.78,3.62,3.71,5048200.0,18694444.0,694340173.0000001,0.007270499671923778
2022-10-20,3.72,3.72,3.65,3.67,2880700.0,10610027.0,694340173.0000001,0.004148830950618206
2022-10-21,3.7,3.7,3.64,3.68,2186501.0,8008804.0,694340173.0000001,0.0031490342702668304
2022-10-24,3.69,3.72,3.52,3.57,4558400.0,16529655.0,694340173.0000001,0.0065650817528024544
2022-10-25,3.56,3.57,3.45,3.51,4306163.0,15109929.0,694340173.0000001,0.00620180592661747
2022-10-26,3.51,3.68,3.51,3.66,3756939.0,13485564.0,694340173.0000001,0.0054108045970717574
2022-10-27,3.65,3.79,3.65,3.75,6233200.0,23267219.0,694340173.0000001,0.008977155927862464
2022-10-28,3.7,3.73,3.56,3.56,5814300.0,21167642.0,694340173.0000001,0.008373849340847514
2022-10-31,3.56,3.61,3.5,3.58,3310900.0,11775617.0,694340173.0000001,0.0047684119812551875
2022-11-01,3.58,3.7,3.57,3.69,3656700.0,13354012.0,694340173.0000001,0.005266438760414342
2022-11-02,3.66,3.77,3.66,3.71,4089950.0,15155116.0,694340173.0000001,0.005890412450613021
2022-11-03,3.71,3.82,3.68,3.8,5902917.0,22222396.0,694340173.0000001,0.008501476984250484
2022-11-04,3.8,3.86,3.77,3.82,4808100.0,18377996.0,694340173.0000001,0.006924703750361855
2022-11-07,3.82,3.88,3.79,3.81,5771461.0,22168887.0,694340173.0000001,0.008312151916925019
2022-11-08,3.83,3.86,3.79,3.84,4222451.0,16148403.0,694340173.0000001,0.006081242543919462
2022-11-09,3.85,4.03,3.81,4.0,9854600.0,38951998.0,694340173.0000001,0.014192755054661079
2022-11-10,3.97,4.19,3.97,4.01,10205750.0,41629443.0,694340173.0000001,0.014698486990756328
2022-11-11,4.04,4.1,3.99,4.0,6426700.0,25983684.0,694340173.0000001,0.00925583777218663
2022-11-14,3.98,4.02,3.9,3.92,6293100.0,24945803.0,694340173.0000001,0.009063424881221728
2022-11-15,3.93,4.02,3.93,3.99,3626002.0,14467221.0,694340173.0000001,0.005222227001979906
2022-11-16,3.98,4.02,3.97,3.99,3112300.0,12432242.0,694340173.0000001,0.004482385034057362
2022-11-17,3.96,4.1,3.96,4.05,5210101.0,21015872.0,694340173.0000001,0.0075036721229724945
2022-11-18,4.02,4.05,3.96,3.97,4075700.0,16276806.0,694340173.0000001,0.005869889369054265
2022-11-21,3.96,3.99,3.92,3.98,3023900.0,11945718.0,694340173.0000001,0.004355069917580586
2022-11-22,3.98,4.01,3.93,3.97,3564602.0,14173093.0,694340173.0000001,0.005133797724246036
2022-11-23,3.97,3.98,3.82,3.84,6047498.0,23406475.0,694340173.0000001,0.00870970488985375
2022-11-24,3.87,3.88,3.82,3.88,2294800.0,8826836.0,694340173.0000001,0.003305008249897129
2022-11-25,3.85,3.88,3.83,3.87,2250800.0,8666781.0,694340173.0000001,0.003241638734908688
2022-11-28,3.85,3.85,3.68,3.76,5893949.0,22015230.0,694340173.0000001,0.00848856112492284
2022-11-29,3.76,3.84,3.74,3.83,3536900.0,13469632.0,694340173.0000001,0.005093900853695815
2022-11-30,3.81,3.91,3.81,3.88,3393998.0,13164055.0,694340173.0000001,0.004888091071175857
2022-12-01,3.92,3.94,3.87,3.88,3238800.0,12647102.0,694340173.0000001,0.004664572389649129
2022-12-02,3.88,3.9,3.86,3.89,2069500.0,8025494.0,694340173.0000001,0.002980527528831318
2022-12-05,3.87,3.97,3.87,3.94,4320964.0,16962266.0,694340173.0000001,0.006223122567329832
2022-12-06,3.93,4.1,3.91,3.99,10585850.0,42287196.0,694340173.0000001,0.015245913187281471
2022-12-07,3.96,3.99,3.89,3.93,8747200.0,34414978.0,694340173.0000001,0.012597859579702006
2022-12-08,3.92,3.92,3.84,3.87,6611200.0,25678592.0,694340173.0000001,0.00952155767026316
2022-12-09,3.88,3.95,3.8,3.93,6543255.0,25342331.0,694340173.0000001,0.009423702177174758
2022-12-12,3.92,4.0,3.85,3.87,4736503.0,18649281.0,694340173.0000001,0.006821588587529414
2022-12-13,3.87,4.01,3.87,3.94,6189402.0,24427561.0,694340173.0000001,0.008914077336556471
2022-12-14,3.92,3.95,3.88,3.89,3413300.0,13317982.0,694340173.0000001,0.004915890125228285
2022-12-15,3.92,3.96,3.86,3.9,3941015.0,15413644.0,694340173.0000001,0.005675913843458398
2022-12-16,3.88,3.92,3.84,3.89,4325600.0,16786782.0,694340173.0000001,0.006229799409863614
2022-12-19,3.87,3.89,3.79,3.8,3931400.0,15066160.0,694340173.0000001,0.005662066164217174
2022-12-20,3.8,3.82,3.76,3.79,2453400.0,9301575.0,694340173.0000001,0.0035334265471054626
2022-12-21,3.79,3.86,3.77,3.79,3489700.0,13309209.0,694340173.0000001,0.005025922646708214
2022-12-22,3.8,3.82,3.64,3.65,5543000.0,20682085.0,694340173.0000001,0.007983118672293787
2022-12-23,3.62,3.7,3.56,3.66,6306202.0,22949268.0,694340173.0000001,0.009082294594525786
2022-12-26,3.67,3.69,3.62,3.68,3843600.0,14029446.0,694340173.0000001,0.00553561517749024
2022-12-27,3.68,3.71,3.63,3.69,2989801.0,10983950.0,694340173.0000001,0.004305959983680794
2022-12-28,3.68,3.69,3.61,3.62,3707000.0,13499563.0,694340173.0000001,0.005338881637776127
2022-12-29,3.61,3.63,3.57,3.57,3620300.0,13009157.0,694340173.0000001,0.005214014888923904
2022-12-30,3.58,3.61,3.56,3.6,3355500.0,12032850.0,694340173.0000001,0.004832645625993471
2023-01-03,3.6,3.66,3.56,3.66,2617900.0,9421709.0,710126694.0,0.003686525266715294
2023-01-04,3.66,3.67,3.63,3.64,2392500.0,8726900.0,710126694.0,0.0033691171170084195
2023-01-05,3.66,3.67,3.63,3.65,2844900.0,10372913.0,710126694.0,0.004006186535497284
2023-01-06,3.66,3.66,3.6,3.61,3087200.0,11195719.0,710126694.0,0.004347393255435064
2023-01-09,3.61,3.62,3.54,3.55,4624301.0,16542916.0,710126694.0,0.006511937995109363
2023-01-10,3.55,3.59,3.52,3.58,2523699.0,8965247.0,710126694.0,0.003553871472968456
2023-01-11,3.56,3.6,3.54,3.54,2046500.0,7308032.0,710126694.0,0.0028818801170147255
2023-01-12,3.55,3.58,3.51,3.53,1659300.0,5892114.0,710126694.0,0.002336625300836811
2023-01-13,3.55,3.58,3.52,3.57,1603700.0,5708814.0,710126694.0,0.0022583294129765526
2023-01-16,3.56,3.61,3.56,3.59,1636630.0,5873950.0,710126694.0,0.0023047014199412703
2023-01-17,3.6,3.73,3.59,3.66,4502700.0,16536067.0,710126694.0,0.006340699537201174
2023-01-18,3.66,3.69,3.63,3.68,1745800.0,6398401.0,710126694.0,0.0024584345508352344
2023-01-19,3.66,3.69,3.65,3.67,1323700.0,4862547.0,710126694.0,0.0018640335748313667
2023-01-20,3.67,3.73,3.67,3.73,2302600.0,8539182.0,710126694.0,0.0032425199889753757
2023-01-30,3.76,3.81,3.73,3.78,4611900.0,17413305.0,710126694.0,0.006494474914077797
2023-01-31,3.77,3.79,3.74,3.75,3026611.0,11384955.0,710126694.0,0.004262071860658712
2023-02-01,3.75,3.79,3.73,3.79,2566059.0,9645669.0,710126694.0,0.0036135228004821347
2023-02-02,3.78,3.78,3.73,3.75,3486901.0,13061045.0,710126694.0,0.0049102519725867395
2023-02-03,3.74,3.74,3.68,3.71,3340300.0,12386540.0,710126694.0,0.004703808529129874
2023-02-06,3.68,3.74,3.67,3.73,2135895.0,7937368.0,710126694.0,0.0030077661043396856
2023-02-07,3.72,3.74,3.71,3.72,1715700.0,6383167.0,710126694.0,0.002416047748234627
2023-02-08,3.73,3.91,3.71,3.85,12451419.0,47887163.0,710126694.0,0.017534081038221048
2023-02-09,3.83,3.91,3.81,3.84,8591659.0,33082416.0,710126694.0,0.012098769237366537
2023-02-10,3.83,4.0,3.83,3.97,9998125.0,39412351.0,710126694.0,0.014079353845554777
2023-02-13,3.99,4.07,3.92,3.93,6058400.0,24053398.0,710126694.0,0.008531435377924267
2023-02-14,3.95,3.97,3.9,3.92,3530100.0,13870414.0,710126694.0,0.004971084779415432
2023-02-15,3.94,3.96,3.86,3.94,6265551.0,24448163.0,710126694.0,0.00882314529638003
2023-02-16,3.94,3.96,3.82,3.87,5944800.0,23173208.0,710126694.0,0.008371463923591076
2023-02-17,3.87,3.92,3.85,3.89,3433718.0,13370320.0,710126694.0,0.004835359702729327
2023-02-20,3.89,3.93,3.85,3.93,4582653.0,17808200.0,710126694.0,0.00645328930558411
2023-02-21,3.94,3.94,3.85,3.89,3889816.0,15139133.0,710126694.0,0.005477636642680552
2023-02-22,3.89,3.92,3.85,3.89,2654800.0,10303109.0,710126694.0,0.0037384878253851417
2023-02-23,3.9,3.91,3.85,3.87,2215800.0,8601596.0,710126694.0,0.003120288279150368
2023-02-24,3.86,3.88,3.79,3.8,3862061.0,14787911.0,710126694.0,0.005438552067724411
2023-02-27,3.8,3.85,3.78,3.85,2979316.0,11379156.0,710126694.0,0.004195471068997724
2023-02-28,3.85,3.88,3.82,3.85,3147310.0,12143477.0,710126694.0,0.004432040122688305
2023-03-01,3.86,3.87,3.82,3.86,2958950.0,11380098.0,710126694.0,0.00416679167957035
2023-03-02,3.86,3.87,3.81,3.82,2328000.0,8929189.0,710126694.0,0.003278288254292832
2023-03-03,3.83,3.86,3.8,3.84,2947499.0,11305145.0,710126694.0,0.004150666387989634
2023-03-06,3.84,3.87,3.81,3.86,3180100.0,12236493.0,710126694.0,0.00447821498173395
2023-03-07,3.85,3.86,3.78,3.8,4235600.0,16177982.0,710126694.0,0.0059645694715991055
2023-03-08,3.78,3.87,3.78,3.85,3403065.0,13068758.0,710126694.0,0.004792194165848383
2023-03-09,3.85,3.87,3.82,3.82,2215150.0,8508229.0,710126694.0,0.0031193729495261023
2023-03-10,3.82,3.83,3.78,3.78,3036771.0,11541683.0,710126694.0,0.004276379166785695
2023-03-13,3.77,3.78,3.62,3.67,6968027.0,25723118.0,710126694.0,0.009812371593511735
2023-03-14,3.69,3.69,3.6,3.68,3465250.0,12629835.0,710126694.0,0.004879763046902163
2023-03-15,3.68,3.71,3.66,3.69,1695915.0,6262539.0,710126694.0,0.0023881865226714036
2023-03-16,3.69,3.69,3.61,3.62,1927201.0,7027808.0,710126694.0,0.002713883334175859
2023-03-17,3.64,3.65,3.57,3.64,4680473.0,16882904.0,710126694.0,0.006591039373038975
2023-03-20,3.63,3.69,3.6,3.67,3826468.0,13977144.0,710126694.0,0.005388430025699048
2023-03-21,3.67,3.69,3.63,3.68,2675550.0,9790704.0,710126694.0,0.003767707963390544
2023-03-22,3.69,3.75,3.66,3.68,2409338.0,8893123.0,710126694.0,0.0033928283788751644
2023-03-23,3.66,3.68,3.63,3.65,3222766.0,11754198.0,710126694.0,0.0045382972182707445
2023-03-24,3.66,3.66,3.59,3.62,2230938.0,8081579.0,710126694.0,0.0031416056019998033
2023-03-27,3.63,3.66,3.59,3.64,2506700.0,9088776.0,710126694.0,0.0035299334909947772
2023-03-28,3.66,3.66,3.61,3.62,1874400.0,6790756.0,710126694.0,0.0026395289964976304
2023-03-29,3.64,3.66,3.61,3.62,2500400.0,9076281.0,710126694.0,0.0035210618346365108
2023-03-30,3.62,3.63,3.53,3.55,3529000.0,12617219.0,710126694.0,0.00496953576005129
2023-03-31,3.54,3.6,3.54,3.57,1946000.0,6965473.0,710126694.0,0.0027403560751090425
2023-04-03,3.58,3.66,3.57,3.66,3392450.0,12302094.0,710126694.0,0.004777246128984415
2023-04-04,3.65,3.67,3.59,3.59,3856910.0,13982789.0,710126694.0,0.0054312984325019615
2023-04-06,3.59,3.63,3.55,3.58,3488950.0,12520017.0,710126694.0,0.004913137373202309
2023-04-07,3.65,3.66,3.59,3.64,2621750.0,9530188.0,710126694.0,0.0036919468344897904
2023-04-10,3.62,3.66,3.6,3.63,3387700.0,12309499.0,710126694.0,0.004770557181730166
2023-04-11,3.63,3.64,3.55,3.57,4589900.0,16471605.0,710126694.0,0.006463494526794961
2023-04-12,3.56,3.59,3.53,3.56,3293750.0,11721987.0,710126694.0,0.004638256846038236
2023-04-13,3.55,3.57,3.53,3.57,2637000.0,9360996.0,710126694.0,0.0037134218756744836
2023-04-14,3.61,3.62,3.57,3.6,2533300.0,9108722.0,710126694.0,0.00356739159561857
2023-04-17,3.59,3.61,3.56,3.6,2133938.0,7658438.0,710126694.0,0.003005010258070935
2023-04-18,3.6,3.62,3.57,3.6,1697506.0,6103579.0,710126694.0,0.0023904269679517216
2023-04-19,3.62,3.74,3.6,3.64,4561700.0,16727987.0,710126694.0,0.006423783303096053
2023-04-20,3.64,3.76,3.62,3.74,6312625.0,23313758.0,710126694.0,0.008889434875968766
2023-04-21,3.75,3.76,3.63,3.64,5330701.0,19678395.0,710126694.0,0.0075066900667727894
2023-04-24,3.62,3.65,3.58,3.64,2806704.0,10163632.0,710126694.0,0.003952398950376593
2023-04-25,3.65,3.75,3.62,3.69,5282693.0,19446770.0,710126694.0,0.007439085228923953
2023-04-26,3.69,3.81,3.69,3.76,5786613.0,21739777.0,710126694.0,0.008148705081631532
2023-04-27,3.79,3.79,3.64,3.65,4015100.0,14919606.0,710126694.0,0.005654061499059772
2023-04-28,3.65,3.83,3.65,3.82,7435199.0,28036087.0,710126694.0,0.010470242933861602
2023-05-04,3.87,4.01,3.81,3.98,13004916.0,51495234.0,710126694.0,0.0183135151936705
2023-05-05,3.96,4.0,3.94,3.97,6085216.0,24150361.0,710126694.0,0.0085691976536232
2023-05-08,3.97,3.98,3.91,3.92,5524150.0,21756884.0,710126694.0,0.007779104836749032
2023-05-09,3.93,3.93,3.78,3.82,9258857.0,35375319.0,710126694.0,0.013038317075290793
2023-05-10,3.81,3.89,3.8,3.87,5024400.0,19340129.0,710126694.0,0.0070753571756309724
2023-05-11,3.86,4.06,3.83,4.01,10316331.0,41119889.0,710126694.0,0.014527451350814872
2023-05-12,4.03,4.04,3.95,3.96,4858201.0,19389952.0,710126694.0,0.006841315839902788
2023-05-15,3.95,3.97,3.91,3.95,3465880.0,13668224.0,710126694.0,0.00488065021253799
2023-05-16,3.97,3.97,3.92,3.96,3817363.0,15069694.0,710126694.0,0.005375608369962219
2023-05-17,3.94,4.03,3.93,3.96,4024500.0,16039939.0,710126694.0,0.005667298573626075
2023-05-18,3.97,3.97,3.92,3.95,2949700.0,11644353.0,710126694.0,0.0041537658349173395
2023-05-19,3.95,3.98,3.9,3.95,2894848.0,11421455.0,710126694.0,0.004076523280224698
2023-05-22,3.95,3.97,3.88,3.9,3905000.0,15295331.0,710126694.0,0.005499018742703397
2023-05-23,3.91,4.03,3.9,3.98,5946200.0,23564457.0,710126694.0,0.008373435402781803
2023-05-24,3.96,4.06,3.9,4.02,6236900.0,24983608.0,710126694.0,0.008782798974741823
2023-05-25,3.99,4.1,3.97,4.1,7071952.0,28590170.0,710126694.0,0.009958718718437586
2023-05-26,4.11,4.18,4.08,4.18,8727690.0,36085482.0,710126694.0,0.012290328012933421
2023-05-30,4.55,4.6,4.41,4.6,13768900.0,62610706.0,710126694.0,0.019389357020847323
2023-05-31,5.01,5.06,4.66,4.8,97628491.0,485119109.0,710126694.0,0.13748038459176695
2023-06-01,4.56,4.66,4.32,4.33,62090450.0,275414200.0,710126694.0,0.08743573579843486
2023-06-02,4.36,4.45,4.24,4.24,34146885.0,147322054.0,710126694.0,0.04808562371829385
2023-06-05,4.2,4.32,4.16,4.25,21593422.0,91374877.0,710126694.0,0.030407844378259635
2023-06-06,4.22,4.31,4.15,4.27,22387012.0,94530929.0,710126694.0,0.03152537735752263
2023-06-07,4.2,4.27,4.13,4.15,18825660.0,78595535.0,710126694.0,0.026510283529772506
2023-06-08,4.13,4.2,4.06,4.12,15056410.0,62285692.0,710126694.0,0.021202427858598428
2023-06-09,4.13,4.18,4.1,4.13,10018361.0,41403264.0,710126694.0,0.014107850169057298
2023-06-12,4.11,4.15,4.08,4.14,9027011.0,37154264.0,710126694.0,0.012711831672110048
2023-06-13,4.15,4.45,4.14,4.26,25084637.0,107590938.0,710126694.0,0.03532417132315265
2023-06-14,4.31,4.56,4.31,4.47,39545033.0,175954309.0,710126694.0,0.05568729261147871
2023-06-15,4.39,4.44,4.22,4.27,28881007.0,124005626.0,710126694.0,0.04067021736264994
2023-06-16,4.3,4.34,4.23,4.26,14541296.0,62229022.0,710126694.0,0.020477044621561573
2023-06-19,4.23,4.24,4.16,4.18,9568810.0,40120186.0,710126694.0,0.01347479271072156
2023-06-20,4.19,4.19,4.1,4.11,7768250.0,32059073.0,710126694.0,0.010939245159540503
2023-06-21,4.11,4.17,4.11,4.12,7353900.0,30411421.0,710126694.0,0.010355757729056725
2023-06-26,4.09,4.12,4.01,4.04,8243600.0,33413339.0,710126694.0,0.011608632754763053
2023-06-27,4.06,4.15,4.05,4.08,6761800.0,27648476.0,710126694.0,0.009521962851321852
2023-06-28,4.09,4.15,4.03,4.15,8003786.0,32796566.0,710126694.0,0.011270926818588234
2023-06-29,4.13,4.28,4.11,4.26,12652792.0,53281193.0,710126694.0,0.0178176543804168
2023-06-30,4.25,4.29,4.2,4.22,8155400.0,34518418.0,710216194.0,0.011482982321295817
2023-07-03,4.21,4.27,4.2,4.25,5708806.0,24194095.0,710216194.0,0.008038124233478123
2023-07-04,4.24,4.27,4.21,4.26,6247500.0,26486230.0,710216194.0,0.008796617217094883
2023-07-05,4.25,4.27,4.21,4.22,5723101.0,24244052.0,710216194.0,0.00805825190744665
2023-07-06,4.24,4.35,4.2,4.28,13118949.0,56257638.0,710216194.0,0.018471768330306476
2023-07-07,4.24,4.48,4.22,4.42,23454651.0,103194913.0,710216194.0,0.03302466375471016
2023-07-10,4.39,4.4,4.28,4.36,15089500.0,65490503.0,710216194.0,0.021246347418543938
2023-07-11,4.37,4.39,4.31,4.33,6931700.0,30057656.0,710216194.0,0.009759985844535671
2023-07-12,4.32,4.36,4.28,4.29,6433600.0,27704253.0,710216194.0,0.009058650104506065
2023-07-13,4.3,4.38,4.28,4.36,6777301.0,29351912.0,710216194.0,0.009542588661390055
2023-07-14,4.36,4.44,4.32,4.43,10037400.0,44140999.0,710216194.0,0.014132879656641567
2023-07-17,4.43,4.65,4.39,4.55,16956300.0,76847755.0,710216194.0,0.023874842820044175
2023-07-18,4.56,4.65,4.53,4.6,12448211.0,57090153.0,710216194.0,0.017527354494538603
2023-07-19,4.57,4.63,4.53,4.55,9510550.0,43475423.0,710216194.0,0.013391063285160744
2023-07-20,4.57,4.65,4.54,4.59,10539550.0,48406931.0,710216194.0,0.01483991788562343
2023-07-21,4.59,4.68,4.57,4.66,14511910.0,67286058.0,710216194.0,0.02043308801263408
2023-07-24,4.62,4.7,4.53,4.57,11933800.0,55027827.0,710216194.0,0.01680305250826201
2023-07-25,4.6,4.64,4.54,4.59,9130160.0,41813858.0,710216194.0,0.012855465810457146
2023-07-26,4.58,4.65,4.55,4.64,6900051.0,31819777.0,710216194.0,0.009715423357412208
2023-07-27,4.64,4.64,4.54,4.54,7196810.0,32993599.0,710216194.0,0.010133266547284615
2023-07-28,4.54,4.6,4.5,4.58,8021521.0,36551276.0,710216194.0,0.011294477748841644
2023-07-31,4.59,5.04,4.56,4.95,32815355.0,160501536.0,710216194.0,0.0462047405807252
2023-08-01,4.85,4.93,4.82,4.82,24367750.0,118403334.0,710216194.0,0.034310327201578845
2023-08-02,4.81,4.93,4.79,4.82,11688500.0,56565362.0,710216194.0,0.016457664720610412
2023-08-03,4.82,4.96,4.81,4.86,13903501.0,67800997.0,710216194.0,0.01957643477783048
2023-08-04,4.86,4.9,4.76,4.77,11691203.0,56278396.0,710216194.0,0.016461470603977808
2023-08-07,4.8,4.87,4.75,4.8,8188800.0,39316099.0,710216194.0,0.011530010254877404
2023-08-08,4.84,4.95,4.73,4.77,10746501.0,51788122.0,710216194.0,0.01513130943899598
2023-08-09,4.76,4.76,4.66,4.68,9811901.0,46054322.0,710216194.0,0.013815372111889638
2023-08-10,4.67,4.7,4.64,4.67,5203593.0,24298496.0,710216194.0,0.0073267732332219955
2023-08-11,4.68,4.68,4.57,4.57,7859500.0,36116626.0,710216194.0,0.011066348622290074
2023-08-14,4.58,4.61,4.51,4.59,5171301.0,23589808.0,710216194.0,0.007281305387975988
2023-08-15,4.6,4.7,4.55,4.57,7291102.0,33643787.0,710216194.0,0.010266031754268897
2023-08-16,4.6,4.62,4.49,4.49,5116450.0,23208993.0,710216194.0,0.007204073975254921
2023-08-17,4.48,4.56,4.45,4.55,4743277.0,21376989.0,710216194.0,0.006678638195062051
2023-08-18,4.56,4.59,4.47,4.48,4624100.0,20908834.0,710216194.0,0.006510834361515559
2023-08-21,4.48,4.53,4.41,4.41,4906900.0,21897024.0,710216194.0,0.006909022972799181
2023-08-22,4.45,4.63,4.41,4.53,12930000.0,58185802.0,710216194.0,0.018205723988321224
2023-08-23,4.55,4.83,4.45,4.71,43545753.0,203449485.0,710216194.0,0.06131337664204261
2023-08-24,4.53,5.18,4.25,5.18,81130590.0,391990495.0,710216194.0,0.11423365263338392
2023-08-25,5.37,5.66,4.88,4.91,129532045.0,697163958.0,710216194.0,0.1823839643397374
2023-08-28,4.85,5.2,4.76,5.11,98239625.0,488714027.0,710216194.0,0.1383235496880264
2023-08-29,4.93,4.99,4.77,4.88,68480074.0,334781202.0,710216194.0,0.09642144825551528
2023-08-30,4.83,4.94,4.53,4.6,51234663.0,239809423.0,710216194.0,0.07213953079757571
2023-08-31,4.61,4.66,4.42,4.53,43876304.0,198089129.0,710216194.0,0.0617787997101063
2023-09-01,4.43,4.49,4.28,4.3,38202540.0,166721224.0,710216194.0,0.05379001538227387
2023-09-04,4.28,4.55,4.25,4.4,27663600.0,121393517.0,710216194.0,0.03895095639004818
2023-09-05,4.39,4.39,4.3,4.33,19511250.0,84449887.0,710216194.0,0.027472268535741105
2023-09-06,4.31,4.32,4.17,4.2,21528889.0,90883120.0,710216194.0,0.030313148562196822
2023-09-07,4.2,4.23,4.13,4.13,15247052.0,63611402.0,710216194.0,0.021468184094940532
2023-09-08,4.15,4.16,4.1,4.14,10271490.0,42366495.0,710216194.0,0.014462483518082101
2023-09-11,4.13,4.16,4.1,4.13,12667000.0,52247951.0,710216194.0,0.01783541421191531
2023-09-12,4.14,4.18,4.1,4.14,13483650.0,55809688.0,710216194.0,0.0189852753484244
2023-09-13,4.14,4.15,4.08,4.12,13135986.0,54028253.0,710216194.0,0.018495756800498975
2023-09-14,4.12,4.13,4.03,4.09,11974100.0,48752545.0,710216194.0,0.01685979579339189
2023-09-15,4.09,4.2,4.09,4.14,11502400.0,47675783.0,710216194.0,0.01619563183319923
2023-09-18,4.13,4.2,4.1,4.18,9554700.0,39767391.0,710216194.0,0.013453227454850178
2023-09-19,4.18,4.23,4.16,4.18,10141050.0,42613378.0,710216194.0,0.014278821133160475
2023-09-20,4.18,4.26,4.16,4.23,10847400.0,45842475.0,710216194.0,0.015273377447093244
2023-09-21,4.23,4.23,4.11,4.11,10393045.0,43129669.0,710216194.0,0.014633635627857846
2023-09-22,4.08,4.17,4.06,4.16,7239301.0,29941516.0,710216194.0,0.010193094808536567
2023-09-25,4.14,4.23,4.14,4.17,6011800.0,25139776.0,710216194.0,0.00846474644029308
2023-09-26,4.16,4.23,4.15,4.18,7060376.0,29617843.0,710216194.0,0.009941164478713646
2023-09-27,4.18,4.3,4.18,4.18,10158440.0,42929868.0,710216194.0,0.014303306635106098
2023-09-28,4.21,4.22,4.16,4.19,5517300.0,23119378.0,710216194.0,0.007768479579332149
2023-10-09,4.2,4.22,4.07,4.09,7647459.0,31418398.0,710216194.0,0.010767790237123204
2023-10-10,4.12,4.16,4.09,4.11,6063600.0,24986358.0,710216194.0,0.008537681978003447
2023-10-11,4.12,4.13,4.06,4.08,5584000.0,22791155.0,710216194.0,0.007862394644298972
2023-10-12,4.06,4.13,4.06,4.12,4402500.0,18042354.0,710216194.0,0.006198816694399396
2023-10-13,4.1,4.11,4.01,4.01,7927600.0,32000630.0,710216194.0,0.011162234918005826
2023-10-16,4.02,4.05,3.99,4.0,5604140.0,22495579.0,710216194.0,0.007890752206644277
2023-10-17,4.0,4.06,3.96,4.01,5471750.0,21893892.0,710216194.0,0.007704344178893786
2023-10-18,4.01,4.03,3.97,3.98,4254270.0,16955762.0,710216194.0,0.005990105598746739
2023-10-19,3.99,4.07,3.92,3.97,5819900.0,23260662.0,710216194.0,0.008194547025493479
2023-10-20,4.0,4.0,3.88,3.94,6158200.0,24208656.0,710216194.0,0.008670880855752496
2023-10-23,3.92,3.93,3.82,3.85,5463800.0,21099541.0,710216194.0,0.007693150404283798
2023-10-24,3.83,4.0,3.82,3.97,6493100.0,25630348.0,710216194.0,0.00914242741133554
2023-10-25,4.01,4.1,4.0,4.07,6484801.0,26301212.0,710216194.0,0.009130742237060284
2023-10-26,4.07,4.08,4.02,4.07,5113800.0,20708842.0,710216194.0,0.007200342717051591
2023-10-27,4.07,4.15,4.06,4.15,5674200.0,23379407.0,710216194.0,0.00798939822540853
2023-10-30,4.21,4.34,4.21,4.31,13310110.0,57223780.0,710216194.0,0.018740927216875036
2023-10-31,4.31,4.35,4.28,4.3,7921750.0,34131452.0,710216194.0,0.011153997989519231
2023-11-01,4.26,4.4,4.26,4.39,8318300.0,36271692.0,710216194.0,0.011712349099153321
2023-11-02,4.34,4.4,4.3,4.35,6626010.0,28818878.0,710216194.0,0.009329567610507062
2023-11-03,4.36,4.44,4.34,4.37,6416800.0,28169113.0,710216194.0,0.009034995335518919
2023-11-06,4.37,4.39,4.32,4.37,7300850.0,31843883.0,710216194.0,0.010279757152369296
2023-11-07,4.35,4.46,4.35,4.4,7059850.0,31139948.0,710216194.0,0.009940423859160835
2023-11-08,4.42,4.45,4.37,4.4,6420050.0,28293132.0,710216194.0,0.009039571406900362
2023-11-09,4.4,4.41,4.34,4.35,5825000.0,25450750.0,710216194.0,0.008201727937507435
2023-11-10,4.34,4.39,4.32,4.34,7173666.0,31243035.0,710216194.0,0.010100679286960894
2023-11-13,4.36,4.39,4.29,4.32,11598200.0,50091366.0,710216194.0,0.0163305203373045
2023-11-14,4.31,4.33,4.25,4.26,9695000.0,41421736.0,710216194.0,0.013650772936332116
2023-11-15,4.27,4.31,4.24,4.29,6521050.0,27924766.0,710216194.0,0.009181781625215941
2023-11-16,4.29,4.35,4.27,4.27,5640600.0,24262682.0,710216194.0,0.007942088687434238
2023-11-17,4.27,4.32,4.24,4.28,5283600.0,22578394.0,710216194.0,0.007439424846457388
2023-11-20,4.3,4.44,4.29,4.44,12711700.0,55961697.0,710216194.0,0.01789835279368468
2023-11-21,4.41,4.57,4.4,4.45,11825600.0,53053698.0,710216194.0,0.016650704531809085
2023-11-22,4.42,4.51,4.42,4.44,7603209.0,33918143.0,710216194.0,0.01070548526523742
2023-11-23,4.43,4.49,4.39,4.42,6350259.0,28067125.0,710216194.0,0.008941304146044295
2023-11-24,4.43,4.6,4.42,4.53,21118950.0,95586637.0,710216194.0,0.029735945446493155
2023-11-27,4.51,4.61,4.48,4.56,16892500.0,77023230.0,710216194.0,0.02378501101877156
2023-11-28,4.51,4.55,4.45,4.48,12701150.0,57083882.0,710216194.0,0.017883498161969536
2023-11-29,4.46,4.56,4.44,4.53,13965100.0,62945586.0,710216194.0,0.019663167522761385
2023-11-30,4.49,4.61,4.48,4.57,16310450.0,74296832.0,710216194.0,0.0229654718349044
2023-12-01,4.53,4.64,4.51,4.58,13945250.0,63987079.0,710216194.0,0.0196352182867855
2023-12-04,4.58,4.61,4.51,4.58,10059000.0,45923878.0,710216194.0,0.01416329293105361
2023-12-05,4.59,4.65,4.56,4.6,14551700.0,67190190.0,710216194.0,0.020489113206562565
2023-12-06,4.55,4.64,4.51,4.61,13822100.0,63291402.0,710216194.0,0.01946182038197794
2023-12-07,4.66,4.66,4.53,4.59,9321300.0,42808545.0,710216194.0,0.013124595128564473
2023-12-08,4.6,4.61,4.46,4.48,13182100.0,59692548.0,710216194.0,0.018560686325324764
2023-12-11,4.49,4.53,4.39,4.47,11576200.0,51793638.0,710216194.0,0.01629954385410705
2023-12-12,4.5,4.55,4.47,4.54,8483000.0,38318618.0,710216194.0,0.011944250316545162
2023-12-13,4.54,4.57,4.48,4.48,7547700.0,34219124.0,710216194.0,0.010627327374064355
2023-12-14,4.52,4.54,4.44,4.44,6645100.0,29804080.0,710216194.0,0.00935644674979067
2023-12-15,4.5,4.53,4.44,4.48,7518000.0,33715335.0,710216194.0,0.010585509121747792
2023-12-18,4.48,4.52,4.41,4.42,7059800.0,31461379.0,710216194.0,0.009940353458062658
2023-12-19,4.4,4.49,4.39,4.45,6520400.0,28962686.0,710216194.0,0.009180866410939653
2023-12-20,4.45,4.47,4.36,4.37,7832639.0,34558986.0,710216194.0,0.011028527744327948
2023-12-21,4.36,4.46,4.3,4.43,9787350.0,42809107.0,710216194.0,0.013780803764663244
2023-12-22,4.43,4.47,4.37,4.38,7888840.0,34838526.0,710216194.0,0.011107659986699768
2023-12-25,4.38,4.41,4.3,4.33,4614950.0,19991853.0,710216194.0,0.006497950960549345
2023-12-26,4.33,4.36,4.22,4.28,5841500.0,25149856.0,710216194.0,0.008224960299905524
2023-12-27,4.33,4.47,4.28,4.46,9469500.0,41642445.0,710216194.0,0.013333263983558224
2023-12-28,4.45,4.48,4.34,4.38,10187300.0,44682567.0,710216194.0,0.014343942148973303
2023-12-29,4.36,4.55,4.35,4.49,11436200.0,51154282.0,710216194.0,0.016102420779214168
2024-01-02,4.48,4.63,4.47,4.6,13544614.0,62057627.0,710216194.0,0.019071113999408466
2024-01-03,4.55,4.58,4.48,4.53,8898700.0,40264468.0,710216194.0,0.01252956504678067
2024-01-04,4.51,4.54,4.46,4.49,5691000.0,25571998.0,710216194.0,0.008013052994395675
2024-01-05,4.48,4.53,4.4,4.45,7758950.0,34682136.0,710216194.0,0.010924772013858079
2024-01-08,4.44,4.46,4.36,4.36,7358415.0,32358334.0,710216194.0,0.010360809936699359
2024-01-09,4.43,4.44,4.34,4.35,6149702.0,26929165.0,710216194.0,0.008658915485106496
2024-01-10,4.35,4.41,4.33,4.38,6655300.0,29102892.0,710216194.0,0.00937080857381858
2024-01-11,4.39,4.48,4.36,4.42,8154200.0,36210100.0,710216194.0,0.011481292694939593
2024-01-12,4.42,4.51,4.39,4.39,7089850.0,31539063.0,710216194.0,0.009982664518066453
2024-01-15,4.37,4.41,4.33,4.35,6534300.0,28544880.0,710216194.0,0.009200437916232589
2024-01-16,4.34,4.38,4.26,4.35,8251500.0,35575216.0,710216194.0,0.011618293231990146
2024-01-17,4.34,4.38,4.18,4.18,8256700.0,35179443.0,710216194.0,0.011625614946200452
2024-01-18,4.17,4.19,3.98,4.09,12405301.0,50396332.0,710216194.0,0.017466936272083934
2024-01-19,4.1,4.12,4.04,4.06,8250800.0,33654372.0,710216194.0,0.01161730761661568
2024-01-22,4.06,4.07,3.81,3.86,10321101.0,40682032.0,710216194.0,0.01453233689571432
2024-01-23,3.92,3.92,3.75,3.84,11566360.0,44170349.0,710216194.0,0.016285688917986006
2024-01-24,3.84,3.96,3.79,3.95,10621300.0,41196333.0,710216194.0,0.014955023681141238
2024-01-25,3.95,4.18,3.93,4.17,10222500.0,41592656.0,710216194.0,0.014393504522089227
2024-01-26,4.17,4.31,4.15,4.23,9647850.0,40975290.0,710216194.0,0.013584384700752121
2024-01-29,4.24,4.28,4.14,4.15,8971600.0,37659445.0,710216194.0,0.012632209847921322
2024-01-30,4.11,4.2,4.0,4.02,7699200.0,31595740.0,710216194.0,0.010840642701537723
2024-01-31,4.08,4.09,3.86,3.86,10413900.0,41104869.0,710216194.0,0.014662999925907068
2024-02-01,3.85,3.86,3.67,3.77,12034900.0,45289078.0,710216194.0,0.016945403528773943
2024-02-02,3.8,3.86,3.4,3.55,14696000.0,53314531.0,710216194.0,0.020692290775898584
2024-02-05,3.51,3.54,3.2,3.2,18936900.0,61770144.0,710216194.0,0.026663571120993053
2024-02-06,3.02,3.24,2.88,3.08,28567550.0,85056431.0,710216194.0,0.04022373784397262
2024-02-07,3.08,3.09,2.77,2.77,31611501.0,90269696.0,710216194.0,0.04450968770785308
2024-02-08,2.8,2.92,2.6,2.91,26922568.0,74018520.0,710216194.0,0.03790756705837659
2024-02-19,2.93,3.1,2.9,3.07,19727328.0,59571936.0,710216194.0,0.027776511105574705
2024-02-20,3.06,3.08,2.98,3.05,10701300.0,32509879.0,710216194.0,0.015067665438222886
2024-02-21,3.04,3.22,3.0,3.14,16225198.0,50656674.0,710216194.0,0.022845435146470344
2024-02-22,3.14,3.43,3.12,3.3,17388500.0,57015781.0,710216194.0,0.02448338991267777
2024-02-23,3.29,3.4,3.24,3.38,14136740.0,46941536.0,710216194.0,0.01990484041258006
2024-02-26,3.38,3.55,3.36,3.45,15528770.0,53647851.0,710216194.0,0.021864849226459628
2024-02-27,3.46,3.53,3.4,3.52,14288233.0,49779862.0,710216194.0,0.020118145883899683
2024-02-28,3.53,3.59,3.23,3.24,21099133.0,72273832.0,710216194.0,0.029708042675242068
2024-02-29,3.29,3.37,3.25,3.37,12883650.0,42710101.0,710216194.0,0.018140462170312045
2024-03-01,3.36,3.4,3.31,3.35,12314600.0,41152586.0,710216194.0,0.017339227271970653
2024-03-04,3.35,3.37,3.26,3.33,8606900.0,28502235.0,710216194.0,0.012118704237825363
2024-03-05,3.33,3.33,3.24,3.25,7597500.0,24906061.0,710216194.0,0.01069744686784768
2024-03-06,3.25,3.3,3.22,3.28,6868182.0,22410243.0,710216194.0,0.00967055110545677
2024-03-07,3.29,3.38,3.27,3.3,8488870.0,28260089.0,710216194.0,0.011952515405471027
2024-03-08,3.32,3.35,3.24,3.29,5709000.0,18714234.0,710216194.0,0.008038397389739046
2024-03-11,3.3,3.37,3.26,3.34,6315600.0,20971476.0,710216194.0,0.008892503512810635
2024-03-12,3.37,3.42,3.33,3.42,7346152.0,24851198.0,710216194.0,0.010343543363360706
2024-03-13,3.44,3.46,3.35,3.38,7331702.0,24817515.0,710216194.0,0.010323197445987834
2024-03-14,3.38,3.41,3.32,3.36,6660400.0,22435013.0,710216194.0,0.009377989485832535
2024-03-15,3.35,3.43,3.33,3.42,7406150.0,25117614.0,710216194.0,0.010428021865128015
2024-03-18,3.46,3.5,3.41,3.46,7841000.0,27057060.0,710216194.0,0.011040300215964943
2024-03-19,3.48,3.51,3.46,3.47,8610750.0,29998105.0,710216194.0,0.012124125122384918
2024-03-20,3.47,3.6,3.45,3.57,12971908.0,45992239.0,710216194.0,0.018264731372768444
2024-03-21,3.56,3.62,3.53,3.59,9269200.0,33139811.0,710216194.0,0.01305123718426505
2024-03-22,3.57,3.59,3.45,3.53,10818832.0,38117669.0,710216194.0,0.015233153075639388
2024-03-25,3.5,3.52,3.4,3.41,8769105.0,30297355.0,710216194.0,0.01234709244041822
2024-03-26,3.4,3.56,3.39,3.54,12434351.0,43144109.0,710216194.0,0.01750783931012421
2024-03-27,3.47,3.54,3.41,3.42,14037170.0,48577077.0,710216194.0,0.019764643665672314
2024-03-28,3.4,3.48,3.36,3.43,7754904.0,26637539.0,710216194.0,0.010919075156993675
2024-03-29,3.45,3.55,3.43,3.53,10100802.0,35489106.0,710216194.0,0.0142221510651727
2024-04-01,3.51,3.67,3.5,3.66,13929100.0,50335307.0,710216194.0,0.019612478732074647
2024-04-02,3.65,3.69,3.58,3.62,9211800.0,33414609.0,710216194.0,0.012970416723558968
2024-04-03,3.59,3.85,3.59,3.78,24942705.0,93229884.0,710216194.0,0.03511987646961483
2024-04-08,3.73,3.73,3.62,3.63,19349107.0,70962825.0,710216194.0,0.027243967630509985
2024-04-09,3.63,3.65,3.54,3.63,13136600.0,47282052.0,710216194.0,0.018496621325984577
2024-04-10,3.59,3.64,3.48,3.54,12039100.0,42608842.0,710216194.0,0.01695131722102073
2024-04-11,3.5,3.6,3.46,3.51,9968200.0,35214027.0,710216194.0,0.014035444536765942
2024-04-12,3.5,3.56,3.4,3.41,10351852.0,35848313.0,710216194.0,0.014575634979114543
2024-04-15,3.4,3.41,3.07,3.11,19906684.0,63414137.0,710216194.0,0.028029048292863904
2024-04-16,3.14,3.15,2.81,2.82,18991900.0,55074808.0,710216194.0,0.026741012328986687
2024-04-17,2.88,3.06,2.88,3.06,13159416.0,39548387.0,710216194.0,0.018528746755104263
2024-04-18,3.09,3.16,3.01,3.11,12814402.0,39751858.0,710216194.0,0.01804295946538217
2024-04-19,3.07,3.14,3.02,3.06,8841800.0,27080899.0,710216194.0,0.012449448597056349
2024-04-22,3.08,3.1,2.94,3.03,8327601.0,25208585.0,710216194.0,0.011725445111436026
2024-04-23,3.05,3.09,3.03,3.06,6363352.0,19490580.0,710216194.0,0.008959739377612672
2024-04-24,3.06,3.14,3.05,3.09,5548400.0,17150247.0,710216194.0,0.007812269062397639
2024-04-25,3.08,3.18,3.07,3.15,7169050.0,22521825.0,710216194.0,0.010094179857577283
2024-04-26,3.15,3.17,3.1,3.16,6808202.0,21384626.0,710216194.0,0.009586097948084805
2024-04-29,3.14,3.22,3.11,3.21,9788934.0,31158330.0,710216194.0,0.013783034071453459
2024-04-30,3.21,3.34,3.2,3.24,11628084.0,37864571.0,710216194.0,0.01637259766566235
2024-05-06,3.27,3.31,3.19,3.24,8791700.0,28491337.0,710216194.0,0.012378906696683968
2024-05-07,3.24,3.26,3.2,3.24,5617650.0,18153205.0,710216194.0,0.007909774583371441
2024-05-08,3.24,3.26,3.19,3.19,6373100.0,20528874.0,710216194.0,0.008973464775713069
2024-05-09,3.19,3.27,3.19,3.23,5043151.0,16362830.0,710216194.0,0.007100867373350825
2024-05-10,3.25,3.27,3.17,3.17,7518700.0,24007576.0,710216194.0,0.010586494737122257
2024-05-13,3.14,3.17,3.08,3.12,6055770.0,18958191.0,710216194.0,0.008526657166029081
2024-05-14,3.16,3.26,3.13,3.24,8230352.0,26439908.0,710216194.0,0.011588516383505611
2024-05-15,3.24,3.26,3.18,3.19,4672800.0,15032459.0,710216194.0,0.0065794050311390115
2024-05-16,3.2,3.26,3.19,3.23,4840600.0,15682586.0,710216194.0,0.006815671116617766
2024-05-17,3.23,3.27,3.22,3.25,5968500.0,19364001.0,710216194.0,0.00840377908927264
2024-05-20,3.2,3.27,3.14,3.17,11683910.0,37317233.0,710216194.0,0.016451201899797853
2024-05-21,3.13,3.17,3.08,3.11,7734650.0,24031402.0,710216194.0,0.010890557080144529
2024-05-22,3.11,3.18,3.1,3.13,5512400.0,17321639.0,710216194.0,0.007761580271710898
2024-05-23,3.13,3.13,3.04,3.06,7222700.0,22202736.0,710216194.0,0.010169720235920162
2024-05-24,3.06,3.18,3.06,3.15,8967100.0,28126472.0,710216194.0,0.012625873749085479
2024-05-27,3.15,3.15,3.03,3.07,7551806.0,23153244.0,710216194.0,0.01063310871224657
2024-05-28,3.08,3.08,2.98,3.0,6854550.0,20696261.0,710216194.0,0.009651356950050058
2024-05-29,3.02,3.06,2.95,2.99,5900620.0,17736822.0,710216194.0,0.008308202558388862
2024-05-30,2.99,3.01,2.94,2.95,4948157.0,14686127.0,710216194.0,0.0069671137349481506
2024-05-31,2.97,2.98,2.94,2.97,3672807.0,10876505.0,710216194.0,0.005171392923772166
2024-06-03,2.99,2.99,2.87,2.9,7351300.0,21427266.0,710216194.0,0.01035079186042891
2024-06-04,2.89,2.91,2.81,2.85,6511250.0,18484282.0,710216194.0,0.00916798300997344
2024-06-05,2.85,2.85,2.75,2.75,6334700.0,17665439.0,710216194.0,0.00891939673231388
2024-06-06,2.74,2.77,2.54,2.55,14059911.0,36734794.0,710216194.0,0.019796663493144736
2024-06-07,2.61,2.71,2.59,2.69,10439591.0,27716090.0,710216194.0,0.014699173418171875
2024-06-11,2.7,2.7,2.6,2.7,8418852.0,22369016.0,710216194.0,0.011853928523629244
2024-06-12,2.7,2.75,2.68,2.74,4542350.0,12395602.0,710216194.0,0.00639572856599775
2024-06-13,2.74,2.74,2.64,2.64,4597300.0,12284749.0,710216194.0,0.006473099372893206
2024-06-14,2.64,2.67,2.6,2.65,3178600.0,8389511.0,710216194.0,0.004475538613246546
2024-06-17,2.65,2.65,2.57,2.59,4493200.0,11696141.0,710216194.0,0.006326524286490713
2024-06-18,2.59,2.63,2.55,2.58,5549961.0,14300439.0,710216194.0,0.007814466984682696
2024-06-19,2.57,2.61,2.54,2.55,5527760.0,14193226.0,710216194.0,0.007783207489070574
2024-06-20,2.5,2.55,2.45,2.47,9183100.0,22810840.0,710216194.0,0.012930006493205927
2024-06-21,2.49,2.53,2.45,2.49,5548900.0,13849224.0,710216194.0,0.007812973073379399
2024-06-24,2.45,2.48,2.38,2.4,7661339.0,18542831.0,710216194.0,0.01078733358197687
2024-06-25,2.39,2.42,2.36,2.37,7194750.0,17184545.0,710216194.0,0.010130366022039762
2024-06-26,2.36,2.47,2.35,2.46,6279701.0,15165834.0,710216194.0,0.00884195693234221
2024-06-27,2.46,2.53,2.43,2.44,5705950.0,14108542.0,710216194.0,0.008034102922750308
2024-06-28,2.45,2.47,2.4,2.42,4304451.0,10478308.0,710216194.0,0.006060761548898165
2024-07-01,2.41,2.46,2.4,2.46,4126100.0,10039345.0,710216194.0,0.005809639423682305
2024-07-02,2.46,2.57,2.43,2.56,7847300.0,19885751.0,710216194.0,0.011049170754335123
2024-07-03,2.57,2.66,2.55,2.58,6216300.0,16162863.0,710216194.0,0.00875268693183304
2024-07-04,2.59,2.59,2.47,2.48,7076800.0,17712372.0,710216194.0,0.009964289831442508
2024-07-05,2.48,2.52,2.45,2.52,4718151.0,11737639.0,710216194.0,0.0066432602352066335
2024-07-08,2.52,2.53,2.42,2.45,4669500.0,11486116.0,710216194.0,0.006574758558659393
2024-07-09,2.46,2.52,2.37,2.46,7047202.0,17224299.0,710216194.0,0.009922615197366227
2024-07-10,2.43,2.47,2.37,2.43,6443600.0,15593482.0,710216194.0,0.00907273032414127
2024-07-11,2.44,2.49,2.38,2.45,12548318.0,30718251.0,710216194.0,0.01766830734924076
2024-07-12,2.45,2.51,2.38,2.43,11658210.0,28552626.0,710216194.0,0.016415015735335374
2024-07-15,2.42,2.46,2.38,2.44,7614500.0,18483209.0,710216194.0,0.01072138324122753
2024-07-16,2.45,2.57,2.4,2.48,14429850.0,35774611.0,710216194.0,0.02031754573030758
2024-07-17,2.47,2.53,2.44,2.48,9554960.0,23719271.0,710216194.0,0.013453593540560693
2024-07-18,2.46,2.47,2.41,2.43,6302700.0,15357685.0,710216194.0,0.008874340029481221
2024-07-19,2.43,2.47,2.38,2.46,7336664.0,17774858.0,710216194.0,0.010330184050970824
2024-07-22,2.44,2.59,2.44,2.59,14726456.0,37445758.0,710216194.0,0.02073517349281957
2024-07-23,2.59,2.62,2.54,2.57,9899805.0,25503457.0,710216194.0,0.01393914287457095
2024-07-24,2.6,2.69,2.53,2.57,10357800.0,26905504.0,710216194.0,0.014584009893753563
2024-07-25,2.55,2.59,2.52,2.56,4846200.0,12367532.0,710216194.0,0.0068235560396134815
2024-07-26,2.56,2.57,2.51,2.54,5955100.0,15054714.0,710216194.0,0.008384911594961464
2024-07-29,2.54,2.55,2.49,2.5,5997000.0,15025018.0,710216194.0,0.008443907715232976
2024-07-30,2.51,2.53,2.49,2.49,6592955.0,16518402.0,710216194.0,0.00928302544450289
2024-07-31,2.49,2.56,2.49,2.55,10795712.0,27328125.0,710216194.0,0.015200599607842792
2024-08-01,2.55,2.58,2.52,2.54,6355202.0,16161968.0,710216194.0,0.008948263998609977
2024-08-02,2.52,2.58,2.5,2.54,8848503.0,22533511.0,710216194.0,0.012458886568277828
2024-08-05,2.53,2.58,2.47,2.48,9837110.0,24935082.0,710216194.0,0.013850866937568027
2024-08-06,2.5,2.57,2.49,2.57,8351750.0,21192702.0,710216194.0,0.011759447433833085
2024-08-07,2.59,2.59,2.52,2.54,5781500.0,14702135.0,710216194.0,0.00814047898209429
2024-08-08,2.55,2.63,2.53,2.61,9708803.0,25104107.0,710216194.0,0.01367020786349459
2024-08-09,2.61,2.63,2.54,2.55,7846100.0,20195811.0,710216194.0,0.011047481127978898
2024-08-12,2.56,2.57,2.5,2.51,5449200.0,13760524.0,710216194.0,0.007672593283616397
2024-08-13,2.5,2.53,2.46,2.49,4240800.0,10532692.0,710216194.0,0.0059711395428981165
2024-08-14,2.48,2.51,2.46,2.47,4412103.0,10961122.0,710216194.0,0.006212337929315084
2024-08-15,2.47,2.51,2.45,2.49,4804000.0,11926337.0,710216194.0,0.006764137512752912
2024-08-16,2.49,2.5,2.46,2.46,6012500.0,14870313.0,710216194.0,0.008465732055667545
2024-08-19,2.46,2.52,2.44,2.48,6311600.0,15685508.0,710216194.0,0.008886871424956554
2024-08-20,2.48,2.5,2.43,2.44,4923700.0,12078517.0,710216194.0,0.006932677741786327
2024-08-21,2.43,2.51,2.4,2.49,6832600.0,16771527.0,710216194.0,0.00962045086795078
2024-08-22,2.5,2.74,2.47,2.73,23845154.0,62362429.0,710216194.0,0.033574500555530844
2024-08-23,2.61,2.68,2.54,2.59,22166109.0,58103607.0,710216194.0,0.031210368317791413
2024-08-26,2.59,2.66,2.58,2.62,11200420.0,29316122.0,710216194.0,0.01577043736065528
2024-08-27,2.62,2.66,2.56,2.57,7955401.0,20660053.0,710216194.0,0.011201379336613661
2024-08-28,2.56,2.62,2.52,2.6,4741952.0,12221267.0,710216194.0,0.006676772565960387
2024-08-29,2.58,2.59,2.53,2.55,5774201.0,14740445.0,710216194.0,0.008130201829782552
2024-08-30,2.56,2.66,2.55,2.61,9250101.0,24172548.0,710216194.0,0.013024345372783769
2024-09-02,2.61,2.64,2.56,2.59,5025801.0,13071156.0,710216194.0,0.007076438192283743
2024-09-03,2.61,2.61,2.56,2.58,3985300.0,10272419.0,710216194.0,0.005611389931218606
2024-09-04,2.57,2.59,2.51,2.52,4768300.0,12094741.0,710216194.0,0.006713871128655228
2024-09-05,2.51,2.57,2.5,2.55,2949400.0,7492668.0,710216194.0,0.004152819979207627
2024-09-06,2.56,2.59,2.51,2.51,4025202.0,10188411.0,710216194.0,0.005667572823607005
2024-09-09,2.51,2.56,2.48,2.54,5059315.0,12826137.0,710216194.0,0.007123626640369172
2024-09-10,2.56,2.66,2.51,2.61,9137701.0,23599234.0,710216194.0,0.012866083704084055
2024-09-11,2.6,2.61,2.51,2.53,5744300.0,14617602.0,710216194.0,0.008088100565051323
2024-09-12,2.55,2.58,2.52,2.54,3144800.0,8021156.0,710216194.0,0.00442794747087955
2024-09-13,2.55,2.57,2.5,2.54,4102600.0,10430615.0,710216194.0,0.005776550907539571
2024-09-18,2.5,2.54,2.43,2.46,6375400.0,15799302.0,710216194.0,0.008976703226229166
2024-09-19,2.49,2.63,2.49,2.59,9978500.0,25672456.0,710216194.0,0.014049947162990203
2024-09-20,2.63,2.63,2.54,2.56,4886400.0,12504524.0,710216194.0,0.006880158522547009
2024-09-23,2.55,2.58,2.53,2.58,4727802.0,12072503.0,710216194.0,0.006656849055176571
2024-09-24,2.6,2.65,2.58,2.65,7199102.0,18918633.0,710216194.0,0.010136493733625004
2024-09-25,2.65,2.75,2.65,2.69,9229950.0,24966463.0,710216194.0,0.012995972322196866
2024-09-26,2.68,2.78,2.65,2.78,9725950.0,26597156.0,710216194.0,0.013694351216103079
2024-09-27,2.82,2.89,2.79,2.87,11714870.0,33261199.0,710216194.0,0.01649479425978845
2024-09-30,2.93,3.11,2.86,3.07,27688812.0,83135837.0,710216194.0,0.03898645543979246
2024-10-08,3.35,3.38,3.02,3.15,34428612.0,109778300.0,710216194.0,0.048476241869528536
2024-10-09,3.08,3.09,2.85,2.86,20416119.0,60502483.0,710216194.0,0.028746343961850017
2024-10-10,2.9,3.04,2.89,2.94,16844085.0,49820434.0,710216194.0,0.02371684163540771
2024-10-11,2.91,2.95,2.82,2.84,9391001.0,27035546.0,710216194.0,0.01322273566744382
2024-10-14,2.88,2.93,2.85,2.9,7585692.0,21870133.0,710216194.0,0.010680820944502428
2024-10-15,2.87,2.91,2.86,2.86,6231600.0,17981037.0,710216194.0,0.008774229667874906
2024-10-16,2.86,2.96,2.82,2.91,9653515.0,28112852.0,710216194.0,0.013592361145175464
2024-10-17,2.94,2.94,2.83,2.84,7143100.0,20590062.0,710216194.0,0.010057641687623924
2024-10-18,2.88,2.9,2.8,2.86,8155140.0,23384873.0,710216194.0,0.0114826162355853
2024-10-21,2.95,3.12,2.9,3.02,20297162.0,61456515.0,710216194.0,0.0285788498931355
2024-10-22,3.07,3.07,3.0,3.01,10227315.0,30952493.0,710216194.0,0.014400284147843579
2024-10-23,3.01,3.16,3.01,3.04,10002600.0,30756076.0,710216194.0,0.01408388049231105
2024-10-24,3.04,3.11,3.02,3.07,8678500.0,26613673.0,710216194.0,0.012219518610413437
2024-10-25,3.07,3.12,3.06,3.1,9488506.0,29349650.0,710216194.0,0.013360024848996895
2024-10-28,3.12,3.25,3.12,3.23,15333834.0,49005600.0,710216194.0,0.021590375056978778
2024-10-29,3.27,3.27,3.08,3.09,15427150.0,48572172.0,710216194.0,0.021721766034526663
2024-10-30,3.07,3.15,3.05,3.13,10438100.0,32400147.0,710216194.0,0.014697074057424266
2024-10-31,3.12,3.22,3.11,3.19,11733609.0,37303115.0,710216194.0,0.016521179183362864
2024-11-01,3.21,3.32,3.13,3.16,22619553.0,72559666.0,710216194.0,0.031848827429018046
2024-11-04,3.13,3.18,3.09,3.18,11656901.0,36602918.0,710216194.0,0.016413172634585124
2024-11-05,3.18,3.23,3.17,3.22,10999501.0,35278824.0,710216194.0,0.015487538995766688
2024-11-06,3.23,3.3,3.18,3.27,13412100.0,43573142.0,710216194.0,0.0188845313769345
2024-11-07,3.27,3.59,3.27,3.5,43596751.0,152342265.0,710216194.0,0.06138518294613823
2024-11-08,3.51,3.68,3.46,3.55,38086300.0,135224565.0,710216194.0,0.053626346909234235
2024-11-11,3.53,3.55,3.42,3.46,22601257.0,78103377.0,710216194.0,0.03182306625917347
2024-11-12,3.47,3.52,3.42,3.46,15363900.0,53258518.0,710216194.0,0.021632708645333988
2024-11-13,3.42,3.47,3.34,3.39,16824600.0,56990770.0,710216194.0,0.023689406327448512
2024-11-14,3.4,3.42,3.28,3.28,14504150.0,48304076.0,710216194.0,0.02042216176219716
2024-11-15,3.28,3.31,3.22,3.23,13328300.0,43556909.0,710216194.0,0.018766539136391473
2024-11-18,3.24,3.28,3.08,3.12,17601550.0,55672573.0,710216194.0,0.024783368992005835
2024-11-19,3.12,3.18,3.07,3.16,11832700.0,37016287.0,710216194.0,0.01666070148775008
2024-11-20,3.17,3.42,3.14,3.36,26752300.0,89246077.0,710216194.0,0.03766782597469187
2024-11-21,3.33,3.45,3.33,3.4,15762351.0,53641777.0,710216194.0,0.022193736404720728
2024-11-22,3.41,3.42,3.25,3.26,11589800.0,38655620.0,710216194.0,0.01631869295281093
2024-11-25,3.46,3.59,3.33,3.59,15227918.0,54017695.0,710216194.0,0.02144124300269053
2024-11-26,3.95,3.95,3.81,3.95,23675723.0,93322680.0,710216194.0,0.03333593798622959
2024-11-27,4.15,4.17,3.65,3.75,87353953.0,332960532.0,710216194.0,0.1229962844243453
2024-11-28,3.62,3.93,3.62,3.82,53586092.0,204301187.0,710216194.0,0.07545039447523495
2024-11-29,3.74,3.78,3.64,3.71,38373886.0,142286957.0,710216194.0,0.05403127431363527
2024-12-02,3.78,3.88,3.75,3.83,30742489.0,117374453.0,710216194.0,0.04328609972529013
2024-12-03,3.83,3.98,3.79,3.82,22430304.0,86008250.0,710216194.0,0.03158236068044373
2024-12-04,3.87,4.2,3.87,4.2,26277600.0,108129522.0,710216194.0,0.036999437948608646
2024-12-05,4.27,4.62,3.91,4.38,91488470.0,381258666.0,710216194.0,0.12881777516889456
2024-12-06,4.18,4.66,4.1,4.3,73715315.0,318291597.0,710216194.0,0.10379278256783878
2024-12-09,4.18,4.53,4.15,4.3,48088322.0,208855489.0,710216194.0,0.06770941356485037
2024-12-10,4.38,4.5,4.18,4.23,40589300.0,174215452.0,710216194.0,0.05715062588392627
2024-12-11,4.21,4.33,4.16,4.31,32964126.0,140929176.0,710216194.0,0.04641421341626012
2024-12-12,4.3,4.48,4.26,4.44,33182764.0,146012839.0,710216194.0,0.046722060522320336
2024-12-13,4.41,4.66,4.39,4.5,43059160.0,195998491.0,710216194.0,0.060628243010747235
2024-12-16,4.48,4.54,4.4,4.46,27298385.0,121752299.0,710216194.0,0.038436725648641014
2024-12-17,4.49,4.49,4.11,4.12,28186910.0,119134842.0,710216194.0,0.03968778836377814
2024-12-18,4.14,4.17,4.01,4.06,17807600.0,72315078.0,710216194.0,0.02507349191758925
2024-12-19,4.01,4.1,3.92,4.0,15043279.0,59980071.0,710216194.0,0.02118126723536805
2024-12-20,4.04,4.1,4.02,4.05,11711700.0,47401357.0,710216194.0,0.016490330830164088
2024-12-23,4.05,4.05,3.71,3.74,18626700.0,71295864.0,710216194.0,0.026226802707908968
2024-12-24,3.7,3.77,3.58,3.68,15338832.0,56208720.0,710216194.0,0.02159741235075245
2024-12-25,3.67,3.78,3.58,3.63,13168401.0,48391172.0,710216194.0,0.018541397832446495
2024-12-26,3.66,3.75,3.6,3.68,7842384.0,28976014.0,710216194.0,0.011042248918362457
2024-12-27,3.67,3.88,3.65,3.82,14437682.0,54729022.0,710216194.0,0.020328573358325875
2024-12-30,3.79,3.81,3.6,3.66,13756449.0,50217633.0,710216194.0,0.019369382332050853
2024-12-31,3.67,3.82,3.63,3.67,15517294.0,57478281.0,710216194.0,0.021848690766406265
2025-01-02,3.62,3.83,3.6,3.68,15355864.0,57414660.0,710216194.0,0.021621393780835135
2025-01-03,3.72,3.75,3.41,3.42,17788166.0,62647486.0,710216194.0,0.02504612841875019
2025-01-06,3.39,3.44,3.23,3.4,9186700.0,30923065.0,710216194.0,0.0129350753722746
2025-01-07,3.41,3.49,3.41,3.49,8217750.0,28354646.0,710216194.0,0.011570772490721325
2025-01-08,3.49,3.64,3.44,3.55,11604706.0,40916738.0,710216194.0,0.01633968092819917
2025-01-09,3.51,3.56,3.47,3.54,7177200.0,25362153.0,710216194.0,0.010105655236579976
2025-01-10,3.53,3.58,3.42,3.42,7786199.0,27199673.0,710216194.0,0.010963139204342052
2025-01-13,3.44,3.65,3.36,3.52,16645210.0,58386507.0,710216194.0,0.023436821267412554
2025-01-14,3.5,3.74,3.5,3.73,13428005.0,48871332.0,710216194.0,0.018906925966264296
2025-01-15,3.72,3.78,3.67,3.69,8993180.0,33524254.0,710216194.0,0.012662594961894097
2025-01-16,3.74,3.79,3.7,3.78,9660700.0,36228230.0,710216194.0,0.01360247778298336
2025-01-17,3.78,3.79,3.64,3.68,14132000.0,52438452.0,710216194.0,0.01989816638847297
2025-01-20,3.67,3.72,3.57,3.69,9393900.0,34446707.0,710216194.0,0.013226817523116066
2025-01-21,3.69,3.75,3.61,3.64,7755750.0,28347864.0,710216194.0,0.010920266343574812
2025-01-22,3.63,3.63,3.55,3.56,5268499.0,18817455.0,710216194.0,0.007418162306786263
2025-01-23,3.6,3.71,3.55,3.57,5897699.0,21372162.0,710216194.0,0.008304089726233418
2025-01-24,3.6,3.76,3.55,3.7,14230914.0,52451758.0,710216194.0,0.020037439472972648
2025-01-27,3.75,3.78,3.63,3.64,10309799.0,38122971.0,710216194.0,0.01451642343148261
2025-02-05,3.7,3.7,3.61,3.62,5808697.0,21138156.0,710216194.0,0.008178772955436158
2025-02-06,3.63,3.71,3.6,3.69,7543747.0,27587143.0,710216194.0,0.010621761463242558
2025-02-07,3.68,3.8,3.68,3.74,8060990.0,30208359.0,710216194.0,0.011350050967719837
2025-02-10,3.75,3.83,3.72,3.82,9214793.0,34898075.0,710216194.0,0.012974630933295785
2025-02-11,3.82,3.84,3.71,3.73,6407095.0,23984614.0,710216194.0,0.009021330482362953
2025-02-12,3.75,3.75,3.67,3.72,5998250.0,22200272.0,710216194.0,0.008445667742687377
2025-02-13,3.72,3.76,3.68,3.69,7592850.0,28268303.0,710216194.0,0.010690899565717308
2025-02-14,3.67,3.7,3.63,3.64,7002001.0,25638136.0,710216194.0,0.009858971196593132
2025-02-17,3.68,3.77,3.63,3.74,11000500.0,40895234.0,710216194.0,0.015488945609708246
2025-02-18,3.72,3.86,3.66,3.67,15074279.0,56332510.0,710216194.0,0.02122491591623719
2025-02-19,3.65,3.76,3.6,3.75,9473879.0,34985293.0,710216194.0,0.01333942971173648
2025-02-20,3.73,3.78,3.72,3.74,7304201.0,27342279.0,710216194.0,0.010284475433969055
2025-02-21,3.75,3.76,3.66,3.71,6447650.0,23836833.0,710216194.0,0.00907843281309353
2025-02-24,3.74,3.86,3.71,3.73,14997727.0,56439936.0,710216194.0,0.021117129018885763
2025-02-25,3.66,3.74,3.66,3.68,7644599.0,28252311.0,710216194.0,0.010763763294307536
2025-02-26,3.7,3.72,3.65,3.69,5965948.0,21905849.0,710216194.0,0.008400185817221734
2025-02-27,3.7,3.74,3.63,3.72,10167100.0,37540285.0,710216194.0,0.014315500105310186
2025-02-28,3.71,3.73,3.62,3.63,6497900.0,23828073.0,710216194.0,0.009149185916760439
2025-03-03,3.64,3.69,3.61,3.62,5995299.0,21871091.0,710216194.0,0.008441512669873027
2025-03-04,3.6,3.64,3.57,3.64,4743100.0,17124525.0,710216194.0,0.006678388975174508
2025-03-05,3.65,3.65,3.53,3.59,7623240.0,27147771.0,710216194.0,0.0107336893531887
2025-03-06,3.58,3.61,3.5,3.58,10250634.0,36310785.0,710216194.0,0.014433117812010916
2025-03-07,3.57,3.59,3.48,3.49,10023899.0,35286923.0,710216194.0,0.014113869952112074
2025-03-10,3.53,3.56,3.48,3.51,5978351.0,21017121.0,710216194.0,0.008417649513635281
2025-03-11,3.48,3.59,3.47,3.58,10101902.0,35798268.0,710216194.0,0.01422369988933257
2025-03-12,3.57,3.68,3.54,3.63,8929300.0,32182107.0,710216194.0,0.0125726505188644
2025-03-13,3.61,3.74,3.54,3.7,12688448.0,46114896.0,710216194.0,0.017865613466988898
2025-03-14,3.76,4.07,3.72,3.87,36913294.0,142431166.0,710216194.0,0.0519747286978928
2025-03-17,3.86,4.07,3.86,3.95,34350354.0,136504350.0,710216194.0,0.04836605288670734
2025-03-18,3.92,3.96,3.81,3.85,21676803.0,83620160.0,710216194.0,0.030521414722909007
2025-03-19,3.85,3.88,3.77,3.8,13585848.0,51572644.0,710216194.0,0.019129172377052275
2025-03-20,3.81,3.98,3.77,3.91,25127200.0,97863832.0,710216194.0,0.03537964948177456
2025-03-21,3.91,4.13,3.9,3.98,30867560.0,124108869.0,710216194.0,0.04346220244028961
2025-03-24,3.95,4.0,3.74,3.84,21336999.0,82147817.0,710216194.0,0.03004296322761686
2025-03-25,3.83,3.91,3.76,3.82,12408782.0,47356868.0,710216194.0,0.01747183759653895
2025-03-26,3.8,3.91,3.78,3.85,11494905.0,44426523.0,710216194.0,0.016185078708582643
2025-03-27,3.84,3.86,3.74,3.79,9825000.0,37126105.0,710216194.0,0.013833815791589793
2025-03-28,3.81,3.81,3.66,3.66,9540000.0,35361512.0,710216194.0,0.013432529531986426
2025-03-31,3.65,3.66,3.55,3.62,8089000.0,29139943.0,710216194.0,0.01138948966291805
2025-04-01,3.63,3.68,3.6,3.63,7601899.0,27683668.0,710216194.0,0.010703640756465207
2025-04-02,3.64,3.65,3.59,3.59,5704099.0,20592458.0,710216194.0,0.008031496674095832
2025-04-03,3.57,3.66,3.57,3.63,6119400.0,22166982.0,710216194.0,0.008616249603567896
2025-04-07,3.51,3.52,3.27,3.27,14039132.0,46975666.0,710216194.0,0.01976740620476474
2025-04-08,3.27,3.47,3.27,3.45,16902500.0,57028194.0,710216194.0,0.023799091238406764
2025-04-09,3.39,3.6,3.23,3.55,20886898.0,71508136.0,710216194.0,0.029409211133814277
2025-04-10,3.55,3.7,3.54,3.63,15353046.0,55655974.0,710216194.0,0.021617425974941935
2025-04-11,3.59,3.66,3.57,3.58,9972277.0,35957664.0,710216194.0,0.014041185042311215
2025-04-14,3.61,3.71,3.61,3.69,12820598.0,47129373.0,710216194.0,0.018051683569468145
2025-04-15,3.66,3.75,3.65,3.72,13542101.0,50214072.0,710216194.0,0.019067575640214142
2025-04-16,3.7,3.76,3.6,3.71,14459300.0,53479028.0,710216194.0,0.020359011977133263
2025-04-17,3.67,3.75,3.65,3.71,7227988.0,26855520.0,710216194.0,0.01017716585606326
2025-04-18,3.69,3.74,3.62,3.66,8531133.0,31218732.0,710216194.0,0.012012022637715298
2025-04-21,3.65,3.69,3.6,3.63,6456400.0,23549399.0,710216194.0,0.009090753005274335
2025-04-22,3.65,3.7,3.6,3.63,7599300.0,27662275.0,710216194.0,0.010699981307382016
2025-04-23,3.65,3.66,3.55,3.57,9251600.0,33224351.0,710216194.0,0.013026455997707086
2025-04-24,3.57,3.64,3.55,3.57,6657399.0,23889582.0,710216194.0,0.00937376401192001
2025-04-25,3.57,3.64,3.57,3.57,6754650.0,24357076.0,710216194.0,0.009510695555894351
2025-04-28,3.59,3.6,3.49,3.54,6447100.0,22781107.0,710216194.0,0.009077658401013593
2025-04-29,3.52,3.59,3.52,3.56,4952199.0,17652110.0,710216194.0,0.006972804959724701
2025-04-30,3.56,3.71,3.56,3.61,9532148.0,34827429.0,710216194.0,0.013421473743528861
2025-05-06,3.63,3.73,3.63,3.73,6845098.0,25327975.0,710216194.0,0.009638048326450861
2025-05-07,3.75,3.82,3.74,3.79,8923453.0,33751073.0,710216194.0,0.012564417814443696
2025-05-08,3.8,3.83,3.75,3.81,7584250.0,28829741.0,710216194.0,0.010678790576831031
2025-05-09,3.81,3.83,3.78,3.79,5002690.0,19022497.0,710216194.0,0.007043897396684818
2025-05-12,3.81,3.82,3.74,3.78,5525001.0,20820282.0,710216194.0,0.007779322756473221
2025-05-13,3.8,3.89,3.77,3.82,8630378.0,33129871.0,710216194.0,0.0121517617774849
2025-05-14,3.8,3.88,3.78,3.87,7924051.0,30441848.0,710216194.0,0.011157237848057291
2025-05-15,3.86,4.14,3.85,4.05,24068410.0,96117635.0,710216194.0,0.0338888499070186
2025-05-16,4.14,4.14,3.89,3.91,22957659.0,91244744.0,710216194.0,0.03232488810301613
2025-05-19,3.9,4.06,3.87,4.04,14802668.0,59028651.0,710216194.0,0.0208424816627034
2025-05-20,4.07,4.15,4.03,4.14,12075500.0,49388522.0,710216194.0,0.01700256922049288
2025-05-21,4.13,4.18,4.07,4.11,9050900.0,37165400.0,710216194.0,0.012743865989628504
2025-05-22,4.1,4.14,4.06,4.11,11061393.0,45270755.0,710216194.0,0.015574684291132906
2025-05-23,4.14,4.17,3.93,4.05,20215635.0,82055633.0,710216194.0,0.028464058086515556
2025-05-26,4.06,4.12,3.96,3.98,12799100.0,51717647.0,710216194.0,0.01802141391329638
2025-05-27,4.0,4.09,3.98,4.05,10337865.0,41730521.0,710216194.0,0.01455594097591078
2025-05-28,4.06,4.08,3.93,3.97,11631365.0,46314225.0,710216194.0,0.016377217385724663
2025-05-29,3.95,4.0,3.95,3.97,7625300.0,30269140.0,710216194.0,0.010736589878433553
2025-05-30,3.98,4.01,3.91,3.92,7751700.0,30582371.0,710216194.0,0.010914563854622555
2025-06-03,3.92,4.01,3.87,3.96,10218299.0,40455610.0,710216194.0,0.014387589421820477
2025-06-04,3.97,4.02,3.94,3.98,7997200.0,31809816.0,710216194.0,0.011260233246666859
2025-06-05,4.03,4.03,3.87,3.89,10148550.0,39836025.0,710216194.0,0.01428938129788688
2025-06-06,3.86,3.91,3.84,3.87,9149749.0,35350989.0,710216194.0,0.012883047552700552
2025-06-09,3.87,3.92,3.86,3.9,6412049.0,25009545.0,710216194.0,0.009028305823170234
2025-06-10,3.9,3.92,3.81,3.89,10358444.0,40026575.0,710216194.0,0.01458491665989807
2025-06-11,3.87,3.94,3.87,3.9,7587300.0,29643850.0,710216194.0,0.01068308504381977
2025-06-12,3.88,3.91,3.79,3.83,7436100.0,28476595.0,710216194.0,0.010470192122935457
2025-06-13,3.82,3.84,3.77,3.78,6273300.0,23795868.0,710216194.0,0.008832944183753714
2025-06-16,3.78,3.8,3.73,3.77,7062300.0,26615660.0,710216194.0,0.00994387351297146
2025-06-17,3.81,3.85,3.75,3.78,8169750.0,31061330.0,710216194.0,0.011503187436472337
2025-06-18,3.78,3.78,3.68,3.72,8050200.0,29960249.0,710216194.0,0.01133485841073345
2025-06-19,3.69,3.82,3.68,3.71,11613553.0,43450324.0,710216194.0,0.016352137698510433
2025-06-20,3.7,3.74,3.66,3.67,6497300.0,23955613.0,710216194.0,0.009148341103582328
2025-06-23,3.65,3.73,3.62,3.72,5910700.0,21844655.0,710216194.0,0.008322395419781149
2025-06-24,3.72,3.78,3.7,3.78,7477400.0,28101648.0,710216194.0,0.010528343430028857
2025-06-25,3.78,3.8,3.75,3.79,5479000.0,20694658.0,710216194.0,0.0077145523381293105
2025-06-26,3.81,3.9,3.79,3.86,7718048.0,29631346.0,710216194.0,0.01086718109950616
2025-06-27,3.86,3.93,3.84,3.9,7698799.0,29908466.0,710216194.0,0.010840078084730352
2025-06-30,4.01,4.04,3.86,3.88,7039598.0,27471997.0,710216194.0,0.009911908598355616
2025-07-01,3.88,3.91,3.84,3.89,6998814.0,27120772.0,710216194.0,0.009854483830595392
2025-07-02,4.02,4.28,3.91,4.28,44190847.0,182062874.0,710216194.0,0.06222168316257796
2025-07-03,4.28,4.28,4.01,4.1,60495499.0,246945509.0,710216194.0,0.08517899128613786
2025-07-04,4.07,4.08,3.93,3.96,34178846.0,136195212.0,710216194.0,0.04812456585578785
2025-07-07,3.93,3.98,3.89,3.95,17692998.0,69791573.0,710216194.0,0.024912129784525866
2025-07-08,3.94,4.01,3.9,4.0,18413865.0,72665506.0,710216194.0,0.025927126353303062
2025-07-09,4.0,4.01,3.94,3.96,14790848.0,58783165.0,710216194.0,0.020825838843094586
2025-07-10,3.98,4.01,3.93,3.97,11267898.0,44675174.0,710216194.0,0.015865447866709726
2025-07-11,3.97,4.03,3.96,3.99,13985365.0,55856366.0,710216194.0,0.01969170108785213
2025-07-14,4.0,4.01,3.96,3.98,9230997.0,36781444.0,710216194.0,0.012997446521192672
2025-07-15,4.02,4.05,3.91,3.97,14370898.0,57129952.0,710216194.0,0.020234540019514115
2025-07-16,4.0,4.02,3.97,4.0,10358499.0,41432511.0,710216194.0,0.014584994101106063
2025-07-17,4.01,4.05,3.99,4.02,8827498.0,35452889.0,710216194.0,0.012429311066934078
2025-07-18,4.02,4.04,4.0,4.04,8863098.0,35642769.0,710216194.0,0.01247943664883541
2025-07-21,4.04,4.18,4.03,4.16,16586248.0,68294497.0,710216194.0,0.02335380147639945
2025-07-22,4.16,4.24,4.15,4.21,15944102.0,66787540.0,710216194.0,0.02244964580461256
2025-07-23,4.2,4.26,4.18,4.19,12651600.0,53361654.0,710216194.0,0.017813730673677093
2025-07-24,4.19,4.24,4.17,4.22,10848615.0,45710665.0,710216194.0,0.015275088193778921
2025-07-25,4.23,4.32,4.2,4.31,15966098.0,68297337.0,710216194.0,0.02248061665572216
2025-07-28,4.3,4.35,4.24,4.27,10196190.0,43651561.0,710216194.0,0.014356459464229001
2025-07-29,4.27,4.3,4.2,4.27,12590257.0,53397992.0,710216194.0,0.017727358382368847
2025-07-30,4.24,4.42,4.24,4.38,20000349.0,86886617.0,710216194.0,0.02816093067007706
2025-07-31,4.38,4.39,4.2,4.22,15798669.0,67074993.0,710216194.0,0.02224487294639187
2025-08-01,4.2,4.29,4.19,4.23,11558599.0,49003459.0,710216194.0,0.016274761259527124
2025-08-04,4.19,4.28,4.19,4.27,10965800.0,46658943.0,710216194.0,0.015440087247574081
2025-08-05,4.25,4.31,4.25,4.29,8821498.0,37779071.0,710216194.0,0.012420862935152955
2025-08-06,4.27,4.32,4.23,4.24,9098800.0,38684072.0,710216194.0,0.012811310241681141
2025-08-07,4.26,4.27,4.22,4.25,7939399.0,33714620.0,710216194.0,0.011178848169153406
2025-08-08,4.3,4.32,4.24,4.31,9424010.0,40368390.0,710216194.0,0.013269213064437672
2025-08-11,4.32,4.43,4.31,4.34,12357509.0,53982334.0,710216194.0,0.01739964408640336
2025-08-12,4.35,4.49,4.32,4.35,14504248.0,63594167.0,710216194.0,0.020422299748349585
2025-08-13,4.36,4.37,4.28,4.33,8621498.0,37175685.0,710216194.0,0.012139258542448836
2025-08-14,4.33,4.34,4.23,4.23,8301799.0,35507620.0,710216194.0,0.011689115328733268
2025-08-15,4.25,4.31,4.21,4.23,12704799.0,54017794.0,710216194.0,0.017888636034114423
2025-08-18,4.23,4.34,4.22,4.25,11591949.0,49376094.0,710216194.0,0.016321718792010536
2025-08-19,4.24,4.33,4.21,4.32,12704701.0,54610020.0,710216194.0,0.017888498047961998
2025-08-20,4.33,4.37,4.28,4.36,11045300.0,47849812.0,710216194.0,0.015552024993673969
2025-08-21,4.39,4.45,4.34,4.42,12270900.0,54016601.0,710216194.0,0.0172776967121648
2025-08-22,4.41,4.43,4.33,4.38,11719248.0,51186196.0,710216194.0,0.01650095857994474
2025-08-25,4.39,4.4,4.32,4.36,14205599.0,61683108.0,710216194.0,0.020001795396966126
2025-08-26,4.39,4.45,4.34,4.41,11259649.0,49630705.0,710216194.0,0.015853833093532645
2025-08-27,4.44,4.49,4.3,4.3,11296615.0,49592250.0,710216194.0,0.015905882033436146
2025-08-28,4.28,4.39,4.17,4.32,12117476.0,51939163.0,710216194.0,0.01706167235043362
2025-08-29,4.33,4.44,4.29,4.36,14625210.0,63795338.0,710216194.0,0.020592616901100962
2025-09-01,4.35,4.41,4.3,4.35,12198799.0,53175281.0,710216194.0,0.017176176920573005
2025-09-02,4.39,4.4,4.26,4.3,13704849.0,59045901.0,710216194.0,0.019296728398733188
2025-09-03,4.33,4.36,4.15,4.17,11566100.0,49036151.0,710216194.0,0.016285322832275493
2025-09-04,4.21,4.37,4.16,4.27,16031400.0,68725776.0,710216194.0,0.02257256330598398
2025-09-05,4.27,4.29,4.16,4.28,11561601.0,48978175.0,710216194.0,0.01627898814146161
2025-09-08,4.26,4.38,4.26,4.36,11887900.0,51684741.0,710216194.0,0.016738424300136417
2025-09-09,4.35,4.37,4.31,4.33,7675601.0,33294958.0,710216194.0,0.0108074147912206
2025-09-10,4.32,4.4,4.3,4.39,9145901.0,39889732.0,710216194.0,0.012877629484184925
2025-09-11,4.37,4.43,4.28,4.37,12990200.0,56238178.0,710216194.0,0.018290486910525164
2025-09-12,4.36,4.41,4.32,4.37,10491050.0,45878228.0,710216194.0,0.014771628820392681
2025-09-15,4.4,4.44,4.33,4.37,9946101.0,43432954.0,710216194.0,0.0140043286593941
2025-09-16,4.39,4.39,4.31,4.39,9909049.0,43143315.0,710216194.0,0.013952158629601735
2025-09-17,4.38,4.42,4.27,4.29,13079809.0,56419311.0,710216194.0,0.01841665835065428
2025-09-18,4.29,4.3,4.12,4.16,13741086.0,57813313.0,710216194.0,0.019347750890625286
2025-09-19,4.16,4.18,4.06,4.09,12642348.0,51868917.0,710216194.0,0.0178007036544706
2025-09-22,4.06,4.12,3.97,4.01,11688900.0,46854876.0,710216194.0,0.01645822792939582
2025-09-23,4.01,4.01,3.8,3.91,17120624.0,66429365.0,710216194.0,0.02410621462117773
2025-09-24,3.91,3.96,3.87,3.95,10118271.0,39851688.0,710216194.0,0.01424674780085344
2025-09-25,3.95,3.97,3.84,3.88,10970501.0,42774368.0,710216194.0,0.015446706358824593
2025-09-26,3.9,3.99,3.83,3.95,11038799.0,43451564.0,710216194.0,0.015542871442889121
2025-09-29,3.96,3.99,3.83,3.99,10229100.0,40328584.0,710216194.0,0.014402797467048463
2025-09-30,4.01,4.02,3.93,3.96,8171200.0,32383612.0,710216194.0,0.011505229068319443
2025-10-09,3.92,3.96,3.87,3.93,9256701.0,36218220.0,710216194.0,0.013033638317743006
2025-10-10,3.92,4.08,3.91,3.99,11454259.0,45741223.0,710216194.0,0.016127848247853384
2025-10-13,3.93,4.01,3.85,3.97,11912650.0,47111121.0,710216194.0,0.01677327284373355
2025-10-14,3.97,4.03,3.94,4.0,12653306.0,50551881.0,710216194.0,0.01781613275914686
2025-10-15,4.04,4.05,3.97,4.04,9309002.0,37494717.0,710216194.0,0.013107279274457095
2025-10-16,4.02,4.05,3.73,3.76,30552700.0,117489436.0,710216194.0,0.043018872644855516
2025-10-17,3.76,3.79,3.68,3.71,19585581.0,73385166.0,710216194.0,0.027576928216311553
2025-10-20,3.77,3.8,3.7,3.8,14255427.0,53693620.0,710216194.0,0.02007195431536443
2025-10-21,3.81,4.03,3.77,4.0,20728224.0,81088658.0,710216194.0,0.02918579465677461
2025-10-22,4.02,4.03,3.94,3.96,14721700.0,58638262.0,710216194.0,0.020728476940361062
2025-10-23,3.95,3.99,3.91,3.96,8945100.0,35243099.0,710216194.0,0.012594897265888026
2025-10-24,4.0,4.0,3.91,3.94,9599600.0,37883193.0,710216194.0,0.013516447641012253
2025-10-27,3.95,3.98,3.86,3.91,12215700.0,47804905.0,710216194.0,0.017199973899778467
2025-10-28,3.91,3.95,3.88,3.91,8839600.0,34595579.0,710216194.0,0.012446350948736603
2025-10-29,3.9,3.92,3.78,3.86,11362202.0,43585995.0,710216194.0,0.015998229969957572
2025-10-30,3.84,3.86,3.7,3.71,16092706.0,60394923.0,710216194.0,0.022658883500479572
2025-10-31,3.72,3.83,3.67,3.78,17723602.0,66454946.0,710216194.0,0.02495522088869745
2025-11-03,3.79,3.89,3.78,3.87,17080350.0,65643472.0,710216194.0,0.0240495079446189
2025-11-04,3.87,3.93,3.82,3.91,11518053.0,44677685.0,710216194.0,0.01621767160099422
2025-11-05,3.92,3.99,3.89,3.95,10924699.0,43139888.0,710216194.0,0.015382216136851421
2025-11-06,3.96,3.97,3.87,3.95,10760900.0,42265657.0,710216194.0,0.015151583547248713
2025-11-07,3.92,3.97,3.89,3.94,8252400.0,32475495.0,710216194.0,0.011619560451757313
2025-11-10,3.96,4.02,3.91,3.99,8954761.0,35651590.0,710216194.0,0.012608500166077598
2025-11-11,3.99,4.07,3.96,4.05,8560200.0,34459650.0,710216194.0,0.012052949612128952
2025-11-12,4.05,4.07,4.01,4.04,8318303.0,33597654.0,710216194.0,0.011712353323219212
2025-11-13,4.08,4.1,3.99,4.07,10096400.0,40913737.0,710216194.0,0.01421595295248928
2025-11-14,4.04,4.18,4.04,4.14,13555600.0,56139337.0,710216194.0,0.019086582528699703
2025-11-17,4.46,4.55,4.18,4.23,73787221.0,323475388.0,710216194.0,0.10389402779514768
2025-11-18,4.15,4.25,4.05,4.16,64935798.0,267877840.0,710216194.0,0.09143102980273637
2025-11-19,4.27,4.58,4.08,4.58,88552062.0,383597332.0,710216194.0,0.12468324821103699
2025-11-20,4.68,4.9,4.25,4.32,134644076.0,609447488.0,710216194.0,0.1895818162659355
2025-11-21,4.19,4.75,4.19,4.75,151301802.0,703938462.0,710216194.0,0.21303626033624348
2025-11-24,4.46,5.23,4.45,5.2,170263053.0,825818101.0,710216194.0,0.2397341182000702
2025-11-25,4.81,4.89,4.68,4.68,106524000.0,501855991.0,710216194.0,0.14998813164206728
2025-11-26,4.46,4.52,4.21,4.25,96908303.0,419662232.0,710216194.0,0.13644901907150825
2025-11-27,4.22,4.25,4.09,4.16,56061476.0,233669256.0,710216194.0,0.07893578951538241
2025-11-28,4.11,4.14,4.03,4.12,42089478.0,171971447.0,710216194.0,0.05926290945711666
2025-12-01,4.08,4.16,4.06,4.11,35911695.0,147553373.0,710216194.0,0.050564455307252544
2025-12-02,4.08,4.19,4.03,4.16,46435405.0,191446802.0,710216194.0,0.06538207012497381
2025-12-03,4.12,4.26,4.1,4.23,56382419.0,236688342.0,710216194.0,0.0793876843084206
2025-12-04,4.19,4.32,4.03,4.05,53913500.0,225104483.0,710216194.0,0.0759113921302673
2025-12-05,3.97,4.14,3.9,4.13,49409928.0,199506313.0,710216194.0,0.06957026383997096
2025-12-08,4.17,4.18,4.09,4.11,28698390.0,118126945.0,710216194.0,0.040407963437679655
2025-12-09,4.15,4.24,4.06,4.09,32882625.0,135861516.0,710216194.0,0.04629945821821123
2025-12-10,4.12,4.13,4.01,4.03,27440675.0,111198772.0,710216194.0,0.038637073093830354
2025-12-11,4.03,4.04,3.89,3.9,28454350.0,111990020.0,710216194.0,0.04006434975770209
2025-12-12,3.9,3.93,3.83,3.85,20924601.0,81241641.0,710216194.0,0.02946229778590489
2025-12-15,3.83,3.93,3.82,3.91,18597802.0,72351306.0,710216194.0,0.02618611368920715
2025-12-16,3.89,3.95,3.79,3.8,19726800.0,75763555.0,710216194.0,0.02777576766997797
2025-12-17,3.8,3.83,3.7,3.76,20959151.0,78391908.0,710216194.0,0.02951094494474453
2025-12-18,3.76,3.84,3.73,3.78,14280801.0,54256336.0,710216194.0,0.0201076814646668
2025-12-19,3.79,3.87,3.74,3.86,18925800.0,72320692.0,710216194.0,0.026647942077197975
2025-12-22,3.86,3.88,3.83,3.88,12496109.0,48288761.0,710216194.0,0.017594795930547313
2025-12-23,3.87,3.92,3.81,3.82,12981801.0,49872720.0,710216194.0,0.018278660934053555
2025-12-24,3.85,3.9,3.82,3.85,13064837.0,50352511.0,710216194.0,0.01839557744581645
2025-12-25,3.84,3.88,3.79,3.86,14779216.0,56613769.0,710216194.0,0.020809460731614913
2025-12-26,3.84,3.86,3.8,3.81,13073500.0,49955408.0,710216194.0,0.01840777514008643
2025-12-29,3.79,3.8,3.73,3.76,11337000.0,42636671.0,710216194.0,0.015962745000432925
2025-12-30,3.73,3.75,3.67,3.69,14800886.0,54742118.0,710216194.0,0.020839972567564407
2025-12-31,3.72,3.76,3.66,3.73,13917750.0,51638343.0,710216194.0,0.019596497682788688
2026-01-05,3.73,3.76,3.69,3.74,9992201.0,37319457.0,710216194.0,0.0140692384719124
2026-01-06,3.74,3.79,3.73,3.76,10707100.0,40233475.0,710216194.0,0.015075831965611306
2026-01-07,3.75,3.85,3.74,3.82,22111132.0,83998023.0,710216194.0,0.03113295949430294
2026-01-08,3.79,3.82,3.73,3.81,17000251.0,64207257.0,710216194.0,0.023936726793362867
2026-01-09,3.81,3.86,3.76,3.85,19998050.0,76304994.0,710216194.0,0.028157693627582928
2026-01-12,3.85,3.85,3.8,3.84,17590763.0,67191704.0,710216194.0,0.02476818065908534
2026-01-13,3.84,3.85,3.78,3.79,18026600.0,68694994.0,710216194.0,0.02538184872760026
2026-01-14,3.8,3.85,3.73,3.77,16999100.0,64440268.0,710216194.0,0.023935106160082854
2026-01-15,3.76,3.79,3.72,3.74,11902000.0,44580881.0,710216194.0,0.016758277409822057
2026-01-16,3.73,3.78,3.68,3.75,15323100.0,57122676.0,710216194.0,0.021575261349222347
2026-01-19,3.74,3.81,3.72,3.8,12454900.0,46959860.0,710216194.0,0.01753677275345259
2026-01-20,3.82,3.86,3.79,3.82,14908097.0,57035020.0,710216194.0,0.020990928010295413
2026-01-21,3.78,3.82,3.76,3.79,9328401.0,35337084.0,710216194.0,0.013134593492527432
2026-01-22,3.8,3.86,3.79,3.86,12909653.0,49567471.0,710216194.0,0.01817707496542947
2026-01-23,3.87,3.88,3.83,3.86,9907350.0,38149186.0,710216194.0,0.013949766400285713
2026-01-26,3.87,3.88,3.77,3.82,12222465.0,46598815.0,710216194.0,0.017209499168361682
2026-01-27,3.8,3.82,3.69,3.73,12166900.0,45314304.0,710216194.0,0.017131262427958663
2026-01-28,3.73,3.78,3.72,3.76,10338150.0,38831868.0,710216194.0,0.014556342262170384
2026-01-29,3.75,3.82,3.73,3.79,9510801.0,36032076.0,710216194.0,0.013391416698673587
2026-01-30,3.79,3.99,3.77,3.88,39512700.0,154860962.0,710216194.0,0.055634749438
2026-02-02,3.88,3.96,3.82,3.85,28866230.0,112717872.0,710216194.0,0.04064428584403695
2026-02-03,3.89,3.91,3.81,3.85,21448881.0,82370825.0,710216194.0,0.030200495540939468
2026-02-04,3.86,3.94,3.84,3.94,20451201.0,80133537.0,710216194.0,0.028795740188374247
2026-02-05,3.94,4.03,3.9,3.97,20253450.0,80621880.0,710216194.0,0.028517302437066086
2026-02-06,3.97,4.05,3.96,4.02,18087256.0,72623323.0,710216194.0,0.025467253707819566
2026-02-09,4.05,4.14,4.03,4.13,22052238.0,90314192.0,710216194.0,0.03105003544878336
2026-02-10,4.15,4.15,4.03,4.1,19066207.0,78026199.0,710216194.0,0.02684563821703001
2026-02-11,4.1,4.1,4.0,4.03,15391800.0,62238917.0,710216194.0,0.021671992458116213
2026-02-12,4.02,4.04,3.9,3.91,16967350.0,67037399.0,710216194.0,0.023890401462741077
2026-02-13,3.92,4.02,3.92,3.96,16252500.0,64624077.0,710216194.0,0.022883876962118382
2026-02-24,3.99,4.07,3.96,4.06,15027255.0,60536393.0,710216194.0,0.021158705091424597
2026-02-25,4.06,4.12,4.03,4.05,13922607.0,56598624.0,710216194.0,0.019603336445465507
2026-02-26,4.05,4.1,3.95,3.97,12186201.0,48788716.0,710216194.0,0.01715843865987657
2026-02-27,3.98,4.0,3.94,3.99,8296001.0,32935645.0,710216194.0,0.011680951617388776
2026-03-02,3.95,3.99,3.82,3.91,15132201.0,59176346.0,710216194.0,0.02130647136440823
2026-03-03,3.92,3.96,3.83,3.84,14322051.0,55744184.0,710216194.0,0.020165762370662026
2026-03-04,3.86,3.98,3.8,3.91,21280901.0,83076535.0,710216194.0,0.029963976011507278
2026-03-05,3.91,3.93,3.84,3.85,13276100.0,51453124.0,710216194.0,0.0186930403898957
2026-03-06,3.86,3.98,3.82,3.98,16279220.0,63570247.0,710216194.0,0.022921499308983653
2026-03-09,3.97,4.03,3.89,3.93,11965950.0,47218979.0,710216194.0,0.0168483204143892
2026-03-10,3.95,3.98,3.9,3.92,14074100.0,55445863.0,710216194.0,0.01981664191678513
2026-03-11,3.92,3.93,3.85,3.89,13061658.0,50781132.0,710216194.0,0.018391101343994416
2026-03-12,3.88,3.9,3.82,3.83,12777601.0,49253163.0,710216194.0,0.01799114284910265
2026-03-13,3.83,3.89,3.8,3.81,11524576.0,44362865.0,710216194.0,0.016226856128262263
2026-03-16,3.99,4.19,3.97,4.04,67377949.0,274683510.0,710216194.0,0.09486963204897014
2026-03-17,4.06,4.07,3.85,3.86,41839497.0,165673819.0,710216194.0,0.05891093071865382
2026-03-18,3.9,3.9,3.75,3.78,26011198.0,98794000.0,710216194.0,0.036624338081482834
2026-03-19,3.76,3.83,3.68,3.7,18878900.0,70780618.0,710216194.0,0.026581905847108858
2026-03-20,3.72,3.77,3.6,3.61,17901101.0,65284748.0,710216194.0,0.02520514337920039
2026-03-23,3.54,3.54,3.33,3.34,22764704.0,77895768.0,710216194.0,0.03205320322504502
2026-03-24,3.43,3.58,3.37,3.57,23476800.0,81507313.0,710216194.0,0.03305585003318018
2026-03-25,3.6,3.69,3.55,3.67,14590000.0,53067080.0,710216194.0,0.020543040447765403
2026-03-26,3.68,3.74,3.62,3.69,11841200.0,43604173.0,710216194.0,0.016672669674440005
2026-03-27,3.64,3.81,3.64,3.76,15916043.0,59733058.0,710216194.0,0.022410138116338137
2026-03-30,3.76,3.87,3.7,3.84,15575900.0,59298072.0,710216194.0,0.021931209301600352
2026-03-31,3.87,3.88,3.75,3.75,13286601.0,50721953.0,710216194.0,0.01870782602853463
2026-04-01,3.82,3.87,3.7,3.73,11959801.0,44798732.0,710216194.0,0.01683966248733551
2026-04-02,3.72,3.78,3.68,3.71,10424350.0,38883003.0,710216194.0,0.01467771375542586
2026-04-03,3.71,3.73,3.54,3.56,14530685.0,52269007.0,710216194.0,0.020459523624999178
2026-04-07,3.56,3.73,3.54,3.71,14221450.0,52250732.0,710216194.0,0.02002411395310989
2026-04-08,3.75,3.78,3.7,3.78,12062901.0,45154327.0,710216194.0,0.016984829551774484
2026-04-09,3.77,3.79,3.68,3.72,9382201.0,34947776.0,710216194.0,0.01321034507416484
2026-04-10,3.73,3.76,3.69,3.7,9477900.0,35278382.0,710216194.0,0.013345091368051796
2026-04-13,3.7,3.73,3.66,3.71,7650037.0,28205353.0,710216194.0,0.010771420117745161
2026-04-14,3.72,3.74,3.62,3.69,10419300.0,38196925.0,710216194.0,0.01467060324451008
2026-04-15,3.72,3.73,3.65,3.7,11167300.0,41153444.0,710216194.0,0.015723803673223482
2026-04-16,3.72,3.76,3.66,3.76,9526900.0,35360388.0,710216194.0,0.013414084444264306
2026-04-17,3.76,3.77,3.68,3.72,10241700.0,38196718.0,710216194.0,0.014420538543788823
2026-04-20,3.76,3.81,3.73,3.81,10211854.0,38521878.0,710216194.0,0.014378514720265587
2026-04-21,3.8,3.86,3.76,3.81,13330611.0,50787013.0,710216194.0,0.01876979307514917
2026-04-22,3.78,3.84,3.71,3.75,12563850.0,47234635.0,710216194.0,0.01769017674637816
2026-04-23,3.75,3.81,3.69,3.76,11561151.0,43422946.0,710216194.0,0.016278354531578026
2026-04-24,3.76,3.8,3.71,3.77,8855602.0,33242571.0,710216194.0,0.01246888211619686
2026-04-27,3.77,3.85,3.7,3.84,14038900.0,53023247.0,710216194.0,0.019767079543669207
2026-04-28,3.83,3.88,3.79,3.85,11912200.0,45675129.0,710216194.0,0.016772639233849966
2026-04-29,3.85,3.93,3.82,3.9,11138900.0,43365570.0,710216194.0,0.015683815849459496
2026-04-30,3.91,3.93,3.86,3.89,10976400.0,42692992.0,710216194.0,0.0154550122803874
2026-05-06,3.88,3.92,3.83,3.88,10845950.0,42027834.0,710216194.0,0.015271335815246138
2026-05-07,3.89,3.92,3.83,3.84,14747350.0,57155870.0,710216194.0,0.020764592703725368
2026-05-08,3.84,3.9,3.83,3.88,9090080.0,35147177.0,710216194.0,0.01279903229015924
2026-05-11,3.9,3.91,3.81,3.85,11084621.0,42622011.0,710216194.0,0.015607389825301562
2026-05-12,3.85,3.87,3.7,3.72,12176610.0,45827987.0,710216194.0,0.017144934321224447
2026-05-13,3.77,3.77,3.7,3.73,12883537.0,48005617.0,710216194.0,0.018140303063830167
2026-05-14,3.74,3.79,3.69,3.74,12549902.0,46879432.0,710216194.0,0.017670537656030976
2026-05-15,3.72,3.73,3.64,3.66,13058300.0,48129936.0,710216194.0,0.018386373206240914
2026-05-18,3.66,3.73,3.64,3.73,11580601.0,42600857.0,710216194.0,0.016305740558768503
2026-05-19,3.73,3.77,3.67,3.73,8548403.0,31831279.0,710216194.0,0.012036339177025299
2026-05-20,3.73,3.73,3.64,3.67,7168100.0,26282095.0,710216194.0,0.010092842236711938
2026-05-21,3.68,3.72,3.52,3.54,10342900.0,37608553.0,710216194.0,0.014563030366497106
2026-05-22,3.6,3.61,3.49,3.59,9925350.0,35347146.0,710216194.0,0.013975110795629084
2026-05-25,3.61,3.63,3.51,3.54,10148850.0,36188621.0,710216194.0,0.014289803704475936
2026-05-26,3.51,3.54,3.46,3.51,9408517.0,32916965.0,710216194.0,0.013247398580156847
2026-05-27,3.51,3.52,3.4,3.45,8339650.0,28682907.0,710216194.0,0.011742410368074486
2026-05-28,3.44,3.48,3.36,3.42,10990309.0,37625295.0,710216194.0,0.015474596457878008
2026-05-29,3.42,3.48,3.37,3.41,10468500.0,35893808.0,710216194.0,0.014739877925115292
2026-06-01,3.36,3.61,3.35,3.58,15900923.0,56183968.0,710216194.0,0.022388848824249706
2026-06-02,3.58,3.59,3.42,3.45,10905700.0,37853934.0,710216194.0,0.015355465127566494
2026-06-03,3.45,3.46,3.35,3.4,13772073.0,46635096.0,710216194.0,0.019391381267208897
2026-06-04,3.4,3.47,3.35,3.38,10760100.0,36558382.0,710216194.0,0.015150457129677896
2026-06-05,3.35,3.43,3.33,3.39,11369500.0,38489282.0,710216194.0,0.016008505714247345
2026-06-08,3.37,3.42,3.18,3.25,12256471.0,40329049.0,710216194.0,0.017257380363253163
2026-06-09,3.27,3.32,3.21,3.29,8977300.0,29392357.0,710216194.0,0.01264023557311339
2026-06-10,3.27,3.3,3.21,3.24,8046100.0,26043517.0,710216194.0,0.011329085520683017
2026-06-11,3.23,3.26,3.17,3.22,6813701.0,21854148.0,710216194.0,0.009593840660862205
2026-06-12,3.25,3.29,3.18,3.27,8409201.0,27370346.0,710216194.0,0.011840339703659306
2026-06-15,3.27,3.35,3.16,3.18,10327851.0,33346833.0,710216194.0,0.014541841043968084
2026-06-16,3.17,3.19,3.1,3.16,6978700.0,21969390.0,710216194.0,0.00982616287682114
2026-06-17,3.17,3.19,3.08,3.11,8081300.0,25253234.0,710216194.0,0.011378647893798942
2026-06-18,3.11,3.13,3.04,3.1,6248649.0,19306011.0,710216194.0,0.008798235034330968
2026-06-22,3.08,3.12,2.98,3.11,9294523.0,28354961.0,710216194.0,0.013086892524447282
2026-06-23,3.11,3.25,3.07,3.2,11574850.0,37039106.0,710216194.0,0.016297643024456295
2026-06-24,3.2,3.21,3.03,3.05,10792300.0,33375138.0,710216194.0,0.01519579543690326
2026-06-25,3.05,3.08,2.99,3.04,7684501.0,23269232.0,710216194.0,0.010819946186695935
2026-06-26,3.01,3.04,2.93,2.97,8764551.0,26140402.0,710216194.0,0.012340680308396348
2026-06-29,2.95,3.03,2.88,3.01,11230403.0,33234891.0,710216194.0,0.015812654083187522
2026-06-30,3.0,3.04,2.92,2.94,7845400.0,23203503.0,710216194.0,0.011046495512604435
2026-07-01,2.94,3.1,2.93,3.05,11897600.0,36058624.0,710216194.0,0.016752082113182565
2026-07-02,3.05,3.14,3.04,3.05,10450050.0,32201871.0,710216194.0,0.014713899919888338
2026-07-03,3.07,3.11,3.02,3.08,9842800.0,30225808.0,710216194.0,0.01385887858254046
2026-07-06,3.11,3.18,3.09,3.13,10430450.0,32655877.0,710216194.0,0.014686302689403335
2026-07-07,3.11,3.15,3.02,3.04,8691101.0,26551745.0,710216194.0,0.01223726109517576
2026-07-08,3.03,3.08,2.98,3.05,7334450.0,22296435.0,710216194.0,0.010327066690343589
2026-07-09,3.06,3.08,2.99,3.05,7135555.0,21620384.0,710216194.0,0.010047018161909161
2026-07-10,3.04,3.17,2.99,3.13,13478701.0,42029315.0,710216194.0,0.018978307047726933
2026-07-13,3.11,3.18,3.04,3.07,13207801.0,40763985.0,710216194.0,0.01859687389780921
2026-07-14,3.07,3.16,3.02,3.15,10051501.0,31292073.0,710216194.0,0.01415273417434917
2026-07-15,3.17,3.26,3.1,3.21,14213999.0,45746150.0,710216194.0,0.020013622781459697
2026-07-16,3.2,3.29,3.16,3.25,10615799.0,34483687.0,710216194.0,0.014947278152319911
2026-07-17,3.26,3.33,3.14,3.16,13965000.0,45003468.0,710216194.0,0.019663026720565035
2026-07-20,3.19,3.23,3.05,3.09,15343400.0,48162340.0,710216194.0,0.021603844195081816
2026-07-21,3.08,3.1,2.94,3.01,17433397.0,52421939.0,710216194.0,0.024546605874773957
2026-07-22,2.98,3.06,2.94,2.98,11131500.0,33197129.0,710216194.0,0.015673396486929444
2026-07-23,2.98,3.06,2.94,3.05,10910312.0,32762597.0,710216194.0,0.015361958924862251
2026-07-24,3.03,3.07,2.95,2.98,9169800.0,27469578.0,710216194.0,0.012911279801091103
2026-07-27,2.98,3.06,2.95,3.05,9599601.0,29060756.0,710216194.0,0.013516449049034216
2026-07-28,3.05,3.12,3.03,3.06,9174800.0,28236933.0,710216194.0,0.012918319910908705
2026-07-29,3.08,3.15,3.07,3.11,9088830.0,28316705.0,710216194.0,0.01279727226270484
2026-07-30,3.09,3.18,3.08,3.13,9295701.0,29136667.0,710216194.0,0.013088551174320309
2026-07-31,3.13,3.17,3.1,3.17,9045700.0,28398570.0,710216194.0,0.012736544275418198
2026-08-03,3.17,3.28,3.16,3.25,12405800.0,40043176.0,710216194.0,0.01746763887504373
2026-08-04,3.27,3.31,3.24,3.26,10166100.0,33207508.0,710216194.0,0.014314092083346667
2026-08-05,3.28,3.29,3.18,3.23,9618100.0,30986960.0,710216194.0,0.013542496047337383
2026-08-06,3.22,3.27,3.19,3.26,10017200.0,32446667.0,710216194.0,0.01410443761297845
2026-08-07,3.26,3.26,3.16,3.22,10770100.0,34518516.0,710216194.0,0.015164537349313102
2026-08-10,3.22,3.37,3.21,3.35,14300620.0,47411888.0,710216194.0,0.020135587051961813
2026-08-11,3.36,3.39,3.31,3.34,8600801.0,28757361.0,710216194.0,0.01211011671186985
2026-08-12,3.32,3.46,3.3,3.38,12982628.0,43736903.0,710216194.0,0.018279825368217387
2026-08-13,3.36,3.41,3.31,3.37,10592660.0,35519158.0,710216194.0,0.014914697932106008
2026-08-14,3.36,3.36,3.28,3.33,8634400.0,28600739.0,710216194.0,0.01215742484182218
2026-08-17,3.33,3.42,3.3,3.4,10696249.0,36030197.0,710216194.0,0.015060553519285143
2026-08-18,3.42,3.55,3.39,3.51,22186300.0,77417452.0,710216194.0,0.03123879768925686
2026-08-19,3.49,3.52,3.41,3.44,16744551.0,57814677.0,710216194.0,0.02357669557729065
2026-08-20,3.47,3.49,3.38,3.47,12393607.0,42757257.0,710216194.0,0.017450470863242525
2026-08-21,3.45,3.46,3.37,3.46,10719400.0,36580427.0,710216194.0,0.015093150635762609
2026-08-24,3.49,3.54,3.45,3.49,17233900.0,60381208.0,710216194.0,0.02426570971711749
2026-08-25,3.48,3.58,3.48,3.57,11794301.0,41774875.0,710216194.0,0.016606634852372855
2026-08-26,3.54,3.64,3.54,3.61,11857372.0,42736802.0,710216194.0,0.01669544020563406
2026-08-27,3.6,3.66,3.58,3.65,10677000.0,38813955.0,710216194.0,0.015033450504509336
2026-08-28,3.64,3.78,3.62,3.77,18548082.0,69050931.0,710216194.0,0.026116106837180905
2026-08-31,3.77,3.78,3.7,3.73,16881300.0,63053726.0,710216194.0,0.02376924117278013
2026-09-01,3.71,3.84,3.71,3.81,15647751.0,59611118.0,710216194.0,0.02203237708770127
2026-09-02,3.83,3.85,3.72,3.77,13751553.0,51784900.0,710216194.0,0.019362488656517456
2026-09-03,3.78,3.84,3.68,3.71,13876100.0,51919613.0,710216194.0,0.019537853568008055
2026-09-04,3.71,3.83,3.68,3.79,13489602.0,50920219.0,710216194.0,0.018993655895151274
2026-09-07,3.83,3.94,3.8,3.89,20911257.0,81303980.0,710216194.0,0.029443509140823675
2026-09-08,3.88,3.98,3.88,3.95,19013000.0,74883261.0,710216194.0,0.02677072159241697
2026-09-09,3.92,4.05,3.91,4.02,20760350.0,83150044.0,710216194.0,0.029231028770374673
2026-09-10,4.0,4.0,3.9,3.93,14997727.0,59268354.0,710216194.0,0.021117129018885763
2026-09-11,3.92,3.94,3.78,3.83,14204190.0,54443742.0,710216194.0,0.019999811494019522
2026-09-14,3.88,3.88,3.73,3.78,11899751.0,45176192.0,710216194.0,0.0167551107684261
2026-09-15,3.78,3.79,3.61,3.62,14307650.0,52582668.0,710216194.0,0.020145485446365363
2026-09-16,3.63,3.67,3.55,3.65,12148852.0,44170943.0,710216194.0,0.017105850447561043
2026-09-17,3.66,3.7,3.56,3.68,10058050.0,36553042.0,710216194.0,0.014161955310188266
2026-09-18,3.67,3.7,3.62,3.65,9594739.0,35084502.0,710216194.0,0.013509603246247578
2026-09-21,3.67,3.85,3.62,3.83,14933351.0,56255404.0,710216194.0,0.02102648619696216
2026-09-22,3.81,3.81,3.66,3.74,14768225.0,55006609.0,710216194.0,0.02079398516221386
2026-09-23,3.72,3.74,3.65,3.68,11938800.0,44020639.0,710216194.0,0.016810092618079614
2026-09-24,3.66,3.7,3.64,3.67,9714001.0,35633350.0,710216194.0,0.013677526761660971
