date,open,high,low,close,volume,amount,outstanding_share,turnover
2021-01-04,10.8,11.65,10.8,11.65,72322563.0,823233843.0,1075149857.0,0.06726742558642222
2021-01-05,11.76,12.46,11.65,12.25,76653314.0,931848201.0,1075149857.0,0.07129546965098094
2021-01-06,12.32,12.56,11.94,12.1,40725606.0,492298829.0,1075149857.0,0.03787900424749812
2021-01-07,12.08,12.09,11.64,11.9,37838201.0,446086558.0,1075149857.0,0.0351934204833364
2021-01-08,12.09,12.14,11.39,11.43,38940488.0,452383917.0,1075149857.0,0.03621866081874017
2021-01-11,11.04,11.38,10.98,11.12,30619365.0,341276278.0,1075149857.0,0.028479160184643915
2021-01-12,11.15,11.26,10.93,11.18,27235192.0,301698929.0,1075149857.0,0.02533153106302278
2021-01-13,11.19,11.2,10.78,10.89,25700429.0,280447816.0,1075149857.0,0.023904043545810563
2021-01-14,10.9,11.34,10.88,11.09,25402278.0,282038174.0,1075149857.0,0.02362673243605333
2021-01-15,11.08,11.2,10.88,11.15,18798700.0,207180351.0,1075149857.0,0.017484725387448944
2021-01-18,11.2,11.35,11.11,11.17,21145597.0,236579220.0,1075149857.0,0.019667581093302418
2021-01-19,11.2,11.2,10.93,10.96,21834195.0,239762362.0,1075149857.0,0.02030804809008127
2021-01-20,10.93,10.95,10.67,10.79,19267000.0,207927695.0,1075149857.0,0.017920292575549307
2021-01-21,10.83,11.06,10.76,10.94,23592491.0,257790122.0,1075149857.0,0.02194344429885368
2021-01-22,10.97,11.44,10.96,11.31,40449079.0,454420230.0,1075149857.0,0.037621805682851894
2021-01-25,11.29,11.3,10.82,10.88,35371295.0,387314851.0,1075149857.0,0.03289894405854904
2021-01-26,11.04,11.55,10.97,11.39,57838676.0,652971017.0,1075149857.0,0.05379592028351077
2021-01-27,11.33,11.85,11.15,11.85,63944134.0,740807948.0,1075149857.0,0.05947462447553486
2021-01-28,11.5,11.56,11.21,11.24,56733308.0,643383321.0,1075149857.0,0.05276781430107189
2021-01-29,11.2,11.29,10.57,10.76,42808334.0,461886132.0,1075149857.0,0.03981615560034437
2021-02-01,10.65,11.08,10.45,10.99,31433431.0,341697898.0,1075149857.0,0.0292363253320881
2021-02-02,10.93,11.0,10.74,10.8,21893431.0,236920110.0,1075149857.0,0.02036314366546951
2021-02-03,10.77,11.79,10.6,11.48,66863695.0,756012043.0,1075149857.0,0.06219011662855106
2021-02-04,11.48,11.7,11.15,11.4,47297673.0,540724553.0,1075149857.0,0.04399170282361857
2021-02-05,11.37,11.96,11.24,11.27,43223841.0,501918789.0,1075149857.0,0.040202619866041615
2021-02-08,11.4,11.73,11.3,11.65,40373143.0,467363837.0,1075149857.0,0.03755117738903257
2021-02-09,11.6,11.61,11.31,11.49,38545797.0,441248115.0,1075149857.0,0.03585155757501068
2021-02-10,11.4,11.53,11.22,11.27,34530984.0,391552660.0,1075149857.0,0.03211736836049265
2021-02-18,11.33,11.55,11.27,11.46,34660711.0,395829435.0,1075149857.0,0.03223802781940936
2021-02-19,11.48,12.61,11.47,12.61,77662434.0,945497035.0,1075149857.0,0.07223405508949438
2021-02-22,13.12,13.81,13.01,13.32,129611378.0,1743502572.0,1075149857.0,0.12055191855920044
2021-02-23,13.06,13.25,12.63,12.78,70832321.0,911305791.0,1075149857.0,0.0658813471804238
2021-02-24,12.77,13.08,12.65,12.81,47924947.0,614944222.0,1075149857.0,0.04457513219015384
2021-02-25,12.85,12.89,12.3,12.39,40790583.0,507856729.0,1075149857.0,0.037939439543635635
2021-02-26,12.13,12.53,12.05,12.41,30956291.0,381060688.0,1075149857.0,0.02879253603435116
2021-03-01,12.5,13.09,12.49,12.84,46374506.0,595895001.0,1075149857.0,0.04313306251967441
2021-03-02,12.81,12.86,12.35,12.49,31478600.0,396179698.0,1075149857.0,0.02927833714998113
2021-03-03,12.47,12.68,12.39,12.54,23789579.0,298324333.0,1075149857.0,0.022126756419221662
2021-03-04,12.48,12.49,12.06,12.11,32588246.0,396194296.0,1075149857.0,0.03031042211262648
2021-03-05,11.94,12.2,11.8,12.08,25016891.0,299887273.0,1075149857.0,0.02326828286970604
2021-03-08,12.12,12.19,11.81,11.81,24413404.0,291687430.0,1075149857.0,0.02270697786085461
2021-03-09,11.86,11.9,11.01,11.22,26096691.0,297356467.0,1075149857.0,0.024272607981196057
2021-03-10,11.32,11.43,11.0,11.09,20139562.0,224647174.0,1075149857.0,0.018731865022235686
2021-03-11,11.1,11.25,10.95,11.21,17862348.0,199065678.0,1075149857.0,0.016613821676767428
2021-03-12,11.25,11.35,11.03,11.34,18816393.0,210737982.0,1075149857.0,0.017501181698059788
2021-03-15,11.21,11.22,10.92,11.03,21283327.0,235384054.0,1075149857.0,0.01979568416572835
2021-03-16,11.07,11.11,10.94,11.11,12268113.0,135596380.0,1075149857.0,0.011410607479623186
2021-03-17,11.1,11.42,11.04,11.28,20600812.0,232732919.0,1075149857.0,0.019160874984890594
2021-03-18,11.26,11.36,11.19,11.3,14341396.0,161702644.0,1075149857.0,0.013338974010578323
2021-03-19,11.22,11.25,11.08,11.1,14028282.0,156209082.0,1075149857.0,0.01304774577112742
2021-03-22,11.1,11.32,11.03,11.28,15715028.0,176480064.0,1075149857.0,0.014616593117400191
2021-03-23,11.26,11.36,11.14,11.2,12490830.0,140047685.0,1075149857.0,0.011617757207216929
2021-03-24,11.16,11.17,10.96,11.04,12438185.0,137431155.0,1075149857.0,0.011568791940043014
2021-03-25,11.01,11.15,11.01,11.07,10107552.0,112013569.0,1075149857.0,0.009401063427756193
2021-03-26,11.07,11.07,10.78,10.96,19396923.0,211523583.0,1075149857.0,0.01804113433463443
2021-03-29,10.88,11.02,10.82,10.83,15401172.0,167860256.0,1075149857.0,0.01432467474159744
2021-03-30,10.83,11.1,10.55,11.05,21260040.0,231569225.0,1075149857.0,0.01977402485949454
2021-03-31,11.0,11.0,10.73,10.8,16973619.0,183675494.0,1075360543.0,0.015784119205868984
2021-04-01,10.8,10.85,10.74,10.77,9059566.0,97577951.0,1075360543.0,0.008424677712951944
2021-04-02,10.75,10.82,10.72,10.75,10114531.0,108751462.0,1075360543.0,0.009405711475876608
2021-04-06,10.73,10.76,10.65,10.75,10160364.0,108689559.0,1075360543.0,0.009448332530088005
2021-04-07,10.75,10.91,10.73,10.91,13088543.0,141918217.0,1075360543.0,0.012171306716802235
2021-04-08,10.91,10.91,10.78,10.85,10358579.0,112170390.0,1075360543.0,0.00963265675631173
2021-04-09,10.81,10.85,10.7,10.72,9439877.0,101313568.0,1075360543.0,0.008778336774069272
2021-04-12,10.73,10.82,10.64,10.64,8867400.0,94908777.0,1075360543.0,0.00824597857687996
2021-04-13,10.65,10.73,10.58,10.6,8950419.0,95415528.0,1075360543.0,0.00832317966124223
2021-04-14,10.59,10.59,10.19,10.29,17777230.0,183428926.0,1075360543.0,0.016531413687920667
2021-04-15,10.25,10.34,10.19,10.23,12205769.0,125227864.0,1075360543.0,0.01135039692450386
2021-04-16,10.2,10.27,10.02,10.23,13868141.0,140628366.0,1075360543.0,0.012896271013730136
2021-04-19,10.2,10.34,10.15,10.32,13118863.0,134613661.0,1075360543.0,0.012199501911611425
2021-04-20,10.34,10.55,10.32,10.38,16130379.0,168565137.0,1075360543.0,0.014999972897461982
2021-04-21,10.4,10.49,10.24,10.45,11174845.0,115730481.0,1075360670.0,0.010391718157220684
2021-04-22,10.49,10.49,10.36,10.43,9225948.0,95988505.0,1075360670.0,0.008579398761161686
2021-04-23,10.5,10.58,10.43,10.45,12456413.0,130600359.0,1075360670.0,0.011583474593691436
2021-04-26,10.43,10.44,10.2,10.27,11860823.0,121981279.0,1075360670.0,0.011029623205393963
2021-04-27,10.27,10.27,10.1,10.13,8839267.0,89706952.0,1075360670.0,0.008219816147823224
2021-04-28,10.13,10.23,10.1,10.2,6566491.0,66871169.0,1075360670.0,0.0061063150096423
2021-04-29,10.11,10.25,10.06,10.2,8595495.0,87452001.0,1075360670.0,0.00799312755226579
2021-04-30,10.17,10.17,10.04,10.1,10702016.0,107954434.0,1075360670.0,0.009952024747194818
2021-05-06,10.08,10.16,10.02,10.06,7224486.0,72724924.0,1075360670.0,0.006718198090692679
2021-05-07,10.04,10.18,10.02,10.1,8535615.0,86200958.0,1075360670.0,0.007937443908935223
2021-05-10,10.06,10.1,9.45,9.57,24804601.0,240955334.0,1075360670.0,0.023066308534419433
2021-05-11,9.48,9.68,9.38,9.62,10548749.0,100329768.0,1075360670.0,0.009809498612219098
2021-05-12,9.62,10.07,9.62,10.01,17130995.0,169904149.0,1075360670.0,0.015930464520336234
2021-05-13,9.93,10.04,9.85,9.88,10219571.0,101482198.0,1075360670.0,0.009503389221032233
2021-05-14,9.88,9.94,9.82,9.89,8053312.0,79484761.0,1075360670.0,0.007488940431492627
2021-05-17,9.88,9.89,9.75,9.79,7550384.0,74004427.0,1075360670.0,0.007021257342431911
2021-05-18,9.75,9.84,9.68,9.71,7262001.0,70628545.0,1075360670.0,0.006753084060624981
2021-05-19,9.71,9.72,9.57,9.6,7506152.0,72217304.0,1075360670.0,0.006980125096075905
2021-05-20,9.59,9.65,9.46,9.62,8816020.0,84163664.0,1075360670.0,0.008198198284488124
2021-05-21,9.65,9.67,9.57,9.58,5925308.0,56888139.0,1075360670.0,0.005510065753102166
2021-05-24,9.58,9.61,9.42,9.49,8252416.0,78316140.0,1075360670.0,0.0076740913353284534
2021-05-25,9.46,9.52,9.4,9.5,9247626.0,87469492.0,1075360670.0,0.008599557579132963
2021-05-26,9.48,9.63,9.44,9.55,11419199.0,109201296.0,1075360670.0,0.01061894796654596
2021-05-27,9.52,9.62,9.52,9.6,7367971.0,70535901.0,1075360670.0,0.006851627742718171
2021-05-28,9.58,9.6,9.48,9.5,8520702.0,81080426.0,1075619348.0,0.007921670445816488
2021-05-31,9.49,9.5,9.36,9.38,11172396.0,104902184.0,1075619348.0,0.010386942202902805
2021-06-01,9.38,9.62,9.37,9.6,15550018.0,148452091.0,1075619348.0,0.01445680391386935
2021-06-02,9.65,9.94,9.65,9.92,28679646.0,282108434.0,1075619348.0,0.02666337868812676
2021-06-03,10.0,10.01,9.75,9.81,16284213.0,160090282.0,1075619348.0,0.015139382747510786
2021-06-04,9.8,10.08,9.75,10.07,20259726.0,202399432.0,1075619348.0,0.01883540495777694
2021-06-07,10.08,10.08,9.89,9.98,15603257.0,155093735.0,1075619348.0,0.014506300048444276
2021-06-08,9.98,9.99,9.8,9.84,14794877.0,145927483.0,1075619348.0,0.013754751648442828
2021-06-09,9.44,9.45,9.23,9.34,11893145.0,110676695.0,1075619348.0,0.011057020331694516
2021-06-10,9.3,9.33,9.22,9.24,9976697.0,92302476.0,1075619348.0,0.009275304519717508
2021-06-11,9.18,9.32,9.17,9.18,9481843.0,87416252.0,1075619348.0,0.008815240277734386
2021-06-15,9.14,9.14,8.83,8.88,13360876.0,119262114.0,1075619348.0,0.012421565328703999
2021-06-16,8.89,8.94,8.81,8.82,6703233.0,59377076.0,1075619348.0,0.006231975105750887
2021-06-17,8.81,8.82,8.42,8.52,18273521.0,156939555.0,1075619348.0,0.016988836277422557
2021-06-18,8.5,8.56,8.33,8.5,11274395.0,95031887.0,1075619348.0,0.010481770359526854
2021-06-21,8.42,8.47,8.35,8.36,10770645.0,90338747.0,1075619348.0,0.010013435533701463
2021-06-22,8.35,8.76,8.35,8.68,14896245.0,127840506.0,1075619348.0,0.01384899316630738
2021-06-23,8.7,8.71,8.51,8.7,11798789.0,101400080.0,1075619348.0,0.010969297848666069
2021-06-24,8.67,8.75,8.61,8.63,7404665.0,64233565.0,1075619348.0,0.00688409427904787
2021-06-25,8.63,8.73,8.61,8.68,7421335.0,64310856.0,1075619348.0,0.006899592326782876
2021-06-28,8.85,9.38,8.85,9.32,32607521.0,299412402.0,1075619348.0,0.03031511199629332
2021-06-29,9.28,9.28,9.01,9.04,18125669.0,164404912.0,1075619348.0,0.016851378727709535
2021-06-30,9.02,9.03,8.75,8.91,14154364.0,125303128.0,1076289704.0,0.013151072566610746
2021-07-01,8.91,8.96,8.76,8.77,7804898.0,69283530.0,1076289704.0,0.007251670225027072
2021-07-02,8.71,8.91,8.68,8.7,7901111.0,69288270.0,1076289704.0,0.007341063442896226
2021-07-05,8.69,8.72,8.55,8.64,6684772.0,57567736.0,1076289704.0,0.006210941138948218
2021-07-06,8.61,8.75,8.6,8.67,6703701.0,58059900.0,1076289704.0,0.006228528411157225
2021-07-07,8.67,8.74,8.58,8.63,6033300.0,52016687.0,1076289704.0,0.005605646860299241
2021-07-08,8.6,8.62,8.5,8.5,7693579.0,65605656.0,1076289704.0,0.007148241752575568
2021-07-09,8.5,8.71,8.5,8.71,8219638.0,70814861.0,1076289704.0,0.007637012571477688
2021-07-12,8.71,8.74,8.64,8.68,7693962.0,66904907.0,1076289704.0,0.007148597604720745
2021-07-13,8.67,8.68,8.58,8.63,7732637.0,66718983.0,1076289704.0,0.007184531238440612
2021-07-14,8.59,8.62,8.53,8.54,6928810.0,59359214.0,1076289704.0,0.006437681206323237
2021-07-15,8.28,8.28,8.11,8.17,17466719.0,142685528.0,1076289704.0,0.016228640797255084
2021-07-16,8.12,8.17,8.05,8.09,9062041.0,73319416.0,1076289704.0,0.00841970425464555
2021-07-19,8.1,8.13,7.92,7.99,11248812.0,89880747.0,1076289704.0,0.0104514722738628
2021-07-20,7.95,8.06,7.93,8.01,6504434.0,51947982.0,1076289704.0,0.0060433858800529785
2021-07-21,7.99,8.05,7.93,7.99,7000692.0,55848493.0,1076289704.0,0.0065044680572360096
2021-07-22,7.99,8.07,7.96,7.99,7369090.0,58991733.0,1076289704.0,0.006846753223238118
2021-07-23,7.99,7.99,7.76,7.78,12626510.0,98917794.0,1076289704.0,0.011731516108603414
2021-07-26,7.79,7.81,7.5,7.55,11910611.0,90094073.0,1076289704.0,0.011066361552781331
2021-07-27,7.55,7.55,7.2,7.2,14547309.0,107112250.0,1076289704.0,0.013516164789029702
2021-07-28,7.2,7.2,6.95,7.05,10600184.0,74695554.0,1076289704.0,0.009848820406443283
2021-07-29,7.14,7.33,7.13,7.2,8399176.0,60568482.0,1076289704.0,0.0078038245360749076
2021-07-30,7.19,7.37,7.1,7.29,10111100.0,73470037.0,1076289704.0,0.009394403720877739
2021-08-02,7.3,7.62,7.22,7.58,14442002.0,108070400.0,1076289704.0,0.013418322173227814
2021-08-03,7.53,7.64,7.48,7.62,10992096.0,83406066.0,1076289704.0,0.01021295285009992
2021-08-04,7.6,7.61,7.45,7.47,9989494.0,74920856.0,1076289704.0,0.00928141741287158
2021-08-05,7.46,7.58,7.39,7.41,8881796.0,66406932.0,1076289704.0,0.008252235403712456
2021-08-06,7.41,7.5,7.2,7.49,9781158.0,72133340.0,1076289704.0,0.009087848711781414
2021-08-09,7.48,7.94,7.44,7.88,23748166.0,185968781.0,1076289704.0,0.022064845470267547
2021-08-10,7.78,7.86,7.65,7.82,13920824.0,107949841.0,1076289704.0,0.012934086378661483
2021-08-11,7.77,7.88,7.76,7.82,9031637.0,70636199.0,1076289704.0,0.00839145535484933
2021-08-12,7.83,7.97,7.73,7.75,8838325.0,68929582.0,1076289704.0,0.008211845720675964
2021-08-13,7.72,7.78,7.66,7.77,7212181.0,55583000.0,1076289704.0,0.006700966266978245
2021-08-16,7.83,7.83,7.7,7.72,7053700.0,54583168.0,1076289704.0,0.0065537187374227635
2021-08-17,7.69,7.74,7.49,7.5,9118177.0,69397318.0,1076289704.0,0.008471861215537559
2021-08-18,7.49,7.62,7.44,7.57,6353100.0,47871852.0,1076289704.0,0.005902778755932427
2021-08-19,7.5,7.56,7.47,7.48,5624124.0,42207303.0,1076289704.0,0.005225474125691348
2021-08-20,7.46,7.48,7.33,7.38,6479460.0,47786567.0,1076289704.0,0.006020182090304564
2021-08-23,7.42,7.52,7.39,7.47,6638932.0,49619790.0,1076289704.0,0.006168350375671716
2021-08-24,7.45,7.55,7.42,7.46,4855379.0,36320431.0,1076289704.0,0.004511219406777862
2021-08-25,7.46,7.51,7.4,7.42,5887374.0,43811241.0,1076289704.0,0.0054700644056333
2021-08-26,7.41,7.42,7.31,7.31,6860459.0,50370543.0,1076289704.0,0.006374175070618347
2021-08-27,7.31,7.37,7.23,7.3,7590178.0,55224357.0,1076289704.0,0.007052170035438711
2021-08-30,7.25,7.3,7.22,7.23,5911100.0,42807494.0,1076289704.0,0.0054921086562768045
2021-08-31,7.25,7.36,7.23,7.31,8442425.0,61591895.0,1076289704.0,0.0078440079549437
2021-09-01,7.27,7.45,7.24,7.42,10468838.0,77194693.0,1076289704.0,0.00972678449035874
2021-09-02,7.42,7.47,7.37,7.45,8005609.0,59441393.0,1076289704.0,0.007438154402339242
2021-09-03,7.45,7.57,7.41,7.57,12653109.0,95038464.0,1076289704.0,0.01175622971489468
2021-09-06,7.52,7.73,7.47,7.68,14117482.0,107233155.0,1076289704.0,0.013116804841236314
2021-09-07,7.68,7.76,7.65,7.69,9209388.0,70861568.0,1076289704.0,0.00855660698580835
2021-09-08,7.7,7.74,7.64,7.71,12412532.0,95367943.0,1076289704.0,0.011532705324476467
2021-09-09,7.7,7.95,7.68,7.84,16681785.0,131004949.0,1076289704.0,0.015499344589103308
2021-09-10,7.8,7.89,7.74,7.75,11990426.0,93613048.0,1076289704.0,0.011140519095776838
2021-09-13,7.75,7.86,7.68,7.83,9751980.0,76010063.0,1076289704.0,0.009060738910496908
2021-09-14,7.84,7.85,7.61,7.62,9162700.0,70764320.0,1076289704.0,0.008513228330575946
2021-09-15,7.59,7.75,7.55,7.67,7350807.0,56391274.0,1076289704.0,0.006829766161174761
2021-09-16,7.72,8.44,7.68,8.44,72349013.0,598957865.0,1076289704.0,0.06722076103777352
2021-09-17,8.45,8.98,8.1,8.92,88885590.0,757653406.0,1076289704.0,0.08258519027884337
2021-09-22,8.65,8.67,8.29,8.45,44147133.0,371969356.0,1076289704.0,0.04101789029099548
2021-09-23,8.43,9.15,8.28,9.1,58876890.0,510314488.0,1076289704.0,0.054703570777631445
2021-09-24,8.92,9.74,8.83,9.17,68247493.0,633918267.0,1076289704.0,0.06340996550125876
2021-09-27,8.94,9.64,8.8,9.33,63913448.0,599083600.0,1076289704.0,0.05938312683143534
2021-09-28,9.25,9.25,8.82,9.02,37069632.0,333238765.0,1076289704.0,0.03444205761908877
2021-09-29,8.91,9.12,8.7,8.83,37290224.0,331275396.0,1076289704.0,0.03464701358882459
2021-09-30,8.72,9.03,8.6,8.62,32722370.0,287715980.0,1076334342.0,0.030401677920260953
2021-10-08,8.65,9.39,8.65,9.24,52250367.0,478775700.0,1076334342.0,0.04854473648300632
2021-10-11,9.33,9.37,9.0,9.08,39392267.0,360835312.0,1076334342.0,0.03659854142236409
2021-10-12,9.13,9.16,8.73,8.83,25338137.0,225769731.0,1076334342.0,0.02354113959879578
2021-10-13,8.83,8.92,8.49,8.88,26037162.0,226613732.0,1076334342.0,0.024190589284384275
2021-10-14,8.76,8.84,8.64,8.73,15990282.0,139576682.0,1076334342.0,0.014856240645715642
2021-10-15,8.32,8.71,8.05,8.38,36567068.0,308550963.0,1076334342.0,0.03397370740029774
2021-10-18,8.46,8.63,8.22,8.5,21810966.0,183625463.0,1076334342.0,0.020264117894326184
2021-10-19,8.42,9.35,8.37,9.35,55215359.0,501605472.0,1076334342.0,0.05129944929323829
2021-10-20,9.29,9.44,9.1,9.2,46568187.0,428484525.0,1076334342.0,0.04326554043929224
2021-10-21,9.19,9.3,8.9,8.98,29058848.0,263215663.0,1076334342.0,0.026997975318713747
2021-10-22,8.95,9.12,8.87,9.02,28835806.0,259196237.0,1076334342.0,0.026790751604579017
2021-10-25,9.34,9.48,8.95,9.0,29773267.0,271842631.0,1076334342.0,0.02766172725166099
2021-10-26,8.88,8.94,8.68,8.68,21026434.0,184815391.0,1076334342.0,0.019535225421619038
2021-10-27,8.68,8.9,8.55,8.85,19404220.0,170298206.0,1076334342.0,0.018028059909287925
2021-10-28,8.74,8.82,8.41,8.41,18608437.0,159202887.0,1076334342.0,0.017288714364927325
2021-10-29,8.45,8.81,8.45,8.77,19954757.0,173332274.0,1076334342.0,0.018539552461850187
2021-11-01,8.75,9.03,8.65,9.03,23797325.0,211592046.0,1076334342.0,0.022109603002892945
2021-11-02,8.98,9.27,8.94,9.03,29946194.0,272740938.0,1076334342.0,0.027822390154675563
2021-11-03,9.05,9.93,9.01,9.93,103893522.0,1012112399.0,1076334342.0,0.09652532484186034
2021-11-04,10.0,10.24,9.77,10.18,90581863.0,910086447.0,1076334342.0,0.08415773748488274
2021-11-05,10.1,10.11,9.74,9.77,43770276.0,431841810.0,1076334342.0,0.040666059134253654
2021-11-08,9.7,9.85,9.48,9.61,31106582.0,298830410.0,1076334342.0,0.028900482671768174
2021-11-09,9.63,9.76,9.52,9.69,30914378.0,298298046.0,1076334342.0,0.028721909906317938
2021-11-10,9.6,9.68,9.43,9.54,30875504.0,294639483.0,1076334342.0,0.02868579287605784
2021-11-11,9.53,9.8,9.5,9.63,28437371.0,274801335.0,1076334342.0,0.026420573877777468
2021-11-12,9.55,9.74,9.35,9.47,34789300.0,332264491.0,1076334342.0,0.03232201988032451
2021-11-15,9.54,9.84,9.44,9.64,25554521.0,245209870.0,1076334342.0,0.023742177502685313
2021-11-16,9.59,9.67,9.36,9.42,24103714.0,227823669.0,1076334342.0,0.022394262692772095
2021-11-17,9.37,9.4,9.08,9.28,25685195.0,235902142.0,1076336641.0,0.023863533044955587
2021-11-18,9.22,9.4,9.18,9.33,17567541.0,163509844.0,1076336641.0,0.01632160453413385
2021-11-19,9.33,9.33,9.09,9.27,19846532.0,182255884.0,1076336641.0,0.01843896346552045
2021-11-22,9.34,9.5,9.15,9.49,21176695.0,197916414.0,1076336641.0,0.019674787787885038
2021-11-23,9.42,9.58,9.26,9.28,18373427.0,172242798.0,1076336641.0,0.01707033496781236
2021-11-24,9.22,9.31,9.02,9.05,19121489.0,173764977.0,1076336641.0,0.01776534243248902
2021-11-25,9.02,9.2,9.01,9.08,12151493.0,110379134.0,1076336641.0,0.011289676981274486
2021-11-26,9.09,9.13,9.02,9.13,9376566.0,85212355.0,1076336641.0,0.008711555142532771
2021-11-29,9.0,9.15,8.92,9.15,8435385.0,76559520.0,1076336641.0,0.007837125188047928
2021-11-30,9.14,9.17,8.94,8.95,12732941.0,115082525.0,1076336641.0,0.011829887151449302
2021-12-01,8.96,9.01,8.83,8.92,11566469.0,102717076.0,1076336641.0,0.010746144430476562
2021-12-02,8.88,9.15,8.87,9.09,19072958.0,172753439.0,1076336641.0,0.017720253379351413
2021-12-03,9.07,9.23,9.02,9.19,16437125.0,150516195.0,1076336641.0,0.01527136062628941
2021-12-06,9.14,9.19,8.93,8.95,13245900.0,119536582.0,1076336641.0,0.012306465742626334
2021-12-07,8.93,9.09,8.91,9.04,8688174.0,78217849.0,1076336641.0,0.008071985723656137
2021-12-08,9.0,9.5,9.0,9.35,29454201.0,273504492.0,1076336641.0,0.027365231172131025
2021-12-09,9.43,9.45,9.26,9.29,14382140.0,134075871.0,1076336641.0,0.01336212059698895
2021-12-10,9.3,9.43,9.13,9.21,13330815.0,123315566.0,1076336641.0,0.012385358346264828
2021-12-13,9.14,9.3,9.05,9.22,12366950.0,113670008.0,1076336641.0,0.011489853201048835
2021-12-14,9.19,9.21,9.1,9.15,8794320.0,80416013.0,1076336641.0,0.008170603568628303
2021-12-15,9.15,9.24,9.09,9.11,8954352.0,81879300.0,1076336641.0,0.008319285675976536
2021-12-16,9.08,9.17,8.92,9.02,14323144.0,129374528.0,1076336641.0,0.013307308749326504
2021-12-17,9.0,9.09,8.97,8.99,7525000.0,67800398.0,1076336641.0,0.006991307099801687
2021-12-20,9.04,9.28,9.01,9.13,16410631.0,150679382.0,1076336641.0,0.015246745650833976
2021-12-21,9.15,9.53,9.15,9.51,34238220.0,322201189.0,1076336641.0,0.03180995489309928
2021-12-22,9.55,10.22,9.45,10.06,54224213.0,537835574.0,1076336641.0,0.0503784884156889
2021-12-23,10.01,11.06,9.99,11.02,98590115.0,1057453088.0,1076336641.0,0.09159784331824117
2021-12-24,10.8,11.27,10.68,10.99,58227071.0,641111884.0,1076337722.0,0.054097398808809934
2021-12-27,10.98,11.33,10.96,11.12,42254490.0,472018522.0,1076337722.0,0.03925765039757661
2021-12-28,11.09,11.1,10.77,10.84,38038196.0,414353780.0,1076337722.0,0.03534039105246559
2021-12-29,11.0,11.0,10.33,10.38,38338914.0,402819876.0,1076337722.0,0.03561978105604293
2021-12-30,10.48,10.53,10.3,10.39,23536550.0,244376443.0,1076337722.0,0.02186725366854698
2021-12-31,10.46,11.06,10.26,10.7,31474590.0,337335857.0,1076406924.0,0.029240419490278197
2022-01-04,10.75,11.74,10.71,11.57,50372887.0,572097321.0,1076406924.0,0.04679725285750763
2022-01-05,11.41,12.23,11.4,11.8,55325200.0,654775588.0,1076406924.0,0.05139803429952667
2022-01-06,11.72,12.2,11.61,11.82,34848265.0,414823187.0,1076406924.0,0.03237461987934964
2022-01-07,11.8,12.07,11.4,11.48,25589964.0,298087698.0,1076406924.0,0.023773503708900336
2022-01-10,11.4,12.37,11.36,12.31,49069638.0,596234895.0,1076406924.0,0.04558651278240942
2022-01-11,12.13,12.16,11.61,11.79,37452852.0,443503275.0,1076406924.0,0.03479432467864727
2022-01-12,11.73,11.8,11.47,11.75,27090759.0,315569451.0,1076406924.0,0.025167767315476687
2022-01-13,11.71,12.1,11.3,11.41,29070354.0,337017021.0,1076406924.0,0.027006844114280334
2022-01-14,11.37,11.6,11.1,11.16,25435670.0,287281328.0,1076406924.0,0.023630162007393405
2022-01-17,11.22,11.43,11.01,11.2,22040183.0,246152803.0,1076406924.0,0.0204756979062316
2022-01-18,11.17,11.2,10.65,10.85,26934037.0,291686914.0,1076406924.0,0.025022169961441087
2022-01-19,10.75,10.92,10.64,10.73,18186158.0,195320766.0,1076406924.0,0.016895244349059948
2022-01-20,10.82,11.27,10.74,10.85,34268318.0,377708303.0,1076406924.0,0.03183583943575599
2022-01-21,10.83,10.84,10.35,10.41,22123733.0,233019181.0,1076406924.0,0.02055331725086525
2022-01-24,10.48,10.74,10.48,10.6,15703650.0,166723036.0,1076406924.0,0.014588952978529893
2022-01-25,10.68,10.7,10.2,10.26,16534614.0,172830225.0,1076406924.0,0.015360932405150527
2022-01-26,10.35,10.52,10.2,10.42,12422718.0,128846639.0,1076406924.0,0.011540912384543524
2022-01-27,10.49,11.12,10.23,10.27,25844875.0,274473404.0,1076406924.0,0.024010320282926757
2022-01-28,10.32,10.9,10.28,10.64,29126173.0,309939548.0,1076406924.0,0.02705870089702247
2022-02-07,10.85,11.2,10.05,11.01,33459193.0,358507753.0,1076406924.0,0.0310841488046764
2022-02-08,11.29,11.54,11.02,11.5,33350245.0,378011521.0,1076406924.0,0.030982934294094155
2022-02-09,11.5,12.15,11.46,12.11,52399119.0,627707091.0,1076406924.0,0.048679656207785596
2022-02-10,12.08,12.83,12.01,12.75,57529976.0,723472197.0,1076406924.0,0.053446308006097516
2022-02-11,12.65,12.7,12.26,12.32,35035101.0,435357079.0,1076406924.0,0.032548193642054274
2022-02-14,12.2,12.44,11.5,11.58,40343053.0,476750570.0,1076406924.0,0.03747936965147207
2022-02-15,11.79,11.85,11.44,11.73,22117494.0,258059926.0,1076406924.0,0.02054752111572259
2022-02-16,11.71,11.78,11.34,11.42,25340210.0,291450678.0,1076406924.0,0.023541478073955607
2022-02-17,11.42,11.94,11.23,11.8,27344939.0,317790789.0,1076406924.0,0.02540390477830111
2022-02-18,11.63,12.2,11.58,11.93,22332719.0,267130516.0,1076406924.0,0.020747468733302202
2022-02-21,11.8,12.05,11.71,11.78,17200192.0,203242215.0,1076406924.0,0.015979265477114302
2022-02-22,11.71,11.75,11.47,11.58,14956980.0,172826318.0,1076406924.0,0.013895284084961906
2022-02-23,11.69,12.0,11.18,11.26,27392388.0,310880154.0,1076406924.0,0.0254479856913295
2022-02-24,11.26,11.3,10.82,11.04,23810292.0,262841448.0,1076406924.0,0.022120158714252196
2022-02-25,11.12,11.26,11.0,11.08,12122895.0,134865542.0,1076406924.0,0.011262371812836834
2022-02-28,11.09,11.38,10.91,11.19,15204348.0,169851586.0,1076406924.0,0.014125093086079035
2022-03-01,11.34,12.24,11.26,12.11,38097462.0,451633193.0,1076406924.0,0.03539317812860892
2022-03-02,11.93,12.07,11.7,11.85,23790011.0,282204969.0,1076406924.0,0.022101317326717603
2022-03-03,11.8,11.97,11.72,11.75,18420639.0,218299873.0,1076406924.0,0.01711308111206464
2022-03-04,11.71,12.14,11.7,11.85,21928919.0,260042862.0,1076406924.0,0.020372331792990212
2022-03-07,11.84,11.93,11.45,11.59,21217017.0,248048650.0,1076406924.0,0.019710962951776777
2022-03-08,11.57,11.72,11.13,11.19,21425533.0,244772086.0,1076406924.0,0.019904677796368394
2022-03-09,11.23,11.42,10.5,11.13,20175567.0,223148395.0,1076406924.0,0.018743438517680885
2022-03-10,11.25,11.31,10.96,11.01,14021559.0,155786922.0,1076406924.0,0.013026262361723715
2022-03-11,10.85,11.6,10.78,11.43,22983909.0,259698769.0,1076406924.0,0.021352435113098547
2022-03-14,11.34,11.59,10.94,10.94,18822513.0,210890214.0,1076406924.0,0.017486428766227444
2022-03-15,10.81,11.32,10.64,10.65,24579195.0,270189956.0,1076406924.0,0.022834482435937956
2022-03-16,10.9,10.93,10.2,10.84,20376861.0,215709140.0,1076406924.0,0.018930444003721403
2022-03-17,10.86,11.48,10.85,11.24,20317523.0,227562922.0,1076406924.0,0.0188753180112394
2022-03-18,11.11,11.95,11.07,11.81,23786787.0,276805431.0,1076406924.0,0.022098322176901938
2022-03-21,11.92,12.17,11.68,11.98,22936983.0,274439235.0,1076406924.0,0.02130884007580018
2022-03-22,11.9,12.6,11.88,12.32,29089092.0,358222822.0,1076406924.0,0.027024252029058855
2022-03-23,12.22,12.37,11.97,12.25,21565153.0,262730509.0,1076406924.0,0.02003438710693392
2022-03-24,12.19,12.58,12.13,12.37,13902437.0,172041192.0,1076406924.0,0.012915596035314987
2022-03-25,12.23,12.65,12.1,12.39,20207555.0,252637107.0,1076406924.0,0.018773155903631107
2022-03-28,12.37,12.63,12.24,12.45,16666235.0,207265202.0,1076406924.0,0.015483210511195113
2022-03-29,12.34,13.2,12.3,12.73,35753499.0,459759926.0,1076406924.0,0.03321559737570027
2022-03-30,12.48,12.79,12.39,12.58,22385119.0,282796735.0,1076406924.0,0.020796149207973694
2022-03-31,12.55,12.67,11.82,12.17,32962412.0,400038006.0,1076650836.0,0.03061569349861165
2022-04-01,12.25,12.79,11.91,12.48,24237414.0,300816065.0,1076650836.0,0.022511861031982702
2022-04-06,12.47,12.79,12.32,12.73,17320285.0,219021960.0,1076650836.0,0.01608718854884166
2022-04-07,12.7,12.7,11.9,12.05,20438206.0,248217588.0,1076650836.0,0.018983132986672386
2022-04-08,12.07,12.1,11.2,11.44,32503028.0,372194942.0,1076650836.0,0.030189014779160958
2022-04-11,11.43,11.91,11.36,11.68,21961289.0,257394463.0,1076650836.0,0.0203977819602046
2022-04-12,11.68,12.09,11.4,12.01,21327851.0,251765752.0,1076650836.0,0.019809440801845993
2022-04-13,11.88,12.13,11.58,11.7,11268673.0,132498325.0,1076650836.0,0.010466413644246685
2022-04-14,11.66,11.8,11.28,11.67,13668305.0,158770601.0,1076650836.0,0.012695206786613223
2022-04-15,11.64,11.74,11.3,11.35,14043035.0,161443214.0,1076650836.0,0.01304325834378491
2022-04-18,11.36,12.17,11.35,12.02,23757175.0,282381820.0,1076650836.0,0.022065812058683063
2022-04-19,12.19,12.59,11.51,11.75,36516432.0,440842074.0,1076650836.0,0.03391668940291428
2022-04-20,11.7,11.96,11.33,11.39,26482938.0,308236603.0,1076650836.0,0.024597517704430593
2022-04-21,11.31,11.46,10.41,10.5,32857985.0,356071164.0,1076650836.0,0.030518701050820527
2022-04-22,10.38,10.7,10.15,10.66,25954723.0,270475902.0,1076650836.0,0.02410690832361923
2022-04-25,10.5,10.57,9.59,9.66,24176951.0,243091734.0,1076650836.0,0.022455702621123494
2022-04-26,9.64,9.69,8.96,9.05,18189575.0,168570602.0,1076650836.0,0.01689459051327946
2022-04-27,8.9,9.48,8.61,9.42,19676276.0,179658079.0,1076650836.0,0.01827544765868737
2022-04-28,9.4,9.4,8.97,9.05,13547120.0,123707346.0,1076650836.0,0.012582649404082198
2022-04-29,9.17,9.27,8.82,8.96,23255856.0,208727656.0,1076650836.0,0.021600183850133563
2022-05-05,8.96,9.16,8.7,8.9,23563972.0,212267434.0,1076650836.0,0.02188636390934823
2022-05-06,8.71,8.72,8.35,8.69,16629907.0,143097439.0,1076650836.0,0.015445961163959009
2022-05-09,8.78,9.15,8.66,9.05,16068481.0,144515832.0,1076650836.0,0.014924505199566854
2022-05-10,8.91,9.06,8.67,9.05,15701703.0,139266256.0,1076650836.0,0.014583839509506497
2022-05-11,9.08,9.12,8.84,8.85,23250087.0,208375869.0,1076650836.0,0.021594825567014187
2022-05-12,8.81,9.08,8.72,8.9,14330689.0,127797764.0,1076650836.0,0.013310433169997558
2022-05-13,8.92,9.14,8.74,8.91,12893409.0,114751350.0,1076650836.0,0.01197547855709834
2022-05-16,8.98,9.24,8.94,9.18,24075582.0,219473703.0,1076650836.0,0.022361550462772314
2022-05-17,9.18,9.3,8.98,9.13,18518458.0,168579140.0,1076650836.0,0.01720005909139516
2022-05-18,9.1,9.14,8.83,8.89,20259585.0,181674246.0,1076650836.0,0.01881722868972908
2022-05-19,8.71,9.08,8.69,8.9,25232938.0,224935509.0,1076650836.0,0.023436509921587988
2022-05-20,8.93,9.16,8.9,9.01,14701860.0,132815220.0,1076650836.0,0.013655179105809935
2022-05-23,9.05,9.35,9.05,9.24,20696009.0,190977168.0,1076650836.0,0.019222582018224525
2022-05-24,9.2,9.23,8.92,8.96,17980600.0,163125692.0,1076650836.0,0.016700493232143832
2022-05-25,8.92,9.37,8.92,9.33,24870619.0,229431650.0,1076650836.0,0.023099985778490584
2022-05-26,9.35,9.36,9.13,9.21,16202140.0,149236577.0,1076650836.0,0.015048648510964421
2022-05-27,9.21,9.35,9.17,9.26,16410684.0,152118554.0,1076650836.0,0.015242345476616525
2022-05-30,9.3,9.42,9.25,9.38,12997000.0,121428973.0,1076650836.0,0.012071694522884297
2022-05-31,9.38,10.08,9.31,9.95,24210351.0,236499142.0,1076650836.0,0.022486724749081047
2022-06-01,9.95,9.97,9.48,9.55,23129892.0,223189269.0,1076650836.0,0.021483187702647174
2022-06-02,9.58,9.62,9.16,9.55,19255668.0,180496157.0,1076650836.0,0.01788478432946668
2022-06-06,9.47,9.58,9.32,9.54,16332297.0,154290122.0,1076650836.0,0.015169539142957577
2022-06-07,9.5,9.85,9.4,9.81,24232128.0,233776115.0,1076650836.0,0.022506951362270617
2022-06-08,10.0,10.0,9.52,9.65,22688813.0,220199041.0,1076650836.0,0.02107351078116843
2022-06-09,9.65,9.9,9.52,9.72,22675725.0,220317323.0,1076650836.0,0.021061354565278953
2022-06-10,9.64,9.64,9.44,9.57,18555690.0,177319788.0,1076650836.0,0.017234640404811798
2022-06-13,9.5,9.87,9.47,9.61,26916445.0,261547654.0,1076650836.0,0.025000161705163993
2022-06-14,9.6,10.37,9.55,10.02,45969957.0,459342608.0,1076650836.0,0.04269718228315201
2022-06-15,9.92,10.28,9.9,10.01,23883949.0,240477930.0,1076650836.0,0.02218356053921273
2022-06-16,10.04,10.58,9.96,10.29,32910171.0,339153165.0,1076650836.0,0.03056717173254487
2022-06-17,10.14,10.38,9.97,10.07,23741070.0,240250875.0,1076650836.0,0.022050853634408916
2022-06-20,10.1,10.37,10.07,10.26,22455254.0,229794607.0,1076650836.0,0.020856579727766077
2022-06-21,10.24,10.43,10.01,10.19,18453780.0,188938726.0,1076650836.0,0.017139985762292205
2022-06-22,10.19,10.66,10.03,10.4,32946541.0,341348672.0,1076825693.0,0.030595983374256282
2022-06-23,10.25,10.45,10.12,10.28,28994867.0,296804465.0,1076825693.0,0.026926239955531967
2022-06-24,10.2,10.27,9.77,9.83,90311594.0,897947952.0,1354275357.0,0.06668628616270392
2022-06-27,10.06,10.59,10.0,10.49,73389656.0,759362825.0,1354275357.0,0.05419108870338841
2022-06-28,10.56,10.89,10.23,10.28,65844828.0,691236100.0,1354275357.0,0.048619970569249604
2022-06-29,10.24,10.28,9.52,9.55,68653172.0,676816001.0,1354275357.0,0.05069365815832386
2022-06-30,9.55,9.75,9.32,9.72,48277272.0,461608967.0,1354276302.0000002,0.03564802243730024
2022-07-01,9.72,10.17,9.66,9.97,48783197.0,487540205.0,1354276302.0000002,0.03602159834588909
2022-07-04,10.21,10.97,10.21,10.97,67973447.0,727121569.0,1354276302.0000002,0.05019171265096831
2022-07-05,11.18,11.62,10.91,11.48,128267885.0,1447117451.0,1354276302.0000002,0.09471323156919567
2022-07-06,11.37,11.51,10.94,11.07,66659958.0,745270508.0,1354276302.0000002,0.049221830066402496
2022-07-07,11.14,12.18,11.14,11.82,93053248.0,1094348560.0,1354276302.0000002,0.06871068175864749
2022-07-08,11.9,12.56,11.55,12.28,80164828.0,970705368.0,1354276302.0000002,0.05919384979388053
2022-07-11,12.2,12.94,12.11,12.66,79632687.0,1002141676.0,1354276302.0000002,0.05880091594484682
2022-07-12,12.72,12.98,12.12,12.2,68369167.0,854368096.0,1354276302.0000002,0.05048391299399699
2022-07-13,12.23,12.67,11.9,12.56,60285530.0,741934948.0,1354276302.0000002,0.04451494123538166
2022-07-14,12.3,12.7,12.3,12.61,37040342.0,462483441.0,1354276302.0000002,0.027350653589152143
2022-07-15,12.5,12.76,12.19,12.24,30006069.0,370681233.0,1354276302.0000002,0.02215653405120279
2022-07-18,12.15,12.73,12.02,12.51,35949945.0,445286430.0,1354276302.0000002,0.026545502529217255
2022-07-19,12.48,12.7,12.03,12.57,50597816.0,624566874.0,1354276302.0000002,0.03736151620262199
2022-07-20,12.67,12.75,12.13,12.33,33934377.0,420424883.0,1354276302.0000002,0.02505720357794461
2022-07-21,12.23,12.64,12.18,12.33,28685144.0,356153297.0,1354276302.0000002,0.021181160711176643
2022-07-22,12.11,12.35,11.79,11.93,31368338.0,376890374.0,1354276302.0000002,0.023162435873444083
2022-07-25,11.9,12.12,11.7,11.8,26365400.0,313579912.0,1354276302.0000002,0.019468257667259983
2022-07-26,11.8,12.04,11.7,11.8,19514730.0,231390182.0,1354276302.0000002,0.014409710906984471
2022-07-27,11.75,11.81,11.36,11.55,28428839.0,327703788.0,1354276302.0000002,0.02099190464901157
2022-07-28,11.7,12.15,11.61,11.65,35814753.0,426320530.0,1354276302.0000002,0.02644567651897079
2022-07-29,11.65,12.5,11.58,12.13,45315063.0,549637606.0,1354276302.0000002,0.03346072210898068
2022-08-01,12.07,12.23,11.88,11.93,32837055.0,394536144.0,1354276302.0000002,0.024246939085846894
2022-08-02,11.85,12.23,11.51,11.91,41027403.0,488528881.0,1354276302.0000002,0.03029470643428566
2022-08-03,11.87,12.02,11.23,11.28,32670039.0,378893905.0,1354276302.0000002,0.024123614178105875
2022-08-04,11.37,11.85,11.34,11.66,26213260.0,304233069.0,1354276302.0000002,0.019355917224046646
2022-08-05,11.74,11.75,11.16,11.43,30366163.0,344345482.0,1354276302.0000002,0.02242242809325921
2022-08-08,11.52,11.97,11.37,11.42,24062932.0,279309758.0,1354276302.0000002,0.01776811125208628
2022-08-09,11.33,11.38,10.73,10.83,42074847.0,458464616.0,1354276302.0000002,0.031068140923579412
2022-08-10,10.8,11.15,10.76,10.91,25337596.0,276615618.0,1354276302.0000002,0.018709325388461234
2022-08-11,10.91,11.21,10.85,10.94,20192051.0,221187291.0,1354276302.0000002,0.01490984592300722
2022-08-12,10.92,10.98,10.52,10.57,30067300.0,321643605.0,1354276302.0000002,0.022201747129146764
2022-08-15,10.71,10.8,10.45,10.67,32664504.0,347504292.0,1354276302.0000002,0.024119527124384397
2022-08-16,10.65,11.19,10.6,11.15,48044797.0,526710925.0,1354276302.0000002,0.03547636248898933
2022-08-17,11.28,11.44,11.09,11.22,35239905.0,395770030.0,1354276302.0000002,0.026021207746128008
2022-08-18,11.12,11.35,10.85,10.91,24422637.0,268777745.0,1354276302.0000002,0.018033718055859474
2022-08-19,11.0,11.54,10.84,11.31,42724624.0,483631267.0,1354276302.0000002,0.03154793740162485
2022-08-22,11.29,11.68,11.21,11.51,34746407.0,399508837.0,1354276302.0000002,0.0256568079561655
2022-08-23,11.48,11.85,11.36,11.7,35468557.0,415148331.0,1354276302.0000002,0.026190044784524327
2022-08-24,11.81,12.08,11.48,11.54,39653555.0,466676311.0,1354276302.0000002,0.02928025465810742
2022-08-25,11.7,11.96,11.57,11.72,31082775.0,365027223.0,1354276302.0000002,0.02295157565269129
2022-08-26,11.72,11.99,11.57,11.77,35496520.0,418046322.0,1354276302.0000002,0.026210692712837557
2022-08-29,11.85,12.33,11.8,12.04,46608592.0,564300629.0,1354276302.0000002,0.034415866194489456
2022-08-30,11.9,12.37,11.84,12.18,31303237.0,379703766.0,1354276302.0000002,0.02311436518070298
2022-08-31,12.12,12.33,11.65,11.79,28992563.0,347426131.0,1354276302.0000002,0.02140815944071655
2022-09-01,11.7,11.95,11.59,11.64,23580830.0,276530048.0,1354276302.0000002,0.017412126288539307
2022-09-02,11.64,12.07,11.55,11.88,25682749.0,304178603.0,1354276302.0000002,0.01896418696987581
2022-09-05,11.98,12.1,11.39,11.66,29516808.0,342083035.0,1354276302.0000002,0.021795262869482003
2022-09-06,11.65,11.78,11.5,11.59,25485802.0,296145799.0,1354276302.0000002,0.018818760959165032
2022-09-07,11.55,11.72,11.45,11.67,22990307.0,266408637.0,1354276302.0000002,0.016976083068165507
2022-09-08,11.64,11.99,11.08,11.15,39159951.0,448933418.0,1354276302.0000002,0.02891577659755874
2022-09-09,11.23,11.37,10.99,11.06,26604432.0,295352369.0,1354276302.0000002,0.01964475931588737
2022-09-13,11.2,11.47,10.88,11.38,32891054.0,368354691.0,1354276302.0000002,0.024286812042288837
2022-09-14,11.17,11.28,10.91,10.97,23804668.0,263060187.0,1354276302.0000002,0.017577408660880485
2022-09-15,10.97,11.05,10.28,10.48,32901547.0,348413170.0,1354276302.0000002,0.024294560091918372
2022-09-16,10.5,10.67,10.23,10.27,24050400.0,251311844.0,1354276302.0000002,0.017758857601275515
2022-09-19,10.34,10.65,10.17,10.3,26276107.0,272437803.0,1354276302.0000002,0.019402323559228902
2022-09-20,10.35,10.4,10.01,10.06,29516417.0,299092689.0,1354276302.0000002,0.021794974154395262
2022-09-21,10.01,10.09,9.81,9.89,25241816.0,249855350.0,1354276302.0000002,0.018638601268236618
2022-09-22,9.84,9.95,9.72,9.77,20047699.0,196642208.0,1354276302.0000002,0.014803256152672452
2022-09-23,9.77,9.8,9.33,9.46,25458756.0,242020534.0,1354276302.0000002,0.01879879014526239
2022-09-26,9.33,9.43,9.0,9.08,33702564.0,309770497.0,1354276302.0000002,0.02488603245159642
2022-09-27,9.14,9.41,9.04,9.39,32648286.0,300619142.0,1354276302.0000002,0.024107551724699673
2022-09-28,9.33,9.47,9.16,9.19,29023281.0,270582475.0,1354276302.0000002,0.02143084166586856
2022-09-29,9.3,9.49,9.18,9.27,26023418.0,242705976.0,1354276302.0000002,0.019215737557814843
2022-09-30,9.26,9.34,9.07,9.21,20899092.0,192481788.0,1354291886.0,0.015431748662193491
2022-10-10,9.67,10.0,9.51,9.7,52825242.0,515428577.0,1354291886.0,0.03900580262355644
2022-10-11,9.63,9.86,9.46,9.68,36735673.0,355117500.0,1354291886.0,0.02712537332590945
2022-10-12,9.76,10.02,9.56,9.88,44540026.0,437145035.0,1354291886.0,0.032888054975764656
2022-10-13,9.79,10.36,9.67,10.09,44397148.0,444187618.0,1354291886.0,0.03278255482363571
2022-10-14,10.06,10.15,9.96,10.11,27243804.0,274309416.0,1354291886.0,0.020116641236378196
2022-10-17,10.01,10.23,9.85,10.11,26542490.0,267166926.0,1354291886.0,0.019598795705994505
2022-10-18,10.13,10.62,10.12,10.21,33452667.0,344788826.0,1354291886.0,0.024701223824654887
2022-10-19,10.15,10.39,9.87,9.9,24995612.0,250382915.0,1354291886.0,0.01845659141754616
2022-10-20,9.81,9.95,9.61,9.65,27658022.0,270006073.0,1354291886.0,0.02042249701553628
2022-10-21,9.66,9.77,9.54,9.67,17955398.0,173487541.0,1354291886.0,0.013258144854601897
2022-10-24,9.65,9.67,9.12,9.17,39023293.0,364906884.0,1354291886.0,0.02881453651417653
2022-10-25,9.11,9.25,8.52,8.56,62643433.0,546205233.0,1354291886.0,0.046255488678309926
2022-10-26,8.6,8.65,8.2,8.28,64654963.0,546645156.0,1354291886.0,0.04774078887156531
2022-10-27,8.3,8.4,8.16,8.29,41063766.0,340433743.0,1354291886.0,0.03032120802354124
2022-10-28,8.32,8.38,7.98,8.04,59697349.0,487115118.0,1354291886.0,0.04408012011082816
2022-10-31,8.1,8.47,7.97,8.43,55303386.0,460103539.0,1354291886.0,0.040835647449193976
2022-11-01,8.4,8.74,8.37,8.59,47434117.0,406462907.0,1354291886.0,0.035025032262505924
2022-11-02,8.5,8.76,8.45,8.64,37635160.0,324439191.0,1354291886.0,0.027789548463705408
2022-11-03,8.53,8.67,8.52,8.6,23570714.0,202592525.0,1354291886.0,0.017404456338890005
2022-11-04,8.6,8.87,8.56,8.82,35103270.0,307310705.0,1354291886.0,0.025920017953943497
2022-11-07,8.8,8.94,8.77,8.84,20963616.0,185231480.0,1354291886.0,0.015479392748868614
2022-11-08,8.83,8.98,8.73,8.83,24455038.0,215881409.0,1354291886.0,0.01805743521969237
2022-11-09,8.75,8.82,8.6,8.6,32461400.0,281578917.0,1354291886.0,0.023969278953503235
2022-11-10,8.52,8.64,8.45,8.6,24216585.0,207180688.0,1354291886.0,0.017881363131787974
2022-11-11,8.81,8.83,8.64,8.69,24990690.0,217705023.0,1354291886.0,0.018452957045922966
2022-11-14,8.76,8.87,8.6,8.65,34407479.0,300668986.0,1354291886.0,0.02540625056953195
2022-11-15,8.65,8.75,8.55,8.72,27783990.0,240402411.0,1354291886.0,0.020515510937647308
2022-11-16,8.7,8.78,8.58,8.6,24975141.0,216523278.0,1354291886.0,0.018441475769131205
2022-11-17,8.56,8.85,8.53,8.75,34929987.0,303390215.0,1354291886.0,0.025792066954759853
2022-11-18,8.74,8.86,8.66,8.78,38105361.0,333866943.0,1354291886.0,0.02813674171270934
2022-11-21,8.7,8.75,8.47,8.72,31815230.0,274185150.0,1354291886.0,0.02349215138102068
2022-11-22,8.73,8.81,8.51,8.54,26404674.0,227910951.0,1354291886.0,0.01949703330054508
2022-11-23,8.5,8.54,8.37,8.45,16760915.0,141490322.0,1354291886.0,0.012376146658830384
2022-11-24,8.45,8.7,8.42,8.53,21115288.0,180920641.0,1354291886.0,0.015591386331321488
2022-11-25,8.53,8.61,8.43,8.55,18804385.0,160473579.0,1354291886.0,0.013885031132793777
2022-11-28,8.46,8.58,8.25,8.58,26376146.0,222625390.0,1354291886.0,0.01947596841763844
2022-11-29,8.58,8.65,8.52,8.65,22126821.0,190737146.0,1354291886.0,0.0163382954802699
2022-11-30,8.66,8.84,8.58,8.62,38929812.0,339059373.0,1354291886.0,0.02874551077388645
2022-12-01,8.67,8.86,8.66,8.78,32461444.0,284722548.0,1354291886.0,0.02396931144280665
2022-12-02,8.79,8.99,8.71,8.95,43815440.0,388270462.0,1354291886.0,0.03235302555744619
2022-12-05,9.0,9.08,8.86,8.96,34606146.0,308974459.0,1354291886.0,0.025552944943214407
2022-12-06,8.94,9.03,8.87,8.92,28366265.0,253619262.0,1354291886.0,0.020945458872814956
2022-12-07,8.86,9.07,8.85,8.96,31262392.0,280691777.0,1354291886.0,0.023083939528232542
2022-12-08,8.92,8.93,8.67,8.73,35807162.0,313769038.0,1354291886.0,0.026439767062150146
2022-12-09,8.68,8.74,8.53,8.65,28320714.0,243187585.0,1354291886.0,0.020911824321452076
2022-12-12,8.59,8.7,8.48,8.49,29542925.0,252667908.0,1354291886.0,0.021814296685522636
2022-12-13,8.5,8.98,8.5,8.91,60281476.0,531969714.0,1354291886.0,0.04451143555031238
2022-12-14,8.85,8.92,8.75,8.9,31813905.0,281342165.0,1354291886.0,0.02349117300995186
2022-12-15,8.91,9.03,8.69,8.71,30428482.0,267231856.0,1354291886.0,0.022468186005213945
2022-12-16,8.68,8.74,8.51,8.72,22503574.0,194255508.0,1354291886.0,0.016616487355961312
2022-12-19,8.76,8.81,8.48,8.55,41053281.0,354299412.0,1354291886.0,0.030313465970215524
2022-12-20,8.69,8.69,8.36,8.38,29587557.0,250884129.0,1354291886.0,0.02184725265348005
2022-12-21,8.39,8.71,8.33,8.58,40937151.0,350864435.0,1354291886.0,0.030227716360991325
2022-12-22,8.59,8.83,8.51,8.56,38486832.0,334733528.0,1354291886.0,0.028418417327799008
2022-12-23,8.52,8.64,8.21,8.26,34107577.0,286185641.0,1354291886.0,0.025184804954225357
2022-12-26,8.35,8.46,8.2,8.3,27026076.0,224474047.0,1354291886.0,0.019955872348776667
2022-12-27,8.3,8.59,8.29,8.55,35819399.0,304037915.0,1354291886.0,0.026448802780466484
2022-12-28,8.48,8.7,8.38,8.41,32497556.0,276685568.0,1354291886.0,0.023995976300193237
2022-12-29,8.37,8.39,8.15,8.2,34215604.0,282408133.0,1354291886.0,0.02526457136286793
2022-12-30,8.16,8.31,8.08,8.31,36939316.0,302447427.0,1354292156.0,0.027275736506591715
2023-01-03,8.23,8.3,8.02,8.25,42962905.0,350437890.0,1354292156.0,0.03172351313537402
2023-01-04,8.18,8.36,8.18,8.28,29682277.0,246204815.0,1354292156.0,0.021917188893472408
2023-01-05,8.3,8.32,8.19,8.27,29910285.0,246398086.0,1354292156.0,0.022085548430216265
2023-01-06,8.26,8.28,8.16,8.2,25112762.0,206138492.0,1354292156.0,0.018543090491029913
2023-01-09,8.2,8.59,8.17,8.49,62087563.0,519483919.0,1354292156.0,0.045845028877210744
2023-01-10,8.5,8.56,8.29,8.39,37232052.0,311364523.0,1354292156.0,0.02749189075270698
2023-01-11,8.36,8.75,8.29,8.61,48272666.0,411062639.0,1354292156.0,0.03564420408560647
2023-01-12,8.55,8.79,8.54,8.62,42902400.0,371384637.0,1354292156.0,0.03167883666011575
2023-01-13,8.67,8.94,8.62,8.79,48436718.0,427290869.0,1354292156.0,0.035765338952461596
2023-01-16,8.79,9.11,8.76,9.09,64707931.0,580763042.0,1354292156.0,0.04777989056003954
2023-01-17,9.12,9.18,8.95,9.16,40352719.0,365523412.0,1354292156.0,0.029796169771214416
2023-01-18,9.09,9.09,8.82,8.84,38847443.0,346687089.0,1354292156.0,0.02868468434073984
2023-01-19,8.88,8.91,8.8,8.84,21040951.0,186410242.0,1354292156.0,0.015536493294139702
2023-01-20,8.87,8.94,8.81,8.9,20110874.0,178478111.0,1354292156.0,0.01484973084345325
2023-01-30,8.95,9.08,8.88,9.0,25932930.0,233010627.0,1354292156.0,0.019148696893139208
2023-01-31,9.02,9.21,8.95,8.97,28450789.0,258029221.0,1354292156.0,0.02100786663642169
2023-02-01,9.0,9.18,8.93,9.15,30971819.0,281436657.0,1354292156.0,0.022869377824263203
2023-02-02,9.15,9.22,9.06,9.17,24532283.0,224510267.0,1354292156.0,0.018114468795608973
2023-02-03,9.18,9.22,8.97,9.03,25659210.0,232227254.0,1354292156.0,0.018946583930446983
2023-02-06,8.96,9.31,8.86,9.23,31119822.0,284043859.0,1354292156.0,0.022978662220059405
2023-02-07,9.23,9.29,9.01,9.1,22737922.0,207167068.0,1354292156.0,0.016789524992272053
2023-02-08,9.05,9.11,8.99,9.0,17174143.0,154965547.0,1354292156.0,0.012681268900445436
2023-02-09,8.96,9.09,8.93,9.02,19359390.0,174580746.0,1354292156.0,0.01429484023386753
2023-02-10,9.04,9.19,8.97,9.05,22396709.0,203114111.0,1354292156.0,0.016537575663252972
2023-02-13,9.06,9.13,8.8,8.87,48420735.0,430196506.0,1354292156.0,0.03575353721534809
2023-02-14,8.87,8.99,8.8,8.86,25113894.0,222790623.0,1354292156.0,0.01854392635203301
2023-02-15,8.85,8.86,8.71,8.73,23727804.0,207921803.0,1354292156.0,0.01752044704303818
2023-02-16,8.72,9.22,8.71,8.88,60149427.0,540354329.0,1354292156.0,0.044413922604156324
2023-02-17,8.9,9.03,8.78,8.82,30155203.0,267636014.0,1354292156.0,0.02226639419448871
2023-02-20,8.82,8.97,8.66,8.89,32502060.0,285188614.0,1354292156.0,0.02399929723878575
2023-02-21,8.89,9.1,8.84,8.99,32057647.0,288247553.0,1354292156.0,0.023671145740579776
2023-02-22,9.03,9.18,8.97,9.09,33209440.0,302115251.0,1354292156.0,0.024521621758547645
2023-02-23,9.1,9.22,9.0,9.05,29477602.0,268377126.0,1354292156.0,0.021766058283217288
2023-02-24,9.06,9.24,8.99,9.07,25743207.0,233668326.0,1354292156.0,0.01900860673669884
2023-02-27,9.06,9.14,8.89,8.89,19513028.0,174893520.0,1354292156.0,0.01440828547485141
2023-02-28,8.91,9.06,8.89,9.06,19351147.0,174086022.0,1354292156.0,0.014288753659443036
2023-03-01,9.04,9.07,8.96,9.05,16644700.0,149761010.0,1354292156.0,0.012290331835902621
2023-03-02,9.03,9.03,8.88,8.9,22688581.0,202929685.0,1354292156.0,0.016753091937719233
2023-03-03,8.92,8.93,8.81,8.89,15601074.0,138374462.0,1354292156.0,0.011519725585710325
2023-03-06,8.9,9.1,8.82,9.01,30331859.0,273574458.0,1354292156.0,0.022396835768130965
2023-03-07,9.0,9.08,8.84,8.84,25342777.0,227374226.0,1354292156.0,0.01871293198275011
2023-03-08,8.82,8.9,8.73,8.78,16744534.0,147152365.0,1354292156.0,0.012364048573873597
2023-03-09,8.77,8.81,8.58,8.62,22867590.0,198378917.0,1354292156.0,0.016885270950354674
2023-03-10,8.55,8.59,8.41,8.5,21085280.0,178923754.0,1354292156.0,0.015569225522413792
2023-03-13,8.45,8.72,8.42,8.69,22268650.0,191106557.0,1354292156.0,0.016443017779688002
2023-03-14,8.71,9.21,8.68,8.92,81047604.0,729039104.0,1354292156.0,0.05984499256008391
2023-03-15,8.99,9.16,8.93,9.01,38326133.0,346169730.0,1354292156.0,0.02829975262737917
2023-03-16,9.0,9.0,8.49,8.5,45770869.0,397021774.0,1354292156.0,0.033796894412493374
2023-03-17,8.59,8.6,8.42,8.44,29425135.0,249835624.0,1354292156.0,0.021727317011795495
2023-03-20,8.45,8.49,8.27,8.3,28587989.0,237647341.0,1354292156.0,0.021109174171425975
2023-03-21,8.35,8.38,8.28,8.37,19992524.0,166617216.0,1354292156.0,0.01476234201861537
2023-03-22,8.37,8.45,8.32,8.37,18148195.0,152139831.0,1354292156.0,0.013400502188244233
2023-03-23,8.33,8.39,8.3,8.34,16020791.0,133497960.0,1354292156.0,0.011829641727615529
2023-03-24,8.29,8.35,8.29,8.32,17816263.0,148084721.0,1354292156.0,0.01315540588570019
2023-03-27,8.31,8.66,8.29,8.64,48921358.0,416534571.0,1354292156.0,0.03612319379039511
2023-03-28,8.63,8.79,8.57,8.64,31230233.0,270886992.0,1354292156.0,0.023060188941978928
2023-03-29,8.65,8.66,8.39,8.43,24103144.0,204048186.0,1354292156.0,0.017797595513799905
2023-03-30,8.43,8.61,8.41,8.55,21549545.0,183607983.0,1354292156.0,0.015912035600684674
2023-03-31,8.82,9.11,8.82,8.91,86357754.0,775862156.0,1354534033.0,0.06375458415669058
2023-04-03,9.22,9.78,9.21,9.7,125833034.0,1205879943.0,1354534033.0,0.09289765405252096
2023-04-04,9.73,10.33,9.69,10.05,110709950.0,1116006216.0,1354534033.0,0.08173286702498084
2023-04-06,10.05,10.3,9.84,10.17,66195711.0,668227716.0,1354534033.0,0.048869728915847774
2023-04-07,10.15,10.15,9.87,9.89,34724704.0,345675735.0,1354534033.0,0.02563590367906245
2023-04-10,9.84,10.11,9.75,9.76,35494969.0,351492804.0,1354534033.0,0.02620456048740711
2023-04-11,9.82,9.85,9.52,9.62,42843206.0,413367745.0,1354534033.0,0.03162947918341451
2023-04-12,9.6,9.63,9.4,9.5,36906010.0,350507907.0,1354534033.0,0.027246277391983403
2023-04-13,9.48,9.54,9.31,9.39,31523047.0,296366141.0,1354534033.0,0.02327224435268213
2023-04-14,9.45,9.45,9.18,9.26,33421318.0,310268958.0,1354534033.0,0.024673664290279226
2023-04-17,9.42,9.42,9.26,9.28,35233987.0,328511124.0,1354534033.0,0.02601188758761885
2023-04-18,9.28,9.32,9.14,9.22,33458652.0,308536160.0,1354534033.0,0.02470122653610727
2023-04-19,9.24,9.5,9.16,9.28,42077071.0,392590743.0,1354534033.0,0.03106387139406781
2023-04-20,9.28,9.3,9.0,9.11,47610164.0,433610796.0,1354547545.9999998,0.035148388951420396
2023-04-21,9.12,9.17,8.9,8.94,43181310.0,388481339.0,1354547545.9999998,0.0318787702414102
2023-04-24,8.95,8.99,8.7,8.76,30956374.0,272401108.0,1354547545.9999998,0.02285366363950432
2023-04-25,8.78,8.85,8.6,8.76,29113677.0,254146308.0,1354547545.9999998,0.021493285404394366
2023-04-26,8.7,8.97,8.65,8.79,29708279.0,262959946.0,1354547545.9999998,0.021932252646080248
2023-04-27,8.75,8.86,8.67,8.78,23806810.0,209238966.0,1354547545.9999998,0.017575470178438465
2023-04-28,8.77,8.81,8.55,8.63,34709086.0,299203223.0,1354547545.9999998,0.025624117885338523
2023-05-04,8.73,8.95,8.67,8.83,31995982.0,281923094.0,1354547545.9999998,0.023621158293398146
2023-05-05,8.85,8.86,8.45,8.62,36268488.0,311683809.0,1354547545.9999998,0.026775352483640324
2023-05-08,8.62,8.74,8.53,8.65,22259423.0,192225622.0,1354547545.9999998,0.016433105700669148
2023-05-09,8.65,9.03,8.62,8.91,46742307.0,414644080.0,1354547545.9999998,0.034507690142018835
2023-05-10,8.91,8.93,8.69,8.83,33049218.0,290049213.0,1354547545.9999998,0.02439871387135495
2023-05-11,8.79,9.04,8.75,8.9,31513966.0,280964451.0,1354547545.9999998,0.023265308104585356
2023-05-12,8.9,8.98,8.74,8.74,22361059.0,197936992.0,1354547545.9999998,0.01650813887340652
2023-05-15,8.7,8.72,8.52,8.68,23436225.0,201710684.0,1354547545.9999998,0.017301884359251576
2023-05-16,8.7,8.9,8.67,8.7,26944040.0,236140411.0,1354547545.9999998,0.01989154244128689
2023-05-17,8.66,8.82,8.62,8.73,13735124.0,119599005.0,1354547545.9999998,0.010140008773084443
2023-05-18,8.73,8.85,8.52,8.59,33821862.0,293222504.0,1354547545.9999998,0.024969121312778196
2023-05-19,8.5,8.63,8.32,8.61,22371395.0,190314678.0,1354547545.9999998,0.016515769465651524
2023-05-22,8.54,8.68,8.48,8.66,15617378.0,134169211.0,1354547545.9999998,0.011529590117466428
2023-05-23,8.65,8.78,8.56,8.56,13595849.0,117559273.0,1354547545.9999998,0.010037188462043106
2023-05-24,8.53,8.55,8.46,8.46,15803804.0,134273488.0,1354547545.9999998,0.011667219837848351
2023-05-25,8.44,8.5,8.29,8.35,19680663.0,164715302.0,1354547545.9999998,0.014529326089820403
2023-05-26,8.35,8.36,8.17,8.24,17645742.0,145365389.0,1354547545.9999998,0.013027037738253009
2023-05-29,8.24,8.29,8.11,8.14,14534248.0,118898274.0,1354547545.9999998,0.010729965177612159
2023-05-30,8.14,8.21,8.03,8.19,15366900.0,124816647.0,1354547545.9999998,0.01134467375868695
2023-05-31,8.15,8.2,8.03,8.07,15608241.0,126417040.0,1354547545.9999998,0.011522844691639937
2023-06-01,8.0,8.11,7.93,8.04,19937903.0,160014826.0,1354547545.9999998,0.014719234521428901
2023-06-02,8.02,8.15,7.99,8.1,17375943.0,140249954.0,1354547545.9999998,0.012827857575993869
2023-06-05,8.1,8.12,8.0,8.12,17195305.0,138408071.0,1354547545.9999998,0.012694500869148527
2023-06-06,8.1,8.11,7.95,7.96,17313474.0,138946489.0,1354547545.9999998,0.012781739593509997
2023-06-07,7.94,8.0,7.9,7.97,15501720.0,123042470.0,1354547545.9999998,0.011444205148631972
2023-06-08,7.92,8.3,7.92,8.25,38169568.0,312501601.0,1354547545.9999998,0.028178832195824604
2023-06-09,8.2,8.24,8.1,8.19,16152945.0,131879245.0,1354574707.0,0.011924735429154888
2023-06-12,8.18,8.28,8.11,8.23,17742286.0,145701729.0,1354574707.0,0.013098049083829527
2023-06-13,8.22,8.34,8.13,8.16,15293774.0,125583053.0,1354574707.0,0.011290461811346962
2023-06-14,8.14,8.17,8.03,8.05,16801057.0,135891495.0,1354574707.0,0.012403197042715784
2023-06-15,8.05,8.09,7.99,8.08,15264089.0,122596715.0,1354574707.0,0.011268547183939114
2023-06-16,7.94,8.14,7.9,8.1,30566128.0,245782307.0,1354574707.0,0.022565110541370826
2023-06-19,8.1,8.25,8.06,8.13,19058600.0,155234309.0,1354574707.0,0.014069803534283769
2023-06-20,8.13,8.19,8.07,8.14,12599762.0,102478135.0,1354574707.0,0.009301636842094084
2023-06-21,8.17,8.22,8.03,8.03,13097564.0,106241396.0,1354574707.0,0.009669133737929745
2023-06-26,8.02,8.15,7.95,8.09,15364207.0,123554448.0,1354574707.0,0.011342458205223229
2023-06-27,8.06,8.16,8.02,8.1,12469365.0,101068995.0,1354574707.0,0.009205372679382238
2023-06-28,8.12,8.28,8.09,8.1,15028094.0,122627945.0,1354574707.0,0.01109432644972604
2023-06-29,8.09,8.27,8.03,8.15,18306909.0,149771804.0,1354574707.0,0.013514875853945795
2023-06-30,8.17,8.29,8.11,8.25,19074100.0,157205568.0,1354741838.0,0.014079509073226098
2023-07-03,8.24,8.34,8.22,8.24,15066283.0,124434063.0,1354741838.0,0.011121146905924374
2023-07-04,8.26,8.34,8.13,8.21,16477522.0,134969823.0,1354741838.0,0.01216285017396798
2023-07-05,8.2,8.2,8.04,8.09,14920526.0,120880854.0,1354741838.0,0.011013556665546783
2023-07-06,8.06,8.45,8.0,8.22,34761573.0,286234641.0,1354741838.0,0.02565918614524991
2023-07-07,8.14,8.35,8.11,8.3,27112595.0,223883080.0,1354741838.0,0.020013108209624805
2023-07-10,8.31,8.48,8.29,8.32,21823538.0,182777914.0,1354741838.0,0.016109001278219917
2023-07-11,8.34,8.37,8.22,8.28,14037329.0,116346457.0,1354741838.0,0.01036162655220219
2023-07-12,8.28,8.37,8.23,8.26,12594801.0,104500081.0,1354741838.0,0.009296827370883928
2023-07-13,8.29,8.31,8.22,8.3,10193408.0,84307624.0,1354741838.0,0.007524243892141464
2023-07-14,8.29,8.35,8.24,8.25,10871546.0,90047516.0,1354741838.0,0.008024810111459774
2023-07-17,8.14,8.29,8.03,8.18,20944441.0,171143799.0,1354741838.0,0.015460097571741193
2023-07-18,8.21,8.38,8.15,8.34,27036995.0,224561972.0,1354741838.0,0.01995730421961029
2023-07-19,8.35,8.41,8.27,8.31,9943500.0,82865524.0,1354741838.0,0.007339774797742683
2023-07-20,8.31,8.36,8.22,8.23,10891400.0,90180689.0,1354741838.0,0.00803946530217073
2023-07-21,8.22,8.36,8.21,8.28,10766811.0,89250038.0,1354741838.0,0.007947500178997204
2023-07-24,8.28,8.35,8.07,8.09,17471137.0,142647447.0,1354741838.0,0.01289628511495044
2023-07-25,8.1,8.15,8.0,8.1,23472290.0,189249765.0,1354741838.0,0.017326024296003176
2023-07-26,8.1,8.15,8.04,8.1,15613400.0,126394876.0,1354741838.0,0.011525000234029829
2023-07-27,8.11,8.25,8.09,8.14,20150092.0,164714823.0,1354741838.0,0.014873750433327948
2023-07-28,8.13,8.17,8.08,8.16,17328300.0,140754879.0,1354741838.0,0.012790850266779757
2023-07-31,8.24,8.43,8.23,8.42,39092163.0,326080745.0,1354741838.0,0.028855802562140993
2023-08-01,8.43,8.43,8.26,8.28,21980495.0,182906948.0,1354741838.0,0.016224858776377436
2023-08-02,8.29,8.33,8.17,8.2,16532300.0,135986147.0,1354741838.0,0.01220328444599199
2023-08-03,8.17,8.29,8.17,8.24,13508783.0,111188229.0,1354741838.0,0.009971481370903082
2023-08-04,8.26,8.3,8.17,8.2,14463929.0,118822808.0,1354741838.0,0.010676520495855536
2023-08-07,8.27,8.3,8.19,8.23,15479395.0,127438435.0,1354741838.0,0.011426084709137033
2023-08-08,8.2,8.26,8.11,8.17,13065400.0,106676940.0,1354741838.0,0.009644199089096117
2023-08-09,8.14,8.17,8.06,8.09,13981556.0,113210845.0,1354741838.0,0.010320457822902196
2023-08-10,8.07,8.12,8.04,8.06,12751678.0,102982941.0,1354741838.0,0.009412625817200163
2023-08-11,8.07,8.09,7.87,7.87,20140900.0,160136340.0,1354741838.0,0.014866965376764277
2023-08-14,7.84,7.86,7.72,7.85,13362400.0,104144684.0,1354741838.0,0.009863429049867433
2023-08-15,7.84,7.86,7.73,7.78,9625619.0,74957610.0,1354741838.0,0.007105131568247913
2023-08-16,7.79,7.84,7.73,7.77,6714733.0,52351534.0,1354741838.0,0.004956466842356426
2023-08-17,7.76,7.81,7.72,7.8,7482281.0,58141160.0,1354741838.0,0.0055230308757911115
2023-08-18,7.8,7.81,7.62,7.62,12904494.0,99543979.0,1354741838.0,0.009525426644423157
2023-08-21,7.62,7.67,7.47,7.47,14175100.0,107272689.0,1354741838.0,0.010463321942523487
2023-08-22,7.49,7.53,7.14,7.19,30111562.0,218825777.0,1354741838.0,0.02222678975091932
2023-08-23,7.2,7.24,7.12,7.14,12430537.0,89115210.0,1354741838.0,0.00917557622517302
2023-08-24,7.14,7.28,7.08,7.24,11909337.0,85753305.0,1354741838.0,0.008790853479199924
2023-08-25,7.26,7.42,7.18,7.2,16851400.0,122981888.0,1354741838.0,0.012438827477918343
2023-08-28,7.47,7.51,7.17,7.23,20412788.0,149464864.0,1354741838.0,0.015067658964556169
2023-08-29,7.19,7.29,7.17,7.28,13061521.0,94614633.0,1354741838.0,0.009641335812941802
2023-08-30,7.25,7.28,7.21,7.24,12299109.0,89065996.0,1354741838.0,0.009078562907717625
2023-08-31,7.22,7.28,7.14,7.22,9830949.0,70749645.0,1354741838.0,0.007256695500386547
2023-09-01,7.23,7.26,7.21,7.25,7155352.0,51755933.0,1354741838.0,0.005281708883046986
2023-09-04,7.21,7.31,7.2,7.3,11078300.0,80649319.0,1354741838.0,0.008177425166373285
2023-09-05,7.29,7.29,7.2,7.24,7407145.0,53607845.0,1354741838.0,0.005467569386456049
2023-09-06,7.23,7.25,7.2,7.24,5787717.0,41819755.0,1354741838.0,0.00427219182109588
2023-09-07,7.24,7.27,7.13,7.15,13067362.0,94033412.0,1354741838.0,0.009645647335503637
2023-09-08,7.11,7.16,7.09,7.13,7447567.0,53022708.0,1354741838.0,0.00549740680556143
2023-09-11,7.13,7.24,7.13,7.23,9958554.0,71659103.0,1354741838.0,0.007350886877976526
2023-09-12,7.25,7.33,7.21,7.28,10336700.0,75340944.0,1354741838.0,0.007630014597659455
2023-09-13,7.25,7.27,7.14,7.17,8299892.0,59663686.0,1354741838.0,0.006126548813354061
2023-09-14,7.14,7.17,7.1,7.13,7049100.0,50236586.0,1354741838.0,0.005203279180044043
2023-09-15,7.14,7.16,7.09,7.12,7196284.0,51247023.0,1354741838.0,0.00531192275764056
2023-09-18,7.1,7.18,7.05,7.17,7181146.0,51165028.0,1354741838.0,0.005300748672973367
2023-09-19,7.14,7.22,7.12,7.17,6983902.0,49992033.0,1354741838.0,0.005155153405692635
2023-09-20,7.15,7.27,7.13,7.21,10509500.0,75792409.0,1354741838.0,0.007757566574835493
2023-09-21,7.19,7.2,7.06,7.07,10512178.0,74697365.0,1354741838.0,0.0077595433352225145
2023-09-22,7.05,7.14,7.01,7.14,7002867.0,49655320.0,1354741838.0,0.005169152382817308
2023-09-25,7.14,7.18,7.11,7.16,6485514.0,46361514.0,1354741838.0,0.004787269292262014
2023-09-26,7.15,7.19,7.13,7.15,4603400.0,32961128.0,1354741838.0,0.0033979905771537853
2023-09-27,7.15,7.18,7.1,7.11,7434800.0,53068302.0,1354741838.0,0.005487982869840327
2023-09-28,7.13,7.13,7.02,7.06,9408800.0,66457145.0,1355019352.0,0.006943664668783269
2023-10-09,7.05,7.05,6.78,6.8,17139800.0,117669540.0,1355019352.0,0.012649118239309101
2023-10-10,6.8,6.86,6.75,6.8,10935600.0,74515054.0,1355019352.0,0.008070438244191217
2023-10-11,6.8,6.84,6.73,6.75,7378602.0,50067195.0,1355019352.0,0.005445384960081367
2023-10-12,6.78,6.84,6.74,6.81,7492100.0,50886817.0,1355019352.0,0.005529146125434819
2023-10-13,6.8,6.83,6.74,6.77,6776200.0,45950309.0,1355019352.0,0.005000814187633831
2023-10-16,6.79,6.8,6.74,6.76,6046800.0,40887393.0,1355019352.0,0.004462519292491994
2023-10-17,6.78,6.78,6.71,6.76,4493700.0,30294625.0,1355019352.0,0.003316336400190394
2023-10-18,6.74,6.8,6.62,6.62,8678610.0,58179459.0,1355019352.0,0.006404786756137783
2023-10-19,6.62,6.63,6.42,6.43,14766216.0,95859177.0,1355019352.0,0.01089742074768538
2023-10-20,6.39,6.45,6.35,6.36,8729555.0,55828814.0,1355019352.0,0.006442384005154784
2023-10-23,6.34,6.67,6.33,6.46,22310135.0,145730864.0,1355019352.0,0.016464809131375418
2023-10-24,6.46,6.63,6.41,6.61,15498133.0,101436676.0,1355019352.0,0.011437573180873656
2023-10-25,6.64,6.9,6.6,6.85,20577161.0,139853649.0,1355019352.0,0.015185879795464353
2023-10-26,6.88,7.19,6.82,7.09,31118779.0,219518210.0,1355019352.0,0.02296556056861393
2023-10-27,7.02,7.27,7.0,7.12,20383035.0,145296099.0,1355019352.0,0.015042615420890314
2023-10-30,7.1,7.43,7.08,7.32,26568591.0,194266942.0,1355019352.0,0.019607536202922066
2023-10-31,7.36,7.42,7.23,7.26,21957292.0,160644696.0,1355019352.0,0.016204412112337124
2023-11-01,7.32,7.38,7.25,7.35,13410673.0,98188758.0,1355019352.0,0.009897034297116076
2023-11-02,7.33,7.38,7.03,7.13,28053636.0,200899233.0,1355019352.0,0.02070349472027319
2023-11-03,7.11,7.22,7.09,7.19,11056700.0,79192282.0,1355019352.0,0.008159809661522827
2023-11-06,7.2,7.22,7.0,7.12,16553200.0,117485572.0,1355019352.0,0.01221620929292824
2023-11-07,7.12,7.17,7.01,7.13,12637889.0,89710845.0,1355019352.0,0.009326722147064951
2023-11-08,7.12,7.13,7.02,7.05,10184200.0,71917949.0,1355019352.0,0.007515907418567997
2023-11-09,7.09,7.17,7.05,7.11,11679808.0,83092630.0,1355019352.0,0.008619661396540704
2023-11-10,7.1,7.17,7.04,7.14,8663339.0,61621400.0,1355019352.0,0.006393516806393182
2023-11-13,7.14,7.21,7.04,7.17,16661992.0,118596544.0,1355019352.0,0.012296497445152356
2023-11-14,7.13,7.35,7.13,7.33,17168056.0,125162506.0,1355019352.0,0.012669971078021917
2023-11-15,7.35,7.37,7.28,7.31,9670700.0,70761051.0,1355019352.0,0.007136946041195727
2023-11-16,7.3,7.6,7.28,7.35,21403843.0,159522123.0,1355019352.0,0.015795968499201184
2023-11-17,7.32,7.42,7.29,7.4,10478754.0,77227142.0,1355019352.0,0.007733287339795867
2023-11-20,7.38,7.63,7.33,7.59,24485067.0,184860181.0,1355019352.0,0.018069902074726973
2023-11-21,7.62,7.66,7.52,7.57,14389190.0,109321057.0,1355019352.0,0.010619176751063848
2023-11-22,7.53,7.7,7.52,7.62,20100847.0,153820661.0,1355019352.0,0.014834361568586661
2023-11-23,7.6,7.76,7.56,7.65,17137248.0,131342058.0,1355019352.0,0.012647234871373262
2023-11-24,7.61,7.85,7.61,7.74,24096826.0,186955734.0,1355019352.0,0.017783381443544136
2023-11-27,7.89,7.98,7.73,7.87,32681850.0,256945816.0,1355019352.0,0.024119102027407798
2023-11-28,7.85,7.85,7.66,7.73,22635353.0,175128676.0,1355019352.0,0.016704818987706975
2023-11-29,7.75,7.84,7.66,7.77,13963796.0,108367851.0,1355019352.0,0.010305237323282155
2023-11-30,7.79,7.85,7.74,7.82,9493284.0,74112013.0,1355019352.0,0.007006013593819138
2023-12-01,7.78,7.84,7.66,7.69,11865385.0,91887952.0,1355019352.0,0.008756616636129047
2023-12-04,7.69,8.06,7.65,7.99,28074599.0,222586792.0,1355019352.0,0.02071896534803143
2023-12-05,7.95,8.24,7.95,8.0,33056757.0,268062499.0,1355019352.0,0.024395782208725236
2023-12-06,7.94,8.57,7.82,8.46,56806210.0,471384668.0,1355019352.0,0.04192280347594622
2023-12-07,8.41,8.77,8.38,8.7,55735733.0,481634559.0,1355019352.0,0.04113279483258627
2023-12-08,8.86,8.9,8.6,8.65,47812655.0,418814552.0,1355019352.0,0.035285588305014846
2023-12-11,8.55,8.96,8.41,8.94,43099445.0,377955454.0,1355019352.0,0.03180725421846226
2023-12-12,8.89,8.93,8.76,8.87,23054221.0,203784317.0,1355019352.0,0.01701394224811042
2023-12-13,8.84,8.9,8.54,8.56,27501684.0,238375781.0,1355019352.0,0.020296155888406824
2023-12-14,8.55,8.69,8.31,8.59,30703550.0,261795664.0,1355019352.0,0.022659122878711475
2023-12-15,8.61,8.8,8.41,8.68,21016019.0,181890424.0,1355019352.0,0.015509755612700652
2023-12-18,8.68,9.06,8.68,8.82,35326708.0,312351806.0,1355019352.0,0.026070998873822727
2023-12-19,8.72,8.88,8.62,8.73,24227567.0,211692080.0,1355019352.0,0.017879867888410794
2023-12-20,8.78,8.78,8.6,8.6,13124131.0,113654556.0,1355019352.0,0.009685567206570789
2023-12-21,8.64,8.68,8.35,8.56,22617279.0,191585904.0,1355019352.0,0.016691480432819678
2023-12-22,8.51,8.66,8.47,8.51,12677886.0,108622914.0,1365251515.0,0.009286117510735742
2023-12-25,8.46,8.57,8.35,8.49,12521357.0,105944909.0,1365251515.0,0.009171465376473141
2023-12-26,8.43,8.68,8.43,8.5,17737031.0,151700988.0,1365251515.0,0.01299176804063096
2023-12-27,8.56,8.85,8.47,8.79,29050411.0,253850404.0,1365251515.0,0.021278431615584036
2023-12-28,8.8,8.85,8.71,8.73,23263066.0,204072922.0,1365251515.0,0.017039399513136596
2023-12-29,8.71,8.97,8.47,8.77,29233698.0,254536709.0,1365251515.0,0.021412683068877607
2024-01-02,8.65,8.94,8.65,8.86,23542630.0,207784665.0,1365251515.0,0.017244170573214857
2024-01-03,8.82,9.08,8.73,8.79,18183051.0,161220512.0,1365251515.0,0.013318462422654774
2024-01-04,8.77,8.82,8.54,8.58,14964107.0,129364873.0,1365251515.0,0.010960696132243443
2024-01-05,8.55,8.65,8.43,8.5,21790622.0,186033749.0,1365251515.0,0.015960884687243874
2024-01-08,8.45,8.55,8.27,8.44,20511421.0,172380107.0,1365251515.0,0.015023913743834959
2024-01-09,8.41,8.51,8.25,8.3,17805106.0,148497380.0,1365251515.0,0.013041630647815102
2024-01-10,8.23,8.38,8.07,8.24,17768923.0,145792317.0,1365251515.0,0.01301512783891692
2024-01-11,8.25,8.68,8.15,8.5,27905668.0,238162667.0,1365251515.0,0.020439946554463264
2024-01-12,8.48,8.87,8.44,8.71,33019394.0,289514781.0,1365251515.0,0.02418557579846377
2024-01-15,8.72,8.72,8.29,8.56,34619682.0,293677239.0,1365251515.0,0.02535773197805241
2024-01-16,8.59,8.79,8.48,8.6,17208879.0,148798166.0,1365251515.0,0.01260491478011654
2024-01-17,8.6,8.66,8.31,8.31,11045095.0,93616920.0,1365251515.0,0.008090153996276649
2024-01-18,8.26,8.31,8.04,8.29,15698637.0,127924514.0,1365251515.0,0.011498714213109662
2024-01-19,8.24,8.32,8.16,8.18,9626029.0,79271091.0,1365251515.0,0.0070507367281698275
2024-01-22,8.18,8.2,7.65,7.71,23201020.0,183495136.0,1365251515.0,0.016993952942070165
2024-01-23,7.65,7.82,7.53,7.69,19726463.0,150747598.0,1365251515.0,0.014448958879199633
2024-01-24,7.67,7.73,7.37,7.59,17100610.0,128810380.0,1365251515.0,0.012525611443837145
2024-01-25,7.66,7.84,7.53,7.76,21442624.0,165350562.0,1365251515.0,0.015705988064770617
2024-01-26,7.7,7.92,7.45,7.77,23416641.0,181598289.0,1365251515.0,0.01715188794351933
2024-01-29,7.78,8.1,7.71,7.76,19241845.0,151644874.0,1365251515.0,0.014093992783446939
2024-01-30,7.64,7.87,7.58,7.63,13867748.0,107590330.0,1365251515.0,0.010157650694861159
2024-01-31,7.28,7.45,7.1,7.14,27259186.0,198333440.0,1365251515.0,0.01996642061957353
2024-02-01,7.15,7.2,6.84,7.08,24459495.0,171426327.0,1365251515.0,0.017915742799963125
2024-02-02,7.05,7.46,6.95,7.18,31435233.0,228247008.0,1365251515.0,0.023025232094322196
2024-02-05,7.1,7.12,6.47,6.5,39971937.0,268372359.0,1365251515.0,0.029278075549324697
2024-02-06,6.41,6.72,6.15,6.61,47598361.0,305203162.0,1365251515.0,0.03486417006466387
2024-02-07,6.58,6.95,6.44,6.84,33840178.0,229227081.0,1365251515.0,0.024786771981717963
2024-02-08,6.88,7.15,6.77,7.1,31971907.0,222699687.0,1365251515.0,0.02341832742811496
2024-02-19,7.12,7.29,6.66,6.78,35092033.0,239851127.0,1365251515.0,0.025703712916224086
2024-02-20,6.75,7.25,6.66,7.22,27408424.0,192019979.0,1365251515.0,0.020075732345918692
2024-02-21,7.14,7.43,7.07,7.19,23591811.0,172103554.0,1365251515.0,0.01728019397217076
2024-02-22,7.19,7.34,7.15,7.22,11968801.0,86505232.0,1365251515.0,0.008766737021346576
2024-02-23,7.22,7.42,7.17,7.4,16053200.0,117313489.0,1365251515.0,0.011758419473352499
2024-02-26,7.38,7.68,7.3,7.5,17339457.0,129815475.0,1365251515.0,0.012700558695223275
2024-02-27,7.5,7.79,7.45,7.69,18100428.0,138785326.0,1365251515.0,0.013257943903471882
2024-02-28,7.78,7.87,7.3,7.31,17287182.0,130941331.0,1365251515.0,0.012662269047179925
2024-02-29,7.31,7.5,7.28,7.43,15328878.0,113065640.0,1365251515.0,0.01122787840305015
2024-03-01,7.4,7.44,7.18,7.28,17556183.0,127780464.0,1365251515.0,0.012859303071346528
2024-03-04,7.33,7.39,7.15,7.29,17024000.0,123295509.0,1365251515.0,0.01246949724131967
2024-03-05,7.26,7.52,7.21,7.34,17998938.0,132756716.0,1365251515.0,0.0131836059526365
2024-03-06,7.28,7.33,7.17,7.29,13336640.0,96690186.0,1365251515.0,0.009768632265535336
2024-03-07,7.29,7.58,7.29,7.34,16570994.0,122966981.0,1365251515.0,0.012137685853437783
2024-03-08,7.29,7.4,7.11,7.2,14447910.0,103990329.0,1365251515.0,0.0105825994999903
2024-03-11,7.21,7.28,7.14,7.25,17752915.0,127936658.0,1365251515.0,0.013003402526896298
2024-03-12,7.28,7.44,7.14,7.4,20582047.0,149559218.0,1365251515.0,0.015075644871194302
2024-03-13,7.39,7.42,7.13,7.17,26843376.0,193740327.0,1365251515.0,0.01966185402841322
2024-03-14,7.13,7.25,7.12,7.17,14578533.0,104656805.0,1365251515.0,0.010678276376056613
2024-03-15,7.14,7.35,7.14,7.29,20382147.0,148062221.0,1365251515.0,0.014929224964090224
2024-03-18,7.34,7.37,7.13,7.32,30476474.0,220245454.0,1365251515.0,0.022322973946672382
2024-03-19,7.31,7.61,7.28,7.55,36460623.0,272992263.0,1365251515.0,0.026706158242204917
2024-03-20,7.52,7.72,7.42,7.63,27137571.0,205701493.0,1365251515.0,0.019877341795149005
2024-03-21,7.66,8.09,7.62,8.02,34241163.0,270599300.0,1365251515.0,0.025080479767861676
2024-03-22,8.02,8.09,7.73,7.77,25433789.0,199143007.0,1365251515.0,0.018629379803325102
2024-03-25,7.78,7.82,7.59,7.6,16912322.0,129867336.0,1365251515.0,0.012387696929235782
2024-03-26,7.61,7.86,7.57,7.61,20824289.0,160480519.0,1365251515.0,0.015253078843864166
2024-03-27,7.6,7.69,7.45,7.47,13847068.0,104665646.0,1365251515.0,0.010142503302770552
2024-03-28,7.41,7.5,7.35,7.42,16719765.0,123885024.0,1365251515.0,0.012246655518269102
2024-03-29,7.42,7.67,7.35,7.65,21348068.0,160937791.0,1365251515.0,0.01563672903157335
2024-04-01,7.65,7.87,7.55,7.77,23118762.0,178827586.0,1365251515.0,0.016933701772892742
2024-04-02,7.73,7.73,7.32,7.43,32551206.0,243485375.0,1365251515.0,0.023842644115285968
2024-04-03,7.4,7.58,7.36,7.46,20976124.0,156529142.0,1365251515.0,0.015364292783809876
2024-04-08,7.5,7.62,7.42,7.5,19643289.0,147992185.0,1365251515.0,0.01438803677137835
2024-04-09,7.5,7.5,7.28,7.39,18061665.0,133094635.0,1365251515.0,0.013229551332891214
2024-04-10,7.38,7.49,7.15,7.22,15467962.0,112648958.0,1365251515.0,0.011329752671982935
2024-04-11,7.18,7.21,6.95,6.97,24731127.0,174461130.0,1365251515.0,0.0181147039415664
2024-04-12,7.0,7.01,6.62,6.72,29019840.0,196116927.0,1365251515.0,0.021256039404578136
2024-04-15,6.69,6.72,6.42,6.53,34757348.0,227123950.0,1365251515.0,0.025458567610525597
2024-04-16,6.48,6.62,6.31,6.33,23289298.0,150314676.0,1365251515.0,0.017058613555173387
2024-04-17,6.38,6.57,6.38,6.51,18433564.0,119726199.0,1365251515.0,0.013501954619695111
2024-04-18,6.53,6.57,6.38,6.46,14837485.0,96124391.0,1365251515.0,0.010867949851716517
2024-04-19,6.4,6.52,6.35,6.38,13231900.0,84725502.0,1365251515.0,0.00969191380095264
2024-04-22,6.39,6.85,6.3,6.82,33675948.0,225310410.0,1365251515.0,0.024666479128572876
2024-04-23,6.82,6.97,6.72,6.83,19270278.0,131917354.0,1365251515.0,0.014114818982639986
2024-04-24,6.83,6.83,6.64,6.72,14872795.0,99711625.0,1365251515.0,0.010893813217998883
2024-04-25,6.7,6.8,6.66,6.75,8539733.0,57505910.0,1365251515.0,0.006255062093815
2024-04-26,6.7,6.77,6.67,6.75,14479442.0,97440346.0,1365251515.0,0.010605695610599633
2024-04-29,6.75,6.89,6.71,6.86,16766409.0,114354632.0,1365251515.0,0.012280820651570564
2024-04-30,7.13,7.49,7.08,7.25,39433800.0,287779079.0,1365251515.0,0.02888390861811276
2024-05-06,7.32,7.57,7.23,7.49,37055559.0,275991651.0,1365251515.0,0.027141928496596468
2024-05-07,7.5,7.72,7.44,7.67,28147376.0,214535778.0,1365251515.0,0.020616989390412798
2024-05-08,7.62,7.8,7.59,7.71,27590595.0,212541033.0,1365251515.0,0.020209166367414724
2024-05-09,7.67,7.83,7.59,7.73,22800564.0,176138863.0,1365251515.0,0.016700632630317937
2024-05-10,7.77,7.88,7.58,7.63,24562208.0,189217961.0,1365251515.0,0.017990976556433266
2024-05-13,7.62,7.94,7.58,7.86,31002495.0,242401395.0,1365251515.0,0.02270826632263433
2024-05-14,7.78,8.2,7.75,8.09,33768692.0,271731071.0,1365251515.0,0.02473441093379779
2024-05-15,8.09,8.25,7.97,8.0,22773689.0,183483652.0,1365251515.0,0.016680947612792065
2024-05-16,8.01,8.23,7.97,8.03,21297200.0,172869023.0,1365251515.0,0.015599469962866146
2024-05-17,8.02,8.22,8.02,8.19,20006741.0,163021683.0,1365251515.0,0.014654252919836533
2024-05-20,8.25,8.64,8.25,8.53,38803408.0,329828176.0,1365251515.0,0.028422168057436654
2024-05-21,8.5,8.75,8.36,8.55,29803094.0,255535888.0,1365251515.0,0.021829746147544103
2024-05-22,8.57,8.73,8.4,8.68,32347150.0,276662479.0,1365251515.0,0.0236931800804484
2024-05-23,8.69,8.79,8.43,8.56,27022932.0,232116260.0,1365251515.0,0.019793372651924872
2024-05-24,8.5,8.76,8.42,8.61,23790864.0,204935039.0,1365251515.0,0.017425993480768998
2024-05-27,8.72,8.72,8.44,8.63,20968877.0,179081642.0,1365251515.0,0.015358984604386247
2024-05-28,8.6,8.67,8.23,8.28,43292950.0,361326858.0,1365251515.0,0.03171060388825132
2024-05-29,8.26,8.38,8.17,8.28,19031060.0,157884606.0,1365251515.0,0.013939599986453778
2024-05-30,8.2,8.37,8.2,8.26,14719702.0,121888960.0,1365251515.0,0.01078167783611652
2024-05-31,8.21,8.29,8.05,8.13,20139149.0,163581229.0,1365251515.0,0.014751237247299447
2024-06-03,8.26,8.4,8.14,8.3,23285200.0,192211616.0,1365251515.0,0.017055611910454464
2024-06-04,8.27,8.33,8.11,8.27,17459778.0,143705973.0,1365251515.0,0.012788689708943484
2024-06-05,8.26,8.28,8.04,8.07,19259080.0,156111194.0,1365251515.0,0.014106616830965391
2024-06-06,8.1,8.11,7.78,7.89,22912527.0,181344232.0,1365251515.0,0.01678264169514582
2024-06-07,7.97,8.05,7.8,7.95,20960550.0,166084472.0,1365251515.0,0.015352885361932743
2024-06-11,7.96,8.01,7.82,7.98,16937549.0,133979282.0,1365251515.0,0.012406174843175325
2024-06-12,7.98,8.19,7.92,7.94,19577800.0,157187193.0,1365251515.0,0.014340068320671301
2024-06-13,7.9,7.96,7.37,7.44,40544873.0,307271314.0,1365251515.0,0.02969773155681135
2024-06-14,7.43,7.6,7.33,7.56,28400691.0,212052688.0,1365251515.0,0.020802533956536206
2024-06-17,7.53,7.56,7.35,7.41,19605264.0,145324369.0,1365251515.0,0.014360184760534765
2024-06-18,7.51,7.56,7.09,7.14,37079112.0,268078950.0,1365251515.0,0.0271591802628397
2024-06-19,7.14,7.14,7.02,7.04,17357252.0,122421772.0,1365251515.0,0.012713592923572036
2024-06-20,7.0,7.24,7.0,7.01,19448557.0,137401008.0,1365251515.0,0.014245402247365388
2024-06-21,7.0,7.28,6.96,7.16,19161713.0,136971931.0,1365251515.0,0.014035298836493142
2024-06-24,7.1,7.15,6.96,6.97,18954400.0,133591592.0,1365251515.0,0.013883449160647883
2024-06-25,6.98,7.08,6.89,6.94,15999374.0,111487280.0,1365251515.0,0.011718993770902353
2024-06-26,6.94,7.06,6.79,7.03,21756644.0,150661119.0,1365251515.0,0.01593599696536502
2024-06-27,7.02,7.18,6.93,6.96,23630409.0,166642960.0,1365251515.0,0.01730846568589964
2024-06-28,6.94,7.02,6.86,6.93,22615644.0,157200531.0,1365251515.0,0.01656518506042456
2024-07-01,6.94,7.45,6.94,7.39,40681689.0,294819281.0,1365251515.0,0.02979794459338139
2024-07-02,7.38,7.42,7.13,7.18,33001500.0,238318937.0,1365251515.0,0.02417246905600394
2024-07-03,7.16,7.21,7.07,7.15,18578327.0,132436728.0,1365251515.0,0.013607988561726665
2024-07-04,7.15,7.17,6.81,6.87,30991850.0,215467237.0,1365251515.0,0.022700469224529663
2024-07-05,6.86,7.01,6.8,7.0,19618212.0,135528636.0,1365251515.0,0.014369668727304068
2024-07-08,7.02,7.04,6.82,6.85,20257198.0,139489122.0,1365251515.0,0.01483770409879384
2024-07-09,6.87,6.9,6.49,6.63,37770367.0,250509765.0,1365251515.0,0.02766550088757821
2024-07-10,6.62,6.73,6.49,6.66,26749953.0,177644579.0,1365251515.0,0.019593424878931558
2024-07-11,6.75,6.84,6.68,6.75,21865035.0,147819155.0,1365251515.0,0.016015389662468165
2024-07-12,6.75,6.86,6.65,6.73,22412928.0,151027823.0,1365251515.0,0.016416702529716658
2024-07-15,6.88,7.24,6.84,7.07,48090261.0,339045156.0,1365251515.0,0.035224469976142085
2024-07-16,7.08,7.36,6.96,7.18,47977125.0,345240632.0,1365251515.0,0.03514160172896787
2024-07-17,7.17,7.26,7.08,7.16,26751839.0,191731470.0,1365251515.0,0.019594806309370768
2024-07-18,7.13,7.21,7.02,7.17,25294300.0,180063829.0,1365251515.0,0.018527208885756118
2024-07-19,7.16,7.23,7.05,7.18,20147777.0,143843797.0,1365251515.0,0.014757556961949242
2024-07-22,7.15,7.19,6.93,7.04,26297767.0,184661204.0,1365251515.0,0.01926221411297976
2024-07-23,7.02,7.1,6.72,6.74,27637032.0,190658657.0,1365251515.0,0.02024317988030213
2024-07-24,6.72,6.77,6.54,6.55,29171000.0,192973363.0,1365251515.0,0.021366758930130174
2024-07-25,6.5,6.69,6.44,6.64,23886760.0,156955480.0,1365251515.0,0.017496234018095927
2024-07-26,6.63,6.71,6.54,6.6,23882624.0,157525350.0,1365251515.0,0.017493204539677804
2024-07-29,6.59,6.64,6.47,6.55,20855990.0,136044934.0,1365251515.0,0.01527629874118836
2024-07-30,6.5,6.73,6.5,6.67,25800913.0,171191327.0,1365251515.0,0.018898285566084867
2024-07-31,6.67,6.9,6.58,6.9,29150878.0,197189622.0,1365251515.0,0.02135202025393834
2024-08-01,6.9,7.04,6.86,6.88,21606750.0,149781351.0,1365251515.0,0.015826204741475787
2024-08-02,6.85,7.18,6.83,7.07,38957005.0,275598921.0,1365251515.0,0.028534672602066293
2024-08-05,7.05,7.17,6.83,6.84,39149728.0,274699782.0,1365251515.0,0.02867583560235053
2024-08-06,6.93,6.97,6.8,6.91,21704478.0,149478656.0,1365251515.0,0.01589778715609043
2024-08-07,6.88,6.9,6.66,6.69,31598881.0,212492270.0,1365251515.0,0.02314509865239007
2024-08-08,6.65,6.86,6.63,6.8,28502400.0,192932103.0,1365251515.0,0.02087703231737487
2024-08-09,6.82,6.85,6.69,6.7,23572460.0,159314975.0,1365251515.0,0.017266020027086364
2024-08-12,6.75,6.93,6.71,6.77,27352478.0,186277025.0,1365251515.0,0.02003475381603953
2024-08-13,6.76,6.98,6.73,6.84,24152150.0,164881981.0,1365251515.0,0.01769062310837282
2024-08-14,6.82,6.84,6.64,6.72,21925661.0,147092227.0,1365251515.0,0.01605979613214346
2024-08-15,6.7,6.82,6.68,6.71,25704543.0,173332379.0,1365251515.0,0.01882769783998372
2024-08-16,6.69,6.7,6.55,6.56,29297023.0,193296763.0,1365251515.0,0.021459066463661827
2024-08-19,6.5,6.6,6.46,6.57,17286077.0,113274612.0,1365251515.0,0.012661459672505839
2024-08-20,6.57,6.57,6.31,6.35,29464317.0,189072316.0,1365251515.0,0.0215816035919213
2024-08-21,6.35,6.37,6.28,6.3,17908345.0,113249109.0,1365251515.0,0.013117249681279423
2024-08-22,6.32,6.34,6.17,6.25,20256351.0,126085647.0,1365251515.0,0.014837083700288002
2024-08-23,6.23,6.32,6.2,6.25,15094200.0,94424444.0,1365251515.0,0.0110559848014525
2024-08-26,6.26,6.42,6.25,6.4,18012087.0,114207346.0,1365251515.0,0.013193237145025252
2024-08-27,6.39,6.43,6.3,6.33,17137800.0,108787923.0,1365251515.0,0.012552851845764112
2024-08-28,6.31,6.4,6.23,6.39,13802231.0,87542482.0,1365251515.0,0.010109661735112596
2024-08-29,6.39,6.48,6.33,6.45,17929489.0,115167322.0,1365251515.0,0.01313273693748657
2024-08-30,6.45,6.6,6.39,6.51,27128637.0,176429722.0,1365251515.0,0.01987079794597408
2024-09-02,6.51,6.57,6.35,6.36,21843539.0,141049008.0,1365251515.0,0.01599964457831054
2024-09-03,6.3,6.47,6.3,6.38,16730518.0,106996756.0,1365251515.0,0.012254531722676756
2024-09-04,6.35,6.41,6.26,6.28,16586627.0,104713233.0,1365251515.0,0.012149136490795251
2024-09-05,6.26,6.35,6.26,6.29,16554727.0,104475462.0,1365251515.0,0.012125770832783146
2024-09-06,6.3,6.32,6.2,6.22,14567902.0,90834289.0,1365251515.0,0.010670489532472703
2024-09-09,6.17,6.21,6.07,6.19,16086500.0,98821512.0,1365251515.0,0.01178281058344037
2024-09-10,6.2,6.23,6.05,6.12,18401577.0,112503763.0,1365251515.0,0.013478525237161153
2024-09-11,6.07,6.08,5.97,6.02,20471309.0,123189180.0,1365251515.0,0.014994533076932715
2024-09-12,6.02,6.07,5.98,5.99,12732405.0,76594663.0,1365251515.0,0.009326050811963391
2024-09-13,5.99,6.0,5.91,5.91,14372535.0,85458904.0,1365251515.0,0.010527389892696805
2024-09-18,5.93,5.94,5.67,5.71,24839234.0,142717376.0,1365251515.0,0.018193888618391316
2024-09-19,5.76,5.93,5.72,5.86,23283028.0,135994805.0,1365251515.0,0.017054020994805488
2024-09-20,5.86,5.86,5.74,5.8,16652902.0,96344416.0,1365251515.0,0.012197680659596265
2024-09-23,5.78,5.9,5.75,5.84,16480761.0,96326245.0,1365251515.0,0.012071593269757331
2024-09-24,5.88,6.12,5.88,6.12,28207630.0,169308761.0,1365251515.0,0.02066112338282225
2024-09-25,6.16,6.26,6.09,6.1,30655506.0,189405003.0,1365251515.0,0.022454108758121392
2024-09-26,6.1,6.35,6.06,6.34,31998852.0,198597776.0,1365251515.0,0.02343806371824462
2024-09-27,6.45,6.76,6.45,6.62,48986170.0,321778062.0,1365251515.0,0.035880692650247674
2024-09-30,6.88,7.22,6.69,7.17,84227586.0,588651338.0,1365251515.0,0.06169382350035334
2024-10-08,7.85,7.85,6.85,7.1,126190164.0,914718863.0,1365251515.0,0.09242997543936071
2024-10-09,7.0,7.0,6.5,6.55,72459327.0,488460707.0,1365251515.0,0.053073976629134156
2024-10-10,6.76,7.05,6.73,6.75,82077395.0,564738457.0,1365251515.0,0.06011888219732171
2024-10-11,6.7,6.74,6.49,6.54,50006636.0,330069235.0,1365251515.0,0.036628149063068424
2024-10-14,6.57,6.64,6.46,6.63,42918343.0,281369498.0,1365251515.0,0.03143621708414658
2024-10-15,6.59,6.63,6.49,6.5,39174591.0,256616931.0,1365251515.0,0.028694046898750374
2024-10-16,6.46,6.58,6.41,6.49,30262407.0,196299910.0,1365251515.0,0.022166177197027317
2024-10-17,6.51,6.55,6.38,6.38,30898923.0,199353233.0,1365251515.0,0.02263240337806913
2024-10-18,6.38,6.59,6.33,6.49,40920199.0,263911242.0,1365251515.0,0.029972645003803568
2024-10-21,6.55,6.57,6.45,6.5,45483449.0,295637554.0,1365251515.0,0.033315069421475794
2024-10-22,6.5,6.7,6.48,6.66,58407236.0,384952290.0,1365251515.0,0.04278130099712799
2024-10-23,6.69,6.73,6.61,6.65,39379420.0,261780115.0,1365251515.0,0.028844077129626916
2024-10-24,6.63,6.71,6.6,6.64,29790739.0,198190416.0,1365251515.0,0.021820696532975463
2024-10-25,6.64,6.74,6.62,6.72,43050000.0,288270659.0,1365251515.0,0.031532651329817425
2024-10-28,6.71,7.03,6.7,7.02,63836552.0,440043178.0,1365251515.0,0.0467580891129793
2024-10-29,6.9,6.94,6.66,6.67,76413481.0,516318133.0,1365251515.0,0.055970259077134224
2024-10-30,6.74,6.81,6.67,6.79,51301799.0,346394893.0,1365251515.0,0.03757681162507261
2024-10-31,6.78,6.85,6.73,6.77,40775812.0,276866701.0,1365251515.0,0.029866886468900934
2024-11-01,6.74,6.84,6.66,6.71,40581551.0,273829273.0,1365251515.0,0.02972459693626489
2024-11-04,6.71,6.81,6.67,6.78,33022077.0,223037071.0,1365251515.0,0.024187541004120402
2024-11-05,6.81,6.88,6.77,6.88,54846391.0,374650209.0,1365251515.0,0.04017310392803336
2024-11-06,6.87,6.95,6.8,6.94,55003248.0,379297091.0,1365251515.0,0.040287996311068004
2024-11-07,6.93,7.22,6.91,7.17,68567922.0,488696250.0,1365251515.0,0.050223655675635706
2024-11-08,7.17,7.22,6.96,7.0,68022739.0,479910945.0,1365251515.0,0.04982432779061959
2024-11-11,6.96,6.98,6.85,6.96,48918547.0,337931077.0,1365251515.0,0.03583116111759085
2024-11-12,6.94,7.07,6.86,6.92,54169334.0,378566095.0,1365251515.0,0.03967718285227466
2024-11-13,6.88,6.91,6.76,6.86,39988596.0,272950642.0,1365251515.0,0.02929027769656055
2024-11-14,6.84,6.9,6.7,6.71,35096700.0,238268588.0,1365251515.0,0.025707131333965228
2024-11-15,6.69,6.75,6.61,6.61,30849498.0,205962649.0,1365251515.0,0.022596201257465736
2024-11-18,6.62,6.69,6.56,6.59,32615735.0,216177793.0,1365251515.0,0.023889909398855345
2024-11-19,6.6,6.65,6.54,6.65,25607927.0,168893940.0,1365251515.0,0.01875692992730354
2024-11-20,6.72,6.81,6.67,6.77,37478244.0,252501745.0,1365251515.0,0.02745153078991456
2024-11-21,6.74,6.84,6.73,6.8,26498770.0,179857325.0,1365251515.0,0.01940944192982639
2024-11-22,6.77,6.8,6.53,6.54,34730100.0,231435597.0,1365251515.0,0.02543860938326811
2024-11-25,6.57,6.7,6.52,6.6,25788939.0,170030120.0,1365251515.0,0.018889515020973992
2024-11-26,6.6,6.67,6.58,6.61,18893100.0,125290814.0,1365251515.0,0.013838549009044682
2024-11-27,6.6,6.67,6.48,6.67,27669739.0,181486869.0,1365251515.0,0.020267136638189336
2024-11-28,6.65,6.7,6.63,6.67,22362900.0,149148842.0,1365251515.0,0.016380058732254912
2024-11-29,6.65,6.74,6.61,6.71,27083500.0,181159220.0,1365251515.0,0.019837736638585603
2024-12-02,6.71,6.85,6.69,6.82,33797600.0,229497372.0,1365251515.0,0.02475558505423083
2024-12-03,6.8,6.9,6.77,6.84,27078200.0,185014918.0,1365251515.0,0.019833854570013056
2024-12-04,6.8,6.83,6.66,6.7,27390019.0,184604100.0,1365251515.0,0.020062251313451206
2024-12-05,6.66,6.69,6.63,6.68,18066300.0,120470972.0,1365251515.0,0.01323294631172777
2024-12-06,6.68,6.79,6.67,6.79,26739400.0,180324838.0,1365251515.0,0.019585695167677584
2024-12-09,6.77,6.83,6.72,6.76,24912082.0,168865704.0,1365251515.0,0.018247247284688052
2024-12-10,6.98,7.01,6.86,6.89,65736786.0,455627248.0,1365251515.0,0.048149945469937824
2024-12-11,6.91,7.01,6.89,6.96,36202645.0,251975163.0,1365251515.0,0.026517198188203438
2024-12-12,6.99,7.09,6.95,7.08,41962512.0,295135479.0,1365251515.0,0.030736103596266655
2024-12-13,7.12,7.14,6.95,6.95,44803368.0,315378823.0,1365251515.0,0.032816933369233435
2024-12-16,6.94,6.99,6.91,6.93,28606080.0,198786135.0,1365251515.0,0.020952974368243057
2024-12-17,6.91,6.94,6.74,6.75,30488100.0,207631291.0,1365251515.0,0.022331489593695856
2024-12-18,6.78,6.8,6.68,6.7,26277000.0,176943076.0,1365251515.0,0.019247002996367304
2024-12-19,6.67,6.71,6.57,6.7,27616300.0,183152836.0,1365251515.0,0.020227994399991563
2024-12-20,6.71,6.77,6.67,6.69,19229700.0,128980192.0,1365251515.0,0.014085096986689666
2024-12-23,6.69,6.72,6.56,6.59,27417800.0,182024182.0,1365251515.0,0.020082599944963253
2024-12-24,6.6,6.68,6.59,6.67,20168100.0,134006060.0,1365251515.0,0.014772442863760529
2024-12-25,6.68,6.69,6.58,6.63,17201100.0,113841642.0,1365251515.0,0.012599216928904122
2024-12-26,6.62,6.67,6.62,6.64,15225391.0,101170365.0,1365251515.0,0.011152077718075266
2024-12-27,6.64,6.87,6.6,6.81,38085891.0,257589217.0,1365251515.0,0.0278966114166883
2024-12-30,6.78,6.8,6.68,6.7,24688500.0,166060855.0,1365251515.0,0.01808348112325662
2024-12-31,6.72,6.76,6.54,6.55,29275026.0,194001915.0,1365251515.0,0.02144295441415423
2025-01-02,6.57,6.65,6.41,6.44,34438315.0,225732746.0,1365251515.0,0.025224886859034176
2025-01-03,6.45,6.49,6.22,6.25,31683089.0,201104527.0,1365251515.0,0.02320677812981588
2025-01-06,6.27,6.36,6.16,6.3,20167800.0,126623403.0,1365251515.0,0.014772223124030008
2025-01-07,6.3,6.35,6.24,6.31,18849700.0,118595843.0,1365251515.0,0.013806759994695923
2025-01-08,6.29,6.3,6.13,6.23,22461518.0,139460709.0,1365251515.0,0.016452293041403436
2025-01-09,6.26,6.28,6.19,6.21,15538200.0,96755086.0,1365251515.0,0.011381199602624136
2025-01-10,6.2,6.21,6.07,6.07,17261100.0,105831748.0,1365251515.0,0.012643164875008397
2025-01-13,6.03,6.1,6.0,6.1,14343035.0,86827750.0,1365251515.0,0.01050578215252887
2025-01-14,6.11,6.24,6.1,6.24,20914100.0,129282959.0,1365251515.0,0.015318862326990349
2025-01-15,6.23,6.23,6.16,6.19,17249375.0,106771908.0,1365251515.0,0.012634576713873854
2025-01-16,6.2,6.27,6.15,6.2,18406091.0,114437142.0,1365251515.0,0.013481831587639732
2025-01-17,6.18,6.25,6.14,6.22,16051682.0,99655003.0,1365251515.0,0.01175730759031606
2025-01-20,6.27,6.3,6.23,6.26,15244000.0,95567048.0,1365251515.0,0.011165708173559507
2025-01-21,6.31,6.33,6.22,6.27,11751700.0,73515552.0,1365251515.0,0.008607717970560171
2025-01-22,6.24,6.29,6.21,6.26,11871440.0,74219682.0,1365251515.0,0.008695423421668937
2025-01-23,6.29,6.36,6.27,6.27,17290042.0,109149333.0,1365251515.0,0.012664363899277564
2025-01-24,6.26,6.3,6.23,6.29,14342943.0,89957089.0,1365251515.0,0.010505714765678176
2025-01-27,6.31,6.41,6.3,6.3,22348054.0,142036055.0,1365251515.0,0.016369184545457178
2025-02-05,6.33,6.36,6.19,6.23,23874358.0,149192941.0,1365251515.0,0.01748714997763617
2025-02-06,6.23,6.24,6.15,6.23,23815900.0,147572566.0,1365251515.0,0.017444331493746777
2025-02-07,6.21,6.3,6.18,6.26,28336814.0,177099006.0,1365251515.0,0.020755746240647827
2025-02-10,6.25,6.29,6.22,6.24,24902048.0,155473205.0,1365251515.0,0.01823989772316788
2025-02-11,6.25,6.26,6.15,6.17,23300100.0,143986567.0,1365251515.0,0.017066525650403692
2025-02-12,6.18,6.19,6.11,6.18,22536660.0,138542619.0,1365251515.0,0.016507331984172896
2025-02-13,6.16,6.34,6.16,6.27,51542200.0,323578310.0,1365251515.0,0.037752897128262845
2025-02-14,6.27,6.29,6.21,6.23,24915700.0,155380283.0,1365251515.0,0.01824989734583814
2025-02-17,6.22,6.25,6.17,6.23,25041794.0,155614949.0,1365251515.0,0.01834225688443935
2025-02-18,6.25,6.25,6.12,6.14,29885091.0,184374780.0,1365251515.0,0.021889806143155974
2025-02-19,6.13,6.2,6.11,6.18,26462296.0,162704632.0,1365251515.0,0.019382725973389598
2025-02-20,6.18,6.18,6.13,6.15,16318362.0,100310480.0,1365251515.0,0.011952641561434194
2025-02-21,6.15,6.23,6.14,6.16,21553976.0,132880901.0,1365251515.0,0.015787549593014004
2025-02-24,6.2,6.25,6.15,6.17,38166200.0,236701039.0,1365251515.0,0.027955435010083105
2025-02-25,6.16,6.16,6.11,6.11,25930003.0,158770280.0,1365251515.0,0.018992839572128217
2025-02-26,6.12,6.15,6.11,6.15,15615443.0,95664631.0,1365251515.0,0.011437777455973012
2025-02-27,6.15,6.17,6.11,6.14,17448694.0,107070515.0,1365251515.0,0.012780571058366488
2025-02-28,6.14,6.19,6.11,6.14,25599500.0,157374874.0,1365251515.0,0.018750757438273195
2025-03-03,6.14,6.18,6.11,6.12,24280421.0,149071346.0,1365251515.0,0.017784577224951845
2025-03-04,6.12,6.17,6.07,6.16,23537000.0,144018734.0,1365251515.0,0.017240046790938737
2025-03-05,6.18,6.2,6.11,6.14,21153446.0,130010146.0,1365251515.0,0.015494175078794914
2025-03-06,6.14,6.15,6.1,6.14,19287760.0,118190179.0,1365251515.0,0.014127623949203236
2025-03-07,6.13,6.17,6.12,6.16,19950496.0,122666846.0,1365251515.0,0.014613055382692617
2025-03-10,6.22,6.27,6.16,6.18,34940600.0,216964755.0,1365251515.0,0.025592793427517274
2025-03-11,6.14,6.26,6.12,6.26,38086303.0,236906444.0,1365251515.0,0.027896913192584884
2025-03-12,6.27,6.29,6.22,6.24,24188235.0,151069562.0,1365251515.0,0.017717054135625698
2025-03-13,6.23,6.27,6.2,6.24,20394967.0,127106982.0,1365251515.0,0.014938615175241171
2025-03-14,6.24,6.3,6.23,6.3,30527757.0,191455062.0,1365251515.0,0.022360536988673477
2025-03-17,6.33,6.41,6.32,6.35,37160147.0,236695997.0,1365251515.0,0.027218535626382368
2025-03-18,6.38,6.38,6.31,6.33,19441901.0,122964430.0,1365251515.0,0.014240526955210886
2025-03-19,6.32,6.32,6.28,6.29,16828450.0,105916024.0,1365251515.0,0.012326263560308153
2025-03-20,6.32,6.35,6.27,6.28,18962650.0,119716092.0,1365251515.0,0.013889492003237221
2025-03-21,6.27,6.32,6.21,6.25,21534700.0,134870690.0,1365251515.0,0.015773430582862236
2025-03-24,6.23,6.25,6.15,6.2,20043900.0,124345805.0,1365251515.0,0.014681470615324679
2025-03-25,6.21,6.3,6.18,6.29,21721741.0,135639440.0,1365251515.0,0.015910431712650396
2025-03-26,6.28,6.44,6.26,6.38,44054260.0,280845484.0,1365251515.0,0.032268237402395414
2025-03-27,6.36,6.42,6.35,6.35,22157367.0,141133301.0,1365251515.0,0.016229512845477415
2025-03-28,6.35,6.37,6.29,6.31,15139254.0,95784914.0,1365251515.0,0.0110889853141822
2025-03-31,6.28,6.31,6.15,6.19,24970029.0,154982956.0,1365251515.0,0.01828969147856979
2025-04-01,6.2,6.33,6.19,6.27,22624321.0,141837763.0,1365251515.0,0.01657154066589701
2025-04-02,6.25,6.29,6.23,6.25,11561200.0,72322655.0,1365251515.0,0.008468183241679098
2025-04-03,6.23,6.4,6.23,6.38,33728777.0,214130148.0,1365251515.0,0.02470517456265192
2025-04-07,6.29,6.54,6.07,6.16,94166707.0,594448697.0,1365251515.0,0.06897388940088449
2025-04-08,6.12,6.78,6.11,6.78,152300307.0,998481551.0,1365251515.0,0.11155476139500933
2025-04-09,6.81,7.03,6.6,6.82,164644373.0,1123078875.0,1365251515.0,0.12059636718293625
2025-04-10,6.6,6.86,6.56,6.78,118228082.0,799393966.0,1365251515.0,0.0865980229291304
2025-04-11,6.75,6.77,6.48,6.49,80833887.0,529718076.0,1365251515.0,0.059208055154584466
2025-04-14,6.49,6.6,6.49,6.56,59001968.0,385390816.0,1365251515.0,0.043216921828502786
2025-04-15,6.52,6.54,6.41,6.49,44275567.0,286459533.0,1365251515.0,0.03243033720420373
2025-04-16,6.46,6.5,6.31,6.42,40946886.0,262206449.0,1365251515.0,0.02999219231776498
2025-04-17,6.4,6.42,6.32,6.37,29467800.0,187846969.0,1365251515.0,0.021584154770192657
2025-04-18,6.37,6.39,6.3,6.33,26673987.0,168953667.0,1365251515.0,0.019537782384368936
2025-04-21,6.31,6.39,6.29,6.38,25719533.0,163232687.0,1365251515.0,0.018838677501852103
2025-04-22,6.36,6.42,6.34,6.4,25186600.0,160624733.0,1365251515.0,0.018448322322498944
2025-04-23,6.39,6.4,6.3,6.31,30453589.0,192850078.0,1365251515.0,0.022306211467562443
2025-04-24,6.3,6.58,6.29,6.41,53139429.0,340352197.0,1365251515.0,0.038922812695065936
2025-04-25,6.39,6.43,6.35,6.36,26365062.0,168046988.0,1365251515.0,0.019311505396864548
2025-04-28,6.35,6.36,6.25,6.25,28638176.0,179951086.0,1365251515.0,0.02097648358954577
2025-04-29,6.26,6.28,6.21,6.24,22599500.0,140995052.0,1365251515.0,0.016553360133059438
2025-04-30,6.32,6.54,6.3,6.35,51973538.0,332837059.0,1365251515.0,0.03806883744787495
2025-05-06,6.41,6.43,6.35,6.4,36629938.0,233692210.0,1365251515.0,0.02683017568378234
2025-05-07,6.42,6.46,6.38,6.42,31679750.0,203114881.0,1365251515.0,0.02320433242661518
2025-05-08,6.41,6.42,6.36,6.41,22214434.0,142195209.0,1365251515.0,0.01627131246948296
2025-05-09,6.42,6.44,6.36,6.37,21095700.0,134809559.0,1365251515.0,0.015451878110532622
2025-05-12,6.37,6.39,6.29,6.35,26874334.0,170184907.0,1365251515.0,0.01968452970367149
2025-05-13,6.36,6.38,6.33,6.35,19644500.0,124779144.0,1365251515.0,0.014388923787423888
2025-05-14,6.35,6.37,6.32,6.36,17357407.0,110232568.0,1365251515.0,0.012713706455766138
2025-05-15,6.35,6.43,6.35,6.39,28808406.0,184250943.0,1365251515.0,0.02110117123730128
2025-05-16,6.38,6.39,6.32,6.34,21270037.0,134871315.0,1365251515.0,0.015579573995198973
2025-05-19,6.35,6.37,6.32,6.36,13256952.0,84096639.0,1365251515.0,0.009710263533382711
2025-05-20,6.36,6.46,6.35,6.44,30142883.0,193375923.0,1365251515.0,0.02207862995852453
2025-05-21,6.43,6.45,6.39,6.4,18823835.0,120683181.0,1365251515.0,0.013787814767596138
2025-05-22,6.4,6.41,6.32,6.33,20777579.0,131896243.0,1365251515.0,0.015218865367821986
2025-05-23,6.34,6.35,6.26,6.26,24162814.0,152302807.0,1365251515.0,0.017698434123327084
2025-05-26,6.25,6.3,6.24,6.28,14681941.0,92031300.0,1365251515.0,0.010754019196235793
2025-05-27,6.27,6.3,6.26,6.29,12658200.0,79504150.0,1365251515.0,0.009271698189618928
2025-05-28,6.29,6.3,6.27,6.28,10329077.0,64894508.0,1365251515.0,0.0075656953217151345
2025-05-29,6.29,6.32,6.27,6.3,14028783.0,88416145.0,1365251515.0,0.010275603319876191
2025-05-30,6.31,6.56,6.3,6.49,83910432.0,543451279.0,1365251515.0,0.06146151905204075
2025-06-03,6.43,6.51,6.42,6.5,38896172.0,251763725.0,1365251515.0,0.028490114511976937
2025-06-04,6.48,6.56,6.44,6.55,35549970.0,231443399.0,1365251515.0,0.026039136092809976
2025-06-05,6.36,6.38,6.19,6.21,42605600.0,266431191.0,1365251515.0,0.031207143542338424
2025-06-06,6.22,6.26,6.19,6.23,18754295.0,116779741.0,1365251515.0,0.013736879098061284
2025-06-09,6.23,6.32,6.22,6.3,25113000.0,157778440.0,1365251515.0,0.018394412841944364
2025-06-10,6.31,6.32,6.21,6.26,27313365.0,170922082.0,1365251515.0,0.02000610488243992
2025-06-11,6.24,6.44,6.23,6.4,44044498.0,280290421.0,1365251515.0,0.03226108707156425
2025-06-12,6.4,6.41,6.32,6.38,24574474.0,156234799.0,1365251515.0,0.01799996098154852
2025-06-13,6.38,6.38,6.28,6.28,23048200.0,145403783.0,1365251515.0,0.016882017523342577
2025-06-16,6.28,6.28,6.19,6.22,33751700.0,209765906.0,1365251515.0,0.02472196487546106
2025-06-17,6.22,6.26,6.21,6.26,18871200.0,117696946.0,1365251515.0,0.01382250800871662
2025-06-18,6.27,6.29,6.2,6.21,23849500.0,148676879.0,1365251515.0,0.01746894234356517
2025-06-19,6.2,6.22,6.11,6.13,22455800.0,138103290.0,1365251515.0,0.0164481048021397
2025-06-20,6.14,6.17,6.11,6.13,13076092.0,80267315.0,1365251515.0,0.009577789774509057
2025-06-23,6.11,6.16,6.08,6.14,13168359.0,80606110.0,1365251515.0,0.009645372193562445
2025-06-24,6.15,6.21,6.14,6.2,14880859.0,92037058.0,1365251515.0,0.010899719821955298
2025-06-25,6.21,6.23,6.17,6.22,20919426.0,129748862.0,1365251515.0,0.015322763439672872
2025-06-26,6.23,6.23,6.19,6.21,16850205.0,104689004.0,1365251515.0,0.012342198353099795
2025-06-27,6.21,6.24,6.19,6.21,15810246.0,98266080.0,1365251515.0,0.01158046398505553
2025-06-30,6.23,6.23,6.16,6.19,21164672.0,130812731.0,1365251515.0,0.015502397739511023
2025-07-01,6.19,6.2,6.16,6.19,17841926.0,110290672.0,1365251515.0,0.013068600037407759
2025-07-02,6.19,6.26,6.18,6.26,29218725.0,182025417.0,1365251515.0,0.021401715858927285
2025-07-03,6.29,6.33,6.25,6.27,28146891.0,176766334.0,1365251515.0,0.020616634144515124
2025-07-04,6.27,6.32,6.26,6.27,24135132.0,151586317.0,1365251515.0,0.01767815800592611
2025-07-07,6.27,6.27,6.23,6.27,14194485.0,88783712.0,1365251515.0,0.010396974362632368
2025-07-08,6.27,6.3,6.24,6.29,18549385.0,116348433.0,1365251515.0,0.013586789537457499
2025-07-09,6.28,6.36,6.26,6.31,32612354.0,206276311.0,1365251515.0,0.02388743293209237
2025-07-10,6.36,6.39,6.3,6.35,22231459.0,140813757.0,1365251515.0,0.016283782699190046
2025-07-11,6.33,6.39,6.33,6.35,26192500.0,166633136.0,1365251515.0,0.019185109638937114
2025-07-14,6.35,6.45,6.34,6.4,31008200.0,198616362.0,1365251515.0,0.02271244503984308
2025-07-15,6.38,6.41,6.27,6.29,24826201.0,156633924.0,1365251515.0,0.018184342392031698
2025-07-16,6.29,6.34,6.29,6.33,20413423.0,128935408.0,1365251515.0,0.014952133563462847
2025-07-17,6.35,6.37,6.3,6.34,18300300.0,115915184.0,1365251515.0,0.013404343301534442
2025-07-18,6.34,6.36,6.32,6.36,16383457.0,103890173.0,1365251515.0,0.012000321420628492
2025-07-21,6.35,6.53,6.34,6.5,43866058.0,282828365.0,1365251515.0,0.032130385879850135
2025-07-22,6.49,6.7,6.45,6.67,53481182.0,351521281.0,1365251515.0,0.03917313506881551
2025-07-23,6.76,6.88,6.59,6.63,73809216.0,496010182.0,1365251515.0,0.054062724112780056
2025-07-24,6.6,6.64,6.5,6.63,41872711.0,275556676.0,1365251515.0,0.030670327437798156
2025-07-25,6.68,6.73,6.61,6.62,27316685.0,182135941.0,1365251515.0,0.020008536668791026
2025-07-28,6.63,6.65,6.57,6.61,20998309.0,138878967.0,1365251515.0,0.015380542536881932
2025-07-29,6.6,6.61,6.44,6.5,29340200.0,190414750.0,1365251515.0,0.02149069213814423
2025-07-30,6.5,6.58,6.48,6.53,23077248.0,150991736.0,1365251515.0,0.016903294188983193
2025-07-31,6.54,6.54,6.37,6.39,31586048.0,202858075.0,1365251515.0,0.02313569891918413
2025-08-01,6.39,6.46,6.37,6.43,18189284.0,116871756.0,1365251515.0,0.01332302788178924
2025-08-04,6.41,6.44,6.37,6.42,16135802.0,103380859.0,1365251515.0,0.011818922610754254
2025-08-05,6.42,6.45,6.38,6.45,18167164.0,116779455.0,1365251515.0,0.01330682573899213
2025-08-06,6.45,6.46,6.38,6.44,25200312.0,161715124.0,1365251515.0,0.018458365893115305
2025-08-07,6.43,6.45,6.4,6.45,19009899.0,122210106.0,1365251515.0,0.013924100278328569
2025-08-08,6.46,6.59,6.45,6.58,40212616.0,262486910.0,1365251515.0,0.029454364677998543
2025-08-11,6.58,6.63,6.55,6.59,33251616.0,219076460.0,1365251515.0,0.024355670464134224
2025-08-12,6.6,6.66,6.55,6.56,23522407.0,155293592.0,1365251515.0,0.01722935791798041
2025-08-13,6.58,6.6,6.48,6.53,28099228.0,183200946.0,1365251515.0,0.020581722628595655
2025-08-14,6.54,6.55,6.41,6.41,27152016.0,175563980.0,1365251515.0,0.01988792226317361
2025-08-15,6.41,6.45,6.4,6.43,29854908.0,191718770.0,1365251515.0,0.02186769812886822
2025-08-18,6.45,6.48,6.43,6.46,34119241.0,220302574.0,1365251515.0,0.024991176076446252
2025-08-19,6.47,6.52,6.45,6.49,26675998.0,173025128.0,1365251515.0,0.019539255373029196
2025-08-20,6.48,6.53,6.45,6.53,22790447.0,147817321.0,1365251515.0,0.01669322227413899
2025-08-21,6.56,6.61,6.52,6.6,39855948.0,262322546.0,1365251515.0,0.02919311757731322
2025-08-22,6.66,6.68,6.53,6.6,35192635.0,231317546.0,1365251515.0,0.02577740043745712
2025-08-25,6.6,6.62,6.56,6.62,39990721.0,263808590.0,1365251515.0,0.029291834186318408
2025-08-26,6.67,7.06,6.63,6.97,102744547.0,706054329.0,1365251515.0,0.07525686356773609
2025-08-27,6.94,6.97,6.71,6.73,71246753.0,487015422.0,1365251515.0,0.052185807682476736
2025-08-28,6.78,6.81,6.56,6.68,55176598.0,369123910.0,1365251515.0,0.040414969252020934
2025-08-29,6.69,6.74,6.62,6.63,34919452.0,232732228.0,1365251515.0,0.025577303241447052
2025-09-01,6.68,6.75,6.62,6.7,36861500.0,246701485.0,1365251515.0,0.026999786922045643
2025-09-02,6.71,6.74,6.62,6.73,44174409.0,295487003.0,1365251515.0,0.032356242432003454
2025-09-03,6.75,6.79,6.57,6.58,34933310.0,231950040.0,1365251515.0,0.025587453752065604
2025-09-04,6.58,6.65,6.54,6.62,33952017.0,223927114.0,1365251515.0,0.024868690220790562
2025-09-05,6.62,6.64,6.52,6.64,28054754.0,184751784.0,1365251515.0,0.02054914694601163
2025-09-08,6.67,6.85,6.67,6.83,52174428.0,354759430.0,1365251515.0,0.03821598249608974
2025-09-09,6.81,6.86,6.72,6.76,34353361.0,232806840.0,1365251515.0,0.025162660962145134
2025-09-10,6.72,6.84,6.7,6.84,33249524.0,225175910.0,1365251515.0,0.02435413814574672
2025-09-11,6.89,7.52,6.85,7.52,177082160.0,1305769565.0,1365251515.0,0.12970662039514383
2025-09-12,7.43,7.65,7.4,7.44,166440392.0,1247465257.0,1365251515.0,0.1219118896198405
2025-09-15,7.54,8.1,7.53,8.05,146362552.0,1158306491.0,1365251515.0,0.10720555911633615
2025-09-16,7.95,8.24,7.8,8.04,122652036.0,983049668.0,1365251515.0,0.08983841779512693
2025-09-17,8.12,8.18,7.85,7.97,67068121.0,535421473.0,1365251515.0,0.04912510278371674
2025-09-18,7.93,7.94,7.43,7.54,106215828.0,811423433.0,1365251515.0,0.07779945807274932
2025-09-19,7.52,7.74,7.43,7.68,56335539.0,427283506.0,1365251515.0,0.041263853862121516
2025-09-22,7.64,7.67,7.38,7.56,46764711.0,349740136.0,1365251515.0,0.034253549976833386
2025-09-23,7.56,7.61,7.42,7.51,39175625.0,294282770.0,1365251515.0,0.028694804268354905
2025-09-24,7.5,7.77,7.42,7.7,42518416.0,324678140.0,1365251515.0,0.03114328424678584
2025-09-25,7.65,7.68,7.48,7.57,33845375.0,255935932.0,1365251515.0,0.024790578606316362
2025-09-26,7.55,7.65,7.5,7.54,27909456.0,211525061.0,1365251515.0,0.02044272113479398
2025-09-29,7.54,7.54,7.33,7.46,34269153.0,254007869.0,1365251515.0,0.025100981484719318
2025-09-30,7.46,7.47,7.29,7.37,34415900.0,253039815.0,1365251515.0,0.02520846863883539
2025-10-09,7.3,7.31,7.09,7.18,50150336.0,358211205.0,1365251515.0,0.036733404393988166
2025-10-10,7.15,7.76,7.12,7.72,77357724.0,577913473.0,1365251515.0,0.05666188475168987
2025-10-13,7.48,7.78,7.44,7.56,54270029.0,410312106.0,1365251515.0,0.039750938492824156
2025-10-14,7.59,7.73,7.54,7.65,49741699.0,380623193.0,1365251515.0,0.03643409177978462
2025-10-15,7.65,7.73,7.57,7.68,28693335.0,219685603.0,1365251515.0,0.0210168856688652
2025-10-16,7.66,7.8,7.54,7.67,40392204.0,308772783.0,1365251515.0,0.029585906740414787
2025-10-17,7.62,7.92,7.6,7.78,57690825.0,449341854.0,1365251515.0,0.042256554463519495
2025-10-20,7.84,8.17,7.7,7.74,45612546.0,358431057.0,1365251515.0,0.03340962855477952
2025-10-21,7.76,7.85,7.63,7.81,28781549.0,222999435.0,1365251515.0,0.02108149940415924
2025-10-22,7.77,7.85,7.54,7.56,26473828.0,203079038.0,1365251515.0,0.01939117276863084
2025-10-23,7.55,7.67,7.43,7.52,25203713.0,189379108.0,1365251515.0,0.01846085700919365
2025-10-24,7.51,7.6,7.46,7.49,20735808.0,156068003.0,1365251515.0,0.015188269540209959
2025-10-27,7.5,7.98,7.44,7.89,50659642.0,394814769.0,1365251515.0,0.03710645360463123
2025-10-28,7.89,7.92,7.76,7.81,21405240.0,167686884.0,1365251515.0,0.01567860556448458
2025-10-29,7.85,7.85,7.66,7.8,20048893.0,155656256.0,1365251515.0,0.014685127816906323
2025-10-30,7.74,7.8,7.4,7.41,39903484.0,299812631.0,1365251515.0,0.029227936070080097
2025-10-31,7.45,7.49,7.37,7.38,22788998.0,168991275.0,1365251515.0,0.016692160931240572
2025-11-03,7.43,7.62,7.35,7.55,31954867.0,239928064.0,1365251515.0,0.023405846211421343
2025-11-04,7.51,7.55,7.4,7.4,19662613.0,146801263.0,1365251515.0,0.014402190939887
2025-11-05,7.36,7.53,7.33,7.45,18129332.0,134680287.0,1365251515.0,0.013279115094041848
2025-11-06,7.43,7.49,7.36,7.38,24855021.0,184253238.0,1365251515.0,0.01820545205547712
2025-11-07,7.37,7.62,7.33,7.39,30816015.0,229621370.0,1365251515.0,0.022571676106142243
2025-11-10,7.4,7.75,7.34,7.68,40315526.0,306256978.0,1365251515.0,0.02952974273022506
2025-11-11,7.68,7.78,7.53,7.71,41385848.0,316808663.0,1365251515.0,0.030313716956395394
2025-11-12,7.7,7.78,7.57,7.61,27446097.0,209436403.0,1365251515.0,0.020103326528811798
2025-11-13,7.62,7.74,7.54,7.69,28794275.0,219876741.0,1365251515.0,0.021090820763527956
2025-11-14,7.66,7.83,7.63,7.63,27171700.0,209653631.0,1365251515.0,0.019902340119358885
2025-11-17,7.67,7.72,7.53,7.64,35434876.0,270107428.0,1365251515.0,0.02595483367766122
2025-11-18,7.6,7.66,7.48,7.55,23019405.0,173809025.0,1365251515.0,0.016860926171541366
2025-11-19,7.55,7.58,7.45,7.53,15149629.0,113587840.0,1365251515.0,0.011096584646529397
2025-11-20,7.52,7.54,7.35,7.39,20968177.0,155412837.0,1365251515.0,0.015358471878348365
2025-11-21,7.35,7.45,7.1,7.14,26951300.0,195538960.0,1365251515.0,0.019740904664002516
2025-11-24,7.33,7.67,7.33,7.39,45214016.0,338728307.0,1365251515.0,0.03311771897209724
2025-11-25,7.38,7.41,7.26,7.27,30853741.0,226064893.0,1365251515.0,0.022599309109721077
2025-11-26,7.26,7.29,7.13,7.14,23836825.0,171442365.0,1365251515.0,0.017459658339950643
2025-11-27,7.14,7.27,7.12,7.17,17591626.0,126679694.0,1365251515.0,0.012885263855576092
2025-11-28,7.17,7.31,7.13,7.26,15629884.0,112972675.0,1365251515.0,0.011448354994134543
2025-12-01,7.25,7.3,7.07,7.15,24975144.0,179060510.0,1365251515.0,0.018293438040975184
2025-12-02,7.14,7.17,7.08,7.12,14774164.0,105268394.0,1365251515.0,0.01082156938679537
2025-12-03,7.17,7.17,6.97,7.01,22332724.0,157162135.0,1365251515.0,0.016357955845227538
2025-12-04,6.98,7.01,6.88,6.92,19423944.0,134591428.0,1365251515.0,0.014227374067407645
2025-12-05,6.93,6.99,6.9,6.96,10963797.0,76165845.0,1365251515.0,0.008030605994236894
2025-12-08,6.99,6.99,6.89,6.92,16923800.0,117139897.0,1365251515.0,0.01239610417132553
2025-12-09,6.92,6.97,6.86,6.9,14695800.0,101431792.0,1365251515.0,0.010764170439320113
2025-12-10,6.88,6.96,6.87,6.93,13015500.0,90209218.0,1365251515.0,0.009533408208669887
2025-12-11,6.94,6.95,6.78,6.84,23891398.0,163341922.0,1365251515.0,0.017499631194329787
2025-12-12,6.83,7.07,6.83,6.94,26133206.0,181734598.0,1365251515.0,0.019141678813665335
2025-12-15,7.13,7.56,7.13,7.34,70034607.0,516397093.0,1365251515.0,0.05129795223116819
2025-12-16,7.3,7.35,7.21,7.25,29683869.0,215719939.0,1365251515.0,0.021742417916306066
2025-12-17,7.4,7.4,7.12,7.25,36026667.0,259936761.0,1365251515.0,0.026388300327211137
2025-12-18,7.2,7.37,7.18,7.26,25926504.0,188934892.0,1365251515.0,0.01899027667440457
2025-12-19,7.28,7.42,7.25,7.4,25243268.0,185858863.0,1365251515.0,0.018489829692662895
2025-12-22,7.37,7.42,7.29,7.34,21345186.0,156846155.0,1365251515.0,0.015634618065228808
2025-12-23,7.32,7.35,7.19,7.23,16315500.0,118417953.0,1365251515.0,0.01195054524440502
2025-12-24,7.2,7.23,7.04,7.11,27012867.0,191864875.0,1365251515.0,0.01978600038396588
2025-12-25,7.11,7.22,7.08,7.17,13670167.0,97725280.0,1365251515.0,0.010012929375874013
2025-12-26,7.16,7.26,7.14,7.23,18816325.0,135513836.0,1365251515.0,0.013782313949675419
2025-12-29,7.22,7.31,7.18,7.24,20897204.0,151821372.0,1365251515.0,0.015306486585367386
2025-12-30,7.24,7.77,7.24,7.6,66353482.0,500173905.0,1365251515.0,0.04860165417944986
2025-12-31,7.57,7.59,7.32,7.37,33751753.0,250187240.0,1365251515.0,0.024722003696146785
2026-01-05,7.38,7.44,7.25,7.4,28093500.0,206289747.0,1365251515.0,0.020577527064674233
2026-01-06,7.4,7.48,7.33,7.45,28057136.0,207960146.0,1365251515.0,0.02055089167947197
2026-01-07,7.44,7.51,7.31,7.31,26658500.0,196599208.0,1365251515.0,0.01952643868701365
2026-01-08,7.32,7.38,7.28,7.34,18101133.0,132727909.0,1365251515.0,0.013258460291838607
2026-01-09,7.34,7.38,7.27,7.31,26431545.0,193154627.0,1365251515.0,0.01936020191854539
2026-01-12,7.3,7.3,7.17,7.24,37902347.0,273140221.0,1365251515.0,0.02776217171969225
2026-01-13,7.21,7.28,7.1,7.14,42937422.0,308225522.0,1365251515.0,0.03145019179854197
2026-01-14,7.15,7.19,7.08,7.16,36539484.0,261215961.0,1365251515.0,0.026763921225167072
2026-01-15,7.17,7.21,7.13,7.16,23942630.0,171387700.0,1365251515.0,0.01753715688057669
2026-01-16,7.15,7.16,7.07,7.07,24742642.0,175825440.0,1365251515.0,0.01812313828488958
2026-01-19,7.1,7.16,7.09,7.14,19616700.0,139933159.0,1365251515.0,0.014368561239062239
2026-01-20,7.12,7.2,7.11,7.14,23373666.0,167158302.0,1365251515.0,0.017120410227122143
2026-01-21,7.11,7.13,7.03,7.05,26521056.0,187367550.0,1365251515.0,0.01942576566194105
2026-01-22,7.08,7.09,6.97,7.0,23051069.0,161576882.0,1365251515.0,0.016884118967632127
2026-01-23,7.0,7.05,6.99,7.04,20393873.0,143264187.0,1365251515.0,0.014937813857690538
2026-01-26,7.03,7.19,6.99,7.18,40236241.0,285924541.0,1365251515.0,0.029471669181777103
2026-01-27,7.22,7.24,7.03,7.15,41132126.0,293439703.0,1365251515.0,0.030127874276704245
2026-01-28,7.12,7.29,7.08,7.23,40739034.0,293317469.0,1365251515.0,0.02983994784287055
2026-01-29,7.23,7.3,7.19,7.28,33312900.0,241422711.0,1365251515.0,0.02440055889628513
2026-01-30,7.26,7.41,7.22,7.26,43531495.0,319115768.0,1365251515.0,0.031885329934975386
2026-02-02,7.17,7.18,7.01,7.02,39477099.0,279899762.0,1365251515.0,0.028915623653418907
2026-02-03,7.0,7.08,6.95,7.03,21619610.0,151340560.0,1365251515.0,0.01583562425125747
2026-02-04,7.08,7.14,6.98,7.13,25499710.0,180000458.0,1365251515.0,0.018677664679244102
2026-02-05,7.12,7.18,7.07,7.1,19595185.0,139490673.0,1365251515.0,0.014352802238055015
2026-02-06,7.06,7.14,7.04,7.06,15458600.0,109594289.0,1365251515.0,0.01132289532745913
2026-02-09,7.1,7.14,7.07,7.12,14661639.0,104180547.0,1365251515.0,0.010739148676205644
2026-02-10,7.12,7.13,7.06,7.08,9173300.0,64976711.0,1365251515.0,0.0067191282333057874
2026-02-11,7.08,7.13,7.06,7.11,10685880.0,75818860.0,1365251515.0,0.007827041305279196
2026-02-12,7.1,7.11,7.02,7.02,16394983.0,115413500.0,1365251515.0,0.012008763821075123
2026-02-13,7.0,7.04,6.91,6.92,22174300.0,154565430.0,1365251515.0,0.01624191568833381
2026-02-24,6.95,6.97,6.91,6.93,10661647.0,74022573.0,1365251515.0,0.007809291462313447
2026-02-25,6.93,7.05,6.93,7.0,16095835.0,112934277.0,1365251515.0,0.011789648151388428
2026-02-26,7.0,7.06,6.99,7.06,17302074.0,121659506.0,1365251515.0,0.012673176927403006
2026-02-27,7.05,7.21,7.02,7.19,26883658.0,192163551.0,1365251515.0,0.019691359214496093
2026-03-02,7.14,7.23,7.11,7.15,20294300.0,145423178.0,1365251515.0,0.014864880043733188
2026-03-03,7.14,7.28,7.11,7.16,36839766.0,265438417.0,1365251515.0,0.026983867511035136
2026-03-04,7.16,7.24,7.12,7.17,27175500.0,194999053.0,1365251515.0,0.019905123489278823
2026-03-05,7.19,7.21,6.97,6.99,30514909.0,215358691.0,1365251515.0,0.022351126268481014
2026-03-06,6.97,7.32,6.96,7.28,46655940.0,336447492.0,1365251515.0,0.03417387894273825
2026-03-09,7.24,7.55,7.23,7.45,64482929.0,480489787.0,1365251515.0,0.04723153813896335
2026-03-10,7.46,7.76,7.36,7.61,54646878.0,414887645.0,1365251515.0,0.04002696748518166
2026-03-11,7.61,7.74,7.55,7.71,40265269.0,308705129.0,1365251515.0,0.02949293119810235
2026-03-12,7.72,7.84,7.61,7.78,35644744.0,276713253.0,1365251515.0,0.02610855480354475
2026-03-13,7.82,7.83,7.67,7.68,32229700.0,249397070.0,1365251515.0,0.023607151975949283
2026-03-16,7.7,8.0,7.68,7.84,49706747.0,391953769.0,1365251515.0,0.03640849063624734
2026-03-17,7.81,7.94,7.65,7.67,40138017.0,312236531.0,1365251515.0,0.029399723464141332
2026-03-18,7.65,7.73,7.54,7.69,34028291.0,259601736.0,1365251515.0,0.024924558314809855
2026-03-19,7.69,7.92,7.6,7.71,41196778.0,320490489.0,1365251515.0,0.03017522965356314
2026-03-20,7.74,7.88,7.62,7.64,32699884.0,253498873.0,1365251515.0,0.02395154566080082
2026-03-23,7.56,7.61,6.99,7.06,56501549.0,408691657.0,1365251515.0,0.04138545050433436
2026-03-24,7.1,7.15,6.79,7.09,43806356.0,304893215.0,1365251515.0,0.03208665620854484
2026-03-25,7.01,7.21,7.01,7.15,26270132.0,187480463.0,1365251515.0,0.0192419724214699
2026-03-26,7.13,7.29,7.07,7.1,19263508.0,137397321.0,1365251515.0,0.014109860189387887
2026-03-27,7.03,7.33,7.0,7.3,28556947.0,206319420.0,1365251515.0,0.020916986127644033
2026-03-30,7.2,7.48,7.2,7.37,24143526.0,177605437.0,1365251515.0,0.0176843063235861
2026-03-31,7.37,7.45,7.24,7.28,18629895.0,136544328.0,1365251515.0,0.013645760356471753
2026-04-01,7.35,7.43,7.27,7.33,16150500.0,118611013.0,1365251515.0,0.011829688392618264
2026-04-02,7.3,7.79,7.29,7.63,45602401.0,347693865.0,1365251515.0,0.03340219768955906
2026-04-03,7.6,7.64,7.34,7.39,25189886.0,187336883.0,1365251515.0,0.01845072920501392
2026-04-07,7.31,8.0,7.16,7.83,57127951.0,438566141.0,1365251515.0,0.04184426852659453
2026-04-08,7.74,7.89,7.69,7.81,38972403.0,303276821.0,1365251515.0,0.028545951109968187
2026-04-09,7.78,7.94,7.7,7.72,26723400.0,207941814.0,1365251515.0,0.01957397571538311
2026-04-10,7.73,7.79,7.57,7.65,29573250.0,226078847.0,1365251515.0,0.02166139328547092
2026-04-13,7.63,7.88,7.58,7.75,32597727.0,253187164.0,1365251515.0,0.023876719155297915
2026-04-14,7.72,8.17,7.62,8.11,60099696.0,480204551.0,1365251515.0,0.04402097001152202
2026-04-15,8.05,8.46,7.9,8.35,63200124.0,519212592.0,1365251515.0,0.04629192738892511
2026-04-16,8.27,8.35,8.15,8.32,37657478.0,310704790.0,1365251515.0,0.027582813559448787
2026-04-17,8.2,8.25,7.96,8.02,41751441.0,336680305.0,1365251515.0,0.03058150131406373
2026-04-20,8.06,8.13,7.83,7.91,30654212.0,242720237.0,1365251515.0,0.02245316094741708
2026-04-21,7.91,7.98,7.78,7.84,21982700.0,172679973.0,1365251515.0,0.01610157524710749
2026-04-22,7.8,8.07,7.72,7.79,32589600.0,256389252.0,1365251515.0,0.02387076640599809
2026-04-23,7.74,7.98,7.62,7.81,40322494.0,315849780.0,1365251515.0,0.029534846551699304
2026-04-24,7.8,7.8,7.48,7.55,31937328.0,242869715.0,1365251515.0,0.023392999494309296
2026-04-27,7.5,7.57,7.44,7.5,16295266.0,122382714.0,1365251515.0,0.011935724532047122
2026-04-28,7.51,7.77,7.41,7.71,36093199.0,273929147.0,1365251515.0,0.02643703273971463
2026-04-29,7.69,8.1,7.67,7.84,51998951.0,413154809.0,1365251515.0,0.03808745160044741
2026-04-30,7.78,8.06,7.7,7.95,34866835.0,276162697.0,1365251515.0,0.025538763090110907
2026-05-06,7.87,8.01,7.78,7.97,41499667.0,328395026.0,1365251515.0,0.030397085477689434
2026-05-07,7.99,8.12,7.94,8.01,29916127.0,239997750.0,1365251515.0,0.02191253895074418
2026-05-08,8.0,8.1,7.66,7.73,37091231.0,288821538.0,1365251515.0,0.027168057015486996
2026-05-11,7.66,8.18,7.59,8.08,54524562.0,434796145.0,1365251515.0,0.03993737520225348
2026-05-12,8.04,8.1,7.42,7.52,66045400.0,505583653.0,1365251515.0,0.048375994660588235
2026-05-13,7.48,7.52,7.28,7.31,40854025.0,299528238.0,1365251515.0,0.029924174814045162
2026-05-14,7.3,7.77,7.28,7.63,55377432.0,419452061.0,1365251515.0,0.0405620732821527
2026-05-15,7.54,7.57,7.32,7.36,27488536.0,204107128.0,1365251515.0,0.020134411643557122
2026-05-18,7.36,7.38,7.09,7.16,29644029.0,212159550.0,1365251515.0,0.021713236480092827
2026-05-19,7.16,7.33,7.14,7.31,26868636.0,194531089.0,1365251515.0,0.019680356113723117
2026-05-20,7.29,7.29,7.14,7.18,16559264.0,119083773.0,1365251515.0,0.012129094029974396
2026-05-21,7.17,7.35,7.11,7.16,25079921.0,181417694.0,1365251515.0,0.01837018360679131
2026-05-22,7.2,7.25,6.95,6.96,34984611.0,245566964.0,1365251515.0,0.025625029978450526
2026-05-25,6.95,7.01,6.88,6.98,17364579.0,120548162.0,1365251515.0,0.012718959700257135
2026-05-26,6.96,7.03,6.9,6.93,13865785.0,96407826.0,1365251515.0,0.01015621286455778
2026-05-27,6.94,6.94,6.67,6.72,22321242.0,151098981.0,1365251515.0,0.016349545673274714
2026-05-28,6.69,6.72,6.4,6.58,25647809.0,168163621.0,1365251515.0,0.018786142127079054
2026-05-29,6.55,6.69,6.5,6.6,15782400.0,104277110.0,1365251515.0,0.011560067743268536
2026-06-01,6.58,6.69,6.5,6.64,16287800.0,107647574.0,1365251515.0,0.011930255942620214
2026-06-02,6.65,6.66,6.33,6.38,24058931.0,154685328.0,1365251515.0,0.01762234338190791
2026-06-03,6.39,6.41,6.24,6.32,15802639.0,99693201.0,1365251515.0,0.011574892117955277
2026-06-04,6.4,6.57,6.31,6.44,21804788.0,140459150.0,1365251515.0,0.015971260797319094
2026-06-05,6.44,6.52,6.3,6.4,14036488.0,90018954.0,1365251515.0,0.01028124696862175
2026-06-08,6.39,6.53,6.24,6.3,17025297.0,108693018.0,1365251515.0,0.01247044724942129
2026-06-09,6.35,6.35,6.2,6.21,10208011.0,63677880.0,1365251515.0,0.0074770186209974655
2026-06-10,6.16,6.38,6.11,6.35,18045209.0,113515265.0,1365251515.0,0.013217497876206349
2026-06-11,6.35,6.37,6.2,6.31,12253310.0,76857834.0,1365251515.0,0.008975130124649596
2026-06-12,6.32,6.37,6.17,6.32,19020697.0,119415421.0,1365251515.0,0.013932009443695801
2026-06-15,6.32,6.42,6.25,6.31,16246343.0,102879690.0,1365251515.0,0.011899890109259464
2026-06-16,6.31,6.44,6.25,6.37,27039967.0,171771388.0,1365251515.0,0.019805850206289645
2026-06-17,6.34,6.36,6.07,6.16,29780054.0,184006725.0,1365251515.0,0.021812870136240062
2026-06-18,6.2,6.2,5.98,6.02,16800621.0,101342649.0,1365251515.0,0.012305879770439222
2026-06-22,5.97,6.01,5.8,5.99,19450881.0,114474349.0,1365251515.0,0.01424710449781116
2026-06-23,6.0,6.18,5.98,6.03,16789254.0,102265637.0,1365251515.0,0.012297553832049767
2026-06-24,6.04,6.06,5.82,5.86,15519900.0,91346651.0,1365251515.0,0.011367795479062333
2026-06-25,5.82,5.89,5.75,5.85,15570102.0,90661630.0,1365251515.0,0.011404566725567779
2026-06-26,5.92,6.0,5.69,5.83,32571759.0,191555849.0,1365251515.0,0.023857698484223984
2026-06-29,5.8,6.25,5.64,6.23,43546900.0,262882259.0,1365251515.0,0.031896613570137664
2026-06-30,6.19,6.39,6.15,6.31,26726100.0,167895428.0,1365251515.0,0.019575953372957804
2026-07-01,6.31,6.68,6.25,6.56,33362393.0,217590660.0,1365251515.0,0.024436810824560777
2026-07-02,6.61,6.67,6.44,6.6,27156411.0,178423077.0,1365251515.0,0.019891141450225747
2026-07-03,6.56,6.68,6.38,6.48,26718800.0,173842242.0,1365251515.0,0.019570606372848447
2026-07-06,6.54,6.76,6.49,6.75,37227800.0,247795304.0,1365251515.0,0.027268089133012242
2026-07-07,6.67,6.73,6.53,6.6,19085912.0,126308298.0,1365251515.0,0.013979777198782307
2026-07-08,6.56,6.56,6.25,6.32,26514438.0,168111891.0,1365251515.0,0.01942091820348575
2026-07-09,6.29,6.49,6.27,6.41,25044138.0,160223685.0,1365251515.0,0.01834397378420049
2026-07-10,6.4,6.61,6.29,6.45,22815600.0,147756638.0,1365251515.0,0.01671164598561167
2026-07-13,6.42,6.81,6.36,6.61,30401297.0,201068361.0,1365251515.0,0.022267909367601032
2026-07-14,6.57,6.68,6.52,6.52,19553816.0,128664923.0,1365251515.0,0.014322500861681886
2026-07-15,6.5,6.77,6.47,6.68,20609100.0,137531101.0,1365251515.0,0.015095460267626952
2026-07-16,6.7,7.28,6.67,7.19,60429196.0,430194391.0,1365251515.0,0.04426231748221133
2026-07-17,7.09,7.3,7.04,7.11,48235344.0,347230641.0,1365251515.0,0.03533073830721953
2026-07-20,7.04,7.36,6.96,7.19,42202900.0,303348964.0,1365251515.0,0.0309121795774019
2026-07-21,7.18,7.31,6.97,6.98,36873379.0,262602414.0,1365251515.0,0.027008487882908522
2026-07-22,6.96,7.23,6.87,7.13,31959389.0,225831868.0,1365251515.0,0.02340915842162607
2026-07-23,7.11,7.13,7.0,7.06,16319915.0,115265531.0,1365251515.0,0.011953779080772527
2026-07-24,7.01,7.08,6.9,6.98,21296200.0,148703825.0,1365251515.0,0.015598737497097741
2026-07-27,6.99,7.11,6.92,7.08,16612454.0,117172096.0,1365251515.0,0.012168053884195836
2026-07-28,7.05,7.08,6.91,6.98,19262033.0,134284026.0,1365251515.0,0.014108779802379491
2026-07-29,6.98,7.04,6.92,7.03,15047826.0,105287260.0,1365251515.0,0.011022017433908507
2026-07-30,7.01,7.26,6.99,7.2,21304034.0,152292314.0,1365251515.0,0.015604475633927424
2026-07-31,7.1,7.3,7.03,7.28,26102642.0,187055048.0,1365251515.0,0.019119291729919816
2026-08-03,7.25,7.35,7.18,7.22,13221140.0,96029752.0,1365251515.0,0.009684032469284606
2026-08-04,7.23,7.23,6.92,6.99,28022260.0,196954511.0,1365251515.0,0.02052534620333309
2026-08-05,6.98,7.16,6.89,7.05,22373630.0,157309486.0,1365251515.0,0.016387918089949896
2026-08-06,7.05,7.12,6.89,7.03,24279400.0,169399414.0,1365251515.0,0.0177838293774023
2026-08-07,7.01,7.25,6.94,7.08,22117920.0,157214269.0,1365251515.0,0.016200619268311157
2026-08-10,7.1,7.38,7.06,7.28,26928713.0,195673469.0,1365251515.0,0.019724360459691562
2026-08-11,7.31,7.47,7.18,7.18,23704760.0,172842384.0,1365251515.0,0.01736292524824629
2026-08-12,7.18,7.29,7.1,7.16,14522382.0,104297012.0,1365251515.0,0.010637147690694926
2026-08-13,7.15,7.19,7.0,7.14,19571500.0,138891903.0,1365251515.0,0.014335453786330353
2026-08-14,7.12,7.13,6.98,7.01,14990789.0,105331606.0,1365251515.0,0.010980239783876014
2026-08-17,7.05,7.22,6.96,7.08,15818226.0,111892897.0,1365251515.0,0.0115863090618874
2026-08-18,7.09,7.29,7.07,7.21,27706882.0,200200509.0,1365251515.0,0.020294342614225188
2026-08-19,7.27,7.35,7.05,7.09,21059902.0,150441828.0,1365251515.0,0.015425657300955275
2026-08-20,7.11,7.23,7.05,7.17,16561495.0,118522550.0,1365251515.0,0.012130728161103707
2026-08-21,7.16,7.21,7.08,7.15,12726481.0,90838783.0,1365251515.0,0.009321711684751363
2026-08-24,7.15,7.22,7.04,7.17,16743910.0,119446876.0,1365251515.0,0.01226434090424723
2026-08-25,7.16,7.32,7.13,7.26,16907543.0,122631852.0,1365251515.0,0.012384196475328577
2026-08-26,7.21,7.39,7.2,7.34,17919793.0,131325187.0,1365251515.0,0.01312563494939612
2026-08-27,7.29,7.45,7.2,7.4,22071882.0,161987898.0,1365251515.0,0.016166898009265348
2026-08-28,7.4,7.49,7.2,7.46,27589672.0,202510827.0,1365251515.0,0.02020849030151049
2026-08-31,7.5,7.86,7.39,7.85,52078051.0,403154297.0,1365251515.0,0.03814538964272821
2026-09-01,7.88,7.99,7.79,7.97,33638203.0,265831031.0,1365251515.0,0.024638832208144446
2026-09-02,7.94,8.05,7.84,7.85,27569587.0,218244523.0,1365251515.0,0.02019377872655208
2026-09-03,7.85,7.92,7.67,7.89,27670997.0,216218953.0,1365251515.0,0.02026805808012599
2026-09-04,7.9,8.48,7.79,8.41,71972064.0,596228264.0,1365251515.0,0.05271707316142403
2026-09-07,8.41,8.53,8.28,8.39,39874052.0,335438036.0,1365251515.0,0.029206378137584414
2026-09-08,8.41,8.44,8.27,8.31,26874900.0,223895365.0,1365251515.0,0.019684944279296405
2026-09-09,8.28,8.47,8.27,8.34,22821363.0,191066071.0,1365251515.0,0.016715867185834985
2026-09-10,8.33,8.4,8.19,8.23,22858140.0,189009478.0,1365251515.0,0.0167428050793996
2026-09-11,8.2,8.23,8.01,8.03,23739995.0,191735204.0,1365251515.0,0.017388733679596025
2026-09-14,8.05,8.17,7.95,7.99,19099300.0,153197557.0,1365251515.0,0.013989583450489706
2026-09-15,7.99,8.09,7.9,7.99,17654354.0,141528811.0,1365251515.0,0.012931209968296574
2026-09-16,7.99,8.03,7.51,7.63,41664367.0,319297456.0,1365251515.0,0.03051772258974567
2026-09-17,7.57,7.73,7.44,7.58,26094982.0,197605225.0,1365251515.0,0.01911368104213384
2026-09-18,7.52,7.7,7.5,7.6,19413519.0,147509764.0,1365251515.0,0.014219738111772028
2026-09-21,7.58,7.95,7.55,7.93,24329644.0,190480461.0,1365251515.0,0.01782063138747002
2026-09-22,7.92,8.01,7.76,7.85,18066613.0,141902898.0,1365251515.0,0.01323317557351328
2026-09-23,7.85,7.91,7.73,7.74,12097600.0,94097273.0,1365251515.0,0.008861077879851319
2026-09-24,7.7,7.74,7.54,7.58,12400200.0,94306556.0,1365251515.0,0.009082722021370546
