date,open,high,low,close,volume,amount,outstanding_share,turnover
2021-01-04,9.69,10.44,9.65,10.3,297327154.0,3005342640.0,2907926923.0,0.10224712032765206
2021-01-05,10.28,10.54,10.12,10.36,272081463.0,2809879884.0,2907926923.0,0.09356544033070256
2021-01-06,10.39,10.98,10.15,10.68,289783634.0,3056082122.0,2907926923.0,0.09965299736660542
2021-01-07,10.56,11.49,10.48,11.28,366091095.0,4038836730.0,2907926923.0,0.12589418671577807
2021-01-08,11.18,11.18,10.62,10.9,256317019.0,2796218808.0,2907926923.0,0.0881442435752709
2021-01-11,10.9,11.24,10.58,11.07,267056278.0,2917161055.0,2907926923.0,0.09183734153968628
2021-01-12,11.3,11.45,10.88,11.25,283935435.0,3163153298.0,2907926923.0,0.0976418742693418
2021-01-13,11.23,11.97,11.07,11.51,308184341.0,3530228726.0,2907926923.0,0.10598077226853338
2021-01-14,11.3,11.43,10.36,10.36,323864309.0,3477771656.0,2907926923.0,0.11137291877537323
2021-01-15,10.41,10.54,9.92,10.13,184726909.0,1886442402.0,2907926923.0,0.0635252927227704
2021-01-18,10.15,10.32,10.09,10.19,132384474.0,1354972429.0,2907926923.0,0.04552537856192888
2021-01-19,10.13,10.15,9.67,9.78,191461322.0,1888010223.0,2907926923.0,0.06584117382237256
2021-01-20,9.69,9.91,9.46,9.89,134042299.0,1300061415.0,2907926923.0,0.04609548401639803
2021-01-21,9.79,10.12,9.69,9.98,139810964.0,1384891059.0,2907926923.0,0.048079256357571126
2021-01-22,9.98,10.08,9.73,10.03,121898704.0,1210891880.0,2907926923.0,0.04191945232043233
2021-01-25,9.93,10.3,9.76,10.3,192817751.0,1932209176.0,2907926923.0,0.06630763293084309
2021-01-26,10.15,10.48,10.05,10.19,186610261.0,1920723057.0,2907926923.0,0.0641729541151884
2021-01-27,10.07,10.32,9.82,10.26,157724762.0,1589539850.0,2907926923.0,0.05423958929383316
2021-01-28,10.12,10.59,10.06,10.08,187991728.0,1943485280.0,2907926923.0,0.0646480234812971
2021-01-29,9.95,10.04,9.15,9.27,209769460.0,2009082175.0,2907926923.0,0.0721371153933912
2021-02-01,9.08,9.35,8.72,9.25,108846426.0,988917592.0,2907926923.0,0.037430935811725005
2021-02-02,8.96,9.11,8.68,8.78,162800243.0,1438338288.0,2907926923.0,0.05598498425539698
2021-02-03,8.8,9.03,8.66,8.9,114508653.0,1017229857.0,2907926923.0,0.03937810544491458
2021-02-04,8.82,8.88,8.32,8.48,121371404.0,1039938481.0,2907926923.0,0.04173812039086101
2021-02-05,8.66,9.12,8.51,8.58,129321431.0,1136905552.0,2907926923.0,0.04447203606704941
2021-02-08,8.6,8.77,8.45,8.67,81941354.0,707890644.0,2907926923.0,0.028178615271206388
2021-02-09,8.65,9.02,8.55,8.98,109715637.0,972048743.0,2907926923.0,0.03772984669326231
2021-02-10,8.99,9.16,8.91,9.06,97423613.0,879184000.0,2907926923.0,0.03350277210525349
2021-02-18,9.28,9.87,9.11,9.79,176429530.0,1683592587.0,2907926923.0,0.060671927002204105
2021-02-19,10.15,10.73,10.12,10.63,327192435.0,3424031056.0,2907926923.0,0.11251742002596397
2021-02-22,10.88,11.22,10.56,10.64,427961703.0,4657341310.0,2907926923.0,0.14717072138748516
2021-02-23,10.66,10.67,10.01,10.1,291007242.0,2982214983.0,2907926923.0,0.10007378098063711
2021-02-24,10.22,10.46,10.02,10.12,169142131.0,1730078842.0,2907926923.0,0.05816588087622998
2021-02-25,10.0,10.15,9.85,9.94,157021265.0,1565421700.0,2907926923.0,0.053997665401442414
2021-02-26,9.65,10.12,9.6,9.99,145417198.0,1447239421.0,2907926923.0,0.05000717069257658
2021-03-01,10.02,10.27,9.85,10.22,155694339.0,1566693376.0,2907926923.0,0.0535413520087279
2021-03-02,10.22,10.22,9.94,10.03,106235615.0,1067697863.0,2907926923.0,0.036533110292331784
2021-03-03,10.06,10.31,10.0,10.17,112803700.0,1147399797.0,2907926923.0,0.03879179325580322
2021-03-04,10.06,10.08,9.87,9.89,103264272.0,1026762615.0,2907926923.0,0.03551130229004039
2021-03-05,9.84,10.08,9.75,9.96,95638256.0,952505497.0,2907926923.0,0.03288880997784276
2021-03-08,9.9,9.98,9.29,9.3,158329346.0,1520434547.0,2907926923.0,0.05444749823240314
2021-03-09,9.2,9.2,8.8,8.9,104698625.0,944746855.0,2907926923.0,0.03600455849557124
2021-03-10,9.0,9.04,8.8,8.84,64643607.0,573720469.0,2907926923.0,0.02223013463258203
2021-03-11,8.85,8.98,8.69,8.95,67727010.0,600280341.0,2907926923.0,0.023290478678923802
2021-03-12,8.92,9.07,8.6,8.94,86612641.0,764403222.0,2907926923.0,0.02978501292963888
2021-03-15,8.8,8.91,8.72,8.83,51228367.0,451569268.0,2907926923.0,0.017616799994117322
2021-03-16,8.82,8.89,8.77,8.87,42577482.0,376367043.0,2907926923.0,0.014641867944905023
2021-03-17,8.88,9.28,8.87,9.23,113020698.0,1035490898.0,2907926923.0,0.03886641617644255
2021-03-18,9.17,9.19,8.95,9.01,74648225.0,674078098.0,2907926923.0,0.025670598669305007
2021-03-19,8.9,9.06,8.82,8.84,57791675.0,514520393.0,2907926923.0,0.019873840206540844
2021-03-22,8.8,8.93,8.7,8.89,66920748.0,590698818.0,2907926923.0,0.02301321517769104
2021-03-23,8.89,8.9,8.65,8.71,78040029.0,682475358.0,2907926923.0,0.026836997994258056
2021-03-24,8.63,8.71,8.54,8.63,57802427.0,497978768.0,2907926923.0,0.019877537685977123
2021-03-25,8.69,8.9,8.67,8.7,57139438.0,500783505.0,2907926923.0,0.019649543992340552
2021-03-26,8.63,8.75,8.56,8.72,51773075.0,448334055.0,2907926923.0,0.017804118318966437
2021-03-29,8.72,8.79,8.63,8.73,53865796.0,468550281.0,2907926923.0,0.018523779113550992
2021-03-30,8.69,8.73,8.64,8.67,35057725.0,303856034.0,2907926923.0,0.01205591678481117
2021-03-31,8.67,8.67,8.28,8.42,83847317.0,704773684.0,2907926923.0,0.02883405230606615
2021-04-01,8.48,8.54,8.3,8.34,47449069.0,396810060.0,2907926923.0,0.016317146288892487
2021-04-02,8.32,8.4,8.23,8.35,53453326.0,443882791.0,2907926923.0,0.01838193579667201
2021-04-06,8.35,8.43,8.32,8.38,42855168.0,358908571.0,2907926923.0,0.014737360715993481
2021-04-07,8.39,8.41,8.16,8.31,65361748.0,539091737.0,2907926923.0,0.022477094414934166
2021-04-08,8.28,8.35,8.19,8.19,54069550.0,446293386.0,2907926923.0,0.01859384758686386
2021-04-09,8.19,8.21,8.07,8.09,54973721.0,445339792.0,2907926923.0,0.018904780778770624
2021-04-12,8.09,8.17,7.91,7.96,58018568.0,466645211.0,2907926923.0,0.019951865894946356
2021-04-13,8.01,8.4,7.97,8.38,132865586.0,1094659376.0,2907926923.0,0.04569082701119859
2021-04-14,8.26,8.3,8.05,8.13,75058514.0,610062859.0,2907926923.0,0.025811691967336278
2021-04-15,8.06,8.1,7.98,8.03,45673547.0,366720460.0,2907926923.0,0.015706566295992163
2021-04-16,8.01,8.1,8.0,8.07,38182386.0,307434164.0,2907926923.0,0.013130448945604401
2021-04-19,8.04,8.23,8.01,8.17,59928957.0,488061208.0,2907926923.0,0.0206088249763077
2021-04-20,8.17,8.44,8.15,8.31,91279955.0,760431490.0,3180194314.0,0.028702634489396802
2021-04-21,8.2,8.23,8.06,8.14,57925079.0,471244318.0,3180194314.0,0.018214320661161965
2021-04-22,8.09,8.16,8.05,8.09,56279171.0,455168567.0,3180194314.0,0.017696771153965406
2021-04-23,8.11,8.2,8.05,8.16,55667458.0,452229632.0,3180194314.0,0.017504420328952264
2021-04-26,8.13,8.22,8.05,8.06,60704750.0,492174410.0,3180194314.0,0.019088377629241933
2021-04-27,8.01,8.14,7.96,8.0,47546461.0,382141255.0,3180194314.0,0.01495080372626564
2021-04-28,8.0,8.01,7.8,7.82,66102873.0,518279236.0,3180194314.0,0.020785796864361036
2021-04-29,7.82,7.88,7.73,7.84,38564942.0,301891178.0,3180194314.0,0.01212659925534349
2021-04-30,7.83,8.21,7.8,8.15,120520181.0,977737229.0,3180194314.0,0.037897112283183584
2021-05-06,8.09,8.38,8.07,8.3,121756886.0,1008021725.0,3180194314.0,0.038285989464227434
2021-05-07,8.12,8.33,8.0,8.15,92710339.0,756852411.0,3180194314.0,0.02915241329495692
2021-05-10,8.16,8.21,7.97,8.0,77687435.0,623150269.0,3180194314.0,0.024428518300910338
2021-05-11,7.95,8.43,7.91,8.3,144557011.0,1198332820.0,3180194314.0,0.04545540200597944
2021-05-12,8.27,9.13,8.21,9.05,336316027.0,2954679237.0,3180194314.0,0.10575329485983101
2021-05-13,8.9,9.06,8.56,8.6,223541863.0,1961139264.0,3180194314.0,0.07029188814529778
2021-05-14,8.56,8.78,8.52,8.64,124168272.0,1075228493.0,3180194314.0,0.03904424061554372
2021-05-17,8.71,8.73,8.45,8.53,101436128.0,868799322.0,3180194314.0,0.03189620444054413
2021-05-18,8.51,8.67,8.42,8.64,92242997.0,788348741.0,3180194314.0,0.02900545938149866
2021-05-19,8.52,8.62,8.43,8.48,85848285.0,731518243.0,3180194314.0,0.02699466652778878
2021-05-20,8.39,8.54,8.34,8.37,85732346.0,722750165.0,3180194314.0,0.02695820995043764
2021-05-21,8.4,8.58,8.34,8.36,81893669.0,692009885.0,3180194314.0,0.02575115257564101
2021-05-24,8.48,8.48,8.14,8.16,101691485.0,840281240.0,3180194314.0,0.031976500477448495
2021-05-25,8.1,8.22,8.05,8.19,68913078.0,561386831.0,3180194314.0,0.021669455132545715
2021-05-26,8.18,8.28,8.12,8.22,55060584.0,451457201.0,3180194314.0,0.0173135911090746
2021-05-27,8.16,8.22,8.11,8.16,60374824.0,492374362.0,3180194314.0,0.01898463365405539
2021-05-28,8.16,8.23,8.12,8.18,59217029.0,484067880.0,3180194314.0,0.018620569422224304
2021-05-31,8.21,8.22,8.1,8.18,56889113.0,464655256.0,3180194314.0,0.01788856509476798
2021-06-01,8.15,8.48,8.11,8.41,128754889.0,1079496031.0,3180194314.0,0.04048648487709987
2021-06-02,8.34,8.64,8.3,8.46,125700859.0,1064254582.0,3180194314.0,0.039526156765526496
2021-06-03,8.4,8.47,8.2,8.25,83773338.0,697362040.0,3180194314.0,0.02634220733972421
2021-06-04,8.26,8.47,8.26,8.32,85022209.0,712091236.0,3180194314.0,0.02673491007317108
2021-06-07,8.23,8.27,8.02,8.07,101766225.0,824271128.0,3180194314.0,0.03200000218602995
2021-06-08,8.08,8.13,8.0,8.11,54231116.0,437747256.0,3180194314.0,0.017052768052964955
2021-06-09,8.1,8.13,8.01,8.02,52216183.0,420345108.0,3180194314.0,0.016419180038820733
2021-06-10,8.02,8.02,7.9,7.91,65970321.0,523506494.0,3180194314.0,0.020744116392379663
2021-06-11,7.9,8.01,7.89,7.9,51435766.0,408288597.0,3180194314.0,0.016173780883000474
2021-06-15,7.84,7.94,7.79,7.84,42324979.0,333010606.0,3180194314.0,0.013308928581399884
2021-06-16,7.83,7.87,7.7,7.71,53064067.0,412258705.0,3180194314.0,0.016685793936049406
2021-06-17,7.71,7.71,7.01,7.23,146689245.0,1070998360.0,3180194314.0,0.04612587487319179
2021-06-18,7.16,7.18,7.02,7.16,67263513.0,477944051.0,3180194314.0,0.02115075569561565
2021-06-21,7.13,7.17,6.55,6.65,181899600.0,1230137251.0,3180194314.0,0.05719763701206341
2021-06-22,6.65,6.94,6.61,6.68,141691379.0,954600720.0,3180194314.0,0.04455431492856886
2021-06-23,6.68,6.79,6.44,6.75,123965102.0,817585476.0,3180194314.0,0.03898035458219488
2021-06-24,6.69,6.73,6.62,6.66,58959300.0,393173035.0,3180194314.0,0.01853952751894644
2021-06-25,6.67,6.72,6.64,6.71,57419671.0,383400695.0,3180194314.0,0.01805539703886157
2021-06-28,6.84,7.17,6.81,7.12,162338153.0,1137711023.0,3180194314.0,0.051046614442817974
2021-06-29,7.13,7.13,6.88,6.89,91128701.0,632803640.0,3180194314.0,0.028655073244684758
2021-06-30,6.9,6.95,6.76,6.8,57787033.0,393302303.0,3179806564.0,0.01817312840794551
2021-07-01,6.83,6.94,6.76,6.77,52776194.0,360235971.0,3179806564.0,0.016597297017215667
2021-07-02,6.77,7.25,6.73,6.98,129701452.0,911993705.0,3179806564.0,0.04078910128320623
2021-07-05,6.9,7.43,6.71,7.26,169207725.0,1218063608.0,3179806564.0,0.05321321331796584
2021-07-06,7.35,7.66,7.19,7.55,194999727.0,1452013482.0,3179806564.0,0.061324399165558804
2021-07-07,7.5,7.68,7.32,7.39,124352975.0,924401471.0,3179806564.0,0.039107087961844963
2021-07-08,7.4,7.58,7.36,7.47,112839952.0,844992980.0,3179806564.0,0.03548642023622164
2021-07-09,7.4,7.55,7.33,7.49,100520870.0,748628398.0,3179806564.0,0.03161225941792854
2021-07-12,7.67,7.68,7.18,7.3,177886332.0,1310887062.0,3179806564.0,0.05594250103573281
2021-07-13,7.2,7.5,7.15,7.26,108274231.0,793558853.0,3179806564.0,0.034050571574328004
2021-07-14,7.23,7.31,7.0,7.06,100371465.0,715366293.0,3179806564.0,0.0315652738554445
2021-07-15,7.01,7.05,6.84,6.98,72104134.0,500112333.0,3179806564.0,0.022675635309494253
2021-07-16,6.96,7.08,6.92,6.95,51539282.0,360456773.0,3179806564.0,0.016208307317652295
2021-07-19,6.98,7.5,6.89,7.32,173141751.0,1253146000.0,3179806564.0,0.05445040366927175
2021-07-20,7.23,7.33,7.14,7.19,75973780.0,547509102.0,3179806564.0,0.02389257914620746
2021-07-21,7.27,7.42,7.17,7.23,69152417.0,501143010.0,3179806564.0,0.02174736595077989
2021-07-22,7.17,7.31,7.12,7.17,74048647.0,533088121.0,3179806564.0,0.023287154583029535
2021-07-23,7.19,7.34,7.06,7.27,113985761.0,821447129.0,3179806564.0,0.03584675945086828
2021-07-26,7.21,7.5,7.13,7.4,150312747.0,1108023003.0,3179806564.0,0.047271034880472684
2021-07-27,7.38,7.45,7.18,7.22,105841378.0,770199932.0,3179806564.0,0.03328547692123073
2021-07-28,7.17,7.18,6.89,6.99,72485602.0,509216943.0,3179806564.0,0.022795601097450907
2021-07-29,7.03,7.69,7.02,7.59,259383656.0,1948704237.0,3179806564.0,0.0815721493680142
2021-07-30,7.5,8.03,7.45,7.92,216141740.0,1689780646.0,3179806564.0,0.06797323536816248
2021-08-02,7.88,8.61,7.77,8.38,266148392.0,2215171163.0,3179806564.0,0.08369955424747655
2021-08-03,8.37,8.58,8.28,8.39,185438864.0,1562829020.0,3179806564.0,0.058317655576737154
2021-08-04,8.45,8.63,8.38,8.46,125617596.0,1063545793.0,3179806564.0,0.039504791713487385
2021-08-05,8.42,9.05,8.38,8.75,277836557.0,2441304017.0,3179806564.0,0.08737530142415292
2021-08-06,8.64,8.88,8.61,8.69,152750645.0,1331714356.0,3179806564.0,0.04803771610806701
2021-08-09,8.69,9.04,8.63,8.68,132162235.0,1161935846.0,3179806564.0,0.04156297948946557
2021-08-10,8.6,8.89,8.54,8.64,127673711.0,1107599290.0,3179806564.0,0.04015140809049541
2021-08-11,8.63,8.83,8.5,8.74,126455948.0,1096687113.0,3179806564.0,0.03976844045536098
2021-08-12,8.74,8.95,8.55,8.6,116431517.0,1013645763.0,3179806564.0,0.03661591189796663
2021-08-13,8.62,8.82,8.42,8.75,153828060.0,1327714051.0,3179806564.0,0.04837654646718315
2021-08-16,8.76,8.82,8.14,8.24,183405901.0,1535058158.0,3179806564.0,0.057678320145765946
2021-08-17,8.23,8.31,7.86,7.9,113598123.0,917616536.0,3179806564.0,0.03572485329330869
2021-08-18,7.93,7.97,7.77,7.81,74461061.0,583845902.0,3179806564.0,0.02341685240951657
2021-08-19,7.86,7.89,7.56,7.69,87970419.0,677585089.0,3179806564.0,0.027665336626432602
2021-08-20,7.61,7.68,7.43,7.54,73070634.0,550876408.0,3179806564.0,0.022979584616015656
2021-08-23,7.56,7.7,7.46,7.48,93098785.0,703083593.0,3179806564.0,0.029278128441526167
2021-08-24,7.46,7.55,7.37,7.41,101348913.0,753727755.0,3179806564.0,0.03187266613869409
2021-08-25,7.41,7.67,7.29,7.59,157423138.0,1177813859.0,3179806564.0,0.04950714291311212
2021-08-26,7.52,7.53,7.27,7.28,103807917.0,765343715.0,3179806564.0,0.03264598487695933
2021-08-27,7.26,7.33,7.2,7.31,49465091.0,360035568.0,3179806564.0,0.015556006318125206
2021-08-30,7.36,7.54,7.34,7.35,104939173.0,779254950.0,3179806564.0,0.03300174739811626
2021-08-31,7.32,7.5,7.3,7.45,78901670.0,585524445.0,3179806564.0,0.024813355281821475
2021-09-01,7.44,7.45,7.33,7.37,64323891.0,474254800.0,3179806564.0,0.020228869179729134
2021-09-02,7.37,7.51,7.31,7.4,78070743.0,577373644.0,3179806564.0,0.024552041587646713
2021-09-03,7.53,8.0,7.51,8.0,229512494.0,1786357042.0,3179806564.0,0.07217813077009548
2021-09-06,7.9,7.95,7.76,7.87,134705466.0,1055582653.0,3179806564.0,0.04236278631696038
2021-09-07,7.8,8.03,7.75,7.87,104270065.0,820779895.0,3179806564.0,0.032791323277487266
2021-09-08,7.88,8.26,7.82,8.2,179226710.0,1445432490.0,3179806564.0,0.05636402919256318
2021-09-09,8.21,8.34,8.0,8.04,146869353.0,1197373520.0,3179806564.0,0.04618814070729115
2021-09-10,7.96,8.09,7.8,7.87,110592085.0,875244879.0,3179806564.0,0.03477950081997504
2021-09-13,7.87,8.1,7.77,8.08,113418794.0,902960116.0,3179806564.0,0.035668457095492684
2021-09-14,8.08,8.14,7.8,7.82,94108739.0,748985344.0,3179806564.0,0.0295957433591863
2021-09-15,7.73,7.88,7.7,7.85,90877773.0,707415269.0,3179806564.0,0.028579654507562682
2021-09-16,7.8,8.22,7.8,8.15,195648150.0,1579349601.0,3179806564.0,0.061528318173507617
2021-09-17,8.01,8.05,7.85,7.9,114175183.0,905183707.0,3179806564.0,0.03590632974113202
2021-09-22,7.8,7.8,7.56,7.61,87014163.0,666790467.0,3179806564.0,0.027364608899524242
2021-09-23,7.64,7.78,7.59,7.69,80752699.0,621061184.0,3179806564.0,0.02539547528275371
2021-09-24,7.72,7.74,7.34,7.37,102478902.0,774623251.0,3179806564.0,0.03222803020794066
2021-09-27,7.39,7.55,7.25,7.45,75385690.0,560542622.0,3179806564.0,0.023707633933923788
2021-09-28,7.4,7.55,7.3,7.46,51291380.0,380891638.0,3179806564.0,0.01613034597157338
2021-09-29,7.41,7.66,7.37,7.5,76276655.0,575215587.0,3179806564.0,0.02398782865082481
2021-09-30,7.64,7.7,7.5,7.56,63620364.0,481466444.0,3179806564.0,0.020007620815767332
2021-10-08,7.68,8.17,7.6,8.1,196895981.0,1579177829.0,3179806564.0,0.061920741729747555
2021-10-11,8.08,8.26,8.02,8.16,169345497.0,1382917538.0,3179806564.0,0.05325654048181278
2021-10-12,8.1,8.4,8.05,8.2,147058602.0,1209558556.0,3179806564.0,0.04624765659172971
2021-10-13,8.2,8.25,7.79,7.98,101026709.0,801507750.0,3179806564.0,0.03177133796243085
2021-10-14,7.93,8.65,7.9,8.37,199910779.0,1658458381.0,3179806564.0,0.06286884908763903
2021-10-15,8.49,8.61,7.53,7.62,313750500.0,2516030663.0,3179806564.0,0.09866968121649554
2021-10-18,7.5,8.38,7.3,8.38,251714853.0,2012768226.0,3179806564.0,0.07916042939522656
2021-10-19,8.24,8.69,8.21,8.63,298763132.0,2545306541.0,3179806564.0,0.0939563857067376
2021-10-20,8.48,8.74,8.4,8.62,186793706.0,1606057663.0,3179806564.0,0.058743732437933294
2021-10-21,8.61,8.61,8.26,8.37,166756766.0,1400978206.0,3179806564.0,0.05244242460781334
2021-10-22,8.41,8.44,8.09,8.1,110955255.0,911970842.0,3179806564.0,0.03489371216984506
2021-10-25,8.34,8.35,7.98,8.03,123269328.0,995035441.0,3179806564.0,0.03876629773508449
2021-10-26,7.99,8.2,7.97,8.02,86067271.0,694118649.0,3179806564.0,0.027066826005834987
2021-10-27,8.08,8.62,7.99,8.51,227767082.0,1906941799.0,3179806564.0,0.07162922568267269
2021-10-28,8.42,8.6,8.27,8.41,114275903.0,958194253.0,3179806564.0,0.03593800462385611
2021-10-29,8.38,8.65,8.25,8.58,146321075.0,1245171732.0,3179806564.0,0.046015715753456754
2021-11-01,8.57,9.33,8.5,9.18,291447824.0,2638957739.0,3179806564.0,0.0916558344459094
2021-11-02,9.34,9.47,8.97,9.1,232749781.0,2140320816.0,3179806564.0,0.07319620747848736
2021-11-03,9.1,10.0,9.05,9.58,364642099.0,3543427202.0,3179806564.0,0.11467430224475755
2021-11-04,9.63,9.93,9.41,9.75,214677353.0,2081229542.0,3179806564.0,0.06751270829818942
2021-11-05,9.7,9.88,9.57,9.62,149752936.0,1451899788.0,3179806564.0,0.04709498297645504
2021-11-08,9.65,9.84,9.55,9.72,150404036.0,1457311977.0,3179806564.0,0.04729974385951359
2021-11-09,9.73,10.66,9.73,10.46,253585816.0,2614668257.0,3179806564.0,0.07974881833095053
2021-11-10,10.4,10.63,10.11,10.18,150596524.0,1554812081.0,3094250481.0,0.04866979093151186
2021-11-11,10.2,10.48,10.14,10.2,109389140.0,1121865682.0,3094250481.0,0.03535238684511657
2021-11-12,10.32,10.81,10.22,10.4,176532412.0,1856986820.0,3094250481.0,0.05705175230123847
2021-11-15,10.3,11.3,9.58,9.84,406330749.0,4115508466.0,3094250481.0,0.13131798847412057
2021-11-16,10.04,10.35,9.75,9.8,200894857.0,2010437189.0,3094250481.0,0.064925208296348
2021-11-17,9.87,9.87,9.44,9.74,150371448.0,1449080882.0,3094250481.0,0.04859705086040835
2021-11-18,9.8,9.91,9.58,9.65,110509360.0,1076294555.0,3094250481.0,0.03571441959161806
2021-11-19,9.61,10.07,9.52,9.89,129334237.0,1271692963.0,3094250481.0,0.04179824412864008
2021-11-22,9.89,10.04,9.73,9.96,115368739.0,1142874311.0,3094250481.0,0.037284873900291074
2021-11-23,9.99,10.1,9.55,9.63,139091071.0,1357441423.0,3094250481.0,0.044951458149260284
2021-11-24,9.6,9.63,8.95,9.0,238997420.0,2185091279.0,3094250481.0,0.07723919620197031
2021-11-25,9.0,9.02,8.82,8.85,106319231.0,946470328.0,3094250481.0,0.03436025352596528
2021-11-26,8.85,9.0,8.71,8.91,96510886.0,856803841.0,3094250481.0,0.031190392178208407
2021-11-29,8.81,9.18,8.75,9.07,120054603.0,1083955994.0,3094250481.0,0.038799251623999345
2021-11-30,9.06,9.17,8.98,9.07,88116172.0,798775135.0,3094250481.0,0.028477388156217597
2021-12-01,9.0,9.13,9.0,9.07,57998350.0,525561209.0,3094250481.0,0.018743909181281306
2021-12-02,9.08,9.15,8.95,8.97,72279117.0,653993795.0,3094250481.0,0.023359168058250033
2021-12-03,8.95,9.41,8.92,9.24,122770149.0,1131056324.0,3094250481.0,0.039676861893974125
2021-12-06,9.19,9.2,9.0,9.08,95789225.0,868356323.0,3094250481.0,0.030957165746013825
2021-12-07,9.24,9.34,9.08,9.11,99261050.0,912005516.0,3094250481.0,0.03207919029487258
2021-12-08,9.1,9.34,9.06,9.29,115868656.0,1068250939.0,3094250481.0,0.037446437097281654
2021-12-09,9.37,9.71,9.34,9.61,150637903.0,1440277664.0,3094250481.0,0.04868316379846432
2021-12-10,9.62,9.9,9.48,9.8,143740793.0,1397230536.0,3094250481.0,0.04645415549989536
2021-12-13,10.05,10.36,9.7,9.73,165969530.0,1643570756.0,3094250481.0,0.053638039654230564
2021-12-14,9.7,9.71,9.5,9.6,97160613.0,933596205.0,3094250481.0,0.03140037097727125
2021-12-15,9.65,9.7,9.43,9.47,67541188.0,642562340.0,3094250481.0,0.0218279639656619
2021-12-16,9.47,9.92,9.43,9.8,123226467.0,1197392396.0,3094250481.0,0.0398243347643193
2021-12-17,9.76,10.0,9.68,9.89,124844799.0,1233879349.0,3094250481.0,0.040347347367835795
2021-12-20,10.04,10.44,9.9,10.11,183078667.0,1869748806.0,3094250481.0,0.0591673712662178
2021-12-21,9.99,10.25,9.79,10.24,134128435.0,1344199766.0,3094250481.0,0.04334763323900409
2021-12-22,10.14,10.74,10.06,10.46,182866215.0,1921322070.0,3094250481.0,0.059098711019962835
2021-12-23,10.45,11.01,10.38,10.91,185208508.0,1979899630.0,3094250481.0,0.059855693369770216
2021-12-24,10.88,11.04,10.76,10.98,126269386.0,1378284842.0,3094250481.0,0.040807745454140565
2021-12-27,11.03,11.15,10.3,10.31,194324445.0,2053081962.0,3094250481.0,0.06280178227109727
2021-12-28,10.56,10.86,10.4,10.5,142835635.0,1516821502.0,3094250481.0,0.0461616264995581
2021-12-29,10.43,10.48,9.99,10.17,149338505.0,1518995767.0,3094250481.0,0.048263224298420976
2021-12-30,10.25,10.56,10.12,10.35,106497834.0,1104630774.0,3094250481.0,0.034417974450983047
2021-12-31,10.33,10.71,10.17,10.49,107406795.0,1127795165.0,3094250481.0,0.03471173250501953
2022-01-04,10.5,11.08,10.48,10.94,187802869.0,2041793614.0,3094250481.0,0.06069413906637121
2022-01-05,10.88,11.1,10.61,10.68,136654277.0,1480022274.0,3094250481.0,0.044163934962316326
2022-01-06,10.58,10.73,10.37,10.59,93704601.0,988388825.0,3094250481.0,0.03028345687441456
2022-01-07,10.56,10.65,9.88,9.9,180441182.0,1831659665.0,3094250481.0,0.05831498875349129
2022-01-10,9.8,10.11,9.62,10.08,103604449.0,1030097802.0,3094250481.0,0.033482890165542484
2022-01-11,10.14,10.23,9.66,9.71,107443759.0,1061025607.0,3094250481.0,0.03472367853208714
2022-01-12,9.69,9.72,9.26,9.52,147147292.0,1388489391.0,3094250481.0,0.047555067989339034
2022-01-13,9.45,9.67,9.35,9.42,90077284.0,854443141.0,3094250481.0,0.02911118041448565
2022-01-14,9.38,9.52,9.29,9.44,74699059.0,702893578.0,3094250481.0,0.024141245015128432
2022-01-17,9.56,9.77,9.34,9.51,94874269.0,903126772.0,3094250481.0,0.030661470227626345
2022-01-18,9.5,9.59,9.39,9.49,72633462.0,688711637.0,3094250481.0,0.02347368529018579
2022-01-19,9.49,9.5,9.24,9.36,52468220.0,490517100.0,3094250481.0,0.016956681536345216
2022-01-20,9.34,9.59,9.29,9.37,87403672.0,827375753.0,3094250481.0,0.028247122376386567
2022-01-21,9.39,9.39,8.99,9.04,83492960.0,761202361.0,3094250481.0,0.026983258308492446
2022-01-24,9.0,9.59,8.96,9.42,94049324.0,879138631.0,3094250481.0,0.03039486446798746
2022-01-25,9.51,9.61,8.96,9.01,80813287.0,747915291.0,3094250481.0,0.026117241476159604
2022-01-26,8.99,9.3,8.97,9.28,65684837.0,599684561.0,3094250481.0,0.02122802837175999
2022-01-27,9.19,9.37,8.99,8.99,61095180.0,560113895.0,3094250481.0,0.019744742830339727
2022-01-28,9.1,9.28,8.93,9.15,63905798.0,583247017.0,3094250481.0,0.02065307847325499
2022-02-07,9.3,9.52,9.02,9.45,93210044.0,870048755.0,3094250481.0,0.03012362592244839
2022-02-08,9.44,9.56,9.27,9.45,71791575.0,675593493.0,3094250481.0,0.023201604214277572
2022-02-09,9.4,9.72,9.3,9.61,115924921.0,1110718320.0,3094250481.0,0.03746462082233736
2022-02-10,9.55,9.95,9.52,9.84,132636874.0,1298910811.0,3094250481.0,0.04286559049257525
2022-02-11,9.74,9.74,9.12,9.14,158216688.0,1476258391.0,3094250481.0,0.05113247585207372
2022-02-14,9.0,9.18,8.23,8.23,217136431.0,1858614125.0,3094250481.0,0.07017416086167201
2022-02-15,8.1,8.1,7.81,8.09,150980910.0,1203805255.0,3094250481.0,0.04879401681508537
2022-02-16,8.1,8.19,8.01,8.19,85596132.0,693455457.0,3094250481.0,0.027662961523508285
2022-02-17,8.21,8.41,8.13,8.37,96157856.0,797571150.0,3094250481.0,0.03107629992802771
2022-02-18,8.3,8.47,8.22,8.37,71980307.0,601441250.0,3094250481.0,0.023262598629939422
2022-02-21,8.37,8.96,8.32,8.78,141035296.0,1227794094.0,3094250481.0,0.04557979286616131
2022-02-22,8.79,8.87,8.6,8.76,89868859.0,784144514.0,3094250481.0,0.02904382161425929
2022-02-23,8.9,8.9,8.23,8.5,157816844.0,1341834375.0,3094250481.0,0.051003254251413006
2022-02-24,8.45,8.62,8.26,8.36,144762321.0,1222421733.0,3094250481.0,0.046784292961704804
2022-02-25,8.41,8.45,8.3,8.35,71446471.0,597280546.0,3094250481.0,0.023090073489108718
2022-02-28,8.36,8.38,8.18,8.28,63075956.0,522042016.0,3094250481.0,0.020384890100951073
2022-03-01,8.38,8.47,8.27,8.46,96999642.0,816031025.0,3094250481.0,0.031348348362751695
2022-03-02,8.45,8.72,8.41,8.56,117893654.0,1014257706.0,3094250481.0,0.038100876035704494
2022-03-03,8.57,8.69,8.39,8.49,93017936.0,794794886.0,3094250481.0,0.03006154045096519
2022-03-04,8.45,9.17,8.34,8.79,176409221.0,1552145213.0,3094250481.0,0.0570119394287007
2022-03-07,8.98,9.04,8.52,8.64,115378623.0,1007668456.0,3094250481.0,0.0372880682118249
2022-03-08,8.6,8.6,7.99,8.02,129154611.0,1057007490.0,3094250481.0,0.041740192590439484
2022-03-09,8.02,8.1,7.4,7.92,115107062.0,897762605.0,3094250481.0,0.03720030511647515
2022-03-10,8.06,8.09,7.83,7.89,75100663.0,595540534.0,3094250481.0,0.02427103541266283
2022-03-11,7.8,8.25,7.5,8.22,131650076.0,1060885618.0,3094250481.0,0.042546677073619886
2022-03-14,8.09,8.35,7.86,7.88,82195909.0,661077862.0,3094250481.0,0.026564077312007373
2022-03-15,7.89,7.92,7.31,7.31,101148856.0,770568439.0,3094250481.0,0.032689291516991445
2022-03-16,7.4,7.57,7.16,7.47,87634623.0,645401525.0,3094250481.0,0.02832176113023605
2022-03-17,7.52,7.75,7.48,7.6,84318079.0,643250611.0,3094250481.0,0.02724992030145862
2022-03-18,7.57,7.76,7.49,7.7,78873911.0,601612943.0,3094250481.0,0.025490473859281593
2022-03-21,7.68,8.06,7.64,8.0,139255232.0,1099097886.0,3094250481.0,0.04500451170811339
2022-03-22,7.9,7.99,7.82,7.88,87811719.0,692960883.0,3094250481.0,0.028378995022930724
2022-03-23,7.85,7.99,7.8,7.85,65563358.0,515501441.0,3094250481.0,0.021188768783453896
2022-03-24,7.84,7.98,7.79,7.82,61720196.0,485569177.0,3094250481.0,0.019946735527387967
2022-03-25,7.81,8.25,7.75,8.09,152276100.0,1231638903.0,3094250481.0,0.04921259637351253
2022-03-28,8.2,8.45,7.97,8.43,198304520.0,1644165014.0,3094250481.0,0.06408806307623549
2022-03-29,8.37,8.9,8.21,8.71,202065383.0,1743393148.0,3094250481.0,0.06530349893803572
2022-03-30,8.45,8.82,8.31,8.69,163382651.0,1406963179.0,3094250481.0,0.05280201199070283
2022-03-31,8.68,8.9,8.62,8.7,142963872.0,1251347887.0,3094250481.0,0.04620307013858714
2022-04-01,8.76,8.96,8.7,8.85,138776139.0,1226792025.0,3094250481.0,0.04484967841231467
2022-04-06,8.8,8.98,8.61,8.82,119251907.0,1049988708.0,3094250481.0,0.03853983629711198
2022-04-07,8.76,8.89,8.5,8.56,99298737.0,857764776.0,3094250481.0,0.03209136998111046
2022-04-08,8.53,8.55,8.15,8.33,100702206.0,835342835.0,3094250481.0,0.032544943151291056
2022-04-11,8.36,8.99,8.21,8.53,237703013.0,2034953699.0,3094250481.0,0.07682086969351594
2022-04-12,8.38,8.51,7.88,8.3,161591042.0,1326686263.0,3094250481.0,0.052222999719071544
2022-04-13,8.22,8.49,8.22,8.22,117763461.0,983555988.0,3094250481.0,0.03805880025651356
2022-04-14,8.22,8.85,8.02,8.61,175552079.0,1500533764.0,3094250481.0,0.056734928241253785
2022-04-15,8.61,8.83,8.51,8.64,118918988.0,1029228957.0,3094250481.0,0.03843224352075329
2022-04-18,8.63,8.85,8.55,8.77,117983368.0,1032924610.0,3094250481.0,0.03812986980998065
2022-04-19,8.85,9.25,8.67,9.15,214678862.0,1933775423.0,3094250481.0,0.06937992360935824
2022-04-20,9.0,9.37,8.63,8.79,232319861.0,2096084454.0,3094250481.0,0.07508114240477354
2022-04-21,8.7,8.96,8.02,8.03,220471751.0,1843253114.0,3094250481.0,0.07125206971891555
2022-04-22,7.88,8.01,7.6,7.7,116739001.0,903917813.0,3094250481.0,0.03772771523082136
2022-04-25,7.6,7.75,7.22,7.25,109143526.0,816020097.0,3094250481.0,0.03527300930231317
2022-04-26,7.34,7.39,6.8,6.87,108804734.0,771117935.0,3094250481.0,0.03516351848956859
2022-04-27,6.85,7.19,6.68,7.16,96907792.0,675765265.0,3094250481.0,0.03131866427590611
2022-04-28,7.15,7.18,6.77,6.91,89517985.0,621959912.0,3094250481.0,0.028930426140248856
2022-04-29,6.91,7.2,6.9,7.18,93280898.0,663287433.0,3094250481.0,0.030146524521134914
2022-05-05,7.24,7.49,7.2,7.35,70102197.0,516849391.0,3094250481.0,0.022655630961506506
2022-05-06,7.2,7.33,7.03,7.08,67749238.0,484388658.0,3094250481.0,0.02189520157337256
2022-05-09,7.09,7.24,7.0,7.23,59257464.0,425398914.0,3094250481.0,0.019150829696518032
2022-05-10,7.1,7.35,7.03,7.34,69988052.0,504421818.0,3094250481.0,0.02261874157562747
2022-05-11,7.33,7.44,7.24,7.24,85834615.0,630116499.0,3094250481.0,0.027740034469433118
2022-05-12,7.2,7.31,7.06,7.17,60476613.0,433671819.0,3094250481.0,0.019544834321381495
2022-05-13,7.18,7.29,7.1,7.22,58179277.0,418561899.0,3094250481.0,0.018802381176716378
2022-05-16,7.37,7.62,7.32,7.58,154626910.0,1161621343.0,3094250481.0,0.0499723312477365
2022-05-17,7.59,7.59,7.34,7.41,88373341.0,654387552.0,3094250481.0,0.028560500044404778
2022-05-18,7.36,7.47,7.3,7.35,57476397.0,424421448.0,3094250481.0,0.01857522438888812
2022-05-19,7.28,7.45,7.23,7.34,67720191.0,498454027.0,3094250481.0,0.021885814162696415
2022-05-20,7.34,7.42,7.29,7.38,65709286.0,483707679.0,3094250481.0,0.021235929800603626
2022-05-23,7.39,7.7,7.38,7.59,118778135.0,896949215.0,3094250481.0,0.03838672264231604
2022-05-24,7.52,7.6,7.25,7.27,84824794.0,627872269.0,3094250481.0,0.027413680476373818
2022-05-25,7.23,7.52,7.2,7.5,84006692.0,618592863.0,3094250481.0,0.027149286237761434
2022-05-26,7.44,7.48,7.29,7.4,45731993.0,337378380.0,3094250481.0,0.014779667412452121
2022-05-27,7.38,7.45,7.3,7.38,49643252.0,366263210.0,3094250481.0,0.016043708259829145
2022-05-30,7.49,7.62,7.46,7.5,81560283.0,614024044.0,3094250481.0,0.026358655674714914
2022-05-31,7.46,7.85,7.42,7.79,148143844.0,1150135002.0,3094250481.0,0.04787713370642278
2022-06-01,7.72,7.79,7.63,7.68,80683042.0,621339189.0,3094250481.0,0.02607514889160649
2022-06-02,7.67,7.73,7.52,7.64,71883973.0,545888472.0,3094250481.0,0.0232314654037861
2022-06-06,7.58,7.7,7.48,7.65,72492405.0,551044801.0,3094250481.0,0.023428098483019997
2022-06-07,7.5,7.61,7.44,7.5,84790176.0,635979176.0,3094250481.0,0.02740249262968443
2022-06-08,7.45,7.51,7.34,7.41,83900095.0,621249855.0,3094250481.0,0.02711483621483842
2022-06-09,7.88,8.15,7.87,8.15,201038626.0,1628458390.0,3094250481.0,0.06497167156778734
2022-06-10,8.15,8.23,7.98,8.05,241858492.0,1955647590.0,3094250481.0,0.07816383757071799
2022-06-13,8.0,8.2,7.95,8.01,131579042.0,1058667657.0,3094250481.0,0.042523720302525825
2022-06-14,7.9,8.13,7.8,8.01,120905470.0,962360705.0,3094250481.0,0.039074234856683536
2022-06-15,7.96,8.16,7.92,8.0,117354764.0,942661145.0,3094250481.0,0.03792671754294219
2022-06-16,8.05,8.23,7.94,8.14,154235967.0,1251332553.0,3094250481.0,0.049845986272628456
2022-06-17,8.03,8.09,7.86,8.0,98821623.0,786836411.0,3094250481.0,0.0319371762586146
2022-06-20,8.02,8.09,7.91,8.0,76842641.0,612510308.0,3094250481.0,0.024834007935636157
2022-06-21,7.99,8.03,7.79,7.87,79013405.0,623683857.0,3094250481.0,0.025535555536041945
2022-06-22,7.84,8.01,7.71,7.85,85313140.0,670825965.0,3094250481.0,0.027571504157099944
2022-06-23,7.81,7.85,7.67,7.83,73975604.0,574102557.0,3094250481.0,0.02390743879793874
2022-06-24,7.8,7.88,7.76,7.83,57239270.0,447594331.0,3094250481.0,0.018498589675100062
2022-06-27,7.86,7.96,7.8,7.83,75674895.0,594978929.0,3094250481.0,0.02445661573446484
2022-06-28,7.8,7.89,7.76,7.81,79871911.0,622913129.0,3094250481.0,0.02581300754106597
2022-06-29,7.87,8.05,7.86,7.88,135558743.0,1077249095.0,3094250481.0,0.04380988023832839
2022-06-30,7.8,7.88,7.7,7.81,79395319.0,617023719.0,3260975201.0,0.02434710910271654
2022-07-01,7.85,7.88,7.75,7.78,60488275.0,472479136.0,3260975201.0,0.018549136767875715
2022-07-04,7.8,8.24,7.8,8.17,216232473.0,1743941334.0,3260975201.0,0.06630914363706013
2022-07-05,8.13,8.13,7.86,7.98,136569580.0,1087990950.0,3260975201.0,0.0418799811657936
2022-07-06,7.9,7.91,7.74,7.79,75939433.0,593583903.0,3260975201.0,0.02328733839396039
2022-07-07,7.77,7.93,7.75,7.83,71118408.0,559130278.0,3260975201.0,0.021808938620014977
2022-07-08,7.79,7.88,7.76,7.81,52369576.0,409107464.0,3260975201.0,0.016059483060141187
2022-07-11,7.83,7.96,7.77,7.84,69171519.0,544306494.0,3260975201.0,0.02121191200067639
2022-07-12,7.86,7.88,7.63,7.7,66198321.0,512684302.0,3260975201.0,0.020300160816831676
2022-07-13,7.68,7.7,7.43,7.54,80120579.0,603175791.0,3260975201.0,0.024569514964551245
2022-07-14,7.4,7.42,7.3,7.32,76891429.0,564590201.0,3260975201.0,0.023579274376702014
2022-07-15,7.3,7.33,7.1,7.11,68007110.0,487187413.0,3260975201.0,0.020854838141407872
2022-07-18,7.1,7.23,7.09,7.23,40939945.0,293992215.0,3260975201.0,0.01255450976365766
2022-07-19,7.25,7.34,7.21,7.3,42585001.0,310134879.0,3260975201.0,0.013058977261446522
2022-07-20,7.36,7.39,7.28,7.31,44823078.0,327773584.0,3260975201.0,0.013745298641417053
2022-07-21,7.25,7.33,7.24,7.24,40046673.0,291320746.0,3260975201.0,0.012280581890877128
2022-07-22,7.24,7.28,7.13,7.18,41599238.0,299025433.0,3260975201.0,0.012756686400817558
2022-07-25,7.13,7.19,7.11,7.14,25852782.0,184555400.0,3260975201.0,0.00792792965493024
2022-07-26,7.17,7.19,7.12,7.17,27289875.0,195156682.0,3260975201.0,0.008368623898651966
2022-07-27,7.17,7.25,7.16,7.21,42284591.0,304724697.0,3260975201.0,0.012966854512427186
2022-07-28,7.23,7.27,7.18,7.19,36098578.0,260416410.0,3260975201.0,0.011069871978459121
2022-07-29,7.21,7.31,7.15,7.25,50025564.0,362697744.0,3260975201.0,0.01534067599921009
2022-08-01,7.25,7.26,7.11,7.16,40166092.0,286890448.0,3260975201.0,0.012317202531219127
2022-08-02,7.07,7.25,6.94,7.16,79881803.0,569034710.0,3260975201.0,0.02449629269658466
2022-08-03,7.11,7.21,7.05,7.08,46567142.0,331818351.0,3260975201.0,0.014280127608980243
2022-08-04,7.1,7.14,7.01,7.05,33321720.0,235279135.0,3260975201.0,0.010218329777479348
2022-08-05,7.1,7.18,7.03,7.18,41451249.0,294680531.0,3260975201.0,0.012711304577627177
2022-08-08,7.17,7.25,7.13,7.19,31477974.0,226772071.0,3260975201.0,0.009652932653504101
2022-08-09,7.18,7.29,7.17,7.24,46824897.0,339295674.0,3260975201.0,0.014359169915073513
2022-08-10,7.24,7.28,7.08,7.16,41462504.0,297257277.0,3260975201.0,0.0127147559991518
2022-08-11,7.2,7.26,7.15,7.26,39874352.0,287663128.0,3260975201.0,0.012227738496070827
2022-08-12,7.25,7.33,7.21,7.27,34065433.0,247822784.0,3260975201.0,0.010446394375999427
2022-08-15,7.32,7.39,7.27,7.34,56660048.0,415219011.0,3260975201.0,0.017375185184672615
2022-08-16,7.34,7.54,7.31,7.5,98040376.0,730177347.0,3260975201.0,0.03006474136017203
2022-08-17,7.5,7.56,7.44,7.48,56768936.0,425715448.0,3260975201.0,0.01740857642296434
2022-08-18,7.49,7.51,7.38,7.39,45680221.0,338464917.0,3260975201.0,0.014008147313108009
2022-08-19,7.43,7.55,7.4,7.46,58016824.0,434610567.0,3260975201.0,0.01779124967960773
2022-08-22,7.49,7.62,7.46,7.48,64020605.0,481844251.0,3260975201.0,0.01963234954389339
2022-08-23,7.42,7.68,7.4,7.6,85657028.0,649407666.0,3260975201.0,0.026267304324710194
2022-08-24,7.67,8.06,7.67,7.83,216488660.0,1711683722.0,3260975201.0,0.06638770510539678
2022-08-25,7.79,8.43,7.75,8.23,262790807.0,2127734900.0,3260975201.0,0.08058657021354024
2022-08-26,8.23,8.88,8.09,8.78,285242847.0,2446827338.0,3260975201.0,0.08747163943857296
2022-08-29,8.68,9.02,8.65,8.91,252475060.0,2229911270.0,3260975201.0,0.07742317694491416
2022-08-30,8.87,9.05,8.77,8.85,151253925.0,1344350633.0,3260975201.0,0.046383034422836755
2022-08-31,8.88,9.05,8.55,8.65,183436019.0,1610250949.0,3260975201.0,0.05625189021484987
2022-09-01,8.6,8.82,8.46,8.52,118464667.0,1020845781.0,3260975201.0,0.036327987702473793
2022-09-02,8.42,8.87,8.37,8.67,105747750.0,909448533.0,3260975201.0,0.03242825948739866
2022-09-05,8.76,8.78,8.55,8.75,76749600.0,665369026.0,3260975201.0,0.023535781558984017
2022-09-06,8.74,8.9,8.65,8.86,97164249.0,855278838.0,3260975201.0,0.029796071117070725
2022-09-07,8.8,9.21,8.76,8.93,122630157.0,1101331748.0,3260975201.0,0.037605363255260156
2022-09-08,8.84,8.88,8.61,8.67,97437365.0,849147724.0,3260975201.0,0.029879823977232385
2022-09-09,8.64,8.76,8.57,8.68,61116618.0,529129026.0,3260975201.0,0.01874182237916381
2022-09-13,8.8,8.93,8.74,8.82,84214793.0,744046625.0,3260975201.0,0.0258250332520698
2022-09-14,8.7,8.74,8.53,8.6,59677640.0,514638662.0,3260975201.0,0.018300550087501262
2022-09-15,8.59,8.67,8.37,8.5,63555284.0,540645237.0,3260975201.0,0.0194896557264558
2022-09-16,8.51,8.6,8.34,8.38,53744134.0,455325499.0,3260975201.0,0.01648100052509415
2022-09-19,8.38,8.49,8.23,8.41,52988577.0,444727607.0,3260975201.0,0.016249303884233984
2022-09-20,8.45,8.58,8.25,8.39,63547262.0,532566302.0,3260975201.0,0.019487195726147443
2022-09-21,8.39,8.62,8.36,8.53,85574929.0,729592654.0,3260975201.0,0.026242128113626216
2022-09-22,8.47,8.74,8.38,8.59,84982890.0,732570575.0,3260975201.0,0.02606057536835589
2022-09-23,8.54,8.57,8.12,8.23,97557252.0,809874799.0,3260975201.0,0.02991658813292521
2022-09-26,8.12,8.17,7.93,7.95,65230845.0,523957970.0,3260975201.0,0.020003477787870486
2022-09-27,7.98,8.35,7.98,8.32,77176941.0,634555932.0,3260975201.0,0.02366682855372012
2022-09-28,8.28,8.33,8.05,8.06,48197249.0,393046271.0,3260975201.0,0.014780010895274514
2022-09-29,8.13,8.23,8.06,8.08,40078905.0,326343574.0,3260975201.0,0.012290466050680035
2022-09-30,8.11,8.21,7.99,8.0,41128190.0,332265337.0,3260975201.0,0.012612236360272769
2022-10-10,8.07,8.3,7.94,8.0,55441590.0,452007240.0,3260975201.0,0.01700153683566758
2022-10-11,8.03,8.08,7.85,8.06,43992328.0,351415472.0,3260975201.0,0.013490543560867761
2022-10-12,8.06,8.19,7.81,8.18,51661573.0,415905999.0,3260975201.0,0.015842369173539754
2022-10-13,8.11,9.0,8.07,8.91,183452493.0,1604874436.0,3260975201.0,0.056256942077861576
2022-10-14,8.77,9.03,8.7,8.95,134621692.0,1200356722.0,3260975201.0,0.04128264819637922
2022-10-17,8.99,9.3,8.91,9.23,117265395.0,1074088624.0,3260975201.0,0.03596022286953908
2022-10-18,9.15,9.3,8.99,9.07,80325771.0,732122287.0,3260975201.0,0.02463243847281254
2022-10-19,9.06,9.28,8.73,8.84,75242294.0,673391998.0,3260975201.0,0.02307355602610116
2022-10-20,8.75,8.99,8.7,8.87,56301126.0,498748693.0,3260975201.0,0.017265119336919484
2022-10-21,8.83,9.08,8.82,8.9,52598629.0,470131221.0,3260975201.0,0.01612972370469738
2022-10-24,8.96,9.4,8.9,9.17,137425902.0,1267658387.0,3260975201.0,0.042142578072307146
2022-10-25,9.16,9.21,8.77,8.85,82021410.0,730736292.0,3260975201.0,0.025152417588102965
2022-10-26,8.85,9.1,8.81,8.89,68015122.0,609490340.0,3260975201.0,0.020857295075148902
2022-10-27,8.89,9.18,8.86,9.14,79212642.0,716520799.0,3260975201.0,0.02429108997078816
2022-10-28,8.91,9.04,8.6,8.66,97536574.0,856827404.0,3260975201.0,0.029910247085009955
2022-10-31,8.6,9.33,8.59,9.16,103665485.0,942471957.0,3260975201.0,0.031789718906237094
2022-11-01,9.19,9.45,9.09,9.39,100455285.0,936925292.0,3260975201.0,0.030805289463469304
2022-11-02,9.37,9.5,9.24,9.41,73105528.0,685248299.0,3260975201.0,0.022418302346359976
2022-11-03,9.35,9.44,9.22,9.35,49344142.0,460612241.0,3260975201.0,0.015131713355216037
2022-11-04,9.33,9.53,9.25,9.45,70448979.0,662334078.0,3260975201.0,0.021603653710214155
2022-11-07,9.4,9.91,9.37,9.79,118960375.0,1156537291.0,3260975201.0,0.03647999989804277
2022-11-08,9.76,9.88,9.48,9.64,77483786.0,745166267.0,3260975201.0,0.023760924638813283
2022-11-09,9.69,9.9,9.37,9.4,61422626.0,585329027.0,3260975201.0,0.01883566179257185
2022-11-10,9.42,9.62,9.36,9.56,66820616.0,633332405.0,3260975201.0,0.02049099176820143
2022-11-11,9.61,9.7,9.41,9.5,60174508.0,572899333.0,3260975201.0,0.018452918004879977
2022-11-14,9.5,9.54,9.27,9.47,43129526.0,404882899.0,3260975201.0,0.013225959518727416
2022-11-15,9.45,9.72,9.42,9.49,55822114.0,533197032.0,3260975201.0,0.017118227082156826
2022-11-16,9.45,9.47,9.19,9.25,56095303.0,521547812.0,3260975201.0,0.017202002328259962
2022-11-17,9.25,9.25,9.01,9.13,61461417.0,559141729.0,3260975201.0,0.018847557313883417
2022-11-18,9.14,9.2,8.98,9.03,55273276.0,500113870.0,3262063531.0,0.016944267171600958
2022-11-21,9.0,9.28,8.83,9.21,65476156.0,592874090.0,3262063531.0,0.020072005151882493
2022-11-22,9.15,9.23,8.98,9.01,46843449.0,425757367.0,3294703464.0,0.014217804276421522
2022-11-23,8.99,9.19,8.96,9.11,40642786.0,369992889.0,3294703464.0,0.012335794842870873
2022-11-24,9.15,9.35,9.02,9.05,47774678.0,438778265.0,3294703464.0,0.014500448529591857
2022-11-25,9.02,9.19,9.01,9.14,24269345.0,221282947.0,3294703464.0,0.00736616975250796
2022-11-28,8.9,9.19,8.86,9.1,36577750.0,330359843.0,3294703464.0,0.011101985474465753
2022-11-29,9.08,9.35,9.03,9.06,68128189.0,623122292.0,3294703464.0,0.020678094324545863
2022-11-30,9.07,9.38,9.01,9.32,90819958.0,841474591.0,3294703464.0,0.027565442229431546
2022-12-01,9.25,9.63,9.23,9.58,96545070.0,913017686.0,3294703464.0,0.029303113635236702
2022-12-02,9.58,9.74,9.5,9.6,85842517.0,825896001.0,3294703464.0,0.026054702020369747
2022-12-05,9.58,9.76,9.41,9.5,93186360.0,892270708.0,3294703464.0,0.028283686534528136
2022-12-06,9.5,9.72,9.45,9.53,59658247.0,570019026.0,3294703464.0,0.018107319111374812
2022-12-07,9.53,9.64,9.4,9.61,54809542.0,523701737.0,3294703464.0,0.016635652524994583
2022-12-08,9.6,9.62,9.1,9.17,81764402.0,759069831.0,3294703464.0,0.02481692294721186
2022-12-09,9.17,9.18,8.9,8.97,71699042.0,644641637.0,3294703464.0,0.02176191052804259
2022-12-12,8.92,9.3,8.91,9.21,82555321.0,753619028.0,3294703464.0,0.025056980666712893
2022-12-13,9.16,9.63,9.15,9.44,114229404.0,1082477267.0,3294703464.0,0.03467061762860975
2022-12-14,9.44,9.45,9.08,9.25,67470178.0,620937174.0,3294703464.0,0.020478376502535527
2022-12-15,9.24,9.5,9.05,9.45,86705094.0,805457377.0,3294703464.0,0.026316509193435565
2022-12-16,9.42,9.45,9.03,9.41,115340198.0,1066967100.0,3294703464.0,0.03500776299302182
2022-12-19,9.3,9.3,8.47,8.57,206606213.0,1772643573.0,3294703464.0,0.06270859130647395
2022-12-20,8.41,8.58,7.89,7.96,173638574.0,1414223884.0,3294703464.0,0.05270233752362971
2022-12-21,7.93,8.13,7.8,8.01,85053627.0,682015760.0,3294703464.0,0.025815260137778517
2022-12-22,8.04,8.22,7.94,8.03,69256395.0,560726146.0,3294703464.0,0.02102052453482958
2022-12-23,8.03,8.13,7.9,7.98,48438358.0,389096051.0,3294703464.0,0.014701886992036743
2022-12-26,8.15,8.2,7.65,7.89,118720298.0,932576917.0,3294703464.0,0.036033682332025495
2022-12-27,7.98,8.68,7.98,8.68,226478272.0,1913208171.0,3294703464.0,0.06874010801719908
2022-12-28,8.8,8.89,8.54,8.59,194167468.0,1694498966.0,3294703464.0,0.058933215119841814
2022-12-29,8.74,8.9,8.58,8.71,101940960.0,891224243.0,3294703464.0,0.030940860418508364
2022-12-30,8.78,8.98,8.49,8.9,108345008.0,949814008.0,3294703464.0,0.03288460074900386
2023-01-03,8.91,8.97,8.66,8.8,83754691.0,733932049.0,3294703464.0,0.025421010392940178
2023-01-04,8.78,9.28,8.74,9.08,107141021.0,971747538.0,3294703464.0,0.032519169682701375
2023-01-05,9.2,9.2,8.78,8.99,99830247.0,891734272.0,3294703464.0,0.030300222187158266
2023-01-06,8.98,9.07,8.79,8.9,93902226.0,835051014.0,3294703464.0,0.02850096435871535
2023-01-09,8.86,9.01,8.79,8.91,73654107.0,655303722.0,3294703464.0,0.022355306875046888
2023-01-10,8.95,9.17,8.83,9.11,104145208.0,939811077.0,3294703464.0,0.0316098881547174
2023-01-11,9.05,9.09,8.78,8.83,95298015.0,844798186.0,3294703464.0,0.028924610679317876
2023-01-12,8.78,8.87,8.74,8.84,39792275.0,350744222.0,3294703464.0,0.012077649911379097
2023-01-13,8.84,9.07,8.8,9.0,83894307.0,753114291.0,3294703464.0,0.025463386285497894
2023-01-16,9.04,9.07,8.83,8.86,81281454.0,726466805.0,3294703464.0,0.024670339800875022
2023-01-17,8.9,8.92,8.74,8.86,60800033.0,536111247.0,3294703464.0,0.018453871088654674
2023-01-18,8.77,8.87,8.68,8.77,57515399.0,504397302.0,3294703464.0,0.017456927346709464
2023-01-19,8.75,8.76,8.63,8.74,46434649.0,403468411.0,3294703464.0,0.014093726342104578
2023-01-20,8.88,9.38,8.81,9.1,131291081.0,1200185758.0,3294703464.0,0.03984913435596522
2023-01-30,9.18,9.28,9.08,9.16,77445401.0,710211685.0,3294703464.0,0.02350603076914724
2023-01-31,9.2,9.35,9.1,9.18,80494661.0,740545383.0,3294703464.0,0.024431534394380325
2023-02-01,9.18,9.54,9.14,9.5,129486661.0,1219009369.0,3294703464.0,0.039301461395495105
2023-02-02,9.46,9.76,9.42,9.67,115898415.0,1113317780.0,3294703464.0,0.035177191594442075
2023-02-03,9.7,9.89,9.57,9.68,98609709.0,956682853.0,3294703464.0,0.02992976760351019
2023-02-06,9.6,9.65,9.4,9.63,67657563.0,645747951.0,3294703464.0,0.02053525112025074
2023-02-07,9.65,9.72,9.52,9.62,62117794.0,596103192.0,3294703464.0,0.01885383454952412
2023-02-08,9.55,9.55,9.36,9.37,54059484.0,509600890.0,3294703464.0,0.01640799683209366
2023-02-09,9.32,9.44,9.32,9.38,45570918.0,427324971.0,3294703464.0,0.013831568909899322
2023-02-10,9.4,9.44,9.24,9.35,73895008.0,689598774.0,3294703464.0,0.0224284245327154
2023-02-13,9.37,9.42,9.1,9.19,95088421.0,874935803.0,3294703464.0,0.028860995242514488
2023-02-14,9.18,9.19,8.31,8.36,338438461.0,2871889757.0,3294703464.0,0.10272197929130535
2023-02-15,8.3,8.33,8.18,8.29,150850066.0,1245808207.0,3294703464.0,0.04578562764396936
2023-02-16,8.25,8.32,8.14,8.25,132307883.0,1092066198.0,3294703464.0,0.04015775150804285
2023-02-17,8.23,8.27,8.17,8.22,85029532.0,698177336.0,3294703464.0,0.025807946884776153
2023-02-20,8.22,8.31,8.18,8.31,75785239.0,625576382.0,3294703464.0,0.023002142629246346
2023-02-21,8.31,8.39,8.27,8.35,85303495.0,711031395.0,3294703464.0,0.02589109943643778
2023-02-22,8.39,8.54,8.38,8.42,96998975.0,818734167.0,3294703464.0,0.029440881724219416
2023-02-23,8.41,8.45,8.33,8.37,68669681.0,575550014.0,3294703464.0,0.020842446596583904
2023-02-24,8.35,8.36,8.23,8.25,52023518.0,430151239.0,3294703464.0,0.015790045619717114
2023-02-27,8.2,8.29,8.16,8.22,58447277.0,479534459.0,3294703464.0,0.017739768582706053
2023-02-28,8.22,8.24,8.18,8.24,42878002.0,352129795.0,3294703464.0,0.013014221907528854
2023-03-01,8.24,8.27,8.21,8.25,47816042.0,393726965.0,3294703464.0,0.014513003225470248
2023-03-02,8.23,8.24,8.16,8.19,57665892.0,472125771.0,3294703464.0,0.01750260459859097
2023-03-03,8.19,8.21,8.12,8.17,50115563.0,408959351.0,3294703464.0,0.015210947979869547
2023-03-06,8.18,8.26,8.13,8.24,72557832.0,595137274.0,3294703464.0,0.02202256828051825
2023-03-07,8.24,8.25,8.05,8.07,66162060.0,538295645.0,3294703464.0,0.02008133986045428
2023-03-08,8.05,8.08,8.0,8.05,37272797.0,299274817.0,3294703464.0,0.011312944368822868
2023-03-09,8.03,8.06,7.91,7.93,50821756.0,404149369.0,3294703464.0,0.015425289879745
2023-03-10,7.9,8.18,7.84,8.13,82049824.0,659884638.0,3294703464.0,0.024903553505354253
2023-03-13,8.1,8.12,7.95,8.08,49577586.0,398670218.0,3294703464.0,0.015047662571674766
2023-03-14,8.05,8.18,8.03,8.15,66335676.0,539061279.0,3294703464.0,0.020134035346374955
2023-03-15,8.12,8.26,8.11,8.15,45862014.0,374323812.0,3294703464.0,0.013919921626063522
2023-03-16,8.14,8.21,8.07,8.08,47253500.0,385040602.0,3294703464.0,0.014342261911070731
2023-03-17,8.11,8.18,8.05,8.08,58559156.0,474993616.0,3294703464.0,0.01777372581170176
2023-03-20,8.06,8.08,7.88,7.89,62097387.0,491909709.0,3294703464.0,0.018847640668884183
2023-03-21,7.91,7.93,7.86,7.92,31971379.0,252428094.0,3294703464.0,0.009703871486262535
2023-03-22,7.92,7.98,7.91,7.94,27875283.0,221319090.0,3294703464.0,0.008460634865802903
2023-03-23,7.94,7.99,7.87,7.9,34992498.0,276930235.0,3294703464.0,0.010620833826883062
2023-03-24,7.89,7.94,7.87,7.91,28980157.0,229057221.0,3294703464.0,0.008795983406900014
2023-03-27,7.86,7.89,7.71,7.78,61197454.0,476556882.0,3294703464.0,0.018574495297886996
2023-03-28,7.77,7.86,7.77,7.84,41927867.0,327982656.0,3294703464.0,0.01272583935341381
2023-03-29,7.83,7.83,7.63,7.64,64744228.0,496439185.0,3294703464.0,0.01965100310466059
2023-03-30,7.66,7.69,7.63,7.67,28938199.0,221510576.0,3294703464.0,0.008783248421655225
2023-03-31,7.68,7.9,7.67,7.81,58662437.0,458665602.0,3294703464.0,0.017805073397646448
2023-04-03,7.79,7.91,7.75,7.89,49585865.0,390392296.0,3294703464.0,0.015050175392658646
2023-04-04,7.88,8.01,7.84,7.87,58949244.0,467342134.0,3294703464.0,0.017892124327459655
2023-04-06,7.9,7.9,7.75,7.78,36387423.0,283709319.0,3294703464.0,0.011044217908407188
2023-04-07,7.76,7.84,7.75,7.77,30283866.0,235675908.0,3294703464.0,0.009191681840536044
2023-04-10,7.75,7.77,7.66,7.7,32853417.0,252970998.0,3294703464.0,0.009971585412458838
2023-04-11,7.59,7.59,7.33,7.42,88085024.0,653109644.0,3294703464.0,0.026735342030769178
2023-04-12,7.36,7.4,7.3,7.38,43558320.0,320149653.0,3294703464.0,0.013220710293337646
2023-04-13,7.38,7.44,7.33,7.33,33049691.0,243816426.0,3294703464.0,0.010031157996803562
2023-04-14,7.35,7.38,7.23,7.26,44047010.0,321317224.0,3294703464.0,0.013369036236883017
2023-04-17,7.26,7.3,7.2,7.29,38143613.0,277047386.0,3294703464.0,0.011577252222174494
2023-04-18,7.3,7.3,7.22,7.24,30496910.0,220946628.0,3294703464.0,0.009256344412548322
2023-04-19,7.24,7.3,7.14,7.28,43121826.0,312073187.0,3294703464.0,0.013088226746709123
2023-04-20,7.27,7.28,7.12,7.15,36981179.0,265214337.0,3294703464.0,0.011224433216548802
2023-04-21,7.15,7.24,7.08,7.1,31529935.0,225543259.0,3294703464.0,0.009569885528247345
2023-04-24,7.06,7.1,6.97,7.0,42602761.0,299136235.0,3294703464.0,0.01293068146056376
2023-04-25,7.0,7.07,6.85,6.94,44256563.0,306973960.0,3294703464.0,0.01343263922947088
2023-04-26,6.97,7.18,6.94,7.09,58943231.0,418442051.0,3294703464.0,0.01789029927702167
2023-04-27,7.09,7.11,6.99,7.02,41298804.0,290355522.0,3294703464.0,0.012534907754599672
2023-04-28,7.03,7.07,7.0,7.07,41415358.0,291409044.0,3294703464.0,0.012570283927682786
2023-05-04,7.08,7.19,7.06,7.13,62144252.0,443178203.0,3294703464.0,0.018861865014265213
2023-05-05,7.13,7.18,6.95,7.02,41945332.0,294542248.0,3294703464.0,0.012731140285710398
2023-05-08,7.03,7.04,6.94,6.98,32289847.0,225098240.0,3294703464.0,0.009800532082118818
2023-05-09,6.96,7.05,6.9,6.97,41358919.0,288138216.0,3294703464.0,0.012553153706217733
2023-05-10,6.96,6.99,6.9,6.95,29001010.0,201111592.0,3294703464.0,0.008802312656323476
2023-05-11,6.95,7.01,6.9,6.96,27549610.0,191706739.0,3294703464.0,0.008361787426706029
2023-05-12,6.96,6.99,6.88,6.9,27401476.0,189871158.0,3309260386.9999995,0.008280241744543025
2023-05-15,6.86,6.9,6.7,6.88,53451558.0,363166141.0,3309260386.9999995,0.016152116107265996
2023-05-16,6.88,6.89,6.78,6.8,25017860.0,170730567.0,3309260386.9999995,0.00755995511815251
2023-05-17,6.79,6.83,6.75,6.8,16870407.0,114619197.0,3309260386.9999995,0.0050979388223039825
2023-05-18,6.79,6.82,6.68,6.7,39829368.0,268130639.0,3309260386.9999995,0.01203573105231142
2023-05-19,6.7,6.81,6.61,6.81,43557102.0,293616531.0,3309260386.9999995,0.013162186381920392
2023-05-22,6.81,6.87,6.77,6.84,26378868.0,179924720.0,3309260386.9999995,0.007971227680851577
2023-05-23,6.83,6.84,6.78,6.79,18767682.0,127751649.0,3309260386.9999995,0.00567126179424454
2023-05-24,6.8,6.81,6.7,6.7,23094196.0,155762609.0,3309260386.9999995,0.006978657856819777
2023-05-25,6.71,6.71,6.55,6.62,31486848.0,208659875.0,3309260386.9999995,0.009514768956740909
2023-05-26,6.6,6.64,6.51,6.64,20248833.0,133036115.0,3309260386.9999995,0.0061188394480968964
2023-05-29,6.64,6.7,6.59,6.62,20613535.0,136814534.0,3309260386.9999995,0.00622904594663436
2023-05-30,6.62,6.63,6.4,6.53,44655529.0,289328242.0,3309260386.9999995,0.013494111607362013
2023-05-31,6.5,6.55,6.43,6.43,27760002.0,179928360.0,3309260386.9999995,0.008388581965037133
2023-06-01,6.41,6.54,6.38,6.54,31852080.0,206496014.0,3309260386.9999995,0.009625135611910978
2023-06-02,6.54,6.65,6.52,6.64,30293828.0,199771639.0,3309260386.9999995,0.009154259398566936
2023-06-05,6.63,6.63,6.52,6.57,28536473.0,187159733.0,3309260386.9999995,0.008623217777634494
2023-06-06,6.57,6.57,6.47,6.48,23878930.0,155383930.0,3309260386.9999995,0.00721579060197417
2023-06-07,6.49,6.54,6.47,6.52,17302936.0,112529612.0,3309260386.9999995,0.005228641441444844
2023-06-08,6.53,6.69,6.5,6.65,52693093.0,349432697.0,3309260386.9999995,0.0159229213896247
2023-06-09,6.62,6.63,6.51,6.54,32551211.0,213208679.0,3309260386.9999995,0.009836400643440817
2023-06-12,6.54,6.73,6.54,6.69,44517250.0,295641877.0,3309260386.9999995,0.013452326137550326
2023-06-13,6.68,6.73,6.65,6.69,22413502.0,149754626.0,3309260386.9999995,0.006772964160828365
2023-06-14,6.69,6.79,6.66,6.74,33933241.0,229090069.0,3309260386.9999995,0.010254025682990175
2023-06-15,6.75,6.77,6.64,6.67,29386504.0,195947738.0,3309260386.9999995,0.008880082122108333
2023-06-16,6.67,6.73,6.66,6.69,27082659.0,181217716.0,3309260386.9999995,0.00818390088201905
2023-06-19,6.69,6.82,6.68,6.68,34342853.0,231171549.0,3309260386.9999995,0.010377803189773596
2023-06-20,6.68,6.68,6.6,6.64,21085141.0,139999302.0,3309260386.9999995,0.0063715569445155305
2023-06-21,6.65,6.68,6.55,6.56,22514462.0,148406987.0,3309260386.9999995,0.006803472488428274
2023-06-26,6.54,6.63,6.5,6.53,22650050.0,148449777.0,3309260386.9999995,0.006844444785601576
2023-06-27,6.53,6.59,6.52,6.56,15118084.0,99133129.0,3309260386.9999995,0.004568417782834326
2023-06-28,6.56,6.56,6.46,6.51,19903045.0,129428801.0,3309260386.9999995,0.006014348426067206
2023-06-29,6.49,6.56,6.48,6.5,17168226.0,111862828.0,3309260386.9999995,0.005187934460353483
2023-06-30,6.48,6.62,6.47,6.6,30975987.0,203744229.0,3307792807.0,0.009364548751193896
2023-07-03,6.6,6.72,6.6,6.7,32627692.0,217624375.0,3307792807.0,0.009863886253985679
2023-07-04,6.71,6.77,6.68,6.75,31624943.0,212691830.0,3307792807.0,0.009560738790251563
2023-07-05,6.76,6.78,6.69,6.71,19151869.0,128534780.0,3307792807.0,0.0057899240120090146
2023-07-06,6.71,6.8,6.66,6.75,33365069.0,224805073.0,3307792807.0,0.010086807411090666
2023-07-07,6.73,6.99,6.71,6.95,90532114.0,625730495.0,3307792807.0,0.027369342423266236
2023-07-10,6.93,6.98,6.83,6.87,44574654.0,306598292.0,3307792807.0,0.013475648748516068
2023-07-11,6.87,6.87,6.78,6.82,25592762.0,174150306.0,3307792807.0,0.00773711157054342
2023-07-12,6.8,6.87,6.78,6.81,24651515.0,168091423.0,3307792807.0,0.007452557169793737
2023-07-13,6.8,6.85,6.79,6.81,26044523.0,177381893.0,3307792807.0,0.007873686327899436
2023-07-14,6.79,6.86,6.78,6.8,25567085.0,174086587.0,3307792807.0,0.007729348992444314
2023-07-17,6.75,6.89,6.68,6.82,32693046.0,222857670.0,3307792807.0,0.009883643839727353
2023-07-18,6.87,6.94,6.81,6.87,36199202.0,248557879.0,3307792807.0,0.010943612285326552
2023-07-19,6.87,7.17,6.85,7.03,91155126.0,642310668.0,3307792807.0,0.027557689165747072
2023-07-20,7.02,7.07,6.86,6.89,49901581.0,346177195.0,3307792807.0,0.015086066120706695
2023-07-21,6.93,6.99,6.9,6.94,39517041.0,274586597.0,3307792807.0,0.011946649414187447
2023-07-24,6.92,6.98,6.81,6.83,34087989.0,234584081.0,3307792807.0,0.01030535798005924
2023-07-25,6.85,6.88,6.78,6.86,32166231.0,220042077.0,3307792807.0,0.009724379027588834
2023-07-26,6.86,6.89,6.82,6.89,22487600.0,154106528.0,3307792807.0,0.006798370185826455
2023-07-27,6.88,6.91,6.8,6.82,27377960.0,187438633.0,3307792807.0,0.008276806195981307
2023-07-28,6.81,6.87,6.77,6.86,27735785.0,189482762.0,3307792807.0,0.008384982560366273
2023-07-31,6.93,7.08,6.92,7.08,84879266.0,596509449.0,3307792807.0,0.0256603937889874
2023-08-01,7.08,7.08,6.97,6.99,37989392.0,265757092.0,3307792807.0,0.011484816074213079
2023-08-02,6.98,7.01,6.94,6.96,25592400.0,178161740.0,3307792807.0,0.007737002132008082
2023-08-03,6.95,7.0,6.94,6.99,22994169.0,160519908.0,3307792807.0,0.006951514300212335
2023-08-04,7.01,7.04,6.94,6.95,28256159.0,196884634.0,3307792807.0,0.008542300152598404
2023-08-07,7.0,7.13,6.99,7.07,77393542.0,547459124.0,3307792807.0,0.023397336688144022
2023-08-08,7.07,7.1,6.97,7.0,40271863.0,282091464.0,3307792807.0,0.012174844480819987
2023-08-09,6.97,6.99,6.92,6.94,26912726.0,186986467.0,3307792807.0,0.0081361583298225
2023-08-10,6.95,7.0,6.93,6.98,21019076.0,146410945.0,3307792807.0,0.006354411302763317
2023-08-11,6.99,6.99,6.79,6.8,38754972.0,265949698.0,3307792807.0,0.011716263460633373
2023-08-14,6.8,6.87,6.7,6.87,23191628.0,157368754.0,3307792807.0,0.00701120939344252
2023-08-15,6.87,6.88,6.77,6.82,12588058.0,85882536.0,3307792807.0,0.0038055763267157983
2023-08-16,6.83,6.85,6.76,6.77,13791856.0,93574659.0,3307792807.0,0.004169504199541601
2023-08-17,6.76,6.78,6.67,6.76,19154144.0,128870634.0,3307792807.0,0.005790611781809827
2023-08-18,6.76,6.78,6.6,6.6,24073825.0,160651444.0,3307792807.0,0.00727791201101067
2023-08-21,6.61,6.69,6.58,6.6,19069200.0,126651259.0,3307792807.0,0.005764931817871264
2023-08-22,6.61,6.65,6.45,6.54,25907477.0,169291734.0,3307792807.0,0.007832255075098481
2023-08-23,6.54,6.57,6.47,6.48,19583486.0,127564290.0,3307792807.0,0.00592040890788478
2023-08-24,6.48,6.54,6.45,6.51,28440276.0,184957529.0,3307792807.0,0.008597961740473668
2023-08-25,6.55,6.74,6.52,6.55,42938255.0,284639635.0,3307792807.0,0.012980938500480873
2023-08-28,6.75,6.78,6.55,6.57,39331136.0,262265241.0,3307792807.0,0.011890447284596203
2023-08-29,6.56,6.66,6.53,6.63,30135364.0,199349809.0,3307792807.0,0.009110414635471454
2023-08-30,6.63,6.65,6.56,6.58,21400697.0,141201516.0,3307792807.0,0.006469781588106585
2023-08-31,6.56,6.62,6.48,6.49,24256839.0,158068746.0,3307792807.0,0.00733324014390119
2023-09-01,6.47,6.57,6.47,6.53,16775261.0,109479836.0,3307792807.0,0.005071436446835468
2023-09-04,6.55,6.63,6.55,6.61,25947091.0,171176479.0,3307792807.0,0.007844231036808104
2023-09-05,6.62,6.63,6.57,6.6,16875322.0,111277852.0,3307792807.0,0.005101686527731784
2023-09-06,6.59,6.64,6.55,6.61,15728338.0,103747571.0,3307792807.0,0.004754934458626145
2023-09-07,6.61,6.81,6.58,6.69,53597015.0,359358345.0,3307792807.0,0.016203256409100718
2023-09-08,6.65,6.68,6.55,6.58,25413906.0,167180840.0,3307792807.0,0.00768304046922731
2023-09-11,6.59,6.67,6.58,6.65,23203886.0,153849479.0,3307792807.0,0.007014915187824217
2023-09-12,6.65,6.69,6.63,6.66,19258804.0,128372743.0,3307792807.0,0.00582225221581117
2023-09-13,6.66,6.67,6.56,6.59,18170341.0,119960279.0,3307792807.0,0.0054931920045136005
2023-09-14,6.59,6.61,6.51,6.55,14529659.0,95028589.0,3307792807.0,0.004392554143431269
2023-09-15,6.56,6.58,6.51,6.54,16422489.0,107437822.0,3307792807.0,0.004964787687199297
2023-09-18,6.48,6.56,6.42,6.54,17649978.0,115000187.0,3307792807.0,0.005335877737761826
2023-09-19,6.55,6.8,6.55,6.77,88980339.0,597358259.0,3307792807.0,0.026900215397922898
2023-09-20,6.75,7.02,6.71,6.96,117055746.0,810971358.0,3307792807.0,0.035387871257318446
2023-09-21,6.91,6.92,6.7,6.7,65668090.0,446159887.0,3307792807.0,0.01985254029848309
2023-09-22,6.69,6.81,6.66,6.73,40574848.0,272606092.0,3307792807.0,0.012266441814050417
2023-09-25,6.7,6.92,6.67,6.83,53639166.0,366244609.0,3307792807.0,0.016215999347506893
2023-09-26,6.79,6.88,6.75,6.81,33148798.0,226011716.0,3307792807.0,0.010021425141819652
2023-09-27,6.81,6.84,6.72,6.73,36059712.0,244422483.0,3307792807.0,0.010901442171253866
2023-09-28,6.73,6.83,6.73,6.75,23342355.0,157874172.0,3307792807.0,0.007056776636856626
2023-10-09,6.75,6.76,6.65,6.7,26664008.0,178885809.0,3307792807.0,0.008060966800451718
2023-10-10,6.7,6.86,6.69,6.78,29840232.0,202470753.0,3307792807.0,0.009021191392898508
2023-10-11,6.78,6.81,6.71,6.74,22808805.0,154036392.0,3307792807.0,0.006895475723791305
2023-10-12,6.75,6.78,6.71,6.75,19427800.0,130977904.0,3307792807.0,0.0058733424774631
2023-10-13,6.72,6.73,6.54,6.64,36345641.0,240875401.0,3307792807.0,0.010987883196034776
2023-10-16,6.65,6.7,6.61,6.68,20082868.0,133693102.0,3307792807.0,0.006071380274332884
2023-10-17,6.66,6.69,6.6,6.68,19277556.0,128207778.0,3307792807.0,0.005827921252868243
2023-10-18,7.1,7.35,7.09,7.35,262697537.0,1922535908.0,3307792807.0,0.07941777261383348
2023-10-19,7.59,7.78,7.39,7.52,424092379.0,3213889509.0,3307792807.0,0.12821007957406808
2023-10-20,7.37,7.46,7.08,7.34,231884827.0,1686025352.0,3307792807.0,0.07010258517682302
2023-10-23,7.22,7.38,6.85,6.95,175243348.0,1240145319.0,3307792807.0,0.05297893738360741
2023-10-24,6.94,7.02,6.76,6.88,120359762.0,828288492.0,3307792807.0,0.036386729466637964
2023-10-25,6.88,7.19,6.87,7.01,115960200.0,817857245.0,3307792807.0,0.03505666973898828
2023-10-26,6.9,6.96,6.7,6.77,103501916.0,702051292.0,3307792807.0,0.031290326220242005
2023-10-27,6.7,6.88,6.65,6.81,83865887.0,569410124.0,3307792807.0,0.025354032701964214
2023-10-30,6.8,7.21,6.73,7.0,123107030.0,860196225.0,3307792807.0,0.03721727362713864
2023-10-31,6.94,7.06,6.93,6.99,54776372.0,383293221.0,3307792807.0,0.01655979536689282
2023-11-01,7.0,7.07,6.97,6.99,42770137.0,299742742.0,3307792807.0,0.012930113672624598
2023-11-02,6.98,7.01,6.81,6.81,57980761.0,399123396.0,3307792807.0,0.01752853470063187
2023-11-03,6.82,6.85,6.72,6.74,72074979.0,486988118.0,3307792807.0,0.021789447890289217
2023-11-06,6.75,6.84,6.69,6.83,64228309.0,434224092.0,3307792807.0,0.01941727089558908
2023-11-07,6.8,6.98,6.76,6.97,86080242.0,593623257.0,3307792807.0,0.026023468524943798
2023-11-08,6.96,7.01,6.87,6.92,58365493.0,404610449.0,3307792807.0,0.017644845492282974
2023-11-09,6.88,7.05,6.88,6.93,44468746.0,309715980.0,3307792807.0,0.013443631023652565
2023-11-10,6.93,7.0,6.89,6.94,36358270.0,252540888.0,3307792807.0,0.010991701149799374
2023-11-13,6.92,6.99,6.85,6.93,36273923.0,250407062.0,3307792807.0,0.0109662016687492
2023-11-14,6.9,7.08,6.89,7.04,62648887.0,438808981.0,3307784707.0,0.01893983210800303
2023-11-15,7.1,7.1,6.98,7.04,39281349.0,275716835.0,3307784707.0,0.01187542493828937
2023-11-16,7.01,7.09,6.97,7.01,34073881.0,239499759.0,3307784707.0,0.010301118125339952
2023-11-17,7.01,7.03,6.95,6.95,31927137.0,222816070.0,3307784707.0,0.00965212062696679
2023-11-20,6.95,7.08,6.93,7.05,59616875.0,419798818.0,3307784707.0,0.018023202923043203
2023-11-21,7.04,7.05,6.92,7.02,50325023.0,351514811.0,3307784707.0,0.015214116835808927
2023-11-22,6.96,7.08,6.91,6.92,45306570.0,316382505.0,3307784707.0,0.013696952496370556
2023-11-23,6.96,7.04,6.92,7.03,48121550.0,336576058.0,3307784707.0,0.014547969188612613
2023-11-24,7.05,7.16,7.01,7.04,80836624.0,572766664.0,3307784707.0,0.024438296672976305
2023-11-27,7.19,7.34,7.15,7.21,127766788.0,923351842.0,3307784707.0,0.038626089457883206
2023-11-28,7.18,7.3,7.13,7.28,77136992.0,558104045.0,3307784707.0,0.02331983452150352
2023-11-29,7.26,7.45,7.21,7.35,96388570.0,709017596.0,3307784707.0,0.029139916451037633
2023-11-30,7.33,7.37,7.22,7.28,58815159.0,427837636.0,3307784707.0,0.01778083043782571
2023-12-01,7.18,7.29,7.04,7.17,66994675.0,481069111.0,3307784707.0,0.02025363829097599
2023-12-04,7.13,7.13,6.77,6.86,122518193.0,845220671.0,3307784707.0,0.03703934924807064
2023-12-05,6.86,6.94,6.84,6.84,47241799.0,325529206.0,3307784707.0,0.014282005385666716
2023-12-06,6.81,7.0,6.78,6.95,60183654.0,415529563.0,3307784707.0,0.018194549927218102
2023-12-07,6.92,6.97,6.85,6.94,34904819.0,241304260.0,3307784707.0,0.010552324921913365
2023-12-08,7.1,7.13,6.68,6.69,110079494.0,754813187.0,3307784707.0,0.03327891738753359
2023-12-11,6.64,6.77,6.56,6.73,52669710.0,352202434.0,3307784707.0,0.015922955895085706
2023-12-12,6.74,6.75,6.67,6.71,29882481.0,200348609.0,3307784707.0,0.009033986080400607
2023-12-13,6.73,6.74,6.41,6.44,99684726.0,649211032.0,3307784707.0,0.030136400893638934
2023-12-14,6.44,6.46,6.13,6.17,115695276.0,722135370.0,3307784707.0,0.03497666451965974
2023-12-15,6.15,6.18,6.03,6.04,73329610.0,446119157.0,3307784707.0,0.022168797698598225
2023-12-18,6.05,6.13,5.98,6.02,46381594.0,279920700.0,3307784707.0,0.014021950673466246
2023-12-19,6.01,6.03,5.92,5.95,49137290.0,293119572.0,3307784707.0,0.014855044796601994
2023-12-20,5.97,6.01,5.93,5.97,33886358.0,201955591.0,3307784707.0,0.01024442670899621
2023-12-21,5.97,6.03,5.87,5.93,52782502.0,313204971.0,3307784707.0,0.015957054849519262
2023-12-22,5.9,5.91,5.82,5.88,43440002.0,254443556.0,3307784707.0,0.013132657003967459
2023-12-25,5.87,5.87,5.73,5.8,51440509.0,297491330.0,3307784707.0,0.015551347368872155
2023-12-26,5.78,5.82,5.71,5.73,28960795.0,166900517.0,3307784707.0,0.008755344608345456
2023-12-27,5.92,5.98,5.78,5.91,65554876.0,384518244.0,3307784707.0,0.01981836238049939
2023-12-28,5.88,5.93,5.8,5.88,58234645.0,341927800.0,3307784707.0,0.017605331107784217
2023-12-29,5.88,5.96,5.85,5.96,48496464.0,287545019.0,3307784707.0,0.01466131211543811
2024-01-02,5.98,5.98,5.9,5.91,35113209.0,208112623.0,3313055025.0,0.010598438219419552
2024-01-03,5.9,5.93,5.81,5.83,37578183.0,219860280.0,3313055025.0,0.011342456649961617
2024-01-04,5.85,5.88,5.79,5.8,28609525.0,166772812.0,3313055025.0,0.008635390835381613
2024-01-05,5.8,5.8,5.68,5.69,39148388.0,224544401.0,3313055025.0,0.01181640138922836
2024-01-08,5.66,5.68,5.47,5.48,52824060.0,293703540.0,3313055025.0,0.015944214509386243
2024-01-09,5.48,5.54,5.41,5.5,35082636.0,192467779.0,3313055025.0,0.010589210180715306
2024-01-10,5.46,5.53,5.41,5.51,26859629.0,147251932.0,3313055025.0,0.008107208844199623
2024-01-11,5.48,5.59,5.48,5.57,32613314.0,181314525.0,3313055025.0,0.009843879366295764
2024-01-12,5.56,5.64,5.54,5.57,23276950.0,130227569.0,3313055025.0,0.0070258265632035495
2024-01-15,5.54,5.59,5.46,5.47,27827500.0,153416085.0,3313055025.0,0.008399347366710276
2024-01-16,5.47,5.49,5.36,5.41,31889740.0,172993736.0,3313055025.0,0.009625478526424414
2024-01-17,5.42,5.43,5.2,5.23,39377902.0,209070350.0,3313055025.0,0.01188567702705149
2024-01-18,5.21,5.22,4.99,5.12,79848088.0,404447580.0,3313055025.0,0.024101044926049787
2024-01-19,5.13,5.22,5.1,5.16,43135445.0,223147671.0,3313055025.0,0.013019839596536735
2024-01-22,5.15,5.16,4.84,4.88,49024700.0,244624416.0,3313055025.0,0.014797430054757392
2024-01-23,4.87,4.97,4.83,4.95,43546003.0,214207261.0,3313055025.0,0.013143760870678567
2024-01-24,4.98,5.05,4.86,5.01,38341730.0,190195861.0,3313055025.0,0.011572922788989899
2024-01-25,5.0,5.15,4.98,5.15,55410657.0,281654261.0,3313055025.0,0.016724943166315204
2024-01-26,5.15,5.19,5.08,5.1,48024756.0,246283641.0,3313055025.0,0.014495610739214933
2024-01-29,5.11,5.15,5.01,5.02,36928928.0,187138288.0,3313055025.0,0.011146487976003356
2024-01-30,5.01,5.13,4.93,4.93,48961836.0,247017339.0,3313055025.0,0.014778455422725736
2024-01-31,4.83,4.98,4.73,4.74,55789350.0,269842828.0,3312680025.0,0.016841152655545113
2024-02-01,4.71,4.81,4.65,4.68,50407958.0,237585807.0,3312680025.0,0.015216669771780931
2024-02-02,4.71,4.83,4.46,4.6,72033861.0,336762808.0,3312680025.0,0.021744889472082352
2024-02-05,4.64,4.74,4.35,4.37,85765771.0,385841626.0,3312680025.0,0.025890146453248226
2024-02-06,4.38,4.81,4.3,4.79,101681318.0,468389750.0,3312680025.0,0.030694578779910987
2024-02-07,4.82,5.14,4.77,5.08,102875282.0,514163294.0,3312680025.0,0.03105500115423916
2024-02-08,5.09,5.41,5.07,5.25,95469590.0,504185380.0,3312680025.0,0.028819442046776007
2024-02-19,5.32,5.32,5.08,5.13,70898191.0,365894977.0,3312680025.0,0.021402064330073654
2024-02-20,5.13,5.14,5.03,5.09,42875716.0,217681039.0,3312680025.0,0.012942908966887014
2024-02-21,5.08,5.24,5.03,5.13,52049579.0,268028635.0,3312680025.0,0.015712226537786426
2024-02-22,5.14,5.18,5.09,5.16,40464399.0,207868068.0,3312680025.0,0.01221500377175728
2024-02-23,5.19,5.19,5.1,5.17,43096740.0,221454352.0,3312680025.0,0.013009629567226313
2024-02-26,5.17,5.21,5.09,5.16,58930434.0,303732130.0,3312680025.0,0.017789352897130475
2024-02-27,5.18,5.28,5.16,5.27,60126363.0,314480856.0,3312680025.0,0.018150368446768414
2024-02-28,5.26,5.38,5.12,5.13,86186317.0,452628875.0,3312680025.0,0.02601709683687304
2024-02-29,5.12,5.26,5.09,5.26,67769567.0,352885085.0,3312680025.0,0.02045762539350597
2024-03-01,5.23,5.29,5.15,5.2,49837665.0,259046166.0,3312680025.0,0.015044515203366193
2024-03-04,5.2,5.22,5.12,5.16,43519463.0,224394020.0,3312680025.0,0.013137237122682865
2024-03-05,5.15,5.18,5.08,5.1,44215511.0,226123602.0,3312680025.0,0.013347353401570984
2024-03-06,5.09,5.14,5.03,5.1,40844696.0,207645712.0,3312680025.0,0.01232980417418975
2024-03-07,5.11,5.21,5.07,5.07,52726203.0,270463693.0,3312680025.0,0.015916479286284223
2024-03-08,5.07,5.09,4.94,5.03,47645709.0,238681077.0,3312680025.0,0.014382828598122755
2024-03-11,5.03,5.1,5.01,5.1,40501295.0,205085956.0,3312680025.0,0.01222614158154318
2024-03-12,5.11,5.24,5.09,5.24,67745978.0,350621200.0,3312680025.0,0.020450504572955247
2024-03-13,5.27,5.29,5.11,5.13,61207250.0,315499694.0,3312680025.0,0.018476656223385172
2024-03-14,5.11,5.14,5.05,5.07,44510521.0,226793869.0,3312680025.0,0.013436408184337091
2024-03-15,5.05,5.1,5.01,5.09,34733639.0,175583091.0,3312680025.0,0.01048505703474938
2024-03-18,5.1,5.12,5.06,5.12,40925202.0,208157182.0,3312680025.0,0.012354106551537528
2024-03-19,5.12,5.27,5.1,5.22,101990768.0,532086494.0,3312680025.0,0.030787992571060345
2024-03-20,5.36,5.51,5.2,5.23,141814086.0,747496866.0,3312680025.0,0.04280947297347259
2024-03-21,5.19,5.55,5.17,5.54,229806206.0,1251698910.0,3312680025.0,0.06937168826017237
2024-03-22,5.49,5.5,5.25,5.29,161031414.0,857103376.0,3312680025.0,0.048610615207244474
2024-03-25,5.23,5.24,5.11,5.11,87240967.0,452205938.0,3312680025.0,0.026335464440155217
2024-03-26,5.11,5.17,5.04,5.08,60745017.0,309572643.0,3312680025.0,0.018337121768952015
2024-03-27,5.08,5.08,4.87,4.88,75245759.0,373433288.0,3312680025.0,0.022714466363228065
2024-03-28,4.86,4.97,4.84,4.92,40798396.0,200520611.0,3312680025.0,0.012315827575287775
2024-03-29,4.9,4.95,4.87,4.95,41072182.0,201962401.0,3312680025.0,0.01239847546096759
2024-04-01,4.95,5.04,4.95,5.01,53570734.0,267888904.0,3312680025.0,0.01617141818579354
2024-04-02,5.0,5.01,4.91,4.93,44029981.0,217610498.0,3312680025.0,0.013291347388735499
2024-04-03,4.94,4.97,4.91,4.95,41018558.0,202600267.0,3312680025.0,0.012382287963353781
2024-04-08,4.96,4.96,4.85,4.86,44751900.0,218998400.0,3312680025.0,0.013509273356396683
2024-04-09,4.85,4.89,4.78,4.88,39690414.0,191787873.0,3312680025.0,0.01198136062054469
2024-04-10,4.89,4.89,4.74,4.77,40582640.0,194383311.0,3312680025.0,0.01225069722814536
2024-04-11,4.74,4.77,4.71,4.71,38575394.0,182257805.0,3312680025.0,0.01164476910202035
2024-04-12,4.7,4.74,4.59,4.59,51616565.0,239294552.0,3312680025.0,0.015581512434180841
2024-04-15,4.58,4.63,4.43,4.55,46457216.0,211275446.0,3312680025.0,0.014024057756679956
2024-04-16,4.54,4.57,4.37,4.38,47929753.0,213306168.0,3312680025.0,0.01446857307022884
2024-04-17,4.42,4.58,4.42,4.57,44374273.0,200581262.0,3312680025.0,0.013395278947896576
2024-04-18,4.58,4.59,4.48,4.53,38967646.0,177146555.0,3312680025.0,0.011763178364925238
2024-04-19,4.53,4.56,4.48,4.49,27326676.0,123294723.0,3312680025.0,0.008249114250024796
2024-04-22,4.5,4.59,4.45,4.54,47075821.0,213790642.0,3312680025.0,0.01421079628721461
2024-04-23,4.54,4.6,4.52,4.54,37583849.0,171365004.0,3312680025.0,0.011345451029487823
2024-04-24,4.55,4.57,4.46,4.52,33989824.0,153129799.0,3312680025.0,0.01026052131310207
2024-04-25,4.5,4.54,4.48,4.5,26812450.0,120843278.0,3312680025.0,0.008093884648578457
2024-04-26,4.44,4.56,4.44,4.55,42530250.0,192054134.0,3312680025.0,0.01283862301189201
2024-04-29,4.53,4.73,4.52,4.7,71660955.0,333986954.0,3312680025.0,0.021632320193677626
2024-04-30,4.73,4.79,4.68,4.69,46434100.0,219119447.0,3312680025.0,0.014017079720822116
2024-05-06,4.74,4.8,4.73,4.75,43706692.0,208118243.0,3312680025.0,0.01319375601330527
2024-05-07,4.78,4.8,4.72,4.74,43311681.0,206101374.0,3312680025.0,0.013074513890003608
2024-05-08,4.73,4.82,4.72,4.76,48194544.0,229514092.0,3312680025.0,0.014548505631780721
2024-05-09,4.73,4.84,4.72,4.81,48672366.0,233658173.0,3312680025.0,0.014692745943671393
2024-05-10,4.79,4.85,4.75,4.79,46816771.0,224398352.0,3312680025.0,0.014132596763552496
2024-05-13,4.76,4.8,4.71,4.77,32492452.0,154608672.0,3312680025.0,0.009808509048500693
2024-05-14,4.76,4.87,4.76,4.82,43543259.0,209962569.0,3312680025.0,0.013144420430403628
2024-05-15,4.81,4.83,4.75,4.75,32999000.0,157658796.0,3312680025.0,0.009961420889118321
2024-05-16,4.78,4.8,4.73,4.74,32897882.0,156704320.0,3312680025.0,0.009930896359360878
2024-05-17,4.73,4.82,4.73,4.82,37949976.0,181591273.0,3312680025.0,0.011455973928541438
2024-05-20,4.78,4.94,4.78,4.9,62129292.0,304260472.0,3312680025.0,0.01875499339843425
2024-05-21,4.9,4.97,4.85,4.9,57146358.0,280562929.0,3312680025.0,0.017250793185194516
2024-05-22,4.89,4.98,4.88,4.93,47459866.0,233948770.0,3312680025.0,0.014326728099856249
2024-05-23,4.93,4.93,4.75,4.76,50957850.0,245276429.0,3312680025.0,0.015382665882437589
2024-05-24,4.79,4.87,4.78,4.81,48173950.0,232607133.0,3312680025.0,0.014542288913038017
2024-05-27,4.82,4.83,4.69,4.75,43317745.0,204882457.0,3312680025.0,0.013076344432028264
2024-05-28,4.75,4.77,4.68,4.7,34783620.0,163742292.0,3312680025.0,0.010500144818544617
2024-05-29,4.69,4.78,4.67,4.68,36094174.0,170237853.0,3312680025.0,0.010895762261252504
2024-05-30,4.7,4.74,4.65,4.71,30539040.0,143530223.0,3312680025.0,0.009218831812770688
2024-05-31,4.71,4.74,4.66,4.66,49813004.0,233495402.0,3312680025.0,0.015037070777760977
2024-06-03,4.68,4.71,4.57,4.63,46299836.0,214241624.0,3312680025.0,0.013976549395228717
2024-06-04,4.61,4.65,4.56,4.63,28924206.0,133466917.0,3312680025.0,0.008731361248812432
2024-06-05,4.66,4.66,4.56,4.56,28891502.0,132798391.0,3312680025.0,0.008721488879687376
2024-06-06,4.56,4.57,4.38,4.41,69504519.0,308671899.0,3312680025.0,0.020981356024568052
2024-06-07,4.43,4.51,4.41,4.43,40468694.0,179610581.0,3312680025.0,0.01221630030506795
2024-06-11,4.42,4.46,4.37,4.43,31352468.0,138165347.0,3312680025.0,0.00946438163764398
2024-06-12,4.45,4.5,4.43,4.44,30685700.0,136883209.0,3312680025.0,0.009263104123677021
2024-06-13,4.44,4.45,4.29,4.3,64652477.0,280165748.0,3312680025.0,0.01951666822997793
2024-06-14,4.29,4.3,4.16,4.21,77018079.0,325117895.0,3312680025.0,0.023249477286898544
2024-06-17,4.2,4.21,4.14,4.17,33713246.0,140645285.0,3312680025.0,0.010177030605302726
2024-06-18,4.2,4.23,4.18,4.22,30954252.0,130347235.0,3312680025.0,0.0093441720197531
2024-06-19,4.22,4.23,4.16,4.17,26448053.0,110571486.0,3312680025.0,0.00798388398529375
2024-06-20,4.16,4.17,4.06,4.07,35603734.0,146040881.0,3312680025.0,0.010747712948823061
2024-06-21,4.06,4.12,4.04,4.08,23725431.0,96917990.0,3312680025.0,0.007162005029447418
2024-06-24,4.07,4.08,3.93,3.97,38760700.0,154616492.0,3312680025.0,0.011700707495889223
2024-06-25,3.96,4.02,3.95,3.99,31347952.0,125136339.0,3312680025.0,0.009463018390977861
2024-06-26,3.98,4.03,3.92,4.02,30492847.0,121164995.0,3312680025.0,0.009204887514000087
2024-06-27,4.02,4.06,3.96,3.97,34648727.0,138609871.0,3312680025.0,0.010459424616478013
2024-06-28,3.97,4.01,3.83,3.85,62546295.0,244932843.0,3312680025.0,0.018880874255279154
2024-07-01,3.85,4.02,3.85,4.01,62053933.0,244682198.0,3312680025.0,0.018732244747966566
2024-07-02,4.01,4.13,3.99,4.11,52658834.0,214914588.0,3312680025.0,0.015896142580205885
2024-07-03,4.09,4.16,4.08,4.13,31465750.0,129970778.0,3312680025.0,0.009498578118784655
2024-07-04,4.13,4.14,3.94,3.96,45624744.0,183320049.0,3312680025.0,0.01377275911216327
2024-07-05,3.97,4.01,3.92,4.01,27103700.0,107993939.0,3312680025.0,0.008181804398690755
2024-07-08,4.01,4.04,3.93,3.97,30469250.0,120803495.0,3312680025.0,0.00919776427848627
2024-07-09,3.96,3.99,3.86,3.97,34821416.0,136837231.0,3312680025.0,0.010511554311678504
2024-07-10,3.96,4.04,3.91,4.03,36706945.0,147036600.0,3312680025.0,0.011080739679951431
2024-07-11,4.06,4.12,4.04,4.12,38353671.0,156991612.0,3312680025.0,0.011577837494280782
2024-07-12,4.12,4.15,4.07,4.08,33184500.0,136281910.0,3312680025.0,0.010017417845842204
2024-07-15,4.06,4.11,4.04,4.08,31797846.0,129755807.0,3312680025.0,0.009598828066710125
2024-07-16,4.08,4.14,4.06,4.11,33911934.0,139257994.0,3312680025.0,0.010237008628685772
2024-07-17,4.09,4.2,4.08,4.17,47040891.0,196029917.0,3312680025.0,0.014200251954608866
2024-07-18,4.15,4.17,4.1,4.14,34354000.0,142045206.0,3312680025.0,0.010370455263031328
2024-07-19,4.13,4.14,4.07,4.09,47070753.0,192967506.0,3312680025.0,0.01420926640809506
2024-07-22,4.07,4.1,3.98,4.01,46286268.0,186395150.0,3312680025.0,0.013972453617822627
2024-07-23,3.98,4.02,3.87,3.87,46050500.0,181552714.0,3312680025.0,0.013901282240502537
2024-07-24,3.87,3.87,3.74,3.75,57986289.0,218919644.0,3312680025.0,0.017504343480925236
2024-07-25,3.74,3.86,3.7,3.8,45281591.0,172010922.0,3312680025.0,0.013669171383372591
2024-07-26,3.8,3.88,3.79,3.87,27905098.0,107587570.0,3312680025.0,0.008423722722812627
2024-07-29,3.89,3.89,3.8,3.83,22986116.0,88057496.0,3312680025.0,0.006938827724540042
2024-07-30,3.82,3.91,3.81,3.9,31034768.0,120328292.0,3312680025.0,0.009368477415804745
2024-07-31,3.9,4.1,3.9,4.09,51549916.0,207575226.0,3312680025.0,0.015561393074780895
2024-08-01,4.1,4.17,4.06,4.08,36454410.0,149487209.0,3312680025.0,0.011004506841858353
2024-08-02,4.08,4.15,4.06,4.09,42767779.0,176127003.0,3312680025.0,0.012910325982962994
2024-08-05,4.08,4.16,4.04,4.05,44639500.0,183147960.0,3312680025.0,0.013475343124937037
2024-08-06,4.1,4.15,4.08,4.13,38119550.0,156860255.0,3312680025.0,0.011507163297487508
2024-08-07,4.12,4.13,4.07,4.08,26727352.0,109270938.0,3312680025.0,0.008068196082415173
2024-08-08,4.06,4.19,4.05,4.15,50904140.0,210007660.0,3312680025.0,0.015366452423970528
2024-08-09,4.14,4.17,4.1,4.12,38055800.0,157339582.0,3312680025.0,0.011487919060338464
2024-08-12,4.12,4.16,4.1,4.11,28374800.0,117103504.0,3312680025.0,0.008565511847163688
2024-08-13,4.11,4.16,4.09,4.13,25539864.0,105206271.0,3312680025.0,0.007709728620710961
2024-08-14,4.13,4.13,4.06,4.08,24944400.0,101929679.0,3312680025.0,0.007529975672793813
2024-08-15,4.07,4.13,4.05,4.09,30151638.0,123367684.0,3312680025.0,0.00910188662124106
2024-08-16,4.08,4.09,4.0,4.01,32750434.0,131981652.0,3312680025.0,0.009886386174589862
2024-08-19,4.0,4.07,3.98,4.03,27818934.0,112447018.0,3312680025.0,0.008397712362817172
2024-08-20,4.02,4.04,3.94,3.95,29278204.0,116256788.0,3312680025.0,0.00883822276194635
2024-08-21,3.95,3.96,3.88,3.89,25289800.0,98786202.0,3312680025.0,0.007634241704343298
2024-08-22,3.89,3.91,3.8,3.8,28326662.0,108621629.0,3312680025.0,0.008550980410491049
2024-08-23,3.83,3.9,3.81,3.85,33238663.0,128403633.0,3312680025.0,0.010033768051594418
2024-08-26,3.85,4.0,3.83,3.98,37689028.0,148655928.0,3312680025.0,0.01137720145488546
2024-08-27,3.98,4.0,3.89,3.9,27719018.0,108967133.0,3312680025.0,0.008367550681264485
2024-08-28,3.91,3.96,3.85,3.95,26003025.0,102030724.0,3312680025.0,0.007849543210862934
2024-08-29,3.95,3.98,3.91,3.94,23132750.0,91205469.0,3312680025.0,0.006983092186816323
2024-08-30,3.95,4.03,3.9,3.99,35492276.0,141353474.0,3312680025.0,0.01071406707926764
2024-09-02,4.02,4.02,3.94,3.94,29409050.0,117037898.0,3312680025.0,0.008877721294558173
2024-09-03,3.93,4.02,3.92,3.99,33830786.0,134715466.0,3312680025.0,0.010212512450549762
2024-09-04,3.99,4.03,3.95,3.97,32570822.0,129808642.0,3312680025.0,0.009832166630702584
2024-09-05,3.98,4.03,3.97,4.01,23365172.0,93488211.0,3312680025.0,0.007053253505822676
2024-09-06,4.0,4.02,3.93,3.93,20648750.0,81766378.0,3312680025.0,0.006233246146373585
2024-09-09,3.93,3.96,3.87,3.93,22459870.0,88166859.0,3312680025.0,0.00677996964104615
2024-09-10,3.93,3.96,3.84,3.91,31645543.0,123016501.0,3312680025.0,0.009552852301211917
2024-09-11,3.9,3.91,3.84,3.87,22831109.0,88399545.0,3312680025.0,0.006892035701516327
2024-09-12,3.87,3.95,3.87,3.91,25417600.0,99439082.0,3312680025.0,0.0076728207397573816
2024-09-13,3.89,3.92,3.87,3.88,22176900.0,86407116.0,3312680025.0,0.0066945493777353276
2024-09-18,3.88,3.91,3.77,3.81,28541856.0,108695592.0,3312680025.0,0.008615941106476168
2024-09-19,3.83,4.0,3.82,3.98,51918866.0,204267826.0,3312680025.0,0.015672768153936027
2024-09-20,3.99,3.99,3.9,3.92,31484795.0,123541835.0,3312680025.0,0.009504327240298436
2024-09-23,3.9,3.91,3.83,3.85,35344892.0,136563337.0,3312680025.0,0.01066957621420137
2024-09-24,3.87,4.0,3.87,4.0,59902545.0,236317105.0,3312680025.0,0.01808280442056881
2024-09-25,4.01,4.1,4.01,4.01,54016615.0,219050939.0,3312680025.0,0.016306016455664173
2024-09-26,4.01,4.19,4.0,4.19,79837402.0,327851641.0,3312680025.0,0.024100547411004477
2024-09-27,4.26,4.45,4.24,4.37,98258887.0,424829174.0,3312680025.0,0.02966144821065234
2024-09-30,4.48,4.79,4.47,4.78,161694060.0,753447535.0,3312680025.0,0.048810648411477656
2024-10-08,5.25,5.26,4.69,4.86,238894131.0,1183438137.0,3312680025.0,0.0721150636937837
2024-10-09,4.71,4.71,4.38,4.38,163983268.0,741712036.0,3312680025.0,0.04950169251556374
2024-10-10,4.41,4.59,4.41,4.43,105713988.0,475469563.0,3312680025.0,0.03191192243204956
2024-10-11,4.37,4.42,4.18,4.26,82711353.0,356784358.0,3312680025.0,0.02496810811059242
2024-10-14,4.27,4.35,4.22,4.31,67791608.0,290579720.0,3312680025.0,0.02046427891869816
2024-10-15,4.42,4.5,4.37,4.37,121329350.0,536731519.0,3312680025.0,0.03662573779669529
2024-10-16,4.33,4.4,4.29,4.33,67849428.0,294891234.0,3312680025.0,0.02048173306445436
2024-10-17,4.34,4.39,4.28,4.29,57096355.0,247621016.0,3312680025.0,0.017235698760250773
2024-10-18,4.29,4.45,4.26,4.37,87926366.0,381711331.0,3312680025.0,0.026542366101295883
2024-10-21,4.39,4.56,4.39,4.51,109030339.0,487891351.0,3312680025.0,0.0329130305906922
2024-10-22,4.53,4.64,4.47,4.6,100589756.0,457804443.0,3312680025.0,0.03036506853691672
2024-10-23,4.65,4.65,4.56,4.62,111507947.0,513819851.0,3312680025.0,0.03366094707562346
2024-10-24,4.62,4.68,4.57,4.59,64713053.0,298650477.0,3312680025.0,0.019534954330519744
2024-10-25,4.6,4.72,4.59,4.66,82125144.0,382432521.0,3312680025.0,0.024791148973103732
2024-10-28,4.68,4.85,4.67,4.85,110862088.0,531471087.0,3312680025.0,0.033465981369571005
2024-10-29,4.83,4.85,4.73,4.75,88289882.0,421630175.0,3312680025.0,0.026652100816769952
2024-10-30,4.75,4.82,4.7,4.77,66291350.0,315854215.0,3312680025.0,0.020011395456160905
2024-10-31,4.75,4.78,4.7,4.73,71591528.0,338620257.0,3312680025.0,0.02161136223834356
2024-11-01,4.73,4.75,4.63,4.68,69982500.0,328851980.0,3312680025.0,0.021125644333850203
2024-11-04,4.68,4.72,4.64,4.71,51765504.0,242634956.0,3312680025.0,0.015626472707698354
2024-11-05,4.71,4.76,4.68,4.74,75348250.0,356106164.0,3312680025.0,0.02274540536102638
2024-11-06,4.75,4.92,4.72,4.91,173840873.0,842587513.0,3312680025.0,0.05247741154837313
2024-11-07,4.96,5.04,4.85,5.02,209961986.0,1047221693.0,3312680025.0,0.06338130589597164
2024-11-08,5.02,5.03,4.88,4.9,138099863.0,682389026.0,3312680025.0,0.04168825904035208
2024-11-11,4.89,4.9,4.78,4.9,97012158.0,469455854.0,3312680025.0,0.029285097645372495
2024-11-12,4.88,4.94,4.8,4.83,85852310.0,418815606.0,3312680025.0,0.025916270014638677
2024-11-13,4.8,4.85,4.72,4.79,67575400.0,322336609.0,3312680025.0,0.020399012126140977
2024-11-14,4.78,4.78,4.64,4.65,73181663.0,343982533.0,3312680025.0,0.022091376905621907
2024-11-15,4.64,4.68,4.54,4.55,61202550.0,282165050.0,3312680025.0,0.01847523743256791
2024-11-18,4.54,4.58,4.44,4.47,70625499.0,317995213.0,3312680025.0,0.021319746690596837
2024-11-19,4.47,4.5,4.4,4.49,59160562.0,263937288.0,3312680025.0,0.017858821725469848
2024-11-20,4.5,4.57,4.46,4.56,51653709.0,233617136.0,3312680025.0,0.015592725107822631
2024-11-21,4.53,4.57,4.5,4.53,41385726.0,187501975.0,3312680025.0,0.0124931251094799
2024-11-22,4.55,4.55,4.38,4.39,54387729.0,242707075.0,3312680025.0,0.01641804478233602
2024-11-25,4.39,4.46,4.35,4.45,49205408.0,217141629.0,3312680025.0,0.014853655538312971
2024-11-26,4.45,4.54,4.44,4.45,46855950.0,210478041.0,3312680025.0,0.014144423743431122
2024-11-27,4.4,4.49,4.34,4.49,47844245.0,210763124.0,3312680025.0,0.014442760737207029
2024-11-28,4.48,4.57,4.47,4.54,62625479.0,284089312.0,3312680025.0,0.01890477755997578
2024-11-29,4.53,4.58,4.49,4.58,60739321.0,276433219.0,3312680025.0,0.018335402315229645
2024-12-02,4.58,4.74,4.57,4.72,91257078.0,427788868.0,3312680025.0,0.027547809420561228
2024-12-03,4.72,4.74,4.65,4.71,64966293.0,304520707.0,3312680025.0,0.01961139998723541
2024-12-04,4.69,4.72,4.6,4.63,57246837.0,266900936.0,3312680025.0,0.01728112481977489
2024-12-05,4.62,4.65,4.58,4.61,36818958.0,169554993.0,3312680025.0,0.011114553087571444
2024-12-06,4.57,4.62,4.53,4.61,48159302.0,220917578.0,3312680025.0,0.014537867115614344
2024-12-09,4.64,4.67,4.55,4.58,54426660.0,250779675.0,3312680025.0,0.016429796898358755
2024-12-10,4.69,4.72,4.6,4.61,75990844.0,354185931.0,3312680025.0,0.02293938546026642
2024-12-11,4.59,4.71,4.58,4.69,77574613.0,363079185.0,3312680025.0,0.023417478420663343
2024-12-12,4.7,4.8,4.64,4.78,91268187.0,432182058.0,3312680025.0,0.02755116289868654
2024-12-13,4.76,4.79,4.68,4.72,83941448.0,396331227.0,3312680025.0,0.0253394373638607
2024-12-16,4.7,4.76,4.67,4.7,57411150.0,270701546.0,3312680025.0,0.017330726048616785
2024-12-17,4.62,4.62,4.5,4.52,94389209.0,428764311.0,3312680025.0,0.028493307016574897
2024-12-18,4.53,4.54,4.43,4.46,68594587.0,307166813.0,3312680025.0,0.02070667449990133
2024-12-19,4.45,4.46,4.38,4.44,51903500.0,229142441.0,3312680025.0,0.015668129613574736
2024-12-20,4.43,4.47,4.4,4.42,45414802.0,200865845.0,3312680025.0,0.013709383839448846
2024-12-23,4.42,4.43,4.31,4.31,53794203.0,234249709.0,3312680025.0,0.016238876859228202
2024-12-24,4.31,4.36,4.31,4.35,33605190.0,145792725.0,3312680025.0,0.010144411698802694
2024-12-25,4.35,4.36,4.25,4.29,36802890.0,157594515.0,3312680025.0,0.011109702634198726
2024-12-26,4.26,4.33,4.25,4.27,31828598.0,136289998.0,3312680025.0,0.009608111184840437
2024-12-27,4.27,4.63,4.25,4.53,143096761.0,642692468.0,3312680025.0,0.043196674571671013
2024-12-30,4.5,4.51,4.4,4.44,68633077.0,303912212.0,3312680025.0,0.02071829349108355
2024-12-31,4.44,4.47,4.32,4.33,56111312.0,246288757.0,3312680025.0,0.016938343448972257
2025-01-02,4.34,4.39,4.18,4.21,69061165.0,296780705.0,3312680025.0,0.02084752058116449
2025-01-03,4.21,4.23,4.06,4.08,67629990.0,279600763.0,3312680025.0,0.020415491230548293
2025-01-06,4.05,4.11,4.01,4.07,42577410.0,172924679.0,3312680025.0,0.012852859219326503
2025-01-07,4.09,4.14,4.04,4.12,46207516.0,189167718.0,3312680025.0,0.013948680721133035
2025-01-08,4.09,4.1,3.97,4.01,63485661.0,255021361.0,3312680025.0,0.01916444103290658
2025-01-09,4.0,4.02,3.97,3.99,35505811.0,141954668.0,3312680025.0,0.010718152894950969
2025-01-10,3.98,4.0,3.92,3.93,41082519.0,162411784.0,3312680025.0,0.012401595895154407
2025-01-13,3.9,3.97,3.87,3.97,38577775.0,151725145.0,3312680025.0,0.011645487855410967
2025-01-14,3.96,4.07,3.96,4.05,56430326.0,226666524.0,3312680025.0,0.017034644328499552
2025-01-15,4.04,4.05,3.99,4.02,37058006.0,148775046.0,3312680025.0,0.011186714599759753
2025-01-16,4.03,4.11,4.02,4.05,45226493.0,184035103.0,3312680025.0,0.013652538928808858
2025-01-17,4.05,4.09,4.01,4.08,33786147.0,137364904.0,3312680025.0,0.010199037258360018
2025-01-20,4.11,4.12,4.03,4.06,31594821.0,128536886.0,3312680025.0,0.00953754083146017
2025-01-21,4.12,4.14,4.02,4.04,43809659.0,177919636.0,3312680025.0,0.01322483870140763
2025-01-22,4.02,4.03,3.98,4.01,31666040.0,126660203.0,3312680025.0,0.009559039738527116
2025-01-23,4.03,4.11,4.03,4.05,55236163.0,225116249.0,3312680025.0,0.01667416188196444
2025-01-24,4.04,4.07,3.99,4.07,43755188.0,176719100.0,3312680025.0,0.01320839551957633
2025-01-27,4.07,4.14,4.07,4.11,50473856.0,207425620.0,3312680025.0,0.015236562426520503
2025-02-05,4.11,4.19,4.08,4.17,53967917.0,223643584.0,3312680025.0,0.01629131597157501
2025-02-06,4.15,4.18,4.07,4.17,62847887.0,259136200.0,3312680025.0,0.0189719159489302
2025-02-07,4.15,4.2,4.13,4.19,69678848.0,290698480.0,3312680025.0,0.02103398078720265
2025-02-10,4.18,4.25,4.17,4.22,57547851.0,242135003.0,3312680025.0,0.017371992032342454
2025-02-11,4.2,4.21,4.13,4.15,44181450.0,183476339.0,3312680025.0,0.01333707139433124
2025-02-12,4.13,4.16,4.11,4.15,39552719.0,163482711.0,3312680025.0,0.01193979457765469
2025-02-13,4.15,4.24,4.13,4.19,70601576.0,296873409.0,3312680025.0,0.02131252504533697
2025-02-14,4.17,4.21,4.13,4.15,52936879.0,220013985.0,3312597525.0,0.015980474114494183
2025-02-17,4.2,4.31,4.13,4.26,157274949.0,667152582.0,3524077886.9999995,0.04462868132970979
2025-02-18,4.27,4.27,4.12,4.13,101796532.0,424897668.0,3524077886.9999995,0.028886005152019507
2025-02-19,4.13,4.2,4.11,4.2,75054999.0,311665862.0,3524077886.9999995,0.021297769631276033
2025-02-20,4.17,4.24,4.14,4.19,66191690.0,277782648.0,3524077886.9999995,0.018782697807041972
2025-02-21,4.19,4.25,4.18,4.22,66631767.0,280556453.0,3524077886.9999995,0.018907575012969628
2025-02-24,4.47,4.55,4.33,4.34,264970793.0,1174814436.0,3524077886.9999995,0.07518868807566739
2025-02-25,4.27,4.3,4.15,4.2,170525880.0,716520791.0,3524077886.9999995,0.048388794308166214
2025-02-26,4.17,4.18,4.14,4.17,104094595.0,432743889.0,3524077886.9999995,0.029538108503218793
2025-02-27,4.16,4.17,4.09,4.14,94163791.0,388515677.0,3524077886.9999995,0.026720121977826198
2025-02-28,4.13,4.15,4.07,4.09,64507950.0,265013614.0,3524077886.9999995,0.018304916085414548
2025-03-03,4.1,4.12,4.08,4.09,58619771.0,240137848.0,3524077886.9999995,0.016634073615751505
2025-03-04,4.09,4.14,4.06,4.12,63087609.0,258468551.0,3524077886.9999995,0.01790187703646517
2025-03-05,4.16,4.17,4.08,4.1,49721526.0,204124533.0,3524077886.9999995,0.014109088276231963
2025-03-06,4.09,4.11,4.07,4.1,64534274.0,264314665.0,3524077886.9999995,0.018312385840863796
2025-03-07,4.09,4.11,4.06,4.07,63485058.0,258725919.0,3524077886.9999995,0.01801465802847053
2025-03-10,4.09,4.12,4.06,4.08,53421118.0,218183760.0,3524077886.9999995,0.015158892542377003
2025-03-11,4.06,4.1,4.03,4.1,59364082.0,242097260.0,3524077886.9999995,0.01684528092270283
2025-03-12,4.1,4.11,4.06,4.07,54256036.0,221139865.0,3524077886.9999995,0.015395810688562118
2025-03-13,4.06,4.08,4.04,4.06,55813994.0,226276259.0,3524077886.9999995,0.015837900236510865
2025-03-14,4.06,4.11,4.05,4.11,86110516.0,352393740.0,3524077886.9999995,0.02443490716185752
2025-03-17,4.12,4.17,4.11,4.13,81091722.0,335663424.0,3524077886.9999995,0.023010763269205807
2025-03-18,4.13,4.14,4.09,4.1,50922330.0,209054938.0,3524077886.9999995,0.014449831028947405
2025-03-19,4.1,4.1,4.07,4.08,42011393.0,171570863.0,3524077886.9999995,0.011921244179924677
2025-03-20,4.09,4.1,4.07,4.07,38105017.0,155616042.0,3524077886.9999995,0.010812762436541461
2025-03-21,4.06,4.09,4.03,4.05,60149498.0,244183984.0,3524077886.9999995,0.017068152273786566
2025-03-24,4.04,4.06,3.98,4.01,61731016.0,247657043.0,3524077886.9999995,0.017516927258537634
2025-03-25,4.01,4.04,3.99,4.04,44894004.0,180130790.0,3524077886.9999995,0.012739220141986609
2025-03-26,4.03,4.08,4.02,4.06,60592246.0,246041232.0,3524077886.9999995,0.017193787408479037
2025-03-27,4.06,4.08,4.04,4.06,40287619.0,163770471.0,3524077886.9999995,0.011432102323452422
2025-03-28,4.06,4.07,4.02,4.03,33251436.0,134355119.0,3524077886.9999995,0.009435499743822774
2025-03-31,4.02,4.04,3.96,3.97,47118431.0,187919096.0,3524077886.9999995,0.013370428381794731
2025-04-01,3.97,4.03,3.97,4.02,39152242.0,157078070.0,3524077886.9999995,0.011109925278447742
2025-04-02,4.02,4.03,3.99,4.0,25748233.0,103055645.0,3524077886.9999995,0.007306374554030963
2025-04-03,4.0,4.07,3.99,4.06,62378751.0,252202555.0,3524077886.9999995,0.017700729949842908
2025-04-07,4.13,4.45,4.04,4.34,424733061.0,1806716725.0,3524077886.9999995,0.1205231764504415
2025-04-08,4.35,4.77,4.08,4.77,536458624.0,2423987573.0,3524077886.9999995,0.15222666501752039
2025-04-09,4.86,5.2,4.51,4.68,633863283.0,3082836288.0,3524077886.9999995,0.17986642274231895
2025-04-10,4.44,4.88,4.44,4.74,478324514.0,2239035154.0,3524077886.9999995,0.13573040362260305
2025-04-11,4.64,4.68,4.39,4.4,355456581.0,1588316174.0,3524077886.9999995,0.10086513192890735
2025-04-14,4.38,4.57,4.38,4.44,227997378.0,1012837358.0,3524077886.9999995,0.0646970314819265
2025-04-15,4.4,4.42,4.29,4.32,190504259.0,825040581.0,3524077886.9999995,0.054057902551686715
2025-04-16,4.3,4.31,4.18,4.25,165845138.0,704238646.0,3524077886.9999995,0.04706057678571394
2025-04-17,4.22,4.29,4.2,4.24,113675783.0,483227874.0,3524077886.9999995,0.03225688723264022
2025-04-18,4.24,4.25,4.16,4.19,99659800.0,417236251.0,3524077886.9999995,0.028279681435996597
2025-04-21,4.18,4.21,4.15,4.2,93475211.0,391510465.0,3524077886.9999995,0.026524729020553573
2025-04-22,4.18,4.24,4.17,4.22,114216167.0,480368708.0,3524077886.9999995,0.03241022777088241
2025-04-23,4.2,4.21,4.12,4.12,138141564.0,573520170.0,3524077886.9999995,0.03919935042003231
2025-04-24,4.12,4.14,4.08,4.1,93728022.0,385469621.0,3524077886.9999995,0.026596467219341006
2025-04-25,4.1,4.12,4.08,4.11,77436300.0,317308089.0,3524077886.9999995,0.021973492778254253
2025-04-28,4.1,4.1,4.05,4.05,73123939.0,297072830.0,3524077886.9999995,0.02074980784895462
2025-04-29,4.05,4.08,4.04,4.08,56414140.0,229323852.0,3524077886.9999995,0.016008198969752228
2025-04-30,4.1,4.11,4.06,4.08,75741550.0,309434156.0,3524077886.9999995,0.021492586835099088
2025-05-06,4.1,4.12,4.08,4.12,100423256.0,412167012.0,3524077886.9999995,0.028496321369755245
2025-05-07,4.14,4.21,4.1,4.21,186262709.0,774403500.0,3524077886.9999995,0.05285431110563875
2025-05-08,4.16,4.18,4.13,4.17,106044827.0,441042376.0,3524077886.9999995,0.030091510573926204
2025-05-09,4.16,4.19,4.12,4.13,90641810.0,376583065.0,3524077886.9999995,0.025720716995038428
2025-05-12,4.1,4.12,4.07,4.11,98111966.0,401237716.0,3524077886.9999995,0.027840464696290073
2025-05-13,4.1,4.12,4.08,4.09,67837504.0,278077782.0,3524077886.9999995,0.01924971756448583
2025-05-14,4.09,4.11,4.08,4.11,57623100.0,236065436.0,3524077886.9999995,0.016351256086752888
2025-05-15,4.1,4.12,4.09,4.09,70210004.0,288228577.0,3524077886.9999995,0.01992294332057707
2025-05-16,4.08,4.09,4.05,4.08,60862086.0,247539905.0,3524077886.9999995,0.017270357793315143
2025-05-19,4.07,4.1,4.06,4.1,47135246.0,192635011.0,3524077886.9999995,0.013375199842738324
2025-05-20,4.09,4.12,4.09,4.11,62902139.0,258256340.0,3524077886.9999995,0.01784924766618815
2025-05-21,4.1,4.12,4.08,4.1,48621891.0,199110111.0,3524077886.9999995,0.013797053458824421
2025-05-22,4.09,4.1,4.05,4.06,60570485.0,246223879.0,3524077886.9999995,0.017187612459826432
2025-05-23,4.06,4.07,4.02,4.02,56028450.0,226750227.0,3524077886.9999995,0.015898754737142393
2025-05-26,4.02,4.05,4.01,4.04,34623351.0,139571742.0,3524077886.9999995,0.009824797325769208
2025-05-27,4.03,4.06,4.02,4.05,33172280.0,134256052.0,3524077886.9999995,0.009413038265235141
2025-05-28,4.05,4.05,4.02,4.02,35244700.0,141994624.0,3524077886.9999995,0.010001112668370489
2025-05-29,4.02,4.04,4.0,4.04,37421871.0,150824729.0,3524077886.9999995,0.010618911442918403
2025-05-30,4.03,4.08,4.03,4.05,66198454.0,268669800.0,3524077886.9999995,0.018784617174381995
2025-06-03,4.03,4.11,4.03,4.1,74324188.0,303092469.0,3524077886.9999995,0.021090393113663897
2025-06-04,4.08,4.1,4.06,4.09,48017061.0,195913355.0,3524077886.9999995,0.013625425583563444
2025-06-05,4.08,4.09,4.04,4.06,50099828.0,203242583.0,3524077886.9999995,0.014216436073905651
2025-06-06,4.06,4.08,4.05,4.06,33872171.0,137549118.0,3524077886.9999995,0.009611640856449664
2025-06-09,4.06,4.09,4.05,4.08,56689865.0,230988887.0,3524077886.9999995,0.016086439294978046
2025-06-10,4.08,4.14,4.04,4.11,136259822.0,558058965.0,3524077886.9999995,0.03866538322057239
2025-06-11,4.08,4.14,4.07,4.13,101812985.0,419169368.0,3524077886.9999995,0.028890673891056373
2025-06-12,4.12,4.13,4.07,4.09,68801650.0,281139945.0,3524077886.9999995,0.019523305728798727
2025-06-13,4.08,4.12,4.06,4.06,67397770.0,275181535.0,3524077886.9999995,0.019124937688983604
2025-06-16,4.05,4.07,4.04,4.06,46407009.0,188056047.0,3524077886.9999995,0.013168553728960192
2025-06-17,4.06,4.08,4.05,4.06,38101035.0,154897415.0,3524077886.9999995,0.010811632495567486
2025-06-18,4.06,4.07,4.03,4.04,45998450.0,185869759.0,3524077886.9999995,0.013052620139209768
2025-06-19,4.03,4.04,3.99,4.0,59718735.0,239360424.0,3524077886.9999995,0.016945918028740778
2025-06-20,4.0,4.01,3.99,4.0,34629080.0,138417793.0,3524077886.9999995,0.009826422999259893
2025-06-23,3.98,4.02,3.96,4.01,36897178.0,147224800.0,3524077886.9999995,0.01047002341693704
2025-06-24,4.01,4.05,4.0,4.04,45208724.0,182126549.0,3524077886.9999995,0.012828525773159226
2025-06-25,4.05,4.06,4.02,4.06,53378649.0,215578043.0,3524077886.9999995,0.015146841446640254
2025-06-26,4.05,4.06,4.03,4.04,43601249.0,176386461.0,3524077886.9999995,0.0123723851736765
2025-06-27,4.03,4.06,4.03,4.04,34707785.0,140458209.0,3524077886.9999995,0.009848756501107378
2025-06-30,4.05,4.05,4.02,4.04,40615166.0,163981124.0,3524077886.9999995,0.011525047772021619
2025-07-01,4.04,4.06,4.04,4.05,43028903.0,174264650.0,3524077886.9999995,0.012209975028852137
2025-07-02,4.05,4.08,4.04,4.08,59198183.0,240789909.0,3524077886.9999995,0.016798205061918942
2025-07-03,4.08,4.09,4.06,4.08,54575900.0,222395935.0,3524077886.9999995,0.015486575992354056
2025-07-04,4.07,4.09,4.06,4.08,53255990.0,217030383.0,3524077886.9999995,0.015112035462228706
2025-07-07,4.08,4.11,4.06,4.11,67216099.0,275046441.0,3524077886.9999995,0.019073386331202848
2025-07-08,4.11,4.11,4.08,4.1,56534419.0,231734020.0,3524077886.9999995,0.016042329600191384
2025-07-09,4.11,4.14,4.1,4.12,82340774.0,339296241.0,3524077886.9999995,0.023365196979257347
2025-07-10,4.14,4.17,4.11,4.15,84781516.0,350869515.0,3524077886.9999995,0.024057787233577113
2025-07-11,4.15,4.18,4.14,4.16,112099150.0,466085220.0,3524077886.9999995,0.031809498426105594
2025-07-14,4.15,4.16,4.12,4.13,66982819.0,277071066.0,3524077886.9999995,0.019007190291421616
2025-07-15,4.15,4.15,4.07,4.09,78104850.0,320136032.0,3524077886.9999995,0.022163201979196214
2025-07-16,4.09,4.12,4.08,4.11,48169539.0,197916165.0,3524077886.9999995,0.013668693072219833
2025-07-17,4.11,4.14,4.09,4.11,51588650.0,212119264.0,3524077886.9999995,0.014638907440242965
2025-07-18,4.12,4.15,4.11,4.14,68706949.0,283982807.0,3524077886.9999995,0.01949643316722756
2025-07-21,4.14,4.18,4.13,4.18,83581088.0,347876599.0,3524077886.9999995,0.023717151175438822
2025-07-22,4.17,4.25,4.14,4.24,143627396.0,603062869.0,3524077886.9999995,0.0407560220305653
2025-07-23,4.28,4.4,4.23,4.24,206019806.0,887780488.0,3524077886.9999995,0.05846062788793295
2025-07-24,4.27,4.3,4.2,4.28,130879570.0,557500026.0,3524077886.9999995,0.03713867122029361
2025-07-25,4.34,4.36,4.23,4.24,99771456.0,426599138.0,3524077886.9999995,0.028311365185215615
2025-07-28,4.25,4.35,4.21,4.25,128432199.0,548324384.0,3524077886.9999995,0.03644419990652721
2025-07-29,4.26,4.27,4.17,4.2,95943527.0,402659776.0,3524077886.9999995,0.02722514373303918
2025-07-30,4.19,4.24,4.18,4.21,120635962.0,508037495.0,3524077886.9999995,0.03423192275205239
2025-07-31,4.2,4.21,4.12,4.13,102253771.0,424481213.0,3524077886.9999995,0.02901575228436488
2025-08-01,4.14,4.16,4.1,4.13,64172425.0,265157265.0,3524077886.9999995,0.018209706782226977
2025-08-04,4.11,4.14,4.09,4.13,51083600.0,210436625.0,3524077886.9999995,0.014495593354631213
2025-08-05,4.13,4.17,4.12,4.13,87522924.0,362485519.0,3524077886.9999995,0.024835695125486314
2025-08-06,4.14,4.14,4.1,4.13,57533951.0,237061746.0,3524077886.9999995,0.016325958972767736
2025-08-07,4.13,4.17,4.12,4.16,85786576.0,356211299.0,3524077886.9999995,0.02434298524344732
2025-08-08,4.16,4.21,4.15,4.2,89464208.0,373633623.0,3524077886.9999995,0.025386558092267277
2025-08-11,4.19,4.2,4.16,4.2,72212244.0,302248017.0,3524077886.9999995,0.020491103294392087
2025-08-12,4.19,4.22,4.16,4.18,70451875.0,294844761.0,3524077886.9999995,0.019991577161188892
2025-08-13,4.18,4.19,4.14,4.17,63489020.0,264294137.0,3524077886.9999995,0.01801578229420104
2025-08-14,4.17,4.18,4.11,4.13,65476950.0,271382098.0,3524077886.9999995,0.018579881631316512
2025-08-15,4.11,4.15,4.11,4.14,76808298.0,317680619.0,3524077886.9999995,0.021795289565914186
2025-08-18,4.15,4.18,4.14,4.17,90894325.0,378616578.0,3524077886.9999995,0.025792371200222573
2025-08-19,4.17,4.2,4.16,4.17,83341163.0,348312377.0,3524077886.9999995,0.02364906953601619
2025-08-20,4.17,4.19,4.15,4.19,89185950.0,372068878.0,3524077886.9999995,0.025307598997456555
2025-08-21,4.19,4.25,4.18,4.22,135319974.0,570760802.0,3524077886.9999995,0.038398689909545695
2025-08-22,4.23,4.24,4.18,4.22,100472238.0,422226863.0,3524077886.9999995,0.028510220608526527
2025-08-25,4.22,4.27,4.21,4.27,143717881.0,609548096.0,3524077886.9999995,0.04078169825081395
2025-08-26,4.25,4.34,4.24,4.33,166563944.0,717504600.0,3524077886.9999995,0.04726454673843593
2025-08-27,4.31,4.4,4.27,4.28,175539819.0,760905958.0,3524077886.9999995,0.04981156053546668
2025-08-28,4.29,4.31,4.17,4.24,135213274.0,572706245.0,3524077886.9999995,0.03836841248565742
2025-08-29,4.24,4.29,4.21,4.23,105804921.0,449845963.0,3524077886.9999995,0.030023434325984866
2025-09-01,4.26,4.31,4.22,4.26,111158525.0,474282126.0,3524077886.9999995,0.031542584631870256
2025-09-02,4.26,4.29,4.23,4.25,102099925.0,434969007.0,3524077886.9999995,0.028972096609055455
2025-09-03,4.26,4.28,4.15,4.17,105160021.0,442151931.0,3524077886.9999995,0.029840436100440824
2025-09-04,4.17,4.24,4.14,4.21,115574061.0,485199563.0,3524077886.9999995,0.03279554672339738
2025-09-05,4.21,4.23,4.16,4.23,88941329.0,373177810.0,3524077886.9999995,0.02523818481086823
2025-09-08,4.23,4.34,4.23,4.33,180334322.0,778759417.0,3524077886.9999995,0.05117205912651272
2025-09-09,4.33,4.34,4.27,4.31,99068671.0,426506464.0,3524077886.9999995,0.02811194138627164
2025-09-10,4.23,4.24,4.14,4.21,197677791.0,828233179.0,3524077886.9999995,0.056093479582053296
2025-09-11,4.2,4.31,4.19,4.29,179717259.0,767595392.0,3524077886.9999995,0.050996959988586096
2025-09-12,4.29,4.34,4.25,4.31,156457375.0,674180480.0,3524077886.9999995,0.044396684754657925
2025-09-15,4.31,4.35,4.29,4.35,128575365.0,556769162.0,3524077886.9999995,0.03648482500182608
2025-09-16,4.34,4.35,4.26,4.33,139968472.0,601375475.0,3524077886.9999995,0.039717757804482945
2025-09-17,4.33,4.35,4.26,4.29,92866250.0,398148839.0,3524077886.9999995,0.026351928923754802
2025-09-18,4.28,4.29,4.18,4.21,125225072.0,530373840.0,3524077886.9999995,0.03553413857904328
2025-09-19,4.2,4.22,4.17,4.21,80867853.0,339184436.0,3524077886.9999995,0.022947237715237254
2025-09-22,4.2,4.21,4.13,4.14,96124187.0,399021489.0,3524077886.9999995,0.02727640820726276
2025-09-23,4.15,4.16,4.08,4.12,88556698.0,363889049.0,3524077886.9999995,0.025129041082399894
2025-09-24,4.11,4.14,4.09,4.14,61587672.0,254087839.0,3524077886.9999995,0.017476251653571927
2025-09-25,4.13,4.13,4.08,4.09,79043025.0,324113661.0,3524077886.9999995,0.022429420556107027
2025-09-26,4.08,4.11,4.08,4.08,55514324.0,227136288.0,3524077886.9999995,0.015752865226046013
2025-09-29,4.08,4.09,4.02,4.07,76859814.0,311442704.0,3524077886.9999995,0.02180990785803254
2025-09-30,4.08,4.09,4.05,4.08,53473033.0,217834497.0,3524077886.9999995,0.015173624055602493
2025-10-09,4.07,4.12,4.05,4.11,73857737.0,301356564.0,3524077886.9999995,0.020958031964178326
2025-10-10,4.1,4.15,4.09,4.14,81509400.0,336306424.0,3524077886.9999995,0.023129284486214312
2025-10-13,4.2,4.26,4.16,4.17,163659666.0,687679882.0,3524077886.9999995,0.04644042250136568
2025-10-14,4.14,4.19,4.13,4.16,123395002.0,513325083.0,3524077886.9999995,0.03501483393860075
2025-10-15,4.15,4.17,4.12,4.14,83081487.0,344252765.0,3524077886.9999995,0.02357538330990924
2025-10-16,4.14,4.15,4.1,4.11,62013559.0,255725601.0,3524077886.9999995,0.017597102274260833
2025-10-17,4.12,4.14,4.08,4.09,63648422.0,261856103.0,3524077886.9999995,0.018061014552145174
2025-10-20,4.1,4.11,4.07,4.09,51664849.0,211223535.0,3524077886.9999995,0.014660529834084227
2025-10-21,4.1,4.14,4.08,4.12,64587805.0,265511258.0,3524077886.9999995,0.018327575913761298
2025-10-22,4.12,4.14,4.1,4.1,49880156.0,205572616.0,3524077886.9999995,0.014154101469778328
2025-10-23,4.1,4.14,4.09,4.13,61003431.0,251246080.0,3524077886.9999995,0.017310466157696477
2025-10-24,4.13,4.14,4.11,4.12,49583309.0,204386570.0,3524077886.9999995,0.014069867519928628
2025-10-27,4.13,4.16,4.1,4.14,87837172.0,363049686.0,3524077886.9999995,0.024924866820913147
2025-10-28,4.14,4.15,4.12,4.13,52574600.0,217437300.0,3524077886.9999995,0.014918682754981915
2025-10-29,4.13,4.14,4.1,4.13,44328990.0,182569801.0,3524077886.9999995,0.012578890541416688
2025-10-30,4.14,4.15,4.11,4.11,62958200.0,259799144.0,3524077886.9999995,0.01786515565738403
2025-10-31,4.11,4.13,4.09,4.12,62586839.0,257334455.0,3524077886.9999995,0.017759777452955032
2025-11-03,4.12,4.14,4.1,4.13,60207700.0,248436849.0,3524077886.9999995,0.017084667799795426
2025-11-04,4.13,4.13,4.1,4.11,59630258.0,245344312.0,3524077886.9999995,0.016920811602936063
2025-11-05,4.1,4.14,4.09,4.14,64067153.0,264310611.0,3524077886.9999995,0.018179834570722135
2025-11-06,4.13,4.14,4.12,4.13,43337296.0,178950724.0,3524077886.9999995,0.012297485296754455
2025-11-07,4.14,4.17,4.12,4.17,90761181.0,377180664.0,3524077886.9999995,0.02575458996942425
2025-11-10,4.17,4.21,4.15,4.2,88697964.0,371242182.0,3524077886.9999995,0.02516912702956954
2025-11-11,4.2,4.29,4.18,4.27,135519845.0,574668122.0,3524077886.9999995,0.03845540573888003
2025-11-12,4.27,4.28,4.22,4.23,80975930.0,343108540.0,3524077886.9999995,0.02297790587963813
2025-11-13,4.23,4.26,4.2,4.24,73071008.0,308810861.0,3524077886.9999995,0.020734788033361082
2025-11-14,4.24,4.28,4.23,4.24,71759810.0,305170354.0,3524077886.9999995,0.020362719639289293
2025-11-17,4.24,4.27,4.22,4.24,66953019.0,284250864.0,3524077886.9999995,0.01899873417865807
2025-11-18,4.22,4.24,4.18,4.21,79949344.0,336394950.0,3524077886.9999995,0.022686599605226038
2025-11-19,4.22,4.23,4.15,4.2,92198416.0,386357311.0,3524077886.9999995,0.026162422896528908
2025-11-20,4.21,4.23,4.13,4.15,82137588.0,341960602.0,3524077886.9999995,0.02330754047831861
2025-11-21,4.14,4.22,4.08,4.08,147858525.0,614036389.0,3524077886.9999995,0.04195665639100559
2025-11-24,4.07,4.12,4.03,4.06,118764660.0,483404405.0,3524077886.9999995,0.033700918029681455
2025-11-25,4.06,4.08,4.03,4.05,88325080.0,358226022.0,3524077886.9999995,0.025063316655350647
2025-11-26,4.05,4.07,4.03,4.03,78038840.0,315781711.0,3524077886.9999995,0.022144470838138433
2025-11-27,4.03,4.05,4.01,4.03,61338981.0,247329417.0,3524077886.9999995,0.01740568255493838
2025-11-28,4.03,4.05,4.01,4.04,48938190.0,197348989.0,3524077886.9999995,0.013886807150468637
2025-12-01,4.05,4.07,4.03,4.07,51033404.0,206907312.0,3524077886.9999995,0.01448134962858158
2025-12-02,4.07,4.07,4.04,4.06,47203961.0,191457557.0,3524077886.9999995,0.013394698560474809
2025-12-03,4.06,4.07,4.02,4.03,55628297.0,224898248.0,3524077886.9999995,0.015785206452220507
2025-12-04,4.03,4.03,3.98,3.99,66647600.0,266719493.0,3524077886.9999995,0.018912067819459068
2025-12-05,3.99,4.03,3.99,4.03,42356633.0,170008808.0,3524077886.9999995,0.0120192102326256
2025-12-08,4.04,4.05,4.02,4.04,38674129.0,155965359.0,3524077886.9999995,0.010974254894497456
2025-12-09,4.03,4.04,4.0,4.01,38409100.0,154205852.0,3524077886.9999995,0.01089904968947697
2025-12-10,4.0,4.03,4.0,4.02,43013079.0,172621771.0,3524077886.9999995,0.01220548477622226
2025-12-11,4.02,4.02,3.98,3.98,62874038.0,250942544.0,3524077886.9999995,0.01784127366535699
2025-12-12,3.98,3.99,3.96,3.99,60403529.0,240006392.0,3524077886.9999995,0.017140236662425392
2025-12-15,3.98,4.02,3.97,3.99,61873887.0,247539670.0,3524077886.9999995,0.017557468643995384
2025-12-16,3.99,4.01,3.96,3.97,48598354.0,193316284.0,3524077886.9999995,0.013790374548552083
2025-12-17,4.02,4.03,3.97,3.99,60711054.0,242312027.0,3524077886.9999995,0.01722750062476131
2025-12-18,3.98,4.0,3.97,3.98,36116067.0,143995673.0,3524077886.9999995,0.01024837366200925
2025-12-19,3.98,4.02,3.97,4.01,57669159.0,230893902.0,3524077886.9999995,0.01636432588869169
2025-12-22,4.0,4.03,3.99,4.01,53573135.0,214777320.0,3524077886.9999995,0.015202029216671511
2025-12-23,4.01,4.03,3.99,3.99,51823300.0,207459662.0,3524077886.9999995,0.014705492234201579
2025-12-24,3.99,4.01,3.98,4.0,39186650.0,156488951.0,3524077886.9999995,0.011119688967305735
2025-12-25,4.0,4.01,3.99,4.0,40686356.0,162747663.0,3524077886.9999995,0.011545248801136956
2025-12-26,4.0,4.02,3.99,4.01,72219771.0,289217049.0,3524077886.9999995,0.020493239172270316
2025-12-29,4.01,4.03,4.0,4.02,57912488.0,232906281.0,3524077886.9999995,0.016433373454552144
2025-12-30,4.02,4.09,4.0,4.05,98755229.0,398959341.0,3524077886.9999995,0.028022998403156467
2025-12-31,4.03,4.04,4.0,4.0,59481884.0,238636782.0,3523616311.0,0.01688091970011317
2026-01-05,4.0,4.02,3.99,4.02,54711801.0,219008650.0,3523616311.0,0.01552717327059734
2026-01-06,4.01,4.05,4.0,4.05,84640693.0,341171191.0,3523616311.0,0.024020973207488368
2026-01-07,4.05,4.06,4.03,4.03,74278650.0,300462220.0,3523616311.0,0.021080232194441106
2026-01-08,4.04,4.05,4.03,4.04,54506300.0,220287153.0,3523616311.0,0.015468852221464246
2026-01-09,4.04,4.09,4.04,4.08,98339779.0,399775505.0,3523616311.0,0.02790876483713723
2026-01-12,4.07,4.1,4.05,4.1,89188197.0,363561175.0,3523616311.0,0.025311551862662495
2026-01-13,4.09,4.12,4.06,4.07,98663535.0,403162248.0,3523616311.0,0.028000646577776612
2026-01-14,4.06,4.08,4.02,4.05,122498360.0,496737472.0,3523616311.0,0.03476495429357206
2026-01-15,4.05,4.08,4.03,4.07,75669963.0,307154416.0,3523616311.0,0.02147508591209947
2026-01-16,4.07,4.08,4.02,4.03,68927305.0,278589635.0,3523616311.0,0.019561523990232206
2026-01-19,4.03,4.07,4.02,4.06,69253684.0,280659892.0,3523616311.0,0.01965415013655271
2026-01-20,4.06,4.07,4.04,4.07,59772549.0,242524892.0,3523616311.0,0.016963410236637423
2026-01-21,4.06,4.07,4.04,4.05,57992964.0,234989016.0,3523616311.0,0.016458365179817674
2026-01-22,4.05,4.08,4.04,4.08,66509216.0,270327942.0,3523616311.0,0.018875271916630652
2026-01-23,4.08,4.09,4.06,4.08,54313874.0,221300779.0,3523616311.0,0.015414241848762972
2026-01-26,4.08,4.2,4.07,4.19,228562166.0,948297769.0,3523616311.0,0.06486579293167541
2026-01-27,4.21,4.21,4.09,4.13,148168059.0,611249944.0,3523616311.0,0.04204999804815582
2026-01-28,4.12,4.36,4.11,4.3,344156555.0,1468828849.0,3523616311.0,0.09767140477969027
2026-01-29,4.37,4.52,4.33,4.42,374891077.0,1654994557.0,3523616311.0,0.10639384198264372
2026-01-30,4.39,4.76,4.37,4.59,516810875.0,2383996616.0,3523616311.0,0.14667058765354887
2026-02-02,4.31,4.32,4.13,4.13,444202771.0,1857740311.0,3523616311.0,0.1260644553191819
2026-02-03,4.13,4.17,4.05,4.12,215474175.0,882837404.0,3523616311.0,0.06115142966256975
2026-02-04,4.21,4.24,4.11,4.13,225810410.0,937017824.0,3523616311.0,0.06408484638212926
2026-02-05,4.06,4.09,4.01,4.04,209039841.0,845819101.0,3523616311.0,0.059325369889854616
2026-02-06,4.02,4.05,4.01,4.03,126257082.0,508840342.0,3523616311.0,0.0358316771340431
2026-02-09,4.03,4.04,4.02,4.03,105651031.0,425727514.0,3523616311.0,0.02998369336359903
2026-02-10,4.03,4.04,4.0,4.02,96852778.0,388804246.0,3523616311.0,0.027486754927784192
2026-02-11,4.02,4.08,4.0,4.05,135281610.0,546097203.0,3523616311.0,0.03839283226657762
2026-02-12,4.04,4.05,4.01,4.01,82712019.0,332235774.0,3523616311.0,0.023473616790168163
2026-02-13,4.01,4.02,3.99,3.99,81397639.0,325887586.0,3523616311.0,0.023100596607494816
2026-02-24,4.0,4.02,3.99,4.01,60035585.0,240541032.0,3523616311.0,0.017038059681067245
2026-02-25,4.01,4.07,4.0,4.05,108469442.0,438954090.0,3523616311.0,0.030783556558465482
2026-02-26,4.05,4.09,4.02,4.03,89200200.0,361018850.0,3523616311.0,0.025314958306196806
2026-02-27,4.03,4.06,4.02,4.05,76058807.0,307559118.0,3523616311.0,0.02158543958448602
2026-03-02,4.04,4.15,4.02,4.13,198127276.0,812944831.0,3523616311.0,0.05622839109397005
2026-03-03,4.13,4.28,4.1,4.24,328413785.0,1384279550.0,3523616311.0,0.09320361697008843
2026-03-04,4.24,4.45,4.18,4.42,439860747.0,1904331628.0,3523616311.0,0.12483219175335461
2026-03-05,4.28,4.29,4.13,4.14,305046205.0,1271721744.0,3523616311.0,0.08657191307910256
2026-03-06,4.13,4.26,4.1,4.24,231257661.0,972404527.0,3523616311.0,0.06563077264628998
2026-03-09,4.32,4.43,4.24,4.26,290853515.0,1258091952.0,3523616311.0,0.08254403695771745
2026-03-10,4.26,4.29,4.2,4.23,188578236.0,801162192.0,3523616311.0,0.05351837979955361
2026-03-11,4.21,4.28,4.18,4.26,178087008.0,751596642.0,3523616311.0,0.050540976168162596
2026-03-12,4.28,4.31,4.19,4.29,199948469.0,851810054.0,3523616311.0,0.05674524447392365
2026-03-13,4.32,4.37,4.25,4.29,217637230.0,936689692.0,3523616311.0,0.06176530325409769
2026-03-16,4.3,4.43,4.3,4.34,218914370.0,953821820.0,3523616311.0,0.06212775474917479
2026-03-17,4.3,4.36,4.21,4.22,167847687.0,717693431.0,3523616311.0,0.04763506357829435
2026-03-18,4.21,4.22,4.12,4.16,133279602.0,554073426.0,3523616311.0,0.03782466370811394
2026-03-19,4.16,4.2,4.12,4.13,143055175.0,593819726.0,3523616311.0,0.040598964919480986
2026-03-20,4.13,4.18,4.07,4.08,125441871.0,515628885.0,3523616311.0,0.0356003207864592
2026-03-23,4.03,4.03,3.81,3.83,223225714.0,874071803.0,3523616311.0,0.06335131135110698
2026-03-24,3.9,3.91,3.78,3.88,120516116.0,462762674.0,3523616311.0,0.03420239474535682
2026-03-25,3.88,3.93,3.85,3.92,92019900.0,359226132.0,3523616311.0,0.026115187318418564
2026-03-26,3.9,3.94,3.88,3.89,81248965.0,317378076.0,3523616311.0,0.023058403023722408
2026-03-27,3.87,3.97,3.85,3.96,96369469.0,379101768.0,3523616311.0,0.02734959215030152
2026-03-30,3.92,4.13,3.9,4.06,164665703.0,668169957.0,3523616311.0,0.04673201860428101
2026-03-31,4.03,4.06,3.96,3.96,104364400.0,416869699.0,3523616311.0,0.029618548328941483
2026-04-01,3.99,4.0,3.95,3.97,59606600.0,236507847.0,3523616311.0,0.016916314019185502
2026-04-02,3.98,4.01,3.96,3.97,72809600.0,289915224.0,3523616311.0,0.02066331676712459
2026-04-03,3.98,3.98,3.88,3.9,64783000.0,252727105.0,3523616311.0,0.01838537294703765
2026-04-07,3.89,4.0,3.86,3.98,83707600.0,330366516.0,3523616311.0,0.02375616202555375
2026-04-08,3.99,4.01,3.96,4.0,84983890.0,339050234.0,3523616311.0,0.024118372291187865
2026-04-09,3.99,4.02,3.93,3.95,76317602.0,302511010.0,3523616311.0,0.02165888543589501
2026-04-10,3.96,3.97,3.94,3.95,54422652.0,215386696.0,3523616311.0,0.015445112973879635
2026-04-13,3.95,4.01,3.94,3.99,80506017.0,320766840.0,3523616311.0,0.02284755486818383
2026-04-14,3.98,4.08,3.95,4.06,130464100.0,525719204.0,3523616311.0,0.037025626085541184
2026-04-15,4.04,4.07,4.0,4.05,95536950.0,385167667.0,3523616311.0,0.027113323803659734
2026-04-16,4.05,4.06,4.01,4.03,60072350.0,242090896.0,3523616311.0,0.017048493563974764
2026-04-17,4.02,4.03,3.97,3.99,65562300.0,261670373.0,3523616311.0,0.01860653777635439
2026-04-20,4.01,4.02,3.97,3.97,67441100.0,268695349.0,3523616311.0,0.019139739985157538
2026-04-21,3.97,3.99,3.94,3.97,65955050.0,261244009.0,3523616311.0,0.0187179999689813
2026-04-22,3.95,4.0,3.93,3.94,70412297.0,278591365.0,3523616311.0,0.019982963746701762
2026-04-23,3.94,3.94,3.88,3.9,68152003.0,266121310.0,3523616311.0,0.019341493790695535
2026-04-24,3.87,3.88,3.85,3.87,63620738.0,245714806.0,3523616311.0,0.01805552375307982
2026-04-27,3.85,3.87,3.82,3.87,50077726.0,192464299.0,3523616311.0,0.014212025822354073
2026-04-28,3.86,3.89,3.85,3.87,43429476.0,168022037.0,3523616311.0,0.012325256829020281
2026-04-29,3.85,3.94,3.84,3.91,63921263.0,249821729.0,3523616311.0,0.018140812551142717
2026-04-30,3.9,3.91,3.87,3.89,60979705.0,237002792.0,3523616311.0,0.017306000318375755
2026-05-06,3.89,3.92,3.88,3.89,51673334.0,201202890.0,3523616311.0,0.014664858327135835
2026-05-07,3.88,3.89,3.84,3.85,70638143.0,272397274.0,3523616311.0,0.020047058693502567
2026-05-08,3.85,3.87,3.84,3.85,44085916.0,169875653.0,3523616311.0,0.012511554070848436
2026-05-11,3.85,3.86,3.82,3.84,70455338.0,270841106.0,3523616311.0,0.019995178754296555
2026-05-12,3.84,3.85,3.8,3.8,61176300.0,233008187.0,3523616311.0,0.01736179385054504
2026-05-13,3.81,3.82,3.8,3.81,41793465.0,159219725.0,3523616311.0,0.011860957979315018
2026-05-14,3.82,3.82,3.76,3.79,73989490.0,279929088.0,3523616311.0,0.02099816877593061
2026-05-15,3.79,3.79,3.71,3.73,65442936.0,244452678.0,3463597407.0000005,0.01889449849677636
2026-05-18,3.72,3.72,3.61,3.62,76786348.0,279209592.0,3463597407.0000005,0.0221695361720774
2026-05-19,3.61,3.64,3.54,3.59,70339522.0,251732013.0,3463597407.0000005,0.020308226890874328
2026-05-20,3.57,3.57,3.48,3.5,70804567.0,248576178.0,3463597407.0000005,0.02044249336164259
2026-05-21,3.5,3.54,3.46,3.46,57472227.0,201565386.0,3463597407.0000005,0.01659321804660307
2026-05-22,3.48,3.51,3.43,3.46,56564034.0,195985494.0,3463597407.0000005,0.016331007144676498
2026-05-25,3.46,3.47,3.34,3.37,82215500.0,278804754.0,3463597407.0000005,0.02373702550817275
2026-05-26,3.36,3.41,3.34,3.39,60887353.0,205499166.0,3463597407.0000005,0.01757922351972704
2026-05-27,3.38,3.4,3.27,3.32,89063745.0,295438138.0,3463597407.0000005,0.0257142313422456
2026-05-28,3.32,3.35,3.29,3.32,53371015.0,177495196.0,3463597407.0000005,0.015409127773376923
2026-05-29,3.32,3.38,3.29,3.35,64973522.0,217355049.0,3463597407.0000005,0.018758970620744546
2026-06-01,3.33,3.41,3.33,3.4,50509499.0,170664404.0,3463597407.0000005,0.014582959006124465
2026-06-02,3.41,3.42,3.33,3.35,54297981.0,182355293.0,3463597407.0000005,0.01567675876251168
2026-06-03,3.36,3.37,3.31,3.32,42155728.0,140441602.0,3463597407.0000005,0.012171081983951835
2026-06-04,3.3,3.35,3.27,3.3,42695000.0,140890302.0,3463597407.0000005,0.01232677906321114
2026-06-05,3.29,3.31,3.22,3.25,56867941.0,185164082.0,3463597407.0000005,0.016418750310029897
2026-06-08,3.21,3.26,3.15,3.2,69047915.0,220796320.0,3463597407.0000005,0.01993531778850878
2026-06-09,3.19,3.21,3.13,3.19,56456695.0,179331738.0,3463597407.0000005,0.0163000165336479
2026-06-10,3.18,3.21,3.15,3.2,56319548.0,179236353.0,3463597407.0000005,0.01626041984157196
2026-06-11,3.18,3.21,3.11,3.13,72323710.0,227343167.0,3463597407.0000005,0.02088109601128362
2026-06-12,3.13,3.13,3.0,3.01,214813228.0,652769222.0,3463597407.0000005,0.06202026470104698
2026-06-15,3.03,3.07,2.97,3.01,111233706.0,335209662.0,3463597407.0000005,0.032115079476383264
2026-06-16,3.01,3.01,2.93,2.98,87852158.0,260526264.0,3463597407.0000005,0.025364425386867714
2026-06-17,2.99,3.0,2.93,2.95,64621483.0,190783306.0,3463597407.0000005,0.018657330921139584
2026-06-18,2.93,2.94,2.88,2.89,69423280.0,201455600.0,3463597407.0000005,0.02004369210454256
2026-06-22,2.88,2.88,2.78,2.87,101613581.0,287088456.0,3463597407.0000005,0.02933758432623748
2026-06-23,2.86,2.98,2.85,2.87,89396761.0,259941939.0,3463597407.0000005,0.025810378775352857
2026-06-24,2.87,2.87,2.76,2.77,80959200.0,226158968.0,3463597407.0000005,0.023374310142506696
2026-06-25,2.75,2.75,2.69,2.72,90323909.0,245366206.0,3463597407.0000005,0.026078062311010383
2026-06-26,2.71,2.77,2.69,2.71,90308425.0,246079278.0,3463597407.0000005,0.02607359181453504
2026-06-29,2.7,2.79,2.64,2.76,95881325.0,261798700.0,3463597407.0000005,0.027682583664666655
2026-06-30,2.76,2.78,2.71,2.76,62906424.0,172608454.0,3462151170.9999995,0.018169750797400987
2026-07-01,2.75,3.01,2.75,2.96,158248138.0,459087747.0,3462151170.9999995,0.04570803820628433
2026-07-02,2.95,3.02,2.88,2.92,113698722.0,334146738.0,3462151170.9999995,0.03284048453816057
2026-07-03,2.92,2.94,2.86,2.9,72519958.0,209862146.0,3462151170.9999995,0.02094650245415295
2026-07-06,2.92,3.0,2.91,2.97,106859258.0,316635609.0,3462151170.9999995,0.030864989055095195
2026-07-07,2.96,2.97,2.9,2.92,75494300.0,220723018.0,3462151170.9999995,0.021805604744345813
2026-07-08,2.91,2.95,2.86,2.91,55945588.0,162242624.0,3462151170.9999995,0.01615919849734372
2026-07-09,2.89,2.94,2.87,2.93,56117025.0,163332180.0,3462151170.9999995,0.01620871597694889
2026-07-10,2.94,3.04,2.87,3.0,104442709.0,311287462.0,3462151170.9999995,0.030166998447336144
2026-07-13,2.99,3.02,2.96,2.99,68193157.0,203489514.0,3462151170.9999995,0.01969675893161628
2026-07-14,2.96,3.04,2.96,2.99,71233050.0,213553520.0,3462151170.9999995,0.020574794826022924
2026-07-15,2.96,3.07,2.94,3.04,88381100.0,268059903.0,3462151170.9999995,0.0255277992308095
2026-07-16,3.01,3.11,3.0,3.1,92759546.0,284965386.0,3462151170.9999995,0.026792459779625265
2026-07-17,3.08,3.13,2.99,3.02,86750393.0,264726516.0,3462151170.9999995,0.025056789468538204
2026-07-20,3.01,3.06,2.97,3.03,89811833.0,271087081.0,3462151170.9999995,0.02594104895022795
2026-07-21,3.02,3.05,2.97,2.99,78246476.0,235205139.0,3462151170.9999995,0.02260053710404548
2026-07-22,2.97,3.01,2.94,3.0,59481426.0,177340952.0,3462151170.9999995,0.017180482036207426
2026-07-23,2.98,3.04,2.95,3.03,48891914.0,146935243.0,3462151170.9999995,0.014121831077028961
2026-07-24,3.02,3.05,2.93,2.93,58006500.0,172442449.0,3462151170.9999995,0.016754467709521055
2026-07-27,2.92,2.99,2.91,2.98,42842931.0,127030824.0,3462151170.9999995,0.0123746563578347
2026-07-28,2.97,3.01,2.96,2.98,30166250.0,89918810.0,3462151170.9999995,0.008713152173331256
2026-07-29,2.98,3.03,2.97,3.0,49846000.0,149709056.0,3462151170.9999995,0.01439740714314407
2026-07-30,2.99,3.06,2.99,3.02,59037701.0,178931244.0,3462151170.9999995,0.017052317499743286
2026-07-31,3.0,3.06,2.99,3.05,51550677.0,155862974.0,3462151170.9999995,0.014889782234757306
2026-08-03,3.05,3.14,3.04,3.11,80081946.0,248710003.0,3462151170.9999995,0.023130690153217462
2026-08-04,3.11,3.13,3.05,3.06,56723000.0,174535787.0,3462151170.9999995,0.016383744440487926
2026-08-05,3.05,3.07,3.02,3.04,53127800.0,161520910.0,3462151170.9999995,0.015345314914326717
2026-08-06,3.04,3.05,2.97,3.03,91237253.0,274821392.0,3585319171.0,0.02544745632075834
2026-08-07,3.02,3.03,2.96,2.99,55974867.0,167092925.0,3565612571.0,0.01569852749994694
2026-08-10,2.99,3.1,2.99,3.09,100310570.0,307421415.0,3565612571.0,0.0281327732619776
2026-08-11,3.09,3.1,3.03,3.04,54938300.0,168009608.0,3565612571.0,0.015407815320942786
2026-08-12,3.03,3.06,3.01,3.04,42375339.0,128622044.0,3565612571.0,0.011884448508132658
2026-08-13,3.05,3.06,3.01,3.03,43937366.0,133077464.0,3565612571.0,0.012322529474276974
2026-08-14,3.04,3.04,2.98,2.99,43094805.0,129140242.0,3565612571.0,0.01208622758134201
2026-08-17,3.0,3.08,2.99,3.07,86945968.0,265624186.0,3565612571.0,0.024384580845140846
2026-08-18,3.07,3.38,3.07,3.38,320585256.0,1049420951.0,3565612571.0,0.08991028879789083
2026-08-19,3.34,3.48,3.23,3.23,323645430.0,1087029369.0,3565612571.0,0.09076853515502148
2026-08-20,3.26,3.47,3.12,3.41,281751848.0,917536099.0,3565612571.0,0.07901919863407392
2026-08-21,3.31,3.33,3.17,3.18,180349332.0,577890617.0,3565612571.0,0.050580181780495524
2026-08-24,3.18,3.24,3.16,3.2,99800200.0,319689590.0,3565612571.0,0.02798963656671492
2026-08-25,3.17,3.38,3.16,3.26,154141199.0,505373885.0,3565612571.0,0.043229934809426045
2026-08-26,3.23,3.29,3.21,3.27,123939086.0,402938651.0,3565612571.0,0.0347595493150397
2026-08-27,3.25,3.37,3.23,3.33,169510725.0,562923069.0,3443890807.0,0.049220702542442714
2026-08-28,3.32,3.4,3.27,3.39,154258731.0,516951994.0,3443890807.0,0.04479199244251765
2026-08-31,3.4,3.44,3.28,3.28,152928513.0,509068998.0,3443890807.0,0.04440573803593303
2026-09-01,3.27,3.59,3.26,3.53,310742977.0,1084027578.0,3443890807.0,0.09023020601245213
2026-09-02,3.44,3.44,3.31,3.33,211829431.0,709696012.0,3443890807.0,0.06150875357878326
2026-09-03,3.31,3.35,3.26,3.27,104970779.0,345184558.0,3443890807.0,0.03048028665329284
2026-09-04,3.27,3.58,3.24,3.46,259167555.0,889141504.0,3443890807.0,0.07525428926875961
2026-09-07,3.49,3.58,3.46,3.5,194227571.0,679692469.0,3443890807.0,0.05639771464449918
2026-09-08,3.49,3.67,3.46,3.61,261772766.0,941571235.0,3443890807.0,0.07601076243994864
2026-09-09,3.52,3.68,3.5,3.6,218432505.0,787246492.0,3443890807.0,0.06342608324166882
2026-09-10,3.59,3.59,3.41,3.43,171269232.0,594455973.0,3443890807.0,0.04973131890589585
2026-09-11,3.4,3.45,3.33,3.37,125897548.0,424430016.0,3443890807.0,0.036556776929193735
2026-09-14,3.33,3.35,3.2,3.24,138544146.0,450996800.0,3443890807.0,0.04022896013961804
2026-09-15,3.22,3.23,3.17,3.17,76830595.0,245358086.0,3443890807.0,0.022309242454445797
2026-09-16,3.17,3.22,3.14,3.17,68139399.0,216787701.0,3443890807.0,0.019785586366879257
2026-09-17,3.16,3.23,3.13,3.2,102193367.0,324886094.0,3443890807.0,0.029673811606420075
2026-09-18,3.17,3.2,3.14,3.19,71171103.0,226216541.0,3443890807.0,0.020665899991758944
2026-09-21,3.18,3.28,3.15,3.26,100239817.0,323764634.0,3443890807.0,0.02910656075281309
2026-09-22,3.24,3.26,3.18,3.2,82217460.0,263715319.0,3443890807.0,0.02387342241887752
2026-09-23,3.2,3.2,3.14,3.14,59965978.0,189388842.0,3443890807.0,0.017412276219128105
2026-09-24,3.17,3.17,3.07,3.09,58501000.0,182166549.0,3443890807.0,0.016986891652049987
