date,open,high,low,close,volume,amount,outstanding_share,turnover
2021-01-04,3.84,4.14,3.81,4.01,62289496.0,247332879.0,531062039.0,0.11729231506980298
2021-01-05,4.0,4.15,3.95,3.97,65802353.0,266378057.0,531062039.0,0.12390709214295771
2021-01-06,3.96,3.97,3.75,3.78,44147102.0,169048317.0,531062039.0,0.08312983937456693
2021-01-07,3.78,3.82,3.58,3.6,35474167.0,130483399.0,531062039.0,0.06679853650770923
2021-01-08,3.57,3.59,3.41,3.55,23714459.0,83125318.0,531062039.0,0.04465478090781028
2021-01-11,3.57,3.59,3.4,3.43,19850908.0,68846698.0,531062039.0,0.037379640309783094
2021-01-12,3.43,3.49,3.41,3.46,12032358.0,41607232.0,531062039.0,0.02265716077665269
2021-01-13,3.47,3.49,3.33,3.34,18283207.0,61668853.0,531062039.0,0.03442762927364876
2021-01-14,3.35,3.65,3.35,3.6,39559415.0,140538918.0,531062039.0,0.0744911368067112
2021-01-15,3.95,3.95,3.65,3.69,40794915.0,154731266.0,531062039.0,0.07681760699148749
2021-01-18,3.7,3.83,3.59,3.62,26286631.0,96345647.0,531062039.0,0.04949823009284985
2021-01-19,3.6,3.64,3.52,3.57,19631300.0,70201595.0,531062039.0,0.036966114235854844
2021-01-20,3.56,3.59,3.5,3.52,14808659.0,52271719.0,531062039.0,0.02788498878188505
2021-01-21,3.52,3.55,3.48,3.52,13715889.0,48285096.0,531062039.0,0.025827281923270738
2021-01-22,3.49,3.52,3.42,3.45,15703784.0,54418773.0,531062039.0,0.02957052631660611
2021-01-25,3.43,3.44,3.38,3.39,11053504.0,37614681.0,531062039.0,0.020813959929830345
2021-01-26,3.39,3.52,3.39,3.45,13085283.0,45248944.0,531062039.0,0.024639838736430567
2021-01-27,3.45,3.45,3.38,3.39,9660201.0,32905823.0,531062039.0,0.018190343670939732
2021-01-28,3.35,3.43,3.31,3.35,10937783.0,36714278.0,531062039.0,0.020596055068436175
2021-01-29,3.35,3.37,3.17,3.2,16510853.0,53459371.0,531062039.0,0.031090252715276455
2021-02-01,3.1,3.1,2.88,2.98,18765790.0,55891818.0,531062039.0,0.03533634231385912
2021-02-02,2.96,3.01,2.82,2.85,18742073.0,54232780.0,531062039.0,0.0352916827481996
2021-02-03,2.86,2.93,2.82,2.87,11965735.0,34475572.0,531062039.0,0.022531708390476766
2021-02-04,2.88,2.89,2.66,2.71,19374309.0,52931928.0,531062039.0,0.03648219525628719
2021-02-05,2.73,2.84,2.7,2.7,13154100.0,36407310.0,531062039.0,0.024769422466665896
2021-02-08,2.68,2.69,2.61,2.63,9604014.0,25429879.0,531062039.0,0.01808454247282397
2021-02-09,2.64,2.69,2.62,2.66,9449779.0,25082557.0,531062039.0,0.0177941150111089
2021-02-10,2.66,2.79,2.65,2.72,11247673.0,30671221.0,531062039.0,0.021179583879087995
2021-02-18,2.75,2.99,2.75,2.99,21193045.0,61251047.0,531062039.0,0.03990691000981149
2021-02-19,3.0,3.1,2.94,3.07,24258365.0,73259774.0,531062039.0,0.04567896633259452
2021-02-22,3.15,3.37,3.14,3.32,36738619.0,119928217.0,531062039.0,0.069179523863501
2021-02-23,3.33,3.34,3.12,3.15,24976103.0,79590398.0,531062039.0,0.04703048074577215
2021-02-24,3.14,3.29,3.1,3.22,18734800.0,60458050.0,531062039.0,0.035277987549774764
2021-02-25,3.22,3.25,3.13,3.16,14092689.0,44644042.0,531062039.0,0.026536803546600325
2021-02-26,3.17,3.2,3.11,3.18,11737000.0,37172603.0,531062039.0,0.022100996000582147
2021-03-01,3.18,3.2,3.13,3.18,11627900.0,36766815.0,531062039.0,0.02189555860911384
2021-03-02,3.17,3.3,3.11,3.18,16771786.0,53387169.0,531062039.0,0.031581594556413024
2021-03-03,3.19,3.4,3.18,3.3,22281276.0,73012373.0,531062039.0,0.04195606984441228
2021-03-04,3.24,3.31,3.19,3.24,17222200.0,56183716.0,531062039.0,0.03242973275293736
2021-03-05,3.25,3.3,3.2,3.27,12722400.0,41564924.0,531062039.0,0.02395652309089259
2021-03-08,3.25,3.3,3.18,3.19,12784400.0,41354560.0,531062039.0,0.024073270279444697
2021-03-09,3.19,3.25,3.05,3.15,16675054.0,52484107.0,531062039.0,0.03139944634604169
2021-03-10,3.18,3.19,3.08,3.1,11023557.0,34353545.0,531062039.0,0.020757569154740505
2021-03-11,3.08,3.16,3.07,3.13,8517400.0,26566547.0,531062039.0,0.016038427480221384
2021-03-12,3.12,3.18,3.06,3.15,8663600.0,27039319.0,531062039.0,0.016313724882903936
2021-03-15,3.13,3.19,3.09,3.17,9684400.0,30600099.0,531062039.0,0.01823591085183929
2021-03-16,3.18,3.24,3.17,3.23,9595900.0,30818119.0,531062039.0,0.018069263655277005
2021-03-17,3.24,3.3,3.23,3.26,13394101.0,43764183.0,531062039.0,0.025221348950531935
2021-03-18,3.23,3.28,3.17,3.2,13937801.0,44681828.0,531062039.0,0.026245146473367117
2021-03-19,3.16,3.21,3.14,3.2,8531700.0,27171655.0,531062039.0,0.016065354654355175
2021-03-22,3.17,3.27,3.15,3.23,10572052.0,33906309.0,531062039.0,0.01990737658430148
2021-03-23,3.23,3.23,3.13,3.15,10874100.0,34429585.0,531062039.0,0.02047613875862063
2021-03-24,3.11,3.17,3.11,3.13,8833600.0,27680143.0,531062039.0,0.016633838141837134
2021-03-25,3.15,3.24,3.12,3.13,10925700.0,34571041.0,531062039.0,0.020573302547802708
2021-03-26,3.16,3.16,3.07,3.11,9579918.0,29724871.0,531062039.0,0.018039169242898945
2021-03-29,3.12,3.13,3.06,3.08,9085700.0,27990538.0,531062039.0,0.01710854727464337
2021-03-30,3.07,3.08,2.96,2.97,12114000.0,36214183.0,531062039.0,0.022810894227745772
2021-03-31,2.97,3.02,2.94,2.98,6530300.0,19486093.0,531062039.0,0.012296680087126317
2021-04-01,2.96,2.99,2.95,2.96,6732400.0,19952158.0,531062039.0,0.012677238261422787
2021-04-02,2.94,2.94,2.89,2.91,10506589.0,30507584.0,531062039.0,0.019784108500362985
2021-04-06,2.91,3.0,2.9,2.99,9831918.0,29083904.0,531062039.0,0.01851369007378816
2021-04-07,2.99,3.03,2.98,3.02,8060362.0,24210037.0,531062039.0,0.015177816164713667
2021-04-08,3.01,3.02,2.94,2.94,8221100.0,24446291.0,531062039.0,0.015480488900092518
2021-04-09,2.94,2.99,2.91,2.97,6999941.0,20678397.0,531062039.0,0.013181023093236006
2021-04-12,2.98,3.27,2.97,3.27,24541341.0,79013800.0,531062039.0,0.046211815565299706
2021-04-13,3.3,3.6,3.28,3.6,59324260.0,208835313.0,531062039.0,0.11170871883764978
2021-04-14,3.66,3.9,3.42,3.44,88797016.0,319646832.0,531062039.0,0.1672064833841381
2021-04-15,3.3,3.36,3.15,3.23,64147925.0,207188957.0,531062039.0,0.12079177250324985
2021-04-16,3.14,3.33,3.09,3.21,45577374.0,145798459.0,531062039.0,0.08582306896916049
2021-04-19,3.15,3.24,3.14,3.2,28823995.0,91996205.0,531062039.0,0.05427613514661326
2021-04-20,3.21,3.26,3.13,3.13,25404500.0,80688788.0,531062039.0,0.047837160509226304
2021-04-21,3.14,3.16,3.02,3.06,22466200.0,68923766.0,531062039.0,0.04230428528144148
2021-04-22,3.06,3.08,3.01,3.04,14576200.0,44298809.0,531062039.0,0.02744726402860062
2021-04-23,3.04,3.04,2.95,2.97,15973600.0,47494152.0,531062039.0,0.03007859501703152
2021-04-26,2.94,3.0,2.87,2.98,17639392.0,51750984.0,531062039.0,0.03321531328658948
2021-04-27,2.97,2.97,2.88,2.9,13822100.0,40343319.0,531062039.0,0.02602727927235635
2021-04-28,2.9,2.91,2.84,2.84,12069601.0,34677280.0,531062039.0,0.02272729005960827
2021-04-30,2.7,2.7,2.7,2.7,2342300.0,6324210.0,531062039.0,0.004410595802348433
2021-05-06,2.57,2.57,2.57,2.57,695200.0,1786664.0,531062039.0,0.0013090749271197672
2021-05-07,2.44,2.44,2.44,2.44,808800.0,1973472.0,531062039.0,0.0015229859048539525
2021-05-10,2.32,2.32,2.32,2.32,2024600.0,4697072.0,531062039.0,0.003812360611977389
2021-05-11,2.2,2.2,2.2,2.2,3813500.0,8389700.0,531062039.0,0.0071808936055397475
2021-05-12,2.18,2.31,2.18,2.31,55704161.0,126209524.0,531062039.0,0.10489200302264497
2021-05-13,2.43,2.43,2.43,2.43,2902002.0,7051865.0,531062039.0,0.005464525397945079
2021-05-14,2.55,2.55,2.55,2.55,2495004.0,6362260.0,531062039.0,0.004698140361713936
2021-05-17,2.42,2.42,2.42,2.42,3432400.0,8306408.0,531062039.0,0.0064632749997783215
2021-05-18,2.3,2.46,2.3,2.3,49012359.0,113976576.0,531062039.0,0.09229121157349376
2021-05-19,2.27,2.34,2.23,2.28,30406481.0,69511557.0,531062039.0,0.05725598662117892
2021-05-20,2.39,2.39,2.33,2.39,34333386.0,81863021.0,531062039.0,0.06465042401571466
2021-05-21,2.4,2.42,2.27,2.29,33145891.0,76573690.0,531062039.0,0.06241434816620361
2021-05-24,2.32,2.38,2.24,2.32,17763866.0,41166524.0,531062039.0,0.033449700214780366
2021-05-25,2.33,2.33,2.24,2.3,18563179.0,42504357.0,531062039.0,0.03495482191676668
2021-05-26,2.28,2.35,2.24,2.32,16420579.0,37603111.0,531062039.0,0.030920265042706244
2021-05-27,2.31,2.44,2.3,2.44,21036601.0,50050879.0,531062039.0,0.03961232295874946
2021-05-28,2.42,2.44,2.37,2.38,22251726.0,53362010.0,531062039.0,0.041900426627933016
2021-05-31,2.37,2.41,2.34,2.37,11904724.0,28239512.0,531062039.0,0.02241682350788398
2021-06-01,2.36,2.49,2.33,2.45,22622700.0,55513267.0,531062039.0,0.04259897778157704
2021-06-02,2.45,2.52,2.4,2.44,16862600.0,41315827.0,531062039.0,0.03175259905933514
2021-06-03,2.5,2.56,2.5,2.56,13967554.0,35677483.0,531062039.0,0.026301171942737938
2021-06-04,2.63,2.69,2.54,2.65,29048580.0,76261933.0,531062039.0,0.054699033006951565
2021-06-07,2.78,2.78,2.78,2.78,2874800.0,7991944.0,531062039.0,0.005413303510477426
2021-06-08,2.88,2.88,2.72,2.76,28978589.0,81039457.0,531062039.0,0.054567238612210425
2021-06-09,2.8,2.87,2.73,2.8,20382386.0,56928353.0,531062039.0,0.038380423572320146
2021-06-10,2.82,2.93,2.71,2.74,22766400.0,64029116.0,531062039.0,0.04286956763633411
2021-06-11,2.68,2.73,2.6,2.68,15777833.0,42020216.0,531062039.0,0.0297099620031399
2021-06-15,2.67,2.77,2.67,2.72,13283801.0,36177685.0,531062039.0,0.025013651936059395
2021-06-16,2.73,2.78,2.69,2.75,9842963.0,26870313.0,531062039.0,0.018534488020522967
2021-06-17,2.89,2.89,2.89,2.89,2149200.0,6211188.0,531062039.0,0.004046984800583723
2021-06-18,3.03,3.03,3.03,3.03,2750700.0,8334621.0,531062039.0,0.005179620831456191
2021-06-21,3.1,3.18,2.94,3.1,42209558.0,129113549.0,531062039.0,0.07948140687947007
2021-06-22,3.11,3.25,3.01,3.07,31517454.0,99374934.0,531062039.0,0.0593479700777483
2021-06-23,3.1,3.13,2.97,3.08,20047606.0,61276349.0,531062039.0,0.037750026414522166
2021-06-24,3.08,3.23,3.02,3.23,26977675.0,84830581.0,531062039.0,0.05079947919229828
2021-06-25,3.31,3.39,3.21,3.25,42724061.0,141370881.0,531062039.0,0.08045022589159305
2021-06-28,3.19,3.32,3.09,3.09,29137364.0,92084378.0,531062039.0,0.054866214980958186
2021-06-29,3.03,3.08,2.96,3.05,22262374.0,66879593.0,531062039.0,0.04192047701605725
2021-06-30,3.04,3.05,2.96,2.98,11798197.0,35399781.0,531062039.0,0.02221623112474059
2021-07-01,2.99,3.05,2.95,2.96,10368774.0,31075520.0,531062039.0,0.019524600213422522
2021-07-02,2.96,2.99,2.81,2.87,17803897.0,51543087.0,531062039.0,0.03352507935518245
2021-07-05,2.86,3.01,2.81,3.01,14636199.0,42671412.0,531062039.0,0.02756024329579317
2021-07-06,3.05,3.1,2.98,3.07,17634602.0,53703747.0,531062039.0,0.033206293624764245
2021-07-07,3.02,3.08,3.0,3.03,11238600.0,34146873.0,531062039.0,0.02116249924615681
2021-07-08,3.0,3.03,2.92,2.96,10729855.0,31936890.0,531062039.0,0.02020452265841581
2021-07-09,2.92,3.04,2.91,2.98,12054000.0,35754469.0,531062039.0,0.022697913077534056
2021-07-12,2.96,2.98,2.88,2.89,11464300.0,33614845.0,531062039.0,0.02158749667286989
2021-07-13,2.87,2.95,2.83,2.9,9478400.0,27484910.0,531062039.0,0.01784800890277906
2021-07-14,2.91,2.91,2.84,2.84,7327771.0,21007539.0,531062039.0,0.013798333267801128
2021-07-15,2.81,2.89,2.8,2.86,8184256.0,23239818.0,531062039.0,0.015411110941785842
2021-07-16,2.85,2.91,2.81,2.88,8829006.0,25179592.0,531062039.0,0.01662518755176926
2021-07-19,2.86,2.86,2.74,2.76,12673407.0,35222762.0,531062039.0,0.02386426833268721
2021-07-20,2.74,2.79,2.65,2.74,13212401.0,35998705.0,531062039.0,0.02487920436730745
2021-07-21,2.73,2.83,2.73,2.76,8481974.0,23547706.0,531062039.0,0.015971719643098046
2021-07-22,2.78,2.81,2.74,2.75,7273830.0,20167082.0,531062039.0,0.013696761330741623
2021-07-23,2.74,2.75,2.67,2.7,10041474.0,27179238.0,531062039.0,0.018908288039017604
2021-07-26,2.7,2.7,2.57,2.58,11433900.0,29878057.0,531062039.0,0.021530252890095955
2021-07-27,2.59,2.67,2.56,2.57,8778474.0,22927079.0,531062039.0,0.01653003482706095
2021-07-28,2.57,2.58,2.47,2.49,9960900.0,25038190.0,531062039.0,0.018756565652398288
2021-07-29,2.5,2.55,2.49,2.51,8403800.0,21165351.0,531062039.0,0.015824516502487198
2021-07-30,2.51,2.54,2.45,2.54,6907932.0,17258301.0,531062039.0,0.013007768382405506
2021-08-02,2.54,2.62,2.51,2.62,8827701.0,22826197.0,531062039.0,0.016622730211752153
2021-08-03,2.61,2.65,2.58,2.59,6736100.0,17616146.0,531062039.0,0.012684205432352508
2021-08-04,2.58,2.62,2.58,2.62,4497400.0,11692488.0,531062039.0,0.008468690416036309
2021-08-05,2.61,2.62,2.58,2.62,4594400.0,11962236.0,531062039.0,0.008651343275545252
2021-08-06,2.62,2.63,2.59,2.61,3884500.0,10117348.0,531062039.0,0.007314587966623614
2021-08-09,2.64,2.74,2.63,2.74,8594100.0,23213661.0,531062039.0,0.016182855050575363
2021-08-10,2.8,2.8,2.71,2.74,11809720.0,32553533.0,531062039.0,0.02223792915463875
2021-08-11,2.74,2.8,2.7,2.79,9528219.0,26063652.0,531062039.0,0.017941819034819017
2021-08-12,2.8,2.93,2.76,2.93,13548819.0,38730858.0,531062039.0,0.025512685910506212
2021-08-13,2.88,2.94,2.88,2.91,9836601.0,28569324.0,531062039.0,0.018522508252562183
2021-08-16,2.9,2.97,2.88,2.9,7177600.0,21010674.0,531062039.0,0.013515558395993731
2021-08-17,2.89,2.9,2.76,2.77,11253200.0,31819324.0,531062039.0,0.021189991326041664
2021-08-18,2.76,2.83,2.7,2.8,7887500.0,21836877.0,531062039.0,0.014852313704915368
2021-08-19,2.8,2.83,2.76,2.79,5418700.0,15131367.0,531062039.0,0.010203515977537232
2021-08-20,2.76,2.82,2.73,2.76,5496320.0,15191588.0,531062039.0,0.010349675925527789
2021-08-23,2.78,2.79,2.74,2.74,7704420.0,21272652.0,531062039.0,0.014507570555236014
2021-08-24,2.74,2.77,2.7,2.74,8268601.0,22581955.0,531062039.0,0.015569934193695964
2021-08-25,2.74,2.88,2.71,2.88,16284224.0,46029413.0,531062039.0,0.030663505963754265
2021-08-26,2.87,2.9,2.83,2.88,11013205.0,31558042.0,531062039.0,0.020738076140290645
2021-08-27,2.88,2.97,2.85,2.91,10044320.0,29347302.0,531062039.0,0.01891364711157598
2021-08-30,2.91,3.05,2.89,3.0,13405803.0,40192798.0,531062039.0,0.02524338404086156
2021-08-31,3.03,3.03,2.92,2.97,10003011.0,29701431.0,531062039.0,0.01883586147267438
2021-09-01,2.96,3.04,2.92,2.96,8842200.0,26280361.0,531062039.0,0.016650032106700813
2021-09-02,3.0,3.11,2.98,3.11,17861778.0,55153216.0,531062039.0,0.03363407038777253
2021-09-03,3.13,3.15,3.07,3.11,10164401.0,31573159.0,531062039.0,0.0191397619365522
2021-09-06,3.2,3.27,3.13,3.27,14514978.0,47237551.0,531062039.0,0.027331981828962924
2021-09-07,3.25,3.28,3.11,3.12,24253854.0,77042315.0,531062039.0,0.045670472033117776
2021-09-08,3.09,3.14,3.07,3.1,12687200.0,39268500.0,531062039.0,0.023890240816101714
2021-09-09,3.1,3.2,3.09,3.12,10242600.0,32132312.0,531062039.0,0.0192870121526423
2021-09-10,3.13,3.14,3.04,3.07,14285220.0,43938169.0,531062039.0,0.026899343110457195
2021-09-13,3.07,3.1,3.02,3.07,8683970.0,26544436.0,531062039.0,0.016352081983400813
2021-09-14,3.06,3.09,3.03,3.05,7332600.0,22435705.0,531062039.0,0.013807426367374
2021-09-15,3.06,3.19,3.05,3.17,14545412.0,45861100.0,531062039.0,0.027389289634388646
2021-09-16,3.15,3.3,3.12,3.21,15148218.0,48236905.0,531062039.0,0.02852438488829739
2021-09-17,3.18,3.22,3.14,3.19,9856165.0,31328173.0,531062039.0,0.018559347639607884
2021-09-22,3.16,3.18,3.1,3.12,8093293.0,25396419.0,531062039.0,0.015239825869007368
2021-09-23,3.13,3.15,3.08,3.08,8049584.0,25033352.0,531062039.0,0.015157520984097303
2021-09-24,3.06,3.09,2.99,3.03,6684500.0,20357828.0,531062039.0,0.012587041643170432
2021-09-27,3.02,3.05,2.94,3.04,9746381.0,29117987.0,531062039.0,0.018352622263027165
2021-09-28,3.03,3.1,2.98,3.03,6909110.0,21060977.0,531062039.0,0.013009986578987996
2021-09-29,3.01,3.18,2.98,3.07,10521410.0,32425814.0,531062039.0,0.019812016727484453
2021-09-30,3.09,3.18,3.05,3.16,8174512.0,25487843.0,531062039.0,0.01539276280299146
2021-10-08,3.15,3.32,3.15,3.23,15243560.0,49551763.0,531062039.0,0.028703915702022152
2021-10-11,3.22,3.31,3.21,3.28,11272302.0,36818980.0,531062039.0,0.021225960758230734
2021-10-12,3.27,3.43,3.25,3.36,19358553.0,65009314.0,531062039.0,0.03645252640624159
2021-10-13,3.38,3.43,3.19,3.23,13761601.0,44947654.0,531062039.0,0.025913358495578707
2021-10-14,3.2,3.2,3.11,3.12,12512601.0,39428624.0,531062039.0,0.023561467552004785
2021-10-15,3.1,3.23,3.04,3.17,10753801.0,33744045.0,531062039.0,0.020249613435465306
2021-10-18,3.2,3.27,3.15,3.21,7961384.0,25516392.0,531062039.0,0.014991438693286077
2021-10-19,3.21,3.27,3.18,3.21,7819100.0,25239373.0,531062039.0,0.01472351519367401
2021-10-20,3.18,3.2,3.1,3.13,10010900.0,31459583.0,531062039.0,0.018850716610908053
2021-10-21,3.15,3.15,3.09,3.12,5041060.0,15744360.0,531062039.0,0.00949241261810468
2021-10-22,3.11,3.12,3.01,3.07,10041000.0,30751570.0,531062039.0,0.018907395487930932
2021-10-25,3.07,3.1,3.01,3.04,6612611.0,20147126.0,531062039.0,0.012451673278044263
2021-10-26,3.04,3.13,3.01,3.04,7978681.0,24489350.0,531062039.0,0.015024009275872946
2021-10-27,3.04,3.08,2.99,2.99,7920800.0,23948833.0,531062039.0,0.014915018243282872
2021-10-28,3.0,3.01,2.84,2.84,14789700.0,42658066.0,531062039.0,0.027849288621437315
2021-10-29,2.85,2.92,2.82,2.9,10759220.0,30939350.0,531062039.0,0.020259817516348595
2021-11-01,3.02,3.05,2.98,3.05,20289007.0,61514432.0,531062039.0,0.03820458912522648
2021-11-02,3.01,3.08,2.91,2.95,15860599.0,47640811.0,531062039.0,0.029865811967780286
2021-11-03,2.97,3.05,2.92,3.01,8986108.0,26916152.0,531062039.0,0.01692101362944528
2021-11-04,3.01,3.09,2.99,3.06,9383919.0,28511290.0,531062039.0,0.017670099368559837
2021-11-05,3.07,3.13,3.06,3.08,7647100.0,23600504.0,531062039.0,0.01439963589640042
2021-11-08,3.07,3.19,3.05,3.16,10691801.0,33604350.0,531062039.0,0.020132866246913197
2021-11-09,3.14,3.18,3.09,3.12,9088199.0,28355341.0,531062039.0,0.017113252939549687
2021-11-10,3.12,3.15,3.09,3.13,6702600.0,20894932.0,531062039.0,0.012621124290150967
2021-11-11,3.11,3.13,3.08,3.1,8665420.0,26903035.0,531062039.0,0.01631715197779369
2021-11-12,3.1,3.15,3.08,3.13,8182028.0,25505160.0,531062039.0,0.015406915575074648
2021-11-15,3.11,3.14,3.09,3.1,7055120.0,21936993.0,531062039.0,0.013284926208028212
2021-11-16,3.11,3.24,3.11,3.17,12114781.0,38445666.0,531062039.0,0.022812364865717694
2021-11-17,3.16,3.25,3.16,3.24,10913902.0,35052508.0,531062039.0,0.020551086687632742
2021-11-18,3.25,3.32,3.18,3.2,12541402.0,40654446.0,531062039.0,0.02361570038712558
2021-11-19,3.2,3.35,3.18,3.32,16711918.0,54769626.0,531062039.0,0.03146886196473177
2021-11-22,3.49,3.49,3.49,3.49,6443708.0,22488541.0,531062039.0,0.012133625691140766
2021-11-23,3.5,3.57,3.32,3.32,45544429.0,154984876.0,531062039.0,0.08576103290259841
2021-11-24,3.33,3.45,3.28,3.42,25173635.0,84793144.0,531062039.0,0.04740243728849917
2021-11-25,3.49,3.59,3.47,3.5,32930203.0,116875174.0,531062039.0,0.06200820352742253
2021-11-26,3.56,3.67,3.55,3.67,39383913.0,142529407.0,531062039.0,0.07416066317630358
2021-11-29,3.75,3.85,3.69,3.85,39551595.0,151400289.0,531062039.0,0.07447641159680027
2021-11-30,3.87,4.0,3.71,3.96,40916191.0,157139870.0,531062039.0,0.07704597202437209
2021-12-01,3.92,4.11,3.89,3.97,31299149.0,125439533.0,531062039.0,0.05893689757779882
2021-12-02,3.96,4.17,3.9,4.17,32274061.0,131017206.0,531062039.0,0.06077267556305225
2021-12-03,4.18,4.38,4.13,4.38,30208649.0,129634593.0,531062039.0,0.05688346517270085
2021-12-06,4.57,4.6,4.2,4.31,54088437.0,241785510.0,531062039.0,0.10184956375690035
2021-12-07,4.09,4.09,4.09,4.09,8090200.0,33088918.0,531062039.0,0.015234001690713955
2021-12-08,3.89,4.27,3.89,3.89,62986205.0,249536741.0,531062039.0,0.11860423147285058
2021-12-09,3.75,3.81,3.7,3.7,42743480.0,159830577.0,531062039.0,0.08048679224085907
2021-12-10,3.75,3.88,3.71,3.82,28581218.0,108418163.0,531062039.0,0.053818981401530755
2021-12-13,3.8,3.84,3.63,3.65,28534463.0,105528439.0,531062039.0,0.053730940840228274
2021-12-14,3.6,3.77,3.56,3.72,17321603.0,63946075.0,531062039.0,0.03261691050751229
2021-12-15,3.73,3.74,3.62,3.67,13475801.0,49521961.0,531062039.0,0.025375191616736893
2021-12-16,3.64,3.78,3.64,3.74,13780400.0,51218524.0,531062039.0,0.025948757372959208
2021-12-17,3.73,3.77,3.7,3.72,10257626.0,38252440.0,531062039.0,0.019315306398693655
2021-12-20,3.69,3.7,3.55,3.58,15493000.0,55935180.0,531062039.0,0.029173616003835664
2021-12-21,3.58,3.69,3.51,3.64,15044479.0,54172378.0,531062039.0,0.0283290423626005
2021-12-22,3.65,3.81,3.61,3.78,16236054.0,60576221.0,531062039.0,0.03057280093032596
2021-12-23,3.59,3.69,3.59,3.59,22329600.0,80351613.0,531062039.0,0.0420470648627928
2021-12-24,3.41,3.46,3.41,3.41,13425200.0,45818310.0,531062039.0,0.025279908963705838
2021-12-27,3.24,3.24,3.24,3.24,4082800.0,13228272.0,531062039.0,0.00768799066807334
2021-12-28,3.08,3.08,3.08,3.08,1807400.0,5566792.0,531062039.0,0.0034033688482109714
2021-12-29,2.93,2.93,2.93,2.93,5163100.0,15127883.0,531062039.0,0.009722216277635315
2021-12-30,2.93,3.08,2.93,3.08,34823853.0,105661611.0,531062039.0,0.06557398277906284
2022-01-04,3.12,3.12,3.0,3.12,10066153.0,31121093.0,2129661010.0,0.004726645673998605
2022-01-05,3.28,3.28,3.23,3.28,17111630.0,56033507.0,2129661010.0,0.008034907865454136
2022-01-06,3.3,3.35,3.12,3.14,30232365.0,96646375.0,2129661010.0,0.014195857865660976
2022-01-07,3.1,3.2,3.05,3.12,19153620.0,59582376.0,2129661010.0,0.008993741215180533
2022-01-10,3.1,3.17,3.08,3.14,11079621.0,34666443.0,2129661010.0,0.005202527983549833
2022-01-11,3.12,3.16,3.07,3.08,11207500.0,34855080.0,2129661010.0,0.00526257462918946
2022-01-12,3.08,3.1,3.05,3.06,8844801.0,27153994.0,2129661010.0,0.004153149707145176
2022-01-13,3.04,3.06,3.01,3.02,10607600.0,32102225.0,2129661010.0,0.00498088660598618
2022-01-14,3.02,3.05,2.98,3.0,8495100.0,25623869.0,2129661010.0,0.003988944700640409
2022-01-17,3.04,3.09,3.0,3.02,6909632.0,20927431.0,2129661010.0,0.003244475044410941
2022-01-18,3.01,3.01,2.87,2.87,15804600.0,45786853.0,2129661010.0,0.007421181082711375
2022-01-19,2.84,2.91,2.83,2.88,8609600.0,24700035.0,2129661010.0,0.0040427091258058954
2022-01-20,2.87,2.92,2.74,2.75,11694800.0,32905196.0,2129661010.0,0.005491390387994191
2022-01-21,2.75,2.76,2.62,2.69,11531617.0,30786967.0,2129661010.0,0.005414766456188255
2022-01-24,2.68,2.82,2.63,2.8,9088900.0,24941615.0,2129661010.0,0.004267768418223518
2022-01-25,2.74,2.81,2.67,2.67,7166300.0,19585754.0,2129661010.0,0.0033649956337417288
2022-01-26,2.65,2.72,2.65,2.67,5025200.0,13506362.0,2129661010.0,0.002359624361062045
2022-01-27,2.68,2.8,2.67,2.68,8207452.0,22373677.0,2129661010.0,0.0038538771952255444
2022-01-28,2.69,2.79,2.62,2.76,10031200.0,27268318.0,2129661010.0,0.004710233202795031
2022-02-07,2.63,2.67,2.62,2.63,13256141.0,34853687.0,2129661010.0,0.006224531011158438
2022-02-08,2.62,2.69,2.6,2.68,6621700.0,17611966.0,2129661010.0,0.003109274184439335
2022-02-09,2.67,2.78,2.65,2.76,7609889.0,20775506.0,2129661010.0,0.0035732865297655987
2022-02-10,2.76,2.81,2.74,2.8,6838200.0,19015912.0,2129661010.0,0.0032109335560404515
2022-02-11,2.78,2.79,2.73,2.74,4630600.0,12770856.0,2129661010.0,0.002174336656517931
2022-02-14,2.75,2.79,2.75,2.78,4681208.0,12981930.0,2129661010.0,0.0021981000628827777
2022-02-15,2.78,2.92,2.77,2.92,15124482.0,43667749.0,2129661010.0,0.007101826031927964
2022-02-16,2.95,2.96,2.87,2.88,9404698.0,27308654.0,2129661010.0,0.0044160539897380195
2022-02-17,2.89,2.96,2.88,2.9,8314500.0,24224074.0,2129661010.0,0.00390414247195144
2022-02-18,2.87,2.88,2.81,2.86,4947600.0,14083262.0,2129661010.0,0.0023231866371070955
2022-02-21,2.88,2.93,2.86,2.89,4905500.0,14160411.0,2129661010.0,0.002303418232744938
2022-02-22,2.89,2.95,2.89,2.91,6067000.0,17706354.0,2129661010.0,0.0028488101963232166
2022-02-23,2.94,2.94,2.89,2.92,4808900.0,13977587.0,2129661010.0,0.002258058901120606
2022-02-24,2.92,2.92,2.77,2.8,8169100.0,23215216.0,2129661010.0,0.0038358686953657473
2022-02-25,2.81,2.87,2.81,2.83,4313200.0,12255158.0,2129661010.0,0.0020252988526094115
2022-02-28,2.83,2.83,2.71,2.73,5072300.0,13950894.0,2129661010.0,0.002381740556916145
2022-03-01,2.73,2.79,2.72,2.78,4496805.0,12401484.0,2129661010.0,0.0021115121039850374
2022-03-02,2.79,2.92,2.77,2.87,7922410.0,22690212.0,2129661010.0,0.003720033358736281
2022-03-03,2.87,2.9,2.83,2.84,5192744.0,14843333.0,2129661010.0,0.002438296036607253
2022-03-04,2.98,2.98,2.94,2.98,8304319.0,24736800.0,2129661010.0,0.0038993618989155462
2022-03-07,2.97,3.06,2.92,2.98,20425557.0,61324266.0,2129661010.0,0.009590989788557946
2022-03-08,2.95,2.97,2.87,2.91,8911354.0,26031522.0,2129661010.0,0.004184400220577828
2022-03-09,2.9,2.93,2.76,2.85,8186736.0,23278529.0,2129661010.0,0.0038441498255161275
2022-03-10,2.9,2.91,2.81,2.83,5965700.0,16944379.0,2129661010.0,0.0028012439406964584
2022-03-11,2.79,2.84,2.74,2.82,6289600.0,17481224.0,2129661010.0,0.0029533338735445035
2022-03-14,2.81,2.81,2.75,2.77,3756110.0,10391767.0,2129661010.0,0.0017637126201601446
2022-03-15,2.76,2.76,2.64,2.65,6167000.0,16531235.0,2129661010.0,0.0028957660261620696
2022-03-16,2.65,2.69,2.52,2.58,8479001.0,21849979.0,2129661010.0,0.003981385281594652
2022-03-17,2.58,2.64,2.57,2.6,7592403.0,19715073.0,2129661010.0,0.003565075833359977
2022-03-18,2.6,2.65,2.57,2.64,6092900.0,15921648.0,2129661010.0,0.0028609717562514798
2022-03-21,2.64,2.76,2.63,2.73,5430100.0,14726853.0,2129661010.0,0.0025497485160795616
2022-03-22,2.73,2.75,2.68,2.74,3317001.0,9013771.0,2129661010.0,0.0015575253453130552
2022-03-23,2.79,2.83,2.73,2.73,5827200.0,16170062.0,2129661010.0,0.002736210116369647
2022-03-24,2.72,2.76,2.7,2.72,2721900.0,7431846.0,2129661010.0,0.0012780907323837421
2022-03-25,2.72,2.77,2.7,2.73,3478306.0,9520255.0,2129661010.0,0.0016332674466346172
2022-03-28,2.77,2.79,2.7,2.74,3824901.0,10448837.0,2129661010.0,0.00179601400506459
2022-03-29,2.71,2.74,2.71,2.71,2710400.0,7378386.0,2129661010.0,0.001272690811952274
2022-03-30,2.71,2.71,2.62,2.67,4456660.0,11856049.0,2129661010.0,0.0020926616860962297
2022-03-31,2.68,2.68,2.61,2.63,3710300.0,9782443.0,2129661010.0,0.001742202154510966
2022-04-01,2.64,2.69,2.61,2.68,3706700.0,9811602.0,2129661010.0,0.0017405117446367673
2022-04-06,2.68,2.76,2.65,2.72,4636100.0,12605255.0,2129661010.0,0.002176919227159068
2022-04-07,2.71,2.86,2.7,2.86,13243383.0,37321850.0,2129661010.0,0.006218540386387597
2022-04-08,2.85,2.87,2.79,2.82,8807608.0,24826376.0,2129661010.0,0.004135685425353212
2022-04-11,2.8,2.82,2.75,2.77,6763009.0,18747385.0,2129661010.0,0.0031756269980263195
2022-04-12,2.75,2.85,2.75,2.84,6255300.0,17582468.0,2129661010.0,0.002937228023909777
2022-04-13,2.83,2.97,2.8,2.87,12297300.0,35716185.0,2129661010.0,0.005774299262773281
2022-04-14,2.86,2.91,2.81,2.82,6548300.0,18669617.0,2129661010.0,0.0030748086053376165
2022-04-15,2.82,2.83,2.77,2.81,5133800.0,14342149.0,2129661010.0,0.00241061839226704
2022-04-18,2.8,2.93,2.8,2.91,12505195.0,36094499.0,2129661010.0,0.0058719180852167645
2022-04-19,2.91,2.92,2.85,2.9,7942037.0,22858423.0,2129661010.0,0.0037292493794587526
2022-04-20,2.89,2.94,2.87,2.89,6987600.0,20292490.0,2129661010.0,0.0032810855658196984
2022-04-21,2.89,2.91,2.78,2.8,7744600.0,21941381.0,2129661010.0,0.0036365411976998162
2022-04-22,2.81,2.88,2.81,2.86,7374200.0,21029376.0,2129661010.0,0.003462616803976704
2022-04-25,2.85,2.85,2.72,2.72,7903800.0,21923275.0,2129661010.0,0.00371129487880327
2022-04-26,2.69,2.69,2.6,2.61,6449260.0,16987226.0,2129661010.0,0.0030283035514652164
2022-04-27,2.49,2.58,2.49,2.56,7033006.0,17774820.0,2129661010.0,0.0033024063299163277
2022-04-28,2.56,2.69,2.52,2.69,7616960.0,20101463.0,2129661010.0,0.003576606776493504
2022-04-29,2.7,2.82,2.7,2.79,7837907.0,21848787.0,2129661010.0,0.0036803542738475547
2022-05-05,2.65,2.74,2.65,2.65,8790006.0,23451072.0,2129661010.0,0.0041274202601849766
2022-05-06,2.59,2.66,2.55,2.59,3981465.0,10362269.0,2129661010.0,0.001869529930493492
2022-05-09,2.54,2.63,2.54,2.61,6284200.0,16255273.0,2129661010.0,0.0029507982587332056
2022-05-10,2.55,2.58,2.48,2.53,9993900.0,25056342.0,2129661010.0,0.004692718678265139
2022-05-11,2.5,2.55,2.5,2.53,4770656.0,12070794.0,2129661010.0,0.002240101113557035
2022-05-12,2.51,2.52,2.44,2.45,5457600.0,13458840.0,2129661010.0,0.002562661369285246
2022-05-13,2.45,2.5,2.44,2.5,2428500.0,6027606.0,2129661010.0,0.0011403223276365473
2022-05-16,2.5,2.58,2.5,2.53,3791500.0,9644831.0,2129661010.0,0.0017803302883401147
2022-05-17,2.52,2.52,2.46,2.47,6569400.0,16225900.0,2129661010.0,0.0030847162854336146
2022-05-18,2.47,2.54,2.47,2.51,5533500.0,13814772.0,2129661010.0,0.0025983008441329354
2022-05-19,2.48,2.53,2.47,2.5,4739900.0,11813086.0,2129661010.0,0.0022256593785317975
2022-05-20,2.51,2.55,2.49,2.53,9463400.0,23887233.0,2129661010.0,0.0044436180009700225
2022-05-23,2.53,2.57,2.49,2.55,11006700.0,27771510.0,2129661010.0,0.005168287322873042
2022-05-24,2.54,2.54,2.44,2.45,9936600.0,24760408.0,2129661010.0,0.0046658129877674755
2022-05-25,2.44,2.51,2.44,2.48,5192155.0,12852812.0,2129661010.0,0.0024380194667695024
2022-05-26,2.48,2.51,2.46,2.49,6878200.0,17110136.0,2129661010.0,0.003229715887975993
2022-05-27,2.49,2.55,2.49,2.53,9652683.0,24241685.0,2129661010.0,0.004532497404363899
2022-05-30,2.52,2.53,2.5,2.52,4113855.0,10341971.0,2129661010.0,0.0019316947536171497
2022-05-31,2.49,2.53,2.49,2.52,5806200.0,14568586.0,2129661010.0,0.002726349392103488
2022-06-01,2.51,2.54,2.5,2.52,5962900.0,15014492.0,2129661010.0,0.0027999291774609704
2022-06-02,2.48,2.49,2.39,2.39,14383600.0,34810642.0,2129661010.0,0.006753938740701272
2022-06-06,2.36,2.42,2.36,2.39,5667601.0,13516021.0,2129661010.0,0.002661269081505136
2022-06-07,2.4,2.4,2.34,2.36,7274000.0,17160446.0,2129661010.0,0.0034155670624781737
2022-06-08,2.35,2.39,2.33,2.38,6311772.0,14866618.0,2129661010.0,0.002963744920136374
2022-06-09,2.37,2.39,2.35,2.36,3138300.0,7421333.0,2129661010.0,0.0014736148078327263
2022-06-10,2.35,2.37,2.34,2.37,2481324.0,5846896.0,2129661010.0,0.001165126275190623
2022-06-13,2.36,2.49,2.35,2.46,10310435.0,25218664.0,2129661010.0,0.004841350314245552
2022-06-14,2.45,2.45,2.42,2.44,3950500.0,9608959.0,2129661010.0,0.001854990057783891
2022-06-15,2.44,2.46,2.41,2.44,4143200.0,10097280.0,2129661010.0,0.001945473941883361
2022-06-16,2.43,2.44,2.41,2.42,5415600.0,13128084.0,2129661010.0,0.0025429399207529276
2022-06-17,2.35,2.37,2.33,2.37,7412252.0,17434243.0,2129661010.0,0.0034804844363469844
2022-06-20,2.36,2.41,2.36,2.39,4685300.0,11203629.0,2129661010.0,0.0022000214954397837
2022-06-21,2.39,2.4,2.37,2.38,3327867.0,7931545.0,2129661010.0,0.0015626275657833451
2022-06-22,2.38,2.39,2.35,2.38,3500800.0,8310791.0,2129661010.0,0.0016438296909985688
2022-06-23,2.38,2.44,2.37,2.44,6048525.0,14606382.0,2129661010.0,0.0028401351067604886
2022-06-27,2.56,2.56,2.56,2.56,890800.0,2280448.0,2129661010.0,0.0004182825322045033
2022-06-28,2.58,2.58,2.47,2.49,18164110.0,45787327.0,2129661010.0,0.008529108583342097
2022-06-29,2.47,2.48,2.4,2.41,8738902.0,21274543.0,2129661010.0,0.004103423952904129
2022-06-30,2.4,2.43,2.39,2.4,5622741.0,13540541.0,2128582355.0,0.0026415426148733625
2022-07-01,2.41,2.46,2.4,2.42,6368787.0,15467510.0,2128582355.0,0.002992032225128541
2022-07-04,2.42,2.46,2.41,2.44,7452178.0,18139655.0,2128582355.0,0.003501005250041171
2022-07-05,2.43,2.45,2.38,2.41,5500510.0,13251034.0,2128582355.0,0.0025841189499102094
2022-07-06,2.41,2.41,2.37,2.38,4408000.0,10526888.0,2128582355.0,0.0020708618530289376
2022-07-07,2.38,2.39,2.35,2.39,5303800.0,12609450.0,2128582355.0,0.0024917053303300544
2022-07-08,2.39,2.4,2.36,2.38,5195082.0,12348873.0,2128582355.0,0.002440630022041125
2022-07-11,2.38,2.38,2.35,2.37,4355801.0,10311133.0,2128582355.0,0.002046338958776157
2022-07-12,2.36,2.37,2.34,2.35,4641000.0,10913695.0,2128582355.0,0.002180324378381874
2022-07-13,2.34,2.36,2.33,2.36,5334800.0,12510152.0,2128582355.0,0.0025062690139607026
2022-07-14,2.35,2.36,2.34,2.35,4036500.0,9476534.0,2128582355.0,0.0018963325475842348
2022-07-15,2.47,2.47,2.38,2.4,18344700.0,44629747.0,2128582355.0,0.008618271196746814
2022-07-18,2.38,2.45,2.37,2.43,10882100.0,26364920.0,2128582355.0,0.005112369730228267
2022-07-19,2.43,2.44,2.4,2.42,6464500.0,15627538.0,2128582355.0,0.0030369978332362903
2022-07-20,2.42,2.44,2.41,2.42,5993200.0,14523159.0,2128582355.0,0.002815582862425823
2022-07-21,2.42,2.52,2.41,2.46,13686100.0,33722020.0,2128582355.0,0.0064296784044327
2022-07-22,2.45,2.46,2.43,2.45,8238400.0,20147315.0,2128582355.0,0.0038703693942816696
2022-07-25,2.44,2.48,2.43,2.45,7465200.0,18325298.0,2128582355.0,0.003507122936758536
2022-07-26,2.46,2.53,2.45,2.5,10803822.0,26940768.0,2128582355.0,0.005075595019672142
2022-07-27,2.5,2.52,2.46,2.47,11138300.0,27606169.0,2128582355.0,0.005232731528491882
2022-07-28,2.46,2.48,2.45,2.46,6943300.0,17078751.0,2128582355.0,0.003261936275892882
2022-07-29,2.46,2.46,2.4,2.41,9904000.0,24083046.0,2128582355.0,0.004652862021869011
2022-08-01,2.41,2.43,2.38,2.4,6364727.0,15292450.0,2128582355.0,0.0029901248523691725
2022-08-02,2.38,2.39,2.3,2.32,12897689.0,30070200.0,2128582355.0,0.0060592858762093795
2022-08-03,2.35,2.36,2.32,2.33,6232800.0,14571546.0,2128582355.0,0.002928146043003349
2022-08-04,2.33,2.38,2.33,2.37,7081221.0,16654694.0,2128582355.0,0.003326731043958128
2022-08-05,2.36,2.37,2.34,2.37,5795282.0,13639446.0,2128582355.0,0.0027226017289803195
2022-08-08,2.36,2.37,2.35,2.37,5482300.0,12946025.0,2128582355.0,0.0025755639602678187
2022-08-09,2.36,2.38,2.35,2.38,5906900.0,13980729.0,2128582355.0,0.0027750394463830833
2022-08-10,2.37,2.38,2.34,2.35,6488800.0,15278525.0,2128582355.0,0.003048413882017734
2022-08-11,2.36,2.39,2.36,2.39,7303500.0,17333478.0,2128582355.0,0.0034311568837560903
2022-08-12,2.38,2.39,2.37,2.38,5813010.0,13841663.0,2128582355.0,0.0027309302768320654
2022-08-15,2.38,2.44,2.37,2.43,11418735.0,27510832.0,2128582355.0,0.00536447883878094
2022-08-16,2.44,2.46,2.42,2.44,9123801.0,22256051.0,2128582355.0,0.004286327460419073
2022-08-17,2.44,2.45,2.42,2.45,9123001.0,22269584.0,2128582355.0,0.004285951623422153
2022-08-18,2.44,2.44,2.4,2.41,8758813.0,21150081.0,2128582355.0,0.004114857468129299
2022-08-19,2.39,2.48,2.39,2.44,13334435.0,32521845.0,2128582355.0,0.0062644675075303816
2022-08-22,2.42,2.56,2.42,2.56,34037906.0,86582520.0,2128582355.0,0.015990880465604537
2022-08-23,2.54,2.68,2.5,2.6,36637516.0,94684123.0,2128582355.0,0.017212167485058383
2022-08-24,2.59,2.69,2.58,2.6,25575250.0,67235604.0,2128582355.0,0.012015156444346265
2022-08-25,2.6,2.66,2.6,2.63,17740000.0,46621908.0,2128582355.0,0.008334185406699944
2022-08-26,2.64,2.65,2.57,2.57,15671800.0,40787773.0,2128582355.0,0.007362552810412638
2022-08-29,2.53,2.62,2.53,2.6,11628500.0,30035513.0,2128582355.0,0.0054630256483545825
2022-08-30,2.63,2.64,2.55,2.58,11791200.0,30483028.0,2128582355.0,0.005539461497603178
2022-08-31,2.58,2.59,2.54,2.55,9796000.0,25096250.0,2128582355.0,0.004602124027284817
2022-09-01,2.55,2.59,2.49,2.51,11180100.0,28383434.0,2128582355.0,0.0052523690115809495
2022-09-02,2.51,2.54,2.5,2.52,9374100.0,23597934.0,2128582355.0,0.004403916991034157
2022-09-05,2.53,2.53,2.49,2.51,8879100.0,22221174.0,2128582355.0,0.004171367849189937
2022-09-06,2.51,2.52,2.48,2.51,10105700.0,25252946.0,2128582355.0,0.0047476199247174534
2022-09-07,2.5,2.51,2.48,2.49,9197520.0,22942880.0,2128582355.0,0.004320960369889001
2022-09-08,2.5,2.58,2.49,2.54,15595220.0,39616852.0,2128582355.0,0.0073265758138824745
2022-09-09,2.53,2.56,2.51,2.55,8052700.0,20442202.0,2128582355.0,0.0037831282313716256
2022-09-13,2.58,2.61,2.55,2.56,11265452.0,29069318.0,2128582355.0,0.00529246706078234
2022-09-14,2.54,2.59,2.53,2.58,9042200.0,23188996.0,2128582355.0,0.0042479916169369915
2022-09-15,2.59,2.66,2.57,2.62,18365200.0,48039921.0,2128582355.0,0.008627902019792888
2022-09-16,2.61,2.63,2.49,2.52,15064300.0,38535021.0,2128582355.0,0.0070771515908765485
2022-09-19,2.52,2.52,2.42,2.45,9706000.0,23873907.0,2128582355.0,0.0045598423651313225
2022-09-20,2.46,2.49,2.45,2.47,5238720.0,12927261.0,2128582355.0,0.0024611309906306163
2022-09-21,2.46,2.47,2.42,2.46,5522261.0,13511379.0,2128582355.0,0.0025943374880602163
2022-09-22,2.45,2.48,2.43,2.46,5457000.0,13392995.0,2128582355.0,0.002563678115240225
2022-09-23,2.46,2.48,2.43,2.46,6454700.0,15841684.0,2128582355.0,0.003032393830024021
2022-09-26,2.45,2.45,2.37,2.38,7827500.0,18879703.0,2128582355.0,0.003677330116738659
2022-09-27,2.38,2.43,2.38,2.42,5351124.0,12863527.0,2128582355.0,0.002513937967882854
2022-09-28,2.41,2.44,2.38,2.39,4930100.0,11866754.0,2128582355.0,0.0023161424731438216
2022-09-29,2.4,2.44,2.4,2.43,8819600.0,21396348.0,2128582355.0,0.004143414972544015
2022-09-30,2.43,2.45,2.42,2.44,5757670.0,14019131.0,2128582355.0,0.002704931752570128
2022-10-10,2.47,2.51,2.45,2.46,10856100.0,26927453.0,2128582355.0,0.005100155027828369
2022-10-11,2.44,2.46,2.4,2.44,6927785.0,16828138.0,2128582355.0,0.0032546473871338656
2022-10-12,2.44,2.47,2.42,2.46,10851600.0,26526990.0,2128582355.0,0.005098040944720694
2022-10-13,2.45,2.48,2.42,2.46,10109752.0,24754936.0,2128582355.0,0.004749523539106853
2022-10-14,2.46,2.52,2.45,2.51,14981349.0,37277576.0,2128582355.0,0.007038181522462165
2022-10-17,2.5,2.53,2.47,2.52,10920367.0,27282505.0,2128582355.0,0.005130347423179687
2022-10-18,2.52,2.55,2.47,2.48,13031660.0,32703556.0,2128582355.0,0.006122224949102333
2022-10-19,2.48,2.51,2.46,2.47,9141720.0,22632601.0,2128582355.0,0.004294745739353834
2022-10-20,2.46,2.49,2.45,2.47,6465300.0,15961491.0,2128582355.0,0.0030373736702332104
2022-10-21,2.46,2.49,2.44,2.45,8585867.0,21095519.0,2128582355.0,0.004033608086542651
2022-10-24,2.45,2.46,2.38,2.41,10172438.0,24654057.0,2128582355.0,0.004778973186593008
2022-10-25,2.39,2.43,2.39,2.42,8329400.0,20020098.0,2128582355.0,0.003913120852681314
2022-10-26,2.41,2.45,2.41,2.43,8019087.0,19493406.0,2128582355.0,0.003767336970149788
2022-10-27,2.43,2.46,2.43,2.46,7550000.0,18474781.0,2128582355.0,0.0035469616584320506
2022-10-28,2.34,2.37,2.34,2.34,15912800.0,37290415.0,2128582355.0,0.007475773705734773
2022-10-31,2.28,2.3,2.23,2.27,12452300.0,28194416.0,2128582355.0,0.005850043795932904
2022-11-01,2.27,2.31,2.26,2.3,6038201.0,13811600.0,2128582355.0,0.002836724163298817
2022-11-02,2.28,2.32,2.28,2.3,6947098.0,15972645.0,2128582355.0,0.0032637205620357594
2022-11-03,2.27,2.3,2.26,2.28,7399900.0,16804151.0,2128582355.0,0.0034764452418849447
2022-11-04,2.28,2.3,2.27,2.29,8902907.0,20334441.0,2128582355.0,0.004182552288422028
2022-11-07,2.29,2.34,2.28,2.31,10731500.0,24703163.0,2128582355.0,0.0050416184155580865
2022-11-08,2.31,2.34,2.31,2.33,7906898.0,18365738.0,2128582355.0,0.0037146309990904723
2022-11-09,2.33,2.37,2.32,2.35,9732500.0,22824814.0,2128582355.0,0.004572291965654296
2022-11-10,2.34,2.36,2.33,2.35,7925500.0,18587387.0,2128582355.0,0.0037233701488613535
2022-11-11,2.38,2.39,2.34,2.35,11438600.0,26980453.0,2128582355.0,0.005373811341210709
2022-11-14,2.35,2.38,2.33,2.37,9184600.0,21696678.0,2128582355.0,0.004314890602388743
2022-11-15,2.36,2.39,2.36,2.38,8492500.0,20177181.0,2128582355.0,0.003989744620428369
2022-11-16,2.37,2.38,2.35,2.36,6698500.0,15841418.0,2128582355.0,0.0031469301548353763
2022-11-17,2.36,2.44,2.35,2.4,13280717.0,31855772.0,2128582355.0,0.006239230992779699
2022-11-18,2.39,2.4,2.37,2.39,8328600.0,19843090.0,2128582355.0,0.003912745015684394
2022-11-21,2.37,2.38,2.35,2.36,5610286.0,13239431.0,2128582355.0,0.002635691302627565
2022-11-22,2.36,2.37,2.35,2.36,6236000.0,14710827.0,2128582355.0,0.002929649390991029
2022-11-23,2.36,2.37,2.31,2.33,7100000.0,16566145.0,2128582355.0,0.0033355533476645775
2022-11-24,2.21,2.21,2.21,2.21,4157500.0,9188075.0,2128582355.0,0.0019531778933683775
2022-11-25,2.21,2.32,2.21,2.28,21161862.0,47810797.0,2128582355.0,0.009941763329143071
2022-11-28,2.27,2.31,2.24,2.31,12553000.0,28474287.0,2128582355.0,0.005897352277920203
2022-11-29,2.3,2.31,2.27,2.3,8616000.0,19773303.0,2128582355.0,0.004047764456827887
2022-11-30,2.3,2.37,2.29,2.35,12974643.0,30334966.0,2128582355.0,0.006095438576535602
2022-12-01,2.35,2.39,2.33,2.34,12283686.0,28954742.0,2128582355.0,0.005770829571684578
2022-12-02,2.33,2.36,2.33,2.36,7784000.0,18280032.0,2128582355.0,0.0036568939800311366
2022-12-05,2.36,2.38,2.33,2.36,10993900.0,25883780.0,2128582355.0,0.0051648929505478305
2022-12-06,2.36,2.38,2.34,2.36,11716200.0,27548328.0,2128582355.0,0.0055042267791419325
2022-12-07,2.35,2.41,2.34,2.37,15425300.0,36734444.0,2128582355.0,0.0072467480357366765
2022-12-08,2.37,2.38,2.34,2.35,11617343.0,27357713.0,2128582355.0,0.005457784131636288
2022-12-09,2.34,2.36,2.32,2.34,11135800.0,25986327.0,2128582355.0,0.005231557037876507
2022-12-12,2.36,2.37,2.32,2.33,6238400.0,14602148.0,2128582355.0,0.0029307769019817887
2022-12-13,2.32,2.35,2.31,2.34,7905400.0,18484597.0,2128582355.0,0.0037139272443137395
2022-12-14,2.34,2.34,2.31,2.32,5992502.0,13940947.0,2128582355.0,0.002815254944646011
2022-12-15,2.32,2.33,2.29,2.32,5925566.0,13671293.0,2128582355.0,0.002783808663113718
2022-12-16,2.31,2.31,2.26,2.27,7415000.0,16907520.0,2128582355.0,0.0034835391652018087
2022-12-19,2.26,2.28,2.22,2.23,5279129.0,11864498.0,2128582355.0,0.002480114987141289
2022-12-20,2.22,2.27,2.22,2.25,4572629.0,10253023.0,2128582355.0,0.0021482039392363562
2022-12-21,2.24,2.27,2.24,2.25,3043300.0,6852363.0,2128582355.0,0.0014297309159081138
2022-12-22,2.26,2.28,2.24,2.25,4940300.0,11183996.0,2128582355.0,0.002320934394854551
2022-12-23,2.24,2.25,2.22,2.24,4495129.0,10029803.0,2128582355.0,0.002111794730159736
2022-12-26,2.23,2.26,2.22,2.26,5108500.0,11424729.0,2128582355.0,0.002399954123456971
2022-12-27,2.26,2.27,2.24,2.26,2836400.0,6395761.0,2128582355.0,0.0013325300725796911
2022-12-28,2.3,2.34,2.28,2.32,12074500.0,27951215.0,2128582355.0,0.005672554774137456
2022-12-29,2.3,2.32,2.26,2.3,6349700.0,14571584.0,2128582355.0,0.002983065224178277
2022-12-30,2.3,2.31,2.29,2.31,4044800.0,9298914.0,2128582355.0,0.0019002318564272792
2023-01-03,2.31,2.36,2.3,2.33,10783800.0,25137127.0,2132866971.0,0.005056011531250816
2023-01-04,2.34,2.36,2.33,2.35,7497800.0,17584552.0,2132866971.0,0.0035153622340002937
2023-01-05,2.34,2.35,2.31,2.32,9124200.0,21247734.0,2132866971.0,0.004277903931215221
2023-01-06,2.32,2.33,2.31,2.32,4804102.0,11138018.0,2132866971.0,0.0022524152070054256
2023-01-09,2.31,2.32,2.3,2.32,3293900.0,7617621.0,2132866971.0,0.00154435323195785
2023-01-10,2.33,2.35,2.32,2.33,3837045.0,8947209.0,2132866971.0,0.0017990081201365276
2023-01-11,2.33,2.34,2.31,2.31,4012100.0,9313664.0,2132866971.0,0.0018810830935784603
2023-01-12,2.32,2.32,2.29,2.31,3125800.0,7198348.0,2132866971.0,0.0014655391276158498
2023-01-13,2.31,2.31,2.3,2.31,1752900.0,4036000.0,2132866971.0,0.0008218515377816313
2023-01-16,2.3,2.34,2.3,2.32,4366902.0,10138516.0,2132866971.0,0.002047432896366981
2023-01-17,2.32,2.34,2.31,2.33,3593900.0,8343652.0,2132866971.0,0.0016850089803373863
2023-01-18,2.32,2.35,2.32,2.34,5771150.0,13490444.0,2132866971.0,0.002705818074201872
2023-01-19,2.34,2.37,2.33,2.37,5496702.0,12920957.0,2132866971.0,0.0025771424447643154
2023-01-20,2.36,2.39,2.36,2.39,6592100.0,15658439.0,2132866971.0,0.0030907225296424733
2023-01-30,2.4,2.41,2.38,2.4,7436931.0,17782390.0,2132866971.0,0.0034868236515065805
2023-01-31,2.38,2.49,2.37,2.42,11151950.0,27125023.0,2132866971.0,0.005228619577137238
2023-02-01,2.41,2.44,2.41,2.43,6430999.0,15571315.0,2132866971.0,0.0030151899239101677
2023-02-02,2.42,2.44,2.41,2.42,4749802.0,11516157.0,2132866971.0,0.0022269565165487296
2023-02-03,2.42,2.43,2.41,2.43,5244710.0,12691934.0,2132866971.0,0.0024589953669454617
2023-02-06,2.43,2.44,2.4,2.41,7352400.0,17766597.0,2132866971.0,0.0034471910812856788
2023-02-07,2.44,2.52,2.43,2.43,15209198.0,37545523.0,2132866971.0,0.007130870423141828
2023-02-08,2.43,2.48,2.43,2.45,6946800.0,17057972.0,2132866971.0,0.0032570245094765454
2023-02-09,2.46,2.47,2.44,2.47,4722772.0,11578338.0,2132866971.0,0.002214283433619733
2023-02-10,2.47,2.48,2.45,2.46,4744300.0,11706419.0,2132866971.0,0.0022243768901234486
2023-02-13,2.47,2.48,2.46,2.48,7066600.0,17448608.0,2132866971.0,0.00331319303832944
2023-02-14,2.48,2.49,2.45,2.46,10148600.0,25089368.0,2132866971.0,0.0047581964266818775
2023-02-15,2.5,2.56,2.49,2.49,10104498.0,25318317.0,2132866971.0,0.004737519093965097
2023-02-16,2.49,2.61,2.49,2.56,30601116.0,78607269.0,2132866971.0,0.014347409574096687
2023-02-17,2.56,2.67,2.53,2.61,20806000.0,54280362.0,2132866971.0,0.009754945002615449
2023-02-20,2.64,2.67,2.55,2.59,18620100.0,48577827.0,2132866971.0,0.008730080334672687
2023-02-21,2.59,2.62,2.53,2.55,16027867.0,41137965.0,2132866971.0,0.007514705426042251
2023-02-22,2.55,2.59,2.54,2.56,8013500.0,20552799.0,2132866971.0,0.003757149465464717
2023-02-23,2.56,2.6,2.56,2.6,8154700.0,21078945.0,2132866971.0,0.0038233514377020187
2023-02-24,2.6,2.63,2.57,2.59,7983941.0,20704607.0,2132866971.0,0.0037432906545768812
2023-02-27,2.59,2.65,2.59,2.63,13143632.0,34524442.0,2132866971.0,0.006162424651284077
2023-02-28,2.63,2.67,2.63,2.64,13494067.0,35745597.0,2132866971.0,0.006326726975228686
2023-03-01,2.64,2.72,2.63,2.69,14786858.0,39569831.0,2132866971.0,0.006932855260573117
2023-03-02,2.69,2.82,2.69,2.79,28758176.0,79993573.0,2132866971.0,0.01348334255770141
2023-03-03,2.77,2.81,2.72,2.75,20943500.0,57625127.0,2132866971.0,0.009819412220622737
2023-03-06,2.77,2.8,2.74,2.77,11208944.0,31038062.0,2132866971.0,0.005255341356214382
2023-03-07,2.77,2.77,2.7,2.73,17659567.0,48121279.0,2132866971.0,0.00827973204147855
2023-03-08,2.72,2.78,2.7,2.77,11592000.0,31833263.0,2132866971.0,0.0054349381173852875
2023-03-09,2.77,2.79,2.72,2.74,11985800.0,32871956.0,2132866971.0,0.0056195722297581584
2023-03-10,2.74,2.77,2.72,2.74,6896501.0,18908352.0,2132866971.0,0.003233441697850738
2023-03-13,2.72,2.74,2.69,2.71,11168000.0,30307223.0,2132866971.0,0.005236144659675542
2023-03-14,2.69,2.71,2.61,2.64,16643526.0,44121821.0,2132866971.0,0.007803358684014241
2023-03-15,2.65,2.68,2.64,2.66,5541200.0,14761971.0,2132866971.0,0.0025980054430689574
2023-03-16,2.64,2.69,2.64,2.67,7339167.0,19605048.0,2132866971.0,0.003440986756224657
2023-03-17,2.66,2.7,2.61,2.62,10015600.0,26574375.0,2132866971.0,0.004695839044900283
2023-03-20,2.65,2.68,2.62,2.68,9719407.0,25778943.0,2132866971.0,0.004556968217967683
2023-03-21,2.68,2.7,2.64,2.66,4928868.0,13152068.0,2132866971.0,0.0023109120573464965
2023-03-22,2.67,2.73,2.67,2.71,7823299.0,21119955.0,2132866971.0,0.0036679732521395962
2023-03-23,2.71,2.71,2.68,2.69,5493400.0,14807397.0,2132866971.0,0.002575594293827151
2023-03-24,2.69,2.7,2.67,2.69,5236873.0,14063040.0,2132866971.0,0.0024553209699452933
2023-03-27,2.69,2.69,2.66,2.66,5278200.0,14098095.0,2132866971.0,0.002474697236989564
2023-03-28,2.68,2.68,2.64,2.65,5029100.0,13340856.0,2132866971.0,0.002357906080585089
2023-03-29,2.66,2.66,2.63,2.65,4302800.0,11369976.0,2132866971.0,0.002017378513758231
2023-03-30,2.64,2.66,2.63,2.64,4491824.0,11894782.0,2132866971.0,0.002106002887697209
2023-03-31,2.65,2.67,2.64,2.67,3673500.0,9748806.0,2132866971.0,0.0017223296389074234
2023-04-03,2.67,2.7,2.66,2.67,4308402.0,11548146.0,2132866971.0,0.0020200050254329718
2023-04-04,2.67,2.71,2.66,2.7,9073452.0,24393973.0,2132866971.0,0.004254110604819338
2023-04-06,2.7,2.73,2.68,2.7,5354400.0,14465621.0,2132866971.0,0.002510423797077966
2023-04-07,2.7,2.7,2.65,2.67,7505400.0,20070781.0,2132866971.0,0.003518925512959242
2023-04-10,2.67,2.74,2.66,2.72,7913600.0,21393722.0,2132866971.0,0.0037103111012543313
2023-04-11,2.72,2.72,2.69,2.7,4546000.0,12282468.0,2132866971.0,0.0021314034404445754
2023-04-12,2.71,2.71,2.69,2.7,5222200.0,14080418.0,2132866971.0,0.0024484414972920504
2023-04-13,2.7,2.7,2.57,2.57,16853900.0,43797024.0,2132866971.0,0.007901993058712897
2023-04-14,2.55,2.7,2.51,2.69,20531702.0,53225263.0,2132866971.0,0.009626339701052082
2023-04-17,2.7,2.76,2.67,2.73,18587400.0,50624726.0,2132866971.0,0.008714748858099317
2023-04-18,2.75,2.78,2.73,2.76,14728600.0,40648045.0,2132866971.0,0.0069055408519428
2023-04-19,2.76,2.8,2.76,2.78,13292559.0,36917557.0,2132866971.0,0.006232249446747141
2023-04-20,2.78,2.78,2.72,2.74,11301300.0,30974901.0,2132866971.0,0.0052986426972055165
2023-04-21,2.71,2.76,2.71,2.72,10143600.0,27753784.0,2132866971.0,0.004755852164208886
2023-04-24,2.71,2.72,2.61,2.66,9740500.0,26031842.0,2132866971.0,0.004566857723636249
2023-04-25,2.67,2.7,2.59,2.63,10695500.0,28239761.0,2132866971.0,0.005014611855977773
2023-04-26,2.52,2.66,2.52,2.65,6037402.0,15859379.0,2132866971.0,0.0028306509885936996
2023-04-27,2.67,2.67,2.64,2.67,4485434.0,11910772.0,2132866971.0,0.002103006920256725
2023-04-28,2.65,2.74,2.65,2.73,6699502.0,18179888.0,2132866971.0,0.0031410782252673367
2023-05-04,2.75,2.79,2.74,2.75,6936382.0,19161853.0,2132866971.0,0.0032521400041878186
2023-05-05,2.78,2.78,2.7,2.76,9244728.0,25229125.0,2132866971.0,0.004334413784684184
2023-05-08,2.75,2.77,2.7,2.71,6406402.0,17453866.0,2132866971.0,0.0030036575591005296
2023-05-09,2.66,2.69,2.61,2.61,9893300.0,26095415.0,2132866971.0,0.004638498384810892
2023-05-10,2.61,2.64,2.6,2.63,3583129.0,9415972.0,2132866971.0,0.0016799589701180665
2023-05-11,2.65,2.67,2.63,2.66,3843900.0,10200478.0,2132866971.0,0.0018022221039870002
2023-05-12,2.65,2.66,2.64,2.64,2659800.0,7032546.0,2132866971.0,0.00124705386513297
2023-05-15,2.65,2.67,2.63,2.63,3693301.0,9753613.0,2132866971.0,0.0017316133871529674
2023-05-16,2.64,2.64,2.59,2.61,5719500.0,14941425.0,2132866971.0,0.002681601842855862
2023-05-17,2.6,2.65,2.58,2.63,3385600.0,8866222.0,2132866971.0,0.0015873470057125283
2023-05-18,2.63,2.65,2.61,2.65,3888514.0,10217707.0,2132866971.0,0.0018231394891810157
2023-05-19,2.63,2.71,2.61,2.7,7215602.0,19310524.0,2132866971.0,0.003383052997729599
2023-05-22,2.68,2.74,2.67,2.71,6822901.0,18488979.0,2132866971.0,0.0031989341542482913
2023-05-23,2.67,2.7,2.66,2.67,6644600.0,17774789.0,2132866971.0,0.003115337285608892
2023-05-24,2.67,2.69,2.65,2.66,4143711.0,11063455.0,2132866971.0,0.0019427892392450575
2023-05-25,2.66,2.69,2.65,2.68,3057200.0,8175094.0,2132866971.0,0.0014333758464863957
2023-05-26,2.68,2.7,2.67,2.69,3993800.0,10715473.0,2132866971.0,0.0018725030929273084
2023-05-29,2.7,2.73,2.69,2.69,5890700.0,15946184.0,2132866971.0,0.0027618693899311175
2023-05-30,2.7,2.75,2.69,2.75,12777712.0,34959187.0,2132866971.0,0.005990862146460611
2023-05-31,2.75,2.89,2.75,2.86,19928504.0,56651961.0,2132866971.0,0.009343528814015284
2023-06-01,2.85,2.85,2.79,2.81,10666100.0,30065200.0,2132866971.0,0.005000827592636578
2023-06-02,2.81,2.87,2.8,2.85,9798601.0,27839913.0,2132866971.0,0.004594098522424913
2023-06-05,2.86,2.96,2.86,2.95,17639800.0,51590602.0,2132866971.0,0.008270464234217822
2023-06-07,2.9,3.25,2.77,3.05,83808821.0,248214907.0,2132866971.0,0.03929397479520536
2023-06-08,3.08,3.13,2.89,2.91,57712257.0,174149055.0,2132866971.0,0.02705853566335713
2023-06-09,2.88,2.92,2.77,2.79,49396700.0,139242016.0,2132866971.0,0.02315976601993149
2023-06-12,2.78,2.8,2.69,2.72,23016600.0,62804901.0,2132866971.0,0.010791390327174794
2023-06-13,2.72,2.76,2.69,2.7,18985100.0,51559659.0,2132866971.0,0.008901211495201122
2023-06-14,2.72,2.84,2.71,2.76,29230102.0,80903467.0,2132866971.0,0.013704606240067281
2023-06-15,2.72,2.73,2.67,2.69,22914100.0,61698250.0,2132866971.0,0.01074333294647845
2023-06-16,2.68,2.71,2.66,2.69,12972402.0,34870696.0,2132866971.0,0.006082143038633983
2023-06-19,2.69,2.69,2.62,2.63,16313900.0,43153888.0,2132866971.0,0.0076488127116297305
2023-06-20,2.62,2.63,2.58,2.58,13234300.0,34463308.0,2132866971.0,0.00620493456926433
2023-06-21,2.58,2.62,2.54,2.57,15702600.0,40510101.0,2132866971.0,0.007362203181681695
2023-06-26,2.57,2.57,2.5,2.51,10700700.0,27005540.0,2132866971.0,0.005017049888949685
2023-06-27,2.51,2.55,2.51,2.54,5664402.0,14354966.0,2132866971.0,0.0026557690081084762
2023-06-28,2.53,2.59,2.52,2.59,10260100.0,26197679.0,2132866971.0,0.004810473479829606
2023-06-29,2.57,2.59,2.55,2.56,6868900.0,17631961.0,2132866971.0,0.003220500900147326
2023-06-30,2.56,2.58,2.54,2.58,6343601.0,16245226.0,2132866971.0,0.002974213153587252
2023-07-03,2.57,2.61,2.55,2.6,7759200.0,20097890.0,2132866971.0,0.00363792027608833
2023-07-04,2.6,2.61,2.57,2.59,8686100.0,22427011.0,2132866971.0,0.004072499653331637
2023-07-05,2.6,2.64,2.59,2.63,11741601.0,30825531.0,2132866971.0,0.00550507891942971
2023-07-06,2.63,2.71,2.59,2.65,19056901.0,50498010.0,2132866971.0,0.008934875573165786
2023-07-07,2.62,2.7,2.59,2.66,19655600.0,52290182.0,2132866971.0,0.009215577092829387
2023-07-10,2.68,2.72,2.64,2.65,13158200.0,35044639.0,2132866971.0,0.006169254894425387
2023-07-11,2.64,2.66,2.63,2.64,8602400.0,22763001.0,2132866971.0,0.004033256699533747
2023-07-12,2.64,2.67,2.61,2.61,9214300.0,24314275.0,2132866971.0,0.004320147540978541
2023-07-13,2.62,2.64,2.6,2.62,7153600.0,18716123.0,2132866971.0,0.003353983205359506
2023-07-14,2.61,2.64,2.6,2.62,7166000.0,18839971.0,2132866971.0,0.0033597969762925264
2023-07-17,2.61,2.63,2.57,2.6,7029400.0,18273933.0,2132866971.0,0.0032957517255303775
2023-07-18,2.6,2.72,2.6,2.63,10218900.0,27032081.0,2132866971.0,0.004791156757052149
2023-07-19,2.63,2.64,2.6,2.61,7299800.0,19112843.0,2132866971.0,0.0034225294400697997
2023-07-20,2.62,2.62,2.57,2.58,8223201.0,21332650.0,2132866971.0,0.0038554683024345075
2023-07-21,2.58,2.62,2.58,2.6,6998500.0,18173808.0,2132866971.0,0.0032812641834472855
2023-07-24,2.6,2.6,2.56,2.56,7058799.0,18152574.0,2132866971.0,0.0033095355200190774
2023-07-25,2.57,2.59,2.56,2.58,6709600.0,17270149.0,2132866971.0,0.0031458126977577917
2023-07-26,2.58,2.62,2.56,2.62,8798410.0,22797594.0,2132866971.0,0.00412515647699999
2023-07-27,2.61,2.65,2.6,2.63,11364400.0,29930892.0,2132866971.0,0.005328227289614679
2023-07-28,2.64,2.64,2.61,2.63,8879400.0,23299402.0,2132866971.0,0.004163128840537519
2023-07-31,2.63,2.78,2.62,2.72,37183433.0,99980955.0,2132866971.0,0.017433545319784503
2023-08-01,2.75,2.78,2.68,2.7,43132400.0,117398151.0,2132866971.0,0.020222733338018387
2023-08-02,2.69,2.72,2.66,2.68,27069424.0,72703004.0,2132866971.0,0.01269156696974328
2023-08-03,2.69,2.75,2.65,2.74,35471953.0,96206287.0,2132866971.0,0.01663111365232914
2023-08-04,2.73,2.74,2.67,2.68,23615401.0,63665824.0,2132866971.0,0.011072139669792843
2023-08-07,2.7,2.75,2.7,2.72,29332490.0,79780110.0,2132866971.0,0.013752611109284227
2023-08-08,2.71,2.74,2.68,2.73,19937791.0,54125218.0,2132866971.0,0.009347883047132619
2023-08-09,2.72,2.73,2.67,2.68,14620700.0,39415278.0,2132866971.0,0.006854951667775627
2023-08-10,2.67,2.69,2.66,2.67,11766500.0,31470203.0,2132866971.0,0.005516752877692718
2023-08-11,2.67,2.67,2.59,2.6,17393000.0,45789765.0,2132866971.0,0.008154751438550923
2023-08-14,2.59,2.6,2.55,2.58,9622401.0,24738350.0,2132866971.0,0.004511486712876665
2023-08-15,2.58,2.6,2.56,2.58,8174100.0,21081827.0,2132866971.0,0.003832447176097229
2023-08-16,2.57,2.59,2.55,2.57,6772800.0,17430782.0,2132866971.0,0.0031754441754164144
2023-08-17,2.56,2.59,2.55,2.58,7541800.0,19406670.0,2132866971.0,0.0035359917437626258
2023-08-18,2.58,2.59,2.53,2.53,10008800.0,25608964.0,2132866971.0,0.004692650847937014
2023-08-21,2.54,2.55,2.5,2.52,7923800.0,20011853.0,2132866971.0,0.0037150933966992356
2023-08-22,2.52,2.54,2.46,2.5,12628700.0,31500307.0,2132866971.0,0.005920997498535505
2023-08-23,2.48,2.55,2.47,2.5,9844700.0,24688653.0,2132866971.0,0.004615712153573408
2023-08-24,2.49,2.53,2.42,2.5,14280700.0,35238886.0,2132866971.0,0.006695541819612153
2023-08-25,2.49,2.75,2.49,2.75,96903342.0,264364146.0,2132866971.0,0.04543337363162721
2023-08-28,2.77,2.92,2.71,2.74,130814218.0,364773254.0,2132866971.0,0.06133257243824608
2023-08-29,2.7,2.73,2.62,2.72,88282814.0,236407203.0,2132866971.0,0.041391617574071386
2023-08-30,2.71,2.71,2.6,2.63,52397900.0,138124049.0,2132866971.0,0.02456688612672037
2023-08-31,2.6,2.62,2.55,2.57,32947100.0,84796808.0,2132866971.0,0.015447330024784748
2023-09-01,2.59,2.73,2.57,2.62,51740065.0,136566273.0,2132866971.0,0.024258458545936196
2023-09-04,2.59,2.65,2.58,2.65,34382502.0,90150082.0,2132866971.0,0.01612032183323636
2023-09-05,2.64,2.64,2.57,2.57,27591765.0,71585385.0,2132866971.0,0.012936467850624331
2023-09-06,2.57,2.59,2.54,2.56,19642500.0,50352236.0,2132866971.0,0.009209435125150147
2023-09-07,2.56,2.63,2.54,2.6,28090076.0,72515738.0,2132866971.0,0.013170102206060182
2023-09-08,2.6,2.6,2.52,2.52,23849776.0,60521839.0,2132866971.0,0.011182026973214356
2023-09-11,2.53,2.54,2.5,2.54,15410500.0,38820765.0,2132866971.0,0.007225251368009487
2023-09-12,2.54,2.57,2.52,2.54,13144000.0,33474803.0,2132866971.0,0.006162597189002089
2023-09-13,2.54,2.54,2.51,2.52,12153600.0,30673918.0,2132866971.0,0.0056982456783517795
2023-09-14,2.52,2.53,2.48,2.49,12579000.0,31441936.0,2132866971.0,0.005897695529553962
2023-09-15,2.5,2.51,2.47,2.49,13434700.0,33468883.0,2132866971.0,0.00629889260918186
2023-09-18,2.48,2.51,2.45,2.51,13183100.0,32833237.0,2132866971.0,0.0061809293215408885
2023-09-19,2.5,2.52,2.47,2.47,10371800.0,25785482.0,2132866971.0,0.004862844303476253
2023-09-20,2.47,2.52,2.45,2.48,16118200.0,40032573.0,2132866971.0,0.007557058278436813
2023-09-21,2.47,2.48,2.42,2.43,13634793.0,33330178.0,2132866971.0,0.006392706711383548
2023-09-22,2.43,2.46,2.42,2.45,10566365.0,25783243.0,2132866971.0,0.004954066589087801
2023-09-25,2.45,2.46,2.42,2.43,6063100.0,14758224.0,2132866971.0,0.002842699559999891
2023-09-26,2.42,2.43,2.39,2.4,10085600.0,24298108.0,2132866971.0,0.004728658719522175
2023-09-27,2.4,2.41,2.38,2.39,8719997.0,20882171.0,2132866971.0,0.0040883923463410415
2023-09-28,2.39,2.42,2.38,2.4,7170297.0,17213863.0,2132866971.0,0.003361811635461816
2023-10-09,2.4,2.4,2.36,2.37,7777105.0,18491200.0,2132866971.0,0.003646315080004115
2023-10-10,2.37,2.42,2.37,2.4,8134700.0,19526933.0,2132866971.0,0.0038139743878100496
2023-10-11,2.4,2.41,2.36,2.38,7386800.0,17609003.0,2132866971.0,0.0034633196070998655
2023-10-12,2.39,2.43,2.37,2.42,10505802.0,25236820.0,2132866971.0,0.004925671475457435
2023-10-13,2.41,2.41,2.37,2.38,8003800.0,19095101.0,2132866971.0,0.003752601596267112
2023-10-16,2.37,2.42,2.37,2.4,9582400.0,22902633.0,2132866971.0,0.004492732144240233
2023-10-17,2.4,2.41,2.36,2.37,9704700.0,23041008.0,2132866971.0,0.004550072804329623
2023-10-18,2.38,2.38,2.31,2.32,12919929.0,30216827.0,2132866971.0,0.0060575409416849186
2023-10-19,2.32,2.35,2.29,2.31,9209489.0,21353640.0,2132866971.0,0.004317891891627028
2023-10-20,2.3,2.33,2.28,2.3,10328300.0,23753660.0,2132866971.0,0.00484244921996122
2023-10-23,2.3,2.31,2.23,2.24,11144300.0,25186255.0,2132866971.0,0.005225032855553559
2023-10-24,2.25,2.31,2.24,2.31,10740100.0,24575869.0,2132866971.0,0.0050355226772368636
2023-10-25,2.31,2.36,2.31,2.34,10646400.0,24872032.0,2132866971.0,0.004991591198492989
2023-10-26,2.33,2.35,2.31,2.33,6493917.0,15114294.0,2132866971.0,0.0030446891851653134
2023-10-27,2.33,2.38,2.33,2.37,9612703.0,22672544.0,2132866971.0,0.004506939781384049
2023-10-30,2.35,2.4,2.34,2.38,8484785.0,20182629.0,2132866971.0,0.003978112613381549
2023-10-31,2.38,2.41,2.35,2.37,9779680.0,23283401.0,2132866971.0,0.004585227364374615
2023-11-01,2.37,2.41,2.37,2.39,8123400.0,19431277.0,2132866971.0,0.0038086763546210873
2023-11-02,2.4,2.41,2.37,2.39,7069180.0,16876338.0,2132866971.0,0.003314402677765504
2023-11-03,2.38,2.4,2.37,2.39,8576900.0,20477588.0,2132866971.0,0.004021300960921487
2023-11-06,2.4,2.42,2.37,2.41,12655918.0,30356855.0,2132866971.0,0.005933758725733486
2023-11-07,2.4,2.43,2.38,2.41,12752600.0,30666428.0,2132866971.0,0.005979088322616254
2023-11-08,2.4,2.41,2.37,2.39,9184700.0,21917022.0,2132866971.0,0.004306269507138427
2023-11-09,2.39,2.4,2.37,2.38,6719100.0,16001517.0,2132866971.0,0.0031502667964564772
2023-11-10,2.37,2.44,2.36,2.43,15272766.0,36743481.0,2132866971.0,0.007160674438518463
2023-11-13,2.43,2.45,2.4,2.45,10686800.0,25882711.0,2132866971.0,0.005010532839274766
2023-11-14,2.44,2.44,2.4,2.41,9670484.0,23383740.0,2132866971.0,0.004534030547374443
2023-11-15,2.42,2.44,2.4,2.42,7815484.0,18878880.0,2132866971.0,0.0036643091698943093
2023-11-16,2.42,2.42,2.39,2.4,6886550.0,16547898.0,2132866971.0,0.0032287761466769883
2023-11-17,2.4,2.41,2.38,2.4,5301044.0,12718008.0,2132866971.0,0.002485407703376171
2023-11-20,2.41,2.44,2.4,2.44,9138200.0,22180166.0,2132866971.0,0.004284467866139599
2023-11-21,2.43,2.45,2.42,2.43,10788020.0,26288577.0,2132866971.0,0.0050579900887780214
2023-11-22,2.42,2.45,2.41,2.42,7777300.0,18917679.0,2132866971.0,0.003646406506240562
2023-11-23,2.42,2.48,2.41,2.46,13563700.0,33182282.0,2132866971.0,0.0063593745809850605
2023-11-24,2.46,2.54,2.45,2.52,29464400.0,74008919.0,2132866971.0,0.013814457441846709
2023-11-27,2.5,2.52,2.48,2.5,17624401.0,43994607.0,2132866971.0,0.0082632443746535
2023-11-28,2.5,2.5,2.46,2.47,12667801.0,31336934.0,2132866971.0,0.005939330099926799
2023-11-29,2.47,2.47,2.42,2.43,10360784.0,25254644.0,2132866971.0,0.0048576794243957565
2023-11-30,2.43,2.47,2.41,2.45,15304920.0,37353575.0,2132866971.0,0.0071757499216297815
2023-12-01,2.44,2.53,2.43,2.49,19136600.0,47605686.0,2132866971.0,0.008972242648132789
2023-12-04,2.47,2.52,2.46,2.49,17799300.0,44330395.0,2132866971.0,0.008345246207106275
2023-12-05,2.49,2.54,2.47,2.48,23622100.0,59410955.0,2132866971.0,0.011075280512654157
2023-12-06,2.47,2.55,2.45,2.53,28960716.0,72602642.0,2132866971.0,0.013578303941957382
2023-12-07,2.52,2.53,2.47,2.5,22633000.0,56491690.0,2132866971.0,0.010611538510246826
2023-12-08,2.5,2.5,2.41,2.42,24259603.0,59416818.0,2132866971.0,0.011374175384518155
2023-12-11,2.43,2.48,2.39,2.47,19140706.0,46930725.0,2132866971.0,0.00897416775647561
2023-12-12,2.47,2.49,2.44,2.47,12667884.0,31227360.0,2132866971.0,0.005939369014683851
2023-12-13,2.46,2.49,2.42,2.43,13642000.0,33588112.0,2132866971.0,0.0063960857313121195
2023-12-14,2.44,2.46,2.42,2.43,8960600.0,21833536.0,2132866971.0,0.0042011996630989135
2023-12-15,2.43,2.44,2.41,2.41,10375929.0,25127920.0,2132866971.0,0.00486478019542645
2023-12-18,2.4,2.47,2.39,2.41,15323404.0,37210458.0,2132866971.0,0.00718441619113994
2023-12-19,2.4,2.41,2.36,2.39,12401600.0,29538215.0,2132866971.0,0.0058145210970121965
2023-12-20,2.39,2.39,2.34,2.35,11696805.0,27607491.0,2132866971.0,0.005484076203081678
2023-12-21,2.34,2.36,2.31,2.35,13792200.0,32236564.0,2132866971.0,0.0064665073760008076
2023-12-22,2.35,2.38,2.31,2.33,13700900.0,32107173.0,2132866971.0,0.006423701143243968
2023-12-25,2.34,2.34,2.29,2.3,10926000.0,25133388.0,2132866971.0,0.005122682355982716
2023-12-26,2.3,2.34,2.29,2.29,10573311.0,24487325.0,2132866971.0,0.004957323238515282
2023-12-27,2.3,2.38,2.29,2.36,16653602.0,39030293.0,2132866971.0,0.007808082841749815
2023-12-28,2.36,2.4,2.33,2.38,12300402.0,29133996.0,2132866971.0,0.005767074162263822
2023-12-29,2.37,2.39,2.35,2.38,10192366.0,24170491.0,2132866971.0,0.0047787162249604736
2024-01-02,2.38,2.42,2.36,2.4,9519713.0,22808674.0,2132360196.0,0.004464401941969095
2024-01-03,2.4,2.42,2.37,2.39,9703500.0,23229797.0,2132360196.0,0.004550591414247164
2024-01-04,2.38,2.38,2.35,2.37,6844400.0,16186443.0,2132360196.0,0.003209776665705497
2024-01-05,2.36,2.37,2.3,2.31,12485600.0,29080289.0,2132360196.0,0.005855295940817683
2024-01-08,2.31,2.32,2.27,2.27,9949684.0,22809777.0,2132360196.0,0.0046660428283477485
2024-01-09,2.28,2.3,2.25,2.28,9447000.0,21509157.0,2132360196.0,0.004430302168330289
2024-01-10,2.28,2.32,2.25,2.3,12629700.0,28955675.0,2132360196.0,0.005922873641935117
2024-01-11,2.3,2.41,2.29,2.37,18988540.0,44785236.0,2132360196.0,0.0089049401858184
2024-01-12,2.37,2.43,2.35,2.36,16493221.0,39429022.0,2132360196.0,0.007734725601677851
2024-01-15,2.35,2.37,2.33,2.34,9297200.0,21828838.0,2132360196.0,0.004360051372859147
2024-01-16,2.33,2.36,2.29,2.34,11805400.0,27432644.0,2132360196.0,0.005536306681275156
2024-01-17,2.33,2.38,2.28,2.3,16644600.0,38659115.0,2132360196.0,0.007805716891181362
2024-01-18,2.29,2.3,2.21,2.26,17349700.0,39048367.0,2132360196.0,0.0081363833523743
2024-01-19,2.26,2.3,2.23,2.27,10867900.0,24705919.0,2132360196.0,0.00509665300467839
2024-01-22,2.26,2.26,2.1,2.13,19297500.0,42108163.0,2132360196.0,0.009049831279067826
2024-01-23,2.11,2.14,2.08,2.12,14041200.0,29636512.0,2132360196.0,0.006584816217419208
2024-01-24,2.12,2.17,2.07,2.17,17174080.0,36542233.0,2132360196.0,0.008054023908444782
2024-01-25,2.16,2.22,2.15,2.22,13318200.0,29253221.0,2132360196.0,0.006245755302027782
2024-01-26,2.24,2.28,2.21,2.25,16990000.0,38285879.0,2132360196.0,0.007967697029737653
2024-01-29,2.26,2.28,2.19,2.22,13620100.0,30299807.0,2132360196.0,0.006387335509989983
2024-01-30,2.23,2.25,2.17,2.18,10713100.0,23637116.0,2132360196.0,0.005024057389598732
2024-01-31,2.1,2.15,2.06,2.07,17459100.0,36694591.0,2132360196.0,0.008187688005408632
2024-02-01,2.05,2.08,1.97,2.0,20171400.0,40627562.0,2132360196.0,0.009459658850244267
2024-02-02,1.97,2.06,1.87,1.96,23053014.0,45440087.0,2132360196.0,0.01081103185251916
2024-02-05,1.92,1.94,1.76,1.77,23767520.0,43089081.0,2132360196.0,0.011146109388359639
2024-02-06,1.76,1.81,1.66,1.78,26283600.0,45551022.0,2132360196.0,0.012326060132478668
2024-02-07,1.77,1.79,1.64,1.68,29850286.0,50390071.0,2132360196.0,0.013998707186522628
2024-02-08,1.68,1.78,1.64,1.78,22873532.0,38933586.0,2132360196.0,0.010726861269924023
2024-02-19,1.78,1.87,1.78,1.86,19351309.0,35623800.0,2132360196.0,0.009075065758730754
2024-02-20,1.86,1.88,1.83,1.88,12287017.0,22787486.0,2132360196.0,0.005762167678354094
2024-02-21,1.87,1.95,1.85,1.9,17473117.0,33441697.0,2132360196.0,0.008194261472699147
2024-02-22,1.9,1.93,1.87,1.92,11919600.0,22683339.0,2132360196.0,0.005589862361133663
2024-02-23,1.93,1.95,1.89,1.95,15032749.0,28918291.0,2132360196.0,0.00704981692502011
2024-02-26,1.95,1.98,1.93,1.96,18371500.0,35951778.0,2132360196.0,0.008615570687570647
2024-02-27,1.95,2.04,1.94,2.02,22037121.0,44042625.0,2132360196.0,0.010334614687208315
2024-02-28,2.03,2.06,1.91,1.92,27921201.0,55698343.0,2132360196.0,0.013094035919623779
2024-02-29,1.89,1.96,1.87,1.96,15724900.0,30287887.0,2132360196.0,0.007374410772390914
2024-03-01,1.96,1.96,1.91,1.94,12792200.0,24695220.0,2132360196.0,0.00599908027921189
2024-03-04,1.93,1.94,1.89,1.92,10552100.0,20146897.0,2132360196.0,0.0049485541982045135
2024-03-05,1.92,1.92,1.87,1.88,12893778.0,24289549.0,2132360196.0,0.006046716696450659
2024-03-06,1.87,1.89,1.85,1.88,9092200.0,17018208.0,2132360196.0,0.004263913768909988
2024-03-07,1.87,1.92,1.87,1.88,10257378.0,19412385.0,2132360196.0,0.004810340213272298
2024-03-08,1.89,1.96,1.88,1.95,19319799.0,37067878.0,2132360196.0,0.009060288705557886
2024-03-11,1.95,1.97,1.92,1.94,14542116.0,28156301.0,2132360196.0,0.006819727749223096
2024-03-12,1.94,1.99,1.94,1.98,17345200.0,34077838.0,2132360196.0,0.008134273014726636
2024-03-13,1.98,1.99,1.93,1.96,13000600.0,25342834.0,2132360196.0,0.00609681236049484
2024-03-14,1.95,1.96,1.92,1.95,11478700.0,22261868.0,2132360196.0,0.005383096168054715
2024-03-15,1.94,1.98,1.93,1.97,16700821.0,32772331.0,2132360196.0,0.007832082511823438
2024-03-18,1.97,1.98,1.95,1.98,13803521.0,27141427.0,2132360196.0,0.006473353341472709
2024-03-19,1.98,2.03,1.97,2.02,19619505.0,39559575.0,2132360196.0,0.00920084000667587
2024-03-20,2.02,2.05,2.0,2.02,17795541.0,35994059.0,2132360196.0,0.008345466696190384
2024-03-21,2.03,2.09,2.02,2.08,23373700.0,48112626.0,2132360196.0,0.010961422016714479
2024-03-22,2.08,2.09,2.01,2.03,18171900.0,37020280.0,2132360196.0,0.008521965488798685
2024-03-25,2.02,2.02,1.96,1.97,16867995.0,33563924.0,2132360196.0,0.007910481086470252
2024-03-26,1.95,2.0,1.94,1.98,11788681.0,23186219.0,2132360196.0,0.0055284660734681995
2024-03-27,1.98,1.99,1.93,1.94,11471600.0,22465539.0,2132360196.0,0.005379766524210621
2024-03-28,1.92,1.97,1.9,1.95,12281106.0,23862876.0,2132360196.0,0.005759395632612906
2024-03-29,1.95,1.98,1.94,1.98,9856300.0,19270923.0,2132360196.0,0.004622249101483416
2024-04-01,1.97,2.02,1.97,2.01,9239669.0,18450431.0,2132360196.0,0.004333071409479639
2024-04-02,2.0,2.04,1.98,2.02,13038966.0,26270312.0,2132360196.0,0.006114804630314906
2024-04-03,2.01,2.05,2.0,2.04,11650000.0,23622296.0,2132360196.0,0.005463429687842475
2024-04-08,2.02,2.03,1.99,2.0,9844794.0,19774086.0,2132360196.0,0.004616853202600298
2024-04-09,2.0,2.01,1.97,2.01,9098487.0,18117378.0,2132360196.0,0.004266862145085736
2024-04-10,2.01,2.03,1.93,1.95,11327969.0,22320307.0,2132360196.0,0.005312408767172467
2024-04-11,1.92,1.96,1.9,1.92,8521300.0,16496385.0,2132360196.0,0.0039961822660096215
2024-04-12,1.92,1.93,1.82,1.84,18589100.0,34717012.0,2132360196.0,0.008717617236933267
2024-04-15,1.83,1.83,1.66,1.74,22828319.0,39888011.0,2132360196.0,0.010705658004132056
2024-04-16,1.73,1.74,1.57,1.58,27650460.0,44968738.0,2132360196.0,0.012967068158497928
2024-04-17,1.57,1.68,1.56,1.68,15824501.0,26121419.0,2132360196.0,0.007421120047956475
2024-04-18,1.7,1.72,1.65,1.67,16601900.0,27893592.0,2132360196.0,0.007785692131724635
2024-04-19,1.66,1.68,1.62,1.64,10565500.0,17361812.0,2132360196.0,0.004954838314755337
2024-04-22,1.64,1.69,1.62,1.67,13850534.0,23028472.0,2132360196.0,0.006495400742323742
2024-04-23,1.67,1.69,1.65,1.67,9035801.0,15085627.0,2132360196.0,0.004237464672689848
2024-04-24,1.67,1.67,1.65,1.66,7889997.0,13080665.0,2132360196.0,0.0037001239353466153
2024-04-25,1.66,1.69,1.65,1.68,9531202.0,16004323.0,2132360196.0,0.0044697898684655435
2024-04-26,1.68,1.7,1.66,1.69,9698501.0,16341796.0,2132360196.0,0.0045482470636025694
2024-04-29,1.7,1.81,1.69,1.8,17667041.0,31082874.0,2132360196.0,0.00828520483225152
2024-04-30,1.77,1.82,1.74,1.76,17057253.0,30253842.0,2132360196.0,0.00799923626036396
2024-05-06,1.77,1.8,1.76,1.79,10451001.0,18654349.0,2132360196.0,0.004901142414684241
2024-05-07,1.78,1.8,1.76,1.78,7929900.0,14099082.0,2132360196.0,0.0037188370027143387
2024-05-08,1.78,1.82,1.77,1.8,13197250.0,23677995.0,2132360196.0,0.006189034115697778
2024-05-09,1.8,1.82,1.77,1.78,10020000.0,17960759.0,2132360196.0,0.004699018495466232
2024-05-10,1.77,1.82,1.76,1.76,12358100.0,22083304.0,2132360196.0,0.005795503040800523
2024-05-13,1.74,1.76,1.72,1.72,10987200.0,19044144.0,2132360196.0,0.005152600400537583
2024-05-14,1.73,1.77,1.72,1.76,11865912.0,20827677.0,2132360196.0,0.005564684626105261
2024-05-15,1.76,1.77,1.73,1.74,7762966.0,13526681.0,2132360196.0,0.003640550979408734
2024-05-16,1.74,1.78,1.73,1.76,14416600.0,25422428.0,2132360196.0,0.006760865273626595
2024-05-17,1.77,1.8,1.75,1.77,13975287.0,24861848.0,2132360196.0,0.0065539053984479834
2024-05-20,1.77,1.83,1.76,1.79,12518901.0,22537864.0,2132360196.0,0.005870912908374323
2024-05-21,1.78,1.8,1.75,1.77,11008350.0,19505419.0,2132360196.0,0.0051625189874816065
2024-05-22,1.76,1.79,1.75,1.78,10030600.0,17752449.0,2132360196.0,0.004703989513036287
2024-05-23,1.77,1.78,1.72,1.73,11682100.0,20381408.0,2132360196.0,0.005478483429729149
2024-05-24,1.74,1.78,1.73,1.74,15833100.0,27829522.0,2132360196.0,0.0074251526687192015
2024-05-27,1.73,1.74,1.69,1.71,11235600.0,19172347.0,2132360196.0,0.005269091038688663
2024-05-28,1.72,1.72,1.67,1.69,8107302.0,13707439.0,2132360196.0,0.003802032140352333
2024-05-29,1.67,1.71,1.67,1.69,8735850.0,14751435.0,2132360196.0,0.004096798475411046
2024-05-30,1.69,1.73,1.67,1.67,9823930.0,16592577.0,2132360196.0,0.004607068739337882
2024-05-31,1.68,1.69,1.64,1.66,12054600.0,19977299.0,2132360196.0,0.005653172490563597
2024-06-03,1.67,1.67,1.6,1.63,13132200.0,21431620.0,2132360196.0,0.006158528012590984
2024-06-04,1.59,1.62,1.56,1.6,13061713.0,20805243.0,2132360196.0,0.006125472152641889
2024-06-05,1.61,1.62,1.57,1.58,10674101.0,16970679.0,2132360196.0,0.005005768265616228
2024-06-06,1.57,1.59,1.44,1.48,23146800.0,34707861.0,2132360196.0,0.010855014102880018
2024-06-07,1.49,1.53,1.46,1.5,16412012.0,24555400.0,2132360196.0,0.007696641510560254
2024-06-11,1.5,1.5,1.41,1.47,14726601.0,21434443.0,2132360196.0,0.0069062445583185144
2024-06-12,1.47,1.48,1.44,1.48,10222502.0,15017934.0,2132360196.0,0.004793984627538977
2024-06-13,1.47,1.48,1.43,1.44,8813200.0,12762955.0,2132360196.0,0.00413307283475479
2024-06-14,1.45,1.53,1.43,1.5,14829101.0,21901657.0,2132360196.0,0.006954313360293094
2024-06-17,1.5,1.5,1.46,1.47,7640100.0,11271056.0,2132360196.0,0.0035829312582047468
2024-06-18,1.46,1.48,1.45,1.48,5889200.0,8665947.0,2132360196.0,0.0027618223276945843
2024-06-19,1.46,1.49,1.45,1.46,6593600.0,9671673.0,2132360196.0,0.0030921605141423303
2024-06-20,1.45,1.46,1.4,1.4,8357900.0,11912936.0,2132360196.0,0.003919553561203316
2024-06-21,1.4,1.42,1.33,1.36,14088600.0,19416255.0,2132360196.0,0.00660704510730794
2024-06-24,1.34,1.5,1.31,1.41,27371636.0,39012459.0,2132360196.0,0.01283630976199295
2024-06-25,1.38,1.45,1.35,1.44,17510794.0,24341338.0,2132360196.0,0.008211930626377158
2024-06-26,1.4,1.44,1.38,1.44,12499100.0,17651095.0,2132360196.0,0.005861626953760677
2024-06-27,1.44,1.45,1.42,1.44,9578400.0,13730010.0,2132360196.0,0.004491924027642091
2024-06-28,1.44,1.46,1.42,1.43,8285100.0,11884509.0,2132360196.0,0.0038854129877033215
2024-07-01,1.42,1.42,1.38,1.41,9487323.0,13274141.0,2124212084.0,0.004466278612884494
2024-07-02,1.41,1.45,1.38,1.45,14694183.0,21089919.0,2124212084.0,0.0069174745359371565
2024-07-03,1.45,1.59,1.45,1.53,26203537.0,39827399.0,2124212084.0,0.012335650096979676
2024-07-04,1.56,1.56,1.47,1.5,20884000.0,31254816.0,2124212084.0,0.009831410035420927
2024-07-05,1.49,1.52,1.46,1.49,10482500.0,15621657.0,2124212084.0,0.004934770910567893
2024-07-08,1.49,1.64,1.47,1.64,39592799.0,63140440.0,2124212084.0,0.018638816386659818
2024-07-09,1.69,1.76,1.56,1.66,63031186.0,104172779.0,2124212084.0,0.029672736764263696
2024-07-10,1.57,1.66,1.53,1.6,32824972.0,52089340.0,2124212084.0,0.01545277528889154
2024-07-11,1.6,1.61,1.55,1.58,26966616.0,42533611.0,2124212084.0,0.012694879293418048
2024-07-12,1.57,1.59,1.56,1.58,17687100.0,27808587.0,2124212084.0,0.008326428482929202
2024-07-15,1.57,1.58,1.52,1.54,17270099.0,26577493.0,2124212084.0,0.008130119930152887
2024-07-16,1.52,1.54,1.5,1.53,11486500.0,17497198.0,2124212084.0,0.00540741674831749
2024-07-17,1.52,1.52,1.47,1.48,16542979.0,24784936.0,2124212084.0,0.00778781889275798
2024-07-18,1.44,1.44,1.39,1.42,20077610.0,28391616.0,2124212084.0,0.009451791631931983
2024-07-19,1.4,1.56,1.4,1.56,44637072.0,68199807.0,2124212084.0,0.021013472400527027
2024-07-22,1.56,1.56,1.46,1.5,44875489.0,67211301.0,2124212084.0,0.021125710251820598
2024-07-23,1.47,1.5,1.46,1.48,20224612.0,29970044.0,2124212084.0,0.009520994703088224
2024-07-24,1.45,1.55,1.45,1.51,23090801.0,34477384.0,2124212084.0,0.010870289823659623
2024-07-25,1.48,1.52,1.47,1.5,13430790.0,20113312.0,2124212084.0,0.0063227161266821985
2024-07-26,1.48,1.52,1.47,1.51,13779500.0,20735290.0,2124212084.0,0.006486875817998595
2024-07-29,1.51,1.51,1.48,1.51,10830300.0,16212138.0,2124212084.0,0.00509850220774848
2024-07-30,1.51,1.6,1.49,1.55,23181579.0,36152770.0,2124212084.0,0.010913024727901887
2024-07-31,1.55,1.6,1.52,1.59,20996879.0,32778368.0,2124212084.0,0.009884549268009907
2024-08-01,1.58,1.64,1.57,1.6,20306700.0,32469885.0,2124212084.0,0.009559638678714908
2024-08-02,1.59,1.61,1.57,1.58,12993779.0,20643055.0,2124212084.0,0.006116987610545953
2024-08-05,1.56,1.61,1.55,1.56,15458200.0,24496585.0,2124212084.0,0.0072771453078693624
2024-08-06,1.57,1.59,1.55,1.58,9903840.0,15550811.0,2124212084.0,0.004662359316472093
2024-08-07,1.57,1.57,1.54,1.55,9157000.0,14259193.0,2124212084.0,0.00431077483692537
2024-08-08,1.54,1.59,1.53,1.59,16444092.0,25916371.0,2124212084.0,0.00774126657307915
2024-08-09,1.59,1.6,1.55,1.57,13181700.0,20733554.0,2124212084.0,0.006205453824167211
2024-08-12,1.56,1.6,1.55,1.57,9242505.0,14544616.0,2124212084.0,0.004351027408993876
2024-08-13,1.56,1.58,1.55,1.56,7290800.0,11409167.0,2124212084.0,0.003432237324566505
2024-08-14,1.56,1.57,1.54,1.56,6386700.0,9955256.0,2124212084.0,0.003006620689198565
2024-08-15,1.56,1.68,1.55,1.6,24025677.0,38563871.0,2124212084.0,0.011310394654548063
2024-08-16,1.59,1.61,1.57,1.57,13840300.0,21950061.0,2124212084.0,0.006515498195424068
2024-08-19,1.57,1.6,1.55,1.57,9870301.0,15573107.0,2124212084.0,0.004646570403372209
2024-08-20,1.56,1.58,1.52,1.53,14178700.0,21870933.0,2124212084.0,0.006674804322410586
2024-08-21,1.52,1.54,1.51,1.52,5947900.0,9066300.0,2124212084.0,0.002800049978437087
2024-08-22,1.51,1.53,1.49,1.51,7092700.0,10702346.0,2124212084.0,0.003338979216540414
2024-08-23,1.51,1.53,1.49,1.52,4562800.0,6893823.0,2124212084.0,0.002147996442713015
2024-08-26,1.52,1.55,1.51,1.54,5394200.0,8280945.0,2124212084.0,0.0025393886234949033
2024-08-27,1.53,1.54,1.51,1.51,5655600.0,8615339.0,2124212084.0,0.002662446015912976
2024-08-28,1.51,1.54,1.51,1.52,2843400.0,4337757.0,2124212084.0,0.0013385669074274977
2024-08-29,1.52,1.56,1.52,1.55,6671700.0,10312004.0,2124212084.0,0.003140788083380473
2024-08-30,1.57,1.6,1.56,1.58,12403382.0,19545734.0,2124212084.0,0.005839050673623792
2024-09-02,1.58,1.65,1.57,1.6,19690482.0,31854647.0,2124212084.0,0.009269546175879866
2024-09-03,1.59,1.61,1.58,1.6,9200500.0,14673707.0,2124212084.0,0.004331253018142608
2024-09-04,1.59,1.66,1.59,1.63,16208290.0,26364021.0,2124212084.0,0.0076302597664725455
2024-09-05,1.64,1.79,1.64,1.69,55665042.0,96521874.0,2124212084.0,0.02620503028830336
2024-09-06,1.7,1.86,1.65,1.75,62217943.0,108002546.0,2124212084.0,0.02928989222339816
2024-09-09,1.7,1.92,1.68,1.85,77084734.0,139441901.0,2124212084.0,0.03628862418240532
2024-09-10,1.83,1.84,1.77,1.78,48225420.0,86679752.0,2124212084.0,0.022702733104308995
2024-09-11,1.76,1.77,1.73,1.74,27660220.0,48207502.0,2124212084.0,0.013021402245257165
2024-09-12,1.74,1.8,1.73,1.75,20436300.0,36044658.0,2124212084.0,0.00962064953585868
2024-09-13,1.74,1.75,1.72,1.72,15040900.0,26080853.0,2124212084.0,0.0070806959970198535
2024-09-18,1.72,1.77,1.71,1.74,15172300.0,26263664.0,2124212084.0,0.007142554227179512
2024-09-19,1.76,1.82,1.73,1.81,27271313.0,48790808.0,2124212084.0,0.01283831930220768
2024-09-20,1.8,1.8,1.76,1.79,14411413.0,25649857.0,2124212084.0,0.006784356942769374
2024-09-23,1.8,1.81,1.76,1.79,12920395.0,22998773.0,2124212084.0,0.006082441154213865
2024-09-24,1.79,1.82,1.76,1.81,30121083.0,53969729.0,2124212084.0,0.014179884968585839
2024-09-25,1.83,1.85,1.8,1.81,28978155.0,52830625.0,2124212084.0,0.013641836998419034
2024-09-26,1.8,1.85,1.78,1.84,32686972.0,59270031.0,2124212084.0,0.0153878100243403
2024-09-27,1.85,1.89,1.83,1.85,56595869.0,104808400.0,2124212084.0,0.026643229000668844
2024-09-30,1.9,2.01,1.86,2.0,84666802.0,163320933.0,2124212084.0,0.03985797964230016
2024-10-08,2.19,2.19,1.95,2.06,85062545.0,175826320.0,2124212084.0,0.040044280719758865
2024-10-09,2.04,2.04,1.85,1.85,49159500.0,94665022.0,2124212084.0,0.023142463208019298
2024-10-10,1.85,2.0,1.84,1.94,54665500.0,106527837.0,2124212084.0,0.025734483111056437
2024-10-11,1.9,1.91,1.82,1.84,33842200.0,63176768.0,2124212084.0,0.015931648376782324
2024-10-14,1.83,1.87,1.79,1.85,27565700.0,50318623.0,2124212084.0,0.012976905746667431
2024-10-15,1.83,1.85,1.79,1.81,21819957.0,39762068.0,2124212084.0,0.010272023760881684
2024-10-16,1.79,1.82,1.76,1.8,16177300.0,29014580.0,2124212084.0,0.007615670827715713
2024-10-17,1.8,1.8,1.74,1.75,21984700.0,38889993.0,2124212084.0,0.010349578634635053
2024-10-18,1.74,1.79,1.72,1.78,25287450.0,44282374.0,2124212084.0,0.011904390428088723
2024-10-21,1.77,1.79,1.75,1.77,20431131.0,36055338.0,2124212084.0,0.009618216163014729
2024-10-22,1.77,1.84,1.76,1.83,30437828.0,54913901.0,2124212084.0,0.014328996727428465
2024-10-23,1.83,1.85,1.81,1.83,22298000.0,40915633.0,2124212084.0,0.01049706861567783
2024-10-24,1.83,1.88,1.81,1.88,28175900.0,52382352.0,2124212084.0,0.013264165199052694
2024-10-25,1.87,1.91,1.86,1.9,27001099.0,50943316.0,2124212084.0,0.012711112606588486
2024-10-28,1.91,2.02,1.91,2.01,47213362.0,93363483.0,2124212084.0,0.022226293860024948
2024-10-29,2.01,2.03,1.93,1.97,33123345.0,65176777.0,2124212084.0,0.015593238193818693
2024-10-30,1.95,2.17,1.95,2.17,107864706.0,229787585.0,2124212084.0,0.050778689572693346
2024-10-31,2.2,2.38,2.15,2.28,126921421.0,287336333.0,2124212084.0,0.05974988182959607
2024-11-01,2.25,2.47,2.25,2.27,98573628.0,230647601.0,2124212084.0,0.04640479580286579
2024-11-04,2.25,2.27,2.18,2.23,56602626.0,125739503.0,2124212084.0,0.02664640994481792
2024-11-05,2.23,2.3,2.21,2.28,53132305.0,120498638.0,2124212084.0,0.02501271196045037
2024-11-06,2.28,2.46,2.28,2.36,79436899.0,186133465.0,2124212084.0,0.0373959359323558
2024-11-07,2.31,2.51,2.29,2.48,85589926.0,208701203.0,2124212084.0,0.04029255206892044
2024-11-08,2.51,2.54,2.36,2.38,71216969.0,172008973.0,2124212084.0,0.033526298779872676
2024-11-11,2.37,2.37,2.29,2.32,48907100.0,113388183.0,2124212084.0,0.023023642680680655
2024-11-12,2.31,2.33,2.27,2.29,38156900.0,87761988.0,2124212084.0,0.01796284857213909
2024-11-13,2.28,2.31,2.21,2.25,37346133.0,83844879.0,2124212084.0,0.017581169639933183
2024-11-14,2.26,2.26,2.21,2.22,24000452.0,53538994.0,2124212084.0,0.011298519663255997
2024-11-15,2.21,2.23,2.15,2.16,29799700.0,65184250.0,2124212084.0,0.014028589811938948
2024-11-18,2.16,2.22,2.14,2.18,36264813.0,79016042.0,2124212084.0,0.01707212442352343
2024-11-19,2.17,2.18,2.09,2.16,32312900.0,68706723.0,2124212084.0,0.015211710847230074
2024-11-20,2.14,2.2,2.12,2.2,28099406.0,61049991.0,2124212084.0,0.013228154670454271
2024-11-21,2.2,2.23,2.15,2.21,28844373.0,63413602.0,2124212084.0,0.013578857411301687
2024-11-22,2.21,2.29,2.15,2.17,42084100.0,94009200.0,2124212084.0,0.01981162818768712
2024-11-25,2.19,2.39,2.18,2.39,73607102.0,171736115.0,2124212084.0,0.03465148445130491
2024-11-26,2.4,2.63,2.4,2.63,92604030.0,235554179.0,2124212084.0,0.04359453121348499
2024-11-27,2.7,2.89,2.5,2.64,199912733.0,541327615.0,2124212084.0,0.0941114752645386
2024-11-28,2.62,2.86,2.61,2.74,177748756.0,483438001.0,2124212084.0,0.0836774996898097
2024-11-29,2.66,2.7,2.53,2.56,117276908.0,303140038.0,2124212084.0,0.05520960401428542
2024-12-02,2.58,2.78,2.56,2.65,130324523.0,348136279.0,2124212084.0,0.06135193561021094
2024-12-03,2.71,2.75,2.6,2.64,80446640.0,213875097.0,2124212084.0,0.03787128441926329
2024-12-04,2.6,2.73,2.55,2.65,86585300.0,228542867.0,2124212084.0,0.0407611371068728
2024-12-05,2.6,2.62,2.55,2.59,55457100.0,142901455.0,2124212084.0,0.02610713893293152
2024-12-06,2.58,2.79,2.56,2.73,102297355.0,275552830.0,2124212084.0,0.04815778790193531
2024-12-09,2.68,2.76,2.61,2.64,78482364.0,209962772.0,2124212084.0,0.03694657637584553
2024-12-10,2.72,2.86,2.66,2.73,108244899.0,298449906.0,2124212084.0,0.05095767028882037
2024-12-11,2.71,3.0,2.69,2.94,182240598.0,531553867.0,2124212084.0,0.08579209174671092
2024-12-12,2.89,2.94,2.82,2.92,123101641.0,353747233.0,2124212084.0,0.05795167155258495
2024-12-13,2.9,3.2,2.87,2.96,145731515.0,441988795.0,2124212084.0,0.06860497409730393
2024-12-16,2.97,3.26,2.97,3.26,130270259.0,405414516.0,2124212084.0,0.06132639013835871
2024-12-17,3.3,3.54,3.1,3.42,212105260.0,704074168.0,2124212084.0,0.09985126325079319
2024-12-18,3.22,3.32,3.08,3.13,135181526.0,431253847.0,2124212084.0,0.06363843187703097
2024-12-19,3.1,3.26,2.92,2.94,109064701.0,334131493.0,2124212084.0,0.05134360256280324
2024-12-20,2.88,3.21,2.83,3.05,130495911.0,382438412.0,2124212084.0,0.06143261870268129
2024-12-23,2.95,2.97,2.75,2.75,84623815.0,240773365.0,2124212084.0,0.03983774296239245
2024-12-24,2.68,2.72,2.58,2.64,71122712.0,187675255.0,2124212084.0,0.03348192609189582
2024-12-25,2.61,2.63,2.45,2.46,70409729.0,175793399.0,2124212084.0,0.03314628022801512
2024-12-26,2.46,2.54,2.45,2.48,43839400.0,108825429.0,2124212084.0,0.020637958107011693
2024-12-27,2.48,2.62,2.46,2.57,62142100.0,159677453.0,2124212084.0,0.029254188161373814
2024-12-30,2.57,2.57,2.39,2.42,52535200.0,127809978.0,2124212084.0,0.02473161714675567
2024-12-31,2.42,2.46,2.38,2.39,34056631.0,82152659.0,2124212084.0,0.016032594511876434
2025-01-02,2.38,2.49,2.36,2.42,50707944.0,123473670.0,2124212084.0,0.023871413020358282
2025-01-03,2.41,2.43,2.22,2.23,54790422.0,125480263.0,2124212084.0,0.025793291739884483
2025-01-06,2.23,2.31,2.15,2.27,43142109.0,97129431.0,2124212084.0,0.02030969945277837
2025-01-07,2.28,2.32,2.24,2.32,35793392.0,81735678.0,2124212084.0,0.016850196959900168
2025-01-08,2.32,2.37,2.23,2.31,39601400.0,91208193.0,2124212084.0,0.01864286541738739
2025-01-09,2.3,2.34,2.26,2.32,31011100.0,71544613.0,2124212084.0,0.014598871851630047
2025-01-10,2.3,2.31,2.18,2.19,34453055.0,77110693.0,2124212084.0,0.016219216178792815
2025-01-13,2.15,2.21,2.13,2.19,21507642.0,46731228.0,2124212084.0,0.010124997481183711
2025-01-14,2.19,2.29,2.19,2.28,33263642.0,74950790.0,2124212084.0,0.01565928480049076
2025-01-15,2.3,2.33,2.25,2.29,28697061.0,65758170.0,2124212084.0,0.013509508403681598
2025-01-16,2.3,2.37,2.29,2.35,42951794.0,100202798.0,2124212084.0,0.020220106233045983
2025-01-17,2.33,2.33,2.28,2.3,25246000.0,58133853.0,2124212084.0,0.011884877310584022
2025-01-20,2.31,2.35,2.28,2.33,25976200.0,60312673.0,2124212084.0,0.012228628297361668
2025-01-21,2.34,2.37,2.27,2.29,23688063.0,54508169.0,2124212084.0,0.011151458547111815
2025-01-22,2.28,2.29,2.22,2.23,19166800.0,43046624.0,2124212084.0,0.009023016178265937
2025-01-23,2.25,2.3,2.24,2.24,25078300.0,56913724.0,2124212084.0,0.011805930391270668
2025-01-24,2.25,2.26,2.21,2.25,21857424.0,48852189.0,2124212084.0,0.010289661830207346
2025-01-27,2.28,2.44,2.28,2.32,51318093.0,120868848.0,2124212084.0,0.02415864846384143
2025-02-05,2.32,2.39,2.32,2.37,45782293.0,107982370.0,2124212084.0,0.021552599829763514
2025-02-06,2.36,2.4,2.32,2.39,40200300.0,95021786.0,2124212084.0,0.01892480525028404
2025-02-07,2.39,2.45,2.36,2.42,47728800.0,115136616.0,2124212084.0,0.022468942889226122
2025-02-10,2.41,2.47,2.4,2.47,34257900.0,84050063.0,2124212084.0,0.01612734446717327
2025-02-11,2.47,2.49,2.39,2.42,32586089.0,78685978.0,2124212084.0,0.01534031806213941
2025-02-12,2.4,2.43,2.38,2.43,30991400.0,74712363.0,2124212084.0,0.014589597824733964
2025-02-13,2.42,2.51,2.41,2.49,55579891.0,137921344.0,2124212084.0,0.026164944366261312
2025-02-14,2.49,2.49,2.42,2.43,39697900.0,97149530.0,2124212084.0,0.0186882940262946
2025-02-17,2.43,2.51,2.38,2.5,50752802.0,124720065.0,2124212084.0,0.023892530497439727
2025-02-18,2.49,2.5,2.38,2.39,41573000.0,101161977.0,2124212084.0,0.01957102132745423
2025-02-19,2.39,2.41,2.35,2.4,33078200.0,78521881.0,2124212084.0,0.01557198560781749
2025-02-20,2.39,2.51,2.37,2.46,52410376.0,127761096.0,2124212084.0,0.024672854652680716
2025-02-21,2.45,2.51,2.4,2.46,50142077.0,123428021.0,2124212084.0,0.023605023894591497
2025-02-24,2.6,2.71,2.58,2.71,44989245.0,120100158.0,2124212084.0,0.02117926234337343
2025-02-25,2.81,2.96,2.71,2.75,180159347.0,506514764.0,2124212084.0,0.08481231622633026
2025-02-26,2.68,2.73,2.61,2.65,101461648.0,268759929.0,2124212084.0,0.04776436814583152
2025-02-27,2.64,2.66,2.54,2.58,70055209.0,180441375.0,2124212084.0,0.032979385404908565
2025-02-28,2.56,2.59,2.53,2.53,44413600.0,113526384.0,2124212084.0,0.02090827009907924
2025-03-03,2.5,2.58,2.49,2.54,39388689.0,99719727.0,2124212084.0,0.01854272899428624
2025-03-04,2.54,2.6,2.49,2.6,40115900.0,101842084.0,2124212084.0,0.01888507287109473
2025-03-05,2.62,2.66,2.6,2.61,46667101.0,122401967.0,2124212084.0,0.021969134509452305
2025-03-06,2.59,2.6,2.55,2.59,43948196.0,113069101.0,2124212084.0,0.02068917521514297
2025-03-07,2.58,2.58,2.49,2.51,44686899.0,112892909.0,2124212084.0,0.021036929097895105
2025-03-10,2.51,2.55,2.49,2.51,28847321.0,72425857.0,2124212084.0,0.013580245219996592
2025-03-11,2.49,2.51,2.45,2.51,24396200.0,60648728.0,2124212084.0,0.011484823094528635
2025-03-12,2.51,2.51,2.48,2.49,22274000.0,55468268.0,2124212084.0,0.010485770308799354
2025-03-13,2.48,2.51,2.41,2.41,39312095.0,96091925.0,2124212084.0,0.018506671389409157
2025-03-14,2.4,2.46,2.39,2.45,31655300.0,77167147.0,2124212084.0,0.014902137238759819
2025-03-17,2.46,2.53,2.46,2.48,33011600.0,82293097.0,2124212084.0,0.015540632806229719
2025-03-18,2.49,2.51,2.43,2.45,21206021.0,51946623.0,2124212084.0,0.009983005538725671
2025-03-19,2.45,2.45,2.41,2.44,15211900.0,37037117.0,2124212084.0,0.007161196433528998
2025-03-20,2.43,2.46,2.43,2.44,17716400.0,43317999.0,2124212084.0,0.008340221832576676
2025-03-21,2.44,2.44,2.38,2.39,25515400.0,61518664.0,2124212084.0,0.01201170080529492
2025-03-24,2.4,2.4,2.28,2.33,28339100.0,66020643.0,2124212084.0,0.013340993685826336
2025-03-25,2.33,2.36,2.3,2.36,20452901.0,47727162.0,2124212084.0,0.00962846466887908
2025-03-26,2.35,2.45,2.33,2.43,33649900.0,81080619.0,2124212084.0,0.015841120692918532
2025-03-27,2.41,2.44,2.37,2.41,21170200.0,50862193.0,2124212084.0,0.009966142344946758
2025-03-28,2.41,2.41,2.34,2.35,17713100.0,41905226.0,2124212084.0,0.008338668315380885
2025-03-31,2.33,2.35,2.29,2.31,15693000.0,36310281.0,2124212084.0,0.007387680410163791
2025-04-01,2.36,2.4,2.34,2.36,21154300.0,50091670.0,2124212084.0,0.009958657216639768
2025-04-02,2.34,2.4,2.33,2.34,15749600.0,37012295.0,2124212084.0,0.0074143255838855305
2025-04-03,2.31,2.44,2.31,2.4,34181200.0,81898463.0,2124212084.0,0.016091236961440804
2025-04-07,2.36,2.63,2.33,2.52,143858329.0,360250464.0,2124212084.0,0.06772314783611785
2025-04-08,2.53,2.77,2.43,2.77,145302425.0,381511016.0,2124212084.0,0.06840297449320037
2025-04-09,2.85,2.98,2.64,2.71,212826614.0,597948281.0,2124212084.0,0.10019084986996053
2025-04-10,2.6,2.83,2.56,2.75,157720015.0,428391011.0,2124212084.0,0.07424871376449622
2025-04-11,2.74,2.74,2.57,2.58,109912545.0,287666149.0,2124212084.0,0.05174273596684802
2025-04-14,2.55,2.64,2.55,2.62,72395244.0,188967676.0,2124212084.0,0.034080986802257546
2025-04-15,2.61,2.64,2.56,2.58,50152588.0,130089604.0,2124212084.0,0.023609972082241484
2025-04-16,2.57,2.57,2.44,2.47,60355896.0,150121084.0,2124212084.0,0.028413309788892057
2025-04-17,2.44,2.49,2.4,2.47,37425600.0,92198270.0,2124212084.0,0.01761857974629618
2025-04-18,2.45,2.46,2.41,2.44,33739900.0,81926815.0,2124212084.0,0.01588348934371282
2025-04-21,2.44,2.46,2.41,2.45,38183800.0,92997754.0,2124212084.0,0.017975512091098714
2025-04-22,2.44,2.47,2.41,2.44,42489600.0,103370767.0,2124212084.0,0.02000252249765471
2025-04-23,2.44,2.45,2.39,2.4,36890900.0,88876927.0,2124212084.0,0.017366862884299457
2025-04-24,2.39,2.41,2.36,2.37,29761400.0,70843452.0,2124212084.0,0.014010559597212046
2025-04-25,2.36,2.39,2.35,2.36,22016444.0,52172551.0,2124212084.0,0.010364522528532984
2025-04-28,2.37,2.37,2.3,2.32,27679600.0,64330062.0,2124212084.0,0.013030525628061534
2025-04-29,2.31,2.34,2.3,2.34,22812600.0,53097464.0,2124212084.0,0.01073932314566383
2025-04-30,2.31,2.32,2.19,2.26,72942800.0,163027362.0,2124212084.0,0.03433875579063884
2025-05-06,2.25,2.29,2.25,2.28,30995501.0,70454160.0,2124212084.0,0.014591528422921824
2025-05-07,2.3,2.47,2.3,2.39,77991990.0,185965201.0,2124212084.0,0.03671572654512778
2025-05-08,2.38,2.41,2.32,2.38,39823201.0,94348972.0,2124212084.0,0.018747281074218764
2025-05-09,2.37,2.38,2.34,2.35,22365600.0,52679990.0,2124212084.0,0.010528892180052206
2025-05-12,2.34,2.36,2.31,2.34,25079700.0,58390756.0,2124212084.0,0.011806589459171912
2025-05-13,2.36,2.39,2.34,2.36,29802702.0,70521685.0,2124212084.0,0.01403000304182433
2025-05-14,2.37,2.42,2.34,2.42,37779647.0,90522686.0,2124212084.0,0.01778525189860468
2025-05-15,2.41,2.44,2.36,2.37,25938600.0,61908423.0,2124212084.0,0.012210927616585389
2025-05-16,2.37,2.38,2.33,2.36,20807402.0,48965240.0,2124212084.0,0.009795350547492695
2025-05-19,2.36,2.39,2.35,2.38,16532200.0,39176116.0,2124212084.0,0.007782744540681183
2025-05-20,2.37,2.41,2.36,2.4,24972300.0,59575174.0,2124212084.0,0.01175602953589073
2025-05-21,2.39,2.4,2.35,2.36,17485900.0,41333418.0,2124212084.0,0.008231711010264642
2025-05-22,2.35,2.36,2.31,2.33,19269609.0,44971367.0,2124212084.0,0.009071414829593822
2025-05-23,2.33,2.33,2.28,2.28,21820400.0,50337136.0,2124212084.0,0.01027223230879615
2025-05-26,2.27,2.31,2.26,2.3,14330100.0,32787719.0,2124212084.0,0.006746077808302309
2025-05-27,2.29,2.34,2.29,2.32,14093000.0,32676745.0,2124212084.0,0.006634459951598694
2025-05-28,2.32,2.32,2.28,2.29,14159600.0,32438824.0,2124212084.0,0.006665812753186466
2025-05-29,2.28,2.34,2.26,2.32,18938700.0,43755507.0,2124212084.0,0.008915635186641749
2025-05-30,2.31,2.36,2.29,2.31,34926388.0,81301134.0,2124212084.0,0.01644204374086406
2025-06-03,2.3,2.34,2.28,2.33,19467100.0,45095935.0,2124212084.0,0.009164386243082873
2025-06-04,2.32,2.35,2.29,2.35,27978101.0,64988699.0,2124212084.0,0.013171048790625372
2025-06-05,2.34,2.35,2.28,2.29,30857489.0,71048887.0,2124212084.0,0.014526557509217145
2025-06-06,2.29,2.32,2.28,2.29,16571900.0,38058492.0,2124212084.0,0.00780143382330933
2025-06-09,2.29,2.34,2.28,2.32,20668800.0,47866882.0,2124212084.0,0.009730101883743921
2025-06-10,2.31,2.33,2.27,2.31,24854400.0,57163617.0,2124212084.0,0.011700526603350215
2025-06-11,2.3,2.36,2.3,2.35,41878700.0,98217047.0,2124212084.0,0.019714933511318825
2025-06-12,2.34,2.35,2.3,2.33,24307000.0,56376095.0,2124212084.0,0.011442831053963631
2025-06-13,2.32,2.5,2.31,2.4,104403490.0,251065477.0,2124212084.0,0.049149277883497815
2025-06-16,2.44,2.48,2.37,2.38,35630800.0,85592839.0,2124212084.0,0.016773654696900783
2025-06-17,2.38,2.41,2.36,2.38,27140100.0,64720576.0,2124212084.0,0.012776549104689115
2025-06-18,2.38,2.38,2.35,2.37,20604300.0,48666038.0,2124212084.0,0.009699737684008015
2025-06-19,2.36,2.45,2.35,2.37,37055600.0,88667232.0,2124212084.0,0.017444397515253
2025-06-20,2.36,2.37,2.3,2.31,27815913.0,64901544.0,2124212084.0,0.013094696715791774
2025-06-23,2.3,2.32,2.28,2.31,16970387.0,39012239.0,2124212084.0,0.007989026673854474
2025-06-24,2.31,2.35,2.3,2.34,19518400.0,45436079.0,2124212084.0,0.009188536374035616
2025-06-25,2.34,2.35,2.3,2.33,19400500.0,44989522.0,2124212084.0,0.009133033441495101
2025-06-26,2.32,2.34,2.31,2.32,17963300.0,41768026.0,2124212084.0,0.008456453164589003
2025-06-27,2.32,2.35,2.32,2.34,17956100.0,41940862.0,2124212084.0,0.00845306367252546
2025-06-30,2.34,2.39,2.34,2.36,29421900.0,69735981.0,2124212084.0,0.013850735631160264
2025-07-01,2.36,2.39,2.36,2.39,18963202.0,45070525.0,2124212084.0,0.0089271698164391
2025-07-02,2.39,2.44,2.37,2.44,30478000.0,73562700.0,2124212084.0,0.014347908210091888
2025-07-03,2.43,2.44,2.38,2.41,26418533.0,63499419.0,2124212084.0,0.012436862213048214
2025-07-04,2.4,2.43,2.39,2.39,17296070.0,41541371.0,2124212084.0,0.00814234611048376
2025-07-07,2.39,2.4,2.37,2.39,16572500.0,39475130.0,2124212084.0,0.007801716280981292
2025-07-08,2.39,2.42,2.37,2.41,20044001.0,48075804.0,2124212084.0,0.009435969765437037
2025-07-09,2.41,2.44,2.4,2.42,20240849.0,49028761.0,2124212084.0,0.009528638478454301
2025-07-10,2.42,2.45,2.4,2.44,31204971.0,75768182.0,2124212084.0,0.014690139103831592
2025-07-11,2.43,2.54,2.4,2.49,62528115.0,154139671.0,2124212084.0,0.029435909658444444
2025-07-14,2.49,2.5,2.41,2.46,41316915.0,101165024.0,2124212084.0,0.019450466039246956
2025-07-15,2.43,2.5,2.42,2.43,47170600.0,115479726.0,2124212084.0,0.02220616310174422
2025-07-16,2.42,2.46,2.4,2.44,26773200.0,65168819.0,2124212084.0,0.012603826238284406
2025-07-17,2.44,2.47,2.42,2.45,26321500.0,64360266.0,2124212084.0,0.012391182687575747
2025-07-18,2.45,2.47,2.43,2.47,20167200.0,49471698.0,2124212084.0,0.009493967269983764
2025-07-21,2.47,2.55,2.46,2.52,43487622.0,109770175.0,2124212084.0,0.020472354115465996
2025-07-22,2.52,2.55,2.48,2.53,28978204.0,72819258.0,2124212084.0,0.013641860065795578
2025-07-23,2.54,2.57,2.48,2.49,29443401.0,74214741.0,2124212084.0,0.013860857501835019
2025-07-24,2.47,2.53,2.46,2.53,23214000.0,58130457.0,2124212084.0,0.01092828732820635
2025-07-25,2.54,2.55,2.49,2.5,20313300.0,51120062.0,2124212084.0,0.009562745713106488
2025-07-28,2.52,2.54,2.47,2.49,26778345.0,66901033.0,2124212084.0,0.01260624831282148
2025-07-29,2.49,2.52,2.47,2.5,21733100.0,54148755.0,2124212084.0,0.010231134717525691
2025-07-30,2.48,2.51,2.48,2.5,19473500.0,48616553.0,2124212084.0,0.009167399124917134
2025-07-31,2.5,2.55,2.47,2.51,35529400.0,88939412.0,2124212084.0,0.016725919350339218
2025-08-01,2.5,2.54,2.5,2.53,25784100.0,65202476.0,2124212084.0,0.012138194766055196
2025-08-04,2.52,2.57,2.49,2.55,32396109.0,82286232.0,2124212084.0,0.015250882547940539
2025-08-05,2.56,2.64,2.55,2.6,38943900.0,101307123.0,2124212084.0,0.018333338885195796
2025-08-06,2.61,2.8,2.58,2.76,70229501.0,190218537.0,2124212084.0,0.03306143559251121
2025-08-07,2.77,2.8,2.71,2.75,48478513.0,133991891.0,2124212084.0,0.022821879870258754
2025-08-08,2.75,2.81,2.73,2.76,34556900.0,95652960.0,2124212084.0,0.016268102540367622
2025-08-11,2.79,2.8,2.72,2.8,41784800.0,115379349.0,2124212084.0,0.019670728885656786
2025-08-12,2.79,2.87,2.71,2.71,44207000.0,122656228.0,2124212084.0,0.02081101050736702
2025-08-13,2.72,2.74,2.65,2.71,37735400.0,101231246.0,2124212084.0,0.017764422057585848
2025-08-14,2.7,2.73,2.65,2.66,26486100.0,70632592.0,2124212084.0,0.012468670242250632
2025-08-15,2.67,2.71,2.65,2.7,24162300.0,64661023.0,2124212084.0,0.01137471167874215
2025-08-18,2.72,2.75,2.66,2.67,30528200.0,82337275.0,2124212084.0,0.014371540501979368
2025-08-19,2.66,2.68,2.62,2.63,27777908.0,73470090.0,2124212084.0,0.01307680537608692
2025-08-20,2.63,2.64,2.58,2.63,23886107.0,62143591.0,2124212084.0,0.011244690292421856
2025-08-21,2.63,2.65,2.61,2.63,24145223.0,63538162.0,2124212084.0,0.011366672462635327
2025-08-22,2.63,2.67,2.6,2.61,26187700.0,68632037.0,2124212084.0,0.012328194626728241
2025-08-25,2.61,2.66,2.58,2.64,31820101.0,83769617.0,2124212084.0,0.01497971941675481
2025-08-26,2.64,2.71,2.61,2.69,35967400.0,96082363.0,2124212084.0,0.016932113450871415
2025-08-27,2.68,2.72,2.65,2.66,38689215.0,103437742.0,2124212084.0,0.018213442664889765
2025-08-28,2.66,2.7,2.6,2.69,42019802.0,111818387.0,2124212084.0,0.019781359082034107
2025-08-29,2.69,2.72,2.65,2.66,28332100.0,76161552.0,2124212084.0,0.013337698346320112
2025-09-01,2.7,2.74,2.64,2.68,37339400.0,100833701.0,2124212084.0,0.017577999994090987
2025-09-02,2.68,2.69,2.62,2.65,31299924.0,82927352.0,2124212084.0,0.014734839442707925
2025-09-03,2.65,2.67,2.59,2.63,37852300.0,99803377.0,2124212084.0,0.01781945422733976
2025-09-04,2.63,2.7,2.62,2.64,39778307.0,105509746.0,2124212084.0,0.018726146649677002
2025-09-05,2.64,2.65,2.57,2.65,33755705.0,88377807.0,2124212084.0,0.015890929749555083
2025-09-08,2.65,2.76,2.65,2.71,39347904.0,106680936.0,2124212084.0,0.01852352893403463
2025-09-09,2.72,2.82,2.7,2.8,60925801.0,169438713.0,2124212084.0,0.028681599854791146
2025-09-10,2.77,2.83,2.75,2.8,36409200.0,101507698.0,2124212084.0,0.017140096449992703
2025-09-11,2.8,2.83,2.77,2.8,34619090.0,96561301.0,2124212084.0,0.016297379278066473
2025-09-12,2.84,3.03,2.84,2.9,72911275.0,213307126.0,2124212084.0,0.03432391499379118
2025-09-15,2.9,2.92,2.83,2.87,56470294.0,161743074.0,2124212084.0,0.02658411296374115
2025-09-16,2.87,2.89,2.82,2.87,32490500.0,92733135.0,2124212084.0,0.0152953183181308
2025-09-17,2.87,2.88,2.82,2.85,29617900.0,84343327.0,2124212084.0,0.013943005137334489
2025-09-18,2.85,2.92,2.8,2.84,39931808.0,113756221.0,2124212084.0,0.018798409208183375
2025-09-19,2.82,2.83,2.76,2.78,27537400.0,76737651.0,2124212084.0,0.012963583159806561
2025-09-22,2.77,2.85,2.76,2.83,29614300.0,82871271.0,2124212084.0,0.013941310391302718
2025-09-23,2.83,2.85,2.76,2.82,39253800.0,110173633.0,2124212084.0,0.018479228272764124
2025-09-24,2.83,3.1,2.81,2.98,146585866.0,440484150.0,2124212084.0,0.06900717075480114
2025-09-25,2.95,3.01,2.87,2.9,88630388.0,260072720.0,2124212084.0,0.04172388843260153
2025-09-26,2.9,3.07,2.88,2.94,67260910.0,199685420.0,2124212084.0,0.03166393342106607
2025-09-29,2.91,3.0,2.87,2.98,58316200.0,172226255.0,2124212084.0,0.027453096816108687
2025-09-30,2.98,3.04,2.96,2.97,46231100.0,138012923.0,2124212084.0,0.02176388146373053
2025-10-09,2.96,2.98,2.81,2.88,52542356.0,151528868.0,2124212084.0,0.024734985925256605
2025-10-10,2.87,2.97,2.83,2.92,38058600.0,111121841.0,2124212084.0,0.017916572590215996
2025-10-13,2.83,2.9,2.82,2.86,38606500.0,110084444.0,2124212084.0,0.018174503520995883
2025-10-14,2.88,2.92,2.85,2.85,34514400.0,99667439.0,2124212084.0,0.016248095121936985
2025-10-15,2.86,2.99,2.82,2.91,46135401.0,132942802.0,2124212084.0,0.021718829935815392
2025-10-16,2.91,2.94,2.86,2.89,24497969.0,70695221.0,2124212084.0,0.011532732152558454
2025-10-17,2.88,2.9,2.82,2.82,30255800.0,86413387.0,2124212084.0,0.01424330471890866
2025-10-20,2.84,2.9,2.8,2.85,29524156.0,83997935.0,2124212084.0,0.013898873950667159
2025-10-21,2.85,2.86,2.83,2.84,35248300.0,100194660.0,2124212084.0,0.016593587931025066
2025-10-22,2.82,2.85,2.77,2.79,33311100.0,93606119.0,2124212084.0,0.015681626260817372
2025-10-23,2.77,2.82,2.68,2.79,47871700.0,132071095.0,2124212084.0,0.022536214891431715
2025-10-24,2.8,2.85,2.78,2.8,39818100.0,111799381.0,2124212084.0,0.018744879713244303
2025-10-27,2.76,2.83,2.76,2.78,49304800.0,137778277.0,2124212084.0,0.023210865040912743
2025-10-28,2.77,2.91,2.74,2.9,62025201.0,177013187.0,2124212084.0,0.029199156462382688
2025-10-29,2.9,2.96,2.84,2.86,33657711.0,96802101.0,2124212084.0,0.01584479782104469
2025-10-30,2.85,2.86,2.77,2.77,42435700.0,118953108.0,2124212084.0,0.0199771483834568
2025-10-31,2.77,2.98,2.76,2.9,65486202.0,188415918.0,2124212084.0,0.0308284669375791
2025-11-03,2.92,2.98,2.89,2.93,56691800.0,166224308.0,2124212084.0,0.026688389745550472
2025-11-04,2.91,3.1,2.91,3.01,88749913.0,268168053.0,2124212084.0,0.04178015635467028
2025-11-05,3.03,3.05,2.96,3.04,60147805.0,181107287.0,2124212084.0,0.028315348289865015
2025-11-06,3.08,3.09,2.99,3.05,42825707.0,129925416.0,2124212084.0,0.020160749165571548
2025-11-07,3.06,3.13,3.03,3.06,44146700.0,135795099.0,2124212084.0,0.02078262351133485
2025-11-10,3.05,3.15,3.05,3.14,52004765.0,161461913.0,2124212084.0,0.024481908088043812
2025-11-11,3.34,3.45,3.12,3.2,187003495.0,615167120.0,2124212084.0,0.08803428641073487
2025-11-12,3.2,3.23,3.07,3.11,100828220.0,313940144.0,2124212084.0,0.04746617381543904
2025-11-13,3.1,3.27,3.05,3.23,85626402.0,272153346.0,2124212084.0,0.04030972361232458
2025-11-14,3.22,3.4,3.22,3.31,65584100.0,217620646.0,2124212084.0,0.03087455367286198
2025-11-17,3.37,3.41,3.23,3.25,51576400.0,168764895.0,2124212084.0,0.02428024978696054
2025-11-18,3.23,3.28,3.13,3.19,45467700.0,144884664.0,2124212084.0,0.02140450115243766
2025-11-19,3.2,3.51,3.12,3.51,126482619.0,433203764.0,2124212084.0,0.05954331017730902
2025-11-20,3.69,3.86,3.45,3.6,357474339.0,1309374727.0,2124212084.0,0.1682856159667718
2025-11-21,3.35,3.39,3.24,3.24,157621000.0,516967489.0,2124212084.0,0.07420210118718071
2025-11-24,3.05,3.11,2.92,2.92,153127613.0,452342271.0,2124212084.0,0.07208678180177418
2025-11-25,2.89,2.94,2.76,2.85,125223505.0,356449737.0,2124212084.0,0.05895056616201794
2025-11-26,2.85,2.9,2.81,2.81,76826400.0,218641001.0,2124212084.0,0.036167010148690976
2025-11-27,2.81,2.84,2.76,2.76,62225800.0,173903223.0,2124212084.0,0.029293591006612503
2025-11-28,2.75,2.79,2.71,2.78,56758600.0,155932891.0,2124212084.0,0.026719836699695566
2025-12-01,2.77,2.79,2.74,2.75,60314000.0,166618667.0,2124212084.0,0.028393586711184533
2025-12-02,2.76,2.77,2.7,2.76,51586801.0,140855932.0,2124212084.0,0.024285146190703998
2025-12-03,2.75,2.87,2.74,2.8,79686900.0,222762338.0,2124212084.0,0.03751362709976938
2025-12-04,2.78,2.86,2.75,2.83,86006701.0,242547577.0,2124212084.0,0.040488754229306985
2025-12-05,2.82,2.82,2.7,2.74,81225300.0,222119675.0,2124212084.0,0.038237848570679724
2025-12-08,2.72,2.73,2.61,2.62,93308100.0,247938312.0,2124212084.0,0.043925981168648695
2025-12-09,2.6,2.61,2.53,2.54,65380600.0,167574200.0,2124212084.0,0.03077875344578823
2025-12-10,2.54,2.57,2.52,2.56,42236900.0,107663614.0,2124212084.0,0.019883560741480087
2025-12-11,2.56,2.57,2.43,2.44,73339500.0,181308309.0,2124212084.0,0.034525507388084326
2025-12-12,2.43,2.45,2.4,2.4,44706700.0,108258153.0,2124212084.0,0.021046250671832634
2025-12-15,2.38,2.43,2.37,2.41,36326840.0,87418326.0,2124212084.0,0.017101324426888064
2025-12-16,2.4,2.44,2.34,2.36,36944000.0,87923895.0,2124212084.0,0.017391860388268086
2025-12-17,2.36,2.39,2.32,2.37,41548541.0,97648827.0,2124212084.0,0.019559506940456703
2025-12-18,2.36,2.41,2.35,2.38,33706560.0,80402936.0,2124212084.0,0.01586779411240747
2025-12-19,2.37,2.48,2.37,2.47,49205846.0,119973445.0,2124212084.0,0.02316428118012721
2025-12-22,2.48,2.49,2.45,2.48,36720900.0,90860658.0,2124212084.0,0.017286833210576915
2025-12-23,2.48,2.51,2.4,2.4,42504202.0,103459678.0,2124212084.0,0.02000939657586469
2025-12-24,2.4,2.42,2.38,2.4,26806500.0,64328913.0,2124212084.0,0.012619502639078293
2025-12-25,2.39,2.41,2.38,2.39,26757700.0,64036251.0,2124212084.0,0.012596529415092057
2025-12-26,2.4,2.44,2.37,2.43,44543702.0,107234919.0,2124212084.0,0.020969517279141887
2025-12-29,2.41,2.43,2.37,2.38,38013400.0,90943527.0,2124212084.0,0.017895294112261532
2025-12-30,2.38,2.4,2.34,2.35,31770100.0,75042015.0,2124212084.0,0.014956180806661864
2025-12-31,2.34,2.35,2.3,2.3,38432600.0,88837216.0,2123866109.0,0.01809558513935494
2026-01-05,2.3,2.33,2.3,2.32,31679288.0,73373540.0,2123866109.0,0.01491585927463001
2026-01-06,2.32,2.39,2.31,2.39,42436288.0,100321584.0,2123866109.0,0.019980679488303846
2026-01-07,2.38,2.4,2.35,2.36,31738689.0,75261032.0,2123866109.0,0.014943827610180111
2026-01-08,2.36,2.4,2.35,2.39,33726300.0,80122601.0,2123866109.0,0.015879673326431896
2026-01-09,2.38,2.4,2.37,2.39,31798011.0,75833722.0,2123866109.0,0.014971758749411826
2026-01-12,2.36,2.42,2.36,2.42,41857701.0,100458423.0,2123866109.0,0.019708257889998658
2026-01-13,2.42,2.46,2.39,2.41,52476076.0,127267380.0,2123866109.0,0.0247078079816942
2026-01-14,2.4,2.44,2.36,2.4,44952600.0,108236431.0,2123866109.0,0.021165458504898624
2026-01-15,2.38,2.41,2.36,2.37,37889100.0,90293774.0,2123866109.0,0.017839683885647425
2026-01-16,2.37,2.39,2.33,2.33,31584300.0,74338123.0,2123866109.0,0.014871135174745613
2026-01-19,2.34,2.42,2.33,2.42,46480700.0,111199731.0,2123866109.0,0.021884948303961094
2026-01-20,2.42,2.43,2.39,2.41,35670200.0,85922527.0,2123866109.0,0.016794938178468763
2026-01-21,2.4,2.41,2.38,2.39,24636300.0,58972805.0,2123866109.0,0.011599742514653968
2026-01-22,2.39,2.43,2.38,2.43,40251400.0,97000638.0,2123866109.0,0.01895194797328912
2026-01-23,2.43,2.46,2.41,2.44,49544500.0,120745600.0,2123866109.0,0.02332750628208268
2026-01-26,2.44,2.47,2.41,2.46,55884000.0,136357115.0,2123866109.0,0.026312393122706022
2026-01-27,2.46,2.46,2.34,2.37,63919242.0,151709339.0,2123866109.0,0.03009570223336522
2026-01-28,2.35,2.43,2.34,2.39,42386780.0,100873681.0,2123866109.0,0.019957369167662536
2026-01-29,2.39,2.44,2.37,2.43,54286600.0,131241061.0,2123866109.0,0.02556027414814782
2026-01-30,2.43,2.6,2.41,2.5,119978261.0,302060679.0,2123866109.0,0.05649050120983874
2026-02-02,2.46,2.46,2.33,2.33,76397542.0,182400942.0,2123866109.0,0.03597097843233205
2026-02-03,2.37,2.54,2.31,2.44,87291502.0,209521121.0,2123866109.0,0.041100284820261235
2026-02-04,2.46,2.47,2.37,2.43,63004881.0,152070507.0,2123866109.0,0.029665184981771373
2026-02-05,2.41,2.44,2.38,2.38,40770901.0,98041504.0,2123866109.0,0.019196549550478278
2026-02-06,2.37,2.4,2.35,2.37,31129700.0,73951607.0,2123866109.0,0.014657091550209392
2026-02-09,2.39,2.42,2.37,2.41,32316160.0,77489348.0,2123866109.0,0.015215723751633159
2026-02-10,2.4,2.42,2.37,2.4,34859110.0,83515909.0,2123866109.0,0.01641304499011618
2026-02-11,2.4,2.4,2.37,2.38,26522200.0,63081252.0,2123866109.0,0.012487698677242746
2026-02-12,2.38,2.39,2.31,2.31,46787300.0,109352536.0,2123866109.0,0.022029307686457368
2026-02-13,2.31,2.34,2.3,2.3,24934760.0,57711407.0,2123866109.0,0.011740269263838043
2026-02-24,2.32,2.34,2.3,2.33,22332802.0,51875519.0,2123866109.0,0.010515164729717903
2026-02-25,2.32,2.4,2.32,2.38,50645701.0,120388026.0,2123866109.0,0.02384599518085723
2026-02-26,2.38,2.4,2.33,2.34,34543500.0,81222968.0,2123866109.0,0.01626444334396599
2026-02-27,2.33,2.37,2.32,2.36,23934200.0,56275010.0,2123866109.0,0.01126916612049013
2026-03-02,2.33,2.36,2.3,2.33,41194601.0,96095848.0,2123866109.0,0.019396044235291295
2026-03-03,2.33,2.4,2.31,2.31,54399801.0,127952241.0,2123866109.0,0.02561357364735839
2026-03-04,2.3,2.35,2.27,2.32,39112101.0,90621663.0,2123866109.0,0.01841552103226296
2026-03-05,2.33,2.34,2.27,2.29,40906381.0,93795592.0,2123866109.0,0.019260338882313224
2026-03-06,2.28,2.36,2.24,2.36,60861581.0,141078013.0,2123866109.0,0.028656034738769872
2026-03-09,2.35,2.42,2.33,2.35,52717801.0,125094920.0,2123866109.0,0.024821621653363837
2026-03-10,2.35,2.39,2.34,2.36,38067511.0,89973927.0,2123866109.0,0.017923686826908165
2026-03-11,2.37,2.37,2.33,2.37,32479910.0,76256041.0,2123866109.0,0.015292823715376684
2026-03-12,2.37,2.43,2.35,2.41,71570460.0,171993938.0,2123866109.0,0.03369819768615179
2026-03-13,2.41,2.43,2.38,2.39,51697300.0,124375951.0,2123866109.0,0.024341129500079987
2026-03-16,2.39,2.45,2.38,2.41,46256000.0,111571625.0,2123866109.0,0.021779150674323417
2026-03-17,2.41,2.46,2.37,2.38,62733723.0,151928517.0,2123866109.0,0.029537513091885775
2026-03-18,2.38,2.39,2.3,2.33,45245133.0,105361449.0,2123866109.0,0.02130319458852479
2026-03-19,2.31,2.33,2.26,2.27,40851956.0,93687607.0,2123866109.0,0.01923471344398198
2026-03-20,2.27,2.28,2.15,2.16,47918999.0,105203248.0,2123866109.0,0.022562156247486878
2026-03-23,2.11,2.13,2.01,2.03,51407610.0,106390666.0,2123866109.0,0.024204732013076255
2026-03-24,2.07,2.12,2.02,2.12,40607901.0,84120278.0,2123866109.0,0.019119802716339687
2026-03-25,2.13,2.18,2.1,2.17,31566700.0,67894491.0,2123866109.0,0.014862848400016539
2026-03-26,2.17,2.2,2.11,2.13,24595399.0,52874576.0,2123866109.0,0.011580484709358862
2026-03-27,2.11,2.17,2.1,2.17,23768700.0,51065352.0,2123866109.0,0.011191242187668432
2026-03-30,2.15,2.23,2.14,2.21,32373701.0,71066798.0,2123866109.0,0.015242816325763029
2026-03-31,2.2,2.24,2.14,2.15,29265400.0,63892128.0,2123866109.0,0.01377930552024266
2026-04-01,2.18,2.19,2.12,2.15,30751102.0,66112991.0,2123866109.0,0.014478832667318578
2026-04-02,2.16,2.19,2.13,2.15,29213400.0,63016229.0,2123866109.0,0.01375482186763403
2026-04-03,2.15,2.16,2.03,2.04,35044400.0,72657593.0,2123866109.0,0.01650028683611336
2026-04-07,2.04,2.11,2.0,2.1,36114803.0,74804191.0,2123866109.0,0.017004274820790973
2026-04-08,2.13,2.14,2.09,2.14,29966699.0,63670425.0,2123866109.0,0.01410950477198843
2026-04-09,2.12,2.15,2.06,2.07,29766900.0,62356501.0,2123866109.0,0.014015431516073974
2026-04-10,2.09,2.11,2.05,2.06,29592400.0,61577911.0,2123866109.0,0.013933270027993088
2026-04-13,2.13,2.27,2.13,2.27,38445400.0,85425441.0,2123866109.0,0.01810161188461245
2026-04-14,2.44,2.44,2.26,2.29,167066850.0,392182210.0,2123866109.0,0.07866166765034999
2026-04-15,2.29,2.4,2.21,2.37,139026154.0,317359005.0,2123866109.0,0.0654590011163458
2026-04-16,2.3,2.31,2.22,2.24,95450130.0,214276538.0,2123866109.0,0.044941688930165986
2026-04-17,2.22,2.23,2.16,2.19,53973220.0,118101037.0,2123866109.0,0.025412722474022962
2026-04-20,2.22,2.25,2.17,2.2,42845100.0,94125380.0,2123866109.0,0.02017316431503922
2026-04-21,2.18,2.21,2.15,2.19,39929100.0,86888086.0,2123866109.0,0.018800196411062935
2026-04-22,2.16,2.23,2.15,2.17,35782948.0,78032330.0,2123866109.0,0.016848024387397954
2026-04-23,2.16,2.17,2.08,2.09,44922448.0,94848329.0,2123866109.0,0.021151261753101405
2026-04-24,2.11,2.13,2.09,2.1,25473400.0,53638392.0,2123866109.0,0.011993882237705597
2026-04-27,2.09,2.12,2.05,2.11,27947600.0,58314088.0,2123866109.0,0.013158833262403172
2026-04-28,2.1,2.12,2.07,2.09,25049020.0,52331780.0,2123866109.0,0.011794067382050777
2026-04-29,2.08,2.14,2.07,2.12,31893715.0,67586436.0,2123866109.0,0.015016819970359063
2026-04-30,2.11,2.14,2.09,2.13,33246820.0,70451430.0,2123866109.0,0.01565391521580139
2026-05-06,2.13,2.15,2.12,2.15,28972101.0,61923349.0,2123866109.0,0.013641208773579992
2026-05-07,2.15,2.16,2.09,2.11,32522900.0,68773166.0,2123866109.0,0.015313065104331395
2026-05-08,2.1,2.14,2.09,2.13,25689600.0,54410215.0,2123866109.0,0.01209567773182071
2026-05-11,2.13,2.14,2.11,2.12,28272600.0,60033123.0,2123866109.0,0.013311856091207113
2026-05-12,2.12,2.12,2.07,2.07,28019711.0,58532864.0,2123866109.0,0.01319278596765819
2026-05-13,2.1,2.11,2.07,2.09,24173500.0,50479336.0,2123866109.0,0.011381838006437156
2026-05-14,2.08,2.12,2.06,2.09,37487711.0,78379830.0,2123866109.0,0.017650694100321933
2026-05-15,2.09,2.1,2.03,2.03,31223915.0,63926537.0,2123866109.0,0.014701451691180971
2026-05-18,2.02,2.02,1.98,2.0,25523508.0,51126305.0,2123866109.0,0.012017475062030852
2026-05-19,1.99,2.03,1.99,2.02,25654500.0,51743697.0,2123866109.0,0.012079151266309885
2026-05-20,2.02,2.02,1.96,1.96,21335208.0,42179786.0,2123866109.0,0.01004545809624763
2026-05-21,1.97,1.99,1.92,1.92,24742700.0,48445034.0,2123866109.0,0.011649839834607012
2026-05-22,1.94,1.95,1.9,1.93,17172400.0,33074965.0,2123866109.0,0.008085443770316314
2026-05-25,1.93,1.96,1.92,1.95,16700701.0,32402067.0,2123866109.0,0.007863349261627113
2026-05-26,1.96,1.96,1.9,1.92,20341701.0,39162278.0,2123866109.0,0.0095776757837045
2026-05-27,1.91,1.92,1.86,1.88,21302300.0,40095476.0,2123866109.0,0.010029963710862152
2026-05-28,1.89,1.91,1.87,1.9,18030700.0,34070786.0,2123866109.0,0.008489565290200693
2026-05-29,1.9,1.93,1.89,1.9,23431701.0,44764322.0,2123866109.0,0.011032569756025049
2026-06-01,1.9,1.97,1.87,1.97,27883411.0,54129050.0,2123866109.0,0.013128610547455183
2026-06-02,1.96,1.97,1.89,1.91,30079135.0,57546723.0,2123866109.0,0.01416244407900197
2026-06-03,1.9,1.91,1.86,1.89,22716800.0,42844903.0,2123866109.0,0.010695966145764228
2026-06-04,1.89,1.91,1.86,1.87,19052100.0,35788502.0,2123866109.0,0.008970480728170986
2026-06-05,1.86,1.92,1.86,1.89,22086348.0,41774285.0,2123866109.0,0.0103991244581793
2026-06-08,1.86,1.94,1.83,1.85,27638000.0,51977282.0,2123866109.0,0.013013061361487171
2026-06-09,1.84,1.85,1.78,1.82,25225501.0,45757163.0,2123866109.0,0.011877161603128156
2026-06-10,1.81,1.83,1.78,1.81,18542600.0,33424442.0,2123866109.0,0.008730588016553732
2026-06-11,1.8,1.85,1.78,1.82,23761000.0,43132388.0,2123866109.0,0.011187616723724461
2026-06-12,1.82,1.86,1.8,1.84,28298600.0,51863052.0,2123866109.0,0.013324097917511428
2026-06-15,1.84,1.89,1.81,1.81,25427200.0,46730008.0,2123866109.0,0.011972129454041776
2026-06-16,1.8,1.81,1.75,1.81,27964085.0,49768982.0,2123866109.0,0.01316659505111958
2026-06-17,1.8,1.81,1.74,1.76,24605103.0,43325229.0,2123866109.0,0.01158505373560721
2026-06-18,1.75,1.76,1.71,1.75,19165203.0,33358071.0,2123866109.0,0.009023734085113177
2026-06-22,1.75,1.76,1.7,1.76,24273400.0,41996374.0,2123866109.0,0.011428874869814122
2026-06-23,1.76,1.83,1.74,1.79,34871700.0,62790150.0,2123866109.0,0.01641897285908431
2026-06-24,1.79,1.79,1.69,1.7,32384400.0,55703302.0,2123866109.0,0.015247853837287254
2026-06-25,1.69,1.7,1.65,1.68,24937210.0,41721576.0,2123866109.0,0.011741422820547489
2026-06-26,1.67,1.72,1.65,1.66,23358019.0,39137643.0,2123866109.0,0.010997877361957566
2026-06-29,1.66,1.7,1.61,1.69,29327300.0,48929863.0,2123866109.0,0.013808450483636396
2026-06-30,1.69,1.71,1.64,1.67,18333800.0,30607860.0,2125250009.0000002,0.008626655651034041
2026-07-01,1.67,1.79,1.67,1.76,40962620.0,71264660.0,2125250009.0000002,0.019274259417259926
2026-07-02,1.76,1.86,1.75,1.8,44991908.0,81554679.0,2125250009.0000002,0.021170171890115726
2026-07-03,1.81,1.84,1.78,1.8,27351979.0,49316854.0,2125250009.0000002,0.012870005356626255
2026-07-06,1.81,1.84,1.8,1.82,22392800.0,40717309.0,2125250009.0000002,0.01053654859671618
2026-07-07,1.81,1.82,1.77,1.8,33338500.0,59911353.0,2125250009.0000002,0.015686860302937655
2026-07-08,1.8,1.83,1.77,1.82,27071500.0,48895419.0,2125250009.0000002,0.012738030765960579
2026-07-09,1.82,1.85,1.79,1.82,24559102.0,44639262.0,2125250009.0000002,0.011555864908127144
2026-07-10,1.81,1.93,1.78,1.88,41637000.0,77947968.0,2125250009.0000002,0.019591577378508786
2026-07-13,1.89,1.91,1.85,1.87,24069200.0,45109609.0,2125250009.0000002,0.011325349910867826
2026-07-14,1.86,1.89,1.83,1.89,27242400.0,50879076.0,2125250009.0000002,0.012818444834553109
2026-07-15,1.88,1.94,1.86,1.92,32166500.0,61621980.0,2125250009.0000002,0.015135395771688712
2026-07-16,1.93,1.95,1.9,1.92,26823900.0,51623001.0,2125250009.0000002,0.012621526825741091
2026-07-17,1.92,1.96,1.84,1.86,34044800.0,64406223.0,2125250009.0000002,0.016019197673604147
2026-07-20,1.87,1.92,1.84,1.86,28555499.0,53656541.0,2125250009.0000002,0.013436301084142236
2026-07-21,1.86,1.86,1.79,1.82,28480900.0,51876613.0,2125250009.0000002,0.013401199802088789
2026-07-22,1.81,1.86,1.8,1.83,19158600.0,35138926.0,2125250009.0000002,0.009014751167564868
2026-07-23,1.82,1.88,1.81,1.88,25513100.0,47047735.0,2125250009.0000002,0.01200475233123502
2026-07-24,1.87,1.89,1.8,1.81,21530800.0,39386853.0,2125250009.0000002,0.01013094925717984
2026-07-27,1.8,1.84,1.79,1.83,15952700.0,29097215.0,2125250009.0000002,0.0075062698188182895
2026-07-28,1.83,1.89,1.82,1.85,24261100.0,45042927.0,2125250009.0000002,0.011415645169866694
2026-07-29,1.85,1.88,1.84,1.86,23815000.0,44397125.0,2125250009.0000002,0.011205740453663491
2026-07-30,1.86,1.91,1.84,1.84,25356503.0,47425397.0,2125250009.0000002,0.01193106829437496
2026-07-31,1.85,1.87,1.82,1.87,23738900.0,43820037.0,2125250009.0000002,0.011169932901762429
2026-08-03,1.87,1.92,1.86,1.91,27128045.0,51254153.0,2125250009.0000002,0.012764637047461834
2026-08-04,1.92,1.93,1.89,1.92,19714700.0,37657513.0,2125250009.0000002,0.009276414500182222
2026-08-05,1.92,1.94,1.89,1.91,24315100.0,46524196.0,2125250009.0000002,0.011441053945197276
2026-08-06,1.92,1.94,1.87,1.93,21742400.0,41409927.0,2125250009.0000002,0.010230514013845605
2026-08-07,1.92,1.92,1.86,1.9,24379027.0,46044516.0,2125250009.0000002,0.011471133700392797
2026-08-10,1.9,1.98,1.89,1.97,36147896.0,70505170.0,2125250009.0000002,0.01700877348402354
2026-08-11,1.96,2.01,1.95,1.99,31257600.0,62113508.0,2125250009.0000002,0.014707728440244884
2026-08-12,1.99,2.02,1.96,2.0,29335515.0,58486394.0,2125250009.0000002,0.013803324256332234
2026-08-13,2.01,2.03,1.97,2.0,31137400.0,62312728.0,2125250009.0000002,0.014651170388490514
2026-08-14,2.0,2.01,1.95,1.98,24407500.0,48239492.0,2125250009.0000002,0.011484531182985163
2026-08-17,2.01,2.05,1.97,2.02,26916500.0,54310393.0,2125250009.0000002,0.012665098170104276
2026-08-18,2.01,2.11,2.01,2.09,55057900.0,114252848.0,2125250009.0000002,0.02590655206062394
2026-08-19,2.09,2.11,2.02,2.03,51479300.0,105763304.0,2125250009.0000002,0.02422270310880869
2026-08-20,2.03,2.06,1.99,2.04,39595500.0,80359691.0,2125250009.0000002,0.01863098451114981
2026-08-21,2.03,2.05,1.99,2.03,29121998.0,58815231.0,2125250009.0000002,0.013702857488142232
2026-08-24,2.03,2.04,1.98,2.02,24086983.0,48400139.0,2125250009.0000002,0.011333717397010489
2026-08-25,2.03,2.08,2.01,2.07,24630997.0,50735431.0,2125250009.0000002,0.011589693869282556
2026-08-26,2.07,2.11,2.05,2.06,23341900.0,48467618.0,2125250009.0000002,0.010983131349794995
2026-08-27,2.06,2.12,2.04,2.11,36539100.0,76421109.0,2125250009.0000002,0.017192847827438826
2026-08-28,2.11,2.16,2.07,2.15,35783676.0,75839452.0,2125250009.0000002,0.016837395999747526
2026-08-31,2.15,2.15,2.07,2.08,33625400.0,70653380.0,2125250009.0000002,0.01582185618520329
2026-09-01,2.08,2.18,2.07,2.17,43824500.0,94211585.0,2125250009.0000002,0.020620868045835634
2026-09-02,2.17,2.17,2.08,2.11,31810200.0,66935860.0,2125250009.0000002,0.014967744907794515
2026-09-03,2.1,2.12,2.05,2.07,29886883.0,61992013.0,2125250009.0000002,0.014062761027378025
2026-09-04,2.07,2.17,2.05,2.14,38455118.0,81769616.0,2125250009.0000002,0.0180943972883898
2026-09-07,2.15,2.22,2.13,2.21,61915900.0,135861861.0,2125250009.0000002,0.02913346652760795
2026-09-08,2.22,2.26,2.2,2.25,57540400.0,128841391.0,2125250009.0000002,0.027074649926516006
2026-09-09,2.22,2.26,2.19,2.21,58627808.0,130420376.0,2125250009.0000002,0.027586311140676716
2026-09-10,2.2,2.22,2.14,2.16,42536407.0,92207088.0,2125250009.0000002,0.020014777941356074
2026-09-11,2.18,2.18,2.07,2.09,44029500.0,92433302.0,2125250009.0000002,0.020717327285516552
2026-09-14,2.09,2.1,2.03,2.07,38211308.0,78935938.0,2125250009.0000002,0.017979676667772216
2026-09-15,2.06,2.07,1.97,1.98,31023499.0,62384662.0,2125250009.0000002,0.014597576223325167
2026-09-16,1.96,1.99,1.93,1.98,33537000.0,65979355.0,2125250009.0000002,0.015780261078921373
2026-09-17,1.97,2.18,1.94,2.18,53132359.0,110767060.0,2125250009.0000002,0.02500052171509013
2026-09-18,2.11,2.18,2.04,2.09,105397459.0,220325797.0,2125250009.0000002,0.04959296955824645
2026-09-21,2.09,2.3,2.03,2.3,118080571.0,260741049.0,2125250009.0000002,0.05556079073048012
2026-09-22,2.15,2.4,2.15,2.22,215118655.0,476485747.0,2125250009.0000002,0.10122039952429897
2026-09-23,2.17,2.2,2.05,2.06,135304610.0,284886384.0,2125250009.0000002,0.06366526734596521
2026-09-24,2.11,2.27,2.11,2.27,113560205.0,255370814.0,2125250009.0000002,0.053433809913702245
