date,open,high,low,close,volume,amount,outstanding_share,turnover
2021-01-04,8.0,8.43,7.96,8.27,16446961.0,135867860.0,782499702.0,0.02101848851566719
2021-01-05,8.25,8.25,7.99,8.03,13826435.0,111775553.0,782499702.0,0.017669572224322715
2021-01-06,8.0,8.04,7.81,7.88,12352597.0,97541865.0,782499702.0,0.01578607246549469
2021-01-07,7.88,7.98,7.69,7.84,10936432.0,85663982.0,782499702.0,0.013976276249112234
2021-01-08,7.85,7.86,7.7,7.79,6340036.0,49280545.0,782499702.0,0.008102285513713845
2021-01-11,7.81,8.13,7.74,7.95,11003588.0,87291342.0,782499702.0,0.014062098646013287
2021-01-12,7.98,8.15,7.83,7.99,8783251.0,70341444.0,782499702.0,0.011224606191607214
2021-01-13,7.99,8.12,7.86,8.05,9015292.0,71921481.0,782499702.0,0.011521144323707358
2021-01-14,8.05,8.11,7.93,8.0,5633255.0,45124573.0,782499702.0,0.0071990506649419785
2021-01-15,8.64,8.64,8.28,8.36,23282894.0,196658859.0,782499702.0,0.029754508456030056
2021-01-18,8.27,8.45,8.19,8.3,14196156.0,117922991.0,782499702.0,0.01814205930521875
2021-01-19,8.33,8.33,8.1,8.15,9734215.0,79718972.0,782499702.0,0.012439896111295898
2021-01-20,8.18,8.4,8.1,8.3,10331853.0,85307480.0,782499702.0,0.013203651034745058
2021-01-21,8.3,8.38,8.18,8.23,8864892.0,73013852.0,782499702.0,0.011328939777666523
2021-01-22,8.25,8.39,8.19,8.24,8835733.0,73061059.0,782499702.0,0.011291675865711703
2021-01-25,8.39,8.53,8.3,8.47,17686012.0,149120266.0,782499702.0,0.022601940875882916
2021-01-26,8.46,8.73,8.33,8.53,18938175.0,161772549.0,782499702.0,0.024202149792000815
2021-01-27,8.53,8.6,8.29,8.38,11904094.0,100038609.0,782499702.0,0.01521290547405218
2021-01-28,8.28,8.39,8.15,8.18,7877514.0,64844866.0,782499702.0,0.010067114376996913
2021-01-29,8.2,8.23,8.01,8.11,7777107.0,62826330.0,782499702.0,0.009938798673178281
2021-02-01,8.09,8.16,8.0,8.1,4825217.0,39139893.0,782499702.0,0.006166413849956968
2021-02-02,8.1,8.25,8.05,8.23,5272691.0,43055656.0,782499702.0,0.006738265824924238
2021-02-03,8.18,8.32,8.13,8.29,7060911.0,58105869.0,782499702.0,0.00902353187094249
2021-02-04,8.26,8.26,7.98,8.05,7573512.0,61122882.0,782499702.0,0.009678613270577322
2021-02-05,8.02,8.16,8.01,8.05,3571050.0,28768896.0,782499702.0,0.004563643910499534
2021-02-08,8.09,8.15,8.03,8.07,4964667.0,40135935.0,782499702.0,0.006344624780444964
2021-02-09,8.07,8.18,8.03,8.15,5056401.0,41085439.0,782499702.0,0.006461856773972292
2021-02-10,8.15,8.24,8.08,8.16,7275944.0,59195259.0,782499702.0,0.009298334531506313
2021-02-18,8.21,8.53,8.21,8.47,13177518.0,111121711.0,782499702.0,0.016840285007546238
2021-02-19,8.56,9.31,8.44,9.09,31297310.0,282001857.0,782499702.0,0.03999657753224294
2021-02-22,9.2,9.59,9.17,9.44,36754173.0,346572674.0,782499702.0,0.04697020702507565
2021-02-23,9.46,9.55,9.25,9.35,19231199.0,180149689.0,782499702.0,0.024576621500106335
2021-02-24,9.4,9.82,9.28,9.47,19264682.0,183924130.0,782499702.0,0.024619411292759828
2021-02-25,9.52,9.63,9.33,9.35,14894274.0,141066156.0,782499702.0,0.019034223223256895
2021-02-26,9.22,9.63,9.13,9.44,13264786.0,125244529.0,782499702.0,0.01695180965065722
2021-03-01,9.59,9.98,9.59,9.97,27356460.0,267940850.0,782499702.0,0.03496034558234247
2021-03-02,10.05,10.33,9.95,10.25,27864686.0,284297229.0,782499702.0,0.03560983592553496
2021-03-03,10.2,10.51,10.06,10.21,25180272.0,258443332.0,782499702.0,0.032179273596707386
2021-03-04,10.25,10.48,10.05,10.16,16935834.0,173328218.0,782499702.0,0.021643246581070263
2021-03-05,10.03,10.2,9.8,10.0,19163671.0,191388160.0,782499702.0,0.024490323703663212
2021-03-08,10.08,10.47,10.07,10.12,18283088.0,187117700.0,782499702.0,0.02336497758819594
2021-03-09,10.15,10.17,9.46,9.72,24195998.0,236980978.0,782499702.0,0.030921414970711388
2021-03-10,9.91,9.91,9.41,9.47,12784094.0,121932327.0,782499702.0,0.016337506541312396
2021-03-11,9.5,10.18,9.42,10.18,19535655.0,192409778.0,782499702.0,0.02496570279844017
2021-03-12,10.16,10.35,9.65,9.73,24475432.0,241108987.0,782499702.0,0.03127851926006229
2021-03-15,9.86,10.3,9.7,9.84,22584014.0,225107604.0,782499702.0,0.028861370735704127
2021-03-16,9.83,9.9,9.49,9.73,15203870.0,147258159.0,822103646.0,0.018493860322813846
2021-03-17,9.68,9.91,9.64,9.83,9973350.0,97479296.0,822103646.0,0.012131499536008627
2021-03-18,9.76,10.14,9.68,9.82,13198782.0,130730865.0,822103646.0,0.01605488804753458
2021-03-19,9.82,9.87,9.67,9.69,8162240.0,79637637.0,822103646.0,0.009928480477752315
2021-03-22,9.71,9.9,9.63,9.78,8421050.0,82243394.0,822103646.0,0.010243294797405631
2021-03-23,9.87,10.05,9.63,9.69,10140881.0,99338511.0,822103646.0,0.012335282843399529
2021-03-24,9.55,9.63,9.12,9.29,18901672.0,176409732.0,822103646.0,0.02299183575205796
2021-03-25,9.28,9.72,9.2,9.35,10709787.0,101543229.0,822103646.0,0.013027295344217461
2021-03-26,9.36,9.46,9.27,9.39,6256734.0,58582253.0,822103646.0,0.007610638914500083
2021-03-29,9.4,9.8,9.4,9.64,11140492.0,107514472.0,822103646.0,0.01355120130436692
2021-03-30,9.67,9.86,9.6,9.82,9598480.0,93408592.0,822103646.0,0.011675510802928613
2021-03-31,9.82,10.25,9.72,10.17,21424455.0,215065903.0,822103646.0,0.026060527896016653
2021-04-01,10.16,10.31,10.06,10.19,9332007.0,94752625.0,822103646.0,0.011351375274158557
2021-04-02,10.18,10.28,10.0,10.18,10239172.0,104109096.0,822103646.0,0.01245484319382279
2021-04-06,10.26,10.71,10.23,10.6,16569215.0,174910603.0,822103646.0,0.020154654562862747
2021-04-07,10.61,10.67,10.4,10.43,10420200.0,109344657.0,822103646.0,0.012675044139142524
2021-04-08,10.55,10.55,10.34,10.35,7945636.0,82617522.0,822103646.0,0.009665005183543487
2021-04-09,10.37,10.44,10.16,10.22,8106152.0,83011828.0,822103646.0,0.00986025550359863
2021-04-12,10.25,10.37,9.85,9.9,11390172.0,114062790.0,822103646.0,0.013854909968371555
2021-04-13,10.06,10.26,9.78,10.02,15502316.0,154683253.0,822103646.0,0.01885688754140375
2021-04-14,10.01,10.07,9.89,9.89,8377521.0,83406336.0,822103646.0,0.010190346485824975
2021-04-15,9.88,9.94,9.67,9.84,6859478.0,67222541.0,822103646.0,0.008343811675541456
2021-04-16,9.83,9.93,9.7,9.86,6360775.0,62505615.0,822103646.0,0.0077371935168379005
2021-04-19,9.79,9.93,9.79,9.9,8198553.0,80955062.0,822103646.0,0.00997265130727811
2021-04-20,9.92,9.92,9.64,9.64,9718882.0,94818584.0,822103646.0,0.01182196678884453
2021-04-21,9.53,9.75,9.39,9.66,11192266.0,106846721.0,822103646.0,0.01361417876499723
2021-04-22,9.65,10.11,9.58,9.81,14668537.0,145050416.0,822103646.0,0.017842685738435466
2021-04-23,9.85,9.9,9.67,9.77,7076212.0,68881214.0,822103646.0,0.008607445100663134
2021-04-26,9.72,9.87,9.53,9.54,8764950.0,84761104.0,822103646.0,0.01066161188147802
2021-04-27,9.61,9.71,9.51,9.58,6162788.0,59078698.0,822103646.0,0.007496363785740953
2021-04-28,9.58,9.75,9.48,9.68,6484838.0,62461086.0,822103646.0,0.007888102712538024
2021-04-29,9.59,10.05,9.59,10.01,13793939.0,136284083.0,822103646.0,0.01677883204522365
2021-04-30,10.0,10.12,9.82,10.05,12861502.0,128377998.0,822103646.0,0.01564462347610121
2021-05-06,10.11,10.15,9.88,9.96,8091410.0,80739881.0,822103646.0,0.009842323458081342
2021-05-07,9.94,10.37,9.89,10.26,15332837.0,156761952.0,822103646.0,0.01865073470310336
2021-05-10,10.49,10.49,10.09,10.24,11198114.0,114302060.0,822103646.0,0.013621292223292244
2021-05-11,10.17,10.17,9.92,10.13,8325400.0,83865660.0,822103646.0,0.010126946937296518
2021-05-12,10.12,10.45,10.0,10.38,13895890.0,143640478.0,822103646.0,0.01690284438903948
2021-05-13,10.33,10.49,10.11,10.14,9275778.0,95225673.0,822103646.0,0.011282978788784011
2021-05-14,10.2,10.25,9.93,10.06,10498364.0,105203637.0,822103646.0,0.012770122175081559
2021-05-17,10.13,10.24,9.9,10.16,10984938.0,110267852.0,822103646.0,0.01336198671961613
2021-05-18,10.16,10.36,10.09,10.21,9184530.0,94125804.0,822103646.0,0.011171985484662356
2021-05-19,10.23,10.35,9.97,10.25,10832053.0,110280946.0,822103646.0,0.013176018684145332
2021-05-20,10.14,10.2,10.03,10.07,6722700.0,67953116.0,822103646.0,0.00817743606017288
2021-05-21,10.04,10.45,9.91,10.38,17823906.0,182006820.0,822103646.0,0.02168085020267627
2021-05-24,10.31,10.39,10.02,10.27,18013627.0,183406099.0,822103646.0,0.021911625240499177
2021-05-25,10.24,10.8,10.18,10.8,31501448.0,335224832.0,822103646.0,0.03831809791049145
2021-05-26,10.9,11.06,10.78,10.89,21912191.0,239231050.0,822103646.0,0.026653805887633785
2021-05-27,10.93,11.11,10.79,11.08,20245101.0,222431330.0,822103646.0,0.02462597155298348
2021-05-28,11.08,11.17,10.9,11.08,14035601.0,154839618.0,822103646.0,0.0170727876810803
2021-05-31,11.0,11.28,10.98,11.07,11870284.0,132071976.0,822103646.0,0.0144389141901458
2021-06-01,11.19,12.17,11.14,12.1,41524806.0,489800593.0,822103646.0,0.050510426759498885
2021-06-02,11.88,12.03,11.55,11.61,20576133.0,241958218.0,822103646.0,0.025028636109466908
2021-06-03,11.67,11.78,11.5,11.54,10569904.0,123116662.0,822103646.0,0.012857142832815024
2021-06-04,11.54,11.8,11.47,11.7,8772195.0,102375469.0,822103646.0,0.010670424638890362
2021-06-07,11.69,12.05,11.51,11.73,14014683.0,164929118.0,822103646.0,0.01704734320081096
2021-06-08,11.72,12.1,11.68,11.96,15762214.0,188295401.0,822103646.0,0.019173025295158463
2021-06-09,11.96,12.27,11.72,12.02,14566611.0,175430811.0,822103646.0,0.017718703804410568
2021-06-10,12.0,12.0,11.08,11.38,37485101.0,429128488.0,822103646.0,0.045596563380282104
2021-06-11,11.4,11.76,11.32,11.4,15754927.0,181288278.0,822103646.0,0.019164161449297355
2021-06-15,11.4,11.51,11.13,11.15,13941244.0,156894765.0,822103646.0,0.016958012615358235
2021-06-16,11.2,11.26,10.79,10.82,13199801.0,144228916.0,822103646.0,0.016056127550613003
2021-06-17,10.82,10.89,10.6,10.78,9514250.0,102458533.0,822103646.0,0.01157305413531763
2021-06-18,10.75,11.11,10.68,10.82,10744410.0,116764696.0,822103646.0,0.013069410471876194
2021-06-21,10.74,11.04,10.62,10.83,9595112.0,104125818.0,822103646.0,0.011671413995894138
2021-06-22,10.86,11.13,10.7,10.93,10276053.0,112398259.0,822103646.0,0.012499704933798579
2021-06-23,10.99,10.99,10.78,10.86,8059538.0,87382938.0,822103646.0,0.009803554623816862
2021-06-24,10.82,10.88,10.6,10.74,8513049.0,91296966.0,822103646.0,0.01035520161164691
2021-06-25,10.72,10.95,10.66,10.77,7027858.0,75923247.0,822103646.0,0.008548627699432439
2021-06-28,10.81,11.09,10.7,11.02,9059927.0,99170822.0,822103646.0,0.011020419437478082
2021-06-29,11.02,11.1,10.77,10.8,8123937.0,88674605.0,822103646.0,0.009881889028868265
2021-06-30,10.78,10.94,10.65,10.85,8709953.0,93811345.0,824390704.0,0.010565321706975482
2021-07-01,10.87,10.95,10.47,10.47,9138698.0,97453795.0,824390704.0,0.011085396712576225
2021-07-02,10.32,10.66,10.22,10.56,8953496.0,93794125.0,824393744.0,0.010860703474722146
2021-07-05,10.58,10.6,10.2,10.37,10555696.0,109315658.0,824393744.0,0.012804192264709859
2021-07-06,10.38,10.48,10.1,10.39,9325825.0,96202651.0,824393744.0,0.011312343243594532
2021-07-07,10.61,10.87,10.48,10.69,13103830.0,139876042.0,824393744.0,0.015895110916804824
2021-07-08,10.7,10.75,10.38,10.4,8756531.0,92007420.0,824393744.0,0.010621782447684368
2021-07-09,10.4,10.64,10.32,10.53,6367439.0,66910019.0,824393744.0,0.007723783745743709
2021-07-12,10.75,11.1,10.6,11.07,17658711.0,193298023.0,824393744.0,0.021420238967752282
2021-07-13,11.17,11.18,10.92,10.95,11946553.0,131632136.0,824393744.0,0.014491319332476642
2021-07-14,10.98,11.07,10.85,10.85,8488467.0,92980073.0,824393744.0,0.010296617437698557
2021-07-15,10.85,10.98,10.73,10.95,8012091.0,87021871.0,824393744.0,0.009718767346686707
2021-07-16,11.02,11.17,10.8,10.89,13730088.0,151074626.0,824393744.0,0.016654769762542012
2021-07-19,10.89,11.23,10.85,11.17,13541509.0,150514051.0,824393744.0,0.016426021059179702
2021-07-20,11.0,11.04,10.81,10.97,8962382.0,98024702.0,824393744.0,0.010871482304698324
2021-07-21,10.97,11.05,10.82,10.93,8386160.0,91478858.0,824393744.0,0.010172517757485554
2021-07-22,10.91,10.96,10.7,10.74,12626745.0,136250288.0,824393744.0,0.015316400799858569
2021-07-23,10.7,10.9,10.62,10.78,9632528.0,103624375.0,824393744.0,0.011684377847486431
2021-07-26,10.76,10.76,10.16,10.28,15947815.0,165829036.0,824393744.0,0.019344900560041126
2021-07-27,10.38,10.44,9.98,9.98,12368889.0,125461983.0,824393744.0,0.015003618222508007
2021-07-28,9.92,9.97,9.41,9.57,14577568.0,140545447.0,824393744.0,0.017682773681989512
2021-07-29,9.67,9.88,9.67,9.73,7943607.0,77538305.0,824393744.0,0.009635695391691375
2021-07-30,9.73,9.78,9.49,9.7,9370164.0,90075493.0,824393744.0,0.011366127009328687
2021-08-02,9.52,9.84,9.51,9.74,7312136.0,71134050.0,824393744.0,0.008869713111263009
2021-08-03,9.85,9.96,9.72,9.75,6489114.0,63765667.0,824393744.0,0.007871377054020924
2021-08-04,9.8,9.8,9.63,9.7,7551513.0,73153715.0,824393744.0,0.009160080428752016
2021-08-05,9.7,9.7,9.49,9.52,7829206.0,74800793.0,824393744.0,0.009496925537076855
2021-08-06,9.48,9.7,9.46,9.61,6348100.0,60950385.0,824393744.0,0.0077003252950449365
2021-08-09,9.78,9.88,9.62,9.76,8332324.0,81577334.0,824393744.0,0.010107214011075756
2021-08-10,9.72,9.89,9.68,9.76,6048194.0,59128722.0,824393744.0,0.007336535537804858
2021-08-11,9.73,9.79,9.62,9.71,6469564.0,62740113.0,824393744.0,0.007847662657663254
2021-08-12,9.64,9.85,9.64,9.78,6364060.0,61964374.0,824393744.0,0.007719684976163526
2021-08-13,9.74,9.77,9.64,9.66,6848257.0,66307281.0,824393744.0,0.008307022038731045
2021-08-16,9.7,9.97,9.7,9.74,8735119.0,85963078.0,824393744.0,0.010595809421862862
2021-08-17,9.69,9.73,9.24,9.27,11546322.0,109680776.0,824393744.0,0.014005834085999565
2021-08-18,9.29,9.68,9.28,9.51,7419631.0,70734240.0,824393744.0,0.009000105900852155
2021-08-19,9.46,9.59,9.3,9.4,5190858.0,48707731.0,824393744.0,0.006296576166157806
2021-08-20,9.37,9.5,9.2,9.34,6110008.0,56765568.0,824393744.0,0.007411516698748747
2021-08-23,9.34,9.48,9.34,9.45,5781302.0,54428749.0,824393744.0,0.007012792178587905
2021-08-24,9.46,9.72,9.46,9.63,5956543.0,57206954.0,824393744.0,0.007225361719872537
2021-08-25,9.63,9.85,9.63,9.79,6947250.0,67816911.0,824393744.0,0.008427101795182959
2021-08-26,9.79,9.85,9.65,9.81,5537146.0,54186342.0,824393744.0,0.006716627873876733
2021-08-27,9.81,9.92,9.6,9.72,8225398.0,80071836.0,824393744.0,0.009977511425656815
2021-08-30,9.69,10.11,9.68,9.93,12434255.0,123584893.0,824393744.0,0.015082908004212123
2021-08-31,9.88,10.17,9.85,10.03,10204024.0,102438584.0,824393744.0,0.012377609697144912
2021-09-01,10.09,10.13,9.86,9.97,9016262.0,90017434.0,824393744.0,0.010936839423662584
2021-09-02,9.9,10.13,9.8,10.03,7937278.0,79216075.0,824393744.0,0.009628018234937018
2021-09-03,10.03,10.2,9.93,10.0,7593742.0,76292549.0,824393744.0,0.009211304737897186
2021-09-06,9.95,10.04,9.81,9.87,8257363.0,81547116.0,824393744.0,0.010016285373461059
2021-09-07,9.82,10.22,9.81,10.18,12338205.0,125017858.0,824393744.0,0.014966398143846177
2021-09-08,10.21,10.47,10.1,10.43,13732010.0,141970686.0,824393744.0,0.016657101172761934
2021-09-09,10.41,10.62,10.34,10.45,9926303.0,103955946.0,824393744.0,0.012040730624467233
2021-09-10,10.64,10.68,10.3,10.33,9113628.0,94834241.0,824393744.0,0.011054945608611994
2021-09-13,10.3,10.73,10.17,10.59,14873096.0,156001467.0,824393744.0,0.018041252870060597
2021-09-14,10.53,10.77,10.45,10.58,12686508.0,134391603.0,824393744.0,0.015388894071956956
2021-09-15,10.48,10.96,10.46,10.9,16602298.0,179197692.0,824393744.0,0.020138796686453263
2021-09-16,11.0,11.08,10.66,10.74,14825936.0,160698481.0,824393744.0,0.01798404719577785
2021-09-17,10.74,11.58,10.7,11.02,23802645.0,265525000.0,824393744.0,0.02887290833201665
2021-09-22,10.97,11.16,10.57,11.16,17377034.0,188999177.0,824393744.0,0.021078561217223405
2021-09-23,11.26,11.26,10.9,11.01,14203177.0,156518250.0,824393744.0,0.01722863268113301
2021-09-24,11.02,11.02,10.46,10.48,17138108.0,183039241.0,824393744.0,0.020788740968417634
2021-09-27,10.52,10.59,10.2,10.23,11956110.0,123344803.0,824393744.0,0.014502912093908369
2021-09-28,10.23,10.37,9.98,10.01,8990020.0,90752129.0,824393744.0,0.010905007546976242
2021-09-29,10.15,10.17,9.61,9.66,10277003.0,100731906.0,824393744.0,0.012466134143783605
2021-09-30,9.7,10.19,9.67,10.16,10879334.0,108631713.0,824987074.0,0.013187278131826827
2021-10-08,10.22,10.33,10.06,10.12,5773100.0,58589182.0,824987074.0,0.006997806610482724
2021-10-11,10.08,10.14,9.84,9.91,6472297.0,64414292.0,824987074.0,0.007845331404549983
2021-10-12,9.87,9.97,9.66,9.76,6307787.0,61530348.0,824987074.0,0.007645922219624983
2021-10-13,9.9,9.9,9.6,9.73,6488000.0,63009857.0,824987074.0,0.00786436564217005
2021-10-14,9.8,9.87,9.59,9.73,5722828.0,55512042.0,824987074.0,0.006936869898157944
2021-10-15,9.73,9.77,9.6,9.6,5067305.0,48881462.0,824987074.0,0.006142284115350879
2021-10-18,9.8,9.82,9.62,9.74,6635079.0,64559867.0,824987074.0,0.008042646011202838
2021-10-19,9.75,9.91,9.69,9.84,7725839.0,75526703.0,824987074.0,0.009364800059885544
2021-10-20,9.82,9.86,9.66,9.73,7458681.0,72757631.0,824987074.0,0.009040967107322218
2021-10-21,9.76,9.99,9.66,9.87,7826396.0,77040989.0,824987074.0,0.009486689242357753
2021-10-22,9.89,10.0,9.76,9.82,7325826.0,72384007.0,824987074.0,0.008879928220548096
2021-10-25,9.73,9.81,9.61,9.72,6466750.0,62567210.0,824987074.0,0.007838607662839576
2021-10-26,9.75,9.89,9.67,9.74,5914056.0,57839638.0,824987074.0,0.007168665045047724
2021-10-27,9.73,9.73,9.5,9.69,5203550.0,49981130.0,824987074.0,0.006307432157415838
2021-10-28,9.69,9.8,9.2,9.78,10988715.0,104417276.0,824987074.0,0.013319863239457252
2021-10-29,9.74,10.1,9.58,10.1,14217112.0,141127914.0,824987074.0,0.01723313303694259
2021-11-01,10.07,10.2,9.97,10.08,7785835.0,78560916.0,824987074.0,0.00943752362355195
2021-11-02,10.09,10.21,10.03,10.09,6898508.0,69688318.0,824987074.0,0.008361958892946242
2021-11-03,10.14,10.14,9.91,9.99,6146518.0,61515848.0,824987074.0,0.007450441581100457
2021-11-04,9.98,10.09,9.93,10.07,5006367.0,50263829.0,824987074.0,0.006068418715612507
2021-11-05,10.08,10.14,9.96,10.12,5865052.0,59034226.0,824987074.0,0.007109265326501346
2021-11-08,10.06,10.38,10.02,10.23,7874578.0,80556139.0,824987074.0,0.009545092581656619
2021-11-09,10.25,10.62,10.2,10.48,14251636.0,149531622.0,824987074.0,0.01727498096533813
2021-11-10,10.49,10.55,10.32,10.49,7385109.0,76842566.0,824987074.0,0.0089517875282492
2021-11-11,10.45,10.55,10.36,10.36,5997679.0,62521947.0,824987074.0,0.007270027845309004
2021-11-12,10.37,10.61,10.33,10.45,6664141.0,69883308.0,824987074.0,0.008077873229805296
2021-11-15,10.51,10.76,10.47,10.47,10579042.0,112335638.0,824987074.0,0.012823282125751222
2021-11-16,10.47,10.55,10.31,10.32,6699610.0,69707813.0,824987074.0,0.008120866630693417
2021-11-17,10.38,10.43,10.25,10.4,5188100.0,53803780.0,824987074.0,0.006288704591267329
2021-11-18,10.46,10.78,10.41,10.66,14285986.0,152396423.0,824987074.0,0.017316617981338215
2021-11-19,10.66,10.75,10.55,10.72,8018186.0,85537836.0,824987074.0,0.009719165612042063
2021-11-22,10.7,11.21,10.62,11.1,20338909.0,223262407.0,824987074.0,0.024653609300065226
2021-11-23,11.05,11.32,10.92,11.26,23623988.0,263636706.0,824987074.0,0.02863558562858162
2021-11-24,11.26,11.26,10.88,10.95,16277751.0,179228761.0,824987074.0,0.019730916414334027
2021-11-25,10.96,11.3,10.75,11.16,16391490.0,180934089.0,824987074.0,0.019868784028972557
2021-11-26,11.14,11.57,11.0,11.18,14917447.0,167322289.0,824987074.0,0.018082037246561756
2021-11-29,11.0,11.51,10.92,11.32,20081544.0,227479112.0,824987074.0,0.024341646836517586
2021-11-30,11.4,12.31,11.36,12.07,36077905.0,432798185.0,824987074.0,0.04373147911890799
2021-12-01,12.13,12.36,11.95,12.28,21574683.0,262944063.0,824987074.0,0.0261515406482599
2021-12-02,12.3,12.39,12.12,12.2,12506565.0,153029818.0,824987074.0,0.015159710247775349
2021-12-03,12.24,12.29,12.0,12.19,12580432.0,152686554.0,824987074.0,0.015249247408208483
2021-12-06,12.27,12.29,11.71,11.89,15557817.0,186076851.0,824987074.0,0.018858255468860836
2021-12-07,11.89,12.04,11.45,11.58,12614939.0,146513707.0,824987074.0,0.015291074730220561
2021-12-08,11.74,11.77,11.41,11.65,8182755.0,95034465.0,824987074.0,0.009918646313239085
2021-12-09,11.57,11.57,11.31,11.46,8968658.0,102347509.0,824987074.0,0.0108712709358159
2021-12-10,11.46,11.78,11.33,11.68,8865568.0,102764472.0,824987074.0,0.010746311402207496
2021-12-13,11.65,11.72,11.47,11.56,8646801.0,100098455.0,824987074.0,0.010481135126245626
2021-12-14,11.53,11.54,11.36,11.49,6448385.0,73730089.0,824987074.0,0.007816346707997027
2021-12-15,11.53,11.54,11.09,11.36,12939125.0,145980095.0,824987074.0,0.01568403361432545
2021-12-16,11.37,11.5,11.05,11.42,12807282.0,144165335.0,824987074.0,0.015524221413437563
2021-12-17,11.41,11.41,11.1,11.15,8264480.0,92802480.0,824987074.0,0.010017708471393577
2021-12-20,11.36,11.36,11.04,11.16,7607039.0,84766839.0,824987074.0,0.00922079780367565
2021-12-21,11.16,11.26,11.08,11.21,6224166.0,69445106.0,824987074.0,0.00754456184364411
2021-12-22,11.28,11.28,11.1,11.15,7082986.0,79084578.0,824987074.0,0.008585572093460461
2021-12-23,11.25,11.25,11.1,11.16,5157192.0,57525396.0,824987074.0,0.006251239761848681
2021-12-24,11.15,11.16,10.92,11.15,6644550.0,73477656.0,824987074.0,0.008054126191072904
2021-12-27,11.19,11.21,11.01,11.19,5175832.0,57451563.0,824987074.0,0.00627383405524727
2021-12-28,11.2,11.54,11.11,11.46,11895624.0,135899126.0,824987074.0,0.014419164099533515
2021-12-29,11.5,11.75,11.34,11.67,11155033.0,129691485.0,824987074.0,0.013521463973870699
2021-12-30,11.78,11.78,11.61,11.7,7422307.0,86799039.0,824987074.0,0.008996876719549669
2021-12-31,11.78,12.87,11.63,12.87,42323197.0,532315371.0,826053874.0000001,0.05123539557421166
2022-01-04,12.72,12.91,12.29,12.7,29344765.0,371261246.0,826053874.0000001,0.035524032903452005
2022-01-05,12.61,12.83,12.36,12.6,14721611.0,184636057.0,826053874.0000001,0.017821611233070734
2022-01-06,12.59,13.0,12.41,12.91,15305379.0,195298917.0,826053874.0000001,0.018528306060580254
2022-01-07,12.91,12.91,12.3,12.57,16505761.0,207344693.0,826053874.0000001,0.019981458255348607
2022-01-10,12.62,12.63,12.39,12.45,7656731.0,95428009.0,826053874.0000001,0.009269045568328148
2022-01-11,12.45,12.55,12.2,12.38,10878012.0,134237820.0,826053874.0000001,0.013168647157751841
2022-01-12,12.39,12.48,12.19,12.39,7550886.0,93290594.0,826053874.0000001,0.009140912279045857
2022-01-13,12.46,12.65,12.3,12.5,10958376.0,136450464.0,826053874.0000001,0.013265933790657337
2022-01-14,12.51,12.52,12.33,12.49,9928664.0,123459323.0,826053874.0000001,0.012019390396321775
2022-01-17,12.38,12.44,12.28,12.42,6987364.0,86429341.0,826053874.0000001,0.008458726748856091
2022-01-18,12.49,12.56,12.33,12.43,8768496.0,108909827.0,826053874.0000001,0.010614920256399643
2022-01-19,12.53,12.53,11.86,12.01,20366882.0,245564878.0,826053874.0000001,0.024655634022242957
2022-01-20,12.18,12.27,11.83,11.89,9108946.0,109358157.0,826053874.0000001,0.011027060445696788
2022-01-21,11.89,12.06,11.75,11.95,6969173.0,83027863.0,826053874.0000001,0.00843670518274211
2022-01-24,11.98,11.98,11.8,11.85,3806103.0,45192631.0,826053874.0000001,0.004607572362768193
2022-01-25,11.89,12.24,11.6,11.65,9796000.0,115877179.0,826053874.0000001,0.011858790701585643
2022-01-26,11.68,11.78,11.4,11.58,6211077.0,71753387.0,826053874.0000001,0.007518973272196044
2022-01-27,11.64,11.65,11.23,11.26,7079651.0,80517886.0,826053874.0000001,0.008570447065054257
2022-01-28,11.32,11.6,11.09,11.45,7659812.0,87042368.0,826053874.0000001,0.009272775349274615
2022-02-07,11.59,11.65,11.41,11.59,6202636.0,71662285.0,826053874.0000001,0.007508754810343035
2022-02-08,11.58,11.76,11.51,11.66,5418532.0,63017509.0,826053874.0000001,0.00655953827050268
2022-02-09,11.68,12.15,11.58,12.05,10717417.0,128125894.0,826053874.0000001,0.01297423489838872
2022-02-10,12.07,12.15,11.87,12.05,5238815.0,62986734.0,826053874.0000001,0.006341977399890506
2022-02-11,12.06,12.06,11.54,11.61,9234226.0,108599633.0,826053874.0000001,0.01117872125613928
2022-02-14,11.47,11.73,11.12,11.25,9032446.0,102679355.0,826053874.0000001,0.010934451473803026
2022-02-15,11.26,11.35,10.69,11.18,9035758.0,100101763.0,826053874.0000001,0.010938460897527367
2022-02-16,11.28,11.49,11.16,11.36,5179228.0,58634887.0,826053874.0000001,0.006269842879521438
2022-02-17,11.3,11.46,11.12,11.38,4766185.0,54012386.0,826053874.0000001,0.00576982343405849
2022-02-18,11.31,11.43,11.22,11.4,3985506.0,45358386.0,826053874.0000001,0.004824753112894426
2022-02-21,11.4,11.49,11.24,11.31,4918089.0,55745759.0,826053874.0000001,0.005953714587869603
2022-02-22,11.46,11.46,11.12,11.15,5198104.0,58221334.0,826053874.0000001,0.006292693689370675
2022-02-23,11.23,11.75,11.18,11.61,11378116.0,130911448.0,826053874.0000001,0.013774060455529076
2022-02-24,11.58,11.98,11.45,11.6,12230119.0,143271183.0,826053874.0000001,0.014805473813442825
2022-02-25,11.7,11.97,11.6,11.72,10114775.0,119260561.0,852926079.0,0.01185891163259882
2022-02-28,11.79,11.88,11.6,11.75,5284491.0,61715112.0,852926079.0,0.006195719805162623
2022-03-01,11.7,11.81,11.62,11.75,3928708.0,46026706.0,852926079.0,0.004606152979407258
2022-03-02,11.73,11.8,11.65,11.71,4696856.0,55019191.0,852926079.0,0.00550675623086441
2022-03-03,11.8,11.88,11.63,11.68,4993865.0,58575995.0,852926079.0,0.005854979842866312
2022-03-04,11.72,11.73,11.43,11.5,4999251.0,57756509.0,852926079.0,0.005861294575329781
2022-03-07,11.32,11.61,11.25,11.33,6361752.0,72502469.0,852926079.0,0.007458737816363568
2022-03-08,11.47,11.47,10.85,11.08,9349800.0,103668014.0,852926079.0,0.010962028515955367
2022-03-09,11.1,11.26,10.5,11.26,11723862.0,126512160.0,852926079.0,0.013745460818533606
2022-03-10,11.25,11.35,11.03,11.24,8506788.0,95132061.0,852926079.0,0.00997365212466437
2022-03-11,11.12,11.25,10.8,11.25,5274157.0,58334602.0,852926079.0,0.00618360386656673
2022-03-14,11.19,11.22,11.0,11.09,4432968.0,49305949.0,852926079.0,0.0051973648234526545
2022-03-15,11.1,11.1,10.53,10.95,9321800.0,100094574.0,852926079.0,0.010929200348674062
2022-03-16,10.8,11.05,10.1,11.02,20335407.0,216117864.0,852926079.0,0.02384193366890825
2022-03-17,11.1,11.2,10.86,11.03,9231241.0,101609573.0,852926079.0,0.010823025848644498
2022-03-18,11.03,11.06,10.86,11.05,5839868.0,64140182.0,852926079.0,0.006846862985883681
2022-03-21,11.0,11.65,10.93,11.35,15382911.0,175717220.0,852926079.0,0.018035456270765523
2022-03-22,11.38,11.52,11.13,11.24,7325290.0,82187186.0,852926079.0,0.008588423053716945
2022-03-23,11.26,11.4,11.18,11.31,5081335.0,57287662.0,852926079.0,0.005957532692584019
2022-03-24,11.3,11.3,11.12,11.22,3595450.0,40221533.0,852926079.0,0.004215429787556068
2022-03-25,11.19,11.35,11.1,11.18,6455919.0,72437924.0,852926079.0,0.007569142460234235
2022-03-28,11.02,11.09,10.73,10.92,5538304.0,60329794.0,852926079.0,0.006493298934525838
2022-03-29,10.88,11.14,10.72,11.02,5824062.0,63919827.0,852926079.0,0.006828331485453383
2022-03-30,11.0,11.08,10.93,11.01,4562713.0,50136802.0,852926079.0,0.005349482343592404
2022-03-31,11.05,11.38,10.99,11.13,8234047.0,91615028.0,852926079.0,0.009653881154218993
2022-04-01,11.13,11.13,10.85,10.99,6429751.0,70462065.0,852926079.0,0.007538462193040764
2022-04-06,10.92,10.94,10.72,10.89,6715244.0,72801313.0,852926079.0,0.007873184048813684
2022-04-07,10.89,11.1,10.73,11.03,8894772.0,97330732.0,852926079.0,0.010428537969466871
2022-04-08,11.01,11.23,10.84,11.17,11012400.0,122192375.0,852926079.0,0.012911318191737457
2022-04-11,11.4,11.5,10.9,11.05,11160451.0,125079428.0,852926079.0,0.013084898298671906
2022-04-12,10.88,11.14,10.66,11.14,7349185.0,79848255.0,852926079.0,0.008616438377187901
2022-04-13,11.1,11.1,10.93,10.99,4990854.0,54954886.0,852926079.0,0.005851449642449026
2022-04-14,10.95,11.0,10.75,10.9,7954004.0,86371087.0,852926079.0,0.00932554906672047
2022-04-15,10.94,11.05,10.64,10.88,7809150.0,84505547.0,852926079.0,0.00915571723302882
2022-04-18,10.93,11.04,10.67,10.9,7315476.0,79624854.0,852926079.0,0.008576916781084847
2022-04-19,10.89,11.27,10.83,11.17,13540450.0,150898428.0,852926079.0,0.01587529134514833
2022-04-20,11.08,11.27,10.96,10.97,8707435.0,96801127.0,852926079.0,0.01020889759896766
2022-04-21,11.0,11.03,10.49,10.67,14187693.0,151618806.0,852926079.0,0.016634141397850258
2022-04-22,10.5,10.63,9.96,10.49,17578447.0,180054863.0,852926079.0,0.020609578523627253
2022-04-25,10.4,10.47,9.9,10.09,12116255.0,123427113.0,852926079.0,0.014205515927248369
2022-04-26,10.16,10.16,9.4,9.72,11289429.0,109794496.0,852926079.0,0.013236116561515058
2022-04-27,9.69,9.85,9.07,9.85,15111619.0,142819434.0,852926079.0,0.017717384157976954
2022-04-28,9.95,10.06,9.84,9.94,7079200.0,70373601.0,852926079.0,0.008299898636350642
2022-04-29,10.02,10.36,10.02,10.18,9839947.0,100714303.0,852926079.0,0.01153669379125644
2022-05-05,10.2,10.53,10.05,10.38,7827831.0,81326257.0,852926079.0,0.009177619482778178
2022-05-06,10.22,10.47,10.12,10.43,5802176.0,60141774.0,852926079.0,0.006802671582984861
2022-05-09,10.45,10.46,10.34,10.42,5211183.0,54204160.0,852926079.0,0.006109770973481982
2022-05-10,10.3,10.48,10.21,10.37,6137383.0,63526111.0,852926079.0,0.007195679849765738
2022-05-11,10.41,10.52,10.26,10.28,6125487.0,63605779.0,852926079.0,0.007181732568409366
2022-05-12,10.2,10.41,10.15,10.37,3725519.0,38419658.0,852926079.0,0.004367927176488644
2022-05-13,10.35,10.56,10.34,10.4,4521297.0,47212831.0,852926079.0,0.0053009247944451705
2022-05-16,10.52,10.96,10.45,10.87,16306101.0,174488569.0,852926079.0,0.019117836119066537
2022-05-17,11.03,11.06,10.69,10.9,8531263.0,92505638.0,852926079.0,0.010002347460171868
2022-05-18,10.89,11.0,10.78,10.94,6086815.0,66467834.0,852926079.0,0.0071363921796557
2022-05-19,10.76,10.82,10.62,10.73,10258589.0,109818990.0,852926079.0,0.01202752413436288
2022-05-20,10.8,10.95,10.75,10.8,9277385.0,100538570.0,852926079.0,0.01087712666832409
2022-05-23,10.83,11.06,10.76,11.03,8753288.0,96049511.0,852926079.0,0.010262657240194433
2022-05-24,11.05,11.05,10.7,10.76,6726885.0,73211131.0,852926079.0,0.007886832359360886
2022-05-25,10.71,10.96,10.64,10.75,6614716.0,71178438.0,852926079.0,0.007755321548797431
2022-05-26,10.78,10.91,10.62,10.87,6635100.0,71517467.0,852926079.0,0.007779220454578221
2022-05-27,10.75,10.91,10.7,10.87,7712004.0,83535842.0,852926079.0,0.00904181990664633
2022-05-30,10.96,11.03,10.87,10.97,10255271.0,112345044.0,852926079.0,0.012023633996540046
2022-05-31,11.03,11.27,10.93,11.21,12246502.0,136409329.0,852926079.0,0.014358222009530089
2022-06-01,11.2,11.42,11.05,11.3,9146148.0,103366211.0,852926079.0,0.010723259875842066
2022-06-02,11.44,11.5,11.16,11.4,10226654.0,115983176.0,852648167.0,0.011993990482594915
2022-06-06,11.63,12.29,11.51,12.15,31477382.0,377986653.0,852648167.0,0.03691719893183093
2022-06-07,12.27,12.44,11.86,11.94,19116572.0,230729982.0,852648167.0,0.022420234675763984
2022-06-08,11.9,11.97,11.49,11.73,13297650.0,155722706.0,852648167.0,0.01559570584287669
2022-06-09,11.91,12.15,11.67,12.06,19588750.0,235088794.0,852648167.0,0.022974012914285663
2022-06-10,12.0,12.46,11.82,12.11,20871391.0,254616790.0,852648167.0,0.02447831568492658
2022-06-13,12.02,12.25,11.95,12.09,11212819.0,135629958.0,852648167.0,0.013150581252583634
2022-06-14,12.34,12.34,11.95,12.2,15240246.0,185292518.0,852648167.0,0.01787401485142699
2022-06-15,12.35,12.69,12.2,12.2,15526650.0,192709595.0,852648167.0,0.018209914242388794
2022-06-16,11.98,12.19,11.92,11.94,13074726.0,157465699.0,852648167.0,0.015334256855324947
2022-06-17,11.88,12.06,11.81,12.01,10614036.0,126901650.0,852648167.0,0.012448318557166382
2022-06-20,12.2,12.2,11.85,11.86,8077160.0,96369706.0,876661092.0000001,0.009213549082659641
2022-06-21,12.0,12.0,11.6,11.7,7172432.0,84097039.0,876661092.0000001,0.008181533394663303
2022-06-22,11.72,11.78,11.35,11.42,11061407.0,127406932.0,876661092.0000001,0.012617654759565854
2022-06-23,11.38,11.51,11.26,11.33,11710802.0,132710729.0,876661092.0000001,0.01335841422285911
2022-06-24,11.37,11.45,11.19,11.38,13269628.0,149975470.0,876661092.0000001,0.015136554047045581
2022-06-27,11.49,11.56,11.29,11.4,10547617.0,120048785.0,876661092.0000001,0.012031578789400635
2022-06-28,11.37,11.58,11.32,11.55,10638402.0,122152099.0,876661092.0000001,0.012135136482137841
2022-06-29,11.51,11.65,11.3,11.33,9899230.0,113247229.0,876661092.0000001,0.011291969143304924
2022-06-30,11.42,11.87,11.3,11.7,11668100.0,135153805.0,876649092.0,0.01330988659713344
2022-07-01,11.66,11.74,11.38,11.47,9404936.0,108468846.0,876649092.0,0.010728278949725986
2022-07-04,11.51,11.69,11.43,11.55,7861356.0,90755264.0,876649092.0,0.008967506008664182
2022-07-05,11.56,11.76,11.52,11.76,10657438.0,124515291.0,876649092.0,0.012157017097554925
2022-07-06,11.8,11.81,11.29,11.37,10648836.0,122069573.0,876649092.0,0.012147204733544628
2022-07-07,11.55,11.65,11.34,11.55,5487184.0,63289614.0,876649092.0,0.006259270727676748
2022-07-08,11.64,11.74,11.32,11.4,7661200.0,88136927.0,876649092.0,0.008739186602613854
2022-07-11,11.32,11.37,11.2,11.3,5495802.0,61865617.0,876649092.0,0.0062691013430035015
2022-07-12,11.33,11.33,11.08,11.1,5647315.0,63068345.0,876649092.0,0.006441933324902138
2022-07-13,11.15,11.17,11.0,11.13,4233612.0,46885941.0,876649092.0,0.004829312023059735
2022-07-14,11.12,11.2,11.02,11.13,4000870.0,44444782.0,876649092.0,0.004563821529629783
2022-07-15,11.15,11.22,10.98,10.98,4033164.0,44636833.0,876649092.0,0.004600659530484063
2022-07-18,10.96,11.09,10.83,11.03,6988405.0,76539724.0,876649092.0,0.00797172444912542
2022-07-19,11.08,11.24,11.05,11.12,5496567.0,61235840.0,876649092.0,0.0062699739840716105
2022-07-20,11.12,11.2,11.05,11.19,4313570.0,48021700.0,876649092.0,0.004920520695639983
2022-07-21,11.13,11.2,11.0,11.02,6134099.0,68134332.0,876649092.0,0.006997211376795677
2022-07-22,11.07,11.09,10.86,10.97,4698591.0,51570356.0,876649092.0,0.005359716952743961
2022-07-25,11.03,11.12,10.84,10.89,4372852.0,47967257.0,876649092.0,0.004988144104528428
2022-07-26,10.94,11.01,10.82,10.99,3124906.0,34128352.0,876649092.0,0.0035646030190606757
2022-07-27,10.94,11.08,10.93,11.03,3565571.0,39286146.0,876649092.0,0.004067272791973644
2022-07-28,11.06,11.08,10.96,10.97,6339863.0,69883805.0,876649092.0,0.007231927869264251
2022-07-29,10.98,11.07,10.9,10.95,4045035.0,44409641.0,876649092.0,0.004614200866588019
2022-08-01,10.92,10.92,10.7,10.83,6653500.0,71730017.0,876649092.0,0.007589695877994476
2022-08-02,10.79,10.79,10.3,10.46,10211499.0,107064070.0,876649092.0,0.011648331234454756
2022-08-03,10.44,10.65,10.33,10.39,5918261.0,62019232.0,876649092.0,0.006751003399202745
2022-08-04,10.47,10.55,10.33,10.46,5487931.0,57228211.0,876649092.0,0.006260122836013842
2022-08-05,10.57,10.57,10.4,10.53,3574166.0,37425751.0,876649092.0,0.004077077171032991
2022-08-08,10.53,10.64,10.42,10.62,4666460.0,49347702.0,876649092.0,0.005323064887176088
2022-08-09,10.62,10.76,10.5,10.69,5387069.0,57257520.0,876649092.0,0.006145068818482276
2022-08-10,10.67,10.83,10.61,10.82,5104487.0,54966243.0,876649092.0,0.005822725474288177
2022-08-11,10.86,11.04,10.83,11.01,5845810.0,64082610.0,876649092.0,0.006668358016162754
2022-08-12,11.09,11.23,10.98,11.15,6857765.0,76430667.0,876649092.0,0.007822702450252466
2022-08-15,11.22,11.34,11.1,11.3,7097054.0,80003098.0,876649092.0,0.008095661154235245
2022-08-16,11.26,11.39,11.17,11.33,5499057.0,61973596.0,876649092.0,0.006272814345195261
2022-08-17,11.35,11.39,11.23,11.35,6826233.0,77232388.0,876649092.0,0.00778673366834446
2022-08-18,11.35,11.36,11.14,11.2,5034250.0,56456488.0,876649092.0,0.0057426056171629505
2022-08-19,11.26,11.32,11.12,11.14,5266184.0,59002409.0,876649092.0,0.006007174419111815
2022-08-22,11.14,11.37,11.06,11.34,7885293.0,89017600.0,876649092.0,0.008994811118791418
2022-08-23,11.34,11.45,11.23,11.44,6190780.0,70327059.0,876649092.0,0.00706186780605255
2022-08-24,11.48,11.48,11.08,11.14,7633018.0,85708787.0,876649092.0,0.008707039190089071
2022-08-25,11.23,11.24,11.03,11.15,4658354.0,51853979.0,876649092.0,0.005313818313975965
2022-08-26,11.22,11.33,11.12,11.21,7064832.0,79542941.0,876649092.0,0.008058905284305022
2022-08-29,11.01,11.31,11.01,11.31,6015574.0,67533709.0,876649092.0,0.006862009046602651
2022-08-30,11.6,11.74,10.95,11.09,14069460.0,157385806.0,876649092.0,0.016049135427610755
2022-08-31,11.17,11.17,10.65,10.75,10663894.0,115033802.0,876649092.0,0.0121643815037454
2022-09-01,10.73,10.83,10.45,10.5,7775372.0,82515273.0,876649092.0,0.008869423434023246
2022-09-02,10.57,10.68,10.49,10.6,6717450.0,71168746.0,876649092.0,0.0076626441084593055
2022-09-05,10.65,10.83,10.5,10.76,8535931.0,90955046.0,876649092.0,0.009736998621108479
2022-09-06,10.85,11.66,10.72,11.4,32394924.0,364368188.0,876649092.0,0.036953125595663085
2022-09-07,11.4,11.69,11.14,11.4,29933008.0,340172008.0,876649092.0,0.03414480009522442
2022-09-08,11.3,11.45,11.03,11.03,14060592.0,157117570.0,876649092.0,0.016039019635464356
2022-09-09,11.02,11.13,10.88,11.07,10042620.0,110533038.0,876649092.0,0.011455689729956395
2022-09-13,11.03,11.12,10.88,10.93,7529800.0,82694641.0,876649092.0,0.008589297666209184
2022-09-14,10.62,10.91,10.47,10.52,11752082.0,124624953.0,876649092.0,0.013405685475802672
2022-09-15,10.58,10.6,9.87,9.97,20020757.0,203307225.0,876649092.0,0.022837823232468482
2022-09-16,10.02,10.1,9.75,9.85,10174999.0,100963038.0,876649092.0,0.01160669541878679
2022-09-19,9.83,9.9,9.68,9.81,7910587.0,77308456.0,876649092.0,0.009023664168695676
2022-09-20,9.86,9.91,9.76,9.76,5364407.0,52688392.0,876649092.0,0.006119218110135224
2022-09-21,9.73,9.86,9.66,9.83,5260850.0,51493088.0,876649092.0,0.006001089886487899
2022-09-22,9.73,10.06,9.73,9.8,7110088.0,70255575.0,876649092.0,0.008110529132904184
2022-09-23,9.86,9.96,9.63,9.8,7953075.0,77866160.0,876649092.0,0.009072130539547744
2022-09-26,9.8,9.8,9.43,9.53,8488281.0,80864486.0,876649092.0,0.00968264391928441
2022-09-27,9.46,9.64,9.33,9.59,7097933.0,67229448.0,876649092.0,0.008096663835933113
2022-09-28,9.58,9.58,9.29,9.36,5724962.0,53885830.0,876649092.0,0.006530505822961601
2022-09-29,9.45,9.54,9.36,9.43,6401877.0,60542733.0,876649092.0,0.0073026676904377604
2022-09-30,9.53,9.6,9.32,9.36,6535846.0,61704433.0,876649092.0,0.007455487103841089
2022-10-10,9.38,9.86,9.32,9.56,10597726.0,101761406.0,876649092.0,0.012088903184536693
2022-10-11,9.56,9.7,9.45,9.6,5470453.0,52307246.0,876649092.0,0.00624018555419892
2022-10-12,9.59,9.84,9.4,9.83,10408118.0,100429104.0,876649092.0,0.011872615958860766
2022-10-13,9.83,10.33,9.72,10.08,16676639.0,167848354.0,876649092.0,0.019023163489456964
2022-10-14,10.1,10.17,9.93,10.02,11819369.0,118387723.0,876649092.0,0.013482440246456104
2022-10-17,10.05,10.1,9.86,10.08,9722800.0,97294324.0,876649092.0,0.011090868728122746
2022-10-18,10.07,10.14,9.96,10.01,7956075.0,79746244.0,876649092.0,0.009075552661383468
2022-10-19,10.05,10.05,9.79,9.8,7467207.0,73766528.0,876649092.0,0.00851789737552138
2022-10-20,9.71,9.81,9.55,9.6,7466477.0,72027620.0,876649092.0,0.00851706465920802
2022-10-21,9.63,9.67,9.37,9.47,7468032.0,70865710.0,876649092.0,0.008518838459026203
2022-10-24,9.46,9.57,9.25,9.38,6828323.0,64322062.0,876649092.0,0.00778911774655668
2022-10-25,9.28,9.37,8.97,9.19,10181307.0,92937284.0,876649092.0,0.011613891000300037
2022-10-26,9.19,9.38,9.13,9.2,9477410.0,87795945.0,876649092.0,0.010810950569033384
2022-10-27,9.28,9.5,9.18,9.34,11718676.0,109723728.0,876649092.0,0.013367579008454616
2022-10-28,9.0,9.0,8.41,8.41,18155754.0,154086012.0,876649092.0,0.020710400735805472
2022-10-31,8.09,8.25,7.89,8.07,24824445.0,198738407.0,876649092.0,0.028317425098068772
2022-11-01,8.15,8.88,8.1,8.88,25578208.0,221095948.0,876649092.0,0.029177248038488816
2022-11-02,9.51,9.77,9.36,9.77,65276540.0,628657824.0,876649092.0,0.07446142429815007
2022-11-03,9.97,10.52,9.78,9.8,85888951.0,870098927.0,876649092.0,0.09797415155481619
2022-11-04,9.68,10.06,9.48,9.78,57444618.0,556000063.0,876649092.0,0.06552749386752345
2022-11-07,9.8,10.76,9.66,10.53,80229987.0,835875526.0,876649092.0,0.09151893013082593
2022-11-08,10.41,10.48,9.97,10.05,50576620.0,514474078.0,876649092.0,0.05769311855968933
2022-11-09,10.16,10.55,10.0,10.42,55283769.0,574414025.0,876649092.0,0.06306259768532334
2022-11-10,10.45,11.09,10.33,10.53,76150118.0,813533385.0,876649092.0,0.08686499386689606
2022-11-11,10.49,10.68,10.11,10.14,63060691.0,655169643.0,876649092.0,0.07193378921562836
2022-11-14,10.1,10.37,9.72,10.34,57729617.0,577810148.0,876649092.0,0.06585259430120986
2022-11-15,10.04,10.29,9.93,10.16,36241527.0,365703443.0,876649092.0,0.04134097363554903
2022-11-16,10.09,10.15,9.85,9.92,23232871.0,231785451.0,876649092.0,0.02650190505187907
2022-11-17,9.92,10.1,9.88,9.97,18764873.0,187262505.0,876649092.0,0.021405227212623407
2022-11-18,10.0,10.0,9.58,9.65,24778203.0,242104313.0,876649092.0,0.028264676512092936
2022-11-21,9.52,9.94,9.5,9.85,26437038.0,257813810.0,876649092.0,0.03015692167054683
2022-11-22,9.7,9.71,9.16,9.23,32023405.0,301177181.0,876649092.0,0.03652933116823442
2022-11-23,9.23,9.38,9.22,9.3,11860873.0,110171452.0,876649092.0,0.013529784161346054
2022-11-24,9.27,9.37,9.2,9.26,10149894.0,94328572.0,875637415.0,0.011591434794960194
2022-11-25,9.53,9.61,9.26,9.27,15579942.0,146303852.0,875637415.0,0.017792686485421594
2022-11-28,9.18,9.24,9.04,9.16,8889886.0,81193264.0,875637415.0,0.010152473898114552
2022-11-29,9.16,9.33,9.16,9.26,11096478.0,102532545.0,875637415.0,0.012672457583370851
2022-11-30,9.27,9.53,9.25,9.48,21318855.0,200784261.0,875637415.0,0.024346669791399902
2022-12-01,9.38,9.51,9.34,9.35,15519296.0,145936508.0,875637415.0,0.017723427224726345
2022-12-02,9.35,9.37,9.28,9.33,7884271.0,73566112.0,875637415.0,0.009004036219717725
2022-12-05,9.31,9.39,9.27,9.37,13581788.0,126772026.0,875637415.0,0.015510744250232843
2022-12-06,9.41,9.8,9.41,9.57,24010133.0,231070552.0,875637415.0,0.027420177106068498
2022-12-07,9.51,9.87,9.43,9.71,25183039.0,244685039.0,875637415.0,0.028759665323346194
2022-12-08,9.66,9.7,9.36,9.37,20249923.0,191837729.0,875637415.0,0.0231259225029803
2022-12-09,9.3,9.36,9.15,9.22,13835641.0,127573475.0,875637415.0,0.015800650775069952
2022-12-12,9.22,9.37,9.12,9.24,12202248.0,112541271.0,875637415.0,0.013935274796360775
2022-12-13,9.23,9.25,9.05,9.06,10746350.0,98194468.0,875637415.0,0.012272602581743267
2022-12-14,9.05,9.29,9.04,9.1,13658464.0,124796973.0,875637415.0,0.015598310174994065
2022-12-15,9.09,9.13,8.94,9.01,13786177.0,124275525.0,875637415.0,0.015744161640237814
2022-12-16,8.95,8.99,8.85,8.87,10629087.0,94525254.0,875637415.0,0.012138685279911207
2022-12-19,8.87,8.92,8.6,8.67,9334755.0,81290227.0,875637415.0,0.010660525509865291
2022-12-20,8.75,8.91,8.65,8.76,11096915.0,97745239.0,875637415.0,0.01267295664838625
2022-12-21,8.72,8.86,8.59,8.72,7830981.0,68302915.0,875637415.0,0.008943177696444139
2022-12-22,8.68,8.95,8.66,8.75,11508238.0,101668670.0,875637415.0,0.013142697882547653
2022-12-23,8.61,8.67,8.35,8.55,10738647.0,91689134.0,875637415.0,0.012263805561574822
2022-12-26,8.67,8.79,8.57,8.67,8082020.0,69915647.0,875637415.0,0.009229870562349142
2022-12-27,8.75,8.77,8.65,8.77,9191819.0,80096330.0,875637415.0,0.010497288994897505
2022-12-28,8.7,8.81,8.61,8.72,8713625.0,75848688.0,875637415.0,0.009951179393128147
2022-12-29,8.7,8.74,8.56,8.65,5991529.0,51859658.0,875637415.0,0.006842477145634532
2022-12-30,8.74,8.76,8.63,8.75,6439484.0,56002020.0,875637415.0,0.007354053047173641
2023-01-03,8.74,8.8,8.66,8.8,6567669.0,57402574.0,875637415.0,0.0075004435483150295
2023-01-04,8.78,8.88,8.76,8.85,7770675.0,68480075.0,875637415.0,0.008874306724319221
2023-01-05,8.82,8.84,8.74,8.83,7114534.0,62552344.0,875637415.0,0.008124977163064692
2023-01-06,8.79,9.07,8.72,8.95,16583790.0,147684259.0,875637415.0,0.0189391062052779
2023-01-09,8.9,8.96,8.83,8.95,8217146.0,73202736.0,875637415.0,0.00938418786045135
2023-01-10,8.95,8.96,8.84,8.89,6419665.0,57006104.0,875637415.0,0.007331419249598877
2023-01-11,8.93,8.93,8.75,8.75,6642112.0,58599249.0,875637415.0,0.007585459330789331
2023-01-12,8.78,8.78,8.65,8.67,6364774.0,55416264.0,875637415.0,0.0072687323439691075
2023-01-13,8.7,8.76,8.62,8.68,6200879.0,53829349.0,875637415.0,0.0070815601226907375
2023-01-16,8.69,8.8,8.69,8.75,6277502.0,54953810.0,875637415.0,0.007169065520115994
2023-01-17,8.8,8.82,8.7,8.73,5195400.0,45513503.0,875637415.0,0.005933277759722042
2023-01-18,8.73,8.76,8.69,8.71,4844500.0,42226846.0,875637415.0,0.00553254111463476
2023-01-19,8.73,8.74,8.67,8.74,4602057.0,40095488.0,875637415.0,0.005255665097407927
2023-01-20,8.74,8.89,8.72,8.86,9872544.0,87255273.0,875637415.0,0.011274694103837489
2023-01-30,8.95,9.03,8.88,8.89,9471515.0,84707230.0,875637415.0,0.010816708877155506
2023-01-31,8.87,8.98,8.82,8.98,7555308.0,67447241.0,875637415.0,0.008628352181593336
2023-02-01,9.0,9.05,8.94,9.04,11604737.0,104411273.0,875637415.0,0.013252902172984466
2023-02-02,9.03,9.07,9.0,9.02,8030211.0,72565543.0,875637415.0,0.009170703378406917
2023-02-03,9.01,9.15,8.94,9.1,17474895.0,158148809.0,875637415.0,0.019956770577237156
2023-02-06,9.04,9.06,8.96,9.02,7569999.0,68188197.0,875637415.0,0.008645129673907322
2023-02-07,9.08,9.08,8.96,9.02,7679401.0,69100140.0,875637415.0,0.008770069515588253
2023-02-08,9.01,9.04,8.93,8.98,7529189.0,67621733.0,875637415.0,0.008598523625215352
2023-02-09,8.94,9.07,8.91,9.06,10927222.0,98599264.0,875637415.0,0.012479162964958504
2023-02-10,9.06,9.09,9.02,9.06,6735876.0,60988202.0,875637415.0,0.0076925401822853815
2023-02-13,9.06,9.27,9.04,9.25,15370965.0,141489770.0,875637415.0,0.01755402948376755
2023-02-14,9.25,9.25,9.06,9.08,15824619.0,144343479.0,875637415.0,0.018072113786960553
2023-02-15,9.06,9.08,8.95,8.97,9064300.0,81547407.0,875637415.0,0.010351659082543886
2023-02-16,8.98,9.07,8.82,8.85,12290687.0,110100044.0,875637415.0,0.014036274363630294
2023-02-17,8.99,9.0,8.84,8.88,6458874.0,57465189.0,875637415.0,0.007376196915934662
2023-02-20,8.85,8.88,8.7,8.83,8517525.0,74722000.0,875637415.0,0.009727228250062841
2023-02-21,8.85,8.91,8.82,8.89,8010950.0,71057948.0,875856717.0000001,0.009146416125504235
2023-02-22,8.86,8.86,8.79,8.81,6128107.0,53989656.0,875856717.0000001,0.006996700351845334
2023-02-23,8.84,8.86,8.76,8.8,4467188.0,39331630.0,875856717.0000001,0.005100363921739496
2023-02-24,8.81,8.84,8.74,8.8,4322595.0,37991266.0,875856717.0000001,0.004935276416907356
2023-02-27,8.8,8.87,8.74,8.82,5677692.0,50072040.0,934792460.0,0.006073746037703385
2023-02-28,8.78,8.83,8.75,8.82,3920025.0,34460956.0,934792460.0,0.004193470922946896
2023-03-01,8.81,8.9,8.78,8.9,6904023.0,61102879.0,934792460.0,0.007385621189113999
2023-03-02,8.93,8.93,8.86,8.88,5242107.0,46576627.0,934792460.0,0.005607776297211469
2023-03-03,8.88,8.92,8.86,8.88,4532590.0,40264027.0,934792460.0,0.004848766110073246
2023-03-06,8.89,8.92,8.81,8.88,4386200.0,38879499.0,934792460.0,0.0046921645046217
2023-03-07,8.91,8.91,8.64,8.64,9331156.0,81630747.0,934792460.0,0.00998206168671921
2023-03-08,8.62,8.72,8.6,8.65,5090247.0,44032221.0,934792460.0,0.00544532312552029
2023-03-09,8.67,8.68,8.57,8.61,4657966.0,40130811.0,934792460.0,0.004982887859407852
2023-03-10,8.61,8.63,8.45,8.47,6653400.0,56547794.0,934792460.0,0.007117515688990474
2023-03-13,8.48,8.52,8.33,8.39,7004909.0,58749417.0,934792460.0,0.007493544609891269
2023-03-14,8.39,8.75,8.38,8.56,13181130.0,113153342.0,934792460.0,0.014100595120332913
2023-03-15,8.52,8.66,8.49,8.54,6721724.0,57519754.0,934792460.0,0.007190605709421319
2023-03-16,8.52,8.7,8.48,8.52,8316316.0,71470067.0,934792460.0,0.008896430337061128
2023-03-17,8.57,8.61,8.5,8.57,6201125.0,53000032.0,934792460.0,0.006633691718052582
2023-03-20,8.57,8.58,8.4,8.54,5414778.0,45975428.0,934792460.0,0.0057924921645174585
2023-03-21,8.56,8.62,8.52,8.59,5046988.0,43262476.0,934792460.0,0.00539904654344345
2023-03-22,8.63,8.63,8.51,8.56,6053100.0,51762564.0,934792460.0,0.006475341061266155
2023-03-23,8.57,8.61,8.5,8.56,4244100.0,36330385.0,934792460.0,0.004540152153131402
2023-03-24,8.56,8.56,8.46,8.53,5063595.0,43046131.0,934792460.0,0.005416811984127471
2023-03-27,8.55,8.55,8.39,8.48,5875502.0,49589110.0,934792460.0,0.006285354505319822
2023-03-28,8.49,8.55,8.42,8.55,4324043.0,36676646.0,934792460.0,0.00462567167047967
2023-03-29,8.56,8.56,8.44,8.54,5562896.0,47274716.0,934792460.0,0.005950942308627522
2023-03-30,8.54,8.54,8.45,8.52,3169922.0,26887332.0,934792460.0,0.0033910436119692277
2023-03-31,8.51,8.55,8.33,8.49,9828095.0,82913499.0,934792460.0,0.010513665247150153
2023-04-03,8.44,8.48,8.4,8.45,5608697.0,47269061.0,934792460.0,0.0059999382108837295
2023-04-04,8.45,8.45,8.22,8.32,9886650.0,82219729.0,934792460.0,0.010576304819574604
2023-04-06,8.32,8.32,8.19,8.25,5340725.0,43955484.0,934792460.0,0.005713273510999436
2023-04-07,8.24,8.37,8.22,8.35,6262044.0,51986397.0,934792460.0,0.006698860194058476
2023-04-10,8.34,8.34,8.24,8.31,3651020.0,30227445.0,934792460.0,0.0039057011649409326
2023-04-11,8.32,8.33,8.24,8.31,3153628.0,26131130.0,934792460.0,0.0033736130049658295
2023-04-12,8.32,8.32,8.23,8.26,5145614.0,42517637.0,934792460.0,0.005504552315280763
2023-04-13,8.26,8.26,8.16,8.25,6594189.0,54077358.0,934792460.0,0.007054174356519735
2023-04-14,8.26,8.33,8.21,8.27,4887794.0,40375247.0,934792460.0,0.005228747780015256
2023-04-17,8.3,8.3,8.2,8.27,5232389.0,43066462.0,934792460.0,0.005597380406769648
2023-04-18,8.26,8.26,8.2,8.26,3374689.0,27759582.0,942906050.0,0.0035790299574384957
2023-04-19,8.25,8.43,8.2,8.31,7910793.0,65530769.0,942906050.0,0.008389799810914353
2023-04-20,8.3,8.3,8.18,8.3,5233300.0,43124013.0,942906050.0,0.005550181802312118
2023-04-21,8.26,8.3,8.18,8.25,4939465.0,40644231.0,942906050.0,0.005238554784965056
2023-04-24,8.24,8.27,8.11,8.27,4425544.0,36242578.0,942906050.0,0.004693515329549535
2023-04-25,8.25,8.27,8.14,8.25,5959473.0,48928527.0,942906050.0,0.006320325338881854
2023-04-26,8.23,8.28,8.17,8.25,4264102.0,35151958.0,942906050.0,0.0045222978471715185
2023-04-27,8.12,8.24,7.9,8.19,8071312.0,65763333.0,942906050.0,0.008560038404674569
2023-04-28,8.22,8.29,8.15,8.29,6425600.0,52800944.0,942906050.0,0.006814676817483566
2023-05-04,8.28,8.28,8.23,8.25,5248858.0,43306619.0,942906050.0,0.0055666818555252665
2023-05-05,8.24,8.28,8.19,8.25,6442106.0,53066673.0,942906050.0,0.006832182273090728
2023-05-08,8.27,8.29,8.22,8.27,6651298.0,54886476.0,942906050.0,0.007054041068036418
2023-05-09,8.29,8.34,8.23,8.27,10339027.0,85602111.0,942906050.0,0.01096506592570914
2023-05-10,8.27,8.27,8.19,8.25,6505957.0,53582692.0,942906050.0,0.006899899518090906
2023-05-11,8.25,8.25,8.21,8.21,3493850.0,28714401.0,942906050.0,0.0037054062809332915
2023-05-12,8.24,8.24,8.17,8.22,4347714.0,35667207.0,942906050.0,0.004610972641441849
2023-05-15,8.22,8.22,8.13,8.2,5432748.0,44354027.0,942906050.0,0.005761706587840857
2023-05-16,8.21,8.21,8.13,8.19,7053095.0,57557472.0,942906050.0,0.007480167297685703
2023-05-17,8.17,8.17,8.1,8.17,7962350.0,64828509.0,942906050.0,0.00844447864132381
2023-05-18,8.17,8.17,8.12,8.17,6467141.0,52692245.0,942906050.0,0.006858733168590868
2023-05-19,8.15,8.15,8.09,8.14,5678014.0,46110301.0,942906050.0,0.006021823701311493
2023-05-22,8.13,8.47,8.11,8.29,19652163.0,163125827.0,942906050.0,0.020842122075682937
2023-05-23,8.26,8.41,8.23,8.28,10634793.0,88431842.0,942906050.0,0.01127874086713093
2023-05-24,8.25,8.27,8.13,8.19,7442502.0,60825377.0,942906050.0,0.007893153299843607
2023-05-25,8.19,8.19,8.02,8.18,6169570.0,50004769.0,942906050.0,0.00654314393252647
2023-05-26,8.12,8.17,8.06,8.16,4261300.0,34590789.0,942906050.0,0.004519326183133516
2023-05-29,8.13,8.21,8.07,8.09,5268559.0,42781548.0,942906050.0,0.005587575771732507
2023-05-30,8.1,8.1,7.98,8.07,7700616.0,61931722.0,942906050.0,0.008166896373185855
2023-05-31,8.06,8.07,7.97,8.06,7131506.0,57144337.0,942906050.0,0.007563326165952589
2023-06-01,8.05,8.09,8.03,8.04,3593175.0,28937588.0,942906050.0,0.003810745513829294
2023-06-02,8.05,8.07,8.02,8.06,3504429.0,28213047.0,942906050.0,0.0037166258504757713
2023-06-05,8.06,8.08,8.0,8.03,5602400.0,44967033.0,942906050.0,0.005941631194327367
2023-06-06,8.03,8.03,7.93,7.93,5606400.0,44617628.0,942906050.0,0.005945873398521518
2023-06-07,7.66,7.68,7.6,7.63,5022178.0,38346044.0,942906050.0,0.005326276143842751
2023-06-08,7.63,7.68,7.57,7.62,4112660.0,31272226.0,942906050.0,0.004361685875278879
2023-06-09,7.6,7.63,7.51,7.6,5557892.0,42057446.0,942906050.0,0.005894428188259053
2023-06-12,7.58,7.6,7.54,7.6,5630016.0,42661971.0,942906050.0,0.005970919372083783
2023-06-13,7.57,7.59,7.5,7.53,5405692.0,40707724.0,942906050.0,0.005733012318671621
2023-06-14,7.54,7.54,7.41,7.45,6557480.0,48973546.0,942906050.0,0.0069545422897647115
2023-06-15,7.44,7.44,7.31,7.33,8172893.0,60042808.0,942906050.0,0.008667770240736073
2023-06-16,7.34,7.44,7.32,7.38,4355935.0,32161822.0,942906050.0,0.004619691431611877
2023-06-19,7.43,7.43,7.34,7.36,3601004.0,26535502.0,942906050.0,0.0038190485679882955
2023-06-20,7.35,7.36,7.26,7.28,4861024.0,35484090.0,942906050.0,0.005155364100166713
2023-06-21,7.27,7.32,7.17,7.19,6476950.0,46891393.0,942906050.0,0.006869136113825974
2023-06-26,7.11,7.15,7.03,7.14,6492053.0,46042270.0,942906050.0,0.0068851536163120385
2023-06-27,7.11,7.17,7.09,7.14,4192654.0,29954244.0,942906050.0,0.0044465235958556
2023-06-28,7.21,7.31,7.15,7.22,6846897.0,49328692.0,942906050.0,0.007261483792579335
2023-06-29,7.21,7.22,7.17,7.22,3460250.0,24904827.0,942906050.0,0.003669771765702426
2023-06-30,7.21,7.34,7.18,7.26,6988469.0,50810246.0,942906050.0,0.007411628125622908
2023-07-03,7.26,7.35,7.23,7.3,5592700.0,40867985.0,942906050.0,0.005931343849156552
2023-07-04,7.3,7.39,7.26,7.36,6189820.0,45416063.0,942906050.0,0.006564620091259357
2023-07-05,7.36,7.39,7.3,7.38,4315700.0,31729768.0,942906050.0,0.004577020160173965
2023-07-06,7.37,7.38,7.32,7.35,3806479.0,27951248.0,942906050.0,0.00403696529468657
2023-07-07,7.34,7.41,7.3,7.4,6060412.0,44668655.0,942906050.0,0.006427376301170196
2023-07-10,7.41,7.43,7.38,7.41,3543100.0,26228437.0,942906050.0,0.0037576384200737707
2023-07-11,7.39,7.5,7.35,7.48,7881290.0,58706011.0,942906050.0,0.008358510373329348
2023-07-12,7.48,7.55,7.45,7.49,6447070.0,48390295.0,942906050.0,0.006837446848495669
2023-07-13,7.51,7.58,7.5,7.55,5461300.0,41242629.0,942906050.0,0.005791987441378704
2023-07-14,7.55,7.57,7.51,7.55,4811300.0,36217116.0,942906050.0,0.005102629259829227
2023-07-17,7.51,7.61,7.51,7.6,5171317.0,39202692.0,942906050.0,0.005484445666670609
2023-07-18,7.61,7.72,7.58,7.72,9197640.0,70663521.0,942906050.0,0.009754566746071891
2023-07-19,7.68,7.73,7.64,7.71,5025479.0,38613399.0,942906050.0,0.005329777022853974
2023-07-20,7.68,7.74,7.65,7.69,4607300.0,35433110.0,942906050.0,0.004886276845927545
2023-07-21,7.69,7.92,7.66,7.78,13688022.0,106574976.0,942906050.0,0.014516846084506511
2023-07-24,7.74,7.75,7.59,7.7,8469329.0,64877217.0,942906050.0,0.008982155751360382
2023-07-25,7.72,7.77,7.65,7.7,6790814.0,52225769.0,942906050.0,0.007202004908124198
2023-07-26,7.67,7.79,7.66,7.75,6913002.0,53430337.0,942906050.0,0.0073315915196429165
2023-07-27,7.72,7.78,7.67,7.73,5667000.0,43772636.0,942906050.0,0.006010142792062899
2023-07-28,7.71,7.8,7.64,7.8,7275650.0,56174508.0,942906050.0,0.007716198236293
2023-07-31,7.8,7.83,7.73,7.79,10227735.0,79360299.0,942906050.0,0.010847035078415288
2023-08-01,7.77,7.77,7.68,7.72,6331747.0,48814891.0,942906050.0,0.006715140919925161
2023-08-02,7.7,7.71,7.62,7.7,6112483.0,46854364.0,942906050.0,0.0064826002548186
2023-08-03,7.67,7.69,7.62,7.69,5490790.0,42025539.0,942906050.0,0.005823263091800079
2023-08-04,7.69,7.73,7.65,7.73,7597894.0,58447490.0,942906050.0,0.00805795444837797
2023-08-07,7.7,7.75,7.67,7.75,5571603.0,42949316.0,942906050.0,0.005908969403685553
2023-08-08,7.75,7.75,7.64,7.7,5517001.0,42322906.0,942906050.0,0.005851061195333299
2023-08-09,7.68,7.68,7.62,7.68,4795748.0,36692444.0,942906050.0,0.005086135569922369
2023-08-10,7.66,7.72,7.64,7.72,4128300.0,31702776.0,942906050.0,0.004378272893678007
2023-08-11,7.69,7.72,7.63,7.71,6317360.0,48489878.0,942906050.0,0.0066998827719898495
2023-08-14,7.68,7.68,7.56,7.66,6936350.0,52776246.0,942906050.0,0.007356353265524174
2023-08-15,7.7,7.88,7.67,7.69,18949045.0,147417224.0,942906050.0,0.02009642954353724
2023-08-16,7.65,7.68,7.53,7.62,10397526.0,79076659.0,942906050.0,0.011027107101497546
2023-08-17,7.61,7.61,7.45,7.59,7012123.0,52823302.0,942906050.0,0.007436714400125018
2023-08-18,7.53,7.58,7.51,7.53,4457316.0,33567727.0,942906050.0,0.0047272111574636734
2023-08-21,7.48,7.54,7.42,7.5,6320316.0,47278543.0,942906050.0,0.006703017760889328
2023-08-22,7.47,7.49,7.35,7.44,5731360.0,42540835.0,942906050.0,0.0060783998575467835
2023-08-23,7.43,7.43,7.29,7.32,6061435.0,44532506.0,942906050.0,0.00642846124489285
2023-08-24,7.14,7.34,7.13,7.29,11104050.0,80189329.0,942906050.0,0.011776411870514565
2023-08-25,7.28,7.4,7.22,7.27,6488550.0,47376466.0,942906050.0,0.006881438505989011
2023-08-28,7.51,7.54,7.18,7.23,9357300.0,68428166.0,942906050.0,0.009923894326481414
2023-08-29,7.23,7.37,7.18,7.3,7106150.0,51684660.0,942906050.0,0.007536434833565868
2023-08-30,7.31,7.42,7.29,7.33,4774013.0,35103927.0,942906050.0,0.005063084492882403
2023-08-31,7.33,7.39,7.27,7.39,3606500.0,26400318.0,942906050.0,0.003824877356551058
2023-09-01,7.35,7.39,7.33,7.36,3212603.0,23655322.0,942906050.0,0.003407129480185221
2023-09-04,7.39,7.43,7.33,7.38,4986375.0,36797037.0,942906050.0,0.005288305234651957
2023-09-05,7.37,7.4,7.32,7.38,4805425.0,35400480.0,942906050.0,0.005096398522419068
2023-09-06,7.38,7.4,7.32,7.38,3361928.0,24806544.0,942906050.0,0.0035654962655081064
2023-09-07,7.39,7.39,7.32,7.33,3785050.0,27800094.0,942906050.0,0.0040142387462674565
2023-09-08,7.32,7.36,7.25,7.3,4834050.0,35315597.0,942906050.0,0.005126756796183458
2023-09-11,7.29,7.33,7.26,7.3,4972351.0,36302208.0,942906050.0,0.005273432066747265
2023-09-12,7.31,7.34,7.28,7.32,3968651.0,29052869.0,942906050.0,0.004208956979330019
2023-09-13,7.33,7.33,7.24,7.26,3757598.0,27305621.0,942906050.0,0.003985124498883001
2023-09-14,7.28,7.3,7.22,7.25,4490150.0,32529084.0,942906050.0,0.004762033290591359
2023-09-15,7.26,7.27,7.15,7.21,3779250.0,27311381.0,942906050.0,0.004008087550185938
2023-09-18,7.18,7.27,7.16,7.25,4208400.0,30392558.0,942906050.0,0.004463223032665874
2023-09-19,7.22,7.26,7.17,7.17,3689258.0,26536948.0,942906050.0,0.003912646440225938
2023-09-20,7.17,7.18,7.14,7.14,2254850.0,16131705.0,942906050.0,0.002391383531795135
2023-09-21,7.13,7.15,7.0,7.0,4754800.0,33539563.0,942906050.0,0.005042708125586849
2023-09-22,7.01,7.1,6.8,7.1,17299696.0,119869333.0,942906050.0,0.018347210732182703
2023-09-25,7.04,7.09,6.99,7.02,6599691.0,46479535.0,942906050.0,0.006999309210074535
2023-09-26,7.03,7.17,7.0,7.15,6791200.0,48178339.0,942906050.0,0.007202414280828933
2023-09-27,7.13,7.2,7.08,7.2,5180908.0,37094098.0,942906050.0,0.0054946174117771335
2023-09-28,7.2,7.27,7.16,7.27,4366400.0,31456757.0,942906050.0,0.004630790098334824
2023-10-09,7.23,7.25,7.17,7.18,4058400.0,29251797.0,942906050.0,0.004304140375385225
2023-10-10,7.22,7.23,7.11,7.18,5595800.0,40060917.0,942906050.0,0.005934631557407018
2023-10-11,7.18,7.19,7.11,7.11,3484098.0,24844520.0,942906050.0,0.003695063787107952
2023-10-12,7.14,7.16,7.07,7.1,2973502.0,21122171.0,942906050.0,0.003153550663928819
2023-10-13,7.1,7.1,7.03,7.1,3068140.0,21677166.0,942906050.0,0.0032539190940603256
2023-10-16,7.09,7.09,6.97,7.04,4566752.0,32008102.0,942906050.0,0.00484327362201144
2023-10-17,7.03,7.03,6.89,6.92,6380450.0,44207468.0,942906050.0,0.0067667929376420905
2023-10-18,6.93,6.94,6.57,6.83,24735048.0,167833494.0,942906050.0,0.026232781092029263
2023-10-19,6.76,6.76,6.5,6.66,10235900.0,67977914.0,942906050.0,0.010855694477726599
2023-10-20,6.53,6.58,6.46,6.52,8729769.0,56778579.0,942906050.0,0.00925836566644153
2023-10-23,6.46,6.47,6.22,6.25,7433240.0,46859768.0,942906050.0,0.00788333047603205
2023-10-24,6.28,6.35,6.22,6.35,6451060.0,40599482.0,942906050.0,0.006841678447179335
2023-10-25,6.35,6.44,6.35,6.43,8185040.0,52402779.0,942906050.0,0.00868065275432266
2023-10-26,6.2,6.26,5.91,6.21,16699592.0,101180863.0,942906050.0,0.01771076980575106
2023-10-27,6.14,6.26,6.12,6.21,9555762.0,59387381.0,942906050.0,0.010134373408676295
2023-10-30,6.19,6.25,6.16,6.23,8579248.0,53115592.0,942906050.0,0.009098730462064593
2023-10-31,6.22,6.28,6.2,6.26,5832200.0,36393007.0,942906050.0,0.006185345825281321
2023-11-01,6.26,6.26,6.2,6.23,2918250.0,18170674.0,942906050.0,0.003094953097395016
2023-11-02,6.24,6.25,6.18,6.18,4181782.0,25955796.0,942906050.0,0.004434993284855898
2023-11-03,6.19,6.26,6.14,6.23,6108502.0,38066220.0,942906050.0,0.006478378201094372
2023-11-06,6.23,6.31,6.23,6.3,7046292.0,44239896.0,942906050.0,0.007472952368902501
2023-11-07,6.28,6.33,6.24,6.32,5521841.0,34725184.0,942906050.0,0.005856194262408222
2023-11-08,6.33,6.34,6.26,6.33,3953229.0,24950993.0,942906050.0,0.004192601161059471
2023-11-09,6.3,6.34,6.27,6.31,3540900.0,22299764.0,942906050.0,0.003755305207766988
2023-11-10,6.28,6.31,6.24,6.28,5360770.0,33617081.0,942906050.0,0.0056853702444692135
2023-11-13,6.29,6.3,6.22,6.25,4933600.0,30829461.0,942906050.0,0.005232334653065382
2023-11-14,6.22,6.26,6.16,6.2,7721170.0,47874149.0,942906050.0,0.008188694939437498
2023-11-15,6.23,6.25,6.18,6.23,6781850.0,42212324.0,942906050.0,0.007192498128525106
2023-11-16,6.21,6.23,6.13,6.16,6448100.0,39849595.0,942906050.0,0.006838539216075663
2023-11-17,6.18,6.24,6.14,6.21,4262900.0,26406848.0,942906050.0,0.004521023064811176
2023-11-20,6.2,6.27,6.17,6.27,5520190.0,34385025.0,942906050.0,0.005854443292627087
2023-11-21,6.26,6.29,6.22,6.25,4942100.0,30935414.0,942906050.0,0.005241349336977953
2023-11-22,6.25,6.29,6.2,6.23,5338500.0,33302119.0,942906050.0,0.00566175177261828
2023-11-23,6.21,6.29,6.18,6.26,4761003.0,29735403.0,942906050.0,0.005049286723740928
2023-11-24,6.27,6.28,6.2,6.25,3818376.0,23809706.0,942906050.0,0.004049582670511023
2023-11-27,6.25,6.25,6.17,6.17,4175812.0,25860110.0,942906050.0,0.004428661795096128
2023-11-28,6.17,6.37,6.11,6.26,11804092.0,73599914.0,942906050.0,0.012518842147634964
2023-11-29,6.26,6.27,6.12,6.15,8079300.0,49880400.0,942906050.0,0.00856851008645029
2023-11-30,6.19,6.19,6.07,6.18,6635900.0,40584644.0,942906050.0,0.007037710702991035
2023-12-01,6.15,6.18,6.12,6.12,5268226.0,32373358.0,942906050.0,0.005587222608233344
2023-12-04,6.17,6.17,6.03,6.07,6568900.0,39882303.0,942906050.0,0.006966653782739012
2023-12-05,6.04,6.05,5.93,6.0,6474000.0,38866560.0,942906050.0,0.006866007488232789
2023-12-06,5.94,6.1,5.92,6.07,8330407.0,50216401.0,942906050.0,0.008834821878595434
2023-12-07,6.04,6.06,5.97,6.02,3945350.0,23696244.0,942906050.0,0.004184245079348043
2023-12-08,6.03,6.03,5.89,5.95,8331300.0,49403051.0,942906050.0,0.008835768950681777
2023-12-11,5.91,6.0,5.83,5.97,5949837.0,35251668.0,942906050.0,0.0063101058689781445
2023-12-12,5.98,6.0,5.94,6.0,3312143.0,19778635.0,942906050.0,0.0035126967315566595
2023-12-13,6.0,6.02,5.93,5.94,4396000.0,26269743.0,942906050.0,0.004662182409371538
2023-12-14,5.95,6.01,5.93,5.97,3436620.0,20495840.0,942906050.0,0.003644710944425481
2023-12-15,5.98,6.02,5.95,5.99,6622820.0,39635408.0,942906050.0,0.007023838695276162
2023-12-18,5.98,5.98,5.85,5.98,5493900.0,32542313.0,942906050.0,0.005826561405561031
2023-12-19,5.96,5.96,5.85,5.92,5299700.0,31184069.0,942906050.0,0.005620602391935018
2023-12-20,5.91,5.96,5.8,5.8,6332272.0,37142092.0,942906050.0,0.006715697709225643
2023-12-21,5.8,5.9,5.7,5.85,7227730.0,41908492.0,942906050.0,0.007665376630047076
2023-12-22,5.84,5.87,5.74,5.85,4895800.0,28418462.0,942906050.0,0.005192245823430659
2023-12-25,5.81,5.83,5.72,5.76,4643800.0,26788923.0,942906050.0,0.004924986959199169
2023-12-26,5.76,5.8,5.66,5.72,5953500.0,34083955.0,942906050.0,0.006313990667468938
2023-12-27,5.69,5.71,5.59,5.7,5032450.0,28449858.0,942906050.0,0.005337170124213329
2023-12-28,5.68,5.83,5.65,5.83,7419843.0,42788359.0,942906050.0,0.007869122273634791
2023-12-29,5.8,5.88,5.8,5.88,5714300.0,33387146.0,942906050.0,0.006060306856658731
2024-01-02,5.87,5.92,5.85,5.86,5489632.0,32320967.0,942746759.0,0.005823018692552195
2024-01-03,5.84,5.92,5.81,5.9,4053700.0,23817776.0,942810883.9999999,0.004299589736174493
2024-01-04,5.91,6.04,5.88,5.89,12984222.0,77402985.0,942810883.9999999,0.013771820224340984
2024-01-05,5.86,5.86,5.68,5.72,8740198.0,50446187.0,942810883.9999999,0.009270361796120292
2024-01-08,5.67,5.7,5.52,5.59,7772100.0,43497997.0,942810883.9999999,0.00824354081173293
2024-01-09,5.53,5.59,5.45,5.54,7973467.0,43964858.0,942810883.9999999,0.008457122351167088
2024-01-10,5.49,5.61,5.43,5.58,6776592.0,37560024.0,942810883.9999999,0.007187647188850231
2024-01-11,5.54,5.63,5.52,5.63,6723450.0,37580278.0,942810883.9999999,0.007131281696149788
2024-01-12,5.63,5.72,5.59,5.67,6671817.0,37774158.0,942810883.9999999,0.007076516736520832
2024-01-15,5.65,5.66,5.57,5.63,5006377.0,28094005.0,942810883.9999999,0.005310054312016195
2024-01-16,5.61,5.64,5.49,5.57,5566553.0,30942340.0,942810883.9999999,0.005904209523317298
2024-01-17,5.57,5.57,5.43,5.46,4302000.0,23612093.0,942810883.9999999,0.004562951142172008
2024-01-18,5.42,5.42,5.12,5.3,12158600.0,63901408.0,942810883.9999999,0.01289611756327582
2024-01-19,5.28,5.34,5.24,5.29,6263080.0,33082331.0,942810883.9999999,0.006642986527083836
2024-01-22,5.28,5.28,4.9,4.99,10393550.0,52712237.0,942810883.9999999,0.011024002985523447
2024-01-23,5.0,5.0,4.84,4.92,9010800.0,44317309.0,942810883.9999999,0.009557377999043127
2024-01-24,4.94,5.1,4.86,5.1,10346675.0,51641476.0,942810883.9999999,0.010974284637129838
2024-01-25,5.09,5.37,5.07,5.35,10983906.0,57597535.0,942810883.9999999,0.011650168858254293
2024-01-26,5.4,5.48,5.36,5.4,8239600.0,44570968.0,942810883.9999999,0.008739398473045206
2024-01-29,5.41,5.42,5.23,5.28,7190650.0,38139867.0,942810883.9999999,0.007626821160032346
2024-01-30,5.28,5.29,5.06,5.11,9228600.0,47667417.0,942810883.9999999,0.009788389333019199
2024-01-31,5.05,5.1,4.85,4.88,9900538.0,49018549.0,942810883.9999999,0.010501085814787859
2024-02-01,4.86,4.94,4.71,4.85,10234400.0,49334949.0,942810883.9999999,0.010855199249057462
2024-02-02,4.83,4.86,4.39,4.56,14339026.0,66290806.0,942810883.9999999,0.015208804059584871
2024-02-05,4.53,4.53,4.1,4.1,17449250.0,73405491.0,942810883.9999999,0.018507688335087147
2024-02-06,4.0,4.35,3.85,4.23,19453500.0,79995891.0,942810883.9999999,0.020633512330135554
2024-02-07,4.28,4.45,4.17,4.35,19074811.0,82795709.0,942810883.9999999,0.020231852775259223
2024-02-08,4.35,4.79,4.32,4.65,21669801.0,101126552.0,942810883.9999999,0.02298424993574852
2024-02-19,4.66,4.7,4.48,4.61,17407756.0,79665718.0,942810883.9999999,0.0184636773879246
2024-02-20,4.6,4.6,4.48,4.54,10907501.0,49321744.0,942810883.9999999,0.011569129276195333
2024-02-21,4.51,4.77,4.46,4.63,13809242.0,64228415.0,942810883.9999999,0.014646884369230513
2024-02-22,4.64,4.88,4.61,4.82,15250012.0,72634665.0,942810883.9999999,0.01617504873861851
2024-02-23,4.84,4.87,4.73,4.84,11138535.0,53457205.0,942810883.9999999,0.011814177359454413
2024-02-26,4.84,4.97,4.81,4.89,12073800.0,59099148.0,942810883.9999999,0.012806173756475218
2024-02-27,4.92,5.08,4.88,5.08,12125036.0,60860853.0,942810883.9999999,0.012860517634838847
2024-02-28,5.08,5.27,4.84,4.84,14590453.0,73944041.0,942810883.9999999,0.015475482143458159
2024-02-29,4.82,5.03,4.82,5.03,10193321.0,50641051.0,942810883.9999999,0.010811628475006024
2024-03-01,5.08,5.08,4.95,5.0,10051074.0,50260414.0,942810883.9999999,0.010660753042388511
2024-03-04,5.0,5.02,4.91,4.94,8807302.0,43570701.0,942810883.9999999,0.009341536197199863
2024-03-05,4.91,4.94,4.84,4.85,7173248.0,34965080.0,942810883.9999999,0.007608363587792439
2024-03-06,4.83,5.14,4.83,5.08,18476530.0,92986016.0,942810883.9999999,0.0195972811870933
2024-03-07,5.12,5.34,5.11,5.24,23282385.0,122421997.0,942810883.9999999,0.024694650215769044
2024-03-08,5.24,5.38,5.16,5.17,21561500.0,113645694.0,942810883.9999999,0.02286937960296182
2024-03-11,5.14,5.2,5.0,5.07,14883543.0,75144861.0,942810883.9999999,0.015786350425712737
2024-03-12,5.08,5.18,5.02,5.14,11636925.0,59479137.0,942810883.9999999,0.012342798749446767
2024-03-13,5.14,5.31,5.1,5.25,12343715.0,64440424.0,942810883.9999999,0.013092461287283995
2024-03-14,5.2,5.27,5.12,5.16,7030872.0,36580878.0,942810883.9999999,0.007457351330280146
2024-03-15,5.12,5.24,5.12,5.24,6382700.0,33166747.0,942810883.9999999,0.006769862448893834
2024-03-18,5.23,5.27,5.2,5.25,6350684.0,33209676.0,942810883.9999999,0.0067359044191942115
2024-03-19,5.25,5.27,5.2,5.21,5618700.0,29412309.0,942810883.9999999,0.005959519661209172
2024-03-20,5.21,5.24,5.17,5.23,4387900.0,22840278.0,942810883.9999999,0.00465406167288158
2024-03-21,5.23,5.29,5.2,5.24,6709156.0,35218232.0,942810883.9999999,0.007116120649281772
2024-03-22,5.24,5.29,5.1,5.14,6810150.0,35181353.0,942810883.9999999,0.00722324075333861
2024-03-25,5.14,5.17,5.02,5.03,5260936.0,26776590.0,942810883.9999999,0.0055800543770557496
2024-03-26,5.01,5.09,4.91,5.03,6520550.0,32628298.0,942810883.9999999,0.006916074167849765
2024-03-27,5.03,5.06,4.93,4.93,5894800.0,29485382.0,942810883.9999999,0.006252367362360659
2024-03-28,4.9,5.04,4.9,4.97,5779550.0,28820502.0,942810883.9999999,0.006130126516443568
2024-03-29,4.95,5.1,4.95,5.1,6518792.0,32870131.0,942810883.9999999,0.006914209530911611
2024-04-01,5.1,5.2,5.1,5.19,5962174.0,30798048.0,942810883.9999999,0.006323828141126976
2024-04-02,5.19,5.3,5.18,5.28,9270784.0,48786545.0,942810883.9999999,0.009833132134270102
2024-04-03,5.24,5.33,5.23,5.31,6524200.0,34500574.0,942810883.9999999,0.006919945569911347
2024-04-08,5.33,5.34,5.21,5.21,6958000.0,36704342.0,942810883.9999999,0.007380059053285177
2024-04-09,5.22,5.3,5.19,5.29,7910600.0,41602563.0,942810883.9999999,0.008390441958453251
2024-04-10,5.28,5.32,5.14,5.21,6510419.0,33938271.0,942810883.9999999,0.0069053286406481505
2024-04-11,5.17,5.25,5.12,5.16,6920135.0,35941376.0,942810883.9999999,0.00733989723436413
2024-04-12,5.13,5.37,5.09,5.29,15524784.0,81404942.0,942810883.9999999,0.016466487885814438
2024-04-15,5.26,5.28,4.96,5.02,17707401.0,90377965.0,942810883.9999999,0.01878149828401854
2024-04-16,4.98,5.06,4.75,4.76,13024639.0,63142664.0,942810883.9999999,0.013814688842730842
2024-04-17,4.81,4.99,4.81,4.95,9074195.0,44709583.0,942810883.9999999,0.00962461841923327
2024-04-18,4.92,5.0,4.83,4.92,8590774.0,42345504.0,939327320.9999999,0.0091456660611706
2024-04-19,4.91,5.04,4.86,4.94,9870530.0,48948587.0,931852421.0,0.010592374691056365
2024-04-22,4.97,4.98,4.84,4.88,6422674.0,31527184.0,931852421.0,0.00689237249940031
2024-04-23,4.9,4.93,4.81,4.82,5657122.0,27450749.0,931852421.0,0.006070834686386461
2024-04-24,4.82,4.87,4.79,4.86,5220085.0,25194937.0,931852421.0,0.005601836602407668
2024-04-25,4.89,5.13,4.87,5.12,12720667.0,64354860.0,931852421.0,0.013650945915179416
2024-04-26,5.03,5.09,5.01,5.08,10682274.0,54004057.0,931852421.0,0.011463482585081999
2024-04-29,5.07,5.22,5.06,5.2,10518500.0,54345203.0,931852421.0,0.011287731579548045
2024-04-30,5.17,5.27,5.17,5.23,6625050.0,34690469.0,931852421.0,0.007109548519378692
2024-05-06,5.3,5.44,5.27,5.43,11912553.0,64004655.0,931852421.0,0.012783733487772952
2024-05-07,5.42,5.51,5.33,5.48,9399406.0,50962494.0,931852421.0,0.010086796780452857
2024-05-08,5.47,5.5,5.37,5.39,6766300.0,36690912.0,931852421.0,0.00726112831551038
2024-05-09,5.41,5.51,5.4,5.42,7206845.0,39227876.0,931852421.0,0.00773389094408974
2024-05-10,5.41,5.47,5.34,5.36,8322440.0,44902181.0,931852421.0,0.008931070856766064
2024-05-13,5.33,5.34,5.25,5.27,7581550.0,40143190.0,931852421.0,0.008135998607873982
2024-05-14,5.27,5.37,5.26,5.31,4855087.0,25856677.0,931852421.0,0.005210145824152986
2024-05-15,5.31,5.35,5.26,5.28,6052200.0,32108496.0,931852421.0,0.006494805254146569
2024-05-16,5.33,5.48,5.29,5.32,7364050.0,39624454.0,931852421.0,0.007902592550113684
2024-05-17,5.32,5.41,5.3,5.39,6757551.0,36171508.0,931852421.0,0.007251739489766267
2024-05-20,5.43,5.47,5.4,5.41,6412715.0,34848892.0,931852421.0,0.006881685184783139
2024-05-21,5.41,5.41,5.32,5.34,5506022.0,29468378.0,931852421.0,0.005908684546949307
2024-05-22,5.34,5.4,5.33,5.34,3863900.0,20719160.0,931852421.0,0.004146472030252954
2024-05-23,5.34,5.35,5.2,5.22,6205100.0,32674061.0,931852421.0,0.006658887029923808
2024-05-24,5.21,5.31,5.2,5.23,4534135.0,23863064.0,931852421.0,0.004865722187140189
2024-05-27,5.24,5.26,5.15,5.24,5801087.0,30143371.0,931852421.0,0.006225328033997778
2024-05-28,5.23,5.26,5.14,5.15,5778200.0,29979301.0,931852421.0,0.006200767277933595
2024-05-29,5.0,5.07,4.96,5.03,5360306.0,26929092.0,931852421.0,0.005752312146431607
2024-05-30,5.02,5.12,4.98,5.02,6334900.0,31973863.0,931852421.0,0.006798179472669954
2024-05-31,5.0,5.13,4.97,5.08,6928382.0,34975592.0,931852421.0,0.007435063582884655
2024-06-03,5.13,5.14,4.85,4.91,10366250.0,51305307.0,931852421.0,0.011124347339115836
2024-06-04,4.93,4.94,4.85,4.91,6033900.0,29574090.0,931852421.0,0.006475166951355702
2024-06-05,4.82,4.89,4.77,4.79,6167150.0,29732684.0,931852421.0,0.006618161697087011
2024-06-06,4.78,4.85,4.61,4.66,8423551.0,39556560.0,931852421.0,0.00903957623564515
2024-06-07,4.67,4.84,4.67,4.83,7583845.0,36174251.0,931852421.0,0.00813846144420759
2024-06-11,4.82,4.82,4.71,4.75,4568049.0,21705756.0,931852421.0,0.004902116362049995
2024-06-12,4.75,4.82,4.48,4.52,20132782.0,92352040.0,931852421.0,0.021605118521229875
2024-06-13,4.5,4.53,4.35,4.41,23057540.0,101779609.0,931852421.0,0.024743767876093763
2024-06-14,4.39,4.49,4.35,4.44,22909825.0,101358987.0,931852421.0,0.02458525028610727
2024-06-17,4.42,4.47,4.35,4.4,17097478.0,75054836.0,931852421.0,0.018347838793670957
2024-06-18,4.39,4.44,4.34,4.37,13172814.0,57624318.0,931852421.0,0.014136159013101926
2024-06-19,4.38,4.41,4.32,4.33,7812934.0,34032916.0,931852421.0,0.008384304020604139
2024-06-20,4.33,4.36,4.19,4.21,7479682.0,31873168.0,931852421.0,0.008026680868600759
2024-06-21,4.23,4.33,4.2,4.27,7324900.0,31360918.0,931852421.0,0.00786057945971683
2024-06-24,4.7,4.7,4.35,4.56,53750390.0,246838457.0,931852421.0,0.057681225898752055
2024-06-25,4.43,4.47,4.13,4.18,43310957.0,183495645.0,931852421.0,0.04647834359170485
2024-06-26,4.16,4.22,4.08,4.19,19206635.0,79767804.0,931852421.0,0.020611241187084923
2024-06-27,4.19,4.27,4.1,4.12,15731961.0,65822739.0,931852421.0,0.0168824597602242
2024-06-28,4.1,4.24,4.09,4.17,19341493.0,80551575.0,931852421.0,0.02075596152794671
2024-07-01,4.16,4.59,4.14,4.59,35785309.0,158742423.0,931852421.0,0.038402335169766114
2024-07-02,4.78,5.05,4.75,5.05,36255452.0,178109505.0,931852421.0,0.038906860338564275
2024-07-03,5.14,5.19,4.86,4.92,62191033.0,311088856.0,931852421.0,0.06673914409457761
2024-07-04,4.92,5.35,4.92,5.21,66866800.0,344131233.0,931852421.0,0.07175685601400611
2024-07-05,5.1,5.27,5.02,5.1,33957546.0,172690077.0,931852421.0,0.03644090548539767
2024-07-08,5.13,5.17,4.98,5.0,26573500.0,134094405.0,931852421.0,0.02851685460180824
2024-07-09,4.97,5.07,4.81,5.04,32541255.0,161088029.0,931852421.0,0.03492103928332231
2024-07-10,4.99,5.05,4.92,4.99,21838715.0,108772649.0,931852421.0,0.02343580861931355
2024-07-11,5.07,5.2,4.98,5.14,31504602.0,160830431.0,931852421.0,0.03380857450173433
2024-07-12,5.14,5.45,5.12,5.3,51852575.0,274318223.0,931852421.0,0.05564462122055269
2024-07-15,5.18,5.2,5.0,5.02,29100150.0,146897936.0,931852421.0,0.031228281801072875
2024-07-16,4.96,5.02,4.89,4.95,18553753.0,91444627.0,931852421.0,0.01991061307764741
2024-07-17,4.93,5.01,4.87,4.91,15480402.0,76318394.0,931852421.0,0.016612503923515588
2024-07-18,4.87,4.93,4.71,4.92,14595202.0,70383121.0,931852421.0,0.015662568096713674
2024-07-19,4.85,4.85,4.61,4.65,22983402.0,107620383.0,931852421.0,0.02466420806777085
2024-07-22,4.6,4.62,4.47,4.58,13733765.0,62619929.0,931852421.0,0.014738133088994786
2024-07-23,4.61,4.73,4.5,4.52,12754502.0,58865813.0,931852421.0,0.013687255312716518
2024-07-24,4.48,4.52,4.41,4.43,10837900.0,48287296.0,931852421.0,0.011630489716783168
2024-07-25,4.4,4.52,4.39,4.48,8394100.0,37397401.0,931852421.0,0.009007971445727457
2024-07-26,4.46,4.54,4.44,4.49,8135900.0,36504882.0,931852421.0,0.00873088894405523
2024-07-29,4.48,4.5,4.42,4.45,6542052.0,29172182.0,931852421.0,0.007020480767737362
2024-07-30,4.45,4.53,4.43,4.49,6049634.0,27151918.0,931852421.0,0.006492051599230646
2024-07-31,4.47,4.66,4.45,4.65,11390700.0,52365670.0,931852421.0,0.012223716699449343
2024-08-01,4.64,4.84,4.63,4.68,18590310.0,87806042.0,931852421.0,0.019949843538583242
2024-08-02,4.69,4.94,4.68,4.77,20916407.0,100912154.0,931852421.0,0.02244605103622948
2024-08-05,4.71,4.8,4.56,4.59,15528412.0,72677630.0,931852421.0,0.01666402495723086
2024-08-06,4.69,4.75,4.63,4.7,8618297.0,40298172.0,931852421.0,0.009248564263804172
2024-08-07,4.68,4.71,4.63,4.69,6459600.0,30246543.0,931852421.0,0.0069319989457858585
2024-08-08,5.16,5.16,5.16,5.16,10616473.0,54781001.0,931852421.0,0.011392869472407583
2024-08-09,5.6,5.68,5.2,5.41,105091418.0,578343471.0,931852421.0,0.11277689002215942
2024-08-12,5.35,5.36,4.87,4.87,76788747.0,382050019.0,931852421.0,0.082404407897117
2024-08-13,4.83,4.96,4.83,4.91,31798943.0,155151008.0,931852421.0,0.03412444104172156
2024-08-14,4.9,4.91,4.77,4.77,22892981.0,110200112.0,931852421.0,0.02456717446248927
2024-08-15,4.74,4.82,4.7,4.78,18061301.0,86174790.0,931852421.0,0.019382147422676493
2024-08-16,4.79,4.92,4.71,4.86,23275300.0,112879374.0,931852421.0,0.02497745294799207
2024-08-19,4.83,4.89,4.76,4.81,14279900.0,68792399.0,931852421.0,0.015324207651546145
2024-08-20,4.82,4.83,4.65,4.68,15536300.0,73276581.0,931852421.0,0.016672489816925637
2024-08-21,4.66,4.69,4.62,4.63,7458650.0,34675991.0,931852421.0,0.008004110771098163
2024-08-22,4.63,4.68,4.54,4.55,8699400.0,40037712.0,931852421.0,0.009335598431631911
2024-08-23,4.57,4.59,4.51,4.53,8019469.0,36350160.0,931852421.0,0.008605943193659418
2024-08-26,4.54,4.62,4.51,4.58,6496902.0,29710784.0,931852421.0,0.006972028889540224
2024-08-27,4.58,4.59,4.5,4.51,6588099.0,29859601.0,931852421.0,0.007069895244710643
2024-08-28,4.5,4.59,4.45,4.55,7217918.0,32741559.0,931852421.0,0.007745773726975164
2024-08-29,4.52,4.61,4.48,4.58,6940300.0,31672561.0,931852421.0,0.007447853161718619
2024-08-30,4.6,4.73,4.56,4.63,9654502.0,44959853.0,931852421.0,0.010360548282569736
2024-09-02,4.64,4.68,4.57,4.58,8460502.0,39104313.0,931852421.0,0.0090792295103132
2024-09-03,4.58,4.65,4.55,4.6,5967804.0,27450869.0,931852421.0,0.006404237264947772
2024-09-04,4.57,4.62,4.52,4.54,6405500.0,29269334.0,931852421.0,0.006873942542453297
2024-09-05,4.56,4.59,4.52,4.58,5175500.0,23594268.0,931852421.0,0.005553991043395057
2024-09-06,4.57,4.59,4.5,4.51,5038866.0,22907152.0,931852421.0,0.005407364821344388
2024-09-09,4.5,4.58,4.46,4.51,5017150.0,22696526.0,931852421.0,0.005384060702032559
2024-09-10,4.54,4.55,4.44,4.49,6096900.0,27282339.0,931852421.0,0.0065427742232586844
2024-09-11,4.48,4.51,4.44,4.44,5435350.0,24293351.0,931852421.0,0.0058328442117123605
2024-09-12,4.46,4.52,4.44,4.46,5220702.0,23390688.0,931852421.0,0.005602498724419798
2024-09-13,4.48,4.49,4.43,4.43,4433700.0,19729523.0,931852421.0,0.004757942245019933
2024-09-18,4.43,4.47,4.34,4.42,5570600.0,24519886.0,931852421.0,0.005977985220043765
2024-09-19,4.43,4.56,4.41,4.53,6598900.0,29744469.0,931852421.0,0.007081486135882454
2024-09-20,4.54,4.59,4.49,4.52,7353000.0,33367336.0,931852421.0,0.007890734449248161
2024-09-23,4.45,4.53,4.45,4.5,6187200.0,27820414.0,931852421.0,0.00663967797965296
2024-09-24,4.51,4.68,4.51,4.68,9665566.0,44671878.0,931852421.0,0.01037242140727346
2024-09-25,4.77,4.8,4.67,4.72,15167315.0,71949273.0,931852421.0,0.016276520464177664
2024-09-26,4.71,4.84,4.69,4.83,13897650.0,66248057.0,931852421.0,0.014914003212103046
2024-09-27,4.92,5.08,4.87,5.03,17256950.0,85997839.0,931852421.0,0.018518973188352106
2024-09-30,5.15,5.48,5.14,5.44,31770897.0,168482293.0,931852421.0,0.03409434400128043
2024-10-08,5.98,5.98,5.46,5.69,42739873.0,243766932.0,931852421.0,0.04586549547634861
2024-10-09,5.58,5.58,5.26,5.26,28746110.0,155963288.0,931852421.0,0.030848350395604112
2024-10-10,5.26,5.43,5.18,5.3,17373800.0,92570502.0,931852421.0,0.01864436858076264
2024-10-11,5.29,5.3,5.08,5.13,12220801.0,63194789.0,931852421.0,0.013114524064749947
2024-10-14,5.12,5.21,5.08,5.19,10942805.0,56454689.0,931852421.0,0.011743066555814636
2024-10-15,5.18,5.23,5.11,5.11,9194502.0,47557265.0,931852421.0,0.009866907884547955
2024-10-16,5.11,5.19,5.09,5.13,8394450.0,43196378.0,931852421.0,0.009008347041682473
2024-10-17,5.15,5.19,5.02,5.03,10945783.0,55797080.0,931852421.0,0.011746262340826177
2024-10-18,5.03,5.18,5.0,5.11,12444275.0,63275947.0,931852421.0,0.01335434100889673
2024-10-21,5.13,5.18,5.06,5.14,10715351.0,54876221.0,931852421.0,0.011498978549093666
2024-10-22,5.12,5.26,5.12,5.23,12998988.0,67478758.0,931852421.0,0.013949620891739895
2024-10-23,5.23,5.3,5.22,5.29,12694653.0,66794425.0,931852421.0,0.013623029477539985
2024-10-24,5.26,5.33,5.22,5.26,7326400.0,38624957.0,931852421.0,0.0078621891566669
2024-10-25,5.27,5.35,5.26,5.3,13530950.0,71684995.0,931852421.0,0.014520485964375683
2024-10-28,5.3,5.48,5.29,5.48,15896950.0,86039587.0,931852421.0,0.01705951462028771
2024-10-29,5.48,5.52,5.34,5.38,15582300.0,84066059.0,931852421.0,0.016721853856727812
2024-10-30,5.39,5.45,5.35,5.41,11422601.0,61630454.0,931852421.0,0.012257950661052154
2024-10-31,5.39,5.48,5.38,5.41,11544050.0,62632136.0,931852421.0,0.012388281384311604
2024-11-01,5.42,5.47,5.32,5.33,12260202.0,65946019.0,931852421.0,0.013156806511103113
2024-11-04,5.36,5.39,5.32,5.39,7890000.0,42281681.0,931852421.0,0.008467005957373586
2024-11-05,5.38,5.51,5.38,5.47,13106050.0,71506960.0,931852421.0,0.014064512474985564
2024-11-06,5.48,6.0,5.44,5.76,40196313.0,230003148.0,931852421.0,0.043135921626800175
2024-11-07,5.77,5.94,5.71,5.91,33170085.0,194509031.0,931852421.0,0.03559585643873109
2024-11-08,5.86,6.08,5.8,5.95,34856752.0,207240412.0,931852421.0,0.037405871589188046
2024-11-11,5.89,5.94,5.78,5.93,22616099.0,132474041.0,931852421.0,0.02427004372186956
2024-11-12,5.94,6.25,5.91,6.0,34076106.0,207126970.0,931852421.0,0.03656813593233128
2024-11-13,6.05,6.14,5.98,6.06,20805251.0,125778538.0,931852421.0,0.022326766053441416
2024-11-14,6.06,6.2,5.85,5.87,20281300.0,121305757.0,931852421.0,0.02176449783565031
2024-11-15,5.83,5.9,5.72,5.73,12917300.0,75176206.0,931852421.0,0.013861958942101626
2024-11-18,5.75,5.82,5.66,5.71,12567250.0,72157914.0,931852421.0,0.013486309330520052
2024-11-19,5.72,5.81,5.63,5.79,12558502.0,71945967.0,931852421.0,0.013476921577907239
2024-11-20,5.8,6.37,5.78,6.37,37391424.0,234889535.0,931852421.0,0.040125907447741666
2024-11-21,6.83,7.01,6.4,7.01,113261813.0,768919261.0,931852421.0,0.12154479663040979
2024-11-22,6.81,6.96,6.41,6.51,98328516.0,650931897.0,931852421.0,0.1055194082068066
2024-11-25,6.56,7.11,6.43,6.72,98781565.0,666308263.0,931852421.0,0.10600558926916176
2024-11-26,6.97,7.39,6.78,6.79,149824057.0,1083772105.0,931852421.0,0.16078088506677818
2024-11-27,6.11,6.18,6.11,6.11,82149251.0,502481315.0,931852421.0,0.08815693252354602
2024-11-28,6.1,6.63,6.05,6.41,95053371.0,599228445.0,931852421.0,0.10200474759511302
2024-11-29,6.39,6.47,6.19,6.37,59165337.0,373955462.0,931852421.0,0.06349217501254954
2024-12-02,6.33,6.55,6.25,6.49,51210957.0,330857250.0,931852421.0,0.05495608086207891
2024-12-03,6.48,6.51,6.22,6.32,49456296.0,312233898.0,931852421.0,0.05307309922200653
2024-12-04,6.28,6.3,6.05,6.1,35773436.0,221447950.0,931852421.0,0.038389593881840656
2024-12-05,6.08,6.22,6.01,6.2,27222535.0,167246593.0,931852421.0,0.029213354375134473
2024-12-06,6.16,6.35,6.14,6.31,29816961.0,186640615.0,931852421.0,0.03199751412139112
2024-12-09,6.31,6.42,6.2,6.24,25698550.0,161675803.0,931852421.0,0.027577918370831813
2024-12-10,6.38,6.42,6.23,6.24,24646700.0,155476926.0,931852421.0,0.026449145212877008
2024-12-11,6.23,6.44,6.22,6.38,28123966.0,178507954.0,931852421.0,0.030180708196067454
2024-12-12,6.36,6.44,6.29,6.44,23580300.0,150369721.0,931852421.0,0.025304757994506516
2024-12-13,6.4,6.44,6.28,6.3,23336210.0,148537483.0,931852421.0,0.025042817375477956
2024-12-16,6.3,6.39,6.29,6.33,17986630.0,114000510.0,931852421.0,0.019302015635370658
2024-12-17,6.32,6.35,6.13,6.16,22836400.0,141979614.0,931852421.0,0.02450645562040129
2024-12-18,6.18,6.23,6.1,6.13,18813950.0,115958265.0,931852421.0,0.02018983862252583
2024-12-19,6.11,6.13,5.93,6.05,18441000.0,110888218.0,931852421.0,0.01978961430417317
2024-12-20,6.05,6.08,5.98,5.98,11601000.0,69883968.0,931852421.0,0.012449396211849302
2024-12-23,5.96,5.98,5.71,5.74,17471250.0,101663320.0,931852421.0,0.018748945225952253
2024-12-24,5.79,5.79,5.66,5.75,10779900.0,61746340.0,931852421.0,0.011568248101380423
2024-12-25,5.77,5.77,5.54,5.64,12925582.0,72592993.0,931852421.0,0.013870846615528619
2024-12-26,5.63,5.71,5.61,5.65,8714500.0,49226301.0,931852421.0,0.009351802714262628
2024-12-27,5.65,5.88,5.61,5.8,16979597.0,98050216.0,931852421.0,0.018221337002890074
2024-12-30,5.78,5.78,5.64,5.67,13741400.0,77950725.0,931852421.0,0.014746326446470647
2024-12-31,5.68,5.72,5.54,5.57,12573747.0,70861438.0,935089313.0,0.013446573311441536
2025-01-02,5.56,5.68,5.44,5.48,11981816.0,66714654.0,935089313.0,0.012813552495386075
2025-01-03,5.5,5.53,5.26,5.27,13624200.0,73147776.0,935089313.0,0.014569945149185979
2025-01-06,5.28,5.32,5.1,5.25,10413550.0,54415340.0,935089313.0,0.0111364228584655
2025-01-07,5.24,5.3,5.19,5.3,10426100.0,54730707.0,935089313.0,0.011149844036341798
2025-01-08,5.27,5.31,5.11,5.28,11860038.0,61950572.0,935089313.0,0.012683321085073722
2025-01-09,5.25,5.37,5.23,5.3,8380800.0,44493224.0,935089313.0,0.008962566338302275
2025-01-10,5.28,5.32,5.14,5.14,9403200.0,49090862.0,935089313.0,0.010055937833181075
2025-01-13,5.1,5.16,5.01,5.12,8516097.0,43422889.0,935089313.0,0.009107255191141297
2025-01-14,5.15,5.3,5.13,5.3,11532850.0,60559990.0,935089313.0,0.012333420818381229
2025-01-15,5.44,5.49,5.24,5.26,18252096.0,96928234.0,935089313.0,0.01951909378735462
2025-01-16,5.3,5.39,5.27,5.31,14400637.0,76812682.0,935089313.0,0.015400279737770889
2025-01-17,5.32,5.41,5.26,5.38,13765948.0,73796557.0,935089313.0,0.01472153280827839
2025-01-20,5.44,5.5,5.35,5.44,13897110.0,75422052.0,935089313.0,0.014861799623625898
2025-01-21,5.48,5.57,5.42,5.47,16448400.0,89827124.0,935089313.0,0.01759019140880717
2025-01-22,5.44,5.47,5.32,5.36,12049800.0,64763281.0,935089313.0,0.012886255711062757
2025-01-23,5.43,5.53,5.36,5.36,20335551.0,110804727.0,935089313.0,0.021747175074387788
2025-01-24,5.36,5.4,5.32,5.39,12164301.0,65283837.0,935089313.0,0.013008704977039985
2025-01-27,5.41,5.54,5.41,5.45,14371200.0,78853554.0,935089313.0,0.015368799322380878
2025-02-05,5.43,5.5,5.41,5.46,11255600.0,61464639.0,935089313.0,0.012036925076054205
2025-02-06,5.44,5.48,5.33,5.48,14474650.0,78363749.0,935089313.0,0.015479430465911014
2025-02-07,5.47,5.58,5.46,5.55,17795527.0,98325612.0,935089313.0,0.019030831336214832
2025-02-10,5.57,5.64,5.55,5.64,15873493.0,88724382.0,935089313.0,0.01697537634033467
2025-02-11,5.65,5.65,5.55,5.61,10371169.0,57969941.0,935089313.0,0.011091099915073031
2025-02-12,5.59,5.65,5.57,5.64,9833250.0,55183802.0,935089313.0,0.010515840426464161
2025-02-13,5.62,5.68,5.6,5.62,12250784.0,69124123.0,935089313.0,0.013101191329731303
2025-02-14,5.6,5.64,5.57,5.59,8343150.0,46723142.0,935089313.0,0.008922302804673375
2025-02-17,5.58,5.69,5.56,5.68,12673934.0,71486215.0,935089313.0,0.013553714948723834
2025-02-18,5.68,5.68,5.5,5.53,13942372.0,77811088.0,935089313.0,0.014910203556138814
2025-02-19,5.5,5.57,5.5,5.57,11292590.0,62492314.0,935089313.0,0.012076482794750966
2025-02-20,5.55,5.61,5.52,5.57,12482082.0,69452042.0,935089313.0,0.013348545242116355
2025-02-21,5.57,5.58,5.46,5.55,16958530.0,93752894.0,935089313.0,0.018135732880523253
2025-02-24,5.65,5.75,5.55,5.58,36505347.0,206587424.0,935089313.0,0.039039422750840484
2025-02-25,5.51,5.52,5.41,5.42,21123437.0,115527026.0,935089313.0,0.022589753413212198
2025-02-26,5.45,5.52,5.43,5.47,12244802.0,66908495.0,935089313.0,0.01309479407984636
2025-02-27,5.47,5.52,5.39,5.45,13336975.0,72643721.0,935089313.0,0.014262781976634567
2025-02-28,5.44,5.46,5.32,5.34,11823742.0,63662734.0,935089313.0,0.012644505541472272
2025-03-03,5.34,5.48,5.34,5.43,13405111.0,72837445.0,935089313.0,0.014335647743628955
2025-03-04,5.37,5.48,5.37,5.47,9369280.0,50847642.0,935089313.0,0.010019663223335331
2025-03-05,5.48,5.49,5.34,5.41,11322005.0,60963865.0,935089313.0,0.012107939682976571
2025-03-06,5.41,5.45,5.36,5.43,13661982.0,73976732.0,935089313.0,0.014610349845801307
2025-03-07,5.41,5.42,5.35,5.36,13067032.0,70274805.0,935089313.0,0.013974100461139588
2025-03-10,5.37,5.41,5.34,5.36,7730408.0,41506976.0,935089313.0,0.008267026360507662
2025-03-11,5.32,5.37,5.27,5.36,12111431.0,64487422.0,935089313.0,0.01295216492330931
2025-03-12,5.35,5.4,5.33,5.35,9120012.0,48828881.0,935089313.0,0.00975309189529792
2025-03-13,5.35,5.36,5.26,5.31,10989200.0,58223690.0,935089313.0,0.011752032503444941
2025-03-14,5.32,5.44,5.31,5.42,16064867.0,86552886.0,935089313.0,0.01718003486582463
2025-03-17,5.45,5.47,5.42,5.46,10530200.0,57392675.0,935089313.0,0.011261170300638437
2025-03-18,5.46,5.52,5.43,5.48,12442505.0,68133913.0,935089313.0,0.013306220942768917
2025-03-19,5.46,5.48,5.42,5.44,9405400.0,51152690.0,935089313.0,0.010058290549621542
2025-03-20,5.46,5.52,5.43,5.5,13090900.0,71716244.0,935089313.0,0.013999625295685526
2025-03-21,5.46,5.5,5.39,5.42,11803700.0,64260156.0,935089313.0,0.012623072294699618
2025-03-24,5.43,5.44,5.31,5.4,14064850.0,75606217.0,935089313.0,0.015041183558045861
2025-03-25,5.39,5.49,5.35,5.48,19573080.0,106481755.0,935089313.0,0.020931775957533587
2025-03-26,5.48,5.6,5.45,5.58,20247902.0,112436216.0,935089313.0,0.021653441781983022
2025-03-27,5.56,5.69,5.53,5.66,29239862.0,164721882.0,935089313.0,0.031269592747447
2025-03-28,5.61,5.62,5.43,5.43,25339082.0,139420929.0,935089313.0,0.027098034003517693
2025-03-31,5.41,5.46,5.27,5.32,16412081.0,87779969.0,935089313.0,0.017551351268624754
2025-04-01,5.31,5.43,5.31,5.39,13257500.0,71340404.0,935089313.0,0.0141777900952227
2025-04-02,5.37,5.44,5.32,5.38,9482351.0,51040921.0,935089313.0,0.010140583223626255
2025-04-03,5.34,5.5,5.32,5.47,15288210.0,83358513.0,935089313.0,0.016349465005595674
2025-04-07,5.35,5.42,4.92,4.92,31841255.0,163287423.0,935089313.0,0.03405156551072678
2025-04-08,5.01,5.41,5.0,5.41,29362800.0,154559552.0,935089313.0,0.03140106468097342
2025-04-09,5.5,5.74,5.37,5.65,85880760.0,478765131.0,935089313.0,0.09184230725990555
2025-04-10,5.41,5.77,5.39,5.69,73795815.0,414963707.0,935089313.0,0.07891846690370634
2025-04-11,5.56,5.66,5.49,5.5,40724645.0,225502959.0,935089313.0,0.04355160991985372
2025-04-14,5.46,5.67,5.46,5.63,36385745.0,203180770.0,935089313.0,0.03891151839097107
2025-04-15,5.62,5.64,5.51,5.57,21100650.0,117247706.0,935089313.0,0.022565384617971782
2025-04-16,5.54,5.56,5.3,5.39,27305154.0,148493701.0,935089313.0,0.02920058396603662
2025-04-17,5.4,5.42,5.3,5.37,18834934.0,101112365.0,935089313.0,0.020142390398595007
2025-04-18,5.37,5.42,5.25,5.36,19593501.0,104153480.0,935089313.0,0.02095361451318394
2025-04-21,5.35,5.4,5.33,5.39,11505740.0,61860123.0,935089313.0,0.012304428935335293
2025-04-22,5.41,5.64,5.37,5.63,40691908.0,224582069.0,935089313.0,0.04351660042980301
2025-04-23,5.56,5.57,5.48,5.54,26007206.0,143675644.0,935089313.0,0.02781253687582247
2025-04-24,5.51,5.98,5.51,5.76,59634657.0,343089727.0,935089313.0,0.06377428997522935
2025-04-25,5.7,5.83,5.7,5.71,35944400.0,206721879.0,935089313.0,0.03843953673759931
2025-04-28,5.73,5.77,5.52,5.54,26643702.0,149086372.0,935089313.0,0.028493216241045845
2025-04-29,5.52,5.62,5.5,5.55,16556475.0,91882448.0,935089313.0,0.01770576860394511
2025-04-30,5.54,5.58,5.38,5.38,24150554.0,132021400.0,935089313.0,0.025827002473719857
2025-05-06,5.4,5.46,5.39,5.46,17758602.0,96292728.0,935089313.0,0.018991343129594725
2025-05-07,5.49,5.62,5.48,5.61,32008956.0,178247512.0,935089313.0,0.03423090773790075
2025-05-08,5.6,5.6,5.49,5.59,19893656.0,110695942.0,935089313.0,0.021274605241905914
2025-05-09,5.59,5.6,5.48,5.51,14773915.0,81563112.0,935089313.0,0.015799469413891164
2025-05-12,5.51,5.54,5.43,5.47,17243156.0,94125875.0,935089313.0,0.018440116639425224
2025-05-13,5.49,5.5,5.44,5.47,14007410.0,76677090.0,935089313.0,0.014979756270618398
2025-05-14,5.46,5.54,5.43,5.54,16187321.0,89048458.0,935089313.0,0.017310989201734146
2025-05-15,5.53,5.6,5.47,5.48,14388500.0,79584425.0,935089313.0,0.015387300228935457
2025-05-16,5.47,5.48,5.41,5.46,10875700.0,59284504.0,935089313.0,0.011630653723448126
2025-05-19,5.45,5.53,5.42,5.53,10280050.0,56342676.0,935089313.0,0.010993655747191713
2025-05-20,5.54,5.58,5.51,5.56,12579345.0,69769097.0,935089313.0,0.013452559905365959
2025-05-21,5.56,5.59,5.53,5.58,13094445.0,72799712.0,935089313.0,0.01400341637740437
2025-05-22,5.56,5.57,5.44,5.45,14865250.0,81556710.0,935089313.0,0.015897144575750272
2025-05-23,5.44,5.49,5.36,5.37,13175408.0,71522776.0,935089313.0,0.014089999550663243
2025-05-26,5.36,5.41,5.35,5.4,7829898.0,42173621.0,935089313.0,0.008373422614444959
2025-05-27,5.4,5.94,5.37,5.94,73859108.0,430046183.0,935089313.0,0.078986153486282
2025-05-28,6.53,6.53,6.01,6.05,166548332.0,1058805998.0,935089313.0,0.17810954492215442
2025-05-29,5.57,5.74,5.41,5.69,116139780.0,651941099.0,935089313.0,0.12420180445373136
2025-05-30,5.67,5.7,5.53,5.56,56051860.0,312737592.0,935089313.0,0.059942787518522306
2025-06-03,5.56,5.7,5.5,5.62,47443659.0,265998631.0,935089313.0,0.0507370347841843
2025-06-04,5.6,5.64,5.55,5.61,29205001.0,163359219.0,935089313.0,0.031232311816614677
2025-06-05,5.58,5.84,5.55,5.77,61453932.0,351775996.0,935089313.0,0.065719852794425
2025-06-06,5.75,5.99,5.72,5.93,62950818.0,369452913.0,935089313.0,0.06732064747701806
2025-06-09,5.9,6.14,5.87,5.97,57489136.0,345455592.0,935089313.0,0.06147983427974436
2025-06-10,5.97,6.36,5.88,6.17,103496712.0,634653240.0,935089313.0,0.11068109811666728
2025-06-11,6.7,6.79,6.19,6.79,134522334.0,881678514.0,935089313.0,0.14386041218717255
2025-06-12,6.73,7.47,6.32,7.47,208485590.0,1435086322.0,935089313.0,0.22295794326974624
2025-06-13,7.2,7.26,6.72,6.72,167130980.0,1167392656.0,935089313.0,0.17873263834424766
2025-06-16,6.69,6.94,6.47,6.53,121835130.0,810679822.0,935089313.0,0.13029250608064644
2025-06-17,6.49,6.83,6.42,6.46,89728214.0,589578867.0,935089313.0,0.09595683829615108
2025-06-18,6.58,6.72,6.2,6.22,85395489.0,545705779.0,935089313.0,0.09132335041455018
2025-06-19,6.15,6.21,5.97,6.0,61657167.0,372776006.0,935089313.0,0.06593719566977876
2025-06-20,5.99,6.13,5.93,6.0,43240402.0,260131688.0,935089313.0,0.04624200212627176
2025-06-23,5.96,6.24,5.96,6.16,45779850.0,280463479.0,935089313.0,0.04895772988050394
2025-06-24,6.12,6.15,6.06,6.1,43193700.0,263111813.0,935089313.0,0.0461920582339069
2025-06-25,6.08,6.11,5.95,6.04,42131232.0,253642520.0,935089313.0,0.04505583735614782
2025-06-26,5.99,6.03,5.95,5.98,29197950.0,174797272.0,935089313.0,0.03122477136042298
2025-06-27,5.96,6.02,5.94,5.98,23957150.0,143371104.0,935089313.0,0.025620173032605283
2025-06-30,5.98,6.0,5.93,5.95,24264651.0,144363159.0,945621156.0,0.02566001283499203
2025-07-01,5.96,5.99,5.89,5.95,23700080.0,140589075.0,945621156.0,0.02506297564264732
2025-07-02,5.96,5.99,5.91,5.93,25041700.0,148952290.0,945621156.0,0.02648174677682444
2025-07-03,5.92,5.98,5.9,5.94,22481700.0,133482858.0,945621156.0,0.023774531541889486
2025-07-04,5.94,5.96,5.82,5.83,29164300.0,171553695.0,945621156.0,0.030841420811020856
2025-07-07,5.82,5.91,5.81,5.9,16253800.0,95510095.0,945621156.0,0.017188490228744416
2025-07-08,5.89,5.91,5.85,5.9,18078250.0,106397763.0,945621156.0,0.019117856961313587
2025-07-09,5.9,5.91,5.84,5.85,17808200.0,104625275.0,945621156.0,0.01883227747920648
2025-07-10,5.86,5.88,5.83,5.87,16779783.0,98312888.0,945621156.0,0.01774472038144629
2025-07-11,5.87,5.88,5.82,5.87,16623050.0,97340395.0,945621156.0,0.01757897430120525
2025-07-14,5.87,5.91,5.85,5.9,15857882.0,93391196.0,945621156.0,0.016769804587578412
2025-07-15,5.9,5.91,5.75,5.78,25158902.0,146053169.0,945621156.0,0.026605688589310707
2025-07-16,5.78,5.86,5.76,5.84,13340800.0,77648823.0,945621156.0,0.014107975393054764
2025-07-17,5.86,5.87,5.79,5.86,12172672.0,71077152.0,945621156.0,0.012872673081353946
2025-07-18,5.86,5.87,5.83,5.87,12506500.0,73219962.0,945621156.0,0.013225698178013268
2025-07-21,5.87,6.09,5.85,6.05,46325950.0,277179700.0,945621156.0,0.048989967817513594
2025-07-22,6.02,6.06,5.94,6.04,33744300.0,202260784.0,945621156.0,0.035684798067271664
2025-07-23,6.08,6.14,5.99,5.99,36098978.0,218955205.0,945621156.0,0.03817488406530532
2025-07-24,5.97,6.05,5.96,6.04,24234919.0,145849044.0,945621156.0,0.025628571068052542
2025-07-25,6.14,6.16,6.03,6.04,29747650.0,180758198.0,945621156.0,0.031458316907622144
2025-07-28,6.03,6.06,5.99,6.01,21431472.0,128992673.0,945621156.0,0.02266390918182884
2025-07-29,6.01,6.02,5.88,5.94,21335040.0,126444565.0,945621156.0,0.022561931767947883
2025-07-30,5.94,5.98,5.9,5.94,14982712.0,89089308.0,945621156.0,0.01584430710431356
2025-07-31,5.92,5.95,5.84,5.85,18199425.0,106967876.0,945621156.0,0.01924600024494376
2025-08-01,5.85,5.89,5.83,5.85,10163475.0,59554074.0,945621156.0,0.01074793529682832
2025-08-04,5.82,5.89,5.8,5.87,10208350.0,59764120.0,945621156.0,0.010795390876386018
2025-08-05,5.88,5.89,5.86,5.88,11181926.0,65703952.0,945621156.0,0.01182495329027939
2025-08-06,5.88,5.88,5.84,5.87,12600243.0,73894781.0,945621156.0,0.01332483195839159
2025-08-07,5.87,5.9,5.84,5.88,12309850.0,72255923.0,945621156.0,0.013017739632720316
2025-08-08,5.88,5.91,5.85,5.88,13197651.0,77525098.0,945621156.0,0.013956594473654098
2025-08-11,5.89,5.96,5.86,5.96,14955785.0,88538634.0,945621156.0,0.015815831641567038
2025-08-12,5.96,5.98,5.94,5.95,12216900.0,72748256.0,945621156.0,0.012919444454561252
2025-08-13,5.97,5.97,5.92,5.97,14950059.0,88941084.0,945621156.0,0.015809776362490775
2025-08-14,5.96,6.0,5.87,5.87,20256282.0,120246802.0,945621156.0,0.021421138763101023
2025-08-15,5.7,5.79,5.69,5.77,29057143.0,167149849.0,945621156.0,0.030728101645813855
2025-08-18,5.76,5.78,5.73,5.74,26441967.0,151806577.0,945621156.0,0.027962537462518446
2025-08-19,5.74,5.78,5.71,5.76,18463849.0,106136022.0,945621156.0,0.01952563019856971
2025-08-20,5.75,5.78,5.73,5.78,15824559.0,91114546.0,945621156.0,0.016734565316768358
2025-08-21,5.78,5.88,5.78,5.85,21792347.0,127300457.0,945621156.0,0.02304553664194882
2025-08-22,5.85,5.86,5.75,5.83,20765075.0,120169313.0,945621156.0,0.02195919038850269
2025-08-25,5.84,5.85,5.78,5.83,20966313.0,121790846.0,945621156.0,0.0221720007710995
2025-08-26,5.82,5.88,5.78,5.86,22718124.0,132865301.0,945621156.0,0.02402455132888334
2025-08-27,5.87,5.88,5.74,5.75,24243908.0,140714807.0,945621156.0,0.0256380769890474
2025-08-28,5.75,5.78,5.61,5.7,18365158.0,104719466.0,945621156.0,0.019421263878745116
2025-08-29,5.68,5.75,5.65,5.72,11554924.0,66133410.0,945621156.0,0.01221940089504512
2025-09-01,5.73,5.73,5.66,5.68,12489808.0,70971474.0,945621156.0,0.013208046288676731
2025-09-02,5.66,5.69,5.56,5.61,17342740.0,97257335.0,945621156.0,0.01834005075918585
2025-09-03,5.62,5.63,5.49,5.51,12467100.0,69075869.0,945621156.0,0.013184032443538097
2025-09-04,5.49,5.61,5.47,5.58,14438298.0,80322647.0,945621156.0,0.015268586059426107
2025-09-05,5.56,5.59,5.5,5.58,9749450.0,54106499.0,945621156.0,0.010310101395404905
2025-09-08,5.59,5.66,5.59,5.65,10012500.0,56400647.0,945621156.0,0.010588278335853983
2025-09-09,5.62,5.66,5.59,5.63,8682300.0,48873113.0,945621156.0,0.009181583919638955
2025-09-10,5.64,5.64,5.59,5.62,5557355.0,31201259.0,945621156.0,0.005876935985133565
2025-09-11,5.62,5.65,5.59,5.65,8110507.0,45577800.0,945621156.0,0.008576909419315064
2025-09-12,5.65,5.68,5.62,5.64,8736972.0,49305293.0,945621156.0,0.009239399885000036
2025-09-15,5.64,5.64,5.6,5.64,6313540.0,35470317.0,945621156.0,0.006676606122801254
2025-09-16,5.64,5.67,5.6,5.65,8521753.0,47991442.0,945621156.0,0.009011804511700243
2025-09-17,5.65,5.66,5.61,5.63,8017400.0,45163101.0,945621156.0,0.00847844821272167
2025-09-18,5.63,5.63,5.53,5.56,11646039.0,65112798.0,945621156.0,0.012315755549783829
2025-09-19,5.55,5.65,5.52,5.64,13776042.0,76972685.0,945621156.0,0.014568246398243653
2025-09-22,5.63,5.63,5.52,5.55,11108395.0,61679225.0,945621156.0,0.01174719382018564
2025-09-23,5.55,5.56,5.38,5.44,11876500.0,64431612.0,945621156.0,0.012559469428790994
2025-09-24,5.42,5.5,5.4,5.48,7643300.0,41704808.0,945621156.0,0.008082835236397778
2025-09-25,5.47,5.57,5.43,5.45,8751000.0,48092514.0,945621156.0,0.009254234578482717
2025-09-26,5.45,5.49,5.41,5.42,6557542.0,35712365.0,945621156.0,0.006934639689892894
2025-09-29,5.42,5.44,5.33,5.43,8366374.0,45114453.0,945621156.0,0.008847490294517058
2025-09-30,5.44,5.5,5.41,5.46,8531926.0,46527061.0,945621156.0,0.009022562519741257
2025-10-09,5.48,5.52,5.43,5.51,10553700.0,57743967.0,945621156.0,0.01116060055661445
2025-10-10,5.5,5.56,5.48,5.55,13061799.0,72264388.0,945621156.0,0.013812930175178949
2025-10-13,5.45,5.52,5.42,5.52,8985920.0,49278932.0,945621156.0,0.009502663876526046
2025-10-14,5.52,5.57,5.51,5.56,10609644.0,58919315.0,945621156.0,0.011219761669545388
2025-10-15,5.56,5.61,5.54,5.6,11134900.0,62124569.0,945621156.0,0.011775223015420775
2025-10-16,5.6,5.61,5.52,5.54,8973600.0,49830603.0,945621156.0,0.00948963540320792
2025-10-17,5.52,5.74,5.51,5.6,28739029.0,162087589.0,945621156.0,0.03039169419767085
2025-10-20,5.63,5.69,5.6,5.68,15962352.0,90176978.0,945621156.0,0.01688028223429468
2025-10-21,5.7,5.7,5.65,5.69,10333200.0,58626339.0,945621156.0,0.010927420494386655
2025-10-22,5.69,5.72,5.68,5.72,12427700.0,70868200.0,945621156.0,0.013142366709062926
2025-10-23,5.75,5.83,5.72,5.81,27137326.0,156761586.0,945621156.0,0.028697883743201702
2025-10-24,5.84,5.84,5.75,5.78,15369650.0,88921292.0,945621156.0,0.01625349634203827
2025-10-27,5.81,5.81,5.77,5.79,12026799.0,69653263.0,945621156.0,0.012718411515742357
2025-10-28,5.78,5.82,5.74,5.77,10326197.0,59565304.0,945621156.0,0.010920014780210777
2025-10-29,5.78,5.82,5.75,5.81,11615849.0,67298297.0,945621156.0,0.012283829445118718
2025-10-30,5.87,5.92,5.83,5.87,28213124.0,165770668.0,945621156.0,0.029835546530433167
2025-10-31,5.89,5.92,5.77,5.77,19505050.0,113601166.0,945621156.0,0.02062670645240936
2025-11-03,5.8,5.94,5.78,5.88,19625050.0,114896473.0,945621156.0,0.020753607166546936
2025-11-04,6.06,6.14,5.78,5.83,45240012.0,267479641.0,945621156.0,0.0478415819199375
2025-11-05,5.71,5.83,5.71,5.82,23520874.0,135951686.0,945621156.0,0.024873464231166164
2025-11-06,5.82,5.93,5.78,5.91,24984517.0,146911727.0,945621156.0,0.02642127541402003
2025-11-07,5.91,6.02,5.89,5.97,27579809.0,164765752.0,945621156.0,0.029165812148982843
2025-11-10,5.98,6.14,5.92,6.11,38269241.0,232120246.0,945621156.0,0.040469950103358306
2025-11-11,6.09,6.11,6.04,6.09,20127600.0,122436909.0,945621156.0,0.021285056782295593
2025-11-12,6.11,6.22,5.99,6.21,32145665.0,196907169.0,945621156.0,0.03399423204106064
2025-11-13,6.14,6.51,6.12,6.39,70850766.0,450585692.0,945621156.0,0.07492510668828564
2025-11-14,6.23,6.39,6.2,6.27,56475932.0,354325750.0,945621156.0,0.05972363418654309
2025-11-17,6.28,6.31,6.21,6.27,30907967.0,193140653.0,945621156.0,0.03268535904033856
2025-11-18,6.25,6.32,6.11,6.15,33753702.0,208329624.0,945621156.0,0.035694740738224345
2025-11-19,6.14,6.21,6.04,6.11,23690482.0,144614858.0,945621156.0,0.025052825700528216
2025-11-20,6.12,6.15,6.0,6.05,22991877.0,139663949.0,945621156.0,0.02431404675552754
2025-11-21,6.02,6.05,5.74,5.76,26163449.0,153754737.0,945621156.0,0.027668003020017037
2025-11-24,5.8,5.84,5.65,5.76,15765129.0,90376174.0,945621156.0,0.016671717738091722
2025-11-25,5.8,5.83,5.72,5.82,17829504.0,103223974.0,945621156.0,0.018854806585989706
2025-11-26,5.8,5.83,5.73,5.75,13842450.0,79964019.0,945621156.0,0.014638473253447387
2025-11-27,5.72,5.8,5.71,5.74,12087259.0,69533692.0,945621156.0,0.012782348325548672
2025-11-28,5.76,5.81,5.7,5.81,12872951.0,74276554.0,945621156.0,0.013613222291316842
2025-12-01,5.81,5.88,5.78,5.81,12395400.0,72195481.0,945621156.0,0.013108209266840896
2025-12-02,5.81,5.9,5.74,5.87,15485813.0,90373483.0,945621156.0,0.016376339405841298
2025-12-03,5.86,5.97,5.84,5.92,17938011.0,106208092.0,945621156.0,0.018969553384230755
2025-12-04,5.9,5.92,5.78,5.83,12657242.0,73971930.0,945621156.0,0.013385108740100989
2025-12-05,5.81,6.03,5.76,6.02,17489529.0,103935891.0,945621156.0,0.01849528100024869
2025-12-08,6.02,6.07,5.97,6.0,11852500.0,71207188.0,945621156.0,0.012534089285963479
2025-12-09,6.0,6.0,5.85,5.87,14374300.0,84854569.0,945621156.0,0.015200907793564635
2025-12-10,5.89,5.94,5.83,5.9,12596150.0,74167221.0,945621156.0,0.013320503586533548
2025-12-11,5.88,5.89,5.77,5.78,12093750.0,70346372.0,945621156.0,0.012789212596677564
2025-12-12,5.78,5.82,5.68,5.68,14338250.0,82439548.0,945621156.0,0.015162784704025805
2025-12-15,5.68,5.81,5.66,5.78,14343707.0,82689549.0,945621156.0,0.015168555514001212
2025-12-16,5.75,5.82,5.69,5.7,10087800.0,57931471.0,945621156.0,0.010667908533975312
2025-12-17,5.74,5.76,5.6,5.74,12695850.0,72125198.0,945621156.0,0.013425936929862851
2025-12-18,5.69,5.85,5.69,5.8,12631645.0,73420469.0,945621156.0,0.013358039760269492
2025-12-19,5.8,5.96,5.77,5.95,15157050.0,89439803.0,945621156.0,0.01602867057682453
2025-12-22,5.96,6.01,5.95,6.0,15608343.0,93421788.0,945621156.0,0.016505915610035272
2025-12-23,6.01,6.03,5.94,5.98,12387455.0,74153630.0,945621156.0,0.013099807382059037
2025-12-24,5.94,5.99,5.92,5.96,10200000.0,60773808.0,945621156.0,0.010786560701693945
2025-12-25,5.94,6.17,5.91,6.08,36226167.0,218446548.0,945621156.0,0.038309387189725694
2025-12-26,6.03,6.21,6.03,6.13,20875450.0,128147626.0,945621156.0,0.022075912607860477
2025-12-29,6.11,6.13,6.0,6.07,14393027.0,87410154.0,945621156.0,0.015220711707511755
2025-12-30,6.03,6.28,5.98,6.09,20706945.0,126310033.0,945621156.0,0.021897717567562543
2025-12-31,6.06,6.1,6.0,6.04,11907700.0,71920827.0,945621156.0,0.012592463614466764
2026-01-05,6.06,6.09,5.96,5.98,13866740.0,83087449.0,945621156.0,0.014664160073000736
2026-01-06,6.02,6.09,5.98,6.09,15232253.0,92274179.0,945621156.0,0.0161081981968686
2026-01-07,6.06,6.12,6.04,6.06,12000922.0,72949206.0,945621156.0,0.01269104643424454
2026-01-08,6.03,6.07,6.0,6.03,15667083.0,94559847.0,945621156.0,0.016568033509605617
2026-01-09,6.03,6.11,6.02,6.07,15645603.0,94850317.0,945621156.0,0.01654531828177499
2026-01-12,6.08,6.11,6.02,6.1,19752649.0,119991908.0,945621156.0,0.020888543868407276
2026-01-13,6.08,6.13,6.02,6.04,22642452.0,137528299.0,945621156.0,0.023944527738548185
2026-01-14,6.05,6.08,5.97,6.07,27437846.0,165781953.0,945621156.0,0.029015685431640237
2026-01-15,6.06,6.19,6.03,6.16,30296402.0,185646365.0,945621156.0,0.03203862541332567
2026-01-16,6.16,6.16,5.97,5.99,24584383.0,148505814.0,945621156.0,0.02599813132776399
2026-01-19,5.96,6.15,5.94,6.15,21294200.0,129341322.0,945621156.0,0.02251874322490306
2026-01-20,6.15,6.25,6.13,6.23,21578397.0,133710767.0,945621156.0,0.02281928324370103
2026-01-21,6.19,6.26,6.17,6.25,15032497.0,93538760.0,945621156.0,0.015896955038091385
2026-01-22,6.26,6.4,6.24,6.38,21992378.0,139329710.0,945621156.0,0.023257070614862596
2026-01-23,6.38,6.39,6.32,6.37,15658474.0,99575663.0,945621156.0,0.016558929440872196
2026-01-26,6.41,6.47,6.34,6.42,21199779.0,135981809.0,945621156.0,0.02241889245548986
2026-01-27,6.39,6.45,6.27,6.34,18242173.0,115641911.0,945621156.0,0.019291206509343368
2026-01-28,6.33,6.51,6.33,6.46,22670340.0,146280580.0,945621156.0,0.023974019464513757
2026-01-29,6.46,6.63,6.43,6.59,34176965.0,223713082.0,945621156.0,0.03614234387962445
2026-01-30,6.51,6.7,6.49,6.58,35419888.0,233168298.0,945621156.0,0.03745674234894127
2026-02-02,6.53,6.53,6.15,6.16,35399699.0,223207521.0,945621156.0,0.037435392361293576
2026-02-03,6.24,6.3,6.18,6.26,22200874.0,138645503.0,945621156.0,0.023477556375652832
2026-02-04,6.34,6.41,6.25,6.33,24300500.0,154281105.0,945621156.0,0.02569792336583468
2026-02-05,6.33,6.38,6.25,6.25,15080430.0,95129671.0,945621156.0,0.015947644470847688
2026-02-06,6.22,6.43,6.2,6.29,15050688.0,95311448.0,945621156.0,0.01591619212884869
2026-02-09,6.33,6.6,6.28,6.45,30495601.0,194550868.0,945621156.0,0.032249279541288096
2026-02-10,6.55,6.56,6.26,6.38,29695611.0,188305218.0,945621156.0,0.03140328535543044
2026-02-11,6.53,6.79,6.41,6.6,51325839.0,339702362.0,945621156.0,0.05427738019008534
2026-02-12,6.53,6.57,6.35,6.37,33445744.0,214689627.0,945621156.0,0.03536907332052119
2026-02-13,6.31,6.42,6.26,6.27,23655411.0,149856498.0,945621156.0,0.025015737909315557
2026-02-24,6.34,6.54,6.33,6.52,27907337.0,180419013.0,945621156.0,0.029512174958149943
2026-02-25,6.51,6.77,6.5,6.69,38223900.0,255804124.0,945621156.0,0.040422001726027376
2026-02-26,6.72,6.77,6.61,6.64,22582350.0,150643336.0,945621156.0,0.023880969515872378
2026-02-27,6.66,6.75,6.63,6.72,20503611.0,137269803.0,945621156.0,0.021682690652492127
2026-03-02,6.75,6.81,6.64,6.73,31153950.0,209679892.0,945621156.0,0.03294548752671942
2026-03-03,6.72,6.79,6.59,6.61,32379446.0,216871542.0,945621156.0,0.03424145683982561
2026-03-04,6.55,6.81,6.51,6.75,32586174.0,218933003.0,945621156.0,0.03446007293009422
2026-03-05,6.98,7.02,6.68,6.73,37728880.0,256911053.0,945621156.0,0.03989851513009085
2026-03-06,6.67,7.02,6.63,6.99,42080187.0,289980051.0,945621156.0,0.04450004817785612
2026-03-09,7.1,7.29,6.96,6.96,52056029.0,369097233.0,945621156.0,0.05504956046055298
2026-03-10,6.96,7.04,6.79,6.83,33632935.0,231055603.0,945621156.0,0.03556702891702224
2026-03-11,6.79,6.96,6.75,6.94,27618250.0,189506565.0,945621156.0,0.029206463735250866
2026-03-12,6.94,7.05,6.82,6.91,27970082.0,194039625.0,945621156.0,0.029578528169054628
2026-03-13,6.91,7.11,6.9,6.95,32834683.0,230401534.0,945621156.0,0.03472287267650767
2026-03-16,6.94,7.13,6.9,6.97,31140548.0,218088033.0,945621156.0,0.032931314831962155
2026-03-17,6.88,7.07,6.66,6.67,30506969.0,208068171.0,945621156.0,0.03226130126894073
2026-03-18,6.68,6.71,6.53,6.62,20545700.0,135772833.0,945621156.0,0.02172720002046993
2026-03-19,6.57,6.66,6.34,6.38,23379900.0,151273468.0,945621156.0,0.024724383387209243
2026-03-20,6.42,6.43,6.06,6.07,28333449.0,175266899.0,945621156.0,0.029962790934004866
2026-03-23,5.9,6.04,5.64,5.67,34293413.0,199023706.0,945621156.0,0.03626548833262356
2026-03-24,5.76,5.85,5.56,5.77,24293614.0,137920690.0,945621156.0,0.025690641379855085
2026-03-25,5.82,6.03,5.77,5.99,25195100.0,149716498.0,945621156.0,0.02664396818973031
2026-03-26,6.0,6.23,5.97,6.01,23892505.0,145537759.0,945621156.0,0.02526646622529668
2026-03-27,5.95,6.36,5.91,6.31,29017313.0,179941480.0,945621156.0,0.03068598118377969
2026-03-30,6.25,6.5,6.22,6.36,23494439.0,149491486.0,945621156.0,0.02484550906134761
2026-03-31,6.35,6.49,6.08,6.08,23679613.0,147307816.0,945621156.0,0.025041331668345202
2026-04-01,6.2,6.22,6.08,6.12,14648304.0,89868393.0,945621156.0,0.015490668654202571
2026-04-02,6.09,6.19,6.05,6.1,12373433.0,75767944.0,945621156.0,0.013084979033612061
2026-04-03,6.1,6.13,5.71,5.73,19013100.0,110574958.0,945621156.0,0.02010646639974286
2026-04-07,5.8,6.12,5.77,6.11,23932000.0,143470018.0,945621156.0,0.025308232422837206
2026-04-08,6.1,6.16,6.01,6.15,23421600.0,142553526.0,945621156.0,0.024768481385372052
2026-04-09,6.14,6.2,6.05,6.08,12851700.0,78491407.0,945621156.0,0.013590749232349028
2026-04-10,6.12,6.2,6.06,6.13,13122217.0,80520796.0,945621156.0,0.013876822569735317
2026-04-13,6.13,6.13,6.0,6.08,11968750.0,72596527.0,945621156.0,0.012657024352784256
2026-04-14,6.12,6.12,5.97,6.11,12092317.0,72900701.0,945621156.0,0.012787697190649571
2026-04-15,6.07,6.12,6.01,6.04,14216621.0,85976073.0,945621156.0,0.015034161312693813
2026-04-16,6.07,6.45,5.96,6.31,35448885.0,221360443.0,945621156.0,0.037487406849006664
2026-04-17,6.33,6.48,6.22,6.41,27217667.0,174253298.0,945621156.0,0.02878284482882276
2026-04-20,6.4,6.54,6.35,6.38,20325239.0,130640605.0,945621156.0,0.02149406120097423
2026-04-21,6.36,6.39,6.2,6.23,16857922.0,105405153.0,945621156.0,0.01782735283896292
2026-04-22,6.18,6.33,6.18,6.27,11332223.0,70990471.0,945621156.0,0.01198389326221885
2026-04-23,6.27,6.35,6.19,6.29,11870545.0,74392722.0,945621156.0,0.012553171980851917
2026-04-24,6.25,6.89,6.23,6.72,40825919.0,268234197.0,945621156.0,0.043173652303523546
2026-04-27,6.55,6.79,6.34,6.65,43616243.0,285041971.0,945621156.0,0.046124436539150354
2026-04-28,6.58,6.58,6.14,6.21,41861300.0,262875665.0,945621156.0,0.04426857387272753
2026-04-29,6.17,6.36,6.11,6.31,23172398.0,145287901.0,945621156.0,0.02450494878733445
2026-04-30,6.29,6.44,6.16,6.33,25977494.0,163616764.0,945621156.0,0.027471354500871594
2026-05-06,6.33,6.36,6.09,6.14,31794705.0,195825109.0,945621156.0,0.033623089752446274
2026-05-07,6.16,6.18,6.03,6.05,20972850.0,127183939.0,945519780.0,0.02218129164891717
2026-05-08,6.06,6.08,5.97,6.0,16705838.0,100252508.0,945519780.0,0.017668417259340676
2026-05-11,6.01,6.02,5.9,5.95,19779830.0,117788962.0,945519780.0,0.020919530631077862
2026-05-12,5.91,5.92,5.77,5.79,20314095.0,118715851.0,945519780.0,0.021484579624553173
2026-05-13,5.8,5.82,5.75,5.81,13939200.0,80663760.0,945519780.0,0.014742367420383316
2026-05-14,5.82,5.83,5.68,5.69,17865232.0,102066891.0,945519780.0,0.018894614769455167
2026-05-15,5.71,5.71,5.59,5.61,16117012.0,90723482.0,945519780.0,0.01704566349738342
2026-05-18,5.59,5.63,5.5,5.61,11237873.0,62427092.0,945519780.0,0.011885391757748314
2026-05-19,5.61,5.65,5.57,5.63,7597350.0,42575015.0,945519780.0,0.008035104247105226
2026-05-20,5.58,5.61,5.51,5.53,8869802.0,49081158.0,945519780.0,0.0093808740838822
2026-05-21,5.54,5.57,5.4,5.4,12150900.0,66790781.0,945519780.0,0.012851026765405161
2026-05-22,5.42,5.44,5.33,5.43,9743205.0,52370498.0,945519780.0,0.010304601983048943
2026-05-25,5.4,5.44,5.31,5.32,8127250.0,43477066.0,945519780.0,0.008595536732187666
2026-05-26,5.31,5.34,5.22,5.28,9209250.0,48333641.0,945519780.0,0.009739880851567167
2026-05-27,5.3,5.31,5.16,5.2,8903200.0,46423915.0,945519780.0,0.009416196454398871
2026-05-28,5.2,5.23,5.09,5.18,10015200.0,51658741.0,945519780.0,0.010592269153798137
2026-05-29,5.17,5.28,5.16,5.17,9963780.0,51907736.0,945519780.0,0.01053788636764426
2026-06-01,5.16,5.37,5.15,5.34,15592900.0,82861932.0,945519780.0,0.016491352513006128
2026-06-02,5.35,5.37,5.22,5.25,9173650.0,48308883.0,945519780.0,0.009702229603277046
2026-06-03,5.24,5.26,5.14,5.17,8526283.0,44198863.0,945519780.0,0.009017561747888553
2026-06-04,5.17,5.2,5.05,5.1,7622511.0,38945104.0,945519780.0,0.008061715007167803
2026-06-05,5.1,5.2,5.09,5.16,6986300.0,35949873.0,945519780.0,0.007388845953069326
2026-06-08,5.16,5.19,5.03,5.11,9473727.0,48498206.0,945519780.0,0.010019596840163408
2026-06-09,5.12,5.14,5.02,5.1,7116667.0,36171175.0,945519780.0,0.00752672461278388
2026-06-10,5.09,5.12,5.02,5.07,6549697.0,33189870.0,945519780.0,0.006927086178990354
2026-06-11,5.03,5.38,5.03,5.11,16124299.0,82967533.0,945519780.0,0.01705337036947022
2026-06-12,5.1,5.24,5.03,5.18,15173114.0,78013182.0,945519780.0,0.0160473787232669
2026-06-15,5.17,5.24,5.08,5.12,12845157.0,66129242.0,945519780.0,0.013585286391364547
2026-06-16,5.1,5.12,5.03,5.07,7931974.0,40139875.0,945519780.0,0.008389009059123015
2026-06-17,5.07,5.08,4.94,4.95,8725450.0,43518154.0,945519780.0,0.009228204617781767
2026-06-18,4.93,4.94,4.85,4.9,6444350.0,31549425.0,945519780.0,0.006815669155012283
2026-06-22,4.87,4.96,4.68,4.94,14405185.0,69043634.0,945519780.0,0.015235202165733645
2026-06-23,4.93,5.0,4.84,4.88,9863946.0,48471817.0,945519780.0,0.010432299999054487
2026-06-24,4.85,4.87,4.72,4.73,8270554.0,39424377.0,945519780.0,0.008747097813226076
2026-06-25,4.7,4.72,4.6,4.64,9041683.0,41986484.0,945519780.0,0.009562658752628104
2026-06-26,4.6,4.63,4.5,4.53,8294400.0,37796675.0,945519780.0,0.008772317803864452
2026-06-29,4.51,4.66,4.38,4.57,10780100.0,48872825.0,945519780.0,0.011401242182368728
2026-06-30,4.54,4.63,4.47,4.48,7916803.0,35729535.0,945618231.0,0.008372092183150813
2026-07-01,4.51,4.6,4.43,4.56,16204085.0,73400068.0,945618231.0,0.017135969325447576
2026-07-02,4.54,4.65,4.54,4.61,10099818.0,46618335.0,945618231.0,0.010680650677937279
2026-07-03,4.58,4.68,4.58,4.65,7738950.0,35894693.0,945618231.0,0.008184010995447908
2026-07-06,4.65,4.76,4.63,4.71,7190074.0,33807708.0,945618231.0,0.007603569563582156
2026-07-07,4.71,4.72,4.55,4.61,7756010.0,35725319.0,945618231.0,0.008202052102779309
2026-07-08,4.6,4.66,4.53,4.6,6727550.0,30930894.0,945618231.0,0.0071144461680752
2026-07-09,4.57,4.64,4.48,4.52,7993098.0,36241773.0,945618231.0,0.008452774849261551
2026-07-10,4.53,4.65,4.45,4.59,7406022.0,33924637.0,945618231.0,0.007831936565106262
2026-07-13,4.56,4.62,4.52,4.54,6911440.0,31529190.0,945618231.0,0.007308911538952764
2026-07-14,4.54,4.69,4.53,4.66,9108450.0,42137182.0,945618231.0,0.009632269875304467
2026-07-15,4.65,4.8,4.62,4.75,8774100.0,41628474.0,945618231.0,0.009278691666848797
2026-07-16,4.75,4.79,4.67,4.75,6447000.0,30604830.0,945618231.0,0.006817761955775999
2026-07-17,4.74,4.83,4.67,4.71,9698772.0,46050549.0,945618231.0,0.010256540834395145
2026-07-20,4.71,4.79,4.63,4.67,10410182.0,49069029.0,945618231.0,0.01100886347018832
2026-07-21,4.67,4.71,4.6,4.64,9076436.0,42205429.0,934041003.0,0.009717384965807544
2026-07-22,4.61,4.69,4.59,4.64,7232001.0,33517015.0,934041003.0,0.007742701847961594
2026-07-23,4.66,4.8,4.64,4.79,11449546.0,54306532.0,934041003.0,0.012258076426223015
2026-07-24,4.78,4.8,4.63,4.65,10525001.0,49515226.0,934041003.0,0.011268243006672373
2026-07-27,4.64,4.75,4.62,4.72,7321378.0,34483691.0,934041003.0,0.007838390366680723
2026-07-28,4.7,4.77,4.7,4.74,6132460.0,29111578.0,934041003.0,0.006565514768948532
2026-07-29,4.78,4.84,4.75,4.78,10365300.0,49742629.0,934041003.0,0.011097264431334606
2026-07-30,4.76,4.87,4.76,4.84,9504000.0,45921191.0,934041003.0,0.010175142171997347
2026-07-31,4.84,4.9,4.81,4.89,11904554.0,57734426.0,934041003.0,0.012745215640174631
2026-08-03,4.89,5.02,4.86,5.0,14279854.0,70776269.0,934041003.0,0.015288251751406249
2026-08-04,4.98,5.01,4.92,4.94,9959344.0,49331705.0,934041003.0,0.01066264111319747
2026-08-05,4.94,4.98,4.92,4.95,9144150.0,45218736.0,934041003.0,0.009789880712549404
2026-08-06,4.93,4.99,4.92,4.98,9983861.0,49512978.0,934041003.0,0.010688889425553409
2026-08-07,4.96,4.98,4.85,4.89,12641969.0,61850602.0,934041003.0,0.013534704535877854
2026-08-10,4.94,5.12,4.91,5.1,20517568.0,103697901.0,934041003.0,0.02196645322218258
2026-08-11,5.09,5.14,5.06,5.06,9723558.0,49469001.0,934041003.0,0.010410204657792738
2026-08-12,5.08,5.15,5.02,5.12,7749650.0,39446903.0,934041003.0,0.008296905569572731
2026-08-13,5.09,5.1,4.94,4.97,17028760.0,85031990.0,934041003.0,0.018231276726938292
2026-08-14,4.97,5.05,4.94,5.01,9616312.0,48001201.0,934041003.0,0.010295385287277373
2026-08-17,5.0,5.17,5.0,5.13,15409400.0,78751890.0,934041003.0,0.016497562687834165
2026-08-18,5.09,5.34,5.09,5.3,28694800.0,150516316.0,934041003.0,0.03072113526904771
2026-08-19,5.22,5.25,5.09,5.14,19475570.0,100252577.0,934041003.0,0.020850872646326426
2026-08-20,5.1,5.19,5.05,5.18,15823400.0,81124440.0,934041003.0,0.016940798047599202
2026-08-21,5.13,5.14,5.0,5.04,10822912.0,54514149.0,934041003.0,0.011587191531462137
2026-08-24,5.07,5.12,5.04,5.11,11072896.0,56330603.0,934041003.0,0.011854828604349825
2026-08-25,5.06,5.23,5.06,5.17,14239785.0,73718055.0,934041003.0,0.015245353206405222
2026-08-26,5.12,5.21,5.12,5.2,9073050.0,46965931.0,934041003.0,0.009713759857285408
2026-08-27,5.18,5.32,5.18,5.29,14718735.0,77595037.0,934041003.0,0.01575812512804644
2026-08-28,5.26,5.43,5.22,5.4,17914095.0,95815645.0,934041003.0,0.01917913126132858
2026-08-31,5.42,5.44,5.29,5.34,22623866.0,121180292.0,934041003.0,0.024221491270014408
2026-09-01,5.32,5.58,5.3,5.5,32463866.0,178102005.0,934041003.0,0.034756360690516706
2026-09-02,5.45,5.47,5.28,5.3,20777745.0,110973601.0,934041003.0,0.022245003092225064
2026-09-03,5.3,5.36,5.23,5.25,12940316.0,68251341.0,934041003.0,0.013854119849597224
2026-09-04,5.26,5.4,5.22,5.35,14249046.0,76168261.0,934041003.0,0.01525526818869214
2026-09-07,5.33,5.46,5.32,5.42,14951858.0,81047109.0,934041003.0,0.016007710530883408
2026-09-08,5.42,5.69,5.41,5.6,33183523.0,185545610.0,934041003.0,0.03552683757288972
2026-09-09,5.55,5.79,5.51,5.7,36490271.0,207879869.0,934041003.0,0.039067097571518494
2026-09-10,5.68,5.71,5.51,5.54,24173674.0,134947187.0,934041003.0,0.02588074176867801
2026-09-11,5.49,5.65,5.37,5.39,20094845.0,109343608.0,934041003.0,0.02151387887197496
2026-09-14,5.34,5.44,5.24,5.26,20370792.0,108198037.0,934041003.0,0.021809312369127334
2026-09-15,5.25,5.26,5.11,5.11,13534950.0,69855627.0,934041003.0,0.014490745006405249
2026-09-16,5.1,5.19,5.06,5.16,10985700.0,56492574.0,934041003.0,0.011761475100895544
2026-09-17,5.15,5.22,5.06,5.18,13382825.0,68870876.0,934041003.0,0.014327877424027819
2026-09-18,5.16,5.22,5.13,5.17,10096850.0,52297768.0,934041003.0,0.0108098573484145
2026-09-21,5.16,5.26,5.13,5.24,9219050.0,47956294.0,934041003.0,0.009870069911695301
2026-09-22,5.24,5.24,5.12,5.15,10451002.0,53948428.0,934041003.0,0.011189018433273213
2026-09-23,5.18,5.19,5.11,5.13,7729650.0,39655981.0,934041003.0,0.008275493233352199
2026-09-24,5.13,5.16,5.05,5.08,9397200.0,47867366.0,934041003.0,0.0100608002965797
