date,open,high,low,close,volume,amount,outstanding_share,turnover
2021-01-04,57.89,63.23,57.59,62.99,5252567.0,322872893.0,178694995.00000003,0.02939403535057039
2021-01-05,62.8,64.0,61.3,62.1,3621441.0,225930196.0,178694995.00000003,0.020266046063573295
2021-01-06,62.72,63.68,61.44,63.0,3393003.0,212381881.0,178694995.00000003,0.018987677858576843
2021-01-07,63.55,63.55,60.83,63.19,3958477.0,246936284.0,178694995.00000003,0.022152142537623952
2021-01-08,62.99,66.96,61.39,66.15,5221057.0,338194719.0,178694995.00000003,0.02921770136874846
2021-01-11,65.55,67.36,64.22,65.5,4011381.0,263431000.0,178694995.00000003,0.022448200074098323
2021-01-12,64.74,66.1,62.8,65.6,2954891.0,191386086.0,178694995.00000003,0.016535947187552733
2021-01-13,66.2,66.68,62.77,62.96,3990556.0,255918070.0,178694995.00000003,0.022331660716070977
2021-01-14,62.2,62.5,58.7,59.81,4696463.0,282748797.0,178694995.00000003,0.02628200638747604
2021-01-15,59.28,60.95,57.75,60.1,2905052.0,172261679.0,178694995.00000003,0.016257041782283828
2021-01-18,60.28,61.99,58.6,60.17,2396176.0,145379324.0,178694995.00000003,0.013409306735199827
2021-01-19,60.23,61.25,59.7,60.03,1988507.0,120005367.0,178694995.00000003,0.011127938977809644
2021-01-20,59.98,62.25,59.19,61.2,2356833.0,143914605.0,178694995.00000003,0.013189138285602232
2021-01-21,61.2,62.78,60.6,62.2,2813934.0,174172284.0,178694995.00000003,0.01574713382431332
2021-01-22,62.6,63.2,60.37,61.85,2695902.0,165314728.0,178694995.00000003,0.015086611687137626
2021-01-25,61.36,64.5,61.31,63.08,3159700.0,198759773.0,178694995.00000003,0.017682084492629462
2021-01-26,62.9,63.05,60.29,60.7,2288503.0,140515047.0,178694995.00000003,0.012806754884209261
2021-01-27,60.01,61.39,59.32,60.13,1960386.0,117753447.0,178694995.00000003,0.010970570272547364
2021-01-28,59.0,59.49,54.12,54.12,5899280.0,329869740.0,178694995.00000003,0.033013123842668336
2021-01-29,52.0,52.35,48.71,48.72,10640625.0,527070267.0,178694995.00000003,0.05954629563071981
2021-02-01,49.68,51.8,48.18,50.96,6933911.0,350957545.0,178694995.00000003,0.03880305097521058
2021-02-02,51.5,53.43,49.8,51.98,4137521.0,214236753.0,178694995.00000003,0.023154095614149682
2021-02-03,52.31,52.99,50.5,50.77,3326232.0,172573065.0,178694995.00000003,0.018614018820168967
2021-02-04,50.68,52.33,50.25,52.21,2844732.0,146700959.0,178694995.00000003,0.015919483363258158
2021-02-05,51.9,52.9,49.38,50.13,3799998.0,192825069.0,178694995.00000003,0.021265273825940113
2021-02-08,49.9,51.76,48.6,51.69,2808622.0,141926940.0,178694995.00000003,0.015717407194308936
2021-02-09,51.35,52.8,50.63,52.2,2533849.0,131421535.0,178694995.00000003,0.01417974241528141
2021-02-10,52.4,57.08,52.2,56.51,4461915.0,248759908.0,178694995.00000003,0.024969445842621386
2021-02-18,56.51,59.18,55.0,56.95,4075163.0,232935727.0,178694995.00000003,0.022805132287001095
2021-02-19,56.82,58.39,55.5,57.22,3120011.0,178383818.0,178694995.00000003,0.017459979782869686
2021-02-22,56.59,56.84,53.76,53.76,4189090.0,231565598.0,178694995.00000003,0.023442682320229502
2021-02-23,53.0,54.34,52.56,52.98,2239072.0,119546342.0,178694995.00000003,0.012530132699015994
2021-02-24,53.3,53.69,50.34,50.79,2972866.0,152732230.0,178694995.00000003,0.01663653758181643
2021-02-25,51.31,53.35,50.9,51.8,3063543.0,159977995.0,178694995.00000003,0.017143977647499302
2021-02-26,50.23,51.3,49.38,49.5,2410427.0,120403694.0,178694995.00000003,0.013489057150145697
2021-03-01,49.99,50.98,49.77,50.7,1353352.0,68325749.0,178694995.00000003,0.007573530528932832
2021-03-02,51.05,51.66,49.4,49.91,1202373.0,60692276.0,178694995.00000003,0.006728632774521747
2021-03-03,49.99,50.15,48.75,49.07,2322486.0,114392723.0,178694995.00000003,0.012996928089675928
2021-03-04,48.93,48.93,44.89,46.45,3553280.0,164023588.0,178694995.00000003,0.01988460840775087
2021-03-05,45.1,46.64,44.92,46.24,1602254.0,73316551.0,178694995.00000003,0.008966417889879903
2021-03-08,46.24,47.3,43.59,43.92,2911226.0,132530339.0,178694995.00000003,0.01629159227431076
2021-03-09,43.8,44.14,41.4,42.88,2797236.0,119644445.0,178694995.00000003,0.01565368968504126
2021-03-10,43.25,43.88,42.45,42.66,1921829.0,82925183.0,178694995.00000003,0.010754800379271953
2021-03-11,43.06,43.62,41.97,43.28,2769322.0,118600680.0,178694995.00000003,0.015497479378199706
2021-03-12,43.1,43.2,41.95,43.08,1759570.0,74807989.0,178694995.00000003,0.009846778305122646
2021-03-15,42.7,42.8,39.79,40.1,4439030.0,181454239.0,178694995.00000003,0.02484137846166312
2021-03-16,40.7,41.82,39.12,39.41,3763153.0,150498330.0,178694995.00000003,0.021059084503178165
2021-03-17,39.63,42.5,39.13,42.27,4198978.0,172149479.0,178694995.00000003,0.0234980168302979
2021-03-18,42.24,43.18,41.34,43.05,3103286.0,131100771.0,178694995.00000003,0.017366384548151443
2021-03-19,42.94,42.95,40.08,40.64,2862453.0,117599167.0,178694995.00000003,0.01601865234110222
2021-03-22,40.5,42.98,40.11,42.86,2471928.0,103389890.0,178694995.00000003,0.013833224595909917
2021-03-23,42.35,43.13,40.6,41.22,2683693.0,111456522.0,178694995.00000003,0.015018288564825219
2021-03-24,41.19,41.63,40.16,40.6,1616805.0,65960924.0,178694995.00000003,0.009047847143116681
2021-03-25,40.64,42.68,40.34,42.02,2730041.0,114769742.0,178694995.00000003,0.015277657888515565
2021-03-26,42.0,44.9,42.0,43.14,3337408.0,145525112.0,178694995.00000003,0.018676561142633007
2021-03-29,43.77,44.63,43.19,43.7,2136761.0,93835676.0,178694995.00000003,0.011957587284411628
2021-03-30,43.49,45.1,43.16,44.96,2074192.0,92175381.0,178694995.00000003,0.01160744317433177
2021-03-31,45.41,45.53,43.04,44.58,2810037.0,123882762.0,178694995.00000003,0.015725325714914397
2021-04-01,44.4,45.32,43.89,45.08,2034866.0,90909484.0,178694995.00000003,0.011387369858903993
2021-04-02,45.41,46.19,44.82,45.99,1814247.0,82861753.0,178694995.00000003,0.010152757775896295
2021-04-06,45.92,47.02,44.81,46.72,2402549.0,110605788.0,178694995.00000003,0.013444970856626397
2021-04-07,46.39,46.99,44.69,46.9,3046538.0,140311958.0,178694995.00000003,0.017048815497042877
2021-04-08,46.33,47.23,45.96,46.14,2673480.0,124504499.0,178694995.00000003,0.014961135313275
2021-04-09,46.45,47.39,45.95,47.08,2275496.0,106491050.0,178694995.00000003,0.012733966052043034
2021-04-12,47.09,47.1,45.05,45.97,2514017.0,115474729.0,178694995.00000003,0.014068760011996976
2021-04-13,45.8,46.98,45.5,45.7,1409741.0,65300371.0,178694995.00000003,0.007889090570219942
2021-04-14,45.51,46.83,45.33,45.63,1442764.0,66327529.0,178694995.00000003,0.008073891493155697
2021-04-15,46.97,48.5,46.12,47.9,3789909.0,179716752.0,178694995.00000003,0.021208814494216806
2021-04-16,47.52,48.18,46.66,46.96,2357795.0,111088183.0,178694995.00000003,0.013194521760388418
2021-04-19,46.69,48.0,46.33,47.78,2025493.0,95881857.0,178694995.00000003,0.011334917354568323
2021-04-20,47.76,51.0,47.33,49.88,3213907.0,159508958.0,178694995.00000003,0.01798543378341402
2021-04-21,49.61,51.98,49.4,51.85,2728707.0,139109911.0,178694995.00000003,0.015270192654248652
2021-04-22,51.34,52.3,50.45,52.08,2471686.0,127152108.0,178694995.00000003,0.013831870333021915
2021-04-23,51.7,52.97,51.6,51.99,2060058.0,107658771.0,178694995.00000003,0.011528347506319356
2021-04-26,51.84,53.69,50.5,51.2,2998193.0,156077782.0,178694995.00000003,0.016778270706462706
2021-04-27,51.03,51.7,50.32,51.4,1463749.0,74599040.0,178694995.00000003,0.008191326231604863
2021-04-28,51.0,53.2,51.0,51.73,1811895.0,94329073.0,178695576.0,0.010139562716426735
2021-04-29,52.24,53.09,51.35,52.35,2080344.0,109162626.0,178695576.0,0.011641832699876129
2021-04-30,52.14,52.14,48.73,50.11,6990319.0,348107703.0,196068888.0,0.035652362143248344
2021-05-06,49.52,49.98,46.5,46.69,5852691.0,278843395.0,196068888.0,0.029850176943932074
2021-05-07,47.39,47.97,45.7,46.0,3640574.0,169859603.0,196068888.0,0.018567831118621942
2021-05-10,45.88,47.92,45.28,46.33,2744219.0,127543726.0,196068888.0,0.013996198111757537
2021-05-11,45.79,47.18,45.61,46.31,2034461.0,94130035.0,196068888.0,0.010376256124837103
2021-05-12,45.96,49.3,45.85,48.94,4141970.0,198867362.0,196068888.0,0.021125075182759235
2021-05-13,48.5,53.83,48.2,53.83,7290003.0,381316745.0,196068888.0,0.03718082493536659
2021-05-14,54.51,55.85,53.56,54.88,6266407.0,342750843.0,196068888.0,0.031960231242806864
2021-05-17,54.82,56.44,54.2,54.8,5092770.0,281556441.0,196068888.0,0.025974391204789206
2021-05-18,36.34,38.13,36.3,37.42,6790212.0,253862385.0,294105948.0,0.023087639152405037
2021-05-19,37.49,39.17,36.23,38.95,7148107.0,273282209.0,294105948.0,0.02430453055645104
2021-05-20,38.54,39.47,38.03,38.37,4593014.0,177096597.0,294105948.0,0.015616868789066448
2021-05-21,38.58,39.01,37.1,38.38,5456123.0,206932143.0,294105948.0,0.018551556121537534
2021-05-24,38.12,40.45,37.65,40.28,7174861.0,282798069.0,294105948.0,0.02439549777483589
2021-05-25,40.15,41.28,39.77,40.55,5360679.0,217031628.0,294105948.0,0.01822703361307062
2021-05-26,40.6,42.03,39.88,40.65,4755654.0,193487041.0,294105948.0,0.016169866785557156
2021-05-27,40.2,40.69,39.1,40.4,3597354.0,143867854.0,294105948.0,0.012231490129536584
2021-05-28,40.28,41.33,39.81,40.4,3912612.0,158559138.0,294105948.0,0.013303409967077578
2021-05-31,40.43,41.53,39.75,41.29,5066759.0,205902257.0,294105948.0,0.017227665861419435
2021-06-01,41.0,43.3,40.72,42.72,5905950.0,249501929.0,294105948.0,0.020081028759064742
2021-06-02,42.15,42.61,41.0,42.19,3680493.0,153807771.0,294105948.0,0.01251417397379532
2021-06-03,41.69,42.6,41.2,41.35,3209125.0,134385375.0,294105948.0,0.010911459022923262
2021-06-04,41.14,42.49,41.04,41.52,3539888.0,147606703.0,294105948.0,0.012036097957461234
2021-06-07,41.56,41.94,39.0,41.38,7605101.0,307876190.0,294105948.0,0.025858371963289908
2021-06-08,41.36,41.7,39.5,40.12,4540519.0,184165824.0,294105948.0,0.015438378689301448
2021-06-09,40.12,40.86,39.74,40.78,3232510.0,130170839.0,294105948.0,0.010990971185662658
2021-06-10,40.6,41.0,39.9,40.37,2537418.0,102251765.0,294105948.0,0.008627564376902708
2021-06-11,40.29,40.4,38.08,38.47,5468869.0,212475458.0,294105948.0,0.01859489424538942
2021-06-15,38.33,40.51,37.19,39.84,5580093.0,217720717.0,294105948.0,0.0189730708880461
2021-06-16,40.05,41.7,39.61,39.89,5324545.0,216934521.0,294105948.0,0.0181041731260736
2021-06-17,40.1,41.18,39.25,40.65,3500808.0,141983079.0,294105948.0,0.011903220672028028
2021-06-18,40.58,41.05,39.5,40.71,3020905.0,122038346.0,294105948.0,0.010271485566827094
2021-06-21,41.2,44.68,40.86,44.0,5951987.0,257355932.0,294105948.0,0.020237560785407848
2021-06-22,44.0,44.49,42.72,44.03,4652737.0,202988218.0,294105948.0,0.015819935066393148
2021-06-23,44.04,45.43,42.64,43.59,6789447.0,296684505.0,294105948.0,0.023085038048941464
2021-06-24,43.0,43.31,41.7,42.15,4445494.0,188304026.0,294105948.0,0.015115280837502817
2021-06-25,42.15,42.72,40.65,41.3,4611268.0,190193762.0,294105948.0,0.015678934857856056
2021-06-28,41.9,43.17,41.32,41.89,4233005.0,178997368.0,294105948.0,0.014392789499109349
2021-06-29,41.95,42.29,40.4,40.8,4031065.0,165505889.0,294105948.0,0.013706166187431205
2021-06-30,40.69,41.59,40.3,41.0,3044122.0,124295359.0,294105948.0,0.010350426506845077
2021-07-01,41.04,43.12,40.4,42.08,5140816.0,217148349.0,294105948.0,0.017479469677369464
2021-07-02,41.44,42.17,40.45,40.84,3828119.0,158347844.0,294105948.0,0.01301612233969508
2021-07-05,41.1,41.96,39.51,41.75,4489451.0,182252929.0,294105948.0,0.015264740582533203
2021-07-06,41.51,42.6,40.73,42.39,5103787.0,214307801.0,294105948.0,0.017353566069326826
2021-07-07,42.0,42.18,40.56,41.45,4206711.0,174317243.0,294105948.0,0.014303386342937886
2021-07-08,41.46,42.15,40.44,40.6,3309203.0,136343766.0,294105948.0,0.011251737758122457
2021-07-09,40.27,40.27,38.74,39.28,3999347.0,157726292.0,294105948.0,0.013598320697682728
2021-07-12,39.28,40.67,38.6,40.0,3235090.0,128621477.0,294105948.0,0.010999743534598627
2021-07-13,39.79,40.28,38.9,39.45,2934199.0,115962783.0,294105948.0,0.009976673440144093
2021-07-14,39.2,39.7,38.5,38.65,2870402.0,111955524.0,294105948.0,0.009759755011823154
2021-07-15,38.36,38.36,35.89,37.24,7571813.0,280059244.0,294105948.0,0.02574518826120443
2021-07-16,37.02,37.23,35.51,35.52,5107411.0,183832277.0,294105948.0,0.017365888159460142
2021-07-19,35.87,36.5,35.6,36.08,3162891.0,113871868.0,294105948.0,0.010754257169936597
2021-07-20,35.9,36.81,35.75,36.38,3016416.0,109643654.0,294105948.0,0.010256222359705558
2021-07-21,36.39,36.65,35.75,36.22,3493379.0,126352029.0,294105948.0,0.01187796106728178
2021-07-22,36.36,36.48,34.54,35.8,4965694.0,176068486.0,294105948.0,0.016884031192731946
2021-07-23,35.8,35.8,34.53,34.58,4001759.0,139470736.0,294105948.0,0.013606521823897285
2021-07-26,34.51,34.7,32.96,33.55,3742031.0,126137056.0,294105948.0,0.012723411496594417
2021-07-27,33.54,33.99,32.07,32.07,4277336.0,141356355.0,294105948.0,0.014543520894721926
2021-07-28,31.96,32.27,30.3,31.73,4872241.0,152920181.0,294105948.0,0.01656627835354081
2021-07-29,32.29,34.0,31.83,33.28,4163617.0,137832522.0,294105948.0,0.014156860914625228
2021-07-30,33.11,33.77,32.0,33.28,3754208.0,124220098.0,294105948.0,0.012764814943491045
2021-08-02,32.9,33.13,31.68,32.9,5014521.0,162946312.0,294105948.0,0.017050049596412785
2021-08-03,32.8,33.85,32.2,33.32,3820872.0,127080550.0,294105948.0,0.012991481559563698
2021-08-04,33.8,33.8,32.48,33.13,5556568.0,183278528.0,294105948.0,0.018893082706372195
2021-08-05,33.03,34.83,32.5,34.26,5382009.0,183371553.0,294105948.0,0.018299558497878458
2021-08-06,34.02,34.33,33.5,33.91,3544795.0,119788656.0,294105948.0,0.012052782421115809
2021-08-09,33.74,34.99,33.51,34.62,3443520.0,118124846.0,294105948.0,0.011708433724026555
2021-08-10,34.31,35.16,34.08,35.12,2824601.0,97756711.0,294105948.0,0.009604025417398222
2021-08-11,34.85,36.09,34.73,35.74,3516400.0,125080029.0,294105948.0,0.01195623558079145
2021-08-12,36.0,37.38,35.0,35.0,4794883.0,173350011.0,294105948.0,0.01630325069114209
2021-08-13,35.23,35.5,34.03,34.42,3214907.0,110853650.0,294105948.0,0.010931118604918523
2021-08-16,34.4,35.9,34.03,35.83,3931430.0,139137303.0,294105948.0,0.01336739371214621
2021-08-17,36.0,36.0,34.01,34.16,3206282.0,111919798.0,294105948.0,0.010901792438417464
2021-08-18,34.75,34.75,33.19,33.47,3119765.0,105380416.0,294105948.0,0.010607622937296052
2021-08-19,33.11,34.17,33.05,33.46,1802962.0,60439395.0,294105948.0,0.006130314644299543
2021-08-20,33.33,33.85,32.17,33.7,2920611.0,95808781.0,294105948.0,0.009930472402414656
2021-08-23,33.09,34.47,33.09,33.79,2769577.0,93852054.0,294105948.0,0.009416936375594825
2021-08-24,33.79,35.15,33.69,35.11,3188919.0,110715746.0,294105948.0,0.010842755890132491
2021-08-25,35.1,35.98,35.0,35.8,3016230.0,107287540.0,294105948.0,0.01025558993454971
2021-08-26,35.69,35.92,34.83,35.31,2900125.0,102900821.0,294105948.0,0.009860817231754864
2021-08-27,34.0,34.0,31.8,32.2,9165168.0,298642755.0,294105948.0,0.031162810756890914
2021-08-30,32.55,33.25,30.58,31.18,8027549.0,255452407.0,294105948.0,0.027294752297903204
2021-08-31,31.0,31.2,29.13,29.57,6507552.0,193685463.0,294105948.0,0.02212655692362944
2021-09-01,29.57,29.87,28.72,29.67,4345077.0,127424827.0,294105948.0,0.01477384945645506
2021-09-02,30.02,30.33,29.15,29.31,3262378.0,96682641.0,294105948.0,0.01109252642520511
2021-09-03,29.28,32.2,28.86,31.64,6367726.0,196029824.0,294105948.0,0.021651129612652375
2021-09-06,31.2,31.2,29.52,30.53,5960707.0,179931355.0,294105948.0,0.020267209964757327
2021-09-07,30.53,30.9,30.07,30.64,3100884.0,94746242.0,294105948.0,0.010543424983706891
2021-09-08,30.75,30.99,30.19,30.41,2534770.0,77223600.0,294105948.0,0.008618560818769976
2021-09-09,30.2,30.87,29.85,30.15,2902462.0,87916914.0,294105948.0,0.009868763347825934
2021-09-10,30.18,30.6,29.81,30.23,2289740.0,69257449.0,294105948.0,0.007785425679320161
2021-09-13,30.24,30.3,29.69,29.74,3170175.0,94634809.0,294105948.0,0.0107790237550721
2021-09-14,29.8,30.12,29.2,29.25,3033680.0,89957130.0,294105948.0,0.010314922294601127
2021-09-15,29.25,29.5,28.4,28.6,3224991.0,92285244.0,294105948.0,0.010965405568744226
2021-09-16,28.56,29.2,28.39,28.73,2689236.0,77569661.0,294105948.0,0.009143766109755794
2021-09-17,28.96,30.1,28.1,29.89,3999943.0,116391226.0,294105948.0,0.013600347178289642
2021-09-22,29.45,30.51,29.3,29.95,2341156.0,70216703.0,294105948.0,0.007960247033154188
2021-09-23,29.9,30.45,29.77,30.39,3125891.0,94145748.0,294105948.0,0.01062845216581611
2021-09-24,30.3,30.32,29.88,30.27,2787822.0,83971758.0,294105948.0,0.00947897184316721
2021-09-27,30.0,32.16,30.0,31.33,6061842.0,190254749.0,294105948.0,0.02061108264291207
2021-09-28,31.27,31.68,30.45,31.32,3699102.0,115580340.0,294105948.0,0.012577447090597433
2021-09-29,31.17,31.99,30.74,31.5,4694911.0,147953803.0,294105948.0,0.015963332370279026
2021-09-30,31.5,32.32,31.5,31.98,3820322.0,121980383.0,294105948.0,0.012989611485178123
2021-10-08,32.2,33.65,32.09,33.15,4524835.0,149484971.0,294105948.0,0.015385050968095348
2021-10-11,33.24,34.09,32.82,33.17,3857305.0,128494879.0,294105948.0,0.013115358686999421
2021-10-12,32.84,33.34,32.22,33.14,2826505.0,92980397.0,294105948.0,0.009610499274907558
2021-10-13,33.31,33.36,32.73,33.25,1781343.0,58858639.0,294105948.0,0.006056807120405467
2021-10-14,33.5,33.5,31.96,32.13,2958575.0,96244906.0,294105948.0,0.01005955513691277
2021-10-15,32.1,32.6,31.42,31.95,2848610.0,91266566.0,294105948.0,0.009685659264531434
2021-10-18,31.88,32.0,29.88,30.63,3858678.0,118249347.0,294105948.0,0.013120027072692865
2021-10-19,30.88,31.78,30.42,31.56,2811958.0,88009940.0,294105948.0,0.009561037507476727
2021-10-20,31.4,32.2,31.01,31.2,2668915.0,83720183.0,294105948.0,0.009074671961411675
2021-10-21,31.13,31.5,30.44,30.7,2307924.0,71022539.0,294105948.0,0.007847253738642512
2021-10-22,30.97,31.33,30.27,30.78,2081729.0,64069666.0,294105948.0,0.007078160146560518
2021-10-25,28.81,30.0,27.75,28.85,8482095.0,241512616.0,294105948.0,0.028840270173658644
2021-10-26,28.76,29.35,28.07,28.8,3464660.0,99431151.0,294105948.0,0.011780312583137557
2021-10-27,28.5,28.8,28.03,28.17,3230133.0,91220615.0,294105948.0,0.010982889064181729
2021-10-28,28.1,28.21,27.3,27.51,3426058.0,94451941.0,294105948.0,0.011649060562352176
2021-10-29,27.51,29.76,27.5,29.41,5178527.0,149754532.0,294105948.0,0.01760769217765021
2021-11-01,29.51,31.46,29.0,30.25,4513002.0,137319334.0,294105948.0,0.015344817167723518
2021-11-02,30.33,30.64,29.66,30.08,3195656.0,96163777.0,294105948.0,0.01086566260128816
2021-11-03,30.1,31.47,30.1,31.3,5178886.0,160151870.0,294105948.0,0.017608912826203707
2021-11-04,31.32,31.48,30.8,30.98,2673823.0,83074429.0,294105948.0,0.009091359825201496
2021-11-05,30.88,31.61,30.61,30.61,2813879.0,87203284.0,294105948.0,0.009567569167285253
2021-11-08,30.65,30.88,29.76,30.21,3237261.0,97794355.0,294105948.0,0.011007125228218778
2021-11-09,30.18,30.5,29.7,29.95,2193550.0,65636248.0,294105948.0,0.007458366669959357
2021-11-10,29.75,30.18,29.09,29.61,1897950.0,56044960.0,294105948.0,0.006453286691094054
2021-11-11,29.73,29.95,29.2,29.47,1704415.0,50243424.0,294105948.0,0.00579524151616274
2021-11-12,29.43,29.67,29.3,29.46,1750953.0,51592164.0,294105948.0,0.005953477010264342
2021-11-15,29.7,30.98,29.65,30.54,4206056.0,127822263.0,294105948.0,0.014301159254351428
2021-11-16,30.8,33.59,30.32,33.59,9527665.0,308634268.0,294105948.0,0.03239534958334131
2021-11-17,33.33,33.81,32.54,33.1,8362353.0,276905626.0,294105948.0,0.02843313117897228
2021-11-18,33.01,33.06,31.51,31.79,5241274.0,167840040.0,294105948.0,0.017821040463962327
2021-11-19,31.48,31.98,31.06,31.55,4147074.0,130590715.0,294105948.0,0.014100612477242385
2021-11-22,31.68,32.4,31.2,31.85,4093941.0,129978578.0,294105948.0,0.013919953091190118
2021-11-23,31.84,32.85,31.53,32.39,4117009.0,133593181.0,294105948.0,0.013998387411056372
2021-11-24,32.31,32.66,31.78,32.35,3261710.0,104993925.0,294105948.0,0.011090255134860448
2021-11-25,32.35,32.45,31.72,31.87,2587658.0,83119576.0,294105948.0,0.00879838717168685
2021-11-26,31.87,32.05,31.24,31.27,2012146.0,63407992.0,294105948.0,0.006841568535703331
2021-11-29,30.8,31.15,30.62,30.78,2361515.0,72868736.0,294105948.0,0.008029470386637675
2021-11-30,31.0,31.48,30.77,30.97,2093847.0,65088290.0,294105948.0,0.007119362985477601
2021-12-01,30.97,31.28,30.02,30.19,3728847.0,113881718.0,294105948.0,0.012678584113504567
2021-12-02,30.47,30.8,29.58,29.72,3313039.0,99734118.0,294105948.0,0.01126478067692803
2021-12-03,29.75,30.11,29.57,30.11,1770742.0,52912781.0,294105948.0,0.0060207622866573236
2021-12-06,30.07,30.08,28.46,28.5,6233776.0,179411618.0,294105948.0,0.021195681496383744
2021-12-07,28.54,28.89,28.4,28.58,3311768.0,94634746.0,294105948.0,0.011260459105029728
2021-12-08,28.73,29.88,28.73,29.63,3980627.0,116873063.0,294105948.0,0.013534670165868254
2021-12-09,29.77,30.64,29.5,30.1,4020749.0,121410383.0,294105948.0,0.013671090392228314
2021-12-10,30.01,30.41,29.8,30.22,1851072.0,55620390.0,294105948.0,0.006293895151008643
2021-12-13,30.26,30.73,29.89,29.95,2694630.0,81426842.0,294105948.0,0.009162106439275414
2021-12-14,29.88,30.45,29.72,30.2,1569242.0,47282036.0,294105948.0,0.00533563503448764
2021-12-15,30.2,30.23,29.41,29.66,2360871.0,70251462.0,294105948.0,0.00802728069953893
2021-12-16,29.74,29.99,29.3,29.94,1725190.0,51077000.0,294105948.0,0.0058658793259087705
2021-12-17,29.8,29.8,29.02,29.1,2629310.0,76891454.0,294105948.0,0.008940009604974056
2021-12-20,28.97,29.34,28.87,29.02,1671671.0,48621107.0,294105948.0,0.005683907487651354
2021-12-21,29.02,29.22,28.68,29.16,2199532.0,63667917.0,294105948.0,0.007478706279003919
2021-12-22,29.2,29.36,28.91,29.11,2272283.0,66118445.0,294105948.0,0.007726069518322017
2021-12-23,29.26,29.28,28.72,28.87,2060873.0,59534807.0,294105948.0,0.007007246925859521
2021-12-24,28.8,29.3,28.54,29.29,3346515.0,96761929.0,294105948.0,0.011378603604439853
2021-12-27,29.42,29.62,29.03,29.62,2650509.0,77767280.0,294105948.0,0.009012089072064602
2021-12-28,29.78,30.37,29.3,29.34,4006584.0,119213217.0,294105948.0,0.013622927476461646
2021-12-29,29.62,30.0,29.2,29.72,3337189.0,99038294.0,294105948.0,0.011346893943130997
2021-12-30,29.66,29.96,29.6,29.83,2139230.0,63802610.0,294105948.0,0.007273671323369495
2021-12-31,29.82,30.33,29.55,30.24,3593932.0,107789431.0,294105948.0,0.012219854866723062
2022-01-04,30.38,30.64,29.96,30.61,4448808.0,134989629.0,294105948.0,0.015126548885709717
2022-01-05,30.5,30.88,29.7,29.99,3440010.0,103805692.0,294105948.0,0.01169649924931134
2022-01-06,29.76,30.04,29.19,29.45,3589997.0,106287944.0,294105948.0,0.012206475334528087
2022-01-07,29.45,29.75,28.72,28.78,2820764.0,82197642.0,294105948.0,0.009590979098457403
2022-01-10,28.62,29.3,27.7,29.12,3561583.0,101785800.0,294105948.0,0.012109863891634045
2022-01-11,28.99,29.24,28.48,28.54,2518960.0,72494958.0,294105948.0,0.008564804680522816
2022-01-12,28.61,28.77,28.26,28.76,2176040.0,62041844.0,294105948.0,0.007398830301793148
2022-01-13,28.56,29.05,28.43,28.49,2000950.0,57397738.0,294105948.0,0.0068035006214835205
2022-01-14,28.47,28.73,28.15,28.24,1783951.0,50551797.0,294105948.0,0.006065674673128338
2022-01-17,28.15,28.43,28.06,28.22,1486142.0,41988735.0,294105948.0,0.005053083795503517
2022-01-18,28.4,28.4,27.8,28.0,2599876.0,72835272.0,294105948.0,0.008839930024128584
2022-01-19,27.9,28.0,27.6,27.8,1652633.0,45873726.0,294105948.0,0.005619175712828494
2022-01-20,27.8,28.04,27.61,27.95,1588392.0,44185075.0,294105948.0,0.0054007476244581085
2022-01-21,27.9,27.97,27.4,27.4,1718794.0,47321118.0,294105948.0,0.005844132060872159
2022-01-24,27.4,27.58,26.5,27.06,2430914.0,65471090.0,294105948.0,0.008265436372609507
2022-01-25,26.98,27.14,26.3,26.33,1560177.0,41433936.0,294105948.0,0.00530481280847812
2022-01-26,26.33,26.6,26.0,26.16,1227206.0,32122474.0,294105948.0,0.0041726663753158776
2022-01-27,26.16,26.26,24.28,24.51,3658256.0,91233265.0,294105948.0,0.012438565166318907
2022-01-28,24.99,25.1,24.52,24.93,1894529.0,47204772.0,294105948.0,0.006441654828415779
2022-02-07,25.56,25.98,25.05,25.83,2478058.0,63680903.0,294105948.0,0.008425732348670487
2022-02-08,26.13,26.43,25.57,26.4,1716373.0,44854984.0,294105948.0,0.005835900333440384
2022-02-09,26.63,27.14,26.26,26.7,1655387.0,44471149.0,294105948.0,0.0056285396852973546
2022-02-10,26.97,26.97,26.48,26.65,1065206.0,28382621.0,294105948.0,0.0036218444653829305
2022-02-11,27.19,27.19,25.87,25.96,1513828.0,39626946.0,294105948.0,0.005147219939938107
2022-02-14,25.9,26.09,25.54,25.62,840947.0,21633878.0,294105948.0,0.0028593335351381603
2022-02-15,25.64,26.18,25.61,25.94,1063050.0,27534722.0,294105948.0,0.0036145137737914773
2022-02-16,26.0,26.46,26.0,26.18,832568.0,21848933.0,294105948.0,0.00283084380190774
2022-02-17,26.23,26.29,25.95,26.04,590317.0,15386930.0,294105948.0,0.0020071576383079476
2022-02-18,25.92,26.24,25.7,26.08,671717.0,17486286.0,294105948.0,0.002283928647373021
2022-02-21,26.08,26.38,25.92,26.23,649947.0,17030037.0,294105948.0,0.0022099077030567228
2022-02-22,26.15,26.2,25.43,25.58,1328334.0,34083760.0,294105948.0,0.004516515252523896
2022-02-23,25.85,26.02,25.52,25.81,1460500.0,37673236.0,294105948.0,0.0049658975275127725
2022-02-24,25.83,25.87,24.42,24.92,2474677.0,62082879.0,294105948.0,0.00841423649140207
2022-02-25,25.0,25.62,25.0,25.24,1432473.0,36340570.0,294105948.0,0.004870601936959126
2022-02-28,25.24,25.45,24.68,25.04,1379452.0,34465711.0,294105948.0,0.004690323366054467
2022-03-01,25.64,25.64,24.85,25.03,1374638.0,34372506.0,294105948.0,0.004673955114977818
2022-03-02,24.9,25.19,24.6,24.9,1269335.0,31540191.0,294105948.0,0.004315910673115662
2022-03-03,24.99,25.07,24.56,24.61,1430449.0,35322966.0,294105948.0,0.0048637200632202105
2022-03-04,24.61,24.87,24.37,24.52,1321359.0,32494067.0,294105948.0,0.004492799309179562
2022-03-07,24.53,24.59,23.19,23.5,3266431.0,77293314.0,294105948.0,0.011106307173359174
2022-03-08,23.58,23.82,22.49,22.53,2282657.0,52598575.0,294105948.0,0.007761342521369204
2022-03-09,22.51,22.6,20.93,21.42,4983725.0,107779254.0,294105948.0,0.016945339031361584
2022-03-10,21.5,21.94,21.35,21.4,3582032.0,77343079.0,294105948.0,0.012179393257289716
2022-03-11,21.0,21.53,20.6,21.44,3376318.0,70878671.0,294105948.0,0.011479937835191283
2022-03-14,21.35,21.48,20.45,20.53,2555450.0,53209460.0,294105948.0,0.008688875615667589
2022-03-15,20.33,20.44,19.32,19.32,3629168.0,72412261.0,294105948.0,0.012339662032268725
2022-03-16,19.5,20.1,18.84,20.01,3333378.0,65152870.0,294105948.0,0.011333936027706586
2022-03-17,20.41,21.04,20.27,20.6,3172236.0,65622470.0,294105948.0,0.010786031433815136
2022-03-18,20.7,20.73,20.21,20.4,1581637.0,32298072.0,294105948.0,0.005377779710868003
2022-03-21,20.4,20.98,20.31,20.72,2068375.0,42706179.0,294105948.0,0.007032754740478761
2022-03-22,20.53,20.83,20.31,20.62,1502618.0,30928910.0,294105948.0,0.005109104423824846
2022-03-23,20.79,21.15,20.45,20.84,1779865.0,37084620.0,294105948.0,0.00605178172051114
2022-03-24,20.88,20.88,20.42,20.53,1479836.0,30451998.0,294105948.0,0.00503164254263909
2022-03-25,20.63,21.19,20.46,20.72,2451260.0,51246006.0,294105948.0,0.00833461552433479
2022-03-28,20.62,20.77,20.11,20.6,1902390.0,38933966.0,294105948.0,0.006468383291588513
2022-03-29,20.8,20.8,20.23,20.47,1553423.0,31707522.0,294105948.0,0.0052818482950232615
2022-03-30,20.52,21.05,20.21,21.02,2247830.0,46851798.0,294105948.0,0.00764292601113936
2022-03-31,21.08,21.15,20.57,20.76,1778755.0,37047769.0,294105948.0,0.006048007570387526
2022-04-01,20.65,20.83,20.38,20.44,1613772.0,33073104.0,294105948.0,0.0054870430570142705
2022-04-06,20.44,21.08,20.37,20.83,2320692.0,48193476.0,294105948.0,0.00789066666546982
2022-04-07,20.76,20.81,19.92,19.97,2237400.0,45270978.0,294105948.0,0.007607462600518368
2022-04-08,20.24,20.24,19.25,19.32,1752263.0,34097592.0,294105948.0,0.005957931187437256
2022-04-11,19.28,19.43,18.64,18.75,2450085.0,46534651.0,294105948.0,0.008330620365420151
2022-04-12,18.64,19.24,18.53,19.19,1920676.0,36233329.0,294105948.0,0.0065305581647060055
2022-04-13,19.09,19.43,18.75,19.04,1486850.0,28478612.0,294105948.0,0.005055491091258039
2022-04-14,19.05,19.79,18.84,19.66,2395026.0,46572415.0,294105948.0,0.008143412318883126
2022-04-15,19.45,19.98,19.16,19.49,2080823.0,40779877.0,294105948.0,0.007075079624027189
2022-04-18,19.2,20.5,19.2,20.36,2184431.0,43819336.0,294105948.0,0.007427360836646527
2022-04-19,20.36,20.66,20.1,20.4,2391016.0,48680828.0,294105948.0,0.008129777776544661
2022-04-20,20.69,21.72,20.26,21.32,5170324.0,109692721.0,294105948.0,0.017579800868223174
2022-04-21,21.51,22.39,21.33,21.47,5618369.0,122371529.0,294105948.0,0.01910321446474112
2022-04-22,21.46,21.46,20.23,20.23,4751021.0,98212857.0,294105948.0,0.016154113958960124
2022-04-25,20.01,20.44,19.0,19.1,3579150.0,70642136.0,294105948.0,0.012169594067509304
2022-04-26,19.34,19.96,18.79,18.91,3379270.0,65468769.0,294105948.0,0.01148997503443895
2022-04-27,18.71,19.18,17.65,19.15,3995821.0,73112472.0,294105948.0,0.01358633182080357
2022-04-28,18.94,19.3,18.32,18.59,2281925.0,42673514.0,294105948.0,0.007758853622368766
2022-04-29,18.69,20.38,18.53,20.24,3527948.0,69391105.0,294105948.0,0.011995500342618029
2022-05-05,20.3,22.26,20.27,22.26,5367978.0,116914066.0,294105948.0,0.01825185120023482
2022-05-06,21.8,23.42,21.59,22.88,6161448.0,139870904.0,294105948.0,0.020949756514274918
2022-05-09,22.5,23.52,22.19,23.35,4487335.0,103296194.0,294105948.0,0.01525754589635161
2022-05-10,23.17,23.28,22.25,22.85,4062636.0,92600103.0,294105948.0,0.013813511857298445
2022-05-11,23.2,23.59,22.69,22.82,3474037.0,80217463.0,294105948.0,0.011812195651343985
2022-05-12,22.73,23.29,22.22,22.97,2273670.0,52040623.0,294105948.0,0.0077307855059089116
2022-05-13,23.35,23.44,22.29,22.51,2423200.0,54757044.0,294105948.0,0.008239207729318007
2022-05-16,22.84,22.99,22.25,22.3,2132139.0,48020070.0,294105948.0,0.007249560964336566
2022-05-17,22.33,22.35,20.31,22.2,1824030.0,40265041.0,294105948.0,0.0062019486936727986
2022-05-18,22.21,22.44,21.71,21.83,1793550.0,39497146.0,294105948.0,0.006098312571359488
2022-05-19,21.39,21.75,21.27,21.6,1863066.0,40015813.0,294105948.0,0.00633467637315516
2022-05-20,21.71,22.83,21.67,22.42,2930577.0,65624354.0,294105948.0,0.009964358150281271
2022-05-23,22.43,22.81,22.18,22.58,1840088.0,41326113.0,294105948.0,0.00625654806546109
2022-05-24,22.6,22.8,21.2,21.36,2717680.0,59176382.0,294105948.0,0.009240479556707232
2022-05-25,21.43,22.18,21.04,22.06,2548433.0,55558610.0,294105948.0,0.008665016866642901
2022-05-26,22.09,22.21,21.18,21.83,2203833.0,47656377.0,294105948.0,0.007493330260699114
2022-05-27,21.95,22.21,21.52,21.87,1469838.0,32230912.0,294105948.0,0.004997647990444587
2022-05-30,21.82,22.28,21.71,22.12,1756555.0,38777657.0,294105948.0,0.005972524567915233
2022-05-31,22.06,22.8,21.78,22.74,2539483.0,57243667.0,294105948.0,0.008634585656186728
2022-06-01,22.8,23.07,22.51,22.7,1847221.0,42055985.0,294105948.0,0.0062808012301743725
2022-06-02,22.7,22.7,22.16,22.39,2026300.0,45246742.0,294105948.0,0.006889694049982287
2022-06-06,22.39,22.97,22.33,22.89,2276050.0,51628536.0,294105948.0,0.00773887782779558
2022-06-07,22.98,23.35,22.56,22.7,2261556.0,51807106.0,294105948.0,0.007689596267532814
2022-06-08,22.8,22.95,22.22,22.65,1486527.0,33559231.0,294105948.0,0.005054392847573419
2022-06-09,22.65,23.0,22.19,22.56,3516967.0,79360099.0,294105948.0,0.011958163457476216
2022-06-10,22.23,22.85,21.6,22.68,2009599.0,45198703.0,294105948.0,0.006832908391230496
2022-06-13,22.8,24.95,22.55,24.95,6882243.0,167560623.0,294105948.0,0.023400556999275648
2022-06-14,24.89,25.05,23.75,24.16,7530254.0,183286219.0,294105948.0,0.025603882040495147
2022-06-15,24.18,24.64,23.8,24.33,5112400.0,124340681.0,294105948.0,0.017382851434204927
2022-06-16,24.72,25.5,24.4,24.53,5304839.0,132068398.0,294105948.0,0.018037170060906077
2022-06-17,24.99,25.32,24.6,25.15,3808753.0,95367234.0,294105948.0,0.012950275320511368
2022-06-20,24.84,25.29,24.71,25.13,3192033.0,79776510.0,294105948.0,0.01085334391129009
2022-06-21,25.3,25.37,24.55,24.95,2569150.0,64184139.0,294105948.0,0.008735457468544636
2022-06-22,25.18,25.18,24.62,24.77,2453600.0,61096345.0,294105948.0,0.008342571840811597
2022-06-23,24.77,25.23,24.61,24.92,2059250.0,51278253.0,294105948.0,0.007001728506354452
2022-06-24,25.0,25.8,24.8,25.5,2760160.0,69982257.0,294105948.0,0.009384917301978537
2022-06-27,25.68,26.69,25.5,26.29,4231000.0,111231429.0,294105948.0,0.014385972227940117
2022-06-28,26.29,26.29,25.6,25.79,2622354.0,67539329.0,294105948.0,0.008916358264199403
2022-06-29,25.67,25.67,24.66,24.69,3525645.0,88461955.0,294105948.0,0.01198766983114534
2022-06-30,24.83,25.7,24.7,25.42,2622897.0,66447612.0,294103473.0,0.008918279587946247
2022-07-01,25.48,25.64,25.1,25.27,1433723.0,36301979.0,294103473.0,0.004874893129874736
2022-07-04,25.27,26.11,25.26,26.07,2840600.0,73452609.0,294103473.0,0.009658505460763463
2022-07-05,26.35,26.86,25.31,25.74,2808391.0,72964670.0,294103473.0,0.009548989582996185
2022-07-06,25.99,25.99,25.0,25.46,2413322.0,61366095.0,294103473.0,0.008205690246983244
2022-07-07,25.67,25.88,25.1,25.45,1752500.0,44644571.0,294103473.0,0.0059587871646792825
2022-07-08,25.68,25.68,24.83,25.06,1999487.0,50270212.0,294103473.0,0.00679858343597323
2022-07-11,25.34,26.9,24.95,25.55,4558863.0,118777525.0,294103473.0,0.015500881215367355
2022-07-12,25.42,25.79,24.14,24.65,2656759.0,66333737.0,294103473.0,0.009033415936574132
2022-07-13,24.78,24.88,24.16,24.65,1658228.0,40672294.0,294103473.0,0.005638246917267787
2022-07-14,24.65,24.82,24.28,24.35,1810894.0,44417889.0,294103473.0,0.006157336333121099
2022-07-15,24.28,24.89,23.78,24.36,2093050.0,51161035.0,294103473.0,0.007116712967207973
2022-07-18,24.36,24.66,24.09,24.52,1406521.0,34293251.0,294103473.0,0.004782401872554562
2022-07-19,24.51,25.5,24.3,25.5,2335288.0,58835437.0,294103473.0,0.0079403618603307
2022-07-20,25.65,25.65,25.03,25.41,1275260.0,32342589.0,294103473.0,0.004336092964124908
2022-07-21,25.39,25.6,25.09,25.27,1202684.0,30441289.0,294103473.0,0.004089322671820336
2022-07-22,25.26,25.54,24.96,25.48,2196740.0,55629000.0,294103473.0,0.007469275957853106
2022-07-25,25.48,25.6,24.6,24.67,1605837.0,40074711.0,294103473.0,0.005460108932477652
2022-07-26,24.76,25.09,24.58,25.0,1239395.0,30836940.0,294103473.0,0.004214146087285409
2022-07-27,24.85,25.2,24.7,25.15,925680.0,23180258.0,294103473.0,0.0031474636819402674
2022-07-28,25.15,25.5,25.15,25.36,1161520.0,29474095.0,294103473.0,0.003949358326686608
2022-07-29,25.58,25.58,25.09,25.22,1380417.0,34941506.0,294103473.0,0.004693643995152686
2022-08-01,25.21,25.36,24.71,25.32,1586155.0,39680672.0,294103473.0,0.005393186907384803
2022-08-02,25.09,25.22,23.81,24.34,2672219.0,65327739.0,294103473.0,0.00908598246984999
2022-08-03,24.06,24.78,24.06,24.06,1776352.0,43383531.0,294103473.0,0.006039887873068401
2022-08-04,24.25,24.58,24.0,24.49,1189987.0,28969602.0,294103473.0,0.004046150791289704
2022-08-05,24.51,25.73,24.32,25.71,2493438.0,63026006.0,294103473.0,0.008478097774792344
2022-08-08,25.95,26.0,25.34,25.58,1527321.0,39100341.0,294103473.0,0.0051931416668445805
2022-08-09,25.47,25.65,25.01,25.6,1421087.0,36031043.0,294103473.0,0.004831928659339565
2022-08-10,25.59,26.5,25.39,26.26,2808767.0,73448795.0,294103473.0,0.009550268044607553
2022-08-11,26.32,26.81,26.01,26.55,2615113.0,69288538.0,294103473.0,0.008891812712459876
2022-08-12,26.35,26.79,26.29,26.6,2128662.0,56705934.0,294103473.0,0.007237799602590888
2022-08-15,26.0,26.6,25.54,25.75,3522336.0,91048072.0,294103473.0,0.011976519570035815
2022-08-16,25.99,27.3,25.69,26.48,5706132.0,150915851.0,294103473.0,0.019401783806884863
2022-08-17,26.68,26.98,26.2,26.57,3077480.0,81585963.0,294103473.0,0.010463936275924223
2022-08-18,26.52,26.52,26.0,26.15,1883007.0,49248406.0,294103473.0,0.0064025323495584836
2022-08-19,26.15,26.57,25.9,25.93,2239821.0,58545447.0,294103473.0,0.007615758417106486
2022-08-22,25.78,26.55,25.75,26.18,2637133.0,69147902.0,294103473.0,0.008966684320657444
2022-08-23,26.45,27.85,26.02,27.4,5682578.0,154092140.0,294103473.0,0.019321696347326032
2022-08-24,27.26,27.45,26.5,26.56,3038519.0,81444857.0,294103473.0,0.01033146249177411
2022-08-25,26.56,27.02,25.96,26.24,2559212.0,67758472.0,294103473.0,0.008701740152521082
2022-08-26,26.24,27.24,25.94,26.65,2603806.0,69767403.0,294103473.0,0.008853367059694667
2022-08-29,26.26,26.92,25.78,26.03,3039943.0,79708403.0,294103473.0,0.010336304325110774
2022-08-30,25.86,28.41,25.65,27.88,7617495.0,208813839.0,294103473.0,0.02590073120285798
2022-08-31,27.81,28.25,26.94,27.73,5832826.0,160795491.0,294103473.0,0.01983256416696582
2022-09-01,27.48,28.73,26.5,28.26,7675819.0,215060301.0,294103473.0,0.026099042359829596
2022-09-02,28.0,29.29,27.76,28.42,5983891.0,170832964.0,294103473.0,0.020346209920479245
2022-09-05,28.29,28.97,27.48,28.77,4421104.0,124261724.0,294103473.0,0.015032478042175314
2022-09-06,28.4,28.58,27.46,27.73,4564891.0,127122602.0,294103473.0,0.015521377403115535
2022-09-07,27.46,27.86,27.0,27.15,4225815.0,115523766.0,294103473.0,0.01436846344211651
2022-09-08,27.16,27.54,26.22,26.67,4181393.0,111478460.0,294103473.0,0.014217421363126847
2022-09-09,26.67,27.4,26.2,27.2,2853159.0,77102311.0,294103473.0,0.009701208118681413
2022-09-13,27.15,28.34,27.0,27.67,3430062.0,95354240.0,294103473.0,0.011662772850016634
2022-09-14,27.3,27.64,26.7,26.96,2374597.0,64377447.0,294103473.0,0.008074018901504098
2022-09-15,27.15,27.18,26.05,26.38,2355400.0,62425935.0,294103473.0,0.008008745955883356
2022-09-16,26.58,28.8,26.4,27.29,7130872.0,198135968.0,294103473.0,0.02424613326480507
2022-09-19,27.08,28.4,26.48,27.74,5575432.0,154393880.0,294103473.0,0.01895738239038068
2022-09-20,27.69,28.35,27.49,27.82,3570583.0,99522956.0,294103473.0,0.012140567275790042
2022-09-21,27.86,28.34,27.5,27.97,3392293.0,94824589.0,294103473.0,0.011534352061187662
2022-09-22,28.0,29.24,27.83,28.6,5139148.0,147488436.0,294103473.0,0.01747394530087715
2022-09-23,28.48,28.5,27.0,27.34,4119718.0,113766018.0,294103473.0,0.014007716257060317
2022-09-26,27.34,27.79,26.68,27.09,3057219.0,83315306.0,294103473.0,0.010395045555956424
2022-09-27,27.42,29.8,27.42,29.8,8613945.0,250596258.0,294103473.0,0.029288824481171632
2022-09-28,29.74,30.33,29.0,29.4,7200522.0,213717440.0,294103473.0,0.024482954677655235
2022-09-29,29.6,29.97,28.91,29.14,4068308.0,119996962.0,294103473.0,0.013832913833016857
2022-09-30,29.18,30.03,28.8,29.3,4148551.0,121296823.0,294103473.0,0.014105753181636179
2022-10-10,29.25,30.6,28.4,30.0,6311302.0,188692040.0,294103473.0,0.021459460970051178
2022-10-11,29.88,30.48,28.95,30.13,4575940.0,136154828.0,294103473.0,0.01555894581360486
2022-10-12,30.15,30.18,28.7,29.9,5637859.0,166526923.0,294103473.0,0.019169644419669944
2022-10-13,29.73,31.03,29.33,30.99,6077028.0,185483898.0,294103473.0,0.020662890981909623
2022-10-14,30.91,32.11,29.76,29.98,9555314.0,295595953.0,294103473.0,0.0324896333339117
2022-10-17,29.55,29.97,28.8,29.77,5348682.0,157104225.0,294103473.0,0.018186395235121892
2022-10-18,29.93,30.3,28.5,28.9,8690194.0,251945469.0,294103473.0,0.029548083575334047
2022-10-19,28.7,28.7,26.01,26.01,13374709.0,361485819.0,294103473.0,0.04547620218004022
2022-10-20,24.93,25.36,23.75,24.03,16170190.0,393673744.0,294103473.0,0.05498129564760359
2022-10-21,24.28,24.35,22.34,23.68,13317029.0,308264850.0,294103473.0,0.045280080728594456
2022-10-24,23.1,23.52,22.9,23.14,10655654.0,247182409.0,294103473.0,0.036230969635642485
2022-10-25,22.55,22.67,20.83,20.83,13634491.0,289666681.0,294103473.0,0.04635950354792308
2022-10-26,20.7,21.8,20.5,21.4,11807344.0,251553410.0,294103473.0,0.04014690435158513
2022-10-27,21.4,21.45,20.89,21.02,7117178.0,150466464.0,294103473.0,0.024199571420906
2022-10-28,20.91,20.93,19.89,19.95,8545901.0,173347364.0,294103473.0,0.029057463731480656
2022-10-31,19.77,20.14,19.54,19.67,7225770.0,143202764.0,294103473.0,0.024568802014792935
2022-11-01,19.67,20.57,19.62,20.57,8366762.0,168337575.0,294103473.0,0.02844836177776112
2022-11-02,20.52,21.78,20.3,21.4,9780365.0,206105611.0,294103473.0,0.03325484361077232
2022-11-03,21.1,21.28,20.93,21.15,4307842.0,91024013.0,294103473.0,0.0146473686830621
2022-11-04,21.17,21.85,21.07,21.69,6245829.0,134444672.0,294103473.0,0.0212368420416443
2022-11-07,21.62,22.52,21.49,22.36,6774483.0,149823182.0,294103473.0,0.023034352266897574
2022-11-08,22.37,22.5,21.85,22.02,4739404.0,104513352.0,294103473.0,0.016114750198818632
2022-11-09,21.94,22.16,21.77,21.89,3271211.0,71709259.0,294103473.0,0.011122653420689119
2022-11-10,21.7,22.09,21.61,21.89,3691040.0,80627357.0,294103473.0,0.012550140813876074
2022-11-11,22.5,22.58,21.92,21.92,4493240.0,99609738.0,294103473.0,0.015277752262381478
2022-11-14,22.0,22.15,21.81,21.83,3888104.0,85446892.0,294103473.0,0.013220190704786408
2022-11-15,21.91,22.33,21.79,22.21,4734199.0,104661421.0,294103473.0,0.016097052345927246
2022-11-16,22.21,22.58,22.06,22.36,4224817.0,94474216.0,294103473.0,0.014365070078584213
2022-11-17,22.31,22.87,22.23,22.61,4002884.0,90144945.0,294103473.0,0.013610461512639125
2022-11-18,22.69,23.1,22.22,22.3,5129480.0,116086431.0,294103473.0,0.01744107251667851
2022-11-21,22.1,22.17,21.6,22.06,3890737.0,85400519.0,294103473.0,0.013229143336229831
2022-11-22,22.1,22.29,21.55,21.7,3332396.0,73122248.0,294103473.0,0.011330692446464242
2022-11-23,21.69,21.75,21.2,21.35,3785412.0,81259342.0,294103473.0,0.01287102107767357
2022-11-24,21.4,21.88,21.4,21.67,2238057.0,48477481.0,294103473.0,0.007609760528057416
2022-11-25,21.7,21.71,21.29,21.36,2124912.0,45484742.0,294103473.0,0.007225048988115826
2022-11-28,21.28,21.4,20.84,21.3,2596639.0,54911747.0,294103473.0,0.008828998085309927
2022-11-29,21.4,22.06,21.28,21.99,3609336.0,78683403.0,294103473.0,0.01227233382585727
2022-11-30,22.11,22.13,21.78,22.01,2340022.0,51406185.0,294103473.0,0.007956458236044019
2022-12-01,22.1,23.32,22.1,22.98,9021981.0,206684091.0,294103473.0,0.03067621374195741
2022-12-02,22.98,23.51,22.74,23.31,4868245.0,113366524.0,294103473.0,0.016552830710707043
2022-12-05,23.54,23.88,22.94,23.08,5420880.0,126305203.0,294103473.0,0.01843188026548738
2022-12-06,23.18,23.63,23.0,23.2,3539008.0,82434606.0,294103473.0,0.012033207101910014
2022-12-07,23.06,23.73,23.01,23.49,4597816.0,108040472.0,294103473.0,0.015633327798206587
2022-12-08,23.21,23.38,22.82,22.97,4520213.0,104248099.0,294103473.0,0.015369464882177709
2022-12-09,23.16,23.24,22.6,23.13,3799796.0,87163810.0,294103473.0,0.012919929034636051
2022-12-12,23.04,23.25,22.85,23.02,2633025.0,60747296.0,294103473.0,0.008952716447520496
2022-12-13,22.86,23.46,22.86,23.3,2971773.0,69058325.0,294103473.0,0.010104515154773435
2022-12-14,23.33,23.6,23.03,23.57,3078203.0,72100278.0,294103473.0,0.010466394594395015
2022-12-15,23.64,24.29,23.3,23.4,4592658.0,108794506.0,294103473.0,0.01561578975301662
2022-12-16,23.27,23.5,23.0,23.25,2295127.0,53322949.0,294103473.0,0.00780380787954857
2022-12-19,23.08,23.2,22.63,22.82,2757684.0,63194096.0,294103473.0,0.009376577474146318
2022-12-20,22.76,22.81,22.2,22.29,2010521.0,45115748.0,294103473.0,0.006836100844004654
2022-12-21,22.44,22.91,22.2,22.71,1967073.0,44539519.0,294103473.0,0.0066883705246146485
2022-12-22,22.85,23.53,22.61,22.89,3463348.0,80293872.0,294103473.0,0.01177595070426115
2022-12-23,22.72,22.97,22.23,22.5,2620222.0,59152033.0,294103473.0,0.008909184149620702
2022-12-26,22.64,22.83,22.22,22.29,2065100.0,46413221.0,294103473.0,0.007021678387320506
2022-12-27,22.5,22.95,22.15,22.78,2882834.0,65264443.0,294103473.0,0.00980210798122741
2022-12-28,22.83,22.94,22.36,22.49,2766407.0,62475139.0,294103473.0,0.009406237103497245
2022-12-29,22.49,22.57,21.99,22.06,3350923.0,74605960.0,294103473.0,0.01139368728229877
2022-12-30,22.08,22.35,21.85,22.31,2543113.0,56232261.0,294103473.0,0.008647000914538674
2023-01-03,22.36,22.44,21.27,21.82,4642500.0,100531086.0,294101223.0,0.01578538148411576
2023-01-04,21.63,21.96,21.62,21.78,2312750.0,50350641.0,294101223.0,0.007863789128139736
2023-01-05,21.83,22.37,21.61,22.22,3467676.0,76635964.0,294101223.0,0.011790756817084028
2023-01-06,22.22,22.47,21.81,22.1,3110845.0,68779332.0,294101223.0,0.010577463664610466
2023-01-09,22.11,23.34,21.95,23.02,5736292.0,130834380.0,294101223.0,0.019504481965381015
2023-01-10,23.0,23.1,22.68,22.97,2837097.0,64887916.0,294101223.0,0.009646668487332337
2023-01-11,22.99,23.08,22.61,22.84,3069239.0,70185553.0,294101223.0,0.01043599536476596
2023-01-12,22.84,23.06,22.55,22.65,2299422.0,52197550.0,294101223.0,0.007818471397516086
2023-01-13,22.78,23.08,22.58,22.81,2614774.0,59804214.0,294101223.0,0.008890728074258978
2023-01-16,22.82,23.63,22.81,23.3,4912133.0,114789114.0,294101223.0,0.016702184880067635
2023-01-17,23.56,23.56,22.95,23.24,3052001.0,70797152.0,294101223.0,0.010377382891739964
2023-01-18,23.26,23.4,23.08,23.3,2210475.0,51511625.0,294101223.0,0.007516034708907008
2023-01-19,23.3,23.33,23.1,23.31,1744175.0,40541927.0,294101223.0,0.0059305261712563504
2023-01-20,23.39,23.86,23.23,23.33,2732750.0,64093661.0,294101223.0,0.009291868874683326
2023-01-30,23.8,24.26,23.6,23.72,5595390.0,133897832.0,294101223.0,0.019025388411934623
2023-01-31,23.75,24.05,23.5,23.61,3090070.0,73393160.0,294101223.0,0.01050682472000465
2023-02-01,23.66,23.95,23.52,23.94,2900528.0,68873687.0,294101223.0,0.009862345931149019
2023-02-02,23.93,24.42,23.79,24.22,4449056.0,107269847.0,294101223.0,0.015127635154376763
2023-02-03,24.15,24.4,23.93,24.09,3676725.0,88954424.0,294101223.0,0.012501563109786864
2023-02-06,23.88,23.91,23.36,23.63,2719962.0,64375968.0,294101223.0,0.009248387246590946
2023-02-07,23.7,23.98,23.5,23.74,2032879.0,48144133.0,294101223.0,0.006912174588270923
2023-02-08,23.74,23.76,23.33,23.39,2451152.0,57498016.0,294101223.0,0.008334382206904321
2023-02-09,23.32,23.69,23.25,23.65,2015282.0,47467159.0,294101223.0,0.0068523414470806196
2023-02-10,23.64,24.1,23.58,23.73,2662099.0,63346594.0,294101223.0,0.009051642059985585
2023-02-13,23.69,24.21,23.67,24.16,4294326.0,103268468.0,294101223.0,0.01460152377537036
2023-02-14,24.22,24.26,23.88,24.06,2688284.0,64626756.0,294101223.0,0.009140676031802833
2023-02-15,24.13,24.34,23.8,23.93,2876283.0,68911107.0,294101223.0,0.009779908327684854
2023-02-16,24.03,24.44,23.53,23.76,4129226.0,99282822.0,294101223.0,0.01404015242738382
2023-02-17,23.81,24.26,23.68,23.69,3707248.0,88752174.0,294101223.0,0.012605347105271983
2023-02-20,23.63,23.73,23.34,23.58,2947100.0,69311278.0,294101223.0,0.010020699573901466
2023-02-21,23.58,23.74,23.38,23.56,2969168.0,69899993.0,294101223.0,0.010095734964012714
2023-02-22,23.51,24.13,23.41,24.01,4103975.0,98053924.0,294101223.0,0.013954294232907696
2023-02-23,24.03,24.72,23.95,24.44,6300910.0,154021256.0,294101223.0,0.021424290370938036
2023-02-24,24.68,26.55,24.5,25.63,13068015.0,335722453.0,294101223.0,0.044433732259590096
2023-02-27,25.67,25.95,24.81,24.92,7206380.0,180796771.0,294101223.0,0.02450306029499238
2023-02-28,24.89,25.32,24.78,25.02,4650446.0,116353428.0,294101223.0,0.015812399392844415
2023-03-01,25.12,25.27,24.6,24.81,4402257.0,109178935.0,294101223.0,0.014968509668523207
2023-03-02,24.82,24.9,24.43,24.59,3389633.0,83379035.0,294101223.0,0.01152539579884712
2023-03-03,24.62,24.75,24.17,24.39,3024456.0,73796079.0,294101223.0,0.010283724661695814
2023-03-06,24.44,24.75,24.11,24.64,4085206.0,99923926.0,294101223.0,0.01389047606918656
2023-03-07,24.55,24.64,23.63,23.75,4512737.0,108909346.0,294101223.0,0.015344162645661626
2023-03-08,23.84,24.02,23.53,23.85,2321092.0,55301557.0,294101223.0,0.00789215351205799
2023-03-09,23.76,23.95,23.52,23.53,2256331.0,53402874.0,294101223.0,0.007671953815710586
2023-03-10,23.41,23.51,22.66,22.8,2978162.0,68541636.0,294101223.0,0.010126316271727982
2023-03-13,22.91,23.36,22.76,23.19,2492605.0,57581189.0,294101223.0,0.008475330277698302
2023-03-14,23.19,23.57,22.51,22.58,3215747.0,73570794.0,294101223.0,0.010934150382638837
2023-03-15,22.77,23.08,22.66,22.71,2587559.0,59225482.0,294101223.0,0.008798191906872825
2023-03-16,22.6,22.81,22.3,22.34,2267380.0,50996375.0,294101223.0,0.007709522513614301
2023-03-17,22.58,22.68,22.35,22.68,2388022.0,53896754.0,294101223.0,0.008119728220239328
2023-03-20,22.6,22.6,21.8,22.09,3710539.0,81805910.0,294101223.0,0.012616537130143114
2023-03-21,22.23,22.66,22.0,22.62,2210828.0,49688926.0,294101223.0,0.007517234975932079
2023-03-22,22.6,23.16,22.59,22.9,2006762.0,46009091.0,294101223.0,0.006823371829365021
2023-03-23,23.02,23.05,22.77,22.94,1691250.0,38817490.0,294101223.0,0.005750571122242494
2023-03-24,23.0,24.44,23.0,24.08,6810891.0,162665968.0,294101223.0,0.0231583226024191
2023-03-27,24.08,24.45,23.81,24.0,3597011.0,86545351.0,294101223.0,0.012230520374272635
2023-03-28,24.01,24.33,23.84,23.94,2679856.0,64406576.0,294101223.0,0.009112019231555525
2023-03-29,24.1,24.33,23.74,23.92,3034850.0,72850415.0,294101223.0,0.010319066235232894
2023-03-30,24.25,24.25,23.61,23.9,2615600.0,62321618.0,294101223.0,0.008893536631093846
2023-03-31,24.19,24.19,23.63,23.71,2813604.0,67092794.0,294101223.0,0.009566787826652458
2023-04-03,23.58,24.15,23.58,23.95,3344990.0,80055125.0,294101223.0,0.011373601122359155
2023-04-04,24.0,24.33,23.59,23.64,4036802.0,96327069.0,294101223.0,0.013725893278587285
2023-04-06,23.66,23.78,23.28,23.5,2645320.0,62106470.0,294101223.0,0.008994590274111168
2023-04-07,23.59,23.75,23.36,23.53,2261305.0,53243899.0,294101223.0,0.007688866360137509
2023-04-10,23.53,23.53,22.91,23.0,3445315.0,79416860.0,294101223.0,0.011714725171340073
2023-04-11,23.06,23.19,22.81,22.98,1914690.0,43976677.0,294101223.0,0.006510309547403685
2023-04-12,22.95,23.26,22.6,22.69,3084800.0,70367539.0,294101223.0,0.010488905719375401
2023-04-13,22.72,22.77,22.43,22.57,2086062.0,47114521.0,294101223.0,0.007093006886271942
2023-04-14,22.6,23.04,22.5,22.7,3202893.0,72909251.0,294101223.0,0.010890444342014858
2023-04-17,22.7,23.07,22.52,22.73,3863575.0,87910997.0,294101223.0,0.013136888587505125
2023-04-18,22.77,23.84,22.61,23.46,6416369.0,149485993.0,294101223.0,0.02181687289345274
2023-04-19,23.4,24.06,23.22,23.33,6760155.0,159512311.0,294101223.0,0.022985810569036633
2023-04-20,22.27,22.27,21.2,21.88,13634122.0,295352252.0,294101223.0,0.0463586035478676
2023-04-21,21.8,21.89,21.23,21.27,5216310.0,111875853.0,294101223.0,0.01773644443498285
2023-04-24,21.27,21.5,20.79,20.99,4081578.0,85775787.0,294101223.0,0.013878140180328322
2023-04-25,21.03,21.09,20.01,20.75,6323859.0,129104681.0,294101223.0,0.02150232132832715
2023-04-26,20.68,21.12,20.5,20.52,2472693.0,51411913.0,294101223.0,0.008407625696952643
2023-04-27,20.57,21.24,20.47,21.22,3122624.0,65258692.0,294101223.0,0.01061751450112127
2023-04-28,21.2,21.76,21.01,21.67,2962615.0,63691636.0,294101223.0,0.010073453519776761
2023-05-04,21.67,21.8,21.36,21.58,2097809.0,45200887.0,294101223.0,0.007132948916706817
2023-05-05,21.58,21.58,21.01,21.29,1838387.0,39017513.0,294101223.0,0.0062508648595453135
2023-05-08,21.33,22.64,21.33,21.92,4949505.0,109330293.0,294101223.0,0.016829256775991033
2023-05-09,21.8,21.9,21.31,21.34,2467758.0,53216921.0,294101223.0,0.008390845759930756
2023-05-10,21.25,21.42,21.03,21.36,1734872.0,36781399.0,294101223.0,0.00589889420487041
2023-05-11,21.48,22.08,21.23,21.89,2517491.0,54917893.0,294101223.0,0.00855994740287088
2023-05-12,21.75,22.09,21.43,21.92,2645600.0,57448312.0,294101223.0,0.008995542327275532
2023-05-15,21.96,22.06,21.79,22.05,1580878.0,34686905.0,294101223.0,0.005375285365610329
2023-05-16,22.05,22.08,21.64,21.68,969850.0,21115059.0,294101223.0,0.003297674148060241
2023-05-17,21.75,21.96,21.54,21.85,1187925.0,25852905.0,294102185.0,0.0040391573425406545
2023-05-18,21.8,22.16,21.67,22.0,1586405.0,34821092.0,294102185.0,0.0053940605711582865
2023-05-19,21.99,22.73,21.77,22.64,3289779.0,73967567.0,294102185.0,0.01118583665061856
2023-05-22,22.64,23.25,22.63,22.99,3391603.0,77843775.0,294102185.0,0.011532056451739724
2023-05-23,23.38,23.4,22.98,23.12,2661342.0,61655768.0,294102185.0,0.009049038517003878
2023-05-24,23.0,23.25,22.78,22.9,1953020.0,44796547.0,294102185.0,0.006640617103881768
2023-05-25,22.84,22.99,22.51,22.76,1967760.0,44762298.0,294102185.0,0.006690735738668518
2023-05-26,22.79,22.99,22.5,22.89,1090500.0,24752221.0,294102185.0,0.0037078949277442467
2023-05-29,22.89,23.62,22.72,23.24,2709450.0,62725340.0,294102185.0,0.009212614316347225
2023-05-30,23.08,23.42,22.89,23.02,1468214.0,33944492.0,294102185.0,0.004992190044422825
2023-05-31,23.05,23.11,22.72,22.8,1615404.0,36929981.0,294102220.0,0.005492661701091545
2023-06-01,23.02,23.72,22.68,23.4,2653600.0,62086529.0,294102220.0,0.00902271325935588
2023-06-02,23.27,23.7,23.19,23.61,1718796.0,40462081.0,294102220.0,0.005844212940657163
2023-06-05,23.61,23.92,23.44,23.7,2025712.0,48065346.0,294102220.0,0.006887782077945552
2023-06-06,23.72,23.83,22.98,23.02,1510500.0,35249147.0,294102220.0,0.0051359693918665425
2023-06-07,23.0,23.46,22.98,23.36,1529299.0,35691346.0,294102220.0,0.005199889344595903
2023-06-08,23.48,23.56,23.25,23.32,1433747.0,33486785.0,294102220.0,0.004874995503264137
2023-06-09,23.51,24.9,23.28,24.64,7480597.0,181781755.0,294102220.0,0.025435363935709155
2023-06-12,24.82,25.4,24.44,24.45,3882546.0,96092024.0,294102220.0,0.013201348837149206
2023-06-13,24.66,25.46,24.66,25.18,4432629.0,111560458.0,294102220.0,0.015071729142336975
2023-06-14,25.19,25.28,24.78,24.91,2009348.0,50294164.0,294102220.0,0.006832141559489078
2023-06-15,24.87,24.87,24.23,24.48,4600540.0,112521902.0,294102220.0,0.01564265648861814
2023-06-16,24.5,24.69,24.2,24.23,2799203.0,68183815.0,294102220.0,0.00951778942709103
2023-06-19,24.23,24.92,24.15,24.15,2969183.0,72547436.0,294102220.0,0.010095751742370391
2023-06-20,24.15,24.4,23.7,24.18,2943234.0,70790392.0,294102220.0,0.010007520514466024
2023-06-21,24.06,24.33,23.82,23.83,1983820.0,47690203.0,294102220.0,0.006745341806668443
2023-06-26,23.78,23.82,23.18,23.42,3176135.0,74417961.0,294102220.0,0.010799425451463781
2023-06-27,23.28,23.93,23.15,23.81,2085991.0,49513472.0,294102220.0,0.0070927414284734066
2023-06-28,23.69,23.85,23.3,23.47,2883983.0,67708774.0,294102220.0,0.009806056547278019
2023-06-29,23.53,24.62,23.43,24.33,3317199.0,80143832.0,294102220.0,0.011279068209685734
2023-06-30,24.28,24.58,24.03,24.14,1795100.0,43617190.0,294104755.0,0.006103607539429276
2023-07-03,24.22,25.52,24.04,25.2,5950749.0,148536386.0,294104755.0,0.02023343349209026
2023-07-04,25.19,25.4,24.85,25.15,2160340.0,54277746.0,294104755.0,0.007345477974336049
2023-07-05,25.02,25.2,24.7,24.8,1776316.0,44154255.0,294104755.0,0.006039739139885719
2023-07-06,24.92,25.05,24.57,24.84,1469370.0,36511545.0,294104755.0,0.004996076993042836
2023-07-07,24.73,24.82,24.36,24.51,1372435.0,33723072.0,294104755.0,0.004666483545973271
2023-07-10,24.51,24.79,24.41,24.64,1819960.0,44747069.0,294104755.0,0.006188135244532173
2023-07-11,24.81,25.36,24.67,25.04,2227925.0,55768569.0,294104755.0,0.007575277047118806
2023-07-12,25.18,25.46,24.88,25.1,2637132.0,66454381.0,294104755.0,0.008966641834811545
2023-07-13,26.38,26.4,24.26,24.82,9187578.0,229275960.0,294104755.0,0.031239134504982755
2023-07-14,25.44,25.44,24.16,24.4,5998469.0,146972447.0,294104755.0,0.020395688604218587
2023-07-17,24.39,24.91,24.25,24.49,4079600.0,100205219.0,294104755.0,0.01387124801841439
2023-07-18,24.49,24.97,24.41,24.73,3095366.0,76603689.0,294104755.0,0.010524705729426239
2023-07-19,24.73,25.07,24.51,24.83,1977460.0,49167522.0,294104755.0,0.006723658718132592
2023-07-20,25.02,25.3,24.51,24.6,2511228.0,62604028.0,294104755.0,0.008538549470238929
2023-07-21,24.66,25.38,24.62,24.98,3168000.0,79395700.0,294104755.0,0.010771672154705557
2023-07-24,24.95,25.7,24.95,24.96,2687021.0,67684395.0,294104755.0,0.009136271870204887
2023-07-25,25.19,25.35,24.63,24.78,3227527.0,80192200.0,294104755.0,0.010974072826534205
2023-07-26,24.82,24.95,24.42,24.64,2961906.0,73062733.0,294104755.0,0.010070921838716957
2023-07-27,24.57,25.0,24.48,24.56,3191814.0,78963137.0,294104755.0,0.010852643303913941
2023-07-28,24.49,24.84,24.42,24.66,2438979.0,60122273.0,294104755.0,0.008292892102339522
2023-07-31,24.83,25.14,24.65,25.06,3074059.0,76692430.0,294104755.0,0.010452258753857958
2023-08-01,25.18,25.5,25.0,25.29,4193501.0,106098275.0,294104755.0,0.014258528394075097
2023-08-02,25.32,25.37,24.89,25.01,2463620.0,61614084.0,294104755.0,0.008376675174802938
2023-08-03,24.9,25.38,24.82,25.26,2981966.0,75074499.0,294104755.0,0.010139128828433937
2023-08-04,25.71,26.16,25.43,25.54,7542456.0,194187007.0,294104755.0,0.025645474518084552
2023-08-07,26.05,26.19,25.72,26.03,6364092.0,164929570.0,294104755.0,0.021638861296207196
2023-08-08,25.82,26.04,25.75,25.83,3271618.0,84623794.0,294104755.0,0.011123988797800974
2023-08-09,25.85,25.89,25.29,25.44,2645543.0,67380267.0,294104755.0,0.008995240488376327
2023-08-10,25.44,25.59,25.16,25.53,2050778.0,52088890.0,294104755.0,0.006972950845354404
2023-08-11,25.63,25.64,24.86,24.92,2508695.0,63066834.0,294104755.0,0.008529936892723819
2023-08-14,24.7,24.88,24.26,24.54,3472083.0,85298252.0,294104755.0,0.011805599674850547
2023-08-15,24.59,24.9,24.34,24.62,3010647.0,74058719.0,294104755.0,0.010236648503013833
2023-08-16,24.48,24.98,24.3,24.39,2853695.0,70266080.0,294104755.0,0.00970298831108664
2023-08-17,24.35,24.5,23.8,24.3,2123538.0,51284431.0,294104755.0,0.007220345689412604
2023-08-18,24.22,24.4,23.78,23.78,1979726.0,47670431.0,294104755.0,0.00673136345585436
2023-08-21,23.9,24.21,23.7,23.71,2833867.0,67990680.0,294104755.0,0.009635570155946646
2023-08-22,23.77,23.98,23.2,23.43,2316902.0,54505585.0,294104755.0,0.007877812108138135
2023-08-23,23.51,23.6,23.03,23.03,2438000.0,56649763.0,294104755.0,0.008289563356430602
2023-08-24,23.14,23.56,22.91,23.44,2321350.0,54068605.0,294104755.0,0.00789293597106242
2023-08-25,23.44,23.9,23.15,23.24,2268550.0,53142261.0,294104755.0,0.007713408101817327
2023-08-28,24.3,24.43,23.3,23.42,3456508.0,82652775.0,294104755.0,0.011752642353572285
2023-08-29,23.33,24.04,23.2,23.88,2423699.0,57274952.0,294104755.0,0.008240937825027684
2023-08-30,23.88,24.34,23.75,24.03,2470971.0,59491383.0,294104755.0,0.008401669670386662
2023-08-31,24.07,24.23,23.91,24.05,1457033.0,35032569.0,294104755.0,0.004954129354351989
2023-09-01,23.97,24.48,23.97,24.37,2379880.0,57913310.0,294104755.0,0.00809194669429945
2023-09-04,24.4,24.74,24.25,24.54,2654143.0,64983419.0,294104755.0,0.009024481770109428
2023-09-05,24.48,24.69,24.36,24.55,1862582.0,45712824.0,294104755.0,0.006333056396861043
2023-09-06,24.55,24.55,24.11,24.32,1871233.0,45422064.0,294104755.0,0.006362471086195121
2023-09-07,24.33,24.42,23.73,23.78,1550316.0,37155804.0,294104755.0,0.005271305457132103
2023-09-08,23.68,24.0,23.48,23.48,1534103.0,36351929.0,294104755.0,0.005216178840767127
2023-09-11,23.76,24.03,23.48,23.97,1842303.0,43964974.0,294104755.0,0.006264104774504581
2023-09-12,24.05,24.32,23.91,24.12,1413765.0,34148248.0,294104755.0,0.004807011705744098
2023-09-13,24.19,24.43,23.84,24.04,1860291.0,44934357.0,294104755.0,0.0063252666554133065
2023-09-14,24.13,24.29,23.66,23.76,1428325.0,34040385.0,294104755.0,0.004856517875748047
2023-09-15,23.83,23.95,23.6,23.79,1310072.0,31135705.0,294104755.0,0.004454440051470776
2023-09-18,23.75,24.4,23.56,24.29,1896246.0,45643204.0,294104755.0,0.006447519014100945
2023-09-19,24.23,24.3,23.58,23.93,2131862.0,50853417.0,294104755.0,0.007248648530011016
2023-09-20,23.92,24.12,23.8,23.81,1237090.0,29592402.0,294104755.0,0.004206290374325978
2023-09-21,23.83,23.93,23.27,23.27,1638930.0,38619640.0,294104755.0,0.005572606264050372
2023-09-22,23.96,23.96,23.04,23.8,1927960.0,45321802.0,294104755.0,0.006555351340715318
2023-09-25,23.73,23.83,23.35,23.45,2107650.0,49613157.0,294104755.0,0.007166324121485217
2023-09-26,23.57,23.57,23.27,23.38,1376351.0,32175321.0,294104755.0,0.0046797985296089485
2023-09-27,23.18,23.55,23.12,23.28,1828754.0,42641053.0,294104755.0,0.00621803615517879
2023-09-28,23.33,23.74,23.23,23.45,2065025.0,48547900.0,294104690.0,0.007021394320505396
2023-10-09,23.62,23.62,22.8,22.94,3512925.0,80846906.0,294104690.0,0.011944471201734322
2023-10-10,23.0,23.33,22.7,22.82,2129384.0,48829358.0,294104690.0,0.007240224560852803
2023-10-11,22.69,22.95,22.6,22.74,2066892.0,47045087.0,294104690.0,0.0070277424001636965
2023-10-12,22.77,22.96,22.6,22.75,1874142.0,42603103.0,294104690.0,0.006372363528102867
2023-10-13,22.7,22.79,22.28,22.39,1680835.0,37705229.0,294104690.0,0.005715090772608897
2023-10-16,22.45,22.58,22.3,22.4,1782238.0,39966077.0,294104690.0,0.006059876161784431
2023-10-17,22.23,22.43,22.18,22.31,1738892.0,38761975.0,294104690.0,0.005912493268978472
2023-10-18,22.31,22.51,21.96,22.02,1809400.0,40091155.0,294104690.0,0.006152231030385813
2023-10-19,22.0,22.02,21.71,21.79,1548525.0,33829253.0,294104690.0,0.005265216953867686
2023-10-20,21.68,21.85,21.44,21.5,1757300.0,37976196.0,294104690.0,0.0059750832263164525
2023-10-23,21.64,21.64,20.86,21.04,2225435.0,47123070.0,294104690.0,0.007566812348351194
2023-10-24,21.2,21.6,21.04,21.48,2933575.0,62688933.0,294104690.0,0.009974594420782613
2023-10-25,21.6,22.06,21.48,21.99,2196735.0,48003595.0,294104690.0,0.007469228049372487
2023-10-26,21.68,21.97,21.61,21.76,2437997.0,53066871.0,294104690.0,0.008289554988055444
2023-10-27,21.83,22.69,21.81,22.55,3379500.0,75574851.0,294104690.0,0.01149080621597704
2023-10-30,23.16,24.66,23.1,24.28,9168351.0,221384388.0,294104690.0,0.031173766729119486
2023-10-31,24.25,24.72,24.05,24.51,6109762.0,149637612.0,294104725.0,0.020774103510237722
2023-11-01,24.66,24.87,24.48,24.77,5571305.0,137642807.0,294104725.0,0.01894326927253549
2023-11-02,24.83,24.83,23.8,23.94,4557233.0,110198752.0,294104725.0,0.015495272984818589
2023-11-03,24.17,24.17,23.75,23.95,3327285.0,79645649.0,294104725.0,0.011313266048343835
2023-11-06,23.99,24.08,23.4,23.73,4465972.0,105451271.0,294104725.0,0.0151849719517427
2023-11-07,23.75,24.0,23.64,23.76,3030550.0,72164390.0,294104725.0,0.010304322720418722
2023-11-08,23.94,24.05,23.66,23.9,3058130.0,73047170.0,294104725.0,0.010398098840472556
2023-11-09,23.89,23.99,23.71,23.78,2473108.0,58943504.0,294104725.0,0.00840893664663157
2023-11-10,23.81,23.87,23.54,23.78,2136408.0,50687383.0,294104725.0,0.007264106348512422
2023-11-13,23.85,24.07,23.48,23.87,2343950.0,55548764.0,294104725.0,0.007969780152290992
2023-11-14,23.87,24.04,23.69,23.82,2260300.0,53919535.0,294104725.0,0.007685357656188625
2023-11-15,23.96,24.04,23.67,23.92,2104735.0,50194219.0,294104725.0,0.007156413417023477
2023-11-16,23.82,24.1,23.63,23.68,2098123.0,49987491.0,294104725.0,0.007133931629286132
2023-11-17,23.66,23.77,23.45,23.6,1659800.0,39081421.0,294104725.0,0.00564356795015789
2023-11-20,23.6,23.74,23.45,23.48,3455276.0,81445231.0,294104725.0,0.01174845456835146
2023-11-21,23.5,23.75,23.41,23.49,3066300.0,72264920.0,294104725.0,0.010425878060952609
2023-11-22,23.42,23.73,23.38,23.58,2992750.0,70620675.0,294104725.0,0.010175797073644431
2023-11-23,23.56,24.02,23.4,23.93,2637355.0,62619817.0,294104725.0,0.008967400982762178
2023-11-24,23.94,23.99,23.61,23.74,2972617.0,70804394.0,294104725.0,0.010107341866064885
2023-11-27,23.94,24.08,23.78,23.92,2443360.0,58475424.0,294104725.0,0.008307789002709834
2023-11-28,23.91,24.32,23.79,24.2,2523383.0,60773841.0,294104725.0,0.008579879156990763
2023-11-29,24.11,24.34,24.04,24.14,1802364.0,43599463.0,294104725.0,0.00612830684716133
2023-11-30,24.03,24.6,24.03,24.57,2912900.0,71196573.0,294104732.0,0.009904294909474629
2023-12-01,24.57,25.28,24.57,24.86,4705203.0,117546341.0,294104732.0,0.015998392708621908
2023-12-04,24.7,25.15,24.54,25.02,3184948.0,79447943.0,294104732.0,0.010829298727502283
2023-12-05,24.99,25.33,24.82,24.98,3567428.0,89597610.0,294104732.0,0.012129787833539516
2023-12-06,24.77,25.38,24.66,25.31,4412400.0,110623330.0,294104732.0,0.015002818791776529
2023-12-07,25.18,26.49,25.12,26.3,6752650.0,174997264.0,294104732.0,0.02296001820195127
2023-12-08,26.15,27.05,26.07,26.8,7167676.0,191577011.0,294104732.0,0.02437116856725719
2023-12-11,26.35,26.59,26.01,26.59,4299393.0,113336584.0,294104732.0,0.014618578119307512
2023-12-12,26.49,27.14,26.4,27.08,4711533.0,126760591.0,294104732.0,0.016019915653720254
2023-12-13,27.27,27.44,26.88,26.99,3334778.0,90307002.0,294104732.0,0.011338743097815917
2023-12-14,26.8,27.2,26.6,26.66,4039835.0,108594090.0,294104732.0,0.013736042166094763
2023-12-15,26.53,26.99,26.53,26.69,2942942.0,78552841.0,294104732.0,0.010006442194884509
2023-12-18,26.63,26.87,26.35,26.52,2361400.0,62795323.0,294104732.0,0.008029112567967794
2023-12-19,26.45,26.58,25.94,26.38,2701939.0,70739483.0,294104732.0,0.009186996012019282
2023-12-20,26.31,26.41,25.7,25.88,2535460.0,65663271.0,294104732.0,0.008620942555932763
2023-12-21,25.79,26.29,25.68,26.24,2743229.0,71417035.0,294104732.0,0.00932738817680771
2023-12-22,26.2,26.59,25.98,26.13,2675245.0,70383454.0,294104732.0,0.009096232426481325
2023-12-25,25.98,26.1,25.64,25.97,2070400.0,53683404.0,294104732.0,0.007039669120318676
2023-12-26,25.97,26.27,25.6,25.78,2024441.0,52329678.0,294104732.0,0.006883401658426903
2023-12-27,25.73,26.56,25.58,26.38,2130900.0,55685280.0,294104732.0,0.007245378153249163
2023-12-28,26.44,26.49,26.0,26.08,3112293.0,81708786.0,294104732.0,0.010582260879773944
2023-12-29,26.03,26.63,25.8,26.35,2606900.0,68660539.0,294103907.0,0.0088638740865146
2024-01-02,26.41,26.48,25.91,25.92,3197860.0,83414855.0,294103907.0,0.010873231956078706
2024-01-03,25.92,26.26,25.81,26.05,2978567.0,77617978.0,294103907.0,0.010127600923030241
2024-01-04,26.05,26.18,25.71,25.96,2064592.0,53377155.0,294103907.0,0.007019940744955829
2024-01-05,25.9,26.24,25.7,25.81,2467385.0,63996720.0,294103907.0,0.00838950092560314
2024-01-08,25.81,25.95,25.5,25.5,2220200.0,56938564.0,294103907.0,0.00754903266211965
2024-01-09,25.58,25.7,25.21,25.53,2722342.0,69360762.0,294103907.0,0.009256395223610546
2024-01-10,25.59,25.85,25.09,25.7,2439995.0,62351817.0,294103907.0,0.008296370574907052
2024-01-11,25.89,26.45,25.7,26.18,3142237.0,82402500.0,294103907.0,0.010684104920782301
2024-01-12,26.29,26.96,26.18,26.75,2883650.0,76904662.0,294103907.0,0.00980486804617662
2024-01-15,26.0,26.5,25.81,26.08,2739360.0,71569370.0,294103907.0,0.00931425912679222
2024-01-16,26.06,26.28,25.67,26.08,2127300.0,55193909.0,294103907.0,0.007233157905651352
2024-01-17,26.01,26.49,25.62,25.66,2579050.0,67268468.0,294103907.0,0.00876917966275096
2024-01-18,25.45,25.66,24.72,25.53,3475274.0,87470345.0,294103907.0,0.011816483621212145
2024-01-19,25.48,25.85,25.19,25.34,1663010.0,42425947.0,294103907.0,0.005654498156666786
2024-01-22,25.34,25.42,23.2,23.34,3591438.0,86466863.0,294103907.0,0.012211459672992376
2024-01-23,23.34,23.43,22.88,23.12,2869603.0,66412047.0,294103907.0,0.009757106014916014
2024-01-24,23.34,23.95,22.76,23.54,2746138.0,64191696.0,294103907.0,0.009337305403426687
2024-01-25,23.52,23.77,23.18,23.57,2333737.0,54906497.0,294103907.0,0.007935076496620631
2024-01-26,23.48,23.52,22.77,22.82,3594270.0,82765832.0,294103907.0,0.012221088922834336
2024-01-29,22.73,23.15,22.33,22.61,4187261.0,95114421.0,294103907.0,0.014237352515007561
2024-01-30,22.42,22.68,21.86,21.95,3017941.0,67103204.0,294103907.0,0.010261478777294856
2024-01-31,22.69,23.18,22.03,22.25,6198100.0,139765523.0,294103907.0,0.02107452452170246
2024-02-01,22.48,22.57,21.73,22.12,4672000.0,103522938.0,294103907.0,0.01588554211216242
2024-02-02,22.34,22.73,20.89,21.52,4690567.0,102663780.0,294103907.0,0.015948672861391126
2024-02-05,21.49,22.34,20.07,21.38,6155194.0,129621320.0,294103907.0,0.020928637306406133
2024-02-06,20.59,22.96,20.51,22.78,5465556.0,121082628.0,294103907.0,0.01858375856258176
2024-02-07,22.73,23.96,22.6,23.59,5463294.0,127767746.0,294103907.0,0.018576067403280026
2024-02-08,24.31,24.6,23.25,23.64,5780572.0,138293430.0,294103907.0,0.019654863000510905
2024-02-19,23.89,23.95,23.18,23.59,3547285.0,83214432.0,294103907.0,0.01206133245961945
2024-02-20,23.47,24.38,23.27,24.2,2927510.0,69790566.0,294103907.0,0.009953999013008691
2024-02-21,24.1,24.5,23.8,23.9,3275689.0,79282416.0,294103907.0,0.01113786291863168
2024-02-22,23.89,24.15,23.65,23.82,2035300.0,48481794.0,294103907.0,0.006920343292141304
2024-02-23,23.77,23.89,22.86,23.48,5416075.0,125594835.0,294103907.0,0.018415515302895993
2024-02-26,23.32,24.25,22.95,23.97,5560494.0,130772408.0,294103907.0,0.018906562842771077
2024-02-27,23.78,24.82,23.68,24.81,5344999.0,130282716.0,294103907.0,0.018173845613006428
2024-02-28,24.56,25.19,23.79,23.86,4983362.0,121248712.0,294103907.0,0.016944222369681065
2024-02-29,23.86,23.99,23.21,23.61,6613652.0,155799095.0,294103907.0,0.022487467329021234
2024-03-01,23.63,23.7,23.26,23.48,3639041.0,85308929.0,294103907.0,0.012373317434371927
2024-03-04,23.46,23.79,23.35,23.5,3893275.0,91546844.0,294103907.0,0.013237753417536205
2024-03-05,23.5,23.62,23.24,23.58,2509448.0,58905622.0,294103907.0,0.00853252180699524
2024-03-06,23.56,23.56,22.9,23.25,2819186.0,65428960.0,294103907.0,0.009585680206553666
2024-03-07,23.32,23.6,22.84,22.84,2873450.0,66707405.0,294103907.0,0.009770186425983114
2024-03-08,22.85,22.99,22.59,22.89,1835950.0,41834883.0,294103907.0,0.0062425216268888264
2024-03-11,23.0,23.15,22.78,23.08,2207050.0,50716759.0,294103907.0,0.007504320573340768
2024-03-12,23.09,23.35,23.0,23.32,3041050.0,70623245.0,294103907.0,0.0103400530479862
2024-03-13,23.33,23.35,22.99,23.05,2886900.0,66732297.0,294103907.0,0.009815918562414745
2024-03-14,23.18,23.48,22.94,22.99,3049250.0,70576876.0,294103907.0,0.010367934350494705
2024-03-15,22.94,23.19,22.85,23.09,2139686.0,49298659.0,294103907.0,0.007275272273074563
2024-03-18,23.15,23.23,22.62,23.08,3260350.0,74596337.0,294103907.0,0.011085707882146564
2024-03-19,23.05,23.32,23.01,23.06,2567266.0,59444817.0,294103907.0,0.008729112190950935
2024-03-20,23.02,23.11,22.77,23.06,2213404.0,50769649.0,294103907.0,0.007525925182626017
2024-03-21,23.06,23.77,23.0,23.66,5181285.0,121754977.0,294103907.0,0.017617192008265295
2024-03-22,23.68,24.84,23.31,24.25,8687355.0,210685440.0,294103907.0,0.02953838692119109
2024-03-25,24.31,24.46,23.38,23.4,4484449.0,107168392.0,294103907.0,0.015247838921092606
2024-03-26,23.29,23.55,22.65,22.93,4112324.0,94777120.0,294103907.0,0.0139825548118271
2024-03-27,22.89,23.5,22.83,22.9,3255446.0,75274216.0,294103907.0,0.011069033503182942
2024-03-28,22.94,23.4,22.51,23.01,3250637.0,74890225.0,294103907.0,0.011052682139309357
2024-03-29,22.83,23.8,22.82,23.78,2754084.0,64444044.0,294105570.0,0.00936427011565949
2024-04-01,23.8,24.22,23.64,24.16,3558942.0,85468958.0,294105570.0,0.012100899687142954
2024-04-02,24.11,24.19,23.81,24.05,2445800.0,58709516.0,294105570.0,0.00831606147411625
2024-04-03,24.05,24.95,23.96,24.75,4182705.0,102579236.0,294105570.0,0.014221780974770386
2024-04-08,24.61,24.8,24.36,24.38,2703810.0,66372231.0,294105570.0,0.009193331496577913
2024-04-09,24.3,24.81,24.04,24.71,2835875.0,69481924.0,294105570.0,0.009642370935035335
2024-04-10,24.66,25.13,24.12,24.26,2974037.0,73102054.0,294105570.0,0.010112141024734757
2024-04-11,24.06,24.55,24.06,24.28,1970900.0,47943035.0,294105570.0,0.00670133517022476
2024-04-12,24.25,24.74,24.14,24.35,2349814.0,57318648.0,294105570.0,0.00798969567288372
2024-04-15,24.35,24.68,23.87,24.15,3658714.0,88875157.0,294105570.0,0.012440138416963677
2024-04-16,24.15,25.5,23.98,24.89,7445149.0,185108942.0,294105605.0,0.025314543053336233
2024-04-17,24.89,25.66,24.5,25.33,7810880.0,196087582.0,294105605.0,0.026558079367443543
2024-04-18,25.14,25.75,24.88,25.42,5923713.0,150951926.0,294105605.0,0.02014144885134032
2024-04-19,25.38,25.6,25.0,25.52,4722533.0,119398264.0,294105605.0,0.016057269632790576
2024-04-22,25.5,26.35,25.48,26.33,6768832.0,176536552.0,294105605.0,0.023014971101961827
2024-04-23,25.85,25.86,23.88,24.27,13751663.0,337146153.0,294105605.0,0.04675756859513099
2024-04-24,24.86,25.47,24.45,24.99,9824502.0,244396828.0,294105605.0,0.03340467448758754
2024-04-25,24.51,24.93,24.03,24.3,6642585.0,162468246.0,294105605.0,0.022585713726877118
2024-04-26,24.35,24.75,24.2,24.7,5033950.0,123593831.0,294105605.0,0.01711613078574276
2024-04-29,24.63,25.03,24.06,24.83,6476819.0,159584739.0,294105605.0,0.022022086250277344
2024-04-30,24.79,25.29,24.65,25.18,5078460.0,127282763.0,294105605.0,0.01726747098206442
2024-05-06,25.2,25.55,24.78,25.42,6503263.0,164210093.0,294105605.0,0.022111999531596822
2024-05-07,25.41,25.69,25.1,25.17,5009235.0,127071749.0,294105605.0,0.017032096345120658
2024-05-08,25.27,25.5,24.93,25.04,3802750.0,95654648.0,294105605.0,0.012929879388051785
2024-05-09,24.99,25.87,24.95,25.77,5409209.0,138299322.0,294105605.0,0.01839206362626105
2024-05-10,25.95,25.99,25.58,25.72,3465850.0,89120689.0,294105605.0,0.011784372487562759
2024-05-13,25.79,25.8,25.27,25.4,3497750.0,89059150.0,294105605.0,0.01189283692842236
2024-05-14,25.39,26.05,25.35,25.67,4018550.0,103642471.0,294105605.0,0.013663629429979752
2024-05-15,25.62,26.1,25.48,25.6,3489350.0,89974198.0,294105605.0,0.011864275759042402
2024-05-16,25.53,25.68,25.0,25.1,4400050.0,111156109.0,294105640.0,0.014960780758913703
2024-05-17,25.09,25.38,24.71,25.07,3130550.0,78461532.0,294105640.0,0.010644304543088666
2024-05-20,25.0,25.56,24.96,25.52,3449350.0,87665162.0,294105640.0,0.01172826879484528
2024-05-21,25.0,25.18,24.41,24.85,4114700.0,102050542.0,294105640.0,0.013990551150260159
2024-05-22,24.9,25.07,24.31,24.38,3985136.0,97521380.0,294105640.0,0.01355001556583546
2024-05-23,24.32,24.44,23.66,23.73,3224136.0,77226485.0,294105640.0,0.010962509933505525
2024-05-24,23.73,24.1,23.66,23.78,2416262.0,57628181.0,294105640.0,0.008215626194723774
2024-05-27,23.81,23.85,23.38,23.67,2287900.0,53875349.0,294105640.0,0.0077791775771454096
2024-05-28,23.65,23.66,23.19,23.28,2205978.0,51596243.0,294105640.0,0.007500631405776509
2024-05-29,23.42,23.42,22.9,23.01,3085023.0,71071937.0,294105640.0,0.010489506423610238
2024-05-30,23.0,23.02,22.6,22.77,3045460.0,69531664.0,294105640.0,0.010354986731978346
2024-05-31,22.9,22.9,22.46,22.69,2682141.0,60758072.0,294105640.0,0.009119651700661029
2024-06-03,22.72,22.75,22.28,22.51,2807450.0,63207371.0,294105640.0,0.009545719694460806
2024-06-04,22.55,22.96,22.4,22.93,3489654.0,79198168.0,294105640.0,0.011865307989333357
2024-06-05,22.69,22.76,22.38,22.4,2272300.0,51288251.0,294105640.0,0.007726135411752049
2024-06-06,22.37,22.48,21.58,21.73,4022167.0,88112459.0,294105640.0,0.013675926106007352
2024-06-07,21.87,21.96,21.27,21.69,3279700.0,70800332.0,294105640.0,0.011151435246192491
2024-06-11,21.78,21.78,21.34,21.68,2638808.0,56902141.0,294105640.0,0.008972313485725742
2024-06-12,21.69,21.99,21.62,21.77,3313978.0,72212351.0,294105640.0,0.011267985204227978
2024-06-13,21.81,21.9,21.32,21.41,3307199.0,70963073.0,294105640.0,0.011244935663253517
2024-06-14,21.21,21.64,21.12,21.57,2987339.0,63728052.0,294105640.0,0.0101573672643612
2024-06-17,21.56,21.77,21.35,21.69,2475184.0,53482798.0,294105640.0,0.00841596917352554
2024-06-18,21.61,21.84,21.51,21.7,2424550.0,52590835.0,294105640.0,0.008243806545158399
2024-06-19,21.71,21.92,21.42,21.42,3030682.0,65681942.0,294105640.0,0.01030473948068456
2024-06-20,21.42,21.53,21.04,21.04,2312498.0,49123487.0,294105640.0,0.007862814191526554
2024-06-21,21.03,21.76,20.95,21.58,2967706.0,63503090.0,294105640.0,0.010090612339158134
2024-06-24,21.42,21.51,20.92,21.02,3321159.0,70119718.0,294105640.0,0.01129240160100296
2024-06-25,21.1,21.33,20.92,21.15,2959495.0,62505331.0,294105640.0,0.010062693799411666
2024-06-26,21.15,21.61,21.05,21.6,2313916.0,49398867.0,294105640.0,0.007867635588355258
2024-06-27,21.4,21.54,20.76,20.8,4371259.0,91615664.0,294105640.0,0.014862887362513687
2024-06-28,20.81,21.17,20.65,20.87,2749068.0,57623263.0,294105640.0,0.009347212790614965
2024-07-01,20.8,21.26,20.75,21.15,2783629.0,58499156.0,294114002.0,0.009464455894894797
2024-07-02,21.16,21.23,20.5,20.61,3618500.0,74991726.0,294114002.0,0.012303052474189924
2024-07-03,20.61,20.73,20.33,20.45,1766563.0,36196543.0,294114002.0,0.006006388638375673
2024-07-04,20.48,20.54,19.88,19.94,3899364.0,78144072.0,294114002.0,0.01325800190906926
2024-07-05,19.82,20.3,19.78,20.25,2401078.0,48114369.0,294114002.0,0.008163766375189441
2024-07-08,20.34,20.34,19.8,19.85,1962864.0,39136939.0,294114002.0,0.006673820309989866
2024-07-09,19.83,20.1,19.61,19.99,2521386.0,50155758.0,294114002.0,0.008572818644656028
2024-07-10,19.95,20.41,19.8,20.31,2252617.0,45520264.0,294114002.0,0.00765899271942857
2024-07-11,20.5,20.73,20.3,20.72,2573828.0,52929882.0,294114002.0,0.008751123654425675
2024-07-12,20.7,20.7,20.37,20.53,1713567.0,35129047.0,294114002.0,0.005826200005261906
2024-07-15,20.29,20.44,20.07,20.29,1786850.0,36149920.0,294114002.0,0.006075365293217152
2024-07-16,20.28,20.52,20.12,20.22,1617586.0,32764189.0,294114002.0,0.005499860560871903
2024-07-17,20.33,20.49,20.04,20.34,2513418.0,50917980.0,294114002.0,0.008545727108905206
2024-07-18,20.2,20.3,19.9,20.15,2485594.0,50015257.0,294114002.0,0.008451124336474127
2024-07-19,20.19,20.27,19.97,20.09,2011050.0,40443850.0,294114002.0,0.006837654740422729
2024-07-22,20.13,20.18,19.36,19.39,5524413.0,108292354.0,294114002.0,0.018783236984412595
2024-07-23,19.39,19.41,18.58,18.6,3871000.0,73164259.0,294114002.0,0.013161563113883983
2024-07-24,18.5,18.68,17.93,18.0,4239603.0,76886983.0,294114002.0,0.014414828845856853
2024-07-25,18.0,18.47,17.92,18.25,2127949.0,38776213.0,294114002.0,0.007235116266242911
2024-07-26,18.25,18.48,18.19,18.31,1795201.0,32870629.0,294114002.0,0.0061037590451065975
2024-07-29,18.49,18.49,17.96,18.06,1870900.0,33914504.0,294114002.0,0.006361138834865808
2024-07-30,18.09,18.27,17.97,18.18,1351300.0,24509227.0,294114002.0,0.004594476940271616
2024-07-31,18.16,19.19,18.11,19.16,3408094.0,64060240.0,294114002.0,0.011587663208227673
2024-08-01,19.14,19.3,18.75,18.8,2286714.0,43425947.0,294114002.0,0.007774923956187574
2024-08-02,18.75,19.08,18.65,18.67,1873469.0,35337530.0,294114002.0,0.0063698735431167944
2024-08-05,18.6,19.17,18.5,18.55,2599172.0,48914158.0,294114002.0,0.008837294322355995
2024-08-06,18.88,19.14,18.75,19.04,1814558.0,34413475.0,294114002.0,0.006169573660760292
2024-08-07,19.01,19.03,18.74,18.81,1479975.0,27885669.0,294114002.0,0.0050319773623018465
2024-08-08,18.81,19.1,18.63,19.02,1537000.0,29087265.0,294114002.0,0.005225864765187208
2024-08-09,19.03,19.14,18.85,18.87,1374945.0,26089598.0,294114002.0,0.004674870936610492
2024-08-12,18.9,19.06,18.76,18.95,1095345.0,20730404.0,294114002.0,0.0037242191549928315
2024-08-13,18.92,19.09,18.8,19.05,901174.0,17055180.0,294114002.0,0.0030640295731313057
2024-08-14,19.43,19.43,18.68,18.73,1362300.0,25680306.0,294114002.0,0.00463187740378304
2024-08-15,18.64,19.05,18.61,18.78,1405275.0,26467855.0,294114002.0,0.004777994214637901
2024-08-16,18.84,18.84,18.63,18.67,901578.0,16858828.0,294114037.0,0.003065402825367359
2024-08-19,18.66,18.88,18.57,18.7,1247945.0,23343832.0,294114037.0,0.004243065080229408
2024-08-20,19.38,19.85,19.11,19.49,7209377.0,140615279.0,294114037.0,0.024512182667432495
2024-08-21,19.49,20.8,19.49,20.34,8021631.0,163301490.0,294114037.0,0.02727388016505992
2024-08-22,20.35,21.04,19.99,20.04,5069404.0,103399309.0,294114037.0,0.017236185160383895
2024-08-23,19.93,20.48,19.81,20.38,3383926.0,68579164.0,294114037.0,0.011505489620680702
2024-08-26,20.2,20.53,20.01,20.37,2632907.0,53513652.0,294114037.0,0.00895199367856081
2024-08-27,20.08,20.35,19.92,20.17,2629675.0,52943913.0,294114037.0,0.008941004743680425
2024-08-28,20.06,20.76,19.96,20.68,3826140.0,78510366.0,294114037.0,0.013009035675505688
2024-08-29,20.69,21.68,20.55,21.46,7142602.0,152333569.0,294114037.0,0.024285144880725296
2024-08-30,21.39,21.71,21.2,21.38,4564650.0,97822998.0,294114037.0,0.015520000495590084
2024-09-02,21.28,21.7,21.2,21.24,3441851.0,73770165.0,294114037.0,0.011702437038052693
2024-09-03,21.23,21.65,21.11,21.56,3542058.0,76179130.0,294114037.0,0.012043145019970605
2024-09-04,21.4,21.94,21.31,21.51,3045000.0,65921658.0,294114037.0,0.01035312707635236
2024-09-05,21.5,21.78,21.4,21.7,2874950.0,62134582.0,294114037.0,0.00977494997969104
2024-09-06,21.6,21.69,20.94,21.05,4089477.0,86824068.0,294114037.0,0.013904392465293998
2024-09-09,21.09,21.13,20.63,20.81,3265719.0,68122702.0,294114037.0,0.01110358088757253
2024-09-10,20.83,21.08,20.61,20.85,2300650.0,47851155.0,294114037.0,0.00782230601254846
2024-09-11,20.83,20.95,20.66,20.81,1797275.0,37381499.0,294114037.0,0.006110810005304167
2024-09-12,20.89,20.94,20.54,20.56,1974600.0,40846132.0,294114037.0,0.00671372240557155
2024-09-13,20.58,20.73,20.36,20.4,1813450.0,37223407.0,294114037.0,0.006165805680332081
2024-09-18,20.3,20.49,20.07,20.33,1776250.0,36006699.0,294114037.0,0.006039324127872211
2024-09-19,20.41,21.18,20.36,20.91,3657350.0,76327793.0,294114037.0,0.012435142631427686
2024-09-20,20.87,21.05,20.02,20.39,2395163.0,48792242.0,294114037.0,0.008143654156839852
2024-09-23,20.33,20.65,20.0,20.13,2037550.0,41300004.0,294114037.0,0.006927755032650822
2024-09-24,20.3,20.93,19.96,20.87,4007900.0,82125538.0,294114037.0,0.013627027260858005
2024-09-25,21.23,21.57,20.85,20.88,4361857.0,92366180.0,294114037.0,0.014830495832471946
2024-09-26,20.73,22.17,20.66,22.16,5469189.0,117318539.0,294114037.0,0.01859547084452824
2024-09-27,22.56,23.17,22.0,22.66,7537446.0,169477308.0,294114037.0,0.025627630958667914
2024-09-30,23.2,24.68,23.02,24.48,11079744.0,264815844.0,294114097.0,0.03767158430355686
2024-10-08,26.8,26.92,23.76,24.87,16024202.0,403573228.0,294114097.0,0.05448294442003574
2024-10-09,24.13,25.58,23.23,24.57,10980507.0,269657278.0,294114097.0,0.037334174430952216
2024-10-10,24.8,25.36,24.06,24.57,7394542.0,182684236.0,294114097.0,0.02514174626590578
2024-10-11,24.58,25.58,24.23,24.95,8414875.0,210680596.0,294114097.0,0.028610920339530683
2024-10-14,25.09,27.3,24.76,26.99,13377304.0,353879897.0,294114097.0,0.04548338259352458
2024-10-15,26.7,27.91,26.21,26.92,10207820.0,276960442.0,294114097.0,0.034707006920514934
2024-10-16,26.52,27.0,26.11,26.39,5288330.0,140176526.0,294114097.0,0.017980539028702183
2024-10-17,26.4,27.1,26.25,26.28,4705700.0,125122948.0,294114097.0,0.01599957311804745
2024-10-18,26.08,26.49,25.93,26.28,8452106.0,221126494.0,294114097.0,0.02873750726746022
2024-10-21,26.19,27.13,25.88,27.05,7639145.0,202935951.0,294114097.0,0.025973406504211188
2024-10-22,28.3,29.76,27.63,29.76,15387103.0,447589651.0,294114097.0,0.05231678167401816
2024-10-23,29.76,30.63,29.1,29.84,14922946.0,444153274.0,294114097.0,0.05073862882539765
2024-10-24,29.84,30.16,29.1,29.39,6895596.0,203343255.0,294114097.0,0.023445309389573395
2024-10-25,29.28,29.61,28.93,29.37,6516647.0,191140881.0,294114097.0,0.022156867237818935
2024-10-28,29.61,30.79,29.26,30.41,11806827.0,355395937.0,294114097.0,0.040143696342443594
2024-10-29,30.15,31.17,29.7,30.06,9183235.0,278173811.0,294114097.0,0.031223375872391455
2024-10-30,29.89,30.33,29.42,29.81,5809455.0,173386686.0,294114128.0,0.019752383333316106
2024-10-31,29.7,30.62,29.23,30.0,6541723.0,195846725.0,294114128.0,0.022242124322569095
2024-11-01,29.97,30.4,29.53,29.76,5064537.0,151520454.0,294114128.0,0.017219631829450913
2024-11-04,29.87,31.0,29.46,30.98,7493855.0,228206329.0,294114128.0,0.025479411856066975
2024-11-05,31.0,32.82,30.74,32.31,10189218.0,324046903.0,294114128.0,0.034643755705608265
2024-11-06,32.0,33.03,31.57,32.27,7378946.0,238396916.0,294114128.0,0.025088716581476152
2024-11-07,32.19,34.38,31.9,34.1,9219905.0,307671095.0,294114128.0,0.03134805207317345
2024-11-08,34.48,34.71,33.24,34.21,7531005.0,255227807.0,294114128.0,0.025605723367358946
2024-11-11,33.7,34.53,33.1,34.46,5818446.0,197767558.0,294114128.0,0.01978295309907724
2024-11-12,34.38,35.5,34.2,34.91,6212841.0,216686212.0,294114128.0,0.021123912143384015
2024-11-13,34.88,35.18,34.0,34.36,5497388.0,189896011.0,294114128.0,0.01869134283817879
2024-11-14,34.02,35.61,34.02,34.15,6035023.0,210173955.0,294114245.0,0.02051931554692293
2024-11-15,34.13,34.98,33.36,33.36,6312380.0,215342097.0,294114245.0,0.021462340254889727
2024-11-18,33.11,33.99,32.28,32.89,8090895.0,267610322.0,294114245.0,0.02750936120078101
2024-11-19,32.95,33.58,32.19,33.22,5535520.0,181589776.0,294114245.0,0.018820985702341617
2024-11-20,33.1,33.3,32.34,32.52,5262260.0,172184709.0,294114245.0,0.01789189095550268
2024-11-21,32.4,32.88,31.76,32.12,4076363.0,131906206.0,294114245.0,0.01385979451624317
2024-11-22,32.01,32.19,30.25,30.4,7566025.0,235823522.0,294114245.0,0.025724782558559856
2024-11-25,30.33,31.6,30.03,31.0,7064366.0,217827199.0,294114245.0,0.024019122229186826
2024-11-26,31.0,31.35,30.43,30.85,3334890.0,102579020.0,294114245.0,0.011338757155404016
2024-11-27,30.56,31.44,30.14,31.35,4505449.0,138551821.0,294114245.0,0.015318703791446755
2024-11-28,31.2,32.12,30.7,31.6,5157162.0,162550556.0,294114245.0,0.01753455362218175
2024-11-29,31.52,33.23,31.4,32.88,7074238.0,230318229.0,294114245.0,0.024052687417435357
2024-12-02,32.78,34.63,32.5,34.29,7758700.0,263164308.0,294114245.0,0.02637988513613137
2024-12-03,33.9,34.99,33.78,34.06,6891250.0,236718894.0,294114245.0,0.023430521020836648
2024-12-04,33.67,34.52,32.94,33.19,5517755.0,185270621.0,294114245.0,0.01876058400367517
2024-12-05,33.0,33.12,31.88,32.15,5779676.0,186308827.0,294114245.0,0.019651125704571025
2024-12-06,32.4,32.64,32.13,32.31,3347884.0,108324797.0,294114245.0,0.01138293726643536
2024-12-09,32.33,32.63,31.62,31.74,3993100.0,127817261.0,294114245.0,0.01357669704165468
2024-12-10,32.98,33.29,32.0,32.23,5545234.0,181116390.0,294114245.0,0.018854013684376288
2024-12-11,32.14,33.15,32.06,33.04,4285530.0,140599818.0,294114245.0,0.014570970542416264
2024-12-12,33.02,33.13,32.41,32.95,4109398.0,134804478.0,294114245.0,0.01397211481545207
2024-12-13,32.73,34.62,32.57,33.8,7515225.0,253696997.0,294114245.0,0.025552060560684504
2024-12-16,33.85,34.03,31.75,32.01,7845251.0,255700600.0,294114245.0,0.02667416194003116
2024-12-17,31.91,32.39,31.3,31.5,5434298.0,172695235.0,294114245.0,0.018476826921457
2024-12-18,31.5,31.8,31.0,31.3,4070331.0,127266788.0,294114245.0,0.013839285479015136
2024-12-19,30.89,31.89,30.8,31.69,4120891.0,129919188.0,294114245.0,0.014011191467451703
2024-12-20,31.7,33.54,31.51,32.48,6889189.0,226225090.0,294114245.0,0.023423513539781116
2024-12-23,32.57,33.13,32.16,32.23,4230076.0,137671413.0,294114245.0,0.014382424761507216
2024-12-24,32.16,33.08,32.06,32.9,2974381.0,96886748.0,294114245.0,0.010113012377214167
2024-12-25,32.85,33.27,32.61,32.88,3010537.0,99034035.0,294114245.0,0.010235944199166552
2024-12-26,32.99,33.41,32.63,32.78,2851206.0,93840892.0,294114245.0,0.009694212532956369
2024-12-27,32.78,34.2,32.52,33.89,5987357.0,201585006.0,294114245.0,0.020357249272302334
2024-12-30,33.95,36.45,33.77,35.83,10679443.0,379130361.0,294114245.0,0.0363105262038566
2024-12-31,35.83,36.19,35.42,35.7,5485807.0,196447143.0,294115088.0,0.018651906086504477
2025-01-02,35.45,36.38,34.42,34.73,9756845.0,345933077.0,294115088.0,0.03317356163652509
2025-01-03,34.64,36.38,33.8,35.5,10050142.0,355197571.0,294115088.0,0.034170780113123606
2025-01-06,35.46,35.98,32.6,33.06,13108128.0,446337776.0,294115088.0,0.044568022977454325
2025-01-07,32.98,33.72,32.54,33.67,7262902.0,240722888.0,294115088.0,0.02469408165826569
2025-01-08,33.51,34.54,32.78,34.06,5913154.0,198345102.0,294115088.0,0.020104898528701117
2025-01-09,33.98,34.39,33.6,33.7,3180180.0,107766266.0,294115088.0,0.010812706079193053
2025-01-10,33.6,35.05,33.41,33.41,5612549.0,192246740.0,294115088.0,0.019082832635910197
2025-01-13,32.99,34.06,32.88,33.34,4711332.0,157420739.0,294115088.0,0.016018668175228058
2025-01-14,33.31,35.42,33.0,35.22,6589098.0,227998560.0,294115088.0,0.02240312812513719
2025-01-15,35.22,37.3,35.2,36.26,10192315.0,371917328.0,294115088.0,0.03465417251902425
2025-01-16,36.48,36.78,36.01,36.32,5699997.0,207224117.0,294115088.0,0.019380158422882404
2025-01-17,36.4,39.95,36.23,39.95,17737686.0,687062067.0,294115088.0,0.06030865713356399
2025-01-20,41.1,41.7,39.73,40.37,17059373.0,694086794.0,294115088.0,0.05800237286704584
2025-01-21,40.79,40.92,39.5,40.2,9455043.0,378962206.0,294115088.0,0.03214742590832334
2025-01-22,40.24,40.53,38.6,39.64,7850153.0,309978452.0,294115088.0,0.026690752430898752
2025-01-23,39.64,39.83,38.09,38.25,10882402.0,421861090.0,294115088.0,0.03700048873385237
2025-01-24,38.32,38.64,37.67,37.93,8105825.0,308301455.0,294115088.0,0.027560044794437747
2025-01-27,38.0,38.83,37.7,38.24,11943724.0,457151243.0,294115088.0,0.04060901493091711
2025-02-05,38.27,38.42,35.69,36.21,12591159.0,458559574.0,294115088.0,0.04281031308397208
2025-02-06,36.1,36.55,35.64,36.28,9594318.0,346372120.0,294115088.0,0.03262096502849252
2025-02-07,36.35,37.76,35.66,37.38,12192172.0,450139088.0,294115088.0,0.04145374548074868
2025-02-10,37.04,37.65,36.58,37.23,6974139.0,258664518.0,294115088.0,0.02371227891579639
2025-02-11,37.23,38.1,37.0,37.68,7222466.0,271250876.0,294115088.0,0.024556598062048417
2025-02-12,37.45,38.06,36.85,37.55,6452510.0,241102213.0,294115088.0,0.021938724884457476
2025-02-13,37.44,37.63,35.7,35.76,10703606.0,391103039.0,294115088.0,0.03639257704453435
2025-02-14,35.71,36.2,35.0,35.61,8975103.0,320379265.0,294115088.0,0.030515615710269173
2025-02-17,35.6,35.85,35.12,35.37,6901344.0,244385938.0,294115088.0,0.02346477376230355
2025-02-18,35.53,36.05,34.5,34.78,7121056.0,251128573.0,294115088.0,0.02421180106203868
2025-02-19,34.69,35.14,34.4,34.82,5722200.0,199308500.0,294115088.0,0.019455649279713255
2025-02-20,34.73,36.09,34.45,35.96,9928143.0,353492741.0,294115088.0,0.03375597990402995
2025-02-21,35.83,35.88,35.12,35.38,7010691.0,248435274.0,294115088.0,0.02383655679711338
2025-02-24,35.38,36.1,35.16,35.38,5979606.0,212234734.0,294115088.0,0.020330837294549133
2025-02-25,35.03,35.71,34.7,35.36,5179627.0,182896526.0,294115088.0,0.017610885028788457
2025-02-26,35.37,36.49,35.36,35.68,7184169.0,258117138.0,294115088.0,0.024426387129109134
2025-02-27,35.7,37.93,35.5,37.47,12488044.0,462550932.0,294115088.0,0.042459719033523365
2025-02-28,37.51,37.99,36.82,37.27,7592595.0,283478084.0,294115088.0,0.02581504761156626
2025-03-03,37.3,39.82,37.2,38.62,12300058.0,475938535.0,294115088.0,0.04182056107233778
2025-03-04,38.0,39.26,37.62,38.36,5964425.0,229275938.0,294115088.0,0.02027922144544995
2025-03-05,38.2,38.6,37.1,38.38,6783176.0,256188625.0,294115088.0,0.02306299906654228
2025-03-06,38.29,38.58,37.57,37.65,6315905.0,239357541.0,294115088.0,0.021474263843274846
2025-03-07,37.56,40.0,37.5,39.67,9381141.0,365971415.0,294115088.0,0.03189615692208215
2025-03-10,39.7,40.07,38.7,39.71,5314919.0,209819897.0,294115088.0,0.018070881831128635
2025-03-11,39.11,39.96,39.04,39.61,3384936.0,133476415.0,294115088.0,0.011508882536485174
2025-03-12,39.59,42.13,39.34,41.42,7381185.0,301315576.0,294115088.0,0.02509624735742901
2025-03-13,41.45,42.37,41.1,42.04,6405554.0,267818620.0,294115088.0,0.02177907309535919
2025-03-14,42.0,46.1,41.88,43.13,11856562.0,516098843.0,294115088.0,0.040312661552405635
2025-03-17,43.0,43.49,41.6,41.9,6665733.0,281740975.0,294115088.0,0.022663689392228663
2025-03-18,41.9,42.68,41.33,42.03,4585259.0,191458335.0,294115088.0,0.015590016245613349
2025-03-19,41.98,42.45,41.62,42.25,3013200.0,126857606.0,294115088.0,0.010244969139427488
2025-03-20,42.25,43.11,41.93,42.31,3989401.0,169642586.0,294115088.0,0.013564081418359604
2025-03-21,42.0,42.86,40.4,41.03,6488845.0,268428380.0,294115088.0,0.022062264959354958
2025-03-24,40.95,41.95,40.82,41.67,3291759.0,136321985.0,294115088.0,0.011192077980032088
2025-03-25,41.66,42.13,40.4,40.68,3691866.0,151291366.0,294115088.0,0.012552453616388426
2025-03-26,40.69,40.88,40.28,40.5,2748150.0,111538278.0,294115088.0,0.009343791298459329
2025-03-27,40.48,42.3,40.33,41.42,3874455.0,160630317.0,294115088.0,0.013173261617914685
2025-03-28,41.41,43.13,41.13,42.47,5689442.0,241342085.0,294115088.0,0.019344271110634078
2025-03-31,42.1,43.5,42.0,43.18,5634460.0,240986115.0,294868526.0,0.019108380526173894
2025-04-01,43.2,44.15,42.43,43.13,4635791.0,200366948.0,294868526.0,0.01572155245894233
2025-04-02,43.06,43.2,42.0,42.32,3945508.0,167721974.0,294868526.0,0.013380566768255218
2025-04-03,41.63,41.99,39.2,41.09,10119955.0,407928242.0,294868526.0,0.03432022785639726
2025-04-07,38.8,40.72,36.98,36.98,8162199.0,317542053.0,294868526.0,0.027680807818736136
2025-04-08,37.28,40.12,37.28,39.78,9573366.0,369065016.0,294868526.0,0.032466557654919063
2025-04-09,38.95,42.49,37.97,41.7,8296620.0,334388667.0,294868526.0,0.028136675394104287
2025-04-10,41.57,44.13,41.34,41.78,8004005.0,342454316.0,294868526.0,0.027144317871348536
2025-04-11,41.43,42.9,41.38,42.66,3784620.0,160543780.0,294868526.0,0.012834940545672208
2025-04-14,43.3,45.7,43.13,44.61,6734165.0,299742913.0,294868526.0,0.02283785621799459
2025-04-15,44.51,46.18,44.34,45.56,6074390.0,275714577.0,294868526.0,0.02060033358731545
2025-04-16,45.54,45.55,43.5,44.08,5318328.0,235192793.0,294868526.0,0.018036268814936186
2025-04-17,43.82,47.09,43.6,46.8,8042435.0,369705116.0,294868526.0,0.027274647142231788
2025-04-18,47.0,47.15,45.78,46.94,4830023.0,224057470.0,294868526.0,0.016380259587284673
2025-04-21,46.2,49.22,45.9,49.22,6658200.0,316187324.0,294868526.0,0.02258023292726739
2025-04-22,48.5,50.6,47.3,48.11,8823839.0,429477506.0,294868526.0,0.029924655302139638
2025-04-23,47.52,50.33,46.01,48.58,9836399.0,471086479.0,294868526.0,0.03335859250030639
2025-04-24,47.82,53.44,47.61,53.44,11967650.0,622063481.0,295020203.0,0.04056552696494484
2025-04-25,54.51,57.03,53.25,54.2,18094803.0,992331355.0,295020203.0,0.06133411480297842
2025-04-28,53.92,54.49,52.7,53.4,9641553.0,515239330.0,295020203.0,0.032680992359021596
2025-04-29,53.57,58.7,53.23,57.81,14710989.0,828002170.0,295020203.0,0.049864344375086744
2025-04-30,56.8,59.2,56.1,56.45,11515805.0,659731837.0,295020203.0,0.03903395388823592
2025-05-06,56.45,57.23,55.53,56.98,8951932.0,505226405.0,300045993.0,0.029835199298928815
2025-05-07,56.87,60.2,55.95,56.54,10020191.0,575632130.0,300045993.0,0.033395516799986064
2025-05-08,56.1,56.73,55.2,55.55,8691992.0,485399011.0,300045993.0,0.02896886544990454
2025-05-09,55.21,57.55,55.21,56.83,7738527.0,438845898.0,300045993.0,0.025791135960945826
2025-05-12,56.88,57.98,56.03,57.29,6558478.0,375344102.0,300045993.0,0.021858242246214566
2025-05-13,57.27,61.48,56.51,60.84,10631841.0,627442876.0,300045993.0,0.03543403760769436
2025-05-14,60.2,62.05,59.43,60.92,7905260.0,480482080.0,300045993.0,0.026346827434552675
2025-05-15,60.86,64.25,59.65,63.39,9288236.0,574835936.0,300045993.0,0.030956040796052225
2025-05-16,62.76,67.99,61.35,64.16,11883552.0,768029901.0,300045993.0,0.03960576803970183
2025-05-19,63.28,67.67,61.11,65.33,13198676.0,847248765.0,300045993.0,0.04398884273718663
2025-05-20,64.75,71.68,64.5,69.23,16374101.0,1109469941.0,300045993.0,0.054571970237909495
2025-05-21,67.5,69.0,63.51,63.8,14969014.0,992553581.0,300045993.0,0.04988906484080259
2025-05-22,64.03,65.55,62.88,64.25,11104021.0,710263566.0,301995402.0,0.036768841268649516
2025-05-23,63.55,64.58,62.7,63.06,8442189.0,536098267.0,302085932.0,0.02794631628195119
2025-05-26,63.0,64.35,62.63,63.49,7129731.0,453026650.0,302085932.0,0.023601665105013894
2025-05-27,62.9,63.63,62.39,62.93,7119568.0,448003448.0,302085932.0,0.02356802235994227
2025-05-28,62.93,63.73,61.99,62.56,5890025.0,368636837.0,302085932.0,0.01949784606321886
2025-05-29,62.24,63.4,62.1,62.44,5577062.0,349382544.0,302085932.0,0.018461839527171363
2025-05-30,62.7,63.95,62.34,62.86,5177971.0,325710483.0,302085932.0,0.01714072206447535
2025-06-03,62.35,66.64,62.11,66.17,12574535.0,820563922.0,302085932.0,0.0416256888122814
2025-06-04,65.85,72.79,65.31,72.24,16454148.0,1143940004.0,302085932.0,0.05446843516036357
2025-06-05,72.24,74.0,70.0,70.68,14459314.0,1039652399.0,302085932.0,0.047864903553337265
2025-06-06,69.9,70.37,64.01,64.46,16073617.0,1055542698.0,302085932.0,0.05320875716913557
2025-06-09,64.4,66.6,63.73,66.02,8676648.0,568705701.0,302085932.0,0.028722449743207507
2025-06-10,65.95,70.14,65.33,69.2,11249024.0,770649220.0,302085932.0,0.03723782807601911
2025-06-11,68.81,69.88,67.41,68.27,7476234.0,511868168.0,302085932.0,0.024748699651462088
2025-06-12,68.31,69.55,67.4,68.74,7597832.0,520617753.0,302085932.0,0.025151227499068046
2025-06-13,68.73,69.68,67.5,68.25,6467501.0,442081039.0,302085932.0,0.021409474308125013
2025-06-16,67.9,67.9,64.85,65.25,8921271.0,587463291.0,302085932.0,0.029532229259851796
2025-06-17,65.25,66.3,63.08,63.49,8331662.0,535885829.0,302085932.0,0.027580436946663244
2025-06-18,63.0,63.86,62.3,62.8,7072664.0,444501750.0,302085932.0,0.023412755281831527
2025-06-19,62.64,63.0,60.0,60.36,10543155.0,643994325.0,302085932.0,0.03490117838390435
2025-06-20,60.36,61.13,58.4,59.09,12299158.0,729714335.0,302085932.0,0.04071410382658932
2025-06-23,58.5,59.44,57.45,59.27,9761644.0,572238010.0,302085932.0,0.03231412974239396
2025-06-24,59.88,61.25,59.14,59.47,9299067.0,557541781.0,302085932.0,0.030782853535860782
2025-06-25,59.21,60.96,59.21,60.24,7795999.0,468675629.0,302085932.0,0.025807222959326685
2025-06-26,59.74,60.24,58.87,59.0,5914639.0,351029976.0,302085932.0,0.01957932618987368
2025-06-27,58.87,60.3,58.67,59.8,5261074.0,313116660.0,302085932.0,0.017415819284163157
2025-06-30,59.5,62.58,59.12,61.87,9476573.0,578196878.0,304371484.0,0.031134891072778684
2025-07-01,61.87,65.8,61.69,65.18,12060126.0,774740748.0,304371484.0,0.039623048261643326
2025-07-02,64.85,65.63,61.93,62.69,10080450.0,642071884.0,304371484.0,0.03311890413492218
2025-07-03,62.19,63.18,61.02,61.64,6764418.0,418128992.0,304371484.0,0.022224217298884675
2025-07-04,61.05,61.79,60.5,61.29,4870088.0,297795655.0,304371484.0,0.0160004739471586
2025-07-07,61.59,62.37,60.39,60.72,4607031.0,282117824.0,304371484.0,0.015136210986177666
2025-07-08,60.5,60.98,59.99,60.43,4528601.0,273474350.0,304371484.0,0.014878532444911954
2025-07-09,60.43,61.87,60.14,60.7,4530080.0,275940959.0,304371484.0,0.014883391638620128
2025-07-10,60.6,60.6,56.56,57.25,12147371.0,704745560.0,304371725.0,0.03990965652279298
2025-07-11,57.0,57.66,56.42,56.78,8042900.0,458417107.0,304371725.0,0.026424596437136204
2025-07-14,56.8,57.0,54.32,56.75,12107563.0,675519661.0,304371725.0,0.039778869078591315
2025-07-15,56.37,56.6,55.58,56.1,5073955.0,284267950.0,304371725.0,0.01667025739660936
2025-07-16,56.02,57.43,55.86,55.95,7088977.0,401981074.0,304371725.0,0.023290524111594137
2025-07-17,54.14,55.22,53.01,54.52,13424636.0,727246252.0,304371725.0,0.04410605485775658
2025-07-18,54.17,55.47,53.99,54.54,7546167.0,412455945.0,304371725.0,0.024792601875223464
2025-07-21,54.54,56.5,54.12,56.0,10442419.0,583366277.0,304371725.0,0.03430811124127906
2025-07-22,55.9,56.44,55.05,55.35,7158874.0,399711882.0,304371725.0,0.023520167650263834
2025-07-23,55.0,55.38,54.45,54.76,5878469.0,321874857.0,304371725.0,0.01931345298253312
2025-07-24,54.5,55.2,54.23,54.63,4142643.0,226106258.0,304371725.0,0.013610472523359389
2025-07-25,54.64,56.75,54.64,55.88,8700798.0,487758067.0,304371725.0,0.02858609156287431
2025-07-28,55.88,56.26,55.25,55.27,4951426.0,275283200.0,304371725.0,0.016267693722207606
2025-07-29,55.34,55.78,53.64,54.19,5886665.0,319039204.0,304371725.0,0.019340380582329057
2025-07-30,54.15,56.36,53.94,56.14,8165568.0,453500854.0,304371725.0,0.026827616789962996
2025-07-31,56.26,56.88,55.21,56.8,7492057.0,421700637.0,304371725.0,0.024614825835087013
2025-08-01,56.88,57.4,54.48,54.95,7569051.0,421725049.0,304372555.0,0.024867718444588408
2025-08-04,54.65,58.98,54.4,58.43,11686842.0,677485635.0,304372555.0,0.03839650391606431
2025-08-05,58.63,59.23,57.86,58.72,7322594.0,429130375.0,304372555.0,0.024057996950480637
2025-08-06,58.89,59.26,54.47,57.44,14118737.0,794287667.0,304372555.0,0.04638636686543568
2025-08-07,57.03,61.95,57.0,60.5,15181899.0,916847923.0,304372555.0,0.049879329626155024
2025-08-08,60.54,61.45,59.03,59.59,9155020.0,550307864.0,304372555.0,0.030078336070740674
2025-08-11,59.8,60.26,57.88,58.0,10027173.0,586012502.0,304372555.0,0.032943748821243096
2025-08-12,57.81,59.3,57.8,58.0,6091898.0,354994227.0,304372555.0,0.020014610055758806
2025-08-13,57.82,58.25,56.9,57.47,7794433.0,447826201.0,304372555.0,0.025608199136088337
2025-08-14,57.3,59.43,57.15,59.0,10196483.0,597552665.0,304372555.0,0.03350000790971446
2025-08-15,58.42,59.59,57.83,59.13,7660227.0,451230966.0,304372555.0,0.025167272390902655
2025-08-18,59.14,60.12,57.84,59.6,9460337.0,556853289.0,304372555.0,0.031081438995049997
2025-08-19,59.5,61.99,59.09,60.4,10792890.0,653179022.0,304372555.0,0.03545947169908272
2025-08-20,60.41,62.98,59.24,62.75,13704596.0,844406111.0,304372555.0,0.04502572842022501
2025-08-21,62.4,62.5,61.0,61.38,9360271.0,578113013.0,304372555.0,0.030752677421918017
2025-08-22,61.05,61.25,60.0,60.78,8760600.0,529224736.0,304372555.0,0.028782489932444796
2025-08-25,60.8,61.18,60.05,60.45,9700331.0,586601045.0,304372555.0,0.031869926643024696
2025-08-26,60.16,61.05,59.52,59.79,9182272.0,550418501.0,304372555.0,0.030167871081543472
2025-08-27,59.69,60.29,58.87,59.14,9378629.0,557288990.0,304372555.0,0.030812991664113738
2025-08-28,59.0,59.17,55.8,58.08,11156589.0,642854327.0,304372555.0,0.03665438560976695
2025-08-29,58.09,60.28,57.89,59.44,10686115.0,635581761.0,304372555.0,0.035108668059772995
2025-09-01,58.99,60.8,57.1,59.51,9464459.0,561718449.0,304372555.0,0.03109498160896931
2025-09-02,59.32,59.74,57.8,58.06,7866338.0,460760153.0,304372555.0,0.025844439226789025
2025-09-03,58.0,58.66,55.8,56.17,7516890.0,427556974.0,304372555.0,0.024696346226091244
2025-09-04,56.17,59.31,55.6,57.98,12536300.0,722235036.0,304372555.0,0.041187353439274446
2025-09-05,57.93,58.0,55.44,57.5,9638939.0,544650027.0,304372555.0,0.031668226460168196
2025-09-08,57.03,58.68,56.87,58.24,7790907.0,450565764.0,304372555.0,0.025596614648781327
2025-09-09,58.0,59.38,56.8,57.19,8170971.0,474344861.0,304372555.0,0.02684529490512047
2025-09-10,57.0,57.36,55.68,55.92,6417987.0,360802039.0,304372555.0,0.02108595829213314
2025-09-11,55.8,56.48,54.76,55.78,8210265.0,454362139.0,304372555.0,0.02697439327274432
2025-09-12,55.63,56.15,55.3,55.4,5200270.0,289227788.0,304372555.0,0.017085213218386262
2025-09-15,55.23,56.25,54.9,55.09,5173123.0,286175674.0,304376270.0,0.016995815738197986
2025-09-16,55.08,56.0,54.7,55.58,6672318.0,369120934.0,304376270.0,0.021921281839743945
2025-09-17,55.55,57.79,55.53,56.39,9854976.0,559244589.0,304376270.0,0.0323776094634447
2025-09-18,56.1,56.55,53.77,54.14,12329424.0,674571712.0,304376270.0,0.04050717882836267
2025-09-19,54.0,54.44,53.43,54.38,5435612.0,293219884.0,304376270.0,0.01785819899823334
2025-09-22,54.28,54.28,52.18,52.75,6984666.0,369400395.0,304376270.0,0.022947472219171358
2025-09-23,52.5,52.88,51.3,52.03,6459532.0,335212241.0,304376270.0,0.0212221931755718
2025-09-24,51.65,53.15,51.65,52.75,5240914.0,276715374.0,304376270.0,0.017218536780150437
2025-09-25,52.55,53.4,52.34,52.55,3428230.0,180923752.0,304376270.0,0.01126313164952051
2025-09-26,52.15,53.1,52.15,52.61,2679487.0,141162313.0,304376270.0,0.008803205979230904
2025-09-29,52.71,52.8,51.61,51.92,4036902.0,209514727.0,304376270.0,0.013262867042821702
2025-09-30,52.15,53.6,51.91,53.21,6035611.0,319185646.0,304376270.0,0.019829440054574557
2025-10-09,53.21,54.45,52.2,54.15,6887126.0,368772875.0,304376270.0,0.022627013597347784
2025-10-10,54.15,56.1,53.68,55.0,11189041.0,618193860.0,304376270.0,0.03676055626806912
2025-10-13,53.43,56.8,53.13,56.68,14053057.0,788535666.0,304376270.0,0.04617001515919753
2025-10-14,55.1,55.2,52.81,53.38,14159555.0,760491407.0,304376270.0,0.04651990445904341
2025-10-15,53.41,57.3,53.0,57.3,15848430.0,887324393.0,304376270.0,0.052068546605160776
2025-10-16,57.0,57.73,56.03,56.26,8550860.0,485470120.0,304376270.0,0.028093057320138656
2025-10-17,56.3,57.12,55.39,55.52,6921668.0,387707977.0,304376270.0,0.02274049813410224
2025-10-20,56.0,57.18,55.08,55.62,5832738.0,325575033.0,304376270.0,0.019162919632335334
2025-10-21,55.89,56.42,54.33,56.25,7545802.0,417094589.0,304376270.0,0.02479103249409029
2025-10-22,55.84,56.45,53.61,54.45,7502772.0,408843461.0,304376270.0,0.024649661420714564
2025-10-23,53.02,54.0,51.89,52.4,7585483.0,400105714.0,304376270.0,0.024921400738631826
2025-10-24,52.61,55.16,52.3,54.36,9670426.0,525950544.0,304376270.0,0.03177128755799524
2025-10-27,54.2,54.68,53.72,54.46,6525635.0,353462033.0,304376270.0,0.021439368450109464
2025-10-28,54.4,56.78,53.91,56.36,8784327.0,492230755.0,304376270.0,0.028860091491363635
2025-10-29,55.86,57.62,54.96,57.21,7500293.0,425683669.0,304376270.0,0.024641516896175907
2025-10-30,57.18,58.32,56.81,56.88,6320633.0,363878118.0,304376270.0,0.02076585339586427
2025-10-31,56.88,57.8,56.55,57.2,4660458.0,267208608.0,304376270.0,0.015311502437427202
2025-11-03,57.0,58.28,56.3,57.97,7207843.0,415019710.0,304376270.0,0.023680699549935347
2025-11-04,57.98,58.04,55.46,56.07,4855273.0,273980559.0,304376270.0,0.015951549048156745
2025-11-05,55.66,57.8,55.51,56.03,4985724.0,282863218.0,304376270.0,0.016380133707532458
2025-11-06,55.92,58.09,55.0,57.8,6425764.0,365925950.0,304376270.0,0.0211112515440182
2025-11-07,57.51,59.08,56.8,56.96,6453239.0,373315213.0,304376270.0,0.021201518107834095
2025-11-10,57.92,61.1,57.02,60.46,12909845.0,772466913.0,304376270.0,0.042414098181832637
2025-11-11,60.66,60.86,59.94,60.23,5146050.0,310753555.0,304376270.0,0.016906869908091062
2025-11-12,60.09,60.5,58.28,59.26,5650028.0,334803270.0,304376270.0,0.018562642876200564
2025-11-13,59.09,59.4,57.66,58.96,4356298.0,255755358.0,304376270.0,0.014312212972450184
2025-11-14,58.75,59.65,57.45,57.47,3326578.0,193373901.0,304376270.0,0.010929163433141487
2025-11-17,57.47,60.09,57.35,59.69,6905694.0,409163943.0,304376270.0,0.022688017038910425
2025-11-18,59.42,59.6,57.5,58.39,3874521.0,225834443.0,304376270.0,0.01272937933039261
2025-11-19,58.33,59.29,58.05,58.62,2639300.0,154617830.0,304376270.0,0.008671175318627829
2025-11-20,58.68,58.8,56.6,57.21,3288517.0,188411882.0,304376270.0,0.010804117548322674
2025-11-21,56.5,57.33,54.9,54.99,3181756.0,177968497.0,304376270.0,0.010453364186373661
2025-11-24,55.66,56.85,55.11,55.85,2755416.0,153542235.0,304376270.0,0.009052663665271935
2025-11-25,56.01,56.39,55.2,55.42,2382500.0,132506450.0,304376270.0,0.00782748274035949
2025-11-26,55.61,57.0,55.25,55.83,3271950.0,184010601.0,304376270.0,0.010749688206639763
2025-11-27,56.46,56.98,55.5,55.65,2391172.0,134680161.0,304376270.0,0.007855973791912227
2025-11-28,55.95,56.64,55.3,56.37,1934788.0,108479544.0,304376270.0,0.006356566495804683
2025-12-01,56.3,56.69,55.6,56.43,1920280.0,107690760.0,304376270.0,0.006308901807621206
2025-12-02,56.36,56.45,54.8,56.18,3202778.0,178153793.0,304376270.0,0.010522430017294054
2025-12-03,56.0,56.16,55.18,55.49,1448308.0,80473820.0,304376270.0,0.004758281583515035
2025-12-04,55.49,55.5,54.01,54.14,2873650.0,156381731.0,304376270.0,0.009441110504442412
2025-12-05,54.12,54.49,53.53,53.98,2251117.0,121646565.0,304376270.0,0.007395836081439595
2025-12-08,53.99,54.99,53.6,54.64,2306017.0,125717765.0,304376270.0,0.007576204938709578
2025-12-09,54.5,55.4,53.86,54.09,2354054.0,128065992.0,304376270.0,0.007734026046117196
2025-12-10,54.0,55.16,53.83,54.53,1798740.0,98147675.0,304376270.0,0.005909593412127693
2025-12-11,54.57,55.02,54.2,54.59,2161070.0,118065996.0,304376270.0,0.007099995016037222
2025-12-12,54.52,55.31,53.7,54.92,3529265.0,193267835.0,304376270.0,0.011595072769634769
2025-12-15,55.0,55.65,53.06,53.25,3256200.0,175576667.0,304376270.0,0.010697943042668865
2025-12-16,53.3,53.72,52.98,53.28,1356290.0,72213089.0,304376270.0,0.0044559649804500195
2025-12-17,53.2,54.6,52.35,53.37,3612818.0,193488172.0,304376270.0,0.011869578400444948
2025-12-18,53.02,54.15,52.9,53.23,1975208.0,105800833.0,304376270.0,0.006489362656293803
2025-12-19,53.29,54.75,52.8,54.72,4007723.0,217053403.0,304376270.0,0.013167002145075239
2025-12-22,54.7,54.95,54.1,54.7,2180993.0,119086112.0,304376270.0,0.00716545018440498
2025-12-23,54.69,54.69,53.07,53.27,3772226.0,201792193.0,304376270.0,0.012393298597160679
2025-12-24,53.25,53.3,52.58,53.03,3175064.0,167593595.0,304376270.0,0.010431378241148695
2025-12-25,52.9,53.45,52.81,53.27,1454291.0,77319897.0,304376270.0,0.004777938175009504
2025-12-26,53.25,53.28,52.67,52.96,2094077.0,110835416.0,304376270.0,0.006879895729059299
2025-12-29,52.86,53.4,51.92,52.23,2623295.0,138122231.0,304376270.0,0.008618592375811689
2025-12-30,52.01,52.61,51.88,52.03,1995972.0,103993143.0,304376270.0,0.0065575808521472455
2025-12-31,52.0,52.39,51.5,51.76,2267356.0,117402332.0,304377470.0,0.00744915844132616
2026-01-05,52.1,52.23,51.38,52.2,3633877.0,188455121.0,304377470.0,0.011938718723169622
2026-01-06,52.0,52.67,51.65,52.6,3643197.0,189972228.0,304377470.0,0.01196933859789294
2026-01-07,52.34,52.59,51.88,52.15,2748332.0,143317896.0,304377470.0,0.009029354242283438
2026-01-08,51.99,52.78,51.91,52.41,3066908.0,160831254.0,304377470.0,0.010076002011581212
2026-01-09,52.41,52.88,52.01,52.74,3138511.0,164797856.0,304377470.0,0.010311246098471085
2026-01-12,52.75,53.42,51.91,53.25,5157482.0,271663601.0,304377470.0,0.01694436188066088
2026-01-13,53.22,53.3,52.01,52.51,4304240.0,226466009.0,304377470.0,0.014141125491318395
2026-01-14,52.33,53.28,51.85,52.22,5328447.0,280402057.0,304377470.0,0.01750604931435957
2026-01-15,52.2,52.8,51.23,51.5,4481639.0,231346059.0,304377470.0,0.014723951151837882
2026-01-16,51.52,51.8,50.01,51.75,5267056.0,268957241.0,304377470.0,0.017304355673893997
2026-01-19,51.58,53.23,51.38,52.64,5701273.0,300185087.0,304377470.0,0.0187309297235436
2026-01-20,52.68,53.49,52.41,52.72,3358766.0,177273711.0,304377470.0,0.011034870616409289
2026-01-21,52.49,53.03,52.0,52.58,3249100.0,170948641.0,304377470.0,0.010674574566902077
2026-01-22,52.37,52.57,50.03,50.3,9356197.0,474853473.0,304377470.0,0.03073879614020052
2026-01-23,50.15,50.29,49.02,49.52,7073805.0,349591904.0,304377470.0,0.023240238510425885
2026-01-26,51.0,52.47,50.15,50.74,8262707.0,423810199.0,304377681.0,0.02714623152674588
2026-01-27,50.38,50.87,49.51,49.93,4623924.0,231094171.0,304377681.0,0.015191402946525503
2026-01-28,49.9,50.26,49.01,49.13,3352676.0,165978989.0,304377681.0,0.011014854929524219
2026-01-29,49.09,49.79,48.82,49.77,3800517.0,187759825.0,304377681.0,0.012486188170938854
2026-01-30,49.98,50.96,49.6,49.69,5008596.0,252147336.0,304377681.0,0.016455201260305283
2026-02-02,49.5,50.12,48.9,48.95,3109153.0,153706110.0,304377681.0,0.010214786412016853
2026-02-03,49.17,49.23,47.59,48.83,5022205.0,243374822.0,304377681.0,0.016499912160116627
2026-02-04,48.62,48.82,48.16,48.59,2748399.0,133052897.0,304377681.0,0.009029568104239548
2026-02-05,48.44,50.25,48.14,49.75,5352957.0,266021704.0,304377681.0,0.017586562136926196
2026-02-06,49.5,50.37,49.18,49.41,3179875.0,157852232.0,304377681.0,0.010447135905473963
2026-02-09,49.57,49.59,48.41,48.73,3381692.0,164594313.0,304377681.0,0.011110183863973916
2026-02-10,48.61,48.9,48.53,48.7,1897293.0,92451229.0,304377681.0,0.006233351255475266
2026-02-11,48.72,49.23,48.51,49.11,2291301.0,112014504.0,304377681.0,0.0075278219890242215
2026-02-12,49.01,49.33,48.43,48.45,2415938.0,117576378.0,304377681.0,0.007937303392491515
2026-02-13,48.44,49.23,48.13,48.13,2631916.0,128034076.0,304377681.0,0.008646875787190192
2026-02-24,48.59,48.65,47.71,47.74,3854468.0,185234908.0,304377681.0,0.012663438355061257
2026-02-25,47.67,48.29,47.6,48.08,2277103.0,109377481.0,304377681.0,0.007481175993321271
2026-02-26,48.0,48.08,46.88,47.06,4162083.0,196733179.0,304377681.0,0.01367407421702513
2026-02-27,46.91,47.53,46.88,47.25,1864364.0,88171768.0,304377681.0,0.006125166582105605
2026-03-02,46.5,46.9,45.38,45.98,5515515.0,253368615.0,304377681.0,0.01812062889065772
2026-03-03,45.98,47.74,45.83,46.45,4282211.0,201141222.0,304377681.0,0.01406874178793681
2026-03-04,46.43,46.55,45.13,45.24,3419751.0,156337051.0,304377681.0,0.011235222598334994
2026-03-05,45.66,46.36,45.25,45.81,2907715.0,133293211.0,304377681.0,0.00955298361708722
2026-03-06,45.53,46.73,45.5,46.4,1851499.0,85950590.0,304377681.0,0.006082900013946817
2026-03-09,46.16,46.28,43.75,44.1,6037700.0,268535486.0,304377681.0,0.01983621131537565
2026-03-10,44.48,45.0,44.39,44.9,3210000.0,143570292.0,304377681.0,0.010546108339658453
2026-03-11,44.8,45.08,44.36,44.64,2144491.0,95713473.0,304377681.0,0.0070454935886051385
2026-03-12,44.5,44.64,43.75,44.1,2852700.0,125721866.0,304377681.0,0.0093722377758703
2026-03-13,43.91,44.5,43.11,43.42,3629347.0,158940955.0,304377681.0,0.011923827621250587
2026-03-16,43.18,43.42,40.69,41.22,11456712.0,474804724.0,307062163.0,0.03731072525532884
2026-03-17,41.01,42.19,40.63,41.15,9297633.0,385170444.0,307062163.0,0.030279318393259674
2026-03-18,41.15,41.3,40.06,40.47,7017050.0,283352537.0,307062163.0,0.022852213152683355
2026-03-19,40.0,40.29,38.2,38.36,10059861.0,391135704.0,307062163.0,0.0327616431204518
2026-03-20,38.36,39.06,37.44,37.54,7388459.0,281675516.0,307062163.0,0.024061769538176542
2026-03-23,37.1,37.4,35.08,35.51,11986705.0,431917365.0,307062163.0,0.03903673732670215
2026-03-24,36.01,36.56,35.28,36.54,6954606.0,250787384.0,307062163.0,0.022648853678530232
2026-03-25,36.72,38.19,36.51,37.66,6424509.0,241691483.0,307062163.0,0.020922502913522434
2026-03-26,37.65,39.07,37.16,37.3,6945149.0,263949754.0,307062163.0,0.022618055354478826
2026-03-27,37.12,40.08,37.0,38.71,13328179.0,519582903.0,307062163.0,0.04340547487122339
2026-03-30,38.3,38.73,36.85,37.01,14395398.0,537167786.0,307062163.0,0.04688105450491469
2026-03-31,36.85,37.37,36.13,36.13,8623418.0,314699872.0,319633233.0,0.026979103264897365
2026-04-01,36.95,39.18,36.95,38.45,17365981.0,663981582.0,319633233.0,0.05433096188718274
2026-04-02,38.48,38.85,37.8,38.64,11219876.0,428618658.0,319633233.0,0.03510234494296155
2026-04-03,38.39,38.71,37.58,38.18,7816651.0,298017686.0,319633233.0,0.024455063469573577
2026-04-07,38.17,38.92,37.98,38.59,6655244.0,255835395.0,321897746.0,0.020675025167774863
2026-04-08,39.0,39.94,38.77,39.72,10614116.0,419184041.0,321897746.0,0.0329735642199868
2026-04-09,39.27,39.3,38.0,38.46,9110959.0,352625161.0,321897746.0,0.028303891882486186
2026-04-10,38.55,39.2,38.24,38.45,8433133.0,325948740.0,321897746.0,0.02619817350320931
2026-04-13,38.05,38.27,37.06,37.41,8631314.0,323183319.0,321897746.0,0.026813837957100826
2026-04-14,37.7,38.15,37.27,38.04,6978605.0,263286934.0,321897746.0,0.021679570878386952
2026-04-15,38.04,41.84,38.04,41.84,22818243.0,926925528.0,321897746.0,0.07088661938005618
2026-04-16,41.76,42.46,40.93,42.0,20123496.0,841739739.0,321897746.0,0.06251518145144142
2026-04-17,42.0,42.39,40.7,41.81,15038514.0,628768104.0,321897746.0,0.04671829544280189
2026-04-20,41.76,42.39,41.43,41.95,11339759.0,475566829.0,321897746.0,0.035227829771756154
2026-04-21,41.95,43.24,41.71,42.67,17265101.0,734885743.0,321897746.0,0.05363535847809261
2026-04-22,42.8,42.97,42.1,42.33,10070035.0,426575457.0,321897746.0,0.031283334925868045
2026-04-23,41.48,43.21,40.7,42.53,15776308.0,662727809.0,321897746.0,0.04901030900663716
2026-04-24,41.1,41.14,38.28,38.28,23663753.0,921753031.0,321897746.0,0.07351326094715804
2026-04-27,37.33,37.33,35.21,36.0,19611921.0,704502696.0,321897746.0,0.0609259345357454
2026-04-28,36.0,36.09,34.35,34.44,14581478.0,507919167.0,321897746.0,0.04529847810739253
2026-04-29,34.4,35.35,34.3,34.95,8727598.0,305240573.0,321897746.0,0.027112951576865035
2026-04-30,34.81,34.89,33.62,33.65,12216618.0,414750804.0,321897746.0,0.03795185940817367
2026-05-06,33.6,33.84,32.76,33.54,9793615.0,326492407.0,321897746.0,0.030424615026661293
2026-05-07,33.66,34.28,33.5,33.95,6233323.0,211510729.0,321897746.0,0.019364295269094552
2026-05-08,33.81,33.98,33.12,33.31,7463652.0,248819157.0,321897746.0,0.023186406530476295
2026-05-11,33.35,33.39,32.4,32.89,9738779.0,318633253.0,321897746.0,0.030254262793129344
2026-05-12,32.75,32.93,31.71,31.76,10200243.0,327059725.0,321897746.0,0.03168783604965038
2026-05-13,31.73,32.09,31.37,31.83,6893305.0,218750206.0,321897746.0,0.021414579895815734
2026-05-14,31.83,32.32,31.11,31.25,7297622.0,230298211.0,321897746.0,0.022670621620320387
2026-05-15,31.22,31.59,30.81,31.03,6462031.0,201567682.0,321897746.0,0.020074794186350095
2026-05-18,31.0,31.0,30.01,30.49,6329833.0,192538666.0,321897746.0,0.01966411097516663
2026-05-19,30.55,30.96,30.01,30.53,6062098.0,184764285.0,321897746.0,0.01883237169358744
2026-05-20,30.4,30.53,29.7,30.25,6666632.0,200585945.0,321897746.0,0.020710402861907583
2026-05-21,30.16,30.84,29.9,30.0,7233701.0,219896755.0,321897746.0,0.02247204613852748
2026-05-22,30.28,30.66,29.65,30.02,6835277.0,204944233.0,321897746.0,0.021234311469829303
2026-05-25,29.92,30.29,29.66,30.06,4893216.0,146541348.0,321897746.0,0.015201150243531062
2026-05-26,30.0,30.74,29.8,30.2,7037310.0,212908747.0,321897746.0,0.021861942456720403
2026-05-27,29.98,30.29,29.1,30.04,9491205.0,282048211.0,321897746.0,0.029485155202049782
2026-05-28,30.19,30.37,29.06,29.39,6783494.0,200344384.0,321897746.0,0.021073443614606734
2026-05-29,29.35,30.28,28.84,29.75,9355398.0,277230690.0,321897746.0,0.029063260355976523
2026-06-01,29.5,31.5,29.5,30.99,11965405.0,367020746.0,321897746.0,0.03717144698490681
2026-06-02,30.83,30.88,29.9,30.1,8245502.0,249033642.0,321897746.0,0.025615283432273553
2026-06-03,29.86,30.0,29.29,29.63,6077376.0,179185699.0,321897746.0,0.018879833970629915
2026-06-04,29.32,29.61,28.56,28.63,6176124.0,178865093.0,321897746.0,0.01918660219509583
2026-06-05,28.68,29.25,28.07,28.44,6790253.0,193758591.0,321897746.0,0.021094440965734505
2026-06-08,28.0,29.36,27.43,27.78,8861196.0,250990527.0,321897746.0,0.02752798399526538
2026-06-09,27.87,28.05,27.27,27.65,5524877.0,152359136.0,321897746.0,0.017163453514831385
2026-06-10,27.58,27.88,27.33,27.58,4534015.0,124765202.0,321897746.0,0.014085264828166893
2026-06-11,27.56,27.67,27.15,27.25,4987902.0,136254169.0,321897746.0,0.015495299553914864
2026-06-12,27.3,29.42,27.0,28.77,11166932.0,316573608.0,321897746.0,0.0346909294605623
2026-06-15,28.7,29.68,28.53,29.07,6709014.0,194762473.0,321897746.0,0.02084206579066882
2026-06-16,28.83,28.99,28.35,28.69,3894232.0,111308169.0,321897746.0,0.01209772994185551
2026-06-17,28.5,28.7,28.0,28.2,4083137.0,115147442.0,321897746.0,0.012684577791358627
2026-06-18,28.16,28.2,27.5,27.61,4190177.0,116223525.0,321897746.0,0.013017105748854793
2026-06-22,27.46,27.6,26.45,27.25,7203431.0,193722708.0,321897746.0,0.02237801006534541
2026-06-23,27.25,28.29,26.92,27.35,6725242.0,186047373.0,321897746.0,0.0208924793154656
2026-06-24,27.39,27.59,26.39,26.49,5434555.0,145099842.0,321897746.0,0.01688286130465791
2026-06-25,26.29,27.07,25.66,26.62,6896886.0,182037918.0,321897746.0,0.021425704546561192
2026-06-26,26.42,26.87,25.76,25.92,5488143.0,143285343.0,321897746.0,0.01704933653061367
2026-06-29,25.66,27.35,25.14,27.0,10528082.0,280163400.0,321897746.0,0.03270629301020331
2026-06-30,26.82,27.13,26.43,26.72,4630914.0,123635740.0,321897746.0,0.014386288992529944
2026-07-01,26.55,27.65,26.45,27.3,6266491.0,170403680.0,321897746.0,0.01946733420121556
2026-07-02,27.38,27.93,27.03,27.39,6451896.0,176998397.0,321897746.0,0.020043309032676482
2026-07-03,27.4,28.1,27.31,27.9,6411329.0,178128084.0,321897746.0,0.019917284540414273
2026-07-06,27.94,28.55,27.56,28.23,7932918.0,223852836.0,321897746.0,0.024644217297501672
2026-07-07,28.25,28.28,27.33,27.45,5516148.0,152976087.0,321897746.0,0.017136336207834148
2026-07-08,27.5,27.78,26.77,26.88,4802800.0,130580406.0,321897746.0,0.014920266015158739
2026-07-09,26.73,27.03,25.8,25.92,5626765.0,147624147.0,321897746.0,0.01747997638976944
2026-07-10,25.93,27.98,25.76,27.1,10003350.0,270608252.0,321897746.0,0.031076172866398386
2026-07-13,27.27,27.35,26.28,26.33,5965427.0,158620703.0,321897746.0,0.018532055828685425
2026-07-14,26.39,26.65,26.0,26.04,5343900.0,140002541.0,321897746.0,0.016601234604482134
2026-07-15,26.06,28.64,25.82,28.64,9929972.0,276473814.0,321897746.0,0.030848218489855472
2026-07-16,28.46,29.89,28.46,29.58,19174680.0,561066782.0,321897746.0,0.05956761188380611
2026-07-17,29.65,30.55,28.86,28.88,14825305.0,438470679.0,321897746.0,0.04605594535601377
2026-07-20,29.0,30.0,28.61,29.46,13411926.0,393911232.0,321897746.0,0.04166517525102521
2026-07-21,28.88,30.59,28.88,29.35,16861768.0,501167002.0,321897746.0,0.052382373624946105
2026-07-22,29.0,31.16,28.25,30.66,19665642.0,588342813.0,321897746.0,0.061092822936386765
2026-07-23,30.01,30.2,29.22,29.8,14237227.0,422759389.0,321897746.0,0.044229036011951446
2026-07-24,29.37,29.61,28.11,28.15,9510199.0,273075148.0,321897746.0,0.029544161517676484
2026-07-27,27.86,30.25,27.81,29.75,12108061.0,357842701.0,321897746.0,0.03761461877400036
2026-07-28,29.62,31.75,29.62,31.69,18055224.0,560083097.0,321897746.0,0.056089936087965024
2026-07-29,31.4,32.37,31.02,31.6,19634793.0,624903945.0,321897746.0,0.06099698815536285
2026-07-30,31.55,34.68,31.48,32.55,29818164.0,989277049.0,321897746.0,0.09263241004489668
2026-07-31,30.81,33.78,30.81,33.28,21918941.0,715079203.0,321897746.0,0.0680928688453755
2026-08-03,33.05,33.42,32.03,32.25,13486091.0,437429260.0,321897746.0,0.04189557450333933
2026-08-04,32.68,33.08,31.44,31.67,14705578.0,468364622.0,321897746.0,0.045684004261402934
2026-08-05,31.29,32.25,31.1,31.64,15146451.0,477679185.0,321897746.0,0.04705360999949344
2026-08-06,31.6,31.62,30.41,31.02,14291392.0,442127422.0,321897746.0,0.04439730373259588
2026-08-07,31.0,31.13,30.49,31.01,11343852.0,349994827.0,321897746.0,0.03524054498971235
2026-08-10,30.99,32.18,30.5,31.87,16083197.0,508196121.0,321897746.0,0.04996368318776609
2026-08-11,31.8,32.25,31.05,31.21,12674207.0,399302773.0,321897746.0,0.03937339468043371
2026-08-12,31.08,32.53,30.89,32.48,19892429.0,633012859.0,321897746.0,0.06179735412002543
2026-08-13,32.02,32.19,31.44,31.65,13519990.0,428999851.0,321897746.0,0.04200088434294287
2026-08-14,31.6,31.6,29.88,30.0,15331057.0,466537431.0,321897746.0,0.04762710267626416
2026-08-17,30.32,30.33,29.51,29.98,7848244.0,234035299.0,321897746.0,0.024381171031871717
2026-08-18,29.88,31.08,29.73,30.64,10761004.0,326848039.0,321897746.0,0.033429883041181656
2026-08-19,30.33,30.57,29.56,29.74,6828512.0,204089079.0,321897746.0,0.02121329547924203
2026-08-20,29.75,30.1,29.31,29.53,5751913.0,170292783.0,321897746.0,0.017868758236039343
2026-08-21,29.45,29.52,28.93,29.25,5947323.0,173227431.0,321897746.0,0.01847581436621802
2026-08-24,29.21,29.4,28.5,28.78,5445497.0,156798536.0,321897746.0,0.016916853465634395
2026-08-25,28.23,29.36,28.03,28.8,7019790.0,201824396.0,321897746.0,0.021807515234977756
2026-08-26,28.69,28.88,28.31,28.33,4795498.0,137017710.0,321897746.0,0.014897581792946136
2026-08-27,28.26,28.58,27.89,28.4,4291719.0,121559192.0,321897746.0,0.013332553748294963
2026-08-28,28.48,28.88,28.36,28.76,5489480.0,157231505.0,321897746.0,0.01705349002350579
2026-08-31,28.73,28.75,27.91,28.18,5710800.0,160643302.0,321897746.0,0.01774103755296255
2026-09-01,28.11,28.92,28.0,28.47,6147474.0,175922680.0,321897746.0,0.019097598775979004
2026-09-02,28.29,28.59,28.06,28.38,5730606.0,162544723.0,321897746.0,0.01780256640877504
2026-09-03,28.3,28.8,27.82,27.85,5886009.0,165549952.0,321897746.0,0.01828533772957826
2026-09-04,27.88,28.93,27.58,28.61,9386078.0,268139461.0,321897746.0,0.029158570125557823
2026-09-07,28.49,29.82,28.49,29.77,11858756.0,347537776.0,321897746.0,0.03684013369885479
2026-09-08,29.68,30.21,29.43,29.74,7790391.0,232388341.0,321897746.0,0.024201446256787395
2026-09-09,29.63,29.71,28.61,28.79,7829378.0,226577483.0,321897746.0,0.0243225623580477
2026-09-10,28.6,28.82,27.86,28.23,5956708.0,167924971.0,321897746.0,0.018504969587454023
2026-09-11,28.02,28.21,26.8,26.98,8825117.0,239433622.0,321897746.0,0.027415901818709846
2026-09-14,26.8,27.46,26.73,27.46,4145190.0,113024647.0,321897746.0,0.012877350188093582
2026-09-15,27.47,27.87,27.18,27.39,3155340.0,86841985.0,321897746.0,0.009802305356931577
2026-09-16,27.3,27.63,26.91,27.53,3926491.0,106897007.0,321897746.0,0.012197944995862133
2026-09-17,27.29,27.52,27.11,27.16,2745106.0,74824378.0,321897746.0,0.008527882018782448
2026-09-18,27.1,27.63,27.1,27.57,3458552.0,94916491.0,321897746.0,0.01074425665596304
2026-09-21,27.46,30.26,27.41,29.65,13007956.0,380258301.0,321897746.0,0.04041021150859503
2026-09-22,29.33,30.04,29.26,29.62,6975224.0,206083664.0,321897746.0,0.021669067542958192
2026-09-23,29.62,29.62,28.37,28.43,6393702.0,184654495.0,321897746.0,0.019862524914977194
2026-09-24,28.42,28.62,27.74,27.83,5114173.0,143077937.0,321897746.0,0.01588757008568802
