date,open,high,low,close,volume,amount,outstanding_share,turnover
2021-01-04,5.05,5.48,5.05,5.35,71443452.0,378477732.0,875078961.0,0.08164229193484175
2021-01-05,5.39,5.74,5.31,5.49,90110022.0,501301459.0,875078961.0,0.10297358983128381
2021-01-06,5.45,5.55,5.07,5.11,75928633.0,394836235.0,875078961.0,0.08676775055045576
2021-01-07,5.23,5.73,5.2,5.38,99864672.0,546857697.0,875078961.0,0.11412075532690129
2021-01-08,5.18,5.2,4.88,5.09,75134250.0,378028429.0,875078961.0,0.08585996618424015
2021-01-11,4.97,5.01,4.61,4.61,61239022.0,290491310.0,875078961.0,0.06998113853636574
2021-01-12,4.58,4.88,4.56,4.67,38331542.0,180473625.0,875078961.0,0.04380352369138949
2021-01-13,4.6,4.84,4.49,4.6,38633830.0,178821971.0,875078961.0,0.04414896451841447
2021-01-14,4.53,4.53,4.25,4.33,44323536.0,192681758.0,875078961.0,0.0506508989192805
2021-01-15,4.33,4.54,4.27,4.41,40818860.0,179112352.0,875078961.0,0.046645916333486165
2021-01-18,4.36,4.63,4.34,4.54,42906742.0,193882802.0,875078961.0,0.04903185188107842
2021-01-19,4.47,4.62,4.44,4.45,34806943.0,157161844.0,875078961.0,0.039775774017266084
2021-01-20,4.44,4.48,4.31,4.45,28440968.0,124885062.0,875078961.0,0.03250103049843522
2021-01-21,4.44,4.79,4.35,4.53,44628432.0,203258914.0,875078961.0,0.05099932004878815
2021-01-22,4.45,4.61,4.35,4.36,31412360.0,139381948.0,875078961.0,0.035896600649732685
2021-01-25,4.4,4.45,4.2,4.28,29416913.0,127073269.0,875078961.0,0.03361629556992629
2021-01-26,4.29,4.3,4.11,4.12,26658717.0,111688763.0,875078961.0,0.030464356004554886
2021-01-27,4.11,4.2,4.0,4.06,24238090.0,99615468.0,875078961.0,0.027698174770767914
2021-01-28,3.99,4.16,3.96,4.02,24414860.0,99634540.0,875078961.0,0.02790017939878228
2021-01-29,4.02,4.04,3.85,3.88,25557994.0,100868490.0,875078961.0,0.029206500372027572
2021-02-01,3.86,3.93,3.72,3.81,25928904.0,98731049.0,875078961.0,0.029630359265373767
2021-02-02,3.82,3.83,3.68,3.72,25035386.0,93536699.0,875078961.0,0.028609287979442122
2021-02-03,3.77,4.15,3.74,4.03,50955763.0,205240646.0,875078961.0,0.05822990298129222
2021-02-04,3.93,3.95,3.73,3.79,35152534.0,134197512.0,875078961.0,0.04017069952159437
2021-02-05,3.76,3.88,3.7,3.77,21426430.0,80746580.0,875078961.0,0.02448513900450179
2021-02-08,3.77,3.95,3.67,3.85,26332982.0,100085127.0,875078961.0,0.030092121024036366
2021-02-09,3.79,3.92,3.73,3.73,25904257.0,98610707.0,875078961.0,0.029602193807056917
2021-02-10,3.65,3.76,3.51,3.53,29536414.0,106350535.0,875078961.0,0.033752855818002005
2021-02-18,3.53,3.86,3.52,3.7,32513353.0,120574896.0,875078961.0,0.03715476482584524
2021-02-19,3.71,3.97,3.68,3.93,37335737.0,143994153.0,875078961.0,0.042665563525072565
2021-02-22,3.97,4.15,3.97,4.04,34791214.0,142010054.0,875078961.0,0.039757799639294496
2021-02-23,4.03,4.04,3.83,3.86,30077705.0,116939831.0,875078961.0,0.034371418283932434
2021-02-24,3.89,3.93,3.8,3.85,22904920.0,88452498.0,875078961.0,0.02617468939468652
2021-02-25,3.87,3.88,3.7,3.71,23070169.0,86414292.0,875078961.0,0.02636352835364305
2021-02-26,3.68,4.05,3.62,3.99,44885556.0,174121610.0,875078961.0,0.05129314953327966
2021-03-01,3.91,4.05,3.91,3.97,33850174.0,134112433.0,875078961.0,0.038682422396851567
2021-03-02,3.96,3.98,3.79,3.85,26111914.0,101005855.0,875078961.0,0.029839494678469365
2021-03-03,3.82,3.99,3.8,3.87,23566032.0,91777230.0,875078961.0,0.026930177789978887
2021-03-04,3.86,3.93,3.82,3.84,22392742.0,86332400.0,875078961.0,0.02558939592652371
2021-03-05,3.83,4.31,3.81,4.13,63389196.0,262870331.0,875078961.0,0.07243825851733625
2021-03-08,4.05,4.21,3.95,4.0,38533280.0,156267079.0,875078961.0,0.04403406060176094
2021-03-09,4.0,4.03,3.73,3.84,27037580.0,104497270.0,875078961.0,0.030897303220617598
2021-03-10,3.9,4.04,3.76,3.97,29728670.0,116233822.0,875078961.0,0.03397255713476124
2021-03-11,3.99,4.2,3.89,4.13,37915585.0,152668274.0,875078961.0,0.043328187157730104
2021-03-12,4.04,4.31,4.01,4.08,41244900.0,170528668.0,875078961.0,0.04713277525592345
2021-03-15,4.05,4.15,3.96,4.07,24493325.0,99236269.0,875078961.0,0.02798984559291673
2021-03-16,4.05,4.15,4.03,4.11,24405877.0,99942675.0,875078961.0,0.027889914039425753
2021-03-17,4.1,4.47,4.08,4.25,54065862.0,231220083.0,875078961.0,0.06178398111436255
2021-03-18,4.19,4.44,4.12,4.34,56857689.0,243576091.0,875078961.0,0.06497435264016135
2021-03-19,4.26,4.36,4.14,4.21,40558044.0,171578255.0,875078961.0,0.04634786780115492
2021-03-22,4.17,4.34,4.13,4.27,30338381.0,128733318.0,875078961.0,0.03466930683070096
2021-03-23,4.25,4.27,4.12,4.17,26655855.0,111523360.0,875078961.0,0.03046108544255128
2021-03-24,4.14,4.2,4.07,4.1,24815703.0,102410733.0,875078961.0,0.028358244348192025
2021-03-25,4.07,4.26,4.06,4.09,25083200.0,104008687.0,875078961.0,0.02866392762012707
2021-03-26,4.0,4.13,4.0,4.03,22463600.0,91027795.0,875078961.0,0.02567036919083237
2021-03-29,4.03,4.06,3.91,3.91,22204737.0,88320960.0,875078961.0,0.025374552457101067
2021-03-30,3.91,3.92,3.79,3.82,17403427.0,66649507.0,875078961.0,0.019887836156079176
2021-03-31,3.81,3.87,3.81,3.83,10331665.0,39624071.0,875078961.0,0.011806551706137978
2021-04-01,3.85,3.9,3.8,3.82,12661400.0,48562832.0,875078961.0,0.01446886574159106
2021-04-02,3.82,3.84,3.75,3.8,11638960.0,44210463.0,875078961.0,0.013300468321966663
2021-04-06,3.82,3.92,3.81,3.87,12241640.0,47344526.0,875078961.0,0.013989183314395786
2021-04-07,3.86,3.94,3.84,3.91,15573464.0,60433847.0,875078961.0,0.017796638582423877
2021-04-08,3.88,3.92,3.84,3.86,14564762.0,56303275.0,875078961.0,0.016643940317518386
2021-04-09,3.86,4.16,3.81,4.09,48133870.0,192789903.0,875078961.0,0.055005173413145286
2021-04-12,4.7,4.91,4.39,4.4,102865517.0,477653172.0,875078961.0,0.11754998301233299
2021-04-13,4.67,5.28,4.5,5.28,162125113.0,801689698.0,875078961.0,0.1852691245310376
2021-04-14,5.0,5.36,4.77,4.97,150983483.0,758456194.0,875078961.0,0.1725369820655533
2021-04-15,4.73,4.84,4.3,4.36,114380891.0,514830204.0,875078961.0,0.13070922293605455
2021-04-16,4.32,4.54,4.32,4.38,79137239.0,350560278.0,875078961.0,0.09043439795371791
2021-04-19,4.21,4.3,4.11,4.22,77470126.0,326941932.0,875078961.0,0.08852929787212653
2021-04-20,4.23,4.35,4.15,4.25,75663632.0,321244112.0,875078961.0,0.0864649195925532
2021-04-21,4.2,4.22,4.06,4.07,54123010.0,223501972.0,875078961.0,0.06184928722106484
2021-04-22,4.07,4.11,3.96,3.99,44503648.0,178988294.0,875078961.0,0.05085672263122779
2021-04-23,3.96,3.97,3.87,3.89,38043427.0,148722324.0,875078961.0,0.04347427911708187
2021-04-26,3.9,3.96,3.85,3.91,26087082.0,101973197.0,875078961.0,0.029811117810658917
2021-04-27,3.89,3.9,3.75,3.78,29309617.0,111179507.0,875078961.0,0.0334936826346577
2021-04-28,3.76,3.86,3.72,3.74,23481519.0,88878429.0,875078961.0,0.02683360021953493
2021-04-29,3.74,3.88,3.73,3.83,27822002.0,106470241.0,875078961.0,0.03179370461404568
2021-04-30,3.8,3.93,3.77,3.9,26706200.0,103778533.0,875078961.0,0.030518617393659405
2021-05-06,3.99,4.08,3.94,3.95,31323237.0,125681714.0,875078961.0,0.03579475498325916
2021-05-07,3.91,4.01,3.84,3.97,25751865.0,100964564.0,875078961.0,0.029428047236528178
2021-05-10,3.97,4.25,3.92,4.23,60316680.0,249055708.0,875078961.0,0.0689271285085781
2021-05-11,4.16,4.43,4.05,4.19,71586804.0,303554515.0,875078961.0,0.08180610800903486
2021-05-12,4.11,4.37,4.11,4.2,53893488.0,227574044.0,875078961.0,0.06158700003301759
2021-05-13,4.15,4.21,4.05,4.08,44863422.0,185142820.0,875078961.0,0.05126785581581363
2021-05-14,4.1,4.24,4.07,4.1,31028608.0,127820009.0,875078961.0,0.035458066509268985
2021-05-17,4.12,4.16,4.03,4.04,35697422.0,145439736.0,875078961.0,0.040793372473732686
2021-05-18,4.19,4.4,4.16,4.2,65053642.0,277935929.0,875078961.0,0.0743403108739578
2021-05-19,4.12,4.28,4.07,4.16,50891280.0,212058236.0,875078961.0,0.05815621477385742
2021-05-20,4.1,4.13,4.03,4.03,34495502.0,140264688.0,875078961.0,0.039419873562701276
2021-05-21,4.01,4.07,3.95,3.95,26653440.0,106614432.0,875078961.0,0.03045832569159436
2021-05-24,4.08,4.14,4.0,4.08,34445620.0,140359802.0,875078961.0,0.03936287070670415
2021-05-25,4.03,4.05,3.97,4.04,26645110.0,106873282.0,875078961.0,0.030448806550612523
2021-05-26,4.06,4.39,4.03,4.29,86007990.0,364369074.0,875078961.0,0.09828597627545979
2021-05-27,4.26,4.29,4.17,4.2,52451090.0,220835442.0,875078961.0,0.05993869392090207
2021-05-28,4.21,4.37,4.18,4.27,66627200.0,283749881.0,875078961.0,0.07613850060326156
2021-05-31,4.36,4.48,4.26,4.4,74510982.0,327296339.0,875078961.0,0.08514772417205903
2021-06-01,4.37,4.41,4.25,4.35,59687000.0,258973335.0,875078961.0,0.0682075591576244
2021-06-02,4.32,4.39,4.23,4.25,41192430.0,177109651.0,875078961.0,0.047072814952524036
2021-06-03,4.25,4.33,4.22,4.24,36364240.0,155141539.0,875078961.0,0.04155538142345991
2021-06-04,4.25,4.57,4.23,4.4,78388168.0,346296082.0,875078961.0,0.08957839405763064
2021-06-07,4.38,4.47,4.26,4.32,53422610.0,232631501.0,875078961.0,0.061048902305857175
2021-06-08,4.29,4.3,4.17,4.19,43839310.0,184868908.0,875078961.0,0.05009754771146875
2021-06-09,4.21,4.44,4.16,4.36,53118450.0,228197140.0,875078961.0,0.06070132224330783
2021-06-10,4.31,4.35,4.23,4.26,37939655.0,161952183.0,875078961.0,0.043355693246977745
2021-06-11,4.25,4.32,4.21,4.28,27266000.0,116094686.0,875078961.0,0.031158331093735437
2021-06-15,4.27,4.27,4.08,4.11,29229250.0,121927670.0,875078961.0,0.03340184292237829
2021-06-16,4.09,4.15,4.02,4.04,22996403.0,93767682.0,875078961.0,0.026279231960645893
2021-06-17,4.05,4.08,4.0,4.04,18159840.0,73329773.0,875078961.0,0.02075223015217709
2021-06-18,4.03,4.09,3.93,4.07,23117680.0,93084349.0,875078961.0,0.02641782173986011
2021-06-21,4.04,4.11,4.03,4.1,17111930.0,69921225.0,875078961.0,0.019554726787677848
2021-06-22,4.1,4.28,4.08,4.18,33942400.0,142744392.0,875078961.0,0.03878781402904737
2021-06-23,4.16,4.23,4.09,4.17,27855610.0,115501583.0,875078961.0,0.03183211029113063
2021-06-24,4.17,4.34,4.11,4.25,41776443.0,176693145.0,875078961.0,0.04774019815567249
2021-06-25,4.25,4.31,4.2,4.22,30213720.0,128226119.0,875078961.0,0.034526849971884994
2021-06-28,4.19,4.45,4.17,4.34,52722488.0,228149646.0,875078961.0,0.0602488350762669
2021-06-29,4.28,4.45,4.21,4.31,49726660.0,214855889.0,875078961.0,0.05682534058775068
2021-06-30,4.31,4.35,4.2,4.23,33676933.0,143204817.0,872242961.0000001,0.03860957841538832
2021-07-01,4.25,4.29,4.1,4.1,31349053.0,131600733.0,872242961.0000001,0.03594073486595897
2021-07-02,4.09,4.18,4.05,4.09,22251812.0,91211471.0,872242961.0000001,0.025511025018177244
2021-07-05,4.09,4.33,4.04,4.22,34741046.0,146087953.0,872242961.0000001,0.039829551573761564
2021-07-06,4.29,4.42,4.22,4.35,58975046.0,254584873.0,872242961.0000001,0.0676130947877033
2021-07-07,4.31,4.45,4.31,4.37,57905800.0,254013850.0,872242961.0000001,0.06638723680110041
2021-07-08,4.37,4.42,4.28,4.3,39943600.0,173319252.0,872242961.0000001,0.045794121346884674
2021-07-09,4.33,4.42,4.25,4.37,43836326.0,190709216.0,872242961.0000001,0.05025701319474448
2021-07-12,4.39,4.41,4.28,4.3,35971900.0,155814089.0,872242961.0000001,0.0412406882123294
2021-07-13,4.31,4.36,4.26,4.29,24654700.0,105924944.0,872242961.0000001,0.02826586295604396
2021-07-14,4.26,4.29,4.18,4.18,30464500.0,128952769.0,872242961.0000001,0.03492662178101543
2021-07-15,4.19,4.22,4.1,4.13,25184162.0,104408022.0,872242961.0000001,0.0288728750199682
2021-07-16,4.15,4.18,4.1,4.15,23060922.0,95561771.0,872242961.0000001,0.026438645000426662
2021-07-19,4.16,4.24,4.08,4.22,29085360.0,121111406.0,872242961.0000001,0.033345479757904285
2021-07-20,4.17,4.23,4.12,4.17,20163040.0,84019456.0,883990961.0,0.022809102003928747
2021-07-21,4.18,4.27,4.16,4.2,22940385.0,96504151.0,883990961.0,0.025950927115871266
2021-07-22,4.21,4.3,4.16,4.26,30003520.0,127498230.0,883990961.0,0.03394098053452834
2021-07-23,4.25,4.27,4.1,4.1,31941040.0,133063537.0,883990961.0,0.036132767651681906
2021-07-26,4.1,4.16,4.02,4.09,24500189.0,99928399.0,883990961.0,0.027715429321001846
2021-07-27,4.03,4.07,3.75,3.81,42510592.0,164829568.0,883990961.0,0.04808939669689677
2021-07-28,3.79,3.83,3.62,3.73,18253100.0,68070071.0,883990961.0,0.020648514300815345
2021-07-29,3.75,3.88,3.75,3.85,15764860.0,60438382.0,883990961.0,0.017833734388150606
2021-07-30,3.82,3.88,3.79,3.85,13666141.0,52435157.0,883990961.0,0.015459593596455337
2021-08-02,3.88,4.03,3.83,3.96,23222242.0,91744117.0,883990961.0,0.02626977313628889
2021-08-03,3.98,4.2,3.98,4.1,42526985.0,175228747.0,883990961.0,0.048107941004161464
2021-08-04,4.06,4.14,4.05,4.09,21658190.0,88606841.0,883990961.0,0.02450046545215749
2021-08-05,4.07,4.14,4.06,4.08,16439380.0,67273658.0,883990961.0,0.018596773864523714
2021-08-06,4.09,4.11,4.01,4.07,15609132.0,63433610.0,883990961.0,0.017657569690919046
2021-08-09,4.08,4.18,4.06,4.15,21134220.0,87499998.0,883990961.0,0.02390773314705873
2021-08-10,4.12,4.33,4.09,4.27,37535020.0,159025320.0,883990961.0,0.04246086403139138
2021-08-11,4.28,4.39,4.25,4.35,40231000.0,173826386.0,883990961.0,0.04551064634698227
2021-08-12,4.32,4.5,4.32,4.43,37151146.0,164630497.0,883990961.0,0.04202661298479046
2021-08-13,4.41,4.49,4.4,4.43,26537273.0,117926658.0,883990961.0,0.030019846549087056
2021-08-16,4.46,4.64,4.43,4.45,32833264.0,148334900.0,883990961.0,0.03714208113944731
2021-08-17,4.49,4.55,4.3,4.35,29046855.0,128387876.0,883990961.0,0.032858769242551114
2021-08-18,4.44,4.48,4.31,4.37,17500058.0,76552723.0,883990961.0,0.019796648124323978
2021-08-19,4.39,4.39,4.24,4.25,20800645.0,89275765.0,883990961.0,0.023530382003532725
2021-08-20,4.25,4.29,4.17,4.25,13415825.0,56697466.0,883990961.0,0.015176427805125486
2021-08-23,4.25,4.31,4.21,4.21,19805020.0,84070372.0,883990961.0,0.022404097862715588
2021-08-24,4.22,4.24,4.18,4.19,14918805.0,62762132.0,883990961.0,0.016876648809987096
2021-08-25,4.21,5.03,4.2,4.75,127232021.0,610523351.0,883990961.0,0.1439290972569119
2021-08-26,4.54,4.62,4.37,4.45,108073740.0,481584830.0,883990961.0,0.12225661207863867
2021-08-27,4.3,4.31,3.91,3.97,106730648.0,433837246.0,883990961.0,0.12073726170148022
2021-08-30,3.94,4.1,3.93,4.0,55980164.0,224122543.0,883990961.0,0.06332662489746883
2021-08-31,3.98,4.04,3.91,3.96,37942900.0,150808725.0,883990961.0,0.042922271464266706
2021-09-01,3.98,4.04,3.94,4.0,39663811.0,158289264.0,883990961.0,0.04486902327047663
2021-09-02,3.96,4.06,3.96,4.01,29212175.0,117018605.0,883990961.0,0.03304578472946625
2021-09-03,3.99,4.1,3.98,4.04,43507260.0,176078236.0,883990961.0,0.04921686071403167
2021-09-06,4.03,4.07,4.01,4.06,32057110.0,129765504.0,883990961.0,0.036264069899239616
2021-09-07,4.05,4.12,4.03,4.08,37347180.0,152073506.0,883990961.0,0.04224837317086549
2021-09-08,4.12,4.22,4.09,4.21,51538870.0,214268447.0,883990961.0,0.05830248528977888
2021-09-09,4.21,4.33,4.16,4.18,52946620.0,224200223.0,883990961.0,0.059894978948772305
2021-09-10,4.24,4.31,4.13,4.16,36753100.0,154721697.0,883990961.0,0.04157633010005404
2021-09-13,4.12,4.17,4.08,4.15,28319928.0,117048055.0,883990961.0,0.032036445223335264
2021-09-14,4.17,4.21,4.04,4.07,35779479.0,147630150.0,883990961.0,0.04047493761647185
2021-09-15,4.07,4.17,4.03,4.1,31058067.0,127191469.0,883990961.0,0.03513391920304941
2021-09-16,4.25,4.62,4.25,4.31,122614786.0,535286144.0,883990961.0,0.13870592733357145
2021-09-17,4.31,4.39,4.12,4.16,78022860.0,329178826.0,883990961.0,0.08826205633566428
2021-09-22,4.08,4.15,4.05,4.08,42219640.0,172932159.0,883990961.0,0.047760262109738924
2021-09-23,4.12,4.24,4.09,4.19,61040024.0,253731599.0,883990961.0,0.06905050695422213
2021-09-24,4.17,4.2,4.06,4.07,57377532.0,236132978.0,883990961.0,0.06490737409248237
2021-09-27,4.07,4.13,3.98,4.0,51551400.0,208293645.0,883990961.0,0.058316659642858044
2021-09-28,4.02,4.04,3.91,3.95,37464447.0,147791115.0,883990961.0,0.04238102950466707
2021-09-29,3.92,3.97,3.85,3.87,33766784.0,131953099.0,883990961.0,0.03819811003700976
2021-09-30,3.86,3.98,3.85,3.95,27329920.0,107562848.0,883990961.0,0.030916515219888092
2021-10-08,4.0,4.17,3.98,4.15,63411090.0,261091587.0,883990961.0,0.07173273573778093
2021-10-11,4.18,4.29,4.14,4.18,54849920.0,230587057.0,883990961.0,0.062048055262863715
2021-10-12,4.17,4.38,4.12,4.2,52052111.0,219738733.0,883990961.0,0.058883080592947376
2021-10-13,4.15,4.22,4.05,4.13,34429040.0,141791008.0,883990961.0,0.0389472760683579
2021-10-14,4.11,4.21,4.05,4.19,37346840.0,154439650.0,883990961.0,0.0422479885515481
2021-10-15,4.16,4.23,4.06,4.09,40731320.0,167662450.0,883990961.0,0.0460766249848566
2021-10-18,4.04,4.14,3.99,4.12,36562850.0,149098571.0,883990961.0,0.041361112967307816
2021-10-19,4.08,4.29,4.07,4.29,75039575.0,317246110.0,883990961.0,0.0848872650407112
2021-10-20,4.3,4.32,4.19,4.23,51358367.0,217478703.0,883990961.0,0.05809829428787564
2021-10-21,4.2,4.24,4.12,4.16,35215268.0,146699587.0,883990961.0,0.03983668335269324
2021-10-22,4.12,4.16,4.0,4.0,47172850.0,191422939.0,883990961.0,0.053363498136492826
2021-10-25,4.01,4.12,4.0,4.05,31622420.0,127858399.0,883990961.0,0.03577233410195469
2021-10-26,4.0,4.03,3.91,3.93,42951944.0,170259151.0,883990961.0,0.04858866877033599
2021-10-27,3.94,4.01,3.86,3.99,39515113.0,154631203.0,883990961.0,0.04470081114324878
2021-10-28,3.93,3.98,3.87,3.88,25676660.0,100500471.0,883990961.0,0.029046292476739476
2021-10-29,3.91,4.03,3.88,3.99,28077202.0,111340473.0,883990961.0,0.03176186549264953
2021-11-01,3.96,4.03,3.96,3.98,21779900.0,86906523.0,883990961.0,0.02463814785545075
2021-11-02,3.99,4.11,3.92,4.01,49214422.0,197386811.0,883990961.0,0.0556729923395676
2021-11-03,4.0,4.2,3.97,4.11,66387388.0,272525416.0,883990961.0,0.0750996231057616
2021-11-04,4.1,4.28,4.08,4.25,88882422.0,373568181.0,883990961.0,0.10054675434628114
2021-11-05,4.23,4.34,4.18,4.25,85729632.0,366173705.0,883990961.0,0.09698021335310916
2021-11-08,4.2,4.3,4.19,4.26,47808712.0,203159686.0,883990961.0,0.05408280639647853
2021-11-09,4.28,4.39,4.25,4.37,51924300.0,225803409.0,883990961.0,0.05873849653537351
2021-11-10,4.33,4.64,4.31,4.43,79634882.0,354836043.0,883990961.0,0.09008562928054646
2021-11-11,4.41,4.58,4.39,4.46,55077554.0,247351474.0,883990961.0,0.06230556242079041
2021-11-12,4.43,4.52,4.3,4.35,60346200.0,264310667.0,883990961.0,0.06826563015048748
2021-11-15,4.5,4.76,4.36,4.52,86997082.0,392931458.0,883990961.0,0.09841399498201431
2021-11-16,4.54,4.57,4.34,4.41,50607824.0,222617898.0,883990961.0,0.0572492550633671
2021-11-17,4.43,4.48,4.27,4.45,43831684.0,192366048.0,883990961.0,0.04958385994175341
2021-11-18,4.42,4.45,4.27,4.28,39110200.0,169826796.0,883990961.0,0.04424276007953434
2021-11-19,4.28,4.35,4.25,4.32,29669117.0,127636249.0,883990961.0,0.03356269272984116
2021-11-22,4.29,4.32,4.23,4.3,32873649.0,140576346.0,883990961.0,0.0371877659957204
2021-11-23,4.28,4.3,4.22,4.23,35133210.0,149232178.0,883990961.0,0.03974385661167411
2021-11-24,4.24,4.24,4.13,4.15,39659928.0,165427661.0,883990961.0,0.044864630691625364
2021-11-25,4.17,4.19,4.14,4.15,33048200.0,137521605.0,883990961.0,0.03738522389710272
2021-11-26,4.15,4.16,4.07,4.09,36979332.0,151392857.0,883990961.0,0.04183225126891314
2021-11-29,4.04,4.12,4.01,4.09,33150860.0,135303400.0,883990961.0,0.0375013563062892
2021-11-30,4.1,4.13,4.08,4.12,35603964.0,146130628.0,883990961.0,0.0402763892062014
2021-12-01,4.11,4.18,4.08,4.16,33299330.0,137812998.0,883990961.0,0.03766931051232774
2021-12-02,4.16,4.22,4.1,4.1,39958200.0,166103018.0,883990961.0,0.04520204590643999
2021-12-03,4.08,4.26,4.08,4.19,44446852.0,186045412.0,883990961.0,0.05027975846010941
2021-12-06,4.15,4.17,4.04,4.06,47643200.0,194882004.0,883990961.0,0.053895573712772385
2021-12-07,4.07,4.11,4.03,4.08,23591688.0,95998368.0,883990961.0,0.02668770274903297
2021-12-08,4.08,4.13,4.07,4.12,26060553.0,106859668.0,883990961.0,0.029480565016772837
2021-12-09,4.1,4.16,4.1,4.14,30774417.0,127305159.0,883990961.0,0.03481304488134919
2021-12-10,4.11,4.2,4.11,4.15,29436500.0,122308167.0,883990961.0,0.03329954863644811
2021-12-13,4.17,4.2,4.15,4.19,31869569.0,133065805.0,883990961.0,0.03605191727746637
2021-12-14,4.18,4.29,4.16,4.29,45431979.0,192619047.0,883990961.0,0.051394166913885445
2021-12-15,4.27,4.28,4.22,4.26,35781901.0,151738615.0,883990961.0,0.040477677463491624
2021-12-16,4.26,4.3,4.22,4.25,32575714.0,138504468.0,883990961.0,0.036850732006523314
2021-12-17,4.23,4.3,4.21,4.24,37363559.0,158764156.0,883990961.0,0.04226690164086418
2021-12-20,4.21,4.41,4.19,4.29,60847756.0,262755926.0,883990961.0,0.06883300699270385
2021-12-21,4.27,4.47,4.23,4.39,61485202.0,267365304.0,883990961.0,0.06955410712621529
2021-12-22,4.45,4.51,4.37,4.41,56865200.0,251698046.0,883990961.0,0.06432780708037127
2021-12-23,4.38,4.59,4.38,4.4,68624860.0,305843287.0,883990961.0,0.07763072590965102
2021-12-24,4.37,4.45,4.29,4.33,50907399.0,221577623.0,883990961.0,0.05758814427515396
2021-12-27,4.36,4.52,4.35,4.37,44315444.0,194890737.0,883990961.0,0.05013110535640421
2021-12-28,4.39,4.48,4.35,4.44,50110163.0,222062236.0,883990961.0,0.05668628437480143
2021-12-29,4.58,4.65,4.34,4.48,84805815.0,378991186.0,883990961.0,0.0959351608121251
2021-12-30,4.43,4.48,4.33,4.42,67573557.0,297634358.0,883990961.0,0.07644145696191118
2021-12-31,4.44,4.76,4.41,4.53,99559760.0,453624213.0,883990961.0,0.11262531450250882
2022-01-04,4.72,5.44,4.59,5.44,214150471.0,1099568722.0,883990961.0,0.24225414110314641
2022-01-05,5.8,6.27,5.54,5.72,308108910.0,1803412442.0,883990961.0,0.34854305484238995
2022-01-06,5.52,6.19,5.52,5.78,212192946.0,1228848388.0,883990961.0,0.2400397236640975
2022-01-07,5.78,5.86,5.26,5.28,175376008.0,967080281.0,883990961.0,0.19839117789350336
2022-01-10,5.32,5.52,5.21,5.34,128190235.0,690444857.0,883990961.0,0.1450130608292498
2022-01-11,5.36,5.4,5.11,5.18,122227582.0,638359164.0,883990961.0,0.13826790928012667
2022-01-12,5.39,6.22,5.28,6.22,217802789.0,1238244543.0,883990961.0,0.24638576479742988
2022-01-13,7.46,7.46,7.46,7.46,95334964.0,711198831.0,883990961.0,0.1078460846388677
2022-01-14,8.5,8.95,8.31,8.95,356113120.0,3128989460.0,883990961.0,0.40284701508390197
2022-01-17,9.2,9.95,8.8,9.79,372995455.0,3501167104.0,883990961.0,0.42194487438882305
2022-01-18,9.35,9.47,8.53,9.13,272106793.0,2468408148.0,883990961.0,0.3078162617094905
2022-01-19,8.81,9.17,8.38,8.9,248326785.0,2194000117.0,883990961.0,0.28091552510795414
2022-01-20,8.6,9.8,8.52,8.96,281369382.0,2539014330.0,883990961.0,0.3182944107049529
2022-01-21,8.3,8.3,7.37,7.6,235147609.0,1850608158.0,883990961.0,0.26600680252883263
2022-01-24,7.59,7.79,7.24,7.45,168740985.0,1267124404.0,883990961.0,0.19088541901957298
2022-01-25,7.28,7.38,6.77,6.81,149324762.0,1046241002.0,883990961.0,0.1689211412649275
2022-01-26,7.0,7.13,6.32,6.34,138605243.0,916065628.0,883990961.0,0.15679486455744426
2022-01-27,6.54,6.59,5.97,6.01,127387231.0,791151953.0,883990961.0,0.14410467597530108
2022-01-28,6.09,6.4,6.01,6.19,128690801.0,797233063.0,883990961.0,0.1455793177505126
2022-02-07,6.35,6.48,6.07,6.15,100253813.0,620651161.0,883990961.0,0.11341045035866605
2022-02-08,6.31,6.49,6.1,6.37,153670660.0,967070722.0,883990961.0,0.1738373657420237
2022-02-09,6.3,6.74,6.26,6.53,194782430.0,1268465433.0,883990961.0,0.22034436843070843
2022-02-10,6.41,6.67,6.27,6.39,170652763.0,1104265843.0,883990961.0,0.19304808592946687
2022-02-11,6.17,6.29,5.78,5.81,179787420.0,1068603751.0,883990961.0,0.20338151398812776
2022-02-14,5.79,6.01,5.73,5.86,91903000.0,541005073.0,883990961.0,0.10396373272418563
2022-02-15,5.89,5.97,5.76,5.78,70848200.0,413829524.0,883990961.0,0.08014584212473638
2022-02-16,5.9,5.91,5.71,5.86,97232920.0,565426464.0,883990961.0,0.10999311564227635
2022-02-17,5.85,6.13,5.74,5.79,135548000.0,797545463.0,883990961.0,0.1533364095110923
2022-02-18,5.75,5.98,5.75,5.79,102247456.0,597709809.0,883990961.0,0.1156657256815548
2022-02-21,5.75,5.88,5.7,5.83,98892506.0,574143423.0,883990961.0,0.11187049456719501
2022-02-22,5.8,5.88,5.57,5.64,103230100.0,587178696.0,883990961.0,0.11677732528308059
2022-02-23,5.78,5.8,5.6,5.67,81886469.0,464235129.0,883990961.0,0.09263269944227405
2022-02-24,5.62,5.82,5.28,5.42,132220363.0,733373798.0,883990961.0,0.14957207577148518
2022-02-25,5.44,5.5,5.31,5.36,79077313.0,428001403.0,883990961.0,0.08945488866825642
2022-02-28,5.4,5.75,5.21,5.74,154396180.0,852971680.0,883990961.0,0.17465809811600552
2022-03-01,5.7,5.71,5.49,5.61,132609268.0,737612535.0,883990961.0,0.1500120180527502
2022-03-02,5.56,5.9,5.53,5.73,147028370.0,842642178.0,883990961.0,0.1663233861958007
2022-03-03,5.71,5.77,5.51,5.51,110146870.0,617677840.0,883990961.0,0.12460180574176707
2022-03-04,5.51,5.63,5.42,5.54,91849602.0,509145794.0,883990961.0,0.10390332712915602
2022-03-07,5.48,5.79,5.44,5.68,137795870.0,780514430.0,883990961.0,0.15587927487869416
2022-03-08,5.66,6.04,5.42,5.81,183984101.0,1063098489.0,883990961.0,0.20812893922792045
2022-03-09,5.82,5.86,4.99,5.43,150314711.0,826032890.0,883990961.0,0.17004100452561074
2022-03-10,5.47,5.77,5.3,5.64,127832492.0,703861105.0,883990961.0,0.144608370039657
2022-03-11,5.47,6.64,5.41,6.15,249614971.0,1496298191.0,883990961.0,0.282372763990287
2022-03-14,6.21,6.58,6.1,6.17,217949126.0,1372387138.0,883990961.0,0.24655130608286843
2022-03-15,6.0,6.39,5.91,5.94,157107812.0,962681652.0,883990961.0,0.17772558649499584
2022-03-16,5.99,6.08,5.44,5.77,151235707.0,860138886.0,883990961.0,0.17108286585749377
2022-03-17,5.9,6.51,5.78,6.28,200108513.0,1239818817.0,883990961.0,0.22636941080667905
2022-03-18,6.1,6.4,6.05,6.23,139131164.0,859621766.0,883990961.0,0.1573898038986849
2022-03-21,6.34,7.48,6.27,7.07,266096378.0,1864484965.0,883990961.0,0.30101708019614015
2022-03-22,6.76,6.96,6.59,6.61,191876939.0,1297209914.0,883990961.0,0.2170575802980411
2022-03-23,6.57,7.13,6.56,6.84,175091210.0,1199385878.0,883990961.0,0.1980690049159903
2022-03-24,6.74,7.02,6.53,6.59,132780029.0,892892569.0,883990961.0,0.1502051885799769
2022-03-25,6.59,7.17,6.41,6.78,158972323.0,1085255846.0,883990961.0,0.17983478340113931
2022-03-28,7.01,7.25,6.67,7.16,180359420.0,1264230499.0,883990961.0,0.20402857942797448
2022-03-29,7.0,7.91,6.94,6.96,206375780.0,1525410353.0,883990961.0,0.23345915185211943
2022-03-30,6.8,6.98,6.56,6.76,143319839.0,965896202.0,883990961.0,0.1621281724847863
2022-03-31,6.67,6.77,6.35,6.62,136165802.0,895125675.0,883865961.0,0.15405707200890836
2022-04-01,6.56,6.91,6.53,6.75,116410297.0,784848421.0,883865961.0,0.13170582660327157
2022-04-06,6.97,7.08,6.69,6.69,107568837.0,739345370.0,883865961.0,0.12170265826087175
2022-04-07,6.53,6.7,6.22,6.22,106072730.0,681345218.0,883865961.0,0.12000997286963062
2022-04-08,6.22,6.3,5.85,6.02,85652084.0,514885766.0,883865961.0,0.0969061914128855
2022-04-11,6.1,6.66,6.03,6.38,148388280.0,950444484.0,883865961.0,0.16788550136280223
2022-04-12,6.23,6.4,6.05,6.37,103473462.0,641982140.0,883865961.0,0.11706917854708515
2022-04-13,6.31,6.78,6.12,6.64,158737678.0,1037922295.0,883865961.0,0.17959474061022246
2022-04-14,6.51,6.87,6.35,6.65,119666618.0,792117975.0,883865961.0,0.1353900062681563
2022-04-15,6.6,6.95,6.45,6.55,151485033.0,1022642710.0,883865961.0,0.17138914686635387
2022-04-18,6.5,6.95,6.38,6.66,129135223.0,868011516.0,883865961.0,0.1461027222429714
2022-04-19,6.42,6.86,6.31,6.72,136517701.0,902084980.0,883865961.0,0.15445520816928485
2022-04-20,6.59,7.45,6.53,7.09,214732213.0,1503416315.0,883865961.0,0.24294658067503067
2022-04-21,6.9,7.04,6.52,6.67,149014450.0,1014882014.0,883865961.0,0.1685939458867791
2022-04-22,6.5,6.53,5.68,5.68,140611357.0,851566108.0,883865961.0,0.15908674301804004
2022-04-25,5.47,5.68,5.13,5.15,96740357.0,523410644.0,883865961.0,0.10945138886279614
2022-04-26,5.15,5.32,4.95,5.04,81803159.0,419865525.0,883865961.0,0.09255154357053015
2022-04-27,4.82,5.16,4.71,5.16,87005352.0,429102083.0,883865961.0,0.09843726972081007
2022-04-28,5.05,5.18,4.77,4.9,72151942.0,356463327.0,883865961.0,0.08163222160786436
2022-04-29,4.95,5.15,4.94,5.07,68775480.0,346877960.0,883865961.0,0.07781211522410919
2022-05-05,5.05,5.36,5.0,5.27,82286975.0,430109088.0,883865961.0,0.09309892973692648
2022-05-06,5.15,5.35,5.12,5.23,68266772.0,358948576.0,883865961.0,0.077236566416432
2022-05-09,5.19,5.38,5.16,5.3,54013300.0,286014758.0,883865961.0,0.06111028411920029
2022-05-10,5.21,5.46,5.11,5.39,81668000.0,430549856.0,883865961.0,0.09239862558752843
2022-05-11,5.35,5.56,5.31,5.32,89446882.0,486756905.0,883865961.0,0.10119960033170686
2022-05-12,5.25,5.42,5.15,5.28,58645120.0,308926592.0,883865961.0,0.06635069409579854
2022-05-13,5.29,5.48,5.16,5.22,63340302.0,334704197.0,883865961.0,0.07166279141278074
2022-05-16,5.32,5.44,5.23,5.42,85562374.0,460180461.0,883865961.0,0.09680469412261934
2022-05-17,5.4,5.41,5.06,5.08,92987600.0,480921623.0,883865961.0,0.10520554484844563
2022-05-18,4.97,5.39,4.96,5.23,91673700.0,476208438.0,883865961.0,0.10371900723078077
2022-05-19,5.1,5.2,5.07,5.12,62049424.0,317787959.0,883865961.0,0.07020230073098153
2022-05-20,5.12,5.24,5.08,5.11,56364272.0,290009872.0,883865961.0,0.06377015801833781
2022-05-23,5.09,5.33,5.09,5.32,85713797.0,449043572.0,883865961.0,0.09697601308576698
2022-05-24,5.27,5.61,5.05,5.37,139234920.0,738586973.0,883865961.0,0.1575294514594391
2022-05-25,5.24,5.66,5.2,5.55,128198133.0,701876105.0,883865961.0,0.145042504923436
2022-05-26,5.5,5.58,5.35,5.42,84869422.0,460197000.0,883865961.0,0.09602069289327457
2022-05-27,5.4,5.57,5.25,5.39,73359432.0,397105591.0,883865961.0,0.08299836766765137
2022-05-30,5.32,5.48,5.2,5.25,68852376.0,367123291.0,883865961.0,0.07789911484101152
2022-05-31,5.25,5.44,5.19,5.32,66685600.0,355652727.0,883865961.0,0.07544763905666461
2022-06-01,5.26,5.38,5.2,5.23,57947270.0,305930720.0,883865961.0,0.06556115130221651
2022-06-02,5.22,5.32,5.03,5.26,73946999.0,381800687.0,883865961.0,0.0836631370172202
2022-06-06,5.2,5.29,5.17,5.25,51037440.0,266541348.0,883865961.0,0.057743416142258246
2022-06-07,5.24,5.28,5.07,5.1,62721356.0,321965450.0,883865961.0,0.07096252007378752
2022-06-08,5.12,5.17,5.06,5.15,47146781.0,241482368.0,883865961.0,0.053341550733165974
2022-06-09,5.19,5.25,5.12,5.14,48488761.0,251239780.0,883865961.0,0.054859857873856964
2022-06-10,5.08,5.16,5.05,5.13,35125722.0,179979872.0,883865961.0,0.03974100548035473
2022-06-13,5.12,5.2,5.09,5.17,43249540.0,223041339.0,883865961.0,0.0489322384935695
2022-06-14,5.13,5.33,5.11,5.28,77210556.0,403747862.0,883865961.0,0.08735550344380781
2022-06-15,5.25,5.35,5.21,5.22,59541912.0,314127559.0,883865961.0,0.06736531852933297
2022-06-16,5.23,5.49,5.21,5.47,99174064.0,535623772.0,883865961.0,0.11220486858414044
2022-06-17,5.86,6.18,5.6,5.61,165246394.0,966905219.0,883865961.0,0.18695865809001327
2022-06-20,5.53,5.95,5.51,5.8,116203988.0,661838925.0,883865961.0,0.13147240998909787
2022-06-21,5.72,5.75,5.5,5.54,76659324.0,430125785.0,883865961.0,0.08673184326871029
2022-06-22,5.55,5.66,5.42,5.45,53851262.0,299133114.0,883865961.0,0.060926955416489896
2022-06-23,5.45,5.66,5.42,5.57,53585120.0,296412157.0,883865961.0,0.060625844148782644
2022-06-24,5.52,5.58,5.48,5.49,51105715.0,281885945.0,883865961.0,0.05782066201777851
2022-06-27,5.52,5.66,5.49,5.55,50103980.0,278919894.0,883865961.0,0.05668730578029353
2022-06-28,5.51,5.61,5.43,5.49,53488574.0,293726620.0,883865961.0,0.06051661265412166
2022-06-29,5.47,5.48,5.23,5.24,57875800.0,310329529.0,883865961.0,0.06548029062519808
2022-06-30,5.23,5.56,5.23,5.43,73678501.0,398724469.0,883865961.0,0.08335936018696843
2022-07-01,5.44,5.53,5.33,5.35,42880820.0,231169030.0,883865961.0,0.048515071166995646
2022-07-04,5.37,5.6,5.37,5.59,74132201.0,408632460.0,883865961.0,0.0838726733136406
2022-07-05,5.6,5.6,5.4,5.53,64192929.0,353226110.0,883865961.0,0.07262744786253851
2022-07-06,5.42,5.47,5.28,5.33,43754089.0,235291200.0,883865961.0,0.049503081836636084
2022-07-07,5.31,5.48,5.24,5.44,45804697.0,245144017.0,883865961.0,0.051823125927574896
2022-07-08,5.37,5.46,5.36,5.36,35310477.0,190666668.0,883865961.0,0.039950036043983374
2022-07-11,5.37,5.46,5.32,5.38,34396670.0,185588611.0,883865961.0,0.038916160953957134
2022-07-12,5.37,5.37,5.2,5.22,34799500.0,183386685.0,883865961.0,0.03937192010497619
2022-07-13,5.23,5.39,5.16,5.28,30636734.0,161713907.0,883865961.0,0.03466219466732015
2022-07-14,5.25,5.32,5.19,5.22,29492890.0,154410031.0,883865961.0,0.03336805726360583
2022-07-15,5.19,5.2,5.04,5.04,36847272.0,187959558.0,883865961.0,0.04168875556460082
2022-07-18,5.22,5.39,5.22,5.31,61229931.0,324327864.0,883865961.0,0.0692751318658373
2022-07-19,5.35,5.44,5.24,5.31,48694060.0,260120447.0,883865961.0,0.055092131780827794
2022-07-20,5.28,5.32,5.24,5.28,29543700.0,155774900.0,883865961.0,0.033425543355662723
2022-07-21,5.26,5.39,5.22,5.27,44962451.0,238009267.0,883865961.0,0.05087021447135467
2022-07-22,5.25,5.65,5.22,5.5,108538264.0,592130475.0,883865961.0,0.12279946144458435
2022-07-25,5.4,5.5,5.33,5.36,57217176.0,309256098.0,883865961.0,0.0647351278640314
2022-07-26,5.34,5.4,5.24,5.34,32083310.0,170223464.0,883865961.0,0.036298841018496925
2022-07-27,5.3,5.33,5.27,5.31,25112510.0,133069816.0,883865961.0,0.028412124810856927
2022-07-28,5.33,5.38,5.28,5.3,32980231.0,175614735.0,883865961.0,0.037313611401763216
2022-07-29,5.3,5.4,5.26,5.32,41563419.0,221934976.0,883865961.0,0.047024572541491956
2022-08-01,5.3,5.31,5.22,5.26,28719367.0,150791658.0,883865961.0,0.0324928985470909
2022-08-02,5.22,5.23,4.88,5.01,50686824.0,255132917.0,883865961.0,0.057346731559447396
2022-08-03,5.2,5.26,5.05,5.07,46043200.0,237199291.0,883865961.0,0.05209296661668816
2022-08-04,5.04,5.14,4.98,5.07,30799480.0,155933589.0,883865961.0,0.03484632439646581
2022-08-05,5.06,5.12,5.03,5.12,26100020.0,132368653.0,883865961.0,0.029529386979073854
2022-08-08,5.1,5.16,5.07,5.14,21212300.0,108608624.0,883865961.0,0.023999453464641343
2022-08-09,5.11,5.13,5.06,5.07,23418914.0,119060079.0,883865961.0,0.026496001694084923
2022-08-10,5.06,5.08,5.0,5.03,21395140.0,107650431.0,883865961.0,0.024206317410157625
2022-08-11,5.05,5.13,5.03,5.11,30539934.0,155351159.0,883865961.0,0.03455267579876854
2022-08-12,5.11,5.17,5.08,5.14,27814000.0,142754825.0,883865961.0,0.03146857241626482
2022-08-15,5.14,5.14,5.07,5.1,22391623.0,114211517.0,883865961.0,0.02533373157018771
2022-08-16,5.1,5.19,5.1,5.19,34001285.0,175592436.0,883865961.0,0.03846882502583443
2022-08-17,5.18,5.19,5.15,5.16,21669145.0,111917641.0,883865961.0,0.024516324823148156
2022-08-18,5.16,5.18,5.06,5.07,28706800.0,145930260.0,883865961.0,0.03247868032786478
2022-08-19,5.09,5.24,5.08,5.16,49796602.0,257837973.0,883865961.0,0.05633954037969791
2022-08-22,5.18,5.29,5.13,5.2,40861520.0,213241937.0,883865961.0,0.04623044873655905
2022-08-23,5.17,5.3,5.13,5.28,49814100.0,261456193.0,883865961.0,0.05635933749913919
2022-08-24,5.28,5.5,5.24,5.44,99805929.0,542056421.0,883865961.0,0.11291975639279088
2022-08-25,5.58,5.62,5.33,5.4,79209222.0,431419923.0,883865961.0,0.08961678070550791
2022-08-26,5.34,5.68,5.3,5.57,89086887.0,489946487.0,883865961.0,0.10079230441141517
2022-08-29,5.46,5.98,5.44,5.72,112645599.0,647896621.0,883865961.0,0.12744647262188208
2022-08-30,5.65,5.95,5.55,5.76,97293742.0,554811721.0,883865961.0,0.11007748492760432
2022-08-31,5.64,5.74,5.47,5.54,68320994.0,381796997.0,883865961.0,0.07729791282232669
2022-09-01,5.57,5.83,5.55,5.79,90664890.0,519500014.0,883865961.0,0.10257764638590941
2022-09-02,5.7,5.75,5.61,5.67,59375679.0,336609033.0,883865961.0,0.06717724363185426
2022-09-05,5.67,5.71,5.47,5.57,54325733.0,301504989.0,883865961.0,0.061463768712776576
2022-09-06,5.53,5.59,5.44,5.52,47318723.0,260508459.0,883865961.0,0.05353608475482404
2022-09-07,5.49,5.64,5.48,5.58,50559542.0,281817427.0,883865961.0,0.05720272556123473
2022-09-08,5.55,5.65,5.38,5.4,53932082.0,296393112.0,883865961.0,0.06101839462058433
2022-09-09,5.42,5.48,5.37,5.44,29146995.0,158257104.0,883865961.0,0.03297671398842341
2022-09-13,5.44,5.59,5.43,5.51,46797629.0,258661969.0,883865961.0,0.05294652251010264
2022-09-14,5.41,5.5,5.34,5.35,42642200.0,230140202.0,883865961.0,0.04824509810486977
2022-09-15,5.34,5.38,5.13,5.21,44493162.0,232929710.0,883865961.0,0.05033926405499397
2022-09-16,5.23,5.28,5.11,5.11,29732865.0,154629729.0,883865961.0,0.033639563363612776
2022-09-19,5.07,5.17,5.0,5.14,23843520.0,121594447.0,883865961.0,0.02697639806495501
2022-09-20,5.17,5.22,5.14,5.16,23062939.0,119522964.0,883865961.0,0.026093253974739276
2022-09-21,5.11,5.19,5.07,5.17,19632080.0,100651593.0,883865961.0,0.022211603191267144
2022-09-22,5.13,5.23,5.11,5.16,23039000.0,119149745.0,883865961.0,0.026066169551244887
2022-09-23,5.16,5.19,4.94,4.98,32842423.0,165501586.0,883865961.0,0.03715769635798883
2022-09-26,4.96,4.98,4.83,4.83,26502212.0,130101812.0,883865961.0,0.029984424301186547
2022-09-27,4.88,5.08,4.85,5.07,39149016.0,194688922.0,883865961.0,0.04429293323583484
2022-09-28,5.03,5.17,4.97,4.97,37335597.0,189288644.0,883865961.0,0.04224124318325231
2022-09-29,5.05,5.1,4.81,4.85,29734362.0,146090932.0,883865961.0,0.03364125705933821
2022-09-30,4.83,4.89,4.78,4.79,17735800.0,85537666.0,883865961.0,0.02006616476092578
2022-10-10,4.8,4.88,4.66,4.69,27115473.0,129627515.0,883865961.0,0.0306782636694389
2022-10-11,4.69,4.76,4.65,4.74,19911000.0,93836575.0,883865961.0,0.022527171402180517
2022-10-12,4.75,4.99,4.72,4.93,40829205.0,199376433.0,883865961.0,0.04619388776303379
2022-10-13,4.88,5.07,4.83,4.96,38038400.0,187840802.0,883865961.0,0.04303638976770144
2022-10-14,4.98,5.08,4.97,5.02,28494280.0,143325695.0,883865961.0,0.032238236630090115
2022-10-17,5.02,5.06,4.97,5.05,20529180.0,103245438.0,883865961.0,0.023226576093928794
2022-10-18,5.05,5.16,5.03,5.05,23991159.0,122055672.0,883865961.0,0.027143435835968347
2022-10-19,5.03,5.1,4.94,4.94,23948100.0,119291259.0,883865961.0,0.02709471917314847
2022-10-20,4.91,4.98,4.89,4.91,19522000.0,96325474.0,883865961.0,0.022087059420087794
2022-10-21,4.93,4.97,4.83,4.83,18029796.0,88185281.0,883865961.0,0.020398789856780106
2022-10-24,4.87,4.9,4.73,4.74,23520766.0,113433062.0,883865961.0,0.026611236361437387
2022-10-25,4.73,4.84,4.66,4.83,29273441.0,139016596.0,883865961.0,0.03311977414186222
2022-10-26,4.82,4.97,4.8,4.97,31756602.0,155352883.0,883865961.0,0.035929205785989085
2022-10-27,5.0,5.07,4.97,4.99,46259839.0,232118785.0,883865961.0,0.05233807052334262
2022-10-28,4.97,4.97,4.76,4.76,31658523.0,153854698.0,883865961.0,0.03581823986544494
2022-10-31,4.77,4.92,4.76,4.89,24638727.0,119692010.0,883865961.0,0.027876089913140122
2022-11-01,4.88,5.08,4.86,5.06,38954038.0,195030832.0,883865961.0,0.04407233643880534
2022-11-02,5.03,5.3,5.03,5.19,60299191.0,309588034.0,883865961.0,0.06822209889356741
2022-11-03,5.14,5.56,5.13,5.41,92343990.0,494044480.0,883865961.0,0.10447736882583715
2022-11-04,5.34,5.49,5.31,5.41,66243435.0,358814018.0,883865961.0,0.07494737655136377
2022-11-07,5.43,5.56,5.39,5.53,54609685.0,300380696.0,883865961.0,0.0617850300946254
2022-11-08,5.54,5.64,5.43,5.53,47154278.0,259878808.0,883865961.0,0.05335003278851237
2022-11-09,5.49,5.63,5.49,5.54,35356049.0,196758235.0,883865961.0,0.04000159589809116
2022-11-10,5.55,5.73,5.5,5.59,42409978.0,238519373.0,883865961.0,0.04798236369688639
2022-11-11,5.7,5.75,5.45,5.49,57646711.0,321174486.0,883865961.0,0.06522110087233011
2022-11-14,5.54,5.78,5.46,5.64,59486868.0,332893668.0,883865961.0,0.06730304211817022
2022-11-15,5.68,5.75,5.52,5.57,39846687.0,223522022.0,883865961.0,0.0450822735100215
2022-11-16,5.57,5.7,5.49,5.6,36997231.0,206827542.0,883865961.0,0.04185841816800093
2022-11-17,5.64,5.88,5.62,5.79,72266965.0,415914502.0,883865961.0,0.08176235785597812
2022-11-18,5.75,5.99,5.62,5.81,80612404.0,466097284.0,883865961.0,0.0912043313771193
2022-11-21,5.77,5.82,5.6,5.77,56251235.0,320420464.0,883865961.0,0.06364226871725859
2022-11-22,5.75,5.76,5.48,5.53,67523560.0,377968460.0,883865961.0,0.07639570136132892
2022-11-23,5.59,5.61,5.32,5.42,52468708.0,284912950.0,883865961.0,0.05936274312525539
2022-11-24,5.38,5.53,5.34,5.38,37825957.0,205379005.0,883865961.0,0.04279603318720857
2022-11-25,5.42,5.42,5.34,5.35,26312400.0,141474444.0,883865961.0,0.0297696722817907
2022-11-28,5.28,5.57,5.25,5.53,51465176.0,279492575.0,883865961.0,0.05822735377406394
2022-11-29,5.48,5.78,5.48,5.71,61112429.0,346639080.0,883865961.0,0.0691421908938068
2022-11-30,5.77,5.88,5.68,5.71,60041975.0,346655871.0,883865961.0,0.06793108644218962
2022-12-01,5.85,5.94,5.75,5.81,60017060.0,350548878.0,883865961.0,0.06790289777886355
2022-12-02,5.78,5.94,5.75,5.85,43252177.0,252813021.0,883865961.0,0.048935221977622914
2022-12-05,5.83,6.05,5.83,5.87,50927914.0,300845599.0,883865961.0,0.05761949916295057
2022-12-06,5.87,6.02,5.8,5.84,45178514.0,266461949.0,883865961.0,0.05111466669548552
2022-12-07,5.81,6.04,5.77,6.0,63347702.0,376917497.0,883865961.0,0.07167116372297994
2022-12-08,6.0,6.08,5.87,5.92,41656680.0,248066685.0,883865961.0,0.04713008740926047
2022-12-09,5.88,6.08,5.74,5.98,43975344.0,259158497.0,883865961.0,0.04975340825462561
2022-12-12,5.96,6.03,5.81,5.84,35160981.0,207089140.0,883865961.0,0.039780897275667346
2022-12-13,5.85,6.39,5.82,6.31,93462696.0,577749697.0,883865961.0,0.10574306526552615
2022-12-14,6.17,6.34,6.15,6.29,66491813.0,415658233.0,883865961.0,0.07522838974901988
2022-12-15,6.26,6.41,6.03,6.06,67281576.0,414057596.0,883865961.0,0.07612192229224223
2022-12-16,6.0,6.1,5.97,6.02,39812481.0,239576644.0,883865961.0,0.04504357307182237
2022-12-19,6.03,6.55,5.87,6.3,107332098.0,670171218.0,883865961.0,0.12143481334948705
2022-12-20,6.28,6.45,6.08,6.1,82043422.0,512661439.0,883865961.0,0.0928233755117989
2022-12-21,6.1,6.68,6.1,6.47,145257908.0,935540348.0,883865961.0,0.16434381954890104
2022-12-22,6.45,6.57,6.27,6.38,107322438.0,685334603.0,883865961.0,0.12142388409049729
2022-12-23,6.3,6.63,6.24,6.42,117568140.0,756438860.0,883865961.0,0.1330158023813749
2022-12-26,6.35,6.48,6.19,6.27,89026057.0,562748824.0,883865961.0,0.10072348175879126
2022-12-27,6.21,6.27,5.7,6.02,114715284.0,681439896.0,883865961.0,0.12978810030223575
2022-12-28,5.96,6.13,5.8,5.81,75058276.0,445865920.0,883865961.0,0.08492042833630517
2022-12-29,5.83,6.09,5.73,5.93,66848669.0,397096272.0,883865961.0,0.07563213422583653
2022-12-30,5.95,6.1,5.76,6.07,85049397.0,505938937.0,883865961.0,0.09622431539707184
2023-01-03,6.07,6.1,5.85,5.93,70112201.0,415395846.0,880921461.0,0.07958961621891966
2023-01-04,5.9,6.07,5.82,6.04,68807227.0,412420662.0,880921461.0,0.07810824238734264
2023-01-05,5.99,6.06,5.87,6.01,54900446.0,328450971.0,880921461.0,0.062321612573359705
2023-01-06,5.99,6.0,5.77,5.78,61028700.0,356757495.0,880921461.0,0.06927825317222008
2023-01-09,5.77,5.84,5.71,5.81,37504543.0,216605558.0,880921461.0,0.042574218770224735
2023-01-10,5.8,5.8,5.67,5.74,37228048.0,213117862.0,880921461.0,0.04226034856471728
2023-01-11,5.74,5.76,5.67,5.7,22567575.0,128957757.0,880921461.0,0.025618146451310032
2023-01-12,5.7,5.72,5.5,5.51,44074805.0,246002596.0,880921461.0,0.050032615790705545
2023-01-13,5.53,5.67,5.52,5.66,37431215.0,209815629.0,880921461.0,0.04249097865944714
2023-01-16,5.65,5.68,5.58,5.6,31825540.0,178840564.0,880921461.0,0.03612755666534954
2023-01-17,5.63,5.65,5.46,5.5,26037165.0,144052122.0,880921461.0,0.02955673820279422
2023-01-18,5.51,5.57,5.49,5.52,20362172.0,112577533.0,880921461.0,0.023114628149580294
2023-01-19,5.5,5.54,5.47,5.51,18069726.0,99486383.0,880921461.0,0.020512300812251413
2023-01-20,5.51,5.57,5.51,5.56,21908826.0,121624940.0,880921461.0,0.02487035106981007
2023-01-30,5.6,5.64,5.58,5.62,30937084.0,173512609.0,880921461.0,0.03511900364520691
2023-01-31,5.57,5.64,5.54,5.59,28881848.0,161146046.0,880921461.0,0.032785951164379684
2023-02-01,5.59,5.69,5.58,5.69,38699529.0,218627165.0,880921461.0,0.04393073697633528
2023-02-02,5.69,5.98,5.62,5.96,86070919.0,501994856.0,880921461.0,0.09770555357147781
2023-02-03,5.88,5.93,5.8,5.86,51420442.0,300904362.0,880921461.0,0.05837119910965593
2023-02-06,5.85,5.93,5.77,5.84,39459045.0,230702777.0,880921461.0,0.04479292053483074
2023-02-07,5.84,5.88,5.78,5.83,27750320.0,161464308.0,880921461.0,0.031501468892015105
2023-02-08,5.83,5.95,5.75,5.86,49401141.0,290045646.0,880921461.0,0.056078939141658624
2023-02-09,5.81,5.9,5.78,5.88,38479693.0,225004763.0,880921461.0,0.04368118464989923
2023-02-10,5.86,6.14,5.85,6.05,76543918.0,459733944.0,880921461.0,0.08689074042209081
2023-02-13,6.06,6.32,6.0,6.28,90517881.0,555418635.0,880921461.0,0.10275363356143732
2023-02-14,6.28,6.29,6.07,6.19,68608428.0,422286154.0,880921461.0,0.07788257073691612
2023-02-15,6.15,6.17,6.03,6.06,49485635.0,300956995.0,880921461.0,0.05617485461623917
2023-02-16,6.09,6.12,5.81,5.87,59989745.0,359977999.0,880921461.0,0.0680988574530823
2023-02-17,5.88,6.03,5.88,5.91,43948355.0,261482829.0,880921461.0,0.049889072914753294
2023-02-20,5.87,5.96,5.84,5.93,29775245.0,175856175.0,880921461.0,0.03380011308408798
2023-02-21,5.92,5.99,5.87,5.93,28973400.0,171664203.0,880921461.0,0.032889878703954066
2023-02-22,5.88,6.01,5.85,5.99,30962231.0,184640105.0,880921461.0,0.03514754989037553
2023-02-23,5.97,6.06,5.95,5.97,32533348.0,195135757.0,880921461.0,0.03693104259608905
2023-02-24,5.97,5.98,5.85,5.92,24489777.0,144725748.0,880921461.0,0.027800182064130687
2023-02-27,5.92,5.94,5.81,5.83,22324763.0,130830885.0,880921461.0,0.02534251234458233
2023-02-28,5.84,5.96,5.81,5.96,28910463.0,170369738.0,880921461.0,0.032818434196371565
2023-03-01,5.93,6.04,5.9,6.01,32030714.0,191430681.0,880921461.0,0.03636046505625999
2023-03-02,6.0,6.05,5.93,6.03,35994232.0,215936961.0,880921461.0,0.040859751514215864
2023-03-03,6.01,6.09,5.96,6.02,37470443.0,225550439.0,880921461.0,0.04253550930347921
2023-03-06,6.01,6.13,5.99,6.11,44976119.0,273687656.0,880921461.0,0.05105576489071368
2023-03-07,6.11,6.12,5.9,5.91,40850295.0,245085610.0,880921461.0,0.04637223272279888
2023-03-08,5.87,5.94,5.83,5.89,19086467.0,112177517.0,880921461.0,0.021666479754430683
2023-03-09,5.9,5.9,5.71,5.76,31053923.0,179445989.0,880921461.0,0.035251636354446815
2023-03-10,5.71,5.76,5.66,5.7,16247371.0,92782842.0,880921461.0,0.018443609015446612
2023-03-13,5.69,5.77,5.62,5.74,18443728.0,104996876.0,880921461.0,0.020936858524326495
2023-03-14,5.71,5.84,5.65,5.67,23693128.0,136065546.0,880921461.0,0.026895846053181807
2023-03-15,5.69,5.74,5.66,5.66,17793637.0,101261622.0,880921461.0,0.020198891487784972
2023-03-16,5.65,5.66,5.51,5.52,21253503.0,118712027.0,880921461.0,0.024126444797784304
2023-03-17,5.55,5.6,5.49,5.49,22387800.0,124110041.0,880921461.0,0.025414070369662613
2023-03-20,5.5,5.62,5.43,5.58,24248954.0,134303808.0,880921461.0,0.027526805820433976
2023-03-21,5.56,5.68,5.56,5.66,18467810.0,103948229.0,880921461.0,0.02096419580814367
2023-03-22,5.65,5.7,5.61,5.65,16153213.0,91242628.0,880921461.0,0.018336723209879887
2023-03-23,5.62,5.64,5.53,5.57,18732999.0,104545740.0,880921461.0,0.021265231725351278
2023-03-24,5.56,5.64,5.55,5.6,17928726.0,100159384.0,880921461.0,0.020352241140371083
2023-03-27,5.61,5.62,5.46,5.48,24668539.0,135696046.0,880921461.0,0.02800310821352552
2023-03-28,5.47,5.52,5.39,5.4,20230292.0,110435554.0,880921461.0,0.02296492127349818
2023-03-29,5.4,5.44,5.3,5.35,19573920.0,104671142.0,880921461.0,0.022219824202920627
2023-03-30,5.37,5.38,5.27,5.35,19284778.0,102671042.0,880921461.0,0.02189159743946799
2023-03-31,5.37,5.48,5.36,5.43,26714485.0,145151012.0,880921461.0,0.030325614918808294
2023-04-03,5.4,5.51,5.4,5.45,21533161.0,117471178.0,880921461.0,0.02444390556174678
2023-04-04,5.43,5.56,5.36,5.38,32348402.0,176699990.0,880921461.0,0.03672109652463104
2023-04-06,5.35,5.38,5.27,5.27,25128384.0,133382295.0,880921461.0,0.028525112751226298
2023-04-07,5.27,5.33,5.27,5.3,15755400.0,83530275.0,880921461.0,0.01788513584640663
2023-04-10,5.31,5.33,5.17,5.18,24574553.0,128308013.0,880921461.0,0.02789641765805499
2023-04-11,5.2,5.46,5.17,5.4,39613304.0,209955600.0,880921461.0,0.044968031491742715
2023-04-12,5.31,5.42,5.3,5.34,27418959.0,146807314.0,880921461.0,0.031125316176171577
2023-04-13,5.35,5.44,5.33,5.39,26046545.0,140408093.0,880921461.0,0.029567386144086685
2023-04-14,5.37,5.4,5.27,5.29,23162782.0,123034219.0,880921461.0,0.026293810544365883
2023-04-17,5.29,5.43,5.27,5.43,28143651.0,151091101.0,880921461.0,0.03194796840123753
2023-04-18,5.4,5.54,5.36,5.45,31285053.0,170670873.0,880921461.0,0.035514009347082987
2023-04-19,5.29,5.31,5.18,5.22,34685570.0,181770265.0,880921461.0,0.03937419115732044
2023-04-20,5.22,5.23,5.02,5.05,30793876.0,156520175.0,880921461.0,0.03495643750697544
2023-04-21,5.05,5.1,4.97,4.97,18685507.0,94052066.0,880921461.0,0.021211319995302055
2023-04-24,4.98,5.04,4.84,4.95,18942414.0,93681790.0,880921461.0,0.021502954393342905
2023-04-25,4.98,5.09,4.83,5.09,23217900.0,115508181.0,880921461.0,0.02635637911879638
2023-04-26,5.05,5.12,5.03,5.08,17113079.0,86915578.0,880921461.0,0.019426339075192537
2023-04-27,4.98,4.99,4.89,4.89,18725014.0,92358193.0,880921461.0,0.02125616735315295
2023-04-28,4.91,5.08,4.89,5.06,17413912.0,86934534.0,880921461.0,0.01976783716931151
2023-05-04,5.05,5.19,5.03,5.16,20752140.0,106781550.0,880921461.0,0.023557310065352124
2023-05-05,5.15,5.16,5.06,5.09,13739885.0,69988679.0,880921461.0,0.015597173650875557
2023-05-08,5.11,5.15,5.08,5.11,12377124.0,63258367.0,880921461.0,0.01405020146285209
2023-05-09,5.08,5.15,5.02,5.03,18056590.0,91684392.0,880921461.0,0.020497389153742048
2023-05-10,5.05,5.08,4.99,5.05,9154049.0,46115697.0,880921461.0,0.010391447371038677
2023-05-11,5.05,5.13,5.04,5.09,12150270.0,61881557.0,880921461.0,0.013792682478421308
2023-05-12,5.09,5.21,5.06,5.1,20093618.0,103122821.0,880921461.0,0.02280977236857214
2023-05-15,5.07,5.08,4.94,5.05,18502206.0,92624144.0,880921461.0,0.02100324128668265
2023-05-16,5.03,5.04,4.96,4.97,10594343.0,52829876.0,880921461.0,0.012026433080621702
2023-05-17,4.99,5.02,4.92,4.99,12410401.0,61679599.0,880921461.0,0.014087976680590825
2023-05-18,4.92,4.95,4.72,4.75,41908780.0,201741468.0,880921461.0,0.047573798409254554
2023-05-19,4.76,4.77,4.7,4.71,18435112.0,87311049.0,880921461.0,0.020927077856717127
2023-05-22,4.7,4.79,4.67,4.78,15704339.0,74491955.0,880921461.0,0.01782717267686137
2023-05-23,4.78,4.9,4.74,4.74,14596059.0,70048716.0,880921461.0,0.01656908095238243
2023-05-24,4.7,4.75,4.68,4.72,11015046.0,51961012.0,880921461.0,0.01250400459933851
2023-05-25,4.72,4.72,4.54,4.6,18273211.0,84334725.0,880921461.0,0.02074329189262424
2023-05-26,4.59,4.6,4.48,4.58,15577663.0,70700913.0,880921461.0,0.01768337325136412
2023-05-29,4.57,4.59,4.48,4.49,12078700.0,54613953.0,880921461.0,0.013711438005254819
2023-05-30,4.48,4.58,4.48,4.57,11601162.0,52569143.0,880921461.0,0.013169348816670503
2023-05-31,4.58,4.62,4.53,4.53,9934959.0,45341443.0,880921461.0,0.011277916863010789
2023-06-01,4.56,4.64,4.52,4.61,15443448.0,70911542.0,880921461.0,0.01753101574170867
2023-06-02,4.61,4.63,4.6,4.62,10355940.0,47774449.0,880921461.0,0.011755803960371446
2023-06-05,4.61,4.62,4.53,4.55,12735777.0,58173390.0,880921461.0,0.014457335374191775
2023-06-06,4.56,4.85,4.5,4.81,61810439.0,292640184.0,880921461.0,0.07016566372424886
2023-06-07,4.72,4.85,4.68,4.84,46615561.0,222089943.0,880921461.0,0.05291681842679049
2023-06-08,4.78,5.09,4.76,4.93,51709302.0,253515276.0,880921461.0,0.05869910575376481
2023-06-09,4.9,4.92,4.77,4.79,36105826.0,174597936.0,880921461.0,0.040986430230696806
2023-06-12,4.68,4.69,4.41,4.49,98587840.0,443948144.0,1102160399.0,0.08944963009871307
2023-06-13,4.5,4.75,4.48,4.73,91118772.0,420703726.0,1102160399.0,0.0826728778158541
2023-06-14,5.29,5.68,5.2,5.68,289527459.0,1596292140.0,1102160399.0,0.26269085630611555
2023-06-15,5.51,5.57,5.16,5.17,263775163.0,1394048923.0,1102160399.0,0.23932556753021209
2023-06-16,5.21,5.44,5.16,5.17,173647148.0,916469742.0,1102160399.0,0.1575516124128136
2023-06-19,5.2,5.29,5.07,5.13,124233382.0,641731984.0,1102160399.0,0.11271806001442082
2023-06-20,5.09,5.1,4.92,5.03,124218462.0,621198792.0,1102160399.0,0.11270452296481032
2023-06-21,4.99,5.23,4.96,5.08,112908406.0,576111730.0,1102160399.0,0.10244280787301269
2023-06-26,4.96,5.17,4.93,4.96,78061663.0,394340762.0,1102160399.0,0.07082604589207346
2023-06-27,4.96,5.07,4.93,5.03,55303810.0,275983259.0,1102160399.0,0.050177642065689934
2023-06-28,5.0,5.04,4.94,4.99,52498720.0,261455417.0,1102160399.0,0.047632558788750314
2023-06-29,4.97,5.01,4.94,4.96,49635601.0,246518450.0,1102160399.0,0.04503482528045358
2023-06-30,4.96,5.09,4.94,5.03,61713687.0,310083406.0,1105104899.0,0.055844189140636505
2023-07-03,5.02,5.16,5.01,5.12,61779377.0,314805762.0,1105104899.0,0.05590363146150527
2023-07-04,5.09,5.11,5.03,5.08,49667611.0,251576961.0,1105104899.0,0.04494379768377083
2023-07-05,5.06,5.09,4.88,4.9,70194191.0,348171223.0,1105104899.0,0.06351812489793333
2023-07-06,4.87,4.96,4.81,4.92,55928821.0,273137469.0,1105104899.0,0.05060951322413783
2023-07-07,4.87,5.27,4.83,5.19,149493313.0,769183252.0,1105104899.0,0.13527522422104474
2023-07-10,5.17,5.24,5.08,5.12,96363105.0,494479273.0,1105104899.0,0.08719815203714883
2023-07-11,5.12,5.14,5.01,5.04,56645391.0,286089719.0,1105104899.0,0.051257931307026085
2023-07-12,5.04,5.06,4.95,4.96,47208620.0,235911594.0,1105104899.0,0.042718677695410344
2023-07-13,4.96,5.03,4.95,5.01,36521404.0,182407890.0,1105104899.0,0.033047907065698386
2023-07-14,4.99,5.08,4.97,5.02,44531585.0,223172941.0,1105104899.0,0.0402962515506865
2023-07-17,4.98,5.04,4.89,4.97,34756313.0,172883983.0,1105104899.0,0.03145069127053069
2023-07-18,4.98,5.04,4.94,4.98,33412420.0,166642740.0,1105104899.0,0.030234613954055054
2023-07-19,4.96,5.01,4.91,4.93,31141252.0,154144000.0,1105104899.0,0.02817945339684898
2023-07-20,4.93,5.02,4.91,4.93,35465700.0,175681668.0,1105104899.0,0.03209260951796758
2023-07-21,4.91,5.19,4.91,5.13,104255133.0,528491619.0,1105104899.0,0.09433958087991427
2023-07-24,5.03,5.06,4.92,4.92,72388096.0,359156009.0,1105104899.0,0.06550337082525232
2023-07-25,4.94,5.06,4.93,5.04,57593931.0,287780431.0,1105104899.0,0.05211625706493226
2023-07-26,5.05,5.11,4.99,5.06,52184168.0,263373164.0,1105104899.0,0.04722100865467252
2023-07-27,5.03,5.14,5.0,5.01,47652454.0,240767258.0,1105104899.0,0.04312029929748778
2023-07-28,5.0,5.09,4.97,5.05,49972823.0,251514644.0,1105104899.0,0.045219981420062456
2023-07-31,5.07,5.27,5.07,5.26,119155781.0,619207798.0,1105104899.0,0.10782305019896578
2023-08-01,5.34,5.45,5.17,5.22,116566627.0,615877136.0,1105104899.0,0.10548014682179054
2023-08-02,5.13,5.26,5.11,5.14,71882192.0,371171095.0,1105104899.0,0.06504558260943878
2023-08-03,5.14,5.47,5.12,5.36,152459374.0,811192684.0,1105104899.0,0.13795918752867642
2023-08-04,5.31,5.47,5.27,5.3,126111222.0,676027800.0,1105104899.0,0.11411696945160317
2023-08-07,5.3,5.43,5.19,5.34,96483414.0,511948771.0,1105104899.0,0.08730701862538752
2023-08-08,5.35,5.48,5.22,5.46,136331655.0,733930911.0,1105104899.0,0.12336535212482123
2023-08-09,5.38,5.43,5.28,5.31,77174911.0,412521133.0,1105104899.0,0.06983491890211954
2023-08-10,5.28,5.32,5.16,5.17,69033866.0,359678603.0,1105104899.0,0.06246815669939402
2023-08-11,5.18,5.21,5.02,5.04,56676751.0,289076038.0,1105104899.0,0.05128630870362289
2023-08-14,4.98,5.09,4.95,5.07,32372287.0,163145812.0,1105104899.0,0.029293406471452083
2023-08-15,5.05,5.17,5.02,5.09,45217352.0,230951507.0,1105104899.0,0.04091679626152847
2023-08-16,5.05,5.15,5.02,5.07,34592941.0,175818461.0,1105104899.0,0.03130285734078535
2023-08-17,5.05,5.16,5.0,5.16,50866394.0,259026742.0,1105104899.0,0.04602856619858311
2023-08-18,5.14,5.21,5.07,5.12,58221299.0,299196583.0,1105104899.0,0.05268395701863593
2023-08-21,5.09,5.19,5.08,5.1,37761419.0,193608556.0,1105104899.0,0.03416998606573004
2023-08-22,5.2,5.6,5.13,5.35,143864155.0,766580381.0,1105104899.0,0.13018144714604146
2023-08-23,5.46,6.39,5.45,5.94,301620778.0,1770097760.0,1105104899.0,0.2729340701257718
2023-08-24,5.71,7.13,5.59,7.13,405927172.0,2569751318.0,1105104899.0,0.36732003664748936
2023-08-25,7.7,8.3,6.98,7.02,510998729.0,3979903618.0,1105104899.0,0.46239839264344806
2023-08-28,7.04,7.77,6.7,7.34,420707100.0,3048921902.0,1105104899.0,0.3806942674679067
2023-08-29,6.88,6.95,6.41,6.56,354618668.0,2359199902.0,1105104899.0,0.32089140887972845
2023-08-30,6.43,6.68,6.26,6.32,262246012.0,1679808405.0,1105104899.0,0.2373041801165701
2023-08-31,6.3,6.64,5.94,6.46,330234527.0,2066519219.0,1105104899.0,0.29882640760965445
2023-09-01,6.2,6.43,5.97,5.98,217595428.0,1345728871.0,1105104899.0,0.19690024738547468
2023-09-04,6.0,6.38,5.97,6.1,210182493.0,1302340860.0,1105104899.0,0.19019234571323712
2023-09-05,6.15,6.18,5.61,5.79,233100912.0,1353004276.0,1105104899.0,0.21093102764355767
2023-09-06,5.68,5.75,5.55,5.56,145120740.0,812151809.0,1105104899.0,0.1313185201977826
2023-09-07,5.56,5.73,5.51,5.62,155595580.0,874100211.0,1105104899.0,0.1407971135960008
2023-09-08,5.57,5.59,5.36,5.38,131177049.0,711926913.0,1105104899.0,0.11870099310816647
2023-09-11,5.33,5.43,5.3,5.4,85662453.0,460177990.0,1105104899.0,0.07751522328560413
2023-09-12,5.38,5.58,5.33,5.47,123798591.0,677116896.0,1105104899.0,0.11202428937924742
2023-09-13,5.42,5.67,5.35,5.61,179448873.0,990930663.0,1105104899.0,0.16238175503735597
2023-09-14,5.51,5.55,5.39,5.4,112032248.0,611232521.0,1105104899.0,0.10137702592882995
2023-09-15,5.38,5.48,5.32,5.36,77109606.0,416363692.0,1105104899.0,0.06977582496446792
2023-09-18,5.35,5.39,5.25,5.3,76311553.0,405652310.0,1105104899.0,0.06905367360967604
2023-09-19,5.3,5.35,5.22,5.23,67262926.0,354580238.0,1105104899.0,0.06086564819400009
2023-09-20,5.29,5.48,5.27,5.36,117880809.0,632480185.0,1105104899.0,0.10666933890770852
2023-09-21,5.29,5.35,5.19,5.19,84790808.0,445312773.0,1105104899.0,0.07672647915752294
2023-09-22,5.17,5.29,5.15,5.28,75253048.0,393784229.0,1105104899.0,0.06809584146092904
2023-09-25,5.28,5.36,5.2,5.24,68824874.0,363019535.0,1105104899.0,0.06227904162064528
2023-09-26,5.24,5.31,5.18,5.19,70767812.0,370557363.0,1105104899.0,0.06403718964963162
2023-09-27,5.19,5.26,5.14,5.15,65516926.0,340048132.0,1105104899.0,0.05928570768194558
2023-09-28,5.17,5.26,5.16,5.18,64549852.0,335673051.0,1105104899.0,0.058410610665476745
2023-10-09,5.18,5.18,4.96,4.98,88422495.0,442589736.0,1105104899.0,0.08001276175683662
2023-10-10,4.99,5.04,4.93,4.96,53038826.0,263896034.0,1105104899.0,0.04799438139129994
2023-10-11,4.95,4.99,4.88,4.89,62122896.0,304957913.0,1105104899.0,0.05621447887545741
2023-10-12,4.91,4.93,4.88,4.9,41073929.0,201360979.0,1105104899.0,0.03716744811933007
2023-10-13,4.81,4.87,4.7,4.73,77209664.0,367892725.0,1105104899.0,0.06986636659548462
2023-10-16,4.79,4.79,4.63,4.67,49430147.0,231737625.0,1105104899.0,0.044728918534999634
2023-10-17,4.67,4.68,4.57,4.58,41613496.0,191350605.0,1105104899.0,0.03765569769680299
2023-10-18,4.58,4.64,4.51,4.52,59121958.0,269655214.0,1105104899.0,0.053498955667918
2023-10-19,4.48,4.56,4.46,4.47,42078012.0,189526012.0,1105104899.0,0.03807603426432734
2023-10-20,4.45,4.49,4.41,4.42,38967287.0,173123599.0,1105104899.0,0.03526116573662932
2023-10-23,4.42,4.42,4.24,4.27,51694015.0,222983387.0,1105104899.0,0.046777473384451984
2023-10-24,4.28,4.36,4.28,4.36,46575042.0,201863012.0,1105104899.0,0.04214535836565864
2023-10-25,4.36,4.43,4.33,4.39,44003219.0,193654631.0,1105104899.0,0.03981813766260392
2023-10-26,4.37,4.4,4.31,4.37,34544849.0,150213697.0,1105104899.0,0.03125933930006042
2023-10-27,4.36,4.47,4.32,4.44,47554448.0,209855590.0,1105104899.0,0.04303161450377391
2023-10-30,4.38,4.5,4.36,4.46,47676285.0,211861913.0,1105104899.0,0.04314186376618352
2023-10-31,4.44,4.52,4.38,4.42,47232196.0,209859704.0,1105104899.0,0.042740011416780445
2023-11-01,4.42,4.54,4.42,4.47,53631314.0,239874069.0,1105104899.0,0.04853051873042145
2023-11-02,4.43,4.56,4.38,4.43,88575239.0,396084475.0,1105104899.0,0.08015097850000573
2023-11-03,4.37,4.48,4.37,4.46,56131669.0,249708342.0,1105104899.0,0.05079306864967576
2023-11-06,4.46,4.58,4.45,4.57,67426224.0,305312519.0,1105104899.0,0.06101341516177642
2023-11-07,4.57,4.58,4.48,4.56,53575783.0,242809782.0,1105104899.0,0.04848026920202803
2023-11-08,4.55,4.55,4.49,4.53,38103031.0,172522003.0,1105104899.0,0.03447910785164296
2023-11-09,4.53,4.58,4.48,4.49,39668500.0,179171309.0,1105104899.0,0.03589568740116498
2023-11-10,4.47,4.49,4.42,4.46,26630887.0,118612305.0,1105104899.0,0.02409806256772372
2023-11-13,4.48,4.52,4.44,4.51,31049771.0,139063786.0,1105104899.0,0.028096673019997173
2023-11-14,4.5,4.53,4.48,4.51,27982809.0,125854521.0,1105104899.0,0.025321405257836976
2023-11-15,4.53,4.56,4.51,4.53,42057791.0,190748222.0,1105104899.0,0.03805773645384953
2023-11-16,4.52,4.55,4.48,4.49,27550021.0,124311031.0,1105104899.0,0.024929779086971544
2023-11-17,4.48,4.5,4.45,4.49,26108214.0,116711230.0,1105104899.0,0.023625100226797566
2023-11-20,4.49,4.64,4.48,4.63,73415520.0,335846098.0,1105104899.0,0.06643307804212349
2023-11-21,4.63,4.86,4.63,4.71,125440136.0,597408080.0,1105104899.0,0.11350970945247796
2023-11-22,4.7,4.84,4.69,4.78,98947234.0,471848541.0,1105104899.0,0.08953650833467168
2023-11-23,4.91,4.97,4.71,4.74,101000516.0,484829442.0,1105104899.0,0.09139450570836714
2023-11-24,4.84,5.64,4.81,5.42,304704956.0,1603798541.0,1105104899.0,0.2757249164995331
2023-11-27,5.14,5.88,5.1,5.53,305761792.0,1690059659.0,1105104899.0,0.2766812383844115
2023-11-28,5.4,5.48,5.23,5.38,165175559.0,885261706.0,1105104899.0,0.14946595490569806
2023-11-29,5.31,5.83,5.16,5.58,232855464.0,1276023424.0,1105104899.0,0.21070892384126513
2023-11-30,5.35,6.1,5.32,5.73,271666403.0,1551978938.0,1105104899.0,0.24582861160585626
2023-12-01,5.66,5.91,5.35,5.36,232041645.0,1299576879.0,1105104899.0,0.20997250596750816
2023-12-04,5.25,5.5,5.16,5.33,183328763.0,973554663.0,1105104899.0,0.1658926344149706
2023-12-05,5.26,5.62,5.26,5.39,203618471.0,1115324828.0,1105104899.0,0.18425261817611396
2023-12-06,5.28,5.6,5.13,5.32,192942592.0,1026371920.0,1105104899.0,0.1745921063010327
2023-12-07,5.26,5.3,5.13,5.17,125696824.0,651126222.0,1105104899.0,0.11374198423492828
2023-12-08,5.16,5.22,4.96,4.96,133225958.0,673330278.0,1105104899.0,0.12055503339145002
2023-12-11,4.92,4.94,4.82,4.89,82371376.0,401208640.0,1105104899.0,0.07453715577094731
2023-12-12,4.91,5.06,4.87,5.04,95133509.0,475662956.0,1105104899.0,0.08608550110137554
2023-12-13,5.01,5.07,4.93,4.95,68043142.0,339914646.0,1105104899.0,0.06157165899958607
2023-12-14,4.94,4.99,4.79,4.81,77157408.0,376312673.0,1105104899.0,0.06981908058666565
2023-12-15,4.81,4.85,4.69,4.72,64348669.0,305281223.0,1105104899.0,0.058228561884241546
2023-12-18,4.73,4.82,4.61,4.64,48219817.0,226415498.0,1105104899.0,0.04363370123834733
2023-12-19,4.71,4.79,4.64,4.71,59966122.0,282445285.0,1105104899.0,0.05426283247342658
2023-12-20,4.69,4.75,4.59,4.6,50527672.0,235086875.0,1105104899.0,0.04572205954902748
2023-12-21,4.56,4.63,4.49,4.62,45812897.0,209454233.0,1105104899.0,0.04145569985388328
2023-12-22,4.61,4.64,4.49,4.52,38616547.0,175899139.0,1105104899.0,0.03494378410134982
2023-12-25,4.51,4.57,4.48,4.5,27481592.0,124198415.0,1105104899.0,0.024867858268357926
2023-12-26,4.49,4.64,4.49,4.53,57032453.0,260634258.0,1105104899.0,0.051608180410391974
2023-12-27,4.55,4.69,4.49,4.68,83656670.0,386008817.0,1105104899.0,0.07570020735199003
2023-12-28,4.67,4.75,4.59,4.7,83070810.0,388886678.0,1105104899.0,0.07517006763355231
2023-12-29,4.69,4.79,4.66,4.7,63311153.0,298970855.0,1105104899.0,0.05728972250262371
2024-01-02,4.85,5.06,4.77,4.99,160428425.0,792951696.0,1105078999.0,0.1451737162186357
2024-01-03,4.86,4.9,4.76,4.78,99726166.0,480973902.0,1105078999.0,0.09024347226781386
2024-01-04,4.8,4.83,4.67,4.7,55694413.0,263718055.0,1105078999.0,0.05039858059957576
2024-01-05,4.68,4.73,4.54,4.57,51339087.0,237275389.0,1105078999.0,0.04645739087111183
2024-01-08,4.55,4.6,4.5,4.5,32660296.0,147799982.0,1105078999.0,0.029554716024424242
2024-01-09,4.51,4.61,4.5,4.57,37443351.0,170525893.0,1105078999.0,0.033882963149135005
2024-01-10,4.55,4.72,4.41,4.65,73757963.0,338455453.0,1105078999.0,0.06674451606332625
2024-01-11,4.61,4.79,4.6,4.73,71319325.0,335628060.0,1105078999.0,0.06453776161209991
2024-01-12,4.71,4.81,4.6,4.6,57788096.0,271442488.0,1105078999.0,0.05229318089683469
2024-01-15,4.58,4.67,4.54,4.57,36885311.0,169558492.0,1105078999.0,0.033377985676479226
2024-01-16,4.53,4.61,4.46,4.55,39459808.0,178327126.0,1105078999.0,0.0357076806596702
2024-01-17,4.52,4.54,4.34,4.34,46452716.0,205251538.0,1105078999.0,0.042035651787823
2024-01-18,4.3,4.33,4.15,4.28,47008515.0,198349179.0,1105078999.0,0.042538601351160055
2024-01-19,4.26,4.4,4.23,4.31,46369968.0,200285991.0,1105078999.0,0.04196077207327329
2024-01-22,4.26,4.27,3.96,4.0,52222031.0,215471263.0,1105078999.0,0.04725637809356288
2024-01-23,4.02,4.08,3.97,4.05,33033437.0,133065598.0,1105078999.0,0.029892376047225923
2024-01-24,4.06,4.37,4.06,4.26,71023913.0,299531182.0,1105078999.0,0.06427043954710066
2024-01-25,4.21,4.39,4.18,4.33,66675861.0,285688608.0,1105078999.0,0.060335832153480276
2024-01-26,4.3,4.38,4.25,4.28,46543138.0,201317492.0,1105078999.0,0.04211747580228877
2024-01-29,4.29,4.33,4.13,4.15,41076512.0,173063632.0,1105078999.0,0.037170656611129754
2024-01-30,4.1,4.14,3.99,4.0,33910177.0,137893805.0,1105078999.0,0.03068574919140238
2024-01-31,3.81,3.96,3.59,3.6,75380069.0,282844571.0,1105078999.0,0.06821238035309003
2024-02-01,3.59,3.7,3.5,3.61,47358201.0,171151287.0,1105078999.0,0.04285503664702255
2024-02-02,3.62,3.71,3.32,3.46,52936083.0,186911064.0,1105078999.0,0.04790253280344892
2024-02-05,3.46,3.48,3.0,3.05,65039451.0,205633584.0,1105078999.0,0.05885502399272362
2024-02-06,3.0,3.31,2.85,3.19,58248475.0,178922069.0,1105078999.0,0.052709783692124985
2024-02-07,3.21,3.29,3.07,3.12,53086294.0,168954149.0,1105078999.0,0.04803846064221513
2024-02-08,3.2,3.41,3.19,3.37,55130162.0,181788730.0,1105078999.0,0.04988798271425661
2024-02-19,3.39,3.49,3.39,3.45,45558900.0,156638748.0,1105078999.0,0.04122682635470118
2024-02-20,3.49,3.49,3.37,3.45,33138133.0,113437852.0,1105078999.0,0.029987116785304142
2024-02-21,3.45,3.6,3.41,3.52,54380906.0,191999433.0,1105078999.0,0.04920997145833915
2024-02-22,3.52,3.65,3.49,3.61,51044186.0,182502724.0,1105078999.0,0.0461905312164927
2024-02-23,3.58,3.68,3.55,3.67,56015353.0,202811854.0,1105078999.0,0.05068900327550248
2024-02-26,3.67,3.78,3.61,3.71,57687546.0,213175548.0,1105078999.0,0.05220219192673301
2024-02-27,3.74,4.0,3.72,3.89,83169146.0,322450593.0,1105078999.0,0.0752608149057767
2024-02-28,3.86,3.99,3.54,3.56,101766150.0,386617760.0,1105078999.0,0.09208947965900129
2024-02-29,3.54,3.67,3.51,3.67,56865478.0,205830022.0,1105078999.0,0.05145829216866694
2024-03-01,3.67,3.75,3.58,3.68,61963263.0,226958771.0,1105078999.0,0.056071342461553736
2024-03-04,3.68,3.71,3.54,3.61,49673961.0,179400874.0,1105078999.0,0.04495059723779983
2024-03-05,3.6,3.67,3.5,3.52,42866678.0,153465146.0,1105078999.0,0.03879060052610773
2024-03-06,3.52,3.58,3.46,3.54,37173216.0,131012559.0,1105078999.0,0.0336385145619802
2024-03-07,3.52,3.6,3.49,3.49,42084984.0,148986216.0,1105078999.0,0.038083235712635236
2024-03-08,3.47,3.5,3.38,3.44,36137827.0,124125017.0,1105078999.0,0.032701577925832975
2024-03-11,3.45,3.6,3.44,3.6,50907217.0,179696173.0,1105078999.0,0.04606658623145186
2024-03-12,3.6,3.7,3.58,3.7,52096814.0,190159734.0,1105078999.0,0.04714306764235233
2024-03-13,3.7,3.7,3.61,3.66,37523857.0,136823369.0,1105078999.0,0.03395581404945331
2024-03-14,3.65,3.68,3.57,3.62,31709718.0,115285272.0,1105078999.0,0.02869452593768819
2024-03-15,3.59,3.68,3.59,3.68,35742852.0,130354636.0,1105078999.0,0.03234416003954845
2024-03-18,3.67,3.73,3.63,3.73,44023064.0,162128069.0,1105078999.0,0.039837028881950544
2024-03-19,3.72,3.84,3.71,3.78,64868373.0,245975662.0,1105078999.0,0.05870021334103735
2024-03-20,3.77,4.07,3.73,3.9,132626222.0,521093555.0,1105078999.0,0.12001515015669934
2024-03-21,3.79,3.93,3.79,3.88,85019909.0,326996442.0,1105078999.0,0.07693559381450159
2024-03-22,3.94,4.1,3.82,3.99,145175217.0,576636231.0,1105078999.0,0.13137089486939024
2024-03-25,3.92,4.07,3.78,3.78,96745691.0,379993441.0,1105078999.0,0.08754640264410635
2024-03-26,3.75,4.2,3.7,4.18,150711392.0,594824089.0,1105078999.0,0.13638064983261888
2024-03-27,4.03,4.33,4.01,4.02,165372510.0,684810937.0,1105078999.0,0.14964768143241133
2024-03-28,3.88,4.29,3.83,4.18,143291350.0,582498149.0,1105078999.0,0.1296661597312646
2024-03-29,4.16,4.46,4.11,4.24,166229058.0,714554698.0,1105078999.0,0.15042278257972758
2024-04-01,4.15,4.64,4.15,4.49,177009188.0,778852811.0,1104954624.0,0.16019588873180732
2024-04-02,4.48,4.6,4.16,4.21,159335288.0,694644365.0,1104954624.0,0.14420075226546136
2024-04-03,4.16,4.65,4.15,4.47,159102879.0,703720957.0,1104954624.0,0.1439904187413944
2024-04-08,4.37,4.52,4.23,4.27,118804084.0,516507830.0,1104954624.0,0.10751942334964155
2024-04-09,4.18,4.28,3.98,4.1,108817179.0,444642495.0,1104954624.0,0.09848112912191406
2024-04-10,4.05,4.2,3.89,4.04,104142320.0,423217306.0,1104954624.0,0.0942503137576806
2024-04-11,3.93,4.15,3.91,3.97,74881326.0,302565280.0,1104954624.0,0.06776868875296005
2024-04-12,3.92,4.04,3.75,3.76,86255860.0,332789021.0,1104954624.0,0.07806280740085848
2024-04-15,3.61,3.65,3.27,3.36,104723747.0,358701177.0,1104954624.0,0.09477651364622915
2024-04-16,3.31,3.38,3.02,3.03,81152113.0,255341758.0,1104954624.0,0.07344384216088859
2024-04-17,3.09,3.31,3.08,3.28,65037358.0,210840360.0,1104954624.0,0.058859754588438194
2024-04-18,3.3,3.58,3.27,3.37,89547279.0,305857653.0,1104954624.0,0.08104158945082618
2024-04-19,3.33,3.44,3.21,3.33,76487494.0,254760719.0,1104954624.0,0.0692222941455377
2024-04-22,3.12,3.23,3.03,3.16,65909217.0,207371698.0,1104954624.0,0.0596487996596682
2024-04-23,3.16,3.2,3.09,3.11,40253496.0,125995945.0,1104954624.0,0.036429999138136555
2024-04-24,3.12,3.17,3.11,3.16,33701882.0,106193947.0,1104954624.0,0.030500693212176647
2024-04-25,3.16,3.2,3.13,3.13,34029800.0,107414688.0,1104954624.0,0.03079746376987875
2024-04-26,3.11,3.12,3.05,3.08,60719348.0,186986274.0,1104954624.0,0.05495189275754368
2024-04-29,3.08,3.32,3.07,3.31,82184764.0,265306509.0,1104954624.0,0.07437840632992364
2024-04-30,3.33,3.35,3.21,3.27,52502085.0,172076246.0,1104954624.0,0.04751515026919332
2024-05-06,3.34,3.47,3.32,3.4,62430720.0,211249611.0,1104954624.0,0.056500709299715096
2024-05-07,3.42,3.43,3.34,3.38,37750633.0,127274727.0,1104954624.0,0.03416487173323056
2024-05-08,3.37,3.46,3.35,3.38,53603170.0,182787261.0,1104954624.0,0.048511648203211646
2024-05-09,3.38,3.44,3.36,3.42,44417651.0,151492270.0,1104954624.0,0.04019861995708522
2024-05-10,3.44,3.51,3.37,3.37,52462842.0,179984194.0,1104954624.0,0.047479634783627093
2024-05-13,3.33,3.35,3.21,3.22,47626150.0,155597972.0,1104954624.0,0.04310235820145317
2024-05-14,3.25,3.33,3.23,3.31,37158903.0,122231201.0,1104954624.0,0.033629347479883484
2024-05-15,3.33,3.35,3.26,3.27,25925195.0,85302563.0,1104954624.0,0.0234626784094982
2024-05-16,3.27,3.44,3.27,3.38,53058295.0,178836415.0,1104954624.0,0.04801852840610403
2024-05-17,3.37,3.41,3.32,3.4,35571600.0,119866445.0,1104954624.0,0.03219281518658996
2024-05-20,3.39,3.46,3.37,3.38,36173615.0,123203746.0,1104954624.0,0.03273764751447386
2024-05-21,3.38,3.4,3.31,3.34,31854385.0,106396437.0,1104954624.0,0.028828681565841386
2024-05-22,3.32,3.37,3.31,3.35,24869563.0,82980964.0,1104954624.0,0.022507316101335217
2024-05-23,3.34,3.35,3.21,3.24,36478487.0,118953982.0,1104954624.0,0.03301356110710298
2024-05-24,3.23,3.32,3.22,3.26,35990256.0,117748380.0,1104954624.0,0.032571704953560154
2024-05-27,3.25,3.28,3.16,3.22,31462700.0,100666855.0,1104954624.0,0.028474200946010973
2024-05-28,3.2,3.21,3.12,3.13,28893500.0,91118247.0,1104954624.0,0.02614903759161064
2024-05-29,3.14,3.17,3.09,3.11,24241474.0,75741225.0,1104954624.0,0.021938886424353297
2024-05-30,3.13,3.13,3.05,3.07,27621406.0,85131470.0,1104954624.0,0.02499777402623911
2024-05-31,3.08,3.14,3.06,3.1,30737090.0,95160671.0,1104954624.0,0.02781751334614081
2024-06-03,3.12,3.2,3.03,3.07,46054852.0,143051124.0,1104954624.0,0.041680310665861336
2024-06-04,3.05,3.05,2.91,2.96,41549434.0,123085131.0,1104954624.0,0.03760284187018344
2024-06-05,2.95,2.95,2.83,2.83,44251457.0,127680338.0,1104954624.0,0.04004821197073881
2024-06-06,2.85,2.87,2.59,2.63,73041545.0,196299152.0,1104954624.0,0.06610366019881012
2024-06-07,2.66,2.78,2.66,2.77,45959831.0,125500240.0,1104954624.0,0.04159431527932137
2024-06-11,2.75,2.8,2.69,2.79,32986300.0,90782238.0,1104954624.0,0.029853081098106703
2024-06-12,2.77,2.86,2.77,2.85,24437100.0,69146114.0,1104954624.0,0.02211593079862074
2024-06-13,2.84,2.85,2.75,2.76,23686925.0,65937927.0,1104954624.0,0.02143701151659238
2024-06-14,2.78,2.79,2.74,2.75,18760080.0,51710500.0,1104954624.0,0.016978145158655856
2024-06-17,2.73,2.75,2.69,2.71,20085252.0,54449080.0,1104954624.0,0.018177445085744988
2024-06-18,2.73,2.78,2.71,2.77,20796200.0,57118499.0,1104954624.0,0.01882086336243976
2024-06-19,2.77,2.79,2.71,2.71,21790700.0,59655687.0,1104954624.0,0.01972090032178552
2024-06-20,2.72,2.74,2.62,2.63,27531819.0,73391018.0,1104954624.0,0.024916696488705765
2024-06-21,2.62,2.68,2.6,2.63,17989340.0,47549589.0,1104954624.0,0.01628061425262654
2024-06-24,2.63,2.68,2.51,2.53,28264000.0,72991880.0,1104954624.0,0.02557933093911375
2024-06-25,2.51,2.57,2.5,2.55,22761707.0,57836139.0,1104954624.0,0.020599675774559227
2024-06-26,2.52,2.64,2.5,2.63,26793916.0,68674227.0,1104954624.0,0.02424888354510384
2024-06-27,2.62,2.65,2.55,2.56,20505100.0,53341999.0,1104954624.0,0.01855741363004604
2024-06-28,2.56,2.61,2.54,2.54,21185800.0,54603254.0,1104954624.0,0.019173457026955706
2024-07-01,2.54,2.59,2.5,2.59,20176104.0,51439025.0,1104961099.0,0.01825956046620968
2024-07-02,2.58,2.71,2.56,2.68,40569903.0,108008325.0,1104961099.0,0.03671613691804729
2024-07-03,2.68,2.81,2.67,2.75,51530643.0,142199103.0,1104961099.0,0.04663570785128608
2024-07-04,2.73,2.74,2.6,2.6,38655990.0,102355913.0,1104961099.0,0.03498402797617403
2024-07-05,2.6,2.64,2.56,2.62,26620866.0,69469522.0,1104961099.0,0.02409212959993988
2024-07-08,2.62,2.63,2.51,2.52,25851024.0,65616865.0,1104961099.0,0.023395415479690113
2024-07-09,2.52,2.55,2.38,2.5,37220700.0,91548590.0,1104961099.0,0.03368507726985599
2024-07-10,2.49,2.49,2.42,2.44,23451259.0,57518742.0,1104961099.0,0.021223605990494693
2024-07-11,2.5,2.63,2.49,2.62,39496816.0,101644353.0,1104961099.0,0.03574498327203101
2024-07-12,2.62,2.63,2.55,2.56,21383849.0,55247064.0,1104961099.0,0.019352580845925327
2024-07-15,2.57,2.59,2.51,2.52,20387600.0,51744462.0,1104961099.0,0.01845096629958373
2024-07-16,2.51,2.57,2.48,2.53,20561948.0,52213139.0,1104961099.0,0.018608752849859377
2024-07-17,2.52,2.6,2.51,2.57,22809123.0,58560574.0,1104961099.0,0.020642466979735728
2024-07-18,2.56,2.56,2.48,2.53,24416500.0,61276951.0,1104961099.0,0.022097158010446847
2024-07-19,2.51,2.54,2.48,2.52,20105800.0,50458409.0,1104961099.0,0.018195934696882934
2024-07-22,2.51,2.55,2.48,2.53,17844502.0,44887903.0,1104961099.0,0.016149439121566758
2024-07-23,2.54,2.61,2.5,2.5,28097240.0,71803456.0,1104961099.0,0.02542826170570915
2024-07-24,2.5,2.51,2.43,2.43,23274100.0,57316492.0,1104961099.0,0.021063275459256688
2024-07-25,2.42,2.48,2.39,2.46,16140020.0,39364003.0,1104961099.0,0.01460686716899524
2024-07-26,2.44,2.51,2.44,2.49,15294200.0,38003912.0,1104961099.0,0.013841392257013746
2024-07-29,2.5,2.52,2.46,2.51,14536480.0,36272263.0,1104961099.0,0.0131556486587226
2024-07-30,2.51,2.6,2.5,2.59,30959200.0,79443387.0,1104961099.0,0.028018361938731022
2024-07-31,2.58,2.66,2.57,2.66,27661768.0,72789337.0,1104961099.0,0.025034155523695954
2024-08-01,2.64,2.7,2.63,2.65,25782500.0,68698428.0,1104961099.0,0.023333400626803422
2024-08-02,2.65,2.77,2.63,2.68,45174706.0,122305791.0,1104961099.0,0.04088352616294232
2024-08-05,2.65,2.72,2.59,2.6,36286879.0,96807231.0,1104961099.0,0.03283996064009852
2024-08-06,2.63,2.74,2.63,2.72,42407374.0,113934346.0,1104961099.0,0.03837906514390332
2024-08-07,2.7,2.71,2.64,2.67,30186785.0,80442171.0,1104961099.0,0.027319319229717063
2024-08-08,2.65,2.96,2.65,2.83,92859785.0,260712318.0,1104961099.0,0.08403896307665398
2024-08-09,2.76,2.79,2.68,2.71,67058086.0,182923970.0,1104961099.0,0.060688187177528864
2024-08-12,2.71,2.73,2.6,2.62,39272886.0,103716309.0,1104961099.0,0.035542324553816715
2024-08-13,2.61,2.64,2.57,2.62,28362770.0,73784502.0,1104961099.0,0.025668568808140457
2024-08-14,2.64,2.72,2.6,2.65,39550369.0,105332440.0,1104961099.0,0.035793449231645756
2024-08-15,2.62,2.76,2.61,2.73,53785149.0,145719052.0,1104961099.0,0.04867605660387145
2024-08-16,2.74,2.75,2.66,2.66,38565800.0,103486073.0,1104961099.0,0.03490240519318047
2024-08-19,2.64,2.82,2.62,2.8,70498161.0,193489937.0,1104961099.0,0.06380148682501265
2024-08-20,2.76,2.77,2.68,2.73,43413776.0,118222122.0,1104961099.0,0.03928986824901788
2024-08-21,2.73,2.73,2.65,2.66,29285461.0,78453741.0,1104961099.0,0.026503612685101416
2024-08-22,2.66,2.82,2.64,2.76,66612300.0,182314100.0,1104961099.0,0.0602847467302557
2024-08-23,2.71,2.91,2.68,2.83,83793700.0,238107725.0,1104961099.0,0.07583407241742182
2024-08-26,2.8,2.91,2.75,2.79,59950300.0,169149627.0,1104961099.0,0.05425557520011842
2024-08-27,2.77,2.84,2.67,2.68,43304220.0,118337922.0,1104961099.0,0.03919071905716022
2024-08-28,2.67,2.67,2.42,2.52,50251300.0,127224849.0,1104961099.0,0.045477890620292324
2024-08-29,2.51,2.54,2.46,2.51,27767900.0,69543312.0,1104961099.0,0.025130205963929595
2024-08-30,2.64,3.01,2.61,2.95,179370008.0,514828243.0,1104961099.0,0.1623315138988436
2024-09-02,2.9,2.92,2.78,2.79,104418000.0,295698362.0,1104961099.0,0.09449925440316338
2024-09-03,2.82,2.85,2.79,2.84,54584274.0,153975193.0,1104961099.0,0.04939927210957858
2024-09-04,2.83,2.88,2.78,2.79,48402476.0,136594420.0,1104961099.0,0.04380468782458015
2024-09-05,2.8,2.86,2.77,2.83,42597402.0,120015684.0,1104961099.0,0.038551042238999224
2024-09-06,2.8,2.83,2.77,2.77,31002400.0,86708524.0,1104961099.0,0.02805745833772561
2024-09-09,2.75,2.84,2.73,2.83,39484560.0,110967663.0,1104961099.0,0.03573389147883477
2024-09-10,2.82,2.84,2.74,2.81,44539725.0,124291295.0,1104961099.0,0.04030886249326683
2024-09-11,2.8,2.81,2.75,2.76,27681100.0,76796693.0,1104961099.0,0.02505165116224603
2024-09-12,2.77,2.8,2.75,2.75,24567800.0,68152790.0,1104961099.0,0.022234085907851496
2024-09-13,2.76,2.82,2.73,2.75,31688200.0,87715614.0,1104961099.0,0.028678113671764656
2024-09-18,2.74,2.79,2.66,2.7,29111700.0,79220115.0,1104961099.0,0.02634635737524729
2024-09-19,2.73,2.82,2.71,2.81,43919300.0,122348203.0,1104961099.0,0.039747372138030354
2024-09-20,2.8,2.86,2.75,2.83,56289800.0,158030839.0,1104961099.0,0.05094278889179247
2024-09-23,2.8,2.81,2.76,2.77,34353720.0,95475541.0,1104961099.0,0.031090433890469477
2024-09-24,2.78,2.87,2.78,2.87,52164020.0,147794388.0,1104961099.0,0.047208919886147054
2024-09-25,2.88,2.97,2.87,2.89,60784281.0,177685341.0,1104961099.0,0.055010335707755084
2024-09-26,2.89,3.11,2.88,3.09,125074098.0,379555225.0,1104961099.0,0.11319321387259082
2024-09-27,3.1,3.31,3.06,3.22,125554239.0,397012947.0,1104961099.0,0.11362774591216628
2024-09-30,3.38,3.75,3.25,3.71,165981909.0,581513601.0,1105517399.0,0.15013957188746155
2024-10-08,4.38,4.38,3.8,4.1,185364555.0,752513486.0,1105517399.0,0.16767221860793166
2024-10-09,3.9,3.91,3.43,3.45,135808690.0,499114140.0,1105517399.0,0.1228462710065407
2024-10-10,3.48,3.72,3.48,3.55,103919219.0,376654287.0,1105517399.0,0.09400052780173386
2024-10-11,3.59,3.59,3.32,3.41,73177965.0,252788294.0,1105517399.0,0.06619340868465155
2024-10-14,3.4,3.48,3.34,3.47,66071065.0,226206523.0,1105517399.0,0.05976483505349155
2024-10-15,3.44,3.64,3.4,3.48,78829900.0,275966481.0,1105517399.0,0.07130588814911994
2024-10-16,3.4,3.46,3.36,3.42,53516416.0,182882802.0,1105517399.0,0.04840847918667628
2024-10-17,3.43,3.49,3.37,3.37,44785952.0,153248748.0,1105517399.0,0.04051130451724352
2024-10-18,3.36,3.52,3.32,3.45,70547066.0,240491822.0,1105517399.0,0.063813618911664
2024-10-21,3.49,3.64,3.48,3.63,94657833.0,338841170.0,1105517399.0,0.08562310560251979
2024-10-22,3.58,3.88,3.57,3.83,113319968.0,422390656.0,1105517399.0,0.10250401133668634
2024-10-23,3.78,3.88,3.72,3.73,89072538.0,336313231.0,1105517399.0,0.0805709056054395
2024-10-24,3.68,3.78,3.62,3.64,49810542.0,183353208.0,1105517399.0,0.04505631665775348
2024-10-25,3.62,3.75,3.62,3.71,50852855.0,188291352.0,1105517399.0,0.04599914487641637
2024-10-28,3.7,3.9,3.69,3.9,84432250.0,323238721.0,1105517399.0,0.07637351531181102
2024-10-29,3.8,3.82,3.65,3.65,99049829.0,367820484.0,1105517399.0,0.0895959024160053
2024-10-30,3.62,3.67,3.56,3.63,56178679.0,203212000.0,1105517399.0,0.050816639386061804
2024-10-31,3.6,3.72,3.59,3.67,62878541.0,230666890.0,1105517399.0,0.056877025234407914
2024-11-01,3.65,4.2,3.58,3.82,175320352.0,673776925.0,1105517399.0,0.15858669629133534
2024-11-04,3.74,3.99,3.63,3.93,139758776.0,539468622.0,1105517399.0,0.12641933643597048
2024-11-05,3.9,4.05,3.9,3.98,134052753.0,531704570.0,1105517399.0,0.12125793146381769
2024-11-06,3.95,4.2,3.93,4.08,148680612.0,604032308.0,1105517399.0,0.13448961738140858
2024-11-07,4.09,4.9,4.04,4.9,144676930.0,668925557.0,1105517399.0,0.13086807148477994
2024-11-08,5.2,5.6,5.0,5.02,397164766.0,2076930996.0,1105517399.0,0.35925691116146785
2024-11-11,4.83,4.98,4.61,4.69,213084287.0,1008484612.0,1105517399.0,0.1927462084203706
2024-11-12,4.68,4.96,4.64,4.73,189062942.0,908431573.0,1105517399.0,0.17101760874231162
2024-11-13,4.61,4.67,4.4,4.54,134305072.0,608584685.0,1105517399.0,0.12148616758224354
2024-11-14,4.51,4.54,4.31,4.34,93692925.0,413409940.0,1105517399.0,0.0847502943732503
2024-11-15,4.37,4.45,4.24,4.24,83417800.0,363851678.0,1105517399.0,0.07545589067657903
2024-11-18,4.18,4.32,4.05,4.1,82038100.0,341926472.0,1105517399.0,0.07420787775407957
2024-11-19,4.1,4.24,4.05,4.24,68587661.0,283763122.0,1105517399.0,0.062041231609779486
2024-11-20,4.2,4.43,4.17,4.38,92553562.0,401682076.0,1105517399.0,0.08371967920515741
2024-11-21,4.34,4.42,4.28,4.36,76517394.0,332475469.0,1105517399.0,0.06921410198447722
2024-11-22,4.33,4.37,4.1,4.11,84851872.0,361528197.0,1105517399.0,0.07675308600005128
2024-11-25,4.12,4.31,4.05,4.26,75442994.0,316460925.0,1105517399.0,0.06824224934699558
2024-11-26,4.24,4.63,4.24,4.46,148868424.0,664981161.0,1105517399.0,0.13465950344577074
2024-11-27,4.43,4.65,4.16,4.53,141428402.0,619658219.0,1105517399.0,0.12792960303286913
2024-11-28,4.49,4.75,4.46,4.68,151032242.0,698815273.0,1105517399.0,0.13661679331018833
2024-11-29,4.62,4.85,4.56,4.67,141279438.0,664067732.0,1105517399.0,0.12779485707578628
2024-12-02,4.7,5.08,4.65,4.9,169347288.0,823862447.0,1105517399.0,0.1531837383592368
2024-12-03,4.78,4.84,4.64,4.66,134945216.0,637942318.0,1105517399.0,0.12206521229070226
2024-12-04,4.57,5.05,4.55,4.75,160012751.0,767985627.0,1105517399.0,0.14474014714263217
2024-12-05,4.62,4.95,4.56,4.82,139834801.0,660107148.0,1105517399.0,0.12648810514107522
2024-12-06,4.75,5.0,4.73,4.91,147947572.0,725273030.0,1105517399.0,0.13382654324013946
2024-12-09,4.84,5.08,4.73,5.05,170184341.0,836108806.0,1105517399.0,0.15394089785827061
2024-12-10,5.37,5.56,4.83,4.85,232117382.0,1209400008.0,1105517399.0,0.20996266744418737
2024-12-11,4.85,5.11,4.75,5.01,158215211.0,787664448.0,1105517399.0,0.1431141754468217
2024-12-12,4.96,5.5,4.91,5.27,226314534.0,1183087856.0,1105517399.0,0.20471367904721688
2024-12-13,5.14,5.26,5.01,5.03,167947778.0,858588983.0,1105517399.0,0.1519178062253184
2024-12-16,4.98,5.14,4.88,4.93,107832951.0,538387552.0,1105517399.0,0.0975407090811422
2024-12-17,4.88,4.89,4.47,4.51,133785066.0,616825761.0,1105517399.0,0.12101579416209622
2024-12-18,4.49,4.52,4.35,4.39,79761400.0,351838406.0,1105517399.0,0.07214848004395813
2024-12-19,4.36,4.43,4.24,4.33,62300261.0,268878831.0,1105517399.0,0.056353939844233966
2024-12-20,4.36,4.48,4.36,4.4,60511974.0,266969451.0,1105517399.0,0.05473633798503428
2024-12-23,4.36,4.37,4.06,4.09,75831812.0,316769716.0,1105517399.0,0.06859395615898398
2024-12-24,4.1,4.14,3.91,4.01,65483742.0,261177570.0,1105517399.0,0.05923356978301162
2024-12-25,4.03,4.08,3.78,3.87,63470484.0,244995307.0,1105517399.0,0.05741246954359332
2024-12-26,3.86,3.97,3.85,3.9,41883190.0,164032362.0,1105517399.0,0.037885600025730576
2024-12-27,3.91,4.14,3.86,4.06,72463612.0,292156224.0,1105517399.0,0.06554723794084764
2024-12-30,4.02,4.03,3.88,3.92,48563599.0,190257667.0,1105517399.0,0.043928389588375895
2024-12-31,3.92,4.0,3.79,3.79,50618654.0,197170164.0,1105517399.0,0.04578729746432512
2025-01-02,3.78,3.99,3.77,3.86,74040036.0,289001783.0,1105517399.0,0.06697319831146321
2025-01-03,3.86,3.88,3.54,3.57,70619898.0,258219576.0,1105517399.0,0.06387949937638204
2025-01-06,3.53,3.59,3.4,3.51,45784800.0,160042275.0,1105517399.0,0.04141481630358312
2025-01-07,3.52,3.61,3.5,3.61,38277580.0,135955613.0,1105517399.0,0.03462413168225496
2025-01-08,3.59,3.94,3.58,3.77,89251600.0,337987254.0,1105517399.0,0.08073287682376856
2025-01-09,3.69,3.79,3.65,3.75,54482423.0,203732531.0,1105517399.0,0.04928228452060753
2025-01-10,3.75,3.77,3.57,3.57,46796843.0,170751465.0,1105517399.0,0.042330263677740634
2025-01-13,3.69,3.78,3.61,3.71,62678725.0,232193006.0,1105517399.0,0.05669628090584217
2025-01-14,3.65,3.87,3.65,3.86,69337732.0,263338175.0,1105517399.0,0.06271971120736744
2025-01-15,3.85,3.92,3.8,3.84,55174749.0,213087801.0,1105517399.0,0.04990853065714618
2025-01-16,3.86,4.03,3.83,3.98,81792934.0,321993610.0,1105517399.0,0.07398611190921654
2025-01-17,3.92,3.94,3.83,3.83,56792800.0,219882428.0,1105517399.0,0.051372144890141164
2025-01-20,3.87,3.89,3.76,3.85,46139800.0,176461540.0,1105517399.0,0.041735932914068956
2025-01-21,3.82,3.85,3.7,3.73,42661298.0,160093421.0,1105517399.0,0.03858944059911625
2025-01-22,3.7,3.71,3.64,3.67,25481400.0,93675799.0,1105517399.0,0.02304929802375729
2025-01-23,3.71,3.78,3.57,3.57,38853398.0,144120474.0,1105517399.0,0.03514499006089365
2025-01-24,3.61,3.65,3.57,3.62,33867531.0,122086247.0,1105517399.0,0.030635004958433947
2025-01-27,3.67,3.72,3.52,3.53,30003569.0,108736507.0,1105517399.0,0.02713984332326189
2025-02-05,3.45,3.49,3.38,3.48,49255852.0,169535894.0,1105517399.0,0.04455456969248477
2025-02-06,3.49,3.55,3.38,3.55,55581127.0,192756709.0,1105517399.0,0.05027612143443072
2025-02-07,3.53,3.67,3.53,3.62,53348400.0,193069922.0,1105517399.0,0.048256499669979414
2025-02-10,3.62,3.73,3.61,3.73,45851744.0,168341653.0,1105517399.0,0.041475370755336256
2025-02-11,3.73,3.75,3.63,3.66,38417592.0,140493568.0,1105517399.0,0.034750780073430576
2025-02-12,3.64,3.67,3.6,3.66,37179548.0,135129446.0,1105517399.0,0.033630902628607115
2025-02-13,3.66,3.79,3.64,3.71,69825802.0,260876391.0,1105517399.0,0.06316119679632469
2025-02-14,3.69,3.73,3.62,3.63,52445081.0,192462274.0,1105517399.0,0.0474393990066908
2025-02-17,3.63,3.76,3.61,3.73,58943415.0,217758290.0,1105517399.0,0.05331749193031018
2025-02-18,3.71,3.75,3.55,3.55,56460788.0,204982767.0,1105517399.0,0.051071822163153494
2025-02-19,3.53,3.61,3.53,3.6,38147618.0,136189628.0,1105517399.0,0.03450657405709451
2025-02-20,3.6,3.66,3.58,3.63,36800588.0,133418001.0,1105517399.0,0.03328811290829806
2025-02-21,3.63,3.65,3.53,3.57,47728812.0,170234557.0,1105517399.0,0.0431732798083262
2025-02-24,3.66,3.81,3.66,3.71,107355252.0,402132342.0,1105517399.0,0.09710860461998029
2025-02-25,3.66,3.74,3.61,3.63,57612492.0,210923604.0,1105517399.0,0.052113600430091465
2025-02-26,3.62,3.71,3.62,3.66,44081892.0,160982051.0,1105517399.0,0.03987444434603602
2025-02-27,3.66,3.82,3.65,3.77,96501166.0,361080232.0,1105517399.0,0.08729049953197525
2025-02-28,3.73,3.86,3.65,3.66,90518400.0,341022830.0,1105517399.0,0.08187876561859521
2025-03-03,3.69,3.7,3.6,3.63,50997293.0,186058982.0,1105517399.0,0.04612979682285399
2025-03-04,3.6,3.63,3.53,3.62,39426075.0,140777357.0,1105517399.0,0.03566300723594491
2025-03-05,3.63,3.78,3.63,3.68,49572192.0,182977512.0,1105517399.0,0.04484071625181179
2025-03-06,3.68,3.7,3.61,3.7,53044247.0,194144010.0,1105517399.0,0.0479813769082073
2025-03-07,3.68,3.69,3.59,3.61,41718900.0,151577091.0,1105517399.0,0.03773699087661306
2025-03-10,3.65,3.68,3.6,3.64,27347600.0,99205276.0,1105517399.0,0.02473737638569721
2025-03-11,3.6,3.65,3.56,3.65,31767420.0,114847707.0,1105517399.0,0.02873534150501416
2025-03-12,3.65,3.77,3.62,3.7,71840540.0,264339215.0,1105517399.0,0.06498363577541487
2025-03-13,3.67,3.8,3.59,3.79,98148504.0,362772442.0,1105517399.0,0.08878060543305841
2025-03-14,3.85,4.09,3.79,4.0,156796122.0,619770204.0,1105517399.0,0.14183053305341964
2025-03-17,4.02,4.23,4.0,4.0,152035309.0,622192483.0,1105517399.0,0.13752412140914663
2025-03-18,4.01,4.06,3.88,3.91,104704737.0,413111309.0,1105517399.0,0.09471107111901728
2025-03-19,3.89,3.91,3.79,3.81,68338921.0,261782692.0,1105517399.0,0.06181623288951964
2025-03-20,3.82,4.1,3.81,4.01,130501636.0,516154600.0,1105517399.0,0.11804575497232857
2025-03-21,3.95,4.33,3.94,4.09,176120954.0,726535867.0,1105517399.0,0.159310883898626
2025-03-24,4.09,4.09,3.81,3.88,104064830.0,408034634.0,1105517399.0,0.09413224078981683
2025-03-25,3.88,3.91,3.76,3.82,58451817.0,224111240.0,1105517399.0,0.052872815075432386
2025-03-26,3.81,3.9,3.76,3.85,58766426.0,226105820.0,1105517399.0,0.053157395852075594
2025-03-27,3.83,3.84,3.7,3.7,58582478.0,219018448.0,1105517399.0,0.052991004983721654
2025-03-28,3.7,3.72,3.58,3.58,48032180.0,174157549.0,1105517399.0,0.04344769249533991
2025-03-31,3.54,3.57,3.46,3.51,38688291.0,135619763.0,1105517399.0,0.0349956418912951
2025-04-01,3.54,3.57,3.52,3.56,27897720.0,98946354.0,1105517399.0,0.02523498953995205
2025-04-02,3.54,3.56,3.49,3.49,23511110.0,82824879.0,1105517399.0,0.021267064653407594
2025-04-03,3.44,3.6,3.44,3.56,38147200.0,135471751.0,1105517399.0,0.03450619595359258
2025-04-07,3.4,3.47,2.96,3.06,85154682.0,276065185.0,1105517399.0,0.07702699394602654
2025-04-08,3.17,3.67,3.17,3.66,144759827.0,498438940.0,1105517399.0,0.13094305628382064
2025-04-09,3.56,3.64,3.37,3.6,122963480.0,433137602.0,1105517399.0,0.1112270870736427
2025-04-10,3.55,3.97,3.54,3.75,141337060.0,529382144.0,1105517399.0,0.1278469792767142
2025-04-11,3.65,3.72,3.58,3.58,88962400.0,322638625.0,1105517399.0,0.08047127985545165
2025-04-14,3.62,3.81,3.58,3.7,92289700.0,340329833.0,1105517399.0,0.08348100182184469
2025-04-15,3.66,3.73,3.6,3.63,60563272.0,220569424.0,1105517399.0,0.0547827397875264
2025-04-16,3.6,3.75,3.57,3.71,82292353.0,301115173.0,1105517399.0,0.07443786327961718
2025-04-17,3.65,3.74,3.6,3.66,68190927.0,250549708.0,1105517399.0,0.06168236434965416
2025-04-18,3.62,3.67,3.47,3.49,71436100.0,252609229.0,1105517399.0,0.06461779802345743
2025-04-21,3.47,3.5,3.44,3.47,41896084.0,145251205.0,1105517399.0,0.037897263342844954
2025-04-22,3.46,3.54,3.44,3.46,34587200.0,120197248.0,1105517399.0,0.03128598431041066
2025-04-23,3.46,3.47,3.34,3.38,48936496.0,165741802.0,1105517399.0,0.04426569499879938
2025-04-24,3.37,3.44,3.34,3.35,32479320.0,109860564.0,1105517399.0,0.02937929337826731
2025-04-25,3.33,3.36,3.3,3.3,33648924.0,111891641.0,1105517399.0,0.030437263158804434
2025-04-28,3.27,3.28,3.18,3.18,36036778.0,115592552.0,1105517399.0,0.03259720564560739
2025-04-29,3.26,3.36,3.24,3.3,50474013.0,166917284.0,1105517399.0,0.04565646189345954
2025-04-30,3.27,3.35,3.27,3.32,28056100.0,93236986.0,1105517399.0,0.025378252775920353
2025-05-06,3.36,3.42,3.33,3.42,34388500.0,116574107.0,1105517399.0,0.031106249463921824
2025-05-07,3.47,3.48,3.41,3.46,43426600.0,149697743.0,1105517399.0,0.039281697456124795
2025-05-08,3.44,3.52,3.41,3.51,43674240.0,152373916.0,1105517399.0,0.039505701167169054
2025-05-09,3.51,3.52,3.45,3.45,29597138.0,102805362.0,1105517399.0,0.026772204604624227
2025-05-12,3.47,3.5,3.43,3.48,23879249.0,82564869.0,1105517399.0,0.021600066196696736
2025-05-13,3.51,3.54,3.44,3.46,33648002.0,117638032.0,1105517399.0,0.030436429160171002
2025-05-14,3.46,3.48,3.42,3.47,27480600.0,94843179.0,1105517399.0,0.024857682045400356
2025-05-15,3.47,3.65,3.46,3.59,92520004.0,329755532.0,1105517399.0,0.08368932418765125
2025-05-16,3.56,3.58,3.45,3.48,64162202.0,223655182.0,1105517399.0,0.05803816571140189
2025-05-19,3.47,3.53,3.44,3.52,41481700.0,144986325.0,1105517399.0,0.03752243070757858
2025-05-20,3.52,3.58,3.5,3.56,43302705.0,153658032.0,1105517399.0,0.03916962775906524
2025-05-21,3.54,3.59,3.48,3.49,33229152.0,116766833.0,1105517399.0,0.03005755678748933
2025-05-22,3.49,3.5,3.42,3.42,28332700.0,97738584.0,1105517399.0,0.025628452365949603
2025-05-23,3.43,3.46,3.36,3.36,27672000.0,94276606.0,1105517399.0,0.025030813648913002
2025-05-26,3.35,3.45,3.35,3.43,21784300.0,74530365.0,1105517399.0,0.019705072050159565
2025-05-27,3.43,3.52,3.43,3.5,38281500.0,133862310.0,1105517399.0,0.03462767753327779
2025-05-28,3.49,3.53,3.45,3.51,31429748.0,109614896.0,1105517399.0,0.02842989900333536
2025-05-29,3.49,3.54,3.47,3.53,30858560.0,108570811.0,1105517399.0,0.027913228708940474
2025-05-30,3.53,3.67,3.49,3.55,86068400.0,307114617.0,1105517399.0,0.0778535010646178
2025-06-03,3.48,3.63,3.45,3.61,61951060.0,221015236.0,1105517399.0,0.056038068741421955
2025-06-04,3.59,3.73,3.57,3.72,82393673.0,301631689.0,1105517399.0,0.07452951267391134
2025-06-05,3.73,3.77,3.6,3.63,61479715.0,224503138.0,1105517399.0,0.055611711815310834
2025-06-06,3.64,3.67,3.58,3.61,37455668.0,135578602.0,1105517399.0,0.03388066803279683
2025-06-09,3.63,3.67,3.61,3.64,32170391.0,117053034.0,1105517399.0,0.029099850467391875
2025-06-10,3.65,3.66,3.54,3.6,43084700.0,155119903.0,1105517399.0,0.0389724305008428
2025-06-11,3.58,3.65,3.58,3.61,31760300.0,114869624.0,1105517399.0,0.028728901081727796
2025-06-12,3.6,3.6,3.54,3.58,29078031.0,103847622.0,1105517399.0,0.026302644378372195
2025-06-13,3.58,3.61,3.5,3.52,44081600.0,156137753.0,1105517399.0,0.03987418021631697
2025-06-16,3.49,3.56,3.48,3.54,28792197.0,101495449.0,1105517399.0,0.026044092138254985
2025-06-17,3.6,3.72,3.57,3.59,78527700.0,285370666.0,1105517399.0,0.07103253198098242
2025-06-18,3.59,3.63,3.51,3.52,48798924.0,173523108.0,1105517399.0,0.04414125371897471
2025-06-19,3.51,3.54,3.42,3.44,35851588.0,124210061.0,1105517399.0,0.032429691321393665
2025-06-20,3.45,3.5,3.4,3.4,26265100.0,90298833.0,1105517399.0,0.02375819686217349
2025-06-23,3.4,3.48,3.36,3.47,23570700.0,81014479.0,1105517399.0,0.021320967016277597
2025-06-24,3.46,3.55,3.45,3.54,31443467.0,110637572.0,1105517399.0,0.028442308577361432
2025-06-25,3.54,3.58,3.5,3.56,32543488.0,115123622.0,1105517399.0,0.029437336788581833
2025-06-26,3.55,3.63,3.54,3.61,45665755.0,164382411.0,1105517399.0,0.04130713369261048
2025-06-27,3.63,3.66,3.59,3.6,42879255.0,155162329.0,1105517399.0,0.038786594438754735
2025-06-30,3.78,3.78,3.61,3.63,56325400.0,206168925.0,1105517399.0,0.05094935642889868
2025-07-01,3.62,3.66,3.58,3.63,38792760.0,140371308.0,1105517399.0,0.03509013972560734
2025-07-02,3.76,4.36,3.71,4.36,365848521.0,1525081627.0,1105517399.0,0.33092968173176623
2025-07-03,4.21,4.26,3.97,4.03,318820604.0,1293218017.0,1105517399.0,0.2883903991817681
2025-07-04,4.04,4.16,3.92,4.04,233823861.0,940798985.0,1105517399.0,0.2115062695634698
2025-07-07,3.96,3.98,3.87,3.92,122823895.0,482705049.0,1105517399.0,0.1111008249269535
2025-07-08,3.95,3.99,3.91,3.97,110320514.0,436289541.0,1105517399.0,0.09979084372601539
2025-07-09,3.96,3.96,3.88,3.9,96591232.0,378079957.0,1105517399.0,0.08737196907744009
2025-07-10,3.9,3.92,3.85,3.9,70516240.0,274179844.0,1105517399.0,0.06378573513522784
2025-07-11,3.91,3.94,3.88,3.91,63162368.0,246975817.0,1105517399.0,0.05713376203498358
2025-07-14,3.93,3.94,3.88,3.9,49389396.0,192857543.0,1105517399.0,0.04467536742947272
2025-07-15,3.88,4.03,3.83,3.84,102799700.0,402379948.0,1105517399.0,0.09298786259989021
2025-07-16,3.89,3.94,3.84,3.87,55852222.0,216815580.0,1105517399.0,0.05052134145561286
2025-07-17,3.87,3.96,3.86,3.9,65013068.0,254191308.0,1105517399.0,0.05880781981252201
2025-07-18,3.91,4.02,3.89,3.98,105537500.0,417651698.0,1105517399.0,0.09546435008211028
2025-07-21,3.99,3.99,3.93,3.97,69022468.0,272887628.0,1105517399.0,0.06243453794796404
2025-07-22,3.99,3.99,3.89,3.95,67411700.0,264480836.0,1105517399.0,0.06097751158053009
2025-07-23,3.95,3.98,3.89,3.9,59049022.0,232231248.0,1105517399.0,0.053413019146883636
2025-07-24,3.91,4.03,3.89,4.02,102633500.0,408239454.0,1105517399.0,0.0928375257529529
2025-07-25,4.04,4.07,3.96,3.98,61351343.0,245382826.0,1105517399.0,0.055495592430743826
2025-07-28,3.98,4.08,3.97,4.03,66163900.0,267321432.0,1105517399.0,0.05984880930851817
2025-07-29,4.04,4.06,3.95,4.01,57550340.0,229601119.0,1105517399.0,0.052057380600302974
2025-07-30,4.01,4.33,3.98,4.2,183387593.0,765282962.0,1105517399.0,0.16588395005441248
2025-07-31,4.13,4.16,3.97,3.98,130912000.0,529246305.0,1105517399.0,0.11841695130118889
2025-08-01,3.98,4.03,3.97,3.99,54899687.0,219545874.0,1105517399.0,0.04965972227091109
2025-08-04,3.97,3.99,3.91,3.97,43916297.0,173636649.0,1105517399.0,0.03972465475416728
2025-08-05,3.97,4.03,3.96,4.02,47021700.0,188367471.0,1105517399.0,0.04253365893882236
2025-08-06,4.07,4.09,4.0,4.04,45127492.0,182029331.0,1105517399.0,0.04082024583314586
2025-08-07,4.04,4.06,4.0,4.02,39581944.0,159285646.0,1105517399.0,0.035803999137240174
2025-08-08,4.0,4.09,3.98,4.06,60899000.0,246082929.0,1105517399.0,0.055086423836555105
2025-08-11,4.08,4.11,4.04,4.08,48734360.0,198538244.0,1105517399.0,0.04408285210534258
2025-08-12,4.09,4.1,4.03,4.04,44911500.0,182391300.0,1105517399.0,0.040624869441787954
2025-08-13,4.08,4.08,4.02,4.04,45865472.0,185323448.0,1105517399.0,0.041487788470346815
2025-08-14,4.04,4.05,3.92,3.92,62264080.0,247903831.0,1105517399.0,0.05632121218202555
2025-08-15,3.95,4.16,3.93,4.08,100758737.0,407490993.0,1105517399.0,0.09114170169654652
2025-08-18,4.08,4.22,4.06,4.18,102291235.0,426153879.0,1105517399.0,0.09252792863552209
2025-08-19,4.17,4.33,4.16,4.22,88205522.0,374202125.0,1105517399.0,0.07978664295992685
2025-08-20,4.22,4.28,4.19,4.25,66270758.0,281077306.0,1105517399.0,0.05994546812193591
2025-08-21,4.24,4.35,4.17,4.28,112836795.0,481694352.0,1105517399.0,0.10206695534784614
2025-08-22,4.27,4.27,4.16,4.2,76510707.0,321162930.0,1105517399.0,0.06920805323300028
2025-08-25,4.18,4.24,4.15,4.2,74695067.0,312764381.0,1105517399.0,0.0675657091128242
2025-08-26,4.2,4.23,4.16,4.17,60721890.0,254449286.0,1105517399.0,0.054926218307306804
2025-08-27,4.18,4.19,4.02,4.02,81987886.0,336244022.0,1105517399.0,0.07416245648794172
2025-08-28,3.76,3.87,3.6,3.74,170765472.0,635420209.0,1105517399.0,0.1544665621314206
2025-08-29,3.71,3.74,3.67,3.7,71876235.0,266309292.0,1105517399.0,0.06501592382446077
2025-09-01,3.7,3.77,3.65,3.74,57812968.0,215953941.0,1105517399.0,0.052294941764186566
2025-09-02,3.74,3.75,3.67,3.71,53235745.0,197173917.0,1105517399.0,0.04815459715799552
2025-09-03,3.7,3.72,3.59,3.6,47216200.0,172154999.0,1105517399.0,0.04270959465921531
2025-09-04,3.6,3.74,3.6,3.68,61806582.0,228090984.0,1105517399.0,0.05590738061283104
2025-09-05,3.69,3.72,3.6,3.72,45616470.0,167328138.0,1105517399.0,0.04126255275698289
2025-09-08,3.72,3.79,3.7,3.73,37203000.0,139194205.0,1105517399.0,0.03365211622508349
2025-09-09,3.73,3.77,3.72,3.74,37536364.0,140348320.0,1105517399.0,0.03395366190885251
2025-09-10,3.73,3.8,3.71,3.8,41754880.0,157262228.0,1105517399.0,0.037769536723501175
2025-09-11,3.79,3.82,3.73,3.79,37063111.0,139754386.0,1105517399.0,0.033525579094029256
2025-09-12,3.8,3.82,3.77,3.78,35223380.0,133591587.0,1105517399.0,0.031861443367477926
2025-09-15,4.04,4.25,3.91,3.97,155790212.0,630783933.0,1105517399.0,0.14092063330791593
2025-09-16,3.96,4.02,3.88,3.95,99036054.0,389716256.0,1105517399.0,0.08958344218696462
2025-09-17,3.94,3.96,3.86,3.88,66518090.0,259166013.0,1105517399.0,0.060169193230399806
2025-09-18,3.87,3.91,3.78,3.81,57938311.0,223263400.0,1105517399.0,0.05240832125519537
2025-09-19,3.82,3.82,3.74,3.76,37510883.0,141493412.0,1105517399.0,0.033930612972650286
2025-09-22,3.83,3.85,3.75,3.79,38216940.0,144705026.0,1105517399.0,0.034569279537860986
2025-09-23,3.75,3.76,3.61,3.69,45930664.0,168578518.0,1105517399.0,0.04154675814378567
2025-09-24,3.68,3.74,3.65,3.71,28839619.0,106729824.0,1105517399.0,0.026086987890092898
2025-09-25,3.7,3.72,3.64,3.65,31577327.0,115924305.0,1105517399.0,0.0285633921533604
2025-09-26,3.64,3.69,3.61,3.63,30422200.0,110904016.0,1105517399.0,0.027518517598654275
2025-09-29,3.6,3.63,3.51,3.63,37458175.0,134043405.0,1105517399.0,0.03388293574925454
2025-09-30,3.68,3.73,3.64,3.64,40911613.0,150214949.0,1105517399.0,0.03700675632695311
2025-10-09,3.64,3.64,3.59,3.63,32746187.0,118347092.0,1105517399.0,0.02962068894584625
2025-10-10,3.68,3.73,3.65,3.65,38777358.0,142447599.0,1105517399.0,0.03507620778748142
2025-10-13,3.53,3.71,3.52,3.71,33240398.0,120419452.0,1105517399.0,0.03006772939988799
2025-10-14,3.71,3.78,3.7,3.74,46521963.0,174046486.0,1105517399.0,0.042081619920303036
2025-10-15,3.72,3.73,3.67,3.69,28981491.0,107092944.0,1105517399.0,0.026215318751396693
2025-10-16,3.7,3.73,3.64,3.64,24661600.0,90773199.0,1105517399.0,0.022307744791993094
2025-10-17,3.63,3.66,3.58,3.58,22510000.0,81485913.0,1105517399.0,0.020361506766299206
2025-10-20,3.58,3.61,3.58,3.6,17385006.0,62430759.0,1105517399.0,0.015725673802805522
2025-10-21,3.59,3.64,3.58,3.64,20934100.0,75618957.0,1105517399.0,0.01893602038189179
2025-10-22,3.63,3.67,3.61,3.63,19349400.0,70429890.0,1105517399.0,0.017502573923759656
2025-10-23,3.62,3.63,3.57,3.61,24853490.0,89307864.0,1105517399.0,0.022481319626883593
2025-10-24,3.63,3.63,3.57,3.57,29683692.0,106634463.0,1105517399.0,0.026850497357029837
2025-10-27,3.57,3.59,3.54,3.55,27455700.0,97636059.0,1105517399.0,0.024835158654974727
2025-10-28,3.55,3.57,3.52,3.54,22885460.0,81132299.0,1105517399.0,0.02070113054819502
2025-10-29,3.5,3.53,3.45,3.52,33870870.0,118058731.0,1105517399.0,0.030638025263680178
2025-10-30,3.51,3.51,3.43,3.44,30254500.0,104985375.0,1105517399.0,0.02736682392096843
2025-10-31,3.45,3.55,3.43,3.53,30284567.0,106193013.0,1105517399.0,0.027394021141045832
2025-11-03,3.54,3.57,3.52,3.57,20077540.0,71315808.0,1105517399.0,0.018161215751250244
2025-11-04,3.56,3.59,3.54,3.58,22748092.0,81055397.0,1105517399.0,0.02057687379735215
2025-11-05,3.57,3.63,3.55,3.61,26902061.0,96951104.0,1105517399.0,0.02433436237578383
2025-11-06,3.6,3.61,3.54,3.54,28362500.0,100910624.0,1105517399.0,0.025655408070153766
2025-11-07,3.53,3.59,3.52,3.57,23780359.0,84913402.0,1105517399.0,0.021510614868215205
2025-11-10,3.58,3.66,3.55,3.66,37220336.0,135077320.0,1105517399.0,0.033667797570321185
2025-11-11,3.66,3.73,3.62,3.71,43339585.0,159529527.0,1105517399.0,0.03920298770440247
2025-11-12,3.7,3.73,3.66,3.7,33835227.0,124838838.0,1105517399.0,0.03060578425143357
2025-11-13,3.69,3.75,3.65,3.75,38193618.0,141869603.0,1105517399.0,0.03454818353338281
2025-11-14,3.75,4.1,3.73,3.86,137135991.0,534320823.0,1105517399.0,0.12404688621277864
2025-11-17,4.63,4.63,4.22,4.22,396591852.0,1788191463.0,1105517399.0,0.35873867960715833
2025-11-18,4.23,4.49,3.99,4.48,321705967.0,1353972986.0,1105517399.0,0.2910003653411519
2025-11-19,4.6,5.38,4.52,5.38,414897589.0,2017288038.0,1105517399.0,0.3752972041645814
2025-11-20,5.4,5.8,4.69,4.76,482630277.0,2515963981.0,1105517399.0,0.4365650666706513
2025-11-21,4.38,5.16,4.38,4.73,418885142.0,2043466026.0,1105517399.0,0.37890416051244796
2025-11-24,4.42,5.15,4.42,4.95,355375296.0,1725902312.0,1105517399.0,0.3214560859209055
2025-11-25,4.71,4.76,4.14,4.43,324320257.0,1427529811.0,1105517399.0,0.2933651313795379
2025-11-26,4.34,4.37,4.08,4.11,242237632.0,1012467513.0,1105517399.0,0.21911697836607275
2025-11-27,4.08,4.2,3.96,4.16,171919241.0,702801703.0,1105517399.0,0.1555102083020224
2025-11-28,4.07,4.12,4.01,4.09,139881772.0,569382154.0,1105517399.0,0.12653059293913474
2025-12-01,4.08,4.21,4.02,4.15,172125262.0,707284985.0,1105517399.0,0.1556965653871179
2025-12-02,4.08,4.32,4.0,4.24,212270965.0,886760132.0,1105517399.0,0.1920105148883324
2025-12-03,4.15,4.29,4.11,4.22,184285210.0,773124709.0,1105517399.0,0.16669589295174903
2025-12-04,4.12,4.2,3.9,3.9,193589928.0,777660155.0,1105517399.0,0.17511251127762667
2025-12-05,3.95,4.09,3.85,4.08,162699030.0,650837362.0,1105517399.0,0.1471700311068555
2025-12-08,4.1,4.14,4.05,4.08,115011917.0,469355792.0,1105517399.0,0.10403447028878467
2025-12-09,4.23,4.32,4.05,4.1,179820124.0,748739398.0,1105517399.0,0.16265698229865672
2025-12-10,4.03,4.13,3.98,4.03,123743033.0,500248821.0,1105517399.0,0.11193223472731613
2025-12-11,4.0,4.01,3.84,3.84,110940148.0,431975945.0,1105517399.0,0.10035133603537252
2025-12-12,3.84,3.9,3.79,3.8,76445830.0,293980607.0,1105517399.0,0.0691493684940186
2025-12-15,3.76,3.88,3.74,3.84,71992996.0,276162841.0,1105517399.0,0.0651215404344803
2025-12-16,3.84,3.93,3.75,3.77,82775509.0,317200659.0,1105517399.0,0.07487490389104225
2025-12-17,3.77,3.8,3.65,3.73,82699073.0,305987448.0,1105517399.0,0.0748057634143124
2025-12-18,3.69,3.79,3.68,3.7,61570750.0,230163333.0,1105517399.0,0.05569405787343922
2025-12-19,3.69,3.85,3.69,3.82,91844336.0,347179416.0,1105517399.0,0.08307814610885197
2025-12-22,3.82,3.87,3.77,3.86,66824930.0,255500847.0,1105517399.0,0.06044674652831945
2025-12-23,3.83,3.91,3.75,3.76,63482833.0,241043464.0,1105517399.0,0.05742363987886906
2025-12-24,3.91,3.96,3.75,3.81,143077273.0,546875208.0,1105517399.0,0.12942109561497728
2025-12-25,3.76,3.95,3.73,3.84,145258405.0,554481225.0,1105517399.0,0.13139404692444828
2025-12-26,3.83,3.85,3.78,3.83,98880916.0,376640215.0,1105517399.0,0.0894431115145208
2025-12-29,3.77,3.78,3.67,3.68,93780740.0,348273934.0,1105517399.0,0.0848297277680385
2025-12-30,3.66,3.68,3.58,3.58,68299828.0,246773032.0,1105517399.0,0.0617808711665514
2025-12-31,3.6,3.62,3.52,3.56,57799009.0,205970173.0,1105517399.0,0.052282315097240725
2026-01-05,3.55,3.63,3.53,3.61,59485857.0,213130237.0,1105517399.0,0.053808159920240205
2026-01-06,3.61,3.68,3.6,3.66,58199254.0,212272644.0,1105517399.0,0.05264435824587144
2026-01-07,3.75,3.99,3.71,3.94,244059351.0,940233985.0,1105517399.0,0.2207648212689957
2026-01-08,3.81,3.87,3.78,3.83,140959635.0,537666894.0,1105517399.0,0.12750557804653784
2026-01-09,3.84,4.13,3.82,4.1,236538477.0,940682596.0,1105517399.0,0.21396178586964057
2026-01-12,4.0,4.19,3.96,4.16,183751056.0,747122825.0,1105517399.0,0.16621272190398154
2026-01-13,4.12,4.12,3.96,3.96,126714095.0,510442329.0,1105517399.0,0.11461972024557887
2026-01-14,4.01,4.09,3.87,3.94,145579744.0,579287192.0,1105517399.0,0.13168471534838322
2026-01-15,3.91,3.93,3.76,3.78,100064100.0,382559671.0,1105517399.0,0.09051336513610131
2026-01-16,3.8,3.82,3.69,3.72,78594777.0,294628461.0,1105517399.0,0.07109320673839525
2026-01-19,3.71,3.78,3.69,3.76,58701132.0,220344260.0,1105517399.0,0.05309833391414584
2026-01-20,3.76,3.8,3.7,3.72,59123473.0,220913595.0,1105517399.0,0.053480364084256264
2026-01-21,3.7,3.74,3.64,3.72,46019268.0,170558912.0,1105517399.0,0.041626905231547606
2026-01-22,3.73,3.79,3.7,3.79,53588421.0,201695725.0,1105517399.0,0.04847361158537497
2026-01-23,3.87,3.92,3.84,3.9,82900782.0,321332026.0,1105517399.0,0.07498822006328279
2026-01-26,3.86,3.88,3.77,3.82,69006821.0,263055315.0,1105517399.0,0.06242038439414919
2026-01-27,3.81,3.82,3.68,3.73,59407584.0,220985893.0,1105517399.0,0.053737357778120325
2026-01-28,3.7,3.79,3.7,3.72,52679777.0,196831047.0,1105517399.0,0.04765169417292907
2026-01-29,3.74,3.88,3.69,3.87,102915650.0,392833744.0,1105517399.0,0.09309274561675171
2026-01-30,3.86,4.17,3.85,4.0,239950771.0,969094478.0,1105517399.0,0.21704838948446076
2026-02-02,3.87,3.89,3.54,3.68,160004985.0,600740006.0,1105517399.0,0.1447331223775701
2026-02-03,3.76,3.79,3.66,3.73,83394376.0,309813970.0,1105517399.0,0.07543470240760997
2026-02-04,3.78,3.82,3.71,3.82,72080668.0,272563242.0,1105517399.0,0.0652008444780705
2026-02-05,3.79,3.87,3.76,3.82,65393100.0,249362188.0,1105517399.0,0.05915157921453935
2026-02-06,3.8,3.94,3.75,3.87,88469972.0,341098835.0,1105517399.0,0.08002585222089299
2026-02-09,4.0,4.06,3.95,3.97,110447118.0,440407817.0,1105517399.0,0.09990536385940679
2026-02-10,3.97,4.18,3.92,4.05,137423644.0,557937909.0,1105517399.0,0.1243070838363169
2026-02-11,4.04,4.06,3.9,3.9,82561681.0,326447155.0,1105517399.0,0.07468148495417755
2026-02-12,3.92,3.92,3.77,3.79,72032600.0,275133730.0,1105517399.0,0.06515736438445688
2026-02-13,3.86,4.05,3.79,3.9,146056392.0,574271023.0,1105517399.0,0.13211586912346732
2026-02-24,3.88,3.91,3.76,3.85,103955199.0,399213222.0,1105517399.0,0.09403307364862197
2026-02-25,3.86,4.02,3.85,3.93,100096405.0,395351112.0,1105517399.0,0.09054258674765552
2026-02-26,3.94,3.98,3.77,3.78,95748800.0,367529739.0,1105517399.0,0.08660994398334204
2026-02-27,3.79,3.8,3.7,3.75,67073581.0,251250895.0,1105517399.0,0.06067166474328822
2026-03-02,3.7,3.72,3.58,3.6,86388810.0,314065576.0,1105517399.0,0.0781433291580425
2026-03-03,3.64,3.7,3.57,3.58,92855128.0,337394104.0,1105517399.0,0.08399246188616522
2026-03-04,3.64,3.76,3.63,3.69,104747698.0,387098917.0,1105517399.0,0.09474993165620905
2026-03-05,3.62,3.65,3.58,3.62,80341311.0,289618342.0,1105517399.0,0.07267304076143265
2026-03-06,3.6,3.68,3.52,3.67,73052249.0,263498270.0,1105517399.0,0.06607969179506328
2026-03-09,3.71,3.76,3.63,3.7,75846640.0,280175301.0,1105517399.0,0.06860736888321013
2026-03-10,3.67,3.71,3.65,3.68,54339705.0,199723184.0,1105517399.0,0.04915318840676156
2026-03-11,3.65,3.67,3.61,3.62,41790689.0,151698012.0,1105517399.0,0.037801927891683955
2026-03-12,3.62,3.63,3.57,3.58,38908153.0,139855284.0,1105517399.0,0.03519451890598422
2026-03-13,3.58,3.61,3.53,3.54,44436955.0,158896567.0,1105517399.0,0.0401956179434133
2026-03-16,3.65,3.79,3.64,3.66,117474691.0,435531999.0,1105517399.0,0.10626218194870762
2026-03-17,3.57,3.64,3.54,3.56,83897929.0,300958556.0,1105517399.0,0.07589019320355356
2026-03-18,3.54,3.56,3.42,3.48,65325081.0,226206034.0,1105517399.0,0.05909005236741643
2026-03-19,3.44,3.46,3.37,3.37,45274300.0,154221863.0,1105517399.0,0.04095304157216616
2026-03-20,3.38,3.4,3.27,3.27,43529972.0,144542335.0,1105517399.0,0.039375202994882945
2026-03-23,3.2,3.2,3.06,3.08,49539097.0,155287479.0,1105517399.0,0.04481078004273002
2026-03-24,3.15,3.19,3.08,3.19,38284155.0,120307334.0,1105517399.0,0.034630079123702695
2026-03-25,3.28,3.29,3.2,3.27,34389500.0,111482960.0,1105517399.0,0.031107154017754178
2026-03-26,3.25,3.29,3.18,3.2,35000166.0,112868972.0,1105517399.0,0.031659534288342756
2026-03-27,3.13,3.27,3.13,3.27,32434583.0,105203012.0,1105517399.0,0.02933882635346927
2026-03-30,3.24,3.29,3.21,3.27,25567676.0,83097198.0,1105517399.0,0.023127339310197507
2026-03-31,3.26,3.3,3.18,3.18,29414200.0,95416852.0,1105517399.0,0.026606727335640967
2026-04-01,3.24,3.25,3.17,3.23,24070072.0,77279953.0,1105517399.0,0.021772675872648115
2026-04-02,3.2,3.24,3.16,3.17,23668163.0,75640548.0,1105517399.0,0.02140912754644036
2026-04-03,3.17,3.18,3.04,3.04,30906173.0,95263575.0,1105517399.0,0.027956297230560367
2026-04-07,3.06,3.16,3.04,3.16,32853971.0,102624443.0,1105517399.0,0.029718185376112746
2026-04-08,3.2,3.24,3.18,3.22,34376399.0,110348020.0,1105517399.0,0.031095303457996503
2026-04-09,3.21,3.23,3.11,3.13,31019900.0,97828339.0,1105517399.0,0.028059169424252545
2026-04-10,3.15,3.18,3.13,3.14,25395400.0,80134239.0,1105517399.0,0.022971506394174807
2026-04-13,3.13,3.17,3.11,3.16,21474266.0,67538101.0,1105517399.0,0.01942462960729938
2026-04-14,3.16,3.19,3.13,3.19,26579500.0,83928068.0,1105517399.0,0.02404258858706574
2026-04-15,3.19,3.2,3.13,3.13,23982015.0,75451174.0,1105517399.0,0.021693023575832478
2026-04-16,3.14,3.17,3.11,3.15,25415511.0,79870044.0,1105517399.0,0.022989697876297288
2026-04-17,3.16,3.19,3.1,3.12,29388140.0,91925600.0,1105517399.0,0.02658315466276981
2026-04-20,3.13,3.14,3.11,3.14,21815000.0,68205765.0,1105517399.0,0.01973284185281285
2026-04-21,3.2,3.29,3.15,3.16,55087395.0,176772348.0,1105517399.0,0.04982951426167468
2026-04-22,3.13,3.13,3.07,3.08,38327104.0,118349319.0,1105517399.0,0.034668928806248486
2026-04-23,3.08,3.08,3.01,3.04,25640953.0,77930065.0,1105517399.0,0.023193622301370943
2026-04-24,3.04,3.05,2.98,3.0,28790709.0,86360245.0,1105517399.0,0.026042746162152443
2026-04-27,2.98,3.03,2.89,3.03,31786357.0,94314600.0,1105517399.0,0.028752471040937456
2026-04-28,3.01,3.03,2.94,2.95,22445304.0,66722613.0,1105517399.0,0.0203029857515612
2026-04-29,2.94,3.06,2.92,3.02,36328129.0,110076516.0,1105517399.0,0.0328607483092177
2026-04-30,3.11,3.24,3.11,3.17,77748758.0,247665867.0,1105517399.0,0.07032793700970055
2026-05-06,3.19,3.26,3.17,3.24,63417076.0,204885419.0,1105517399.0,0.05736415913251493
2026-05-07,3.25,3.25,3.17,3.19,37971052.0,121623630.0,1105517399.0,0.03434686060513101
2026-05-08,3.19,3.24,3.17,3.22,25543540.0,82109976.0,1105517399.0,0.023105506998899798
2026-05-11,3.24,3.24,3.18,3.22,29902306.0,95931770.0,1105517399.0,0.02704824548853618
2026-05-12,3.22,3.23,3.12,3.13,29796270.0,93994868.0,1105517399.0,0.02695233021836864
2026-05-13,3.14,3.17,3.11,3.15,29909524.0,93891085.0,1105517399.0,0.027054774558098113
2026-05-14,3.14,3.15,3.07,3.08,30151352.0,93457256.0,1105517399.0,0.02727352100226873
2026-05-15,3.09,3.11,3.04,3.08,26633520.0,81886428.0,1105517399.0,0.024091452585089528
2026-05-18,3.1,3.15,3.05,3.11,30222842.0,93485089.0,1105517399.0,0.027338187555743753
2026-05-19,3.11,3.14,3.05,3.09,28791334.0,89055287.0,1105517399.0,0.026043311508297664
2026-05-20,3.08,3.15,3.01,3.06,38159013.0,117073514.0,1105517399.0,0.03451688144801419
2026-05-21,3.07,3.12,2.97,2.98,42958783.0,131667702.0,1105517399.0,0.03885853179593422
2026-05-22,3.01,3.03,2.94,2.99,26070962.0,77515573.0,1105517399.0,0.02358258859026786
2026-05-25,2.98,3.02,2.95,2.98,20232701.0,60356898.0,1105517399.0,0.018301567228432195
2026-05-26,2.97,3.0,2.9,2.93,23729560.0,69770063.0,1105517399.0,0.02146466443808543
2026-05-27,2.94,2.95,2.86,2.89,25344180.0,73198156.0,1105517399.0,0.02292517514688161
2026-05-28,2.89,2.94,2.84,2.92,23405410.0,68043403.0,1105517399.0,0.021171453313327725
2026-05-29,2.91,2.99,2.91,2.93,30248500.0,89397497.0,1105517399.0,0.0273613965979743
2026-06-01,2.93,3.06,2.86,3.05,39225310.0,118044064.0,1105517399.0,0.03548140448579227
2026-06-02,3.03,3.05,2.92,2.96,33044984.0,97997438.0,1105517399.0,0.02989096691729227
2026-06-03,2.96,2.97,2.89,2.92,23675302.0,69135950.0,1105517399.0,0.02141558515624954
2026-06-04,2.91,3.03,2.88,2.9,40967500.0,120698736.0,1105517399.0,0.03705730912698191
2026-06-05,2.85,2.93,2.84,2.9,32118500.0,92822399.0,1105517399.0,0.02905291226447717
2026-06-08,2.85,2.93,2.79,2.81,32375280.0,92101183.0,1105517399.0,0.029285183597549152
2026-06-09,2.83,2.85,2.76,2.81,24578202.0,68792143.0,1105517399.0,0.022232306811482395
2026-06-10,2.78,2.83,2.72,2.76,24666292.0,67988226.0,1105517399.0,0.0223119889585745
2026-06-11,2.77,2.8,2.72,2.75,20428171.0,56390444.0,1105517399.0,0.018478380366042525
2026-06-12,2.77,2.83,2.73,2.81,28828638.0,80530515.0,1105517399.0,0.026077054984459815
2026-06-15,2.83,2.87,2.76,2.79,26020050.0,73014925.0,1105517399.0,0.023536535945555027
2026-06-16,2.79,2.81,2.73,2.81,25078519.0,69534996.0,1105517399.0,0.02268487047122449
2026-06-17,2.83,2.87,2.72,2.73,29307384.0,80904052.0,1105517399.0,0.02651010651348419
2026-06-18,2.7,2.7,2.63,2.65,25928200.0,69017850.0,1105517399.0,0.02345345267605327
2026-06-22,2.62,2.66,2.57,2.66,31731689.0,82728978.0,1105517399.0,0.028703020892030303
2026-06-23,2.63,2.74,2.63,2.69,32768900.0,88603808.0,1105517399.0,0.02964123407704052
2026-06-24,2.69,2.7,2.51,2.53,35168059.0,90290867.0,1105517399.0,0.031811402544918245
2026-06-25,2.52,2.55,2.48,2.52,27305330.0,68752917.0,1105517399.0,0.024699140895203586
2026-06-26,2.5,2.52,2.44,2.45,26754000.0,66090946.0,1105517399.0,0.024200433230811592
2026-06-29,2.45,2.49,2.36,2.48,35370030.0,86370681.0,1105517399.0,0.03199409618699271
2026-06-30,2.46,2.51,2.43,2.45,27795489.0,68282360.0,1105513399.0,0.02514260706848294
2026-07-01,2.47,2.63,2.45,2.58,55880639.0,142906474.0,1105513399.0,0.05054722905262589
2026-07-02,2.57,2.69,2.57,2.61,41843173.0,110024520.0,1105513399.0,0.03784953944280507
2026-07-03,2.62,2.64,2.55,2.59,27501700.0,71340975.0,1105513399.0,0.024876858141092507
2026-07-06,2.62,2.65,2.58,2.59,25901600.0,67585427.0,1105513399.0,0.023429476317003012
2026-07-07,2.58,2.6,2.51,2.53,21020800.0,53409605.0,1105513399.0,0.019014513997762952
2026-07-08,2.54,2.57,2.47,2.55,23775139.0,60110026.0,1105513399.0,0.021505970910443935
2026-07-09,2.53,2.59,2.49,2.55,23093044.0,58555818.0,1105513399.0,0.0208889770317474
2026-07-10,2.53,2.68,2.49,2.64,43117443.0,113175249.0,1105513399.0,0.03900218942529524
2026-07-13,2.64,2.65,2.53,2.55,30868104.0,79221348.0,1105513399.0,0.02792196279839029
2026-07-14,2.55,2.6,2.51,2.6,26949531.0,69220484.0,1105513399.0,0.024377389748850977
2026-07-15,2.59,2.72,2.58,2.67,40600502.0,108368444.0,1105513399.0,0.03672547256028328
2026-07-16,2.66,2.72,2.62,2.7,34965042.0,94017896.0,1105513399.0,0.031627877176005174
2026-07-17,2.68,2.74,2.6,2.62,34278112.0,91391207.0,1105513399.0,0.031006509763704816
2026-07-20,2.65,2.69,2.56,2.58,28459930.0,74662551.0,1105513399.0,0.025743631896043624
2026-07-21,2.59,2.6,2.49,2.56,31328012.0,79781849.0,1105513399.0,0.028337975847545563
2026-07-22,2.53,2.59,2.52,2.56,17837401.0,45443796.0,1105513399.0,0.01613494781350904
2026-07-23,2.55,2.64,2.52,2.64,27096363.0,70274255.0,1105513399.0,0.024510207677727117
2026-07-24,2.62,2.65,2.52,2.53,25309104.0,64746874.0,1105513399.0,0.022893529850378593
2026-07-27,2.53,2.62,2.5,2.61,29829840.0,77139179.0,1105513399.0,0.026982793720078647
2026-07-28,2.59,2.68,2.59,2.65,31935740.0,84465827.0,1105513399.0,0.028887700527996947
2026-07-29,2.67,2.73,2.65,2.7,31205742.0,84281829.0,1105513399.0,0.028227375650288253
2026-07-30,2.68,2.78,2.68,2.7,37692300.0,103309588.0,1105513399.0,0.03409483777771924
2026-07-31,2.67,2.73,2.67,2.72,30243162.0,82072770.0,1105513399.0,0.027356667071929356
2026-08-03,2.74,2.82,2.74,2.82,36907961.0,102869117.0,1105513399.0,0.033385358362354865
2026-08-04,2.83,2.85,2.79,2.81,27756920.0,78213270.0,1105513399.0,0.02510771920549106
2026-08-05,2.8,2.84,2.76,2.8,29538439.0,82568336.0,1105513399.0,0.02671920487505552
2026-08-06,2.8,2.84,2.75,2.82,34919484.0,97731989.0,1105513399.0,0.03158666736340479
2026-08-07,2.82,2.85,2.73,2.8,30511400.0,84799697.0,1105513399.0,0.02759930366072388
2026-08-10,2.8,3.03,2.79,2.91,66312580.0,192268449.0,1105513399.0,0.05998351540558759
2026-08-11,2.89,2.92,2.85,2.87,42789180.0,123437271.0,1105513399.0,0.03870525679625888
2026-08-12,2.86,2.92,2.84,2.91,33596044.0,96946236.0,1105513399.0,0.030389540308050123
2026-08-13,2.89,2.95,2.85,2.9,34955500.0,101585459.0,1105513399.0,0.031619245892107004
2026-08-14,2.9,2.9,2.82,2.86,28720899.0,81872744.0,1105513399.0,0.02597969325924018
2026-08-17,2.84,2.95,2.84,2.92,33838803.0,98251982.0,1105513399.0,0.030609129686360318
2026-08-18,2.92,3.3,2.92,3.12,146809095.0,450330963.0,1105513399.0,0.13279720999564293
2026-08-19,3.07,3.09,2.88,2.88,106466217.0,313940664.0,1105513399.0,0.0963047730550392
2026-08-20,2.88,2.95,2.81,2.86,67204300.0,192401017.0,1105513399.0,0.060790127067469404
2026-08-21,2.87,2.89,2.75,2.82,46117229.0,129692870.0,1105513399.0,0.0417156671657853
2026-08-24,2.83,2.86,2.76,2.82,37989500.0,106347033.0,1105513399.0,0.03436367214939563
2026-08-25,2.8,2.93,2.79,2.92,51107150.0,147148293.0,1105513399.0,0.04622933566090591
2026-08-26,2.87,2.96,2.87,2.91,39316310.0,114834545.0,1105513399.0,0.035563847562194946
2026-08-27,2.93,3.02,2.88,3.0,50328100.0,149501096.0,1105513399.0,0.045524640448071134
2026-08-28,3.07,3.23,3.04,3.19,114307893.0,359482235.0,1105513399.0,0.10339801679780454
2026-08-31,3.13,3.19,3.04,3.06,77945448.0,239687508.0,1105513399.0,0.07050610880927007
2026-09-01,3.03,3.3,3.02,3.24,128117539.0,412148151.0,1105513399.0,0.11588963020791031
2026-09-02,3.17,3.2,3.05,3.06,86686708.0,268499719.0,1105513399.0,0.07841307765099281
2026-09-03,3.05,3.09,2.97,2.99,54736543.0,165194503.0,1105513399.0,0.049512328886752825
2026-09-04,2.99,3.22,2.96,3.15,105116154.0,330169734.0,1105513399.0,0.09508356397587181
2026-09-07,3.2,3.39,3.15,3.33,136500464.0,452350981.0,1105513399.0,0.12347246457932799
2026-09-08,3.3,3.47,3.3,3.4,145676950.0,495934797.0,1105513399.0,0.13177312019173457
2026-09-09,3.36,3.58,3.34,3.49,170554564.0,593725350.0,1105513399.0,0.1542763426967745
2026-09-10,3.38,3.5,3.28,3.3,118583083.0,397430625.0,1105513399.0,0.10726517028854211
2026-09-11,3.35,3.36,3.11,3.15,88697983.0,281886056.0,1105513399.0,0.08023239074282808
2026-09-14,3.15,3.15,3.0,3.04,74938141.0,228438969.0,1105513399.0,0.06778582789479153
2026-09-15,3.06,3.07,2.83,2.85,84342695.0,246072108.0,1105513399.0,0.07629278403707525
2026-09-16,2.82,2.94,2.79,2.88,67318919.0,193874220.0,1105513399.0,0.060893806498314544
2026-09-17,2.89,2.96,2.79,2.92,68519358.0,197038540.0,1105513399.0,0.06197967212516797
2026-09-18,2.89,2.96,2.87,2.92,53995522.0,157550478.0,1105513399.0,0.0488420330760731
2026-09-21,2.91,3.09,2.89,3.07,74229086.0,223463513.0,1105513399.0,0.0671444471565378
2026-09-22,3.07,3.1,2.97,3.03,54454643.0,164662926.0,1105513399.0,0.04925733423878655
2026-09-23,3.02,3.03,2.93,2.95,42562330.0,126331854.0,1105513399.0,0.038500058016935894
2026-09-24,2.96,2.98,2.87,2.9,40663759.0,118596932.0,1105513399.0,0.036782692129089245
