代码,简称,公告标题,公告时间,公告链接
300138,晨光生物,关于回购公司股份比例达1%暨回购进展公告,2026-09-24 16:29:22,http://www.cninfo.com.cn/new/disclosure/detail?stockCode=300138&announcementId=1225581197&orgId=9900014768&announcementTime=2026-09-24 16:29:22
300138,晨光生物,关于为子公司银行借款提供担保的进展公告,2026-09-22 17:46:10,http://www.cninfo.com.cn/new/disclosure/detail?stockCode=300138&announcementId=1225576958&orgId=9900014768&announcementTime=2026-09-22 17:46:10
300138,晨光生物,关于股东部分股份质押延期的公告,2026-09-21 17:50:09,http://www.cninfo.com.cn/new/disclosure/detail?stockCode=300138&announcementId=1225574819&orgId=9900014768&announcementTime=2026-09-21 17:50:09
300138,晨光生物,关于子公司归还银行借款暨为子公司提供担保的进展公告,2026-09-16 17:42:11,http://www.cninfo.com.cn/new/disclosure/detail?stockCode=300138&announcementId=1225567952&orgId=9900014768&announcementTime=2026-09-16 17:42:11
300138,晨光生物,关于为子公司银行借款提供担保的进展公告,2026-09-14 17:56:28,http://www.cninfo.com.cn/new/disclosure/detail?stockCode=300138&announcementId=1225563192&orgId=9900014768&announcementTime=2026-09-14 17:56:28
300138,晨光生物,关于参加2026年河北辖区上市公司投资者网上集体接待日暨2026年半年报集体业绩说明会的公告,2026-09-11 16:34:27,http://www.cninfo.com.cn/new/disclosure/detail?stockCode=300138&announcementId=1225559273&orgId=9900014768&announcementTime=2026-09-11 16:34:27
300138,晨光生物,关于为子公司银行借款提供担保的进展公告,2026-09-08 17:18:08,http://www.cninfo.com.cn/new/disclosure/detail?stockCode=300138&announcementId=1225553515&orgId=9900014768&announcementTime=2026-09-08 17:18:08
300138,晨光生物,关于为子公司银行借款提供担保的进展公告,2026-09-03 17:02:28,http://www.cninfo.com.cn/new/disclosure/detail?stockCode=300138&announcementId=1225545923&orgId=9900014768&announcementTime=2026-09-03 17:02:28
300138,晨光生物,关于回购公司股份的进展公告,2026-09-01 19:38:10,http://www.cninfo.com.cn/new/disclosure/detail?stockCode=300138&announcementId=1225542449&orgId=9900014768&announcementTime=2026-09-01 19:38:10
300138,晨光生物,关于子公司完成变更登记的公告,2026-09-01 19:38:08,http://www.cninfo.com.cn/new/disclosure/detail?stockCode=300138&announcementId=1225542450&orgId=9900014768&announcementTime=2026-09-01 19:38:08
300138,晨光生物,关于子公司归还银行借款暨为子公司提供担保的进展公告,2026-09-01 19:36:10,http://www.cninfo.com.cn/new/disclosure/detail?stockCode=300138&announcementId=1225542448&orgId=9900014768&announcementTime=2026-09-01 19:36:10
300138,晨光生物,关于独立董事取得独立董事资格证书的公告,2026-08-26 17:32:12,http://www.cninfo.com.cn/new/disclosure/detail?stockCode=300138&announcementId=1225510778&orgId=9900014768&announcementTime=2026-08-26 17:32:12
300138,晨光生物,关于“质量回报双提升”行动方案的进展公告,2026-08-25 00:00:00,http://www.cninfo.com.cn/new/disclosure/detail?stockCode=300138&announcementId=1225495898&orgId=9900014768&announcementTime=2026-08-25 00:00:00
300138,晨光生物,第六届董事会第二次会议决议公告,2026-08-25 00:00:00,http://www.cninfo.com.cn/new/disclosure/detail?stockCode=300138&announcementId=1225495897&orgId=9900014768&announcementTime=2026-08-25 00:00:00
300138,晨光生物,关于募集资金2026年半年度存放、管理与使用情况的专项报告,2026-08-25 00:00:00,http://www.cninfo.com.cn/new/disclosure/detail?stockCode=300138&announcementId=1225495896&orgId=9900014768&announcementTime=2026-08-25 00:00:00
300138,晨光生物,控股股东及其他关联方非经营性资金占用及清偿情况表(2026年上半年度）,2026-08-25 00:00:00,http://www.cninfo.com.cn/new/disclosure/detail?stockCode=300138&announcementId=1225495895&orgId=9900014768&announcementTime=2026-08-25 00:00:00
300138,晨光生物,2026年半年度非经营性资金占用及其他关联资金往来情况汇总表,2026-08-25 00:00:00,http://www.cninfo.com.cn/new/disclosure/detail?stockCode=300138&announcementId=1225495894&orgId=9900014768&announcementTime=2026-08-25 00:00:00
300138,晨光生物,2026年半年度报告,2026-08-25 00:00:00,http://www.cninfo.com.cn/new/disclosure/detail?stockCode=300138&announcementId=1225495893&orgId=9900014768&announcementTime=2026-08-25 00:00:00
300138,晨光生物,2026年半年度报告摘要,2026-08-25 00:00:00,http://www.cninfo.com.cn/new/disclosure/detail?stockCode=300138&announcementId=1225495892&orgId=9900014768&announcementTime=2026-08-25 00:00:00
300138,晨光生物,关于为子公司银行借款提供担保的进展公告,2026-08-20 18:02:29,http://www.cninfo.com.cn/new/disclosure/detail?stockCode=300138&announcementId=1225485998&orgId=9900014768&announcementTime=2026-08-20 18:02:29
300138,晨光生物,关于收到新疆证监局行政监管措施决定书的公告,2026-08-14 15:52:08,http://www.cninfo.com.cn/new/disclosure/detail?stockCode=300138&announcementId=1225473236&orgId=9900014768&announcementTime=2026-08-14 15:52:08
300138,晨光生物,关于独立董事取得独立董事资格证书的公告,2026-08-13 17:28:29,http://www.cninfo.com.cn/new/disclosure/detail?stockCode=300138&announcementId=1225471843&orgId=9900014768&announcementTime=2026-08-13 17:28:29
300138,晨光生物,关于首次实施回购公司股份的公告,2026-08-12 16:46:26,http://www.cninfo.com.cn/new/disclosure/detail?stockCode=300138&announcementId=1225469682&orgId=9900014768&announcementTime=2026-08-12 16:46:26
300138,晨光生物,关于子公司归还银行借款暨为子公司提供担保的进展公告,2026-08-11 16:32:26,http://www.cninfo.com.cn/new/disclosure/detail?stockCode=300138&announcementId=1225467849&orgId=9900014768&announcementTime=2026-08-11 16:32:26
300138,晨光生物,关于回购公司股份的进展公告,2026-08-03 18:16:11,http://www.cninfo.com.cn/new/disclosure/detail?stockCode=300138&announcementId=1225455215&orgId=9900014768&announcementTime=2026-08-03 18:16:11
300138,晨光生物,关于回购股份予以注销并减少注册资本通知债权人的公告,2026-07-20 18:52:07,http://www.cninfo.com.cn/new/disclosure/detail?stockCode=300138&announcementId=1225433484&orgId=9900014768&announcementTime=2026-07-20 18:52:07
300138,晨光生物,回购报告书,2026-07-20 18:52:07,http://www.cninfo.com.cn/new/disclosure/detail?stockCode=300138&announcementId=1225433483&orgId=9900014768&announcementTime=2026-07-20 18:52:07
300138,晨光生物,2026年第二次临时股东会的法律意见书,2026-07-20 18:28:08,http://www.cninfo.com.cn/new/disclosure/detail?stockCode=300138&announcementId=1225432639&orgId=9900014768&announcementTime=2026-07-20 18:28:08
300138,晨光生物,2026年第二次临时股东会决议公告,2026-07-20 18:28:08,http://www.cninfo.com.cn/new/disclosure/detail?stockCode=300138&announcementId=1225432638&orgId=9900014768&announcementTime=2026-07-20 18:28:08
300138,晨光生物,关于回购股份事项前十名股东及前十名无限售条件股东持股信息的公告,2026-07-17 17:54:27,http://www.cninfo.com.cn/new/disclosure/detail?stockCode=300138&announcementId=1225430139&orgId=9900014768&announcementTime=2026-07-17 17:54:27
300138,晨光生物,关于召开2026年第二次临时股东会的提示性公告,2026-07-16 17:52:28,http://www.cninfo.com.cn/new/disclosure/detail?stockCode=300138&announcementId=1225428276&orgId=9900014768&announcementTime=2026-07-16 17:52:28
300138,晨光生物,关于子公司完成变更登记的公告,2026-07-15 18:22:06,http://www.cninfo.com.cn/new/disclosure/detail?stockCode=300138&announcementId=1225425855&orgId=9900014768&announcementTime=2026-07-15 18:22:06
300138,晨光生物,关于为子公司银行借款提供担保的进展公告,2026-07-15 18:20:09,http://www.cninfo.com.cn/new/disclosure/detail?stockCode=300138&announcementId=1225425854&orgId=9900014768&announcementTime=2026-07-15 18:20:09
300138,晨光生物,2026年半年度业绩预告,2026-07-13 19:16:09,http://www.cninfo.com.cn/new/disclosure/detail?stockCode=300138&announcementId=1225421938&orgId=9900014768&announcementTime=2026-07-13 19:16:09
300138,晨光生物,关于回购股份事项前十名股东及前十名无限售条件股东持股信息的公告,2026-07-06 18:28:09,http://www.cninfo.com.cn/new/disclosure/detail?stockCode=300138&announcementId=1225411846&orgId=9900014768&announcementTime=2026-07-06 18:28:09
300138,晨光生物,关于子公司归还银行借款暨为子公司提供担保的进展公告,2026-07-03 16:51:10,http://www.cninfo.com.cn/new/disclosure/detail?stockCode=300138&announcementId=1225408357&orgId=9900014768&announcementTime=2026-07-03 16:51:10
300138,晨光生物,关于选举董事长、董事会专门委员会的公告,2026-07-03 00:00:00,http://www.cninfo.com.cn/new/disclosure/detail?stockCode=300138&announcementId=1225406752&orgId=9900014768&announcementTime=2026-07-03 00:00:00
300138,晨光生物,关于召开2026年第二次临时股东会的通知,2026-07-03 00:00:00,http://www.cninfo.com.cn/new/disclosure/detail?stockCode=300138&announcementId=1225406751&orgId=9900014768&announcementTime=2026-07-03 00:00:00
300138,晨光生物,第六届董事会第一次会议决议公告,2026-07-03 00:00:00,http://www.cninfo.com.cn/new/disclosure/detail?stockCode=300138&announcementId=1225406750&orgId=9900014768&announcementTime=2026-07-03 00:00:00
300138,晨光生物,关于回购公司股份方案的公告,2026-07-03 00:00:00,http://www.cninfo.com.cn/new/disclosure/detail?stockCode=300138&announcementId=1225406749&orgId=9900014768&announcementTime=2026-07-03 00:00:00
300138,晨光生物,关于实际控制人提议回购公司股份的公告,2026-07-03 00:00:00,http://www.cninfo.com.cn/new/disclosure/detail?stockCode=300138&announcementId=1225406748&orgId=9900014768&announcementTime=2026-07-03 00:00:00
300138,晨光生物,关于聘任高级管理人员及相关人员的公告,2026-07-03 00:00:00,http://www.cninfo.com.cn/new/disclosure/detail?stockCode=300138&announcementId=1225406747&orgId=9900014768&announcementTime=2026-07-03 00:00:00
300138,晨光生物,关于股东部分股份质押的公告,2026-07-01 17:20:27,http://www.cninfo.com.cn/new/disclosure/detail?stockCode=300138&announcementId=1225403235&orgId=9900014768&announcementTime=2026-07-01 17:20:27
300138,晨光生物,关于子公司完成变更登记的公告,2026-06-29 17:00:09,http://www.cninfo.com.cn/new/disclosure/detail?stockCode=300138&announcementId=1225394988&orgId=9900014768&announcementTime=2026-06-29 17:00:09
300138,晨光生物,关于注销募集资金现金管理产品专用结算账户的公告,2026-06-29 17:00:09,http://www.cninfo.com.cn/new/disclosure/detail?stockCode=300138&announcementId=1225394987&orgId=9900014768&announcementTime=2026-06-29 17:00:09
300138,晨光生物,关于独立董事取得独立董事资格证书的公告,2026-06-18 18:32:10,http://www.cninfo.com.cn/new/disclosure/detail?stockCode=300138&announcementId=1225378934&orgId=9900014768&announcementTime=2026-06-18 18:32:10
300138,晨光生物,关于董事会完成换届选举的公告,2026-06-18 18:32:10,http://www.cninfo.com.cn/new/disclosure/detail?stockCode=300138&announcementId=1225378706&orgId=9900014768&announcementTime=2026-06-18 18:32:10
300138,晨光生物,关于选举第六届董事会职工代表董事的公告,2026-06-18 18:32:07,http://www.cninfo.com.cn/new/disclosure/detail?stockCode=300138&announcementId=1225378705&orgId=9900014768&announcementTime=2026-06-18 18:32:07
300138,晨光生物,2026年第一次临时股东会的法律意见书,2026-06-18 18:30:11,http://www.cninfo.com.cn/new/disclosure/detail?stockCode=300138&announcementId=1225378704&orgId=9900014768&announcementTime=2026-06-18 18:30:11
300138,晨光生物,2026年第一次临时股东会决议公告,2026-06-18 18:30:11,http://www.cninfo.com.cn/new/disclosure/detail?stockCode=300138&announcementId=1225378703&orgId=9900014768&announcementTime=2026-06-18 18:30:11
300138,晨光生物,关于为子公司银行借款提供担保的进展公告,2026-06-17 17:44:11,http://www.cninfo.com.cn/new/disclosure/detail?stockCode=300138&announcementId=1225375874&orgId=9900014768&announcementTime=2026-06-17 17:44:11
300138,晨光生物,关于注销部分募集资金专户的公告,2026-06-17 17:44:10,http://www.cninfo.com.cn/new/disclosure/detail?stockCode=300138&announcementId=1225375875&orgId=9900014768&announcementTime=2026-06-17 17:44:10
300138,晨光生物,关于召开2026年第一次临时股东会的提示性公告,2026-06-16 17:26:09,http://www.cninfo.com.cn/new/disclosure/detail?stockCode=300138&announcementId=1225373411&orgId=9900014768&announcementTime=2026-06-16 17:26:09
300138,晨光生物,关于子公司归还银行借款暨为子公司提供担保的进展公告,2026-06-12 16:50:11,http://www.cninfo.com.cn/new/disclosure/detail?stockCode=300138&announcementId=1225367179&orgId=9900014768&announcementTime=2026-06-12 16:50:11
300138,晨光生物,关于使用部分闲置募集资金进行现金管理到期收回的公告,2026-06-05 17:52:27,http://www.cninfo.com.cn/new/disclosure/detail?stockCode=300138&announcementId=1225354644&orgId=9900014768&announcementTime=2026-06-05 17:52:27
300138,晨光生物,关于收到商标注册证和专利证书的公告,2026-06-05 17:50:27,http://www.cninfo.com.cn/new/disclosure/detail?stockCode=300138&announcementId=1225354645&orgId=9900014768&announcementTime=2026-06-05 17:50:27
300138,晨光生物,独立董事提名人声明与承诺（厉梁秋）,2026-06-02 00:00:00,http://www.cninfo.com.cn/new/disclosure/detail?stockCode=300138&announcementId=1225342814&orgId=9900014768&announcementTime=2026-06-02 00:00:00
300138,晨光生物,关于董事会换届选举的公告,2026-06-02 00:00:00,http://www.cninfo.com.cn/new/disclosure/detail?stockCode=300138&announcementId=1225342813&orgId=9900014768&announcementTime=2026-06-02 00:00:00
300138,晨光生物,独立董事候选人声明与承诺（戴小枫）,2026-06-02 00:00:00,http://www.cninfo.com.cn/new/disclosure/detail?stockCode=300138&announcementId=1225342812&orgId=9900014768&announcementTime=2026-06-02 00:00:00
300138,晨光生物,独立董事提名人声明与承诺（牛翃）,2026-06-02 00:00:00,http://www.cninfo.com.cn/new/disclosure/detail?stockCode=300138&announcementId=1225342811&orgId=9900014768&announcementTime=2026-06-02 00:00:00
300138,晨光生物,独立董事提名人声明与承诺（戴小枫）,2026-06-02 00:00:00,http://www.cninfo.com.cn/new/disclosure/detail?stockCode=300138&announcementId=1225342810&orgId=9900014768&announcementTime=2026-06-02 00:00:00
300138,晨光生物,独立董事候选人关于参加独立董事培训并取得独立董事资格证书的承诺书（厉梁秋）,2026-06-02 00:00:00,http://www.cninfo.com.cn/new/disclosure/detail?stockCode=300138&announcementId=1225342809&orgId=9900014768&announcementTime=2026-06-02 00:00:00
300138,晨光生物,独立董事候选人关于参加独立董事培训并取得独立董事资格证书的承诺书（戴小枫）,2026-06-02 00:00:00,http://www.cninfo.com.cn/new/disclosure/detail?stockCode=300138&announcementId=1225342808&orgId=9900014768&announcementTime=2026-06-02 00:00:00
300138,晨光生物,独立董事候选人声明与承诺（牛翃）,2026-06-02 00:00:00,http://www.cninfo.com.cn/new/disclosure/detail?stockCode=300138&announcementId=1225342807&orgId=9900014768&announcementTime=2026-06-02 00:00:00
300138,晨光生物,独立董事候选人声明与承诺（厉梁秋）,2026-06-02 00:00:00,http://www.cninfo.com.cn/new/disclosure/detail?stockCode=300138&announcementId=1225342806&orgId=9900014768&announcementTime=2026-06-02 00:00:00
300138,晨光生物,独立董事候选人关于参加独立董事培训并取得独立董事资格证书的承诺书（牛翃）,2026-06-02 00:00:00,http://www.cninfo.com.cn/new/disclosure/detail?stockCode=300138&announcementId=1225342805&orgId=9900014768&announcementTime=2026-06-02 00:00:00
300138,晨光生物,关于召开2026年第一次临时股东会的通知,2026-06-02 00:00:00,http://www.cninfo.com.cn/new/disclosure/detail?stockCode=300138&announcementId=1225342804&orgId=9900014768&announcementTime=2026-06-02 00:00:00
300138,晨光生物,第五届董事会第二十四次会议决议公告,2026-06-02 00:00:00,http://www.cninfo.com.cn/new/disclosure/detail?stockCode=300138&announcementId=1225342803&orgId=9900014768&announcementTime=2026-06-02 00:00:00
300138,晨光生物,关于子公司归还银行借款暨为子公司提供担保的进展公告,2026-05-25 17:32:10,http://www.cninfo.com.cn/new/disclosure/detail?stockCode=300138&announcementId=1225328685&orgId=9900014768&announcementTime=2026-05-25 17:32:10
300138,晨光生物,2025年年度权益分派实施公告,2026-05-14 00:00:00,http://www.cninfo.com.cn/new/disclosure/detail?stockCode=300138&announcementId=1225303991&orgId=9900014768&announcementTime=2026-05-14 00:00:00
300138,晨光生物,关于子公司完成变更登记的公告,2026-05-07 18:32:08,http://www.cninfo.com.cn/new/disclosure/detail?stockCode=300138&announcementId=1225282550&orgId=9900014768&announcementTime=2026-05-07 18:32:08
300138,晨光生物,关于为子公司银行借款提供担保的进展公告,2026-05-06 17:54:11,http://www.cninfo.com.cn/new/disclosure/detail?stockCode=300138&announcementId=1225279620&orgId=9900014768&announcementTime=2026-05-06 17:54:11
300138,晨光生物,关于注销部分募集资金专户的公告,2026-04-29 18:02:30,http://www.cninfo.com.cn/new/disclosure/detail?stockCode=300138&announcementId=1225257900&orgId=9900014768&announcementTime=2026-04-29 18:02:30
300138,晨光生物,关于子公司完成变更登记的公告,2026-04-28 19:44:31,http://www.cninfo.com.cn/new/disclosure/detail?stockCode=300138&announcementId=1225236289&orgId=9900014768&announcementTime=2026-04-28 19:44:31
300138,晨光生物,2025年年度股东会法律意见书,2026-04-28 19:44:31,http://www.cninfo.com.cn/new/disclosure/detail?stockCode=300138&announcementId=1225236288&orgId=9900014768&announcementTime=2026-04-28 19:44:31
300138,晨光生物,2025年年度股东会决议公告,2026-04-28 19:44:31,http://www.cninfo.com.cn/new/disclosure/detail?stockCode=300138&announcementId=1225236287&orgId=9900014768&announcementTime=2026-04-28 19:44:31
300138,晨光生物,第五届董事会第二十三次会议决议公告,2026-04-25 00:00:00,http://www.cninfo.com.cn/new/disclosure/detail?stockCode=300138&announcementId=1225178120&orgId=9900014768&announcementTime=2026-04-25 00:00:00
300138,晨光生物,2026年一季度报告,2026-04-25 00:00:00,http://www.cninfo.com.cn/new/disclosure/detail?stockCode=300138&announcementId=1225178118&orgId=9900014768&announcementTime=2026-04-25 00:00:00
300138,晨光生物,关于召开2025年年度股东会的提示性公告,2026-04-25 00:00:00,http://www.cninfo.com.cn/new/disclosure/detail?stockCode=300138&announcementId=1225176905&orgId=9900014768&announcementTime=2026-04-25 00:00:00
300138,晨光生物,关于子公司完成变更登记的公告,2026-04-10 17:14:11,http://www.cninfo.com.cn/new/disclosure/detail?stockCode=300138&announcementId=1225092559&orgId=9900014768&announcementTime=2026-04-10 17:14:11
300138,晨光生物,关于子公司归还银行借款暨为子公司提供担保的进展公告,2026-04-09 15:36:29,http://www.cninfo.com.cn/new/disclosure/detail?stockCode=300138&announcementId=1225086830&orgId=9900014768&announcementTime=2026-04-09 15:36:29
300138,晨光生物,关于向参股公司增资的进展公告,2026-04-03 17:32:29,http://www.cninfo.com.cn/new/disclosure/detail?stockCode=300138&announcementId=1225079360&orgId=9900014768&announcementTime=2026-04-03 17:32:29
300138,晨光生物,中原证券关于公司募集资金2025年度存放、管理与使用情况的核查意见,2026-03-31 00:00:00,http://www.cninfo.com.cn/new/disclosure/detail?stockCode=300138&announcementId=1225054148&orgId=9900014768&announcementTime=2026-03-31 00:00:00
300138,晨光生物,关于拟续聘会计师事务所的公告,2026-03-31 00:00:00,http://www.cninfo.com.cn/new/disclosure/detail?stockCode=300138&announcementId=1225054147&orgId=9900014768&announcementTime=2026-03-31 00:00:00
300138,晨光生物,2025年总经理工作报告,2026-03-31 00:00:00,http://www.cninfo.com.cn/new/disclosure/detail?stockCode=300138&announcementId=1225054146&orgId=9900014768&announcementTime=2026-03-31 00:00:00
300138,晨光生物,独立董事2025年度述职报告（牛翃）,2026-03-31 00:00:00,http://www.cninfo.com.cn/new/disclosure/detail?stockCode=300138&announcementId=1225054145&orgId=9900014768&announcementTime=2026-03-31 00:00:00
300138,晨光生物,独立董事2025年度述职报告（戴小枫）,2026-03-31 00:00:00,http://www.cninfo.com.cn/new/disclosure/detail?stockCode=300138&announcementId=1225054144&orgId=9900014768&announcementTime=2026-03-31 00:00:00
300138,晨光生物,独立董事2025年度述职报告（厉梁秋）,2026-03-31 00:00:00,http://www.cninfo.com.cn/new/disclosure/detail?stockCode=300138&announcementId=1225054143&orgId=9900014768&announcementTime=2026-03-31 00:00:00
300138,晨光生物,关于举行2025年度网上业绩说明会的公告,2026-03-31 00:00:00,http://www.cninfo.com.cn/new/disclosure/detail?stockCode=300138&announcementId=1225054142&orgId=9900014768&announcementTime=2026-03-31 00:00:00
300138,晨光生物,2025年度内部控制审计报告,2026-03-31 00:00:00,http://www.cninfo.com.cn/new/disclosure/detail?stockCode=300138&announcementId=1225054141&orgId=9900014768&announcementTime=2026-03-31 00:00:00
300138,晨光生物,2025年度内部控制自我评价报告,2026-03-31 00:00:00,http://www.cninfo.com.cn/new/disclosure/detail?stockCode=300138&announcementId=1225054140&orgId=9900014768&announcementTime=2026-03-31 00:00:00
300138,晨光生物,董事、高级管理人员薪酬管理制度（2026年3月）,2026-03-31 00:00:00,http://www.cninfo.com.cn/new/disclosure/detail?stockCode=300138&announcementId=1225054139&orgId=9900014768&announcementTime=2026-03-31 00:00:00
300138,晨光生物,董事、高级管理人员离职管理制度（2026年3月）,2026-03-31 00:00:00,http://www.cninfo.com.cn/new/disclosure/detail?stockCode=300138&announcementId=1225054138&orgId=9900014768&announcementTime=2026-03-31 00:00:00
300138,晨光生物,委托理财管理制度（2026年3月）,2026-03-31 00:00:00,http://www.cninfo.com.cn/new/disclosure/detail?stockCode=300138&announcementId=1225054137&orgId=9900014768&announcementTime=2026-03-31 00:00:00
300138,晨光生物,关于计提资产减值准备的公告,2026-03-31 00:00:00,http://www.cninfo.com.cn/new/disclosure/detail?stockCode=300138&announcementId=1225054136&orgId=9900014768&announcementTime=2026-03-31 00:00:00
300138,晨光生物,关于与参股公司新疆晨丰源日常关联交易预计的公告,2026-03-31 00:00:00,http://www.cninfo.com.cn/new/disclosure/detail?stockCode=300138&announcementId=1225054135&orgId=9900014768&announcementTime=2026-03-31 00:00:00
300138,晨光生物,关于为参股公司新疆晨丰源银行借款提供担保的公告,2026-03-31 00:00:00,http://www.cninfo.com.cn/new/disclosure/detail?stockCode=300138&announcementId=1225054134&orgId=9900014768&announcementTime=2026-03-31 00:00:00
300138,晨光生物,关于向参股公司河北晨华提供财务资助的公告,2026-03-31 00:00:00,http://www.cninfo.com.cn/new/disclosure/detail?stockCode=300138&announcementId=1225054133&orgId=9900014768&announcementTime=2026-03-31 00:00:00
300138,晨光生物,关于与参股公司新疆天椒日常关联交易预计的公告,2026-03-31 00:00:00,http://www.cninfo.com.cn/new/disclosure/detail?stockCode=300138&announcementId=1225054132&orgId=9900014768&announcementTime=2026-03-31 00:00:00
300138,晨光生物,关于2026年度日常关联交易预计的公告,2026-03-31 00:00:00,http://www.cninfo.com.cn/new/disclosure/detail?stockCode=300138&announcementId=1225054131&orgId=9900014768&announcementTime=2026-03-31 00:00:00
300138,晨光生物,关于与参股公司河北晨华日常关联交易预计的公告,2026-03-31 00:00:00,http://www.cninfo.com.cn/new/disclosure/detail?stockCode=300138&announcementId=1225054130&orgId=9900014768&announcementTime=2026-03-31 00:00:00
300138,晨光生物,关于开展商品套期保值业务的可行性分析报告,2026-03-31 00:00:00,http://www.cninfo.com.cn/new/disclosure/detail?stockCode=300138&announcementId=1225054129&orgId=9900014768&announcementTime=2026-03-31 00:00:00
300138,晨光生物,关于开展外汇远期锁汇业务的可行性分析报告,2026-03-31 00:00:00,http://www.cninfo.com.cn/new/disclosure/detail?stockCode=300138&announcementId=1225054128&orgId=9900014768&announcementTime=2026-03-31 00:00:00
300138,晨光生物,关于开展外汇远期锁汇业务的公告,2026-03-31 00:00:00,http://www.cninfo.com.cn/new/disclosure/detail?stockCode=300138&announcementId=1225054127&orgId=9900014768&announcementTime=2026-03-31 00:00:00
300138,晨光生物,关于开展商品套期保值业务的公告,2026-03-31 00:00:00,http://www.cninfo.com.cn/new/disclosure/detail?stockCode=300138&announcementId=1225054126&orgId=9900014768&announcementTime=2026-03-31 00:00:00
300138,晨光生物,关于公司与子公司或子公司之间融资担保的公告,2026-03-31 00:00:00,http://www.cninfo.com.cn/new/disclosure/detail?stockCode=300138&announcementId=1225054125&orgId=9900014768&announcementTime=2026-03-31 00:00:00
300138,晨光生物,关于使用闲置自有资金进行委托理财的公告,2026-03-31 00:00:00,http://www.cninfo.com.cn/new/disclosure/detail?stockCode=300138&announcementId=1225054124&orgId=9900014768&announcementTime=2026-03-31 00:00:00
300138,晨光生物,关于召开2025年年度股东会的通知,2026-03-31 00:00:00,http://www.cninfo.com.cn/new/disclosure/detail?stockCode=300138&announcementId=1225054123&orgId=9900014768&announcementTime=2026-03-31 00:00:00
300138,晨光生物,第五届董事会审计委员会第十二次会议暨2026年第一次独立董事专门会议决议公告,2026-03-31 00:00:00,http://www.cninfo.com.cn/new/disclosure/detail?stockCode=300138&announcementId=1225054122&orgId=9900014768&announcementTime=2026-03-31 00:00:00
300138,晨光生物,第五届董事会第二十二次会议决议公告,2026-03-31 00:00:00,http://www.cninfo.com.cn/new/disclosure/detail?stockCode=300138&announcementId=1225054121&orgId=9900014768&announcementTime=2026-03-31 00:00:00
300138,晨光生物,关于2025年度利润分配预案的公告,2026-03-31 00:00:00,http://www.cninfo.com.cn/new/disclosure/detail?stockCode=300138&announcementId=1225054120&orgId=9900014768&announcementTime=2026-03-31 00:00:00
300138,晨光生物,2026年第一季度业绩预告,2026-03-31 00:00:00,http://www.cninfo.com.cn/new/disclosure/detail?stockCode=300138&announcementId=1225054119&orgId=9900014768&announcementTime=2026-03-31 00:00:00
300138,晨光生物,关于募集资金2025年度存放、管理与使用情况的专项报告,2026-03-31 00:00:00,http://www.cninfo.com.cn/new/disclosure/detail?stockCode=300138&announcementId=1225054118&orgId=9900014768&announcementTime=2026-03-31 00:00:00
300138,晨光生物,关于2025年度套期保值业务交易情况的专项报告,2026-03-31 00:00:00,http://www.cninfo.com.cn/new/disclosure/detail?stockCode=300138&announcementId=1225054117&orgId=9900014768&announcementTime=2026-03-31 00:00:00
300138,晨光生物,中审众环关于公司募集资金年度存放、 管理与实际使用情况的鉴证报告,2026-03-31 00:00:00,http://www.cninfo.com.cn/new/disclosure/detail?stockCode=300138&announcementId=1225054116&orgId=9900014768&announcementTime=2026-03-31 00:00:00
300138,晨光生物,控股股东及其他关联方非经营性资金占用及清偿情况表(2025年度）,2026-03-31 00:00:00,http://www.cninfo.com.cn/new/disclosure/detail?stockCode=300138&announcementId=1225054115&orgId=9900014768&announcementTime=2026-03-31 00:00:00
300138,晨光生物,董事会对会计师事务所2025年度履职情况评估报告,2026-03-31 00:00:00,http://www.cninfo.com.cn/new/disclosure/detail?stockCode=300138&announcementId=1225054114&orgId=9900014768&announcementTime=2026-03-31 00:00:00
300138,晨光生物,2025年度审计委员会履行监督职责情况报告,2026-03-31 00:00:00,http://www.cninfo.com.cn/new/disclosure/detail?stockCode=300138&announcementId=1225054113&orgId=9900014768&announcementTime=2026-03-31 00:00:00
300138,晨光生物,中审众环关于公司非经营性资金占用及其他关联资金往来情况汇总表的专项审核报告,2026-03-31 00:00:00,http://www.cninfo.com.cn/new/disclosure/detail?stockCode=300138&announcementId=1225054112&orgId=9900014768&announcementTime=2026-03-31 00:00:00
300138,晨光生物,上市公司2025年度非经营性资金占用及其他关联资金往来情况汇总表,2026-03-31 00:00:00,http://www.cninfo.com.cn/new/disclosure/detail?stockCode=300138&announcementId=1225054111&orgId=9900014768&announcementTime=2026-03-31 00:00:00
300138,晨光生物,董事会关于独立董事独立性的专项意见,2026-03-31 00:00:00,http://www.cninfo.com.cn/new/disclosure/detail?stockCode=300138&announcementId=1225054110&orgId=9900014768&announcementTime=2026-03-31 00:00:00
300138,晨光生物,2025年年度审计报告,2026-03-31 00:00:00,http://www.cninfo.com.cn/new/disclosure/detail?stockCode=300138&announcementId=1225054109&orgId=9900014768&announcementTime=2026-03-31 00:00:00
300138,晨光生物,2025年年度报告,2026-03-31 00:00:00,http://www.cninfo.com.cn/new/disclosure/detail?stockCode=300138&announcementId=1225054107&orgId=9900014768&announcementTime=2026-03-31 00:00:00
300138,晨光生物,2025年年度报告摘要,2026-03-31 00:00:00,http://www.cninfo.com.cn/new/disclosure/detail?stockCode=300138&announcementId=1225054106&orgId=9900014768&announcementTime=2026-03-31 00:00:00
300138,晨光生物,关于“质量回报双提升”行动方案的公告,2026-03-31 00:00:00,http://www.cninfo.com.cn/new/disclosure/detail?stockCode=300138&announcementId=1225054105&orgId=9900014768&announcementTime=2026-03-31 00:00:00
300138,晨光生物,关于向参股公司增资暨关联交易的公告,2026-03-31 00:00:00,http://www.cninfo.com.cn/new/disclosure/detail?stockCode=300138&announcementId=1225054104&orgId=9900014768&announcementTime=2026-03-31 00:00:00
300138,晨光生物,关于为参股公司银行借款提供担保的进展公告,2026-03-26 18:00:29,http://www.cninfo.com.cn/new/disclosure/detail?stockCode=300138&announcementId=1225034669&orgId=9900014768&announcementTime=2026-03-26 18:00:29
300138,晨光生物,关于收到商标注册证和专利证书的公告,2026-03-16 18:17:53,http://www.cninfo.com.cn/new/disclosure/detail?stockCode=300138&announcementId=1225011411&orgId=9900014768&announcementTime=2026-03-16 18:17:53
300138,晨光生物,关于为参股公司银行借款提供担保的进展公告,2026-03-16 18:17:49,http://www.cninfo.com.cn/new/disclosure/detail?stockCode=300138&announcementId=1225011410&orgId=9900014768&announcementTime=2026-03-16 18:17:49
300138,晨光生物,关于子公司完成变更登记的公告,2026-03-16 18:15:57,http://www.cninfo.com.cn/new/disclosure/detail?stockCode=300138&announcementId=1225011412&orgId=9900014768&announcementTime=2026-03-16 18:15:57
300138,晨光生物,关于为参股公司银行借款提供担保的进展公告,2026-03-10 17:56:13,http://www.cninfo.com.cn/new/disclosure/detail?stockCode=300138&announcementId=1225003446&orgId=9900014768&announcementTime=2026-03-10 17:56:13
300138,晨光生物,2025年度业绩快报,2026-02-27 18:32:29,http://www.cninfo.com.cn/new/disclosure/detail?stockCode=300138&announcementId=1224988258&orgId=9900014768&announcementTime=2026-02-27 18:32:29
300138,晨光生物,关于为子公司银行借款提供担保的进展公告,2026-01-26 17:42:13,http://www.cninfo.com.cn/new/disclosure/detail?stockCode=300138&announcementId=1224950354&orgId=9900014768&announcementTime=2026-01-26 17:42:13
300138,晨光生物,关于高级管理人员股份减持计划实施完毕的公告,2026-01-19 17:22:11,http://www.cninfo.com.cn/new/disclosure/detail?stockCode=300138&announcementId=1224939664&orgId=9900014768&announcementTime=2026-01-19 17:22:11
300138,晨光生物,关于部分募集资金投资项目延期的公告,2026-01-16 17:00:12,http://www.cninfo.com.cn/new/disclosure/detail?stockCode=300138&announcementId=1224937349&orgId=9900014768&announcementTime=2026-01-16 17:00:12
300138,晨光生物,第五届董事会第二十一次会议决议公告,2026-01-16 17:00:12,http://www.cninfo.com.cn/new/disclosure/detail?stockCode=300138&announcementId=1224937348&orgId=9900014768&announcementTime=2026-01-16 17:00:12
300138,晨光生物,关于在桂林设立全资子公司的公告,2026-01-16 17:00:11,http://www.cninfo.com.cn/new/disclosure/detail?stockCode=300138&announcementId=1224937347&orgId=9900014768&announcementTime=2026-01-16 17:00:11
300138,晨光生物,中原证券关于公司部分募集资金投资项目延期的核查意见,2026-01-16 17:00:10,http://www.cninfo.com.cn/new/disclosure/detail?stockCode=300138&announcementId=1224937350&orgId=9900014768&announcementTime=2026-01-16 17:00:10
300138,晨光生物,关于为子公司银行借款提供担保的进展公告,2026-01-15 16:48:08,http://www.cninfo.com.cn/new/disclosure/detail?stockCode=300138&announcementId=1224935295&orgId=9900014768&announcementTime=2026-01-15 16:48:08
300138,晨光生物,2025年度业绩预告,2026-01-13 19:34:09,http://www.cninfo.com.cn/new/disclosure/detail?stockCode=300138&announcementId=1224932650&orgId=9900014768&announcementTime=2026-01-13 19:34:09
300138,晨光生物,关于为子公司银行借款提供担保的进展公告,2025-12-30 17:44:08,http://www.cninfo.com.cn/new/disclosure/detail?stockCode=300138&announcementId=1224909342&orgId=9900014768&announcementTime=2025-12-30 17:44:08
300138,晨光生物,关于子公司通过高新技术企业认定的公告,2025-12-29 15:46:27,http://www.cninfo.com.cn/new/disclosure/detail?stockCode=300138&announcementId=1224903078&orgId=9900014768&announcementTime=2025-12-29 15:46:27
300138,晨光生物,关于为子公司银行借款提供担保的进展公告,2025-12-16 16:00:10,http://www.cninfo.com.cn/new/disclosure/detail?stockCode=300138&announcementId=1224880698&orgId=9900014768&announcementTime=2025-12-16 16:00:10
300138,晨光生物,关于公司正式收到专利证书和商标注册证的公告,2025-12-09 17:36:11,http://www.cninfo.com.cn/new/disclosure/detail?stockCode=300138&announcementId=1224861506&orgId=9900014768&announcementTime=2025-12-09 17:36:11
300138,晨光生物,关于为子公司银行借款提供担保的进展公告,2025-12-09 17:36:08,http://www.cninfo.com.cn/new/disclosure/detail?stockCode=300138&announcementId=1224861505&orgId=9900014768&announcementTime=2025-12-09 17:36:08
300138,晨光生物,关于持股5%以上股东部分股份质押延期的公告,2025-12-02 16:30:08,http://www.cninfo.com.cn/new/disclosure/detail?stockCode=300138&announcementId=1224843000&orgId=9900014768&announcementTime=2025-12-02 16:30:08
300138,晨光生物,关于持股5%以上股东部分股份质押延期的公告,2025-11-28 16:02:11,http://www.cninfo.com.cn/new/disclosure/detail?stockCode=300138&announcementId=1224832858&orgId=9900014768&announcementTime=2025-11-28 16:02:11
300138,晨光生物,关于为子公司银行借款提供担保的进展公告,2025-11-27 16:46:09,http://www.cninfo.com.cn/new/disclosure/detail?stockCode=300138&announcementId=1224830303&orgId=9900014768&announcementTime=2025-11-27 16:46:09
300138,晨光生物,关于转让控股子公司股权的进展公告,2025-11-26 17:04:11,http://www.cninfo.com.cn/new/disclosure/detail?stockCode=300138&announcementId=1224827905&orgId=9900014768&announcementTime=2025-11-26 17:04:11
300138,晨光生物,关于使用部分闲置募集资金进行现金管理到期收回的公告,2025-11-24 18:06:08,http://www.cninfo.com.cn/new/disclosure/detail?stockCode=300138&announcementId=1224823221&orgId=9900014768&announcementTime=2025-11-24 18:06:08
300138,晨光生物,关于注销部分募集资金专户的公告,2025-11-13 17:48:12,http://www.cninfo.com.cn/new/disclosure/detail?stockCode=300138&announcementId=1224803954&orgId=9900014768&announcementTime=2025-11-13 17:48:12
300138,晨光生物,关于为子公司银行借款提供担保的进展公告,2025-11-13 17:48:12,http://www.cninfo.com.cn/new/disclosure/detail?stockCode=300138&announcementId=1224803953&orgId=9900014768&announcementTime=2025-11-13 17:48:12
300138,晨光生物,关于公司完成登记信息备案的公告,2025-11-03 16:50:10,http://www.cninfo.com.cn/new/disclosure/detail?stockCode=300138&announcementId=1224783296&orgId=9900014768&announcementTime=2025-11-03 16:50:10
300138,晨光生物,晨光生物科技集团股份有限公司章程（2025年10月）,2025-11-03 16:50:09,http://www.cninfo.com.cn/new/disclosure/detail?stockCode=300138&announcementId=1224783295&orgId=9900014768&announcementTime=2025-11-03 16:50:09
300138,晨光生物,关于公司及子公司正式收到专利证书的公告,2025-10-31 16:22:11,http://www.cninfo.com.cn/new/disclosure/detail?stockCode=300138&announcementId=1224779777&orgId=9900014768&announcementTime=2025-10-31 16:22:11
300138,晨光生物,关于为子公司银行借款提供担保的进展公告,2025-10-31 16:22:11,http://www.cninfo.com.cn/new/disclosure/detail?stockCode=300138&announcementId=1224779776&orgId=9900014768&announcementTime=2025-10-31 16:22:11
300138,晨光生物,关于计提资产减值准备的公告,2025-10-25 00:00:00,http://www.cninfo.com.cn/new/disclosure/detail?stockCode=300138&announcementId=1224732560&orgId=9900014768&announcementTime=2025-10-25 00:00:00
300138,晨光生物,第五届董事会第二十次会议决议公告,2025-10-25 00:00:00,http://www.cninfo.com.cn/new/disclosure/detail?stockCode=300138&announcementId=1224732559&orgId=9900014768&announcementTime=2025-10-25 00:00:00
300138,晨光生物,2025年三季度报告,2025-10-25 00:00:00,http://www.cninfo.com.cn/new/disclosure/detail?stockCode=300138&announcementId=1224732557&orgId=9900014768&announcementTime=2025-10-25 00:00:00
300138,晨光生物,关于更换持续督导保荐代表人的公告,2025-10-23 16:22:12,http://www.cninfo.com.cn/new/disclosure/detail?stockCode=300138&announcementId=1224727406&orgId=9900014768&announcementTime=2025-10-23 16:22:12
300138,晨光生物,关于注销部分募集资金专户的公告,2025-10-21 17:00:11,http://www.cninfo.com.cn/new/disclosure/detail?stockCode=300138&announcementId=1224722845&orgId=9900014768&announcementTime=2025-10-21 17:00:11
300138,晨光生物,关于子公司归还银行借款暨为子公司提供担保的进展公告,2025-10-21 17:00:11,http://www.cninfo.com.cn/new/disclosure/detail?stockCode=300138&announcementId=1224722844&orgId=9900014768&announcementTime=2025-10-21 17:00:11
300138,晨光生物,关于取得专利证书及软件著作权登记证书的公告,2025-10-14 17:04:28,http://www.cninfo.com.cn/new/disclosure/detail?stockCode=300138&announcementId=1224710909&orgId=9900014768&announcementTime=2025-10-14 17:04:28
300138,晨光生物,关于子公司归还银行借款暨为子公司提供担保的进展公告,2025-10-14 17:04:28,http://www.cninfo.com.cn/new/disclosure/detail?stockCode=300138&announcementId=1224710908&orgId=9900014768&announcementTime=2025-10-14 17:04:28
300138,晨光生物,2025年前三季度业绩预告,2025-10-14 00:00:00,http://www.cninfo.com.cn/new/disclosure/detail?stockCode=300138&announcementId=1224708202&orgId=9900014768&announcementTime=2025-10-14 00:00:00
300138,晨光生物,关于修订公司章程及设职工代表董事的公告,2025-10-10 19:46:11,http://www.cninfo.com.cn/new/disclosure/detail?stockCode=300138&announcementId=1224706112&orgId=9900014768&announcementTime=2025-10-10 19:46:11
300138,晨光生物,职工代表大会决议公告,2025-10-10 19:46:11,http://www.cninfo.com.cn/new/disclosure/detail?stockCode=300138&announcementId=1224706111&orgId=9900014768&announcementTime=2025-10-10 19:46:11
300138,晨光生物,2025年第二次临时股东会决议公告,2025-10-10 19:46:11,http://www.cninfo.com.cn/new/disclosure/detail?stockCode=300138&announcementId=1224706109&orgId=9900014768&announcementTime=2025-10-10 19:46:11
300138,晨光生物,晨光生物2025年第二次临时股东会之法律意见书,2025-10-10 19:46:08,http://www.cninfo.com.cn/new/disclosure/detail?stockCode=300138&announcementId=1224706110&orgId=9900014768&announcementTime=2025-10-10 19:46:08
300138,晨光生物,关于召开2025年第二次临时股东会的提示性公告,2025-09-30 16:22:10,http://www.cninfo.com.cn/new/disclosure/detail?stockCode=300138&announcementId=1224695063&orgId=9900014768&announcementTime=2025-09-30 16:22:10
300138,晨光生物,关于为子公司银行借款提供担保的进展公告,2025-09-30 16:22:10,http://www.cninfo.com.cn/new/disclosure/detail?stockCode=300138&announcementId=1224695062&orgId=9900014768&announcementTime=2025-09-30 16:22:10
300138,晨光生物,关于高级管理人员减持股份的预披露公告,2025-09-25 19:00:12,http://www.cninfo.com.cn/new/disclosure/detail?stockCode=300138&announcementId=1224682080&orgId=9900014768&announcementTime=2025-09-25 19:00:12
300138,晨光生物,关于为子公司银行借款提供担保的进展公告,2025-09-24 18:22:12,http://www.cninfo.com.cn/new/disclosure/detail?stockCode=300138&announcementId=1224679313&orgId=9900014768&announcementTime=2025-09-24 18:22:12
300138,晨光生物,关于取得商标注册证的公告,2025-09-23 00:00:00,http://www.cninfo.com.cn/new/disclosure/detail?stockCode=300138&announcementId=1224673752&orgId=9900014768&announcementTime=2025-09-23 00:00:00
300138,晨光生物,关于召开2025年第二次临时股东会的通知,2025-09-23 00:00:00,http://www.cninfo.com.cn/new/disclosure/detail?stockCode=300138&announcementId=1224673696&orgId=9900014768&announcementTime=2025-09-23 00:00:00
300138,晨光生物,关于转让控股子公司股权暨被动形成财务资助的进展公告,2025-09-23 00:00:00,http://www.cninfo.com.cn/new/disclosure/detail?stockCode=300138&announcementId=1224673695&orgId=9900014768&announcementTime=2025-09-23 00:00:00
300138,晨光生物,信息披露管理办法（2025年9月修订）,2025-09-23 00:00:00,http://www.cninfo.com.cn/new/disclosure/detail?stockCode=300138&announcementId=1224673694&orgId=9900014768&announcementTime=2025-09-23 00:00:00
300138,晨光生物,薪酬与考核委员会工作细则（2025年9月修订）,2025-09-23 00:00:00,http://www.cninfo.com.cn/new/disclosure/detail?stockCode=300138&announcementId=1224673693&orgId=9900014768&announcementTime=2025-09-23 00:00:00
300138,晨光生物,投资者关系管理制度（2025年9月修订）,2025-09-23 00:00:00,http://www.cninfo.com.cn/new/disclosure/detail?stockCode=300138&announcementId=1224673692&orgId=9900014768&announcementTime=2025-09-23 00:00:00
300138,晨光生物,审计委员会工作细则（2025年9月修订）,2025-09-23 00:00:00,http://www.cninfo.com.cn/new/disclosure/detail?stockCode=300138&announcementId=1224673691&orgId=9900014768&announcementTime=2025-09-23 00:00:00
300138,晨光生物,年报信息披露重大差错责任追究制度（2025年9月修订）,2025-09-23 00:00:00,http://www.cninfo.com.cn/new/disclosure/detail?stockCode=300138&announcementId=1224673690&orgId=9900014768&announcementTime=2025-09-23 00:00:00
300138,晨光生物,内幕信息知情人登记管理制度（2025年9月修订）,2025-09-23 00:00:00,http://www.cninfo.com.cn/new/disclosure/detail?stockCode=300138&announcementId=1224673689&orgId=9900014768&announcementTime=2025-09-23 00:00:00
300138,晨光生物,董事会秘书工作细则（2025年9月修订）,2025-09-23 00:00:00,http://www.cninfo.com.cn/new/disclosure/detail?stockCode=300138&announcementId=1224673688&orgId=9900014768&announcementTime=2025-09-23 00:00:00
300138,晨光生物,董事和高级管理人员所持公司股份及其变动管理制度（2025年9月修订）,2025-09-23 00:00:00,http://www.cninfo.com.cn/new/disclosure/detail?stockCode=300138&announcementId=1224673687&orgId=9900014768&announcementTime=2025-09-23 00:00:00
300138,晨光生物,重大信息内部报告制度（2025年9月修订）,2025-09-23 00:00:00,http://www.cninfo.com.cn/new/disclosure/detail?stockCode=300138&announcementId=1224673686&orgId=9900014768&announcementTime=2025-09-23 00:00:00
300138,晨光生物,重大信息内部保密制度（2025年9月修订）,2025-09-23 00:00:00,http://www.cninfo.com.cn/new/disclosure/detail?stockCode=300138&announcementId=1224673685&orgId=9900014768&announcementTime=2025-09-23 00:00:00
300138,晨光生物,募集资金管理制度（2025年9月修订）,2025-09-23 00:00:00,http://www.cninfo.com.cn/new/disclosure/detail?stockCode=300138&announcementId=1224673684&orgId=9900014768&announcementTime=2025-09-23 00:00:00
300138,晨光生物,关联交易管理制度（2025年9月修订）,2025-09-23 00:00:00,http://www.cninfo.com.cn/new/disclosure/detail?stockCode=300138&announcementId=1224673683&orgId=9900014768&announcementTime=2025-09-23 00:00:00
300138,晨光生物,对外投资管理制度（2025年9月修订）,2025-09-23 00:00:00,http://www.cninfo.com.cn/new/disclosure/detail?stockCode=300138&announcementId=1224673682&orgId=9900014768&announcementTime=2025-09-23 00:00:00
300138,晨光生物,对外担保管理制度（2025年9月修订）,2025-09-23 00:00:00,http://www.cninfo.com.cn/new/disclosure/detail?stockCode=300138&announcementId=1224673681&orgId=9900014768&announcementTime=2025-09-23 00:00:00
300138,晨光生物,独立董事工作制度（2025年9月修订）,2025-09-23 00:00:00,http://www.cninfo.com.cn/new/disclosure/detail?stockCode=300138&announcementId=1224673680&orgId=9900014768&announcementTime=2025-09-23 00:00:00
300138,晨光生物,董事会议事规则,2025-09-23 00:00:00,http://www.cninfo.com.cn/new/disclosure/detail?stockCode=300138&announcementId=1224673679&orgId=9900014768&announcementTime=2025-09-23 00:00:00
300138,晨光生物,股东会议事规则,2025-09-23 00:00:00,http://www.cninfo.com.cn/new/disclosure/detail?stockCode=300138&announcementId=1224673678&orgId=9900014768&announcementTime=2025-09-23 00:00:00
300138,晨光生物,晨光生物科技集团股份有限公司章程（待提交股东会审议）,2025-09-23 00:00:00,http://www.cninfo.com.cn/new/disclosure/detail?stockCode=300138&announcementId=1224673677&orgId=9900014768&announcementTime=2025-09-23 00:00:00
300138,晨光生物,第五届监事会第十八次会议决议公告,2025-09-23 00:00:00,http://www.cninfo.com.cn/new/disclosure/detail?stockCode=300138&announcementId=1224673676&orgId=9900014768&announcementTime=2025-09-23 00:00:00
300138,晨光生物,第五届董事会第十九次会议决议公告,2025-09-23 00:00:00,http://www.cninfo.com.cn/new/disclosure/detail?stockCode=300138&announcementId=1224673675&orgId=9900014768&announcementTime=2025-09-23 00:00:00
300138,晨光生物,关于股东部分股份质押的公告,2025-09-19 17:48:08,http://www.cninfo.com.cn/new/disclosure/detail?stockCode=300138&announcementId=1224671408&orgId=9900014768&announcementTime=2025-09-19 17:48:08
300138,晨光生物,关于为子公司银行借款提供担保的进展公告,2025-09-16 17:36:10,http://www.cninfo.com.cn/new/disclosure/detail?stockCode=300138&announcementId=1224663697&orgId=9900014768&announcementTime=2025-09-16 17:36:10
300138,晨光生物,关于股东部分股份解除质押的公告,2025-09-12 16:30:21,http://www.cninfo.com.cn/new/disclosure/detail?stockCode=300138&announcementId=1224655197&orgId=9900014768&announcementTime=2025-09-12 16:30:21
300138,晨光生物,关于子公司归还银行借款暨为子公司提供担保的进展公告,2025-09-11 16:22:30,http://www.cninfo.com.cn/new/disclosure/detail?stockCode=300138&announcementId=1224651901&orgId=9900014768&announcementTime=2025-09-11 16:22:30
300138,晨光生物,关于参加2025年河北辖区上市公司投资者网上集体接待日暨2025年半年报集体业绩说明会的公告,2025-09-10 16:08:09,http://www.cninfo.com.cn/new/disclosure/detail?stockCode=300138&announcementId=1224649095&orgId=9900014768&announcementTime=2025-09-10 16:08:09
300138,晨光生物,关于签署募集资金三方监管协议的公告,2025-09-08 17:16:10,http://www.cninfo.com.cn/new/disclosure/detail?stockCode=300138&announcementId=1224644094&orgId=9900014768&announcementTime=2025-09-08 17:16:10
300138,晨光生物,关于子公司归还银行借款暨为子公司提供担保的进展公告,2025-09-08 17:16:08,http://www.cninfo.com.cn/new/disclosure/detail?stockCode=300138&announcementId=1224644095&orgId=9900014768&announcementTime=2025-09-08 17:16:08
300138,晨光生物,关于公司及子公司取得专利证书的公告,2025-09-01 19:57:29,http://www.cninfo.com.cn/new/disclosure/detail?stockCode=300138&announcementId=1224632016&orgId=9900014768&announcementTime=2025-09-01 19:57:29
300138,晨光生物,关于子公司归还银行借款暨为子公司提供担保的进展公告,2025-09-01 19:57:14,http://www.cninfo.com.cn/new/disclosure/detail?stockCode=300138&announcementId=1224632017&orgId=9900014768&announcementTime=2025-09-01 19:57:14
300138,晨光生物,关于子公司完成变更登记的公告,2025-09-01 19:56:17,http://www.cninfo.com.cn/new/disclosure/detail?stockCode=300138&announcementId=1224632015&orgId=9900014768&announcementTime=2025-09-01 19:56:17
300138,晨光生物,关于为子公司银行借款提供担保的进展公告,2025-08-27 18:56:30,http://www.cninfo.com.cn/new/disclosure/detail?stockCode=300138&announcementId=1224595934&orgId=9900014768&announcementTime=2025-08-27 18:56:30
300138,晨光生物,关于开立募集资金现金管理产品专用结算账户的公告,2025-08-27 18:56:30,http://www.cninfo.com.cn/new/disclosure/detail?stockCode=300138&announcementId=1224595933&orgId=9900014768&announcementTime=2025-08-27 18:56:30
300138,晨光生物,2025年半年度报告摘要,2025-08-26 00:00:00,http://www.cninfo.com.cn/new/disclosure/detail?stockCode=300138&announcementId=1224566499&orgId=9900014768&announcementTime=2025-08-26 00:00:00
300138,晨光生物,中原证券关于公司部分募投项目结项并将节余募集资金补充流动资金的核查意见,2025-08-26 00:00:00,http://www.cninfo.com.cn/new/disclosure/detail?stockCode=300138&announcementId=1224566498&orgId=9900014768&announcementTime=2025-08-26 00:00:00
300138,晨光生物,中原证券关于公司使用部分闲置募集资金进行现金管理的核查意见,2025-08-26 00:00:00,http://www.cninfo.com.cn/new/disclosure/detail?stockCode=300138&announcementId=1224566497&orgId=9900014768&announcementTime=2025-08-26 00:00:00
300138,晨光生物,信息披露暂缓与豁免管理制度（2025年8月）,2025-08-26 00:00:00,http://www.cninfo.com.cn/new/disclosure/detail?stockCode=300138&announcementId=1224566496&orgId=9900014768&announcementTime=2025-08-26 00:00:00
300138,晨光生物,关于开展套期保值业务的可行性分析报告,2025-08-26 00:00:00,http://www.cninfo.com.cn/new/disclosure/detail?stockCode=300138&announcementId=1224566495&orgId=9900014768&announcementTime=2025-08-26 00:00:00
300138,晨光生物,关于开展套期保值业务的公告,2025-08-26 00:00:00,http://www.cninfo.com.cn/new/disclosure/detail?stockCode=300138&announcementId=1224566494&orgId=9900014768&announcementTime=2025-08-26 00:00:00
300138,晨光生物,关于部分募投项目结项并将节余募集资金补充流动资金的公告,2025-08-26 00:00:00,http://www.cninfo.com.cn/new/disclosure/detail?stockCode=300138&announcementId=1224566493&orgId=9900014768&announcementTime=2025-08-26 00:00:00
300138,晨光生物,关于使用部分暂时闲置募集资金进行现金管理的公告,2025-08-26 00:00:00,http://www.cninfo.com.cn/new/disclosure/detail?stockCode=300138&announcementId=1224566492&orgId=9900014768&announcementTime=2025-08-26 00:00:00
300138,晨光生物,关于总经理辞任及新聘总经理的公告,2025-08-26 00:00:00,http://www.cninfo.com.cn/new/disclosure/detail?stockCode=300138&announcementId=1224566491&orgId=9900014768&announcementTime=2025-08-26 00:00:00
300138,晨光生物,关于募集资金2025年半年度存放、管理与使用情况的专项报告,2025-08-26 00:00:00,http://www.cninfo.com.cn/new/disclosure/detail?stockCode=300138&announcementId=1224566490&orgId=9900014768&announcementTime=2025-08-26 00:00:00
300138,晨光生物,控股股东及其他关联方非经营性资金占用及清偿情况表(2025年上半年度）,2025-08-26 00:00:00,http://www.cninfo.com.cn/new/disclosure/detail?stockCode=300138&announcementId=1224566489&orgId=9900014768&announcementTime=2025-08-26 00:00:00
300138,晨光生物,非经营性资金占用及其他关联资金往来情况汇总表（2025年半年报）,2025-08-26 00:00:00,http://www.cninfo.com.cn/new/disclosure/detail?stockCode=300138&announcementId=1224566488&orgId=9900014768&announcementTime=2025-08-26 00:00:00
300138,晨光生物,2025年半年度报告,2025-08-26 00:00:00,http://www.cninfo.com.cn/new/disclosure/detail?stockCode=300138&announcementId=1224566487&orgId=9900014768&announcementTime=2025-08-26 00:00:00
300138,晨光生物,监事会决议公告,2025-08-26 00:00:00,http://www.cninfo.com.cn/new/disclosure/detail?stockCode=300138&announcementId=1224566486&orgId=9900014768&announcementTime=2025-08-26 00:00:00
300138,晨光生物,董事会决议公告,2025-08-26 00:00:00,http://www.cninfo.com.cn/new/disclosure/detail?stockCode=300138&announcementId=1224566485&orgId=9900014768&announcementTime=2025-08-26 00:00:00
300138,晨光生物,关于持股5%以上股东部分股份质押及解除质押的公告,2025-08-25 16:16:11,http://www.cninfo.com.cn/new/disclosure/detail?stockCode=300138&announcementId=1224563475&orgId=9900014768&announcementTime=2025-08-25 16:16:11
300138,晨光生物,关于子公司归还银行借款暨为子公司提供担保的进展公告,2025-08-22 18:02:11,http://www.cninfo.com.cn/new/disclosure/detail?stockCode=300138&announcementId=1224557728&orgId=9900014768&announcementTime=2025-08-22 18:02:11
300138,晨光生物,关于拟转让控股子公司股权暨被动形成财务资助的公告,2025-08-20 17:42:08,http://www.cninfo.com.cn/new/disclosure/detail?stockCode=300138&announcementId=1224524914&orgId=9900014768&announcementTime=2025-08-20 17:42:08
300138,晨光生物,关于子公司归还银行借款暨为子公司提供担保的进展公告,2025-08-11 16:32:42,http://www.cninfo.com.cn/new/disclosure/detail?stockCode=300138&announcementId=1224443886&orgId=9900014768&announcementTime=2025-08-11 16:32:42
300138,晨光生物,关于取得专利证书及软件著作权登记证书的公告,2025-07-30 18:12:11,http://www.cninfo.com.cn/new/disclosure/detail?stockCode=300138&announcementId=1224342000&orgId=9900014768&announcementTime=2025-07-30 18:12:11
300138,晨光生物,关于子公司归还银行借款暨为子公司提供担保的进展公告,2025-07-30 18:12:10,http://www.cninfo.com.cn/new/disclosure/detail?stockCode=300138&announcementId=1224342001&orgId=9900014768&announcementTime=2025-07-30 18:12:10
300138,晨光生物,关于使用部分闲置募集资金进行现金管理到期赎回的公告,2025-07-23 17:52:28,http://www.cninfo.com.cn/new/disclosure/detail?stockCode=300138&announcementId=1224268963&orgId=9900014768&announcementTime=2025-07-23 17:52:28
300138,晨光生物,关于子公司归还银行借款暨为子公司提供担保的进展公告,2025-07-14 17:20:29,http://www.cninfo.com.cn/new/disclosure/detail?stockCode=300138&announcementId=1224162791&orgId=9900014768&announcementTime=2025-07-14 17:20:29
300138,晨光生物,2025年半年度业绩预告,2025-07-10 00:00:00,http://www.cninfo.com.cn/new/disclosure/detail?stockCode=300138&announcementId=1224118943&orgId=9900014768&announcementTime=2025-07-10 00:00:00
300138,晨光生物,关于为子公司银行借款提供担保的进展公告,2025-07-08 18:56:27,http://www.cninfo.com.cn/new/disclosure/detail?stockCode=300138&announcementId=1224104216&orgId=9900014768&announcementTime=2025-07-08 18:56:27
300138,晨光生物,关于子公司归还银行借款暨为子公司提供担保的进展公告,2025-07-04 18:16:09,http://www.cninfo.com.cn/new/disclosure/detail?stockCode=300138&announcementId=1224084367&orgId=9900014768&announcementTime=2025-07-04 18:16:09
300138,晨光生物,关于取得商标注册证和作品登记证书的公告,2025-07-04 18:16:09,http://www.cninfo.com.cn/new/disclosure/detail?stockCode=300138&announcementId=1224084366&orgId=9900014768&announcementTime=2025-07-04 18:16:09
300138,晨光生物,中原证券关于公司部分募集资金投资项目延期的核查意见,2025-06-19 18:50:27,http://www.cninfo.com.cn/new/disclosure/detail?stockCode=300138&announcementId=1223933878&orgId=9900014768&announcementTime=2025-06-19 18:50:27
300138,晨光生物,第五届董事会第十七次会议决议公告,2025-06-19 18:50:27,http://www.cninfo.com.cn/new/disclosure/detail?stockCode=300138&announcementId=1223933877&orgId=9900014768&announcementTime=2025-06-19 18:50:27
300138,晨光生物,关于部分募集资金投资项目延期的公告,2025-06-19 18:50:27,http://www.cninfo.com.cn/new/disclosure/detail?stockCode=300138&announcementId=1223933876&orgId=9900014768&announcementTime=2025-06-19 18:50:27
300138,晨光生物,第五届监事会第十六次会议决议公告,2025-06-19 18:50:12,http://www.cninfo.com.cn/new/disclosure/detail?stockCode=300138&announcementId=1223933875&orgId=9900014768&announcementTime=2025-06-19 18:50:12
300138,晨光生物,关于取得商标注册证和专利证书的公告,2025-06-04 19:06:13,http://www.cninfo.com.cn/new/disclosure/detail?stockCode=300138&announcementId=1223764663&orgId=9900014768&announcementTime=2025-06-04 19:06:13
300138,晨光生物,关于子公司归还银行借款暨为子公司提供担保的进展公告,2025-06-04 19:06:13,http://www.cninfo.com.cn/new/disclosure/detail?stockCode=300138&announcementId=1223764662&orgId=9900014768&announcementTime=2025-06-04 19:06:13
300138,晨光生物,关于使用部分闲置募集资金进行现金管理的进展公告,2025-06-04 19:06:13,http://www.cninfo.com.cn/new/disclosure/detail?stockCode=300138&announcementId=1223764660&orgId=9900014768&announcementTime=2025-06-04 19:06:13
300138,晨光生物,关于子公司新疆晨光完成变更登记的公告,2025-06-04 19:06:13,http://www.cninfo.com.cn/new/disclosure/detail?stockCode=300138&announcementId=1223764658&orgId=9900014768&announcementTime=2025-06-04 19:06:13
300138,晨光生物,晨光生物科技集团股份有限公司章程（2025年5月）,2025-05-26 00:00:00,http://www.cninfo.com.cn/new/disclosure/detail?stockCode=300138&announcementId=1223675697&orgId=9900014768&announcementTime=2025-05-26 00:00:00
300138,晨光生物,关于公司完成变更登记的公告,2025-05-26 00:00:00,http://www.cninfo.com.cn/new/disclosure/detail?stockCode=300138&announcementId=1223675696&orgId=9900014768&announcementTime=2025-05-26 00:00:00
300138,晨光生物,关于变更部分募集资金用途的进展公告,2025-05-20 17:42:10,http://www.cninfo.com.cn/new/disclosure/detail?stockCode=300138&announcementId=1223606984&orgId=9900014768&announcementTime=2025-05-20 17:42:10
300138,晨光生物,关于使用部分闲置募集资金进行现金管理的进展公告,2025-05-20 17:42:10,http://www.cninfo.com.cn/new/disclosure/detail?stockCode=300138&announcementId=1223606983&orgId=9900014768&announcementTime=2025-05-20 17:42:10
300138,晨光生物,关于取得商标注册证的公告,2025-05-16 18:12:33,http://www.cninfo.com.cn/new/disclosure/detail?stockCode=300138&announcementId=1223569429&orgId=9900014768&announcementTime=2025-05-16 18:12:33
300138,晨光生物,关于为子公司银行借款提供担保的进展公告,2025-05-15 18:30:10,http://www.cninfo.com.cn/new/disclosure/detail?stockCode=300138&announcementId=1223556485&orgId=9900014768&announcementTime=2025-05-15 18:30:10
300138,晨光生物,关于子公司归还银行借款暨为子公司提供担保的进展公告,2025-05-13 16:52:14,http://www.cninfo.com.cn/new/disclosure/detail?stockCode=300138&announcementId=1223534990&orgId=9900014768&announcementTime=2025-05-13 16:52:14
300138,晨光生物,关于签署募集资金三方监管协议的公告,2025-05-12 16:18:12,http://www.cninfo.com.cn/new/disclosure/detail?stockCode=300138&announcementId=1223525742&orgId=9900014768&announcementTime=2025-05-12 16:18:12
300138,晨光生物,关于子公司归还银行借款暨为子公司提供担保的进展公告,2025-05-09 16:30:13,http://www.cninfo.com.cn/new/disclosure/detail?stockCode=300138&announcementId=1223510140&orgId=9900014768&announcementTime=2025-05-09 16:30:13
300138,晨光生物,2024年年度权益分派实施公告,2025-05-09 00:00:00,http://www.cninfo.com.cn/new/disclosure/detail?stockCode=300138&announcementId=1223496230&orgId=9900014768&announcementTime=2025-05-09 00:00:00
300138,晨光生物,2024年年度股东大会之法律意见书,2025-05-06 19:06:28,http://www.cninfo.com.cn/new/disclosure/detail?stockCode=300138&announcementId=1223477987&orgId=9900014768&announcementTime=2025-05-06 19:06:28
300138,晨光生物,2024年年度股东大会决议公告,2025-05-06 19:06:28,http://www.cninfo.com.cn/new/disclosure/detail?stockCode=300138&announcementId=1223477981&orgId=9900014768&announcementTime=2025-05-06 19:06:28
300138,晨光生物,关于公司及子公司取得专利证书的公告,2025-05-06 00:00:00,http://www.cninfo.com.cn/new/disclosure/detail?stockCode=300138&announcementId=1223470995&orgId=9900014768&announcementTime=2025-05-06 00:00:00
300138,晨光生物,关于独立董事辞职的公告,2025-04-29 17:56:13,http://www.cninfo.com.cn/new/disclosure/detail?stockCode=300138&announcementId=1223409093&orgId=9900014768&announcementTime=2025-04-29 17:56:13
300138,晨光生物,关于召开2024年年度股东大会的提示性公告,2025-04-28 17:46:08,http://www.cninfo.com.cn/new/disclosure/detail?stockCode=300138&announcementId=1223362869&orgId=9900014768&announcementTime=2025-04-28 17:46:08
300138,晨光生物,第五届监事会第十五次会议决议公告,2025-04-26 00:00:00,http://www.cninfo.com.cn/new/disclosure/detail?stockCode=300138&announcementId=1223301727&orgId=9900014768&announcementTime=2025-04-26 00:00:00
300138,晨光生物,投资者关系管理制度（2025年4月修订）,2025-04-26 00:00:00,http://www.cninfo.com.cn/new/disclosure/detail?stockCode=300138&announcementId=1223301726&orgId=9900014768&announcementTime=2025-04-26 00:00:00
300138,晨光生物,信息披露管理办法（2025年4月修订）,2025-04-26 00:00:00,http://www.cninfo.com.cn/new/disclosure/detail?stockCode=300138&announcementId=1223301725&orgId=9900014768&announcementTime=2025-04-26 00:00:00
300138,晨光生物,第五届董事会第十六次会议决议公告,2025-04-26 00:00:00,http://www.cninfo.com.cn/new/disclosure/detail?stockCode=300138&announcementId=1223301724&orgId=9900014768&announcementTime=2025-04-26 00:00:00
300138,晨光生物,薪酬与考核委员会工作细则（2025年4月修订）,2025-04-26 00:00:00,http://www.cninfo.com.cn/new/disclosure/detail?stockCode=300138&announcementId=1223301723&orgId=9900014768&announcementTime=2025-04-26 00:00:00
300138,晨光生物,内幕信息知情人登记管理制度（2025年4月修订）,2025-04-26 00:00:00,http://www.cninfo.com.cn/new/disclosure/detail?stockCode=300138&announcementId=1223301722&orgId=9900014768&announcementTime=2025-04-26 00:00:00
300138,晨光生物,2025年一季度报告,2025-04-26 00:00:00,http://www.cninfo.com.cn/new/disclosure/detail?stockCode=300138&announcementId=1223301721&orgId=9900014768&announcementTime=2025-04-26 00:00:00
300138,晨光生物,年报信息披露重大差错责任追究制度（2025年4月修订）,2025-04-26 00:00:00,http://www.cninfo.com.cn/new/disclosure/detail?stockCode=300138&announcementId=1223301720&orgId=9900014768&announcementTime=2025-04-26 00:00:00
300138,晨光生物,董事、监事和高级管理人员所持公司股份及其变动管理制度（2025年4月修订）,2025-04-26 00:00:00,http://www.cninfo.com.cn/new/disclosure/detail?stockCode=300138&announcementId=1223301719&orgId=9900014768&announcementTime=2025-04-26 00:00:00
300138,晨光生物,董事会秘书工作细则（2025年4月修订）,2025-04-26 00:00:00,http://www.cninfo.com.cn/new/disclosure/detail?stockCode=300138&announcementId=1223301717&orgId=9900014768&announcementTime=2025-04-26 00:00:00
300138,晨光生物,关于注销子公司的公告,2025-04-26 00:00:00,http://www.cninfo.com.cn/new/disclosure/detail?stockCode=300138&announcementId=1223301716&orgId=9900014768&announcementTime=2025-04-26 00:00:00
300138,晨光生物,董事会审计委员会年报工作制度（2025年4月修订）,2025-04-26 00:00:00,http://www.cninfo.com.cn/new/disclosure/detail?stockCode=300138&announcementId=1223301715&orgId=9900014768&announcementTime=2025-04-26 00:00:00
300138,晨光生物,审计委员会工作细则（2025年4月修订）,2025-04-26 00:00:00,http://www.cninfo.com.cn/new/disclosure/detail?stockCode=300138&announcementId=1223301714&orgId=9900014768&announcementTime=2025-04-26 00:00:00
300138,晨光生物,关于子公司完成变更登记的公告,2025-04-22 17:40:11,http://www.cninfo.com.cn/new/disclosure/detail?stockCode=300138&announcementId=1223211623&orgId=9900014768&announcementTime=2025-04-22 17:40:11
300138,晨光生物,关于取得商标注册证的公告,2025-04-17 17:10:12,http://www.cninfo.com.cn/new/disclosure/detail?stockCode=300138&announcementId=1223121776&orgId=9900014768&announcementTime=2025-04-17 17:10:12
300138,晨光生物,关于子公司完成变更登记的公告,2025-04-17 17:10:08,http://www.cninfo.com.cn/new/disclosure/detail?stockCode=300138&announcementId=1223121775&orgId=9900014768&announcementTime=2025-04-17 17:10:08
300138,晨光生物,关于子公司完成变更登记的公告,2025-04-16 18:06:09,http://www.cninfo.com.cn/new/disclosure/detail?stockCode=300138&announcementId=1223108657&orgId=9900014768&announcementTime=2025-04-16 18:06:09
300138,晨光生物,关于为子公司银行借款提供担保的进展公告,2025-04-14 17:41:45,http://www.cninfo.com.cn/new/disclosure/detail?stockCode=300138&announcementId=1223092957&orgId=9900014768&announcementTime=2025-04-14 17:41:45
300138,晨光生物,股票交易异常波动公告,2025-04-08 18:10:12,http://www.cninfo.com.cn/new/disclosure/detail?stockCode=300138&announcementId=1223031000&orgId=9900014768&announcementTime=2025-04-08 18:10:12
300138,晨光生物,2025年第一季度业绩预告,2025-04-08 00:00:00,http://www.cninfo.com.cn/new/disclosure/detail?stockCode=300138&announcementId=1223021937&orgId=9900014768&announcementTime=2025-04-08 00:00:00
300138,晨光生物,关于2024年度利润分配预案的公告,2025-04-08 00:00:00,http://www.cninfo.com.cn/new/disclosure/detail?stockCode=300138&announcementId=1223021078&orgId=9900014768&announcementTime=2025-04-08 00:00:00
300138,晨光生物,第五届董事会审计委员会第八次会议暨2025年第一次独立董事专门会议决议公告,2025-04-08 00:00:00,http://www.cninfo.com.cn/new/disclosure/detail?stockCode=300138&announcementId=1223021077&orgId=9900014768&announcementTime=2025-04-08 00:00:00
300138,晨光生物,监事会决议公告,2025-04-08 00:00:00,http://www.cninfo.com.cn/new/disclosure/detail?stockCode=300138&announcementId=1223021076&orgId=9900014768&announcementTime=2025-04-08 00:00:00
300138,晨光生物,公司章程（待提交股东大会审议）,2025-04-08 00:00:00,http://www.cninfo.com.cn/new/disclosure/detail?stockCode=300138&announcementId=1223021075&orgId=9900014768&announcementTime=2025-04-08 00:00:00
300138,晨光生物,2024年年度审计报告,2025-04-08 00:00:00,http://www.cninfo.com.cn/new/disclosure/detail?stockCode=300138&announcementId=1223021074&orgId=9900014768&announcementTime=2025-04-08 00:00:00
300138,晨光生物,监事会2024年度工作报告,2025-04-08 00:00:00,http://www.cninfo.com.cn/new/disclosure/detail?stockCode=300138&announcementId=1223021073&orgId=9900014768&announcementTime=2025-04-08 00:00:00
300138,晨光生物,中原证券关于公司变更部分募集资金用途的核查意见,2025-04-08 00:00:00,http://www.cninfo.com.cn/new/disclosure/detail?stockCode=300138&announcementId=1223021072&orgId=9900014768&announcementTime=2025-04-08 00:00:00
300138,晨光生物,独立董事2024年度述职报告（戴小枫）,2025-04-08 00:00:00,http://www.cninfo.com.cn/new/disclosure/detail?stockCode=300138&announcementId=1223021071&orgId=9900014768&announcementTime=2025-04-08 00:00:00
300138,晨光生物,关于计提资产减值准备的公告,2025-04-08 00:00:00,http://www.cninfo.com.cn/new/disclosure/detail?stockCode=300138&announcementId=1223021070&orgId=9900014768&announcementTime=2025-04-08 00:00:00
300138,晨光生物,关于公司与子公司或子公司之间融资担保的公告,2025-04-08 00:00:00,http://www.cninfo.com.cn/new/disclosure/detail?stockCode=300138&announcementId=1223021068&orgId=9900014768&announcementTime=2025-04-08 00:00:00
300138,晨光生物,关于召开2024年年度股东大会的通知,2025-04-08 00:00:00,http://www.cninfo.com.cn/new/disclosure/detail?stockCode=300138&announcementId=1223021067&orgId=9900014768&announcementTime=2025-04-08 00:00:00
300138,晨光生物,独立董事2024年度述职报告（厉梁秋）,2025-04-08 00:00:00,http://www.cninfo.com.cn/new/disclosure/detail?stockCode=300138&announcementId=1223021066&orgId=9900014768&announcementTime=2025-04-08 00:00:00
300138,晨光生物,董事会对独董独立性评估的专项意见,2025-04-08 00:00:00,http://www.cninfo.com.cn/new/disclosure/detail?stockCode=300138&announcementId=1223021065&orgId=9900014768&announcementTime=2025-04-08 00:00:00
300138,晨光生物,关于2025年度日常关联交易预计的公告,2025-04-08 00:00:00,http://www.cninfo.com.cn/new/disclosure/detail?stockCode=300138&announcementId=1223021064&orgId=9900014768&announcementTime=2025-04-08 00:00:00
300138,晨光生物,2024年度内部控制审计报告,2025-04-08 00:00:00,http://www.cninfo.com.cn/new/disclosure/detail?stockCode=300138&announcementId=1223021063&orgId=9900014768&announcementTime=2025-04-08 00:00:00
300138,晨光生物,关于募集资金2024年度存放与使用情况的专项报告,2025-04-08 00:00:00,http://www.cninfo.com.cn/new/disclosure/detail?stockCode=300138&announcementId=1223021062&orgId=9900014768&announcementTime=2025-04-08 00:00:00
300138,晨光生物,会计师事务所关于公司非经营性资金占用及其他关联资金往来情况汇总表的专项审核报告,2025-04-08 00:00:00,http://www.cninfo.com.cn/new/disclosure/detail?stockCode=300138&announcementId=1223021061&orgId=9900014768&announcementTime=2025-04-08 00:00:00
300138,晨光生物,《股东会议事规则》,2025-04-08 00:00:00,http://www.cninfo.com.cn/new/disclosure/detail?stockCode=300138&announcementId=1223021060&orgId=9900014768&announcementTime=2025-04-08 00:00:00
300138,晨光生物,会计师关于公司募集资金2024年度存放与使用情况的鉴证报告,2025-04-08 00:00:00,http://www.cninfo.com.cn/new/disclosure/detail?stockCode=300138&announcementId=1223021059&orgId=9900014768&announcementTime=2025-04-08 00:00:00
300138,晨光生物,2024年度审计委员会履行监督职责情况报告,2025-04-08 00:00:00,http://www.cninfo.com.cn/new/disclosure/detail?stockCode=300138&announcementId=1223021058&orgId=9900014768&announcementTime=2025-04-08 00:00:00
300138,晨光生物,关于拟续聘会计师事务所的公告,2025-04-08 00:00:00,http://www.cninfo.com.cn/new/disclosure/detail?stockCode=300138&announcementId=1223021057&orgId=9900014768&announcementTime=2025-04-08 00:00:00
300138,晨光生物,关于开展外汇远期锁汇业务的可行性分析报告,2025-04-08 00:00:00,http://www.cninfo.com.cn/new/disclosure/detail?stockCode=300138&announcementId=1223021056&orgId=9900014768&announcementTime=2025-04-08 00:00:00
300138,晨光生物,关于开展外汇远期锁汇业务的公告,2025-04-08 00:00:00,http://www.cninfo.com.cn/new/disclosure/detail?stockCode=300138&announcementId=1223021055&orgId=9900014768&announcementTime=2025-04-08 00:00:00
300138,晨光生物,《董事会议事规则》,2025-04-08 00:00:00,http://www.cninfo.com.cn/new/disclosure/detail?stockCode=300138&announcementId=1223021054&orgId=9900014768&announcementTime=2025-04-08 00:00:00
300138,晨光生物,独立董事2024年度述职报告（牛翃）,2025-04-08 00:00:00,http://www.cninfo.com.cn/new/disclosure/detail?stockCode=300138&announcementId=1223021053&orgId=9900014768&announcementTime=2025-04-08 00:00:00
300138,晨光生物,董事会对会计师事务所2024年度履职情况评估报告,2025-04-08 00:00:00,http://www.cninfo.com.cn/new/disclosure/detail?stockCode=300138&announcementId=1223021052&orgId=9900014768&announcementTime=2025-04-08 00:00:00
300138,晨光生物,2024年度总经理工作报告,2025-04-08 00:00:00,http://www.cninfo.com.cn/new/disclosure/detail?stockCode=300138&announcementId=1223021051&orgId=9900014768&announcementTime=2025-04-08 00:00:00
300138,晨光生物,关于向参股公司提供财务资助的公告,2025-04-08 00:00:00,http://www.cninfo.com.cn/new/disclosure/detail?stockCode=300138&announcementId=1223021050&orgId=9900014768&announcementTime=2025-04-08 00:00:00
300138,晨光生物,中原证券关于公司2024年度募集资金存放与使用情况的专项核查意见,2025-04-08 00:00:00,http://www.cninfo.com.cn/new/disclosure/detail?stockCode=300138&announcementId=1223021049&orgId=9900014768&announcementTime=2025-04-08 00:00:00
300138,晨光生物,2024年年度报告摘要,2025-04-08 00:00:00,http://www.cninfo.com.cn/new/disclosure/detail?stockCode=300138&announcementId=1223021048&orgId=9900014768&announcementTime=2025-04-08 00:00:00
300138,晨光生物,控股股东及其他关联方非经营性资金占用及清偿情况表（2024年度）,2025-04-08 00:00:00,http://www.cninfo.com.cn/new/disclosure/detail?stockCode=300138&announcementId=1223021047&orgId=9900014768&announcementTime=2025-04-08 00:00:00
300138,晨光生物,关于为参股公司银行借款提供担保的公告,2025-04-08 00:00:00,http://www.cninfo.com.cn/new/disclosure/detail?stockCode=300138&announcementId=1223021046&orgId=9900014768&announcementTime=2025-04-08 00:00:00
300138,晨光生物,关于与参股公司日常关联交易预计的公告,2025-04-08 00:00:00,http://www.cninfo.com.cn/new/disclosure/detail?stockCode=300138&announcementId=1223021045&orgId=9900014768&announcementTime=2025-04-08 00:00:00
300138,晨光生物,2024年度内部控制自我评价报告,2025-04-08 00:00:00,http://www.cninfo.com.cn/new/disclosure/detail?stockCode=300138&announcementId=1223021044&orgId=9900014768&announcementTime=2025-04-08 00:00:00
300138,晨光生物,关于使用闲置自有资金进行委托理财的公告,2025-04-08 00:00:00,http://www.cninfo.com.cn/new/disclosure/detail?stockCode=300138&announcementId=1223021043&orgId=9900014768&announcementTime=2025-04-08 00:00:00
300138,晨光生物,关于变更部分募集资金用途的公告,2025-04-08 00:00:00,http://www.cninfo.com.cn/new/disclosure/detail?stockCode=300138&announcementId=1223021042&orgId=9900014768&announcementTime=2025-04-08 00:00:00
300138,晨光生物,2024年年度报告,2025-04-08 00:00:00,http://www.cninfo.com.cn/new/disclosure/detail?stockCode=300138&announcementId=1223021041&orgId=9900014768&announcementTime=2025-04-08 00:00:00
300138,晨光生物,董事会决议公告,2025-04-08 00:00:00,http://www.cninfo.com.cn/new/disclosure/detail?stockCode=300138&announcementId=1223021040&orgId=9900014768&announcementTime=2025-04-08 00:00:00
300138,晨光生物,关于2024年度套期保值业务交易情况的专项报告,2025-04-08 00:00:00,http://www.cninfo.com.cn/new/disclosure/detail?stockCode=300138&announcementId=1223021039&orgId=9900014768&announcementTime=2025-04-08 00:00:00
300138,晨光生物,关于举行2024年度网上业绩说明会的公告,2025-04-08 00:00:00,http://www.cninfo.com.cn/new/disclosure/detail?stockCode=300138&announcementId=1223021038&orgId=9900014768&announcementTime=2025-04-08 00:00:00
300138,晨光生物,关于取得商标注册证和专利证书的公告,2025-04-03 18:06:08,http://www.cninfo.com.cn/new/disclosure/detail?stockCode=300138&announcementId=1223004983&orgId=9900014768&announcementTime=2025-04-03 18:06:08
300138,晨光生物,关于公司取得商标注册证的公告,2025-03-19 17:12:13,http://www.cninfo.com.cn/new/disclosure/detail?stockCode=300138&announcementId=1222844598&orgId=9900014768&announcementTime=2025-03-19 17:12:13
300138,晨光生物,关于为子公司银行借款提供担保的进展公告,2025-03-19 17:12:12,http://www.cninfo.com.cn/new/disclosure/detail?stockCode=300138&announcementId=1222844597&orgId=9900014768&announcementTime=2025-03-19 17:12:12
300138,晨光生物,关于公司取得商标注册证和专利证书的公告,2025-02-26 18:22:14,http://www.cninfo.com.cn/new/disclosure/detail?stockCode=300138&announcementId=1222650680&orgId=9900014768&announcementTime=2025-02-26 18:22:14
300138,晨光生物,关于为子公司银行借款提供担保的进展公告,2025-01-22 16:58:23,http://www.cninfo.com.cn/new/disclosure/detail?stockCode=300138&announcementId=1222403942&orgId=9900014768&announcementTime=2025-01-22 16:58:23
300138,晨光生物,关于签署募集资金三方监管协议的公告,2025-01-21 18:02:13,http://www.cninfo.com.cn/new/disclosure/detail?stockCode=300138&announcementId=1222388896&orgId=9900014768&announcementTime=2025-01-21 18:02:13
300138,晨光生物,2024年度业绩预告,2025-01-21 16:16:14,http://www.cninfo.com.cn/new/disclosure/detail?stockCode=300138&announcementId=1222387348&orgId=9900014768&announcementTime=2025-01-21 16:16:14
300138,晨光生物,关于公司及子公司取得商标注册证的公告,2025-01-17 17:42:13,http://www.cninfo.com.cn/new/disclosure/detail?stockCode=300138&announcementId=1222364644&orgId=9900014768&announcementTime=2025-01-17 17:42:13
300138,晨光生物,关于为子公司银行借款提供担保的进展公告,2025-01-17 17:42:13,http://www.cninfo.com.cn/new/disclosure/detail?stockCode=300138&announcementId=1222364642&orgId=9900014768&announcementTime=2025-01-17 17:42:13
300138,晨光生物,2025年第一次临时股东大会决议公告,2025-01-16 18:24:16,http://www.cninfo.com.cn/new/disclosure/detail?stockCode=300138&announcementId=1222355058&orgId=9900014768&announcementTime=2025-01-16 18:24:16
300138,晨光生物,2025年第一次临时股东大会法律意见书,2025-01-16 18:24:15,http://www.cninfo.com.cn/new/disclosure/detail?stockCode=300138&announcementId=1222355057&orgId=9900014768&announcementTime=2025-01-16 18:24:15
300138,晨光生物,关于召开2025年第一次临时股东大会的提示性公告,2025-01-13 17:46:11,http://www.cninfo.com.cn/new/disclosure/detail?stockCode=300138&announcementId=1222321051&orgId=9900014768&announcementTime=2025-01-13 17:46:11
300138,晨光生物,关于公司及子公司取得专利证书的公告,2025-01-06 17:26:13,http://www.cninfo.com.cn/new/disclosure/detail?stockCode=300138&announcementId=1222245246&orgId=9900014768&announcementTime=2025-01-06 17:26:13
300138,晨光生物,关于为子公司银行借款提供担保的进展公告,2025-01-06 17:26:12,http://www.cninfo.com.cn/new/disclosure/detail?stockCode=300138&announcementId=1222245244&orgId=9900014768&announcementTime=2025-01-06 17:26:12
300138,晨光生物,关于变更部分募集资金用途的公告,2024-12-27 00:00:00,http://www.cninfo.com.cn/new/disclosure/detail?stockCode=300138&announcementId=1222155683&orgId=9900014768&announcementTime=2024-12-27 00:00:00
300138,晨光生物,第五届监事会第十三次会议决议公告,2024-12-27 00:00:00,http://www.cninfo.com.cn/new/disclosure/detail?stockCode=300138&announcementId=1222155682&orgId=9900014768&announcementTime=2024-12-27 00:00:00
300138,晨光生物,第五届董事会第十四次会议决议公告,2024-12-27 00:00:00,http://www.cninfo.com.cn/new/disclosure/detail?stockCode=300138&announcementId=1222155681&orgId=9900014768&announcementTime=2024-12-27 00:00:00
300138,晨光生物,关于召开2025年第一次临时股东大会的通知,2024-12-27 00:00:00,http://www.cninfo.com.cn/new/disclosure/detail?stockCode=300138&announcementId=1222155680&orgId=9900014768&announcementTime=2024-12-27 00:00:00
300138,晨光生物,公司章程修订前后对照表,2024-12-27 00:00:00,http://www.cninfo.com.cn/new/disclosure/detail?stockCode=300138&announcementId=1222155679&orgId=9900014768&announcementTime=2024-12-27 00:00:00
300138,晨光生物,中原证券关于公司变更部分募集资金用途的核查意见,2024-12-27 00:00:00,http://www.cninfo.com.cn/new/disclosure/detail?stockCode=300138&announcementId=1222155678&orgId=9900014768&announcementTime=2024-12-27 00:00:00
300138,晨光生物,关于变更签字注册会计师的公告,2024-12-27 00:00:00,http://www.cninfo.com.cn/new/disclosure/detail?stockCode=300138&announcementId=1222155635&orgId=9900014768&announcementTime=2024-12-27 00:00:00
300138,晨光生物,关于子公司通过高新技术企业认定的公告,2024-12-27 00:00:00,http://www.cninfo.com.cn/new/disclosure/detail?stockCode=300138&announcementId=1222155634&orgId=9900014768&announcementTime=2024-12-27 00:00:00
300138,晨光生物,关于为子公司银行借款提供担保的进展公告,2024-12-23 18:06:11,http://www.cninfo.com.cn/new/disclosure/detail?stockCode=300138&announcementId=1222114416&orgId=9900014768&announcementTime=2024-12-23 18:06:11
300138,晨光生物,关于子公司归还银行借款暨为子公司提供担保的进展公告,2024-12-05 18:52:13,http://www.cninfo.com.cn/new/disclosure/detail?stockCode=300138&announcementId=1221940840&orgId=9900014768&announcementTime=2024-12-05 18:52:13
300138,晨光生物,关于持股5%以上股东部分股份质押及解除质押的公告,2024-12-04 16:42:20,http://www.cninfo.com.cn/new/disclosure/detail?stockCode=300138&announcementId=1221925066&orgId=9900014768&announcementTime=2024-12-04 16:42:20
300138,晨光生物,关于公司及子公司取得专利证书的公告,2024-12-04 16:42:11,http://www.cninfo.com.cn/new/disclosure/detail?stockCode=300138&announcementId=1221925065&orgId=9900014768&announcementTime=2024-12-04 16:42:11
300138,晨光生物,关于为子公司银行借款提供担保的进展公告,2024-11-26 17:09:42,http://www.cninfo.com.cn/new/disclosure/detail?stockCode=300138&announcementId=1221853608&orgId=9900014768&announcementTime=2024-11-26 17:09:42
300138,晨光生物,关于使用部分闲置募集资金进行现金管理的进展公告,2024-11-22 17:08:14,http://www.cninfo.com.cn/new/disclosure/detail?stockCode=300138&announcementId=1221815887&orgId=9900014768&announcementTime=2024-11-22 17:08:14
300138,晨光生物,关于子公司通过高新技术企业认定的公告,2024-11-19 17:56:23,http://www.cninfo.com.cn/new/disclosure/detail?stockCode=300138&announcementId=1221777351&orgId=9900014768&announcementTime=2024-11-19 17:56:23
300138,晨光生物,关于为子公司银行借款提供担保的进展公告,2024-11-19 17:56:14,http://www.cninfo.com.cn/new/disclosure/detail?stockCode=300138&announcementId=1221777350&orgId=9900014768&announcementTime=2024-11-19 17:56:14
300138,晨光生物,关于使用部分闲置募集资金进行现金管理的进展公告,2024-11-18 18:24:23,http://www.cninfo.com.cn/new/disclosure/detail?stockCode=300138&announcementId=1221766746&orgId=9900014768&announcementTime=2024-11-18 18:24:23
300138,晨光生物,关于子公司完成变更登记的公告,2024-11-18 18:24:10,http://www.cninfo.com.cn/new/disclosure/detail?stockCode=300138&announcementId=1221766744&orgId=9900014768&announcementTime=2024-11-18 18:24:10
300138,晨光生物,关于子公司归还银行借款暨为子公司提供担保的进展公告,2024-11-12 17:44:20,http://www.cninfo.com.cn/new/disclosure/detail?stockCode=300138&announcementId=1221697433&orgId=9900014768&announcementTime=2024-11-12 17:44:20
300138,晨光生物,关于为子公司银行借款提供担保的进展公告,2024-11-06 17:54:11,http://www.cninfo.com.cn/new/disclosure/detail?stockCode=300138&announcementId=1221639835&orgId=9900014768&announcementTime=2024-11-06 17:54:11
300138,晨光生物,关于公司及子公司取得专利证书的公告,2024-11-01 17:42:16,http://www.cninfo.com.cn/new/disclosure/detail?stockCode=300138&announcementId=1221603358&orgId=9900014768&announcementTime=2024-11-01 17:42:16
300138,晨光生物,关于为子公司银行借款提供担保的进展公告,2024-11-01 17:42:13,http://www.cninfo.com.cn/new/disclosure/detail?stockCode=300138&announcementId=1221603357&orgId=9900014768&announcementTime=2024-11-01 17:42:13
300138,晨光生物,关于计提资产减值准备的公告,2024-10-26 00:00:00,http://www.cninfo.com.cn/new/disclosure/detail?stockCode=300138&announcementId=1221521453&orgId=9900014768&announcementTime=2024-10-26 00:00:00
300138,晨光生物,2024年三季度报告,2024-10-26 00:00:00,http://www.cninfo.com.cn/new/disclosure/detail?stockCode=300138&announcementId=1221521451&orgId=9900014768&announcementTime=2024-10-26 00:00:00
300138,晨光生物,第五届董事会第十三次会议决议公告,2024-10-26 00:00:00,http://www.cninfo.com.cn/new/disclosure/detail?stockCode=300138&announcementId=1221521450&orgId=9900014768&announcementTime=2024-10-26 00:00:00
300138,晨光生物,第五届监事会第十二次会议决议公告,2024-10-26 00:00:00,http://www.cninfo.com.cn/new/disclosure/detail?stockCode=300138&announcementId=1221521449&orgId=9900014768&announcementTime=2024-10-26 00:00:00
300138,晨光生物,关于回购股份注销完成暨股份变动的公告,2024-10-21 16:32:14,http://www.cninfo.com.cn/new/disclosure/detail?stockCode=300138&announcementId=1221449739&orgId=9900014768&announcementTime=2024-10-21 16:32:14
300138,晨光生物,关于控股股东及其一致行动人持股比例被动变动超过1%的公告,2024-10-21 16:32:10,http://www.cninfo.com.cn/new/disclosure/detail?stockCode=300138&announcementId=1221449740&orgId=9900014768&announcementTime=2024-10-21 16:32:10
300138,晨光生物,关于子公司完成变更登记的公告,2024-10-17 16:22:17,http://www.cninfo.com.cn/new/disclosure/detail?stockCode=300138&announcementId=1221418201&orgId=9900014768&announcementTime=2024-10-17 16:22:17
300138,晨光生物,关于使用部分闲置募集资金进行现金管理的进展公告,2024-10-17 16:22:12,http://www.cninfo.com.cn/new/disclosure/detail?stockCode=300138&announcementId=1221418202&orgId=9900014768&announcementTime=2024-10-17 16:22:12
300138,晨光生物,关于股东部分股份质押的公告,2024-10-16 16:22:13,http://www.cninfo.com.cn/new/disclosure/detail?stockCode=300138&announcementId=1221406235&orgId=9900014768&announcementTime=2024-10-16 16:22:13
300138,晨光生物,关于股东部分股份解除质押的公告,2024-10-11 17:32:20,http://www.cninfo.com.cn/new/disclosure/detail?stockCode=300138&announcementId=1221367418&orgId=9900014768&announcementTime=2024-10-11 17:32:20
300138,晨光生物,关于股东部分股份解除质押的公告,2024-10-10 17:18:19,http://www.cninfo.com.cn/new/disclosure/detail?stockCode=300138&announcementId=1221358986&orgId=9900014768&announcementTime=2024-10-10 17:18:19
300138,晨光生物,关于参加河北辖区上市公司2024年投资者网上集体接待日活动的公告,2024-10-10 17:18:14,http://www.cninfo.com.cn/new/disclosure/detail?stockCode=300138&announcementId=1221358985&orgId=9900014768&announcementTime=2024-10-10 17:18:14
300138,晨光生物,关于回购股份实施结果暨股份变动公告,2024-10-09 16:26:12,http://www.cninfo.com.cn/new/disclosure/detail?stockCode=300138&announcementId=1221354217&orgId=9900014768&announcementTime=2024-10-09 16:26:12
300138,晨光生物,关于回购公司股份的进展公告,2024-10-08 16:32:11,http://www.cninfo.com.cn/new/disclosure/detail?stockCode=300138&announcementId=1221340775&orgId=9900014768&announcementTime=2024-10-08 16:32:11
300138,晨光生物,关于为子公司银行借款提供担保的进展公告,2024-09-30 17:02:14,http://www.cninfo.com.cn/new/disclosure/detail?stockCode=300138&announcementId=1221330335&orgId=9900014768&announcementTime=2024-09-30 17:02:14
300138,晨光生物,关于公司及子公司取得专利证书的公告,2024-09-30 17:02:12,http://www.cninfo.com.cn/new/disclosure/detail?stockCode=300138&announcementId=1221330327&orgId=9900014768&announcementTime=2024-09-30 17:02:12
300138,晨光生物,关于回购公司股份比例达9%暨回购进展公告,2024-09-11 17:00:18,http://www.cninfo.com.cn/new/disclosure/detail?stockCode=300138&announcementId=1221203481&orgId=9900014768&announcementTime=2024-09-11 17:00:18
300138,晨光生物,关于子公司归还银行借款暨为子公司提供担保的进展公告,2024-09-04 16:54:11,http://www.cninfo.com.cn/new/disclosure/detail?stockCode=300138&announcementId=1221137550&orgId=9900014768&announcementTime=2024-09-04 16:54:11
300138,晨光生物,关于取得商标注册证和专利证书的公告,2024-09-02 16:46:16,http://www.cninfo.com.cn/new/disclosure/detail?stockCode=300138&announcementId=1221112278&orgId=9900014768&announcementTime=2024-09-02 16:46:16
300138,晨光生物,关于回购公司股份的进展公告,2024-09-02 16:46:15,http://www.cninfo.com.cn/new/disclosure/detail?stockCode=300138&announcementId=1221112277&orgId=9900014768&announcementTime=2024-09-02 16:46:15
300138,晨光生物,关于为子公司银行借款提供担保的进展公告,2024-08-27 17:28:18,http://www.cninfo.com.cn/new/disclosure/detail?stockCode=300138&announcementId=1221001753&orgId=9900014768&announcementTime=2024-08-27 17:28:18
300138,晨光生物,关于开展套期保值业务的公告,2024-08-27 00:00:00,http://www.cninfo.com.cn/new/disclosure/detail?stockCode=300138&announcementId=1220981355&orgId=9900014768&announcementTime=2024-08-27 00:00:00
300138,晨光生物,第五届董事会2024年第二次独立董事专门会议决议公告,2024-08-27 00:00:00,http://www.cninfo.com.cn/new/disclosure/detail?stockCode=300138&announcementId=1220981354&orgId=9900014768&announcementTime=2024-08-27 00:00:00
300138,晨光生物,2024年半年度报告,2024-08-27 00:00:00,http://www.cninfo.com.cn/new/disclosure/detail?stockCode=300138&announcementId=1220981353&orgId=9900014768&announcementTime=2024-08-27 00:00:00
300138,晨光生物,控股股东及其他关联方非经营性资金占用及清偿情况表(2024年上半年度）,2024-08-27 00:00:00,http://www.cninfo.com.cn/new/disclosure/detail?stockCode=300138&announcementId=1220981352&orgId=9900014768&announcementTime=2024-08-27 00:00:00
300138,晨光生物,关于募集资金2024年半年度存放与使用情况的专项报告,2024-08-27 00:00:00,http://www.cninfo.com.cn/new/disclosure/detail?stockCode=300138&announcementId=1220981350&orgId=9900014768&announcementTime=2024-08-27 00:00:00
300138,晨光生物,关于使用部分暂时闲置募集资金进行现金管理的公告,2024-08-27 00:00:00,http://www.cninfo.com.cn/new/disclosure/detail?stockCode=300138&announcementId=1220981348&orgId=9900014768&announcementTime=2024-08-27 00:00:00
300138,晨光生物,2024年半年度报告摘要,2024-08-27 00:00:00,http://www.cninfo.com.cn/new/disclosure/detail?stockCode=300138&announcementId=1220981347&orgId=9900014768&announcementTime=2024-08-27 00:00:00
300138,晨光生物,关于调整与新疆晨番关联交易预计的公告,2024-08-27 00:00:00,http://www.cninfo.com.cn/new/disclosure/detail?stockCode=300138&announcementId=1220981346&orgId=9900014768&announcementTime=2024-08-27 00:00:00
300138,晨光生物,上市公司2024年上半年度非经营性资金占用及其他关联资金往来情况汇总表,2024-08-27 00:00:00,http://www.cninfo.com.cn/new/disclosure/detail?stockCode=300138&announcementId=1220981343&orgId=9900014768&announcementTime=2024-08-27 00:00:00
300138,晨光生物,中原证券股份有限公司关于公司使用部分暂时闲置募集资金进行现金管理的核查意见,2024-08-27 00:00:00,http://www.cninfo.com.cn/new/disclosure/detail?stockCode=300138&announcementId=1220981340&orgId=9900014768&announcementTime=2024-08-27 00:00:00
300138,晨光生物,监事会决议公告,2024-08-27 00:00:00,http://www.cninfo.com.cn/new/disclosure/detail?stockCode=300138&announcementId=1220981338&orgId=9900014768&announcementTime=2024-08-27 00:00:00
300138,晨光生物,董事会决议公告,2024-08-27 00:00:00,http://www.cninfo.com.cn/new/disclosure/detail?stockCode=300138&announcementId=1220981336&orgId=9900014768&announcementTime=2024-08-27 00:00:00
300138,晨光生物,关于开展套期保值业务的可行性分析报告,2024-08-27 00:00:00,http://www.cninfo.com.cn/new/disclosure/detail?stockCode=300138&announcementId=1220981334&orgId=9900014768&announcementTime=2024-08-27 00:00:00
300138,晨光生物,关于回购公司股份比例达8%暨回购进展公告,2024-08-21 18:06:24,http://www.cninfo.com.cn/new/disclosure/detail?stockCode=300138&announcementId=1220937481&orgId=9900014768&announcementTime=2024-08-21 18:06:24
300138,晨光生物,关于股东部分股份质押延期的公告,2024-08-21 18:06:12,http://www.cninfo.com.cn/new/disclosure/detail?stockCode=300138&announcementId=1220937480&orgId=9900014768&announcementTime=2024-08-21 18:06:12
300138,晨光生物,关于为子公司银行借款提供担保的进展公告,2024-08-19 18:02:22,http://www.cninfo.com.cn/new/disclosure/detail?stockCode=300138&announcementId=1220908108&orgId=9900014768&announcementTime=2024-08-19 18:02:22
300138,晨光生物,关于公司及子公司取得商标注册证的公告,2024-08-19 18:02:15,http://www.cninfo.com.cn/new/disclosure/detail?stockCode=300138&announcementId=1220908107&orgId=9900014768&announcementTime=2024-08-19 18:02:15
300138,晨光生物,关于回购公司股份的进展公告,2024-08-02 16:54:23,http://www.cninfo.com.cn/new/disclosure/detail?stockCode=300138&announcementId=1220787201&orgId=9900014768&announcementTime=2024-08-02 16:54:23
300138,晨光生物,关于为子公司银行借款提供担保的进展公告,2024-08-02 16:54:17,http://www.cninfo.com.cn/new/disclosure/detail?stockCode=300138&announcementId=1220787342&orgId=9900014768&announcementTime=2024-08-02 16:54:17
300138,晨光生物,关于取得商标注册证和专利证书的公告,2024-08-02 16:54:17,http://www.cninfo.com.cn/new/disclosure/detail?stockCode=300138&announcementId=1220787340&orgId=9900014768&announcementTime=2024-08-02 16:54:17
300138,晨光生物,关于使用部分闲置募集资金进行现金管理的进展公告,2024-07-31 18:32:15,http://www.cninfo.com.cn/new/disclosure/detail?stockCode=300138&announcementId=1220765794&orgId=9900014768&announcementTime=2024-07-31 18:32:15
300138,晨光生物,关于持股5%以上股东部分股份质押的公告,2024-07-26 18:32:15,http://www.cninfo.com.cn/new/disclosure/detail?stockCode=300138&announcementId=1220739917&orgId=9900014768&announcementTime=2024-07-26 18:32:15
300138,晨光生物,关于取得商标注册证和专利证书的公告,2024-07-26 16:10:21,http://www.cninfo.com.cn/new/disclosure/detail?stockCode=300138&announcementId=1220738153&orgId=9900014768&announcementTime=2024-07-26 16:10:21
300138,晨光生物,关于使用部分闲置募集资金进行现金管理的进展公告,2024-07-26 16:10:15,http://www.cninfo.com.cn/new/disclosure/detail?stockCode=300138&announcementId=1220738152&orgId=9900014768&announcementTime=2024-07-26 16:10:15
300138,晨光生物,关于为子公司银行借款提供担保的进展公告,2024-07-19 15:54:17,http://www.cninfo.com.cn/new/disclosure/detail?stockCode=300138&announcementId=1220688381&orgId=9900014768&announcementTime=2024-07-19 15:54:17
300138,晨光生物,关于子公司完成变更登记的公告,2024-07-16 18:28:10,http://www.cninfo.com.cn/new/disclosure/detail?stockCode=300138&announcementId=1220653275&orgId=9900014768&announcementTime=2024-07-16 18:28:10
300138,晨光生物,关于公司及子公司取得专利证书的公告,2024-07-15 16:10:11,http://www.cninfo.com.cn/new/disclosure/detail?stockCode=300138&announcementId=1220646357&orgId=9900014768&announcementTime=2024-07-15 16:10:11
300138,晨光生物,关于为子公司银行借款提供担保的进展公告,2024-07-11 17:42:12,http://www.cninfo.com.cn/new/disclosure/detail?stockCode=300138&announcementId=1220614887&orgId=9900014768&announcementTime=2024-07-11 17:42:12
300138,晨光生物,关于为子公司银行借款提供担保的进展公告,2024-07-05 18:22:24,http://www.cninfo.com.cn/new/disclosure/detail?stockCode=300138&announcementId=1220541431&orgId=9900014768&announcementTime=2024-07-05 18:22:24
300138,晨光生物,关于公司取得商标注册证的公告,2024-07-05 18:22:18,http://www.cninfo.com.cn/new/disclosure/detail?stockCode=300138&announcementId=1220541432&orgId=9900014768&announcementTime=2024-07-05 18:22:18
300138,晨光生物,关于回购公司股份比例达7%暨回购进展公告,2024-07-05 18:22:14,http://www.cninfo.com.cn/new/disclosure/detail?stockCode=300138&announcementId=1220541430&orgId=9900014768&announcementTime=2024-07-05 18:22:14
300138,晨光生物,关于取得专利证书及软件著作权登记证书的公告,2024-07-02 17:10:09,http://www.cninfo.com.cn/new/disclosure/detail?stockCode=300138&announcementId=1220519325&orgId=9900014768&announcementTime=2024-07-02 17:10:09
300138,晨光生物,关于回购公司股份的进展公告,2024-07-02 17:10:09,http://www.cninfo.com.cn/new/disclosure/detail?stockCode=300138&announcementId=1220519324&orgId=9900014768&announcementTime=2024-07-02 17:10:09
300138,晨光生物,关于为子公司银行借款提供担保的进展公告,2024-06-27 17:01:49,http://www.cninfo.com.cn/new/disclosure/detail?stockCode=300138&announcementId=1220480608&orgId=9900014768&announcementTime=2024-06-27 17:01:49
300138,晨光生物,关于子公司取得专利证书的公告,2024-06-27 17:01:49,http://www.cninfo.com.cn/new/disclosure/detail?stockCode=300138&announcementId=1220480606&orgId=9900014768&announcementTime=2024-06-27 17:01:49
300138,晨光生物,关于公司及子公司取得商标注册证、计算机软件著作权登记证书和专利权证的公告,2024-06-14 17:12:14,http://www.cninfo.com.cn/new/disclosure/detail?stockCode=300138&announcementId=1220358732&orgId=9900014768&announcementTime=2024-06-14 17:12:14
300138,晨光生物,第五届监事会第十次会议决议公告,2024-06-12 17:22:20,http://www.cninfo.com.cn/new/disclosure/detail?stockCode=300138&announcementId=1220336168&orgId=9900014768&announcementTime=2024-06-12 17:22:20
300138,晨光生物,第五届董事会第十一次会议决议公告,2024-06-12 17:22:18,http://www.cninfo.com.cn/new/disclosure/detail?stockCode=300138&announcementId=1220336161&orgId=9900014768&announcementTime=2024-06-12 17:22:18
300138,晨光生物,关于调整回购公司股份方案的公告,2024-06-12 17:22:18,http://www.cninfo.com.cn/new/disclosure/detail?stockCode=300138&announcementId=1220336156&orgId=9900014768&announcementTime=2024-06-12 17:22:18
300138,晨光生物,关于为子公司银行借款提供担保的进展公告,2024-06-06 18:42:11,http://www.cninfo.com.cn/new/disclosure/detail?stockCode=300138&announcementId=1220288910&orgId=9900014768&announcementTime=2024-06-06 18:42:11
300138,晨光生物,2023年年度权益分派实施公告,2024-06-05 18:26:16,http://www.cninfo.com.cn/new/disclosure/detail?stockCode=300138&announcementId=1220272056&orgId=9900014768&announcementTime=2024-06-05 18:26:16
300138,晨光生物,关于2023年年度权益分派实施后调整回购股份价格上限的公告,2024-06-05 18:26:11,http://www.cninfo.com.cn/new/disclosure/detail?stockCode=300138&announcementId=1220272057&orgId=9900014768&announcementTime=2024-06-05 18:26:11
300138,晨光生物,关于股东部分股份质押的公告,2024-06-05 16:50:15,http://www.cninfo.com.cn/new/disclosure/detail?stockCode=300138&announcementId=1220270885&orgId=9900014768&announcementTime=2024-06-05 16:50:15
300138,晨光生物,关于回购公司股份比例达6%暨回购进展公告,2024-06-04 18:30:17,http://www.cninfo.com.cn/new/disclosure/detail?stockCode=300138&announcementId=1220256464&orgId=9900014768&announcementTime=2024-06-04 18:30:17
300138,晨光生物,关于子公司天润制药完成变更登记的公告,2024-06-04 18:30:11,http://www.cninfo.com.cn/new/disclosure/detail?stockCode=300138&announcementId=1220256465&orgId=9900014768&announcementTime=2024-06-04 18:30:11
300138,晨光生物,关于回购公司股份的进展公告,2024-06-04 16:42:16,http://www.cninfo.com.cn/new/disclosure/detail?stockCode=300138&announcementId=1220256119&orgId=9900014768&announcementTime=2024-06-04 16:42:16
300138,晨光生物,关于签署募集资金三方监管协议的公告,2024-05-27 16:36:13,http://www.cninfo.com.cn/new/disclosure/detail?stockCode=300138&announcementId=1220171531&orgId=9900014768&announcementTime=2024-05-27 16:36:13
300138,晨光生物,关于使用部分闲置募集资金进行现金管理的进展公告,2024-05-23 17:54:11,http://www.cninfo.com.cn/new/disclosure/detail?stockCode=300138&announcementId=1220144400&orgId=9900014768&announcementTime=2024-05-23 17:54:11
300138,晨光生物,关于公司及子公司取得商标注册证和专利证书的公告,2024-05-17 19:34:32,http://www.cninfo.com.cn/new/disclosure/detail?stockCode=300138&announcementId=1220087821&orgId=9900014768&announcementTime=2024-05-17 19:34:32
300138,晨光生物,关于控股子公司收到北京证券交易所《关于终止对新疆晨光生物科技股份有限公司公开发行股票并在北京证券交易所上市审核的决定》的公告,2024-05-17 19:34:13,http://www.cninfo.com.cn/new/disclosure/detail?stockCode=300138&announcementId=1220087780&orgId=9900014768&announcementTime=2024-05-17 19:34:13
300138,晨光生物,关于使用部分闲置募集资金进行现金管理的进展公告,2024-05-17 19:34:12,http://www.cninfo.com.cn/new/disclosure/detail?stockCode=300138&announcementId=1220087782&orgId=9900014768&announcementTime=2024-05-17 19:34:12
300138,晨光生物,关于子公司完成变更登记的公告,2024-05-15 19:22:14,http://www.cninfo.com.cn/new/disclosure/detail?stockCode=300138&announcementId=1220061480&orgId=9900014768&announcementTime=2024-05-15 19:22:14
300138,晨光生物,2023年年度股东大会法律意见书,2024-05-09 19:44:25,http://www.cninfo.com.cn/new/disclosure/detail?stockCode=300138&announcementId=1220022251&orgId=9900014768&announcementTime=2024-05-09 19:44:25
300138,晨光生物,2023年年度股东大会决议公告,2024-05-09 19:44:14,http://www.cninfo.com.cn/new/disclosure/detail?stockCode=300138&announcementId=1220022250&orgId=9900014768&announcementTime=2024-05-09 19:44:14
300138,晨光生物,关于回购公司股份比例达5%暨回购进展公告,2024-05-09 19:44:14,http://www.cninfo.com.cn/new/disclosure/detail?stockCode=300138&announcementId=1220022249&orgId=9900014768&announcementTime=2024-05-09 19:44:14
300138,晨光生物,关于为子公司银行借款提供担保的进展公告,2024-05-08 17:29:36,http://www.cninfo.com.cn/new/disclosure/detail?stockCode=300138&announcementId=1220009725&orgId=9900014768&announcementTime=2024-05-08 17:29:36
300138,晨光生物,关于回购公司股份的进展公告,2024-05-06 18:40:13,http://www.cninfo.com.cn/new/disclosure/detail?stockCode=300138&announcementId=1219984589&orgId=9900014768&announcementTime=2024-05-06 18:40:13
300138,晨光生物,关于子公司完成注册的公告,2024-05-06 18:40:12,http://www.cninfo.com.cn/new/disclosure/detail?stockCode=300138&announcementId=1219984590&orgId=9900014768&announcementTime=2024-05-06 18:40:12
300138,晨光生物,关于召开2023年年度股东大会的提示性公告,2024-04-30 18:41:59,http://www.cninfo.com.cn/new/disclosure/detail?stockCode=300138&announcementId=1219959842&orgId=9900014768&announcementTime=2024-04-30 18:41:59
300138,晨光生物,关于公司及子公司取得专利证书的公告,2024-04-30 18:41:59,http://www.cninfo.com.cn/new/disclosure/detail?stockCode=300138&announcementId=1219959838&orgId=9900014768&announcementTime=2024-04-30 18:41:59
300138,晨光生物,关于为子公司银行借款提供担保的进展公告,2024-04-30 18:41:59,http://www.cninfo.com.cn/new/disclosure/detail?stockCode=300138&announcementId=1219959832&orgId=9900014768&announcementTime=2024-04-30 18:41:59
300138,晨光生物,第五届董事会第十次会议决议公告,2024-04-25 00:00:00,http://www.cninfo.com.cn/new/disclosure/detail?stockCode=300138&announcementId=1219791206&orgId=9900014768&announcementTime=2024-04-25 00:00:00
300138,晨光生物,关于调整回购公司股份方案的公告,2024-04-25 00:00:00,http://www.cninfo.com.cn/new/disclosure/detail?stockCode=300138&announcementId=1219791205&orgId=9900014768&announcementTime=2024-04-25 00:00:00
300138,晨光生物,2024年一季度报告,2024-04-25 00:00:00,http://www.cninfo.com.cn/new/disclosure/detail?stockCode=300138&announcementId=1219791204&orgId=9900014768&announcementTime=2024-04-25 00:00:00
300138,晨光生物,第五届监事会第九次会议决议公告,2024-04-25 00:00:00,http://www.cninfo.com.cn/new/disclosure/detail?stockCode=300138&announcementId=1219791202&orgId=9900014768&announcementTime=2024-04-25 00:00:00
300138,晨光生物,关于回购公司股份比例达4%暨回购进展公告,2024-04-22 15:50:23,http://www.cninfo.com.cn/new/disclosure/detail?stockCode=300138&announcementId=1219734547&orgId=9900014768&announcementTime=2024-04-22 15:50:23
300138,晨光生物,关于公司取得商标注册证的公告,2024-04-18 19:04:28,http://www.cninfo.com.cn/new/disclosure/detail?stockCode=300138&announcementId=1219666407&orgId=9900014768&announcementTime=2024-04-18 19:04:28
300138,晨光生物,关于为子公司银行借款提供担保的进展公告,2024-04-18 19:04:26,http://www.cninfo.com.cn/new/disclosure/detail?stockCode=300138&announcementId=1219666404&orgId=9900014768&announcementTime=2024-04-18 19:04:26
300138,晨光生物,关于子公司完成变更登记的公告,2024-04-18 19:04:05,http://www.cninfo.com.cn/new/disclosure/detail?stockCode=300138&announcementId=1219666405&orgId=9900014768&announcementTime=2024-04-18 19:04:05
300138,晨光生物,关于公司与子公司或子公司之间融资担保的公告,2024-04-18 00:00:00,http://www.cninfo.com.cn/new/disclosure/detail?stockCode=300138&announcementId=1219651015&orgId=9900014768&announcementTime=2024-04-18 00:00:00
300138,晨光生物,独立董事2023年度述职报告（换届离任独立董事）,2024-04-18 00:00:00,http://www.cninfo.com.cn/new/disclosure/detail?stockCode=300138&announcementId=1219651014&orgId=9900014768&announcementTime=2024-04-18 00:00:00
300138,晨光生物,关于召开2023年年度股东大会的通知,2024-04-18 00:00:00,http://www.cninfo.com.cn/new/disclosure/detail?stockCode=300138&announcementId=1219651013&orgId=9900014768&announcementTime=2024-04-18 00:00:00
300138,晨光生物,监事会决议公告,2024-04-18 00:00:00,http://www.cninfo.com.cn/new/disclosure/detail?stockCode=300138&announcementId=1219651012&orgId=9900014768&announcementTime=2024-04-18 00:00:00
300138,晨光生物,中原证券关于公司调整募集资金投资项目计划进度的核查意见,2024-04-18 00:00:00,http://www.cninfo.com.cn/new/disclosure/detail?stockCode=300138&announcementId=1219651011&orgId=9900014768&announcementTime=2024-04-18 00:00:00
300138,晨光生物,董事会决议公告,2024-04-18 00:00:00,http://www.cninfo.com.cn/new/disclosure/detail?stockCode=300138&announcementId=1219651010&orgId=9900014768&announcementTime=2024-04-18 00:00:00
300138,晨光生物,2023年年度报告摘要,2024-04-18 00:00:00,http://www.cninfo.com.cn/new/disclosure/detail?stockCode=300138&announcementId=1219651009&orgId=9900014768&announcementTime=2024-04-18 00:00:00
300138,晨光生物,董事会对会计师事务所2023年度履职情况评估报告,2024-04-18 00:00:00,http://www.cninfo.com.cn/new/disclosure/detail?stockCode=300138&announcementId=1219651008&orgId=9900014768&announcementTime=2024-04-18 00:00:00
300138,晨光生物,关于募集资金2023年度存放与使用情况的鉴证报告,2024-04-18 00:00:00,http://www.cninfo.com.cn/new/disclosure/detail?stockCode=300138&announcementId=1219651006&orgId=9900014768&announcementTime=2024-04-18 00:00:00
300138,晨光生物,2023年年度审计报告,2024-04-18 00:00:00,http://www.cninfo.com.cn/new/disclosure/detail?stockCode=300138&announcementId=1219651005&orgId=9900014768&announcementTime=2024-04-18 00:00:00
300138,晨光生物,关于2024年度日常关联交易预计的公告,2024-04-18 00:00:00,http://www.cninfo.com.cn/new/disclosure/detail?stockCode=300138&announcementId=1219651004&orgId=9900014768&announcementTime=2024-04-18 00:00:00
300138,晨光生物,董事会对独董独立性评估的专项意见,2024-04-18 00:00:00,http://www.cninfo.com.cn/new/disclosure/detail?stockCode=300138&announcementId=1219651003&orgId=9900014768&announcementTime=2024-04-18 00:00:00
300138,晨光生物,2023年年度报告,2024-04-18 00:00:00,http://www.cninfo.com.cn/new/disclosure/detail?stockCode=300138&announcementId=1219651002&orgId=9900014768&announcementTime=2024-04-18 00:00:00
300138,晨光生物,关于变更部分募集资金用途的公告,2024-04-18 00:00:00,http://www.cninfo.com.cn/new/disclosure/detail?stockCode=300138&announcementId=1219651001&orgId=9900014768&announcementTime=2024-04-18 00:00:00
300138,晨光生物,2023年度审计委员会履行监督职责情况报告,2024-04-18 00:00:00,http://www.cninfo.com.cn/new/disclosure/detail?stockCode=300138&announcementId=1219651000&orgId=9900014768&announcementTime=2024-04-18 00:00:00
300138,晨光生物,独立董事2023年度述职报告,2024-04-18 00:00:00,http://www.cninfo.com.cn/new/disclosure/detail?stockCode=300138&announcementId=1219650999&orgId=9900014768&announcementTime=2024-04-18 00:00:00
300138,晨光生物,关于使用暂时闲置自有资金进行委托理财的公告,2024-04-18 00:00:00,http://www.cninfo.com.cn/new/disclosure/detail?stockCode=300138&announcementId=1219650998&orgId=9900014768&announcementTime=2024-04-18 00:00:00
300138,晨光生物,非经营性资金占用及其他关联资金往来情况汇总表的专项审核报告,2024-04-18 00:00:00,http://www.cninfo.com.cn/new/disclosure/detail?stockCode=300138&announcementId=1219650997&orgId=9900014768&announcementTime=2024-04-18 00:00:00
300138,晨光生物,关于拟续聘会计师事务所的公告,2024-04-18 00:00:00,http://www.cninfo.com.cn/new/disclosure/detail?stockCode=300138&announcementId=1219650996&orgId=9900014768&announcementTime=2024-04-18 00:00:00
300138,晨光生物,公司章程（待提交股东大会审议）,2024-04-18 00:00:00,http://www.cninfo.com.cn/new/disclosure/detail?stockCode=300138&announcementId=1219650995&orgId=9900014768&announcementTime=2024-04-18 00:00:00
300138,晨光生物,2023年度总经理工作报告,2024-04-18 00:00:00,http://www.cninfo.com.cn/new/disclosure/detail?stockCode=300138&announcementId=1219650994&orgId=9900014768&announcementTime=2024-04-18 00:00:00
300138,晨光生物,第五届董事会审计委员会第四次会议暨2024年第一次独立董事专门会议决议公告,2024-04-18 00:00:00,http://www.cninfo.com.cn/new/disclosure/detail?stockCode=300138&announcementId=1219650993&orgId=9900014768&announcementTime=2024-04-18 00:00:00
300138,晨光生物,关于2023年度套期保值业务交易情况的专项报告,2024-04-18 00:00:00,http://www.cninfo.com.cn/new/disclosure/detail?stockCode=300138&announcementId=1219650992&orgId=9900014768&announcementTime=2024-04-18 00:00:00
300138,晨光生物,关于与参股公司日常关联交易预计的公告,2024-04-18 00:00:00,http://www.cninfo.com.cn/new/disclosure/detail?stockCode=300138&announcementId=1219650991&orgId=9900014768&announcementTime=2024-04-18 00:00:00
300138,晨光生物,关于2023年度利润分配预案的公告,2024-04-18 00:00:00,http://www.cninfo.com.cn/new/disclosure/detail?stockCode=300138&announcementId=1219650990&orgId=9900014768&announcementTime=2024-04-18 00:00:00
300138,晨光生物,2023年度内部控制自我评价报告,2024-04-18 00:00:00,http://www.cninfo.com.cn/new/disclosure/detail?stockCode=300138&announcementId=1219650989&orgId=9900014768&announcementTime=2024-04-18 00:00:00
300138,晨光生物,未来三年股东回报规划（2024-2026年）,2024-04-18 00:00:00,http://www.cninfo.com.cn/new/disclosure/detail?stockCode=300138&announcementId=1219650987&orgId=9900014768&announcementTime=2024-04-18 00:00:00
300138,晨光生物,中原证券关于公司2023年度募集资金存放与使用情况的专项核查意见,2024-04-18 00:00:00,http://www.cninfo.com.cn/new/disclosure/detail?stockCode=300138&announcementId=1219650985&orgId=9900014768&announcementTime=2024-04-18 00:00:00
300138,晨光生物,关于举行2023年度网上业绩说明会的公告,2024-04-18 00:00:00,http://www.cninfo.com.cn/new/disclosure/detail?stockCode=300138&announcementId=1219650984&orgId=9900014768&announcementTime=2024-04-18 00:00:00
300138,晨光生物,关于募集资金2023年度存放与使用情况的专项报告,2024-04-18 00:00:00,http://www.cninfo.com.cn/new/disclosure/detail?stockCode=300138&announcementId=1219650982&orgId=9900014768&announcementTime=2024-04-18 00:00:00
300138,晨光生物,中原证券关于公司变更部分募集资金用途的核查意见,2024-04-18 00:00:00,http://www.cninfo.com.cn/new/disclosure/detail?stockCode=300138&announcementId=1219650980&orgId=9900014768&announcementTime=2024-04-18 00:00:00
300138,晨光生物,关于为子公司运输业务提供担保的公告,2024-04-18 00:00:00,http://www.cninfo.com.cn/new/disclosure/detail?stockCode=300138&announcementId=1219650979&orgId=9900014768&announcementTime=2024-04-18 00:00:00
300138,晨光生物,控股股东及其他关联方非经营性资金占用及清偿情况表(2023年度）,2024-04-18 00:00:00,http://www.cninfo.com.cn/new/disclosure/detail?stockCode=300138&announcementId=1219650978&orgId=9900014768&announcementTime=2024-04-18 00:00:00
300138,晨光生物,监事会2023年度工作报告,2024-04-18 00:00:00,http://www.cninfo.com.cn/new/disclosure/detail?stockCode=300138&announcementId=1219650977&orgId=9900014768&announcementTime=2024-04-18 00:00:00
300138,晨光生物,关于调整募集资金投资项目计划进度的公告,2024-04-18 00:00:00,http://www.cninfo.com.cn/new/disclosure/detail?stockCode=300138&announcementId=1219650976&orgId=9900014768&announcementTime=2024-04-18 00:00:00
300138,晨光生物,关于向参股公司提供财务资助的公告,2024-04-18 00:00:00,http://www.cninfo.com.cn/new/disclosure/detail?stockCode=300138&announcementId=1219650975&orgId=9900014768&announcementTime=2024-04-18 00:00:00
300138,晨光生物,关于股东部分股份质押的公告,2024-04-16 18:14:30,http://www.cninfo.com.cn/new/disclosure/detail?stockCode=300138&announcementId=1219636018&orgId=9900014768&announcementTime=2024-04-16 18:14:30
300138,晨光生物,关于子公司完成注册的公告,2024-04-15 17:51:15,http://www.cninfo.com.cn/new/disclosure/detail?stockCode=300138&announcementId=1219617725&orgId=9900014768&announcementTime=2024-04-15 17:51:15
300138,晨光生物,2024年第一季度业绩预告,2024-04-10 00:00:00,http://www.cninfo.com.cn/new/disclosure/detail?stockCode=300138&announcementId=1219552631&orgId=9900014768&announcementTime=2024-04-10 00:00:00
300138,晨光生物,关于2023年度利润分配预案征求投资者意见的公告,2024-04-08 18:44:29,http://www.cninfo.com.cn/new/disclosure/detail?stockCode=300138&announcementId=1219537536&orgId=9900014768&announcementTime=2024-04-08 18:44:29
300138,晨光生物,关于控股子公司拟终止向不特定合格投资者公开发行股票并在北京证券交易所上市申请并撤回申请材料的公告,2024-04-08 18:44:23,http://www.cninfo.com.cn/new/disclosure/detail?stockCode=300138&announcementId=1219537538&orgId=9900014768&announcementTime=2024-04-08 18:44:23
300138,晨光生物,关于公司及子公司取得商标注册证的公告,2024-04-08 18:44:22,http://www.cninfo.com.cn/new/disclosure/detail?stockCode=300138&announcementId=1219537537&orgId=9900014768&announcementTime=2024-04-08 18:44:22
300138,晨光生物,第五届董事会第八次会议决议公告,2024-04-08 18:44:20,http://www.cninfo.com.cn/new/disclosure/detail?stockCode=300138&announcementId=1219537539&orgId=9900014768&announcementTime=2024-04-08 18:44:20
300138,晨光生物,关于回购公司股份的进展公告,2024-04-02 16:24:27,http://www.cninfo.com.cn/new/disclosure/detail?stockCode=300138&announcementId=1219501556&orgId=9900014768&announcementTime=2024-04-02 16:24:27
300138,晨光生物,关于为子公司银行借款提供担保的进展公告,2024-04-01 17:46:09,http://www.cninfo.com.cn/new/disclosure/detail?stockCode=300138&announcementId=1219490766&orgId=9900014768&announcementTime=2024-04-01 17:46:09
300138,晨光生物,关于公司取得专利证书的公告,2024-04-01 17:45:23,http://www.cninfo.com.cn/new/disclosure/detail?stockCode=300138&announcementId=1219490765&orgId=9900014768&announcementTime=2024-04-01 17:45:23
300138,晨光生物,关于子公司取得商标注册证和专利证书的公告,2024-03-27 17:54:25,http://www.cninfo.com.cn/new/disclosure/detail?stockCode=300138&announcementId=1219425167&orgId=9900014768&announcementTime=2024-03-27 17:54:25
300138,晨光生物,关于公司取得商标注册证的公告,2024-03-21 17:30:22,http://www.cninfo.com.cn/new/disclosure/detail?stockCode=300138&announcementId=1219373578&orgId=9900014768&announcementTime=2024-03-21 17:30:22
300138,晨光生物,关于子公司完成变更登记的公告,2024-03-13 18:17:28,http://www.cninfo.com.cn/new/disclosure/detail?stockCode=300138&announcementId=1219300805&orgId=9900014768&announcementTime=2024-03-13 18:17:28
300138,晨光生物,关于为子公司银行借款提供担保的进展公告,2024-03-13 18:17:28,http://www.cninfo.com.cn/new/disclosure/detail?stockCode=300138&announcementId=1219300803&orgId=9900014768&announcementTime=2024-03-13 18:17:28
300138,晨光生物,关于回购公司股份的进展公告,2024-03-01 17:44:36,http://www.cninfo.com.cn/new/disclosure/detail?stockCode=300138&announcementId=1219219216&orgId=9900014768&announcementTime=2024-03-01 17:44:36
300138,晨光生物,关于为子公司银行借款提供担保的进展公告,2024-03-01 17:44:35,http://www.cninfo.com.cn/new/disclosure/detail?stockCode=300138&announcementId=1219219086&orgId=9900014768&announcementTime=2024-03-01 17:44:35
300138,晨光生物,关于公司及子公司取得专利证书的公告,2024-03-01 17:44:23,http://www.cninfo.com.cn/new/disclosure/detail?stockCode=300138&announcementId=1219219088&orgId=9900014768&announcementTime=2024-03-01 17:44:23
300138,晨光生物,关于为子公司银行借款提供担保的进展公告,2024-02-26 17:06:25,http://www.cninfo.com.cn/new/disclosure/detail?stockCode=300138&announcementId=1219185586&orgId=9900014768&announcementTime=2024-02-26 17:06:25
300138,晨光生物,关于回购公司股份比例达3%暨回购进展公告,2024-02-07 18:50:23,http://www.cninfo.com.cn/new/disclosure/detail?stockCode=300138&announcementId=1219123178&orgId=9900014768&announcementTime=2024-02-07 18:50:23
300138,晨光生物,关于公司取得专利证书的公告,2024-02-06 16:10:24,http://www.cninfo.com.cn/new/disclosure/detail?stockCode=300138&announcementId=1219107949&orgId=9900014768&announcementTime=2024-02-06 16:10:24
300138,晨光生物,关于子公司获得高新技术企业证书的公告,2024-02-05 16:56:27,http://www.cninfo.com.cn/new/disclosure/detail?stockCode=300138&announcementId=1219095651&orgId=9900014768&announcementTime=2024-02-05 16:56:27
300138,晨光生物,关于公司及子公司取得专利证书的公告,2024-02-05 16:56:26,http://www.cninfo.com.cn/new/disclosure/detail?stockCode=300138&announcementId=1219095649&orgId=9900014768&announcementTime=2024-02-05 16:56:26
300138,晨光生物,关于为子公司银行借款提供担保的进展公告,2024-02-05 16:55:16,http://www.cninfo.com.cn/new/disclosure/detail?stockCode=300138&announcementId=1219095650&orgId=9900014768&announcementTime=2024-02-05 16:55:16
300138,晨光生物,第五届董事会第七次会议决议公告,2024-02-01 20:10:28,http://www.cninfo.com.cn/new/disclosure/detail?stockCode=300138&announcementId=1219067316&orgId=9900014768&announcementTime=2024-02-01 20:10:28
300138,晨光生物,第五届监事会第七次会议决议公告,2024-02-01 20:10:24,http://www.cninfo.com.cn/new/disclosure/detail?stockCode=300138&announcementId=1219067317&orgId=9900014768&announcementTime=2024-02-01 20:10:24
300138,晨光生物,关于回购公司股份的进展公告,2024-02-01 20:10:24,http://www.cninfo.com.cn/new/disclosure/detail?stockCode=300138&announcementId=1219067314&orgId=9900014768&announcementTime=2024-02-01 20:10:24
300138,晨光生物,关于调整回购公司股份方案的公告,2024-02-01 20:10:22,http://www.cninfo.com.cn/new/disclosure/detail?stockCode=300138&announcementId=1219067313&orgId=9900014768&announcementTime=2024-02-01 20:10:22
300138,晨光生物,2023年度业绩快报,2024-02-01 20:09:16,http://www.cninfo.com.cn/new/disclosure/detail?stockCode=300138&announcementId=1219067315&orgId=9900014768&announcementTime=2024-02-01 20:09:16
300138,晨光生物,关于回购公司股份比例达2%暨回购进展公告,2024-01-24 16:04:26,http://www.cninfo.com.cn/new/disclosure/detail?stockCode=300138&announcementId=1218988836&orgId=9900014768&announcementTime=2024-01-24 16:04:26
300138,晨光生物,关于持股5%以上股东部分股份解除质押的公告,2024-01-24 16:03:17,http://www.cninfo.com.cn/new/disclosure/detail?stockCode=300138&announcementId=1218988835&orgId=9900014768&announcementTime=2024-01-24 16:03:17
300138,晨光生物,关于为子公司银行借款提供担保的进展公告,2024-01-22 16:44:24,http://www.cninfo.com.cn/new/disclosure/detail?stockCode=300138&announcementId=1218967974&orgId=9900014768&announcementTime=2024-01-22 16:44:24
300138,晨光生物,关于子公司取得商标注册证的公告,2024-01-22 16:43:16,http://www.cninfo.com.cn/new/disclosure/detail?stockCode=300138&announcementId=1218967975&orgId=9900014768&announcementTime=2024-01-22 16:43:16
300138,晨光生物,关于子公司完成注销的公告,2024-01-16 17:10:20,http://www.cninfo.com.cn/new/disclosure/detail?stockCode=300138&announcementId=1218915168&orgId=9900014768&announcementTime=2024-01-16 17:10:20
300138,晨光生物,2024年第一次临时股东大会决议公告,2024-01-15 18:30:39,http://www.cninfo.com.cn/new/disclosure/detail?stockCode=300138&announcementId=1218889221&orgId=9900014768&announcementTime=2024-01-15 18:30:39
300138,晨光生物,2024年第一次临时股东大会法律意见书,2024-01-15 18:30:21,http://www.cninfo.com.cn/new/disclosure/detail?stockCode=300138&announcementId=1218889219&orgId=9900014768&announcementTime=2024-01-15 18:30:21
300138,晨光生物,关于召开2024年第一次临时股东大会的提示性公告,2024-01-11 16:53:14,http://www.cninfo.com.cn/new/disclosure/detail?stockCode=300138&announcementId=1218857590&orgId=9900014768&announcementTime=2024-01-11 16:53:14
300138,晨光生物,关于公司及子公司取得商标注册证和专利证书的公告,2024-01-05 17:40:21,http://www.cninfo.com.cn/new/disclosure/detail?stockCode=300138&announcementId=1218816714&orgId=9900014768&announcementTime=2024-01-05 17:40:21
300138,晨光生物,关于持股5%以上股东部分股份解除质押的公告,2024-01-05 17:40:21,http://www.cninfo.com.cn/new/disclosure/detail?stockCode=300138&announcementId=1218816713&orgId=9900014768&announcementTime=2024-01-05 17:40:21
300138,晨光生物,关于子公司完成变更登记的公告,2024-01-02 16:56:22,http://www.cninfo.com.cn/new/disclosure/detail?stockCode=300138&announcementId=1218789053&orgId=9900014768&announcementTime=2024-01-02 16:56:22
300138,晨光生物,关于回购公司股份的进展公告,2024-01-02 16:56:22,http://www.cninfo.com.cn/new/disclosure/detail?stockCode=300138&announcementId=1218789052&orgId=9900014768&announcementTime=2024-01-02 16:56:22
300138,晨光生物,关于持股5%以上股东部分股份解除质押的公告,2023-12-28 17:18:39,http://www.cninfo.com.cn/new/disclosure/detail?stockCode=300138&announcementId=1218749071&orgId=9900014768&announcementTime=2023-12-28 17:18:39
300138,晨光生物,关于为子公司银行借款提供担保的进展公告,2023-12-28 17:18:23,http://www.cninfo.com.cn/new/disclosure/detail?stockCode=300138&announcementId=1218749072&orgId=9900014768&announcementTime=2023-12-28 17:18:23
300138,晨光生物,关于为子公司银行借款提供担保的进展公告,2023-12-22 16:30:26,http://www.cninfo.com.cn/new/disclosure/detail?stockCode=300138&announcementId=1218702584&orgId=9900014768&announcementTime=2023-12-22 16:30:26
300138,晨光生物,关于持股5%以上股东部分股份质押及解除质押的公告,2023-12-22 16:30:26,http://www.cninfo.com.cn/new/disclosure/detail?stockCode=300138&announcementId=1218702583&orgId=9900014768&announcementTime=2023-12-22 16:30:26
300138,晨光生物,第五届监事会第六次会议决议公告,2023-12-22 00:00:00,http://www.cninfo.com.cn/new/disclosure/detail?stockCode=300138&announcementId=1218687249&orgId=9900014768&announcementTime=2023-12-22 00:00:00
300138,晨光生物,关于为参股公司银行借款提供担保的公告,2023-12-22 00:00:00,http://www.cninfo.com.cn/new/disclosure/detail?stockCode=300138&announcementId=1218687248&orgId=9900014768&announcementTime=2023-12-22 00:00:00
300138,晨光生物,第五届董事会第六次会议决议公告,2023-12-22 00:00:00,http://www.cninfo.com.cn/new/disclosure/detail?stockCode=300138&announcementId=1218687247&orgId=9900014768&announcementTime=2023-12-22 00:00:00
300138,晨光生物,关于召开2024年第一次临时股东大会的通知,2023-12-22 00:00:00,http://www.cninfo.com.cn/new/disclosure/detail?stockCode=300138&announcementId=1218687246&orgId=9900014768&announcementTime=2023-12-22 00:00:00
300138,晨光生物,关于调整回购公司股份方案的公告,2023-12-22 00:00:00,http://www.cninfo.com.cn/new/disclosure/detail?stockCode=300138&announcementId=1218687245&orgId=9900014768&announcementTime=2023-12-22 00:00:00
300138,晨光生物,关于向参股公司提供财务资助的公告,2023-12-22 00:00:00,http://www.cninfo.com.cn/new/disclosure/detail?stockCode=300138&announcementId=1218687244&orgId=9900014768&announcementTime=2023-12-22 00:00:00
300138,晨光生物,关于调整公司与子公司或子公司之间融资担保额度的公告,2023-12-22 00:00:00,http://www.cninfo.com.cn/new/disclosure/detail?stockCode=300138&announcementId=1218687243&orgId=9900014768&announcementTime=2023-12-22 00:00:00
300138,晨光生物,关于子公司减少注册资本并调整认缴比例的公告,2023-12-22 00:00:00,http://www.cninfo.com.cn/new/disclosure/detail?stockCode=300138&announcementId=1218687242&orgId=9900014768&announcementTime=2023-12-22 00:00:00
300138,晨光生物,关于公司及子公司通过高新技术企业认定的公告,2023-12-20 18:12:24,http://www.cninfo.com.cn/new/disclosure/detail?stockCode=300138&announcementId=1218673939&orgId=9900014768&announcementTime=2023-12-20 18:12:24
300138,晨光生物,关于为子公司银行借款提供担保的进展公告,2023-12-18 17:10:52,http://www.cninfo.com.cn/new/disclosure/detail?stockCode=300138&announcementId=1218654515&orgId=9900014768&announcementTime=2023-12-18 17:10:52
300138,晨光生物,关于子公司通过高新技术企业认定的公告,2023-12-18 17:10:52,http://www.cninfo.com.cn/new/disclosure/detail?stockCode=300138&announcementId=1218654514&orgId=9900014768&announcementTime=2023-12-18 17:10:52
300138,晨光生物,关于回购公司股份比例达1%暨回购进展公告,2023-12-15 16:22:25,http://www.cninfo.com.cn/new/disclosure/detail?stockCode=300138&announcementId=1218633887&orgId=9900014768&announcementTime=2023-12-15 16:22:25
300138,晨光生物,关于为子公司银行借款提供担保的进展公告,2023-12-11 16:04:26,http://www.cninfo.com.cn/new/disclosure/detail?stockCode=300138&announcementId=1218578202&orgId=9900014768&announcementTime=2023-12-11 16:04:26
300138,晨光生物,关于回购公司股份的进展公告,2023-12-11 16:04:22,http://www.cninfo.com.cn/new/disclosure/detail?stockCode=300138&announcementId=1218578203&orgId=9900014768&announcementTime=2023-12-11 16:04:22
300138,晨光生物,关于子公司完成变更登记的公告,2023-12-07 18:02:24,http://www.cninfo.com.cn/new/disclosure/detail?stockCode=300138&announcementId=1218545482&orgId=9900014768&announcementTime=2023-12-07 18:02:24
300138,晨光生物,关于子公司通过高新技术企业认定的公告,2023-12-05 18:16:22,http://www.cninfo.com.cn/new/disclosure/detail?stockCode=300138&announcementId=1218521454&orgId=9900014768&announcementTime=2023-12-05 18:16:22
300138,晨光生物,关于子公司完成变更登记的公告,2023-12-05 18:15:27,http://www.cninfo.com.cn/new/disclosure/detail?stockCode=300138&announcementId=1218521455&orgId=9900014768&announcementTime=2023-12-05 18:15:27
300138,晨光生物,关于回购公司股份的进展公告,2023-12-04 00:00:00,http://www.cninfo.com.cn/new/disclosure/detail?stockCode=300138&announcementId=1218495102&orgId=9900014768&announcementTime=2023-12-04 00:00:00
300138,晨光生物,关于为子公司银行借款提供担保的进展公告,2023-11-30 17:06:24,http://www.cninfo.com.cn/new/disclosure/detail?stockCode=300138&announcementId=1218483108&orgId=9900014768&announcementTime=2023-11-30 17:06:24
300138,晨光生物,关于取得专利证书及软件著作权登记证书的公告,2023-11-30 17:06:21,http://www.cninfo.com.cn/new/disclosure/detail?stockCode=300138&announcementId=1218483109&orgId=9900014768&announcementTime=2023-11-30 17:06:21
300138,晨光生物,关于为子公司银行借款提供担保的进展公告,2023-11-28 16:52:22,http://www.cninfo.com.cn/new/disclosure/detail?stockCode=300138&announcementId=1218464967&orgId=9900014768&announcementTime=2023-11-28 16:52:22
300138,晨光生物,关于公司取得商标注册证的公告,2023-11-28 16:50:24,http://www.cninfo.com.cn/new/disclosure/detail?stockCode=300138&announcementId=1218464966&orgId=9900014768&announcementTime=2023-11-28 16:50:24
300138,晨光生物,关于子公司完成变更登记的公告,2023-11-24 17:04:21,http://www.cninfo.com.cn/new/disclosure/detail?stockCode=300138&announcementId=1218431169&orgId=9900014768&announcementTime=2023-11-24 17:04:21
300138,晨光生物,关于首次实施回购公司股份的公告,2023-11-21 16:00:38,http://www.cninfo.com.cn/new/disclosure/detail?stockCode=300138&announcementId=1218392131&orgId=9900014768&announcementTime=2023-11-21 16:00:38
300138,晨光生物,关于为子公司银行借款提供担保的进展公告,2023-11-20 17:04:23,http://www.cninfo.com.cn/new/disclosure/detail?stockCode=300138&announcementId=1218379869&orgId=9900014768&announcementTime=2023-11-20 17:04:23
300138,晨光生物,关于公司及子公司取得商标注册证的公告,2023-11-20 17:04:22,http://www.cninfo.com.cn/new/disclosure/detail?stockCode=300138&announcementId=1218379867&orgId=9900014768&announcementTime=2023-11-20 17:04:22
300138,晨光生物,2023年第三次临时股东大会法律意见书,2023-11-17 18:54:25,http://www.cninfo.com.cn/new/disclosure/detail?stockCode=300138&announcementId=1218369919&orgId=9900014768&announcementTime=2023-11-17 18:54:25
300138,晨光生物,回购报告书,2023-11-17 18:54:22,http://www.cninfo.com.cn/new/disclosure/detail?stockCode=300138&announcementId=1218369918&orgId=9900014768&announcementTime=2023-11-17 18:54:22
300138,晨光生物,2023年第三次临时股东大会决议公告,2023-11-17 18:54:22,http://www.cninfo.com.cn/new/disclosure/detail?stockCode=300138&announcementId=1218369917&orgId=9900014768&announcementTime=2023-11-17 18:54:22
300138,晨光生物,关于回购公司股份通知债权人的公告,2023-11-17 18:53:13,http://www.cninfo.com.cn/new/disclosure/detail?stockCode=300138&announcementId=1218369920&orgId=9900014768&announcementTime=2023-11-17 18:53:13
300138,晨光生物,关于使用部分闲置募集资金进行现金管理的进展公告,2023-11-14 17:50:25,http://www.cninfo.com.cn/new/disclosure/detail?stockCode=300138&announcementId=1218330179&orgId=9900014768&announcementTime=2023-11-14 17:50:25
300138,晨光生物,关于为子公司银行借款提供担保的进展公告,2023-11-14 17:50:25,http://www.cninfo.com.cn/new/disclosure/detail?stockCode=300138&announcementId=1218330178&orgId=9900014768&announcementTime=2023-11-14 17:50:25
300138,晨光生物,关于回购股份事项前十名股东及前十名无限售条件股东持股信息的公告,2023-11-14 16:28:25,http://www.cninfo.com.cn/new/disclosure/detail?stockCode=300138&announcementId=1218329153&orgId=9900014768&announcementTime=2023-11-14 16:28:25
300138,晨光生物,关于召开2023年第三次临时股东大会的提示性公告,2023-11-13 17:40:24,http://www.cninfo.com.cn/new/disclosure/detail?stockCode=300138&announcementId=1218324297&orgId=9900014768&announcementTime=2023-11-13 17:40:24
300138,晨光生物,关于为子公司银行借款提供担保的进展公告,2023-11-06 17:30:27,http://www.cninfo.com.cn/new/disclosure/detail?stockCode=300138&announcementId=1218268928&orgId=9900014768&announcementTime=2023-11-06 17:30:27
300138,晨光生物,关于变更募集资金专户后签署募集资金三方监管协议的公告,2023-11-06 17:30:21,http://www.cninfo.com.cn/new/disclosure/detail?stockCode=300138&announcementId=1218268927&orgId=9900014768&announcementTime=2023-11-06 17:30:21
300138,晨光生物,关于回购股份事项前十名股东及前十名无限售条件股东持股信息的公告,2023-11-04 00:00:00,http://www.cninfo.com.cn/new/disclosure/detail?stockCode=300138&announcementId=1218245617&orgId=9900014768&announcementTime=2023-11-04 00:00:00
300138,晨光生物,关于公司及子公司取得专利证书的公告,2023-11-04 00:00:00,http://www.cninfo.com.cn/new/disclosure/detail?stockCode=300138&announcementId=1218245616&orgId=9900014768&announcementTime=2023-11-04 00:00:00
300138,晨光生物,第五届监事会第五次会议决议公告,2023-11-02 00:00:00,http://www.cninfo.com.cn/new/disclosure/detail?stockCode=300138&announcementId=1218229598&orgId=9900014768&announcementTime=2023-11-02 00:00:00
300138,晨光生物,关于召开2023年第三次临时股东大会的通知,2023-11-02 00:00:00,http://www.cninfo.com.cn/new/disclosure/detail?stockCode=300138&announcementId=1218229597&orgId=9900014768&announcementTime=2023-11-02 00:00:00
300138,晨光生物,关于完成《公司章程》备案登记的公告,2023-11-02 00:00:00,http://www.cninfo.com.cn/new/disclosure/detail?stockCode=300138&announcementId=1218229596&orgId=9900014768&announcementTime=2023-11-02 00:00:00
300138,晨光生物,第五届董事会第五次会议决议公告,2023-11-02 00:00:00,http://www.cninfo.com.cn/new/disclosure/detail?stockCode=300138&announcementId=1218229595&orgId=9900014768&announcementTime=2023-11-02 00:00:00
300138,晨光生物,独立董事关于公司第五届董事会第五次会议相关事项的独立意见,2023-11-02 00:00:00,http://www.cninfo.com.cn/new/disclosure/detail?stockCode=300138&announcementId=1218229594&orgId=9900014768&announcementTime=2023-11-02 00:00:00
300138,晨光生物,关于回购公司股份方案的公告,2023-11-02 00:00:00,http://www.cninfo.com.cn/new/disclosure/detail?stockCode=300138&announcementId=1218229593&orgId=9900014768&announcementTime=2023-11-02 00:00:00
300138,晨光生物,公司章程（2023年10月）,2023-11-02 00:00:00,http://www.cninfo.com.cn/new/disclosure/detail?stockCode=300138&announcementId=1218229592&orgId=9900014768&announcementTime=2023-11-02 00:00:00
300138,晨光生物,关于实际控制人提议回购公司股份的公告,2023-11-02 00:00:00,http://www.cninfo.com.cn/new/disclosure/detail?stockCode=300138&announcementId=1218229591&orgId=9900014768&announcementTime=2023-11-02 00:00:00
300138,晨光生物,关于为子公司银行借款提供担保的进展公告,2023-10-30 18:09:06,http://www.cninfo.com.cn/new/disclosure/detail?stockCode=300138&announcementId=1218201191&orgId=9900014768&announcementTime=2023-10-30 18:09:06
300138,晨光生物,关于使用部分闲置募集资金进行现金管理的进展公告,2023-10-24 17:34:23,http://www.cninfo.com.cn/new/disclosure/detail?stockCode=300138&announcementId=1218135617&orgId=9900014768&announcementTime=2023-10-24 17:34:23
300138,晨光生物,关于为子公司银行借款提供担保的进展公告,2023-10-24 17:34:20,http://www.cninfo.com.cn/new/disclosure/detail?stockCode=300138&announcementId=1218135619&orgId=9900014768&announcementTime=2023-10-24 17:34:20
300138,晨光生物,关于变更部分募集资金专户的公告,2023-10-24 00:00:00,http://www.cninfo.com.cn/new/disclosure/detail?stockCode=300138&announcementId=1218122481&orgId=9900014768&announcementTime=2023-10-24 00:00:00
300138,晨光生物,2023年三季度报告,2023-10-24 00:00:00,http://www.cninfo.com.cn/new/disclosure/detail?stockCode=300138&announcementId=1218122480&orgId=9900014768&announcementTime=2023-10-24 00:00:00
300138,晨光生物,独立董事关于公司第五届董事会第四次会议相关事项的独立意见,2023-10-24 00:00:00,http://www.cninfo.com.cn/new/disclosure/detail?stockCode=300138&announcementId=1218122479&orgId=9900014768&announcementTime=2023-10-24 00:00:00
300138,晨光生物,中原证券关于公司变更部分募集资金专户的核查意见,2023-10-24 00:00:00,http://www.cninfo.com.cn/new/disclosure/detail?stockCode=300138&announcementId=1218122477&orgId=9900014768&announcementTime=2023-10-24 00:00:00
300138,晨光生物,第五届董事会第四次会议决议公告,2023-10-24 00:00:00,http://www.cninfo.com.cn/new/disclosure/detail?stockCode=300138&announcementId=1218122476&orgId=9900014768&announcementTime=2023-10-24 00:00:00
300138,晨光生物,第五届监事会第四次会议决议公告,2023-10-24 00:00:00,http://www.cninfo.com.cn/new/disclosure/detail?stockCode=300138&announcementId=1218122475&orgId=9900014768&announcementTime=2023-10-24 00:00:00
300138,晨光生物,关于为子公司银行借款提供担保的进展公告,2023-10-17 17:12:25,http://www.cninfo.com.cn/new/disclosure/detail?stockCode=300138&announcementId=1218059188&orgId=9900014768&announcementTime=2023-10-17 17:12:25
300138,晨光生物,关于使用部分闲置募集资金进行现金管理的进展公告,2023-10-17 17:12:24,http://www.cninfo.com.cn/new/disclosure/detail?stockCode=300138&announcementId=1218059189&orgId=9900014768&announcementTime=2023-10-17 17:12:24
300138,晨光生物,2023年前三季度业绩预告,2023-10-10 18:11:16,http://www.cninfo.com.cn/new/disclosure/detail?stockCode=300138&announcementId=1218004070&orgId=9900014768&announcementTime=2023-10-10 18:11:16
300138,晨光生物,关于使用部分闲置募集资金进行现金管理的进展公告,2023-10-10 18:11:12,http://www.cninfo.com.cn/new/disclosure/detail?stockCode=300138&announcementId=1218004071&orgId=9900014768&announcementTime=2023-10-10 18:11:12
300138,晨光生物,2023年第二次临时股东大会决议公告,2023-10-09 18:48:23,http://www.cninfo.com.cn/new/disclosure/detail?stockCode=300138&announcementId=1217999509&orgId=9900014768&announcementTime=2023-10-09 18:48:23
300138,晨光生物,2023年第二次临时股东大会的法律意见书,2023-10-09 18:48:21,http://www.cninfo.com.cn/new/disclosure/detail?stockCode=300138&announcementId=1217999508&orgId=9900014768&announcementTime=2023-10-09 18:48:21
300138,晨光生物,关于召开2023年第二次临时股东大会的提示性公告,2023-09-27 17:30:31,http://www.cninfo.com.cn/new/disclosure/detail?stockCode=300138&announcementId=1217969131&orgId=9900014768&announcementTime=2023-09-27 17:30:31
300138,晨光生物,关于持股5%以上股东部分股份质押及解除质押的公告,2023-09-27 17:30:30,http://www.cninfo.com.cn/new/disclosure/detail?stockCode=300138&announcementId=1217969126&orgId=9900014768&announcementTime=2023-09-27 17:30:30
300138,晨光生物,关于为子公司银行借款提供担保的进展公告,2023-09-27 17:30:23,http://www.cninfo.com.cn/new/disclosure/detail?stockCode=300138&announcementId=1217969127&orgId=9900014768&announcementTime=2023-09-27 17:30:23
300138,晨光生物,关于公司取得商标注册证的公告,2023-09-27 17:30:21,http://www.cninfo.com.cn/new/disclosure/detail?stockCode=300138&announcementId=1217969129&orgId=9900014768&announcementTime=2023-09-27 17:30:21
300138,晨光生物,审计委员会工作细则（2023年修订）,2023-09-22 00:00:00,http://www.cninfo.com.cn/new/disclosure/detail?stockCode=300138&announcementId=1217918825&orgId=9900014768&announcementTime=2023-09-22 00:00:00
300138,晨光生物,提名委员会工作细则（2023年修订）,2023-09-22 00:00:00,http://www.cninfo.com.cn/new/disclosure/detail?stockCode=300138&announcementId=1217918824&orgId=9900014768&announcementTime=2023-09-22 00:00:00
300138,晨光生物,关于召开2023年第二次临时股东大会的通知,2023-09-22 00:00:00,http://www.cninfo.com.cn/new/disclosure/detail?stockCode=300138&announcementId=1217918823&orgId=9900014768&announcementTime=2023-09-22 00:00:00
300138,晨光生物,中原证券关于公司使用部分闲置募集资金进行现金管理的核查意见,2023-09-22 00:00:00,http://www.cninfo.com.cn/new/disclosure/detail?stockCode=300138&announcementId=1217918822&orgId=9900014768&announcementTime=2023-09-22 00:00:00
300138,晨光生物,关于开展套期保值业务的公告,2023-09-22 00:00:00,http://www.cninfo.com.cn/new/disclosure/detail?stockCode=300138&announcementId=1217918821&orgId=9900014768&announcementTime=2023-09-22 00:00:00
300138,晨光生物,关于开展套期保值业务的可行性分析报告,2023-09-22 00:00:00,http://www.cninfo.com.cn/new/disclosure/detail?stockCode=300138&announcementId=1217918819&orgId=9900014768&announcementTime=2023-09-22 00:00:00
300138,晨光生物,关于使用部分闲置募集资金进行现金管理的公告,2023-09-22 00:00:00,http://www.cninfo.com.cn/new/disclosure/detail?stockCode=300138&announcementId=1217918817&orgId=9900014768&announcementTime=2023-09-22 00:00:00
300138,晨光生物,第五届监事会第三次会议决议公告,2023-09-22 00:00:00,http://www.cninfo.com.cn/new/disclosure/detail?stockCode=300138&announcementId=1217918815&orgId=9900014768&announcementTime=2023-09-22 00:00:00
300138,晨光生物,战略委员会工作细则（2023年修订）,2023-09-22 00:00:00,http://www.cninfo.com.cn/new/disclosure/detail?stockCode=300138&announcementId=1217918813&orgId=9900014768&announcementTime=2023-09-22 00:00:00
300138,晨光生物,薪酬与考核委员会工作细则（2023年修订）,2023-09-22 00:00:00,http://www.cninfo.com.cn/new/disclosure/detail?stockCode=300138&announcementId=1217918811&orgId=9900014768&announcementTime=2023-09-22 00:00:00
300138,晨光生物,董事会议事规则（2023年修订）,2023-09-22 00:00:00,http://www.cninfo.com.cn/new/disclosure/detail?stockCode=300138&announcementId=1217918805&orgId=9900014768&announcementTime=2023-09-22 00:00:00
300138,晨光生物,董事会秘书工作细则（2023年修订）,2023-09-22 00:00:00,http://www.cninfo.com.cn/new/disclosure/detail?stockCode=300138&announcementId=1217918800&orgId=9900014768&announcementTime=2023-09-22 00:00:00
300138,晨光生物,独立董事关于公司第五届董事会第三次会议相关事项的独立意见,2023-09-22 00:00:00,http://www.cninfo.com.cn/new/disclosure/detail?stockCode=300138&announcementId=1217918791&orgId=9900014768&announcementTime=2023-09-22 00:00:00
300138,晨光生物,第五届董事会第三次会议决议公告,2023-09-22 00:00:00,http://www.cninfo.com.cn/new/disclosure/detail?stockCode=300138&announcementId=1217918788&orgId=9900014768&announcementTime=2023-09-22 00:00:00
300138,晨光生物,公司章程（待提交股东大会审议）,2023-09-22 00:00:00,http://www.cninfo.com.cn/new/disclosure/detail?stockCode=300138&announcementId=1217918787&orgId=9900014768&announcementTime=2023-09-22 00:00:00
300138,晨光生物,独立董事工作制度（2023年修订）,2023-09-22 00:00:00,http://www.cninfo.com.cn/new/disclosure/detail?stockCode=300138&announcementId=1217918785&orgId=9900014768&announcementTime=2023-09-22 00:00:00
300138,晨光生物,关于为子公司银行借款提供担保的进展公告,2023-09-21 18:34:24,http://www.cninfo.com.cn/new/disclosure/detail?stockCode=300138&announcementId=1217918199&orgId=9900014768&announcementTime=2023-09-21 18:34:24
300138,晨光生物,关于持股5%以上股东部分股份质押及解除质押的公告,2023-09-21 18:34:24,http://www.cninfo.com.cn/new/disclosure/detail?stockCode=300138&announcementId=1217918198&orgId=9900014768&announcementTime=2023-09-21 18:34:24
300138,晨光生物,关于签署募集资金三方监管协议的公告,2023-09-19 19:24:24,http://www.cninfo.com.cn/new/disclosure/detail?stockCode=300138&announcementId=1217898353&orgId=9900014768&announcementTime=2023-09-19 19:24:24
300138,晨光生物,关于公司取得商标注册证和专利证书的公告,2023-09-19 19:24:24,http://www.cninfo.com.cn/new/disclosure/detail?stockCode=300138&announcementId=1217898352&orgId=9900014768&announcementTime=2023-09-19 19:24:24
300138,晨光生物,关于持股5%以上股东部分股份质押及解除质押的公告,2023-09-15 17:40:21,http://www.cninfo.com.cn/new/disclosure/detail?stockCode=300138&announcementId=1217871017&orgId=9900014768&announcementTime=2023-09-15 17:40:21
300138,晨光生物,关于控股子公司公开发行股票并在北京证券交易所上市申请获得北京证券交易所受理的公告,2023-09-11 19:16:47,http://www.cninfo.com.cn/new/disclosure/detail?stockCode=300138&announcementId=1217824664&orgId=9900014768&announcementTime=2023-09-11 19:16:47
300138,晨光生物,关于独立董事收到河北证监局警示函的公告,2023-09-08 16:34:23,http://www.cninfo.com.cn/new/disclosure/detail?stockCode=300138&announcementId=1217811643&orgId=9900014768&announcementTime=2023-09-08 16:34:23
300138,晨光生物,关于控股子公司申请公开发行股票并在北京证券交易所上市的进展公告,2023-09-06 19:00:25,http://www.cninfo.com.cn/new/disclosure/detail?stockCode=300138&announcementId=1217796083&orgId=9900014768&announcementTime=2023-09-06 19:00:25
300138,晨光生物,关于控股子公司申请公开发行股票并在北京证券交易所上市辅导验收完成的提示性公告,2023-09-05 19:26:22,http://www.cninfo.com.cn/new/disclosure/detail?stockCode=300138&announcementId=1217784818&orgId=9900014768&announcementTime=2023-09-05 19:26:22
