date,open,high,low,close,volume,amount,outstanding_share,turnover
2021-01-04,11.66,11.93,11.47,11.83,4069509.0,47917645.0,133817825.0,0.03041081410492212
2021-01-05,11.82,12.41,11.73,12.14,4939500.0,59866960.0,133817825.0,0.0369121228804907
2021-01-06,11.98,12.26,11.55,11.64,4095200.0,48205476.0,133817825.0,0.030602798991838345
2021-01-07,11.69,12.42,11.61,11.63,4756300.0,56923147.0,133817825.0,0.035543097490935906
2021-01-08,11.31,11.41,10.88,10.97,5291688.0,58638473.0,133817825.0,0.0395439695720656
2021-01-11,10.98,11.06,10.0,10.04,5272900.0,54579260.0,133817825.0,0.03940356974117611
2021-01-12,10.15,10.62,10.02,10.22,3369210.0,35046197.0,133817825.0,0.02517758751496671
2021-01-13,10.42,10.42,9.85,9.9,3151144.0,31458222.0,133817825.0,0.02354801387632776
2021-01-14,9.94,9.94,9.58,9.7,2209100.0,21444925.0,133817825.0,0.01650826412699504
2021-01-15,9.68,9.95,9.6,9.87,2330700.0,22925984.0,133817825.0,0.017416962202158045
2021-01-18,9.93,10.36,9.83,10.15,2423300.0,24407813.0,133817825.0,0.018108947742948297
2021-01-19,10.08,10.4,10.06,10.13,1789700.0,18266638.0,133817825.0,0.01337415250920421
2021-01-20,10.13,10.22,9.96,10.13,1495000.0,15105924.0,133817825.0,0.011171904789216236
2021-01-21,10.14,10.24,9.97,10.1,1505500.0,15253653.0,133817825.0,0.011250369672351199
2021-01-22,10.15,10.16,9.87,9.89,1605400.0,15948666.0,133817825.0,0.01199690698903528
2021-01-25,9.89,9.9,9.46,9.5,2167550.0,20794917.0,133817825.0,0.01619776737516097
2021-01-26,9.48,9.51,9.27,9.38,1560554.0,14608173.0,133817825.0,0.011661779736742844
2021-01-27,9.37,9.37,9.09,9.14,1677500.0,15393979.0,133817825.0,0.012535699186562029
2021-01-28,9.09,9.67,9.08,9.38,2644400.0,24849451.0,133817825.0,0.01976119399639024
2021-01-29,9.38,9.5,8.87,8.98,2448300.0,22342447.0,133817825.0,0.018295768893269636
2021-02-01,9.05,9.42,9.0,9.11,1985701.0,18267215.0,133817825.0,0.014838837800569544
2021-02-02,9.12,9.25,8.88,8.91,1726954.0,15572695.0,133817825.0,0.012905261313281695
2021-02-03,8.99,9.42,8.86,9.17,3448702.0,31824946.0,133817825.0,0.025771618990220475
2021-02-04,9.08,9.14,8.6,8.88,3166000.0,27999004.0,133817825.0,0.023659030476694716
2021-02-05,8.87,9.46,8.83,9.05,3205609.0,29424893.0,133817825.0,0.023955022434417838
2021-02-08,9.1,9.79,9.1,9.7,3737200.0,35349768.0,133817825.0,0.027927520119236732
2021-02-09,9.54,9.7,9.41,9.48,2822659.0,26889899.0,133817825.0,0.021093296053795525
2021-02-10,9.46,9.57,9.22,9.26,1955400.0,18327426.0,133817825.0,0.014612403093534064
2021-02-18,9.41,9.85,9.4,9.62,2340400.0,22607673.0,133817825.0,0.017489448808482726
2021-02-19,9.59,10.17,9.5,10.04,2243500.0,22378907.0,133817825.0,0.016765330029837208
2021-02-22,10.22,10.83,10.0,10.67,3671568.0,38435153.0,133817825.0,0.02743706228972112
2021-02-23,10.34,10.6,10.18,10.26,2354351.0,24392289.0,133817825.0,0.01759370248320805
2021-02-24,10.26,10.49,10.15,10.32,1658850.0,17084842.0,133817825.0,0.012396330608422308
2021-02-25,10.37,10.42,10.01,10.07,1532500.0,15529569.0,133817825.0,0.011452136514698247
2021-02-26,9.92,10.31,9.9,10.11,1647000.0,16645291.0,133817825.0,0.012307777383169993
2021-03-01,10.1,10.54,10.05,10.46,2306500.0,23693702.0,133817825.0,0.017236119328646986
2021-03-02,10.46,10.72,10.3,10.38,2136200.0,22464242.0,133817825.0,0.015963493652658006
2021-03-03,10.31,11.11,10.31,11.05,3958550.0,43312973.0,133817825.0,0.02958163458418189
2021-03-04,10.94,11.18,10.77,10.89,2563200.0,28138005.0,133817825.0,0.019154398900146523
2021-03-05,10.89,11.58,10.89,11.27,2671200.0,30246344.0,133817825.0,0.01996146626953472
2021-03-08,11.18,11.38,10.95,11.02,1892100.0,21050166.0,133817825.0,0.014139371940920426
2021-03-09,10.98,11.17,10.54,10.6,1808000.0,19579882.0,133817825.0,0.013510905591239433
2021-03-10,10.9,10.9,10.33,10.38,1236100.0,13007904.0,133817825.0,0.00923718495648842
2021-03-11,10.54,10.57,10.32,10.5,1108500.0,11567202.0,133817825.0,0.008283649805248292
2021-03-12,10.48,10.79,10.23,10.56,969600.0,10170129.0,133817825.0,0.007245671494062917
2021-03-15,10.51,10.82,10.4,10.62,868601.0,9210509.0,133817825.0,0.00649092151961071
2021-03-16,10.51,10.7,10.41,10.56,826500.0,8705287.0,133817825.0,0.006176307229623557
2021-03-17,10.63,12.67,10.56,11.93,8338918.0,99770524.0,133817825.0,0.06231545012781369
2021-03-18,11.52,11.83,11.06,11.41,6169418.0,70163845.0,133817825.0,0.046103110702927656
2021-03-19,11.28,11.83,11.27,11.27,3162800.0,36390482.0,133817825.0,0.023635117369453583
2021-03-22,11.3,11.45,11.14,11.19,2967900.0,33418609.0,133817825.0,0.022178659681548404
2021-03-23,11.25,11.3,11.05,11.15,2165100.0,24094781.0,133817825.0,0.01617945890242948
2021-03-24,11.13,11.21,10.8,10.93,1999900.0,21923531.0,133817825.0,0.014944944741106051
2021-03-25,10.82,11.11,10.6,10.68,1495800.0,16206565.0,133817825.0,0.011177883066026517
2021-03-26,10.8,10.96,10.61,10.92,1189956.0,12912350.0,133817825.0,0.0088923579500713
2021-03-29,10.84,10.97,10.74,10.84,1264944.0,13709931.0,133817825.0,0.00945273172688317
2021-03-30,10.86,10.89,10.35,10.35,1733000.0,18198657.0,133817825.0,0.012950442140275409
2021-03-31,10.48,10.48,10.15,10.21,799844.0,8190808.0,133814700.0,0.005977250630909758
2021-04-01,10.28,10.42,10.11,10.35,764700.0,7882429.0,133814700.0,0.005714618797486375
2021-04-02,10.38,10.4,10.14,10.17,909800.0,9279183.0,133814700.0,0.006798954076046951
2021-04-06,10.17,10.43,10.17,10.37,1016000.0,10513381.0,133814700.0,0.007592588856082329
2021-04-07,10.41,10.47,10.32,10.36,666101.0,6913842.0,133814700.0,0.00497778644648159
2021-04-08,10.36,10.36,9.96,10.25,1579400.0,16043482.0,133814700.0,0.011802888621354753
2021-04-09,10.25,10.73,10.06,10.56,1797600.0,18702388.0,133814700.0,0.01343350170048582
2021-04-12,10.75,12.21,10.7,10.89,4123200.0,46421236.0,133814700.0,0.03081275823956561
2021-04-13,10.95,11.83,10.18,11.82,9149054.0,104850700.0,133814700.0,0.06837106835048765
2021-04-14,11.7,11.7,10.8,10.99,6019254.0,66787580.0,133814700.0,0.04498200870307971
2021-04-15,10.85,10.98,10.15,10.15,4110901.0,42968542.0,133814700.0,0.030720847560096163
2021-04-16,10.14,10.37,10.0,10.29,1879800.0,19211041.0,133814700.0,0.014047783987857837
2021-04-19,10.29,10.43,10.13,10.32,1836300.0,18926634.0,133814700.0,0.013722707594905492
2021-04-20,10.29,10.49,10.23,10.26,1531200.0,15834602.0,133814700.0,0.011442689031922502
2021-04-21,10.33,10.57,10.13,10.37,1938101.0,20103353.0,133814700.0,0.014483468557639781
2021-04-22,10.38,10.53,10.28,10.36,1298800.0,13519446.0,133814700.0,0.009705959061298945
2021-04-23,10.26,10.32,10.15,10.15,1109900.0,11327060.0,133814700.0,0.008294305483627733
2021-04-26,10.15,10.18,9.79,9.85,2078800.0,20672712.0,133814700.0,0.015534915072858214
2021-04-27,9.76,9.86,9.53,9.6,1558100.0,14985787.0,133814700.0,0.01164371328411602
2021-04-28,9.7,10.13,9.6,9.84,1512216.0,14910712.0,133814700.0,0.011300821210225782
2021-04-29,9.81,10.28,9.79,10.22,1551782.0,15619516.0,133814700.0,0.01159649874042239
2021-04-30,10.12,10.3,10.08,10.2,795800.0,8097108.0,133814700.0,0.005947029735895982
2021-05-06,10.2,10.45,10.2,10.36,1005431.0,10417965.0,133814700.0,0.0075136065021257
2021-05-07,10.55,10.55,10.32,10.42,957831.0,9967573.0,133814700.0,0.007157890725010032
2021-05-10,10.47,10.47,10.0,10.06,1659304.0,16803825.0,133814700.0,0.012400012853595307
2021-05-11,10.16,10.31,10.03,10.12,1421920.0,14404320.0,133814700.0,0.010626037348661993
2021-05-12,10.04,10.68,9.89,10.47,1806000.0,18702611.0,133814700.0,0.013496275072917998
2021-05-13,10.6,10.6,10.34,10.38,1157100.0,12105930.0,133814700.0,0.008647032052532345
2021-05-14,10.46,10.7,10.36,10.64,1314504.0,13910424.0,133814700.0,0.009823315375665005
2021-05-17,10.53,10.75,10.21,10.28,1366305.0,14178364.0,133814700.0,0.01021042531201729
2021-05-18,10.35,10.42,10.23,10.37,719104.0,7422781.0,133814700.0,0.0053738789535080975
2021-05-19,10.3,10.66,10.24,10.55,1077300.0,11271664.0,133814700.0,0.008050685014426667
2021-05-20,10.51,11.11,10.51,11.06,2756467.0,30123664.0,133814700.0,0.020599134474762488
2021-05-21,10.96,11.0,10.63,10.77,1300800.0,14024178.0,133814700.0,0.009720905102354226
2021-05-24,11.04,12.19,11.0,12.03,8422600.0,99631280.0,133814700.0,0.0629422626961014
2021-05-25,11.88,13.74,11.88,13.5,14140370.0,182861172.0,133814700.0,0.10567127527842607
2021-05-26,13.9,16.04,13.56,15.85,18953982.0,275916656.0,133814700.0,0.14164349656652073
2021-05-27,15.78,16.34,14.98,16.06,17921255.0,280677449.0,133814700.0,0.13392590649607256
2021-05-28,16.35,19.27,16.01,19.27,18754501.0,331488318.0,133814700.0,0.14015277095864653
2021-05-31,20.7,23.12,20.23,23.12,14357150.0,313303705.0,133814700.0,0.10729127666840788
2021-06-01,24.5,24.7,21.58,22.79,17676152.0,403867587.0,133814700.0,0.13209424674568637
2021-06-02,22.3,23.35,21.3,21.56,14360443.0,319138981.0,133814700.0,0.1073158853250054
2021-06-03,22.24,22.73,19.38,19.76,18925391.0,392112390.0,133814700.0,0.14142983543661497
2021-06-04,19.76,20.65,18.88,19.1,15196801.0,299151217.0,133814700.0,0.1135660058274614
2021-06-07,19.0,19.2,17.21,17.66,20757531.0,371981576.0,133814700.0,0.15512145526612547
2021-06-08,17.8,18.16,17.02,17.28,14733425.0,257962031.0,133814700.0,0.11010318746744566
2021-06-09,17.21,17.67,16.61,17.49,13923455.0,238434606.0,133814700.0,0.10405026503067301
2021-06-10,17.1,17.29,16.49,17.16,11725873.0,198046354.0,133814700.0,0.08762768963350065
2021-06-11,17.23,18.13,16.36,16.4,15416355.0,267363918.0,133814700.0,0.1152067373763869
2021-06-15,16.26,17.5,16.26,16.78,10991840.0,185069525.0,133814700.0,0.08214224595653542
2021-06-16,17.25,17.91,16.32,17.4,11529245.0,196706192.0,133814700.0,0.08615828455319184
2021-06-17,17.45,17.77,15.91,16.16,12032779.0,200889263.0,133814700.0,0.08992120447155656
2021-06-18,16.12,16.75,15.42,16.54,11108321.0,178446649.0,133814700.0,0.08301271086061546
2021-06-21,16.21,16.83,16.04,16.42,7282806.0,119114420.0,133814700.0,0.054424558736820394
2021-06-22,16.38,17.88,16.16,16.95,10638952.0,182779998.0,133814700.0,0.07950510668857756
2021-06-23,16.71,16.95,16.14,16.54,8674876.0,142169149.0,133814700.0,0.06482752642273233
2021-06-24,16.76,17.38,15.95,17.13,9918752.0,166177864.0,133814700.0,0.07412303730457118
2021-06-25,16.88,17.14,16.35,16.49,6089177.0,101143929.0,133814700.0,0.045504544717433884
2021-06-28,17.71,19.79,17.2,18.8,21221267.0,387333694.0,133814700.0,0.15858696391353116
2021-06-29,18.41,22.46,17.58,22.03,23249814.0,467251549.0,133814700.0,0.1737463372858139
2021-06-30,21.1,23.12,20.53,21.39,17864151.0,386734696.0,133774275.0,0.13353950899752587
2021-07-01,21.5,22.4,18.89,19.12,12075418.0,249068769.0,133774275.0,0.09026711600567448
2021-07-02,19.35,19.74,17.87,18.3,11929837.0,223236986.0,133774275.0,0.08917885744475161
2021-07-05,18.53,18.68,17.02,17.35,12351776.0,216985578.0,133774275.0,0.09233296910037449
2021-07-06,17.57,20.3,17.24,19.65,15148046.0,278886573.0,133774275.0,0.11323586691088403
2021-07-07,19.09,20.1,18.41,18.68,11590439.0,220138882.0,133774275.0,0.08664176277539161
2021-07-08,18.3,19.94,17.9,18.95,10632794.0,200588715.0,133774275.0,0.07948309942251602
2021-07-09,19.0,20.59,18.26,19.83,11486075.0,226097588.0,133774275.0,0.08586161278018513
2021-07-12,20.08,20.36,19.33,19.83,7987100.0,158181348.0,133774275.0,0.05970579919046468
2021-07-13,19.47,19.66,18.8,19.18,7064700.0,135498362.0,133774275.0,0.052810602038396395
2021-07-14,19.16,19.98,18.57,18.78,9102000.0,176394668.0,133774275.0,0.06803998750880914
2021-07-15,18.34,18.58,17.47,17.94,8540800.0,152843179.0,133774275.0,0.06384486105418997
2021-07-16,17.8,18.08,17.24,17.24,5220479.0,92268520.0,133774275.0,0.039024535920676826
2021-07-19,17.6,18.39,17.48,17.83,6474900.0,116629518.0,133774275.0,0.04840168261050191
2021-07-20,17.5,17.99,17.2,17.34,4252775.0,74122819.0,133774275.0,0.03179067873849438
2021-07-21,17.53,18.1,17.41,17.7,4706700.0,83581281.0,133774275.0,0.03518389466136146
2021-07-22,17.59,18.0,17.26,17.85,5846200.0,103497198.0,133774275.0,0.043701974837837845
2021-07-23,17.65,17.95,16.7,16.77,6888361.0,118590948.0,133774275.0,0.051492418852578346
2021-07-26,16.6,16.88,16.16,16.32,4798400.0,79129075.0,133774275.0,0.03586937772602393
2021-07-27,16.32,16.53,15.3,15.51,6044100.0,95914693.0,133774275.0,0.04518133250955761
2021-07-28,15.53,15.53,14.67,14.88,4755450.0,71214793.0,133774275.0,0.03554831450217166
2021-07-29,15.0,15.78,15.0,15.48,4448500.0,68377375.0,133774275.0,0.03325377767885492
2021-07-30,15.32,15.68,15.26,15.45,3466933.0,53704272.0,133774275.0,0.025916290706864232
2021-08-02,15.75,15.77,15.08,15.3,4196300.0,64781366.0,133774275.0,0.03136851236906348
2021-08-03,15.27,15.4,14.95,15.0,3689500.0,55971197.0,133774275.0,0.02758004108039457
2021-08-04,14.96,15.92,14.95,15.17,3870583.0,59305394.0,133774275.0,0.028933686988772692
2021-08-05,15.18,15.19,14.3,14.43,4437583.0,64982130.0,133774275.0,0.033172170060349795
2021-08-06,14.19,14.84,13.85,13.98,4441183.0,62631267.0,133774275.0,0.033199081063978855
2021-08-09,13.95,15.12,13.9,14.69,5836854.0,85565010.0,133774275.0,0.043632110882305286
2021-08-10,14.66,17.28,14.52,16.93,10334313.0,165995561.0,133774275.0,0.07725187073523665
2021-08-11,16.88,17.1,15.9,16.11,8980070.0,146320127.0,133774275.0,0.06712852676645042
2021-08-12,16.37,16.48,15.69,15.71,4367900.0,69428623.0,133774275.0,0.03265127020871539
2021-08-13,15.71,16.45,15.53,15.76,4183100.0,66773854.0,133774275.0,0.03126983868909026
2021-08-16,16.0,16.85,15.86,15.97,5666553.0,91940130.0,133774275.0,0.0423590634297962
2021-08-17,15.82,16.19,15.03,15.21,4239683.0,65854368.0,133774275.0,0.031692812388630025
2021-08-18,15.1,15.34,14.72,14.88,3178500.0,47479347.0,133774275.0,0.02376017362082508
2021-08-19,14.92,15.3,14.58,14.64,2568300.0,38125146.0,133774275.0,0.019198758505699246
2021-08-20,14.68,14.79,14.23,14.47,1779000.0,25627016.0,133774275.0,0.013298520960027628
2021-08-23,14.55,15.47,14.3,15.33,3801300.0,57377054.0,133774275.0,0.02841577724865263
2021-08-24,15.5,15.75,14.88,15.06,3882030.0,58767770.0,133774275.0,0.02901925650503432
2021-08-25,15.15,17.17,14.93,16.15,9639250.0,158447507.0,133774275.0,0.07205608103650721
2021-08-26,15.83,16.55,15.4,16.39,5946000.0,94512415.0,133774275.0,0.0444480076606657
2021-08-27,16.17,16.76,15.42,15.42,4783587.0,75671151.0,133774275.0,0.03575864642136913
2021-08-30,15.07,16.3,14.85,15.86,6132080.0,95285389.0,133774275.0,0.04583900753713672
2021-08-31,15.86,16.28,15.6,15.78,3281974.0,52296227.0,133774275.0,0.024533670617912152
2021-09-01,15.78,16.48,15.5,16.17,4150601.0,66899423.0,133774275.0,0.031026899603828914
2021-09-02,16.06,17.5,15.95,16.81,6975591.0,117985005.0,133774275.0,0.052144487421068066
2021-09-03,16.98,19.95,16.88,18.98,13715646.0,254931339.0,133774275.0,0.1025282775780321
2021-09-06,18.71,19.16,18.4,18.59,7748289.0,144792823.0,133774275.0,0.057920620388336994
2021-09-07,18.22,18.48,17.81,18.29,5489350.0,99445595.0,133774275.0,0.04103442160310718
2021-09-08,18.44,19.17,17.58,17.8,5660902.0,102521393.0,133774275.0,0.04231682062937736
2021-09-09,17.47,17.98,17.23,17.31,4295400.0,75014320.0,133774275.0,0.032109312496741246
2021-09-10,17.15,17.79,17.03,17.54,3881764.0,67501429.0,133774275.0,0.029017268080877283
2021-09-13,17.7,18.45,17.08,18.09,6251495.0,111576455.0,133774275.0,0.04673166795334903
2021-09-14,17.9,18.3,17.68,17.85,3780995.0,67776777.0,133774275.0,0.028263991712905938
2021-09-15,17.77,18.28,17.4,17.66,3168800.0,56701764.0,133774275.0,0.023687663416602334
2021-09-16,17.82,19.88,17.53,19.09,12876683.0,244565020.0,133774275.0,0.0962567952620188
2021-09-17,18.9,19.66,18.08,18.94,8557349.0,160590715.0,133774275.0,0.06396856944281701
2021-09-22,18.5,18.95,17.74,17.74,5620149.0,102278457.0,133774275.0,0.0420121805930176
2021-09-23,17.99,18.71,17.87,18.15,4634174.0,85167731.0,133774275.0,0.03464174259213888
2021-09-24,18.07,18.89,17.66,18.37,5590331.0,102448560.0,133774275.0,0.04178928273018112
2021-09-27,18.37,19.68,18.31,19.6,8069800.0,154441020.0,133774275.0,0.0603240047460545
2021-09-28,19.0,19.35,18.48,18.68,5615284.0,105568047.0,133774275.0,0.04197581336172444
2021-09-29,18.6,19.79,18.47,18.95,6574100.0,127068568.0,133774275.0,0.049143230266058255
2021-09-30,18.81,19.78,18.81,18.89,5613703.0,108069809.0,133487825.0,0.042054045003729744
2021-10-08,19.14,19.82,18.95,19.5,5925200.0,114991462.0,133487825.0,0.044387568679016234
2021-10-11,19.3,19.43,18.1,18.22,7278300.0,135043881.0,133487825.0,0.054524073637427235
2021-10-12,17.89,18.65,17.47,17.74,4299244.0,77240906.0,133487825.0,0.03220701213762379
2021-10-13,17.79,18.28,17.5,18.04,2905400.0,51836730.0,133487825.0,0.021765280841155362
2021-10-14,17.94,20.34,17.55,19.8,10456692.0,201622348.0,133487825.0,0.07833442488107062
2021-10-15,19.8,20.18,19.21,19.8,7150158.0,140712939.0,133487825.0,0.05356412092263845
2021-10-18,20.2,22.66,19.6,22.35,13229469.0,284200558.0,133487825.0,0.0991061844029596
2021-10-19,22.78,22.93,21.51,22.23,8485763.0,187425600.0,133487825.0,0.0635695652393767
2021-10-20,22.2,23.92,22.01,22.37,9014267.0,207834310.0,133487825.0,0.0675287577724785
2021-10-21,22.81,23.4,22.07,22.18,6067613.0,136919250.0,133487825.0,0.045454430020116066
2021-10-22,22.18,23.96,21.56,23.07,7284776.0,166312006.0,133487825.0,0.05457258742510787
2021-10-25,23.42,23.79,22.3,22.67,5275842.0,121197499.0,133487825.0,0.039523020170566116
2021-10-26,23.24,23.24,21.41,22.14,6617400.0,146294621.0,133487825.0,0.04957306031467664
2021-10-27,22.32,25.86,21.53,24.67,11028656.0,260293362.0,133487825.0,0.08261919017708169
2021-10-28,24.87,25.35,22.71,22.8,10419162.0,246503122.0,133487825.0,0.07805327564517588
2021-10-29,23.1,23.68,21.82,22.64,6095721.0,138813587.0,133487825.0,0.04566499603990102
2021-11-01,22.63,22.95,21.7,22.04,5382195.0,118706468.0,133487825.0,0.04031974451602609
2021-11-02,22.27,22.87,21.7,22.05,6181465.0,137261456.0,133487825.0,0.046307331773515675
2021-11-03,22.01,23.78,21.79,23.27,7704687.0,178550071.0,133487825.0,0.05771827505617085
2021-11-04,23.12,23.6,22.58,23.31,5922690.0,136637446.0,133487825.0,0.04436876546606404
2021-11-05,23.01,23.59,22.54,22.78,3918786.0,90007970.0,133487825.0,0.029356879550625683
2021-11-08,22.82,22.84,20.37,20.84,7493630.0,159661111.0,133487825.0,0.05613717955176811
2021-11-09,21.0,21.16,20.5,20.55,3053200.0,63516858.0,133487825.0,0.02287249792256335
2021-11-10,20.64,22.3,20.64,21.88,6169486.0,134463382.0,133487825.0,0.04621759325241834
2021-11-11,21.88,22.44,20.4,21.14,5259508.0,111686947.0,133487825.0,0.03940065695129874
2021-11-12,20.84,21.28,20.1,20.44,5888700.0,121133925.0,133487825.0,0.044114135502619806
2021-11-15,20.48,20.93,20.2,20.33,3276800.0,67034175.0,133487825.0,0.024547557052487744
2021-11-16,20.43,21.14,20.19,20.78,3894300.0,80698871.0,133487825.0,0.02917344709152314
2021-11-17,20.47,20.81,20.23,20.61,2894800.0,59393003.0,133487825.0,0.021685872850201883
2021-11-18,20.86,21.78,20.57,20.86,4644700.0,98318703.0,133487825.0,0.03479493354543757
2021-11-19,20.75,20.9,20.08,20.69,3467300.0,70986757.0,133487825.0,0.02597465349368004
2021-11-22,20.7,20.7,19.93,20.16,3764303.0,75935640.0,133487825.0,0.0281995979783175
2021-11-23,20.04,20.74,20.04,20.17,2305259.0,46871372.0,133487825.0,0.01726943262428615
2021-11-24,20.33,20.62,19.91,20.5,2764230.0,56026521.0,133487825.0,0.02070773121069281
2021-11-25,20.43,21.85,20.2,20.98,5901341.0,124698254.0,133487825.0,0.04420883327749179
2021-11-26,20.93,21.78,20.55,21.32,3343294.0,70885986.0,133487825.0,0.02504568487800292
2021-11-29,20.86,21.11,20.41,20.57,2876700.0,59544982.0,133487825.0,0.02155027995998886
2021-11-30,20.6,20.94,20.25,20.37,3118129.0,63926190.0,133487825.0,0.023358901832433034
2021-12-01,20.41,20.55,19.99,20.55,2622975.0,53127973.0,133487825.0,0.01964954481803865
2021-12-02,20.38,20.58,19.6,19.6,2779100.0,55741445.0,133487825.0,0.020819127137624724
2021-12-03,19.6,19.96,19.44,19.83,1626883.0,32106795.0,133487825.0,0.012187500994940925
2021-12-06,19.23,19.23,16.67,16.99,10028400.0,176278645.0,133487825.0,0.07512595249791507
2021-12-07,16.99,17.39,16.54,17.18,4733785.0,80553997.0,133487825.0,0.035462297778842376
2021-12-08,17.3,17.3,16.73,17.28,3047678.0,52013751.0,133487825.0,0.022831130854068526
2021-12-09,17.23,17.6,17.1,17.15,2770000.0,47892546.0,133487825.0,0.02075095612652315
2021-12-10,17.14,17.43,17.05,17.17,2083679.0,35858791.0,133487825.0,0.015609505960562322
2021-12-13,17.35,17.35,16.66,16.81,3167783.0,53699470.0,133487825.0,0.023730875830810787
2021-12-14,16.7,17.69,16.69,17.18,4400000.0,76220523.0,133487825.0,0.032961807565596336
2021-12-15,17.2,17.35,16.81,16.94,2671956.0,45412567.0,133487825.0,0.020016477158122846
2021-12-16,17.03,17.13,16.76,16.96,1809458.0,30562944.0,133487825.0,0.01355522872591564
2021-12-17,16.91,18.28,16.82,17.66,5494668.0,97041070.0,133487825.0,0.04116231573928184
2021-12-20,17.71,18.1,17.36,17.89,3887649.0,69195827.0,133487825.0,0.029123622322859782
2021-12-21,17.93,18.1,17.61,17.92,2163902.0,38667619.0,133487825.0,0.016210482117002056
2021-12-22,18.06,18.79,17.88,18.53,3975951.0,72979352.0,133487825.0,0.029785120852781892
2021-12-23,18.54,18.91,18.2,18.56,2863700.0,53261149.0,133487825.0,0.021452892801272327
2021-12-24,18.78,18.78,18.05,18.05,1990600.0,36496685.0,133487825.0,0.014912221395471834
2021-12-27,18.29,18.75,17.88,18.55,2386859.0,43844763.0,133487825.0,0.017880724328229933
2021-12-28,18.57,18.57,17.92,18.05,2130404.0,38634294.0,133487825.0,0.01595953788294925
2021-12-29,17.97,18.11,17.58,17.83,2168001.0,38528680.0,133487825.0,0.01624118903727737
2021-12-30,17.92,18.2,17.73,18.08,1794800.0,32378366.0,133487825.0,0.013445420958802797
2021-12-31,18.04,18.78,18.04,18.54,2446956.0,45162516.0,133555700.0,0.018321614128037966
2022-01-04,18.49,20.24,18.49,19.64,6495460.0,127265659.0,133555700.0,0.04863483924684607
2022-01-05,20.2,20.2,18.8,18.96,4056175.0,78675982.0,133555700.0,0.030370661828735126
2022-01-06,19.0,19.0,18.45,18.85,2434300.0,45478676.0,133555700.0,0.01822685216729799
2022-01-07,18.85,19.15,18.07,18.07,2741400.0,50604740.0,133555700.0,0.020526267317680938
2022-01-10,18.06,19.15,18.06,19.02,3240181.0,61053687.0,133555700.0,0.0242608963900455
2022-01-11,19.1,19.2,18.35,18.44,2086900.0,38916934.0,133555700.0,0.015625690255077096
2022-01-12,18.56,20.19,18.42,20.0,5570682.0,108302156.0,133555700.0,0.041710552226524214
2022-01-13,20.39,23.95,20.22,21.18,12856703.0,276078021.0,133555700.0,0.09626472700154318
2022-01-14,22.7,25.42,22.7,23.3,23269452.0,559510239.0,133555700.0,0.17423031738817588
2022-01-17,22.12,22.7,21.1,21.6,17388612.0,376543316.0,133555700.0,0.13019745319742998
2022-01-18,20.9,20.9,18.96,19.58,13697910.0,269637462.0,133555700.0,0.10256327509795539
2022-01-19,19.45,19.98,19.31,19.66,5571191.0,109498123.0,133555700.0,0.041714363370488866
2022-01-20,19.76,20.7,19.33,19.42,6363136.0,127372183.0,133555700.0,0.04764406161623952
2022-01-21,18.93,19.42,18.8,18.91,5403816.0,103061079.0,133555700.0,0.04046114093221031
2022-01-24,18.8,19.0,18.29,18.42,4480500.0,82927624.0,133555700.0,0.033547800655456865
2022-01-25,18.26,18.42,17.32,17.55,3587300.0,64128160.0,133555700.0,0.0268599543111975
2022-01-26,17.57,18.18,17.55,17.83,2406800.0,43063241.0,133555700.0,0.01802094556802892
2022-01-27,17.72,18.09,17.39,17.39,2419600.0,42662229.0,133555700.0,0.018116785730597794
2022-01-28,17.47,17.84,17.23,17.47,2287600.0,40220484.0,133555700.0,0.017128434054106263
2022-02-07,16.24,16.4,14.88,15.28,10873700.0,168270128.0,133555700.0,0.08141696685353003
2022-02-08,15.3,15.37,14.6,15.36,9165341.0,137886320.0,133555700.0,0.06862560714368612
2022-02-09,15.78,16.22,15.44,16.0,6094324.0,97297774.0,133555700.0,0.04563132835214072
2022-02-10,16.0,17.49,16.0,16.82,6597234.0,111191917.0,133555700.0,0.049396873364446446
2022-02-11,17.04,17.06,16.42,16.55,3326300.0,55357033.0,133555700.0,0.02490571349631652
2022-02-14,16.67,17.75,16.44,17.72,5336901.0,92479686.0,133555700.0,0.03996011401984341
2022-02-15,17.81,17.9,17.27,17.47,2377400.0,41696401.0,133555700.0,0.017800812694628534
2022-02-16,17.71,17.71,17.24,17.45,1955141.0,34072343.0,133555700.0,0.01463914306914643
2022-02-17,17.49,18.1,17.32,17.68,2697650.0,48043383.0,133555700.0,0.020198688637025602
2022-02-18,17.47,18.42,17.45,17.96,2956637.0,53463787.0,133555700.0,0.02213785708884009
2022-02-21,17.97,18.28,17.77,18.05,2251437.0,40641261.0,133555700.0,0.016857663132311088
2022-02-22,18.09,18.21,17.61,17.98,2185689.0,38992190.0,133555700.0,0.016365374147265896
2022-02-23,18.05,18.27,17.74,18.03,1930800.0,34645825.0,133555700.0,0.014456889522498852
2022-02-24,17.88,18.27,17.17,17.35,3009300.0,53089528.0,133555700.0,0.022532171970196704
2022-02-25,17.59,18.07,17.56,17.98,2601200.0,46569191.0,133555700.0,0.01947651803704372
2022-02-28,17.98,17.98,17.25,17.93,2162700.0,38088988.0,133555700.0,0.016193243717789657
2022-03-01,17.6,18.1,17.6,17.81,2203890.0,39186414.0,133555700.0,0.016501654365931217
2022-03-02,17.74,18.56,17.65,18.05,3578700.0,64971304.0,133555700.0,0.026795561701971535
2022-03-03,18.19,18.85,18.05,18.77,4280700.0,79269824.0,133555700.0,0.032051795617858314
2022-03-04,18.71,18.71,17.9,18.1,3480258.0,63326279.0,133555700.0,0.026058475976689876
2022-03-07,18.1,18.98,17.93,18.31,4758839.0,88359289.0,133555700.0,0.03563186745305517
2022-03-08,18.31,18.35,17.5,17.61,3432061.0,61327692.0,133555700.0,0.025697600327054555
2022-03-09,17.61,18.13,16.84,17.64,2786505.0,48545759.0,133555700.0,0.020863991578045714
2022-03-10,17.9,17.9,17.15,17.28,2873100.0,50192480.0,133555700.0,0.02151237274036226
2022-03-11,17.22,18.1,16.83,17.84,4465361.0,79124350.0,133555700.0,0.03343444720068106
2022-03-14,17.98,18.11,17.02,17.09,3372300.0,59113572.0,133555700.0,0.025250139080548416
2022-03-15,16.9,17.14,16.3,16.3,2909861.0,48677009.0,133555700.0,0.02178762119475245
2022-03-16,16.8,16.8,15.92,16.57,2339700.0,38175061.0,133555700.0,0.01751853346581239
2022-03-17,16.77,17.44,16.49,17.06,2690900.0,46095267.0,133555700.0,0.02014814792629592
2022-03-18,17.15,17.58,17.0,17.4,2005100.0,34795181.0,133555700.0,0.015013211716160374
2022-03-21,17.5,18.56,17.33,18.25,3726700.0,67619219.0,133555700.0,0.027903713581674164
2022-03-22,18.15,18.38,17.75,17.86,2518863.0,45354012.0,133555700.0,0.018860018703806727
2022-03-23,17.91,18.02,17.66,17.89,1844700.0,32895392.0,133555700.0,0.01381221467896915
2022-03-24,17.95,18.35,17.67,17.79,2269200.0,40555877.0,133555700.0,0.016990663820413504
2022-03-25,17.99,18.5,17.58,18.21,2978128.0,54185938.0,133555700.0,0.02229877122429069
2022-03-28,18.42,18.76,17.86,18.3,2601307.0,47456998.0,133555700.0,0.019477319200902694
2022-03-29,18.28,19.24,18.05,18.53,5287443.0,99062358.0,133555700.0,0.03958979661669251
2022-03-30,17.98,18.5,17.7,18.16,3078811.0,55913692.0,133555700.0,0.023052636465534605
2022-03-31,18.19,18.86,18.1,18.56,3547800.0,65899022.0,133555700.0,0.026564197559520112
2022-04-01,18.64,19.2,18.38,18.79,3405107.0,64063694.0,133555700.0,0.025495781909720065
2022-04-06,18.85,20.17,18.85,19.83,5668669.0,111631229.0,133555700.0,0.04244423113352706
2022-04-07,19.59,20.39,19.43,20.02,4793102.0,95275948.0,133555700.0,0.035888412100719025
2022-04-08,19.57,19.89,18.19,18.44,6056600.0,112944765.0,133555700.0,0.04534886942301976
2022-04-11,18.7,19.13,18.04,18.67,4026400.0,75306621.0,133555700.0,0.03014772113807198
2022-04-12,18.53,18.75,17.77,18.6,3972301.0,72465142.0,133555700.0,0.029742654188477168
2022-04-13,18.6,20.2,18.35,19.71,6812470.0,132850213.0,133555700.0,0.05100845564809289
2022-04-14,20.39,20.97,19.2,20.65,7621822.0,154484816.0,133555700.0,0.057068489027424514
2022-04-15,20.63,21.37,19.67,20.86,7817919.0,159597092.0,133555700.0,0.05853676780549239
2022-04-18,20.34,21.99,20.34,21.99,8917987.0,190921693.0,133555700.0,0.06677354092711879
2022-04-19,24.57,26.39,23.65,26.39,17477257.0,444906901.0,133555700.0,0.13086118376078296
2022-04-20,28.0,29.89,25.61,26.4,27030367.0,742669936.0,133555700.0,0.20239021621690426
2022-04-21,27.44,28.28,26.3,27.05,18859400.0,515188256.0,133555700.0,0.14120999702745746
2022-04-22,26.59,27.73,25.21,25.22,17435587.0,459207738.0,133555700.0,0.13054917910654507
2022-04-25,24.68,25.99,24.15,24.15,16575606.0,419028352.0,133555700.0,0.12411006044669003
2022-04-26,24.57,26.17,24.27,25.3,13826815.0,349959759.0,133555700.0,0.10352845292263826
2022-04-27,25.0,25.28,22.05,23.31,17005196.0,395540737.0,133555700.0,0.12732662102778092
2022-04-28,23.6,24.0,22.66,22.95,10438700.0,242003917.0,133555700.0,0.07815989882872838
2022-04-29,23.36,25.7,23.36,25.61,12126200.0,298122826.0,133555700.0,0.09079507651114853
2022-05-05,25.6,26.72,24.9,26.14,11180700.0,288990281.0,133555700.0,0.0837156332526429
2022-05-06,25.11,26.95,25.05,26.41,9691778.0,253751508.0,133555700.0,0.07256731086730106
2022-05-09,26.44,27.76,26.15,27.75,8553300.0,231757446.0,133555700.0,0.06404294238284101
2022-05-10,27.35,28.26,26.51,28.08,8902700.0,243386287.0,133555700.0,0.06665907932046329
2022-05-11,27.8,27.9,26.68,26.8,7547700.0,206348699.0,133555700.0,0.05651349961102371
2022-05-12,26.0,30.5,26.0,29.85,12762653.0,367710117.0,133555700.0,0.09556052643204296
2022-05-13,29.82,30.22,28.79,29.42,9388802.0,275407549.0,133555700.0,0.07029877421929577
2022-05-16,29.8,31.13,29.54,30.88,10152396.0,307595336.0,133555700.0,0.07601619399246906
2022-05-17,31.06,34.8,28.45,28.96,24133890.0,759830434.0,133555700.0,0.18070280789213788
2022-05-18,29.97,30.1,28.63,28.86,10145673.0,297284658.0,133555700.0,0.0759658554445823
2022-05-19,28.29,29.1,27.72,28.52,6295853.0,179227070.0,133555700.0,0.04714027929919876
2022-05-20,29.1,29.67,28.11,28.48,6813100.0,196151575.0,133555700.0,0.05101317278109433
2022-05-23,28.97,31.88,28.78,30.93,11308200.0,346819337.0,133555700.0,0.08467029112198132
2022-05-24,31.02,32.0,29.71,31.62,9795199.0,302871248.0,133555700.0,0.07334167691831947
2022-05-25,31.42,32.42,30.25,31.12,8563498.0,266813112.0,133555700.0,0.06411930003736269
2022-05-26,30.88,31.22,29.61,29.86,5974704.0,180132599.0,133555700.0,0.04473567208288377
2022-05-27,30.19,31.13,29.5,29.8,5342804.0,161776676.0,133555700.0,0.040004312807315597
2022-05-30,30.0,30.29,29.0,30.03,5651380.0,168147040.0,133555700.0,0.042314779526444773
2022-05-31,30.0,30.85,29.51,30.33,5356400.0,162274869.0,133555700.0,0.04010611302999423
2022-06-01,30.2,30.32,27.8,28.38,10251927.0,294169728.0,133555700.0,0.07676143361908178
2022-06-02,28.06,28.38,27.4,27.56,6631600.0,184608651.0,133555700.0,0.04965418922591847
2022-06-06,27.36,28.9,27.11,28.52,5031999.0,141509524.0,133555700.0,0.03767715642237658
2022-06-07,28.32,29.32,28.18,28.82,4186200.0,121061453.0,133555700.0,0.03134422566764279
2022-06-08,29.02,31.66,28.66,30.98,6929500.0,210780921.0,133555700.0,0.051884719259455044
2022-06-09,30.65,32.5,30.64,32.0,5731900.0,182172512.0,133555700.0,0.042917674049104605
2022-06-10,31.69,33.3,31.64,31.9,5241610.0,170319882.0,133555700.0,0.03924662144708163
2022-06-13,32.07,32.55,31.26,31.69,4393200.0,139590943.0,133555700.0,0.03289414079668632
2022-06-14,31.44,32.76,31.28,31.84,4425000.0,141069403.0,133555700.0,0.03313224370056838
2022-06-15,32.07,32.07,29.35,29.58,7110610.0,214625055.0,133555700.0,0.05324078268467763
2022-06-16,29.81,30.1,29.24,29.5,3825500.0,113360076.0,133555700.0,0.028643479836502672
2022-06-17,29.51,29.85,28.6,29.0,3896600.0,112971065.0,133555700.0,0.029175841989521976
2022-06-20,29.39,29.8,28.62,29.8,4166400.0,121889425.0,133555700.0,0.03119597291616906
2022-06-21,29.7,29.85,28.3,28.7,3688400.0,106360967.0,133555700.0,0.027616941845237605
2022-06-22,28.72,29.29,28.13,28.83,2876735.0,82678177.0,133555700.0,0.021539589849029282
2022-06-23,28.82,29.19,27.7,28.18,3654400.0,102871815.0,133555700.0,0.027362366413414028
2022-06-24,28.18,29.6,28.01,28.86,3766400.0,108798442.0,133555700.0,0.028200967835891693
2022-06-27,29.01,29.89,28.34,28.74,4137500.0,119624651.0,133555700.0,0.03097958379911902
2022-06-28,28.65,28.88,28.08,28.2,4062900.0,115338114.0,133555700.0,0.03042101535164729
2022-06-29,28.5,29.43,27.81,27.87,6107550.0,174136446.0,133555700.0,0.045730358195120085
2022-06-30,27.99,30.2,27.75,29.75,7426302.0,217812478.0,133588181.0,0.05559101070475688
2022-07-01,29.8,32.19,29.51,31.8,9076887.0,282085212.0,133588181.0,0.06794678190879776
2022-07-04,31.7,32.24,30.71,31.39,6673400.0,208834799.0,133588181.0,0.049955018101489085
2022-07-05,31.5,31.53,30.04,30.75,4872679.0,148931364.0,133588181.0,0.036475375018393284
2022-07-06,30.69,31.48,29.72,30.2,4188400.0,127082477.0,133588181.0,0.031353073068642205
2022-07-07,30.5,31.07,29.7,30.78,3419957.0,104321048.0,133588181.0,0.02560074532342049
2022-07-08,30.56,31.25,30.05,30.2,3507434.0,107015450.0,133588181.0,0.026255571217037532
2022-07-11,30.2,33.6,30.2,32.97,7364102.0,237399955.0,133588181.0,0.05512540065202325
2022-07-12,32.61,32.95,30.52,30.57,6262100.0,196001944.0,133588181.0,0.046876152913557526
2022-07-13,31.09,31.69,30.05,30.48,3189635.0,97924604.0,133588181.0,0.023876625732331815
2022-07-14,30.54,31.0,30.06,30.68,2579735.0,78952165.0,133588181.0,0.019311102080205735
2022-07-15,30.61,30.78,29.61,30.01,3219200.0,97049749.0,133588181.0,0.024097940221223614
2022-07-18,29.99,30.98,29.08,29.37,3872500.0,114330914.0,133588181.0,0.028988342913359978
2022-07-19,29.77,31.18,29.38,31.01,4264200.0,129274283.0,133588181.0,0.03192048853483528
2022-07-20,32.0,32.0,28.2,29.05,7485425.0,219071265.0,133588181.0,0.056033587282695314
2022-07-21,29.05,29.3,28.61,28.73,2890700.0,83696953.0,133588181.0,0.02163889034464808
2022-07-22,28.51,28.92,28.01,28.18,2848763.0,80764972.0,133588181.0,0.02132496287227685
2022-07-25,28.36,28.5,27.51,27.77,2751160.0,76805924.0,133588181.0,0.020594336859785522
2022-07-26,28.14,28.48,27.52,28.1,2121363.0,59312997.0,133588181.0,0.015879870390629842
2022-07-27,28.1,28.1,26.75,26.86,5284298.0,143396147.0,133588181.0,0.039556628142125835
2022-07-28,27.03,27.4,26.06,26.4,3937863.0,104785655.0,133588181.0,0.029477630210415096
2022-07-29,26.71,26.97,25.82,26.93,4156300.0,109827278.0,133588181.0,0.031112782350109253
2022-08-01,26.61,28.28,26.38,27.7,5598212.0,154619114.0,133588181.0,0.041906491712766114
2022-08-02,27.58,28.35,26.65,27.17,4743454.0,130991189.0,133588181.0,0.035508036448224416
2022-08-03,27.22,28.05,26.67,27.07,3537663.0,95978556.0,133588181.0,0.02648185620552764
2022-08-04,27.11,27.37,26.18,26.79,2606400.0,69368452.0,133588181.0,0.019510708061815738
2022-08-05,26.7,28.5,26.68,28.15,4570200.0,126626355.0,133588181.0,0.03421111033767276
2022-08-08,27.83,28.12,27.03,27.5,2935200.0,80606707.0,133588181.0,0.021972003646041113
2022-08-09,27.5,27.5,26.58,26.72,2197127.0,58931296.0,133588181.0,0.016447016371904936
2022-08-10,26.72,27.4,26.66,27.13,1976244.0,53353535.0,133588181.0,0.014793554229172414
2022-08-11,27.05,27.99,26.82,27.55,2606300.0,71688224.0,133588181.0,0.019509959492599125
2022-08-12,27.62,28.64,27.45,28.18,3068900.0,86379749.0,133588181.0,0.022972840688653438
2022-08-15,28.06,29.9,28.0,29.47,4992764.0,145935600.0,133588181.0,0.03737429436216367
2022-08-16,29.46,29.7,29.04,29.54,2301201.0,67590479.0,133588181.0,0.01722608229840333
2022-08-17,29.62,29.93,29.31,29.71,1665900.0,49290092.0,133588181.0,0.012470414579565239
2022-08-18,30.0,30.36,29.5,29.85,2606303.0,77999186.0,133588181.0,0.019509981949675622
2022-08-19,29.94,31.79,29.42,30.67,5245344.0,161964549.0,133588181.0,0.039265030489486194
2022-08-22,30.3,31.54,30.3,31.39,2768644.0,85908958.0,133588181.0,0.020725216701618237
2022-08-23,31.39,32.5,31.18,31.67,2911000.0,92773199.0,133588181.0,0.02179084989562063
2022-08-24,31.69,32.0,30.56,30.79,3364700.0,104567790.0,133588181.0,0.02518710843139634
2022-08-25,30.73,31.87,30.63,30.78,4107800.0,128371571.0,133588181.0,0.030749726280051678
2022-08-26,30.85,30.93,29.4,30.08,3912800.0,116925411.0,133588181.0,0.02929001630765524
2022-08-29,28.0,28.98,27.0,27.5,10599789.0,294119951.0,133588181.0,0.07934675747998994
2022-08-30,27.86,28.33,27.2,27.77,5639251.0,157238936.0,133588181.0,0.04221369703357215
2022-08-31,27.7,28.12,26.75,26.85,2865100.0,78211652.0,133588181.0,0.021447256625195008
2022-09-01,26.86,27.61,26.67,26.83,2482289.0,67043331.0,133588181.0,0.018581651321384486
2022-09-02,26.56,27.08,26.03,26.39,3256100.0,85979892.0,133588181.0,0.024374162262154015
2022-09-05,26.1,26.55,24.53,25.24,5932764.0,150218636.0,133588181.0,0.0444108449983311
2022-09-06,25.25,25.43,24.45,24.92,4279300.0,105958260.0,133588181.0,0.032033522486543925
2022-09-07,24.9,25.01,24.13,24.19,3899600.0,95277786.0,133588181.0,0.029191205171062252
2022-09-08,24.28,24.38,23.56,23.84,3303100.0,78964488.0,133588181.0,0.024725989793962386
2022-09-09,23.83,24.28,23.24,24.04,3455386.0,82036872.0,133588181.0,0.025865955911174507
2022-09-13,23.93,24.08,23.2,23.31,3542611.0,83216924.0,133588181.0,0.026518895410365683
2022-09-14,22.78,23.26,22.61,23.0,2570700.0,58943494.0,133588181.0,0.0192434688514847
2022-09-15,23.01,23.19,21.95,22.33,3188800.0,71612857.0,133588181.0,0.023870375179373092
2022-09-16,22.7,24.11,22.4,22.77,7396633.0,172762846.0,133588181.0,0.055368917703879805
2022-09-19,23.05,23.71,22.27,23.55,5071900.0,117682180.0,133588181.0,0.037966682097422974
2022-09-20,23.78,23.9,23.16,23.51,2498600.0,58719990.0,133588181.0,0.018703750446306323
2022-09-21,23.49,23.55,22.41,22.74,2308800.0,52929491.0,133588181.0,0.017282966073173794
2022-09-22,22.9,22.99,22.3,22.51,1818500.0,41118759.0,133588181.0,0.013612731204117526
2022-09-23,22.49,23.1,21.93,22.89,3799900.0,86014723.0,133588181.0,0.028444881662098534
2022-09-26,22.65,23.2,22.47,22.48,2640100.0,60158318.0,133588181.0,0.019762975887814508
2022-09-27,22.68,23.27,21.7,23.23,3625500.0,82062870.0,133588181.0,0.02713937694832449
2022-09-28,23.28,23.87,22.83,23.07,4468002.0,104293405.0,133588181.0,0.03344608756967804
2022-09-29,23.25,23.5,22.55,22.56,2350344.0,53763359.0,133588181.0,0.01759395166852373
2022-09-30,22.37,23.8,22.3,23.51,3922726.0,91476939.0,133591306.0,0.02936363239086831
2022-10-10,23.12,24.5,23.12,23.54,4269065.0,101819744.0,133591306.0,0.03195615888357286
2022-10-11,23.52,23.84,23.12,23.68,1973300.0,46365731.0,133591306.0,0.014771170812567697
2022-10-12,23.45,24.49,23.4,24.4,3374894.0,81492381.0,133591306.0,0.025262826609390283
2022-10-13,24.41,25.77,24.1,25.17,4124401.0,103313737.0,133591306.0,0.03087327404374653
2022-10-14,24.9,25.38,24.61,24.91,3020965.0,75254935.0,133591306.0,0.02261348504220776
2022-10-17,24.72,24.93,24.4,24.58,1775435.0,43624509.0,133591306.0,0.013290048979684351
2022-10-18,24.35,25.15,24.35,24.58,1666933.0,41229621.0,133591306.0,0.01247785540774637
2022-10-19,24.4,24.4,19.9,20.5,18532661.0,392659509.0,133591306.0,0.13872655006456783
2022-10-20,20.13,20.17,19.38,19.58,9343400.0,184319178.0,133591306.0,0.0699401800892642
2022-10-21,19.54,19.65,18.77,18.82,6810601.0,129776989.0,133591306.0,0.05098086996769086
2022-10-24,19.06,19.48,18.72,19.19,4927584.0,94631471.0,133591306.0,0.03688551409176283
2022-10-25,18.88,19.3,18.64,19.08,4032994.0,76411366.0,133591306.0,0.030189045385932523
2022-10-26,18.35,19.45,18.35,18.83,5803102.0,110194774.0,133591306.0,0.043439219016243466
2022-10-27,18.81,19.4,18.61,18.98,4433525.0,84346935.0,133591306.0,0.03318722701909958
2022-10-28,18.91,19.28,18.19,18.35,4376700.0,81090269.0,133591306.0,0.03276186251222067
2022-10-31,18.39,18.52,18.0,18.02,3593764.0,65762746.0,133591306.0,0.026901181728098383
2022-11-01,18.05,18.77,18.05,18.61,4478641.0,82844443.0,133591306.0,0.03352494360673441
2022-11-02,18.49,18.81,18.49,18.69,3066421.0,57168371.0,133591306.0,0.022953746705642656
2022-11-03,18.52,19.33,18.47,19.05,4125183.0,77937507.0,133591306.0,0.030879127718086683
2022-11-04,18.9,19.35,18.87,19.27,3908900.0,74769067.0,133591306.0,0.029260137632010276
2022-11-07,19.29,19.58,19.13,19.32,2681300.0,51870491.0,133591306.0,0.020070916890355124
2022-11-08,19.5,19.5,18.82,18.99,2457114.0,46746119.0,133591306.0,0.018392768762961267
2022-11-09,19.0,19.15,18.7,18.8,2363900.0,44600732.0,133591306.0,0.01769501377582161
2022-11-10,18.79,18.99,18.6,18.77,1822446.0,34268733.0,133591306.0,0.013641950622146026
2022-11-11,19.28,19.39,18.8,18.89,2992692.0,57112989.0,133591306.0,0.02240184701839804
2022-11-14,19.0,19.08,18.61,18.79,2242500.0,42296413.0,133591306.0,0.016786272004856363
2022-11-15,18.85,19.03,18.7,19.0,2460322.0,46481693.0,133591306.0,0.01841678230168661
2022-11-16,19.0,19.1,18.82,18.93,1850454.0,35054552.0,133591306.0,0.013851604983935107
2022-11-17,18.81,18.98,18.55,18.68,3512654.0,65704124.0,133591306.0,0.026294031439441125
2022-11-18,18.68,18.78,18.21,18.41,3133300.0,57691265.0,133591306.0,0.023454370601032976
2022-11-21,18.55,18.91,17.96,18.89,4745922.0,87660245.0,133591306.0,0.03552568009178681
2022-11-22,18.87,19.18,18.19,18.25,3951776.0,73786951.0,133591306.0,0.029581086661432894
2022-11-23,18.18,18.46,17.93,18.24,2121200.0,38435597.0,133591306.0,0.01587827878559702
2022-11-24,18.24,18.5,18.05,18.14,1833300.0,33490577.0,133591306.0,0.013723198424304648
2022-11-25,18.24,18.27,17.93,18.08,1401100.0,25346198.0,133591306.0,0.01048795795139543
2022-11-28,18.1,18.14,17.69,18.03,1821800.0,32715728.0,133591306.0,0.013637114978125897
2022-11-29,17.99,18.73,17.96,18.69,2945084.0,54252015.0,133591306.0,0.02204547652225213
2022-11-30,18.68,18.92,18.38,18.46,2041407.0,38032457.0,133591306.0,0.015280986922906496
2022-12-01,18.52,19.8,18.51,19.69,7517401.0,145761376.0,133591306.0,0.05627163342500746
2022-12-02,19.46,19.96,19.28,19.56,5195455.0,101692883.0,133591306.0,0.03889066703188005
2022-12-05,19.59,20.17,19.59,19.75,4656108.0,92512715.0,133591306.0,0.03485337586264783
2022-12-06,19.62,21.02,19.62,20.53,6939454.0,142541931.0,133591306.0,0.051945401297296995
2022-12-07,20.63,20.76,20.16,20.65,4147255.0,84815299.0,133591306.0,0.031044348050613412
2022-12-08,20.65,20.7,20.16,20.49,3184501.0,64795271.0,133591306.0,0.02383763655997195
2022-12-09,20.5,20.5,19.8,20.24,3031900.0,60911782.0,133591306.0,0.022695339171248163
2022-12-12,20.19,20.52,20.09,20.27,2242302.0,45492394.0,133591306.0,0.016784789872478677
2022-12-13,20.33,24.32,20.3,24.32,14192444.0,326666991.0,133591306.0,0.10623778167121145
2022-12-14,24.93,25.35,23.3,24.19,17739852.0,432037834.0,133591306.0,0.13279196477052183
2022-12-15,24.29,25.67,23.78,24.66,13239112.0,325388785.0,133591306.0,0.0991015987223001
2022-12-16,24.3,24.69,23.7,24.2,8234033.0,198880427.0,133591306.0,0.06163599448604837
2022-12-19,24.0,25.0,23.56,23.56,8884378.0,214239314.0,133591306.0,0.0665041630777979
2022-12-20,23.2,24.15,23.06,23.3,5930632.0,139208889.0,133591306.0,0.044393847006780514
2022-12-21,23.12,24.82,23.1,23.95,9952432.0,240658727.0,133591306.0,0.07449909951475435
2022-12-22,23.99,24.98,23.51,24.2,8802100.0,213313065.0,133591306.0,0.06588826970521569
2022-12-23,23.58,23.76,22.25,22.78,7707431.0,177758575.0,133591306.0,0.05769410623173337
2022-12-26,22.92,23.55,22.5,23.4,5227419.0,121311630.0,133591306.0,0.03912993409915463
2022-12-27,23.27,24.67,23.22,24.44,7878532.0,189378335.0,133591306.0,0.05897488568604906
2022-12-28,24.18,24.51,23.45,23.9,5972901.0,142767462.0,133591306.0,0.04471025232734831
2022-12-29,23.96,23.98,22.9,22.9,4498368.0,104646934.0,133591306.0,0.03367261040175773
2022-12-30,23.12,23.75,22.73,23.51,4434901.0,103460141.0,133591306.0,0.0331975270905728
2023-01-03,23.77,24.2,22.91,24.1,6070810.0,143472166.0,133591306.0,0.04544315181708007
2023-01-04,23.85,24.49,23.65,23.92,5164924.0,124350328.0,133591306.0,0.03866212671055106
2023-01-05,24.06,24.17,23.39,23.98,4240132.0,100673769.0,133591306.0,0.03173958041850418
2023-01-06,23.68,24.36,23.45,23.94,4764057.0,113909242.0,133591306.0,0.03566142994365217
2023-01-09,24.0,25.65,23.9,24.87,10777973.0,266299142.0,133591306.0,0.08067870075317626
2023-01-10,24.7,24.78,24.01,24.52,6591625.0,160298562.0,133591306.0,0.0493417213841745
2023-01-11,24.29,26.15,23.68,25.7,11270532.0,286898384.0,133591306.0,0.08436575955025097
2023-01-12,25.7,25.88,25.15,25.32,4742200.0,120546725.0,133591306.0,0.03549781899729313
2023-01-13,25.28,25.95,25.08,25.85,4858844.0,123944800.0,133591306.0,0.03637095964912567
2023-01-16,25.78,27.29,25.5,26.18,6093069.0,160605885.0,133591306.0,0.04560977194129684
2023-01-17,25.98,26.29,25.01,25.11,5352470.0,136420199.0,133591306.0,0.04006600549290236
2023-01-18,25.49,25.49,24.45,24.54,4612000.0,114868325.0,133591306.0,0.034523204676208494
2023-01-19,24.3,24.6,24.1,24.44,2344376.0,57190700.0,133591306.0,0.01754886654076127
2023-01-20,24.45,24.85,24.31,24.31,2261900.0,55465706.0,133591306.0,0.016931491035801386
2023-01-30,24.1,24.22,23.35,23.45,4192767.0,98905732.0,133591306.0,0.03138502890300361
2023-01-31,18.76,19.45,18.76,18.85,25398428.0,479072972.0,133591306.0,0.19012036606633667
2023-02-01,18.73,19.22,18.4,19.0,11351626.0,213660410.0,133591306.0,0.08497279007063528
2023-02-02,19.0,19.27,18.8,18.86,6066200.0,114875381.0,133591306.0,0.045408643583437984
2023-02-03,18.86,19.06,18.6,18.8,4047500.0,75952978.0,133591306.0,0.030297630296390696
2023-02-06,18.81,19.48,18.59,19.28,6901066.0,131610297.0,133591306.0,0.051658047268435266
2023-02-07,19.27,19.27,18.92,19.13,3768500.0,71785364.0,133591306.0,0.028209171036923615
2023-02-08,19.12,19.26,18.9,18.94,3851400.0,73484931.0,133591306.0,0.02882972040111652
2023-02-09,18.89,19.0,18.76,18.96,2898428.0,54660432.0,133591306.0,0.021696232238346408
2023-02-10,18.95,19.14,18.86,18.92,2305826.0,43697477.0,133591306.0,0.01726029985813598
2023-02-13,18.92,19.09,18.79,18.95,3414302.0,64555751.0,133591306.0,0.025557815865652214
2023-02-14,19.05,19.05,18.78,18.95,2163500.0,40904726.0,133591306.0,0.016194916157193644
2023-02-15,18.95,19.0,18.78,18.78,2217800.0,41756887.0,133591306.0,0.016601379733498525
2023-02-16,18.83,18.93,18.4,18.48,3092200.0,57709411.0,133591306.0,0.023146715849907178
2023-02-17,18.48,18.82,18.48,18.64,2065900.0,38572102.0,133591306.0,0.015464329692233115
2023-02-20,18.74,19.16,18.44,19.04,4260406.0,80288810.0,133591306.0,0.03189134179135879
2023-02-21,18.99,19.1,18.83,18.92,2378342.0,45020846.0,133591306.0,0.017803119613188003
2023-02-22,18.86,19.44,18.8,19.1,3422252.0,65363777.0,133591306.0,0.02561732572627144
2023-02-23,19.1,20.57,19.1,19.96,9085900.0,181404799.0,133591306.0,0.06801265944656608
2023-02-24,19.86,19.97,19.45,19.79,4161066.0,81898117.0,133591306.0,0.031147730526715562
2023-02-27,19.92,20.05,19.59,19.66,2669392.0,52827008.0,133591306.0,0.019981779353216295
2023-02-28,19.49,20.65,19.09,20.29,7090076.0,142421783.0,133591306.0,0.05307288484776097
2023-03-01,20.3,21.1,20.16,21.04,5386145.0,111364147.0,133591306.0,0.04031808027986492
2023-03-02,20.87,21.23,20.52,20.54,3290552.0,68389744.0,133591306.0,0.02463148312959827
2023-03-03,20.67,21.27,20.45,21.0,3634000.0,76248806.0,133591306.0,0.027202368992485185
2023-03-06,20.8,21.15,20.65,21.0,2061262.0,43137480.0,133591306.0,0.015429611864113372
2023-03-07,20.98,22.3,20.64,21.96,5854675.0,126742421.0,133591306.0,0.0438252695875284
2023-03-08,22.18,22.22,21.51,21.65,2957073.0,64096555.0,133591306.0,0.02213522038627274
2023-03-09,21.66,21.84,21.24,21.24,2235100.0,48034053.0,133591306.0,0.016730879178619602
2023-03-10,21.13,21.56,21.02,21.17,2627078.0,55830287.0,133591306.0,0.019665037184380847
2023-03-13,20.77,21.27,20.53,20.94,2743500.0,57270199.0,133591306.0,0.02053651605142628
2023-03-14,21.17,21.28,20.43,20.58,2167300.0,44942634.0,133591306.0,0.016223361122017926
2023-03-15,20.51,21.26,20.51,20.82,2074000.0,43499166.0,133591306.0,0.015524962380411192
2023-03-16,20.6,20.86,20.01,20.3,1666600.0,34128051.0,133591306.0,0.012475362730565716
2023-03-17,20.33,20.63,19.94,19.99,1639400.0,33062164.0,133591306.0,0.012271756666560323
2023-03-20,20.01,20.01,19.31,19.87,2151383.0,42264014.0,133591306.0,0.016104214146989475
2023-03-21,20.01,20.35,19.67,20.13,1200100.0,24147249.0,133591306.0,0.00898336902253205
2023-03-22,20.25,20.25,19.53,19.65,1837700.0,36351618.0,133591306.0,0.013756134699364344
2023-03-23,19.56,19.58,19.13,19.48,1678602.0,32471932.0,133591306.0,0.012565203906308095
2023-03-24,19.58,19.67,19.12,19.29,2585502.0,49804319.0,133591306.0,0.019353819327134956
2023-03-27,19.29,19.29,18.38,18.52,3131400.0,58630072.0,133591306.0,0.023440148118620833
2023-03-28,18.52,18.85,18.38,18.66,1920684.0,35728934.0,133591306.0,0.014377312846990207
2023-03-29,18.72,18.72,17.8,17.85,3458700.0,62485073.0,133591306.0,0.025890157852038666
2023-03-30,18.12,18.57,17.58,17.91,4609200.0,82959936.0,133591306.0,0.03450224522844324
2023-03-31,17.81,18.07,17.67,17.82,2900800.0,51912136.0,133591306.0,0.02171398788481041
2023-04-03,17.64,17.83,17.21,17.75,3342100.0,58554105.0,133591306.0,0.025017346562956726
2023-04-04,17.66,17.91,17.36,17.61,2744500.0,48224812.0,133591306.0,0.020544001568485303
2023-04-06,18.28,19.23,18.26,18.32,9508900.0,176987406.0,133591306.0,0.0711790331625323
2023-04-10,18.6,20.9,18.22,19.35,12047466.0,230537148.0,133591306.0,0.090181512260985
2023-04-11,19.61,20.82,19.38,20.56,7333922.0,147198560.0,133591306.0,0.054898198240535205
2023-04-12,20.6,21.09,20.08,20.6,5123083.0,104797474.0,133591306.0,0.03834892519128453
2023-04-13,20.45,21.26,20.33,21.05,3112375.0,64915206.0,133591306.0,0.023297736156572945
2023-04-14,21.05,21.36,20.55,20.89,3037863.0,63675628.0,133591306.0,0.02273997530947111
2023-04-17,20.79,20.9,20.33,20.47,3418635.0,70219061.0,133591306.0,0.025590250611068958
2023-04-18,20.47,21.49,20.2,21.42,2972763.0,61991909.0,133591306.0,0.022252668148928793
2023-04-19,21.43,21.44,20.63,20.97,2451375.0,51640874.0,133591306.0,0.01834980938055954
2023-04-20,20.81,21.23,20.64,20.89,1301900.0,27262368.0,133591306.0,0.009745394659140469
2023-04-21,20.7,20.98,20.38,20.7,1614168.0,33323126.0,133591306.0,0.012082882100127085
2023-04-24,20.7,21.56,20.41,21.22,2060193.0,43203876.0,133591306.0,0.015421609846377278
2023-04-25,19.9,20.26,18.36,18.7,4991239.0,97604550.0,133591306.0,0.03736200468015486
2023-04-26,18.94,19.66,18.7,19.36,1928393.0,37251310.0,133591306.0,0.014435018697998207
2023-04-27,20.08,20.85,19.8,20.42,2476300.0,50551885.0,133591306.0,0.01853638589325566
2023-04-28,20.39,20.82,20.18,20.46,1682495.0,34377598.0,133591306.0,0.012594345024218866
2023-05-04,20.1,20.48,20.06,20.2,1610854.0,32637597.0,133591306.0,0.012058075096593486
2023-05-05,20.01,20.2,19.23,19.96,1701300.0,33588620.0,133591306.0,0.012735110172513772
2023-05-08,19.91,20.02,19.32,19.33,1337200.0,26361864.0,133591306.0,0.010009633411323937
2023-05-09,19.56,19.67,18.56,18.61,1813327.0,34243703.0,133591306.0,0.013573690192084806
2023-05-10,18.61,19.01,18.45,19.01,986879.0,18573676.0,133591306.0,0.007387299589690365
2023-05-11,19.3,20.15,19.2,19.79,1596879.0,31654230.0,133591306.0,0.011953464995693656
2023-05-12,19.89,20.14,19.68,20.14,823200.0,16410489.0,133591306.0,0.006162077642986738
2023-05-15,20.11,20.11,19.36,19.59,815087.0,16053493.0,133591306.0,0.006101347643086894
2023-05-16,19.62,19.62,19.02,19.35,810096.0,15609610.0,133591306.0,0.006063987427445316
2023-05-17,19.25,19.77,19.2,19.74,670571.0,13064265.0,133591306.0,0.0050195706597853
2023-05-18,19.4,19.88,19.3,19.4,684700.0,13362194.0,133591306.0,0.00512533353031222
2023-05-19,19.33,19.39,18.85,19.24,1109679.0,21181769.0,133591306.0,0.00830652108453824
2023-05-22,19.03,19.36,18.71,19.06,1248200.0,23670403.0,133591306.0,0.009343422393070998
2023-05-23,19.0,19.25,18.9,19.05,817200.0,15582821.0,133591306.0,0.006117164540632607
2023-05-24,19.0,19.04,18.4,18.56,1208500.0,22604152.0,133591306.0,0.009046247365827834
2023-05-25,18.65,18.85,17.6,17.99,1992900.0,35920433.0,133591306.0,0.014917886946924525
2023-05-26,17.99,18.25,17.5,18.25,956395.0,17083819.0,133591306.0,0.007159111087663145
2023-05-29,18.07,19.3,18.03,18.65,1566200.0,29359322.0,133591306.0,0.011723816817839927
2023-05-30,18.59,18.77,18.3,18.45,663300.0,12244220.0,133591306.0,0.004965143465249153
2023-05-31,18.46,18.5,18.04,18.15,754100.0,13741761.0,133591306.0,0.005644828414208332
2023-06-01,18.28,18.45,17.98,18.15,671900.0,12227874.0,133591306.0,0.00502951891195674
2023-06-02,18.15,18.19,17.94,18.12,909100.0,16415724.0,133591306.0,0.006805083558356709
2023-06-05,18.11,18.11,17.35,17.64,2052393.0,36248362.0,133591306.0,0.015363222813316908
2023-06-06,17.53,17.98,16.9,16.99,2059478.0,35605155.0,133591306.0,0.015416257701680078
2023-06-07,16.88,17.15,16.27,17.09,1952783.0,32585685.0,133591306.0,0.014617590459067749
2023-06-08,17.01,17.53,16.83,17.31,1168582.0,20168345.0,133591306.0,0.008747440495865802
2023-06-09,17.18,17.3,16.57,16.77,1050783.0,17718008.0,133591306.0,0.007865654071830094
2023-06-12,16.66,16.67,15.68,16.53,1709093.0,27583643.0,133591306.0,0.012793444806954728
2023-06-13,16.28,16.52,15.91,16.2,1213703.0,19628068.0,133591306.0,0.009085194511085923
2023-06-14,16.12,16.98,16.07,16.61,1480796.0,24618146.0,133591306.0,0.011084523718931231
2023-06-15,16.44,16.5,15.98,16.01,1129396.0,18180464.0,133591306.0,0.008454113024390973
2023-06-16,16.15,16.6,16.05,16.28,858534.0,14045420.0,133591306.0,0.0064265709027502135
2023-06-19,16.28,16.59,15.91,16.59,843300.0,13611611.0,133591306.0,0.006312536535873076
2023-06-20,16.59,17.46,16.47,17.05,2293600.0,39263781.0,133591306.0,0.01716878192657238
2023-06-21,16.96,17.05,16.66,16.93,869900.0,14652857.0,133591306.0,0.0065116512896430554
2023-06-26,16.74,17.56,16.65,17.37,1036900.0,17705267.0,133591306.0,0.007761732638499694
2023-06-27,17.3,17.61,17.16,17.59,982401.0,17192984.0,133591306.0,0.007353779444300066
2023-06-28,17.62,17.73,17.24,17.6,1150601.0,20122059.0,133591306.0,0.00861284341362753
2023-06-29,17.59,17.64,17.22,17.33,1253600.0,21775218.0,133591306.0,0.009383844185189717
2023-06-30,17.33,17.39,16.74,17.11,1380145.0,23476862.0,133620336.0,0.010328854434253182
2023-07-03,17.1,17.64,17.0,17.6,1138708.0,19784897.0,133620336.0,0.008521966297106153
2023-07-04,17.4,17.78,17.4,17.59,618200.0,10850573.0,133620336.0,0.0046265412773696364
2023-07-05,17.59,17.69,17.38,17.41,387000.0,6753895.0,133620336.0,0.0028962657300906653
2023-07-06,17.51,17.51,17.22,17.33,283960.0,4915175.0,133620336.0,0.002125125624590556
2023-07-07,17.52,17.7,17.3,17.42,743800.0,13014513.0,133620336.0,0.005566517958763403
2023-07-10,17.43,17.55,17.05,17.09,572901.0,9844840.0,133620336.0,0.00428752850913352
2023-07-11,17.09,17.45,16.86,17.1,579133.0,9934498.0,133620336.0,0.004334168116445988
2023-07-12,17.1,17.36,16.9,17.3,533000.0,9183240.0,133620336.0,0.003988913783303165
2023-07-13,17.15,17.45,17.14,17.37,487500.0,8458996.0,133620336.0,0.003648396753021187
2023-07-14,17.5,17.92,17.23,17.92,788100.0,13785799.0,133620336.0,0.005898054320114867
2023-07-17,17.89,18.4,17.6,18.29,1018000.0,18417275.0,133620336.0,0.007618600809385781
2023-07-18,18.29,18.6,17.9,17.9,957501.0,17468378.0,133620336.0,0.007165832901363158
2023-07-19,17.77,18.39,17.73,18.12,858200.0,15557471.0,133620336.0,0.006422675063472374
2023-07-20,18.13,18.33,17.96,18.15,444500.0,8067068.0,133620336.0,0.0033265894496777794
2023-07-21,18.24,18.24,18.08,18.17,408933.0,7428014.0,133620336.0,0.0030604099064681293
2023-07-24,18.18,18.3,17.91,17.99,524200.0,9467079.0,133620336.0,0.003923055544479397
2023-07-25,18.1,18.37,17.85,18.29,733622.0,13307053.0,133620336.0,0.005490346918451096
2023-07-26,18.29,18.5,17.75,18.43,874000.0,15872741.0,133620336.0,0.006540920537724138
2023-07-27,18.43,18.43,17.98,18.05,883400.0,16056817.0,133620336.0,0.006611269111013162
2023-07-28,18.06,18.13,17.7,17.99,919262.0,16442264.0,133620336.0,0.006879656402001564
2023-07-31,17.99,18.5,17.8,18.09,760200.0,13790371.0,133620336.0,0.005689253767480423
2023-08-01,18.22,18.22,17.48,17.6,1211400.0,21472204.0,133620336.0,0.009065985285353571
2023-08-02,17.6,17.6,17.18,17.38,759201.0,13155923.0,133620336.0,0.00568177736059577
2023-08-03,17.2,17.58,17.19,17.51,350400.0,6111264.0,133620336.0,0.002622355327709998
2023-08-04,17.55,17.75,17.43,17.75,551800.0,9712072.0,133620336.0,0.004129610929881212
2023-08-07,18.5,18.5,17.19,17.3,2120133.0,37822534.0,133620336.0,0.01586684380138065
2023-08-08,17.2,17.28,16.51,16.75,1807274.0,30333399.0,133620336.0,0.013525441217270999
2023-08-09,16.75,16.98,16.53,16.9,908000.0,15256949.0,133620336.0,0.006795372824088692
2023-08-10,16.9,17.2,16.63,17.09,793000.0,13405034.0,133620336.0,0.005934725384914464
2023-08-11,17.09,17.14,16.66,16.92,525800.0,8874889.0,133620336.0,0.003935029769720082
2023-08-14,16.86,16.86,16.55,16.69,338300.0,5652469.0,133620336.0,0.0025318002493273178
2023-08-15,16.77,16.85,16.65,16.82,323100.0,5417084.0,133620336.0,0.002418045109540811
2023-08-16,16.68,16.86,16.66,16.77,431800.0,7244956.0,133620336.0,0.003231544036829843
2023-08-17,16.76,16.96,16.66,16.95,370200.0,6221763.0,133620336.0,0.0027705363650634735
2023-08-18,16.93,17.35,16.78,17.02,606500.0,10333578.0,133620336.0,0.004538979755297128
2023-08-21,16.88,17.12,16.7,16.79,304800.0,5144794.0,133620336.0,0.0022810899083504773
2023-08-22,16.79,16.95,15.95,16.06,591600.0,9622195.0,133620336.0,0.004427469782743249
2023-08-23,16.06,16.19,15.37,15.5,792500.0,12526258.0,133620336.0,0.00593098343952675
2023-08-24,15.37,17.38,14.11,16.88,3846800.0,61652012.0,133620336.0,0.028789031034916722
2023-08-25,16.6,16.6,14.53,14.53,3114375.0,49216450.0,133620336.0,0.023307642333723812
2023-08-28,14.9,14.95,13.55,13.88,2923200.0,40889972.0,133620336.0,0.02187690951473135
2023-08-29,13.55,14.0,13.5,13.9,1282813.0,17717247.0,133620336.0,0.009600432377299215
2023-08-30,13.71,13.99,13.62,13.85,842200.0,11650897.0,133620336.0,0.006302932811065525
2023-08-31,13.75,14.91,13.52,14.8,1998387.0,29021911.0,133620336.0,0.014955710035035385
2023-09-01,14.58,14.83,14.46,14.71,715400.0,10486052.0,133620336.0,0.005353975460741245
2023-09-04,14.71,15.59,14.53,15.45,1225200.0,18581314.0,133620336.0,0.009169262978054479
2023-09-05,15.31,15.52,15.03,15.24,854100.0,13018006.0,133620336.0,0.006391991111293119
2023-09-06,15.22,15.34,14.72,15.05,1026262.0,15329813.0,133620336.0,0.007680432714972368
2023-09-07,14.85,14.97,14.77,14.9,447500.0,6636695.0,133620336.0,0.0033490411220040636
2023-09-08,14.9,14.98,14.6,14.86,509200.0,7509001.0,133620336.0,0.0038107971828479762
2023-09-11,14.73,15.24,14.72,14.97,427700.0,6406485.0,133620336.0,0.003200860084650588
2023-09-12,14.97,15.28,14.68,14.69,559800.0,8327098.0,133620336.0,0.0041894820560846365
2023-09-13,14.69,14.95,14.34,14.61,719300.0,10466343.0,133620336.0,0.005383162634765415
2023-09-14,14.61,14.73,14.25,14.63,540200.0,7808234.0,133620336.0,0.004042797796886246
2023-09-15,14.57,15.09,14.57,15.01,607300.0,9021705.0,133620336.0,0.004544966867917471
2023-09-18,14.98,15.23,14.77,14.93,424600.0,6333673.0,133620336.0,0.003177660023246761
2023-09-19,14.95,14.99,14.76,14.94,329862.0,4907510.0,133620336.0,0.002468651178964256
2023-09-20,14.94,15.65,14.79,15.58,1326533.0,20448945.0,133620336.0,0.009927628082000931
2023-09-21,15.62,15.62,15.02,15.28,786400.0,11956860.0,133620336.0,0.005885331705796639
2023-09-22,15.28,15.39,14.97,15.27,667400.0,10122302.0,133620336.0,0.004994748703520698
2023-09-25,15.23,15.28,14.81,15.06,750000.0,11244943.0,133620336.0,0.005612918081571057
2023-09-26,14.99,15.03,14.82,14.9,357000.0,5318610.0,133620336.0,0.0026717490068278228
2023-09-27,14.76,15.0,14.76,14.78,386833.0,5752881.0,133620336.0,0.002895015920331169
2023-09-28,14.79,14.94,14.74,14.8,790000.0,11727305.0,133620336.0,0.0059122737125881794
2023-10-09,14.92,14.92,13.94,14.16,1937300.0,27664479.0,133620336.0,0.014498541599236811
2023-10-10,14.2,14.3,13.8,14.08,2305400.0,32141138.0,133620336.0,0.017253361793671887
2023-10-11,13.97,14.18,13.53,13.69,1898000.0,26189046.0,133620336.0,0.014204424691762488
2023-10-12,13.77,14.1,13.7,13.95,708133.0,9823806.0,133620336.0,0.005299590026476209
2023-10-13,13.95,13.95,12.51,13.04,3131053.0,41100481.0,133620336.0,0.0234324586640764
2023-10-16,13.03,13.35,12.57,13.04,2806953.0,36244375.0,133620336.0,0.021006929663760162
2023-10-17,12.86,12.98,12.17,12.33,1928400.0,24130598.0,133620336.0,0.0144319349713355
2023-10-18,12.33,12.8,11.52,11.57,3634372.0,43833506.0,133620336.0,0.027199243085274084
2023-10-19,11.4,11.64,11.27,11.46,1885172.0,21551892.0,133620336.0,0.014108421340895296
2023-10-20,11.38,11.66,11.33,11.37,848146.0,9719159.0,133620336.0,0.00634743202561622
2023-10-23,11.37,11.7,11.13,11.25,1104500.0,12499481.0,133620336.0,0.008265957361460309
2023-10-24,11.2,11.7,11.2,11.61,837900.0,9603528.0,133620336.0,0.006270752080731185
2023-10-25,11.61,11.86,11.38,11.41,1298700.0,15033376.0,133620336.0,0.009719328950048442
2023-10-26,11.45,12.46,11.45,11.72,2548602.0,30390175.0,133620336.0,0.019073458998037543
2023-10-27,11.78,11.78,11.29,11.54,1948000.0,22413522.0,133620336.0,0.014578619230533892
2023-10-30,11.39,11.63,11.01,11.36,2619113.0,29475765.0,133620336.0,0.019601155620503755
2023-10-31,11.36,11.36,11.01,11.19,1624802.0,18126169.0,133620336.0,0.012159840699697088
2023-11-01,11.19,11.29,10.96,11.14,2678700.0,29768856.0,133620336.0,0.020047098220139187
2023-11-02,11.15,11.74,11.14,11.6,3385513.0,39043558.0,133620336.0,0.02533680951079183
2023-11-03,11.53,12.18,11.45,12.11,2330200.0,27565724.0,133620336.0,0.017438962284902503
2023-11-06,12.0,12.46,11.99,12.36,1384300.0,16932244.0,133620336.0,0.010359950000425085
2023-11-07,12.37,12.59,12.09,12.47,1393600.0,17290617.0,133620336.0,0.010429550184636566
2023-11-08,12.43,12.62,12.14,12.4,1530820.0,19022929.0,133620336.0,0.011456489676840806
2023-11-09,12.45,12.67,12.28,12.45,1424600.0,17828601.0,133620336.0,0.010661550798674837
2023-11-10,12.29,12.86,12.29,12.8,2103800.0,26608211.0,133620336.0,0.015744609413345587
2023-11-13,12.74,12.81,12.35,12.72,1702600.0,21435353.0,133620336.0,0.01274207243424384
2023-11-14,12.72,13.07,12.56,13.01,1328100.0,17175249.0,133620336.0,0.009939355338846026
2023-11-15,13.0,13.26,12.82,13.25,1202400.0,15747492.0,133620336.0,0.008998630268374719
2023-11-16,13.38,13.38,13.0,13.05,1221700.0,16137337.0,133620336.0,0.00914306936034048
2023-11-17,12.88,13.05,12.55,12.63,1671500.0,21252710.0,133620336.0,0.012509323431128028
2023-11-20,12.64,12.64,11.95,12.23,2504500.0,30580642.0,133620336.0,0.018743404447059617
2023-11-21,12.18,12.75,12.18,12.75,1755500.0,21945068.0,133620336.0,0.013137970256263986
2023-11-22,12.65,13.08,12.54,13.03,1619600.0,20781893.0,133620336.0,0.012120909499883311
2023-11-23,13.07,13.26,12.92,13.04,923207.0,12063237.0,133620336.0,0.0069091803511106276
2023-11-24,13.15,13.3,13.0,13.11,988700.0,13025448.0,133620336.0,0.007399322809665738
2023-11-27,12.97,13.26,12.93,12.95,1354000.0,17658985.0,133620336.0,0.010133188109929614
2023-11-28,12.93,13.19,12.59,13.18,1180700.0,15287381.0,133620336.0,0.008836229838547928
2023-11-29,13.26,14.7,13.2,14.54,4307441.0,60537619.0,133620336.0,0.032236417965600686
2023-11-30,15.2,15.49,14.16,14.3,7125787.0,106109353.0,133620336.0,0.0533286115969653
2023-12-01,14.28,14.55,13.77,14.13,3428400.0,48408254.0,133620336.0,0.025657771134477616
2023-12-04,14.1,14.55,14.0,14.3,2457020.0,35148539.0,133620336.0,0.01838806931304229
2023-12-05,14.15,14.84,14.15,14.42,2726900.0,39715274.0,133620336.0,0.02040782175551482
2023-12-06,14.4,14.65,14.02,14.18,1628800.0,23202540.0,133620336.0,0.012189761295017249
2023-12-07,14.74,14.77,14.0,14.18,2157200.0,30951791.0,133620336.0,0.016144249180753443
2023-12-08,14.05,14.16,13.47,13.6,2714500.0,37435517.0,133620336.0,0.02031502150989951
2023-12-11,13.15,13.15,12.37,12.62,3592700.0,45710115.0,133620336.0,0.026887374388880447
2023-12-12,12.68,12.73,12.25,12.44,1658600.0,20729263.0,133620336.0,0.012412781240125006
2023-12-13,12.33,12.53,11.98,12.15,1667300.0,20353602.0,133620336.0,0.01247789108987123
2023-12-14,12.24,12.3,11.89,11.95,1405000.0,16996243.0,133620336.0,0.010514866539476446
2023-12-15,12.0,12.0,11.55,11.71,1475800.0,17399084.0,133620336.0,0.011044726006376755
2023-12-18,11.76,12.0,11.62,11.77,1264620.0,14988783.0,133620336.0,0.009464277952421853
2023-12-19,11.8,11.84,11.55,11.62,1281000.0,14947442.0,133620336.0,0.009586864083323364
2023-12-20,11.62,11.85,11.45,11.58,827600.0,9641917.0,133620336.0,0.006193668005744275
2023-12-21,11.6,11.8,11.36,11.56,1640400.0,18959845.0,133620336.0,0.012276574428012214
2023-12-22,11.57,11.59,11.17,11.42,2210400.0,25139894.0,133620336.0,0.016542392170006217
2023-12-25,11.31,11.59,11.24,11.43,1040605.0,11887893.0,133620336.0,0.007787774160364333
2023-12-26,11.5,11.7,11.33,11.57,855800.0,9869277.0,133620336.0,0.006404713725611347
2023-12-27,11.5,11.88,11.5,11.69,1090900.0,12801119.0,133620336.0,0.008164176446914488
2023-12-28,11.69,11.78,11.53,11.71,1100601.0,12849501.0,133620336.0,0.008236777671326915
2023-12-29,11.71,12.38,11.7,12.3,1928200.0,23354821.0,133620336.0,0.014430438193180415
2024-01-02,12.89,13.13,12.59,12.8,2792311.0,35708841.0,133620336.0,0.020897350535026345
2024-01-03,12.82,13.18,12.68,13.0,1875320.0,24317456.0,133620336.0,0.014034690048975779
2024-01-04,13.01,13.41,12.86,13.31,1425700.0,18874668.0,133620336.0,0.010669783078527808
2024-01-05,13.2,13.33,12.95,13.04,1410820.0,18447176.0,133620336.0,0.010558422783789437
2024-01-08,13.09,13.09,12.62,12.7,1431920.0,18379135.0,133620336.0,0.01071633287915097
2024-01-09,12.69,12.93,12.63,12.69,777900.0,9935213.0,133620336.0,0.0058217186342055
2024-01-10,12.62,12.93,12.5,12.9,856500.0,10905890.0,133620336.0,0.006409952449154147
2024-01-11,12.94,13.18,12.76,13.1,821900.0,10721024.0,133620336.0,0.006151009828324335
2024-01-12,12.99,13.16,12.97,13.16,458510.0,5994484.0,133620336.0,0.003431438759441527
2024-01-15,13.08,13.48,13.02,13.33,631500.0,8402662.0,133620336.0,0.00472607702468283
2024-01-16,13.35,13.55,13.09,13.43,1166100.0,15611043.0,133620336.0,0.008726965033226678
2024-01-17,13.39,13.5,13.12,13.18,684445.0,9111906.0,133620336.0,0.0051223116217878695
2024-01-18,13.05,13.11,12.62,12.93,1516200.0,19443916.0,133620336.0,0.011347075193704047
2024-01-19,12.91,12.96,12.7,12.79,671800.0,8601536.0,133620336.0,0.005027677822932581
2024-01-22,12.7,12.82,12.08,12.08,1276502.0,15801946.0,133620336.0,0.00955320154261549
2024-01-23,12.03,12.34,11.92,12.18,571458.0,6919138.0,133620336.0,0.004276729254744577
2024-01-24,12.19,12.68,12.1,12.48,961900.0,11902972.0,133620336.0,0.007198754536884266
2024-01-25,12.49,12.57,12.3,12.54,692400.0,8617487.0,133620336.0,0.0051818459729064
2024-01-26,12.49,12.69,12.28,12.5,1014400.0,12639887.0,133620336.0,0.00759165880259424
2024-01-29,12.45,12.45,11.94,11.94,746100.0,9097741.0,133620336.0,0.005583730907546887
2024-01-30,11.81,12.08,11.7,11.72,561800.0,6645274.0,133620336.0,0.004204449837635493
2024-01-31,11.7,12.15,11.05,11.06,1668809.0,19425832.0,133620336.0,0.012489184281051351
2024-02-01,10.22,10.5,9.55,9.55,2610500.0,25979587.0,133620336.0,0.01953669686925499
2024-02-02,9.5,9.73,8.24,8.56,2792902.0,25014254.0,133620336.0,0.020901773514474625
2024-02-05,8.56,8.56,7.72,7.78,2300200.0,18496201.0,133620336.0,0.01721444556163966
2024-02-06,7.78,8.27,7.24,8.2,1775500.0,14016743.0,133620336.0,0.013287648071772549
2024-02-07,8.31,8.67,8.2,8.3,1218700.0,10286757.0,133620336.0,0.009120617688014195
2024-02-08,8.1,8.6,8.06,8.51,1096500.0,9158599.0,133620336.0,0.008206086235256885
2024-02-19,8.72,9.0,8.5,8.99,955300.0,8405409.0,133620336.0,0.007149360857766441
2024-02-20,8.99,9.23,8.86,9.19,803600.0,7296099.0,133620336.0,0.006014054627134001
2024-02-21,9.15,9.98,9.07,9.6,1410814.0,13591156.0,133620336.0,0.010558377880444786
2024-02-22,9.61,9.78,9.42,9.58,881871.0,8456805.0,133620336.0,0.006599826242017532
2024-02-23,9.59,9.7,9.41,9.6,1058400.0,10080278.0,133620336.0,0.007920949996713075
2024-02-26,9.66,9.87,9.46,9.79,898500.0,8703662.0,133620336.0,0.006724275861722126
2024-02-27,9.79,9.99,9.71,9.96,807800.0,7976125.0,133620336.0,0.006045486968390799
2024-02-28,9.97,10.31,9.23,9.26,1257001.0,12401456.0,133620336.0,0.009407258188603867
2024-02-29,9.15,9.64,9.15,9.57,762200.0,7208537.0,133620336.0,0.005704221549031279
2024-03-01,9.57,10.09,9.51,10.09,776200.0,7637512.0,133620336.0,0.005808996019887272
2024-03-04,10.28,10.83,10.05,10.57,1484700.0,15640722.0,133620336.0,0.011111332634278064
2024-03-05,10.35,10.55,10.02,10.17,1357200.0,13899442.0,133620336.0,0.010157136560410984
2024-03-06,9.97,10.3,9.9,10.17,1047200.0,10567783.0,133620336.0,0.00783713042002828
2024-03-07,10.17,10.67,10.1,10.43,940800.0,9783862.0,133620336.0,0.007040844441522733
2024-03-08,10.57,10.57,10.31,10.38,564300.0,5876490.0,133620336.0,0.004223159564574063
2024-03-11,10.46,10.67,10.45,10.56,760600.0,8026423.0,133620336.0,0.005692247323790594
2024-03-12,10.6,11.19,10.4,10.95,2074800.0,22722020.0,133620336.0,0.015527576580858172
2024-03-13,10.35,10.95,10.06,10.12,2776800.0,28730633.0,133620336.0,0.02078126790520868
2024-03-14,10.18,10.26,9.57,9.7,1789700.0,17586082.0,133620336.0,0.013393919320783626
2024-03-15,9.58,10.2,9.58,9.99,1433100.0,14266318.0,133620336.0,0.010725163870265975
2024-03-18,10.18,10.18,9.69,9.81,1241300.0,12193068.0,133620336.0,0.00928975361953887
2024-03-19,9.82,9.9,9.61,9.66,985800.0,9612774.0,133620336.0,0.007377619526416997
2024-03-20,9.66,9.85,9.61,9.79,639100.0,6217759.0,133620336.0,0.004782954594576083
2024-03-21,9.79,9.85,9.62,9.71,1301900.0,12696847.0,133620336.0,0.009743277400529812
2024-03-22,9.65,9.68,9.42,9.51,1190400.0,11351229.0,133620336.0,0.008908823579069582
2024-03-25,9.5,9.65,9.23,9.26,1018800.0,9691507.0,133620336.0,0.007624587922006124
2024-03-26,9.3,9.46,8.98,9.15,1238300.0,11358257.0,133620336.0,0.009267301947212587
2024-03-27,9.16,9.29,8.78,8.88,1793500.0,16130516.0,133620336.0,0.013422358105730253
2024-03-28,8.82,9.08,8.79,9.03,2056560.0,18468677.0,133620336.0,0.015391070413114364
2024-03-29,9.02,9.12,8.74,8.79,1392200.0,12367241.0,133620336.0,0.010419072737550966
2024-04-01,8.8,9.09,8.73,9.07,893900.0,8007400.0,133632302.0,0.006689250926770684
2024-04-02,9.09,9.5,9.03,9.3,1082260.0,10044408.0,133632302.0,0.008098790365820384
2024-04-03,9.2,9.49,9.03,9.34,964300.0,8953483.0,133632302.0,0.007216069659564796
2024-04-08,9.22,9.34,8.98,9.11,929100.0,8515104.0,133632302.0,0.00695266029316774
2024-04-09,9.0,9.05,8.89,8.97,829260.0,7432040.0,133632302.0,0.006205535544841546
2024-04-10,8.97,9.18,8.82,9.01,1086801.0,9772040.0,133632302.0,0.008132771670729731
2024-04-11,8.95,9.03,8.75,8.76,1098100.0,9736356.0,133632302.0,0.008217324580699058
2024-04-12,8.71,8.91,8.64,8.85,587600.0,5151247.0,133632302.0,0.004397140445878123
2024-04-15,8.4,8.75,7.98,8.07,1595005.0,13384020.0,133632302.0,0.011935774330969769
2024-04-16,8.07,8.07,7.64,7.64,1429400.0,11110672.0,133632302.0,0.01069651557749862
2024-04-17,7.69,8.13,7.69,8.01,1050121.0,8366372.0,133632302.0,0.00785828713779098
2024-04-18,8.01,8.08,7.91,7.95,586900.0,4686978.0,133632302.0,0.004391902191432727
2024-04-19,8.09,8.09,7.8,8.09,601800.0,4778120.0,133632302.0,0.004503402178913299
2024-04-22,8.01,8.89,8.0,8.89,1533300.0,12926496.0,133632302.0,0.01147402220160811
2024-04-23,8.55,8.79,8.19,8.2,1474700.0,12375623.0,133632302.0,0.011035505472322104
2024-04-24,8.22,8.35,8.11,8.23,510600.0,4219174.0,133632302.0,0.0038209324568845636
2024-04-25,8.22,8.29,8.04,8.04,569400.0,4652271.0,133632302.0,0.004260945830297827
2024-04-26,7.99,8.19,7.95,8.05,550300.0,4441743.0,133632302.0,0.00411801631614488
2024-04-29,7.93,8.32,7.93,8.27,625099.0,5127656.0,133632302.0,0.004677753736517986
2024-04-30,8.3,8.34,8.11,8.12,372600.0,3046547.0,133632302.0,0.0027882480090779247
2024-05-06,8.12,8.38,7.73,8.37,1053000.0,8580831.0,133632302.0,0.007879831330002831
2024-05-07,8.29,8.33,8.19,8.27,498500.0,4116113.0,133632302.0,0.003730385487185576
2024-05-08,8.33,8.33,8.1,8.12,311300.0,2542499.0,133632302.0,0.0023295265840739612
2024-05-09,8.13,8.31,7.92,8.0,1190000.0,9624565.0,133632302.0,0.00890503255717319
2024-05-10,8.03,8.03,7.75,7.82,611400.0,4798336.0,133632302.0,0.004575241097021587
2024-05-13,7.66,7.66,6.26,6.8,5699100.0,38509669.0,133632302.0,0.0426476227282233
2024-05-15,7.6,8.16,7.49,8.16,6946500.0,55811143.0,133632302.0,0.05198219214991896
2024-05-16,8.26,9.75,7.93,9.4,9931047.0,87675884.0,133632302.0,0.0743162158502665
2024-05-17,8.85,9.48,8.66,8.91,6761202.0,60771431.0,133632302.0,0.05059556633245755
2024-05-20,8.8,9.38,8.7,8.77,4300303.0,38847063.0,133632302.0,0.03218011615185676
2024-05-21,8.55,8.6,8.15,8.25,3793482.0,31745177.0,133632302.0,0.028387462785756695
2024-05-22,8.15,8.55,8.1,8.31,2045192.0,17021007.0,133632302.0,0.015304622979554748
2024-05-23,8.16,8.49,7.83,8.09,2798092.0,22816352.0,133632302.0,0.020938739796609953
2024-05-24,8.05,8.18,7.88,7.93,1484301.0,11883985.0,133632302.0,0.011107351873651028
2024-05-27,7.92,8.0,7.31,7.47,2193188.0,16505447.0,133632302.0,0.016412109700841643
2024-05-28,7.38,7.64,7.3,7.35,1388301.0,10392373.0,133632302.0,0.010388962692568149
2024-05-29,7.28,7.46,7.01,7.32,2110835.0,15317271.0,133632302.0,0.015795844031782077
2024-05-30,7.25,7.3,7.1,7.16,1151934.0,8261752.0,133632302.0,0.008620176280432556
2024-05-31,7.13,7.27,7.05,7.17,759900.0,5414852.0,133632302.0,0.005686499361509166
2024-06-03,7.18,7.22,6.76,6.9,1754300.0,12234032.0,133632302.0,0.01312781396222599
2024-06-04,6.9,7.08,6.81,7.03,995706.0,6901472.0,133632302.0,0.007451087686867805
2024-06-05,6.96,7.34,6.92,6.97,2017600.0,14417052.0,133632302.0,0.01509814595575851
2024-06-06,6.9,6.97,6.25,6.48,2610000.0,16993007.0,133632302.0,0.01953120586069078
2024-06-07,6.59,6.73,6.48,6.51,1145200.0,7540715.0,133632302.0,0.008569784272667847
2024-06-11,6.55,6.87,6.15,6.64,1684200.0,11130235.0,133632302.0,0.012603240195622763
2024-06-12,6.65,6.76,6.54,6.57,1054800.0,6982968.0,133632302.0,0.007893301127148136
2024-06-13,6.55,6.61,6.33,6.36,937887.0,6042666.0,133632302.0,0.007018415352898733
2024-06-14,6.36,6.45,6.23,6.37,633800.0,4021717.0,133632302.0,0.004742865239274259
2024-06-17,6.37,6.5,6.31,6.45,574887.0,3691162.0,133632302.0,0.004302006261929095
2024-06-18,6.5,6.5,6.32,6.39,669700.0,4260855.0,133632302.0,0.005011512860116711
2024-06-19,6.37,6.41,6.28,6.36,412387.0,2622445.0,133632302.0,0.003085982908533597
2024-06-20,6.33,6.39,6.05,6.09,869300.0,5377858.0,133632302.0,0.006505163699118197
2024-06-21,6.09,6.15,6.02,6.1,433887.0,2646667.0,133632302.0,0.0032468721522136168
2024-06-24,6.18,7.32,6.1,6.9,4067000.0,28206850.0,133632302.0,0.030434258327750725
2024-06-25,6.72,6.75,6.22,6.41,3096000.0,20150248.0,133632302.0,0.023168051089922852
2024-06-26,6.4,6.44,6.05,6.3,1759800.0,10889500.0,133632302.0,0.01316897167572553
2024-06-27,6.25,6.47,6.16,6.28,845800.0,5328491.0,133632302.0,0.006329308014165617
2024-06-28,6.22,6.28,6.14,6.27,1120500.0,6954436.0,133632302.0,0.008384948722951731
2024-07-01,6.23,6.54,6.02,6.44,1908400.0,11966713.0,133632302.0,0.014280978262276737
2024-07-02,6.44,6.68,6.3,6.67,1263600.0,8279371.0,133632302.0,0.009455797596003398
2024-07-03,6.59,7.11,6.59,6.84,1654700.0,11383814.0,133632302.0,0.012382485186852503
2024-07-04,6.83,6.84,6.6,6.6,986100.0,6588444.0,133632302.0,0.0073792038694357
2024-07-05,6.5,6.79,6.5,6.76,704800.0,4721563.0,133632302.0,0.005274173904450138
2024-07-08,6.64,7.07,6.62,6.93,1252200.0,8571210.0,133632302.0,0.009370488880749806
2024-07-09,6.86,6.95,6.76,6.84,687100.0,4707199.0,133632302.0,0.0051417208991879826
2024-07-10,6.84,6.85,6.62,6.73,650200.0,4388430.0,133632302.0,0.004865590057709251
2024-07-11,6.73,6.84,6.64,6.73,690700.0,4635917.0,133632302.0,0.00516866049347859
2024-07-12,6.74,6.79,6.5,6.56,553400.0,3684157.0,133632302.0,0.0041412143001173475
2024-07-15,6.56,6.61,6.33,6.61,899200.0,5805972.0,133632302.0,0.006728911996142968
2024-07-16,6.6,6.81,6.53,6.8,678100.0,4549288.0,133632302.0,0.005074371913461462
2024-07-17,6.8,6.87,6.68,6.68,510800.0,3454580.0,133632302.0,0.0038224291010118196
2024-07-18,6.68,6.76,6.6,6.69,447800.0,2994135.0,133632302.0,0.0033509862009261804
2024-07-19,6.6,6.75,6.6,6.69,396200.0,2641993.0,133632302.0,0.0029648520160941326
2024-07-22,6.66,6.77,6.63,6.71,359300.0,2395843.0,133632302.0,0.002688721174615401
2024-07-23,6.66,7.06,6.66,6.83,1076000.0,7439845.0,133632302.0,0.008051945404637271
2024-07-24,6.77,6.87,6.68,6.68,552100.0,3725005.0,133632302.0,0.004131486113290183
2024-07-25,6.69,6.69,6.54,6.57,514700.0,3396298.0,133632302.0,0.0038516136614933118
2024-07-26,6.55,6.75,6.55,6.73,585800.0,3893701.0,133632302.0,0.004383670648732819
2024-07-29,6.74,6.78,6.64,6.68,397300.0,2662227.0,133632302.0,0.0029730835587940406
2024-07-30,6.68,6.72,6.61,6.67,471500.0,3138950.0,133632302.0,0.003528338530006016
2024-07-31,6.65,6.99,6.65,6.78,1226300.0,8314448.0,133632302.0,0.009176673466270154
2024-08-01,6.77,6.83,6.66,6.76,1018300.0,6869760.0,133632302.0,0.0076201635739239154
2024-08-02,6.71,6.82,6.69,6.71,1126500.0,7591655.0,133632302.0,0.00842984804676941
2024-08-05,6.71,6.98,6.71,6.93,1929300.0,13253517.0,133632302.0,0.014437377573574987
2024-08-06,6.89,7.32,6.8,7.16,1576200.0,11213996.0,133632302.0,0.011795052366904523
2024-08-07,7.15,7.28,7.0,7.04,1095200.0,7755039.0,133632302.0,0.008195623240853846
2024-08-08,6.94,7.5,6.94,7.42,2125472.0,15522692.0,133632302.0,0.015905375932235306
2024-08-09,7.42,7.42,7.1,7.11,1524800.0,11032101.0,133632302.0,0.01141041482619973
2024-08-12,7.04,7.24,6.78,6.83,1375300.0,9480353.0,133632302.0,0.010291673341075872
2024-08-13,6.88,7.12,6.8,6.91,729272.0,5059692.0,133632302.0,0.005457303279861182
2024-08-14,6.87,6.96,6.8,6.81,384352.0,2638273.0,133632302.0,0.002876190817995487
2024-08-15,6.75,6.84,6.69,6.77,706000.0,4763184.0,133632302.0,0.005283153769213674
2024-08-16,6.75,6.79,6.64,6.65,1398800.0,9326725.0,133632302.0,0.010467529026028452
2024-08-19,6.69,6.71,6.63,6.63,476000.0,3169337.0,133632302.0,0.003562013022869276
2024-08-20,6.62,6.62,6.36,6.43,1125413.0,7268497.0,133632302.0,0.008421713785937774
2024-08-21,6.42,6.43,6.34,6.34,392200.0,2500283.0,133632302.0,0.002934919133549013
2024-08-22,6.32,6.45,6.32,6.35,442900.0,2826060.0,133632302.0,0.003314318419808408
2024-08-23,6.32,6.46,6.26,6.42,392200.0,2511194.0,133632302.0,0.002934919133549013
2024-08-26,6.7,6.7,6.4,6.4,1223536.0,7923615.0,133632302.0,0.009155989844431476
2024-08-27,6.32,6.39,6.19,6.32,523600.0,3308059.0,133632302.0,0.003918214325156204
2024-08-28,6.29,6.4,6.18,6.38,513200.0,3238102.0,133632302.0,0.0038403888305388917
2024-08-29,6.28,6.38,6.21,6.23,1055622.0,6597135.0,133632302.0,0.007899452334511158
2024-08-30,6.23,6.44,6.16,6.32,1366900.0,8596833.0,133632302.0,0.010228814287731121
2024-09-02,6.32,6.33,6.21,6.26,928300.0,5826877.0,133632302.0,0.006946673716658716
2024-09-03,6.29,6.49,6.23,6.42,950165.0,6032085.0,133632302.0,0.007110294335870978
2024-09-04,6.38,6.47,6.21,6.23,1171300.0,7397870.0,133632302.0,0.008765096331274754
2024-09-05,6.19,6.29,6.12,6.18,1427065.0,8791116.0,133632302.0,0.010679042257312907
2024-09-06,6.16,6.21,6.12,6.13,696400.0,4291729.0,133632302.0,0.0052113148511053866
2024-09-09,6.09,6.15,6.02,6.08,365065.0,2217220.0,133632302.0,0.002731861941583555
2024-09-10,6.08,6.11,6.02,6.1,412700.0,2499993.0,133632302.0,0.0030883251565927525
2024-09-11,6.05,6.1,6.01,6.03,374600.0,2264061.0,133632302.0,0.002803214450350485
2024-09-12,6.03,6.07,6.01,6.01,271000.0,1635431.0,133632302.0,0.002027952792431878
2024-09-13,6.05,6.07,5.99,5.99,405502.0,2441738.0,133632302.0,0.003034460934452809
2024-09-18,6.0,6.0,5.76,5.86,518102.0,3035031.0,133632302.0,0.0038770715780979364
2024-09-19,5.94,6.33,5.86,6.22,1248300.0,7650648.0,133632302.0,0.009341304320268314
2024-09-20,6.23,6.34,6.15,6.34,694060.0,4349271.0,133632302.0,0.005193804114816491
2024-09-23,6.28,6.38,6.28,6.29,362060.0,2290670.0,133632302.0,0.002709374863571534
2024-09-24,6.31,6.4,6.23,6.33,863700.0,5451530.0,133632302.0,0.006463257663555029
2024-09-25,6.35,6.65,6.31,6.4,1685100.0,10921071.0,133632302.0,0.012609975094195414
2024-09-26,6.38,6.54,6.36,6.49,1086500.0,7032314.0,133632302.0,0.008130519221318211
2024-09-27,6.61,6.78,6.42,6.65,4836873.0,31673605.0,133632302.0,0.036195387848665515
2024-09-30,6.75,7.4,6.65,7.26,8867753.0,62314617.0,133707500.0,0.06632203129966531
2024-10-08,8.18,8.38,7.4,7.85,7213760.0,56729876.0,133707500.0,0.05395179776751491
2024-10-09,7.59,7.61,6.86,6.9,4094200.0,29544532.0,133707500.0,0.03062057102256792
2024-10-10,6.92,7.26,6.92,6.98,3712700.0,26403192.0,133707500.0,0.027767327935979656
2024-10-11,6.96,7.16,6.71,6.77,2752100.0,19032011.0,133707500.0,0.020582988987154795
2024-10-14,6.77,6.87,6.68,6.85,2023108.0,13733889.0,133707500.0,0.015130849054839855
2024-10-15,6.87,6.87,6.62,6.66,1809700.0,12194221.0,133707500.0,0.013534768057139651
2024-10-16,6.65,6.68,6.52,6.65,1142200.0,7567868.0,133707500.0,0.008542527532113008
2024-10-17,6.62,6.72,6.44,6.49,1932325.0,12701685.0,133707500.0,0.014451881906400165
2024-10-18,6.47,6.77,6.44,6.73,2136090.0,14195547.0,133707500.0,0.01597584279116729
2024-10-21,6.7,6.95,6.65,6.87,2032100.0,13834125.0,133707500.0,0.015198100330946282
2024-10-22,6.82,7.3,6.82,7.17,5776720.0,40678394.0,133707500.0,0.043204158330684514
2024-10-23,7.05,7.2,7.0,7.2,2798300.0,19816080.0,133707500.0,0.020928519342594844
2024-10-24,7.15,7.73,7.09,7.42,3262900.0,24234079.0,133707500.0,0.024403268328253836
2024-10-25,7.34,8.37,7.25,7.88,7244927.0,57390818.0,133707500.0,0.05418489613522054
2024-10-28,7.9,8.3,7.78,8.24,4581365.0,37348177.0,133707500.0,0.034264083914514895
2024-10-29,8.29,9.12,8.07,9.12,5439866.0,46323148.0,133707500.0,0.04068482321485332
2024-10-30,8.91,9.76,8.52,8.61,7433800.0,67852238.0,133707500.0,0.055597479572948416
2024-10-31,8.68,8.87,8.45,8.45,4026765.0,34645707.0,133707500.0,0.030116223846829833
2024-11-01,8.39,8.48,7.92,8.43,3631241.0,29938155.0,133707500.0,0.027158095095637866
2024-11-04,8.33,8.55,8.15,8.51,2086701.0,17520340.0,133707500.0,0.01560646186638745
2024-11-05,8.48,8.65,8.43,8.55,2105100.0,18003310.0,133707500.0,0.015744068208589646
2024-11-06,8.49,8.74,8.43,8.5,2018700.0,17305795.0,133707500.0,0.015097881569844623
2024-11-07,8.42,9.05,8.34,9.0,3713601.0,32970192.0,133707500.0,0.02777406652581194
2024-11-08,9.1,9.1,8.53,8.56,3069500.0,26874362.0,133707500.0,0.02295682740310005
2024-11-11,8.47,8.63,8.31,8.46,2060365.0,17442791.0,133707500.0,0.015409494605762578
2024-11-12,8.46,8.86,8.4,8.65,2804160.0,24017405.0,133707500.0,0.02097234635304676
2024-11-13,8.61,8.75,8.43,8.5,1530500.0,13099062.0,133707500.0,0.011446627900454349
2024-11-14,8.45,8.95,8.41,8.8,2975100.0,25934525.0,133707500.0,0.022250808668174932
2024-11-15,8.74,8.86,8.19,8.28,2661700.0,22712931.0,133707500.0,0.019906886300319726
2024-11-18,8.3,8.34,7.8,8.03,1922100.0,15524240.0,133707500.0,0.01437540900846998
2024-11-19,8.13,8.16,7.87,8.12,982700.0,7886244.0,133707500.0,0.007349625114522372
2024-11-20,8.12,8.34,8.0,8.27,1213261.0,9926226.0,133707500.0,0.009073993605444721
2024-11-21,8.18,8.33,8.09,8.22,917020.0,7516194.0,133707500.0,0.006858403604883795
2024-11-22,8.22,8.23,7.79,7.86,1794200.0,14378465.0,133707500.0,0.013418843370790719
2024-11-25,7.82,7.95,7.64,7.77,1302800.0,10118481.0,133707500.0,0.009743656862928407
2024-11-26,7.75,8.15,7.66,7.74,1026700.0,8106331.0,133707500.0,0.007678701643512892
2024-11-27,7.7,7.96,7.56,7.94,1261800.0,9767187.0,133707500.0,0.009437017370005423
2024-11-28,7.88,8.34,7.85,8.15,1638103.0,13395028.0,133707500.0,0.01225139203111269
2024-11-29,8.03,8.38,8.03,8.29,1127300.0,9279840.0,133707500.0,0.008431090252977582
2024-12-02,8.26,8.36,8.2,8.21,1283500.0,10583878.0,133707500.0,0.009599311930893929
2024-12-03,8.18,8.45,8.12,8.26,1533500.0,12758587.0,133707500.0,0.011469064936521885
2024-12-04,8.22,8.34,7.91,8.02,1678600.0,13620626.0,133707500.0,0.012554269580988351
2024-12-05,8.0,8.12,7.9,8.12,583700.0,4702920.0,133707500.0,0.004365499317540153
2024-12-06,8.11,8.13,8.0,8.07,900300.0,7246517.0,133707500.0,0.006733354523867397
2024-12-09,8.09,8.19,8.02,8.1,1035000.0,8391972.0,133707500.0,0.00774077744329974
2024-12-10,8.37,8.48,8.12,8.15,1200900.0,9920263.0,133707500.0,0.008981545537834453
2024-12-11,8.12,8.28,8.08,8.25,870300.0,7157096.0,133707500.0,0.006508984163192042
2024-12-12,8.36,8.63,8.28,8.56,2218600.0,18883437.0,133707500.0,0.016592936073144736
2024-12-13,8.54,8.59,8.16,8.19,1937900.0,16183127.0,133707500.0,0.014493577398425668
2024-12-16,8.2,8.29,8.16,8.19,1133800.0,9350813.0,133707500.0,0.00847970383112391
2024-12-17,8.12,8.16,7.79,7.84,1432600.0,11385069.0,133707500.0,0.010714432623450442
2024-12-18,7.9,7.98,7.81,7.92,513500.0,4055754.0,133707500.0,0.0038404726735598227
2024-12-19,7.91,7.93,7.77,7.91,718600.0,5639148.0,133707500.0,0.005374418039376998
2024-12-20,7.83,7.98,7.8,7.87,1078000.0,8485887.0,133707500.0,0.008062374960267748
2024-12-23,7.87,7.87,7.34,7.39,2044800.0,15310886.0,133707500.0,0.015293083783632182
2024-12-24,7.39,7.48,7.27,7.39,709200.0,5219076.0,133707500.0,0.005304115326365387
2024-12-25,7.46,7.46,7.14,7.29,782700.0,5672616.0,133707500.0,0.005853822710020006
2024-12-26,7.27,7.36,7.2,7.27,684800.0,4987941.0,133707500.0,0.005121627433016099
2024-12-27,7.29,7.49,7.23,7.36,930600.0,6860502.0,133707500.0,0.006959968588149505
2024-12-30,7.34,7.34,7.09,7.09,718700.0,5148403.0,133707500.0,0.005375165940579249
2024-12-31,7.09,7.15,6.76,6.78,1925100.0,13376393.0,133707500.0,0.014397846044537517
2025-01-02,6.8,6.95,6.61,6.74,957700.0,6526175.0,133707500.0,0.007162649813959576
2025-01-03,6.7,6.78,6.4,6.41,1182600.0,7729197.0,133707500.0,0.008844679617822485
2025-01-06,6.41,6.5,6.2,6.29,907900.0,5764878.0,133707500.0,0.006790195015238487
2025-01-07,6.33,6.52,6.21,6.52,945417.0,6014103.0,133707500.0,0.007070785109287063
2025-01-08,6.41,6.61,6.26,6.47,1196117.0,7681427.0,133707500.0,0.008945773423330777
2025-01-09,6.43,6.47,6.31,6.39,1248200.0,7974161.0,133707500.0,0.009335302806499262
2025-01-10,6.33,6.39,6.15,6.18,1450309.0,9104744.0,133707500.0,0.010846878447357104
2025-01-13,6.12,6.21,5.99,6.2,584517.0,3588792.0,133707500.0,0.004371609670362545
2025-01-14,6.2,6.44,6.16,6.42,893900.0,5674241.0,133707500.0,0.006685488846923321
2025-01-15,6.42,7.7,6.39,7.7,5045265.0,36467662.0,133707500.0,0.03773359759175813
2025-01-16,7.96,8.17,7.42,7.5,5271036.0,41329567.0,133707500.0,0.039422141615092644
2025-01-17,7.31,7.46,7.09,7.12,3372836.0,24384355.0,133707500.0,0.025225480993960697
2025-01-20,7.11,7.25,7.02,7.11,1892601.0,13451388.0,133707500.0,0.014154785632817905
2025-01-21,7.17,7.19,6.9,7.05,1420700.0,9954142.0,133707500.0,0.01062543238038255
2025-01-22,7.0,7.24,6.85,7.14,2079600.0,14556087.0,133707500.0,0.015553353402015593
2025-01-23,7.18,7.2,6.91,6.93,1744900.0,12348087.0,133707500.0,0.013050128078080885
2025-01-24,6.95,7.44,6.86,7.3,2048600.0,14778788.0,133707500.0,0.015321504029317727
2025-01-27,7.41,7.42,6.87,6.92,2264900.0,16051054.0,133707500.0,0.016939214329787036
2025-02-05,7.06,7.07,6.85,6.88,895200.0,6184082.0,133707500.0,0.0066952115625525865
2025-02-06,6.89,6.94,6.81,6.94,803500.0,5535047.0,133707500.0,0.006009386160088252
2025-02-07,6.98,7.11,6.93,7.0,1194400.0,8395530.0,133707500.0,0.008932931959688126
2025-02-10,7.0,7.14,6.98,7.07,1095400.0,7743420.0,133707500.0,0.008192509769459455
2025-02-11,7.1,7.36,7.0,7.15,1783500.0,12841436.0,133707500.0,0.013338817942149842
2025-02-12,7.1,7.23,7.1,7.22,1096300.0,7836628.0,133707500.0,0.008199240880279715
2025-02-13,7.35,7.66,7.31,7.34,1988300.0,14824940.0,133707500.0,0.014870519604360264
2025-02-14,7.32,7.58,7.25,7.33,1771465.0,13108983.0,133707500.0,0.013248808032458911
2025-02-17,7.27,7.37,7.03,7.14,2295800.0,16472199.0,133707500.0,0.01717031580128265
2025-02-18,7.2,7.31,7.02,7.07,1419800.0,10143553.0,133707500.0,0.01061870126956229
2025-02-19,7.03,7.1,7.0,7.05,1125600.0,7940038.0,133707500.0,0.008418375932539312
2025-02-20,7.1,7.1,6.87,6.98,2126800.0,14785201.0,133707500.0,0.01590636276947815
2025-02-21,6.95,6.97,6.83,6.88,1459700.0,10033111.0,133707500.0,0.010917113849260513
2025-02-24,6.94,7.09,6.91,6.96,1226300.0,8567224.0,133707500.0,0.009171512443206253
2025-02-25,6.88,7.06,6.82,7.01,1194000.0,8313006.0,133707500.0,0.00892994035487912
2025-02-26,6.99,7.11,6.99,7.01,843400.0,5938247.0,133707500.0,0.006307798739786474
2025-02-27,6.97,7.28,6.97,7.27,2481500.0,17639842.0,133707500.0,0.018559168333863098
2025-02-28,7.21,7.4,7.08,7.15,2170300.0,15723572.0,133707500.0,0.016231699792457418
2025-03-03,7.11,7.43,6.98,7.37,2400321.0,17368615.0,133707500.0,0.017952029616887608
2025-03-04,7.34,7.4,7.27,7.37,1563800.0,11481650.0,133707500.0,0.011695679000803995
2025-03-05,7.35,7.56,7.15,7.18,1950400.0,14128428.0,133707500.0,0.014587065048707066
2025-03-06,7.18,7.23,7.0,7.06,1783100.0,12613879.0,133707500.0,0.013335826337340838
2025-03-07,7.07,7.18,7.03,7.13,1563895.0,11066460.0,133707500.0,0.011696389506946132
2025-03-10,7.19,7.64,7.14,7.47,4565900.0,33849107.0,133707500.0,0.034148420993586746
2025-03-11,7.32,7.56,7.32,7.52,2068300.0,15422946.0,133707500.0,0.01546884056616121
2025-03-12,7.51,7.87,7.46,7.75,4092909.0,31564198.0,133707500.0,0.030610915618046856
2025-03-14,7.99,8.15,7.6,7.63,6272938.0,49013085.0,133707500.0,0.04691537871847129
2025-03-17,7.62,8.02,7.59,7.97,3570330.0,28048852.0,133707500.0,0.02670254099433465
2025-03-18,7.97,9.27,7.81,8.74,5520900.0,47628530.0,133707500.0,0.041290877475085544
2025-03-19,8.75,9.04,8.58,8.86,3643600.0,32137953.0,133707500.0,0.02725052820522409
2025-03-20,8.87,9.46,8.78,9.29,5532379.0,50830934.0,133707500.0,0.041376729054091954
2025-03-21,9.3,9.43,8.82,9.12,3134300.0,28514852.0,133707500.0,0.023441467382158816
2025-03-24,9.03,9.18,8.49,8.64,2714434.0,23714387.0,133707500.0,0.020301284520314867
2025-03-25,8.75,8.88,8.6,8.6,1850101.0,16110647.0,133707500.0,0.013836927621861152
2025-03-26,8.5,8.85,8.5,8.83,1616000.0,14033663.0,133707500.0,0.012086083428379111
2025-03-27,8.76,9.33,8.74,9.1,3035500.0,27596617.0,133707500.0,0.02270254099433465
2025-03-28,9.02,9.31,8.98,9.0,2289101.0,20930475.0,133707500.0,0.017120213899743844
2025-03-31,8.9,9.12,8.84,8.93,1278900.0,11463258.0,133707500.0,0.009564908475590375
2025-04-01,8.94,9.01,8.72,8.95,2427496.0,21507101.0,133707500.0,0.01815527176859937
2025-04-02,8.98,9.71,8.97,9.68,5138296.0,48496453.0,133707500.0,0.038429377559224424
2025-04-03,9.51,9.69,9.33,9.6,2269406.0,21682677.0,133707500.0,0.016972914757960474
2025-04-07,8.96,9.44,8.26,8.81,3496081.0,31220533.0,133707500.0,0.026147231830675167
2025-04-08,8.83,9.18,8.66,8.71,3220100.0,28671052.0,133707500.0,0.02408316661369033
2025-04-09,8.55,8.65,7.83,8.48,3674800.0,30607410.0,133707500.0,0.02748387338032646
2025-04-10,8.52,8.85,8.52,8.62,2573400.0,22370831.0,133707500.0,0.019246489538731933
2025-04-11,8.48,8.62,8.42,8.48,1533500.0,13033200.0,133707500.0,0.011469064936521885
2025-04-14,8.52,8.79,8.52,8.7,1857500.0,16156123.0,133707500.0,0.013892264831815717
2025-04-15,8.65,8.77,8.51,8.54,1834800.0,15805294.0,133707500.0,0.013722491258904698
2025-04-16,8.55,8.73,8.31,8.41,2174100.0,18451997.0,133707500.0,0.01626012003814296
2025-04-17,8.32,8.47,8.28,8.38,1126890.0,9478544.0,133707500.0,0.008428023858048353
2025-04-18,8.73,8.99,8.48,8.5,2044500.0,17816204.0,133707500.0,0.015290840080025429
2025-04-21,8.51,8.62,8.32,8.47,1494100.0,12709415.0,133707500.0,0.01117439186283492
2025-04-22,8.49,9.07,8.45,9.07,3591200.0,31502686.0,133707500.0,0.02685862797524447
2025-04-23,9.03,9.55,8.92,9.27,2645700.0,24428786.0,133707500.0,0.019787222107959537
2025-04-24,9.34,9.45,9.19,9.28,1431900.0,13302257.0,133707500.0,0.010709197315034684
2025-04-25,9.41,10.2,9.35,9.77,9783179.0,95617062.0,133707500.0,0.07316851335938522
2025-04-28,9.55,9.6,9.03,9.05,4870900.0,45256208.0,133707500.0,0.03642951966045285
2025-04-29,9.07,9.19,8.61,8.64,3240800.0,28930229.0,133707500.0,0.024237982162556328
2025-04-30,8.5,9.06,8.5,8.91,2112600.0,18770096.0,133707500.0,0.015800160798758484
2025-05-06,9.01,9.28,9.01,9.2,2375845.0,21757632.0,133707500.0,0.01776897331862461
2025-05-07,9.22,10.13,9.21,9.92,5496279.0,53808621.0,133707500.0,0.04110673672007928
2025-05-08,10.0,10.6,9.71,10.51,4849500.0,49047659.0,133707500.0,0.0362694688031711
2025-05-09,10.62,10.89,10.07,10.11,4176400.0,44026208.0,133707500.0,0.03123534581081839
2025-05-12,10.23,10.34,10.03,10.11,3420900.0,34883578.0,133707500.0,0.025584952227810705
2025-05-13,10.26,10.62,10.26,10.5,2741800.0,28706519.0,133707500.0,0.020505955163322924
2025-05-14,10.5,10.66,10.01,10.29,3148100.0,32757388.0,133707500.0,0.02354467774806948
2025-05-15,10.39,10.47,10.21,10.27,1865400.0,19280121.0,133707500.0,0.01395134902679356
2025-05-16,10.23,10.29,9.99,10.19,1561400.0,15822334.0,133707500.0,0.011677729371949965
2025-05-19,10.39,10.84,10.39,10.57,3046200.0,32497536.0,133707500.0,0.022782566422975523
2025-05-20,10.5,10.7,10.3,10.55,3465800.0,36456527.0,133707500.0,0.025920759867621487
2025-05-21,10.69,10.69,10.2,10.25,2696400.0,27987535.0,133707500.0,0.020166408017500886
2025-05-22,10.34,10.44,10.22,10.27,1507500.0,15564197.0,133707500.0,0.011274610623936579
2025-05-23,10.29,10.61,10.2,10.27,2430600.0,25244679.0,133707500.0,0.018178486621917244
2025-05-26,10.28,10.35,10.09,10.32,1304900.0,13341618.0,133707500.0,0.009759362788175682
2025-05-27,10.3,10.54,10.29,10.52,2075100.0,21691978.0,133707500.0,0.01551969784791429
2025-05-28,10.52,10.58,10.22,10.29,1425800.0,14764564.0,133707500.0,0.010663575341697361
2025-05-29,10.22,10.43,10.22,10.36,1172300.0,12138707.0,133707500.0,0.008767645793990614
2025-05-30,10.4,10.55,10.3,10.48,3102102.0,32401704.0,133707500.0,0.023200658153057982
2025-06-03,10.72,10.8,10.3,10.34,2155000.0,22569872.0,133707500.0,0.016117270908512987
2025-06-04,10.3,10.98,10.3,10.64,3751420.0,39962847.0,133707500.0,0.028056915281491315
2025-06-05,10.74,10.77,10.51,10.65,1266900.0,13486860.0,133707500.0,0.009475160331320233
2025-06-06,10.68,11.33,10.51,11.28,3911300.0,43362367.0,133707500.0,0.029252659723650504
2025-06-09,11.4,11.6,11.28,11.55,2515500.0,28872733.0,133707500.0,0.018813454742628497
2025-06-10,11.52,11.54,10.91,11.21,2252500.0,25376789.0,133707500.0,0.016846474580707888
2025-06-11,11.24,11.4,11.12,11.2,1428600.0,16062004.0,133707500.0,0.010684516575360395
2025-06-12,11.2,11.27,10.89,11.01,1756000.0,19391699.0,133707500.0,0.013133145111530766
2025-06-13,11.02,11.18,10.63,11.12,2404500.0,26211668.0,133707500.0,0.017983284408129685
2025-06-16,11.11,11.27,10.94,11.11,1291200.0,14333845.0,133707500.0,0.00965690032346727
2025-06-17,11.27,11.27,10.68,10.74,2747820.0,29968641.0,133707500.0,0.020550978815698447
2025-06-18,10.71,10.8,10.58,10.68,1597300.0,17054527.0,133707500.0,0.01194622590355814
2025-06-19,10.77,10.86,10.37,10.43,1529020.0,16281442.0,133707500.0,0.011435558962661033
2025-06-20,10.45,10.54,10.23,10.39,2261500.0,23402769.0,133707500.0,0.016913785688910495
2025-06-23,10.36,10.62,10.25,10.5,888600.0,9246233.0,133707500.0,0.006645850083204009
2025-06-24,10.57,10.89,10.45,10.77,1383600.0,14795605.0,133707500.0,0.010347961034347363
2025-06-25,10.77,10.86,10.58,10.69,1031800.0,11021694.0,133707500.0,0.007716844604827702
2025-06-26,10.66,10.77,10.42,10.56,1618800.0,17119377.0,133707500.0,0.012107024662042144
2025-06-27,10.78,10.78,10.38,10.43,829266.0,8740571.0,133707500.0,0.006202090383860292
2025-06-30,10.5,10.55,10.36,10.44,608100.0,6342131.0,133707500.0,0.004547987210889441
2025-07-01,10.5,10.6,10.42,10.52,826400.0,8663577.0,133707500.0,0.006180655535403774
2025-07-02,10.57,11.38,10.5,11.12,2738200.0,30067055.0,133707500.0,0.020479030720041883
2025-07-03,10.91,10.98,10.71,10.89,1680800.0,18193144.0,133707500.0,0.012570723407437878
2025-07-04,10.89,10.98,10.57,10.57,1105000.0,11838670.0,133707500.0,0.008264308284875567
2025-07-07,10.48,10.56,10.42,10.43,545400.0,5712865.0,133707500.0,0.00407905315707795
2025-07-08,10.44,10.55,10.41,10.51,853066.0,8938661.0,133707500.0,0.006380090869996073
2025-07-09,10.52,10.57,10.43,10.43,356900.0,3740310.0,133707500.0,0.002669259390834471
2025-07-10,10.4,10.5,10.35,10.41,541900.0,5641841.0,133707500.0,0.004052876614999159
2025-07-11,10.42,10.47,10.33,10.36,913700.0,9477867.0,133707500.0,0.006833573284969055
2025-07-14,10.39,10.57,10.34,10.55,1014600.0,10610711.0,133707500.0,0.007588205598040499
2025-07-15,10.59,10.96,10.57,10.62,1877100.0,20133021.0,133707500.0,0.014038853467456949
2025-07-16,10.63,11.13,10.63,11.08,2492200.0,27229536.0,133707500.0,0.01863919376250397
2025-07-17,11.12,11.28,10.88,10.89,1959300.0,21669645.0,133707500.0,0.01465362825570742
2025-07-18,10.88,11.03,10.76,10.85,1003209.0,10902143.0,133707500.0,0.007503012172092067
2025-07-21,10.85,10.87,10.8,10.81,803300.0,8700111.0,133707500.0,0.00600789035768375
2025-07-22,10.76,10.83,10.6,10.62,1185400.0,12667931.0,133707500.0,0.008865620851485519
2025-07-23,10.62,10.78,10.57,10.65,957200.0,10208478.0,133707500.0,0.00715891030794832
2025-07-24,10.69,10.85,10.61,10.8,1298200.0,13969156.0,133707500.0,0.009709253407624853
2025-07-25,10.8,10.85,10.64,10.79,1098200.0,11764214.0,133707500.0,0.008213451003122487
2025-07-28,10.83,10.83,10.64,10.64,732900.0,7830177.0,133707500.0,0.005481367911298917
2025-07-29,10.64,10.69,10.48,10.52,1098200.0,11575044.0,133707500.0,0.008213451003122487
2025-07-30,10.48,10.56,10.36,10.38,1263150.0,13176419.0,133707500.0,0.009447114036235812
2025-07-31,10.48,10.48,10.14,10.19,1556800.0,15970547.0,133707500.0,0.011643325916646411
2025-08-01,10.22,10.38,10.18,10.26,1552000.0,15927695.0,133707500.0,0.011607426658938354
2025-08-04,10.29,10.33,10.07,10.3,811502.0,8292835.0,133707500.0,0.006069233214292392
2025-08-05,10.75,10.88,10.43,10.43,3464302.0,37104636.0,133707500.0,0.025909556307611766
2025-08-06,10.45,10.46,10.3,10.4,1250900.0,12983784.0,133707500.0,0.009355496138960043
2025-08-07,10.37,10.58,10.3,10.5,1128000.0,11774026.0,133707500.0,0.00843632556139334
2025-08-08,10.5,10.52,10.34,10.38,951700.0,9906812.0,133707500.0,0.007117775741824505
2025-08-11,10.37,10.45,10.34,10.45,866100.0,9003902.0,133707500.0,0.006477572312697493
2025-08-12,10.4,10.52,10.38,10.49,888400.0,9292562.0,133707500.0,0.006644354280799507
2025-08-13,10.48,10.52,10.37,10.39,1288200.0,13426996.0,133707500.0,0.009634463287399735
2025-08-14,10.4,10.69,10.4,10.45,1976600.0,20842588.0,133707500.0,0.014783015163696876
2025-08-15,10.48,11.04,10.43,10.99,3593800.0,38927929.0,133707500.0,0.026878073406503
2025-08-18,10.93,11.88,10.93,11.61,4163100.0,47726343.0,133707500.0,0.031135874950918983
2025-08-19,11.5,11.69,11.37,11.48,2053700.0,23594467.0,133707500.0,0.015359646990632537
2025-08-20,11.46,11.46,11.16,11.23,1853500.0,20894173.0,133707500.0,0.01386234878372567
2025-08-21,11.34,11.6,11.17,11.36,1830501.0,20854531.0,133707500.0,0.01369033898621992
2025-08-22,11.29,11.35,11.07,11.17,1652900.0,18474273.0,133707500.0,0.012362058972009798
2025-08-25,11.17,11.35,11.01,11.34,2325300.0,25986001.0,133707500.0,0.01739094665594675
2025-08-26,11.21,12.02,11.19,11.94,4108200.0,48222861.0,133707500.0,0.030725277190883086
2025-08-27,11.56,11.79,10.96,10.98,6527500.0,73496455.0,133707500.0,0.04881925097694594
2025-08-28,11.05,11.25,10.67,10.86,2913300.0,31910463.0,133707500.0,0.021788605725183704
2025-08-29,10.88,11.13,10.7,10.88,2181200.0,23736264.0,133707500.0,0.016313221023502796
2025-09-01,10.9,10.9,10.67,10.78,2286150.0,24557497.0,133707500.0,0.017098143335265412
2025-09-02,10.84,10.96,10.61,10.63,1810050.0,19438523.0,133707500.0,0.01353738571134753
2025-09-03,10.65,10.71,10.56,10.63,865501.0,9201515.0,133707500.0,0.006473092384496008
2025-09-04,10.62,10.68,10.32,10.47,1183300.0,12445184.0,133707500.0,0.008849914926238244
2025-09-05,10.49,10.54,10.35,10.42,1461960.0,15234931.0,133707500.0,0.010934016416431389
2025-09-08,10.45,10.72,10.45,10.72,852000.0,9013780.0,133707500.0,0.006372118243180076
2025-09-09,10.66,10.72,10.33,10.51,1497400.0,15779187.0,133707500.0,0.011199072602509208
2025-09-10,10.51,10.61,10.48,10.49,1281400.0,13499928.0,133707500.0,0.009583606005646655
2025-09-11,10.47,10.56,10.37,10.51,1423500.0,14860782.0,133707500.0,0.010646373614045584
2025-09-12,10.63,10.63,10.49,10.56,985900.0,10410675.0,133707500.0,0.007373557952994409
2025-09-15,10.56,10.58,10.48,10.53,644900.0,6785582.0,133707500.0,0.004823214853317877
2025-09-16,10.56,10.73,10.47,10.71,1539800.0,16303424.0,133707500.0,0.01151618271226371
2025-09-17,10.7,10.9,10.63,10.66,1393500.0,14958750.0,133707500.0,0.01042200325337023
2025-09-18,10.61,10.84,10.4,10.5,1572166.0,16753871.0,133707500.0,0.011758248415384328
2025-09-19,10.46,10.5,10.37,10.49,1277100.0,13332256.0,133707500.0,0.009551446253949852
2025-09-22,10.48,10.48,10.36,10.38,697300.0,7259493.0,133707500.0,0.005215115083297497
2025-09-23,10.38,10.38,9.91,10.18,1590800.0,16104096.0,133707500.0,0.011897612325411814
2025-09-24,10.16,10.34,10.1,10.18,971514.0,9897764.0,133707500.0,0.007265964886038554
2025-09-25,10.18,10.31,10.08,10.29,996400.0,10179972.0,133707500.0,0.007452087579230784
2025-09-26,10.29,10.34,10.14,10.28,1125000.0,11507461.0,133707500.0,0.008413888525325805
2025-09-29,10.23,10.35,10.15,10.27,687000.0,7061559.0,133707500.0,0.005138081259465624
2025-09-30,10.25,10.5,10.25,10.5,892100.0,9275640.0,133707425.0,0.00667203036779745
2025-10-09,10.52,10.52,10.13,10.13,1874500.0,19228808.0,133707425.0,0.014019415900051922
2025-10-10,10.13,10.35,10.1,10.22,888100.0,9089687.0,133707425.0,0.006642114302926707
2025-10-13,9.85,10.19,9.85,10.13,786200.0,7907191.0,133707425.0,0.00588000255034453
2025-10-14,10.18,10.22,9.8,9.92,2470415.0,24653935.0,133707425.0,0.01847627384941412
2025-10-15,9.95,9.99,9.85,9.99,1011500.0,10037436.0,133707425.0,0.007565024904189128
2025-10-16,10.01,10.14,10.01,10.12,695200.0,7009813.0,133707425.0,0.005199412074535128
2025-10-17,10.12,10.3,10.02,10.07,1296760.0,13190408.0,133707425.0,0.009698489070446162
2025-10-20,10.13,10.5,10.13,10.47,1602660.0,16578261.0,133707425.0,0.011986320131436232
2025-10-21,10.53,10.6,10.32,10.6,1870100.0,19632356.0,133707425.0,0.013986508228694105
2025-10-22,10.53,10.68,10.49,10.56,1199300.0,12667516.0,133707425.0,0.008969584149870511
2025-10-23,10.56,10.77,10.49,10.76,1993050.0,21177739.0,133707425.0,0.014906053272658568
2025-10-24,10.79,11.27,10.79,11.18,3595015.0,39835325.0,133707425.0,0.026887175487823507
2025-10-27,10.95,10.96,10.61,10.8,2857000.0,30867407.0,133707425.0,0.021367549333928166
2025-10-28,10.8,10.85,10.6,10.61,1375700.0,14723616.0,133707425.0,0.010288882610670276
2025-10-29,10.65,10.66,10.44,10.65,1180500.0,12469216.0,133707425.0,0.008828978644978018
2025-10-30,10.57,11.15,10.57,10.94,2306900.0,25231957.0,133707425.0,0.017253342512579237
2025-10-31,10.81,11.34,10.81,11.26,2632100.0,29393856.0,133707425.0,0.019685518586570642
2025-11-03,11.26,11.55,11.14,11.31,1823100.0,20626196.0,133707425.0,0.013634994466462876
2025-11-04,11.35,11.46,11.25,11.35,1619700.0,18336788.0,133707425.0,0.012113762567785596
2025-11-05,11.31,11.45,11.22,11.28,1263000.0,14321815.0,133707425.0,0.009445997482937092
2025-11-06,11.37,11.37,11.04,11.05,1584600.0,17635380.0,133707425.0,0.011851249098544826
2025-11-07,11.08,11.27,10.95,11.0,1097300.0,12164636.0,133707425.0,0.008206724495666564
2025-11-10,10.96,11.37,10.96,11.36,1348773.0,15142109.0,133707425.0,0.01008749514097665
2025-11-11,11.37,11.99,11.37,11.69,1880000.0,21873814.0,133707425.0,0.014060550489249195
2025-11-12,11.75,11.8,11.59,11.62,1108200.0,12936061.0,133707425.0,0.00828824577243934
2025-11-13,11.68,12.31,11.6,12.2,2547001.0,30570931.0,133707425.0,0.019049061785461802
2025-11-14,12.11,14.0,12.11,13.55,7836100.0,104344274.0,133707425.0,0.05860631898340724
2025-11-17,13.92,14.36,13.03,13.23,5318800.0,71527282.0,133707425.0,0.039779391458626925
2025-11-18,14.0,14.9,13.77,14.84,7859613.0,112590949.0,133707425.0,0.05878217309173368
2025-11-19,14.76,16.16,14.16,14.68,10216089.0,154302798.0,133707425.0,0.07640629531232092
2025-11-20,14.0,14.38,13.16,13.53,8101600.0,112711028.0,133707425.0,0.06059199778920281
2025-11-21,13.56,14.0,13.07,13.29,4474303.0,60499977.0,133707425.0,0.03346338469983997
2025-11-24,13.09,13.32,12.75,12.86,3297980.0,42696534.0,133707425.0,0.024665645905603224
2025-11-25,13.05,13.78,12.8,13.48,3224400.0,42933091.0,133707425.0,0.024115339892305906
2025-11-26,13.4,13.99,13.4,13.8,2426100.0,33331197.0,133707425.0,0.018144841245727378
2025-11-27,13.7,14.06,13.54,13.58,1772400.0,24434004.0,133707425.0,0.01325580834422621
2025-11-28,13.71,14.11,13.62,13.79,1649500.0,22746376.0,133707425.0,0.01233663725107263
2025-12-01,13.64,13.91,13.64,13.85,1307800.0,18040362.0,133707425.0,0.009781057409489414
2025-12-02,13.75,14.88,13.55,14.8,4088100.0,58737370.0,133707425.0,0.030574966199521082
2025-12-03,14.7,14.9,14.16,14.16,2981000.0,43022719.0,133707425.0,0.022294947344921195
2025-12-04,14.1,14.34,13.82,13.88,2253000.0,31575858.0,133707425.0,0.016850223538445976
2025-12-05,13.9,14.07,13.75,13.9,1431500.0,19855539.0,133707425.0,0.010706211715617139
2025-12-08,13.9,13.92,13.38,13.73,2394120.0,32441610.0,133707425.0,0.017905662307085787
2025-12-09,13.76,13.94,13.62,13.68,1132000.0,15597800.0,133707425.0,0.008466246358420259
2025-12-10,13.68,13.68,12.96,13.0,2550100.0,33550955.0,133707425.0,0.01907223925672041
2025-12-11,13.0,13.17,12.1,12.77,3180043.0,40390342.0,133707425.0,0.02378359316993802
2025-12-12,12.68,12.81,12.48,12.5,1438700.0,18204698.0,133707425.0,0.010760060632384476
2025-12-15,12.65,12.84,12.39,12.43,880800.0,11068300.0,133707425.0,0.006587517484537601
2025-12-16,12.35,12.53,12.29,12.43,689413.0,8548711.0,133707425.0,0.00515613100768338
2025-12-17,12.53,13.08,12.3,12.5,1239400.0,15661954.0,133707425.0,0.009269492700199708
2025-12-18,12.5,13.18,12.5,12.84,1920300.0,24819033.0,133707425.0,0.01436195484282193
2025-12-19,12.77,13.09,12.77,12.92,746100.0,9678514.0,133707425.0,0.005580094000015332
2025-12-22,13.0,13.09,12.81,12.97,813600.0,10529407.0,133707425.0,0.006084927594709119
2025-12-23,12.97,12.97,12.62,12.66,1019100.0,13035654.0,133707425.0,0.007621865427443539
2025-12-24,12.7,13.09,12.61,13.04,1019700.0,13123736.0,133707425.0,0.007626352837174151
2025-12-25,13.03,13.4,12.97,13.2,644600.0,8485878.0,133707425.0,0.004820973853920229
2025-12-26,13.28,13.67,13.24,13.52,1043200.0,14063338.0,133707425.0,0.007802109718289766
2025-12-29,13.38,13.7,13.3,13.64,1242600.0,16816414.0,133707425.0,0.009293425552096302
2025-12-30,13.69,13.69,13.23,13.48,1487100.0,20016072.0,133707425.0,0.011122045017320467
2025-12-31,13.45,13.45,12.51,12.76,2722500.0,35069257.0,133707500.0,0.020361610231288445
2026-01-05,12.83,13.23,12.63,12.8,3536017.0,45863392.0,133707500.0,0.0264459136548062
2026-01-06,12.93,13.64,12.81,13.41,3273317.0,43497554.0,133707500.0,0.024481177196492343
2026-01-07,13.62,13.85,13.36,13.85,3608300.0,49096656.0,133707500.0,0.026986519080829423
2026-01-08,13.85,13.85,13.48,13.59,2051000.0,27979862.0,133707500.0,0.015339453658171756
2026-01-09,13.6,13.6,12.99,13.05,4046100.0,53306445.0,133707500.0,0.0302608305442851
2026-01-12,12.89,13.12,12.8,13.09,2333000.0,30238972.0,133707500.0,0.017448535048520092
2026-01-13,13.05,13.15,12.81,12.82,1541600.0,19918623.0,133707500.0,0.011529644933904232
2026-01-14,12.81,13.07,12.69,12.94,1722600.0,22218897.0,133707500.0,0.012883346109978872
2026-01-15,12.94,13.47,12.85,13.32,2403600.0,31776111.0,133707500.0,0.017976553297309426
2026-01-16,13.28,13.36,13.04,13.1,1399901.0,18442341.0,133707500.0,0.010469876409326328
2026-01-19,13.04,13.18,12.87,13.05,839701.0,10948118.0,133707500.0,0.006280133874315203
2026-01-20,12.94,13.03,12.85,12.95,1121000.0,14492013.0,133707500.0,0.008383972477235758
2026-01-21,12.92,13.24,12.88,13.21,1582100.0,20718384.0,133707500.0,0.01183254492081596
2026-01-22,13.22,13.54,13.03,13.43,1593300.0,21282424.0,133707500.0,0.011916309855468092
2026-01-23,13.33,13.58,13.16,13.21,1476900.0,19693480.0,133707500.0,0.011045752856047716
2026-01-26,13.26,13.27,12.9,12.98,1268276.0,16513345.0,133707500.0,0.009485451451863209
2026-01-27,13.07,13.19,12.8,12.88,1815377.0,23491760.0,133707500.0,0.013577226408391452
2026-01-28,12.93,12.93,12.15,12.34,2635666.0,32829107.0,133707500.0,0.019712177701325655
2026-01-29,12.2,12.36,12.01,12.06,2105500.0,25716518.0,133707500.0,0.01574705981339865
2026-01-30,12.01,12.33,11.9,12.33,1653300.0,20056078.0,133707500.0,0.012365050576818802
2026-02-02,12.08,12.54,12.08,12.09,1149700.0,14127464.0,133707500.0,0.008598620122281847
2026-02-03,12.13,12.58,12.13,12.55,1050800.0,13054606.0,133707500.0,0.007858945833255427
2026-02-04,12.53,12.67,12.38,12.43,665400.0,8325175.0,133707500.0,0.004976534599779369
2026-02-05,12.37,12.54,12.23,12.39,657900.0,8152561.0,133707500.0,0.004920442009610531
2026-02-06,12.37,12.74,12.2,12.57,846000.0,10642212.0,133707500.0,0.006327244171045005
2026-02-09,12.66,13.24,12.66,13.14,2166200.0,28199805.0,133707500.0,0.016201035843165117
2026-02-10,13.29,13.3,13.03,13.08,812500.0,10697650.0,133707500.0,0.006076697268290859
2026-02-11,13.07,13.84,13.01,13.69,2742200.0,37138406.0,133707500.0,0.02050894676813193
2026-02-12,13.7,13.8,13.46,13.5,1268100.0,17290012.0,133707500.0,0.009484135145747247
2026-02-13,13.41,13.85,13.41,13.71,958600.0,13124897.0,133707500.0,0.007169380924779836
2026-02-24,13.77,14.11,13.77,14.0,986500.0,13759200.0,133707500.0,0.007378045360207916
2026-02-25,14.06,14.25,13.84,13.91,1005800.0,14090487.0,133707500.0,0.007522390292242395
2026-02-26,13.97,14.2,13.77,13.88,1130200.0,15799439.0,133707500.0,0.008452779387842866
2026-02-27,13.95,14.57,13.9,14.44,1858800.0,26445420.0,133707500.0,0.013901987547444983
2026-03-02,14.13,14.49,13.6,14.28,2474900.0,34886875.0,133707500.0,0.01850980685451452
2026-03-03,14.32,14.4,13.82,13.82,1838100.0,25792450.0,133707500.0,0.013747171998578988
2026-03-04,13.75,14.1,13.62,13.8,1661600.0,23075457.0,133707500.0,0.01242712637660565
2026-03-05,13.99,14.23,13.92,14.19,1233400.0,17360283.0,133707500.0,0.009224613428566087
2026-03-06,14.22,14.46,14.12,14.38,806700.0,11583460.0,133707500.0,0.00603331899856029
2026-03-09,14.06,14.83,14.06,14.66,1647500.0,23693143.0,133707500.0,0.012321672307088234
2026-03-10,14.67,15.17,14.67,15.08,1547500.0,23174744.0,133707500.0,0.01157377110483705
2026-03-11,15.11,15.2,14.7,14.78,1469400.0,21820678.0,133707500.0,0.010989660265878878
2026-03-12,14.88,14.93,14.01,14.02,2815500.0,40280431.0,133707500.0,0.021057158349382047
2026-03-13,14.03,14.39,13.74,14.29,2702500.0,38097972.0,133707500.0,0.02021202999083821
2026-03-16,14.29,14.53,13.82,13.85,2428100.0,34139191.0,133707500.0,0.018159789091860966
2026-03-17,13.95,13.98,13.49,13.5,1740972.0,23928807.0,133707500.0,0.013020750518856459
2026-03-18,13.55,14.09,13.55,14.04,1796100.0,25012111.0,133707500.0,0.01343305349363349
2026-03-19,13.85,14.13,13.72,13.75,1070900.0,14880243.0,133707500.0,0.008009273974907914
2026-03-20,13.77,14.03,13.76,13.96,1115600.0,15497557.0,133707500.0,0.008343585812314194
2026-03-23,13.83,13.83,12.7,12.88,1815752.0,24002668.0,133707500.0,0.013580031037899893
2026-03-24,13.2,13.57,12.84,13.41,1844400.0,24254783.0,133707500.0,0.013794289774320812
2026-03-25,13.41,13.77,13.4,13.74,1863500.0,25335735.0,133707500.0,0.013937138903950787
2026-03-26,13.69,13.81,13.3,13.42,1429400.0,19420305.0,133707500.0,0.010690499784978404
2026-03-27,13.3,14.0,13.3,13.99,1608441.0,21998858.0,133707500.0,0.012029549576500945
2026-03-30,13.97,13.97,13.61,13.81,1956900.0,26974471.0,133707500.0,0.014635678626853393
2026-03-31,13.65,13.85,13.2,13.28,1384772.0,18680324.0,133707500.0,0.010356726436437747
2026-04-01,13.47,13.51,13.05,13.42,1203900.0,16010528.0,133707500.0,0.009003982573901987
2026-04-02,13.41,13.7,13.07,13.21,1159000.0,15472777.0,133707500.0,0.008668174934091206
2026-04-03,13.14,13.28,12.78,12.78,1091500.0,14078881.0,133707500.0,0.008163341622571658
2026-04-07,12.64,12.96,12.63,12.95,547572.0,7001023.0,133707500.0,0.004095297571190846
2026-04-08,13.15,13.68,13.15,13.64,900400.0,12098287.0,133707500.0,0.006734102425069648
2026-04-09,13.58,13.71,13.36,13.69,1332972.0,18051355.0,133707500.0,0.009969313613671635
2026-04-10,13.6,14.05,13.58,13.92,986400.0,13696932.0,133707500.0,0.007377297459005666
2026-04-13,13.92,14.17,13.88,14.0,1055700.0,14815089.0,133707500.0,0.007895592992165735
2026-04-14,14.02,14.2,13.93,14.17,798100.0,11219756.0,133707500.0,0.005968999495166689
2026-04-15,14.18,14.45,14.12,14.23,1139900.0,16297196.0,133707500.0,0.00852532580446123
2026-04-16,14.17,14.35,14.13,14.28,1588000.0,22644147.0,133707500.0,0.01187667109174878
2026-04-17,14.35,14.37,13.88,13.97,1673900.0,23552201.0,133707500.0,0.012519118224482546
2026-04-20,13.89,14.1,13.84,14.04,920500.0,12888648.0,133707500.0,0.006884430566722136
2026-04-21,14.0,14.04,13.7,14.01,1213400.0,16853554.0,133707500.0,0.00907503318811585
2026-04-22,13.85,14.04,13.79,13.87,684872.0,9520875.0,133707500.0,0.005122165921881719
2026-04-23,13.78,13.89,13.29,13.53,936900.0,12742113.0,133707500.0,0.00700708636389133
2026-04-24,13.69,13.93,13.53,13.93,742488.0,10215517.0,133707500.0,0.005553076678570761
2026-04-27,13.92,13.96,13.58,13.77,1069300.0,14757949.0,133707500.0,0.007997307555671896
2026-04-28,13.7,13.93,13.6,13.75,1545200.0,21169711.0,133707500.0,0.011556569377185274
2026-04-29,13.74,13.98,13.68,13.84,915600.0,12701704.0,133707500.0,0.006847783407811828
2026-04-30,13.85,13.99,13.6,13.94,1699601.0,23492799.0,133707500.0,0.012711336312473122
2026-05-06,13.9,13.9,13.63,13.7,1134601.0,15565203.0,133707500.0,0.00848569451975394
2026-05-07,13.75,13.95,13.67,13.95,1336900.0,18451152.0,133707500.0,0.00999869117289606
2026-05-08,14.01,14.45,13.92,14.43,1521100.0,21577912.0,133707500.0,0.011376325187442738
2026-05-11,14.28,14.43,14.16,14.25,1476588.0,21067866.0,133707500.0,0.011043419404296692
2026-05-13,14.78,15.08,14.35,14.79,10410200.0,153474048.0,133707500.0,0.07785801095675261
2026-05-14,14.6,15.27,14.28,14.58,6924375.0,102654253.0,133707500.0,0.05178748387338033
2026-05-15,14.78,14.89,13.92,14.14,5069272.0,72477255.0,133707500.0,0.03791314623338257
2026-05-18,13.96,14.05,13.53,13.87,2917900.0,40130930.0,133707500.0,0.021823009180487258
2026-05-19,13.75,14.66,13.68,14.04,3472300.0,48683978.0,133707500.0,0.025969373445767815
2026-05-20,14.04,14.5,13.85,14.1,2465300.0,34647939.0,133707500.0,0.018438008339098404
2026-05-21,14.06,14.19,13.19,13.23,4070510.0,55548914.0,133707500.0,0.030443393227754613
2026-05-22,13.37,13.47,13.02,13.38,2440500.0,32506697.0,133707500.0,0.018252528840940113
2026-05-25,13.63,14.18,13.4,13.57,2680562.0,36845607.0,133707500.0,0.020047955425088346
2026-05-26,13.48,13.52,12.92,12.99,2710162.0,35480777.0,133707500.0,0.020269334180954696
2026-05-27,12.98,13.26,12.71,13.14,2337264.0,30229962.0,133707500.0,0.01748042555578408
2026-05-28,13.0,13.13,12.75,12.94,1786672.0,23152462.0,133707500.0,0.01336254136828525
2026-05-29,13.02,13.1,12.56,12.63,1945072.0,24991654.0,133707500.0,0.014547216872651123
2026-06-01,12.72,13.53,12.56,13.31,3108400.0,41056812.0,133707500.0,0.02324776097077576
2026-06-02,13.33,13.56,12.86,13.03,2270600.0,29658648.0,133707500.0,0.016981844698315353
2026-06-03,13.08,13.22,12.58,12.66,2056800.0,26284094.0,133707500.0,0.015382831927902324
2026-06-04,12.65,12.79,12.15,12.29,1894578.0,23417961.0,133707500.0,0.01416957163958641
2026-06-05,12.2,12.54,12.12,12.38,1687440.0,20843107.0,133707500.0,0.012620384047267357
2026-06-08,12.49,12.58,11.71,12.0,1889778.0,22890049.0,133707500.0,0.014133672381878353
2026-06-09,12.13,12.47,11.9,12.0,2621140.0,31765751.0,133707500.0,0.01960353757268665
2026-06-10,11.82,12.05,11.17,11.5,3330016.0,38552639.0,133707500.0,0.02490522969915674
2026-06-11,11.41,11.64,11.28,11.58,2845872.0,32657577.0,133707500.0,0.021284310902529777
2026-06-12,11.66,11.96,11.36,11.68,1896672.0,22128531.0,133707500.0,0.014185232690761551
2026-06-15,11.72,12.0,11.1,11.28,3325900.0,38016149.0,133707500.0,0.024874446085672082
2026-06-16,11.17,11.81,10.98,11.55,3125873.0,35563560.0,133707500.0,0.02337844174784511
2026-06-17,11.6,11.63,11.08,11.2,2147872.0,24260404.0,133707500.0,0.01606396051081652
2026-06-18,11.12,11.18,10.84,11.08,1769772.0,19557625.0,133707500.0,0.013236146065104799
2026-06-22,11.18,11.28,10.64,11.2,2532401.0,27726764.0,133707500.0,0.018939857524820972
2026-06-23,11.17,11.82,11.08,11.5,2248972.0,25997802.0,133707500.0,0.016820088626292466
2026-06-24,11.31,11.65,10.92,10.98,2264000.0,25273362.0,133707500.0,0.016932483218966773
2026-06-25,10.94,10.98,10.55,10.66,2163000.0,23164637.0,133707500.0,0.01617710300469308
2026-06-26,10.55,10.69,10.26,10.38,1874200.0,19499812.0,133707500.0,0.014017164332591665
2026-06-29,10.34,10.7,10.12,10.51,2456200.0,25676882.0,133707500.0,0.018369949329693547
2026-06-30,10.4,10.6,10.09,10.22,2071400.0,21345391.0,133707500.0,0.015492025503430996
2026-07-01,10.24,12.22,10.24,11.37,7460009.0,85128919.0,133707500.0,0.05579349699904643
2026-07-02,11.02,11.71,11.02,11.45,4568940.0,52483149.0,133707500.0,0.034171157190135186
2026-07-03,11.4,11.86,11.31,11.59,3820201.0,44204698.0,133707500.0,0.028571329207411702
2026-07-06,11.7,11.7,11.0,11.07,3323040.0,37299658.0,133707500.0,0.0248530561112877
2026-07-07,11.14,11.25,10.5,10.58,2247100.0,24141412.0,133707500.0,0.016806087915786326
2026-07-08,10.58,10.63,10.27,10.49,1705600.0,17839543.0,133707500.0,0.01275620290559617
2026-07-09,10.63,10.69,10.28,10.62,2182900.0,22987337.0,133707500.0,0.016325935343941066
2026-07-10,10.61,11.08,10.24,10.9,3135600.0,33744702.0,133707500.0,0.023451190097788083
2026-07-13,10.89,11.13,10.48,10.53,2088900.0,22285247.0,133707500.0,0.015622908213824954
2026-07-14,10.65,10.78,10.32,10.68,2306900.0,24424355.0,133707500.0,0.017253332834732533
2026-07-15,10.8,10.89,10.59,10.78,1857972.0,19936254.0,133707500.0,0.013895794925490344
2026-07-16,10.74,11.18,10.57,10.93,1889680.0,20636652.0,133707500.0,0.014132939438700148
2026-07-17,10.84,11.16,10.3,10.39,2601200.0,27788008.0,133707500.0,0.019454406072957762
2026-07-20,10.68,10.88,9.84,9.98,3496872.0,36433937.0,133707500.0,0.026153147729184974
2026-07-21,9.94,10.03,9.0,9.66,3503000.0,33156835.0,133707500.0,0.02619897911485893
2026-07-22,9.65,9.88,9.35,9.4,2482672.0,23766748.0,133707500.0,0.01856793373595348
2026-07-23,9.45,9.83,9.36,9.79,2491600.0,24040655.0,133707500.0,0.018634706355290465
2026-07-24,9.79,9.82,9.4,9.48,1725072.0,16492419.0,133707500.0,0.01290183422769852
2026-07-27,9.52,9.89,9.5,9.88,1984300.0,19408275.0,133707500.0,0.014840603556270216
2026-07-28,9.83,10.36,9.8,10.15,2982300.0,30370229.0,133707500.0,0.02230465755473702
2026-07-29,10.15,10.63,10.08,10.63,2467600.0,25646196.0,133707500.0,0.01845521006675018
2026-07-30,10.54,10.76,10.22,10.26,2838400.0,29690679.0,133707500.0,0.021228427724697567
2026-07-31,10.23,10.82,10.05,10.49,1909500.0,19909390.0,133707500.0,0.014281173456986332
2026-08-03,10.5,11.0,10.35,10.9,2250725.0,24173876.0,133707500.0,0.01683319933436793
2026-08-04,10.95,11.32,10.9,11.16,2014025.0,22412220.0,133707500.0,0.01506291718863938
2026-08-05,11.32,11.47,10.88,10.99,2530797.0,28147084.0,133707500.0,0.018927861189536863
2026-08-06,11.01,11.23,10.77,11.08,2134125.0,23461781.0,133707500.0,0.01596114653254305
2026-08-07,11.16,11.23,10.88,11.23,1685200.0,18637543.0,133707500.0,0.012603631060336929
2026-08-10,11.19,11.67,11.12,11.52,2153601.0,24733449.0,133707500.0,0.016106807770693492
2026-08-11,11.65,11.65,11.31,11.46,1834017.0,20972896.0,133707500.0,0.013716635192491071
2026-08-12,11.46,11.75,11.38,11.65,1573000.0,18146792.0,133707500.0,0.011764485911411103
2026-08-13,11.64,11.7,11.4,11.56,1631700.0,18829246.0,133707500.0,0.012203503917132546
2026-08-14,11.58,11.66,11.2,11.36,1390000.0,15759170.0,133707500.0,0.010395826711291438
2026-08-17,11.49,13.25,11.49,12.08,8312525.0,102556605.0,133707500.0,0.06216947441243012
2026-08-18,12.09,13.49,12.02,12.98,11196464.0,143823291.0,133707500.0,0.08373848886562085
2026-08-19,12.38,12.82,11.59,11.69,9368267.0,111877631.0,133707500.0,0.0700653815231008
2026-08-20,11.62,12.12,11.49,11.95,5055342.0,59998841.0,133707500.0,0.03780896359590898
2026-08-21,11.96,12.16,11.7,12.0,3116900.0,37240369.0,133707500.0,0.023311332572967112
2026-08-24,12.55,13.14,12.26,12.42,7508583.0,95557506.0,133707500.0,0.056156782529027914
2026-08-25,12.36,12.89,12.36,12.79,5659483.0,71944698.0,133707500.0,0.042327341398201296
2026-08-26,13.03,13.85,12.62,13.31,7208900.0,95102716.0,133707500.0,0.0539154497690855
2026-08-27,13.29,13.68,13.18,13.45,4281400.0,57856941.0,133707500.0,0.032020642073182136
2026-08-28,13.38,13.95,13.38,13.82,4941477.0,67897032.0,133707500.0,0.036957365891965674
2026-08-31,13.56,13.64,13.27,13.56,4803763.0,64532993.0,133707500.0,0.03592740123029748
2026-09-01,13.5,13.9,13.33,13.35,3754813.0,50993022.0,133707500.0,0.0280822915692837
2026-09-02,13.29,13.3,12.8,12.95,4052699.0,52589362.0,133707500.0,0.030310184544621654
2026-09-03,12.97,13.08,12.6,12.65,2780200.0,35570549.0,133707500.0,0.02079314922498738
2026-09-04,12.67,13.23,12.67,12.93,3208301.0,41575745.0,133707500.0,0.023994921750836715
2026-09-07,13.06,13.24,12.95,13.05,2821000.0,36878861.0,133707500.0,0.021098292915505863
2026-09-08,13.06,13.29,13.01,13.07,3856800.0,50690033.0,133707500.0,0.028845053568423613
2026-09-09,13.0,13.29,12.89,12.9,2868800.0,37374461.0,133707500.0,0.02145578969018193
2026-09-10,12.93,12.93,12.54,12.56,3099500.0,39247088.0,133707500.0,0.023181197763775405
2026-09-11,12.5,12.61,11.92,12.13,3716800.0,45143096.0,133707500.0,0.027797991885271954
2026-09-14,12.4,12.5,12.02,12.12,2479600.0,30205598.0,133707500.0,0.018544958211020323
2026-09-15,12.24,12.24,11.52,11.54,2536500.0,29992320.0,133707500.0,0.018970513995101246
2026-09-16,11.47,11.67,11.4,11.56,2463800.0,28477733.0,133707500.0,0.01842678982106464
2026-09-17,11.62,12.78,11.34,11.78,3843100.0,44753482.0,133707500.0,0.028742591103715198
2026-09-18,11.9,11.9,11.57,11.63,2449600.0,28718902.0,133707500.0,0.01832058785034497
2026-09-21,11.7,12.15,11.65,12.06,2795500.0,33430606.0,133707500.0,0.02090757810893181
2026-09-22,12.33,12.33,11.72,12.0,3138600.0,37332627.0,133707500.0,0.023473627133855618
2026-09-23,12.04,12.2,11.86,12.0,1760202.0,21154340.0,133707500.0,0.013164571920049361
2026-09-24,11.97,12.2,11.93,12.0,1528300.0,18399225.0,133707500.0,0.011430174074004824
