date,open,high,low,close,volume,amount,outstanding_share,turnover
2021-01-04,31.49,33.22,30.69,33.1,7268004.0,234734029.0,108832920.0,0.06678130109896895
2021-01-05,32.65,33.33,32.55,32.95,4987855.0,164045275.0,108832920.0,0.04583038845231755
2021-01-06,33.15,33.94,32.75,33.3,3769110.0,125168418.0,108832920.0,0.03463207639747238
2021-01-07,33.49,33.49,32.41,32.9,3213067.0,105683884.0,108832920.0,0.02952293295080202
2021-01-08,32.18,34.44,32.12,34.44,5066678.0,169927882.0,108832920.0,0.04655464541427355
2021-01-11,34.9,35.6,34.01,35.2,5827812.0,203644117.0,108832920.0,0.053548246247550835
2021-01-12,35.36,35.7,34.81,35.7,5063265.0,177944186.0,108832920.0,0.04652328541768428
2021-01-13,35.95,36.15,35.05,35.43,4793342.0,170646738.0,108832920.0,0.04404312592182586
2021-01-14,35.78,35.85,34.13,35.34,4153376.0,145743383.0,108832920.0,0.038162864692043545
2021-01-15,35.75,35.76,34.6,34.75,3022409.0,105986240.0,108832920.0,0.027771091688066442
2021-01-18,35.2,35.29,34.51,34.82,2591750.0,90351961.0,108832920.0,0.023814026123713302
2021-01-19,34.62,34.81,33.38,33.65,4259622.0,144560375.0,108832920.0,0.03913909504587399
2021-01-20,33.35,34.77,33.35,34.63,2643205.0,90359530.0,108832920.0,0.024286815055591635
2021-01-21,34.48,35.78,34.48,35.16,3127422.0,109891793.0,108832920.0,0.028735992749252707
2021-01-22,35.1,35.62,34.7,35.28,2700078.0,95032650.0,108832920.0,0.024809386718650937
2021-01-25,35.0,36.14,34.24,36.05,4365358.0,154334802.0,108832920.0,0.040110639317588834
2021-01-26,35.81,35.98,32.84,32.94,6175931.0,210230533.0,108832920.0,0.05674690158088196
2021-01-27,32.94,34.3,32.77,33.88,3432305.0,115943730.0,108832920.0,0.03153737857993703
2021-01-28,33.3,35.55,32.48,33.87,4820153.0,166173678.0,108832920.0,0.04428947601516159
2021-01-29,34.09,34.24,30.71,31.15,7428566.0,236976338.0,108832920.0,0.06825660838650659
2021-02-01,31.34,32.5,30.97,31.96,3245524.0,103661625.0,108832920.0,0.029821160729676277
2021-02-02,32.6,32.84,31.4,32.27,3304084.0,105978543.0,108832920.0,0.030359233217302266
2021-02-03,31.9,33.54,31.89,32.62,2974929.0,97655338.0,108832920.0,0.027334826631500837
2021-02-04,32.38,34.54,32.34,33.48,4501284.0,151432816.0,108832920.0,0.0413595812737543
2021-02-05,33.5,33.79,31.99,32.08,4091645.0,133648559.0,108832920.0,0.037595655799734125
2021-02-08,32.21,33.08,31.55,32.34,3876790.0,125547889.0,108832920.0,0.03562148291160432
2021-02-09,32.31,34.28,31.82,33.46,4014043.0,133390563.0,108832920.0,0.036882617869666644
2021-02-10,33.68,35.88,33.12,35.11,4224360.0,147340240.0,108832920.0,0.03881509381536395
2021-02-18,35.51,36.45,35.18,35.81,4427211.0,158587125.0,108832920.0,0.040678969194247475
2021-02-19,35.67,36.2,35.3,35.56,4162344.0,148796599.0,108832920.0,0.03824526623010758
2021-02-22,35.56,35.75,34.31,34.43,4989133.0,175336013.0,108832920.0,0.04584213122279546
2021-02-23,34.06,34.66,33.03,33.26,3759214.0,126592454.0,108832920.0,0.034541148027637227
2021-02-24,33.32,33.64,31.82,32.03,3661426.0,119492189.0,108832920.0,0.033642633129755226
2021-02-25,32.23,33.08,32.1,32.53,3029679.0,98552800.0,108832920.0,0.027837891329204435
2021-02-26,32.04,32.04,31.15,31.35,3318180.0,104795668.0,108832920.0,0.030488752851618794
2021-03-01,31.35,32.15,31.35,31.7,2358663.0,74771993.0,108832920.0,0.021672330394149123
2021-03-02,31.66,31.87,30.93,31.16,2426250.0,76031020.0,108832920.0,0.022293346535221144
2021-03-03,31.13,31.49,30.6,30.9,2238662.0,69230168.0,108832920.0,0.02056971364914219
2021-03-04,30.62,30.62,29.63,29.77,2925355.0,87620821.0,108832920.0,0.026879321073072376
2021-03-05,29.4,30.77,29.4,30.74,2109762.0,64043459.0,108832920.0,0.019385329365416273
2021-03-08,30.68,31.08,29.95,30.03,2015337.0,61595806.0,108832920.0,0.018517715044308283
2021-03-09,30.12,30.28,28.9,29.86,2013304.0,59697923.0,108832920.0,0.01849903503462004
2021-03-10,30.39,30.39,29.15,29.52,1954717.0,57683594.0,108832920.0,0.017960714460293816
2021-03-11,29.35,30.09,28.83,30.0,1560121.0,46230679.0,108832920.0,0.014335010031891086
2021-03-12,30.0,30.13,29.05,29.52,1411476.0,41578036.0,108832920.0,0.012969200863121194
2021-03-15,29.72,29.72,28.9,29.06,1261944.0,36859218.0,108832920.0,0.01159524158682869
2021-03-16,29.06,29.65,29.06,29.34,894538.0,26240260.0,108832920.0,0.00821936965396132
2021-03-17,29.1,30.3,29.1,30.2,1715374.0,51395345.0,108832920.0,0.015761536123445
2021-03-18,30.01,30.12,29.63,29.9,1532672.0,45775574.0,108832920.0,0.01408279774171271
2021-03-19,29.6,29.9,29.24,29.34,1143920.0,33780386.0,108832920.0,0.010510790301316918
2021-03-22,29.33,29.72,29.17,29.39,1623195.0,47658108.0,108832920.0,0.014914558940438243
2021-03-23,29.45,29.63,28.6,28.82,1608107.0,46799050.0,108832920.0,0.014775924416987066
2021-03-24,28.8,29.39,28.62,29.09,1369990.0,39891148.0,108832920.0,0.01258801105400829
2021-03-25,29.01,30.15,29.0,29.77,1866281.0,55571246.0,108832920.0,0.017148129444657004
2021-03-26,29.76,30.84,29.65,30.5,2009363.0,61084136.0,108832920.0,0.018462823564781686
2021-03-29,30.42,30.99,30.29,30.43,1719526.0,52628210.0,108832920.0,0.01579968634490373
2021-03-30,30.43,30.68,30.1,30.4,1276070.0,38773624.0,108832920.0,0.011725036873034372
2021-03-31,30.1,30.67,29.88,30.0,1119287.0,33794036.0,108974069.99999999,0.010271131471918046
2021-04-01,30.19,30.26,29.8,30.03,1094328.0,32853903.0,108974069.99999999,0.010042095335156338
2021-04-02,30.06,30.35,29.74,30.13,1546030.0,46482367.0,108974069.99999999,0.014187136444477114
2021-04-06,30.12,30.3,29.81,30.21,1113560.0,33404802.0,108974069.99999999,0.010218577685498947
2021-04-07,30.21,30.21,29.27,29.45,1570591.0,46447122.0,108974069.99999999,0.014412520336259812
2021-04-08,29.35,30.4,29.21,30.21,2280484.0,68229650.0,108974069.99999999,0.020926849846023006
2021-04-09,30.1,31.34,29.82,31.28,3345100.0,103289431.0,108974069.99999999,0.0306962931640527
2021-04-12,31.2,31.32,30.45,30.48,2022885.0,62363080.0,108974069.99999999,0.018562993930574496
2021-04-13,30.36,31.17,30.36,30.5,1614541.0,49606674.0,108974069.99999999,0.014815827288087892
2021-04-14,30.39,30.72,30.01,30.38,1316732.0,39924236.0,108974069.99999999,0.012082984511820107
2021-04-15,30.69,31.13,30.16,31.07,1777917.0,54738092.0,108974069.99999999,0.016315046322487543
2021-04-16,31.93,32.8,31.38,31.5,3299462.0,105585407.0,108974069.99999999,0.030277496288796044
2021-04-19,32.01,32.6,31.7,31.86,2327306.0,74636541.0,108974069.99999999,0.021356511691267475
2021-04-20,31.85,33.26,31.5,32.88,3160223.0,103430881.0,108974069.99999999,0.028999770312332102
2021-04-21,32.5,33.54,32.3,32.98,2171927.0,71690658.0,108974069.99999999,0.019930677086760183
2021-04-22,32.99,33.81,32.55,33.62,2802854.0,93390951.0,108974069.99999999,0.02572037549850162
2021-04-23,33.46,33.98,33.1,33.16,1926641.0,64309588.0,108974069.99999999,0.017679811353287993
2021-04-26,33.29,33.45,32.0,32.29,2414866.0,79157503.0,108974069.99999999,0.02216000558665011
2021-04-27,32.07,32.69,31.8,31.93,1799597.0,57910523.0,108974069.99999999,0.016513992732399552
2021-04-28,32.31,33.87,32.24,32.56,3193386.0,105418583.0,108974069.99999999,0.029304090413435055
2021-04-29,32.56,33.7,32.3,33.0,2240080.0,74342028.0,108974069.99999999,0.020556082745188834
2021-04-30,32.99,33.11,32.33,32.68,2069467.0,67580641.0,108974069.99999999,0.018990453417037652
2021-05-06,32.71,32.98,31.45,31.81,2160920.0,68925342.0,108974069.99999999,0.01982967140715218
2021-05-07,31.88,31.98,31.23,31.28,1649183.0,52033819.0,108974069.99999999,0.01513371942518069
2021-05-10,31.4,31.59,30.8,31.5,1360542.0,42581258.0,108974069.99999999,0.012485006754359089
2021-05-11,31.39,32.49,31.02,32.33,1658022.0,52882533.0,108974069.99999999,0.01521483046379749
2021-05-12,32.49,33.43,32.13,33.26,2146014.0,70565490.0,108974069.99999999,0.019692886573842754
2021-05-13,32.85,35.42,32.78,34.41,4694305.0,161165045.0,108974069.99999999,0.04307726599547948
2021-05-14,34.39,34.77,33.93,34.5,3131833.0,107994889.0,108974069.99999999,0.02873924962149253
2021-05-17,34.49,35.17,34.01,34.68,2749455.0,95695674.0,108974069.99999999,0.02523035984615423
2021-05-18,34.8,35.29,34.38,34.85,1747371.0,60792631.0,108974069.99999999,0.016034741108595835
2021-05-19,34.8,36.55,34.6,35.84,3041645.0,109060210.0,108974069.99999999,0.02791163989745451
2021-05-20,35.51,36.16,35.14,35.25,1998387.0,71041793.0,108974069.99999999,0.018338188157971894
2021-05-21,35.28,35.6,34.51,34.75,2262080.0,78912393.0,108974069.99999999,0.02075796563347593
2021-05-24,34.81,36.27,34.69,35.95,2944986.0,105509314.0,108974069.99999999,0.027024649074775316
2021-05-25,36.05,36.68,35.38,35.68,2630987.0,94418433.0,108974069.99999999,0.024143238845718073
2021-05-26,35.82,36.6,35.38,35.75,2219046.0,79941701.0,108974069.99999999,0.020363064350996527
2021-05-27,35.57,35.68,34.18,35.16,3139749.0,109935395.0,108256320.0,0.029002916411716193
2021-05-28,35.7,35.82,34.61,34.79,2291734.0,80416386.0,108256320.0,0.02116951693905723
2021-05-31,34.55,35.1,34.23,34.88,3993207.0,138204658.0,108256320.0,0.036886594704124434
2021-06-01,34.62,36.69,34.36,36.21,4959042.0,177881614.0,108256320.0,0.04580833710216641
2021-06-02,36.11,36.64,35.74,36.41,3381885.0,122593807.0,108256320.0,0.031239607997020406
2021-06-03,36.11,36.43,35.16,35.25,2523107.0,90329792.0,108256320.0,0.023306787077188657
2021-06-04,35.31,36.6,35.25,36.55,4142730.0,149589040.0,108256320.0,0.03826778889214043
2021-06-07,36.55,36.9,35.86,36.5,4173512.0,151719708.0,108256320.0,0.03855213256833412
2021-06-08,36.34,36.35,34.12,34.5,5325564.0,187557855.0,108256320.0,0.04919402396091055
2021-06-09,34.5,34.72,32.81,33.24,4882426.0,163133571.0,108256320.0,0.04510060936858005
2021-06-10,33.07,33.4,32.62,33.25,3002337.0,99314320.0,108256320.0,0.02773359559977653
2021-06-11,33.76,33.79,31.5,31.69,4430181.0,143835594.0,108256320.0,0.04092307035746273
2021-06-15,31.63,31.93,30.56,31.71,3306765.0,103441189.0,108256320.0,0.03054569931806291
2021-06-16,31.54,32.48,31.12,31.84,2427129.0,77467888.0,108256320.0,0.02242020604432148
2021-06-17,31.7,32.66,31.69,32.1,2020131.0,64928442.0,108256320.0,0.018660628774375482
2021-06-18,32.04,33.45,32.03,32.99,2751038.0,90021910.0,108256320.0,0.025412262304870516
2021-06-21,22.37,23.74,22.03,23.49,9690982.0,224727969.0,162384480.0,0.059679237818786625
2021-06-22,23.61,23.7,22.89,23.07,5562240.0,128888478.0,162384480.0,0.03425351979450253
2021-06-23,23.07,23.83,22.66,23.0,5699085.0,132094517.0,162384480.0,0.03509624195612783
2021-06-24,22.99,23.19,22.14,22.5,5687829.0,128456195.0,162384480.0,0.035026924986919936
2021-06-25,22.52,22.74,22.02,22.35,3129539.0,69719370.0,162384480.0,0.019272402140894252
2021-06-28,22.55,23.51,22.25,22.81,5911326.0,135324203.0,162384480.0,0.03640326957354545
2021-06-29,22.65,22.9,22.02,22.1,3799950.0,84876377.0,162384480.0,0.02340094324285178
2021-06-30,22.13,22.4,21.95,22.26,2275871.0,50532180.0,162384480.0,0.014015323385584632
2021-07-01,22.37,24.3,22.22,23.62,11419683.0,269617462.0,162384480.0,0.07032496578490752
2021-07-02,23.51,24.31,23.45,23.77,8026977.0,191810943.0,162384480.0,0.04943192231178743
2021-07-05,23.87,24.78,23.67,24.46,7497924.0,182269076.0,162384480.0,0.04617389543631263
2021-07-06,24.62,24.66,23.55,23.97,5183135.0,124113618.0,162384480.0,0.03191890628956659
2021-07-07,23.61,24.28,23.37,23.97,4832330.0,115526460.0,162384480.0,0.029758570523488452
2021-07-08,24.01,24.24,23.0,23.64,5975877.0,140896839.0,162384480.0,0.03680078909018891
2021-07-09,23.71,23.8,22.63,22.95,6744539.0,154847868.0,162384480.0,0.04153438185718241
2021-07-12,23.01,23.49,22.65,22.95,4872599.0,112320590.0,162384480.0,0.030006556045257527
2021-07-13,22.79,23.08,22.41,22.97,5146461.0,117465462.0,162384480.0,0.03169305958303404
2021-07-14,22.81,23.07,22.08,22.26,5165875.0,117209932.0,162384480.0,0.03181261534353529
2021-07-15,22.4,22.48,20.0,20.9,15294838.0,318533158.0,162384480.0,0.09418903826276993
2021-07-16,20.89,20.89,20.1,20.75,7765956.0,158863359.0,162384480.0,0.04782449652823965
2021-07-19,20.76,21.06,20.35,20.84,4711688.0,97897262.0,162384480.0,0.02901563006513923
2021-07-20,20.75,21.0,20.51,20.7,3687029.0,76551196.0,162384480.0,0.022705550431913198
2021-07-21,20.68,20.91,20.51,20.82,3657175.0,75679479.0,162384480.0,0.022521702812978186
2021-07-22,20.82,20.82,20.02,20.27,5519843.0,112084347.0,162384480.0,0.03399242957208719
2021-07-23,20.3,20.35,18.83,19.31,9096829.0,177294623.0,162384480.0,0.056020310561699
2021-07-26,19.14,19.74,18.91,19.39,4116767.0,79650521.0,162384480.0,0.025351973292028894
2021-07-27,19.3,20.27,19.12,19.6,5886338.0,116715474.0,162384480.0,0.0362493878725356
2021-07-28,19.57,19.72,19.11,19.6,3794469.0,73460405.0,162384480.0,0.023367190017174053
2021-07-29,19.6,20.11,19.41,19.83,4309464.0,85336760.0,162384480.0,0.02653864457982684
2021-07-30,19.83,20.03,19.68,19.81,2695960.0,53390462.0,162384480.0,0.016602325542441003
2021-08-02,19.54,20.25,19.26,20.04,3215346.0,63623082.0,162384480.0,0.019800820866624692
2021-08-03,19.9,20.2,19.82,20.12,2825043.0,56601579.0,162384480.0,0.017397247569472158
2021-08-04,20.1,20.1,19.68,19.69,2617568.0,51932254.0,162384480.0,0.0161195700475809
2021-08-05,19.67,20.05,19.5,19.76,2688730.0,53184184.0,162384480.0,0.016557801583008427
2021-08-06,19.62,19.62,19.1,19.3,3912952.0,75631818.0,162384480.0,0.024096834869933383
2021-08-09,18.66,19.37,18.55,19.25,3352153.0,63778447.0,162384480.0,0.02064330901573845
2021-08-10,19.21,19.95,19.02,19.92,3719454.0,73344708.0,162384480.0,0.02290523084472112
2021-08-11,19.98,20.07,19.51,19.68,2741114.0,53947961.0,162384480.0,0.01688039398839101
2021-08-12,19.72,19.94,19.26,19.28,3574855.0,69698155.0,162384480.0,0.022014757814293583
2021-08-13,19.13,19.45,18.97,19.04,2784407.0,53225781.0,162384480.0,0.017147001979499518
2021-08-16,19.04,19.7,18.93,19.64,3014432.0,58415998.0,162384480.0,0.018563547452318103
2021-08-17,19.58,19.58,18.7,18.85,3491192.0,66611515.0,162384480.0,0.02149954232079322
2021-08-18,18.9,19.06,18.72,19.0,1703127.0,32205012.0,162384480.0,0.010488237545854135
2021-08-19,18.92,19.07,18.77,18.81,1774449.0,33600116.0,162384480.0,0.010927454397119724
2021-08-20,18.8,18.81,17.85,18.08,4589400.0,83586305.0,162384480.0,0.02826255317010591
2021-08-23,18.04,18.5,17.84,18.36,2430517.0,44212561.0,162384480.0,0.014967668092418684
2021-08-24,18.45,18.53,18.27,18.35,1910168.0,35095067.0,162384480.0,0.011763242398534638
2021-08-25,18.2,18.75,18.01,18.57,1765260.0,32727807.0,162384480.0,0.010870866476894836
2021-08-26,18.5,18.6,18.25,18.41,1589482.0,29255041.0,162384480.0,0.009788386180748308
2021-08-27,18.41,18.41,17.7,17.79,3302660.0,59182295.0,162384480.0,0.02033852003590491
2021-08-30,18.06,18.55,17.89,18.38,2517021.0,45889097.0,162384480.0,0.015500379100268696
2021-08-31,18.35,18.55,18.1,18.49,2203148.0,40423511.0,162384480.0,0.013567478862511985
2021-09-01,18.63,18.63,18.23,18.6,2268379.0,41852564.0,162384480.0,0.013969185971467225
2021-09-02,18.6,19.19,18.42,18.93,3345003.0,63146755.0,162384480.0,0.020599277714224908
2021-09-03,18.98,19.73,18.8,19.49,4929282.0,95348893.0,162384480.0,0.03035562265556413
2021-09-06,19.49,19.5,18.9,19.15,4363734.0,83101391.0,162384480.0,0.02687285139565062
2021-09-07,19.1,19.1,18.8,19.05,2583815.0,49032537.0,162384480.0,0.015911711513317037
2021-09-08,19.0,19.19,18.81,18.85,2732611.0,51731202.0,162384480.0,0.016828030609821826
2021-09-09,18.85,19.07,18.62,18.73,2264052.0,42552118.0,162384480.0,0.013942539336271546
2021-09-10,18.7,18.8,18.26,18.27,2970165.0,54842388.0,162384480.0,0.01829094135104537
2021-09-13,18.19,18.33,17.93,18.06,2671274.0,48317034.0,162384480.0,0.0164503036250755
2021-09-14,18.18,18.23,17.84,17.89,2092664.0,37741424.0,162384480.0,0.012887093643431933
2021-09-15,17.9,17.95,17.71,17.88,1745583.0,31069729.0,162384480.0,0.010749691103484766
2021-09-16,17.87,18.29,17.8,17.93,2481911.0,44847454.0,162384480.0,0.015284163856053239
2021-09-17,17.92,17.95,17.45,17.9,3291193.0,58112689.0,162384480.0,0.020267903681435565
2021-09-22,17.5,17.83,17.5,17.57,1386663.0,24440442.0,162384480.0,0.008539381349744754
2021-09-23,17.7,18.06,17.65,17.88,1737630.0,31101382.0,162384480.0,0.010700714748108933
2021-09-24,17.88,18.22,17.7,18.04,1857739.0,33545221.0,162384480.0,0.0114403728730726
2021-09-27,18.05,18.58,18.05,18.48,3432123.0,63121247.0,162384480.0,0.02113578218805147
2021-09-28,18.35,18.35,17.88,18.12,2070865.0,37440783.0,162384480.0,0.012752850518719524
2021-09-29,18.0,18.35,17.73,18.08,2010895.0,36378032.0,162384480.0,0.012383541826164668
2021-09-30,18.18,18.45,17.98,18.33,1599293.0,29276052.0,162384480.0,0.009848804516293675
2021-10-08,18.4,18.97,18.38,18.75,3495885.0,65654775.0,162384480.0,0.021528442865968472
2021-10-11,18.8,18.9,18.5,18.71,2250258.0,42059633.0,162384480.0,0.01385759279458234
2021-10-12,18.4,18.7,18.18,18.37,2008393.0,36940369.0,162384480.0,0.012368133949746922
2021-10-13,18.3,18.34,17.89,18.2,1635245.0,29592629.0,162384480.0,0.010070204985106952
2021-10-14,18.5,19.0,18.38,18.42,3929104.0,73520878.0,162384480.0,0.024196302503786075
2021-10-15,18.14,18.29,17.8,17.85,2613484.0,46938214.0,162384480.0,0.016094419860814283
2021-10-18,17.8,17.87,17.2,17.74,1744450.0,30630404.0,162384480.0,0.010742713835706467
2021-10-19,17.74,18.02,17.48,17.9,1853771.0,33076120.0,162384480.0,0.011415937040288579
2021-10-20,17.88,18.5,17.51,17.6,3197820.0,57667815.0,162384480.0,0.019692891833012614
2021-10-21,17.6,17.65,17.18,17.25,3102120.0,53757014.0,162384480.0,0.0191035497973698
2021-10-22,17.25,17.35,16.7,16.86,4468340.0,76054087.0,162384480.0,0.027517038574129744
2021-10-25,16.8,17.03,16.5,16.89,3157731.0,52890264.0,162384480.0,0.019446014791561363
2021-10-26,16.88,17.43,16.77,16.93,2815091.0,48077949.0,162384480.0,0.017335960924344494
2021-10-27,16.81,16.9,16.2,16.24,5311256.0,87476261.0,162384480.0,0.03270790410512137
2021-10-28,16.23,16.43,15.87,16.38,2945709.0,47619276.0,162384480.0,0.018140335825197088
2021-10-29,16.35,17.18,16.28,16.93,3012892.0,50688160.0,162384480.0,0.018554063787376725
2021-11-01,16.97,17.21,16.7,16.95,2193378.0,37208648.0,162384480.0,0.01350731301415012
2021-11-02,16.9,17.35,16.88,17.08,2745437.0,46950370.0,162384480.0,0.016907015990690735
2021-11-03,17.01,17.31,17.01,17.21,1891460.0,32476446.0,162384480.0,0.011648034344168851
2021-11-04,17.16,17.39,17.07,17.34,2068707.0,35693621.0,162384480.0,0.012739561071353617
2021-11-05,17.26,17.62,17.17,17.42,2311470.0,40350845.0,162384480.0,0.014234550001330176
2021-11-08,17.42,17.53,17.02,17.08,1673543.0,28731382.0,162384480.0,0.010306052647395859
2021-11-09,17.09,17.32,17.03,17.14,1130855.0,19382795.0,162384480.0,0.006964058387845932
2021-11-10,17.15,17.28,16.97,17.16,1232382.0,21102041.0,162384480.0,0.007589284394666288
2021-11-11,17.08,17.5,17.06,17.32,1504750.0,26104804.0,162384480.0,0.00926658754580487
2021-11-12,17.4,17.45,17.2,17.23,1176620.0,20357600.0,162384480.0,0.007245889508652551
2021-11-15,17.25,18.58,17.25,18.41,5385878.0,97825179.0,162384480.0,0.03316744309554706
2021-11-16,18.3,19.34,18.22,19.33,9189812.0,174714747.0,162384480.0,0.05659292070276667
2021-11-17,19.38,19.38,18.68,18.75,5237646.0,98843910.0,162384480.0,0.03225459723737145
2021-11-18,18.75,18.75,18.08,18.19,4271600.0,78179227.0,162384480.0,0.026305469586748686
2021-11-19,18.17,18.29,18.06,18.18,2155047.0,39150562.0,162384480.0,0.013271262130469611
2021-11-22,18.2,18.5,17.98,18.09,2798280.0,50605150.0,162384480.0,0.017232435020883768
2021-11-23,18.01,18.4,17.98,18.13,2090850.0,37929082.0,162384480.0,0.012875922625117869
2021-11-24,18.07,18.33,17.88,18.26,2120550.0,38446751.0,162384480.0,0.013058821877558743
2021-11-25,18.27,18.68,18.16,18.5,3044835.0,56121141.0,162384480.0,0.018750775936222475
2021-11-26,18.51,18.59,18.1,18.1,1865330.0,33927070.0,162384480.0,0.01148711995136481
2021-11-29,18.0,18.0,17.7,17.91,1874953.0,33432030.0,162384480.0,0.011546380540800451
2021-11-30,17.9,18.11,17.76,18.06,1503591.0,27038156.0,162384480.0,0.009259450164202885
2021-12-01,18.06,18.28,17.88,18.2,1736045.0,31377047.0,162384480.0,0.010690953963088098
2021-12-02,18.33,19.56,18.31,18.76,7788419.0,147875738.0,162384480.0,0.047962828713680024
2021-12-03,18.6,18.97,18.5,18.6,2953370.0,55140440.0,162384480.0,0.018187513979168454
2021-12-06,18.6,18.6,17.8,17.8,3824236.0,68743060.0,162384480.0,0.023550501870622118
2021-12-07,17.82,17.95,17.65,17.91,2018860.0,35971305.0,162384480.0,0.012432592080228356
2021-12-08,17.85,18.4,17.8,18.34,1967630.0,35822065.0,162384480.0,0.01211710626532782
2021-12-09,18.34,18.85,18.22,18.6,2653050.0,49385071.0,162384480.0,0.01633807615111986
2021-12-10,18.54,19.09,18.42,18.99,3908360.0,73379138.0,162384480.0,0.02406855630538091
2021-12-13,19.01,19.24,18.82,19.01,3231960.0,61716411.0,162384480.0,0.0199031335999598
2021-12-14,18.89,19.8,18.89,19.3,4743795.0,92254865.0,162384480.0,0.029213352162719
2021-12-15,19.32,19.74,19.13,19.38,3622035.0,70395793.0,162384480.0,0.022305302822043092
2021-12-16,19.98,20.01,19.51,19.75,5502970.0,108382489.0,162384480.0,0.03388852185873921
2021-12-17,19.78,20.16,19.62,19.94,5598533.0,111504087.0,162384480.0,0.03447702021769568
2021-12-20,19.88,19.88,19.34,19.5,6098430.0,119198837.0,162384480.0,0.03755549791457903
2021-12-21,19.6,19.6,19.3,19.45,4998269.0,97225911.0,162384480.0,0.030780460053817953
2021-12-22,18.82,19.45,18.75,19.23,5885300.0,112862836.0,162384480.0,0.036242995636036154
2021-12-23,19.38,19.38,18.81,19.03,2623300.0,49742160.0,162384480.0,0.01615486898747959
2021-12-24,19.26,19.26,18.7,18.9,2336240.0,44047138.0,162384480.0,0.014387089209510663
2021-12-27,18.9,20.25,18.9,20.22,6060026.0,119032930.0,162384480.0,0.0373189974805474
2021-12-28,20.0,21.28,19.81,20.45,9482306.0,197290734.0,162384480.0,0.05839416426988589
2021-12-29,20.36,20.46,19.81,20.11,4469895.0,90103473.0,162384480.0,0.02752661461243094
2021-12-30,20.0,20.38,19.9,20.18,2875361.0,57946505.0,162384480.0,0.01770711708409572
2021-12-31,20.09,20.58,20.02,20.48,3241410.0,65926256.0,163377000.0,0.019840063166786024
2022-01-04,20.64,21.17,20.4,21.0,5877924.0,122579105.0,163377000.0,0.035977671275638556
2022-01-05,21.05,21.47,20.2,20.56,4298822.0,88943645.0,163377000.0,0.026312283858805095
2022-01-06,20.3,21.1,20.1,20.77,3818556.0,78935335.0,163377000.0,0.023372665675095026
2022-01-07,20.77,20.92,19.91,20.06,3040820.0,61866725.0,163377000.0,0.018612289367536432
2022-01-10,20.04,20.88,20.0,20.48,3477020.0,71302165.0,163377000.0,0.021282187823255416
2022-01-11,20.36,20.58,19.4,19.54,5899730.0,116594342.0,163377000.0,0.03611114171517411
2022-01-12,19.77,20.23,19.56,20.06,4265800.0,85251127.0,163377000.0,0.026110162385158255
2022-01-13,19.71,20.15,19.1,19.19,5878835.0,114984807.0,163377000.0,0.03598324733591632
2022-01-14,19.19,19.51,18.71,18.75,4297302.0,81741412.0,163377000.0,0.02630298022365449
2022-01-17,18.75,18.99,18.57,18.8,2261680.0,42548973.0,163377000.0,0.013843319439088734
2022-01-18,18.88,18.9,17.95,18.0,4896017.0,89401633.0,163377000.0,0.029967602538913066
2022-01-19,18.02,18.43,17.76,18.14,2682797.0,48767323.0,163377000.0,0.016420897678375783
2022-01-20,18.14,18.31,17.78,17.85,2952760.0,53013562.0,163377000.0,0.018073290610061393
2022-01-21,17.84,18.52,17.75,18.24,3705805.0,67620240.0,163377000.0,0.022682537933736084
2022-01-24,18.11,18.33,17.8,17.91,2433455.0,43724699.0,163377000.0,0.014894722023295812
2022-01-25,17.83,18.02,17.5,17.5,2659674.0,47150715.0,163377000.0,0.01627936612864724
2022-01-26,17.68,17.79,17.0,17.41,3043545.0,52589750.0,163377000.0,0.018628968581868927
2022-01-27,17.4,17.49,16.84,16.85,2301270.0,39114952.0,163377000.0,0.014085642409886337
2022-01-28,16.86,17.38,16.81,17.23,1478347.0,25410406.0,163377000.0,0.009048684943413087
2022-02-07,17.42,17.43,17.1,17.11,1577582.0,27137350.0,163377000.0,0.009656083781682857
2022-02-08,17.12,17.63,17.03,17.57,1559234.0,27052876.0,163377000.0,0.009543779112114924
2022-02-09,17.53,17.88,17.49,17.87,1191000.0,21141252.0,163377000.0,0.007289887805505059
2022-02-10,17.9,17.96,17.61,17.77,993700.0,17643971.0,163377000.0,0.006082251479706446
2022-02-11,17.69,17.69,17.15,17.2,2045225.0,35508079.0,163377000.0,0.01251843894795473
2022-02-14,17.21,17.38,17.11,17.14,1334825.0,22963300.0,163377000.0,0.008170213677567834
2022-02-15,17.21,17.53,17.13,17.47,1210350.0,20960615.0,163377000.0,0.0074083255292972695
2022-02-16,17.47,17.6,17.31,17.5,879289.0,15347990.0,163377000.0,0.005381963189433029
2022-02-17,17.47,17.78,17.32,17.53,1082416.0,19021066.0,163377000.0,0.006625265490246485
2022-02-18,17.52,17.96,17.35,17.79,1077750.0,19044257.0,163377000.0,0.006596705778659175
2022-02-21,17.77,17.93,17.69,17.81,803050.0,14291409.0,163377000.0,0.004915318557691719
2022-02-22,17.74,17.74,17.33,17.45,1108100.0,19376114.0,163377000.0,0.006782472441041272
2022-02-23,17.49,17.67,17.33,17.55,1165650.0,20380761.0,163377000.0,0.007134725206118364
2022-02-24,17.37,17.64,16.87,17.08,2103216.0,36226571.0,163377000.0,0.012873390991388017
2022-02-25,17.19,17.49,17.09,17.11,1038080.0,17945165.0,163377000.0,0.006353893142853645
2022-02-28,17.11,17.2,16.81,17.05,888914.0,15104382.0,163377000.0,0.00544087601069918
2022-03-01,16.97,17.23,16.96,17.16,932664.0,15939282.0,163377000.0,0.005708661561908959
2022-03-02,17.1,17.35,16.98,17.21,834900.0,14374582.0,163377000.0,0.005110266438972438
2022-03-03,17.12,17.35,17.04,17.07,1018200.0,17474117.0,163377000.0,0.006232211388383922
2022-03-04,17.02,17.2,16.6,16.65,2205325.0,37126636.0,163377000.0,0.013498381045067544
2022-03-07,16.69,16.74,15.93,16.13,3112062.0,50488741.0,163377000.0,0.01904834829872014
2022-03-08,16.5,16.59,15.8,16.0,2528569.0,40896770.0,163366200.0,0.015477920157290798
2022-03-09,16.0,16.2,14.8,15.31,2858100.0,44256422.0,163366200.0,0.017495050995860833
2022-03-10,15.71,16.04,15.51,15.56,1721294.0,27140282.0,163366200.0,0.01053641450924365
2022-03-11,15.48,15.92,15.18,15.9,1859100.0,29015687.0,163366200.0,0.011379954972325976
2022-03-14,15.77,15.92,15.23,15.26,1520890.0,23620183.0,163366200.0,0.00930969808932325
2022-03-15,15.37,15.38,14.5,14.54,1967779.0,29447915.0,163366200.0,0.012045202740836232
2022-03-16,14.58,14.98,14.13,14.91,2591720.0,37641962.0,163366200.0,0.01586448114726302
2022-03-17,15.01,15.41,14.9,15.02,1930021.0,29297334.0,163366200.0,0.011814077820259025
2022-03-18,15.01,15.2,14.87,15.08,1170330.0,17608860.0,163366200.0,0.007163844173396945
2022-03-21,15.25,15.55,15.11,15.46,1487350.0,22855877.0,163366200.0,0.009104392463067636
2022-03-22,15.43,15.48,15.18,15.38,921550.0,14120636.0,163366200.0,0.005641007748236783
2022-03-23,15.35,15.47,15.2,15.29,895221.0,13677730.0,163366200.0,0.005479842219504402
2022-03-24,15.17,15.41,15.07,15.32,1334250.0,20316821.0,163366200.0,0.008167234103504886
2022-03-25,15.54,16.06,15.24,15.5,2088100.0,32769600.0,163366200.0,0.012781713720463597
2022-03-28,15.67,15.7,15.2,15.37,1544050.0,23779324.0,163366200.0,0.009451465480619614
2022-03-29,15.34,15.48,15.15,15.24,1281826.0,19576616.0,163366200.0,0.007846335410874464
2022-03-30,15.26,15.48,15.25,15.43,1287250.0,19798907.0,163366200.0,0.007879536893188432
2022-03-31,15.43,15.51,15.16,15.34,1014800.0,15564345.0,163366200.0,0.006211811255939111
2022-04-01,15.24,15.34,15.1,15.26,828575.0,12599040.0,163366200.0,0.005071887575275669
2022-04-06,15.26,15.48,15.12,15.37,1017715.0,15616749.0,163366200.0,0.006229654604195972
2022-04-07,15.36,15.39,14.88,14.88,1622511.0,24467709.0,163366200.0,0.00993174230654811
2022-04-08,15.0,15.0,14.41,14.62,1423250.0,20743699.0,163366200.0,0.008712022437933918
2022-04-11,14.62,14.83,13.93,14.06,1910183.0,27408327.0,163366200.0,0.011692645112636518
2022-04-12,14.0,14.54,13.86,14.49,1926400.0,27263194.0,163366200.0,0.011791912892630176
2022-04-13,14.38,14.4,14.06,14.11,1342400.0,19048425.0,163366200.0,0.008217122024017209
2022-04-14,14.18,14.63,14.0,14.5,1747363.0,25083996.0,163366200.0,0.01069598852149343
2022-04-15,14.6,14.62,14.22,14.56,1522850.0,21951172.0,163366200.0,0.00932169567511517
2022-04-18,14.5,15.15,14.31,14.99,1960297.0,29161591.0,163366200.0,0.011999403793440748
2022-04-19,14.92,15.43,14.88,15.39,1855730.0,28329725.0,163366200.0,0.011359326470224564
2022-04-20,15.3,15.98,15.28,15.77,4235890.0,66798234.0,163366200.0,0.02592880289802909
2022-04-21,15.86,16.36,15.67,15.75,6697069.0,107519351.0,163366200.0,0.04099421422546402
2022-04-22,15.99,15.99,15.3,15.52,3161787.0,48995148.0,163366200.0,0.01935398509606026
2022-04-25,15.26,15.84,15.06,15.33,3895218.0,60318221.0,163366200.0,0.023843475578179573
2022-04-26,15.27,15.95,15.16,15.54,3140754.0,48945554.0,163366200.0,0.019225237533835027
2022-04-27,15.27,15.33,13.88,15.04,5441312.0,79348479.0,163366200.0,0.033307452826839334
2022-04-28,14.71,14.95,14.14,14.45,3165578.0,45753534.0,163366200.0,0.01937719063062004
2022-04-29,14.66,15.44,14.45,15.26,2907753.0,43928328.0,163366200.0,0.017798987795517064
2022-05-05,15.26,16.66,15.25,16.47,4677055.0,76144719.0,163366200.0,0.02862926970205587
2022-05-06,16.02,16.66,16.02,16.41,3815875.0,62737392.0,163366200.0,0.023357799838644715
2022-05-09,16.38,16.88,16.2,16.75,2704843.0,45028378.0,163366200.0,0.016556931605191283
2022-05-10,16.6,16.64,16.26,16.58,2145350.0,35336550.0,163366200.0,0.013132153407498001
2022-05-11,16.88,17.05,16.31,16.68,3881100.0,64885865.0,163366200.0,0.023757056233174305
2022-05-12,16.55,17.1,16.12,16.56,2534894.0,42147053.0,163366200.0,0.015516636856338703
2022-05-13,16.71,16.73,16.22,16.61,1827190.0,30137220.0,163366200.0,0.011184626930172827
2022-05-16,16.58,16.71,15.98,16.16,2955383.0,48046744.0,163366200.0,0.01809054137269521
2022-05-17,16.1,16.23,15.86,16.08,1655150.0,26468630.0,163366200.0,0.010131532716069787
2022-05-18,16.04,16.36,15.98,16.25,1789700.0,29077295.0,163366200.0,0.010955142495816148
2022-05-19,16.02,16.03,15.5,15.76,2946640.0,46297529.0,163366200.0,0.018037023570359106
2022-05-20,15.82,16.33,15.73,16.25,2504470.0,40438463.0,163366200.0,0.015330404943005346
2022-05-23,16.39,16.39,16.01,16.15,1374820.0,22229347.0,163366200.0,0.008415571886963154
2022-05-24,16.22,16.27,15.55,15.55,1770250.0,28184475.0,163366200.0,0.010836084820483063
2022-05-25,15.54,15.92,15.5,15.7,1204655.0,18946522.0,163366200.0,0.007373954955186569
2022-05-26,15.71,15.87,15.26,15.57,1290250.0,19993459.0,163366200.0,0.007897900544910758
2022-05-27,15.7,15.83,15.33,15.59,1069350.0,16694010.0,163366200.0,0.0065457236564234215
2022-05-30,15.59,15.98,15.39,15.72,1237350.0,19479744.0,163366200.0,0.007574088152873728
2022-05-31,15.88,16.24,15.58,16.22,2443290.0,39137932.0,163366200.0,0.014955908872214693
2022-06-01,16.23,16.52,16.19,16.3,2269890.0,37115657.0,163366200.0,0.013894489802664198
2022-06-02,16.29,16.68,15.94,16.46,2485310.0,40706502.0,163366200.0,0.015213122420672085
2022-06-06,16.56,16.89,16.23,16.82,2537010.0,42094489.0,163366200.0,0.015529589352020185
2022-06-07,16.75,16.84,16.23,16.44,1825950.0,30102578.0,163366200.0,0.011177036620794265
2022-06-08,16.41,16.63,16.11,16.58,1857640.0,30601936.0,163366200.0,0.011371017995154444
2022-06-09,16.72,17.15,16.54,16.6,3084104.0,51985803.0,163366200.0,0.01887847057714509
2022-06-10,16.51,17.07,16.42,16.71,1901350.0,31981581.0,163366200.0,0.011638576400748748
2022-06-13,16.5,17.5,16.41,17.35,3459054.0,59624455.0,163366200.0,0.021173620981573913
2022-06-14,17.17,17.28,16.75,17.21,2417980.0,41162012.0,163366200.0,0.014800980863850661
2022-06-15,17.13,17.38,17.0,17.0,1750043.0,30014576.0,163366200.0,0.010712393383698709
2022-06-16,17.03,17.35,16.98,17.1,1674600.0,28737156.0,163366200.0,0.010250590391402872
2022-06-17,16.97,17.3,16.92,17.24,2290850.0,39247549.0,163366200.0,0.014022790516030855
2022-06-20,17.24,17.49,16.85,17.46,2768369.0,47518392.0,163366200.0,0.016945788051628795
2022-06-21,17.29,17.68,17.22,17.45,1982900.0,34643349.0,163366200.0,0.012137761666734
2022-06-22,17.55,17.62,17.22,17.51,1668799.0,29170093.0,163366200.0,0.010215081210189133
2022-06-23,17.4,17.63,17.34,17.58,1434800.0,25103683.0,163366200.0,0.008782722497064877
2022-06-24,17.58,18.04,17.3,18.01,2515500.0,44849218.0,163366200.0,0.015397921969171101
2022-06-27,17.96,18.19,17.81,17.9,1850910.0,33283971.0,163366200.0,0.011329822203124024
2022-06-28,17.9,17.97,17.57,17.64,1794950.0,31771427.0,163366200.0,0.01098727888633022
2022-06-29,17.6,17.66,17.15,17.16,1633700.0,28349935.0,163366200.0,0.01000023260625515
2022-06-30,17.16,17.52,17.12,17.28,1480556.0,25627367.0,163366693.0,0.009062777563845282
2022-07-01,17.5,17.86,17.08,17.5,2016647.0,35309258.0,163366693.0,0.01234429713283111
2022-07-04,17.66,17.82,17.33,17.8,1433200.0,25288360.0,163366693.0,0.008772902074965795
2022-07-05,17.83,18.27,17.3,17.61,2404583.0,42751403.0,163366693.0,0.014718930498274822
2022-07-06,17.61,17.74,17.22,17.43,1450860.0,25318702.0,163366693.0,0.00888100244521691
2022-07-07,17.43,17.77,17.01,17.14,1664593.0,28659628.0,163366693.0,0.0101893046215975
2022-07-08,17.13,17.58,17.1,17.37,1322650.0,22965035.0,163366693.0,0.008096203551111854
2022-07-11,17.45,18.18,17.27,17.36,2251830.0,39740075.0,163366693.0,0.013783899022795301
2022-07-12,17.58,18.0,16.81,16.97,2366867.0,41090252.0,163366693.0,0.01448806336552335
2022-07-13,16.99,17.2,16.72,16.94,1713276.0,29067673.0,163366693.0,0.010487302941242742
2022-07-14,17.14,17.25,16.81,17.01,1318346.0,22496172.0,163366693.0,0.008069857911612376
2022-07-15,17.01,17.96,16.86,17.44,3304160.0,58060039.0,163366693.0,0.020225420122815366
2022-07-18,17.31,17.5,17.0,17.14,2532811.0,43372366.0,163366693.0,0.01550383957395771
2022-07-19,17.07,17.39,17.02,17.3,1563350.0,26922458.0,163366693.0,0.009569576094681674
2022-07-20,17.3,17.57,17.09,17.46,2136421.0,37026282.0,163366693.0,0.013077457594125383
2022-07-21,17.6,17.6,17.1,17.11,2088900.0,36042930.0,163366693.0,0.0127865721074491
2022-07-22,17.13,17.28,16.55,16.81,2121950.0,35836414.0,163366693.0,0.012988877726746909
2022-07-25,16.9,16.93,16.35,16.52,1118543.0,18540077.0,163366693.0,0.006846824034076517
2022-07-26,16.52,16.74,16.3,16.69,911146.0,15103397.0,163366693.0,0.005577305773092928
2022-07-27,16.69,16.78,16.51,16.58,805000.0,13351511.0,163366693.0,0.004927565008615312
2022-07-28,16.79,16.85,16.52,16.58,864400.0,14409702.0,163366693.0,0.0052911642154622055
2022-07-29,16.64,16.7,16.26,16.41,1378950.0,22691996.0,163368412.0,0.008440738225453277
2022-08-01,16.41,16.58,15.97,16.37,1615223.0,26335505.0,163368412.0,0.009886997004047514
2022-08-02,16.11,16.14,15.44,15.66,3298590.0,51875757.0,163368412.0,0.02019111258790959
2022-08-03,15.66,15.94,15.52,15.58,1716917.0,26933340.0,163368412.0,0.010509479641633537
2022-08-04,15.66,15.94,15.55,15.89,933660.0,14754025.0,163368412.0,0.0057150583063756534
2022-08-05,15.91,16.66,15.77,16.62,1765600.0,28813259.0,163368412.0,0.01080747482567193
2022-08-08,16.69,16.7,16.27,16.51,1048700.0,17272328.0,163368412.0,0.006419233603127635
2022-08-09,16.48,16.49,16.1,16.37,1747291.0,28353346.0,163368412.0,0.010695402976678257
2022-08-10,16.35,16.59,16.24,16.37,970675.0,15928538.0,163368412.0,0.00594163209470384
2022-08-11,16.34,16.79,16.34,16.78,1288728.0,21432413.0,163368412.0,0.00788847724124294
2022-08-12,16.86,17.08,16.67,16.9,1927550.0,32435011.0,163368412.0,0.01179879253524237
2022-08-15,16.94,17.7,16.38,17.4,4205643.0,72178154.0,163368412.0,0.025743305872373907
2022-08-16,19.3,20.88,18.6,20.88,28276563.0,556588300.0,163368412.0,0.1730846413564943
2022-08-17,20.55,21.02,20.2,20.94,15433060.0,319087017.0,163368412.0,0.0944678338429341
2022-08-18,20.88,21.17,19.85,20.17,9500611.0,193671795.0,163368412.0,0.05815451643124253
2022-08-19,20.41,20.9,20.05,20.16,7033150.0,143256509.0,163368412.0,0.04305085612266342
2022-08-22,20.23,21.0,20.22,20.8,8228231.0,170630365.0,163368412.0,0.05036610749451369
2022-08-23,20.88,22.34,20.56,21.95,11183308.0,243078418.0,163368412.0,0.06845453085508355
2022-08-24,21.79,22.13,21.2,21.41,6386180.0,137998638.0,163368412.0,0.039090665825900296
2022-08-25,21.54,22.3,20.91,21.3,7165708.0,154491497.0,163368412.0,0.043862261451130466
2022-08-26,21.43,22.0,20.9,21.71,5015926.0,108711437.0,163368412.0,0.030703156984839886
2022-08-29,21.31,21.8,21.04,21.4,3817990.0,81519132.0,163368412.0,0.02337042977439237
2022-08-30,21.2,23.44,21.14,22.87,11934096.0,267309524.0,163368412.0,0.07305020507881291
2022-08-31,22.31,22.7,21.77,22.0,7007167.0,155832852.0,163371490.0,0.04289100258557965
2022-09-01,22.0,23.44,21.71,22.97,8710448.0,198519399.0,163371490.0,0.053316818007842125
2022-09-02,22.46,24.59,22.42,23.83,11815645.0,280752759.0,163371490.0,0.07232378795100664
2022-09-05,23.99,23.99,22.61,23.26,8238813.0,190651934.0,163371490.0,0.05042993119546134
2022-09-06,23.26,23.33,21.88,22.23,10853271.0,242801960.0,163371490.0,0.06643307837860817
2022-09-07,22.25,22.98,21.59,22.71,7497141.0,168177925.0,163371490.0,0.04589014276603586
2022-09-08,22.6,23.25,21.56,22.18,7633910.0,168978657.0,163371490.0,0.046727308418378265
2022-09-09,22.16,22.43,21.77,22.1,4221100.0,93286557.0,163371490.0,0.025837433446925163
2022-09-13,22.32,23.15,21.91,22.81,6031141.0,137494451.0,163371490.0,0.036916728861320906
2022-09-14,22.5,22.98,22.05,22.45,3964697.0,88909133.0,163371490.0,0.02426798580339813
2022-09-15,22.5,22.64,21.78,22.38,3624777.0,80715709.0,163371490.0,0.022187329013158907
2022-09-16,22.46,23.55,22.0,22.27,5400340.0,123316784.0,163371490.0,0.03305558393327991
2022-09-19,21.9,23.46,21.6,22.22,6036250.0,136337367.0,163371490.0,0.036948001147568646
2022-09-20,22.31,23.25,22.1,22.21,4585758.0,103451449.0,163371490.0,0.028069512006042182
2022-09-21,22.09,22.69,21.7,22.27,3305734.0,73092435.0,163371490.0,0.0202344607373049
2022-09-22,22.11,23.2,21.48,22.77,4679860.0,105613500.0,163371490.0,0.028645512139235555
2022-09-23,22.7,22.7,20.62,21.24,7851213.0,167307378.0,163371490.0,0.04805742421765266
2022-09-26,21.05,22.07,20.92,21.3,7793387.0,167364182.0,163371490.0,0.047703470170958225
2022-09-27,21.3,23.18,21.24,23.12,7491550.0,169193214.0,163371490.0,0.04585592014861344
2022-09-28,22.8,23.06,22.47,22.49,4648161.0,105492390.0,163371490.0,0.028451481956857955
2022-09-29,22.71,23.29,22.0,22.31,3876375.0,87682671.0,163371490.0,0.023727365160224712
2022-09-30,22.32,22.66,21.51,22.12,3657899.0,80923491.0,163374776.0,0.022389619068245884
2022-10-10,22.1,22.85,21.72,21.9,3877769.0,86586722.0,163374776.0,0.023735420454379076
2022-10-11,21.74,22.85,21.3,22.8,4874860.0,108306772.0,163374776.0,0.029838510689067448
2022-10-12,22.87,23.29,21.7,23.12,5982305.0,134792891.0,163374776.0,0.03661706627221328
2022-10-13,22.95,25.13,22.76,24.73,7630225.0,185468660.0,163374776.0,0.046703813078219615
2022-10-14,24.51,24.65,23.36,23.52,11441628.0,273395020.0,163374776.0,0.07003301415391076
2022-10-17,23.06,23.8,22.8,23.17,6737823.0,156210886.0,163374776.0,0.04124151331659668
2022-10-18,23.38,23.45,22.3,22.83,5964722.0,135975379.0,163374776.0,0.0365094425592357
2022-10-19,22.6,22.63,20.44,20.65,10135662.0,216012451.0,163374776.0,0.062039332191647506
2022-10-20,20.3,21.49,20.3,21.24,8388838.0,177425369.0,163374776.0,0.05134720429547827
2022-10-21,21.0,21.36,19.72,21.27,9868951.0,201881159.0,163374776.0,0.060406821919682385
2022-10-24,20.95,21.15,20.21,20.85,6407308.0,132117074.0,163374776.0,0.039218465401293034
2022-10-25,20.8,20.81,17.54,17.97,19547378.0,359195142.0,163374776.0,0.11964746626492696
2022-10-26,17.72,18.6,17.72,18.09,13167669.0,239637888.0,163374776.0,0.08059793147015547
2022-10-27,18.19,18.39,17.54,17.62,9371585.0,167103046.0,163374776.0,0.05736249639907693
2022-10-28,17.54,17.64,16.83,16.93,8571593.0,146702377.0,163374776.0,0.05246582862950643
2022-10-31,16.95,17.63,16.95,17.1,5994490.0,103611893.0,163374776.0,0.03669164938900972
2022-11-01,17.06,17.74,17.01,17.74,6360874.0,110794663.0,163374776.0,0.03893424772010093
2022-11-02,17.6,18.72,17.57,18.45,8118623.0,148265881.0,163374776.0,0.04969324640420624
2022-11-03,18.3,18.98,18.18,18.74,5617820.0,104999197.0,163374776.0,0.0343860915224759
2022-11-04,18.69,19.2,18.56,19.01,3983268.0,75426064.0,163374776.0,0.024381168853140463
2022-11-07,19.04,19.4,18.81,19.21,4332917.0,82825039.0,163374776.0,0.026521333990995037
2022-11-08,19.21,19.4,18.72,18.95,3304268.0,62715030.0,163374776.0,0.0202250805228342
2022-11-09,18.9,19.1,18.68,18.75,3410748.0,64499685.0,163374776.0,0.02087683352049401
2022-11-10,18.69,18.94,18.37,18.65,3394311.0,63121953.0,163374776.0,0.02077622435424181
2022-11-11,19.02,19.09,18.45,18.45,4314975.0,80629364.0,163374776.0,0.026411512876381847
2022-11-14,18.7,18.79,18.28,18.38,4911300.0,90785353.0,163374776.0,0.030061556136425856
2022-11-15,18.4,18.47,17.96,18.3,6751519.0,122795059.0,163374776.0,0.04132534510712963
2022-11-16,18.46,18.47,18.01,18.42,4922432.0,90014739.0,163374776.0,0.030129693949817564
2022-11-17,18.23,18.49,18.12,18.46,4846294.0,88616576.0,163374776.0,0.02966366117619038
2022-11-18,18.08,18.3,17.74,17.93,5471574.0,98705438.0,163374776.0,0.033490934977624696
2022-11-21,17.97,18.15,17.51,18.06,3999040.0,71476007.0,163374776.0,0.02447770762360525
2022-11-22,18.0,18.1,17.6,17.74,2816101.0,50349274.0,163374776.0,0.017237061123805304
2022-11-23,17.74,17.76,17.22,17.45,3337650.0,58218604.0,163374776.0,0.020429408270466427
2022-11-24,17.47,17.7,17.41,17.54,2452001.0,43018172.0,163374776.0,0.015008442918997483
2022-11-25,17.69,17.81,17.36,17.4,2242506.0,39233923.0,163374776.0,0.01372614582804386
2022-11-28,17.22,17.58,17.09,17.5,2862700.0,49657670.0,163374776.0,0.017522288752824366
2022-11-29,17.5,18.03,17.47,17.99,2945630.0,52461868.0,163374776.0,0.018029894651546453
2022-11-30,18.02,18.02,17.73,17.8,2126900.0,37984833.0,163374776.0,0.013018533534209712
2022-12-01,18.0,19.0,17.91,18.93,7893141.0,146545487.0,163374776.0,0.04831309455016483
2022-12-02,18.73,19.1,18.68,19.09,5562247.0,105560156.0,163374776.0,0.03404593497346249
2022-12-05,19.09,19.17,18.58,18.72,4566901.0,86004792.0,163374776.0,0.02795352570215613
2022-12-06,18.61,18.86,18.41,18.61,5054211.0,93934778.0,163374776.0,0.030936299493380788
2022-12-07,18.43,18.94,18.41,18.79,3638990.0,68224926.0,163374776.0,0.022273879047277165
2022-12-08,18.7,18.87,18.39,18.46,2919250.0,54078309.0,163374776.0,0.017868425417152525
2022-12-09,18.5,18.55,18.17,18.41,2617603.0,48061869.0,163374776.0,0.016022075525294065
2022-12-12,18.37,18.63,18.17,18.41,3354800.0,61800718.0,163374776.0,0.020534381635510246
2022-12-13,18.57,18.99,18.3,18.82,4037140.0,75872915.0,163374776.0,0.024710913758192392
2022-12-14,18.82,19.09,18.65,18.93,3998646.0,75760139.0,163374776.0,0.024475295990612406
2022-12-15,18.84,19.28,18.52,18.58,3565365.0,67005361.0,163374776.0,0.021823228085099258
2022-12-16,18.4,18.9,18.31,18.58,2695069.0,50048075.0,163374776.0,0.016496236848704233
2022-12-19,18.69,18.69,17.86,17.93,4090089.0,73839211.0,163374776.0,0.025035009076309307
2022-12-20,17.93,18.13,17.48,17.62,2699495.0,47724768.0,163374776.0,0.016523327934050234
2022-12-21,17.67,17.92,17.41,17.76,3090750.0,54673170.0,163374776.0,0.018918159067590704
2022-12-22,17.68,18.38,17.67,17.97,3122600.0,56376097.0,163374776.0,0.01911310960267208
2022-12-23,17.91,17.97,17.5,17.6,2567300.0,45409732.0,163374776.0,0.01571417609778391
2022-12-26,17.71,17.94,17.5,17.58,2234800.0,39480277.0,163374776.0,0.013678978204077232
2022-12-27,17.74,17.84,17.27,17.78,3626052.0,63930881.0,163374776.0,0.02219468689585227
2022-12-28,17.5,17.95,17.49,17.56,4055857.0,71775490.0,163374776.0,0.024825478567144295
2022-12-29,17.55,17.68,17.35,17.39,2062404.0,36084279.0,163374776.0,0.012623760230893904
2022-12-30,17.45,17.68,17.21,17.65,2427013.0,42290002.0,163375280.0,0.014855448143684896
2023-01-03,17.65,17.65,17.08,17.47,4233958.0,73426630.0,163375280.0,0.025915536303901057
2023-01-04,17.51,17.81,17.35,17.72,3631956.0,64152424.0,163375280.0,0.0222307560850087
2023-01-05,17.75,18.06,17.45,17.97,4087042.0,72844141.0,163375280.0,0.02501628153292224
2023-01-06,17.94,18.19,17.75,17.81,3130390.0,56107834.0,163375280.0,0.019160732272348668
2023-01-09,17.83,18.25,17.8,18.15,4037151.0,72797177.0,163375280.0,0.024710904856597646
2023-01-10,18.11,18.18,17.84,18.02,2858650.0,51469109.0,163375280.0,0.01749744514592416
2023-01-11,18.12,18.12,17.78,17.78,2411037.0,43179527.0,163375280.0,0.014757661012118848
2023-01-12,17.67,17.89,17.58,17.59,2519975.0,44605532.0,163375280.0,0.015424457114931954
2023-01-13,17.67,18.07,17.58,17.75,3020836.0,53820911.0,163375280.0,0.018490165709279888
2023-01-16,17.73,18.17,17.54,18.07,3785540.0,68138714.0,163375280.0,0.023170824864079804
2023-01-17,18.07,18.09,17.63,17.73,3350700.0,59618256.0,163375280.0,0.020509222692686433
2023-01-18,17.8,18.11,17.7,17.78,3140718.0,56088040.0,163375280.0,0.019223948690401633
2023-01-19,17.7,17.9,17.45,17.75,3691400.0,65297344.0,163375280.0,0.02259460549968147
2023-01-20,17.85,18.04,17.7,17.93,3538037.0,63152314.0,163375280.0,0.02165588943443586
2023-01-30,18.11,18.27,17.93,17.98,5233847.0,94755145.0,163375280.0,0.03203573392498547
2023-01-31,17.69,18.07,17.58,17.96,6200252.0,110593385.0,163726786.0,0.03786950291688985
2023-02-01,18.12,18.4,17.85,18.4,6441047.0,116960432.0,163726786.0,0.03934021522904627
2023-02-02,18.4,18.79,18.27,18.62,6114465.0,113356829.0,163726786.0,0.03734553856080702
2023-02-03,18.67,18.79,18.32,18.54,4622852.0,85665291.0,163726786.0,0.028235160006133634
2023-02-06,18.45,18.45,18.2,18.28,4325800.0,79183338.0,163726786.0,0.026420844784676833
2023-02-07,18.36,18.45,18.13,18.27,3480086.0,63516843.0,163726786.0,0.02125544686377707
2023-02-08,18.24,18.33,18.14,18.16,2773987.0,50556903.0,163726786.0,0.01694278051729422
2023-02-09,18.19,18.55,18.11,18.53,3446726.0,63307245.0,163726786.0,0.02105169278776412
2023-02-10,18.51,19.15,18.44,18.82,7801854.0,147522567.0,163726786.0,0.047651665256532916
2023-02-13,18.87,19.22,18.85,19.02,5967800.0,113703256.0,163726786.0,0.03644974744694494
2023-02-14,19.09,19.17,18.75,18.89,3298844.0,62323505.0,163726786.0,0.020148468559078658
2023-02-15,18.89,18.97,18.71,18.8,2893281.0,54481494.0,163726786.0,0.017671396786595444
2023-02-16,18.82,19.38,18.43,18.67,6706037.0,127238003.0,163726786.0,0.040958704215936906
2023-02-17,18.67,19.27,18.62,18.85,5025275.0,95397998.0,163726786.0,0.03069305348728949
2023-02-20,18.97,19.08,18.5,18.94,3837871.0,71897353.0,163726786.0,0.02344070322127987
2023-02-21,18.9,19.05,18.71,18.91,3582020.0,67566934.0,163726786.0,0.021878032834529593
2023-02-22,18.8,19.29,18.73,19.11,4976345.0,95097191.0,163726786.0,0.030394201960331647
2023-02-23,19.2,20.15,19.06,19.8,11652836.0,229721874.0,163726786.0,0.07117244700570864
2023-02-24,19.93,20.55,19.5,20.07,12939669.0,260425767.0,163726786.0,0.07903208336356153
2023-02-27,20.18,20.37,19.53,19.61,7849729.0,155301502.0,163726786.0,0.04794407312191421
2023-02-28,19.62,19.7,19.31,19.63,4784599.0,93444222.0,163727055.0,0.02922301998286111
2023-03-01,19.66,19.74,19.29,19.74,6880251.0,134419513.0,163727055.0,0.04202268830890533
2023-03-02,19.75,19.78,19.11,19.16,6044280.0,116911305.0,163727055.0,0.03691680644961213
2023-03-03,19.29,19.3,18.83,19.06,4076950.0,77512320.0,163727055.0,0.02490089374660773
2023-03-06,19.0,19.11,18.8,18.88,4159978.0,78601347.0,163727055.0,0.025408006025638218
2023-03-07,18.88,19.02,18.24,18.25,4838756.0,89835805.0,163727055.0,0.02955379610291042
2023-03-08,18.3,18.41,18.21,18.37,2484600.0,45499616.0,163727055.0,0.015175256160321213
2023-03-09,18.35,18.38,18.13,18.22,2347681.0,42811876.0,163727055.0,0.01433899241637248
2023-03-10,18.09,18.18,17.7,17.77,4444885.0,79493692.0,163727055.0,0.027148139933256602
2023-03-13,17.77,17.88,17.55,17.75,3004800.0,53273998.0,163727055.0,0.018352495254983975
2023-03-14,17.78,17.87,17.41,17.48,2748915.0,48350782.0,163727055.0,0.01678961977298132
2023-03-15,17.69,17.73,17.43,17.46,2658266.0,46718514.0,163727055.0,0.0162359605136732
2023-03-16,17.45,17.5,17.02,17.11,3494315.0,60153996.0,163727055.0,0.021342318775598817
2023-03-17,17.22,17.29,16.75,16.89,4540586.0,77262482.0,163727055.0,0.027732655424602855
2023-03-20,16.88,16.88,16.41,16.67,3805473.0,63163696.0,163727055.0,0.023242786599929986
2023-03-21,16.85,17.03,16.6,17.01,2983250.0,50308862.0,163727055.0,0.018220873758463436
2023-03-22,17.06,17.25,17.0,17.1,3149252.0,53932211.0,163727055.0,0.019234768499317354
2023-03-23,17.1,17.1,16.81,16.97,3475202.0,58722751.0,163727055.0,0.021225581807478307
2023-03-24,16.93,17.54,16.93,17.48,5852352.0,101632051.0,163727055.0,0.03574456280301383
2023-03-27,17.5,17.65,17.31,17.55,2981971.0,52160872.0,163727055.0,0.018213061976837
2023-03-28,17.35,17.57,17.3,17.42,2175450.0,37890492.0,163727055.0,0.013287052649911769
2023-03-29,17.43,17.51,17.2,17.25,2354500.0,40802605.0,163727055.0,0.014380641000352691
2023-03-30,17.25,17.46,17.15,17.42,2149152.0,37192340.0,163727055.0,0.01312643167007432
2023-03-31,17.35,17.81,17.35,17.49,2717842.0,47758290.0,163727055.0,0.016599834401223427
2023-04-03,17.43,17.81,17.4,17.62,2685820.0,47368660.0,163727055.0,0.016404252797437784
2023-04-04,17.66,17.76,17.13,17.25,3512860.0,61039957.0,163727055.0,0.021455586555319157
2023-04-06,17.25,17.25,16.9,17.14,2866800.0,48968888.0,163727055.0,0.017509629059168016
2023-04-07,17.25,17.49,17.03,17.44,2099330.0,36404937.0,163727055.0,0.012822132542480533
2023-04-10,17.37,17.65,17.14,17.19,2707100.0,46988336.0,163727055.0,0.01653422520792303
2023-04-11,17.2,17.3,16.93,17.09,2092150.0,35716804.0,163727055.0,0.012778279069393876
2023-04-12,17.03,17.25,16.92,17.01,2479390.0,42152848.0,163727055.0,0.015143434907566132
2023-04-13,17.04,17.05,16.83,16.93,1592400.0,26945726.0,163727055.0,0.00972594297258935
2023-04-14,17.0,17.08,16.9,17.05,1595950.0,27098949.0,163727055.0,0.009747625400090413
2023-04-17,17.13,17.13,16.88,17.13,2148824.0,36507109.0,163727055.0,0.013124428335927743
2023-04-18,17.17,17.85,17.06,17.83,6472140.0,113896922.0,163727055.0,0.039530058120205
2023-04-19,17.69,17.84,17.57,17.77,2861373.0,50700063.0,163727055.0,0.017476482429858643
2023-04-20,17.61,17.61,16.65,16.97,5890230.0,100002472.0,163727111.0,0.03597589894565476
2023-04-21,16.99,17.14,16.71,16.72,2465696.0,41675983.0,163727111.0,0.01505979055600633
2023-04-24,16.7,16.71,16.33,16.53,2318550.0,38204478.0,163727111.0,0.014161063405070404
2023-04-25,13.9,13.99,13.22,13.22,13817150.0,184596842.0,163727111.0,0.08439133821887324
2023-04-26,12.94,13.34,12.84,13.14,4812960.0,63320112.0,163727111.0,0.029396231147082293
2023-04-27,13.12,13.6,13.1,13.48,4530986.0,60784305.0,163727111.0,0.027674011789043294
2023-04-28,13.44,13.84,13.44,13.78,3478250.0,47497636.0,163727111.0,0.021244190890291833
2023-05-04,13.88,13.97,13.7,13.9,2339950.0,32370267.0,163727111.0,0.014291768697976964
2023-05-05,13.95,13.97,13.46,13.6,3402800.0,46333277.0,163727111.0,0.020783363116936692
2023-05-08,13.69,13.92,13.54,13.76,2596050.0,35589857.0,163727111.0,0.01585595680607838
2023-05-09,13.72,13.83,13.42,13.52,2048850.0,27806937.0,163727111.0,0.012513810251009682
2023-05-10,13.52,13.67,13.42,13.57,3012279.0,40782835.0,163727111.0,0.018398168645387018
2023-05-11,13.66,13.85,13.57,13.65,2289850.0,31381623.0,163727111.0,0.01398577172720039
2023-05-12,13.69,13.77,13.47,13.52,1370119.0,18594152.0,163727111.0,0.008368308654759076
2023-05-15,13.44,13.57,13.33,13.5,1543590.0,20751399.0,163727111.0,0.009427821639141975
2023-05-16,13.57,13.58,13.29,13.35,1778590.0,23759376.0,163727111.0,0.010863136771527105
2023-05-17,13.35,13.71,13.28,13.64,1961850.0,26639248.0,163727111.0,0.011982438265828803
2023-05-18,13.59,13.7,13.47,13.63,1676500.0,22766306.0,163727111.0,0.010239599231675198
2023-05-19,13.57,13.92,13.42,13.7,2202850.0,30246639.0,163727111.0,0.013454399742019512
2023-05-22,13.68,14.05,13.64,13.89,3200064.0,44444343.0,163727111.0,0.01954510759064209
2023-05-23,13.89,14.09,13.76,13.88,2166864.0,30227712.0,163727111.0,0.013234607187321591
2023-05-24,13.85,14.02,13.72,13.94,1644859.0,22884383.0,163727111.0,0.010046344737616484
2023-05-25,13.85,14.13,13.61,13.8,2134809.0,29430423.0,163727167.0,0.013038819635839666
2023-05-26,13.9,13.99,13.7,13.93,1379250.0,19100875.0,163727167.0,0.008424075400999273
2023-05-29,13.99,14.03,13.77,13.95,1523300.0,21154252.0,163727167.0,0.00930389273760536
2023-05-30,13.99,14.0,13.62,13.77,2192147.0,30175549.0,163727167.0,0.013389024192912347
2023-05-31,13.67,13.82,13.49,13.7,1710127.0,23340725.0,163727223.0,0.010444976520489814
2023-06-01,13.64,13.99,13.64,13.88,2221360.0,30818080.0,163727223.0,0.013567444431644699
2023-06-02,13.87,14.39,13.8,14.31,2795122.0,39522433.0,163727223.0,0.017071821953518383
2023-06-05,14.2,14.39,14.05,14.34,1842750.0,26205773.0,163727223.0,0.01125500064213512
2023-06-06,14.26,14.34,13.88,13.98,2229600.0,31350109.0,163727223.0,0.013617772042710332
2023-06-07,14.09,14.09,13.83,13.93,1198206.0,16701575.0,163727223.0,0.007318306498119742
2023-06-08,14.03,14.03,13.7,13.84,1597260.0,22111892.0,163727223.0,0.009755616511006236
2023-06-09,13.84,14.36,13.79,14.26,2745080.0,38710564.0,163727223.0,0.0167661794398113
2023-06-12,14.26,14.32,13.97,14.25,1588400.0,22542855.0,163727223.0,0.009701502113671103
2023-06-13,14.33,14.67,14.09,14.39,2547970.0,36796724.0,163727223.0,0.01556228679209932
2023-06-14,14.38,14.38,14.07,14.09,2097306.0,29720070.0,163727223.0,0.012809757360875779
2023-06-15,14.1,14.4,14.02,14.31,1808020.0,25716000.0,163727223.0,0.011042879533845144
2023-06-16,14.31,14.33,14.15,14.24,1801100.0,25613923.0,163727223.0,0.011000614112901676
2023-06-19,14.21,14.3,14.01,14.02,1386100.0,19590091.0,163727223.0,0.008465910400251521
2023-06-20,14.12,14.12,13.81,13.9,1793950.0,25018210.0,163727223.0,0.01095694391640662
2023-06-21,13.95,14.0,13.61,13.63,1836570.0,25291211.0,163727223.0,0.011217254933835897
2023-06-26,13.63,13.68,13.39,13.42,1537090.0,20779830.0,163727223.0,0.009388115011270912
2023-06-27,13.42,13.87,13.42,13.84,1422960.0,19501827.0,163727223.0,0.008691040951693171
2023-06-28,13.77,13.83,13.42,13.67,1597340.0,21725325.0,163727223.0,0.009756105128589397
2023-06-29,13.56,14.23,13.51,14.02,2035280.0,28458848.0,163727223.0,0.012430919933211108
2023-06-30,14.16,14.18,13.98,14.0,1600520.0,22489327.0,163727223.0,0.009775527677520067
2023-07-03,13.91,14.31,13.91,14.18,1955461.0,27722225.0,163727223.0,0.011943407847331534
2023-07-04,14.29,14.29,13.91,14.0,1637800.0,22923490.0,163727223.0,0.010003223471273314
2023-07-05,14.0,14.0,13.77,13.83,1254350.0,17401137.0,163727223.0,0.007661218317982465
2023-07-06,13.75,13.94,13.75,13.77,862450.0,11926806.0,163727223.0,0.005267602932470186
2023-07-07,13.77,14.14,13.66,13.96,1763370.0,24562575.0,163727223.0,0.010770169845243146
2023-07-10,13.98,14.14,13.85,13.97,1232650.0,17206816.0,163727223.0,0.007528680798549915
2023-07-11,13.85,14.06,13.85,13.99,1354270.0,18894354.0,163727223.0,0.008271501679351149
2023-07-12,14.02,14.02,13.79,13.81,1156550.0,16076956.0,163727223.0,0.007063883322567561
2023-07-13,14.28,14.3,13.81,14.03,2978402.0,41664244.0,163727223.0,0.018191244836541325
2023-07-14,14.03,14.08,13.81,13.83,2320200.0,32242567.0,163727223.0,0.014171131455640702
2023-07-17,13.75,13.92,13.62,13.9,1126550.0,15551377.0,163727223.0,0.0068806517288820075
2023-07-18,13.93,13.99,13.78,13.95,1404300.0,19577997.0,163727223.0,0.008577070900420756
2023-07-19,13.91,14.06,13.88,14.04,1898000.0,26583430.0,163727223.0,0.011592452160506014
2023-07-20,14.09,14.1,13.79,13.8,1594700.0,22218744.0,163727223.0,0.009739980748345069
2023-07-21,13.73,14.06,13.73,13.92,1935560.0,27031340.0,163727223.0,0.011821858115800327
2023-07-24,13.87,13.95,13.67,13.68,1941430.0,26720763.0,163727223.0,0.0118577104309648
2023-07-25,13.78,13.9,13.7,13.88,1887710.0,26100280.0,163727223.0,0.01152960372387187
2023-07-26,13.88,13.88,13.71,13.77,1219100.0,16788158.0,163727223.0,0.00744592119540194
2023-07-27,13.77,14.03,13.75,13.89,1765800.0,24565207.0,163727223.0,0.010785011604331676
2023-07-28,13.89,14.06,13.79,14.01,1798090.0,25158447.0,163727223.0,0.010982229876335226
2023-07-31,14.14,14.36,14.01,14.3,3003550.0,42652407.0,163727223.0,0.018344841773808136
2023-08-01,14.23,14.33,14.19,14.28,1704380.0,24279347.0,163727223.0,0.010409875454859453
2023-08-02,14.18,14.31,14.06,14.08,1385740.0,19598648.0,163727223.0,0.008463711621127294
2023-08-03,14.08,14.25,14.02,14.21,2053740.0,29090116.0,163727223.0,0.012543668440525617
2023-08-04,14.25,14.41,14.02,14.11,2237960.0,31812568.0,163727223.0,0.013668832580150706
2023-08-07,14.15,14.2,14.05,14.12,1675500.0,23645543.0,163727223.0,0.01023348450733816
2023-08-08,14.12,14.25,13.95,14.14,1800400.0,25349707.0,163727223.0,0.010996338709049014
2023-08-09,14.13,14.15,13.89,13.96,1620500.0,22643885.0,163727223.0,0.009897559918914644
2023-08-10,13.96,14.06,13.88,13.96,1168150.0,16304788.0,163727223.0,0.007134732872125975
2023-08-11,14.05,14.05,13.54,13.62,2606750.0,35769166.0,163727223.0,0.015921298561327214
2023-08-14,13.64,13.73,13.38,13.59,2258250.0,30631890.0,163727223.0,0.013792758214680035
2023-08-15,13.54,14.01,13.42,13.77,4250650.0,58419048.0,163727223.0,0.02596177912331659
2023-08-16,13.79,13.87,13.44,13.47,2882000.0,39263080.0,163727223.0,0.017602448433392166
2023-08-17,13.38,13.61,13.16,13.56,2301050.0,30820492.0,163727223.0,0.014054168621671425
2023-08-18,13.54,13.65,13.37,13.38,1594600.0,21501393.0,163727223.0,0.009739369976366118
2023-08-21,13.37,13.49,13.15,13.16,1881800.0,24990697.0,163727223.0,0.011493507099915815
2023-08-22,13.17,13.3,12.44,12.63,3914600.0,49804670.0,163727223.0,0.023909279888048918
2023-08-23,12.63,12.75,12.23,12.27,3007820.0,37112645.0,163727223.0,0.01837092173730938
2023-08-24,12.39,12.46,11.95,12.37,2477450.0,30321485.0,163727223.0,0.01513157039254248
2023-08-25,12.31,12.62,12.23,12.3,2403743.0,29862254.0,163727223.0,0.014681388690016443
2023-08-28,12.88,12.9,12.38,12.43,3061599.0,38684869.0,163727223.0,0.01869938879986989
2023-08-29,12.47,12.88,12.45,12.85,2538300.0,32233757.0,163727223.0,0.015503225141734677
2023-08-30,12.4,12.83,12.31,12.55,4779949.0,60133270.0,163727223.0,0.029194589100188916
2023-08-31,12.51,12.86,12.46,12.75,2868486.0,36390695.0,163727223.0,0.017519908708156614
2023-09-01,12.77,13.24,12.77,13.08,3283900.0,42881540.0,163727223.0,0.02005714101679963
2023-09-04,13.0,13.24,13.0,13.18,1803450.0,23682782.0,163727223.0,0.011014967254407045
2023-09-05,13.12,13.34,13.04,13.2,2087750.0,27484568.0,163727223.0,0.01275139199056714
2023-09-06,13.23,13.27,12.99,13.1,2041340.0,26697104.0,163727223.0,0.012467932715135589
2023-09-07,13.1,13.16,12.86,12.9,1348480.0,17487260.0,163727223.0,0.008236137981769837
2023-09-08,12.88,12.99,12.79,12.84,1406250.0,18108022.0,163727223.0,0.008588980954010318
2023-09-11,12.81,13.13,12.75,13.05,1392350.0,18071812.0,163727223.0,0.008504083648936012
2023-09-12,13.08,13.19,12.99,13.11,1139300.0,14939409.0,163727223.0,0.006958525156198368
2023-09-13,13.12,13.13,12.86,12.89,1001300.0,12970078.0,163727223.0,0.006115659825244822
2023-09-14,12.92,12.96,12.69,12.79,1201800.0,15356030.0,163727223.0,0.007340257643043271
2023-09-15,12.79,12.99,12.77,12.9,1031400.0,13298992.0,163727223.0,0.006299502190909328
2023-09-18,12.9,13.2,12.73,13.14,1487670.0,19404681.0,163727223.0,0.00908627149927291
2023-09-19,13.17,13.19,12.92,13.05,1475550.0,19284107.0,163727223.0,0.009012245935423945
2023-09-20,13.08,13.15,12.98,12.98,1088508.0,14223797.0,163727223.0,0.006648301852649147
2023-09-21,12.99,13.11,12.78,12.82,1004990.0,12933651.0,163727223.0,0.006138197311268145
2023-09-22,12.82,13.12,12.77,13.08,1068550.0,13880332.0,163727223.0,0.006526403981089938
2023-09-25,13.05,13.11,12.9,12.94,960160.0,12448605.0,163727223.0,0.005864388233104033
2023-09-26,13.01,13.01,12.8,12.8,664878.0,8557276.0,163727223.0,0.004060888518215447
2023-09-27,12.85,13.0,12.8,12.85,922890.0,11897594.0,163727223.0,0.00563675351654868
2023-09-28,12.88,12.98,12.78,12.88,924220.0,11874815.0,163727223.0,0.00564487678386874
2023-10-09,12.87,12.88,12.61,12.65,1214940.0,15392482.0,163727223.0,0.007420513081077543
2023-10-10,12.7,12.88,12.61,12.73,1135000.0,14478225.0,163727223.0,0.0069322619611034385
2023-10-11,12.75,12.85,12.67,12.76,1122800.0,14330440.0,163727223.0,0.006857747779671314
2023-10-12,12.88,12.93,12.65,12.74,1060500.0,13482037.0,163727223.0,0.0064772368367843145
2023-10-13,12.69,12.73,12.51,12.57,1255980.0,15823307.0,163727223.0,0.007671173901239381
2023-10-16,12.57,12.74,12.53,12.59,1030048.0,12997038.0,163727223.0,0.006291244553753898
2023-10-17,12.59,12.68,12.46,12.53,908496.0,11364080.0,163727223.0,0.005548838997898352
2023-10-18,12.54,12.54,12.29,12.29,1149700.0,14223717.0,163727223.0,0.00702204544200936
2023-10-19,12.29,12.44,12.12,12.17,974580.0,11961129.0,163727223.0,0.005952461552468889
2023-10-20,12.2,12.3,12.05,12.11,1008850.0,12254337.0,163727223.0,0.006161773109655686
2023-10-23,12.09,12.1,11.76,11.9,1401260.0,16676441.0,163727223.0,0.00855850343226062
2023-10-24,12.08,12.68,11.86,12.51,3757070.0,46549079.0,163727223.0,0.022947130789606075
2023-10-25,12.54,13.02,12.54,12.98,3116890.0,39903802.0,163727223.0,0.019037090734752155
2023-10-26,12.91,13.14,12.84,13.1,2233370.0,29117704.0,163727223.0,0.013640798146316815
2023-10-27,13.08,13.42,12.99,13.39,2538190.0,33777640.0,163727223.0,0.01550255329255783
2023-10-30,13.33,13.7,13.33,13.47,3044557.0,41241532.0,163727223.0,0.018595301039216916
2023-10-31,13.47,13.65,13.39,13.52,2101399.0,28392412.0,163727223.0,0.012834756257974277
2023-11-01,13.54,13.54,13.34,13.46,1549480.0,20817471.0,163727223.0,0.009463789659463045
2023-11-02,13.41,13.56,13.2,13.28,2382140.0,31674702.0,163727223.0,0.014549443619403475
2023-11-03,13.23,13.43,13.16,13.27,1424300.0,18897630.0,163727223.0,0.008699225296211125
2023-11-06,13.3,13.41,13.21,13.29,1456130.0,19330308.0,163727223.0,0.008893634017111497
2023-11-07,13.29,13.45,13.15,13.35,1663340.0,22132842.0,163727223.0,0.010159214634697615
2023-11-08,13.35,13.43,13.24,13.32,1004900.0,13409102.0,163727223.0,0.006137647616487088
2023-11-09,13.25,13.46,13.25,13.27,1250750.0,16681432.0,163727223.0,0.007639230526740199
2023-11-10,13.33,13.38,13.18,13.37,1108550.0,14758024.0,163727223.0,0.006770712772670676
2023-11-13,13.37,13.45,13.24,13.42,1349700.0,18019926.0,163727223.0,0.00824358939991305
2023-11-14,13.5,13.54,13.31,13.4,1364050.0,18343346.0,163727223.0,0.00833123517889264
2023-11-15,13.45,13.69,13.38,13.58,2136300.0,28950043.0,163727223.0,0.013047921786348261
2023-11-16,13.58,13.8,13.47,13.49,1521550.0,20708001.0,163727223.0,0.009293201045741795
2023-11-17,13.49,13.56,13.39,13.44,1031030.0,13865360.0,163727223.0,0.006297242334587206
2023-11-20,13.44,13.61,13.4,13.59,1489490.0,20148264.0,163727223.0,0.009097387549289833
2023-11-21,13.61,13.79,13.53,13.58,1443000.0,19697037.0,163727223.0,0.00881343965627512
2023-11-22,13.58,13.72,13.55,13.59,1178590.0,16065567.0,163727223.0,0.007198497466728548
2023-11-23,13.58,13.68,13.53,13.64,1094900.0,14896427.0,163727223.0,0.0066873423975437486
2023-11-24,13.65,13.7,13.51,13.53,1375290.0,18657926.0,163727223.0,0.008399885949326827
2023-11-27,13.49,13.59,13.28,13.52,1988650.0,26806570.0,163727223.0,0.012146116959425862
2023-11-28,13.56,13.63,13.39,13.54,1031770.0,13966372.0,163727223.0,0.0063017620472314495
2023-11-29,13.51,13.57,13.23,13.45,1430450.0,19140588.0,163727223.0,0.008736787772916664
2023-11-30,13.47,13.59,13.35,13.45,1273550.0,17141630.0,163727223.0,0.00777848653794122
2023-12-01,13.45,13.59,13.32,13.36,1176628.0,15802842.0,163727223.0,0.007186514120501512
2023-12-04,13.41,13.42,13.19,13.37,1290060.0,17210349.0,163727223.0,0.00787932499166617
2023-12-05,13.33,13.44,13.25,13.26,1536260.0,20501404.0,163727223.0,0.00938304560384561
2023-12-06,13.22,13.61,13.17,13.54,2290461.0,30785553.0,163727223.0,0.013989493976820214
2023-12-07,13.65,13.65,13.2,13.49,1884500.0,25217030.0,163727223.0,0.011509997943347516
2023-12-08,13.56,13.58,13.15,13.16,2291700.0,30491957.0,163727223.0,0.013997061441639428
2023-12-11,13.2,13.34,13.02,13.23,2207930.0,29123042.0,163727223.0,0.013485417754871467
2023-12-12,13.32,13.4,13.17,13.33,1389430.0,18484239.0,163727223.0,0.008486249107150618
2023-12-13,13.34,13.42,13.16,13.16,1463828.0,19362828.0,163727223.0,0.00894065124405121
2023-12-14,13.17,13.48,13.11,13.29,1608250.0,21437106.0,163727223.0,0.009822740351493045
2023-12-15,13.29,13.48,13.21,13.27,1343800.0,17854737.0,163727223.0,0.00820755385315489
2023-12-18,13.17,13.33,13.04,13.09,2173000.0,28603252.0,163727223.0,0.013272075102623588
2023-12-19,13.14,13.14,12.91,12.96,1973050.0,25629210.0,163727223.0,0.012050836530709375
2023-12-20,13.05,13.05,12.8,12.8,1123000.0,14504166.0,163727223.0,0.0068589693236292175
2023-12-21,12.8,13.12,12.64,13.04,1781050.0,22953547.0,163727223.0,0.010878154331121832
2023-12-22,13.13,13.14,12.82,12.89,1124800.0,14560944.0,163727223.0,0.00686996321925035
2023-12-25,12.8,12.94,12.68,12.77,1164999.0,14878661.0,163727223.0,0.007115487447069202
2023-12-26,12.8,12.9,12.46,12.47,2035270.0,25630052.0,163727223.0,0.012430858856013211
2023-12-27,12.55,13.03,12.5,12.99,2320530.0,29684549.0,163727223.0,0.014173147003171243
2023-12-28,12.93,13.29,12.74,13.28,2828930.0,37038539.0,163727223.0,0.017278311744162424
2023-12-29,13.18,13.4,13.11,13.3,1741150.0,23067866.0,163727464.0,0.010634440658043785
2024-01-02,13.26,13.51,13.26,13.48,1896157.0,25473905.0,163727464.0,0.011581178585896865
2024-01-03,13.45,13.55,13.34,13.38,3018600.0,40476801.0,166817783.00000003,0.01809519312458432
2024-01-04,13.37,13.58,13.3,13.47,3510480.0,47369528.0,166817783.00000003,0.021043799628964015
2024-01-05,13.55,13.77,13.4,13.62,3116750.0,42377960.0,166817783.00000003,0.01868355965382899
2024-01-08,13.62,13.69,13.36,13.62,3994100.0,54056542.0,166817783.00000003,0.023942891028590155
2024-01-09,13.63,13.68,13.37,13.51,3694400.0,49856590.0,166817783.00000003,0.022146319975970424
2024-01-10,13.6,13.79,13.42,13.68,3250300.0,44175631.0,166817783.00000003,0.019484133774874585
2024-01-11,13.68,14.3,13.6,14.11,6604070.0,92835241.0,166817783.00000003,0.03958852516341138
2024-01-12,13.96,14.97,13.96,14.82,8554208.0,125155575.0,166817783.00000003,0.05127875365661704
2024-01-15,14.8,14.82,14.36,14.48,6367680.0,92754128.0,166817783.00000003,0.03817147000448986
2024-01-16,14.81,15.39,14.24,14.53,5705810.0,82819343.0,166817783.00000003,0.0342038474399339
2024-01-17,14.38,14.39,13.87,13.87,4988730.0,70798360.0,166817783.00000003,0.029905264956074852
2024-01-18,13.83,14.14,13.69,14.07,5314430.0,73871750.0,166817783.00000003,0.0318576946919382
2024-01-19,13.99,14.45,13.79,13.89,3233880.0,45524028.0,166817783.00000003,0.019385703021841498
2024-01-22,13.8,13.96,13.1,13.29,3819106.0,51556430.0,166817783.00000003,0.02289387816645423
2024-01-23,13.16,13.29,12.6,12.99,3836050.0,49400724.0,166817783.00000003,0.02299545007141115
2024-01-24,12.99,13.29,12.78,13.23,2588500.0,33752192.0,166817783.00000003,0.015516930829850433
2024-01-25,13.15,13.38,12.93,13.36,2435120.0,32062770.0,166817783.00000003,0.014597484490007875
2024-01-26,13.3,13.42,13.0,13.03,1986650.0,26064474.0,166817783.00000003,0.01190910204099763
2024-01-29,13.03,13.15,12.71,12.76,2664600.0,34166747.0,166817783.00000003,0.01597311720657503
2024-01-30,12.76,12.77,12.24,12.26,2567350.0,31913989.0,166817783.00000003,0.015390145785596488
2024-01-31,12.26,12.66,11.86,11.92,2838592.0,34334274.0,166817783.00000003,0.017016123514841337
2024-02-01,11.86,11.96,11.36,11.5,3643834.0,42369319.0,166817783.00000003,0.02184319881532054
2024-02-02,11.5,11.61,10.1,10.56,5858162.0,62956504.0,166817783.00000003,0.035117131367223595
2024-02-05,10.4,10.4,9.24,9.42,5656100.0,54314143.0,166817783.00000003,0.03390585762670158
2024-02-06,9.48,10.29,8.82,9.88,5310448.0,50279693.0,166817783.00000003,0.031833824335142966
2024-02-07,9.88,10.2,9.5,9.75,5050250.0,49787364.0,166817783.00000003,0.03027405057888822
2024-02-08,10.0,10.83,9.72,10.7,3845004.0,39701392.0,166817783.00000003,0.023049125404094355
2024-02-19,10.98,11.0,10.59,10.87,3365931.0,36390238.0,166817783.00000003,0.020177291290341626
2024-02-20,10.88,11.33,10.61,11.23,1913340.0,21012636.0,166817783.00000003,0.011469640499898022
2024-02-21,10.98,11.87,10.98,11.31,2645198.0,30499870.0,166817783.00000003,0.015856810661486847
2024-02-22,11.34,11.56,11.28,11.37,1119158.0,12739802.0,166817783.00000003,0.006708865085444756
2024-02-23,11.57,11.57,11.25,11.49,2032161.0,23162019.0,166817783.00000003,0.012181920676886107
2024-02-26,11.5,11.76,11.37,11.45,2226119.0,25738467.0,166817783.00000003,0.013344614464754033
2024-02-27,11.37,11.65,11.33,11.65,1808200.0,20851466.0,166817783.00000003,0.01083937196311978
2024-02-28,11.62,11.89,11.0,11.01,3806300.0,43591251.0,166817783.00000003,0.022817111770392005
2024-02-29,10.89,11.2,10.8,11.08,2766850.0,30390560.0,166817783.00000003,0.01658606145125427
2024-03-01,11.06,11.19,10.76,10.95,2919468.0,31919641.0,166817783.00000003,0.017500939932764838
2024-03-04,10.95,11.05,10.68,10.91,2136100.0,23232704.0,166817783.00000003,0.01280498974141144
2024-03-05,10.95,10.95,10.71,10.77,1436500.0,15554302.0,166817783.00000003,0.008611192249210024
2024-03-06,10.76,10.8,10.52,10.65,1830400.0,19495980.0,166817783.00000003,0.010972451300350872
2024-03-07,10.69,10.98,10.59,10.59,2377350.0,25629047.0,166817783.00000003,0.014251178484970033
2024-03-08,10.59,10.88,10.49,10.69,1058600.0,11244608.0,166817783.00000003,0.006345846233911404
2024-03-11,10.69,10.93,10.65,10.92,1554200.0,16785611.0,166817783.00000003,0.009316752519124413
2024-03-12,10.92,11.11,10.84,11.11,2147759.0,23615184.0,166817783.00000003,0.012874880371716723
2024-03-13,11.02,11.3,11.0,11.13,2164450.0,24100685.0,166817783.00000003,0.012974935651794388
2024-03-14,11.15,11.3,10.87,11.02,2243872.0,24813650.0,166817783.00000003,0.013451035972585726
2024-03-15,11.02,11.08,10.9,11.04,1878696.0,20683409.0,166817783.00000003,0.011261964799040637
2024-03-18,11.1,11.4,10.95,11.36,3297139.0,36923355.0,166817783.00000003,0.019764913192737966
2024-03-19,11.36,11.66,11.36,11.48,2577900.0,29641340.0,166817783.00000003,0.015453388443604957
2024-03-20,11.47,11.87,11.43,11.8,2995340.0,35187782.0,166817783.00000003,0.017955759548728682
2024-03-21,11.79,11.95,11.63,11.81,1909342.0,22461960.0,166817783.00000003,0.011445674230066944
2024-03-22,11.82,11.93,11.42,11.66,1950700.0,22686070.0,166817783.00000003,0.011693597438589623
2024-03-25,11.6,11.67,11.06,11.1,2206672.0,25060450.0,166817783.00000003,0.013228038164252547
2024-03-26,11.13,11.39,10.89,11.07,2179500.0,24205476.0,166817783.00000003,0.013065153851133483
2024-03-27,10.9,11.32,10.9,11.05,2261900.0,25190913.0,166817783.00000003,0.013559105985720956
2024-03-28,11.0,11.27,10.82,11.02,2687020.0,29563960.0,166817783.00000003,0.01610751534804895
2024-03-29,11.02,11.32,11.01,11.32,2473839.0,27553994.0,166181239.0,0.014886391598031111
2024-04-01,11.44,11.6,11.24,11.48,2750699.0,31491412.0,166181239.0,0.016552403969018428
2024-04-02,11.48,11.85,11.48,11.83,3293480.0,38420054.0,166181239.0,0.019818602989233942
2024-04-03,11.84,11.95,11.54,11.9,2927680.0,34482310.0,166181239.0,0.017617391816413162
2024-04-08,11.9,11.91,11.65,11.67,2033150.0,23909334.0,166181239.0,0.012234533887426366
2024-04-09,11.57,12.19,11.54,12.17,2821400.0,33613239.0,166181239.0,0.01697784910605944
2024-04-10,12.2,12.64,11.87,11.96,4149140.0,50438336.0,166181239.0,0.02496755966538437
2024-04-11,11.9,12.26,11.74,11.98,2371940.0,28402887.0,166181239.0,0.014273211671023828
2024-04-12,11.99,12.28,11.9,12.12,2702600.0,32824867.0,166181239.0,0.016262966964640333
2024-04-15,12.04,12.38,11.29,11.67,5384350.0,63312943.0,166181239.0,0.03240046850294575
2024-04-16,11.5,11.69,11.18,11.35,3369450.0,38626867.0,166181239.0,0.020275754473102706
2024-04-17,11.36,12.11,11.36,12.06,3791190.0,44648638.0,166181239.0,0.022813586075140526
2024-04-18,12.01,12.59,12.01,12.15,4547910.0,56095704.0,166181239.0,0.027367168685028278
2024-04-19,12.14,12.34,11.83,12.29,3033190.0,36714999.0,166181239.0,0.01825230103140584
2024-04-22,12.38,12.9,12.26,12.83,5251680.0,66429895.0,166181239.0,0.03160212326976332
2024-04-23,12.7,12.95,12.51,12.85,5008790.0,63670102.0,166181239.0,0.030140526272042056
2024-04-24,13.31,15.08,13.22,14.54,20246556.0,287329017.0,166181239.0,0.12183418610809611
2024-04-25,14.3,14.39,13.6,13.76,10409050.0,144551414.0,166181239.0,0.06263673362069469
2024-04-26,13.63,13.88,13.47,13.58,6889186.0,94094615.0,166181239.0,0.041455858925206354
2024-04-29,13.51,13.84,13.23,13.79,6110900.0,83138689.0,166181239.0,0.03677250234005055
2024-04-30,13.68,14.33,13.68,14.26,6962239.0,98552785.0,166181239.0,0.041895457284441114
2024-05-06,14.3,14.5,13.84,14.43,5661800.0,80335632.0,166181239.0,0.03407003121453439
2024-05-07,14.45,14.8,14.15,14.37,4960580.0,71681229.0,166181239.0,0.029850421322228798
2024-05-08,14.36,14.74,14.27,14.37,3784030.0,54910295.0,166181239.0,0.02277050058580921
2024-05-09,14.38,15.45,14.38,15.15,7421290.0,111433425.0,166181239.0,0.04465780881559079
2024-05-10,15.06,15.37,14.91,15.04,5029370.0,75808321.0,166181239.0,0.030264366966237386
2024-05-13,14.77,15.23,14.74,14.95,4031760.0,60368801.0,166181239.0,0.024261222411514214
2024-05-14,14.9,15.51,14.89,15.44,5188148.0,79529819.0,166181239.0,0.031219817779791617
2024-05-15,15.31,15.4,14.83,14.87,3394000.0,50902004.0,166181239.0,0.020423484747276437
2024-05-16,14.89,14.95,14.7,14.76,2808948.0,41626093.0,166181239.0,0.01690291886679218
2024-05-17,14.68,15.09,14.66,14.91,2958160.0,44104324.0,166181239.0,0.01780080602239342
2024-05-20,14.8,15.35,14.8,15.05,3238850.0,48979962.0,166181239.0,0.019489865519657125
2024-05-21,15.06,15.26,14.89,15.08,1804550.0,27169703.0,166181239.0,0.010858927342574452
2024-05-22,15.13,15.21,14.48,14.54,4822090.0,70826577.0,166181239.0,0.029017054085148566
2024-05-23,14.68,14.68,14.14,14.24,3574984.0,51246634.0,166181239.0,0.021512560753022186
2024-05-24,14.28,14.51,14.25,14.35,2128148.0,30622201.0,166181239.0,0.012806186864451046
2024-05-27,14.35,14.35,13.95,14.3,3945600.0,55717222.0,166139589.0,0.02374870447043179
2024-05-28,14.19,14.28,13.94,13.99,3113890.0,43808222.0,161546039.0,0.01927555772506437
2024-05-29,13.96,14.24,13.91,14.04,2034790.0,28649298.0,161546039.0,0.012595728206000767
2024-05-30,14.0,14.09,13.77,13.82,2295000.0,31880924.0,161546039.0,0.01420647645839215
2024-05-31,13.91,14.23,13.82,14.0,2429378.0,33927699.0,161546039.0,0.015038301248599478
2024-06-03,14.14,14.22,13.83,14.02,3027560.0,42386611.0,161546039.0,0.018741158983167642
2024-06-04,13.96,14.28,13.74,14.18,3616750.0,50625428.0,161546039.0,0.022388354566836518
2024-06-05,14.34,14.38,13.79,13.96,4953360.0,69171602.0,161546039.0,0.030662218836575744
2024-06-06,13.96,14.0,13.57,13.64,3632370.0,49988973.0,161546039.0,0.02248504526935507
2024-06-07,13.91,14.1,13.67,14.03,2894210.0,40209323.0,161546039.0,0.01791569770398394
2024-06-11,13.8,14.02,13.61,13.95,2555950.0,35350443.0,161546039.0,0.015821805448290812
2024-06-12,13.95,14.07,13.8,13.87,2540950.0,35428305.0,161546039.0,0.01572895266098106
2024-06-13,13.8,13.98,13.55,13.63,2409100.0,33117293.0,161546039.0,0.014912776660528334
2024-06-14,13.49,13.8,13.45,13.75,2277200.0,31197841.0,161546039.0,0.014096291150784576
2024-06-17,13.41,13.57,13.33,13.45,3423300.0,45991495.0,161546039.0,0.02119086311983174
2024-06-18,13.49,13.6,13.35,13.54,2166430.0,29218441.0,161546039.0,0.013410604267431157
2024-06-19,13.85,13.89,13.26,13.29,2096000.0,28085134.0,161546039.0,0.012974629480082765
2024-06-20,13.2,13.47,13.07,13.27,2830317.0,37615060.0,161546039.0,0.017520188161345138
2024-06-21,13.13,13.8,13.13,13.72,2609020.0,35292399.0,161546039.0,0.016150318609792717
2024-06-24,13.44,13.65,13.0,13.24,4683470.0,62029204.0,161546039.0,0.02899154958544047
2024-06-25,13.24,13.42,13.07,13.2,2482850.0,32789542.0,161546039.0,0.015369302864801284
2024-06-26,13.23,13.53,13.16,13.53,2326346.0,31099132.0,161546039.0,0.014400514023126249
2024-06-27,13.53,13.59,13.1,13.1,2857120.0,37838277.0,161546039.0,0.017686103711896026
2024-06-28,13.11,13.32,13.05,13.12,2368684.0,31229364.0,161546039.0,0.014662594110400936
2024-07-01,13.13,13.41,13.08,13.3,2920584.0,38739430.0,161440289.0,0.01809080012239076
2024-07-02,13.3,13.47,12.93,13.03,2625872.0,34555811.0,161440289.0,0.016265283073173886
2024-07-03,12.99,13.13,12.9,12.97,1890150.0,24570742.0,161440289.0,0.011708043956734988
2024-07-04,12.95,13.07,12.68,12.74,2330709.0,29899417.0,161440289.0,0.014436972421425732
2024-07-05,12.78,13.06,12.65,12.97,2236450.0,28746003.0,161440289.0,0.013853109492389474
2024-07-08,12.88,13.15,12.8,12.87,2263200.0,29298204.0,161440289.0,0.014018805429665701
2024-07-09,12.76,13.2,12.73,13.07,1973700.0,25613473.0,161440289.0,0.012225572762694942
2024-07-10,12.98,14.18,12.89,14.01,5816680.0,79770209.0,161440289.0,0.03602991567984619
2024-07-11,14.0,14.41,13.84,14.34,5288767.0,74867991.0,161440289.0,0.03275989551777871
2024-07-12,14.3,14.4,14.06,14.22,2436400.0,34618137.0,161440289.0,0.015091647909525236
2024-07-15,14.0,14.21,13.91,14.1,2146400.0,30247633.0,161440289.0,0.013295318122231557
2024-07-16,13.95,14.04,13.36,13.5,4639349.0,63167012.0,161440289.0,0.028737244146038416
2024-07-17,14.75,14.88,13.21,13.51,13174700.0,182194559.0,161440289.0,0.08160726223675181
2024-07-18,13.34,13.9,13.32,13.81,7636630.0,104695129.0,161440289.0,0.04730312394324319
2024-07-19,13.79,14.03,13.54,13.84,5035814.0,69591742.0,161440289.0,0.03119304376369148
2024-07-22,14.05,14.05,13.21,13.27,4738979.0,63476906.0,161440289.0,0.02935437634158348
2024-07-23,13.26,13.29,12.55,12.6,3861000.0,49712427.0,161440289.0,0.023915963133589287
2024-07-24,12.6,12.66,12.14,12.18,4212530.0,51965518.0,161440289.0,0.026093424547821518
2024-07-25,12.18,12.22,11.88,12.08,2640200.0,31787196.0,161440289.0,0.016354034153147484
2024-07-26,12.24,12.38,12.08,12.25,2179050.0,26688309.0,161440289.0,0.013497560079318243
2024-07-29,12.25,12.34,12.0,12.05,2127600.0,25762507.0,161440289.0,0.01317886639808976
2024-07-30,12.1,12.4,11.97,12.26,2478400.0,30269634.0,161440289.0,0.015351806016650527
2024-07-31,12.2,12.68,12.02,12.6,3156010.0,39209021.0,161440289.0,0.019549085420678354
2024-08-01,12.59,12.82,12.48,12.61,2750000.0,34854840.0,161440289.0,0.017034161776060746
2024-08-02,12.48,12.82,12.39,12.65,2078200.0,26268563.0,161440289.0,0.012872870910185252
2024-08-05,12.58,12.8,12.31,12.35,3183200.0,40043972.0,161440289.0,0.01971750682383875
2024-08-06,12.42,12.6,12.39,12.55,1911200.0,23836715.0,161440289.0,0.011838432722329926
2024-08-07,12.52,12.57,12.3,12.3,1518598.0,18807023.0,161440289.0,0.009406561456291743
2024-08-08,12.3,12.39,12.08,12.32,1868240.0,22864274.0,161440289.0,0.011572328144184628
2024-08-09,12.31,12.48,12.06,12.06,2103000.0,25620957.0,161440289.0,0.01302648807820209
2024-08-12,12.1,12.39,12.0,12.21,1824028.0,22279498.0,161440289.0,0.011298468376750737
2024-08-13,12.2,12.28,12.08,12.26,1281990.0,15632068.0,161440289.0,0.007940954565560768
2024-08-14,12.22,12.38,12.03,12.08,1507400.0,18322376.0,161440289.0,0.009337198349539624
2024-08-15,12.3,12.3,11.85,11.99,2247040.0,26979717.0,161440289.0,0.013918706500828923
2024-08-16,12.0,12.11,11.92,11.95,1311590.0,15738389.0,161440289.0,0.00812430408867764
2024-08-19,11.85,12.05,11.85,11.97,1440360.0,17248247.0,161440289.0,0.008921936456642493
2024-08-20,11.88,12.05,11.61,11.65,1584228.0,18609255.0,161440289.0,0.009813089469878241
2024-08-21,11.65,12.25,11.56,11.85,3314620.0,39339797.0,161440289.0,0.02053155392951508
2024-08-22,11.87,11.92,11.65,11.78,1626050.0,19165600.0,161440289.0,0.010072145002168572
2024-08-23,11.67,11.88,11.6,11.81,1740800.0,20443131.0,161440289.0,0.010782934116278745
2024-08-26,11.82,12.2,11.78,12.17,2650252.0,31807320.0,161440289.0,0.01641629866011947
2024-08-27,11.86,12.0,11.44,11.75,4430284.0,51876828.0,161440289.0,0.02744224522541582
2024-08-28,11.74,12.14,11.67,12.13,3560896.0,42664736.0,161440289.0,0.022057046738810038
2024-08-29,12.15,12.54,12.05,12.4,3847478.0,47502609.0,161440289.0,0.023832204611576233
2024-08-30,12.39,12.54,12.24,12.45,4064042.0,50471107.0,161440289.0,0.025173654142801986
2024-09-02,12.52,12.74,12.3,12.39,3637700.0,45544144.0,161440289.0,0.022532789197373154
2024-09-03,12.35,12.8,12.26,12.7,2991550.0,37874589.0,161440289.0,0.01853038060406346
2024-09-04,12.6,12.88,12.51,12.57,2714500.0,34404248.0,161440289.0,0.016814266233133417
2024-09-05,12.48,12.74,12.48,12.69,1605700.0,20310361.0,161440289.0,0.009946092205025724
2024-09-06,12.68,12.85,12.2,12.3,2451710.0,30412702.0,161440289.0,0.01518648173381305
2024-09-09,12.3,12.32,12.0,12.2,2734350.0,33313241.0,161440289.0,0.016937221909953344
2024-09-10,12.24,12.38,12.03,12.2,1673800.0,20318543.0,161440289.0,0.010367919993007445
2024-09-11,12.12,12.31,12.02,12.07,1666200.0,20223757.0,161440289.0,0.01032084376409906
2024-09-12,12.1,12.17,11.88,11.93,1911060.0,22960473.0,161440289.0,0.011837565528639508
2024-09-13,11.91,11.98,11.7,11.7,1481660.0,17492008.0,161440289.0,0.009177758595315695
2024-09-18,11.71,11.77,11.36,11.51,2032400.0,23382723.0,161440289.0,0.012589174688605766
2024-09-19,11.53,11.89,11.47,11.8,2065190.0,24189132.0,161440289.0,0.012792283839382869
2024-09-20,11.84,11.85,11.47,11.53,1688040.0,19585848.0,161440289.0,0.010456125979804212
2024-09-23,11.43,11.65,11.38,11.45,1608800.0,18494691.0,161440289.0,0.009965294351027828
2024-09-24,11.54,11.93,11.43,11.92,2640550.0,30883846.0,161440289.0,0.016356202137373526
2024-09-25,12.08,12.32,11.99,12.03,2995080.0,36322927.0,161440289.0,0.01855224627354328
2024-09-26,11.98,12.47,11.9,12.47,3378000.0,41185628.0,161440289.0,0.020924144901648435
2024-09-27,12.8,13.27,12.63,12.97,5770090.0,74370056.0,161440289.0,0.035741326008156486
2024-09-30,13.41,14.66,13.35,14.48,9654060.0,134706782.0,161989744.0,0.05959673595138221
2024-10-08,16.61,16.99,14.58,15.65,12731161.0,199281384.0,161989744.0,0.07859238915767408
2024-10-09,15.13,15.21,14.02,14.05,8823278.0,128703292.0,161989744.0,0.054468127315516965
2024-10-10,14.21,14.85,14.12,14.15,7176208.0,103814648.0,161989744.0,0.044300384844117045
2024-10-11,14.29,14.46,13.71,13.95,5581840.0,78615983.0,161989744.0,0.034457983957305344
2024-10-14,13.95,14.63,13.71,14.49,6879257.0,98265101.0,161989744.0,0.04246723792587758
2024-10-15,14.39,14.7,14.21,14.39,5248344.0,76000440.0,161989744.0,0.03239923633683871
2024-10-16,14.14,14.38,13.93,14.1,3858300.0,54625563.0,161989744.0,0.023818174562952578
2024-10-17,14.13,14.26,13.91,13.91,3367244.0,47471537.0,161989744.0,0.020786772772478732
2024-10-18,13.93,14.41,13.87,14.24,4800432.0,67937091.0,161989744.0,0.029634172395506718
2024-10-21,14.44,14.87,14.31,14.78,6616194.0,96718699.0,161989744.0,0.04084328943689176
2024-10-22,14.92,15.85,14.92,15.74,13224395.0,205184371.0,161989744.0,0.08163723624379578
2024-10-23,16.0,16.15,15.0,15.42,14220716.0,220724779.0,161989744.0,0.08778775525443142
2024-10-24,15.58,16.37,15.58,15.98,14142606.0,226183762.0,161989744.0,0.08730556423374557
2024-10-25,16.14,16.48,15.8,16.19,10732560.0,173450446.0,161989744.0,0.06625456485689613
2024-10-28,16.45,17.08,16.25,16.67,11513760.0,192903438.0,161989744.0,0.07107709238678715
2024-10-29,16.71,16.71,15.9,16.02,10537800.0,170578575.0,161989744.0,0.06505226651879886
2024-10-30,15.85,16.14,15.77,15.99,5136369.0,81956147.0,161989744.0,0.031707988871196684
2024-10-31,16.08,16.08,15.69,15.8,4406890.0,69823753.0,161989744.0,0.02720474698694505
2024-11-01,15.8,16.16,15.47,15.48,5523997.0,87192405.0,161989744.0,0.034100905795616296
2024-11-04,15.48,15.77,15.3,15.74,4521450.0,70510184.0,161989744.0,0.027911952252977202
2024-11-05,15.77,16.06,15.46,15.94,7319919.0,116185623.0,161989744.0,0.04518754594735331
2024-11-06,15.97,16.09,15.61,15.75,7130438.0,112956207.0,161989744.0,0.044017836092141736
2024-11-07,15.6,16.45,15.56,16.25,10447300.0,169151647.0,161989744.0,0.06449358917438625
2024-11-08,16.41,16.49,15.9,16.16,8532160.0,137741848.0,161989744.0,0.05267098884976323
2024-11-11,16.03,17.0,15.9,16.78,11157640.0,184479333.0,161989744.0,0.06887868160344769
2024-11-12,16.95,17.22,16.29,16.48,9701000.0,162128160.0,161989744.0,0.05988650738283777
2024-11-13,16.5,16.83,16.15,16.36,5477660.0,89822173.0,161989744.0,0.03381485682204671
2024-11-14,16.35,16.89,16.16,16.2,6287900.0,104006213.0,161989744.0,0.03881665496057578
2024-11-15,16.18,16.58,16.08,16.08,5292830.0,86341297.0,161989744.0,0.032673858661076714
2024-11-18,16.04,16.21,15.41,15.53,5523800.0,86671852.0,161989744.0,0.03409968966924227
2024-11-19,15.6,15.84,15.5,15.81,3411046.0,53540734.0,161989744.0,0.021057172607174438
2024-11-20,15.75,15.86,15.35,15.6,6645700.0,103502303.0,161989744.0,0.04102543677086125
2024-11-21,15.5,15.72,15.4,15.5,3698616.0,57494987.0,161989744.0,0.022832408451735068
2024-11-22,15.58,15.62,14.79,14.82,4843300.0,73723791.0,161989744.0,0.029898806433078875
2024-11-25,14.88,15.09,14.72,15.05,3844650.0,57357147.0,161989744.0,0.02373390996901631
2024-11-26,15.07,15.28,14.89,14.93,2326750.0,35095635.0,161989744.0,0.014363563658696812
2024-11-27,14.83,15.14,14.47,15.11,3182950.0,46937507.0,161989744.0,0.01964908346296294
2024-11-28,15.1,15.29,15.0,15.09,2579700.0,39065469.0,161989744.0,0.015925082269405894
2024-11-29,15.09,16.0,15.03,15.74,6526361.0,101846221.0,161989744.0,0.04028872963710591
2024-12-02,15.89,16.93,15.57,16.7,11941372.0,197012517.0,161989744.0,0.07371683975252162
2024-12-03,16.55,17.59,16.3,17.25,21511841.0,368892939.0,161989744.0,0.13279754920780665
2024-12-04,16.98,17.45,16.31,16.46,15510691.0,259437471.0,161989744.0,0.09575106804292499
2024-12-05,16.46,16.47,16.06,16.25,7376900.0,119474455.0,161989744.0,0.04553930278450221
2024-12-06,16.29,16.33,15.93,16.25,6619668.0,106868550.0,161989744.0,0.040864735239040814
2024-12-09,16.25,16.38,15.94,16.12,5203550.0,83988308.0,161989744.0,0.0321227126576606
2024-12-10,16.65,17.1,16.26,16.31,7701500.0,127833954.0,161989744.0,0.04754313334799764
2024-12-11,16.4,17.37,16.32,17.21,12674478.0,215176056.0,161989744.0,0.07824247194316203
2024-12-12,17.22,17.48,16.96,17.35,11961991.0,206870780.0,161989744.0,0.07384412558859282
2024-12-13,17.36,18.16,17.01,17.9,16148053.0,285833063.0,161989744.0,0.09968565046932848
2024-12-16,17.84,19.9,17.07,17.24,22243584.0,398701678.0,161989744.0,0.1373147672855141
2024-12-17,17.24,17.39,16.31,16.33,12939348.0,215422378.0,161989744.0,0.07987757545934512
2024-12-18,16.53,16.56,16.18,16.27,7058850.0,115373796.0,161989744.0,0.04357590687963554
2024-12-19,16.19,16.98,16.02,16.82,8854700.0,146370713.0,161989744.0,0.05466210255878915
2024-12-20,16.7,17.83,16.67,17.27,10632578.0,185463397.0,161989744.0,0.06563735294254185
2024-12-23,17.21,17.39,16.64,16.74,7826678.0,132952923.0,161989744.0,0.04831588597362065
2024-12-24,16.72,17.1,16.6,17.03,5425050.0,91649034.0,161989744.0,0.03349008317464839
2024-12-25,16.92,16.99,16.23,16.75,5475450.0,90867456.0,161989744.0,0.033801213983028454
2024-12-26,16.72,16.98,16.58,16.72,4066400.0,68137597.0,161989744.0,0.025102823793585353
2024-12-27,16.67,17.73,16.62,17.51,10069770.0,173652082.0,161989744.0,0.0621630095297885
2024-12-30,17.36,18.59,17.1,18.19,14102430.0,254075524.0,161989744.0,0.08705754853220832
2024-12-31,17.99,18.33,17.65,17.73,9536000.0,171158061.0,161989799.0,0.05886790439193026
2025-01-02,17.71,18.73,17.64,17.92,17606580.0,320088545.0,161989799.0,0.10868943667249072
2025-01-03,17.4,18.73,17.11,18.16,20100671.0,361946182.0,161989799.0,0.12408602963943427
2025-01-06,18.2,18.76,17.08,17.69,17111000.0,305190134.0,161989799.0,0.10563010822675321
2025-01-07,17.39,17.95,17.16,17.95,13540018.0,238116032.0,161989799.0,0.08358562133903259
2025-01-08,17.64,18.47,16.99,17.9,17050638.0,299170321.0,161989799.0,0.10525747982439314
2025-01-09,17.66,18.19,17.56,17.62,9628760.0,171306507.0,161989799.0,0.05944053304245411
2025-01-10,17.6,18.27,17.07,17.12,13467666.0,237722378.0,161989799.0,0.08313897593020657
2025-01-13,16.88,17.12,16.35,16.54,9227879.0,153164796.0,161989799.0,0.05696580313677653
2025-01-14,16.54,17.56,16.54,17.55,9450763.0,162278980.0,161989799.0,0.05834171693737332
2025-01-15,17.75,19.36,17.75,18.33,22822259.0,424101383.0,161989799.0,0.1408870135087951
2025-01-16,18.33,18.64,18.1,18.29,13139859.0,240907415.0,161989799.0,0.08111534850413636
2025-01-17,18.4,19.8,18.15,19.34,24940890.0,477727498.0,161989799.0,0.15396580620487096
2025-01-20,19.49,19.8,19.22,19.42,15202551.0,296052571.0,161989799.0,0.09384881698630912
2025-01-21,19.41,19.41,18.66,19.24,11650542.0,221533948.0,161989799.0,0.07192145475777768
2025-01-22,18.86,18.88,17.82,18.3,17128950.0,311175654.0,161989799.0,0.10574091767346412
2025-01-23,18.6,18.72,17.96,17.98,12368130.0,225659714.0,161989799.0,0.07635128925618334
2025-01-24,18.0,18.44,17.79,18.28,10498861.0,189990522.0,161989799.0,0.06481186509775223
2025-01-27,18.42,18.97,18.15,18.47,12737155.0,237103830.0,161990211.0,0.07862916482033597
2025-02-05,18.5,18.51,17.6,18.17,10066000.0,181159351.0,161990211.0,0.06213955730942285
2025-02-06,17.94,18.25,17.78,18.17,11859330.0,213443841.0,161990211.0,0.07321016453271982
2025-02-07,18.09,18.41,17.71,18.12,14337204.0,259544732.0,161990211.0,0.08850660735295912
2025-02-10,18.06,18.2,17.8,18.09,10653440.0,191512380.0,161990211.0,0.06576594927702144
2025-02-11,18.09,18.65,17.95,18.23,13816270.0,253046431.0,161990211.0,0.08529077105776472
2025-02-12,18.1,18.1,17.51,17.98,10999820.0,195537624.0,161990211.0,0.06790422663255868
2025-02-13,17.89,17.97,17.32,17.37,11777170.0,206690737.0,161990211.0,0.07270297339139832
2025-02-14,17.26,17.65,17.2,17.64,7522728.0,131710181.0,161990211.0,0.04643939873626068
2025-02-17,17.56,17.78,17.28,17.65,6839200.0,120233239.0,161990211.0,0.04221983512324705
2025-02-18,17.59,17.69,16.85,16.93,8600280.0,147905433.0,161990211.0,0.05309135624250776
2025-02-19,16.88,17.19,16.73,17.14,7458200.0,125994142.0,161990211.0,0.04604105367823738
2025-02-20,17.06,17.47,16.84,17.3,6457220.0,111102586.0,161990211.0,0.0398617914017039
2025-02-21,17.11,17.34,16.9,17.08,6870218.0,117432199.0,161990211.0,0.04241131582944849
2025-02-24,17.1,17.38,16.9,17.36,8140240.0,139879221.0,161990211.0,0.05025143155100897
2025-02-25,17.21,17.29,16.88,16.93,5152248.0,87706646.0,161990211.0,0.031805921902280876
2025-02-26,16.94,17.46,16.94,17.22,6421081.0,110746502.0,161990211.0,0.03963869767414526
2025-02-27,17.09,17.72,17.08,17.7,11046909.0,193592068.0,161990211.0,0.06819491703730171
2025-02-28,17.58,17.58,16.67,16.7,10310250.0,175394915.0,161990211.0,0.06364736446944932
2025-03-03,16.7,17.15,16.55,16.72,6858500.0,115668390.0,161990211.0,0.042338978125042386
2025-03-04,16.55,16.66,16.31,16.4,7062790.0,116232176.0,161990211.0,0.04360010371243976
2025-03-05,16.43,16.46,16.04,16.31,5806200.0,93891677.0,161990211.0,0.03584290658155881
2025-03-06,16.31,16.56,16.25,16.51,5414220.0,88858579.0,161990211.0,0.0334231307347331
2025-03-07,16.52,17.12,16.44,16.79,7348600.0,122924936.0,161990211.0,0.04536446958514055
2025-03-10,16.87,16.87,16.52,16.66,3482490.0,57970041.0,161990211.0,0.02149815089752553
2025-03-11,16.45,16.6,16.36,16.6,3323498.0,54775022.0,161990211.0,0.020516659491233085
2025-03-12,16.6,17.3,16.48,17.21,9038140.0,153310528.0,161990211.0,0.05579435908012985
2025-03-13,17.11,17.56,17.02,17.36,8821150.0,153044986.0,161990211.0,0.054454833693623625
2025-03-14,17.24,18.02,17.24,17.48,11883650.0,208695332.0,161990211.0,0.073360297061407
2025-03-17,17.6,17.65,17.06,17.08,8824710.0,152247014.0,161990211.0,0.05447681033022422
2025-03-18,17.13,17.45,16.94,17.38,6652960.0,114274403.0,161990211.0,0.041070136021984685
2025-03-19,17.28,17.36,17.1,17.18,3980300.0,68420810.0,161990211.0,0.02457123782621655
2025-03-20,17.13,17.32,17.01,17.06,4127160.0,70721190.0,161990211.0,0.025477835818116194
2025-03-21,17.01,17.18,16.6,16.71,4302700.0,72527757.0,161990211.0,0.026561481545326216
2025-03-24,16.68,17.08,16.47,16.85,3827650.0,64126858.0,161990211.0,0.0236288969337783
2025-03-25,16.84,16.88,16.47,16.63,3286850.0,54710053.0,161990211.0,0.020290423598497566
2025-03-26,16.59,16.92,16.52,16.64,3424100.0,57281421.0,161990211.0,0.021137697018000674
2025-03-27,16.57,17.16,16.51,16.89,5266500.0,88898514.0,161990211.0,0.032511223780059155
2025-03-28,16.93,17.54,16.77,17.3,9762900.0,168052499.0,161990211.0,0.06026845659210852
2025-03-31,17.24,17.26,16.62,17.06,5817250.0,98588235.0,161990261.0,0.03591110949565048
2025-04-01,17.01,17.87,17.01,17.69,11207750.0,197569191.0,161990261.0,0.0691878013580088
2025-04-02,17.75,17.87,17.44,17.55,5504650.0,97076190.0,161990261.0,0.03398136385495422
2025-04-03,16.7,16.7,15.15,15.42,20720995.0,325765732.0,161990261.0,0.1279150664495812
2025-04-07,14.0,14.51,12.5,12.85,15721135.0,212957124.0,161990261.0,0.09704987758492468
2025-04-08,13.12,13.52,12.81,13.52,13830050.0,182166774.0,161990261.0,0.0853758115742526
2025-04-09,13.21,13.55,12.3,13.31,13804810.0,180310382.0,161990261.0,0.08521999973813241
2025-04-10,14.58,15.13,14.22,14.27,17662800.0,258871574.0,161990261.0,0.10903618458889945
2025-04-11,14.1,14.26,13.91,14.01,10015600.0,140931304.0,161990261.0,0.06182840831400352
2025-04-14,14.27,14.8,14.17,14.3,8101300.0,117061796.0,161990261.0,0.05001103121872246
2025-04-15,14.39,14.79,14.11,14.62,8744830.0,126876969.0,161990261.0,0.05398367745083144
2025-04-16,14.45,14.54,13.86,14.26,6305432.0,89604872.0,161990261.0,0.038924759803924264
2025-04-17,14.27,14.96,14.12,14.86,10053379.0,147293106.0,161990261.0,0.06206162603812337
2025-04-18,14.8,15.24,14.7,15.01,10863949.0,162781952.0,161990261.0,0.06706544537266966
2025-04-21,13.59,14.38,13.4,14.23,14834760.0,208295645.0,161990261.0,0.09157809801911486
2025-04-22,14.5,14.5,13.84,14.01,8670001.0,121597457.0,161990261.0,0.05352174227313579
2025-04-23,14.25,14.62,14.17,14.35,10105299.0,145071904.0,161990261.0,0.062382139133660634
2025-04-24,14.29,15.72,14.2,15.05,19820289.0,300877639.0,161990261.0,0.1223548186023356
2025-04-25,14.88,15.33,14.61,14.62,11328070.0,168083210.0,161990261.0,0.06993056206014756
2025-04-28,14.63,14.73,14.09,14.12,7100729.0,101213125.0,161990261.0,0.04383429569262809
2025-04-29,14.07,15.5,14.06,15.07,15318110.0,228407302.0,161990261.0,0.09456191937365914
2025-04-30,15.0,15.35,14.92,14.96,9682220.0,146251711.0,161990261.0,0.05977038335656487
2025-05-06,15.15,15.5,14.88,15.31,9452111.0,143468098.0,161990261.0,0.05834987203335638
2025-05-07,15.44,16.07,15.11,15.25,10742350.0,166496970.0,161990261.0,0.0663147891341443
2025-05-08,15.11,15.28,15.07,15.13,6620970.0,100360173.0,161990261.0,0.0408726423374304
2025-05-09,15.13,15.43,15.07,15.1,7407420.0,112775748.0,161990261.0,0.04572756383175406
2025-05-12,15.45,15.71,15.26,15.44,7458700.0,115177944.0,161990261.0,0.04604412607249272
2025-05-13,15.85,16.12,15.46,16.02,14795520.0,234287761.0,161990261.0,0.09133586123427506
2025-05-14,15.95,17.1,15.71,16.83,20267150.0,335910650.0,161990261.0,0.12511338567446348
2025-05-15,16.66,17.2,16.43,16.78,14200950.0,238964760.0,161990261.0,0.08766545539425978
2025-05-16,16.61,17.61,16.34,17.08,18244136.0,312525930.0,161990261.0,0.11262489415953222
2025-05-19,17.01,18.78,16.34,17.99,26358348.0,462443009.0,161990261.0,0.16271563387381666
2025-05-20,17.8,21.09,17.5,19.26,42867107.0,826788531.0,161990261.0,0.2646276803023362
2025-05-21,19.01,19.1,18.0,18.19,28271090.0,523218294.0,161990261.0,0.17452339310694734
2025-05-22,18.23,19.27,17.85,17.92,21928055.0,406263762.0,161990261.0,0.13536650206397285
2025-05-23,18.07,18.22,17.49,17.54,15774995.0,280734834.0,161990261.0,0.09738236670907024
2025-05-26,17.48,17.89,17.31,17.78,11277814.0,199056724.0,161990261.0,0.06962032118708668
2025-05-27,17.78,17.97,17.4,17.52,10725500.0,188913734.0,161990261.0,0.06621077053514964
2025-05-28,17.41,17.61,17.1,17.25,8717100.0,150389726.0,161990261.0,0.053812494320260404
2025-05-29,17.13,17.43,17.11,17.17,6487200.0,111813127.0,161990261.0,0.04004685195241459
2025-05-30,17.19,17.41,16.83,16.95,6938850.0,118309733.0,161990261.0,0.0428349825302152
2025-06-03,16.83,17.66,16.75,17.4,10866430.0,188951742.0,161990261.0,0.06708076110822489
2025-06-04,17.2,18.16,17.04,17.93,18162400.0,320436926.0,161990261.0,0.1121203206160647
2025-06-05,17.76,18.44,17.6,17.65,14015400.0,251169193.0,161990261.0,0.08652001616319391
2025-06-06,17.53,17.63,16.66,16.81,12064800.0,204067582.0,161990261.0,0.07447855152230418
2025-06-09,16.66,17.05,16.66,16.82,7905400.0,133205234.0,161990261.0,0.048801699257710315
2025-06-10,16.79,17.46,16.67,16.96,15521600.0,264373964.0,161990261.0,0.09581810600329856
2025-06-11,16.9,17.46,16.9,17.02,9840409.0,168919328.0,161990261.0,0.06074691737177953
2025-06-12,17.01,17.95,16.83,17.71,16404901.0,288152755.0,161990261.0,0.1012709091196538
2025-06-13,17.58,17.67,17.0,17.32,10283950.0,178543934.0,161990261.0,0.06348498938463962
2025-06-16,17.16,17.25,16.61,16.82,8723750.0,147040384.0,161990261.0,0.05385354617090221
2025-06-17,16.82,16.99,16.23,16.38,10026606.0,165532047.0,161990261.0,0.06189635067011837
2025-06-18,16.27,16.42,15.99,16.19,5520530.0,89116533.0,161990261.0,0.034079394439644736
2025-06-19,16.22,16.25,15.63,15.67,7253950.0,114949876.0,161990261.0,0.04478016119746853
2025-06-20,15.63,15.79,15.55,15.59,3236109.0,50718734.0,161990261.0,0.01997718245543169
2025-06-23,15.43,15.9,15.31,15.87,4745530.0,74444981.0,161990261.0,0.029295156206952465
2025-06-24,15.9,16.75,15.88,16.34,7442300.0,122474392.0,161990261.0,0.045942885418278324
2025-06-25,16.32,16.64,16.14,16.26,6229160.0,101535494.0,161990261.0,0.038453916683299866
2025-06-26,16.23,16.23,15.85,15.87,5775800.0,92320394.0,161990261.0,0.03565522991533423
2025-06-27,15.87,16.2,15.79,16.14,5095900.0,81774128.0,161990261.0,0.031458064012872974
2025-06-30,16.22,16.39,16.02,16.32,4124250.0,66895209.0,161992309.0,0.025459542032949232
2025-07-01,16.31,17.2,16.25,17.0,14115854.0,237166582.0,161992309.0,0.08713903818730061
2025-07-02,16.88,16.97,16.39,16.52,7119330.0,118624617.0,161992309.0,0.04394856795330944
2025-07-03,16.46,16.8,16.31,16.53,4885900.0,80813367.0,161992309.0,0.03016130846063809
2025-07-04,16.52,16.52,16.1,16.23,5347400.0,86797243.0,161992309.0,0.03301020914517615
2025-07-07,16.08,16.39,16.08,16.16,2824359.0,45736914.0,161992309.0,0.017435142553588762
2025-07-08,16.27,16.27,16.01,16.17,4064600.0,65628231.0,161992309.0,0.025091314674698537
2025-07-09,16.21,16.37,16.08,16.12,4214800.0,68388161.0,161992309.0,0.026018519187846135
2025-07-10,16.12,16.19,15.69,15.98,6008950.0,95548943.0,161992309.0,0.037094045001852524
2025-07-11,15.92,16.06,15.85,15.98,4239600.0,67602789.0,161992309.0,0.026171612875769305
2025-07-14,15.93,16.1,15.85,16.08,3424100.0,54855150.0,161992309.0,0.021137423258779528
2025-07-15,16.07,16.07,15.58,15.74,4842700.0,76300817.0,161992309.0,0.02989462913328805
2025-07-16,15.8,16.01,15.73,15.85,4031609.0,64198361.0,161992309.0,0.024887656857832677
2025-07-17,15.83,16.0,15.6,15.78,4898300.0,77146629.0,161992309.0,0.030237855304599676
2025-07-18,15.77,15.88,15.58,15.64,4296456.0,67281731.0,161992309.0,0.026522592501598333
2025-07-21,15.62,15.97,15.55,15.96,5864760.0,92986354.0,161992309.0,0.03620394101549599
2025-07-22,15.96,16.1,15.85,15.95,4605370.0,73615203.0,161992309.0,0.028429559578658763
2025-07-23,16.0,16.05,15.8,15.84,4090950.0,65137663.0,161992309.0,0.025253976718116907
2025-07-24,15.8,15.92,15.75,15.88,2913000.0,46187083.0,161992309.0,0.01798233519839513
2025-07-25,15.88,16.45,15.82,16.0,7950020.0,128156585.0,161992309.0,0.04907652745415216
2025-07-28,15.97,16.06,15.87,15.95,4376970.0,69731119.0,161992309.0,0.02701961609794697
2025-07-29,16.02,16.02,15.54,15.74,6070371.0,95145841.0,161992309.0,0.03747320497789806
2025-07-30,15.65,15.85,15.62,15.75,4101750.0,64584207.0,161992309.0,0.025320646549954418
2025-07-31,15.71,15.76,15.36,15.42,5357650.0,82989196.0,161992309.0,0.033073483754096
2025-08-01,15.44,15.56,15.37,15.44,3390000.0,52330836.0,161992309.0,0.020926919437885164
2025-08-04,15.4,15.8,15.28,15.75,5160700.0,80948783.0,161992309.0,0.03185768529294807
2025-08-05,15.75,15.84,15.63,15.79,3407700.0,53570713.0,161992309.0,0.02103618388450775
2025-08-06,15.78,15.83,15.48,15.79,3853199.0,60349182.0,161992309.0,0.02378630827467247
2025-08-07,15.74,16.36,15.72,16.03,11255600.0,181579925.0,161992309.0,0.06948231103984079
2025-08-08,16.03,16.12,15.86,15.95,4850690.0,77333974.0,161992309.0,0.029943952462582652
2025-08-11,16.03,16.05,15.86,15.97,4719272.0,75151864.0,161992309.0,0.02913269172550655
2025-08-12,16.02,16.32,15.98,16.07,7577300.0,122449057.0,161992309.0,0.04677567747984875
2025-08-13,16.07,16.12,15.83,16.02,6496630.0,103505347.0,161992309.0,0.04010455829727077
2025-08-14,16.02,16.11,15.79,15.8,5850090.0,93288896.0,161992309.0,0.03611338116058337
2025-08-15,15.89,15.99,15.76,15.91,3773150.0,59975713.0,161992309.0,0.023292155184972393
2025-08-18,15.96,16.95,15.96,16.76,16323820.0,268820573.0,161992309.0,0.10076910503201729
2025-08-19,16.77,17.27,16.66,17.0,13223420.0,225321790.0,161992309.0,0.08162992478858981
2025-08-20,16.92,17.27,16.8,17.08,8529700.0,144996121.0,161992309.0,0.052654968946704746
2025-08-21,17.07,17.25,16.85,17.12,8457950.0,144380541.0,161992309.0,0.05221204668426573
2025-08-22,17.1,17.13,16.69,16.76,8526900.0,143268059.0,161992309.0,0.052637684175487615
2025-08-25,17.0,17.5,16.71,17.44,14742925.0,254701292.0,161992309.0,0.09101003060583573
2025-08-26,17.3,17.97,17.21,17.8,14017280.0,248525272.0,161992309.0,0.08653052781660146
2025-08-27,17.81,18.08,17.51,17.68,12205060.0,216712066.0,161992309.0,0.07534345349691879
2025-08-28,17.75,18.68,17.62,18.4,16990340.0,309846267.0,161992309.0,0.10488362135760408
2025-08-29,18.25,18.65,18.23,18.26,9506524.0,174850601.0,161992309.0,0.05868503300363476
2025-09-01,18.17,18.67,18.02,18.28,10681742.0,196129575.0,161992309.0,0.06593980952515469
2025-09-02,18.22,18.33,17.73,17.92,10426400.0,186913855.0,161992309.0,0.06436354950653861
2025-09-03,17.91,18.0,17.32,17.39,7522559.0,132391038.0,161992309.0,0.046437754029421234
2025-09-04,17.39,18.86,17.39,18.35,22881210.0,418527486.0,161992309.0,0.14124874286469982
2025-09-05,18.52,18.57,17.72,18.4,11945928.0,216530919.0,161992309.0,0.07374379730583382
2025-09-08,18.5,19.33,18.5,19.09,17359540.0,330512099.0,161992309.0,0.10716274190523453
2025-09-09,19.02,19.65,18.8,18.97,12388660.0,237151563.0,161992309.0,0.07647684063815648
2025-09-10,18.96,19.2,18.68,19.04,9706050.0,184092678.0,161992309.0,0.05991673345430245
2025-09-11,18.92,19.45,18.6,19.05,10465149.0,197623407.0,161992309.0,0.06460275222078599
2025-09-12,18.93,19.08,18.44,18.51,7728550.0,144002171.0,161992309.0,0.04770936378220277
2025-09-15,18.49,18.55,18.26,18.4,4915990.0,90399266.0,161992309.0,0.030347058019896487
2025-09-16,18.38,18.47,18.13,18.45,5820607.0,106485270.0,161992309.0,0.03593137869279955
2025-09-17,18.46,18.84,18.18,18.59,7967800.0,148070963.0,161992509.0,0.04918622502476334
2025-09-18,18.52,18.57,17.66,17.79,8571750.0,154645246.0,161992509.0,0.0529144838419658
2025-09-19,17.86,18.09,17.8,18.02,4090700.0,73448995.0,161992509.0,0.025252402257687115
2025-09-22,17.88,18.0,17.42,17.58,5087850.0,89378651.0,161992509.0,0.031407933807605884
2025-09-23,17.58,17.58,16.95,17.32,4408800.0,75889159.0,161992509.0,0.027216073306204548
2025-09-24,17.33,17.49,17.23,17.32,4196210.0,72747881.0,161992509.0,0.025903728671799263
2025-09-25,17.36,17.64,17.25,17.33,4932120.0,85863572.0,161992509.0,0.03044659305820123
2025-09-26,17.38,17.74,17.03,17.53,5798749.0,101223887.0,161992509.0,0.035796402165732245
2025-09-29,17.5,18.15,17.23,17.29,6648149.0,117054707.0,161992509.0,0.04103985450339558
2025-09-30,17.36,18.38,17.03,17.86,10104229.0,178786955.0,161985759.0,0.062377267374473334
2025-10-09,17.85,18.28,17.43,18.0,8741628.0,156976577.0,161985759.0,0.053965410626004476
2025-10-10,17.87,19.05,17.87,18.64,13466788.0,252554095.0,161985759.0,0.0831356292252827
2025-10-13,17.96,18.44,17.8,18.33,8107500.0,147360339.0,161985759.0,0.050050696123231424
2025-10-14,18.33,19.07,17.98,18.07,9135700.0,167189009.0,161985759.0,0.05639816769324765
2025-10-15,18.17,18.88,17.88,18.8,10740476.0,198790877.0,161985759.0,0.06630506327411165
2025-10-16,18.61,19.18,18.59,18.68,7712530.0,145186261.0,161985759.0,0.047612395358779654
2025-10-17,18.59,19.08,18.21,18.68,9829700.0,183625416.0,161985759.0,0.060682494934631875
2025-10-20,18.7,18.99,18.31,18.59,7535680.0,140151703.0,161985759.0,0.04652063271808974
2025-10-21,18.59,18.69,18.01,18.57,6962200.0,127211186.0,161985759.0,0.042980321498509014
2025-10-22,18.48,18.56,17.81,17.92,5577298.0,100765432.0,161985759.0,0.03443079215377199
2025-10-23,17.85,17.85,16.93,17.35,6734900.0,116923253.0,161985759.0,0.0415771117262228
2025-10-24,17.35,18.04,17.3,17.42,5205988.0,91748045.0,161985759.0,0.03213855361198758
2025-10-27,17.6,17.78,16.97,17.09,8407990.0,145540938.0,161985759.0,0.05190573573816449
2025-10-28,16.7,17.18,16.38,17.04,7117300.0,120299235.0,161985759.0,0.04393781307651866
2025-10-29,16.9,17.03,16.66,16.93,3959750.0,66754351.0,161985759.0,0.024445050135549262
2025-10-30,16.91,17.0,16.57,16.63,4000550.0,66941945.0,161985759.0,0.02469692412899087
2025-10-31,16.61,16.88,16.61,16.82,3510700.0,58926817.0,161985759.0,0.02167289286214352
2025-11-03,16.82,16.86,16.56,16.85,3798900.0,63545673.0,161985759.0,0.023452061609934488
2025-11-04,16.82,16.89,16.23,16.33,4249700.0,69971516.0,161985759.0,0.026235022302176576
2025-11-05,16.19,16.49,16.16,16.38,2579850.0,42232960.0,161985759.0,0.0159264000485376
2025-11-06,16.38,16.49,16.26,16.41,2369500.0,38810929.0,161985759.0,0.01462782910440911
2025-11-07,16.41,16.59,16.25,16.37,3759700.0,61631252.0,161985759.0,0.023210065028000392
2025-11-10,16.41,17.35,16.32,17.25,9646402.0,164316419.0,161985759.0,0.05955092632556668
2025-11-11,17.29,18.08,16.95,17.77,10795640.0,190025565.0,161985759.0,0.06664561172936197
2025-11-12,17.92,18.32,17.67,17.76,7921800.0,142100393.0,161985759.0,0.04890429905014058
2025-11-13,17.71,18.0,17.43,17.95,5834319.0,103207241.0,161985759.0,0.03601748101819247
2025-11-14,17.81,18.33,17.54,17.54,4351300.0,77318737.0,161985759.0,0.02686223793290372
2025-11-17,17.55,17.83,17.44,17.7,4170350.0,73456929.0,161985759.0,0.0257451644252258
2025-11-18,17.72,18.5,17.7,18.11,8392809.0,152726193.0,161985759.0,0.05181201762310476
2025-11-19,18.11,18.84,18.11,18.53,10419256.0,193618318.0,161985759.0,0.06432204944633435
2025-11-20,18.43,18.82,18.18,18.44,6333950.0,116974872.0,161985759.0,0.039101894136261695
2025-11-21,18.44,18.61,17.99,18.18,6078616.0,110780156.0,161985759.0,0.037525619767599445
2025-11-24,18.18,18.35,17.86,17.96,5434900.0,98473358.0,161985759.0,0.03355171487636762
2025-11-25,18.23,18.72,18.03,18.42,7460966.0,137889018.0,161985759.0,0.046059394640981986
2025-11-26,18.75,19.47,18.73,18.84,10410525.0,198665768.0,161985759.0,0.0642681496464143
2025-11-27,19.23,19.79,18.69,18.86,8369861.0,159813426.0,161985759.0,0.051670350848558234
2025-11-28,18.95,18.95,18.43,18.82,5961800.0,111351002.0,161985759.0,0.036804469953435844
2025-12-01,18.67,18.76,18.01,18.25,7302600.0,133376427.0,161985759.0,0.04508174079673263
2025-12-02,18.17,18.39,17.88,18.33,5603600.0,101630708.0,161985759.0,0.034593164452191134
2025-12-03,18.21,18.22,17.71,17.82,4736406.0,84665792.0,161985759.0,0.029239644455411665
2025-12-04,17.81,17.96,17.68,17.71,2975500.0,52971904.0,161985759.0,0.018368898712880062
2025-12-05,17.72,17.88,17.53,17.82,2862900.0,50695253.0,161985759.0,0.01767377587803876
2025-12-08,17.86,18.26,17.68,18.01,4316000.0,77838014.0,161985759.0,0.02664431754151919
2025-12-09,17.99,18.04,17.61,17.68,3186700.0,56655810.0,161985759.0,0.019672717031871918
2025-12-10,17.66,18.19,17.65,17.78,3797450.0,67994219.0,161985759.0,0.023443110205755804
2025-12-11,17.9,18.56,17.56,17.59,4067450.0,72674695.0,161985759.0,0.025109923397648802
2025-12-12,17.58,18.35,17.33,18.0,5998000.0,107624024.0,161985759.0,0.03702794638879335
2025-12-15,17.91,18.38,17.91,17.99,3449250.0,62220517.0,161985759.0,0.021293538526433054
2025-12-16,17.91,18.16,17.52,17.78,3223666.0,57352152.0,161985759.0,0.019900922277988647
2025-12-17,17.78,18.24,17.56,17.88,4522350.0,80993621.0,161985759.0,0.027918194956878896
2025-12-18,17.65,18.27,17.56,17.89,4630100.0,83410260.0,161985759.0,0.028583376888088045
2025-12-19,17.9,18.78,17.78,18.77,10556162.0,195492889.0,161985759.0,0.06516722250873917
2025-12-22,18.8,19.14,18.76,19.0,7877820.0,149320113.0,161985759.0,0.04863279370132778
2025-12-23,19.0,19.1,18.55,18.66,4417960.0,82607050.0,161985759.0,0.027273755589835524
2025-12-24,18.52,18.76,18.33,18.4,4041600.0,74464877.0,161985759.0,0.024950341467980527
2025-12-25,18.31,18.97,18.31,18.73,5895420.0,110062909.0,161985759.0,0.03639468084351786
2025-12-26,18.73,18.74,18.14,18.21,6543720.0,119902910.0,161985759.0,0.04039688451871871
2025-12-29,18.22,18.5,18.15,18.39,5023700.0,92297907.0,161985759.0,0.031013220118936504
2025-12-30,18.36,18.47,17.86,17.88,5354740.0,96755022.0,161985759.0,0.03305685655984116
2025-12-31,18.03,18.24,17.78,17.93,2874100.0,51629655.0,161958315.0,0.01774592431391991
2026-01-05,17.93,18.31,17.8,18.25,4667770.0,84170448.0,161958315.0,0.028820811083395133
2026-01-06,18.24,18.83,18.2,18.53,6305500.0,116797495.0,161958315.0,0.03893285750719251
2026-01-07,18.5,18.63,18.25,18.42,4884500.0,89953997.0,161958315.0,0.03015899492409513
2026-01-08,18.4,18.87,18.32,18.69,6201750.0,115992666.0,161958315.0,0.03829226057334568
2026-01-09,18.68,18.91,18.46,18.81,7411350.0,138555796.0,161958315.0,0.04576084901846503
2026-01-12,18.86,18.91,18.26,18.89,10442448.0,193741984.0,161958315.0,0.06447614622318094
2026-01-13,18.87,18.89,18.3,18.34,7151770.0,133144042.0,161958315.0,0.04415809092605094
2026-01-14,18.32,19.33,18.31,19.15,14711015.0,278395670.0,161958315.0,0.09083210701469696
2026-01-15,19.14,19.14,18.58,18.75,6493228.0,121638362.0,161958315.0,0.04009197057897274
2026-01-16,18.81,18.96,18.5,18.58,5308100.0,99010148.0,161958315.0,0.03277448274267363
2026-01-19,18.58,19.5,18.56,19.46,12176090.0,233784913.0,161958315.0,0.07518039441198188
2026-01-20,19.36,19.79,18.92,19.15,9084370.0,174830740.0,161958315.0,0.056090791016194505
2026-01-21,19.03,19.6,18.95,19.46,8216370.0,159181384.0,161958315.0,0.05073138727085423
2026-01-22,19.55,19.62,19.08,19.35,6229564.0,120264790.0,161958315.0,0.03846399612147113
2026-01-23,19.37,19.46,19.03,19.18,10182750.0,195288143.0,161958315.0,0.06287265954823006
2026-01-26,19.22,19.47,18.73,19.08,7343708.0,139427081.0,161958315.0,0.04534319834088173
2026-01-27,19.1,19.1,18.13,18.35,9471372.0,173979785.0,161958315.0,0.058480307108653234
2026-01-28,18.37,18.38,17.81,17.89,6388380.0,114839594.0,161958315.0,0.03944459412287662
2026-01-29,17.73,17.93,17.33,17.38,6884699.0,121327918.0,161958315.0,0.04250908019140604
2026-01-30,17.31,17.8,17.31,17.73,5531220.0,97482474.0,161958315.0,0.03415212118007031
2026-02-02,17.6,17.87,17.31,17.32,3540000.0,62204138.0,161958315.0,0.021857476104267942
2026-02-03,17.51,17.55,17.09,17.4,3862700.0,66728761.0,161958315.0,0.023849964109592028
2026-02-04,17.45,17.46,17.28,17.4,2365400.0,41082147.0,161958315.0,0.014604992648880053
2026-02-05,17.32,17.71,17.24,17.49,3529700.0,61912537.0,161958315.0,0.021793879493004112
2026-02-06,17.37,17.63,17.28,17.51,2399490.0,42011011.0,161958315.0,0.014815478908878497
2026-02-09,17.6,17.6,17.37,17.54,3037900.0,53188891.0,161958315.0,0.018757295665863156
2026-02-10,17.58,17.88,17.48,17.83,3379842.0,59906056.0,161958315.0,0.020868592020113323
2026-02-11,17.79,17.82,17.65,17.7,2222516.0,39358578.0,161958315.0,0.01372276563880033
2026-02-12,17.71,17.71,17.43,17.46,2578013.0,45200425.0,161958315.0,0.01591775636835935
2026-02-13,17.5,17.6,17.31,17.33,1847048.0,32215012.0,161958315.0,0.011404465402100534
2026-02-24,17.4,17.57,17.33,17.5,1623900.0,28330177.0,161958315.0,0.010026654080712065
2026-02-25,17.53,17.66,17.44,17.66,2864040.0,50277004.0,161958315.0,0.017683809565442812
2026-02-26,17.7,17.75,17.36,17.4,3728000.0,65083257.0,161958315.0,0.023018268620539798
2026-02-27,17.48,17.5,17.34,17.37,1925377.0,33520773.0,161958315.0,0.01188810219469127
2026-03-02,17.23,17.25,16.59,16.66,6181480.0,103852556.0,161958315.0,0.03816710491214977
2026-03-03,16.78,16.89,16.28,16.36,5540246.0,91550252.0,161958315.0,0.034207851569707924
2026-03-04,16.28,16.36,16.1,16.31,2601627.0,42279384.0,161958315.0,0.01606355931771703
2026-03-05,16.4,16.88,16.29,16.44,2844450.0,46938127.0,161958315.0,0.01756285251547597
2026-03-06,16.42,16.9,16.29,16.82,2603650.0,43431272.0,161958315.0,0.01607605018612351
2026-03-09,16.64,16.7,16.27,16.59,3134840.0,51710821.0,161958315.0,0.01935584474313653
2026-03-10,16.7,16.85,16.62,16.81,1963360.0,32951059.0,161958315.0,0.012122625503976131
2026-03-11,16.8,16.88,16.51,16.56,2748690.0,45738995.0,161958315.0,0.016971589263570692
2026-03-12,16.58,16.65,16.39,16.56,1606522.0,26532712.0,161958315.0,0.009919354866096254
2026-03-13,16.56,16.73,16.45,16.54,1813100.0,30073470.0,161958315.0,0.011194855910917572
2026-03-16,16.54,16.68,16.36,16.5,1946500.0,32090176.0,161958315.0,0.012018524643208347
2026-03-17,16.52,16.57,16.35,16.49,2161000.0,35603261.0,161958315.0,0.01334293950884831
2026-03-18,16.51,16.61,16.33,16.6,1827450.0,30157446.0,161958315.0,0.011283458956707472
2026-03-19,16.5,16.58,16.35,16.42,2017600.0,33204907.0,161958315.0,0.012457526493777118
2026-03-20,16.41,16.48,15.34,15.38,5707000.0,90629412.0,160433430.0,0.03557238662789919
2026-03-23,15.15,15.23,14.17,14.26,6142330.0,89767225.0,160433430.0,0.03828584852919993
2026-03-24,14.61,14.7,14.32,14.66,3012680.0,43796309.0,160433430.0,0.018778380540763855
2026-03-25,14.71,14.94,14.65,14.85,2660900.0,39436555.0,160433430.0,0.01658569538780041
2026-03-26,14.81,15.09,14.52,14.62,1935130.0,28579331.0,160433430.0,0.012061887600358603
2026-03-27,14.47,15.28,14.4,14.93,2922500.0,43700959.0,160433430.0,0.018216278240763162
2026-03-30,14.81,14.98,14.56,14.64,3082146.0,45247421.0,160433430.0,0.019211370099112137
2026-03-31,14.64,14.79,14.41,14.41,2245000.0,32721102.0,160433430.0,0.013993342908644414
2026-04-01,14.69,15.04,14.67,14.96,4077900.0,60587823.0,160433430.0,0.025418019174681984
2026-04-02,14.98,15.28,14.77,15.1,3839700.0,57672673.0,160433430.0,0.023933291209942965
2026-04-03,15.16,15.16,14.78,14.86,2247900.0,33469848.0,160433430.0,0.014011418941800347
2026-04-07,14.91,15.15,14.78,15.04,1820700.0,27340354.0,160433430.0,0.011348632264485027
2026-04-08,15.29,15.35,15.15,15.35,2561250.0,39119968.0,160433430.0,0.015964565489873277
2026-04-09,15.3,15.36,14.99,15.03,1958600.0,29573331.0,160433430.0,0.012208178806624032
2026-04-10,15.3,15.64,15.15,15.49,3497960.0,53925265.0,160433430.0,0.021803186530388336
2026-04-13,15.44,15.83,15.19,15.78,3280958.0,50931554.0,160433430.0,0.0204505881349043
2026-04-14,15.85,16.05,15.6,15.88,2651600.0,41966428.0,160433430.0,0.0165277274194038
2026-04-15,15.9,16.54,15.83,16.18,5516300.0,89602651.0,160433430.0,0.03438373162002458
2026-04-16,16.17,16.33,16.04,16.25,3035583.0,49328397.0,160433430.0,0.018921137570891554
2026-04-17,16.2,16.26,15.95,16.18,3137260.0,50588713.0,160433430.0,0.019554901992683196
2026-04-20,16.18,16.37,16.03,16.16,3020003.0,48842119.0,160433430.0,0.018824025641040024
2026-04-21,16.11,16.42,16.01,16.39,2548520.0,41412607.0,160433430.0,0.015885217937433613
2026-04-22,16.3,16.39,16.24,16.29,2118130.0,34534345.0,160433430.0,0.013202547623646768
2026-04-23,15.37,16.12,15.02,15.81,9405741.0,147299722.0,160433430.0,0.05862706419728108
2026-04-24,15.7,15.75,15.13,15.21,6213500.0,95361333.0,160433430.0,0.038729459315306046
2026-04-27,15.15,15.37,14.9,15.33,4803160.0,72893206.0,160433430.0,0.029938648073534302
2026-04-28,15.33,15.83,15.23,15.67,4464930.0,69720959.0,160433430.0,0.02783042162721323
2026-04-29,15.65,16.27,15.52,16.15,4032899.0,64530972.0,160433430.0,0.02513752277190608
2026-04-30,16.1,16.3,15.96,16.12,2389450.0,38520058.0,160433430.0,0.0148937163532563
2026-05-06,16.27,16.28,15.97,16.04,3211800.0,51658649.0,160433430.0,0.020019518375939478
2026-05-07,16.14,16.18,15.8,15.85,3346460.0,53399386.0,160433430.0,0.020858869625862888
2026-05-08,15.89,16.44,15.67,16.42,6106330.0,98596470.0,160433430.0,0.03806145639347111
2026-05-11,16.47,16.47,16.04,16.11,3810150.0,61556615.0,160433430.0,0.023749102665198894
2026-05-12,16.18,16.2,15.61,15.84,3029970.0,47978260.0,160433430.0,0.0188861510970625
2026-05-13,15.85,16.5,15.68,16.3,5699410.0,92094842.0,160433430.0,0.03552507728594969
2026-05-14,16.25,16.29,15.74,15.77,3966130.0,63359869.0,160433430.0,0.024721343924392816
2026-05-15,15.86,16.25,15.55,15.7,3560840.0,56329253.0,160433430.0,0.022195124794128007
2026-05-18,15.7,15.74,15.22,15.52,2653650.0,40801837.0,160433430.0,0.01654050530491058
2026-05-19,15.51,15.61,14.92,15.13,3331101.0,50528797.0,160433430.0,0.020763135214400142
2026-05-20,15.15,15.22,14.9,14.97,2526098.0,37929859.0,160433430.0,0.015745459035563847
2026-05-21,14.97,15.31,14.63,14.7,3584300.0,53676163.0,160433430.0,0.02234135366924462
2026-05-22,14.74,15.13,14.67,14.99,2318130.0,34593849.0,160433430.0,0.014449170599917984
2026-05-25,15.13,15.86,15.01,15.8,5705450.0,87628297.0,160433430.0,0.035562725299833085
2026-05-26,15.61,16.39,15.61,16.27,6771611.0,108653414.0,160433430.0,0.04220822929485457
2026-05-27,16.25,16.33,15.65,15.76,4566200.0,72882416.0,160433430.0,0.028461649171248164
2026-05-28,15.66,15.8,15.29,15.41,3989158.0,61836949.0,160433430.0,0.024864880093880683
2026-05-29,15.39,15.52,14.91,15.22,3822349.0,58110970.0,160433430.0,0.023825140433636555
2026-06-01,15.03,15.77,15.03,15.7,3862150.0,59889333.0,160433430.0,0.02407322463902941
2026-06-02,15.42,15.49,15.06,15.36,3056550.0,46741692.0,160433430.0,0.019051827290608947
2026-06-03,15.42,15.8,15.13,15.72,4293600.0,66947272.0,160433430.0,0.026762502054590492
2026-06-04,15.6,15.81,13.7,13.86,9347450.0,135161471.0,160433430.0,0.05826372969773195
2026-06-05,13.86,14.4,13.6,14.12,5461910.0,76760001.0,160433430.0,0.03404471250162762
2026-06-08,13.93,14.08,13.29,13.36,4339190.0,59129652.0,160433430.0,0.027046669762031517
2026-06-09,13.38,13.56,13.09,13.29,2498400.0,33113723.0,160433430.0,0.015572814219580046
2026-06-10,13.2,13.37,12.78,13.0,3032750.0,39358262.0,160433430.0,0.01890347915643267
2026-06-11,13.09,13.35,12.89,13.32,2508150.0,33046437.0,160433430.0,0.01563358708967327
2026-06-12,13.31,13.89,13.2,13.66,2797080.0,38022671.0,160433430.0,0.017434520972343482
2026-06-15,13.9,14.6,13.51,13.66,3501880.0,48877400.0,160433430.0,0.02182762034072325
2026-06-16,13.72,14.0,13.28,13.79,3572650.0,48762128.0,160433430.0,0.022268737880876823
2026-06-17,13.83,13.97,13.27,13.32,2761400.0,37232569.0,160433430.0,0.0172121234333767
2026-06-18,13.17,13.4,12.72,12.8,3367450.0,43508816.0,160433430.0,0.020989702707222554
2026-06-22,12.73,12.81,12.17,12.42,3449840.0,42591416.0,160433430.0,0.02150324904229748
2026-06-23,12.36,12.9,12.28,12.64,3399300.0,42944011.0,160433430.0,0.021188227416193743
2026-06-24,12.64,12.65,12.0,12.07,3293700.0,40221175.0,160433430.0,0.02053001048472254
2026-06-25,12.01,12.53,11.72,12.31,4336440.0,52665962.0,160433430.0,0.027029528696107787
2026-06-26,12.29,12.44,11.91,12.22,3095950.0,37827075.0,160433430.0,0.019297412016934377
2026-06-29,12.17,13.44,11.94,13.26,6715500.0,85486512.0,160433430.0,0.0418584829857468
2026-06-30,13.18,14.21,13.03,13.45,5862400.0,78991664.0,160461274.0,0.03653467191093098
2026-07-01,13.58,14.46,13.43,14.1,5610924.0,78618742.0,160461274.0,0.03496746510936963
2026-07-02,14.06,14.27,13.52,13.66,5234200.0,72590194.0,160461274.0,0.032619708603335656
2026-07-03,13.86,14.07,13.66,13.81,2504460.0,34650374.0,160461274.0,0.015607878072811512
2026-07-06,13.86,14.19,13.63,14.13,3934250.0,54809125.0,160461274.0,0.02451837693872479
2026-07-07,14.05,14.25,13.68,13.73,2988200.0,41649866.0,160461274.0,0.01862256185252524
2026-07-08,13.84,14.12,13.42,13.44,2966020.0,40665119.0,160461274.0,0.018484335354336023
2026-07-09,13.42,13.54,13.06,13.19,3998430.0,52996486.0,160461274.0,0.024918348834747504
2026-07-10,13.12,13.62,13.06,13.37,2905600.0,38762644.0,160461274.0,0.01810779590345269
2026-07-13,13.39,13.39,12.53,12.57,3859850.0,49920711.0,160461274.0,0.024054713662562593
2026-07-14,12.51,12.6,12.24,12.55,2353650.0,29332379.0,160461274.0,0.014668025133590801
2026-07-15,12.54,13.23,12.43,12.95,3373725.0,43637889.0,160461274.0,0.021025166483471892
2026-07-16,12.8,13.06,12.69,12.8,2138042.0,27534415.0,160461274.0,0.013324348901779253
2026-07-17,12.8,13.0,12.4,12.41,2647380.0,33437832.0,160461274.0,0.016498560269439216
2026-07-20,12.32,12.95,12.01,12.2,3442980.0,43187613.0,160461274.0,0.021456765948399487
2026-07-21,12.33,12.33,11.48,11.6,5551890.0,65055991.0,160461274.0,0.0345995632566148
2026-07-22,11.64,11.66,11.41,11.5,2528301.0,29072070.0,160461274.0,0.01575645597828171
2026-07-23,11.43,11.48,11.25,11.46,2420200.0,27503859.0,160461274.0,0.01508276694849126
2026-07-24,11.38,11.47,11.02,11.04,2485600.0,27887491.0,160461274.0,0.015490341925117708
2026-07-27,11.08,11.49,11.05,11.4,2143580.0,24371959.0,160461274.0,0.013358861902093585
2026-07-28,11.31,11.69,11.31,11.62,1858770.0,21556358.0,160461274.0,0.011583916503118378
2026-07-29,11.7,12.65,11.63,12.46,5815908.0,71384086.0,160461274.0,0.03624493221959586
2026-07-30,12.33,13.2,12.25,12.8,6207470.0,80188989.0,160461274.0,0.03868515963546444
2026-07-31,12.51,12.89,12.48,12.82,3714390.0,47239095.0,160461274.0,0.023148202101399246
2026-08-03,12.7,12.88,12.51,12.76,2039700.0,25931040.0,160461274.0,0.0127114782847854
2026-08-04,12.88,13.45,12.61,12.92,4559400.0,59593544.0,160461274.0,0.02841433254481078
2026-08-05,12.97,13.55,12.9,13.27,4777000.0,63377360.0,160461274.0,0.02977042298691957
2026-08-06,13.36,13.36,13.0,13.13,3307600.0,43486512.0,160461274.0,0.020613073282716176
2026-08-07,13.14,13.37,13.02,13.25,2622400.0,34582546.0,160461274.0,0.0163428840780611
2026-08-10,13.25,14.08,13.15,13.95,5228550.0,71832851.0,160461274.0,0.03258449761529377
2026-08-11,13.95,14.06,13.63,13.68,3538390.0,48706758.0,160461274.0,0.022051364243811253
2026-08-12,13.68,13.86,13.6,13.67,1991000.0,27299511.0,160461274.0,0.012407978263964177
2026-08-13,13.67,13.85,13.38,13.4,2751400.0,37304194.0,160461274.0,0.01714681637140685
2026-08-14,13.4,13.49,13.0,13.24,2513440.0,33175286.0,160461274.0,0.015663841731681626
2026-08-17,13.28,13.4,13.02,13.34,2212900.0,29385023.0,160461274.0,0.013790866449184492
2026-08-18,13.25,13.56,13.23,13.41,2379000.0,31843907.0,160461274.0,0.014826007177283163
2026-08-19,13.37,13.4,12.83,12.86,2335590.0,30382630.0,160461274.0,0.014555474612522396
2026-08-20,12.88,13.15,12.87,13.02,2054400.0,26721796.0,160461274.0,0.012803089174027124
2026-08-21,13.0,13.0,12.7,12.9,1925802.0,24657144.0,160461274.0,0.012001662158060642
2026-08-24,12.87,12.89,12.58,12.68,1764670.0,22387632.0,160461274.0,0.010997482171305707
2026-08-25,12.53,12.69,12.34,12.6,2530400.0,31706982.0,160461274.0,0.015769537016140107
2026-08-26,12.63,12.68,12.35,12.35,2356500.0,29400882.0,160461274.0,0.014685786428443788
2026-08-27,12.35,13.07,12.31,12.81,4654268.0,59357598.0,160461274.0,0.029005553078183838
2026-08-28,12.84,13.65,12.74,13.48,5271650.0,70122555.0,160461274.0,0.03285309824973719
2026-08-31,13.44,13.77,13.2,13.5,3877450.0,52498491.0,160461274.0,0.024164397448321395
2026-09-01,13.5,13.75,13.44,13.65,3415126.0,46570470.0,160461274.0,0.021283178893369625
2026-09-02,13.56,14.63,13.56,14.45,9708420.0,138474856.0,160461274.0,0.060503196553206975
2026-09-03,14.7,14.7,13.99,14.03,5807700.0,82683179.0,160461274.0,0.03619377969041926
2026-09-04,14.08,14.3,13.92,14.04,3414950.0,48206321.0,160461274.0,0.021282082055512037
2026-09-07,14.06,14.5,13.97,14.18,4243140.0,60240963.0,160461274.0,0.026443389699124537
2026-09-08,14.18,14.32,14.09,14.29,2695300.0,38285799.0,160461274.0,0.016797199304300674
2026-09-09,14.22,14.63,14.18,14.53,3927682.0,56707932.0,160461274.0,0.024477444944130258
2026-09-10,14.41,14.76,14.41,14.52,3145343.0,45874634.0,160461274.0,0.019601882258519273
2026-09-11,14.51,14.51,13.88,14.06,3705100.0,52145698.0,160461274.0,0.02309030651221179
2026-09-14,14.23,14.43,13.89,14.09,2678338.0,37837170.0,160461274.0,0.016691491555775633
2026-09-15,14.36,14.36,13.55,13.58,2553700.0,35209650.0,160461274.0,0.01591474339160488
2026-09-16,13.54,14.32,13.23,14.17,4330880.0,59748674.0,160461274.0,0.02699018829926528
2026-09-17,14.28,14.74,13.86,14.7,4907158.0,70706285.0,160461274.0,0.030581571974805585
2026-09-18,14.68,14.93,14.44,14.9,4709380.0,69476957.0,160461274.0,0.02934901289640764
2026-09-21,14.9,15.44,14.6,15.28,6258970.0,94472750.0,160461274.0,0.039006109349474564
2026-09-22,15.22,15.53,14.96,15.23,3855500.0,58642444.0,160461274.0,0.024027604317786982
2026-09-23,15.2,15.26,15.0,15.03,2197120.0,33161677.0,160461274.0,0.01369252496399848
2026-09-24,15.04,15.35,14.8,14.82,2602540.0,39181279.0,160461274.0,0.016219115897085547
