date,open,high,low,close,volume,amount,outstanding_share,turnover
2021-01-04,31.2,37.03,31.15,36.92,7815110.0,272557813.0,119461250.0,0.0654196235180864
2021-01-05,36.86,39.2,35.99,37.49,8115985.0,307176775.0,119461250.0,0.06793822264541849
2021-01-06,36.9,37.35,35.4,36.85,5571986.0,202375479.0,119461250.0,0.04664262260774937
2021-01-07,36.32,36.95,35.89,36.5,3104896.0,112790676.0,119461250.0,0.025990821291422952
2021-01-08,35.75,36.08,34.32,34.54,3239551.0,113197632.0,119461250.0,0.027118006885077796
2021-01-11,34.45,34.73,32.94,33.7,2817357.0,94790917.0,119461250.0,0.023583856689930835
2021-01-12,33.32,34.27,32.73,32.95,2442342.0,81335212.0,119461250.0,0.020444637905597002
2021-01-13,33.0,33.48,31.76,32.09,2264342.0,72977534.0,119461250.0,0.018954614990216494
2021-01-14,32.0,33.28,31.76,32.49,2132177.0,69331647.0,119461250.0,0.017848272975546465
2021-01-15,32.82,34.36,32.6,33.48,2175090.0,73011924.0,119461250.0,0.01820749406188199
2021-01-18,33.48,35.41,33.48,34.7,2792018.0,96896845.0,119461250.0,0.02337174606828574
2021-01-19,34.8,34.99,33.88,34.03,1611315.0,55031633.0,119461250.0,0.013488181314024423
2021-01-20,34.02,35.19,33.39,34.65,1817911.0,62286287.0,119461250.0,0.015217578922035388
2021-01-21,34.35,34.8,34.2,34.3,1700641.0,58514197.0,119461250.0,0.01423592169008779
2021-01-22,34.01,34.44,33.03,33.26,1463486.0,48973764.0,119461250.0,0.012250717282800909
2021-01-25,33.03,33.3,32.05,32.72,1510337.0,49177519.0,119461250.0,0.012642903033410416
2021-01-26,32.9,37.45,32.72,36.8,6251948.0,223705882.0,119461250.0,0.052334526886333436
2021-01-27,35.54,35.77,34.28,34.99,4363013.0,152461029.0,119461250.0,0.03652241207923071
2021-01-28,34.04,35.61,33.91,33.91,2476395.0,86162253.0,119461250.0,0.020729692682773703
2021-01-29,34.63,34.83,33.01,33.08,1935509.0,64806061.0,119461250.0,0.016201981814186608
2021-02-01,32.5,35.1,31.31,34.45,2606548.0,87812239.0,119461250.0,0.02181919241595078
2021-02-02,34.25,34.46,33.08,33.53,1572119.0,52834252.0,119461250.0,0.013160074919691532
2021-02-03,33.33,36.3,33.08,34.78,4491218.0,158049409.0,119461250.0,0.037595605269491156
2021-02-04,35.01,35.29,32.8,33.37,3021866.0,101474960.0,119461250.0,0.02529578419780473
2021-02-05,33.54,35.23,33.34,33.86,2393284.0,81897785.0,119461250.0,0.02003397754501983
2021-02-08,33.97,35.05,33.25,34.43,2374903.0,81596971.0,119461250.0,0.019880111751718655
2021-02-09,34.46,35.15,34.07,34.88,2175057.0,75684450.0,119461250.0,0.018207217821678577
2021-02-10,34.86,36.01,34.52,35.45,2305382.0,81728087.0,119461250.0,0.019298157352279504
2021-02-18,36.1,37.18,35.79,36.4,3353250.0,122539957.0,119461250.0,0.02806977157864998
2021-02-19,36.45,39.06,36.45,38.28,5283024.0,200199305.0,119461250.0,0.04422374619384947
2021-02-22,39.0,40.7,38.8,39.21,7569001.0,300665202.0,119461250.0,0.06335946593560673
2021-02-23,38.77,39.54,37.56,39.31,5038910.0,193999768.0,119461250.0,0.04218028858730342
2021-02-24,38.87,40.64,38.64,39.71,4327995.0,172896625.0,119461250.0,0.03622927936883299
2021-02-25,40.11,40.29,37.99,38.34,2497425.0,96611012.0,119461250.0,0.02090573303058523
2021-02-26,38.34,39.56,37.52,37.62,2778441.0,106709890.0,119461250.0,0.02325809415186933
2021-03-01,37.73,39.27,37.0,37.39,4587129.0,174125899.0,119461250.0,0.03839846812250834
2021-03-02,37.11,37.76,36.48,37.17,3129088.0,116112883.0,119461250.0,0.02619333047327062
2021-03-03,37.16,41.09,36.82,41.08,6845893.0,269417297.0,119461250.0,0.057306390147432745
2021-03-04,40.6,42.78,40.0,41.78,7768805.0,323061684.0,119461250.0,0.06503200828720611
2021-03-05,41.3,41.77,39.81,40.04,3233712.0,130617552.0,119461250.0,0.027069129110904165
2021-03-08,40.04,41.85,39.78,41.21,4855009.0,200417767.0,119461250.0,0.04064086890100346
2021-03-09,40.98,43.0,40.35,41.9,5318346.0,223461317.0,119461250.0,0.044519423662484695
2021-03-10,41.31,42.28,40.5,40.87,3893284.0,160416050.0,119461250.0,0.03259035042743986
2021-03-11,40.73,41.08,39.0,40.65,3064204.0,123055665.0,119461250.0,0.02565019200786866
2021-03-12,40.25,40.78,39.24,39.73,2532094.0,100242301.0,119461250.0,0.02119594429155898
2021-03-15,39.72,40.48,39.0,39.5,1862833.0,73623428.0,119461250.0,0.015593617177118104
2021-03-16,39.45,41.19,39.3,40.59,2350711.0,94562870.0,119461250.0,0.019677602569870983
2021-03-17,41.1,41.29,39.6,40.22,1989182.0,80074377.0,119461250.0,0.016651273948665363
2021-03-18,39.63,39.94,38.71,39.73,2199256.0,86628566.0,119461250.0,0.018409785599933032
2021-03-19,39.6,39.89,38.37,38.58,1886547.0,73288632.0,119461250.0,0.01579212506147391
2021-03-22,38.4,40.7,38.28,39.53,2975359.0,117679068.0,119461250.0,0.02490647804204292
2021-03-23,39.28,39.53,37.88,38.2,2092754.0,80565893.0,119461250.0,0.0175182663834507
2021-03-24,38.2,38.29,36.83,37.2,1830928.0,68371092.0,119461250.0,0.01532654312590903
2021-03-25,37.45,37.9,36.95,37.23,1175554.0,43879207.0,119461250.0,0.009840462911613598
2021-03-26,37.2,37.2,36.6,36.89,1541728.0,56756825.0,119461250.0,0.012905674434178447
2021-03-29,37.0,37.21,36.4,36.98,1396700.0,51350527.0,119461250.0,0.01169165733658404
2021-03-30,36.9,37.8,35.87,37.5,2552957.0,93470758.0,119461250.0,0.02137058669652293
2021-03-31,37.17,37.4,36.41,37.0,1573195.0,57993607.0,119761175.0,0.013136101912827759
2021-04-01,37.02,37.03,35.71,36.3,1649794.0,59707589.0,119761175.0,0.01377569984596427
2021-04-02,36.28,37.22,36.02,37.05,1476749.0,54060570.0,119761175.0,0.01233078249274024
2021-04-06,37.05,37.78,36.6,37.44,1303998.0,48470681.0,119761175.0,0.010888320025250253
2021-04-07,37.3,37.83,36.9,37.21,1123547.0,41968269.0,119761175.0,0.009381562931392414
2021-04-08,37.21,37.21,36.52,36.64,1036273.0,38104148.0,119761175.0,0.008652829266245927
2021-04-09,36.64,36.99,36.02,36.78,736598.0,27030901.0,119761175.0,0.006150557557572394
2021-04-12,37.0,38.12,35.21,35.55,2098800.0,76403809.0,119761175.0,0.0175248781585518
2021-04-13,35.33,36.45,35.15,35.56,1097300.0,39256995.0,119761175.0,0.009162401754992801
2021-04-14,35.4,35.8,34.8,34.88,1301500.0,45736374.0,119761175.0,0.010867461846462345
2021-04-15,34.8,35.08,34.2,34.82,904246.0,31287723.0,119761175.0,0.007550410222678593
2021-04-16,34.96,35.08,34.2,34.71,1115000.0,38505963.0,119761175.0,0.009310195896124099
2021-04-19,34.8,34.98,34.35,34.88,1870115.0,64862370.0,119761175.0,0.015615369505183963
2021-04-20,35.0,35.6,34.88,35.24,1389878.0,49009635.0,119761175.0,0.011605413858038717
2021-04-21,34.99,34.99,34.0,34.2,1397116.0,48025204.0,119761175.0,0.011665850806824498
2021-04-22,34.19,34.8,33.95,34.4,1650488.0,56885937.0,119761175.0,0.013781494712288853
2021-04-23,34.51,34.85,33.5,33.91,1827741.0,62096779.0,119761175.0,0.015261548661325341
2021-04-26,35.0,38.3,34.81,37.14,6067009.0,222745892.0,119761175.0,0.050659230756545263
2021-04-27,36.87,37.29,35.91,36.15,3314217.0,120225193.0,119761175.0,0.027673551132075983
2021-04-28,36.16,36.5,35.65,36.03,2196573.0,79189469.0,119761175.0,0.01834127796424843
2021-04-29,35.97,35.97,35.17,35.36,1724576.0,61192377.0,119761175.0,0.014400125917268263
2021-04-30,35.35,37.55,35.24,36.6,3134235.0,114940290.0,119761175.0,0.02617071016546055
2021-05-06,36.3,37.72,36.03,37.68,2216961.0,82872040.0,119761175.0,0.018511516774948143
2021-05-07,37.48,38.0,36.3,36.99,3017904.0,112111518.0,119761175.0,0.02519935196026592
2021-05-10,36.99,37.36,36.16,36.55,1737654.0,63656732.0,119761175.0,0.014509326582675897
2021-05-11,36.56,36.93,35.74,36.18,1675738.0,60634745.0,119761175.0,0.01399233098706655
2021-05-12,35.99,36.64,35.5,36.44,1871067.0,67301096.0,119761175.0,0.015623318658989443
2021-05-13,36.8,36.8,34.32,34.93,2379543.0,83834680.0,119761175.0,0.019869068585875182
2021-05-14,34.65,35.13,34.5,34.63,1877796.0,65079705.0,119761175.0,0.015679505482473766
2021-05-17,34.41,35.67,34.1,35.25,2501182.0,87852902.0,119761175.0,0.02088474833350625
2021-05-18,35.18,36.11,35.08,35.23,1497377.0,53154687.0,119761175.0,0.012503025291794274
2021-05-19,35.2,35.44,34.6,35.0,1332592.0,46658383.0,119761175.0,0.011127078537764847
2021-05-20,34.77,35.47,34.66,35.05,946454.0,33217659.0,119761175.0,0.007902844974592142
2021-05-21,35.4,35.68,34.7,34.85,1148215.0,40395834.0,119761175.0,0.009587539534410881
2021-05-24,34.99,35.15,34.38,34.94,1048436.0,36380747.0,119761175.0,0.008754389726052704
2021-05-25,34.95,35.1,34.5,34.93,991790.0,34558853.0,119761175.0,0.008281398374723695
2021-05-26,34.89,35.45,34.5,35.0,2388007.0,83287732.0,119761175.0,0.01993974257517096
2021-05-27,34.99,35.59,34.7,35.29,2159486.0,76056007.0,119761175.0,0.01803160331384524
2021-05-28,35.31,35.47,34.35,34.7,1896618.0,65796913.0,119761175.0,0.01583666826916152
2021-05-31,34.72,34.99,34.18,34.79,1480497.0,51411495.0,119761175.0,0.012362078110873578
2021-06-01,34.79,35.25,34.39,35.03,2175152.0,76097251.0,119761175.0,0.018162413653673656
2021-06-02,35.03,35.6,34.5,34.81,2615031.0,91968990.0,119761175.0,0.02183538195913659
2021-06-03,34.72,35.38,34.6,34.66,1653584.0,57821060.0,119761175.0,0.013807346162059616
2021-06-04,34.7,34.96,34.4,34.77,1306127.0,45280906.0,119761175.0,0.01090609707194339
2021-06-07,34.62,34.71,33.42,33.65,2051925.0,69372586.0,119761175.0,0.017133474183098154
2021-06-08,33.66,33.82,33.45,33.62,1077287.0,36184249.0,119761175.0,0.00899529417609672
2021-06-09,33.62,34.12,33.42,33.94,1094379.0,37050195.0,119761175.0,0.009138011546730399
2021-06-10,33.9,33.9,33.33,33.37,1380729.0,46215963.0,119761175.0,0.011529020151981642
2021-06-11,33.65,33.79,33.16,33.55,1177175.0,39409647.0,119761175.0,0.009829354129165817
2021-06-15,33.58,33.59,32.44,32.64,1271506.0,41503004.0,119761175.0,0.010617013401880869
2021-06-16,32.6,32.88,31.98,32.07,1245709.0,40225330.0,119761175.0,0.01040160970364561
2021-06-17,31.75,32.22,31.62,31.72,1115160.0,35538002.0,119761175.0,0.009311531888360314
2021-06-18,31.61,32.42,31.43,32.16,1297071.0,41545415.0,119761175.0,0.010830479911373614
2021-06-21,32.1,32.27,31.86,32.11,1106463.0,35468091.0,119761175.0,0.009238912360370546
2021-06-22,32.2,32.47,31.95,32.09,1466943.0,47242180.0,119761175.0,0.012248902868563205
2021-06-23,31.99,32.85,31.74,32.71,1699632.0,54899819.0,119761175.0,0.014191844727642327
2021-06-24,32.38,32.51,31.96,32.08,1449416.0,46501099.0,119761175.0,0.012102553269037315
2021-06-25,31.98,32.24,31.8,31.88,1000829.0,31998875.0,119761175.0,0.008356873586118373
2021-06-28,32.6,36.6,32.6,34.18,6418859.0,221506920.0,119761175.0,0.05359716118349707
2021-06-29,33.17,33.88,32.44,33.45,4795846.0,158414910.0,119761175.0,0.040045081388020785
2021-06-30,33.36,33.48,32.73,33.13,2168222.0,71530895.0,119761175.0,0.018104548489942588
2021-07-01,33.36,34.12,32.86,33.05,2394239.0,80037511.0,119761175.0,0.01999177947277154
2021-07-02,32.97,33.36,32.05,32.26,2375946.0,77302757.0,119761175.0,0.01983903381041477
2021-07-05,32.04,32.3,31.7,31.96,1824580.0,58225985.0,119761175.0,0.015235154464708618
2021-07-06,32.0,32.13,31.53,31.9,2052428.0,65175129.0,119761175.0,0.017137674208690754
2021-07-07,32.0,32.45,31.82,32.11,1396698.0,44817713.0,119761175.0,0.011662360527107387
2021-07-08,31.95,32.35,31.69,31.76,1534905.0,48988153.0,119761175.0,0.012816382270798529
2021-07-09,31.88,32.4,31.75,32.13,1626073.0,52220589.0,119761175.0,0.013577630646993903
2021-07-12,32.22,32.32,31.82,32.06,1559026.0,49931902.0,119761175.0,0.013017791450359435
2021-07-13,31.85,32.49,31.85,32.46,1600214.0,51622500.0,119761175.0,0.01336170925176711
2021-07-14,32.25,32.68,31.89,32.1,1674468.0,54030442.0,119761175.0,0.013981726548691594
2021-07-15,31.97,32.36,31.67,31.89,1392759.0,44497359.0,119761175.0,0.011629470068242066
2021-07-16,31.6,31.9,30.31,30.39,3632200.0,112041204.0,119761175.0,0.03032869375237843
2021-07-19,30.5,30.9,29.9,30.82,1819588.0,55349075.0,119761175.0,0.015193471506938705
2021-07-20,30.42,30.89,30.0,30.28,1513790.0,45983928.0,119761175.0,0.012640073045375516
2021-07-21,30.06,30.9,30.02,30.65,1707968.0,52081094.0,119761175.0,0.014261449923149134
2021-07-22,30.62,31.09,30.04,30.2,2925835.0,89013095.0,119761175.0,0.02443058027779036
2021-07-23,30.2,30.3,28.59,28.91,3502268.0,102479123.0,119761175.0,0.02924376785715404
2021-07-26,28.98,30.08,28.76,29.38,2888249.0,85032952.0,119761175.0,0.02411673900160048
2021-07-27,29.29,29.65,28.7,29.56,3038251.0,88580342.0,119761175.0,0.025369248422955102
2021-07-28,29.5,29.53,27.84,28.07,3185264.0,89868125.0,119761175.0,0.026596799839346933
2021-07-29,28.27,28.67,28.02,28.26,2517909.0,71256234.0,119761175.0,0.02102441797185106
2021-07-30,28.15,28.54,27.81,28.27,2213517.0,62456489.0,119761175.0,0.01848275954206361
2021-08-02,28.27,29.76,27.92,29.65,4545957.0,132085552.0,119761175.0,0.037958520363548534
2021-08-03,29.33,29.89,29.15,29.31,3316395.0,97716509.0,119761175.0,0.027691737326391463
2021-08-04,28.6,28.63,27.11,27.45,6965355.0,191530169.0,119761175.0,0.05816037626551343
2021-08-05,27.14,27.15,26.03,26.11,6151182.0,162387136.0,119761175.0,0.05136207122216361
2021-08-06,26.03,26.53,25.88,26.15,3324360.0,87015870.0,119761175.0,0.027758244689900544
2021-08-09,26.06,28.54,26.03,28.25,8840972.0,245097412.0,119761175.0,0.07382168720372023
2021-08-10,28.24,28.24,27.4,27.85,4825749.0,133793628.0,119761175.0,0.04029476998701791
2021-08-11,27.79,27.96,27.38,27.7,2913560.0,80701029.0,119761175.0,0.024328084623418234
2021-08-12,28.03,29.25,27.62,27.62,4042874.0,114081576.0,119761175.0,0.03375780172497472
2021-08-13,27.66,27.83,27.12,27.74,2799490.0,76871114.0,119761175.0,0.023375605658511617
2021-08-16,27.51,27.73,27.28,27.34,3389978.0,92948842.0,119761175.0,0.02830615180587532
2021-08-17,27.32,27.34,26.02,26.17,5882779.0,156260359.0,119761175.0,0.04912091919605832
2021-08-18,26.1,26.29,25.6,26.07,2964572.0,76930347.0,119761175.0,0.024754032348129517
2021-08-19,26.27,26.85,25.94,26.7,3475533.0,91753878.0,119761175.0,0.02902053190443397
2021-08-20,26.44,26.55,25.81,26.29,2376253.0,62055984.0,119761175.0,0.019841597245518008
2021-08-23,26.37,26.62,26.04,26.44,1502828.0,39694119.0,119761175.0,0.012548540877291826
2021-08-24,26.36,26.57,26.12,26.22,1836351.0,48247279.0,119761175.0,0.015333441743536668
2021-08-25,26.24,26.6,25.86,26.17,1804602.0,47440238.0,119761175.0,0.015068339134114208
2021-08-26,26.11,26.11,25.66,25.7,2347190.0,60543120.0,119761175.0,0.01959892260576101
2021-08-27,25.65,26.07,25.53,25.77,1787290.0,46065395.0,119761175.0,0.014923784774155732
2021-08-30,25.77,25.97,25.32,25.36,1408916.0,35901704.0,119761175.0,0.011764380234245364
2021-08-31,25.43,25.98,25.13,25.37,1769637.0,45086666.0,119761175.0,0.014776383080743822
2021-09-01,25.2,25.65,25.01,25.47,1822010.0,46188554.0,119761175.0,0.015213695089414411
2021-09-02,25.32,25.45,25.01,25.03,1789990.0,45001883.0,119761175.0,0.01494632964314186
2021-09-03,25.0,25.56,24.85,25.47,1959734.0,49520489.0,119761175.0,0.01636368380654248
2021-09-06,25.4,25.75,25.1,25.61,1620704.0,41289623.0,119761175.0,0.01353279975751741
2021-09-07,25.58,25.93,25.51,25.77,1382740.0,35516414.0,119761175.0,0.011545811904400571
2021-09-08,25.62,26.22,25.62,25.93,2176495.0,56444793.0,119761175.0,0.018173627638506384
2021-09-09,25.93,27.07,25.82,26.74,4629897.0,123410424.0,119761175.0,0.03865941529047289
2021-09-10,26.43,26.69,26.26,26.36,1962943.0,51846616.0,119761175.0,0.01639047880083007
2021-09-13,26.13,26.31,25.82,26.05,1807185.0,46992222.0,119761175.0,0.015089907058777604
2021-09-14,25.96,26.65,25.96,26.11,2199355.0,57907205.0,119761175.0,0.01836450752925562
2021-09-15,26.1,26.33,25.94,26.0,1329455.0,34648717.0,119761175.0,0.011100884739983555
2021-09-16,26.05,30.49,25.96,27.82,8670115.0,242206350.0,119761175.0,0.07239503954432645
2021-09-17,27.58,27.83,26.61,26.93,5507106.0,149260499.0,119761175.0,0.04598406787508556
2021-09-22,26.29,26.6,25.88,25.95,3083500.0,80544113.0,119761175.0,0.025747075377308214
2021-09-23,25.94,26.72,25.89,26.51,2598252.0,68219568.0,119761175.0,0.021695278123315006
2021-09-24,26.26,27.1,26.09,26.83,3579556.0,95571463.0,119761175.0,0.02988911890685775
2021-09-27,26.62,29.49,26.4,29.01,8632057.0,245435343.0,119761175.0,0.07207725709103972
2021-09-28,28.15,28.4,27.59,27.93,4382322.0,122515493.0,119761175.0,0.03659217605371691
2021-09-29,27.68,30.1,27.5,29.3,9046377.0,264447514.0,119761175.0,0.07553680898671877
2021-09-30,29.05,30.17,28.56,29.42,6350009.0,187135498.0,119761175.0,0.053022267024350755
2021-10-08,29.25,31.31,29.21,29.92,7778088.0,235158486.0,119761175.0,0.06494665737873731
2021-10-11,29.62,30.49,28.71,29.3,6005637.0,176313018.0,119761175.0,0.050146777534539055
2021-10-12,28.91,29.25,27.98,28.4,4004582.0,114203423.0,119761175.0,0.033438065383042545
2021-10-13,28.65,28.78,27.42,27.93,3360568.0,93593217.0,119761175.0,0.028060579732956028
2021-10-14,27.8,28.6,27.62,28.49,3983830.0,112096215.0,119761175.0,0.03326478719000544
2021-10-15,28.06,28.98,27.68,27.68,3977703.0,112028368.0,119761175.0,0.03321362703730988
2021-10-18,27.53,28.63,26.83,28.51,3815734.0,106515666.0,119761175.0,0.03186119374663784
2021-10-19,28.22,30.72,28.06,30.4,8160368.0,244417261.0,119761175.0,0.06813867682911427
2021-10-20,29.25,30.55,29.08,30.11,5944951.0,177754038.0,119761175.0,0.04964005237924561
2021-10-21,30.22,32.29,29.81,30.57,7359881.0,228396971.0,119761175.0,0.06145464922166971
2021-10-22,30.48,31.18,30.0,30.13,3931754.0,119328176.0,119761175.0,0.032829955116923326
2021-10-25,31.27,31.98,29.98,30.14,3722316.0,114482042.0,119761175.0,0.031081157979620692
2021-10-26,29.79,31.3,29.7,30.53,3729353.0,113941364.0,119761175.0,0.031139916588159726
2021-10-27,30.31,30.89,29.65,30.33,2901089.0,87717072.0,119761175.0,0.02422395237855674
2021-10-28,30.03,30.78,29.63,29.96,2729243.0,82330719.0,119761175.0,0.022789046617152846
2021-10-29,29.96,31.08,29.96,30.4,3293348.0,101011594.0,119761175.0,0.02749929599471615
2021-11-01,30.25,30.55,29.51,30.35,2946534.0,88593140.0,119761175.0,0.024603415923399215
2021-11-02,30.24,31.05,29.73,30.99,4133136.0,126156357.0,119761175.0,0.03451148504513253
2021-11-03,30.98,32.37,30.61,31.66,5875215.0,186225531.0,119761175.0,0.049057760163091255
2021-11-04,31.06,32.62,30.8,32.41,5612465.0,178372066.0,119761175.0,0.04686381041268174
2021-11-05,32.4,32.79,31.31,31.64,2967472.0,94583487.0,119761175.0,0.024778247207410915
2021-11-08,31.77,31.96,31.0,31.22,2125128.0,66464377.0,119761175.0,0.017744715681020998
2021-11-09,30.6,31.35,29.8,31.14,2548000.0,78160689.0,119761175.0,0.021275676361725743
2021-11-10,31.03,31.3,30.34,31.22,2097098.0,64600676.0,119761175.0,0.017510666541139062
2021-11-11,31.02,32.55,31.02,31.33,2760643.0,88022143.0,119761175.0,0.023051235093510064
2021-11-12,31.3,31.94,31.0,31.31,1899800.0,59768458.0,119761175.0,0.01586323781475925
2021-11-15,31.55,31.79,30.42,30.43,2325671.0,71585746.0,119761175.0,0.01941923999994155
2021-11-16,30.42,30.74,30.0,30.02,1705766.0,51487573.0,119761175.0,0.014243063329998223
2021-11-17,29.89,30.27,29.5,30.08,1996543.0,59737225.0,119761175.0,0.016671037170435242
2021-11-18,30.48,30.97,29.68,29.74,2371192.0,72056666.0,119761175.0,0.019799338141096228
2021-11-19,29.74,29.95,29.28,29.47,1890076.0,55763879.0,119761175.0,0.015782042886603277
2021-11-22,29.77,30.27,29.31,29.95,2228971.0,66489672.0,119761175.0,0.018611799692179038
2021-11-23,29.78,30.81,29.63,30.2,2097799.0,63592739.0,119761175.0,0.01751651985712398
2021-11-24,30.05,30.16,29.38,29.51,1644838.0,48716999.0,119761175.0,0.013734317486447507
2021-11-25,29.32,29.67,29.16,29.59,1197324.0,35232051.0,119761175.0,0.009997597301462682
2021-11-26,29.5,29.74,28.91,29.02,1425900.0,41561809.0,119761175.0,0.011906195810119598
2021-11-29,28.84,30.85,28.79,30.62,3352296.0,100658367.0,119761175.0,0.027991508934343705
2021-11-30,30.62,31.65,30.17,31.35,2811774.0,87289886.0,119761175.0,0.023478176462447032
2021-12-01,31.72,35.95,31.28,35.34,10026465.0,342918183.0,119761175.0,0.08372049622926629
2021-12-02,35.73,36.4,34.74,35.08,6057870.0,216106078.0,119761175.0,0.050582920550002956
2021-12-03,35.26,36.9,34.8,35.78,5631003.0,201302325.0,119761175.0,0.047018601813150214
2021-12-06,35.83,37.41,35.0,36.95,6721417.0,246390368.0,119761175.0,0.05612350580227691
2021-12-07,36.88,37.72,36.2,37.13,4532321.0,168001096.0,119761175.0,0.03784466042521711
2021-12-08,36.62,38.33,36.62,37.8,3325541.0,125507873.0,119761175.0,0.027768105982594108
2021-12-09,37.8,39.75,37.74,38.8,5245670.0,203890238.0,119761175.0,0.043801089960915966
2021-12-10,38.86,39.66,38.3,38.58,3898693.0,151932701.0,119761175.0,0.032553897371163903
2021-12-13,38.62,39.32,37.96,38.72,4324713.0,167468667.0,119761175.0,0.03611114369911618
2021-12-14,38.8,39.79,38.55,39.13,2825802.0,110747297.0,119761175.0,0.023595309581757193
2021-12-15,39.15,39.52,38.42,38.72,2167418.0,84328569.0,119761175.0,0.018097835128955606
2021-12-16,38.46,39.39,38.41,39.16,2111010.0,82506325.0,119761175.0,0.01762683106607797
2021-12-17,38.89,39.45,38.35,38.51,2101329.0,81429870.0,119761175.0,0.017545995185835477
2021-12-20,38.2,38.75,37.18,37.69,2902093.0,109537829.0,119761175.0,0.02423233572983899
2021-12-21,37.92,38.15,36.99,37.44,2259800.0,84493707.0,119761175.0,0.018869220346243262
2021-12-22,37.46,37.93,37.08,37.47,2246336.0,84010709.0,119761175.0,0.01875679659956576
2021-12-23,37.27,38.99,37.23,38.0,3624620.0,138149334.0,119761175.0,0.03026540112018774
2021-12-24,38.0,38.37,36.92,37.78,2449866.0,92261326.0,119761175.0,0.020456262223546153
2021-12-27,37.8,39.19,37.32,37.48,2970791.0,113574710.0,119761175.0,0.024805960696360905
2021-12-28,37.68,37.94,36.54,37.11,2501056.0,92904771.0,119761175.0,0.020883696239620227
2021-12-29,37.41,38.08,36.06,36.25,2557269.0,93481101.0,119761175.0,0.02135307206195998
2021-12-30,37.0,37.04,36.07,36.72,1996034.0,73157264.0,119761175.0,0.016666787045133784
2021-12-31,36.91,39.19,36.43,37.81,3766965.0,142940567.0,119761175.0,0.031453974963087994
2022-01-04,38.0,39.19,37.22,39.0,3966752.0,152788937.0,119761175.0,0.03312218671869243
2022-01-05,39.2,39.69,37.98,38.07,2837052.0,109647187.0,120057950.0,0.023630688346752547
2022-01-06,38.06,38.39,36.99,37.05,2049766.0,76685050.0,120057950.0,0.017073138430233066
2022-01-07,37.2,37.86,35.66,35.86,1699934.0,62149531.0,120057950.0,0.014159278914890685
2022-01-10,35.99,37.68,35.53,37.45,2349458.0,87172573.0,120057950.0,0.01956936629352742
2022-01-11,37.49,38.1,35.23,35.4,2570100.0,93920946.0,120057950.0,0.021407162124623985
2022-01-12,35.8,36.06,35.07,35.9,2481087.0,88308273.0,120057950.0,0.02066574516722966
2022-01-13,36.29,37.55,35.43,35.92,3153639.0,115175546.0,120057950.0,0.02626763991888917
2022-01-14,36.46,37.83,35.71,35.77,3151748.0,115905438.0,120057950.0,0.02625188919184444
2022-01-17,35.77,36.39,34.6,35.94,2628826.0,93004393.0,120057950.0,0.02189630924066253
2022-01-18,35.71,35.93,34.81,35.24,1404029.0,49498562.0,120057950.0,0.011694594152240646
2022-01-19,35.01,36.78,35.0,35.35,1986495.0,70923692.0,120057950.0,0.01654613459583476
2022-01-20,35.38,38.88,35.35,35.7,3102216.0,114668626.0,120057950.0,0.025839321760866316
2022-01-21,35.0,35.0,33.55,33.6,3087459.0,105180651.0,120057950.0,0.025716406118878425
2022-01-24,33.88,34.7,33.31,34.35,1765784.0,60169819.0,120057950.0,0.014707764042281248
2022-01-25,35.89,35.89,33.41,33.54,2311500.0,79922166.0,120057950.0,0.019253202307718896
2022-01-26,33.5,34.31,33.33,34.14,1521591.0,51530449.0,120057950.0,0.012673804608524467
2022-01-27,34.4,35.44,33.32,35.0,2626972.0,91029614.0,120057950.0,0.021880866698123697
2022-01-28,34.91,35.91,33.65,35.31,2994435.0,105303791.0,120057950.0,0.024941580295182453
2022-02-07,35.5,36.48,33.9,36.3,2506300.0,89079955.0,120057950.0,0.02087575208472242
2022-02-08,36.3,36.96,35.57,36.58,1917127.0,69440034.0,120057950.0,0.01596834695245088
2022-02-09,36.74,37.99,36.12,37.58,2743995.0,102470712.0,120057950.0,0.022855587655794554
2022-02-10,37.31,38.98,37.11,38.73,2564557.0,98462081.0,120057950.0,0.02136099275391592
2022-02-11,38.6,39.31,36.48,36.84,4196792.0,157697725.0,120057950.0,0.03495638564543206
2022-02-14,37.21,37.49,33.34,33.86,5009382.0,174233460.0,120057950.0,0.04172470044674259
2022-02-15,33.86,34.0,32.03,33.21,3714015.0,121741264.0,120057950.0,0.030935185883150595
2022-02-16,33.2,33.98,32.9,33.79,1958269.0,65574641.0,120057950.0,0.016311031464388656
2022-02-17,33.52,35.71,33.2,35.32,3300569.0,115006186.0,120057950.0,0.027491465579747115
2022-02-18,35.0,37.46,34.71,36.76,2643813.0,96441386.0,321789200.0,0.008215978037796173
2022-02-21,36.84,37.47,35.6,35.9,2171766.0,79048087.0,321789200.0,0.006749033218019747
2022-02-22,35.89,36.09,34.57,34.74,1134780.0,39715855.0,321789200.0,0.0035264701239196344
2022-02-23,35.33,35.55,34.11,34.31,1521318.0,52602682.0,321789200.0,0.004727685080792021
2022-02-24,34.1,34.34,33.21,33.96,1687181.0,57103417.0,321789200.0,0.0052431250023307185
2022-02-25,34.05,35.09,33.6,34.25,1496219.0,51478645.0,321789200.0,0.00464968681360344
2022-02-28,34.25,34.9,33.8,34.5,939691.0,32287225.0,321789200.0,0.002920206768903369
2022-03-01,34.79,36.51,34.03,36.4,2449163.0,86634430.0,321789200.0,0.007611078929933012
2022-03-02,36.08,38.3,35.9,37.9,3268307.0,122034316.0,321789200.0,0.01015667088889248
2022-03-03,37.8,38.35,37.5,38.11,2356872.0,89459325.0,321789200.0,0.007324273157706971
2022-03-04,37.81,38.87,37.21,38.29,1893332.0,72344587.0,321789200.0,0.005883764899505639
2022-03-07,38.29,38.76,37.71,38.4,1758175.0,67299009.0,321789200.0,0.005463747695696438
2022-03-08,38.1,38.8,37.01,37.76,2368872.0,89969841.0,321789200.0,0.007361564651641509
2022-03-09,37.73,38.08,35.1,36.19,1870088.0,68193281.0,321789200.0,0.005811531275754438
2022-03-10,36.9,36.9,34.88,34.9,1774795.0,62982393.0,321789200.0,0.005515396414795773
2022-03-11,34.79,36.28,34.11,36.19,1871200.0,66430848.0,321789200.0,0.005814986954192372
2022-03-14,36.65,37.37,35.41,35.41,1900993.0,68608021.0,321789200.0,0.005907572410758347
2022-03-15,34.51,35.41,33.01,33.02,1967752.0,67463908.0,321789200.0,0.006115034314389669
2022-03-16,33.3,33.9,32.02,33.24,3140754.0,103155921.0,321789200.0,0.009760284061739797
2022-03-17,33.24,34.58,32.84,34.28,1637766.0,55577185.0,321789200.0,0.005089561737932784
2022-03-18,33.95,35.04,33.42,34.92,1743527.0,59751584.0,321789200.0,0.005418227212100344
2022-03-21,35.06,35.64,34.61,35.06,1292640.0,45400708.0,321789200.0,0.004017039726628488
2022-03-22,35.19,35.55,34.34,34.9,1330161.0,46529302.0,321789200.0,0.004133640905288307
2022-03-23,34.64,35.39,34.52,35.1,983718.0,34472973.0,321789200.0,0.0030570261525246964
2022-03-24,34.72,35.3,34.09,34.38,1278600.0,44123741.0,321789200.0,0.003973408678725078
2022-03-25,34.12,36.1,34.01,34.77,2053268.0,72279484.0,321789200.0,0.006380785930665168
2022-03-28,35.53,35.88,34.59,34.7,1834502.0,64501678.0,321789200.0,0.005700943350491564
2022-03-29,34.7,36.87,34.2,36.19,2495177.0,89801977.0,321789200.0,0.007754073163425
2022-03-30,35.88,36.92,35.49,35.95,2229204.0,80336462.0,321789200.0,0.006927528953737416
2022-03-31,35.97,36.7,34.4,34.44,1985434.0,69594734.0,321789200.0,0.006169983330702212
2022-04-01,34.43,35.56,34.43,35.11,1490589.0,52337685.0,321789200.0,0.0046321908876991525
2022-04-06,35.0,37.14,35.0,36.02,2501786.0,90733749.0,321789200.0,0.0077746114537094475
2022-04-07,36.56,36.57,32.51,32.65,4836776.0,163787558.0,321789200.0,0.015030883572226787
2022-04-08,32.92,32.92,30.31,31.35,4145404.0,128957527.0,321789200.0,0.012882359010184308
2022-04-11,31.17,32.32,31.06,31.66,2320572.0,73907289.0,321789200.0,0.007211466388554992
2022-04-12,31.2,32.37,30.91,31.96,1684181.0,53320839.0,321789200.0,0.005233802128847084
2022-04-13,31.75,32.09,30.6,30.73,2184096.0,68268199.0,321789200.0,0.006787350228037486
2022-04-14,31.19,33.0,30.1,32.06,1878197.0,59459609.0,321789200.0,0.005836731002780702
2022-04-15,31.71,32.56,31.37,32.1,1241525.0,39898294.0,321789200.0,0.003858193500589827
2022-04-18,31.71,34.01,31.64,33.72,2021670.0,66970279.0,321789200.0,0.006282591211886539
2022-04-19,34.0,35.46,33.3,34.85,3345894.0,115661127.0,321789200.0,0.010397782150550733
2022-04-20,34.55,34.93,33.77,34.0,1891713.0,64902714.0,321789200.0,0.005878733655448971
2022-04-21,33.55,34.44,32.39,32.51,1661287.0,55121440.0,321789200.0,0.005162656173668973
2022-04-22,32.18,32.75,31.52,31.8,1830297.0,58443805.0,321789200.0,0.005687875789492003
2022-04-25,31.29,32.68,30.45,30.45,2453464.0,77341896.0,321789200.0,0.007624444822884049
2022-04-26,30.3,30.5,28.4,28.55,2682001.0,79101132.0,321789200.0,0.008334652001993853
2022-04-27,28.02,29.32,27.21,29.21,1987084.0,56199838.0,321789200.0,0.0061751109111182105
2022-04-28,28.72,29.19,27.4,27.48,1708382.0,47559718.0,321789200.0,0.0053090097492395644
2022-04-29,27.69,28.33,27.45,27.95,1821368.0,50856507.0,321789200.0,0.005660127810380212
2022-05-05,27.56,29.79,27.53,29.01,1636239.0,47510454.0,321789200.0,0.0050848163953296135
2022-05-06,28.61,29.03,28.13,28.9,973931.0,27939146.0,321789200.0,0.0030266118315965857
2022-05-09,29.1,29.98,28.52,29.93,1392500.0,41133839.0,321789200.0,0.00432736710865374
2022-05-10,29.53,30.58,29.01,30.41,1871525.0,55981722.0,321789200.0,0.005815996932153099
2022-05-11,30.27,31.16,30.0,30.53,1726888.0,52969753.0,321789200.0,0.005366519448135612
2022-05-12,30.53,31.55,30.09,30.72,1126208.0,34922859.0,321789200.0,0.0034998315667523956
2022-05-13,30.72,31.09,30.22,30.56,999797.0,30540202.0,321789200.0,0.0031069936467724834
2022-05-16,30.8,31.85,30.47,31.08,1872639.0,58590118.0,321789200.0,0.005819458825840022
2022-05-17,31.32,31.58,30.52,30.9,914782.0,28245843.0,321789200.0,0.002842798950368751
2022-05-18,30.74,31.34,30.46,30.8,1185900.0,36462204.0,321789200.0,0.0036853318880807682
2022-05-19,30.36,31.24,30.36,30.87,983399.0,30374682.0,321789200.0,0.0030560348203109364
2022-05-20,30.87,31.49,30.64,31.29,922927.0,28731395.0,321789200.0,0.0028681105518768187
2022-05-23,31.29,32.6,31.01,32.15,1533932.0,49089859.0,321789200.0,0.004766884656166211
2022-05-24,32.26,32.75,31.19,32.02,2394979.0,76820618.0,321789200.0,0.007442695404320593
2022-05-25,31.92,34.5,31.92,33.34,4358201.0,146287736.0,321789200.0,0.013543652179749973
2022-05-26,33.08,33.58,32.83,33.0,1881619.0,62300159.0,321789200.0,0.005847365293801035
2022-05-27,32.97,34.0,32.81,33.2,2026596.0,67759727.0,321789200.0,0.006297899370146668
2022-05-30,33.6,35.52,33.6,34.82,4121440.0,143267479.0,321789200.0,0.012807887896797033
2022-05-31,35.13,35.3,34.6,35.13,2526422.0,88538805.0,321789200.0,0.007851170890757054
2022-06-01,34.88,35.58,34.58,35.4,2391021.0,84342207.0,321789200.0,0.007430395426571184
2022-06-02,35.42,36.33,35.07,36.06,3443281.0,123701997.0,321789200.0,0.010700424377200975
2022-06-06,36.11,37.21,35.75,36.85,2601893.0,95547489.0,321789200.0,0.008085706418984852
2022-06-07,37.15,37.6,36.2,37.28,2284544.0,84456919.0,321789200.0,0.007099504893265529
2022-06-08,37.28,37.5,36.03,36.64,2320048.0,84945526.0,321789200.0,0.00720983799331985
2022-06-09,36.42,37.28,35.98,36.15,1987023.0,72502169.0,321789200.0,0.0061749213460240435
2022-06-10,35.88,36.54,35.16,36.2,2248734.0,81280243.0,321789200.0,0.006988220860115877
2022-06-13,36.0,37.29,36.0,36.42,1703436.0,62411726.0,321789200.0,0.005293639438489545
2022-06-14,36.22,38.45,35.79,37.55,4194065.0,157941723.0,321789200.0,0.013033579125713355
2022-06-15,37.92,40.5,37.55,39.4,5569959.0,218860662.0,321789200.0,0.017309341022010684
2022-06-16,39.76,41.89,39.08,41.33,6587448.0,268217447.0,321789200.0,0.020471314761340655
2022-06-17,40.69,41.8,40.23,41.7,2981400.0,122133048.0,321789200.0,0.009265071668036093
2022-06-20,41.9,42.49,41.14,42.28,2995119.0,125688176.0,321789200.0,0.009307705168476755
2022-06-21,42.65,43.07,41.17,41.51,3157094.0,132351804.0,321789200.0,0.00981106264598066
2022-06-22,41.49,42.93,40.5,41.2,4555784.0,189030431.0,321789200.0,0.014157665950255633
2022-06-23,42.2,42.32,40.67,41.75,2498758.0,103545907.0,321789200.0,0.007765201566739965
2022-06-24,41.76,42.2,41.06,41.59,1767448.0,73321871.0,321789200.0,0.005492564697634352
2022-06-27,41.55,42.66,41.21,42.2,2525205.0,106199448.0,321789200.0,0.007847388911747194
2022-06-28,42.0,44.55,41.7,42.29,4882032.0,211256075.0,321789200.0,0.01517152222635191
2022-06-29,42.04,43.2,39.86,40.09,4616607.0,188910329.0,321789200.0,0.014346680994887336
2022-06-30,40.49,40.51,39.31,39.75,2964349.0,117989267.0,321609125.0,0.009217241581687087
2022-07-01,39.74,42.65,38.56,42.02,3425022.0,140125133.0,321609125.0,0.010649641859508806
2022-07-04,42.14,44.6,42.04,44.16,4422534.0,191972733.0,321609125.0,0.01375127027257078
2022-07-05,43.2,43.97,42.57,43.55,2647200.0,114614664.0,321609125.0,0.008231109736081026
2022-07-06,43.41,44.15,42.07,42.42,1832133.0,78705093.0,321609125.0,0.005696769331405009
2022-07-07,42.42,44.1,41.44,42.66,2220366.0,95281838.0,321609125.0,0.006903927243979784
2022-07-08,43.16,43.42,41.68,42.32,1866850.0,79363080.0,321609125.0,0.005804717139166993
2022-07-11,42.22,44.05,41.1,41.92,2818916.0,118964396.0,321609125.0,0.00876503737261808
2022-07-12,42.0,42.6,40.01,40.3,2831863.0,115366891.0,321609125.0,0.008805294314954528
2022-07-13,40.4,41.6,39.9,40.63,1909673.0,77637575.0,321609125.0,0.005937869455662988
2022-07-14,40.5,41.33,40.0,40.69,1614850.0,65538675.0,321609125.0,0.00502115728215112
2022-07-15,40.83,40.86,38.84,39.11,2621198.0,103795764.0,321609125.0,0.008150260040040842
2022-07-18,39.47,39.8,38.0,39.39,2046285.0,80053438.0,321609125.0,0.006362645960371927
2022-07-19,39.14,39.66,38.6,39.16,1172109.0,45863738.0,321609125.0,0.003644514128758007
2022-07-20,39.49,39.59,38.4,38.88,2044400.0,79378666.0,321609125.0,0.006356784808266867
2022-07-21,39.5,42.45,39.01,40.85,4437750.0,182829570.0,321609125.0,0.013798582362984882
2022-07-22,40.13,41.68,40.03,40.64,2366160.0,96390401.0,321609125.0,0.00735725393363761
2022-07-25,41.4,41.68,40.61,40.94,2137445.0,87811100.0,321609125.0,0.0066460956292829065
2022-07-26,41.5,42.5,40.91,41.3,2058243.0,85368020.0,321609125.0,0.006399827741206037
2022-07-27,41.14,42.38,41.09,42.32,1843694.0,77496309.0,321609125.0,0.005732716694527868
2022-07-28,42.47,43.48,41.71,42.06,1700212.0,72142171.0,321609125.0,0.005286578855621712
2022-07-29,42.45,43.16,42.03,42.93,1732726.0,73987028.0,321609125.0,0.005387676733363831
2022-08-01,43.24,43.27,41.74,42.65,1267700.0,53836349.0,321609125.0,0.0039417413918215165
2022-08-02,42.1,43.14,41.5,41.84,2369021.0,99986631.0,321609125.0,0.0073661498255063506
2022-08-03,41.83,42.34,40.01,40.39,1467300.0,60396773.0,321609125.0,0.0045623705484102795
2022-08-04,40.2,40.94,39.5,40.44,1506800.0,60617423.0,321609125.0,0.004685190446633005
2022-08-05,40.72,40.95,39.4,40.15,1469794.0,58773083.0,321609125.0,0.004570125303503127
2022-08-08,40.8,44.9,40.8,44.0,5015320.0,219097574.0,321609125.0,0.015594458024162094
2022-08-09,44.01,44.41,42.34,44.33,3568050.0,155125648.0,321609125.0,0.011094368046926529
2022-08-10,44.3,45.33,42.94,43.19,2148183.0,94145997.0,321609125.0,0.0066794839854124165
2022-08-11,43.51,43.83,42.57,43.39,2571900.0,111158271.0,321609125.0,0.007996974588329856
2022-08-12,43.66,43.77,42.65,43.4,2001000.0,86584929.0,321609125.0,0.006221838388447467
2022-08-15,44.15,44.24,42.64,42.95,1890604.0,81758729.0,321609125.0,0.005878576983784275
2022-08-16,42.83,43.49,42.1,43.34,2192880.0,94063902.0,321609125.0,0.006818463251003839
2022-08-17,43.34,43.48,42.0,42.95,1785055.0,76218312.0,321609125.0,0.005550386668910591
2022-08-18,42.82,42.94,41.8,42.08,1872617.0,79153440.0,321609125.0,0.005822648844307512
2022-08-19,42.1,45.44,41.7,44.51,4436701.0,195714895.0,321609125.0,0.013795320639611827
2022-08-22,44.68,47.3,44.68,46.96,5632379.0,259766181.0,321609125.0,0.017513119380552403
2022-08-23,46.9,48.98,46.1,47.48,3994064.0,190431956.0,321609125.0,0.012419000860127958
2022-08-24,47.67,47.67,45.53,46.01,3374103.0,156650396.0,321609125.0,0.01049131612792392
2022-08-25,46.5,49.64,45.88,48.0,4435216.0,212567441.0,321609125.0,0.013790703233311555
2022-08-26,48.0,48.0,46.29,46.6,2449584.0,115219908.0,321609125.0,0.007616649558684008
2022-08-29,46.4,49.9,46.4,47.81,3927182.0,190874286.0,321609125.0,0.012211040342838531
2022-08-30,47.81,48.3,46.5,47.49,3290036.0,156043581.0,321609125.0,0.010229921181496328
2022-08-31,47.39,47.96,45.66,45.81,2983798.0,139386837.0,321609125.0,0.009277715612080347
2022-09-01,45.82,46.91,45.3,46.3,3191104.0,147435300.0,321609125.0,0.009922305531598334
2022-09-02,46.19,46.87,45.42,45.68,2593438.0,119305406.0,321609125.0,0.008063944081188617
2022-09-05,45.98,46.29,42.66,44.0,5435297.0,238927724.0,321609125.0,0.016900319603804774
2022-09-06,43.99,44.9,43.39,44.56,3314600.0,147282688.0,321609125.0,0.010306299611368303
2022-09-07,44.64,46.87,44.19,44.85,3346163.0,151738471.0,321609125.0,0.01040444048345954
2022-09-08,45.09,45.49,42.78,43.15,2684100.0,116434485.0,321609125.0,0.008345845286572636
2022-09-09,43.0,43.26,41.18,42.66,2778293.0,117664280.0,321609125.0,0.008638725658048416
2022-09-13,43.5,44.44,41.94,43.86,4112459.0,178639671.0,321609125.0,0.01278713407152238
2022-09-14,43.53,44.0,42.03,42.58,2938322.0,125902201.0,321609125.0,0.009136314151534103
2022-09-15,43.32,43.32,41.01,41.49,3029292.0,126411262.0,321609125.0,0.009419173041187808
2022-09-16,41.6,42.3,40.25,40.56,2443343.0,100415683.0,321609125.0,0.007597244014764817
2022-09-19,40.34,41.28,40.0,40.4,2968901.0,120551350.0,321609125.0,0.009231395408945565
2022-09-20,40.77,40.77,39.15,39.47,2187758.0,86961140.0,321609125.0,0.00680253708597354
2022-09-21,39.13,39.59,38.37,38.86,2276637.0,88788614.0,321609125.0,0.007078894294432722
2022-09-22,38.4,39.14,38.09,38.31,2356214.0,90882076.0,321609125.0,0.007326328194201579
2022-09-23,38.13,38.17,36.51,37.6,2712406.0,101387733.0,321609125.0,0.008433858958448396
2022-09-26,37.6,38.47,37.2,37.39,2125156.0,80151909.0,321609125.0,0.006607884648795335
2022-09-27,37.39,38.64,36.8,38.48,3426009.0,129456838.0,321609125.0,0.010652710802282118
2022-09-28,38.19,38.78,37.5,37.5,2362910.0,90129771.0,321609125.0,0.007347148498973715
2022-09-29,37.95,38.74,37.15,37.52,1772972.0,67319410.0,321609125.0,0.005512816217512485
2022-09-30,37.5,37.77,36.53,36.62,1734450.0,64104517.0,321609125.0,0.0053930372777824635
2022-10-10,38.0,40.39,37.99,39.86,6444343.0,254909908.0,321609125.0,0.020037811427147785
2022-10-11,39.8,40.0,38.2,38.95,3992778.0,155185720.0,321609125.0,0.012415002217365568
2022-10-12,38.69,40.3,38.58,39.4,3940276.0,154984005.0,321609125.0,0.012251754361758236
2022-10-13,39.76,40.97,39.0,40.26,3611044.0,143839055.0,321609125.0,0.01122805206475407
2022-10-14,40.02,40.5,39.29,39.95,2784070.0,110591262.0,321609125.0,0.008656688456834052
2022-10-17,39.4,40.79,38.92,40.3,2601401.0,104208186.0,321609125.0,0.008088703950797416
2022-10-18,40.01,41.06,39.62,40.07,2320497.0,93213659.0,321609125.0,0.007215271021927627
2022-10-19,40.0,40.94,38.5,39.11,2882900.0,113733430.0,321609125.0,0.008963986951551825
2022-10-20,38.5,39.6,38.4,38.68,1828617.0,71129323.0,321609125.0,0.00568583680578093
2022-10-21,38.89,39.46,38.09,39.13,2153349.0,83803991.0,321609125.0,0.0066955469624812415
2022-10-24,39.26,39.9,38.14,38.7,2176046.0,84258471.0,321609125.0,0.006766120208809374
2022-10-25,40.6,41.08,37.89,37.89,7510671.0,293943622.0,321609125.0,0.02335341386846533
2022-10-26,37.6,39.98,37.16,38.69,8566607.0,332863887.0,321609125.0,0.02663670379377451
2022-10-27,38.76,39.27,37.2,37.68,6508997.0,247304883.0,321609125.0,0.020238844280304546
2022-10-28,36.86,37.72,34.65,34.86,6452486.0,229239337.0,321609125.0,0.020063130982368737
2022-10-31,34.65,36.73,34.65,36.47,4187459.0,151128074.0,321609125.0,0.013020336409919961
2022-11-01,36.6,39.17,36.47,38.95,4933818.0,189800952.0,321609125.0,0.015341038597707699
2022-11-02,38.5,39.88,38.1,39.2,3590473.0,140174306.0,321609125.0,0.011164089327378382
2022-11-03,38.53,40.6,38.53,40.07,3348182.0,133964962.0,321609125.0,0.010410718290409205
2022-11-04,40.1,40.28,39.04,39.36,3710679.0,146533192.0,321609125.0,0.011537853597903977
2022-11-07,39.36,40.0,39.21,39.56,3048151.0,120722646.0,321609125.0,0.009477812546519008
2022-11-08,39.4,41.24,38.31,38.5,5443243.0,213284043.0,321609125.0,0.01692502661421687
2022-11-09,38.2,38.88,37.9,38.01,3194714.0,122162678.0,321609125.0,0.009933530337486538
2022-11-10,38.01,39.2,37.43,38.47,3855551.0,146932872.0,321609125.0,0.01198831345348177
2022-11-11,38.5,39.37,37.5,37.7,5068204.0,193307889.0,321609125.0,0.015758893657012996
2022-11-14,38.0,39.43,37.7,38.15,6104896.0,234532655.0,321609125.0,0.018982346971653866
2022-11-15,37.99,38.37,36.13,36.48,10190563.0,374193625.0,321609125.0,0.03168617494917161
2022-11-16,36.24,36.3,34.81,34.99,10195039.0,359601085.0,321609125.0,0.03170009246472717
2022-11-17,34.85,35.25,34.55,35.22,5989806.0,209672194.0,321609125.0,0.0186244902099715
2022-11-18,35.0,35.88,34.15,34.17,7537601.0,263127227.0,321609125.0,0.02343714905477262
2022-11-21,33.65,34.68,33.48,34.54,4312325.0,147616115.0,321609125.0,0.013408590319071326
2022-11-22,34.19,34.75,33.67,33.95,3634420.0,124473404.0,321609125.0,0.011300736569585829
2022-11-23,33.87,33.97,32.8,33.25,4056323.0,134793182.0,321609125.0,0.012612586785278558
2022-11-24,33.14,33.79,33.05,33.2,3104742.0,103527135.0,321609125.0,0.009653774593615775
2022-11-25,33.28,33.85,33.01,33.19,3260600.0,108874893.0,321609125.0,0.010138393927722044
2022-11-28,32.7,33.45,32.17,33.35,3549661.0,116752602.0,321609125.0,0.011037189942915955
2022-11-29,33.24,33.92,33.21,33.92,3366449.0,113736385.0,321609125.0,0.010467517051949319
2022-11-30,33.71,34.6,33.7,33.97,5015529.0,171171063.0,321609125.0,0.015595107881345096
2022-12-01,34.2,34.77,34.1,34.39,4390572.0,151703522.0,321609125.0,0.013651888764039267
2022-12-02,34.5,34.99,33.95,34.67,4085636.0,141115486.0,321609125.0,0.01270373158721787
2022-12-05,34.84,35.15,34.22,34.34,4005746.0,138280915.0,321609125.0,0.012455324456356765
2022-12-06,34.25,35.2,34.22,34.89,5025463.0,175185794.0,321609125.0,0.015625996308406984
2022-12-07,34.95,36.04,34.89,35.79,7026569.0,250671609.0,321609125.0,0.021848164289492718
2022-12-08,35.8,35.8,34.6,34.79,4766197.0,166953651.0,321609125.0,0.014819843808847153
2022-12-09,34.96,35.14,34.1,34.87,3678759.0,127142857.0,321609125.0,0.011438602682681967
2022-12-12,34.5,35.09,34.11,34.3,3324091.0,114518397.0,321609125.0,0.010335810589951389
2022-12-13,34.4,35.94,34.31,35.45,5425207.0,191325337.0,321609125.0,0.01686894611587902
2022-12-14,35.4,35.48,34.66,35.26,3090009.0,108284058.0,321609125.0,0.009607964326260954
2022-12-15,35.2,35.74,34.68,34.9,2414689.0,84451276.0,321609125.0,0.007508148284038893
2022-12-16,34.8,35.01,34.41,35.01,2986148.0,103636520.0,321609125.0,0.009285022618683471
2022-12-19,34.59,34.87,33.56,33.7,2815982.0,95680422.0,321609125.0,0.008755914497139968
2022-12-20,33.84,33.99,32.59,32.68,2194440.0,72446831.0,321609125.0,0.006823313859642508
2022-12-21,32.83,33.89,32.52,33.8,3128469.0,104949514.0,321609125.0,0.009727550485391234
2022-12-22,33.63,34.5,33.1,33.46,3107104.0,105517073.0,321609125.0,0.009661118912593043
2022-12-23,33.23,33.66,32.71,32.87,2288200.0,75608644.0,321609125.0,0.0071148478762846044
2022-12-26,33.16,33.69,33.02,33.52,2072460.0,69251415.0,321609125.0,0.006444033576472682
2022-12-27,33.55,34.15,33.22,33.88,2117788.0,71457780.0,321609125.0,0.006584974851071157
2022-12-28,33.8,33.87,33.17,33.22,1932869.0,64584097.0,321609125.0,0.006009994274882593
2022-12-29,33.22,33.29,32.52,32.97,2974101.0,97714536.0,321609125.0,0.009247564104407796
2022-12-30,33.01,34.35,32.86,34.25,3451333.0,116767431.0,321609125.0,0.01073145234918319
2023-01-03,33.88,34.26,33.12,33.92,3640462.0,122729868.0,321609125.0,0.011319523349967138
2023-01-04,33.81,34.59,33.5,34.4,3547379.0,121509961.0,321609125.0,0.011030094373099644
2023-01-05,34.38,34.88,34.11,34.67,5705003.0,197572193.0,321609125.0,0.017738933868869548
2023-01-06,34.59,35.09,34.14,34.93,3304574.0,114751716.0,321609125.0,0.010275125122771315
2023-01-09,34.79,36.58,34.73,36.4,5932295.0,213686656.0,321609125.0,0.018445667547523723
2023-01-10,36.26,37.47,35.7,36.98,6210312.0,228871338.0,321609125.0,0.019310123741047458
2023-01-11,36.98,37.84,36.5,37.17,3751937.0,140026310.0,321609125.0,0.011666139758938742
2023-01-12,37.28,37.39,36.82,37.1,2308609.0,85772943.0,321609125.0,0.007178306896609354
2023-01-13,37.3,38.76,37.0,37.95,3597169.0,137215673.0,321609125.0,0.011184909632150518
2023-01-16,38.34,38.87,37.3,38.45,3897348.0,148798767.0,321609125.0,0.012118275561988485
2023-01-17,37.96,38.65,37.78,38.25,2386448.0,91198332.0,321609125.0,0.007420336720856412
2023-01-18,38.21,38.6,37.83,38.1,1968994.0,75190890.0,321609125.0,0.006122320067877427
2023-01-19,38.16,38.55,37.61,38.26,1693880.0,64888509.0,321609125.0,0.005266890359531932
2023-01-20,38.18,38.9,37.52,38.01,1837403.0,69852386.0,321609125.0,0.005713155682383079
2023-01-30,38.47,38.7,36.65,37.5,4984200.0,186580599.0,321609125.0,0.015497694600549658
2023-01-31,37.5,39.38,37.26,37.73,3965694.0,151408535.0,321609125.0,0.012330788188923433
2023-02-01,37.57,38.64,37.33,38.05,2960767.0,112436161.0,321609125.0,0.009206103838005218
2023-02-02,38.3,38.44,37.8,38.29,1984087.0,75727690.0,321609125.0,0.006169249706456556
2023-02-03,38.04,38.7,37.51,37.7,2178064.0,82512718.0,321609125.0,0.006772394906394525
2023-02-06,37.4,37.97,37.05,37.6,2423600.0,90830207.0,321609125.0,0.007535855831205038
2023-02-07,37.8,37.96,37.21,37.82,2123280.0,79842823.0,321609125.0,0.006602051480970883
2023-02-08,37.78,37.99,37.41,37.63,1509724.0,56931409.0,321609125.0,0.004694282228465999
2023-02-09,37.59,38.03,37.42,37.88,1922847.0,72565734.0,321609125.0,0.005978832223743652
2023-02-10,38.2,38.39,37.55,37.96,1809449.0,68774039.0,321609125.0,0.005626236506815533
2023-02-13,37.9,38.39,37.53,37.66,2131197.0,80671384.0,321609125.0,0.006626668319812132
2023-02-14,37.82,38.23,37.2,37.76,2191500.0,82883947.0,321609125.0,0.0068141723279773235
2023-02-15,37.76,37.85,36.99,37.27,1600026.0,59634322.0,321609125.0,0.004975064062625711
2023-02-16,37.27,37.66,36.2,36.55,1570201.0,58335567.0,321609125.0,0.004882327266056272
2023-02-17,36.57,37.0,36.04,36.13,1733817.0,63129898.0,321609125.0,0.005391069050046388
2023-02-20,35.14,36.29,34.46,36.13,4570822.0,161870459.0,321609125.0,0.014212351717321454
2023-02-21,35.95,36.75,35.65,36.67,2960104.0,107550356.0,321609125.0,0.009204042329333783
2023-02-22,36.6,38.2,36.44,37.23,5069034.0,189558020.0,321609125.0,0.01576147442955793
2023-02-23,37.19,38.39,37.02,37.93,4357972.0,165502640.0,321609125.0,0.013550523480949117
2023-02-24,37.94,38.65,37.78,38.05,2699673.0,102817353.0,321609125.0,0.00839426742011751
2023-02-27,38.08,38.6,37.65,37.89,1855562.0,70449885.0,321609125.0,0.0057696186325559016
2023-02-28,37.72,38.78,37.72,38.72,2357813.0,90413121.0,321609125.0,0.007331300068056216
2023-03-01,38.72,39.15,38.07,38.71,2629886.0,101883530.0,321609125.0,0.008177274198920817
2023-03-02,38.52,39.91,38.35,39.62,3847777.0,151654132.0,321609125.0,0.011964141253765732
2023-03-03,39.9,40.46,39.06,39.29,2666701.0,105535187.0,321609125.0,0.00829174545342891
2023-03-06,39.29,40.71,39.1,40.17,3649950.0,146741853.0,321609125.0,0.011349025000456687
2023-03-07,40.32,41.85,40.2,40.86,4499226.0,184588561.0,321609125.0,0.01398973365572261
2023-03-08,40.64,41.5,40.21,40.53,2101665.0,85336140.0,321609125.0,0.006534842567044701
2023-03-09,40.54,41.65,39.8,40.6,2208957.0,89514209.0,321609125.0,0.006868452504262744
2023-03-10,40.66,40.66,39.66,39.9,1321287.0,52890136.0,321609125.0,0.004108362907924332
2023-03-13,39.69,40.35,39.69,40.01,1807952.0,72370278.0,321609125.0,0.005621581788141117
2023-03-14,40.23,40.39,38.7,39.14,3461135.0,135753405.0,321609125.0,0.010761930340129497
2023-03-15,39.18,39.94,38.95,39.1,1418189.0,55589200.0,321609125.0,0.004409666547863031
2023-03-16,38.78,38.87,38.05,38.23,1811802.0,69561954.0,321609125.0,0.005633552841512192
2023-03-17,38.23,38.6,38.03,38.05,1561655.0,59703047.0,321609125.0,0.0048557546369369965
2023-03-20,38.79,38.9,37.44,37.63,2429924.0,91619295.0,321609125.0,0.007555519452378722
2023-03-21,37.46,37.58,37.25,37.43,2181534.0,81613298.0,321609125.0,0.006783184401251053
2023-03-22,37.49,37.68,37.07,37.23,1734643.0,64799800.0,321609125.0,0.005393637385133273
2023-03-23,37.1,37.35,36.4,36.84,2025766.0,74478988.0,321609125.0,0.006298844909950861
2023-03-24,36.62,37.36,36.6,36.88,1714799.0,63525923.0,321609125.0,0.0053319351557577855
2023-03-27,36.76,38.3,36.05,37.62,4707616.0,175691578.0,321609125.0,0.01463769412637157
2023-03-28,37.37,40.38,37.37,40.05,6476209.0,254117409.0,321609125.0,0.020136894436686148
2023-03-29,39.57,40.05,38.5,39.3,3398787.0,132902095.0,321609125.0,0.010568067681537332
2023-03-30,39.18,40.36,38.92,40.01,3678765.0,146184745.0,321609125.0,0.011438621338869038
2023-03-31,40.4,41.5,39.41,39.59,4603241.0,185388590.0,321609125.0,0.014313154205434936
2023-04-03,39.33,41.4,39.25,40.7,4883177.0,197623349.0,321609125.0,0.015183577269457139
2023-04-04,40.71,43.46,40.71,42.46,5996495.0,254519508.0,321609125.0,0.01864528874919205
2023-04-06,42.46,43.15,40.91,42.33,3956247.0,165870330.0,321609125.0,0.012301414022378873
2023-04-07,41.88,42.15,41.3,41.81,2377710.0,99228593.0,321609125.0,0.007393167093750838
2023-04-10,42.03,42.6,40.95,41.23,2587708.0,107344170.0,321609125.0,0.008046127422535042
2023-04-11,41.43,41.45,40.2,40.9,1705100.0,69829540.0,321609125.0,0.00530177742935621
2023-04-12,40.88,40.99,39.71,40.15,2444861.0,98011587.0,321609125.0,0.007601964030093985
2023-04-13,40.05,40.27,39.4,40.11,2139299.0,85374270.0,321609125.0,0.006651860391088095
2023-04-14,40.11,40.17,39.2,39.63,1648900.0,65466216.0,321609125.0,0.005127031143783623
2023-04-17,39.63,40.04,39.24,39.87,1631436.0,64805913.0,321609125.0,0.005072729201946618
2023-04-18,39.88,40.58,39.15,40.05,2124491.0,84778787.0,321609125.0,0.006605816921394877
2023-04-19,40.05,40.44,39.26,39.34,1750583.0,69429558.0,321609125.0,0.005443200655454039
2023-04-20,39.34,39.87,39.03,39.5,1284466.0,50643745.0,321609125.0,0.003993872997229167
2023-04-21,39.71,41.27,39.48,40.53,3542129.0,142757172.0,321609125.0,0.011013770209411813
2023-04-24,38.0,40.65,34.02,38.51,6448918.0,245789543.0,321609125.0,0.020052036769790036
2023-04-25,39.36,40.5,38.0,40.38,3956953.0,155599385.0,321609125.0,0.012303609233724323
2023-04-26,40.01,40.3,39.32,39.45,1650174.0,65597094.0,335408600.0,0.004919891738017451
2023-04-27,39.3,39.71,38.31,39.2,1410891.0,55009598.0,335408600.0,0.0042064842702304
2023-04-28,38.89,40.0,37.85,38.45,1405930.0,54096257.0,335408600.0,0.004191693355507283
2023-05-04,38.01,38.85,37.74,37.91,1266146.0,48351710.0,335408600.0,0.0037749360034298463
2023-05-05,37.66,37.79,36.62,36.8,1410436.0,52121743.0,335408600.0,0.004205127715866558
2023-05-08,37.0,37.28,36.35,36.39,1259124.0,46257482.0,335408600.0,0.0037540003446542517
2023-05-09,36.41,37.78,36.01,37.28,1415396.0,52484820.0,335408600.0,0.004219915649151512
2023-05-10,37.17,37.49,36.19,36.19,1038700.0,38066400.0,335408600.0,0.0030968198191698125
2023-05-11,36.42,36.86,35.9,36.09,612200.0,22138273.0,335408600.0,0.0018252364429534604
2023-05-12,36.25,36.26,35.5,35.5,957080.0,34247890.0,335408600.0,0.0028534748363637664
2023-05-15,35.5,35.68,34.94,35.04,1225862.0,43111345.0,335408600.0,0.0036548317485001875
2023-05-16,35.46,35.99,35.13,35.72,759313.0,27036781.0,335408600.0,0.0022638447553223143
2023-05-17,35.71,35.71,35.1,35.31,818634.0,28937703.0,335408600.0,0.002440706648547473
2023-05-18,35.2,35.69,34.94,35.0,1004590.0,35356644.0,335408600.0,0.0029951229634541275
2023-05-19,35.0,35.38,34.65,35.33,793636.0,27770873.0,335408600.0,0.002366176657366567
2023-05-22,35.31,35.66,35.11,35.61,1037861.0,36798802.0,335408600.0,0.0030943183925516518
2023-05-23,19.38,19.75,18.77,19.23,2424397.0,47082227.0,603735480.0,0.004015660964633054
2023-05-24,19.41,19.86,19.17,19.58,2864569.0,56090881.0,603735480.0,0.00474474185283926
2023-05-25,19.63,19.65,18.9,19.18,1727435.0,33147535.0,603735480.0,0.002861244795485599
2023-05-26,19.23,19.8,19.04,19.71,1667540.0,32613112.0,603735480.0,0.0027620374406354255
2023-05-29,19.72,20.04,19.1,19.26,1823674.0,35421506.0,603735480.0,0.0030206506995414614
2023-05-30,19.2,19.51,18.81,19.36,2245391.0,42900981.0,603735480.0,0.0037191635648115297
2023-05-31,19.36,19.58,18.99,19.47,2189485.0,42390775.0,603735480.0,0.003626563408199896
2023-06-01,19.39,19.98,19.31,19.77,1636702.0,32364695.0,603735480.0,0.0027109587794972726
2023-06-02,19.83,19.97,19.46,19.6,1403271.0,27526747.0,603735480.0,0.0023243142841298642
2023-06-05,19.55,19.55,19.06,19.36,1744549.0,33730497.0,603735480.0,0.002889591646990831
2023-06-06,19.36,19.66,19.15,19.24,1730504.0,33507520.0,603735480.0,0.0028663281475523024
2023-06-07,19.39,19.41,18.8,18.89,2258092.0,42907993.0,603735480.0,0.0037402009237555494
2023-06-08,19.09,19.9,18.8,19.55,3078093.0,60099255.0,603735480.0,0.005098413298486284
2023-06-09,19.45,19.55,18.96,19.19,1715241.0,32943173.0,603735480.0,0.002841047208290624
2023-06-12,19.19,19.39,18.77,19.07,2343173.0,44492992.0,603735480.0,0.0038811252239142877
2023-06-13,19.11,19.29,18.97,19.07,969356.0,18526394.0,603735480.0,0.0016055972062466828
2023-06-14,19.2,19.2,18.78,18.94,1174565.0,22201673.0,603735480.0,0.0019454960639384653
2023-06-15,18.89,18.99,18.28,18.8,2571260.0,47775699.0,603735480.0,0.004258918160648766
2023-06-16,18.72,19.44,18.61,19.21,2057920.0,39365758.0,603735480.0,0.003408645123854573
2023-06-19,19.13,19.5,18.88,18.93,1799763.0,34341897.0,603735480.0,0.0029810456062645185
2023-06-20,19.07,19.07,18.76,18.77,975363.0,18375795.0,603735480.0,0.0016155469279360557
2023-06-21,18.8,18.87,18.58,18.62,1586585.0,29656237.0,603735480.0,0.0026279472592864676
2023-06-26,18.59,18.74,18.03,18.34,1586910.0,29047529.0,603735480.0,0.0026284855745102144
2023-06-27,18.39,18.84,18.19,18.36,1657058.0,30548647.0,603735480.0,0.0027446755324036943
2023-06-28,18.27,18.32,17.95,18.11,1539780.0,27899869.0,603735480.0,0.002550421585294275
2023-06-29,18.11,18.48,18.08,18.24,1341111.0,24497533.0,603735480.0,0.00222135528625881
2023-06-30,18.31,18.59,18.24,18.43,1960380.0,36135845.0,603735480.0,0.003247084302549189
2023-07-03,18.47,18.83,18.34,18.79,2124970.0,39611216.0,603735480.0,0.003519703695399846
2023-07-04,18.72,18.79,18.34,18.42,1234804.0,22773359.0,603735480.0,0.002045273204748543
2023-07-05,18.42,18.42,18.2,18.28,817953.0,14952098.0,603735480.0,0.0013548201606438635
2023-07-06,18.28,18.66,18.21,18.3,1719707.0,31622829.0,603735480.0,0.002848444487642171
2023-07-07,18.2,18.85,18.12,18.64,2048844.0,38086030.0,603735480.0,0.003393612050098497
2023-07-10,18.7,19.13,18.52,18.86,2466836.0,46571312.0,603735480.0,0.004085954994727161
2023-07-11,18.96,19.07,18.48,18.72,1467041.0,27455304.0,603735480.0,0.002429940012801633
2023-07-12,18.69,18.94,18.65,18.81,1171120.0,22027848.0,603735480.0,0.0019397899225667506
2023-07-13,18.86,18.94,18.71,18.76,1067460.0,20055503.0,603735480.0,0.0017680922115095837
2023-07-14,18.77,18.85,18.57,18.62,828396.0,15454437.0,603735480.0,0.0013721174710487447
2023-07-17,18.53,18.95,18.33,18.89,1289500.0,24272091.0,603735480.0,0.0021358691723733047
2023-07-18,18.8,19.18,18.69,19.12,1837309.0,34991598.0,603735480.0,0.003043235093620802
2023-07-19,19.08,19.14,18.8,19.03,1137648.0,21558969.0,603735480.0,0.001884348423584448
2023-07-20,19.03,19.14,18.9,18.97,1098944.0,20892019.0,603735480.0,0.0018202408776770913
2023-07-21,18.88,19.36,18.88,19.25,1689731.0,32526379.0,603735480.0,0.0027987936041128474
2023-07-24,19.26,19.45,18.77,18.8,1966854.0,37178086.0,603735480.0,0.003257807541806223
2023-07-25,18.88,18.97,18.56,18.85,2148200.0,40306017.0,603735480.0,0.003558180811238723
2023-07-26,18.92,19.07,18.68,19.05,1697865.0,32107179.0,603735480.0,0.0028122663918973257
2023-07-27,18.9,19.37,18.89,19.19,1556782.0,29892264.0,603735480.0,0.002578582925091631
2023-07-28,19.1,19.74,19.05,19.59,1942724.0,37842000.0,603735480.0,0.003217839706886201
2023-07-31,19.71,20.26,19.43,19.88,4278991.0,84789911.0,603735480.0,0.007087526146384506
2023-08-01,19.88,19.98,19.47,19.53,1669491.0,32827177.0,603735480.0,0.0027652689883324397
2023-08-02,19.74,19.74,19.16,19.34,1790460.0,34610823.0,603735480.0,0.0029656365400290868
2023-08-03,19.44,19.54,19.14,19.28,2424469.0,46808340.0,603735480.0,0.004015780222159546
2023-08-04,19.28,19.35,18.38,18.48,4992602.0,93455169.0,603735480.0,0.008269518962178602
2023-08-07,18.79,18.97,18.45,18.61,4336886.0,80844541.0,603735480.0,0.00718342079216547
2023-08-08,18.57,18.87,18.34,18.6,2730344.0,50695798.0,603735480.0,0.0045224176654318875
2023-08-09,18.5,18.51,18.16,18.26,1988876.0,36343578.0,603735480.0,0.0032942837813672967
2023-08-10,18.16,18.54,18.1,18.49,2383535.0,43822604.0,603735480.0,0.00394797900564002
2023-08-11,18.48,18.51,18.01,18.07,1754589.0,31894273.0,603735480.0,0.0029062214465182664
2023-08-14,18.0,18.25,17.6,18.19,3451370.0,61846430.0,603735480.0,0.005716692350100081
2023-08-15,18.1,18.46,18.1,18.4,2017443.0,36901361.0,603735480.0,0.0033416008613573614
2023-08-16,18.27,18.39,18.14,18.21,923580.0,16861306.0,603735480.0,0.0015297759210705986
2023-08-17,18.27,18.27,18.01,18.19,904264.0,16386115.0,603735480.0,0.0014977817768801662
2023-08-18,18.22,18.26,17.83,17.86,1931137.0,34687899.0,603735480.0,0.0031986475268937315
2023-08-21,17.8,17.98,17.61,17.66,1313420.0,23336834.0,603735480.0,0.0021754891728410597
2023-08-22,17.6,17.87,17.2,17.33,2065337.0,35948200.0,603735480.0,0.003420930305437739
2023-08-23,17.32,18.1,17.24,17.69,3344229.0,59195315.0,603735480.0,0.005539228868907953
2023-08-24,17.8,20.86,17.6,19.93,15406262.0,296548729.0,603735480.0,0.025518231925014578
2023-08-25,20.3,21.47,19.3,19.4,15158259.0,306158196.0,603735480.0,0.025107451031368903
2023-08-28,19.91,20.37,18.7,19.3,13338794.0,257869525.0,603735480.0,0.022093771928063596
2023-08-29,18.95,19.18,18.42,19.13,9662233.0,181924631.0,603735480.0,0.016004083443961252
2023-08-30,18.79,19.06,18.55,18.8,6172478.0,115903841.0,603735480.0,0.010223811925050355
2023-08-31,18.71,18.81,18.12,18.52,4912022.0,90536292.0,603735480.0,0.00813604991378012
2023-09-01,18.35,18.93,18.34,18.86,4181565.0,78514357.0,603735480.0,0.006926154149496068
2023-09-04,18.6,19.25,18.6,19.0,4465751.0,84627812.0,603735480.0,0.007396866919267359
2023-09-05,18.91,19.0,18.68,18.88,2634728.0,49520656.0,603735480.0,0.004364043670251084
2023-09-06,18.96,19.06,18.5,18.74,3059476.0,57486025.0,603735480.0,0.005067576946115541
2023-09-07,18.6,18.89,18.15,18.33,4274249.0,78689724.0,603735480.0,0.007079671713181409
2023-09-08,18.21,18.6,17.95,18.24,2849900.0,51885908.0,603735480.0,0.004720444788171138
2023-09-11,18.32,18.59,18.17,18.42,1950962.0,35911820.0,603735480.0,0.0032314847555422782
2023-09-12,18.34,18.64,18.24,18.31,2843660.0,52468475.0,603735480.0,0.004710109135875201
2023-09-13,18.3,18.31,17.9,17.97,2487820.0,44822459.0,603735480.0,0.004120711938281315
2023-09-14,18.05,18.06,17.72,17.8,1552880.0,27669076.0,603735480.0,0.002572119829697602
2023-09-15,17.81,17.92,17.44,17.66,3751916.0,66136603.0,603735480.0,0.0062145030800575115
2023-09-18,17.56,17.92,17.47,17.86,2265174.0,40053051.0,603735480.0,0.003751931226569623
2023-09-19,17.86,18.05,17.61,17.8,1838610.0,32719172.0,603735480.0,0.0030453900108703236
2023-09-20,17.66,18.32,17.66,18.04,2756616.0,49681834.0,603735480.0,0.004565933411765033
2023-09-21,18.02,18.19,17.71,17.72,1580687.0,28199136.0,603735480.0,0.0026181780802413666
2023-09-22,17.7,17.96,17.52,17.93,2203639.0,39178580.0,603735480.0,0.003650007450282697
2023-09-25,17.92,17.98,17.74,17.82,1734986.0,30936268.0,603735480.0,0.0028737519285764023
2023-09-26,17.83,17.85,17.31,17.34,2513560.0,43848898.0,603735480.0,0.004163346504002051
2023-09-27,17.32,17.5,17.23,17.26,1408280.0,24413945.0,603735480.0,0.0023326109639937014
2023-09-28,17.39,17.39,16.82,17.1,3170864.0,53922186.0,603735480.0,0.005252074965016136
2023-10-09,17.05,17.05,16.22,16.37,4409718.0,72565474.0,603735480.0,0.00730405640562983
2023-10-10,16.36,16.5,16.1,16.19,2747110.0,44593458.0,603735480.0,0.004550188105559077
2023-10-11,16.33,16.33,15.8,15.94,3055120.0,48901891.0,603735480.0,0.0050603618657628
2023-10-12,16.1,16.11,15.63,16.0,3143065.0,49811636.0,603735480.0,0.005206029965308648
2023-10-13,15.88,15.99,15.69,15.76,1812706.0,28637179.0,603735480.0,0.0030024838030059124
2023-10-16,15.81,15.94,15.7,15.79,1447175.0,22916787.0,603735480.0,0.0023970348736171675
2023-10-17,15.8,16.1,15.73,15.96,1569500.0,24984789.0,603735480.0,0.0025996484420627393
2023-10-18,15.89,16.11,15.66,15.67,1461556.0,23109164.0,603735480.0,0.002420854908179324
2023-10-19,15.59,15.71,15.4,15.6,1599229.0,24874983.0,603735480.0,0.0026488902060220147
2023-10-20,15.58,15.58,15.25,15.41,1586349.0,24482103.0,603735480.0,0.002627556359616301
2023-10-23,15.46,15.69,15.2,15.4,2176931.0,33620407.0,603735480.0,0.003605769533372463
2023-10-24,15.33,16.07,15.28,16.02,3107800.0,49039181.0,603735480.0,0.005147618622645798
2023-10-25,16.05,16.18,15.64,15.66,2653549.0,41889046.0,603735480.0,0.004395217918946887
2023-10-26,15.76,16.55,15.75,16.3,5542750.0,89455531.0,603735480.0,0.00918075909668254
2023-10-27,16.02,16.77,16.02,16.69,4530591.0,74775753.0,603735480.0,0.0075042649472911544
2023-10-30,16.66,17.16,16.52,17.02,3710874.0,62622477.0,603735480.0,0.006146522977248248
2023-10-31,16.9,17.2,16.76,16.93,2105282.0,35709437.0,603735480.0,0.0034870933873225405
2023-11-01,16.99,17.19,16.79,17.1,1780203.0,30314377.0,603735480.0,0.0029486473115676423
2023-11-02,17.06,17.22,16.7,16.88,2030250.0,34311916.0,603735480.0,0.003362813793882049
2023-11-03,16.98,17.05,16.84,16.86,1549220.0,26228495.0,603735480.0,0.0025660575721009474
2023-11-06,16.87,17.01,16.66,16.93,2482005.0,41839022.0,603735480.0,0.004111080236662586
2023-11-07,16.96,17.39,16.66,17.14,3516855.0,59845323.0,603735480.0,0.005825158726798696
2023-11-08,17.13,17.13,16.88,17.0,1534700.0,26073615.0,603735480.0,0.002542007304258481
2023-11-09,16.92,17.2,16.7,17.11,3342160.0,56639502.0,603735480.0,0.005535801871375855
2023-11-10,17.11,17.15,16.87,16.93,1137322.0,19309352.0,603735480.0,0.0018838084520061667
2023-11-13,16.9,17.05,16.7,16.97,1421660.0,23945761.0,603735480.0,0.0023547729876667177
2023-11-14,16.97,17.16,16.81,16.86,2026836.0,34310283.0,603735480.0,0.0033571589995009072
2023-11-15,16.93,16.94,16.57,16.77,3714006.0,62043166.0,603735480.0,0.006151710679650631
2023-11-16,16.69,16.93,16.58,16.69,2283005.0,38198542.0,603735480.0,0.003781465684276167
2023-11-17,16.59,16.93,16.42,16.88,2376272.0,39633763.0,603735480.0,0.003935948902655183
2023-11-20,16.93,17.09,16.75,16.9,3972709.0,67139779.0,603735480.0,0.00658021456681658
2023-11-21,16.92,17.33,16.6,17.0,4370375.0,74212008.0,603735480.0,0.00723889044917486
2023-11-22,17.07,17.75,16.85,17.56,5779366.0,100284357.0,603735480.0,0.009572679081242666
2023-11-23,17.53,17.68,17.38,17.59,3846860.0,67392305.0,603735480.0,0.00637176400499106
2023-11-24,17.52,17.9,17.45,17.84,4962900.0,88058862.0,603735480.0,0.008220321919791761
2023-11-27,17.75,18.48,17.55,18.11,5391756.0,97089175.0,603735480.0,0.008930659500084375
2023-11-28,18.03,18.67,17.81,18.31,5628227.0,103193740.0,603735480.0,0.009322339313236982
2023-11-29,18.31,18.4,18.02,18.19,2478311.0,45102045.0,603735480.0,0.004104961663011755
2023-11-30,18.06,18.55,18.02,18.2,3102934.0,56679060.0,603735480.0,0.00513955880148041
2023-12-01,18.11,18.28,17.74,17.86,3762599.0,67581733.0,603735480.0,0.006232197915550698
2023-12-04,18.0,19.34,17.78,18.53,7014673.0,131293159.0,603735480.0,0.011618785432322115
2023-12-05,18.39,18.77,18.35,18.46,3475037.0,64419827.0,603735480.0,0.00575589329287058
2023-12-06,18.46,19.74,18.21,19.29,7524089.0,144348106.0,603735480.0,0.012462558933922518
2023-12-07,19.17,19.8,18.9,19.44,5591380.0,108493719.0,603735480.0,0.009261307617700387
2023-12-08,19.45,19.46,18.86,19.17,4248511.0,81070242.0,603735480.0,0.007037040460169742
2023-12-11,19.11,19.5,18.88,19.39,4615622.0,88950218.0,603735480.0,0.007645106429723163
2023-12-12,19.38,19.43,18.96,19.1,2550120.0,48758117.0,603735480.0,0.004223902825787214
2023-12-13,19.18,19.18,18.6,18.63,2961362.0,55670708.0,603735480.0,0.004905065377307293
2023-12-14,18.61,18.87,18.25,18.69,3004222.0,55772271.0,603735480.0,0.004976056732660469
2023-12-15,18.78,18.87,18.5,18.56,1731536.0,32248547.0,603735480.0,0.0028680375054320147
2023-12-18,18.53,19.6,18.41,18.77,4271126.0,81475563.0,603735480.0,0.007074498917969837
2023-12-19,18.85,19.4,18.52,19.26,3530800.0,67234591.0,603735480.0,0.005848256590783765
2023-12-20,19.27,19.27,18.81,19.01,2416300.0,45944298.0,603735480.0,0.004002249461966357
2023-12-21,18.9,19.29,18.41,19.2,2871641.0,54280996.0,603735480.0,0.004756455592107987
2023-12-22,19.28,20.02,19.06,19.58,3750441.0,73683714.0,603735480.0,0.006212059957118969
2023-12-25,19.5,19.8,18.9,19.71,3209816.0,62076084.0,603735480.0,0.0053165932868480745
2023-12-26,19.61,20.09,19.31,20.0,4185952.0,83446664.0,603735480.0,0.00693342057683938
2023-12-27,20.0,21.11,19.76,20.85,6111522.0,125725449.0,603735480.0,0.010122847178038965
2023-12-28,20.58,20.78,20.27,20.59,4359287.0,89380348.0,603735480.0,0.007220524790095159
2023-12-29,20.6,21.0,19.81,20.97,5285712.0,108205295.0,603735480.0,0.00875501303981671
2024-01-02,20.8,20.9,20.31,20.4,3129754.0,64409732.0,604737091.0,0.0051753961292908355
2024-01-03,20.3,20.61,20.0,20.3,2186720.0,44330794.0,604737091.0,0.0036159845865978146
2024-01-04,20.22,20.22,19.8,19.89,1700683.0,33911782.0,604737091.0,0.0028122683812691752
2024-01-05,19.78,20.0,19.45,19.62,2595721.0,51064642.0,604737091.0,0.004292313202928708
2024-01-08,19.62,20.17,19.31,19.35,2321174.0,45604189.0,604737091.0,0.0038383192209389388
2024-01-09,19.3,19.49,18.96,19.13,2524101.0,48360124.0,604737091.0,0.004173881571950744
2024-01-10,19.02,19.45,18.85,19.38,3078814.0,59116713.0,604737091.0,0.0050911611770146905
2024-01-11,19.37,20.02,19.27,19.8,2412274.0,47757418.0,604737091.0,0.00398896319723177
2024-01-12,19.72,20.36,19.61,19.96,2118280.0,42478391.0,604737091.0,0.0035028114390952747
2024-01-15,19.93,20.16,19.7,20.03,2024232.0,40376723.0,604737091.0,0.0033472926171151623
2024-01-16,20.03,20.28,19.57,20.16,2038237.0,40763328.0,604737091.0,0.003370451441352057
2024-01-17,20.02,20.36,19.71,19.74,1614749.0,32227874.0,604737091.0,0.0026701669602071753
2024-01-18,19.65,20.68,19.22,20.46,3245024.0,64090046.0,604737091.0,0.005366007887219208
2024-01-19,20.25,20.38,19.8,19.83,1560777.0,31333312.0,604737091.0,0.002580918258906663
2024-01-22,19.71,19.81,18.62,18.78,2209983.0,42391467.0,604737091.0,0.00365445254291505
2024-01-23,18.83,19.18,18.6,18.84,1192540.0,22527695.0,604737091.0,0.0019719974477305545
2024-01-24,18.8,19.16,18.36,18.86,1652624.0,30775294.0,604737091.0,0.0027327974827328723
2024-01-25,18.78,19.45,18.68,19.09,2003750.0,38261964.0,604737091.0,0.0033134233534221898
2024-01-26,19.07,19.5,18.55,19.07,2521128.0,48149028.0,604737091.0,0.004168965385984568
2024-01-29,19.06,19.46,18.43,18.45,2211475.0,41607515.0,604737091.0,0.003656919730759495
2024-01-30,18.23,18.75,17.85,17.85,2664240.0,48291570.0,604737091.0,0.004405616985712557
2024-01-31,17.8,18.15,17.51,17.63,2242416.0,39769310.0,604737091.0,0.0037080841135309164
2024-02-01,17.41,18.13,17.36,17.49,2602790.0,45766738.0,604737091.0,0.004304002580189016
2024-02-02,17.75,17.76,16.42,16.92,4042021.0,69359655.0,604737091.0,0.006683931017553543
2024-02-05,16.85,17.16,15.95,16.35,4848133.0,80299758.0,604737091.0,0.008016926813572942
2024-02-06,16.35,17.78,15.8,17.49,3749798.0,63769985.0,604737091.0,0.006200707804773959
2024-02-07,17.58,18.36,17.37,18.32,4296476.0,77527210.0,604737091.0,0.007104700644201102
2024-02-08,18.07,19.67,17.7,17.92,8540402.0,159174997.0,604737091.0,0.014122504022165229
2024-02-19,18.25,18.28,17.36,17.53,5565107.0,98380481.0,604737091.0,0.009202523018387176
2024-02-20,17.46,18.0,17.34,17.92,2835826.0,50443761.0,604737091.0,0.004689353509490623
2024-02-21,17.72,18.64,17.44,18.15,3325597.0,60808294.0,604737091.0,0.005499244298874996
2024-02-22,18.1,18.48,17.93,18.39,2162560.0,39456673.0,604737091.0,0.003576033341073832
2024-02-23,18.48,18.59,18.17,18.53,1880354.0,34538115.0,604737091.0,0.0031093743512418358
2024-02-26,18.53,19.33,18.29,19.0,2038728.0,38564240.0,604737091.0,0.003371263364429552
2024-02-27,19.3,19.7,18.7,19.07,2931495.0,55712294.0,604737091.0,0.004847552835154277
2024-02-28,19.06,19.86,18.83,18.88,3831540.0,73733775.0,604899090.0,0.0063341804663650594
2024-02-29,18.5,19.45,18.5,19.4,1885505.0,36084749.0,604899090.0,0.0031170570945973815
2024-03-01,19.4,19.57,19.11,19.38,1909860.0,36878459.0,604899090.0,0.0031573200085323323
2024-03-04,19.34,19.43,18.98,19.21,2189766.0,41930564.0,604899090.0,0.003620051734579399
2024-03-05,19.29,19.58,19.07,19.36,2249989.0,43630624.0,604899090.0,0.0037196104890817407
2024-03-06,19.38,19.75,18.92,19.6,2617308.0,50928723.0,604899090.0,0.004326850615695256
2024-03-07,19.6,19.8,19.22,19.22,1155074.0,22556858.0,604899090.0,0.0019095317204064566
2024-03-08,19.22,19.59,19.18,19.55,1478875.0,28748322.0,604899090.0,0.0024448292689612083
2024-03-11,19.41,19.86,19.39,19.76,1560959.0,30659172.0,604899090.0,0.0025805279356594835
2024-03-12,19.73,20.44,19.56,20.33,2758880.0,55293497.0,604899090.0,0.004560892958195722
2024-03-13,20.29,20.7,20.13,20.36,2068446.0,42301859.0,604899090.0,0.00341948935648093
2024-03-14,20.39,20.5,19.9,20.04,2061299.0,41467316.0,604899090.0,0.0034076741626442187
2024-03-15,20.19,20.25,19.75,19.96,1777783.0,35455828.0,604899090.0,0.002938974499035864
2024-03-18,20.01,20.17,19.53,19.96,1833855.0,36289881.0,604899090.0,0.0030316709519268743
2024-03-19,20.5,20.5,19.96,20.02,2348276.0,47385820.0,604899090.0,0.0038820954417372326
2024-03-20,19.92,20.45,19.73,20.08,2649565.0,53494727.0,604899090.0,0.00438017686553306
2024-03-21,20.1,21.0,19.95,20.82,3691870.0,76225082.0,604899090.0,0.006103282449970292
2024-03-22,20.77,21.34,20.44,21.16,4903580.0,102781585.0,604899090.0,0.008106443010188692
2024-03-25,21.2,21.2,20.59,20.59,1860853.0,38731567.0,604899090.0,0.0030763031896774715
2024-03-26,20.51,21.04,20.44,20.7,1567000.0,32602564.0,604899090.0,0.0025905147253569186
2024-03-27,20.57,20.94,20.27,20.28,1831680.0,37633946.0,604899090.0,0.0030280753108754056
2024-03-28,20.07,20.31,19.72,20.15,2895346.0,58010711.0,604899090.0,0.0047864942233588085
2024-03-29,19.9,21.17,19.9,21.04,2655900.0,54844036.0,604899090.0,0.0043906496867105555
2024-04-01,21.04,21.9,20.8,21.64,3116760.0,67003419.0,604899090.0,0.005152528829230013
2024-04-02,21.69,21.69,20.99,21.1,1935905.0,41094171.0,604899090.0,0.0032003767768934814
2024-04-03,21.19,21.67,20.96,21.57,2665176.0,57155380.0,604899090.0,0.004405984475856956
2024-04-08,21.56,21.97,21.18,21.75,3394599.0,73703310.0,604899090.0,0.00561184345640196
2024-04-09,21.75,21.8,21.06,21.64,2358769.0,50544251.0,604899090.0,0.0038994421367041566
2024-04-10,21.47,21.86,21.07,21.13,1484060.0,31676743.0,604899090.0,0.0024534009465942493
2024-04-11,21.05,21.28,20.92,21.0,1082231.0,22774589.0,604899090.0,0.001789109981964099
2024-04-12,20.85,21.19,20.49,20.64,1876130.0,38941999.0,604899090.0,0.0031015586417893273
2024-04-15,20.75,21.12,20.4,20.86,1842900.0,38326355.0,604899090.0,0.003046623859196085
2024-04-16,20.66,20.94,20.3,20.44,2423360.0,49930875.0,604899090.0,0.004006221930338828
2024-04-17,20.43,20.78,20.01,20.31,2284915.0,46557506.0,604899090.0,0.003777349045110979
2024-04-18,20.21,21.13,19.94,20.65,2342120.0,48446629.0,604899090.0,0.0038719185376853518
2024-04-19,20.45,20.78,20.25,20.58,1594573.0,32747508.0,604899090.0,0.0026360975348797434
2024-04-22,22.0,23.5,21.5,23.01,9937945.0,224887223.0,604899090.0,0.016429095636430864
2024-04-23,22.7,22.76,21.72,22.16,7307414.0,161679491.0,604899090.0,0.012080385176310977
2024-04-24,21.94,22.31,21.71,22.27,5341855.0,117599987.0,604899090.0,0.008830985346663359
2024-04-25,21.74,22.25,21.68,22.14,4231799.0,92948609.0,604899090.0,0.006995875956764954
2024-04-26,21.8,22.45,21.4,21.55,5660977.0,122704488.0,604899090.0,0.009358547720744629
2024-04-29,21.42,21.7,21.05,21.4,4881011.0,104367108.0,604899090.0,0.008069132654836693
2024-04-30,21.39,22.31,21.31,21.84,6297512.0,137896351.0,604899090.0,0.01041084720428328
2024-05-06,21.68,23.0,21.19,22.82,7481200.0,167028832.0,604899090.0,0.012367682682412368
2024-05-07,22.59,22.83,22.01,22.12,5737028.0,128462633.0,604899090.0,0.009484272823091864
2024-05-08,22.29,23.35,22.04,23.18,9934476.0,225772602.0,604899090.0,0.01642336079559981
2024-05-09,22.71,22.77,21.92,22.33,9125116.0,203452563.0,604899090.0,0.015085352500695611
2024-05-10,22.24,22.7,21.9,22.2,7053340.0,156668598.0,604899090.0,0.011660358093777261
2024-05-13,21.9,23.06,21.9,22.86,7260700.0,164466530.0,604899090.0,0.01200315907236693
2024-05-14,22.66,23.3,22.57,22.59,6780903.0,155153032.0,604899090.0,0.011209973881759353
2024-05-15,22.59,22.79,21.95,22.2,4096076.0,90916993.0,604899090.0,0.006771502995648415
2024-05-16,22.15,23.08,22.15,22.8,5646139.0,128706122.0,604899090.0,0.009334018009516266
2024-05-17,22.72,23.5,22.62,23.25,5933663.0,137219032.0,604899090.0,0.00980934357166912
2024-05-20,23.25,25.2,23.25,24.99,12116430.0,296221093.0,604899090.0,0.02003049797942331
2024-05-21,24.72,25.54,24.41,24.7,9977188.0,248084602.0,604899090.0,0.016493970920009152
2024-05-22,24.67,24.88,23.98,24.48,6015771.0,146301030.0,604899090.0,0.009945081914406583
2024-05-23,24.52,24.98,23.58,24.12,5200981.0,125741356.0,604899090.0,0.008598096915635962
2024-05-24,24.0,24.85,23.63,24.45,8025261.0,196025056.0,604899090.0,0.01326710708062067
2024-05-27,24.3,24.64,23.61,24.35,6952464.0,167867439.0,604899090.0,0.011493593088394297
2024-05-28,24.44,24.81,24.07,24.61,4636471.0,113477269.0,604899090.0,0.007664866878870656
2024-05-29,24.44,25.33,24.33,25.3,6669721.0,166228711.0,604899090.0,0.011026171323881475
2024-05-30,25.01,25.37,24.33,24.34,5172210.0,127230132.0,604899090.0,0.008550533610490305
2024-05-31,24.2,24.8,24.12,24.65,3911140.0,95876024.0,604899090.0,0.006465772663007312
2024-06-03,24.99,25.83,24.75,25.31,6083601.0,153862087.0,604899090.0,0.010057216320163417
2024-06-04,25.29,25.87,25.01,25.77,4550763.0,116400404.0,604899090.0,0.0075231771302548996
2024-06-05,25.31,25.75,24.57,24.75,7434018.0,184963517.0,604899090.0,0.01228968289570414
2024-06-06,24.6,24.93,24.1,24.83,5622330.0,137983822.0,604899090.0,0.009294657725472855
2024-06-07,24.69,25.1,24.3,24.68,4376770.0,107736404.0,604899090.0,0.0072355374183155075
2024-06-11,24.6,24.82,24.14,24.79,3627670.0,88720768.0,604899090.0,0.005997149045140736
2024-06-12,24.81,25.1,24.18,24.19,4367135.0,107106580.0,604899090.0,0.007219609141749577
2024-06-13,24.2,24.37,23.6,23.86,4959664.0,118650843.0,604899090.0,0.008199159301099296
2024-06-14,23.92,24.4,23.41,23.84,7681022.0,183203177.0,604899090.0,0.01269802207836021
2024-06-17,23.61,24.38,23.5,24.03,3086185.0,74391997.0,604899090.0,0.005101983208472011
2024-06-18,24.28,24.38,23.62,23.76,2216994.0,52932392.0,604899090.0,0.0036650642010388874
2024-06-19,23.5,23.9,23.3,23.37,2241271.0,52590002.0,604899090.0,0.003705198167846475
2024-06-20,23.2,23.56,23.16,23.27,1775752.0,41452765.0,604899090.0,0.002935616914219527
2024-06-21,23.28,23.92,23.1,23.34,2071560.0,48592394.0,604899090.0,0.003424637322565653
2024-06-24,23.34,23.46,22.82,22.82,2055820.0,47324401.0,604899090.0,0.003398616453531117
2024-06-25,22.81,23.2,22.5,22.71,2193434.0,49968110.0,604899090.0,0.0036261155559020597
2024-06-26,22.86,23.02,22.36,22.9,2203534.0,50001665.0,604899090.0,0.0036428125557272702
2024-06-27,22.83,23.04,22.41,22.67,1825140.0,41326685.0,604899090.0,0.003017263590196507
2024-06-28,22.43,23.08,22.3,22.64,3073080.0,69953483.0,604899090.0,0.005080318437906726
2024-07-01,22.64,23.41,22.57,23.09,3248631.0,74737714.0,604899090.0,0.005370533786056778
2024-07-02,23.0,23.15,22.65,22.8,2280701.0,52095769.0,604899090.0,0.003770382593896777
2024-07-03,22.75,22.95,22.36,22.4,1683427.0,37974605.0,604899090.0,0.002782988150965808
2024-07-04,22.42,22.69,21.76,21.95,2480241.0,54850611.0,604899090.0,0.004100255796384154
2024-07-05,21.81,22.17,21.68,22.12,2254440.0,49428528.0,604899090.0,0.0037269687411829303
2024-07-08,22.3,22.87,22.07,22.61,3646680.0,82354628.0,604899090.0,0.006028575774514721
2024-07-09,22.6,22.75,22.1,22.38,3386367.0,75808422.0,604899090.0,0.005598234574960263
2024-07-10,22.32,22.8,22.13,22.71,3007512.0,67787422.0,604899090.0,0.0049719234988434184
2024-07-11,22.7,22.93,22.0,22.25,3842710.0,85806140.0,604899090.0,0.006352646356270763
2024-07-12,22.19,22.45,22.0,22.18,2422179.0,53840525.0,604899090.0,0.004004269538577087
2024-07-15,22.23,23.0,22.07,22.82,3796900.0,86018366.0,604899090.0,0.006276914716469486
2024-07-16,22.5,23.2,22.22,22.77,4417585.0,100375434.0,604899090.0,0.007303011482460653
2024-07-17,22.64,23.87,22.25,23.78,5349229.0,123859236.0,604899090.0,0.00884317580970406
2024-07-18,23.4,24.37,22.83,24.2,6140559.0,144741398.0,604899090.0,0.010151377480167808
2024-07-19,23.93,24.32,23.7,24.0,4172589.0,99997465.0,604899090.0,0.006897991861750032
2024-07-22,23.97,23.97,23.45,23.85,3209503.0,76079318.0,604899090.0,0.005305848616832933
2024-07-23,24.48,24.9,23.72,23.9,6848587.0,165743025.0,604899090.0,0.011321866924944456
2024-07-24,23.82,24.13,23.08,23.1,5128222.0,120226105.0,604899090.0,0.008477814043330765
2024-07-25,23.1,23.84,23.01,23.45,4309076.0,101021058.0,604899090.0,0.007123627843447409
2024-07-26,23.46,23.75,23.23,23.5,2757931.0,64715844.0,604899090.0,0.0045593241014794715
2024-07-29,23.62,23.79,22.56,22.74,3800017.0,86918147.0,604899090.0,0.006282067642059108
2024-07-30,22.74,23.12,22.53,23.02,2671431.0,61299967.0,604899090.0,0.0044163250435704906
2024-07-31,22.81,23.55,22.31,23.45,5075238.0,116718782.0,604899090.0,0.00839022257414869
2024-08-01,23.2,23.68,22.53,22.72,5217847.0,120319327.0,604899090.0,0.008625979252175764
2024-08-02,22.75,23.67,22.61,23.1,5318612.0,123396608.0,604899090.0,0.00879256075587748
2024-08-05,23.0,23.37,22.44,22.61,5614734.0,128089215.0,604899090.0,0.009282100259069658
2024-08-06,22.69,22.95,22.24,22.67,3360700.0,76059388.0,604899090.0,0.005555802704216335
2024-08-07,22.65,22.74,22.1,22.16,3032423.0,67637203.0,604899090.0,0.005013105574352906
2024-08-08,22.09,22.54,21.91,22.4,3046136.0,67771660.0,604899090.0,0.005035775471244303
2024-08-09,22.39,22.48,21.77,21.82,2908283.0,63970100.0,604899090.0,0.004807881261649774
2024-08-12,21.89,22.18,21.67,21.87,2822520.0,61867718.0,604899090.0,0.004666100588777543
2024-08-13,21.99,22.56,21.64,21.84,3409360.0,74920362.0,604899090.0,0.00563624587367126
2024-08-14,21.7,21.83,21.31,21.36,1868463.0,40069290.0,604899090.0,0.003088883800436863
2024-08-15,21.34,22.0,21.2,21.62,2755800.0,59750681.0,604899090.0,0.004555801199833182
2024-08-16,21.69,21.69,21.04,21.15,3230380.0,68537345.0,604899090.0,0.0053403618114221335
2024-08-19,21.19,21.3,20.88,21.14,3001700.0,63248359.0,604899090.0,0.004962315284686575
2024-08-20,21.17,21.24,20.61,20.77,2579280.0,53759725.0,604899090.0,0.004263983931600889
2024-08-21,20.8,20.96,20.45,20.53,2061682.0,42603737.0,604899090.0,0.0034083073261029374
2024-08-22,20.6,20.68,20.24,20.43,2081190.0,42480817.0,604899090.0,0.0034405573332900864
2024-08-23,20.31,20.71,20.21,20.26,1656301.0,33711253.0,604899090.0,0.0027381443076728716
2024-08-26,20.18,20.7,20.18,20.6,2586900.0,52859353.0,604899090.0,0.004276581074043276
2024-08-27,20.51,20.51,19.99,20.12,2747081.0,55460175.0,604899090.0,0.004541387225429617
2024-08-28,19.93,20.14,19.68,19.73,3897151.0,77254181.0,604899090.0,0.0064426464916652465
2024-08-29,19.51,19.81,19.21,19.33,3660079.0,71263441.0,604899090.0,0.006050726576560067
2024-08-30,19.23,19.68,19.0,19.37,7046304.0,136089404.0,604899090.0,0.011648726401621798
2024-09-02,19.29,19.32,18.89,19.13,5843549.0,111802626.0,604899090.0,0.009660369963525652
2024-09-03,19.07,19.41,18.95,19.01,3199208.0,61206230.0,604899090.0,0.005288829249189315
2024-09-04,19.0,19.07,18.68,18.73,2102880.0,39603131.0,604899090.0,0.003476414553706801
2024-09-05,18.86,19.07,18.7,18.98,2185140.0,41321178.0,604899090.0,0.0036124041780257925
2024-09-06,18.89,19.03,18.42,18.55,2536389.0,47265811.0,604899090.0,0.004193077890065928
2024-09-09,18.47,18.63,18.26,18.58,3285840.0,60726650.0,604899090.0,0.0054320465253138335
2024-09-10,18.57,18.63,18.0,18.36,2976940.0,54326668.0,604899090.0,0.004921382837590316
2024-09-11,18.36,18.4,18.0,18.2,2202414.0,40053509.0,604899090.0,0.0036409610072318014
2024-09-12,18.27,18.42,18.01,18.03,2041654.0,37174216.0,604899090.0,0.003375197671400035
2024-09-13,18.03,18.15,17.5,17.57,4267401.0,75643984.0,604899090.0,0.0070547320545646715
2024-09-18,17.63,17.68,17.27,17.39,3044266.0,53309837.0,604899090.0,0.00503268404652419
2024-09-19,17.43,17.83,17.3,17.46,3948280.0,69196965.0,604899090.0,0.006527171333651701
2024-09-20,17.43,17.43,16.84,17.27,4697161.0,80204371.0,604899090.0,0.007765197662968877
2024-09-23,17.08,17.64,16.97,17.48,5196527.0,90239413.0,604899090.0,0.008590733704029874
2024-09-24,17.53,18.42,17.53,18.28,5820182.0,104763480.0,604899090.0,0.009621740379870633
2024-09-25,18.34,18.74,17.96,17.99,4934565.0,90555364.0,604899090.0,0.008157666429949497
2024-09-26,17.99,19.22,17.73,19.19,6654380.0,123598795.0,604899090.0,0.01100081006899845
2024-09-27,19.51,20.46,19.22,20.05,8264873.0,164177453.0,604899090.0,0.013663226043206645
2024-09-30,20.76,22.99,20.41,22.98,10118194.0,219833746.0,604899090.0,0.016727077569252086
2024-10-08,26.8,26.8,22.98,24.41,14584887.0,358688591.0,604899090.0,0.024111272840565853
2024-10-09,23.27,23.4,21.13,21.16,11306640.0,252370370.0,604899090.0,0.01869177882215032
2024-10-10,22.45,24.35,21.82,22.03,24598268.0,569708615.0,604899090.0,0.04066507688083974
2024-10-11,21.5,21.61,19.84,20.1,18372551.0,374843484.0,604899090.0,0.030372918894620918
2024-10-14,20.09,20.97,19.83,20.63,11753825.0,239603868.0,604899090.0,0.019431050888173762
2024-10-15,20.56,21.08,20.15,20.35,8888040.0,183277925.0,604899090.0,0.014693425972917234
2024-10-16,20.15,20.79,20.03,20.36,6134240.0,125022980.0,604899090.0,0.010140931109683103
2024-10-17,20.46,20.58,20.06,20.08,5428300.0,109906212.0,604899090.0,0.008973893480315865
2024-10-18,20.25,21.52,20.03,20.96,11004636.0,227912877.0,604899090.0,0.01819251538302033
2024-10-21,20.99,21.94,20.91,21.66,14106115.0,302974271.0,604899090.0,0.02331978214746529
2024-10-22,21.66,21.89,20.71,21.58,17469248.0,371306177.0,604899090.0,0.028879607010154372
2024-10-23,21.98,22.5,21.62,22.16,18355168.0,404472817.0,604899090.0,0.030344181870070264
2024-10-24,21.95,22.59,21.67,21.78,12838741.0,283431494.0,604899090.0,0.021224599627022087
2024-10-25,21.58,22.15,21.51,21.9,10886389.0,238014146.0,604899090.0,0.017997033191106303
2024-10-28,22.0,22.5,21.72,22.34,12000623.0,265990956.0,604899090.0,0.019839049518160127
2024-10-29,22.5,22.5,21.56,21.65,10266434.0,224551641.0,604899090.0,0.016972143237973792
2024-10-30,21.8,22.23,21.52,21.91,10895994.0,238419703.0,604899090.0,0.01801291187262325
2024-10-31,21.91,21.92,21.2,21.42,11262063.0,241973653.0,604899090.0,0.018618085538862357
2024-11-01,21.45,21.78,21.15,21.35,10869086.0,234057945.0,604899090.0,0.01796842842001961
2024-11-04,21.21,21.61,21.1,21.41,9687840.0,206498438.0,604899090.0,0.016015629978877965
2024-11-05,21.38,21.85,21.03,21.79,13951968.0,298875559.0,604899090.0,0.02306495121359829
2024-11-06,21.75,22.22,21.3,22.1,13302074.0,290501573.0,604899090.0,0.021990567054746273
2024-11-07,21.86,23.07,21.85,22.9,18023797.0,409249006.0,604899090.0,0.0297963698374881
2024-11-08,23.0,23.2,22.37,22.47,14380526.0,326343011.0,604899090.0,0.023773429713706464
2024-11-11,21.56,21.56,21.09,21.48,17562444.0,374497108.0,604899090.0,0.029033675682996977
2024-11-12,21.48,22.09,21.34,21.6,13780357.0,298544354.0,604899090.0,0.022781249348548367
2024-11-13,21.61,21.82,21.34,21.53,8458547.0,182258759.0,604899090.0,0.013983401760449004
2024-11-14,21.38,21.45,20.66,20.77,10612599.0,223712210.0,604899090.0,0.017544412242379136
2024-11-15,20.7,20.87,20.41,20.56,8181420.0,168938868.0,604899090.0,0.013525264189106318
2024-11-18,20.56,21.09,20.32,20.63,8991338.0,186168400.0,604899090.0,0.01486419495192165
2024-11-19,20.7,21.06,20.42,21.06,8353868.0,173809831.0,604899090.0,0.013810349756022943
2024-11-20,20.85,21.27,20.62,21.06,7368957.0,154234388.0,604899090.0,0.012182126112968693
2024-11-21,20.98,21.35,20.69,20.85,7103518.0,148538918.0,604899090.0,0.011743310772710867
2024-11-22,20.8,20.83,19.85,19.85,7827236.0,159440070.0,604899090.0,0.012939738428107075
2024-11-25,19.88,20.33,19.79,20.15,6520746.0,130891422.0,604899090.0,0.01077989057645962
2024-11-26,20.17,20.45,20.15,20.2,3961540.0,80374321.0,604899090.0,0.006549092345303413
2024-11-27,20.19,20.43,19.63,20.41,4925840.0,98803408.0,604899090.0,0.008143242536536135
2024-11-28,20.41,20.5,20.19,20.32,3753580.0,76422018.0,604899090.0,0.006205299465734029
2024-11-29,20.27,20.81,20.26,20.71,6001580.0,123653594.0,604899090.0,0.009921621803068013
2024-12-02,20.59,21.1,20.43,20.9,8922325.0,185291502.0,604899090.0,0.014750104848066476
2024-12-03,20.95,21.93,20.8,21.71,15023235.0,323779563.0,604899090.0,0.024835935858326386
2024-12-04,21.48,21.62,21.05,21.22,9356235.0,199502265.0,604899090.0,0.015467431104913713
2024-12-05,21.06,21.15,20.7,21.01,7031152.0,146847644.0,604899090.0,0.011623677595547383
2024-12-06,20.98,21.04,20.53,21.02,7479009.0,155800410.0,604899090.0,0.012364060590668106
2024-12-09,20.93,21.4,20.78,21.05,8815942.0,186132207.0,604899090.0,0.014574235844858023
2024-12-10,21.75,21.78,21.06,21.14,10567536.0,226695844.0,604899090.0,0.017469915519297607
2024-12-11,21.0,21.51,21.0,21.34,9486410.0,202409606.0,604899090.0,0.015682632288304483
2024-12-12,21.32,21.95,21.09,21.93,12934700.0,279951077.0,604899090.0,0.021383236003876285
2024-12-13,21.79,21.8,21.0,21.2,22238145.0,474376492.0,604899090.0,0.03676339635425803
2024-12-16,21.21,21.32,20.37,20.48,10681259.0,222335229.0,604899090.0,0.01765791877782458
2024-12-17,20.34,20.49,20.01,20.09,6497859.0,131236018.0,604899090.0,0.010742054513588374
2024-12-18,20.15,20.25,19.71,19.76,6452676.0,128397955.0,604899090.0,0.0106673594103109
2024-12-19,19.6,19.65,19.32,19.64,5721780.0,111578418.0,604899090.0,0.009459065312860695
2024-12-20,19.58,19.85,19.35,19.58,7223346.0,141362886.0,604899090.0,0.011941406623706444
2024-12-23,19.58,19.66,19.22,19.22,5557100.0,107879343.0,604899090.0,0.009186821557294788
2024-12-24,19.2,19.88,19.19,19.77,7381273.0,144268579.0,604899090.0,0.012202486533745654
2024-12-25,19.75,19.87,19.44,19.87,5959664.0,117253850.0,604899090.0,0.009852327600625089
2024-12-26,19.79,19.99,19.64,19.71,4421060.0,87386398.0,604899090.0,0.007308756242301505
2024-12-27,19.73,20.29,19.56,20.11,7357860.0,146978982.0,604899090.0,0.012163780904348855
2024-12-30,20.0,20.13,19.77,19.84,6460883.0,128803408.0,604899090.0,0.010680926962545108
2024-12-31,19.9,19.92,19.44,19.46,5055400.0,99303708.0,601261650.0,0.008407986772480832
2025-01-02,19.37,19.84,18.93,19.05,7649720.0,148537979.0,601261650.0,0.012722780506623031
2025-01-03,19.04,19.25,18.51,18.59,5878251.0,110820344.0,601261650.0,0.009776527406994941
2025-01-06,18.58,18.87,18.4,18.72,5276404.0,98691321.0,601261650.0,0.008775553870764915
2025-01-07,18.77,19.01,18.62,18.83,4302372.0,80892165.0,601261650.0,0.007155573617575643
2025-01-08,18.83,18.83,18.22,18.53,4274840.0,79134890.0,601261650.0,0.007109783236632504
2025-01-09,18.58,18.65,18.25,18.27,4431900.0,81782737.0,601261650.0,0.007371000628428572
2025-01-10,18.26,18.35,17.89,17.92,5103851.0,92106804.0,601261650.0,0.008488568994879351
2025-01-13,17.81,18.15,17.54,18.08,5574751.0,100033794.0,601261650.0,0.009271755482825156
2025-01-14,18.13,18.58,18.06,18.5,6231520.0,114439952.0,601261650.0,0.010364073610881385
2025-01-15,18.5,18.81,18.43,18.62,5461620.0,101746779.0,601261650.0,0.009083599461232893
2025-01-16,18.68,18.99,18.5,18.61,5055032.0,94719847.0,601261650.0,0.008407374726127967
2025-01-17,18.53,19.22,18.45,19.2,6795512.0,128426022.0,601261650.0,0.011302087868068751
2025-01-20,19.07,19.14,18.77,18.98,7991651.0,151527349.0,601261650.0,0.013291469695431265
2025-01-21,19.02,19.11,18.68,18.83,4565251.0,85962046.0,601261650.0,0.007592785936039659
2025-01-22,18.79,18.82,18.39,18.57,5159240.0,95649869.0,601261650.0,0.008580690286832697
2025-01-23,18.69,18.85,18.53,18.56,4980406.0,93154980.0,601261650.0,0.0082832590437125
2025-01-24,18.53,18.66,18.36,18.61,4338286.0,80623489.0,601261650.0,0.007215304684740828
2025-01-27,18.63,19.06,18.63,18.86,6028380.0,113848468.0,601261650.0,0.010026217371422242
2025-02-05,18.96,18.96,18.43,18.56,5610926.0,104481007.0,601261650.0,0.009331920637213434
2025-02-06,18.56,18.56,18.15,18.5,5695500.0,104573040.0,601261650.0,0.009472581529189497
2025-02-07,18.46,19.03,18.28,18.77,10367687.0,193213349.0,601261650.0,0.017243220152158383
2025-02-10,18.74,18.85,18.54,18.72,6852320.0,128016431.0,601261650.0,0.011396569197453387
2025-02-11,18.73,18.81,18.26,18.3,7401780.0,136114818.0,601261650.0,0.012310414276380341
2025-02-12,18.31,18.32,18.08,18.27,5309742.0,96543790.0,601261650.0,0.008831000613460047
2025-02-13,18.23,18.76,18.18,18.59,11649957.0,216473256.0,601261650.0,0.019375852426310576
2025-02-14,18.69,18.69,18.23,18.33,10672758.0,196254919.0,601261650.0,0.017750604915513904
2025-02-17,18.33,18.33,18.05,18.15,8466241.0,153696121.0,601261650.0,0.01408079327860009
2025-02-18,18.26,18.26,17.73,17.87,7468098.0,134128419.0,601261650.0,0.01242071234711211
2025-02-19,17.78,17.95,17.6,17.94,8345214.0,148294943.0,601261650.0,0.013879504871132226
2025-02-20,17.84,17.97,17.71,17.8,5999728.0,106894882.0,601261650.0,0.009978564240709515
2025-02-21,17.76,18.1,17.73,17.87,6955791.0,124420571.0,601261650.0,0.01156865900228295
2025-02-24,18.11,18.54,18.06,18.2,12646140.0,231609408.0,601261650.0,0.021032673545701777
2025-02-25,18.14,18.14,17.65,17.71,10237226.0,182355812.0,601261650.0,0.01702624140422061
2025-02-26,17.69,18.05,17.64,17.95,7853496.0,140214551.0,601261650.0,0.013061694521844192
2025-02-27,17.96,18.02,17.8,17.91,7027359.0,125750151.0,601261650.0,0.011687688712559666
2025-02-28,17.86,18.3,17.79,17.94,11563114.0,208914357.0,601261650.0,0.019231417802881658
2025-03-03,17.94,18.43,17.94,18.17,10110894.0,184386208.0,601261650.0,0.016816129882888754
2025-03-04,18.17,18.62,18.09,18.59,11271614.0,207421432.0,601261650.0,0.018746603911957465
2025-03-05,19.1,19.27,18.27,18.31,12855782.0,239355027.0,601261650.0,0.021381343712841158
2025-03-06,18.25,18.36,18.09,18.24,10205002.0,185732414.0,601261650.0,0.016972647432278443
2025-03-07,18.16,18.28,18.01,18.13,7489236.0,135823132.0,601261650.0,0.012455868422674222
2025-03-10,18.3,18.5,18.12,18.2,9014740.0,164788944.0,601261650.0,0.01499304005169796
2025-03-11,18.01,18.49,17.93,18.49,11195876.0,204693818.0,601261650.0,0.018620638785127906
2025-03-12,18.48,18.55,18.28,18.31,8073860.0,148256430.0,601261650.0,0.01342819719168851
2025-03-13,18.35,18.75,18.3,18.38,10522321.0,194624269.0,601261650.0,0.017500402694899966
2025-03-14,18.38,18.61,18.35,18.58,10171641.0,188297027.0,601261650.0,0.01691716243668626
2025-03-17,18.7,19.26,18.66,18.95,14569862.0,275720109.0,601261650.0,0.024232149181641637
2025-03-18,18.94,18.98,18.72,18.87,9266043.0,174447160.0,601261650.0,0.015410999520757727
2025-03-19,18.8,18.87,18.63,18.72,6987140.0,130782595.0,601261650.0,0.011620797700967623
2025-03-20,18.75,18.96,18.51,18.53,8792599.0,164467127.0,601261650.0,0.014623581929763856
2025-03-21,18.4,18.61,18.26,18.31,7617259.0,140106045.0,601261650.0,0.012668792363524266
2025-03-24,18.28,18.34,18.02,18.21,6026874.0,109546054.0,601261650.0,0.01002371263824992
2025-03-25,18.18,18.84,18.06,18.78,10788880.0,199624017.0,601261650.0,0.017943735476892632
2025-03-26,18.69,19.9,18.59,19.52,28174878.0,548511160.0,601261650.0,0.0468595959845435
2025-03-27,19.34,19.64,19.28,19.32,16118786.0,313085411.0,601261650.0,0.026808272238883022
2025-03-28,19.3,19.35,18.9,19.02,10357040.0,197821881.0,601261650.0,0.01722551238716123
2025-03-31,19.03,19.27,18.59,18.68,10795000.0,204050974.0,618816240.0,0.017444597123049
2025-04-01,18.7,19.12,18.63,18.88,9823490.0,185632257.0,618816240.0,0.01587464802151928
2025-04-02,18.81,19.13,18.78,19.04,8304497.0,157627183.0,618816240.0,0.013419972623860034
2025-04-03,18.81,19.97,18.81,19.64,19314463.0,378389665.0,618816240.0,0.031211952356001518
2025-04-07,19.69,21.55,19.38,19.9,51196966.0,1037520394.0,618816240.0,0.08273371429295391
2025-04-08,19.6,23.78,19.6,22.44,61079900.0,1304503585.0,618816240.0,0.0987044231418361
2025-04-09,22.93,24.18,21.15,22.3,59561147.0,1343382012.0,618816240.0,0.09625013558144499
2025-04-10,20.7,22.71,20.67,21.99,52138877.0,1140737977.0,618816240.0,0.0842558317474021
2025-04-11,21.95,21.99,20.81,20.85,36643740.0,772643799.0,618816240.0,0.059215866732909274
2025-04-14,20.56,21.25,20.5,21.0,30967582.0,649641372.0,618816240.0,0.05004326001528337
2025-04-15,20.94,21.27,20.6,21.22,28209422.0,593799617.0,618816240.0,0.045586104850771206
2025-04-16,20.96,21.11,20.1,20.42,25638531.0,526896382.0,618816240.0,0.04143157425861997
2025-04-17,20.3,20.65,20.11,20.4,15501364.0,316244183.0,618816240.0,0.025050027775612355
2025-04-18,20.4,20.54,20.03,20.13,14215200.0,287642187.0,618816240.0,0.02297160139171525
2025-04-21,20.03,20.53,19.65,20.53,17948129.0,361418648.0,618816240.0,0.029003972164660708
2025-04-22,20.19,20.7,19.9,20.34,20448609.0,415319396.0,618816240.0,0.03304471938228382
2025-04-23,20.26,20.54,19.86,19.9,19354819.0,389650196.0,618816240.0,0.03127716719263864
2025-04-24,19.92,20.27,19.82,19.92,15785226.0,316319763.0,618816240.0,0.02550874553647784
2025-04-25,19.94,19.98,19.49,19.51,15880261.0,312617179.0,618816240.0,0.025662321014716744
2025-04-28,19.48,19.54,18.98,19.06,14336600.0,275208962.0,618816240.0,0.02316778240984755
2025-04-29,19.02,19.14,18.8,19.07,8467260.0,161071991.0,618816240.0,0.01368299577916701
2025-04-30,19.07,19.23,19.0,19.0,10097659.0,193146909.0,618816240.0,0.01631770200471791
2025-05-06,19.1,19.37,19.06,19.37,9991760.0,192340740.0,618816240.0,0.01614657042614137
2025-05-07,19.54,19.56,19.24,19.45,12336858.0,239204754.0,618816240.0,0.01993622210044132
2025-05-08,19.4,19.48,19.24,19.37,8793426.0,170227816.0,618816240.0,0.014210076322495997
2025-05-09,19.36,19.47,18.99,19.28,11212195.0,215315041.0,618816240.0,0.018118779494216246
2025-05-12,19.16,19.25,19.01,19.18,10470300.0,200108137.0,618816240.0,0.01691988561903288
2025-05-13,19.19,19.39,19.1,19.34,10678360.0,205552015.0,618816240.0,0.01725610821073474
2025-05-14,19.33,19.4,19.11,19.28,8553004.0,164540107.0,618816240.0,0.013821557107163186
2025-05-15,19.29,19.49,19.26,19.3,12246764.0,237687550.0,618816240.0,0.019790631221960172
2025-05-16,19.25,19.26,18.59,18.7,16245650.0,304761755.0,618816240.0,0.026252785479579526
2025-05-19,18.88,19.03,18.73,18.9,9142889.0,172668424.0,618816240.0,0.0147748045526407
2025-05-20,18.81,19.18,18.78,19.04,10688310.0,202909290.0,618816240.0,0.017272187297476226
2025-05-21,18.96,19.22,18.91,19.14,6751880.0,128637606.0,618816240.0,0.010910961224934885
2025-05-22,18.6,18.7,18.24,18.32,8466684.0,155884109.0,618816240.0,0.013682064969723485
2025-05-23,18.29,18.39,18.03,18.07,6969422.0,126971996.0,618816240.0,0.011262506620705364
2025-05-26,18.04,18.14,17.94,18.09,5118600.0,92374898.0,618816240.0,0.008271599336177732
2025-05-27,18.06,18.19,18.02,18.15,4165798.0,75436102.0,618816240.0,0.006731882149699239
2025-05-28,18.06,18.18,17.96,18.08,4562378.0,82461023.0,618816240.0,0.007372750915522191
2025-05-29,18.08,18.24,17.96,18.19,4880277.0,88488337.0,618816240.0,0.007886472080952497
2025-05-30,18.15,19.3,18.12,18.98,26589895.0,502570700.0,618816240.0,0.04296896765346688
2025-06-03,18.65,19.44,18.53,19.28,17952240.0,343117034.0,618816240.0,0.02901061549386616
2025-06-04,19.15,19.27,18.98,19.15,9532284.0,182107037.0,618816240.0,0.015404062440248821
2025-06-05,19.15,19.15,18.67,18.72,10516680.0,197525581.0,618816240.0,0.016994835171100228
2025-06-06,18.77,18.89,18.65,18.78,5630850.0,105716376.0,618816240.0,0.009099389505356227
2025-06-09,18.63,19.6,18.55,19.42,15783578.0,304106407.0,618816240.0,0.025506082387236638
2025-06-10,19.25,19.5,18.85,19.08,10911041.0,208723901.0,628441380.0,0.017362066450812008
2025-06-11,19.06,19.98,19.02,19.82,20428683.0,402595456.0,628441380.0,0.03250690303047835
2025-06-12,19.72,19.82,19.42,19.72,10098350.0,198371897.0,628441380.0,0.016068881396702425
2025-06-13,19.65,19.73,19.32,19.38,8984740.0,174613619.0,628441380.0,0.01429686250132033
2025-06-16,19.32,19.53,19.13,19.45,8947660.0,172963195.0,628441380.0,0.0142378593847528
2025-06-17,19.45,19.91,19.44,19.78,13528418.0,266778497.0,628441380.0,0.021526937007235264
2025-06-18,19.67,19.84,19.16,19.18,9028940.0,174674000.0,628441380.0,0.014367195234661345
2025-06-19,19.17,19.27,18.86,19.03,6842840.0,130347413.0,628441380.0,0.01088858916324065
2025-06-20,18.94,19.15,18.77,18.81,5093100.0,96288176.0,628441380.0,0.008104335841156735
2025-06-23,18.74,18.83,18.54,18.62,6523620.0,121488253.0,628441380.0,0.010380634069640671
2025-06-24,18.64,18.88,18.6,18.79,6206612.0,116547995.0,628441380.0,0.009876198795184365
2025-06-25,18.83,18.98,18.68,18.96,6343100.0,119384409.0,628441380.0,0.010093383729760125
2025-06-26,18.97,18.97,18.71,18.79,5619722.0,105729992.0,628441380.0,0.008942316942910412
2025-06-27,18.75,18.87,18.71,18.73,4617139.0,86645771.0,628441380.0,0.00734696846347069
2025-06-30,18.72,18.82,18.59,18.79,6869215.0,128372966.0,628016130.0,0.010937959507505006
2025-07-01,18.51,18.73,18.2,18.67,13866641.0,255410002.0,628016130.0,0.022080071414726243
2025-07-02,18.55,18.75,18.44,18.75,9342560.0,173897319.0,628016130.0,0.014876305804438494
2025-07-03,18.75,19.1,18.67,18.7,11978526.0,226012547.0,628016130.0,0.019073596087412596
2025-07-04,18.7,18.73,18.49,18.65,7128332.0,132676598.0,628016130.0,0.011350555597990772
2025-07-07,18.55,18.69,18.51,18.63,3548940.0,66013227.0,628016130.0,0.0056510331987810565
2025-07-08,18.6,18.75,18.49,18.72,5926972.0,110308863.0,628016130.0,0.009437611100848635
2025-07-09,18.72,19.3,18.7,19.1,14206142.0,270811043.0,628016130.0,0.022620664217653137
2025-07-10,19.28,19.41,18.94,19.16,9730559.0,186424282.0,628016130.0,0.015494122738535393
2025-07-11,19.13,19.6,19.09,19.17,10036919.0,193340574.0,628016130.0,0.015981944603875062
2025-07-14,19.06,19.17,19.0,19.05,5614072.0,106968695.0,628016130.0,0.008939375490244176
2025-07-15,18.99,19.08,18.42,18.72,11973193.0,223442709.0,628016130.0,0.019065104267306
2025-07-16,18.66,18.84,18.62,18.77,4507618.0,84577018.0,628016130.0,0.007177551315441532
2025-07-17,18.7,18.88,18.61,18.72,5864080.0,109664077.0,628016130.0,0.00933746717620135
2025-07-18,18.68,18.8,18.67,18.75,5285620.0,99043175.0,628016130.0,0.008416376184477936
2025-07-21,18.74,19.26,18.68,19.16,10127280.0,192751833.0,628016130.0,0.01612582785095026
2025-07-22,19.1,19.93,19.01,19.8,20386454.0,398097326.0,628016130.0,0.0324616726006703
2025-07-23,20.14,20.61,19.63,19.77,18929258.0,377636662.0,628016130.0,0.030141356401148487
2025-07-24,19.77,19.81,19.49,19.8,10992230.0,215895346.0,628016130.0,0.01750310139327154
2025-07-25,19.83,19.98,19.67,19.67,8299239.0,164482302.0,628016130.0,0.01321500930238846
2025-07-28,19.6,19.75,19.4,19.55,8255262.0,161724771.0,628016130.0,0.013144984030903792
2025-07-29,19.55,19.67,19.06,19.3,9378714.0,180457059.0,628016130.0,0.014933874389500156
2025-07-30,19.28,19.9,19.17,19.54,11346700.0,222542696.0,628016130.0,0.018067529571254803
2025-07-31,19.38,19.7,19.21,19.31,8683979.0,168482776.0,628016130.0,0.01382763687932665
2025-08-01,19.4,20.12,19.29,19.66,12733981.0,251675968.0,628016130.0,0.020276519012338106
2025-08-04,19.67,19.94,19.56,19.91,9191653.0,181963889.0,628016130.0,0.014636014205558701
2025-08-05,19.89,20.09,19.78,19.9,7848193.0,156356410.0,628016130.0,0.012496801634696866
2025-08-06,19.89,20.2,19.63,20.18,9322300.0,185800689.0,628016130.0,0.014844045486538698
2025-08-07,20.01,20.41,19.98,20.39,9405172.0,189855826.0,628016130.0,0.014976003880664657
2025-08-08,20.49,20.93,20.3,20.4,13194892.0,271959376.0,628016130.0,0.02101043487529532
2025-08-11,20.53,20.62,20.05,20.36,11211340.0,227350454.0,628016130.0,0.017851993705957837
2025-08-12,20.36,21.04,20.35,20.51,10268822.0,211723221.0,628016130.0,0.016351207412459295
2025-08-13,20.51,20.57,20.1,20.31,9330581.0,189237300.0,628016130.0,0.014857231453593397
2025-08-14,20.28,20.37,19.86,19.89,7881790.0,158065771.0,628016130.0,0.012550298668284205
2025-08-15,19.94,20.19,19.9,20.12,6761320.0,135642609.0,628016130.0,0.010766156595372797
2025-08-18,20.24,20.39,19.98,20.25,13292884.0,267629898.0,628016130.0,0.0211664690841619
2025-08-19,19.8,19.88,19.33,19.5,18570373.0,364189110.0,628016130.0,0.029569898148953593
2025-08-20,19.5,19.53,19.16,19.35,13931070.0,268967427.0,628016130.0,0.022182662728742333
2025-08-21,19.36,19.95,19.25,19.71,17380560.0,342535402.0,628016130.0,0.027675340122235395
2025-08-22,19.78,19.9,19.57,19.75,9924824.0,195830156.0,628016130.0,0.015803453965426015
2025-08-25,19.73,19.99,19.59,19.86,9676533.0,191823146.0,628016130.0,0.015408096285679795
2025-08-26,19.86,20.96,19.68,20.5,20196913.0,412282282.0,628016130.0,0.03215986347357034
2025-08-27,20.2,20.5,19.67,19.72,13540016.0,271867145.0,628016130.0,0.021559981269907828
2025-08-28,19.68,19.8,19.03,19.37,13014658.0,252434198.0,628016130.0,0.02072344543125031
2025-08-29,19.33,19.97,19.31,19.79,11814975.0,233401651.0,628016130.0,0.01881317124768754
2025-09-01,19.8,19.88,19.49,19.87,9560164.0,188368641.0,628016130.0,0.015222800089545472
2025-09-02,19.84,20.24,19.4,19.62,9702516.0,192792112.0,628016130.0,0.01544946942684418
2025-09-03,19.68,19.82,18.95,18.96,8551598.0,164965606.0,628016130.0,0.013616844522767273
2025-09-04,19.1,19.52,18.87,19.37,10863061.0,209539323.0,628016130.0,0.017297423555028755
2025-09-05,19.36,19.8,19.07,19.76,7763702.0,151265718.0,628016130.0,0.012362265281307344
2025-09-08,19.8,21.72,19.8,21.47,32234486.0,680534836.0,628016130.0,0.05132748103141873
2025-09-09,21.18,21.4,20.8,21.05,14647738.0,308451256.0,628016130.0,0.02332382450113184
2025-09-10,20.85,21.21,20.53,20.99,11617293.0,242019629.0,628016130.0,0.018498399077743432
2025-09-11,21.66,24.1,21.35,23.92,49176913.0,1150743491.0,628016130.0,0.07830517505975523
2025-09-12,23.17,23.79,22.84,23.18,26027682.0,604386745.0,628016130.0,0.04144428901850021
2025-09-15,23.05,25.4,23.04,24.86,38152952.0,932731797.0,628016130.0,0.06075154789415998
2025-09-16,24.5,25.15,23.76,24.23,18945820.0,458691997.0,628016130.0,0.030167728335257885
2025-09-17,23.99,24.36,23.46,23.8,14211324.0,337419770.0,628016130.0,0.02262891559807548
2025-09-18,23.78,24.08,22.42,22.68,17792518.0,411366647.0,628016130.0,0.02833130735033828
2025-09-19,22.66,23.0,22.45,22.75,10266753.0,233560504.0,628016130.0,0.01634791291109036
2025-09-22,22.98,22.98,22.03,22.4,9642815.0,214861412.0,628016130.0,0.015354406581881901
2025-09-23,22.5,22.55,21.8,22.51,10117949.0,224280753.0,628016130.0,0.016110969952316354
2025-09-24,22.37,22.97,22.2,22.71,9410751.0,212917883.0,628016130.0,0.014984887410455524
2025-09-25,22.9,23.18,22.02,22.6,11147282.0,250830076.0,628016130.0,0.017749993141099735
2025-09-26,22.6,23.45,22.5,22.87,12225295.0,280749167.0,628016130.0,0.019466530262526857
2025-09-29,22.6,22.61,21.94,22.36,9590836.0,213673165.0,628016130.0,0.015271639599447868
2025-09-30,22.36,22.44,21.51,21.71,13972311.0,304432428.0,628011630.0,0.022248490844031025
2025-10-09,21.66,22.23,21.25,22.17,13296349.0,288475627.0,628011630.0,0.021172138165657856
2025-10-10,22.09,23.26,21.93,22.95,16186102.0,367538952.0,628011630.0,0.025773570467158387
2025-10-13,22.95,23.65,22.8,23.16,16607253.0,385166782.0,628011630.0,0.02644418065952059
2025-10-14,22.85,23.89,22.62,23.25,16264391.0,380254919.0,628011630.0,0.025898232171273645
2025-10-15,23.16,23.25,22.75,22.99,9325141.0,214121878.0,628011630.0,0.014848675652710443
2025-10-16,22.97,23.94,22.63,22.67,11498239.0,267138262.0,628011630.0,0.01830895870511188
2025-10-17,22.59,22.99,22.23,22.24,9192355.0,206879507.0,628011630.0,0.014637236893208491
2025-10-20,22.22,22.34,21.9,22.0,6744817.0,148887770.0,628011630.0,0.010739955564198708
2025-10-21,21.94,22.29,21.73,22.22,6799023.0,149645267.0,628011630.0,0.010826269252370374
2025-10-22,22.19,22.22,21.28,21.41,9166738.0,197718185.0,628011630.0,0.014596446247340992
2025-10-23,21.38,21.75,21.28,21.58,5100292.0,109685397.0,628011630.0,0.008121333676575384
2025-10-24,21.55,21.88,21.36,21.48,6323040.0,136565355.0,628011630.0,0.01006834857500967
2025-10-27,21.52,22.45,21.39,22.15,8790880.0,193638904.0,628011630.0,0.013997957330822042
2025-10-28,22.15,22.19,21.4,21.57,8719026.0,189964328.0,628011630.0,0.013883542252235042
2025-10-29,21.57,21.57,21.24,21.32,6377555.0,136408692.0,628011630.0,0.010155154292285957
2025-10-30,21.32,21.32,20.62,20.65,9215032.0,192316485.0,628011630.0,0.014673346097109699
2025-10-31,20.66,21.22,20.66,20.93,7351906.0,154167818.0,628011630.0,0.011706639891366343
2025-11-03,21.0,21.7,20.92,21.44,7794440.0,166776490.0,628011630.0,0.012411298816233705
2025-11-04,21.52,21.52,20.69,20.86,5613322.0,118060960.0,628011630.0,0.008938245299692938
2025-11-05,20.79,21.18,20.68,21.01,4349673.0,91371857.0,628011630.0,0.006926102626475246
2025-11-06,20.97,21.46,20.8,21.28,5128360.0,108718206.0,628011630.0,0.008166027116408656
2025-11-07,21.28,21.52,20.68,20.7,8947895.0,187551839.0,628011630.0,0.014247976586038701
2025-11-10,20.65,21.85,20.46,21.62,11593755.0,246616035.0,628011630.0,0.018461051429891514
2025-11-11,21.57,21.63,21.26,21.61,5869980.0,125913890.0,628011630.0,0.009346928814041231
2025-11-12,21.85,21.87,21.15,21.43,5759234.0,123460960.0,628011630.0,0.009170584946014455
2025-11-13,21.38,21.9,21.24,21.83,7308034.0,158276618.0,628011630.0,0.011636781312473464
2025-11-14,21.89,22.33,21.2,21.2,7808600.0,169274376.0,628011630.0,0.012433846169377469
2025-11-17,21.11,21.35,20.49,20.5,9106489.0,188432215.0,628011630.0,0.014500510125903242
2025-11-18,20.68,20.68,20.34,20.45,4844534.0,99233750.0,628011630.0,0.0077140832567065675
2025-11-19,20.55,21.01,20.25,20.84,6882090.0,141989765.0,628011630.0,0.010958539095844452
2025-11-20,20.91,20.99,20.14,20.39,6323294.0,129042568.0,628011630.0,0.010068753026118323
2025-11-21,20.39,20.76,19.98,19.99,7669917.0,155730674.0,628011630.0,0.012213017456380546
2025-11-24,19.99,20.99,19.99,20.44,11315382.0,234263834.0,628011630.0,0.018017790530407852
2025-11-25,20.43,20.7,20.18,20.62,8110675.0,166557315.0,628011630.0,0.01291484840814174
2025-11-26,20.6,20.89,20.26,20.39,5540285.0,113422601.0,628011630.0,0.008821946498029025
2025-11-27,20.38,20.75,20.19,20.29,6635909.0,135872962.0,628011630.0,0.010566538393564463
2025-11-28,20.27,20.74,20.12,20.66,6520729.0,133258730.0,628011630.0,0.010383134146735468
2025-12-01,20.66,20.75,20.42,20.64,5134730.0,105546783.0,628011630.0,0.00817617024066895
2025-12-02,20.54,20.99,20.2,20.35,6336852.0,129849581.0,628011630.0,0.010090341798288036
2025-12-03,20.32,20.49,19.83,19.99,5901765.0,118276401.0,628011630.0,0.00939754093407474
2025-12-04,19.96,20.14,19.76,19.91,5242535.0,104409991.0,628011630.0,0.008347831074402236
2025-12-05,19.9,20.1,19.78,20.03,3526303.0,70296636.0,628011630.0,0.005615028180290228
2025-12-08,20.04,20.2,19.8,20.14,4559742.0,91145624.0,628011630.0,0.007260601208929841
2025-12-09,20.15,20.57,19.93,19.93,5853291.0,118051490.0,628011630.0,0.009320354465410139
2025-12-10,20.02,20.48,19.91,20.19,5595813.0,113071159.0,628011630.0,0.008910365242758322
2025-12-11,20.12,20.18,19.6,19.72,7574600.0,149599080.0,628011630.0,0.012061241604713594
2025-12-12,19.76,20.39,19.63,20.36,11498488.0,231350093.0,628011630.0,0.018309355194584532
2025-12-15,20.33,20.91,20.18,20.39,7520067.0,154917186.0,628011630.0,0.011974407225547719
2025-12-16,20.38,20.66,20.24,20.42,5336600.0,108969041.0,628011630.0,0.008497613332415516
2025-12-17,21.0,21.0,19.8,20.29,10610092.0,214089875.0,628011630.0,0.016894738079930145
2025-12-18,19.83,20.35,19.8,20.11,5925432.0,119324463.0,628011630.0,0.009435226541903373
2025-12-19,20.13,20.5,19.86,20.35,6738888.0,135953533.0,628011630.0,0.010730514656233356
2025-12-22,20.24,20.55,20.15,20.3,4903511.0,99630980.0,628011630.0,0.007807993937946659
2025-12-23,20.3,20.42,19.92,19.98,4870689.0,97887600.0,628011630.0,0.007755730574607353
2025-12-24,19.91,19.98,19.6,19.88,6168700.0,121961836.0,628011630.0,0.009822588795051455
2025-12-25,19.87,20.37,19.84,20.27,6067120.0,122298652.0,628011630.0,0.009660840198134547
2025-12-26,20.29,20.51,20.2,20.3,5459180.0,110962503.0,628011630.0,0.008692800800520206
2025-12-29,20.21,20.68,20.02,20.52,7657735.0,156656227.0,628011630.0,0.012193619726437233
2025-12-30,20.52,21.09,20.38,20.78,9088346.0,188414552.0,628011630.0,0.014471620533524196
2025-12-31,20.71,20.96,20.58,20.75,5374883.0,111383414.0,628012755.0,0.008558557063064746
2026-01-05,20.66,20.8,20.35,20.72,7250053.0,149234497.0,628012755.0,0.011544435908789782
2026-01-06,20.69,20.93,20.45,20.81,10122365.0,209409275.0,628012755.0,0.016118088238510377
2026-01-07,20.73,21.1,20.52,20.63,8038440.0,166759784.0,628012755.0,0.012799803723731695
2026-01-08,20.56,21.13,20.45,20.79,7713423.0,161063607.0,628012755.0,0.012282271241449547
2026-01-09,20.86,21.41,20.83,21.19,10076856.0,213884845.0,628012755.0,0.016045623149803703
2026-01-12,21.3,21.35,20.88,21.1,11363925.0,238430949.0,628012755.0,0.018095054454745907
2026-01-13,21.05,21.19,20.52,20.63,10242948.0,212933679.0,628012755.0,0.016310095485242176
2026-01-14,20.63,20.8,20.4,20.5,12368045.0,254526331.0,628012755.0,0.01969393917803469
2026-01-15,20.5,20.86,20.45,20.54,6185717.0,127670075.0,628012755.0,0.0098496677826233
2026-01-16,20.52,20.73,19.94,20.13,10331237.0,209409473.0,628012755.0,0.016450680209512625
2026-01-19,20.1,20.42,20.06,20.13,5312851.0,107401774.0,628012755.0,0.008459781999172931
2026-01-20,20.07,20.29,19.77,19.83,8281557.0,165617496.0,628012755.0,0.013186924841996243
2026-01-21,19.84,19.96,19.42,19.56,8492990.0,167378119.0,628012755.0,0.0135235947556511
2026-01-22,19.57,19.62,19.33,19.51,6927100.0,134951097.0,628012755.0,0.0110301899839598
2026-01-23,19.49,19.7,19.48,19.57,8666288.0,169618665.0,628012755.0,0.013799541380333907
2026-01-26,19.58,19.8,19.17,19.73,10892240.0,212254745.0,628012755.0,0.01734397894514101
2026-01-27,19.68,19.71,18.81,19.21,13815515.0,263994068.0,628012755.0,0.021998780900556708
2026-01-28,19.1,19.92,18.92,19.61,11516985.0,223322735.0,628012755.0,0.018338775619294548
2026-01-29,19.4,19.83,19.33,19.78,9967818.0,195858132.0,628012755.0,0.01587199928765778
2026-01-30,19.75,20.76,19.62,20.11,19242267.0,390531455.0,628012755.0,0.03063993023517492
2026-02-02,19.78,19.93,19.27,19.27,10371175.0,203255903.0,628012755.0,0.01651427445928228
2026-02-03,19.41,19.5,19.05,19.46,6211818.0,119958953.0,628012755.0,0.009891229040403805
2026-02-04,19.58,19.93,19.27,19.84,8208270.0,161216639.0,628012755.0,0.013070228167579176
2026-02-05,19.8,20.29,19.73,19.85,7240300.0,144696229.0,628012755.0,0.011528905969433694
2026-02-06,19.71,20.49,19.63,20.18,9725982.0,196451198.0,628012755.0,0.015486917936881712
2026-02-09,20.22,20.55,20.03,20.31,5677982.0,115059854.0,628012755.0,0.009041188980309802
2026-02-10,20.35,20.37,20.06,20.13,4286465.0,86352862.0,628012755.0,0.00682544258197431
2026-02-11,20.13,20.28,20.0,20.17,4004160.0,80688062.0,628012755.0,0.00637592145720034
2026-02-12,20.16,20.16,19.67,19.68,5962660.0,118349293.0,628012755.0,0.009494488690759155
2026-02-13,19.81,20.19,19.66,19.67,5543843.0,110597749.0,628012755.0,0.008827596184730356
2026-02-24,19.85,19.85,19.46,19.48,4837285.0,94649857.0,628012755.0,0.007702526678777408
2026-02-25,19.48,19.83,19.46,19.58,4837020.0,95118021.0,628012755.0,0.007702104712825459
2026-02-26,19.7,19.97,19.57,19.74,6178955.0,121956609.0,628012755.0,0.009838900485389027
2026-02-27,19.73,20.69,19.66,20.65,15074266.0,307208978.0,628012755.0,0.02400312076464116
2026-03-02,20.39,21.04,20.33,20.79,10744502.0,222985863.0,628012755.0,0.017108732130766992
2026-03-03,20.78,21.16,20.49,20.6,12930408.0,269435154.0,628012755.0,0.02058940347477497
2026-03-04,20.54,21.3,20.52,20.83,14745860.0,308005323.0,628012755.0,0.023480191895147096
2026-03-05,20.99,21.0,19.81,19.98,13812975.0,279091437.0,628012755.0,0.021994736396715384
2026-03-06,20.01,21.43,19.93,21.29,16352094.0,340431550.0,628012755.0,0.02603783740029293
2026-03-09,21.29,21.99,21.01,21.48,18660663.0,403869980.0,628012755.0,0.029713828025674415
2026-03-10,21.36,21.99,21.09,21.74,11795780.0,255806138.0,628012755.0,0.01878270768561062
2026-03-11,21.7,22.22,21.51,22.05,9612860.0,210083255.0,628012755.0,0.015306791022102728
2026-03-12,22.0,22.66,21.72,22.56,15369991.0,343522292.0,628012755.0,0.02447401088215159
2026-03-13,22.47,22.76,21.85,21.92,10607690.0,235348350.0,628012755.0,0.01689088305220807
2026-03-16,22.0,22.66,21.92,22.05,9859908.0,219216940.0,628012755.0,0.015700171567375253
2026-03-17,22.0,22.56,21.72,21.78,8995066.0,199057615.0,628012755.0,0.014323062594485044
2026-03-18,21.89,22.0,21.34,21.68,9308620.0,200741657.0,628012755.0,0.014822342262777769
2026-03-19,21.58,21.7,21.02,21.19,6007060.0,127697588.0,628012755.0,0.009565187891765033
2026-03-20,21.26,21.84,21.2,21.2,7377660.0,158436376.0,628012755.0,0.011747627641734761
2026-03-23,21.07,21.13,19.56,19.77,11450635.0,230954653.0,628012755.0,0.018233124898872476
2026-03-24,19.99,20.08,19.14,19.68,8703883.0,169794662.0,628012755.0,0.013859404814158592
2026-03-25,19.69,20.2,19.62,19.88,5801473.0,115568444.0,628012755.0,0.009237826706242614
2026-03-26,19.87,20.53,19.4,20.49,12928496.0,259142894.0,628012755.0,0.020586358950623544
2026-03-27,20.17,21.13,20.11,20.47,9179057.0,190100435.0,628012755.0,0.014616035943410098
2026-03-30,20.43,21.02,20.32,20.54,7124074.0,147093665.0,628012755.0,0.011343836479881686
2026-03-31,20.54,20.79,19.66,19.72,6306021.0,126641827.0,638137680.0,0.009881912943927712
2026-04-01,19.92,19.95,19.4,19.86,6971200.0,137386257.0,638137680.0,0.010924288313456118
2026-04-02,19.8,21.1,19.77,20.46,11858749.0,243347147.0,638137680.0,0.01858337059801891
2026-04-03,20.37,20.37,19.32,19.55,8210800.0,161655591.0,638137680.0,0.012866815825700812
2026-04-07,19.4,20.74,19.3,20.22,9927056.0,199787915.0,638137680.0,0.015556291864790055
2026-04-08,20.11,20.77,20.11,20.65,8903800.0,183139419.0,638137680.0,0.013952788370058323
2026-04-09,20.65,20.91,20.43,20.83,7066100.0,146502781.0,638137680.0,0.011073002302575206
2026-04-10,20.77,20.96,20.5,20.67,5277227.0,109366623.0,638137680.0,0.00826973107120081
2026-04-13,20.83,21.98,20.6,21.49,13741417.0,295142224.0,638137680.0,0.021533624217269225
2026-04-14,21.33,21.95,20.91,21.71,12693765.0,273210291.0,638137680.0,0.019891890728032234
2026-04-15,21.54,22.08,21.31,21.96,10811729.0,234323314.0,638137680.0,0.016942627490669413
2026-04-16,21.98,22.28,21.49,22.12,11043910.0,241974722.0,638137680.0,0.017306469036587842
2026-04-17,21.97,22.15,21.65,21.89,7757140.0,170068972.0,638137680.0,0.012155903409433526
2026-04-20,22.0,22.5,21.46,21.92,9249160.0,201724004.0,638137680.0,0.014493988193895713
2026-04-21,21.78,22.48,21.78,22.17,9075620.0,201293174.0,638137680.0,0.01422204061042125
2026-04-22,22.26,23.55,22.08,22.29,20448602.0,464852227.0,638137680.0,0.032044185198404206
2026-04-23,22.14,22.8,21.91,22.3,12838420.0,286341935.0,638137680.0,0.020118573784892315
2026-04-24,22.2,22.38,21.72,21.77,10002280.0,220395410.0,638137680.0,0.015674172382361122
2026-04-27,21.79,21.97,21.33,21.49,7411733.0,159973462.0,638137680.0,0.011614629933778554
2026-04-28,21.49,21.74,21.2,21.74,6521226.0,139820726.0,638137680.0,0.010219152080159253
2026-04-29,21.74,22.82,21.48,22.52,11972366.0,267670911.0,638137680.0,0.018761415248195343
2026-04-30,22.29,23.13,22.28,22.75,11261264.0,256399018.0,638137680.0,0.017647075784648854
2026-05-06,22.6,23.14,22.48,23.06,9621023.0,219818396.0,638137680.0,0.015076719807549994
2026-05-07,22.98,23.1,22.48,22.68,6653936.0,151131691.0,638137680.0,0.01042711660593369
2026-05-08,22.58,23.02,22.1,22.23,7979360.0,178812376.0,638137680.0,0.012504135471204271
2026-05-11,22.45,22.67,21.93,22.2,9313220.0,208180963.0,638137680.0,0.014594374054200969
2026-05-12,22.18,22.18,20.87,20.92,10356740.0,220924757.0,638137680.0,0.01622963245173048
2026-05-13,20.93,21.17,20.54,20.67,6594912.0,136701823.0,638137680.0,0.010334622459529423
2026-05-14,20.67,23.18,20.62,22.97,21202751.0,468446160.0,638137680.0,0.03322598189155669
2026-05-15,22.51,22.8,21.65,22.14,16040465.0,356463484.0,638137680.0,0.02513637025790422
2026-05-18,21.99,22.32,21.11,21.34,11007253.0,236327760.0,638137680.0,0.01724902532005319
2026-05-19,21.66,22.19,20.79,21.32,11341680.0,242993907.0,638137680.0,0.017773092477472885
2026-05-20,21.17,21.54,20.63,20.75,10135418.0,212078153.0,638137680.0,0.015882807609793548
2026-05-21,20.83,21.23,20.45,20.56,9380297.0,195348974.0,638137680.0,0.014699487734371052
2026-05-22,20.7,20.85,19.8,20.02,9407946.0,189967571.0,638137680.0,0.014742815374889005
2026-05-25,19.97,20.59,19.65,20.25,10277224.0,206679758.0,638137680.0,0.01610502611286016
2026-05-26,19.88,20.82,19.88,20.22,11557426.0,234890767.0,638137680.0,0.018111179393136605
2026-05-27,20.31,20.5,19.73,19.83,8065519.0,161279545.0,638137680.0,0.012639151789312927
2026-05-28,19.72,19.96,19.4,19.82,7903895.0,155964071.0,638137680.0,0.012385877292185599
2026-05-29,19.82,20.3,19.6,20.11,9201780.0,183944923.0,638137680.0,0.014419740893532568
2026-06-01,19.99,20.99,19.86,20.75,13030008.0,267681891.0,638137680.0,0.020418803666318527
2026-06-02,20.47,20.64,19.94,19.94,7877306.0,158476245.0,638137680.0,0.012344210735213128
2026-06-03,20.05,20.47,19.73,20.31,8369103.0,167727559.0,638137680.0,0.013114886116738946
2026-06-04,19.5,19.93,17.72,17.83,26090295.0,481304888.0,638137680.0,0.04088505634081974
2026-06-05,17.89,18.43,17.5,18.11,10577200.0,191530941.0,638137680.0,0.016575106487991743
2026-06-08,18.06,18.94,17.85,18.15,10366107.0,189584732.0,638137680.0,0.016244311102268715
2026-06-09,18.07,18.14,17.5,17.64,6293579.0,111313744.0,638137680.0,0.00986241558404763
2026-06-10,17.59,18.11,17.52,17.82,5457469.0,97281685.0,638137680.0,0.008552181090450575
2026-06-11,17.76,18.18,17.54,17.86,6199783.0,111022076.0,638137680.0,0.009715431629111761
2026-06-12,17.81,18.17,17.4,18.09,6477640.0,115726904.0,638137680.0,0.010150850205240976
2026-06-15,18.03,18.48,17.91,18.21,6210340.0,112924580.0,647205360.0,0.009595625104217307
2026-06-16,18.21,18.29,17.59,17.74,7794815.0,138626886.0,647205360.0,0.012043804767006255
2026-06-17,17.59,17.79,17.13,17.3,8172278.0,141426080.0,647205360.0,0.012627024596953276
2026-06-18,17.36,17.44,17.02,17.19,6050686.0,103934903.0,647205360.0,0.009348942969199142
2026-06-22,17.08,17.18,16.65,17.13,7139094.0,120915942.0,647205360.0,0.011030647212192433
2026-06-23,17.01,17.46,16.87,16.91,6715700.0,114883950.0,647205360.0,0.010376459181364012
2026-06-24,16.95,16.95,16.21,16.26,7093771.0,116856657.0,647205360.0,0.01096061843492767
2026-06-25,16.23,16.35,15.64,15.69,9677514.0,153404491.0,647205360.0,0.01495277171375713
2026-06-26,15.73,16.85,15.51,16.23,13642455.0,220487215.0,647205360.0,0.021079020420968084
2026-06-29,16.19,17.35,15.98,16.88,15134703.0,253351128.0,647205360.0,0.023384699718803317
2026-06-30,16.76,17.05,16.32,16.41,8450129.0,139710499.0,646763910.0,0.013065245090747257
2026-07-01,16.45,18.75,16.4,17.79,19860780.0,351662414.0,646763910.0,0.03070792864741015
2026-07-02,17.73,17.98,17.46,17.85,11148822.0,197685106.0,646763910.0,0.017237854227209432
2026-07-03,17.86,18.19,17.59,17.93,8895500.0,158701300.0,646763910.0,0.013753859580693055
2026-07-06,18.09,18.79,17.72,18.65,14784703.0,271816849.0,646763910.0,0.022859505255944167
2026-07-07,18.46,18.99,18.22,18.82,12802706.0,239673918.0,646763910.0,0.019795022267089703
2026-07-08,18.62,18.85,18.05,18.15,9194282.0,168645197.0,646763910.0,0.014215824132796772
2026-07-09,18.06,18.72,17.97,18.35,9667212.0,177596965.0,646763910.0,0.014947049225427559
2026-07-10,18.27,18.78,18.0,18.57,9058969.0,167564028.0,646763910.0,0.014006608686622605
2026-07-13,18.49,19.18,18.33,19.08,14516369.0,274701878.0,646763910.0,0.022444618160589697
2026-07-14,18.95,19.38,18.73,19.14,11568340.0,220847742.0,646763910.0,0.01788649586214543
2026-07-15,18.95,19.59,18.86,19.48,9589230.0,185905339.0,646763910.0,0.014826476635036733
2026-07-16,19.39,20.18,19.29,19.98,14275963.0,283211009.0,646763910.0,0.022072912200682318
2026-07-17,19.76,20.01,19.08,19.09,12696545.0,247056930.0,646763910.0,0.019630880455280816
2026-07-20,18.97,19.48,18.7,19.05,11357799.0,216779945.0,646763910.0,0.017560965948146365
2026-07-21,19.0,19.38,18.17,18.27,18622465.0,347240262.0,646763910.0,0.028793296459599917
2026-07-22,18.19,18.4,17.95,18.36,10404476.0,189480649.0,646763910.0,0.016086976776425264
2026-07-23,18.22,18.4,17.94,18.22,7152700.0,130071808.0,646763910.0,0.01105921324521648
2026-07-24,18.18,18.33,17.81,17.87,7777600.0,139590650.0,646763910.0,0.012025408158596852
2026-07-27,17.81,18.53,17.75,18.38,7634530.0,139741375.0,646763910.0,0.011804199155144572
2026-07-28,18.3,18.68,18.06,18.29,5414003.0,99066274.0,646763910.0,0.00837091080112989
2026-07-29,18.28,19.12,18.26,19.05,9886631.0,186277923.0,646763910.0,0.0152863059412205
2026-07-30,19.02,19.55,18.81,19.04,7328000.0,140086799.0,646763910.0,0.011330254961195965
2026-07-31,19.0,19.14,18.78,19.07,7532871.0,143193584.0,646763910.0,0.011647018152265175
2026-08-03,19.07,19.31,18.78,18.84,7148563.0,135740597.0,646763910.0,0.011052816784412105
2026-08-04,18.84,18.88,18.37,18.49,6743980.0,124799855.0,646763910.0,0.010427267037828378
2026-08-05,18.47,19.09,18.39,18.95,6168300.0,115875303.0,646763910.0,0.00953717408257984
2026-08-06,18.93,18.98,18.46,18.79,5867340.0,109884497.0,646763910.0,0.009071841995636399
2026-08-07,18.75,18.89,18.43,18.59,5924160.0,110365474.0,646763910.0,0.00915969476404458
2026-08-10,18.68,19.57,18.61,19.4,12640791.0,244079930.0,646763910.0,0.019544675892629815
2026-08-11,19.18,19.5,19.01,19.05,8482700.0,163169162.0,646763910.0,0.013115605043577647
2026-08-12,19.06,19.12,18.53,18.65,9137559.0,171147141.0,646763910.0,0.01412812134183554
2026-08-13,18.61,18.64,18.32,18.5,6886029.0,127284423.0,646763910.0,0.010646897412689586
2026-08-14,18.47,18.61,18.24,18.3,5386460.0,98900626.0,646763910.0,0.008328324936992851
2026-08-17,18.35,18.64,18.1,18.41,5652700.0,103730454.0,646763910.0,0.008739974374884338
2026-08-18,18.17,19.08,18.17,18.98,15467900.0,290436368.0,646763910.0,0.023915836614940372
2026-08-19,18.86,19.16,18.42,18.42,9557013.0,178859860.0,646763910.0,0.014776664022579739
2026-08-20,18.38,18.88,18.36,18.71,8860398.0,165950704.0,646763910.0,0.013699586298808788
2026-08-21,18.66,18.96,18.53,18.77,7543269.0,141530248.0,646763910.0,0.011663095116114318
2026-08-24,18.44,18.46,17.68,18.41,12352268.0,223964588.0,646763910.0,0.019098573388239923
2026-08-25,18.31,18.85,18.18,18.85,6857032.0,127552350.0,646763910.0,0.010602063433007571
2026-08-26,18.81,19.45,18.77,19.36,10162636.0,195068001.0,646763910.0,0.015713053624157848
2026-08-27,19.37,19.58,18.94,19.46,6651431.0,128724004.0,646763910.0,0.010284171545688132
2026-08-28,19.39,19.6,19.12,19.5,5782293.0,111890769.0,646763910.0,0.008940345790166306
2026-08-31,19.69,20.64,19.55,20.02,12126744.0,245363432.0,646763910.0,0.018749877370244732
2026-09-01,19.75,20.44,19.75,20.2,8591541.0,174060353.0,646763910.0,0.013283890562168195
2026-09-02,20.22,20.68,20.12,20.48,8849383.0,180967861.0,646763910.0,0.013682555354704315
2026-09-03,20.27,20.48,19.91,20.41,8269845.0,167390975.0,646763910.0,0.012786497317081282
2026-09-04,20.45,21.89,20.03,21.45,16783187.0,357364853.0,646763910.0,0.025949479772302074
2026-09-07,21.26,21.81,21.26,21.65,12653129.0,273265862.0,646763910.0,0.01956375240541792
2026-09-08,21.69,22.0,21.46,21.8,8694063.0,188846241.0,646763910.0,0.013442405900477657
2026-09-09,21.61,21.97,21.59,21.66,8117641.0,176559626.0,646763910.0,0.012551165695067926
2026-09-10,21.61,21.86,21.08,21.13,7860872.0,167880467.0,646763910.0,0.012154159931403717
2026-09-11,20.94,21.29,20.6,20.76,8240300.0,171265388.0,646763910.0,0.012740816042131974
2026-09-14,20.77,21.0,20.53,20.67,5122175.0,106036628.0,646763910.0,0.00791969824042903
2026-09-15,20.66,21.25,20.43,20.87,5999817.0,125790833.0,646763910.0,0.009276672534186393
2026-09-16,20.81,20.88,20.28,20.35,4543660.0,92947845.0,646763910.0,0.007025221923715564
2026-09-17,20.33,20.4,19.94,20.38,5931375.0,119623955.0,646763910.0,0.009170850303010878
2026-09-18,20.46,20.58,20.16,20.49,5947679.0,121151045.0,646763910.0,0.009196058883372141
2026-09-21,20.48,20.86,20.32,20.74,8670763.0,178505963.0,646763910.0,0.013406380390025164
2026-09-22,20.69,21.19,20.41,20.87,6236800.0,129648437.0,646763910.0,0.009643085990991675
2026-09-23,20.82,21.27,20.69,20.74,3574697.0,74435790.0,646763910.0,0.005527050821373135
2026-09-24,20.63,20.94,20.33,20.43,3863100.0,79277894.0,646763910.0,0.005972967786653402
