date,open,high,low,close,volume,amount,outstanding_share,turnover
2021-01-04,12.83,13.45,12.75,13.32,24042998.0,317021231.0,1015610601.0,0.023673441352745392
2021-01-05,13.3,13.57,13.16,13.42,18558096.0,248110377.0,1015610601.0,0.018272845893620205
2021-01-06,13.33,13.49,13.06,13.15,17376731.0,229316200.0,1015610601.0,0.017109639248438682
2021-01-07,13.25,13.25,12.71,12.87,16012372.0,206581121.0,1015610601.0,0.015766251341049167
2021-01-08,12.91,13.03,12.72,12.89,10039933.0,129229390.0,1015610601.0,0.009885612645352843
2021-01-11,12.89,12.89,12.19,12.26,16280401.0,202178349.0,1015610601.0,0.016030160559539097
2021-01-12,12.26,12.54,12.18,12.48,10138118.0,125218764.0,1015610601.0,0.009982288477510683
2021-01-13,12.34,12.8,11.96,12.6,23659330.0,289673996.0,1015610601.0,0.023295670581524385
2021-01-14,12.44,12.87,12.39,12.68,16061581.0,203427613.0,1015610601.0,0.015814703966446682
2021-01-15,12.7,12.7,12.22,12.26,14753879.0,182717046.0,1015610601.0,0.014527102203810099
2021-01-18,12.28,12.85,12.2,12.65,16751547.0,211340173.0,1015610601.0,0.01649406473652986
2021-01-19,12.64,12.96,12.43,12.45,20014947.0,254015164.0,1015610601.0,0.019707304138311177
2021-01-20,12.47,12.61,12.26,12.31,13595910.0,168573397.0,1015610601.0,0.0133869319467649
2021-01-21,12.37,12.56,12.28,12.49,12652673.0,157537728.0,1015610601.0,0.012458193118053127
2021-01-22,12.55,13.08,12.52,12.76,31102471.0,398462419.0,1015610601.0,0.03062440562295785
2021-01-25,12.9,13.49,12.89,13.45,41101012.0,545454964.0,1015610601.0,0.040469262490496594
2021-01-26,13.46,14.03,13.27,13.67,46052693.0,630868870.0,1015610601.0,0.045344832906091335
2021-01-27,13.55,14.18,13.44,13.99,35309331.0,488163696.0,1015610601.0,0.034766603425794684
2021-01-28,13.79,13.99,13.5,13.52,23140768.0,316701930.0,1015610601.0,0.02278507921955021
2021-01-29,13.67,13.9,13.41,13.89,23475111.0,321796536.0,1015610601.0,0.023114283148369774
2021-02-01,13.56,13.7,12.61,12.83,41285818.0,539659955.0,1015610601.0,0.04065122790107623
2021-02-02,12.91,13.68,12.85,13.62,33287177.0,445906605.0,1015610601.0,0.03277553125895345
2021-02-03,13.42,13.9,13.22,13.64,27455370.0,372424454.0,1015610601.0,0.02703336295718717
2021-02-04,13.51,13.54,12.95,13.24,23622270.0,311573220.0,1015610601.0,0.02325918021802925
2021-02-05,13.19,13.65,13.05,13.13,18820532.0,251203329.0,1015610601.0,0.018531248080188165
2021-02-08,13.09,13.48,12.82,13.39,20071893.0,265361806.0,1015610601.0,0.019763374840944575
2021-02-09,13.25,13.9,13.2,13.82,25306040.0,346564368.0,1015610601.0,0.02491706956887111
2021-02-10,13.8,14.04,13.69,13.81,20101586.0,278067372.0,1015610601.0,0.01979261144006117
2021-02-18,13.84,14.27,13.75,14.25,30746527.0,430585190.0,1015610601.0,0.030273932715674755
2021-02-19,14.2,14.9,14.05,14.74,35764997.0,518496508.0,1015610601.0,0.03521526554053762
2021-02-22,14.98,15.09,14.4,14.45,38381441.0,565124971.0,1015610601.0,0.037791493080328725
2021-02-23,14.35,14.53,13.92,14.41,25636725.0,364948756.0,1015610601.0,0.025242671723549683
2021-02-24,14.34,14.67,14.1,14.33,21082058.0,303235231.0,1015610601.0,0.020758012942403307
2021-02-25,14.35,14.45,13.87,13.93,19819717.0,279753653.0,1015610601.0,0.019515074951447855
2021-02-26,13.69,13.89,13.56,13.68,17180892.0,235559978.0,1015610601.0,0.016916810422304758
2021-03-01,13.7,14.05,13.7,13.98,14384800.0,200368716.0,1015610601.0,0.014163696190091266
2021-03-02,13.98,14.0,13.59,13.77,13435279.0,185017091.0,1015610601.0,0.013228769950580695
2021-03-03,13.72,14.06,13.65,13.98,17865909.0,249008858.0,1015610601.0,0.017591298261763616
2021-03-04,13.9,14.25,13.8,14.24,23424950.0,329852096.0,1015610601.0,0.023064893155836604
2021-03-05,14.13,14.39,14.05,14.29,18434568.0,262418250.0,1015610601.0,0.018151216599992935
2021-03-08,14.31,14.5,13.78,13.84,20930782.0,294938069.0,1015610601.0,0.02060906215373386
2021-03-09,13.6,13.65,12.79,12.84,29383141.0,385640257.0,1015610601.0,0.02893150285263712
2021-03-10,12.89,13.05,12.56,12.75,12842319.0,163431766.0,1015610601.0,0.012644924134658574
2021-03-11,12.73,12.87,12.61,12.8,9760980.0,124607324.0,1015610601.0,0.00961094733590714
2021-03-12,12.8,12.85,12.29,12.43,17663499.0,220261481.0,1015610601.0,0.017391999436209116
2021-03-15,12.35,12.46,12.25,12.36,10700015.0,132017411.0,1015610601.0,0.01053554875211469
2021-03-16,12.42,12.45,12.18,12.3,9406080.0,115802108.0,1015610601.0,0.009261502381659365
2021-03-17,12.31,12.44,12.26,12.41,8342817.0,103282188.0,1015610601.0,0.008214582431283621
2021-03-18,12.37,12.38,12.06,12.12,16246802.0,198501866.0,1015610601.0,0.015997077998204157
2021-03-19,12.0,12.21,11.98,12.14,8149932.0,98825210.0,1015610601.0,0.00802466220023239
2021-03-22,12.14,12.39,12.02,12.36,10362279.0,126874255.0,1015610601.0,0.010203003975930339
2021-03-23,12.37,12.38,12.09,12.25,7633397.0,93152767.0,1015610601.0,0.007516066681938859
2021-03-24,12.15,12.34,12.14,12.25,5854669.0,71798928.0,1015610601.0,0.005764678897832812
2021-03-25,12.2,12.56,12.16,12.52,12040391.0,148837670.0,1015610601.0,0.011855322293942854
2021-03-26,12.45,12.58,12.28,12.43,14929154.0,184992118.0,1015610601.0,0.014699683112110406
2021-03-29,12.4,12.4,12.1,12.22,11505599.0,140918715.0,1015610601.0,0.011328750397712715
2021-03-30,12.18,12.27,12.1,12.22,6127223.0,74680894.0,1015610601.0,0.006033043564105137
2021-03-31,12.22,12.22,12.06,12.1,6531540.0,79126161.0,1015610601.0,0.0064311459466540166
2021-04-01,12.16,12.28,12.1,12.19,6049010.0,73715878.0,1015610601.0,0.005956032749209163
2021-04-02,12.25,12.39,12.23,12.28,8203361.0,100981579.0,1015610601.0,0.008077269961462326
2021-04-06,12.35,12.45,12.28,12.39,9805908.0,121256906.0,1015610601.0,0.009655184763082244
2021-04-07,12.46,12.47,12.22,12.27,7930611.0,97607957.0,1015610601.0,0.0078087123078385435
2021-04-08,12.25,12.28,12.12,12.16,8813549.0,107122016.0,1015610601.0,0.008678078971725896
2021-04-09,12.14,12.16,12.04,12.07,6691171.0,80862013.0,1015610601.0,0.006588323313494047
2021-04-12,12.1,12.12,11.74,11.81,11567249.0,138048810.0,1015610601.0,0.011389452796781116
2021-04-13,11.8,11.85,11.45,11.53,11315725.0,131050434.0,1015610601.0,0.011141794885616795
2021-04-14,11.51,11.63,11.42,11.57,5538609.0,63977373.0,1015610601.0,0.005453476947312802
2021-04-15,11.53,11.71,11.46,11.66,6486446.0,75317752.0,1015610601.0,0.0063867450710077805
2021-04-16,11.6,11.73,11.59,11.73,4873550.0,56950715.0,1015610601.0,0.004798640340304994
2021-04-19,11.89,11.95,11.73,11.82,7243759.0,85864902.0,1015610601.0,0.007132417673533126
2021-04-20,11.84,12.04,11.76,11.87,9775232.0,116359077.0,1015610601.0,0.009624980273320325
2021-04-21,11.8,12.42,11.77,12.33,19321820.0,235007837.0,1015610601.0,0.01902483095487106
2021-04-22,12.41,12.42,12.09,12.13,12629343.0,154115850.0,1015610601.0,0.012435221715453519
2021-04-23,11.91,12.1,11.85,11.89,10387039.0,123829636.0,1015610601.0,0.010227383398492116
2021-04-26,11.86,12.17,11.85,11.9,9503548.0,113927931.0,1015610601.0,0.009357472234577432
2021-04-27,11.9,12.06,11.73,11.85,6229466.0,73867313.0,1015610601.0,0.006133715022141641
2021-04-28,11.83,11.83,11.62,11.69,7885475.0,92160261.0,1015610601.0,0.007764270077759852
2021-04-29,11.67,11.94,11.62,11.9,7332637.0,86754324.0,1015610601.0,0.007219929560384729
2021-04-30,11.95,11.95,11.64,11.81,9831592.0,115405886.0,1015610601.0,0.00968047398315804
2021-05-06,11.88,12.09,11.79,11.95,12624185.0,150764352.0,1015610601.0,0.012430142997296265
2021-05-07,11.96,11.98,11.74,11.76,7736313.0,91232969.0,1015610601.0,0.007617400795523992
2021-05-10,11.83,11.84,11.13,11.18,19159925.0,218536307.0,1015610601.0,0.018865424387195816
2021-05-11,11.19,11.27,10.99,11.21,10919055.0,121355502.0,1015610601.0,0.010751221963662823
2021-05-12,11.12,11.33,11.1,11.31,8273833.0,92795800.0,1015610601.0,0.00814665876060504
2021-05-13,11.2,11.36,11.2,11.26,5911259.0,66728383.0,1015610601.0,0.005820399072419686
2021-05-14,11.28,11.43,11.23,11.43,6764969.0,76896149.0,1015610601.0,0.006660986989835487
2021-05-17,11.4,11.75,11.36,11.53,12081855.0,139831901.0,1015610601.0,0.011896148965069733
2021-05-18,11.55,11.63,11.38,11.48,7546435.0,86469270.0,1015610601.0,0.007430441344910696
2021-05-19,11.47,11.48,11.27,11.31,7260790.0,82246934.0,1015610601.0,0.007149186895893774
2021-05-20,11.26,11.35,11.19,11.26,5712971.0,64156471.0,1015610601.0,0.005625158889021876
2021-05-21,11.24,11.32,11.19,11.23,6667527.0,74932348.0,1015610601.0,0.006565042737280368
2021-05-24,11.24,11.38,11.21,11.28,6691569.0,75441807.0,1015610601.0,0.006588715195973028
2021-05-25,11.28,11.49,11.24,11.41,9431977.0,107434271.0,1015610601.0,0.00928700132778547
2021-05-26,11.38,11.67,11.35,11.58,11005126.0,127009915.0,1015610601.0,0.010835969995945325
2021-05-27,11.58,11.67,11.48,11.64,11097066.0,128542068.0,1015610601.0,0.010926496817848793
2021-05-28,11.71,11.77,11.54,11.74,15209201.0,177521906.0,1015610601.0,0.014975425606058636
2021-05-31,11.73,11.74,11.54,11.58,11843739.0,137639989.0,1015610601.0,0.011661692964152114
2021-06-01,11.55,11.71,11.5,11.67,9984589.0,115998422.0,1015610601.0,0.009831119318928811
2021-06-02,11.67,11.83,11.64,11.76,13423200.0,157786836.0,1015610601.0,0.013216876612732404
2021-06-03,11.75,11.77,11.55,11.56,9129953.0,106357825.0,1015610601.0,0.008989619634740303
2021-06-04,11.51,11.89,11.51,11.85,14891571.0,175079566.0,1015610601.0,0.01466267778746827
2021-06-07,11.77,12.22,11.76,12.13,20016095.0,241805834.0,1015610601.0,0.01970843449279829
2021-06-08,12.13,12.14,11.9,11.95,11408319.0,136899301.0,1015610601.0,0.011232965655111353
2021-06-09,11.96,11.99,11.61,11.72,14165162.0,166139795.0,1015610601.0,0.013947434170195314
2021-06-10,11.7,11.72,11.5,11.54,12474506.0,144127489.0,1015610601.0,0.012282764661689465
2021-06-11,11.6,11.87,11.54,11.57,12989475.0,151602647.0,1015610601.0,0.012789818250430018
2021-06-15,11.56,11.56,11.19,11.26,10433968.0,118130448.0,1015610601.0,0.010273591068984914
2021-06-16,11.21,11.38,11.18,11.34,7311481.0,82606359.0,1015610601.0,0.007199098741979358
2021-06-17,11.3,11.34,11.22,11.25,5491119.0,61807104.0,1015610601.0,0.0054067168997579225
2021-06-18,11.25,11.51,11.11,11.41,8281402.0,93867158.0,1015610601.0,0.008154111420111103
2021-06-21,11.42,11.91,11.4,11.8,16398939.0,192719464.0,1015610601.0,0.016146876552738935
2021-06-22,11.88,11.88,11.66,11.82,10677905.0,125727000.0,1015610601.0,0.010513778597314977
2021-06-23,11.82,11.98,11.65,11.94,12205178.0,144471536.0,1015610601.0,0.01201757640968145
2021-06-24,11.93,12.07,11.84,11.91,7122573.0,84808198.0,1015610601.0,0.0070130943818299115
2021-06-25,11.9,12.08,11.74,12.03,12779451.0,152754805.0,1015610601.0,0.012583022457048969
2021-06-28,12.13,12.13,11.89,11.91,9929118.0,119060676.0,1015610601.0,0.009776500944578069
2021-06-29,11.92,12.18,11.87,12.14,15838508.0,191025438.0,1015610601.0,0.015595059744753491
2021-06-30,12.13,12.13,11.68,11.96,13739156.0,163735572.0,1015610601.0,0.013527976161800619
2021-07-01,11.87,11.93,11.65,11.66,10446100.0,123416324.0,1015610601.0,0.010285536592188447
2021-07-02,11.66,11.84,11.52,11.65,8691320.0,101237672.0,1015610601.0,0.008557728711616707
2021-07-05,11.6,11.68,11.49,11.59,7103716.0,82228988.0,1015610601.0,0.0069945272262868004
2021-07-06,11.6,11.6,11.33,11.47,8509493.0,97315808.0,1015610601.0,0.008378696511853365
2021-07-07,11.43,11.55,11.36,11.42,6625456.0,75803588.0,1015610601.0,0.006523618396141574
2021-07-08,11.43,11.66,11.37,11.56,10162741.0,117348113.0,1015610601.0,0.01000653300585231
2021-07-09,11.47,11.59,11.39,11.39,8030529.0,91845331.0,1015610601.0,0.00790709450264984
2021-07-12,11.45,11.56,11.34,11.5,10330698.0,118140030.0,1015610601.0,0.010171908396611942
2021-07-13,11.5,11.58,11.41,11.43,6949430.0,79848151.0,1015610601.0,0.006842612703291387
2021-07-14,11.43,11.44,11.24,11.3,8751027.0,99071355.0,1015610601.0,0.008616517975869376
2021-07-15,11.29,11.49,11.2,11.47,9075803.0,103357773.0,1015610601.0,0.008936301955753217
2021-07-16,11.46,11.5,11.28,11.33,8786064.0,99779518.0,1015610601.0,0.008651016434201242
2021-07-19,11.28,11.34,11.06,11.11,10778780.0,120053125.0,1015610601.0,0.010613103082408648
2021-07-20,11.1,11.17,10.99,11.05,8869523.0,98183031.0,1015610601.0,0.008733192614636759
2021-07-21,11.13,11.27,11.06,11.07,8027028.0,89370062.0,1015610601.0,0.007903647315315883
2021-07-22,11.0,11.13,10.96,11.09,7972446.0,88154857.0,1015610601.0,0.007849904276452113
2021-07-23,11.15,11.15,10.57,10.61,18924744.0,203569571.0,1015610601.0,0.01863385827340335
2021-07-26,10.66,10.67,10.08,10.1,19941547.0,205210966.0,1015610601.0,0.019635032344448716
2021-07-27,10.11,10.17,9.71,9.75,18259622.0,181145459.0,1015610601.0,0.017978959634746862
2021-07-28,9.7,9.79,9.44,9.67,10509088.0,101264417.0,1015610601.0,0.010347556425319353
2021-07-29,9.75,9.92,9.72,9.8,8740277.0,85965689.0,1015610601.0,0.008605933210419492
2021-07-30,9.81,9.96,9.58,9.9,9574211.0,93664594.0,1015610601.0,0.009427049097924885
2021-08-02,9.88,10.17,9.78,10.09,9567694.0,95884771.0,1015610601.0,0.009420632268488894
2021-08-03,10.14,10.21,10.04,10.15,8710944.0,88222885.0,1015610601.0,0.008577051077866802
2021-08-04,10.16,10.2,10.02,10.06,8412913.0,84974405.0,1015610601.0,0.008283601009792925
2021-08-05,10.08,10.1,10.01,10.02,7054548.0,70950901.0,1015610601.0,0.006946114970692394
2021-08-06,10.04,10.06,9.81,9.93,7844179.0,77556692.0,1015610601.0,0.007723608824362793
2021-08-09,9.9,10.24,9.89,10.16,10371020.0,105000120.0,1015610601.0,0.010211610621027774
2021-08-10,10.13,10.23,10.07,10.21,6386398.0,64895010.0,1015610601.0,0.006288234874381742
2021-08-11,10.21,10.22,10.05,10.13,7126802.0,72108769.0,1015610601.0,0.007017258379326428
2021-08-12,10.17,10.2,9.93,10.07,10713005.0,107707573.0,1015610601.0,0.010548339087295525
2021-08-13,10.01,10.11,9.99,10.07,5174239.0,51980952.0,1015610601.0,0.005094707553175688
2021-08-16,10.11,10.4,10.1,10.28,11491107.0,118171137.0,1015610601.0,0.01131448114925693
2021-08-17,10.28,10.32,10.11,10.11,7438885.0,76006498.0,1015610601.0,0.0073245444589446545
2021-08-18,10.07,10.13,9.97,10.03,5626182.0,56344043.0,1015610601.0,0.005539703892870256
2021-08-19,9.99,10.07,9.92,9.95,6643514.0,66205431.0,1015610601.0,0.00654139883283869
2021-08-20,9.93,9.96,9.8,9.89,6300657.0,62288997.0,1015610601.0,0.0062038117697828165
2021-08-23,9.86,10.17,9.84,10.14,8268283.0,83268472.0,1015610601.0,0.008141194067744868
2021-08-24,10.15,10.17,10.0,10.1,6183203.0,62227769.0,1015610601.0,0.006088163114792064
2021-08-25,10.07,10.14,10.01,10.04,5840197.0,58703170.0,1015610601.0,0.005750429341963909
2021-08-26,10.07,10.11,9.86,9.92,8056375.0,80044698.0,1015610601.0,0.007932543232679392
2021-08-27,9.93,9.97,9.84,9.94,6984858.0,69158485.0,1015610601.0,0.0068774961516968255
2021-08-30,9.91,9.92,9.45,9.48,17384703.0,167495286.0,1015610601.0,0.01711748871357045
2021-08-31,9.63,9.81,9.52,9.55,13775528.0,132918146.0,1015610601.0,0.013563789100306959
2021-09-01,9.58,9.9,9.44,9.86,16029723.0,155496635.0,1015610601.0,0.01578333564479995
2021-09-02,9.84,9.84,9.67,9.78,12539028.0,122312913.0,1015610601.0,0.012346294916234337
2021-09-03,9.75,9.82,9.71,9.77,13818943.0,134950638.0,1015610601.0,0.013606536783284325
2021-09-06,9.79,10.06,9.7,10.05,18456325.0,183182153.0,1015610601.0,0.018172639180634154
2021-09-07,10.05,10.4,10.02,10.33,23528026.0,240242038.0,1015610601.0,0.023166384810116805
2021-09-08,10.31,10.51,10.3,10.37,14834544.0,154139396.0,1015610601.0,0.014606527329857991
2021-09-09,10.37,10.44,10.29,10.4,9226398.0,95687713.0,1015610601.0,0.00908458221183928
2021-09-10,10.39,10.63,10.35,10.55,15053888.0,158824861.0,1015610601.0,0.014822499868726755
2021-09-13,10.56,10.93,10.56,10.8,19837999.0,214117910.0,1015610601.0,0.019533075945118064
2021-09-14,10.8,11.15,10.78,10.88,22531090.0,247510070.0,1015610601.0,0.022184772370252168
2021-09-15,10.84,10.98,10.64,10.93,12387131.0,134156408.0,1015610601.0,0.012196732672742159
2021-09-16,10.93,11.03,10.78,10.8,12081426.0,131602860.0,1015610601.0,0.011895726559081082
2021-09-17,10.81,11.05,10.7,11.0,12370572.0,135345362.0,1015610601.0,0.012180428195431962
2021-09-22,10.82,10.94,10.69,10.92,10293415.0,111354523.0,1015610601.0,0.010135198460773058
2021-09-23,10.89,11.42,10.85,11.27,17334446.0,193625062.0,1015610601.0,0.017068004196620235
2021-09-24,11.25,11.56,11.17,11.4,15562777.0,177637464.0,1015610601.0,0.015323566911054722
2021-09-27,11.44,11.47,11.0,11.22,15334400.0,172583738.0,1015610601.0,0.015098700215320025
2021-09-28,11.19,11.51,11.12,11.47,11338309.0,129085064.0,1015610601.0,0.011164031754725648
2021-09-29,11.47,11.47,11.16,11.25,9339513.0,105512629.0,1015610601.0,0.009195958560105657
2021-09-30,11.31,11.56,11.19,11.22,9856625.0,111426734.0,1015610601.0,0.009705122209530776
2021-10-08,11.23,11.61,11.2,11.5,12750509.0,146352680.0,1015610601.0,0.01255452531456985
2021-10-11,11.52,11.62,11.31,11.55,12805392.0,146807749.0,1015610601.0,0.012608564726866217
2021-10-12,11.47,11.52,11.19,11.25,8907608.0,100682247.0,1015610601.0,0.008770692223209671
2021-10-13,11.19,11.37,11.02,11.23,8445681.0,94806001.0,1015610601.0,0.008315865344142859
2021-10-14,11.2,11.27,10.8,10.9,13805278.0,151384824.0,1015610601.0,0.01359308182329617
2021-10-15,10.91,11.09,10.65,10.66,11337929.0,122559378.0,1015610601.0,0.01116365759557486
2021-10-18,10.6,10.7,10.55,10.6,7458250.0,79214737.0,1015610601.0,0.007343611806194607
2021-10-19,10.62,11.25,10.52,11.23,15140641.0,166314651.0,1015610601.0,0.014907919418221985
2021-10-20,11.08,11.2,10.95,11.05,9050074.0,100079846.0,1015610601.0,0.008910968427356933
2021-10-21,11.12,11.12,10.75,10.83,5921319.0,64549960.0,1015610601.0,0.005830304443622088
2021-10-22,10.72,10.88,10.65,10.66,4728804.0,50770655.0,1015610601.0,0.004656119181253013
2021-10-25,10.81,10.88,10.56,10.59,6513614.0,69391487.0,1015610601.0,0.006413495481030333
2021-10-26,10.61,10.74,10.53,10.57,5146964.0,54723364.0,1015610601.0,0.005067851787813309
2021-10-27,10.57,10.74,10.41,10.5,6070299.0,63986764.0,1015610601.0,0.005976994523317308
2021-10-28,10.47,10.56,10.16,10.45,6157991.0,63630563.0,1015610601.0,0.006063338639766719
2021-10-29,10.41,10.81,10.33,10.55,9835990.0,104559497.0,1015610601.0,0.009684804383013721
2021-11-01,10.6,11.56,10.59,11.35,25136839.0,283884427.0,1015610601.0,0.024750469299207326
2021-11-02,11.34,11.56,11.21,11.32,14309800.0,162465304.0,1015610601.0,0.014089848989278127
2021-11-03,11.35,11.43,11.1,11.23,11372522.0,128131855.0,1015610601.0,0.011197718878477914
2021-11-04,11.29,11.4,11.16,11.37,9776022.0,110659862.0,1015610601.0,0.009625758130502223
2021-11-05,11.3,11.45,11.21,11.22,8063540.0,91125577.0,1015610601.0,0.007939598101930408
2021-11-08,11.16,11.25,11.08,11.18,6754637.0,75402651.0,1015610601.0,0.006650813799451469
2021-11-09,11.12,11.24,11.03,11.14,6192666.0,68977224.0,1015610601.0,0.006097480662275993
2021-11-10,11.14,11.31,11.08,11.24,10183213.0,114302681.0,1015610601.0,0.010026690337786264
2021-11-11,11.2,11.28,11.16,11.21,6988990.0,78334294.0,1015610601.0,0.006881564640146957
2021-11-12,11.21,11.44,11.17,11.34,7739192.0,87788577.0,1015610601.0,0.007620235543405873
2021-11-15,11.46,11.52,11.3,11.44,9049263.0,103214776.0,1015610601.0,0.008910169892958807
2021-11-16,11.45,11.54,11.39,11.48,8535403.0,97962414.0,1015610601.0,0.008404208258160944
2021-11-17,11.49,11.55,11.31,11.45,7968603.0,91180551.0,1015610601.0,0.007846120345882448
2021-11-18,11.46,11.77,11.31,11.31,12591937.0,145527158.0,1015610601.0,0.012398390670205303
2021-11-19,11.21,11.68,11.14,11.57,11079923.0,127212332.0,1015610601.0,0.010909617317001597
2021-11-22,11.71,11.71,11.41,11.49,8536254.0,98267123.0,1015610601.0,0.008405046177732838
2021-11-23,11.47,11.5,11.16,11.16,10528582.0,118295546.0,1015610601.0,0.010366750789754704
2021-11-24,11.16,11.21,10.94,11.14,7689473.0,85205918.0,1015610601.0,0.0075712807570428265
2021-11-25,11.16,11.25,11.06,11.08,5061174.0,56387589.0,1015610601.0,0.00498338043637652
2021-11-26,11.08,11.08,10.96,11.0,6240212.0,68642659.0,1015610601.0,0.006144295849074147
2021-11-29,10.9,11.09,10.88,11.0,5866717.0,64520718.0,1015610601.0,0.005776541712171435
2021-11-30,11.03,11.19,10.96,11.07,7192358.0,79761235.0,1015610601.0,0.007081806740613177
2021-12-01,11.06,11.19,10.95,10.99,7215199.0,79549697.0,1015610601.0,0.0071042966594634825
2021-12-02,11.0,11.64,11.0,11.57,26826849.0,306273141.0,1015610601.0,0.02641450273715684
2021-12-03,11.44,11.7,11.4,11.67,15963181.0,185322430.0,1015610601.0,0.015717816438979845
2021-12-06,11.69,11.7,11.31,11.33,12232643.0,139545689.0,1015610601.0,0.012044619254619223
2021-12-07,11.4,11.44,11.2,11.36,6972965.0,79015334.0,1015610601.0,0.00686578595490655
2021-12-08,11.37,11.43,11.28,11.36,7678003.0,87073984.0,1015610601.0,0.007559987058465137
2021-12-09,11.38,11.54,11.33,11.54,8444860.0,96731981.0,1015610601.0,0.00831505696345129
2021-12-10,11.51,12.11,11.43,11.62,24405855.0,287320920.0,1015610601.0,0.024030721002684767
2021-12-13,11.76,11.94,11.61,11.63,11833003.0,138733719.0,1015610601.0,0.01165112198351305
2021-12-14,11.66,11.72,11.4,11.45,9888021.0,114002376.0,1015610601.0,0.0097360356324205
2021-12-15,11.49,11.71,11.42,11.61,8753969.0,101211791.0,1015610601.0,0.00861941475539994
2021-12-16,11.56,12.03,11.51,11.9,15820243.0,187392391.0,1015610601.0,0.01557707548978213
2021-12-17,11.95,11.95,11.68,11.8,8663142.0,101923419.0,1015610601.0,0.008529983825956539
2021-12-20,11.8,12.0,11.71,11.98,14329692.0,170803894.0,1015610601.0,0.014109435236192458
2021-12-21,12.0,12.25,11.82,12.14,14683296.0,176538558.0,1015610601.0,0.014457604110810183
2021-12-22,12.17,12.76,12.1,12.56,27307157.0,341652447.0,1015610601.0,0.026887428088198932
2021-12-23,12.59,12.75,12.35,12.59,13452740.0,168457086.0,1015610601.0,0.013245962563559338
2021-12-24,12.58,13.14,12.45,13.06,28495759.0,368055170.0,1015610601.0,0.028057760495944252
2021-12-27,13.11,13.59,12.76,13.19,27898470.0,365697223.0,1015610601.0,0.027469652219591197
2021-12-28,13.07,13.07,12.66,12.74,21034342.0,269268095.0,1015610601.0,0.020711030368616642
2021-12-29,12.6,12.79,12.59,12.66,9412187.0,119272613.0,1015610601.0,0.009267515513064244
2021-12-30,12.64,12.85,12.61,12.84,9949556.0,127024081.0,1015610601.0,0.009796624799114322
2021-12-31,12.68,13.25,12.68,13.07,16308465.0,212613826.0,1015610601.0,0.01605779319745403
2022-01-04,13.09,13.24,12.97,13.16,14204059.0,186192288.0,1015610601.0,0.013985733297795698
2022-01-05,13.2,13.48,12.87,13.04,16444950.0,216174717.0,1015610601.0,0.01619218033349378
2022-01-06,13.05,13.34,13.0,13.16,17163354.0,225787049.0,1015610601.0,0.016899541992866616
2022-01-07,13.12,13.42,12.82,13.3,18156761.0,238735568.0,1015610601.0,0.017877679675775658
2022-01-10,13.24,13.72,13.08,13.69,23138163.0,313066005.0,1015610601.0,0.022782514260108633
2022-01-11,13.68,13.85,13.3,13.42,18656086.0,252969388.0,1015610601.0,0.018369329723055935
2022-01-12,13.41,13.6,13.02,13.35,16389675.0,217071509.0,1015610601.0,0.016137754946494498
2022-01-13,13.3,13.46,12.86,12.9,14186698.0,185205815.0,1015610601.0,0.013968639147751472
2022-01-14,12.88,13.11,12.75,12.79,15339843.0,198119491.0,1015610601.0,0.01510405955284037
2022-01-17,12.88,12.93,12.34,12.48,25265208.0,316584441.0,1015610601.0,0.02487686518348975
2022-01-18,12.48,12.49,12.13,12.3,15359015.0,188551589.0,1015610601.0,0.015122936866626897
2022-01-19,12.28,12.4,12.19,12.28,8256186.0,101397578.0,1015610601.0,0.00812928300656838
2022-01-20,12.3,13.5,12.25,12.88,35935991.0,470279286.0,1015610601.0,0.03538363125061551
2022-01-21,12.61,12.75,12.38,12.43,18316016.0,228921642.0,1015610601.0,0.018034486821982276
2022-01-24,12.44,13.05,12.43,12.75,13675515.0,175355046.0,1015610601.0,0.013465313365707965
2022-01-25,12.63,12.87,12.32,12.36,12536025.0,157349447.0,1015610601.0,0.01234333807431378
2022-01-26,12.31,12.45,11.91,12.16,16283045.0,197805095.0,1015610601.0,0.016032763919525097
2022-01-27,12.21,12.49,12.02,12.03,8019575.0,97898176.0,1015610601.0,0.007896308872813744
2022-01-28,12.3,12.32,12.04,12.09,7311573.0,89015875.0,1015610601.0,0.0071991893278790225
2022-02-07,12.11,12.75,12.11,12.49,14212154.0,177029851.0,1015610601.0,0.013993703872336795
2022-02-08,12.55,13.05,12.42,12.91,11854766.0,152137624.0,1015610601.0,0.011672550471930334
2022-02-09,12.86,13.0,12.8,12.89,7717650.0,99440428.0,1015610601.0,0.0075990246580736505
2022-02-10,12.89,13.45,12.8,13.24,14721094.0,195187051.0,1015610601.0,0.014494821130761316
2022-02-11,13.18,13.36,12.95,13.04,12110229.0,159176562.0,1015610601.0,0.01192408683808136
2022-02-14,13.04,13.28,12.95,13.19,10957168.0,143750846.0,1015610601.0,0.010788749141857372
2022-02-15,13.16,13.16,12.88,12.99,8497665.0,110308404.0,1015610601.0,0.00836705031597046
2022-02-16,13.08,13.29,12.88,13.18,7164422.0,93686496.0,1015610601.0,0.007054300135254299
2022-02-17,13.13,13.33,13.02,13.18,6858566.0,90565695.0,1015610601.0,0.006753145342562252
2022-02-18,13.15,13.46,13.11,13.26,7972501.0,106006581.0,1015610601.0,0.007849958431066043
2022-02-21,13.26,13.51,13.22,13.35,8597152.0,115086327.0,1015610601.0,0.008465008135534418
2022-02-22,13.23,13.44,13.06,13.31,7338297.0,97164985.0,1015610601.0,0.00722550256247276
2022-02-23,13.34,13.48,13.24,13.41,7327724.0,98116425.0,1015610601.0,0.007215092076416796
2022-02-24,13.41,13.41,12.79,12.92,16030607.0,208840369.0,1015610601.0,0.0157842060571402
2022-02-25,12.96,13.25,12.86,13.06,9231957.0,120316877.0,1015610601.0,0.009090055766363549
2022-02-28,13.05,13.22,12.93,13.17,6668499.0,87392950.0,1015610601.0,0.006565999797002907
2022-03-01,13.25,13.55,13.12,13.48,13497806.0,180280746.0,1015610601.0,0.013290335869583936
2022-03-02,13.5,13.74,13.36,13.58,9702491.0,131495384.0,1015610601.0,0.009553357350195678
2022-03-03,13.66,13.66,13.4,13.48,6333518.0,85512567.0,1015610601.0,0.006236167674661758
2022-03-04,13.52,14.02,13.41,13.89,18022668.0,249057781.0,1015610601.0,0.017745647773127173
2022-03-07,13.82,13.93,13.19,13.3,13865323.0,187079365.0,1015610601.0,0.01365220389226717
2022-03-08,13.31,13.31,12.38,12.64,17997096.0,229753281.0,1015610601.0,0.017720468831537925
2022-03-09,12.64,12.98,11.9,12.32,11298045.0,140120888.0,1015610601.0,0.011124386638811778
2022-03-10,12.55,12.9,12.41,12.53,7977789.0,100882281.0,1015610601.0,0.00785516515103804
2022-03-11,12.41,12.89,12.22,12.87,8609412.0,108745489.0,1015610601.0,0.008477079691294007
2022-03-14,12.7,12.85,12.32,12.35,8243101.0,103629512.0,1015610601.0,0.008116399131599849
2022-03-15,12.36,12.56,11.79,11.8,16226384.0,196714756.0,1015610601.0,0.015976973836254786
2022-03-16,12.02,12.18,11.34,12.09,12166400.0,143801590.0,1015610601.0,0.011979394452973025
2022-03-17,12.14,12.44,12.01,12.18,7436659.0,91194455.0,1015610601.0,0.00732235267402452
2022-03-18,12.15,12.39,12.09,12.38,6351637.0,78047831.0,1015610601.0,0.006254008173748868
2022-03-21,12.43,12.52,12.21,12.36,6859105.0,84743798.0,1015610601.0,0.006753676057778763
2022-03-22,12.3,12.55,12.22,12.37,6427244.0,79843254.0,1015610601.0,0.006328453044573921
2022-03-23,12.36,12.68,12.3,12.67,6663524.0,83585185.0,1015610601.0,0.0065611012660156355
2022-03-24,12.6,12.64,12.4,12.45,4852380.0,60528886.0,1015610601.0,0.004777795737088805
2022-03-25,12.41,12.94,12.37,12.51,9309264.0,117808533.0,1015610601.0,0.009166174507073702
2022-03-28,12.58,12.58,12.14,12.3,5743259.0,70570834.0,1015610601.0,0.005654981342598254
2022-03-29,12.37,12.82,12.31,12.68,8563082.0,108016359.0,1015610601.0,0.008431461813778369
2022-03-30,12.67,12.78,12.53,12.78,5422043.0,68676845.0,1015610601.0,0.005338702643179677
2022-03-31,12.7,13.07,12.69,12.95,7957459.0,102847420.0,1015610601.0,0.007835147636470958
2022-04-01,12.92,13.05,12.63,12.73,6363860.0,81209497.0,1015610601.0,0.0062660432982227215
2022-04-06,12.66,12.9,12.62,12.76,4551711.0,57984201.0,1015610601.0,0.004481748216804996
2022-04-07,12.72,12.97,12.58,12.75,6664587.0,85155203.0,1015610601.0,0.006562147927008493
2022-04-08,12.7,12.76,12.16,12.34,10995051.0,136205781.0,1015610601.0,0.010826049855302762
2022-04-11,12.34,12.45,11.26,11.39,25033705.0,292487081.0,1015610601.0,0.024648920536425162
2022-04-12,11.4,11.46,11.02,11.41,9713356.0,109435433.0,1015610601.0,0.00956405534802014
2022-04-13,11.45,11.58,11.0,11.02,10968354.0,122651341.0,1015610601.0,0.010799763205701316
2022-04-14,11.11,11.15,10.72,11.05,11629297.0,127326719.0,1015610601.0,0.011450547078328498
2022-04-15,11.11,11.4,11.0,11.25,11041217.0,124202944.0,1015610601.0,0.010871506253605953
2022-04-18,11.13,12.23,10.95,12.12,27425551.0,321638755.0,1015610601.0,0.027004002294773212
2022-04-19,11.99,13.02,11.91,12.72,28359465.0,356846930.0,1015610601.0,0.02792356142410924
2022-04-20,12.81,13.07,12.61,12.66,24169363.0,311100855.0,1015610601.0,0.02379786403982209
2022-04-21,12.63,13.07,12.4,12.51,17986844.0,227808092.0,1015610601.0,0.01771037441150144
2022-04-22,12.38,12.4,11.95,12.18,13036312.0,158432021.0,1015610601.0,0.012835935335023153
2022-04-25,12.11,12.47,11.43,11.44,14025798.0,166609316.0,1015610601.0,0.013810212286273684
2022-04-26,11.66,11.67,10.76,10.76,12051276.0,134241849.0,1015610601.0,0.0118660399843542
2022-04-27,10.76,10.98,10.04,10.6,16819530.0,176510057.0,1015610601.0,0.016561002793234924
2022-04-28,10.49,10.65,10.29,10.54,11806667.0,124121784.0,1015610601.0,0.011625190785104851
2022-04-29,10.58,11.23,10.55,11.08,16667889.0,182631768.0,1015610601.0,0.016411692614854853
2022-05-05,11.07,11.57,10.95,11.42,10704925.0,121434221.0,1015610601.0,0.01054038328219459
2022-05-06,11.2,11.38,11.06,11.23,8638221.0,96893751.0,1015610601.0,0.00850544587807035
2022-05-09,11.12,11.57,11.1,11.45,7925295.0,90414306.0,1015610601.0,0.007803478018244908
2022-05-10,11.42,11.58,11.19,11.55,9310065.0,106624923.0,1015610601.0,0.009166963195178386
2022-05-11,11.46,11.82,11.45,11.62,7379296.0,86313969.0,1015610601.0,0.007265871380954599
2022-05-12,11.46,11.82,11.45,11.65,5973295.0,69580622.0,1015610601.0,0.0058814815384149385
2022-05-13,11.65,11.78,11.54,11.66,4536370.0,52889204.0,1015610601.0,0.004466643018036004
2022-05-16,11.75,11.89,11.61,11.75,6662907.0,78378147.0,1015610601.0,0.006560493749710279
2022-05-17,11.78,12.15,11.41,12.0,16028812.0,189521846.0,1015610601.0,0.015782438647467405
2022-05-18,11.94,12.5,11.8,12.38,14882051.0,181670243.0,1015610601.0,0.014653304116111722
2022-05-19,12.21,12.43,11.99,12.05,10568661.0,128750935.0,1015610601.0,0.010406213749239902
2022-05-20,12.05,12.27,11.86,11.96,8590117.0,103220641.0,1015610601.0,0.008458081268098145
2022-05-23,12.09,12.27,11.95,12.15,6138596.0,74436047.0,1015610601.0,0.006044241753636441
2022-05-24,12.07,12.17,11.6,11.65,7647331.0,90899913.0,1015610601.0,0.0075297865072205955
2022-05-25,11.65,11.92,11.54,11.89,5612963.0,66164005.0,1015610601.0,0.005526688077569604
2022-05-26,11.92,11.97,11.66,11.91,4689423.0,55542087.0,1015610601.0,0.004617343493050049
2022-05-27,11.91,12.05,11.79,11.95,4423495.0,52764335.0,1015610601.0,0.00435550298081223
2022-05-30,12.18,12.57,12.07,12.4,12841064.0,158363880.0,1015610601.0,0.012643688424831635
2022-05-31,12.2,12.6,12.1,12.47,10585962.0,131550442.0,1015610601.0,0.010423248821523477
2022-06-01,12.58,12.58,12.23,12.34,7379981.0,91216452.0,1015610601.0,0.007266545852055359
2022-06-02,12.44,12.88,12.3,12.6,14670389.0,184684393.0,1015610601.0,0.014444895499864913
2022-06-06,12.57,12.6,12.18,12.38,11226994.0,138469410.0,1015610601.0,0.011054427739278786
2022-06-07,12.4,12.51,12.19,12.24,8054700.0,99164179.0,1015610601.0,0.007930893978527899
2022-06-08,12.26,12.34,12.05,12.2,8015486.0,97685646.0,1015610601.0,0.007892282723425412
2022-06-09,12.19,12.29,11.98,12.06,7940238.0,96196347.0,1015610601.0,0.007818191334534918
2022-06-10,12.0,12.18,11.88,12.09,6624707.0,80105685.0,1015610601.0,0.006522880908762786
2022-06-13,12.02,12.34,11.98,12.17,8550400.0,104219117.0,1015610601.0,0.00841897474443554
2022-06-14,12.13,12.49,12.02,12.41,12449890.0,153349900.0,1015610601.0,0.012258527025753248
2022-06-15,12.44,12.8,12.41,12.46,13365128.0,168337898.0,1015610601.0,0.013159697217457461
2022-06-16,12.51,12.92,12.44,12.8,13690612.0,174661993.0,1015610601.0,0.013480178314916979
2022-06-17,12.75,13.16,12.6,12.95,11789192.0,152347496.0,1015610601.0,0.01160798438731539
2022-06-20,12.97,13.18,12.86,13.16,10708368.0,139816083.0,1015610601.0,0.010543773361026585
2022-06-21,13.14,13.27,12.85,12.98,11107084.0,144676774.0,1015610601.0,0.01093636083461874
2022-06-22,13.0,13.06,12.73,12.84,8558843.0,110039035.0,1015610601.0,0.008427287969988411
2022-06-23,12.84,12.84,12.55,12.66,9857757.0,124482215.0,1015610601.0,0.009706236809948383
2022-06-24,12.66,12.87,12.63,12.71,8214068.0,104560473.0,1015610601.0,0.00808781238785041
2022-06-27,12.7,12.83,12.48,12.58,9820245.0,123819987.0,1015610601.0,0.009669301393989683
2022-06-28,12.66,12.78,12.52,12.66,8043956.0,101796098.0,1015610601.0,0.007920315120854081
2022-06-29,12.6,12.63,12.23,12.3,12084842.0,149970338.0,1021148260.0,0.011834561614001085
2022-06-30,12.34,12.45,12.21,12.26,8012984.0,98881043.0,1021148260.0,0.007847032907836518
2022-07-01,12.27,12.71,12.25,12.3,11465311.0,142716211.0,1021148260.0,0.01122786127060531
2022-07-04,12.48,13.22,12.4,13.14,23952465.0,308494369.0,1021148260.0,0.023456402892955034
2022-07-05,13.07,13.12,12.76,13.03,16172048.0,209033428.0,1021148260.0,0.015837120458884198
2022-07-06,12.94,13.02,12.6,12.73,9051846.0,115877683.0,1021148260.0,0.008864379791432049
2022-07-07,12.74,12.78,12.49,12.51,7720030.0,97150072.0,1021148260.0,0.007560146065371545
2022-07-08,12.53,12.66,12.45,12.53,6700480.0,83955046.0,1021148260.0,0.006561711224969428
2022-07-11,12.63,12.89,12.37,12.49,9983740.0,125971682.0,1021148260.0,0.009776974011589659
2022-07-12,12.38,12.66,11.88,11.9,10808144.0,131004345.0,1021148260.0,0.010584304379072242
2022-07-13,11.9,12.3,11.78,12.14,9072668.0,109214731.0,1021148260.0,0.008884770562112107
2022-07-14,12.22,12.22,11.8,11.83,9457791.0,112666652.0,1021148260.0,0.00926191755935617
2022-07-15,11.78,11.94,11.59,11.66,8496504.0,99931949.0,1021148260.0,0.008320539076274782
2022-07-18,11.66,11.85,11.65,11.8,6370156.0,75035603.0,1021148260.0,0.00623822832543435
2022-07-19,11.8,11.99,11.75,11.95,6410917.0,76228217.0,1021148260.0,0.006278145153966183
2022-07-20,11.97,12.09,11.83,11.91,6142782.0,73378973.0,1021148260.0,0.006015563303217106
2022-07-21,11.86,11.93,11.79,11.8,3639579.0,43158295.0,1021148260.0,0.003564202322589278
2022-07-22,11.79,11.88,11.63,11.73,6689022.0,78470652.0,1021148260.0,0.006550490523286012
2022-07-25,11.68,11.79,11.62,11.67,4804911.0,56220074.0,1021148260.0,0.004705399977864135
2022-07-26,11.7,11.73,11.51,11.68,4412062.0,51191992.0,1021148260.0,0.004320686988195034
2022-07-27,11.68,11.68,11.54,11.61,4537589.0,52616903.0,1021148260.0,0.004443614289662502
2022-07-28,11.69,11.83,11.58,11.6,6129641.0,71627712.0,1021148260.0,0.006002694456924404
2022-07-29,11.64,11.66,11.26,11.32,7134539.0,81543578.0,1021148260.0,0.00698678074425745
2022-08-01,11.33,11.33,11.09,11.21,5685412.0,63480108.0,1021148260.0,0.0055676655611203805
2022-08-02,11.01,11.09,10.72,10.88,9798603.0,106392302.0,1021148260.0,0.0095956712495402
2022-08-03,10.9,11.66,10.9,11.33,15444562.0,176048623.0,1021148260.0,0.015124700893090686
2022-08-04,11.59,12.46,11.59,12.46,39687164.0,488835983.0,1021148260.0,0.038865231969351835
2022-08-05,12.31,12.86,12.16,12.74,36069213.0,453132882.0,1021148260.0,0.03532220972496197
2022-08-08,12.79,13.01,12.51,12.87,17133586.0,220036055.0,1021148260.0,0.016778744743686878
2022-08-09,12.89,13.04,12.7,12.85,14245020.0,182993069.0,1021148260.0,0.013950001736280684
2022-08-10,12.88,12.98,12.75,12.79,9729991.0,125189327.0,1021148260.0,0.009528480222842469
2022-08-11,12.83,13.1,12.8,13.03,12557157.0,162896232.0,1021148260.0,0.012297094841056675
2022-08-12,13.02,13.12,12.8,12.95,10741266.0,139379403.0,1021148260.0,0.010518811440759836
2022-08-15,12.91,13.0,12.41,12.58,22545825.0,285497893.0,1021148260.0,0.022078894792417314
2022-08-16,12.6,12.69,12.39,12.51,11565760.0,145027522.0,1021148260.0,0.011326229944317782
2022-08-17,12.56,12.6,12.27,12.39,9994930.0,123708612.0,1021148260.0,0.00978793226362644
2022-08-18,12.32,12.51,12.25,12.39,7280465.0,90104720.0,1021148260.0,0.00712968457685077
2022-08-19,12.46,12.68,12.36,12.56,13245355.0,166125940.0,1021148260.0,0.012971040072085126
2022-08-22,12.56,13.05,12.47,12.94,23454295.0,301795565.0,1021148260.0,0.022968550130027153
2022-08-23,12.8,13.6,12.8,13.39,18144501.0,241381436.0,1021148260.0,0.017768723417302793
2022-08-24,13.43,13.6,13.22,13.27,12841686.0,171739720.0,1021148260.0,0.012575731167577958
2022-08-25,13.38,13.6,13.26,13.4,10486177.0,140712707.0,1021148260.0,0.010269005403779468
2022-08-26,13.54,13.84,13.28,13.65,11498917.0,157058929.0,1021148260.0,0.011260771281145795
2022-08-29,13.5,13.7,13.25,13.44,12383581.0,166453806.0,1021148260.0,0.012127113647532436
2022-08-30,13.52,13.67,13.26,13.56,8092384.0,109574338.0,1021148260.0,0.007924788512101074
2022-08-31,13.53,13.55,13.09,13.15,9578537.0,127307085.0,1021148260.0,0.009380162876642418
2022-09-01,13.12,13.55,13.12,13.4,9972551.0,133828491.0,1021148260.0,0.009766016738842604
2022-09-02,13.32,13.75,13.25,13.52,10021822.0,135320673.0,1021148260.0,0.009814267322944858
2022-09-05,13.56,13.89,13.3,13.47,12145636.0,163672445.0,1021148260.0,0.011894096553618963
2022-09-06,13.55,14.13,13.4,14.02,19044194.0,265360566.0,1021148260.0,0.0186497835289853
2022-09-07,13.87,13.96,13.37,13.41,16799595.0,228557207.0,1021148260.0,0.016451670788725625
2022-09-08,13.36,13.47,13.17,13.22,11484813.0,152603576.0,1021148260.0,0.011246959378846712
2022-09-09,13.25,13.29,12.8,13.03,12197543.0,158271118.0,1021148260.0,0.011944928545439621
2022-09-13,13.1,13.86,13.05,13.75,16524638.0,224708997.0,1021148260.0,0.016182408223464045
2022-09-14,13.59,14.12,13.35,13.99,16353087.0,226330117.0,1021148260.0,0.01601441009163547
2022-09-15,14.0,14.0,13.43,13.57,9796177.0,134072020.0,1021148260.0,0.009593295492664307
2022-09-16,13.56,13.99,13.5,13.52,12069902.0,165391426.0,1021148260.0,0.011819931025490853
2022-09-19,13.46,13.8,13.22,13.61,10262458.0,139133787.0,1021148260.0,0.010049919685511681
2022-09-20,13.55,13.91,13.49,13.87,11495166.0,157997427.0,1021148260.0,0.011257097965382618
2022-09-21,13.8,13.8,13.3,13.58,9230284.0,125076411.0,1021148260.0,0.009039122291605334
2022-09-22,13.5,13.68,13.28,13.31,5883517.0,78962395.0,1021148260.0,0.0057616677523399
2022-09-23,13.39,13.39,12.72,13.1,10859652.0,141366605.0,1021148260.0,0.010634745634292125
2022-09-26,13.0,13.17,12.88,12.93,5716443.0,74361465.0,1021148260.0,0.005598053900615764
2022-09-27,12.94,13.26,12.82,13.25,5178708.0,67574970.0,1021148260.0,0.005071455539668647
2022-09-28,13.18,13.21,12.83,12.86,4408134.0,57247926.0,1021148260.0,0.00431684033815031
2022-09-29,13.03,13.35,12.86,13.03,5189644.0,68125457.0,1021148260.0,0.0050821650521149595
2022-09-30,13.06,13.47,12.98,13.16,6062200.0,80245786.0,1021148260.0,0.005936650178496118
2022-10-10,13.46,13.79,13.17,13.55,13014958.0,176928782.0,1021148260.0,0.012745414657025415
2022-10-11,13.46,13.64,12.6,12.81,11084533.0,144467141.0,1021148260.0,0.010854969287221818
2022-10-12,12.72,13.61,12.65,13.4,12442039.0,164231038.0,1021148260.0,0.012184360966349783
2022-10-13,13.23,13.93,12.92,13.72,11184653.0,151006546.0,1021148260.0,0.010953015774614354
2022-10-14,13.7,13.84,13.6,13.73,9414089.0,129140423.0,1021148260.0,0.009219120639739424
2022-10-17,13.72,14.76,13.68,14.56,24247323.0,347619865.0,1021148260.0,0.023745154303058794
2022-10-18,14.5,14.87,14.23,14.78,18503938.0,270694323.0,1021148260.0,0.0181207163786383
2022-10-19,14.62,14.75,14.27,14.36,10250277.0,147538736.0,1021148260.0,0.010037990957356182
2022-10-20,14.3,14.55,14.18,14.45,10333475.0,148511904.0,1021148260.0,0.01011946590400105
2022-10-21,14.45,15.16,14.33,14.99,17170356.0,256125725.0,1021148260.0,0.01681475322692123
2022-10-24,14.99,15.05,14.13,14.51,13843436.0,201138389.0,1021148260.0,0.013556734650852756
2022-10-25,14.5,14.57,13.46,13.65,15117340.0,210063996.0,1021148260.0,0.014804255750286446
2022-10-26,13.6,13.99,13.01,13.4,17300601.0,233374248.0,1021148260.0,0.016942300817317166
2022-10-27,13.33,13.77,13.14,13.59,11286201.0,151722127.0,1021148260.0,0.011052460687735981
2022-10-28,13.59,13.65,12.7,12.93,9405432.0,123254772.0,1021148260.0,0.009210642928579245
2022-10-31,12.81,13.53,12.55,13.25,14356050.0,187805048.0,1021148260.0,0.01405873227458665
2022-11-01,13.42,13.75,13.11,13.66,11734103.0,157628263.0,1021148260.0,0.011491086514704535
2022-11-02,13.56,14.1,13.52,13.77,9850318.0,136602682.0,1021148260.0,0.009646315217733417
2022-11-03,13.59,14.22,13.52,14.17,10572849.0,147652454.0,1021148260.0,0.010353882402933341
2022-11-04,14.15,14.25,13.87,13.9,12500105.0,174712312.0,1021148260.0,0.01224122440359444
2022-11-07,13.85,13.85,13.41,13.69,13523111.0,184585201.0,1021148260.0,0.01324304366929049
2022-11-08,13.71,13.88,13.44,13.86,8785855.0,120053254.0,1021148260.0,0.008603897537856061
2022-11-09,13.75,13.9,13.61,13.63,5868718.0,80673967.0,1021148260.0,0.0057471752436810694
2022-11-10,13.54,13.71,13.45,13.52,4706799.0,63824545.0,1021148260.0,0.004609319904241917
2022-11-11,13.7,14.04,13.55,13.57,10153700.0,139882708.0,1021148260.0,0.009943414093463764
2022-11-14,13.6,14.13,13.5,13.96,11337139.0,158033543.0,1021148260.0,0.0111023437478119
2022-11-15,13.94,14.21,13.83,14.08,10189125.0,143035954.0,1021148260.0,0.009978105432016307
2022-11-16,14.1,14.38,13.86,14.04,7842412.0,110168030.0,1021148260.0,0.007679993500649945
2022-11-17,13.97,14.48,13.9,14.37,11139992.0,159192065.0,1021148260.0,0.010909279716150131
2022-11-18,14.33,14.43,13.77,13.81,12303317.0,173028357.0,1021148260.0,0.012048511936944397
2022-11-21,13.79,13.94,13.62,13.85,7655826.0,105413218.0,1021148260.0,0.007497271747787143
2022-11-22,13.76,13.95,13.36,13.39,8750770.0,119173072.0,1021148260.0,0.008569539157810445
2022-11-23,13.38,13.47,13.09,13.22,8629328.0,114068740.0,1021148260.0,0.008450612254874723
2022-11-24,13.22,13.33,13.09,13.2,5010635.0,66049328.0,1021148260.0,0.004906863377507983
2022-11-25,13.16,13.25,13.05,13.22,5167929.0,68097586.0,1021148260.0,0.005060899775709357
2022-11-28,13.11,13.19,12.91,13.12,4352087.0,56839899.0,1021148260.0,0.00426195408686296
2022-11-29,13.15,13.48,13.11,13.37,6668424.0,89101944.0,1021148260.0,0.006530319113504634
2022-11-30,13.31,13.47,13.12,13.18,5500385.0,73206428.0,1021148260.0,0.005386470520940809
2022-12-01,13.32,13.62,13.21,13.49,9832125.0,132271250.0,1021148260.0,0.009628498999743681
2022-12-02,13.51,13.61,13.29,13.42,7424117.0,99575233.0,1021148260.0,0.007270361504606589
2022-12-05,13.49,13.63,13.15,13.23,13197184.0,176131720.0,1021148260.0,0.01292386670668175
2022-12-06,13.2,13.3,12.88,12.95,12477792.0,163318998.0,1021148260.0,0.012219373511932538
2022-12-07,12.92,13.0,12.55,12.96,12196351.0,155969190.0,1021148260.0,0.011943761232085926
2022-12-08,12.96,13.0,12.67,12.73,9168353.0,117152333.0,1021148260.0,0.008978473899568707
2022-12-09,12.72,12.75,12.21,12.26,19925684.0,246150663.0,1021148260.0,0.01951301762978081
2022-12-12,12.22,12.42,12.2,12.26,9480467.0,116419681.0,1021148260.0,0.009284123933188703
2022-12-13,12.36,12.44,12.1,12.42,9033625.0,111361300.0,1021148260.0,0.008846536153329978
2022-12-14,12.34,12.41,12.22,12.28,5324635.0,65401091.0,1021148260.0,0.0052143603515516935
2022-12-15,12.29,12.41,12.1,12.15,6984370.0,85169421.0,1021148260.0,0.006839721785355635
2022-12-16,12.11,12.2,11.98,12.18,5706007.0,68981494.0,1021148260.0,0.005587834033032578
2022-12-19,12.16,12.17,11.71,11.8,10837925.0,128490146.0,1021148260.0,0.010613468606409807
2022-12-20,11.83,11.93,11.58,11.6,7296855.0,85244134.0,1021148260.0,0.007145735135464071
2022-12-21,11.63,11.69,11.54,11.61,5030451.0,58416418.0,1021148260.0,0.00492626898272343
2022-12-22,11.63,11.82,11.44,11.5,7014011.0,81582205.0,1021148260.0,0.006868748912131526
2022-12-23,11.47,11.61,11.36,11.53,5506062.0,63217170.0,1021148260.0,0.005392029948716751
2022-12-26,11.58,11.75,11.35,11.4,7516251.0,86099644.0,1021148260.0,0.0073605873842452615
2022-12-27,11.46,11.66,11.34,11.6,9551252.0,109963156.0,1021148260.0,0.009353442956461582
2022-12-28,11.53,11.67,11.36,11.42,7632093.0,87634410.0,1021148260.0,0.00747403026471396
2022-12-29,11.36,11.52,11.35,11.43,3988305.0,45706955.0,1021148260.0,0.00390570611166688
2022-12-30,11.48,11.65,11.44,11.62,5458121.0,63138812.0,1021148260.0,0.0053450818199504155
2023-01-03,11.62,11.85,11.5,11.73,8280943.0,97023525.0,1021148260.0,0.008109442403593774
2023-01-04,11.73,11.74,11.59,11.62,7526736.0,87711755.0,1021148260.0,0.007370855237025033
2023-01-05,11.64,12.2,11.64,12.03,19020989.0,227598011.0,1021148260.0,0.01862705911088758
2023-01-06,11.93,12.14,11.88,12.07,13478290.0,162068518.0,1021148260.0,0.013199150924470066
2023-01-09,12.06,12.13,11.83,11.96,12901304.0,153919233.0,1021148260.0,0.01263411446247776
2023-01-10,11.92,12.36,11.89,12.13,13035171.0,157940239.0,1021148260.0,0.012765209040262186
2023-01-11,12.1,12.57,12.06,12.45,16989489.0,210462902.0,1021148260.0,0.016637632032002875
2023-01-12,12.5,12.76,12.41,12.43,12185055.0,153161878.0,1021148260.0,0.011932699175338162
2023-01-13,12.51,12.75,12.38,12.71,10456374.0,132126701.0,1021148260.0,0.010239819632067923
2023-01-16,12.73,13.0,12.68,12.85,11823216.0,152102577.0,1021148260.0,0.011578353960080194
2023-01-17,12.93,12.97,12.71,12.79,8083840.0,103529392.0,1021148260.0,0.007916421460679961
2023-01-18,12.75,12.84,12.64,12.75,6858439.0,87380476.0,1021148260.0,0.006716398850838761
2023-01-19,12.7,12.98,12.68,12.81,6025332.0,77233839.0,1021148260.0,0.005900545724868591
2023-01-20,12.88,12.97,12.81,12.89,6259717.0,80688726.0,1021148260.0,0.0061300765473566
2023-01-30,12.9,13.03,12.82,12.86,10527767.0,136107684.0,1021148260.0,0.010309734063494365
2023-01-31,12.8,12.94,12.71,12.85,5771905.0,73987815.0,1021148260.0,0.005652367267413255
2023-02-01,12.83,14.14,12.73,14.14,29271599.0,400576523.0,1021148260.0,0.028665376171722604
2023-02-02,14.5,14.66,14.06,14.1,37554441.0,539257124.0,1021148260.0,0.03677667824650654
2023-02-03,14.14,14.45,13.86,14.16,19875062.0,280211649.0,1021148260.0,0.01946344402525839
2023-02-06,14.3,14.58,14.16,14.37,17078572.0,245977941.0,1021148260.0,0.016724870098686746
2023-02-07,14.39,14.6,14.18,14.3,10670057.0,152769361.0,1021148260.0,0.010449077198643025
2023-02-08,14.45,14.94,14.34,14.7,19520925.0,286407459.0,1021148260.0,0.019116641299472027
2023-02-09,14.71,15.24,14.71,15.04,23419526.0,352600824.0,1021148260.0,0.022934501205535033
2023-02-10,15.0,15.66,14.86,15.4,19494247.0,299018022.0,1021148260.0,0.019090515808155028
2023-02-13,15.4,15.51,15.16,15.42,14352935.0,220022137.0,1021148260.0,0.01405568178708937
2023-02-14,15.42,15.45,14.98,15.12,13047127.0,197234998.0,1021148260.0,0.012776917428229275
2023-02-15,15.1,15.18,14.91,15.07,7635401.0,114876450.0,1021148260.0,0.0074772697551284085
2023-02-16,15.14,15.26,14.87,14.9,10190161.0,153524268.0,1021148260.0,0.009979119976172705
2023-02-17,15.0,15.11,14.79,14.81,7944286.0,118647044.0,1021148260.0,0.00777975766222233
2023-02-20,14.94,15.09,14.7,14.97,12435208.0,184928118.0,1021148260.0,0.012177671438229743
2023-02-21,14.95,15.02,14.63,14.79,12770307.0,188765159.0,1021148260.0,0.012505830446207684
2023-02-22,14.75,14.97,14.56,14.85,11329411.0,167050584.0,1021148260.0,0.01109477579680741
2023-02-23,14.9,15.0,14.76,14.93,7924030.0,117731914.0,1021148260.0,0.007759921169527332
2023-02-24,14.93,15.63,14.85,15.6,21453173.0,328692000.0,1021148260.0,0.021008871914446586
2023-02-27,15.61,15.94,15.33,15.51,11707954.0,181981900.0,1021148260.0,0.011465479067652723
2023-02-28,15.53,16.23,15.49,15.92,12532993.0,199046495.0,1021148260.0,0.012273431284111477
2023-03-01,15.96,16.18,15.69,15.76,9551368.0,151682208.0,1021148260.0,0.009353556554069827
2023-03-02,15.8,15.97,15.51,15.67,10076898.0,158572173.0,1021148260.0,0.009868202683908015
2023-03-03,15.78,15.78,15.23,15.31,11498418.0,176865350.0,1021148260.0,0.011260282615572395
2023-03-06,15.37,15.56,15.23,15.39,8718691.0,134096237.0,1021148260.0,0.008538124522681946
2023-03-07,15.4,15.48,14.75,14.83,13116025.0,196961746.0,1021148260.0,0.012844388531788714
2023-03-08,14.83,14.88,14.65,14.79,11133557.0,164623744.0,1021148260.0,0.010902977986761687
2023-03-09,14.79,15.01,14.76,14.86,8247302.0,122665547.0,1021148260.0,0.008076498117912868
2023-03-10,14.75,14.99,14.63,14.84,7225017.0,107287055.0,1021148260.0,0.007075384920109447
2023-03-13,14.73,14.94,14.49,14.67,9789617.0,143559055.0,1021148260.0,0.009586871352060081
2023-03-14,14.65,14.93,14.43,14.54,9095227.0,133075918.0,1021148260.0,0.008906862359046667
2023-03-15,14.56,14.68,14.29,14.33,10126693.0,146341061.0,1021148260.0,0.009916966415826825
2023-03-16,14.38,14.42,14.16,14.21,6109738.0,87102587.0,1021148260.0,0.005983203653502773
2023-03-17,14.26,14.36,14.13,14.22,9010731.0,128354036.0,1021148260.0,0.008824116294337122
2023-03-20,14.22,14.33,13.97,14.14,12412581.0,175320322.0,1021148260.0,0.012155513049593798
2023-03-21,14.45,14.57,14.16,14.33,12034076.0,172722219.0,1021148260.0,0.011784846991758082
2023-03-22,14.31,14.53,13.99,14.21,12379032.0,176129747.0,1021148260.0,0.012122658858567706
2023-03-23,14.16,14.26,13.89,14.05,8671488.0,121714454.0,1021148260.0,0.008491899109733586
2023-03-24,14.1,14.23,14.01,14.04,7572396.0,106818882.0,1021148260.0,0.007415569605925784
2023-03-27,14.09,14.31,13.88,14.18,10601763.0,149370702.0,1021148260.0,0.010382197586078244
2023-03-28,14.18,14.93,14.18,14.69,15159626.0,221506135.0,1021148260.0,0.014845665995650818
2023-03-29,14.61,14.82,14.33,14.65,9723465.0,141461710.0,1021148260.0,0.009522089378088936
2023-03-30,14.66,15.08,14.55,15.01,12143906.0,180638560.0,1021148260.0,0.011892402382392543
2023-03-31,15.04,15.4,14.88,14.92,11009179.0,166232333.0,1021148260.0,0.010781175889189686
2023-04-03,14.92,15.3,14.89,15.22,10091251.0,152442191.0,1021148260.0,0.009882258429348936
2023-04-04,15.18,15.28,14.98,15.1,6931069.0,104769741.0,1021148260.0,0.006787524663656578
2023-04-06,15.14,15.35,14.67,14.93,12005899.0,179353650.0,1021148260.0,0.011757253545141427
2023-04-07,14.94,15.05,14.8,14.9,5356874.0,79942769.0,1021148260.0,0.005245931673036391
2023-04-10,14.96,14.96,14.18,14.38,12033155.0,173553027.0,1021148260.0,0.011783945065920202
2023-04-11,14.42,14.42,14.19,14.31,7038039.0,100485942.0,1021148260.0,0.006892279285673953
2023-04-12,14.3,14.36,13.94,14.03,13010861.0,183562418.0,1021148260.0,0.012741402507016953
2023-04-13,14.04,14.32,13.95,14.2,9283650.0,131150536.0,1021148260.0,0.009091383067136598
2023-04-14,14.2,14.29,13.89,14.06,8892546.0,124689034.0,1021148260.0,0.00870837893803981
2023-04-17,14.06,14.23,14.02,14.09,8877153.0,125335085.0,1021148260.0,0.008693304731283585
2023-04-18,14.05,14.18,13.85,13.89,8800250.0,122994934.0,1021148260.0,0.008617994413465484
2023-04-19,13.89,14.07,13.64,13.69,7750745.0,106985128.0,1021148260.0,0.007590224949313433
2023-04-20,13.7,13.76,13.4,13.45,9250488.0,124844510.0,1021148260.0,0.009058907861234568
2023-04-21,13.45,13.59,13.3,13.3,6900290.0,92726952.0,1021148260.0,0.006757383105172211
2023-04-24,13.53,13.53,13.14,13.25,13081703.0,174189257.0,1021148260.0,0.01281077734980423
2023-04-25,13.14,13.28,12.83,12.93,11472991.0,148931561.0,1021148260.0,0.011235382215702939
2023-04-26,12.8,13.15,12.74,12.94,17653604.0,227996330.0,1021148260.0,0.017287993028553952
2023-04-27,12.89,13.06,12.87,12.97,8364444.0,108388409.0,1021148260.0,0.008191214075025696
2023-04-28,12.99,13.08,12.86,13.0,8181798.0,106265088.0,1021148260.0,0.008012350723684336
2023-05-04,12.9,13.08,12.78,12.92,10564903.0,136645137.0,1021148260.0,0.010346100966768529
2023-05-05,12.94,12.98,12.5,12.62,12231899.0,154540063.0,1021148260.0,0.011978573023274798
2023-05-08,12.68,13.42,12.58,13.13,18999986.0,246899730.0,1021148260.0,0.01860649108876707
2023-05-09,13.14,13.71,13.05,13.53,20097906.0,270563215.0,1021148260.0,0.019681672865015702
2023-05-10,13.4,13.66,13.16,13.63,16907835.0,226854839.0,1021148260.0,0.01655766910869534
2023-05-11,13.55,13.91,13.21,13.28,15184416.0,204992208.0,1021148260.0,0.014869942587964652
2023-05-12,13.4,14.6,13.4,13.82,35437040.0,500299825.0,1021148260.0,0.0347031292008469
2023-05-15,13.71,13.79,12.86,13.23,25321952.0,332189317.0,1021148260.0,0.024797527442293247
2023-05-16,13.18,13.26,12.88,12.98,13058899.0,170169061.0,1021148260.0,0.012788445626886736
2023-05-17,12.88,13.05,12.71,13.01,11015675.0,141912981.0,1021148260.0,0.01078753735525143
2023-05-18,13.09,13.34,12.82,12.91,11161862.0,145607969.0,1021148260.0,0.010930696782463303
2023-05-19,12.87,13.09,12.68,13.04,6958912.0,90080345.0,1021148260.0,0.006814791027504664
2023-05-22,13.0,13.05,12.86,12.99,6954616.0,90006911.0,1021148260.0,0.006810583998840678
2023-05-23,13.0,13.07,12.75,12.75,7889526.0,101540699.0,1021148260.0,0.007726131756812669
2023-05-24,12.74,12.78,12.43,12.45,10103133.0,126739024.0,1021148260.0,0.009893894349876284
2023-05-25,12.43,12.46,12.18,12.42,8008593.0,98903355.0,1021148260.0,0.007842732846648536
2023-05-26,12.42,12.66,12.35,12.62,5625045.0,70457480.0,1021148260.0,0.005508548778215614
2023-05-29,12.62,12.72,12.52,12.63,5419033.0,68417882.0,1021148260.0,0.005306803343130604
2023-05-30,12.63,12.68,12.37,12.53,5530998.0,69196543.0,1021148260.0,0.005416449517330618
2023-05-31,12.53,12.53,12.33,12.35,4273188.0,53043528.0,1021148260.0,0.004184689106751256
2023-06-01,12.35,12.48,12.22,12.37,7513235.0,92822105.0,1021148260.0,0.00735763384643088
2023-06-02,12.37,12.44,12.23,12.4,4757771.0,58727698.0,1021148260.0,0.004659236260168528
2023-06-05,12.37,12.41,12.28,12.37,5189883.0,64030020.0,1021148260.0,0.005082399102359534
2023-06-06,12.37,12.37,11.97,12.01,10102900.0,122169410.0,1021148260.0,0.009893666175370068
2023-06-07,11.98,12.21,11.98,12.1,5409021.0,65357155.0,1021148260.0,0.0052969986943913515
2023-06-08,12.08,12.22,11.98,12.18,7761596.0,94056615.0,1021148260.0,0.007600851222133013
2023-06-09,12.19,12.2,11.8,11.94,11944454.0,142380099.0,1021148260.0,0.01169708108791176
2023-06-12,11.91,12.0,11.8,11.95,6479323.0,77125184.0,1021148260.0,0.006345134446980304
2023-06-13,11.93,12.04,11.86,11.88,4893443.0,58320230.0,1021148260.0,0.004792098455908841
2023-06-14,11.91,12.1,11.83,12.02,7706035.0,92409565.0,1021148260.0,0.007546440905652623
2023-06-15,12.24,12.28,11.78,12.02,11960900.0,142759021.0,1021148260.0,0.01171318648674973
2023-06-16,12.01,12.31,11.99,12.19,10448397.0,127530577.0,1021148260.0,0.010232007837921596
2023-06-19,12.2,12.21,11.89,11.89,10018619.0,120455475.0,1021148260.0,0.009811130657951667
2023-06-20,11.88,12.01,11.88,11.93,5298837.0,63306352.0,1021148260.0,0.005189096635193797
2023-06-21,11.88,11.97,11.71,11.72,7297108.0,86089561.0,1021148260.0,0.0071459828957648125
2023-06-26,11.67,11.67,11.45,11.52,7069475.0,81529266.0,1021148260.0,0.006923064237508469
2023-06-27,11.55,11.76,11.5,11.71,5272941.0,61637695.0,1021148260.0,0.005163736948442727
2023-06-28,11.55,11.56,11.37,11.42,5836219.0,66669609.0,1021148260.0,0.005715349306867545
2023-06-29,11.4,11.66,11.38,11.63,4930911.0,57036638.0,1021148260.0,0.0048287904833721204
2023-06-30,11.62,11.76,11.59,11.68,6316701.0,73773991.0,1021148260.0,0.0061858803931174496
2023-07-03,11.74,11.86,11.65,11.81,6278426.0,73844304.0,1021148260.0,0.0061483980788450835
2023-07-04,11.8,11.85,11.63,11.78,5099387.0,59873663.0,1021148260.0,0.004993777299292465
2023-07-05,11.78,11.83,11.72,11.77,4485917.0,52859245.0,1021148260.0,0.004393012430927513
2023-07-06,11.72,11.88,11.67,11.76,6616716.0,77815616.0,1021148260.0,0.0064796820003395
2023-07-07,11.7,11.87,11.68,11.83,8044201.0,94829324.0,1021148260.0,0.007877603395220983
2023-07-10,11.84,12.1,11.81,11.9,5867417.0,69872136.0,1021148260.0,0.005745901187747213
2023-07-11,11.96,11.96,11.83,11.92,5355682.0,63691854.0,1021148260.0,0.005244764359682697
2023-07-12,11.93,11.94,11.69,11.72,6551900.0,77335301.0,1021148260.0,0.006416208357442631
2023-07-13,11.76,11.86,11.72,11.85,5141547.0,60662780.0,1021148260.0,0.005035064154151328
2023-07-14,11.85,11.88,11.77,11.83,4616997.0,54528773.0,1021148260.0,0.004521377728244868
2023-07-17,11.83,11.84,11.71,11.79,4431632.0,52099169.0,1021148260.0,0.004339851688137822
2023-07-18,11.81,11.88,11.7,11.83,5901999.0,69720875.0,1021148260.0,0.005779766985060524
2023-07-19,11.8,12.05,11.8,11.97,7616275.0,90993761.0,1021148260.0,0.007458539859824077
2023-07-20,11.99,12.33,11.99,12.08,16294904.0,198379636.0,1021148260.0,0.015957432077492843
2023-07-21,12.08,12.53,12.05,12.41,19549446.0,242404886.0,1021148260.0,0.019144571621754515
2023-07-24,12.38,12.4,12.06,12.11,9729313.0,118689547.0,1021148260.0,0.00952781626440807
2023-07-25,12.18,12.25,12.03,12.15,9666695.0,117124501.0,1021148260.0,0.009466495100329505
2023-07-26,12.15,12.19,12.05,12.13,5527505.0,67019486.0,1021148260.0,0.005413028858316813
2023-07-27,12.13,12.18,12.08,12.15,6342705.0,76935671.0,1021148260.0,0.006211345843158955
2023-07-28,12.11,12.3,12.04,12.28,7363217.0,89721001.0,1021148260.0,0.007210722760277729
2023-07-31,12.29,12.44,12.16,12.34,10760651.0,132247027.0,1021148260.0,0.010537794972103267
2023-08-01,12.32,12.35,12.21,12.23,5161066.0,63271824.0,1021148260.0,0.0050541789103180764
2023-08-02,12.19,12.21,12.04,12.07,6821699.0,82514243.0,1021148260.0,0.006680419746296194
2023-08-03,12.07,12.33,12.05,12.29,8913470.0,108925101.0,1021148260.0,0.008728869596271945
2023-08-04,12.3,12.36,12.12,12.14,7712175.0,94142056.0,1021148260.0,0.0075524537445718215
2023-08-07,12.15,12.19,11.95,12.03,8489848.0,102186676.0,1021148260.0,0.008314020923856835
2023-08-08,12.02,12.06,11.89,12.01,4892755.0,58557028.0,1021148260.0,0.004791424704577179
2023-08-09,11.95,12.07,11.91,11.96,3916180.0,46875531.0,1021148260.0,0.0038350748401608206
2023-08-10,11.99,12.12,11.93,12.05,4437767.0,53329883.0,1021148260.0,0.00434585963060839
2023-08-11,12.06,12.08,11.66,11.69,7174185.0,84877768.0,1021148260.0,0.00702560566474451
2023-08-14,11.58,11.73,11.48,11.61,8246585.0,95486407.0,1021148260.0,0.008075795967179144
2023-08-15,11.6,11.66,11.46,11.64,4629980.0,53564159.0,1021148260.0,0.004534091846760822
2023-08-16,11.56,11.88,11.56,11.7,6896863.0,81219419.0,1021148260.0,0.0067540270792803385
2023-08-17,11.65,11.97,11.57,11.95,6919457.0,81668493.0,1021148260.0,0.006776153151355318
2023-08-18,11.9,11.91,11.7,11.71,7426343.0,87559694.0,1021148260.0,0.00727254140353723
2023-08-21,11.67,11.74,11.46,11.46,4932160.0,57141070.0,1021148260.0,0.004830013616240212
2023-08-22,11.5,11.54,11.29,11.44,6474011.0,73853082.0,1021148260.0,0.006339932459954444
2023-08-23,11.44,11.44,11.16,11.19,6695702.0,75440202.0,1021148260.0,0.0065570321786573875
2023-08-24,11.19,11.42,11.0,11.35,6646237.0,74810472.0,1021148260.0,0.00650859161234824
2023-08-25,11.29,11.59,11.29,11.39,5654779.0,64906586.0,1021148260.0,0.005537666978936046
2023-08-28,11.81,11.9,11.41,11.44,7100472.0,82655837.0,1021148260.0,0.0069534192811531595
2023-08-29,11.44,11.64,11.37,11.57,6254677.0,72115663.0,1021148260.0,0.006125140927136281
2023-08-30,11.54,11.65,11.5,11.61,4385834.0,50825744.0,1021148260.0,0.004295002177254848
2023-08-31,11.56,11.67,11.5,11.58,3308540.0,38300545.0,1021148260.0,0.0032400192308999283
2023-09-01,11.6,11.67,11.57,11.64,3854792.0,44831191.0,1021148260.0,0.0037749582024455487
2023-09-04,11.65,11.79,11.62,11.78,5962201.0,69867910.0,1021148260.0,0.005838722185160458
2023-09-05,11.78,11.82,11.68,11.7,3282497.0,38479239.0,1021148260.0,0.0032145155885590993
2023-09-06,11.66,11.74,11.58,11.65,3111820.0,36253530.0,1021148260.0,0.00304737335595127
2023-09-07,11.69,11.7,11.48,11.49,3666404.0,42452553.0,1021148260.0,0.0035904717694960377
2023-09-08,11.44,11.52,11.41,11.43,2149600.0,24621073.0,1021148260.0,0.002105081195555286
2023-09-11,11.47,11.71,11.46,11.68,5021963.0,58449264.0,1021148260.0,0.004917956771526987
2023-09-12,11.72,11.72,11.58,11.67,3791163.0,44259734.0,1021148260.0,0.0037126469764537425
2023-09-13,11.69,11.69,11.46,11.52,4591510.0,53017771.0,1021148260.0,0.004496418570991837
2023-09-14,11.53,11.53,11.43,11.47,2617331.0,30025974.0,1021148260.0,0.0025631253585057276
2023-09-15,11.48,11.76,11.47,11.76,7427622.0,86735153.0,1021148260.0,0.007273793915097108
2023-09-18,11.7,11.73,11.47,11.59,7763000.0,89647234.0,1021148260.0,0.007602226144908674
2023-09-19,11.58,11.63,11.49,11.53,4291788.0,49609376.0,1021148260.0,0.004202903895659579
2023-09-20,11.54,11.56,11.43,11.43,3625166.0,41564591.0,1021148260.0,0.003550087819764781
2023-09-21,11.41,11.46,11.2,11.21,5092026.0,57523378.0,1021148260.0,0.004986568747617511
2023-09-22,11.2,11.28,11.1,11.26,6195390.0,69363349.0,1021148260.0,0.006067081777135869
2023-09-25,11.25,11.36,11.21,11.28,4226898.0,47687767.0,1021148260.0,0.004139357785322966
2023-09-26,11.28,11.29,11.11,11.12,4342577.0,48606563.0,1021148260.0,0.004252641041566286
2023-09-27,11.12,11.42,11.08,11.37,7557198.0,85322600.0,1021148260.0,0.0074006863606661775
2023-09-28,11.35,11.42,11.26,11.29,4422791.0,49996853.0,1021148260.0,0.004331193787668012
2023-10-09,11.26,11.32,11.11,11.17,5535131.0,61858655.0,1021148260.0,0.005420496921769225
2023-10-10,11.19,11.22,11.1,11.1,4196822.0,46771534.0,1021148260.0,0.0041099046675161545
2023-10-11,11.11,11.3,11.1,11.17,4968753.0,55663631.0,1021148260.0,0.004865848765193019
2023-10-12,11.17,11.31,11.17,11.23,3055520.0,34357160.0,1021148260.0,0.002992239344363178
2023-10-13,11.19,11.23,11.11,11.14,2478500.0,27620707.0,1021148260.0,0.0024271695865201786
2023-10-16,11.15,11.21,11.09,11.13,3923501.0,43745481.0,1021148260.0,0.003842244220246725
2023-10-17,11.17,11.18,10.87,10.94,5298920.0,58094319.0,1021148260.0,0.005189177916241076
2023-10-18,10.93,10.94,10.68,10.68,4252058.0,45841614.0,1021148260.0,0.0041639967148355125
2023-10-19,10.72,10.72,10.57,10.59,3207300.0,34103440.0,1021148260.0,0.003140875939013988
2023-10-20,10.6,10.62,10.41,10.42,3975557.0,41657868.0,1021148260.0,0.003893222126236596
2023-10-23,10.42,10.45,10.18,10.21,4319070.0,44459101.0,1021148260.0,0.004229620877971236
2023-10-24,10.25,10.41,10.21,10.38,3432792.0,35447108.0,1021148260.0,0.0033616979379664223
2023-10-25,10.48,10.54,10.43,10.48,3711875.0,38949349.0,1021148260.0,0.003635001052638527
2023-10-26,10.45,10.57,10.42,10.54,2817924.0,29566217.0,1021148260.0,0.002759564022564167
2023-10-27,10.5,10.97,10.49,10.92,5932250.0,63999247.0,1021148260.0,0.005809391478569429
2023-10-30,10.88,11.07,10.87,11.02,5716006.0,62975622.0,1021148260.0,0.005597625951005391
2023-10-31,11.0,11.13,11.0,11.1,5275155.0,58414803.0,1021148260.0,0.005165905095896653
2023-11-01,11.14,11.17,11.04,11.14,5363000.0,59590107.0,1021148260.0,0.005251930801899423
2023-11-02,11.17,11.2,10.97,11.02,3549276.0,39333485.0,1021148260.0,0.003475769522439376
2023-11-03,11.11,11.15,10.97,11.02,4886500.0,53916850.0,1021148260.0,0.00478529924733946
2023-11-06,11.02,11.11,10.91,11.03,5941300.0,65434802.0,1021148260.0,0.005818254050592026
2023-11-07,11.0,11.13,10.99,11.07,4596225.0,50888795.0,1021148260.0,0.004501035922051123
2023-11-08,11.08,11.1,10.95,11.01,2975100.0,32783860.0,1021148260.0,0.002913484864577843
2023-11-09,10.97,11.08,10.86,10.88,6932288.0,75774737.0,1021148260.0,0.006788718417832881
2023-11-10,10.9,10.93,10.75,10.85,3729552.0,40479551.0,1021148260.0,0.003652311957129516
2023-11-13,10.86,10.95,10.77,10.9,4519499.0,49027388.0,1021148260.0,0.00442589893851457
2023-11-14,10.89,11.0,10.84,10.9,2894333.0,31587895.0,1021148260.0,0.002834390571257498
2023-11-15,10.95,11.04,10.91,10.96,4537400.0,49755189.0,1021148260.0,0.00444342920390424
2023-11-16,10.95,10.95,10.8,10.8,3569500.0,38685933.0,1021148260.0,0.003495574677863134
2023-11-17,10.75,11.35,10.75,11.25,14641694.0,163575128.0,1021148260.0,0.014338460509152707
2023-11-20,11.21,11.28,11.0,11.25,8783683.0,97779176.0,1021148260.0,0.008601770520570637
2023-11-21,11.2,11.43,11.2,11.33,8147649.0,92398623.0,1021148260.0,0.007978908958822493
2023-11-22,11.28,11.45,11.23,11.24,6162298.0,69907377.0,1021148260.0,0.006034675121514676
2023-11-23,11.22,11.32,11.2,11.28,5380450.0,60500997.0,1021148260.0,0.005269019407622553
2023-11-24,11.24,11.4,11.2,11.33,5982137.0,67750566.0,1021148260.0,0.0058582453051430556
2023-11-27,11.35,11.54,11.3,11.45,9956734.0,113886166.0,1021148260.0,0.009750527313242448
2023-11-28,11.41,11.68,11.25,11.6,10642369.0,122962184.0,1021148260.0,0.010421962624702508
2023-11-29,11.62,11.66,11.48,11.52,6334076.0,73245239.0,1021148260.0,0.006202895552111111
2023-11-30,11.52,11.65,11.43,11.53,5451952.0,62751156.0,1021148260.0,0.005339040581629155
2023-12-01,11.5,11.58,11.4,11.47,5228301.0,60010581.0,1021148260.0,0.005120021455062755
2023-12-04,11.43,11.6,11.36,11.56,6954552.0,80195283.0,1021148260.0,0.006810521324298198
2023-12-05,11.55,11.59,11.37,11.38,4263855.0,48897002.0,1021148260.0,0.004175549395736129
2023-12-06,11.37,11.53,11.27,11.44,7837052.0,89475359.0,1021148260.0,0.007674744507717224
2023-12-07,11.44,11.51,11.35,11.45,7298202.0,83456536.0,1021148260.0,0.0071470542387253345
2023-12-08,11.45,11.52,11.23,11.31,13623009.0,154114979.0,1021148260.0,0.013340872754363799
2023-12-11,11.25,11.49,11.09,11.48,9350777.0,105892229.0,1021148260.0,0.00915711984859084
2023-12-12,11.44,11.68,11.4,11.48,8581648.0,98667186.0,1021148260.0,0.00840391972072694
2023-12-13,11.46,11.64,11.42,11.47,7579274.0,87538926.0,1021148260.0,0.007422305160662958
2023-12-14,11.52,11.93,11.52,11.85,18840515.0,222896990.0,1021148260.0,0.018450322776831642
2023-12-15,11.81,12.15,11.66,11.81,16174585.0,191839831.0,1021148260.0,0.015839604916919704
2023-12-18,11.79,11.95,11.7,11.83,8842903.0,104709366.0,1021148260.0,0.00865976405815939
2023-12-19,11.78,11.93,11.71,11.86,6910618.0,81612950.0,1021148260.0,0.006767497209464961
2023-12-20,11.85,11.9,11.68,11.69,5700284.0,67150779.0,1021148260.0,0.005582229557929227
2023-12-21,11.66,11.82,11.48,11.79,7227136.0,84285187.0,1021148260.0,0.007077460035039378
2023-12-22,11.77,11.87,11.58,11.68,6621520.0,77686914.0,1021148260.0,0.006484386508184423
2023-12-25,11.68,12.07,11.6,11.98,9348419.0,110916647.0,1021148260.0,0.009154810683416333
2023-12-26,11.95,12.03,11.74,11.84,7958394.0,94307167.0,1021148260.0,0.00779357348168032
2023-12-27,11.82,12.08,11.8,11.92,6032687.0,71880489.0,1021148260.0,0.005907748400805188
2023-12-28,11.91,11.95,11.77,11.86,7918961.0,93916048.0,1021148260.0,0.007754957149904951
2023-12-29,11.8,11.95,11.76,11.86,6184535.0,73312455.0,1021148260.0,0.006056451587157383
2024-01-02,11.88,12.25,11.86,12.1,11232993.0,135653698.0,1021148260.0,0.011000354639981466
2024-01-03,12.04,12.19,11.97,12.14,7402965.0,89381118.0,1021148260.0,0.007249647568316867
2024-01-04,12.09,12.21,11.98,12.12,5140973.0,62150497.0,1021148260.0,0.005034502041848458
2024-01-05,12.1,12.28,11.92,11.98,7264985.0,87959956.0,1021148260.0,0.00711452517188836
2024-01-08,11.95,11.95,11.5,11.52,8431584.0,98033302.0,1021148260.0,0.00825696358724638
2024-01-09,11.53,11.6,11.37,11.46,4984870.0,57225720.0,1021148260.0,0.004881631977711053
2024-01-10,11.46,11.55,11.31,11.33,4304075.0,49109805.0,1021148260.0,0.004214936428526059
2024-01-11,11.28,11.78,11.28,11.61,9032221.0,105038945.0,1021148260.0,0.008845161230554318
2024-01-12,11.59,11.86,11.41,11.41,5365582.0,62366962.0,1021148260.0,0.00525445932797261
2024-01-15,11.41,11.51,11.26,11.45,5092202.0,57960169.0,1021148260.0,0.004986741102609331
2024-01-16,11.4,11.42,11.1,11.23,5521200.0,62179196.0,1021148260.0,0.005406854436592782
2024-01-17,11.23,11.25,10.77,10.81,6896782.0,75633167.0,1021148260.0,0.0067539477568125126
2024-01-18,10.7,10.72,10.2,10.63,11596762.0,120518093.0,1021148260.0,0.011356589884411104
2024-01-19,10.62,10.71,10.44,10.5,6156214.0,64859190.0,1021148260.0,0.0060287171228201476
2024-01-22,10.5,10.51,9.8,9.88,9723151.0,98154283.0,1021148260.0,0.009521781881114893
2024-01-23,9.82,9.85,9.62,9.7,9988601.0,97348919.0,1021148260.0,0.009781734338948979
2024-01-24,9.76,9.9,9.4,9.88,11780057.0,113378707.0,1021148260.0,0.011536088794784804
2024-01-25,9.9,10.34,9.81,10.3,12517513.0,127065912.0,1021148260.0,0.012258271879149067
2024-01-26,10.28,10.38,10.1,10.15,10886089.0,111162715.0,1021148260.0,0.010660635116785099
2024-01-29,10.15,10.32,9.99,10.02,10636279.0,107232774.0,1021148260.0,0.010415998750269623
2024-01-30,10.0,10.0,9.6,9.62,10715404.0,105048177.0,1021148260.0,0.010493485049859459
2024-01-31,9.53,9.62,9.13,9.17,13050614.0,121881790.0,1021148260.0,0.012780332211504724
2024-02-01,9.17,9.2,8.93,9.02,10201734.0,92425849.0,1021148260.0,0.009990453296174642
2024-02-02,9.01,9.12,8.32,8.63,12965900.0,113470486.0,1021148260.0,0.012697372661634855
2024-02-05,8.55,8.56,7.77,7.98,19933277.0,161106691.0,1021148260.0,0.019520453376672256
2024-02-06,7.87,8.66,7.81,8.52,16130226.0,132727302.0,1021148260.0,0.01579616460395281
2024-02-07,8.53,9.11,8.47,8.97,17375838.0,154374791.0,1021148260.0,0.017015979638451327
2024-02-08,8.95,9.31,8.85,9.27,16143282.0,147944043.0,1021148260.0,0.015808950210618778
2024-02-19,9.3,9.51,9.13,9.24,13674512.0,127587111.0,1021148260.0,0.01339130911313505
2024-02-20,9.2,9.28,9.06,9.25,7394608.0,67900548.0,1021148260.0,0.007241463644074564
2024-02-21,9.25,9.58,9.1,9.31,9327352.0,87518283.0,1021148260.0,0.009134179986753343
2024-02-22,9.32,9.4,9.23,9.31,7703570.0,71555403.0,1021148260.0,0.007544026956477407
2024-02-23,9.36,9.41,9.22,9.39,8633703.0,80469945.0,1021148260.0,0.008454896647427084
2024-02-26,9.43,9.8,9.33,9.68,13912283.0,133227551.0,1021148260.0,0.013624155810636156
2024-02-27,9.6,9.72,9.54,9.72,8956757.0,86530487.0,1021148260.0,0.008771260110652296
2024-02-28,9.76,9.87,9.39,9.4,12914703.0,124670681.0,1021148260.0,0.012647235965519836
2024-02-29,9.38,9.58,9.32,9.58,8604999.0,81647810.0,1021148260.0,0.008426787115124693
2024-03-01,9.61,9.62,9.46,9.54,8726250.0,83154292.0,1021148260.0,0.0085455269737227
2024-03-04,9.53,9.59,9.45,9.53,7207527.0,68535429.0,1021148260.0,0.007058257142797266
2024-03-05,9.49,9.55,9.33,9.4,7398499.0,69557673.0,1021148260.0,0.007245274060399418
2024-03-06,9.4,9.45,9.23,9.36,5761140.0,53845698.0,1021148260.0,0.005641825213510132
2024-03-07,9.36,9.46,9.24,9.25,7135256.0,66639790.0,1021148260.0,0.006987482894991174
2024-03-08,9.25,9.31,9.14,9.23,5461915.0,50338578.0,1021148260.0,0.005348797245171823
2024-03-11,9.24,9.39,9.19,9.39,6796452.0,63269390.0,1021148260.0,0.006655695618577463
2024-03-12,9.41,9.51,9.36,9.51,7204144.0,68019955.0,1021148260.0,0.00705494420565335
2024-03-13,9.51,9.55,9.38,9.48,6964997.0,65932532.0,1021148260.0,0.006820750005488919
2024-03-14,9.44,9.52,9.33,9.41,6304634.0,59578237.0,1021148260.0,0.0061740633039907445
2024-03-15,9.42,9.52,9.38,9.51,8368114.0,79194050.0,1021148260.0,0.008194808068321048
2024-03-18,9.52,9.56,9.36,9.47,13096593.0,123391740.0,1021148260.0,0.012825358973828149
2024-03-19,9.42,9.68,9.42,9.48,16683807.0,159440381.0,1021148260.0,0.016338280789902144
2024-03-20,9.48,9.77,9.4,9.63,15899569.0,152909540.0,1021148260.0,0.015570284573564274
2024-03-21,9.65,9.99,9.61,9.93,20328563.0,200010230.0,1021148260.0,0.01990755289540424
2024-03-22,9.9,9.92,9.49,9.58,17048397.0,164190669.0,1021148260.0,0.016695320031197038
2024-03-25,9.5,9.62,9.37,9.38,10653508.0,101089793.0,1021148260.0,0.01043287093296325
2024-03-26,9.38,9.65,9.37,9.55,10054166.0,95822133.0,1021148260.0,0.009845941469850813
2024-03-27,9.53,9.59,9.27,9.27,9369277.0,88268680.0,1021148260.0,0.009175236708526536
2024-03-28,9.25,9.4,9.22,9.34,7997789.0,74566536.0,1021148260.0,0.00783215260044609
2024-03-29,9.32,9.4,9.22,9.38,7294795.0,68011187.0,1021148260.0,0.0071437177986279875
2024-04-01,9.43,9.75,9.39,9.73,12389148.0,119582457.0,1021148260.0,0.012132565353438492
2024-04-02,9.72,9.88,9.65,9.82,10813422.0,105834873.0,1021148260.0,0.010589473070247409
2024-04-03,9.82,10.07,9.79,9.95,11719232.0,116770041.0,1021148260.0,0.011476523497185413
2024-04-08,9.91,9.93,9.63,9.65,11902795.0,116193927.0,1021148260.0,0.01165628485720575
2024-04-09,9.66,9.77,9.61,9.77,8972038.0,87091204.0,1021148260.0,0.008786224636959182
2024-04-10,9.4,9.44,8.85,8.89,35516631.0,320827236.0,1021148260.0,0.03478107184944917
2024-04-11,8.84,8.91,8.62,8.64,21605693.0,187869313.0,1021148260.0,0.021158233183494825
2024-04-12,8.6,8.75,8.5,8.65,14307217.0,123194475.0,1021148260.0,0.014010910619384497
2024-04-15,8.61,8.68,8.3,8.51,17009783.0,144434179.0,1021148260.0,0.01665750573770747
2024-04-16,8.49,8.59,8.22,8.24,13423120.0,112319688.0,1021148260.0,0.013145123510272642
2024-04-17,8.33,8.57,8.32,8.5,12252946.0,103755223.0,1021148260.0,0.011999184134143264
2024-04-18,8.49,8.59,8.38,8.43,10685249.0,90686162.0,1021148260.0,0.010463954568164274
2024-04-19,8.43,8.47,8.32,8.36,7936533.0,66478231.0,1021148260.0,0.007772165228974684
2024-04-22,8.37,8.65,8.32,8.55,11718749.0,99904739.0,1021148260.0,0.011476050500247633
2024-04-23,8.51,8.64,8.49,8.6,7952426.0,68063543.0,1021148260.0,0.007787729080594036
2024-04-24,8.54,8.59,8.4,8.59,9646505.0,81971557.0,1021148260.0,0.00944672324075644
2024-04-25,8.52,8.66,8.52,8.57,8078705.0,69464285.0,1021148260.0,0.007911392807935647
2024-04-26,8.55,8.6,8.45,8.52,14164305.0,120481249.0,1021148260.0,0.013870958366026104
2024-04-29,8.52,8.82,8.51,8.77,15704909.0,136623341.0,1021148260.0,0.015379656035451699
2024-04-30,8.69,8.88,8.68,8.82,13365154.0,117636585.0,1021148260.0,0.013088358002000611
2024-05-06,8.9,9.07,8.87,9.03,13399000.0,120456268.0,1021148260.0,0.013121503042075398
2024-05-07,9.03,9.08,8.93,9.06,9166621.0,82716538.0,1021148260.0,0.008976777769762835
2024-05-08,9.05,9.12,9.01,9.05,11289799.0,102315715.0,1021148260.0,0.011055984172171043
2024-05-09,9.01,9.29,9.0,9.25,11656351.0,107246840.0,1021148260.0,0.011414944779908846
2024-05-10,9.26,9.39,9.16,9.18,10937150.0,101202267.0,1021148260.0,0.010710638629497346
2024-05-13,9.12,9.34,9.08,9.2,12729225.0,117369556.0,1021148260.0,0.012465599265673723
2024-05-14,9.17,9.28,9.17,9.19,8085150.0,74498389.0,1021148260.0,0.007917704330221353
2024-05-15,9.2,9.2,9.07,9.11,6549454.0,59738180.0,1021148260.0,0.006413813014772214
2024-05-16,9.11,9.19,9.05,9.09,6148135.0,56118632.0,1021148260.0,0.006020805441121743
2024-05-17,9.18,9.67,9.09,9.65,25273585.0,239785429.0,1021148260.0,0.024750162136103527
2024-05-20,9.6,9.84,9.58,9.78,15731638.0,153432379.0,1021148260.0,0.015405831470544737
2024-05-21,9.72,9.86,9.63,9.75,10190415.0,99229823.0,1021148260.0,0.009979368715763175
2024-05-22,9.76,9.8,9.55,9.61,9474980.0,91324699.0,1021148260.0,0.009278750570460749
2024-05-23,9.62,9.64,9.25,9.3,9849810.0,92718996.0,1021148260.0,0.00964581773855248
2024-05-24,9.37,9.45,9.22,9.25,7519685.0,70045818.0,1021148260.0,0.007363950265165217
2024-05-27,9.28,9.32,8.93,9.14,11370048.0,102943033.0,1021148260.0,0.011134571193413188
2024-05-28,9.15,9.16,8.93,8.95,8503943.0,76484699.0,1021148260.0,0.008327824012548384
2024-05-29,8.95,9.08,8.88,8.91,7044500.0,63122206.0,1021148260.0,0.006898606476595279
2024-05-30,8.9,8.95,8.77,8.84,6654365.0,58837738.0,1021148260.0,0.006516551279243232
2024-05-31,8.87,8.92,8.73,8.77,8097870.0,71152416.0,1021148260.0,0.007930160895539303
2024-06-03,8.72,8.77,8.4,8.51,14679000.0,125239875.0,1021148260.0,0.014374993891680333
2024-06-04,8.5,8.65,8.47,8.63,10027883.0,86001353.0,1021148260.0,0.009820202797975682
2024-06-05,8.61,8.65,8.46,8.48,7144601.0,61115826.0,1021148260.0,0.006996634357483016
2024-06-06,8.48,8.53,8.21,8.27,12270154.0,102161181.0,1021148260.0,0.012016035751752639
2024-06-07,8.35,8.45,8.24,8.38,8717958.0,72799329.0,1021148260.0,0.008537406703312602
2024-06-11,8.36,8.39,8.21,8.34,6948211.0,57699543.0,1021148260.0,0.0068043116481440215
2024-06-12,8.33,8.39,8.29,8.3,9286815.0,77289161.0,1021148260.0,0.00909448251912019
2024-06-13,8.31,8.35,8.12,8.18,10085348.0,82542697.0,1021148260.0,0.009876477682094861
2024-06-14,8.16,8.27,8.1,8.17,9258470.0,75677548.0,1021148260.0,0.009066724551829526
2024-06-17,8.16,8.29,8.14,8.17,8529605.0,69946935.0,1021148260.0,0.00835295454550351
2024-06-18,8.22,8.28,8.17,8.23,8485680.0,69746645.0,1021148260.0,0.008309939244277809
2024-06-19,8.23,8.25,8.07,8.07,8361276.0,68005683.0,1021148260.0,0.008188111685172925
2024-06-20,8.06,8.12,7.89,7.91,8017886.0,63921684.0,1021148260.0,0.007851833386074614
2024-06-21,7.9,8.02,7.86,7.9,5275010.0,41889525.0,1021148260.0,0.005165763098886346
2024-06-24,7.87,7.9,7.65,7.68,7931572.0,61394454.0,1021148260.0,0.007767306972642739
2024-06-25,7.69,7.77,7.61,7.65,7677875.0,59030774.0,1021148260.0,0.007518864106961314
2024-06-26,7.64,7.82,7.62,7.79,8763942.0,67712197.0,1021148260.0,0.008582438362084659
2024-06-27,7.78,7.8,7.49,7.52,11329700.0,86247708.0,1021148260.0,0.011095058811538296
2024-06-28,7.5,7.6,7.44,7.49,9100919.0,68521567.0,1021148260.0,0.008912436476168505
2024-07-01,7.51,7.68,7.48,7.65,6749035.0,51191626.0,1021148260.0,0.006609260637627684
2024-07-02,7.66,7.69,7.47,7.51,8950800.0,67796785.0,1021148260.0,0.008765426481753002
2024-07-03,7.52,7.56,7.48,7.5,6133704.0,46076903.0,1021148260.0,0.006006673311082174
2024-07-04,7.51,7.53,7.2,7.26,11377938.0,83349095.0,1021148260.0,0.01114229778935333
2024-07-05,7.14,7.32,7.11,7.27,7114500.0,51389718.0,1021148260.0,0.006967156757433049
2024-07-08,7.25,7.28,7.03,7.04,7407245.0,52735498.0,1021148260.0,0.0072538389283452335
2024-07-09,7.0,7.12,6.88,7.02,10246316.0,71799364.0,1021148260.0,0.01003411199075049
2024-07-10,6.7,6.84,6.56,6.67,18176602.0,121898702.0,1021148260.0,0.017800159596805268
2024-07-11,6.77,7.04,6.76,6.93,11070241.0,76447779.0,1021148260.0,0.010840973278454197
2024-07-12,6.93,6.98,6.81,6.84,6538535.0,44961252.0,1021148260.0,0.006403120150251247
2024-07-15,6.86,6.88,6.71,6.75,6601200.0,44663073.0,1021148260.0,0.006464487340946946
2024-07-16,6.73,6.81,6.71,6.75,6120040.0,41351921.0,1021148260.0,0.005993292296262641
2024-07-17,6.7,6.81,6.65,6.77,11835977.0,79695650.0,1021148260.0,0.01159085067627692
2024-07-18,6.74,6.87,6.67,6.86,8753400.0,59552435.0,1021148260.0,0.00857211468979049
2024-07-19,6.85,6.87,6.71,6.74,10439814.0,70735930.0,1021148260.0,0.010223602594201159
2024-07-22,6.73,6.79,6.66,6.69,8185600.0,54949082.0,1021148260.0,0.008016073983223553
2024-07-23,6.68,6.7,6.47,6.48,11122895.0,73289747.0,1021148260.0,0.010892536799700368
2024-07-24,6.47,6.49,6.29,6.31,12259787.0,78105233.0,1021148260.0,0.012005883455160566
2024-07-25,6.3,6.48,6.27,6.38,8971334.0,57266859.0,1021148260.0,0.008785535216991899
2024-07-26,6.38,6.5,6.37,6.41,8416750.0,54149573.0,1021148260.0,0.00824243680344713
2024-07-29,6.43,6.46,6.3,6.31,7498028.0,47565085.0,1021148260.0,0.007342741787563737
2024-07-30,6.31,6.42,6.3,6.38,7293044.0,46417585.0,1021148260.0,0.007142003062317317
2024-07-31,6.39,6.69,6.34,6.69,12791413.0,84165991.0,1021148260.0,0.012526499335169998
2024-08-01,6.69,6.73,6.57,6.6,9361600.0,62059173.0,1021148260.0,0.009167718701298086
2024-08-02,6.55,6.76,6.55,6.65,11184459.0,74620797.0,1021148260.0,0.01095282579240746
2024-08-05,6.59,6.74,6.51,6.52,11725356.0,77766590.0,1021148260.0,0.011482520667468993
2024-08-06,6.55,6.72,6.55,6.72,9116956.0,60677538.0,1021148260.0,0.008928141345508438
2024-08-07,6.71,6.72,6.57,6.62,9064221.0,59973684.0,1021148260.0,0.008876498501794441
2024-08-08,6.6,6.75,6.58,6.73,8582336.0,57447051.0,1021148260.0,0.008404593472058602
2024-08-09,6.75,6.77,6.61,6.61,8425170.0,56199418.0,1021148260.0,0.008250682422942189
2024-08-12,6.6,6.71,6.6,6.65,7054035.0,46939287.0,1021148260.0,0.00690794400413511
2024-08-13,6.6,6.66,6.53,6.65,5907736.0,38969565.0,1021148260.0,0.005785385170220043
2024-08-14,6.63,6.64,6.5,6.52,5998900.0,39273106.0,1021148260.0,0.005874661138824249
2024-08-15,6.51,6.64,6.48,6.54,8777335.0,57592527.0,1021148260.0,0.008595553989388377
2024-08-16,6.56,6.56,6.39,6.4,8967177.0,57713386.0,1021148260.0,0.008781464309599862
2024-08-19,6.38,6.42,6.3,6.31,7022343.0,44542314.0,1021148260.0,0.006876908354130673
2024-08-20,6.3,6.34,6.12,6.15,9285774.0,57453405.0,1021148260.0,0.009093463078515161
2024-08-21,6.15,6.2,6.03,6.04,8147933.0,49662592.0,1021148260.0,0.007979187077104748
2024-08-22,6.05,6.07,5.92,5.96,7074704.0,42281759.0,1021148260.0,0.00692818494348705
2024-08-23,5.95,6.0,5.88,5.92,6446375.0,38201991.0,1021148260.0,0.006312868809079692
2024-08-26,5.94,6.15,5.92,6.12,7129818.0,43095221.0,1021148260.0,0.006982157517459805
2024-08-27,6.11,6.2,6.03,6.06,6153741.0,37477257.0,1021148260.0,0.006026295339327122
2024-08-28,6.03,6.12,5.95,6.08,5215918.0,31606794.0,1021148260.0,0.005107894910382553
2024-08-29,6.04,6.15,6.03,6.11,6380677.0,38958098.0,1021148260.0,0.006248531432644267
2024-08-30,6.1,6.22,5.89,6.13,16649931.0,101026058.0,1021148260.0,0.01630510637113557
2024-09-02,6.13,6.15,5.85,5.86,16273500.0,97278953.0,1021148260.0,0.015936471360192103
2024-09-03,5.87,5.99,5.8,5.92,8431533.0,49807656.0,1021148260.0,0.008256913643470342
2024-09-04,5.9,5.99,5.86,5.9,6365100.0,37726514.0,1021148260.0,0.00623327703657841
2024-09-05,5.9,6.03,5.89,6.0,6852719.0,40938734.0,1021148260.0,0.006710797313604589
2024-09-06,6.0,6.03,5.83,5.84,7457700.0,43904084.0,1021148260.0,0.007303248991483372
2024-09-09,5.82,5.89,5.77,5.81,5750919.0,33480414.0,1021148260.0,0.005631815893218092
2024-09-10,5.83,5.86,5.65,5.78,7249919.0,41574872.0,1021148260.0,0.007099771192872619
2024-09-11,5.74,5.83,5.72,5.76,4541999.0,26198325.0,1021148260.0,0.004447932957355282
2024-09-12,5.75,5.87,5.7,5.72,6712940.0,38711753.0,1021148260.0,0.006573913174958551
2024-09-13,5.73,5.74,5.64,5.66,5842800.0,33209632.0,1021148260.0,0.005721794012556022
2024-09-18,5.65,5.66,5.47,5.57,8823200.0,48879399.0,1021148260.0,0.00864046911268301
2024-09-19,5.58,5.82,5.57,5.74,10916812.0,62328636.0,1021148260.0,0.010690721835044796
2024-09-20,5.75,5.75,5.61,5.67,7887910.0,44673568.0,1021148260.0,0.0077245492246150425
2024-09-23,5.66,5.75,5.63,5.69,6191487.0,35211637.0,1021148260.0,0.0060632596093343
2024-09-24,5.73,5.94,5.73,5.93,16188688.0,95001342.0,1021148260.0,0.015853415839929063
2024-09-25,5.99,6.16,5.98,6.01,14786397.0,89800742.0,1021148260.0,0.014480166670410818
2024-09-26,6.02,6.33,5.99,6.32,15470091.0,95375895.0,1021148260.0,0.015149701180512221
2024-09-27,6.4,6.62,6.4,6.61,14356752.0,93487498.0,1021148260.0,0.014059419735974481
2024-09-30,6.93,7.24,6.81,7.23,41649611.0,293941967.0,1021148260.0,0.040787036154769536
2024-10-08,7.89,7.95,7.18,7.5,52905534.0,402257455.0,1021148260.0,0.051809845908174
2024-10-09,7.39,7.39,6.76,6.76,34723369.0,244805627.0,1021148260.0,0.034004238522621584
2024-10-10,6.88,7.04,6.79,6.85,22507961.0,156190121.0,1021148260.0,0.022041814966222435
2024-10-11,6.79,6.84,6.45,6.53,18433282.0,122095039.0,1021148260.0,0.018051523683740106
2024-10-14,6.55,6.62,6.4,6.6,14328122.0,93564019.0,1021148260.0,0.014031382671111833
2024-10-15,6.57,6.62,6.44,6.45,12685535.0,83023742.0,1021148260.0,0.012422814097533692
2024-10-16,6.4,6.6,6.37,6.49,11645748.0,75593919.0,1021148260.0,0.011404561370941375
2024-10-17,6.52,6.57,6.35,6.36,11265133.0,72635460.0,1021148260.0,0.011031829011783265
2024-10-18,6.38,6.66,6.31,6.55,19246069.0,124746610.0,1021148260.0,0.0188474776424728
2024-10-21,6.56,6.65,6.5,6.52,15413454.0,101153957.0,1021148260.0,0.015094237148286381
2024-10-22,6.51,6.83,6.5,6.82,18638374.0,124175223.0,1021148260.0,0.01825236817227696
2024-10-23,6.76,6.9,6.73,6.83,19377651.0,132382884.0,1021148260.0,0.018976334543232734
2024-10-24,6.82,6.93,6.81,6.87,12756769.0,87749681.0,1021148260.0,0.01249257282189366
2024-10-25,6.9,7.08,6.84,7.05,16223085.0,113475150.0,1021148260.0,0.015887100468643015
2024-10-28,7.05,7.21,7.0,7.18,19301340.0,137955169.0,1021148260.0,0.018901603964932574
2024-10-29,7.17,7.22,6.81,6.85,26936007.0,186829517.0,1021148260.0,0.026378154921401914
2024-10-30,6.84,6.94,6.76,6.83,12363087.0,84606372.0,1021148260.0,0.01210704408388259
2024-10-31,6.83,6.93,6.79,6.9,12430002.0,85435272.0,1021148260.0,0.012172573255914866
2024-11-01,6.89,6.95,6.75,6.82,14168401.0,97178710.0,1021148260.0,0.01387496953674484
2024-11-04,6.82,6.89,6.78,6.87,9023148.0,61718451.0,1021148260.0,0.008836276134868017
2024-11-05,6.87,7.03,6.85,7.03,16623741.0,115695084.0,1021148260.0,0.01627945877320498
2024-11-06,7.04,7.28,6.94,7.28,28801825.0,206104097.0,1021148260.0,0.028205331319861426
2024-11-07,7.28,7.42,7.22,7.4,24595181.0,180846522.0,1021148260.0,0.024085808068654006
2024-11-08,7.4,7.45,7.18,7.21,25432999.0,185406766.0,1021148260.0,0.024906274628524558
2024-11-11,7.15,7.28,7.1,7.28,15526787.0,111758229.0,1021148260.0,0.015205222990831909
2024-11-12,7.31,7.47,7.25,7.33,24625745.0,181836600.0,1021148260.0,0.02411573907984723
2024-11-13,7.28,7.35,7.14,7.26,14864347.0,107441080.0,1021148260.0,0.014556502304572306
2024-11-14,7.25,7.28,7.03,7.07,12470298.0,88938341.0,1021148260.0,0.012212034714723992
2024-11-15,7.06,7.18,7.01,7.02,10310433.0,73188121.0,1021148260.0,0.01009690111012871
2024-11-18,7.02,7.13,6.89,6.93,14559134.0,102129373.0,1021148260.0,0.014257610349353187
2024-11-19,6.93,6.99,6.8,6.97,12307677.0,84803716.0,1021148260.0,0.012052781640150863
2024-11-20,6.97,7.23,6.91,7.19,18058691.0,127816147.0,1021148260.0,0.01768469056589295
2024-11-21,7.17,7.21,7.07,7.15,10913797.0,77760054.0,1021148260.0,0.01068776927652014
2024-11-22,7.12,7.19,6.87,6.87,14874039.0,104511962.0,1021148260.0,0.014565993580599158
2024-11-25,6.87,7.03,6.81,6.96,10533508.0,72949493.0,1021148260.0,0.010315356165812788
2024-11-26,6.95,7.13,6.93,6.98,10822833.0,76047287.0,1021148260.0,0.010598689165861184
2024-11-27,6.96,7.06,6.74,7.06,14796400.0,102083592.0,1021148260.0,0.014489962505542535
2024-11-28,7.05,7.08,6.99,7.03,11749810.0,82805033.0,1021148260.0,0.011506468218434804
2024-11-29,7.01,7.24,7.0,7.17,17688611.0,126569550.0,1021148260.0,0.01732227502400092
2024-12-02,7.16,7.31,7.15,7.29,15428443.0,111882488.0,1021148260.0,0.0151089157219932
2024-12-03,7.27,7.32,7.2,7.25,12608977.0,91430325.0,1021148260.0,0.012347841634671149
2024-12-04,7.24,7.26,7.08,7.1,13500697.0,96869300.0,1021148260.0,0.013221093869366237
2024-12-05,7.09,7.14,7.01,7.12,8031408.0,56921169.0,1021148260.0,0.007865075341753019
2024-12-06,7.12,7.22,7.04,7.21,11260485.0,80566151.0,1021148260.0,0.011027277273135636
2024-12-09,7.22,7.28,7.13,7.18,10772427.0,77465027.0,1021148260.0,0.010549327087919632
2024-12-10,7.35,7.39,7.2,7.21,22326150.0,162538244.0,1021148260.0,0.021863769321802496
2024-12-11,7.25,7.4,7.23,7.37,18388156.0,135068829.0,1021148260.0,0.018007332255553177
2024-12-12,7.38,7.54,7.29,7.52,23183025.0,172345692.0,1021148260.0,0.02270289820598627
2024-12-13,7.47,7.56,7.33,7.47,26184592.0,195040545.0,1021148260.0,0.025642301931748872
2024-12-16,7.44,7.51,7.34,7.38,15471442.0,114741454.0,1021148260.0,0.01515102420093239
2024-12-17,7.35,7.38,7.11,7.17,15974745.0,115007671.0,1021148260.0,0.015643903658025135
2024-12-18,7.17,7.29,7.14,7.17,10802800.0,77956953.0,1021148260.0,0.010579071054775142
2024-12-19,7.12,7.17,7.0,7.16,14079830.0,99722336.0,1021148260.0,0.01378823286640081
2024-12-20,7.16,7.23,7.1,7.15,11060335.0,79172443.0,1021148260.0,0.010831272434425927
2024-12-23,7.16,7.17,6.89,6.91,14878269.0,104001567.0,1021148260.0,0.014570135976141213
2024-12-24,6.91,6.98,6.85,6.94,8636941.0,59728600.0,1021148260.0,0.008458067587560694
2024-12-25,6.93,6.95,6.76,6.81,10104199.0,68906556.0,1021148260.0,0.009894938272724472
2024-12-26,6.8,6.87,6.78,6.84,6752299.0,46210415.0,1021148260.0,0.006612457039294177
2024-12-27,6.84,7.08,6.79,7.02,11953022.0,83418442.0,1021148260.0,0.011705471642286303
2024-12-30,6.99,7.01,6.87,6.9,8122441.0,56166757.0,1021148260.0,0.007954223023403085
2024-12-31,6.91,6.97,6.7,6.71,11156700.0,75876003.0,1021148260.0,0.01092564168889638
2025-01-02,6.71,6.83,6.58,6.62,12558760.0,84126901.0,1021148260.0,0.012298664642487859
2025-01-03,6.61,6.66,6.39,6.42,11656036.0,76015861.0,1021148260.0,0.011414636303645075
2025-01-06,6.44,6.53,6.36,6.45,10274652.0,66371482.0,1021148260.0,0.01006186114443362
2025-01-07,6.47,6.47,6.34,6.43,7845075.0,50144020.0,1021148260.0,0.007682601349190959
2025-01-08,6.42,6.44,6.2,6.33,10229849.0,64507125.0,1021148260.0,0.010017986026828268
2025-01-09,6.31,6.4,6.27,6.32,6076627.0,38571776.0,1021148260.0,0.005950778391376782
2025-01-10,6.31,6.34,6.13,6.14,7112250.0,44224013.0,1021148260.0,0.006964953355548978
2025-01-13,5.96,6.19,5.94,6.18,7428477.0,45295446.0,1021148260.0,0.007274631207813055
2025-01-14,6.16,6.36,6.16,6.34,8104601.0,50840890.0,1021148260.0,0.007936752494686717
2025-01-15,6.35,6.35,6.26,6.31,4931761.0,31037149.0,1021148260.0,0.004829622879639436
2025-01-16,6.34,6.44,6.3,6.32,6241064.0,39720877.0,1021148260.0,0.006111809856092787
2025-01-17,6.31,6.42,6.28,6.4,5680427.0,36131750.0,1021148260.0,0.005562783801835005
2025-01-20,6.42,6.5,6.38,6.39,5726939.0,36802344.0,1021148260.0,0.005608332525582524
2025-01-21,6.43,6.44,6.29,6.3,4588690.0,29049084.0,1021148260.0,0.004493656973963801
2025-01-22,6.3,6.31,6.2,6.29,4654248.0,29123494.0,1021148260.0,0.00455785724983755
2025-01-23,6.35,6.43,6.33,6.33,5876210.0,37484243.0,1021148260.0,0.005754512082310163
2025-01-24,6.32,6.39,6.31,6.37,5525924.0,35142427.0,1021148260.0,0.005411480601259605
2025-01-27,6.38,6.54,6.38,6.43,8576718.0,55443565.0,1021148260.0,0.008399091822376508
2025-02-05,6.48,6.5,6.36,6.41,7007663.0,45104531.0,1021148260.0,0.006862532380949266
2025-02-06,6.41,6.44,6.31,6.42,7274436.0,46389603.0,1021148260.0,0.007123780439091186
2025-02-07,6.4,6.5,6.38,6.43,10232420.0,65908148.0,1021148260.0,0.010020503780714467
2025-02-10,6.42,6.52,6.4,6.49,10004582.0,64775102.0,1021148260.0,0.009797384368064242
2025-02-11,6.49,6.54,6.38,6.48,10852046.0,70018306.0,1021148260.0,0.010627297156634238
2025-02-12,6.47,6.5,6.4,6.46,8252343.0,53201551.0,1021148260.0,0.008081434717422913
2025-02-13,6.46,6.55,6.45,6.49,11180865.0,72765685.0,1021148260.0,0.010949306225131305
2025-02-14,6.47,6.59,6.44,6.58,10777961.0,70464559.0,1021148260.0,0.010554746477264721
2025-02-17,6.58,6.6,6.51,6.55,10478416.0,68700819.0,1021148260.0,0.01026140513621401
2025-02-18,6.55,6.55,6.35,6.39,12824042.0,82605557.0,1021148260.0,0.012558452579647935
2025-02-19,6.38,6.43,6.33,6.41,8814501.0,56169531.0,1021148260.0,0.008631950271354329
2025-02-20,6.41,6.48,6.39,6.43,8248818.0,53057385.0,1021148260.0,0.008077982721137869
2025-02-21,6.43,6.47,6.3,6.35,12630038.0,80253862.0,1021148260.0,0.012368466455595781
2025-02-24,6.4,6.49,6.38,6.44,14241449.0,91747159.0,1021148260.0,0.013946504692668232
2025-02-25,6.4,6.4,6.24,6.25,16266388.0,102614928.0,1021148260.0,0.015929506651658987
2025-02-26,6.25,6.33,6.25,6.31,9732897.0,61179814.0,1021148260.0,0.009531326038786963
2025-02-27,6.31,6.34,6.24,6.33,10198827.0,64081098.0,1021148260.0,0.009987606500940422
2025-02-28,6.3,6.36,6.21,6.23,12394195.0,77715507.0,1021148260.0,0.012137507828686894
2025-03-03,6.25,6.45,6.23,6.35,17582800.0,111779562.0,1021148260.0,0.017218655398776275
2025-03-04,6.36,6.39,6.28,6.38,9358643.0,59245694.0,1021148260.0,0.009164822941577553
2025-03-05,6.39,6.4,6.26,6.29,10183499.0,64141371.0,1021148260.0,0.009972595948016402
2025-03-06,6.3,6.33,6.27,6.33,7826449.0,49336842.0,1021148260.0,0.007664361098749755
2025-03-07,6.31,6.37,6.27,6.32,7261743.0,45920109.0,1021148260.0,0.007111350314595846
2025-03-10,6.36,6.5,6.36,6.45,13859254.0,89277466.0,1021148260.0,0.01357222505574264
2025-03-11,6.41,6.55,6.37,6.55,14040541.0,91101020.0,1021148260.0,0.013749757552346023
2025-03-12,6.56,6.57,6.47,6.49,9316430.0,60598222.0,1021148260.0,0.0091234841843632
2025-03-13,6.49,6.57,6.47,6.54,10076996.0,65641559.0,1021148260.0,0.009868298654301189
2025-03-14,6.52,6.61,6.52,6.61,12225129.0,80425882.0,1021148260.0,0.01197194323182806
2025-03-17,6.62,6.65,6.58,6.64,11137308.0,73701217.0,1021148260.0,0.010906651302524866
2025-03-18,6.66,6.67,6.58,6.61,8213536.0,54335937.0,1021148260.0,0.00804343142101618
2025-03-19,6.61,6.65,6.56,6.58,6512603.0,42949605.0,1021148260.0,0.006377725209070033
2025-03-20,6.57,6.6,6.54,6.56,6365100.0,41820501.0,1021148260.0,0.00623327703657841
2025-03-21,6.55,6.6,6.48,6.49,9867968.0,64539581.0,1021148260.0,0.009663599681401798
2025-03-24,6.5,6.51,6.35,6.43,9880651.0,63479948.0,1021148260.0,0.009676020012999876
2025-03-25,6.43,6.61,6.41,6.61,12102330.0,78772433.0,1021148260.0,0.011851687432733812
2025-03-26,6.59,7.16,6.59,6.93,46081018.0,317412552.0,1021148260.0,0.04512666750271895
2025-03-27,6.91,7.15,6.83,6.85,37483223.0,259780854.0,1021148260.0,0.03670693519078219
2025-03-28,6.85,6.92,6.7,6.75,22519133.0,152895880.0,1021148260.0,0.022052755591044144
2025-03-31,6.7,6.71,6.4,6.41,21941250.0,142777987.0,1021148260.0,0.02148684070616739
2025-04-01,6.41,6.88,6.41,6.71,27499189.0,183888924.0,1021148260.0,0.026929673268013012
2025-04-02,6.69,6.74,6.63,6.68,14097881.0,94017032.0,1021148260.0,0.013805910025249418
2025-04-03,6.64,7.04,6.64,6.9,28889818.0,199881035.0,1021148260.0,0.028291501960743683
2025-04-07,6.69,7.04,6.36,6.45,46612064.0,313068811.0,1021148260.0,0.045646715394687155
2025-04-08,6.59,7.05,6.55,7.05,59871411.0,410332980.0,1021148260.0,0.058631457688622025
2025-04-09,6.98,7.18,6.7,7.14,61023570.0,423007141.0,1021148260.0,0.05975975516033294
2025-04-10,7.0,7.36,6.89,7.3,63372140.0,454654280.0,1021148260.0,0.062059685632720955
2025-04-11,7.15,7.2,6.96,6.96,40495289.0,285825957.0,1021148260.0,0.03965662047938073
2025-04-14,6.97,7.25,6.88,7.23,39375808.0,279028826.0,1021148260.0,0.03856032423734434
2025-04-15,7.15,7.18,7.02,7.09,25268868.0,178842321.0,1021148260.0,0.024745542826464788
2025-04-16,7.05,7.07,6.84,6.94,19879643.0,138147123.0,1021148260.0,0.019467930151494357
2025-04-17,6.87,6.98,6.86,6.9,15465644.0,107018770.0,1021148260.0,0.01514534627909957
2025-04-18,6.87,6.9,6.76,6.78,14065020.0,95836086.0,1021148260.0,0.01377372958555499
2025-04-21,6.78,6.81,6.68,6.78,13453790.0,90760162.0,1021148260.0,0.013175158326176847
2025-04-22,6.78,6.85,6.74,6.83,13683201.0,93104809.0,1021148260.0,0.013399818161566471
2025-04-23,6.82,6.85,6.68,6.68,17691790.0,119110705.0,1021148260.0,0.017325388186040683
2025-04-24,6.68,6.81,6.65,6.74,11485713.0,77474291.0,1021148260.0,0.01124784073960034
2025-04-25,6.72,6.84,6.72,6.78,11177754.0,75848175.0,1021148260.0,0.010946259654792928
2025-04-28,6.74,6.75,6.56,6.59,16115862.0,106720575.0,1021148260.0,0.0157820980863249
2025-04-29,6.57,6.83,6.56,6.8,16371085.0,110118906.0,1021148260.0,0.016032035348128585
2025-04-30,6.81,6.85,6.66,6.67,11934818.0,80242749.0,1021148260.0,0.011687644652109577
2025-05-06,6.68,6.82,6.67,6.81,14115169.0,95476395.0,1021148260.0,0.013822839986036896
2025-05-07,6.83,6.89,6.78,6.85,12817905.0,87531852.0,1021148260.0,0.012552442678597914
2025-05-08,6.81,6.87,6.76,6.86,10950072.0,74807608.0,1021148260.0,0.010723293011339998
2025-05-09,6.85,6.92,6.8,6.8,9251198.0,63281173.0,1021148260.0,0.009059603156940208
2025-05-12,6.82,6.85,6.76,6.8,9670666.0,65640727.0,1021148260.0,0.00947038385983246
2025-05-13,6.82,6.86,6.78,6.81,9255768.0,63153156.0,1021148260.0,0.009064078510989188
2025-05-14,6.79,7.0,6.77,6.97,20985023.0,145130080.0,1021148260.0,0.020550417429100843
2025-05-15,6.98,7.01,6.91,7.0,14936541.0,104188897.0,1021148260.0,0.014627201147069476
2025-05-16,6.98,7.09,6.9,7.05,16686244.0,117169895.0,1021148260.0,0.016340667318965024
2025-05-19,7.05,7.08,6.95,7.07,14719243.0,103426984.0,1021148260.0,0.014414403448133967
2025-05-20,7.05,7.28,7.05,7.21,29858599.0,215080230.0,1021148260.0,0.029240219241033618
2025-05-21,7.17,7.25,7.11,7.13,18927413.0,135508127.0,1021148260.0,0.01853542109546365
2025-05-22,7.11,7.16,6.99,7.03,14528966.0,102421360.0,1021148260.0,0.014228067136891561
2025-05-23,7.0,7.06,6.9,6.9,12890500.0,89930393.0,1021148260.0,0.012623534216275314
2025-05-26,6.89,6.98,6.87,6.91,8562225.0,59278757.0,1021148260.0,0.00838489897637391
2025-05-27,6.92,7.11,6.9,7.09,16560248.0,115934999.0,1021148260.0,0.016217280730615943
2025-05-28,7.1,7.17,6.95,7.04,10771031.0,75634214.0,1021148260.0,0.010547959999461782
2025-05-29,7.01,7.04,6.93,7.0,12407956.0,86696836.0,1021148260.0,0.012150983834609873
2025-05-30,6.97,7.08,6.96,6.97,10616467.0,74490904.0,1021148260.0,0.010396597062213082
2025-06-03,6.97,7.12,6.92,7.1,14425736.0,101628384.0,1021148260.0,0.014126975058450376
2025-06-04,7.08,7.09,7.0,7.08,10867050.0,76539480.0,1021148260.0,0.01064199041968695
2025-06-05,7.06,7.09,6.97,6.99,14757663.0,103715047.0,1021148260.0,0.01445202775941664
2025-06-06,6.99,7.01,6.93,6.94,9483835.0,65971812.0,1021148260.0,0.009287422180986726
2025-06-09,6.94,7.07,6.94,7.03,10588195.0,74439671.0,1021148260.0,0.010368910583072433
2025-06-10,7.03,7.08,6.96,7.07,14004844.0,98566155.0,1021148260.0,0.01371479984698794
2025-06-11,7.06,7.12,7.04,7.05,10738119.0,76026245.0,1021148260.0,0.010515729615991315
2025-06-12,7.05,7.1,6.99,7.08,13291691.0,93594137.0,1021148260.0,0.013016416440840823
2025-06-13,7.07,7.11,6.91,6.92,15762595.0,110013718.0,1021148260.0,0.015436147342600378
2025-06-16,6.9,7.03,6.9,7.0,10657800.0,74356749.0,1021148260.0,0.010437074044468333
2025-06-17,6.99,7.48,6.99,7.2,33286048.0,240950182.0,1021148260.0,0.03259668483399267
2025-06-18,7.21,7.31,7.11,7.13,18017554.0,129422629.0,1021148260.0,0.017644405524424044
2025-06-19,7.09,7.15,6.93,7.03,16442039.0,115265723.0,1021148260.0,0.016101519871365204
2025-06-20,6.99,7.22,6.98,7.1,18097170.0,128981298.0,1021148260.0,0.01772237265526947
2025-06-23,7.09,7.25,7.05,7.24,18434490.0,132788897.0,1021148260.0,0.01805270666572942
2025-06-24,7.23,7.3,7.19,7.28,16459513.0,119350536.0,1021148260.0,0.01611863198004176
2025-06-25,7.27,7.29,7.21,7.27,12268125.0,88910152.0,1021148260.0,0.012014048772898071
2025-06-26,7.28,7.28,7.18,7.18,12829465.0,92476857.0,1021148260.0,0.012563763267833409
2025-06-27,7.19,7.27,7.18,7.24,12246686.0,88416154.0,1021148260.0,0.011993053780456914
2025-06-30,7.25,7.37,7.2,7.33,15810101.0,115333191.0,1021148260.0,0.015482669480335793
2025-07-01,7.31,7.35,7.26,7.32,9702448.0,70912443.0,1021148260.0,0.009501507645912259
2025-07-02,7.32,7.37,7.27,7.35,11105238.0,81197932.0,1021148260.0,0.010875245481003904
2025-07-03,7.33,7.37,7.31,7.37,9239575.0,67882333.0,1021148260.0,0.009048220872451959
2025-07-04,7.35,7.37,7.3,7.32,8837310.0,64801842.0,1021148260.0,0.008654286890720453
2025-07-07,7.33,7.43,7.32,7.41,13961043.0,103064131.0,1021148260.0,0.013671905977688293
2025-07-08,7.38,7.43,7.36,7.4,8449607.0,62444218.0,1021148260.0,0.008274613325982654
2025-07-09,7.4,7.41,7.31,7.33,10189894.0,75034181.0,1021148260.0,0.009978858505815796
2025-07-10,7.37,7.43,7.34,7.43,11242121.0,83096230.0,1021148260.0,0.011009293596602712
2025-07-11,7.43,7.68,7.39,7.53,20668034.0,155787677.0,1021148260.0,0.02023999335806536
2025-07-14,7.53,7.59,7.47,7.56,10774290.0,81226808.0,1021148260.0,0.010551151504679643
2025-07-15,7.55,7.68,7.48,7.58,17933498.0,135666034.0,1021148260.0,0.01756209034719405
2025-07-16,7.59,7.98,7.5,7.85,33886349.0,263689916.0,1021148260.0,0.03318455343595258
2025-07-17,7.82,8.25,7.82,8.21,41240591.0,332674103.0,1021148260.0,0.040386487070937185
2025-07-18,8.25,8.26,7.85,7.89,37512792.0,298079523.0,1021148260.0,0.03673589180869779
2025-07-21,7.88,7.98,7.86,7.91,18843312.0,149342497.0,1021148260.0,0.018453061850195976
2025-07-22,7.88,7.9,7.79,7.82,19685132.0,154159320.0,1021148260.0,0.019277447527550996
2025-07-23,7.8,7.92,7.8,7.8,11950440.0,93763142.0,1021148260.0,0.011702943116213114
2025-07-24,7.8,7.87,7.75,7.86,15031726.0,117221532.0,1021148260.0,0.01472041483966295
2025-07-25,7.87,8.03,7.85,7.88,16247788.0,128964012.0,1021148260.0,0.015911291862750664
2025-07-28,7.9,7.98,7.87,7.89,10687000.0,84594516.0,1021148260.0,0.010465669304474944
2025-07-29,7.88,7.9,7.73,7.81,12559813.0,97744657.0,1021148260.0,0.012299695834569606
2025-07-30,7.76,7.84,7.7,7.75,11993611.0,93295354.0,1021148260.0,0.01174522003298522
2025-07-31,7.75,7.77,7.62,7.64,11918925.0,91614934.0,1021148260.0,0.011672080800490224
2025-08-01,7.64,7.73,7.58,7.6,11371690.0,86849865.0,1021148260.0,0.011136179187143696
2025-08-04,7.6,7.66,7.5,7.63,10769399.0,81582042.0,1021148260.0,0.010546361798628535
2025-08-05,7.65,7.71,7.62,7.67,7687918.0,58932418.0,1021148260.0,0.007528699113682082
2025-08-06,7.67,7.67,7.57,7.61,9497575.0,72318802.0,1021148260.0,0.009300877621825453
2025-08-07,7.6,7.64,7.53,7.57,7991400.0,60505927.0,1021148260.0,0.007825895918385055
2025-08-08,7.56,7.61,7.53,7.58,7062810.0,53502049.0,1021148260.0,0.0069165372714829875
2025-08-11,7.6,7.71,7.6,7.69,9453869.0,72395360.0,1021148260.0,0.009258076785049803
2025-08-12,7.67,7.75,7.6,7.61,8722214.0,66743450.0,1021148260.0,0.008541574560387538
2025-08-13,7.62,7.65,7.55,7.56,9877506.0,74817068.0,1021148260.0,0.009672940146810806
2025-08-14,7.56,7.57,7.4,7.44,12750662.0,95480857.0,1021148260.0,0.012486592299535427
2025-08-15,7.44,7.57,7.42,7.54,10438422.0,78265440.0,1021148260.0,0.010222239422902214
2025-08-18,7.56,7.65,7.54,7.57,10395823.0,79036019.0,1021148260.0,0.010180522659853527
2025-08-19,7.59,7.71,7.57,7.67,10514574.0,80603614.0,1021148260.0,0.010296814294135898
2025-08-20,7.68,7.7,7.61,7.7,10239327.0,78512802.0,1021148260.0,0.010027267734853703
2025-08-21,7.7,7.75,7.68,7.73,10746856.0,83044829.0,1021148260.0,0.010524285670329595
2025-08-22,7.74,7.76,7.65,7.71,10516645.0,80908633.0,1021148260.0,0.010298842403158969
2025-08-25,7.69,7.74,7.66,7.69,13725685.0,105486844.0,1021148260.0,0.013441422306296639
2025-08-26,7.69,7.79,7.66,7.75,12777295.0,98912460.0,1021148260.0,0.012512673722814746
2025-08-27,7.74,7.79,7.58,7.58,13769176.0,105805139.0,1021148260.0,0.013484012595781145
2025-08-28,7.65,7.79,7.5,7.63,20194783.0,154061888.0,1021148260.0,0.019776543515825997
2025-08-29,7.62,7.72,7.56,7.61,12200774.0,93163075.0,1021148260.0,0.011948092630545148
2025-09-01,7.61,7.76,7.58,7.7,13571425.0,104481515.0,1021148260.0,0.013290357073124719
2025-09-02,7.71,7.73,7.5,7.58,13258389.0,100637706.0,1021148260.0,0.012983804134377119
2025-09-03,7.59,7.64,7.41,7.43,9727408.0,72841301.0,1021148260.0,0.009525950717479555
2025-09-04,7.5,7.51,7.36,7.44,9531551.0,70961521.0,1021148260.0,0.009334149969564654
2025-09-05,7.44,7.45,7.35,7.44,9555441.0,70761218.0,1021148260.0,0.00935754520112486
2025-09-08,7.45,7.58,7.43,7.56,10724955.0,80736874.0,1021148260.0,0.01050283824603491
2025-09-09,7.53,7.59,7.42,7.45,8613682.0,64563241.0,1021148260.0,0.008435290287817756
2025-09-10,7.46,7.48,7.36,7.39,8252416.0,61072151.0,1021148260.0,0.00808150620557293
2025-09-11,7.37,7.42,7.32,7.42,9637529.0,71207707.0,1021148260.0,0.009437933136173585
2025-09-12,7.42,7.44,7.37,7.38,8165019.0,60379363.0,1021148260.0,0.007995919221367522
2025-09-15,7.38,7.53,7.35,7.5,11399804.0,85004443.0,1021148260.0,0.011163710938507597
2025-09-16,7.5,7.5,7.35,7.4,13095614.0,96910482.0,1021148260.0,0.012824400249186147
2025-09-17,7.4,7.42,7.34,7.38,7574005.0,55891998.0,1021148260.0,0.007417145283095327
2025-09-18,7.38,7.48,7.26,7.3,12451026.0,91775605.0,1021148260.0,0.012193161843119627
2025-09-19,7.31,7.31,7.19,7.22,9331251.0,67581972.0,1021148260.0,0.009137998237396007
2025-09-22,7.22,7.22,7.08,7.12,8701649.0,62066113.0,1021148260.0,0.008521435467167129
2025-09-23,7.09,7.1,6.95,7.04,11034458.0,77334322.0,1021148260.0,0.010805931354179657
2025-09-24,7.03,7.08,7.0,7.06,7376018.0,51977447.0,1021148260.0,0.0072232586480635045
2025-09-25,7.04,7.08,7.0,7.02,5762659.0,40500259.0,1021148260.0,0.0056433127546043115
2025-09-26,7.01,7.15,6.97,7.06,8019979.0,56734702.0,1021148260.0,0.007853883039471663
2025-09-29,7.11,7.13,6.98,7.12,6932334.0,49016697.0,1021148260.0,0.006788763465160289
2025-09-30,7.12,7.2,7.08,7.16,6591169.0,47124530.0,1021148260.0,0.006454664085702893
2025-10-09,7.17,7.18,7.1,7.16,8395309.0,59985186.0,1021148260.0,0.008221439852426522
2025-10-10,7.13,7.28,7.12,7.27,8374694.0,60662365.0,1021148260.0,0.008201251794719798
2025-10-13,7.16,7.28,7.13,7.23,8496801.0,61270398.0,1021148260.0,0.008320829925323478
2025-10-14,7.24,7.38,7.23,7.35,11996134.0,87912840.0,1021148260.0,0.011747690780964559
2025-10-15,7.35,7.42,7.31,7.37,6293272.0,46405487.0,1021148260.0,0.006162936614121048
2025-10-16,7.37,7.39,7.33,7.36,5939746.0,43720083.0,1021148260.0,0.005816732234357428
2025-10-17,7.36,7.4,7.3,7.33,7928255.0,58338838.0,1021148260.0,0.007764058668620754
2025-10-20,7.35,7.39,7.22,7.36,8515354.0,62318201.0,1021148260.0,0.008338998687614667
2025-10-21,7.38,7.5,7.35,7.44,11184715.0,83076697.0,1021148260.0,0.010953076490577382
2025-10-22,7.43,7.48,7.41,7.41,6463684.0,48130472.0,1021148260.0,0.00632981933495142
2025-10-23,7.42,7.45,7.34,7.44,6167491.0,45569088.0,1021148260.0,0.0060397605730631125
2025-10-24,7.5,7.52,7.39,7.4,7089613.0,52697797.0,1021148260.0,0.00694278517401577
2025-10-27,7.4,7.47,7.35,7.43,8881345.0,65853579.0,1021148260.0,0.008697409913816042
2025-10-28,7.59,7.84,7.57,7.78,34672940.0,269029915.0,1021148260.0,0.033954853921016326
2025-10-29,7.72,7.78,7.6,7.7,14427109.0,110753102.0,1021148260.0,0.014128319623244522
2025-10-30,7.68,7.69,7.6,7.62,10082085.0,76999874.0,1021148260.0,0.009873282259718095
2025-10-31,7.64,7.72,7.64,7.69,9611387.0,73874860.0,1021148260.0,0.009412332544149858
2025-11-03,7.72,7.78,7.65,7.74,10792039.0,83340498.0,1021148260.0,0.010568532918030924
2025-11-04,7.73,7.8,7.69,7.79,11951779.0,92637013.0,1021148260.0,0.011704254385156569
2025-11-05,7.76,7.76,7.64,7.69,11142700.0,85799952.0,1021148260.0,0.010911931632728826
2025-11-06,7.69,7.72,7.65,7.7,6717409.0,51629887.0,1021148260.0,0.006578289620745179
2025-11-07,7.68,7.76,7.67,7.75,7717707.0,59607675.0,1021148260.0,0.007557871175337458
2025-11-10,7.78,7.98,7.75,7.91,16308397.0,128547291.0,1021148260.0,0.015970645633769185
2025-11-11,7.93,7.96,7.83,7.94,12123139.0,95987763.0,1021148260.0,0.01187206547264743
2025-11-12,7.94,8.02,7.9,7.98,12218755.0,97292449.0,1021148260.0,0.011965701239112917
2025-11-13,7.98,8.05,7.91,8.03,10377840.0,82931130.0,1021148260.0,0.010162912092706302
2025-11-14,8.03,8.18,8.01,8.1,13881210.0,112631516.0,1021148260.0,0.01359372634097227
2025-11-17,8.09,8.1,7.92,7.94,14553906.0,116000894.0,1021148260.0,0.014252490622664333
2025-11-18,7.94,8.0,7.86,7.9,9764292.0,77241085.0,1021148260.0,0.009562070839742703
2025-11-19,7.9,7.96,7.8,7.93,10163400.0,79954399.0,1021148260.0,0.009952913203808426
2025-11-20,7.9,7.93,7.77,7.84,10049394.0,78724567.0,1021148260.0,0.00984126829927713
2025-11-21,7.78,7.88,7.56,7.59,13265835.0,102002082.0,1021148260.0,0.012991095925678804
2025-11-24,7.63,7.78,7.6,7.7,14430408.0,111388648.0,1021148260.0,0.014131550300051435
2025-11-25,7.77,7.81,7.66,7.75,9955831.0,77083946.0,1021148260.0,0.00974964301461964
2025-11-26,7.74,7.93,7.7,7.71,10234457.0,79760442.0,1021148260.0,0.010022498593886847
2025-11-27,7.7,7.79,7.66,7.74,7919928.0,61346010.0,1021148260.0,0.007755904123070239
2025-11-28,7.72,7.78,7.66,7.77,6592473.0,50959079.0,1021148260.0,0.006455941079505928
2025-12-01,7.77,7.78,7.63,7.66,13239570.0,101792659.0,1021148260.0,0.012965374881018746
2025-12-02,7.64,7.68,7.59,7.64,6943635.0,53077009.0,1021148260.0,0.006799830418356684
2025-12-03,7.64,7.89,7.63,7.8,16169121.0,125437675.0,1021148260.0,0.015834254077855454
2025-12-04,7.73,7.96,7.69,7.92,17565000.0,138225988.0,1021148260.0,0.017201224041648956
2025-12-05,7.91,8.01,7.84,7.99,14204547.0,112830180.0,1021148260.0,0.013910366943190013
2025-12-08,7.96,8.19,7.96,8.09,18039802.0,145943262.0,1021148260.0,0.01766619276225374
2025-12-09,8.08,8.4,8.05,8.2,23840815.0,196630198.0,1021148260.0,0.023347065195018793
2025-12-10,8.17,8.23,8.0,8.07,19207268.0,155415918.0,1021148260.0,0.018809480221804422
2025-12-11,8.06,8.11,7.87,7.91,16113480.0,128101683.0,1021148260.0,0.01577976541819696
2025-12-12,7.9,7.91,7.7,7.8,24151192.0,188479922.0,1021148260.0,0.023651014202384284
2025-12-15,7.77,8.08,7.77,8.02,20615896.0,164090259.0,1021148260.0,0.020188935150317937
2025-12-16,7.99,8.12,7.87,8.04,17241105.0,137509265.0,1021148260.0,0.016884036995763966
2025-12-17,8.0,8.21,7.97,8.09,20215637.0,163576545.0,1021148260.0,0.019796965623777297
2025-12-18,8.0,8.14,8.0,8.09,13234522.0,106981986.0,1021148260.0,0.012960431426480618
2025-12-19,8.08,8.2,8.02,8.15,12212393.0,99203874.0,1021148260.0,0.011959470997874491
2025-12-22,8.16,8.21,8.07,8.19,13982324.0,113792415.0,1021148260.0,0.013692746242352703
2025-12-23,8.13,8.27,8.01,8.03,12838482.0,104029449.0,1021148260.0,0.012572593523295041
2025-12-24,8.05,8.08,7.88,7.95,12685100.0,100752558.0,1021148260.0,0.012422388106502771
2025-12-25,7.95,8.05,7.9,7.99,10091294.0,80543845.0,1021148260.0,0.009882300538807166
2025-12-26,7.98,8.04,7.95,8.0,9700076.0,77608477.0,1021148260.0,0.009499184770681585
2025-12-29,8.0,8.07,7.92,7.92,8831592.0,70432021.0,1021148260.0,0.008648687312065733
2025-12-30,7.92,7.97,7.85,7.88,9584230.0,75564154.0,1021148260.0,0.009385737973053981
2025-12-31,7.84,7.9,7.81,7.87,7484493.0,58776054.0,1021148260.0,0.007329487101118891
2026-01-05,7.87,7.92,7.81,7.89,11910088.0,93692561.0,1021148260.0,0.01166342681717932
2026-01-06,7.9,7.95,7.87,7.91,11056222.0,87355339.0,1021148260.0,0.010827244615781845
2026-01-07,7.94,8.04,7.85,7.98,14352878.0,114089500.0,1021148260.0,0.014055625967574974
2026-01-08,7.91,8.05,7.86,8.0,17100024.0,136225133.0,1021148260.0,0.016745877821894344
2026-01-09,8.01,8.14,7.96,8.1,13811768.0,111107735.0,1021148260.0,0.013525722503801749
2026-01-12,8.1,8.13,8.01,8.07,14419099.0,116200131.0,1021148260.0,0.01412047551253723
2026-01-13,8.07,8.2,8.02,8.05,21766220.0,176664130.0,1021148260.0,0.021315435625381175
2026-01-14,8.07,8.09,7.84,7.92,20139496.0,160721500.0,1021148260.0,0.0197224015247306
2026-01-15,7.93,8.0,7.88,7.92,8975668.0,71247333.0,1021148260.0,0.008789779458665483
2026-01-16,7.92,7.99,7.84,7.87,11116194.0,87754318.0,1021148260.0,0.010885974579244742
2026-01-19,7.87,8.51,7.87,8.49,43562822.0,360673789.0,1021148260.0,0.0426606240312254
2026-01-20,8.4,8.75,8.35,8.54,38731352.0,332489193.0,1021148260.0,0.03792921509752169
2026-01-21,8.5,8.53,8.31,8.39,18587293.0,155929653.0,1021148260.0,0.01820234507377019
2026-01-22,8.39,8.55,8.36,8.54,15174327.0,128534024.0,1021148260.0,0.014860062533916476
2026-01-23,8.52,8.55,8.42,8.49,14591182.0,123451501.0,1021148260.0,0.014288994626500172
2026-01-26,8.56,9.03,8.4,8.96,46582929.0,410276086.0,1021148260.0,0.04561818378851275
2026-01-27,8.83,8.93,8.41,8.55,43796980.0,374894931.0,1021148260.0,0.042889932554945547
2026-01-28,8.6,8.64,8.42,8.53,23175491.0,197407461.0,1021148260.0,0.022695520237188672
2026-01-29,8.31,8.35,8.07,8.11,41636242.0,341032061.0,1021148260.0,0.04077394403041924
2026-01-30,8.12,8.28,8.06,8.17,24683205.0,201274267.0,1021148260.0,0.024172009067517777
2026-02-02,8.19,8.2,7.86,7.88,24233505.0,194570488.0,1021148260.0,0.02373162247762142
2026-02-03,7.93,8.03,7.85,7.91,18533459.0,146593338.0,1021148260.0,0.01814962599064704
2026-02-04,7.93,8.01,7.88,8.0,13938420.0,110683311.0,1021148260.0,0.013649751506211253
2026-02-05,7.95,8.05,7.91,7.91,11385035.0,90643486.0,1021148260.0,0.011149247808540555
2026-02-06,7.9,8.01,7.87,7.93,9965308.0,79170573.0,1021148260.0,0.009758923743355347
2026-02-09,7.95,7.98,7.87,7.93,14241408.0,112682698.0,1021148260.0,0.013946464541789456
2026-02-10,7.92,7.92,7.79,7.81,15457100.0,120880285.0,1021148260.0,0.015136979227678456
2026-02-11,7.8,7.9,7.77,7.85,11759811.0,92207444.0,1021148260.0,0.01151626209498707
2026-02-12,7.87,7.87,7.7,7.72,11417900.0,88319208.0,1021148260.0,0.011181432165393888
2026-02-13,7.7,7.79,7.67,7.67,10915044.0,84254274.0,1021148260.0,0.010688990450808778
2026-02-24,7.71,7.89,7.71,7.88,14992210.0,116984511.0,1021148260.0,0.014681717226840302
2026-02-25,7.88,8.15,7.88,8.05,21885410.0,176387707.0,1021148260.0,0.021432157167853374
2026-02-26,8.09,8.16,8.01,8.05,11504726.0,92815910.0,1021148260.0,0.011266459975165604
2026-02-27,8.07,8.19,8.07,8.18,14519859.0,118224492.0,1021148260.0,0.014219148745354567
2026-03-02,8.1,8.12,7.94,7.98,17859300.0,143116540.0,1021148260.0,0.017489429008085467
2026-03-03,7.98,8.14,7.88,7.89,16293119.0,130381939.0,1021148260.0,0.01595568404533148
2026-03-04,8.18,8.37,8.02,8.05,47671702.0,389326579.0,1021148260.0,0.046684408001635334
2026-03-05,8.05,8.1,7.82,7.83,29988498.0,236851656.0,1021148260.0,0.029367427997184267
2026-03-06,7.79,8.04,7.76,8.01,19674383.0,155944278.0,1021148260.0,0.019266921142283493
2026-03-09,8.01,8.12,7.96,7.98,18327841.0,147268511.0,1021148260.0,0.017948266395714174
2026-03-10,7.98,8.05,7.96,7.98,12294547.0,98337356.0,1021148260.0,0.01203992356604515
2026-03-11,8.01,8.02,7.87,7.93,13132170.0,103784569.0,1021148260.0,0.012860199164419082
2026-03-12,7.94,8.04,7.85,8.03,16544389.0,131988103.0,1021148260.0,0.016201750174847283
2026-03-13,8.01,8.18,7.95,8.08,20103667.0,162804113.0,1021148260.0,0.01968731455312865
2026-03-16,8.09,8.19,8.06,8.15,18961300.0,154325157.0,1021148260.0,0.018568606286417214
2026-03-17,8.11,8.2,7.98,7.98,14638700.0,118487797.0,1021148260.0,0.014335528515712303
2026-03-18,8.0,8.06,7.92,8.06,9802932.0,78258090.0,1021148260.0,0.009599910594765152
2026-03-19,7.99,8.03,7.76,7.8,14145818.0,111301399.0,1021148260.0,0.01385285423685685
2026-03-20,7.78,7.88,7.6,7.6,13126796.0,101254162.0,1021148260.0,0.012854936461430194
2026-03-23,7.52,7.52,6.98,7.02,21746155.0,156245888.0,1021148260.0,0.021295786177023893
2026-03-24,7.12,7.22,6.97,7.2,11655421.0,82526408.0,1021148260.0,0.01141403404046343
2026-03-25,7.21,7.29,7.16,7.26,9827066.0,71188536.0,1021148260.0,0.009623544773018562
2026-03-26,7.26,7.41,7.24,7.34,10971613.0,80713528.0,1021148260.0,0.010744387891333232
2026-03-27,7.34,7.47,7.29,7.46,9992834.0,74015756.0,1021148260.0,0.009785879672360212
2026-03-30,7.43,7.61,7.36,7.57,9358263.0,70318343.0,1021148260.0,0.009164450811481577
2026-03-31,7.58,7.61,7.4,7.41,7783626.0,58344664.0,1021148260.0,0.0076224249748023856
2026-04-01,7.5,7.59,7.41,7.58,7792460.0,58453732.0,1021148260.0,0.0076310760202441125
2026-04-02,7.59,8.3,7.54,8.12,54517444.0,439262994.0,1021148260.0,0.05338837281081985
2026-04-03,8.11,8.19,7.79,7.85,26488751.0,209375498.0,1021148260.0,0.02594016171559652
2026-04-07,7.84,8.64,7.84,8.64,96002944.0,816737895.0,1021148260.0,0.09401469674932414
2026-04-08,8.66,8.69,8.26,8.3,84974673.0,710978532.0,1021148260.0,0.08321482426068082
2026-04-09,8.33,8.72,8.32,8.42,58620333.0,497240095.0,1021148260.0,0.0574062898564798
2026-04-10,8.34,8.51,8.1,8.11,45699466.0,373513685.0,1021148260.0,0.04475301754908734
2026-04-13,8.02,8.11,7.77,7.86,36067838.0,285093439.0,1021148260.0,0.03532086320158838
2026-04-14,7.93,8.1,7.78,8.01,36306311.0,289254408.0,1021148260.0,0.03555439736047731
2026-04-15,8.0,8.11,7.87,8.1,31707483.0,254016345.0,1021148260.0,0.03105081234726875
2026-04-16,8.06,8.08,7.91,7.96,22759015.0,181196456.0,1021148260.0,0.022287669569157374
2026-04-17,7.92,7.94,7.8,7.82,19639251.0,153867524.0,1021148260.0,0.019232516735620743
2026-04-20,7.88,7.94,7.81,7.94,17270941.0,136013330.0,1021148260.0,0.016913255084036474
2026-04-21,7.92,7.98,7.83,7.9,12531144.0,98809390.0,1021148260.0,0.012271620577407633
2026-04-22,7.86,7.92,7.69,7.76,22508653.0,174750694.0,1021148260.0,0.022042492634713005
2026-04-23,7.71,7.76,7.64,7.7,11246800.0,86560558.0,1021148260.0,0.011013875693231853
2026-04-24,7.68,7.69,7.52,7.58,13093740.0,99259207.0,1021148260.0,0.012822565060239146
2026-04-27,7.56,7.58,7.49,7.58,9484782.0,71495172.0,1021148260.0,0.009288349568357487
2026-04-28,7.59,7.64,7.49,7.54,9993574.0,75469622.0,1021148260.0,0.009786604346757639
2026-04-29,7.54,7.61,7.48,7.59,9689166.0,73316598.0,1021148260.0,0.009488500719768155
2026-04-30,7.5,7.53,7.35,7.52,12074850.0,89984482.0,1021148260.0,0.011824776551056357
2026-05-06,7.5,7.51,7.37,7.39,15336382.0,113907882.0,1021148260.0,0.015018761330504544
2026-05-07,7.41,7.43,7.32,7.34,8563550.0,62958431.0,1021148260.0,0.008386196535261197
2026-05-08,7.34,7.38,7.32,7.37,7261400.0,53362597.0,1021148260.0,0.00711101441821974
2026-05-11,7.37,7.49,7.32,7.48,12165707.0,90397100.0,1021148260.0,0.011913751877714603
2026-05-12,7.43,7.45,7.32,7.34,8687410.0,64031875.0,1021148260.0,0.008507491360755
2026-05-13,7.34,7.36,7.25,7.27,10418664.0,75906277.0,1021148260.0,0.01020289061649089
2026-05-14,7.28,7.31,7.2,7.2,7877580.0,57060855.0,1021148260.0,0.00771443316174284
2026-05-15,7.2,7.26,7.12,7.2,7972613.0,57302319.0,1021148260.0,0.007807498002297923
2026-05-18,7.19,7.2,7.04,7.09,8362439.0,59176215.0,1021148260.0,0.008189250599124558
2026-05-19,7.07,7.18,7.07,7.17,5108138.0,36482680.0,1021148260.0,0.005002347063686912
2026-05-20,7.15,7.16,7.04,7.09,4651404.0,32919541.0,1021148260.0,0.004555072149856084
2026-05-21,7.1,7.14,6.88,6.88,9941777.0,69801588.0,1021148260.0,0.009735880076806869
2026-05-22,6.93,6.95,6.82,6.9,5881668.0,40434926.0,1021148260.0,0.005759857045636057
2026-05-25,6.9,6.93,6.77,6.81,6983138.0,47620142.0,1021148260.0,0.00683851530041289
2026-05-26,6.77,6.81,6.66,6.74,6963307.0,46794708.0,1021148260.0,0.00681909500585155
2026-05-27,6.72,6.74,6.5,6.52,8705460.0,57158709.0,1021148260.0,0.008525167540313882
2026-05-28,6.52,6.61,6.45,6.55,5625303.0,36808304.0,1021148260.0,0.0055088014349649874
2026-05-29,6.53,6.65,6.53,6.6,6524885.0,43108457.0,1021148260.0,0.006389752845487882
2026-06-01,6.61,6.86,6.58,6.83,10294746.0,69701463.0,1021148260.0,0.010081538992192966
2026-06-02,6.83,6.88,6.74,6.84,6077200.0,41383761.0,1021148260.0,0.0059513395243899255
2026-06-03,6.83,6.84,6.71,6.76,3509352.0,23666050.0,1021148260.0,0.0034366723594084175
2026-06-04,6.75,6.77,6.47,6.58,7869648.0,51830866.0,1021148260.0,0.007706665435634195
2026-06-05,6.58,6.65,6.52,6.58,4404279.0,29006823.0,1021148260.0,0.004313065176255601
2026-06-08,6.5,6.63,6.46,6.5,5306737.0,34702862.0,1021148260.0,0.005196833024031202
2026-06-09,6.54,6.59,6.45,6.57,4311962.0,28194800.0,1021148260.0,0.004222660086597023
2026-06-10,6.58,6.8,6.54,6.76,8187886.0,55049622.0,1021148260.0,0.00801831263953777
2026-06-11,6.71,6.77,6.57,6.62,6682300.0,44402582.0,1021148260.0,0.006543907737746133
2026-06-12,6.62,6.77,6.56,6.75,6828999.0,45824336.0,1021148260.0,0.006687568561297847
2026-06-15,6.75,6.8,6.7,6.77,6313400.0,42637407.0,1021148260.0,0.006182647757731086
2026-06-16,6.75,6.77,6.63,6.65,4898207.0,32652305.0,1021148260.0,0.004796763792164715
2026-06-17,6.66,6.66,6.41,6.43,6819469.0,44317161.0,1021148260.0,0.006678235930206648
2026-06-18,6.41,6.49,6.22,6.36,8440604.0,53671440.0,1021148260.0,0.00826579678057719
2026-06-22,6.36,6.36,6.1,6.29,7659489.0,47538369.0,1021148260.0,0.007500858886054411
2026-06-23,6.27,6.46,6.26,6.35,6884554.0,43962489.0,1021148260.0,0.0067419730020398805
2026-06-24,6.37,6.38,6.16,6.18,5502686.0,34298397.0,1021148260.0,0.005388723866600918
2026-06-25,6.16,6.2,5.96,6.02,8859848.0,53381604.0,1021148260.0,0.008676358122570761
2026-06-26,5.99,6.03,5.88,5.94,8859406.0,52533401.0,1021148260.0,0.008675925276511757
2026-06-29,5.91,6.08,5.76,6.07,8848900.0,52796886.0,1021148260.0,0.008665636858647734
2026-06-30,6.03,6.06,5.85,5.9,7672661.0,45335854.0,1021148260.0,0.007513758090328627
2026-07-01,5.9,6.09,5.8,6.05,10885505.0,65266504.0,1021148260.0,0.010660063211584966
2026-07-02,6.05,6.17,6.0,6.11,7946617.0,48458813.0,1021148260.0,0.007782040386574228
2026-07-03,6.1,6.26,6.1,6.25,7208912.0,44690732.0,1021148260.0,0.007059613459068128
2026-07-06,6.24,6.36,6.2,6.33,6685409.0,42156830.0,1021148260.0,0.006546952349505056
2026-07-07,6.31,6.31,6.06,6.12,6092167.0,37406578.0,1021148260.0,0.005965996553722767
2026-07-08,6.08,6.19,6.02,6.11,4463287.0,27256464.0,1021148260.0,0.0043708511044223885
2026-07-09,6.08,6.15,5.96,6.01,4890359.0,29481803.0,1021148260.0,0.0047890783263930745
2026-07-10,6.01,6.15,5.93,6.09,5722901.0,34749115.0,1021148260.0,0.005604378153667911
2026-07-13,6.08,6.17,6.05,6.12,5599815.0,34254556.0,1021148260.0,0.005483841298422229
2026-07-14,6.13,6.26,6.06,6.25,5728949.0,35525472.0,1021148260.0,0.005610300897932294
2026-07-15,6.23,6.73,6.21,6.52,13878400.0,90238739.0,1021148260.0,0.013590974536841497
2026-07-16,6.53,6.67,6.47,6.64,12546869.0,82593154.0,1021148260.0,0.012287019908352976
2026-07-17,6.55,6.72,6.52,6.63,13059160.0,86426162.0,1021148260.0,0.01278870122150529
2026-07-20,6.56,6.76,6.54,6.69,10054688.0,67019210.0,1021148260.0,0.009846452659087917
2026-07-21,6.71,6.72,6.4,6.42,13183360.0,85993877.0,1021148260.0,0.012910329005506017
2026-07-22,6.44,6.52,6.31,6.42,7286669.0,46639088.0,1021148260.0,0.007135760090312449
2026-07-23,6.34,6.5,6.34,6.47,6969748.0,44811505.0,1021148260.0,0.006825402610978351
2026-07-24,6.42,6.53,6.27,6.27,6749872.0,42892921.0,1021148260.0,0.006610080303128559
2026-07-27,6.27,6.37,6.22,6.34,4149817.0,26298057.0,1021148260.0,0.004063873153933592
2026-07-28,6.34,6.42,6.31,6.4,4727370.0,30148472.0,1021148260.0,0.004629464873200685
2026-07-29,6.4,6.5,6.38,6.42,6815478.0,43910674.0,1021148260.0,0.006674327584909169
2026-07-30,6.42,6.55,6.38,6.46,6534794.0,42275815.0,1021148260.0,0.006399456627385332
2026-07-31,6.44,6.54,6.4,6.54,6352235.0,41066324.0,1021148260.0,0.006220678474250154
2026-08-03,6.53,6.73,6.5,6.64,11520895.0,76728823.0,1021148260.0,0.011282294110749403
2026-08-04,6.64,6.66,6.53,6.55,6723120.0,44120733.0,1021148260.0,0.006583882344371815
2026-08-05,6.52,6.57,6.47,6.52,5503848.0,35916097.0,1021148260.0,0.005389861801262825
2026-08-06,6.5,6.55,6.44,6.54,4313850.0,28017089.0,1021148260.0,0.004224508985600191
2026-08-07,6.52,6.58,6.42,6.56,6207203.0,40390046.0,1021148260.0,0.006078650126672106
2026-08-10,6.55,6.68,6.52,6.67,5982470.0,39750721.0,1021148260.0,0.0058585714086218975
2026-08-11,6.68,6.7,6.59,6.61,4843693.0,32094998.0,1021148260.0,0.004743378792027712
2026-08-12,6.59,6.67,6.54,6.66,4742867.0,31400237.0,1021148260.0,0.0046446409260884405
2026-08-13,6.66,6.72,6.55,6.64,5557991.0,36927220.0,1021148260.0,0.005442883484911388
2026-08-14,6.61,6.68,6.55,6.58,3844710.0,25381558.0,1021148260.0,0.0037650850034254574
2026-08-17,6.58,6.65,6.48,6.6,5390749.0,35505950.0,1021148260.0,0.005279105112513241
2026-08-18,6.65,6.82,6.62,6.81,13052500.0,88301968.0,1021148260.0,0.012782179151928438
2026-08-19,6.78,6.81,6.64,6.68,8649900.0,58058877.0,1021148260.0,0.008470758203123218
2026-08-20,6.64,6.87,6.64,6.85,9453875.0,64417752.0,1021148260.0,0.00925808266078816
2026-08-21,6.81,6.82,6.66,6.71,8141347.0,54611432.0,1021148260.0,0.00797273747496764
2026-08-24,6.71,6.75,6.64,6.73,5198899.0,34836597.0,1021148260.0,0.0050912283785314386
2026-08-25,6.67,6.83,6.67,6.83,6149341.0,41728691.0,1021148260.0,0.006021986464531605
2026-08-26,6.78,6.96,6.78,6.91,5934329.0,40991936.0,1021148260.0,0.0058114274219103115
2026-08-27,6.89,6.91,6.73,6.78,11022700.0,74874099.0,1021148260.0,0.010794416865578364
2026-08-28,6.78,6.9,6.69,6.89,10610849.0,72325991.0,1021148260.0,0.010391095412530988
2026-08-31,6.84,6.93,6.82,6.83,6924001.0,47481586.0,1021148260.0,0.006780603043871416
2026-09-01,6.81,6.92,6.81,6.85,9695905.0,66611166.0,1021148260.0,0.00949510015323338
2026-09-02,6.85,6.85,6.7,6.75,7585140.0,51228288.0,1021148260.0,0.007428049674197163
2026-09-03,6.73,6.83,6.68,6.73,5426660.0,36593132.0,1021148260.0,0.005314272385872743
2026-09-04,6.73,7.0,6.72,6.9,11427380.0,78644693.0,1021148260.0,0.011190715831998774
2026-09-07,6.92,7.05,6.87,7.04,10861536.0,75967904.0,1021148260.0,0.010636590616136388
2026-09-08,7.07,7.22,7.05,7.2,13434607.0,96301497.0,1021148260.0,0.01315637261135812
2026-09-09,7.16,7.22,7.11,7.14,8363995.0,59894233.0,1021148260.0,0.008190774373938609
2026-09-10,7.1,7.15,7.0,7.01,7377554.0,52174776.0,1021148260.0,0.0072247628370830305
2026-09-11,7.01,7.04,6.8,6.83,10213741.0,70388478.0,1021148260.0,0.010002211627917772
2026-09-14,6.82,6.89,6.76,6.85,5604100.0,38318654.0,1021148260.0,0.005488037554899227
2026-09-15,6.82,6.85,6.71,6.71,5524320.0,37373209.0,1021148260.0,0.005409909820538694
2026-09-16,6.75,6.75,6.63,6.65,5209561.0,34722419.0,1021148260.0,0.005101669565592757
2026-09-17,6.62,6.71,6.57,6.69,5348577.0,35635430.0,1021148260.0,0.005237806506177663
2026-09-18,6.72,6.76,6.6,6.62,7720669.0,51426820.0,1021148260.0,0.007560771831506621
2026-09-21,6.64,6.81,6.62,6.78,7012769.0,47184507.0,1021148260.0,0.006867532634291518
2026-09-22,6.82,6.84,6.7,6.74,5120505.0,34575192.0,1021148260.0,0.005014457939731494
2026-09-23,6.74,6.76,6.66,6.68,4790851.0,32120204.0,1021148260.0,0.004691631164313006
2026-09-24,6.68,6.81,6.63,6.64,7028400.0,47129945.0,1021148260.0,0.006882839912002592
