date,open,high,low,close,volume,amount,outstanding_share,turnover
2021-01-04,15.92,16.5,15.82,16.17,25645024.0,414391147.0,292578000.0,0.08765192188066089
2021-01-05,16.0,16.23,15.61,15.66,20495580.0,323934465.0,292578000.0,0.07005167852675184
2021-01-06,15.5,16.1,15.36,15.88,20254102.0,319685132.0,292578000.0,0.06922633280697797
2021-01-07,15.61,15.77,14.98,15.17,18514933.0,283555280.0,292578000.0,0.06328204102837534
2021-01-08,14.95,15.1,14.22,14.35,15122653.0,219537070.0,292578000.0,0.05168759441926597
2021-01-11,14.32,14.55,13.92,13.97,10461851.0,148760732.0,292578000.0,0.03575747663870831
2021-01-12,13.9,14.27,13.61,14.19,14174401.0,196977873.0,292578000.0,0.04844657151255392
2021-01-13,14.11,14.15,13.68,13.68,9646990.0,133909248.0,292578000.0,0.03297236976122607
2021-01-14,13.27,13.5,12.7,12.87,14523374.0,188402732.0,292578000.0,0.04963932353081913
2021-01-15,12.86,13.49,12.81,13.26,9979023.0,131224706.0,292578000.0,0.034107222689334124
2021-01-18,13.27,13.67,13.18,13.48,8717405.0,117693128.0,292578000.0,0.029795148644122253
2021-01-19,13.46,13.46,13.13,13.18,6745945.0,89297814.0,292578000.0,0.02305691131937466
2021-01-20,13.13,13.38,13.05,13.29,4342340.0,57420724.0,292578000.0,0.014841649064522965
2021-01-21,13.2,13.45,13.1,13.32,6015245.0,79962398.0,292578000.0,0.020559457648900464
2021-01-22,13.22,13.44,13.15,13.23,6188358.0,82109098.0,292578000.0,0.021151139183397248
2021-01-25,13.24,13.84,12.98,13.71,12906468.0,172598473.0,292578000.0,0.044112913479482395
2021-01-26,13.45,13.74,13.21,13.32,9024446.0,121405493.0,292578000.0,0.030844581615842612
2021-01-27,13.28,13.55,13.21,13.46,6673609.0,89252857.0,292578000.0,0.022809674685041255
2021-01-28,13.32,13.71,13.23,13.23,8111178.0,109343072.0,292578000.0,0.027723130242191824
2021-01-29,13.2,13.3,12.0,12.32,11632505.0,147435978.0,292578000.0,0.039758645557765794
2021-02-01,12.2,12.35,11.85,12.24,5876005.0,71243336.0,292578000.0,0.020083550369474124
2021-02-02,12.3,12.3,12.07,12.13,4621520.0,56096620.0,292578000.0,0.015795856147762306
2021-02-03,12.13,12.39,12.05,12.23,5345528.0,65555959.0,292578000.0,0.01827043728510004
2021-02-04,12.15,12.24,11.61,11.71,6783341.0,80405531.0,292578000.0,0.023184726807893963
2021-02-05,11.71,11.98,11.41,11.49,4734173.0,55278874.0,292578000.0,0.016180891933091347
2021-02-08,11.49,11.66,11.18,11.45,3726341.0,42492664.0,292578000.0,0.012736231022154775
2021-02-09,11.5,11.77,11.42,11.67,3487250.0,40579594.0,292578000.0,0.011919043810539412
2021-02-10,11.66,12.34,11.61,12.11,5731901.0,68715074.0,292578000.0,0.01959101846345248
2021-02-18,12.2,12.58,12.14,12.48,7019081.0,86938716.0,292578000.0,0.023990460663481192
2021-02-19,12.58,12.95,12.55,12.86,8912987.0,113851104.0,292578000.0,0.03046362679353882
2021-02-22,13.25,13.54,12.92,13.36,16408727.0,217308780.0,292578000.0,0.05608325643076376
2021-02-23,13.05,13.11,12.76,12.77,8358906.0,107666318.0,292578000.0,0.028569837786846585
2021-02-24,12.84,13.05,12.61,12.67,5701525.0,73051648.0,292578000.0,0.01948719657663939
2021-02-25,12.73,12.8,12.34,12.55,6028327.0,75552685.0,292578000.0,0.020604170511795146
2021-02-26,12.38,12.83,12.23,12.65,7015891.0,88690374.0,292578000.0,0.023979557588061987
2021-03-01,12.58,13.92,12.43,13.22,14343416.0,190591015.0,292578000.0,0.0490242465257128
2021-03-02,13.08,13.77,13.01,13.47,15470504.0,206476235.0,292578000.0,0.05287651156272857
2021-03-03,13.75,13.88,13.36,13.51,12967905.0,176287818.0,292578000.0,0.04432289850911552
2021-03-04,13.23,13.49,13.08,13.12,9009667.0,119295112.0,292578000.0,0.030794068590256275
2021-03-05,13.0,13.42,12.89,13.27,7725101.0,102032852.0,292578000.0,0.026403560759865746
2021-03-08,13.21,13.32,12.69,12.71,7702197.0,99919629.0,292578000.0,0.026325277361934254
2021-03-09,12.71,12.75,11.88,12.06,6758922.0,82712583.0,292578000.0,0.023101265303611344
2021-03-10,12.11,12.26,11.92,11.92,3633623.0,43855064.0,292578000.0,0.012419330913465811
2021-03-11,11.92,12.1,11.78,12.1,3639169.0,43556735.0,292578000.0,0.012438286542392114
2021-03-12,12.15,12.3,11.86,12.06,3914849.0,47098060.0,292578000.0,0.01338053100369816
2021-03-15,12.01,12.03,11.75,11.79,3572482.0,42291307.0,292578000.0,0.012210357579859046
2021-03-16,11.81,11.9,11.7,11.82,2611288.0,30822586.0,292578000.0,0.008925100315129641
2021-03-17,11.9,12.46,11.85,12.31,7212643.0,88359894.0,292578000.0,0.024652034671096255
2021-03-18,12.03,12.28,12.02,12.08,3890144.0,47119844.0,292578000.0,0.01329609198230899
2021-03-19,12.26,12.3,12.05,12.11,4347933.0,52879688.0,292578000.0,0.014860765334372373
2021-03-22,12.01,12.29,11.85,12.19,4380712.0,52944100.0,292578000.0,0.014972800415615665
2021-03-23,12.19,12.35,12.02,12.25,6229145.0,75885486.0,292578000.0,0.02129054474362392
2021-03-24,12.05,12.34,12.05,12.16,4995849.0,60947651.0,292578000.0,0.01707527223509628
2021-03-25,12.45,12.59,12.17,12.18,6399118.0,79181181.0,292578000.0,0.021871494097300548
2021-03-26,11.98,12.18,11.8,12.11,5608617.0,67225717.0,292578000.0,0.019169647068474047
2021-03-29,12.08,12.17,12.0,12.0,3240643.0,39075017.0,292578000.0,0.011076167722795289
2021-03-30,12.0,12.05,11.8,11.89,2962572.0,35209946.0,292578000.0,0.010125751081762812
2021-03-31,11.93,11.94,11.77,11.81,2158994.0,25502126.0,292578000.0,0.007379208279501535
2021-04-01,11.93,11.99,11.81,11.85,2592969.0,30785919.0,292578000.0,0.008862487951930767
2021-04-02,11.78,11.98,11.7,11.9,4084874.0,48344416.0,292578000.0,0.013961658087757794
2021-04-06,11.83,11.97,11.8,11.89,2530040.0,30049253.0,292578000.0,0.00864740342746208
2021-04-07,11.92,11.92,11.78,11.9,2696899.0,31953490.0,292578000.0,0.009217709465510052
2021-04-08,11.89,11.93,11.82,11.86,3097955.0,36773178.0,292578000.0,0.01058847555181866
2021-04-09,11.84,11.87,11.64,11.66,3523413.0,41298586.0,292578000.0,0.012042645038246211
2021-04-12,11.62,11.71,11.44,11.47,3072227.0,35533435.0,292578000.0,0.010500540026932988
2021-04-13,11.47,11.82,11.32,11.73,4854930.0,56205585.0,292578000.0,0.01659362631503394
2021-04-14,11.6,11.62,11.46,11.56,2524995.0,29105663.0,292578000.0,0.008630160162418228
2021-04-15,11.57,11.58,11.42,11.43,1883232.0,21594130.0,292578000.0,0.0064366835510530525
2021-04-16,11.4,11.53,11.38,11.46,1884228.0,21599619.0,292578000.0,0.0064400877714660704
2021-04-19,11.46,11.68,11.41,11.64,3452845.0,40001490.0,292578000.0,0.011801451236935108
2021-04-20,11.67,11.81,11.54,11.57,3376903.0,39397761.0,292578000.0,0.011541889684118423
2021-04-21,11.57,11.67,11.47,11.54,2106521.0,24357814.0,292578000.0,0.007199861233585574
2021-04-22,11.53,11.61,11.49,11.54,2010055.0,23215675.0,292578000.0,0.006870150865752039
2021-04-23,11.63,11.67,11.55,11.65,3382536.0,39299922.0,292578000.0,0.011561142669647069
2021-04-26,11.64,11.75,11.55,11.58,3764559.0,43800232.0,292578000.0,0.01286685601788241
2021-04-27,11.48,11.66,11.28,11.28,3892386.0,44355501.0,292578000.0,0.013303754896130263
2021-04-28,11.27,11.27,10.8,10.83,5341902.0,58340918.0,292578000.0,0.018258044008777147
2021-04-29,10.75,10.82,10.6,10.79,2501320.0,26864654.0,292578000.0,0.008549241569769429
2021-04-30,10.78,11.0,10.75,10.88,2848918.0,30963694.0,292578000.0,0.009737293986560848
2021-05-06,10.96,11.4,10.96,11.31,6254378.0,70300787.0,292578000.0,0.021376788411979028
2021-05-07,11.23,11.39,11.03,11.18,4067092.0,45537003.0,292578000.0,0.013900881132552686
2021-05-10,11.2,11.28,11.06,11.21,3146644.0,35175339.0,292578000.0,0.010754889294478737
2021-05-11,11.11,11.36,11.1,11.26,3630310.0,40849695.0,292578000.0,0.01240800743733295
2021-05-12,11.2,11.75,11.2,11.59,7740491.0,89165857.0,292578000.0,0.02645616211745244
2021-05-13,11.43,11.56,11.3,11.4,4441441.0,50712107.0,292578000.0,0.015180365577726281
2021-05-14,11.3,11.44,11.26,11.39,3319977.0,37690111.0,292578000.0,0.011347322765211328
2021-05-17,11.38,11.39,11.16,11.21,3779680.0,42427585.0,292578000.0,0.012918537962526233
2021-05-18,11.21,11.25,11.12,11.16,2421230.0,27065684.0,292578000.0,0.008275502601015797
2021-05-19,11.15,11.15,10.93,10.94,3268140.0,35989657.0,292578000.0,0.011170149498595246
2021-05-20,10.94,11.04,10.86,10.96,2227456.0,24437936.0,292578000.0,0.007613204000300774
2021-05-21,10.96,11.2,10.88,11.05,2842890.0,31571117.0,292578000.0,0.009716690933699732
2021-05-24,11.36,11.42,11.0,11.02,3594449.0,40130301.0,292578000.0,0.012285438413004396
2021-05-25,10.9,11.03,10.84,10.98,3103397.0,33895611.0,292578000.0,0.010607075719978945
2021-05-26,10.97,11.15,10.93,11.1,2715987.0,30131241.0,292578000.0,0.00928295018764227
2021-05-27,11.13,11.32,11.08,11.25,4310705.0,48297651.0,292578000.0,0.01473352405170587
2021-05-28,11.27,11.27,10.99,11.02,3913059.0,43426156.0,292578000.0,0.013374412977052273
2021-05-31,11.03,11.12,10.93,11.09,2798326.0,30797071.0,292578000.0,0.00956437599546104
2021-06-01,10.95,11.19,10.93,11.11,3412095.0,37925803.0,292578000.0,0.011662172138711728
2021-06-02,11.05,11.68,10.96,11.29,8050311.0,91330773.0,292578000.0,0.02751509341098784
2021-06-03,11.23,11.32,11.11,11.16,4014020.0,44984411.0,292578000.0,0.013719486769340141
2021-06-04,11.2,11.48,11.2,11.32,6036850.0,68597774.0,292578000.0,0.020633301205148714
2021-06-07,11.19,11.27,11.05,11.07,4651111.0,51586070.0,292578000.0,0.015896994989370358
2021-06-08,11.07,11.12,10.98,11.01,3357066.0,37048501.0,292578000.0,0.01147408896089248
2021-06-09,11.01,11.09,10.95,11.0,2009598.0,22106370.0,292578000.0,0.006868588889116748
2021-06-10,11.0,11.0,10.88,10.88,3192964.0,34838373.0,292578000.0,0.010913206051035964
2021-06-11,11.05,11.05,10.86,10.9,2204180.0,24102208.0,292578000.0,0.007533649146552373
2021-06-15,10.82,10.86,10.75,10.78,1961795.0,21173357.0,292578000.0,0.006705203398751786
2021-06-16,10.82,10.92,10.7,10.71,2485286.0,26786441.0,292578000.0,0.008494439089747008
2021-06-17,10.65,10.75,10.53,10.61,2498110.0,26553150.0,292578000.0,0.008538270136510605
2021-06-18,10.6,10.64,10.4,10.62,2950714.0,31029237.0,292578000.0,0.010085221718652804
2021-06-21,10.63,10.79,10.6,10.67,2343300.0,25044093.0,292578000.0,0.008009146278941
2021-06-22,10.75,11.19,10.73,10.91,6041183.0,66345187.0,292578000.0,0.020648110931102134
2021-06-23,10.88,11.3,10.72,11.14,7344377.0,80569023.0,292578000.0,0.025102287253313645
2021-06-24,11.24,11.24,10.97,10.98,4564299.0,50530729.0,292578000.0,0.015600280950720833
2021-06-25,10.91,11.04,10.84,10.89,3189890.0,34773270.0,292578000.0,0.010902699451086548
2021-06-28,10.99,11.11,10.93,11.1,4571211.0,50562511.0,292578000.0,0.015623905420093103
2021-06-29,11.22,11.25,10.96,10.97,3185671.0,35212004.0,292578000.0,0.010888279364818954
2021-06-30,10.88,10.94,10.77,10.84,3193859.0,34590762.0,292578000.0,0.010916265064358907
2021-07-01,10.86,10.97,10.7,10.71,2265888.0,24550717.0,292578000.0,0.007744560424912331
2021-07-02,10.82,11.25,10.68,10.92,6301995.0,69448797.0,292578000.0,0.021539538174435536
2021-07-05,10.84,11.2,10.71,11.11,7887992.0,87143104.0,292578000.0,0.02696030460253334
2021-07-06,11.0,11.5,10.98,11.4,13314960.0,150101224.0,292578000.0,0.04550909501056129
2021-07-07,11.24,11.37,11.13,11.3,7633254.0,85845124.0,292578000.0,0.02608963763509218
2021-07-08,11.32,11.55,11.19,11.47,10462233.0,119338441.0,292578000.0,0.03575878227344503
2021-07-09,11.52,11.64,11.31,11.4,8738268.0,99977883.0,292578000.0,0.02986645612452064
2021-07-12,11.8,11.88,11.27,11.41,11193261.0,128489081.0,292578000.0,0.038257357012488974
2021-07-13,11.3,11.61,11.19,11.35,7981811.0,90803969.0,292578000.0,0.027280967810293325
2021-07-14,11.26,11.34,11.13,11.13,5276030.0,59087805.0,292578000.0,0.018032900628208545
2021-07-15,11.13,11.22,10.98,11.04,4379569.0,48422730.0,292578000.0,0.014968893765081448
2021-07-16,10.97,11.1,10.91,11.04,3716886.0,40826871.0,292578000.0,0.012703914853474971
2021-07-19,11.03,11.55,10.83,11.39,11195258.0,126301125.0,292578000.0,0.038264182542774916
2021-07-20,11.21,11.29,11.06,11.11,6537980.0,72746756.0,292578000.0,0.022346109413558093
2021-07-21,11.13,11.22,11.08,11.09,5102549.0,56778255.0,292578000.0,0.017439961309462775
2021-07-22,11.11,11.19,11.08,11.17,3467487.0,38610730.0,292578000.0,0.011851496011320059
2021-07-23,11.17,11.48,11.08,11.48,11930949.0,135336058.0,292578000.0,0.040778694912126
2021-07-26,11.44,11.82,11.32,11.56,14118641.0,163556468.0,292578000.0,0.0482559898556966
2021-07-27,11.53,11.8,11.34,11.6,12848774.0,148909334.0,292578000.0,0.043915721619533936
2021-07-28,11.45,11.5,11.1,11.27,8451777.0,95517235.0,292578000.0,0.028887260833008632
2021-07-29,11.32,11.99,11.3,11.82,15484812.0,181126906.0,292578000.0,0.052925414761191884
2021-07-30,11.8,12.2,11.67,12.19,18053139.0,215986601.0,292578000.0,0.06170367901892829
2021-08-02,12.0,12.46,11.93,12.12,16978153.0,207211039.0,292578000.0,0.05802949298990355
2021-08-03,12.0,12.64,11.91,12.41,18304113.0,224608921.0,292578000.0,0.06256148104095319
2021-08-04,12.34,12.45,12.12,12.35,12083388.0,148478969.0,292578000.0,0.04129971494780879
2021-08-05,12.22,12.68,12.02,12.41,18097625.0,224339367.0,292578000.0,0.061855727361592464
2021-08-06,12.27,12.33,12.01,12.08,11280299.0,136896081.0,292578000.0,0.038554843494726196
2021-08-09,12.11,12.34,12.02,12.13,8834062.0,107419898.0,292578000.0,0.030193869668942983
2021-08-10,12.13,12.42,12.04,12.42,11983256.0,147036838.0,292578000.0,0.04095747458797312
2021-08-11,12.43,12.46,12.15,12.4,9170330.0,112654321.0,292578000.0,0.031343197369590334
2021-08-12,12.4,12.6,12.23,12.23,8341200.0,103259255.0,292578000.0,0.02850932059143203
2021-08-13,12.26,12.79,12.05,12.7,14941643.0,185772255.0,292578000.0,0.051068921791795695
2021-08-16,12.69,12.85,12.28,12.3,12330990.0,154793583.0,292578000.0,0.04214599183807395
2021-08-17,12.17,12.26,11.7,11.79,8649638.0,104153851.0,292578000.0,0.029563528358249765
2021-08-18,11.7,11.88,11.61,11.85,5462917.0,64303111.0,292578000.0,0.018671660206850824
2021-08-19,11.85,11.85,11.5,11.66,4963050.0,57879692.0,292578000.0,0.01696316879601337
2021-08-20,11.55,11.64,11.44,11.6,3458109.0,39890911.0,292578000.0,0.011819443020322786
2021-08-23,11.4,11.63,11.34,11.55,5201972.0,59779749.0,292578000.0,0.017779778383883955
2021-08-24,11.59,11.6,11.42,11.45,4715164.0,54227303.0,292578000.0,0.016115921224425622
2021-08-25,11.5,11.73,11.44,11.73,6144017.0,71255840.0,292578000.0,0.020999586435070307
2021-08-26,11.6,11.63,11.0,11.04,9518561.0,107629862.0,292578000.0,0.03253341331200569
2021-08-27,10.9,11.09,10.83,10.96,4831975.0,52702370.0,292578000.0,0.01651516860461142
2021-08-30,10.86,11.18,10.86,11.08,3765488.0,41680544.0,292578000.0,0.012870031239532705
2021-08-31,11.0,11.08,10.88,11.04,2828621.0,31022125.0,292578000.0,0.009667921033023672
2021-09-01,10.95,11.14,10.91,11.1,3074701.0,33917126.0,292578000.0,0.010508995891693839
2021-09-02,11.09,11.16,11.03,11.07,2247352.0,24866758.0,292578000.0,0.007681206379153593
2021-09-03,11.04,11.47,10.99,11.29,5606632.0,63204585.0,292578000.0,0.019162862552891877
2021-09-06,11.23,11.24,11.06,11.24,3326282.0,37124966.0,292578000.0,0.011368872574151166
2021-09-07,11.22,11.29,11.17,11.25,2923617.0,32795698.0,292578000.0,0.009992607099645223
2021-09-08,11.25,11.63,11.23,11.54,7521748.0,86192839.0,292578000.0,0.02570852217186528
2021-09-09,11.64,12.0,11.51,11.51,9838003.0,115570311.0,292578000.0,0.03362523156218171
2021-09-10,11.36,11.57,11.28,11.38,5056653.0,57554125.0,292578000.0,0.01728309373910547
2021-09-13,11.3,11.43,11.2,11.41,4008816.0,45327299.0,292578000.0,0.013701700059471321
2021-09-14,11.4,11.52,11.11,11.13,3778461.0,42739790.0,292578000.0,0.012914371552201464
2021-09-15,11.14,11.31,11.08,11.23,2581580.0,28975040.0,292578000.0,0.00882356158015982
2021-09-16,11.23,11.77,11.18,11.64,10332988.0,119517290.0,292578000.0,0.0353170368243682
2021-09-17,11.41,11.57,11.14,11.3,7740229.0,87369673.0,292578000.0,0.02645526662975343
2021-09-22,11.18,11.19,11.08,11.16,3127547.0,34809895.0,292578000.0,0.010689617811318691
2021-09-23,11.25,11.35,11.16,11.35,3669022.0,41394975.0,292578000.0,0.01254032087169917
2021-09-24,11.33,11.33,11.0,11.0,4357378.0,48412423.0,292578000.0,0.014893047324132368
2021-09-27,10.98,11.05,10.69,10.76,3812446.0,41416509.0,292578000.0,0.013030528611173773
2021-09-28,10.77,10.97,10.66,10.82,2111828.0,22774308.0,292578000.0,0.007217999986328432
2021-09-29,10.76,10.89,10.51,10.58,2750731.0,29361902.0,292578000.0,0.009401701426628113
2021-09-30,10.58,10.74,10.58,10.6,2237736.0,23808835.0,292578000.0,0.007648339929864857
2021-10-08,10.69,11.22,10.69,11.22,8076960.0,89587706.0,292578000.0,0.02760617681438796
2021-10-11,11.22,11.47,11.04,11.29,5212490.0,58829212.0,292578000.0,0.017815727771739502
2021-10-12,11.15,11.35,11.04,11.25,3786030.0,42389052.0,292578000.0,0.012940241576605213
2021-10-13,11.22,11.22,10.62,10.8,5969007.0,64446032.0,292578000.0,0.020401421159485674
2021-10-14,10.78,11.11,10.7,10.98,3588980.0,39112669.0,292578000.0,0.012266745961760625
2021-10-15,11.0,11.5,10.86,10.88,6797146.0,75989038.0,292578000.0,0.023231910806690865
2021-10-18,10.77,11.55,10.65,11.5,11813241.0,133276822.0,292578000.0,0.04037638168283329
2021-10-19,11.49,11.49,11.29,11.35,5568341.0,63320443.0,292578000.0,0.019031988051049633
2021-10-20,11.26,11.38,11.16,11.16,3783396.0,42537299.0,292578000.0,0.012931238849127412
2021-10-21,11.16,11.32,10.95,11.02,3599991.0,39918966.0,292578000.0,0.012304380370362775
2021-10-22,11.0,11.09,10.85,10.85,3404271.0,37203126.0,292578000.0,0.01163543055185284
2021-10-25,10.96,11.06,10.8,10.97,3852860.0,42214034.0,292578000.0,0.013168659297691556
2021-10-26,11.04,11.19,10.76,10.81,4471165.0,48968916.0,292578000.0,0.015281958998967797
2021-10-27,10.82,11.0,10.61,10.94,5683849.0,61407729.0,292578000.0,0.019426781917984266
2021-10-28,10.89,10.91,10.35,10.4,5817199.0,61633053.0,292578000.0,0.019882557813642857
2021-10-29,10.41,10.63,10.41,10.5,3172161.0,33367524.0,292578000.0,0.01084210364415643
2021-11-01,10.48,11.02,10.41,10.83,6250540.0,67403648.0,292578000.0,0.02136367054255617
2021-11-02,10.9,11.16,10.8,10.97,7636646.0,83966523.0,292578000.0,0.026101231124691534
2021-11-03,10.92,11.3,10.77,11.2,9288633.0,103737924.0,292578000.0,0.031747544244611695
2021-11-04,11.23,11.38,11.09,11.31,6817227.0,76944576.0,292578000.0,0.023300545495560158
2021-11-05,11.31,11.5,11.18,11.26,6263092.0,70895758.0,292578000.0,0.021406571922700957
2021-11-08,11.16,11.38,11.09,11.2,3548945.0,39743954.0,292578000.0,0.012129910656303618
2021-11-09,11.2,11.8,11.11,11.65,10708310.0,123836277.0,292578000.0,0.03659984687843926
2021-11-10,11.55,11.9,11.5,11.7,7681325.0,89944196.0,292578000.0,0.026253939120508035
2021-11-11,11.65,11.89,11.65,11.73,6493342.0,76496085.0,292578000.0,0.022193541551312812
2021-11-12,11.7,12.36,11.66,12.04,11612132.0,140384143.0,292578000.0,0.039689012844438064
2021-11-15,12.0,12.18,11.56,11.67,9579229.0,112467534.0,292578000.0,0.03274076998270547
2021-11-16,11.73,11.89,11.5,11.55,4751761.0,55368808.0,292578000.0,0.01624100581725215
2021-11-17,11.53,11.62,11.38,11.57,4370296.0,50218575.0,292578000.0,0.014937199652742175
2021-11-18,11.56,11.67,11.41,11.41,4644400.0,53597427.0,292578000.0,0.015874057516286254
2021-11-19,11.37,11.55,11.3,11.48,3401586.0,38897691.0,292578000.0,0.01162625351188401
2021-11-22,11.48,11.56,11.35,11.53,3917550.0,44848228.0,292578000.0,0.013389762729938684
2021-11-23,11.5,11.58,11.22,11.27,6729883.0,76338449.0,292578000.0,0.023002013138376774
2021-11-24,11.23,11.32,11.0,11.0,6866200.0,76182146.0,292578000.0,0.023467929919542822
2021-11-25,11.04,11.08,10.8,10.83,6624329.0,72302707.0,292578000.0,0.02264124096822044
2021-11-26,10.83,10.86,10.65,10.74,7135342.0,76435927.0,292578000.0,0.02438782820307747
2021-11-29,10.62,10.84,10.62,10.77,5641910.0,60581002.0,292578000.0,0.019283438946195545
2021-11-30,10.76,10.89,10.73,10.84,5757222.0,62221458.0,292578000.0,0.019677562906301908
2021-12-01,10.83,10.87,10.76,10.86,4036025.0,43642529.0,292578000.0,0.013794697482380767
2021-12-02,10.87,10.92,10.7,10.71,5065565.0,54737871.0,292578000.0,0.017313553992439622
2021-12-03,10.74,10.9,10.71,10.84,3856401.0,41734903.0,292578000.0,0.013180762053196071
2021-12-06,10.82,10.94,10.77,10.86,4431540.0,48130773.0,292578000.0,0.015146525029222976
2021-12-07,10.85,10.99,10.82,10.92,4924009.0,53650245.0,292578000.0,0.016829730875185422
2021-12-08,10.94,11.18,10.9,11.08,6864264.0,75738541.0,292578000.0,0.02346131288066772
2021-12-09,11.09,12.19,11.09,12.19,38785218.0,464405508.0,292578000.0,0.1325636855812809
2021-12-10,12.07,13.41,12.05,13.41,36958226.0,479574591.0,292578000.0,0.126319224275236
2021-12-13,13.88,13.88,12.8,13.03,38397541.0,504109937.0,292578000.0,0.1312386474717853
2021-12-14,13.05,13.28,12.75,13.25,29962557.0,389880165.0,292578000.0,0.10240878329881263
2021-12-15,12.99,13.14,12.5,12.68,25301886.0,322419821.0,292578000.0,0.08647911326210446
2021-12-16,12.59,13.16,12.43,12.68,25628523.0,325060625.0,292578000.0,0.08759552324508336
2021-12-17,12.53,13.95,12.46,13.95,32000293.0,425175069.0,292578000.0,0.10937354483248911
2021-12-20,14.5,15.35,13.85,15.35,64244069.0,957382449.0,292578000.0,0.21957928825817388
2021-12-21,15.3,15.95,14.07,14.79,50505681.0,752482349.0,292578000.0,0.17262296208190636
2021-12-22,14.63,15.22,14.3,14.83,37170629.0,547372806.0,292578000.0,0.127045194785664
2021-12-23,14.58,15.37,14.1,15.22,41891885.0,617883629.0,292578000.0,0.1431819378080375
2021-12-24,14.88,15.26,14.41,14.55,27782496.0,410059456.0,292578000.0,0.09495757028894859
2021-12-27,14.8,15.07,14.12,14.43,29807297.0,436181937.0,292578000.0,0.1018781213898516
2021-12-28,14.43,15.8,14.3,15.14,39888130.0,602691441.0,292578000.0,0.1363333196617654
2021-12-29,14.75,14.8,13.63,13.63,33847135.0,469160925.0,292578000.0,0.1156858512943557
2021-12-30,13.19,13.68,13.05,13.42,26579094.0,355558141.0,292578000.0,0.09084447224329922
2021-12-31,13.4,13.61,13.2,13.42,17054828.0,228835302.0,292578000.0,0.05829155985754226
2022-01-04,13.44,14.09,13.4,13.75,24316992.0,334969425.0,292578000.0,0.08311285195742674
2022-01-05,13.75,14.03,13.1,13.21,18088731.0,242600063.0,292578000.0,0.061825328630313967
2022-01-06,13.09,13.57,13.09,13.43,13373499.0,178728859.0,292578000.0,0.04570917498923364
2022-01-07,13.4,13.58,12.9,12.93,14523816.0,190546297.0,292578000.0,0.049640834239074706
2022-01-10,12.79,13.38,12.75,13.08,13883955.0,182665079.0,292578000.0,0.04745385845825729
2022-01-11,13.03,13.4,12.79,12.9,10352037.0,134909829.0,292578000.0,0.035382144248713165
2022-01-12,12.83,13.34,12.8,13.29,10832877.0,142097871.0,292578000.0,0.03702560342882923
2022-01-13,13.19,13.68,13.02,13.33,16066889.0,213991099.0,292578000.0,0.054914891071782566
2022-01-14,13.15,13.65,12.71,12.82,17442103.0,230306906.0,292578000.0,0.05961522397446151
2022-01-17,13.05,13.22,12.82,12.94,11981495.0,155370061.0,292578000.0,0.04095145568019468
2022-01-18,12.86,12.87,12.3,12.62,13232649.0,166020889.0,292578000.0,0.045227764903717986
2022-01-19,12.54,13.05,12.46,12.79,10632011.0,135974062.0,292578000.0,0.03633906513818537
2022-01-20,12.84,13.2,12.29,12.33,12264401.0,154936550.0,292578000.0,0.04191839782895501
2022-01-21,12.36,12.5,11.9,12.19,9095241.0,110551589.0,292578000.0,0.03108655127863339
2022-01-24,12.24,12.45,12.08,12.29,5678030.0,69739134.0,292578000.0,0.019406893204547162
2022-01-25,12.5,12.5,11.6,11.6,8029709.0,96410306.0,292578000.0,0.027444678000396475
2022-01-26,11.68,11.97,11.63,11.86,6849233.0,80838633.0,292578000.0,0.023409938546302182
2022-01-27,11.77,12.17,11.76,11.85,6723960.0,80416181.0,292578000.0,0.022981768964173657
2022-01-28,11.91,12.07,11.76,12.02,7303060.0,87340849.0,292578000.0,0.024961070210337073
2022-02-07,12.17,12.57,11.9,12.52,10355674.0,127012712.0,292578000.0,0.03539457512184785
2022-02-08,12.57,12.69,12.36,12.68,10877730.0,136705544.0,292578000.0,0.037178906137850416
2022-02-09,12.69,13.38,12.56,13.19,17138024.0,222646315.0,292578000.0,0.0585759147987887
2022-02-10,12.98,13.42,12.88,13.41,17227411.0,228475570.0,292578000.0,0.05888142990928915
2022-02-11,13.22,13.29,13.01,13.19,12747010.0,167007693.0,292578000.0,0.04356790325998537
2022-02-14,13.17,13.33,12.83,13.03,12134854.0,158463315.0,292578000.0,0.041475620176499944
2022-02-15,12.99,13.03,12.72,12.94,8323986.0,106980864.0,292578000.0,0.028450484998872094
2022-02-16,12.95,13.5,12.83,13.5,16176317.0,213109879.0,292578000.0,0.05528890415547307
2022-02-17,13.3,13.66,13.24,13.58,17882572.0,241076220.0,292578000.0,0.06112069943741498
2022-02-18,13.38,13.68,13.34,13.49,13473808.0,181981559.0,292578000.0,0.04605202031594993
2022-02-21,13.37,14.0,13.3,13.76,18088492.0,247638487.0,292578000.0,0.06182451175413052
2022-02-22,13.59,13.85,13.4,13.77,14607399.0,199020687.0,292578000.0,0.04992651190451777
2022-02-23,13.97,14.0,12.5,13.0,28162517.0,369683175.0,292578000.0,0.09625644101743809
2022-02-24,12.81,13.68,12.65,13.2,26478775.0,346246420.0,292578000.0,0.09050159273766312
2022-02-25,12.76,13.06,12.67,12.86,13421225.0,172538482.0,292578000.0,0.04587229730191607
2022-02-28,12.91,13.2,12.79,12.98,11083026.0,144036594.0,292578000.0,0.03788058568996985
2022-03-01,12.92,13.54,12.79,13.25,14314606.0,188320841.0,292578000.0,0.04892577705774187
2022-03-02,13.42,14.58,13.33,14.58,31820298.0,455817483.0,292578000.0,0.10875834136537949
2022-03-03,14.99,15.28,14.33,14.6,51413714.0,762889967.0,292578000.0,0.17572652079103693
2022-03-04,14.84,15.1,14.3,14.78,34210261.0,504016394.0,292578000.0,0.11692697673782718
2022-03-07,15.5,15.5,14.07,14.26,31402897.0,463264700.0,292578000.0,0.10733170983464238
2022-03-08,14.27,14.28,12.88,12.88,26621007.0,356439940.0,292578000.0,0.09098772634989644
2022-03-09,12.88,13.09,11.86,12.68,21031570.0,264824519.0,292578000.0,0.07188363444961686
2022-03-10,12.6,12.65,12.3,12.52,15385756.0,191939250.0,292578000.0,0.052586852053127714
2022-03-11,12.51,13.27,12.34,13.13,23517176.0,304354106.0,292578000.0,0.08037916726479777
2022-03-14,12.85,13.6,12.72,13.05,18899095.0,249924973.0,292578000.0,0.06459506524755791
2022-03-15,13.03,13.25,12.02,12.03,15422154.0,195041959.0,292578000.0,0.05271125648545003
2022-03-16,12.18,12.28,11.33,12.05,14392062.0,170207250.0,292578000.0,0.0491905132990177
2022-03-17,12.04,12.55,11.95,12.25,12982865.0,158829389.0,292578000.0,0.044374030173150406
2022-03-18,12.11,12.55,12.04,12.42,10208196.0,126145885.0,292578000.0,0.03489051124828251
2022-03-21,12.42,13.66,12.42,13.66,15242274.0,201766651.0,292578000.0,0.052096446075918214
2022-03-22,13.94,14.18,13.62,13.97,28134407.0,390493806.0,292578000.0,0.09616036407385381
2022-03-23,13.97,14.2,13.76,14.01,18315052.0,256177764.0,292578000.0,0.0625988693613327
2022-03-24,14.07,14.47,13.83,13.89,18265276.0,257891053.0,292578000.0,0.062428740370089345
2022-03-25,13.69,14.8,13.65,14.29,24134221.0,347367299.0,292578000.0,0.08248816042217802
2022-03-28,14.57,14.8,13.84,14.01,18280518.0,258121256.0,292578000.0,0.06248083587966286
2022-03-29,13.91,14.86,13.71,14.43,23280809.0,335746818.0,292578000.0,0.07957129039093848
2022-03-30,13.89,14.28,13.76,14.03,15923520.0,223287741.0,292578000.0,0.05442487131636692
2022-03-31,13.97,14.46,13.89,14.24,13883683.0,196806621.0,292578000.0,0.04745292879163847
2022-04-01,14.54,14.88,13.63,13.96,22766839.0,321011424.0,292578000.0,0.07781459644949382
2022-04-06,13.8,14.48,13.71,14.22,19836579.0,280518062.0,292578000.0,0.06779928429341919
2022-04-07,14.05,14.37,13.49,13.71,14340490.0,198012695.0,292578000.0,0.04901424577377657
2022-04-08,13.74,13.78,12.8,13.02,13595631.0,177857957.0,292578000.0,0.04646839817074421
2022-04-11,13.02,14.32,12.99,14.02,27322135.0,378214874.0,292578000.0,0.09338410611871023
2022-04-12,13.5,14.06,13.23,13.84,17293007.0,235541415.0,292578000.0,0.059105629951671006
2022-04-13,13.84,14.47,13.55,14.15,25092240.0,353116744.0,292578000.0,0.08576256587986793
2022-04-14,14.02,14.43,13.64,14.38,21333165.0,301466678.0,292578000.0,0.072914453581609
2022-04-15,14.21,14.45,13.78,13.96,19343604.0,272510921.0,292578000.0,0.06611434899411439
2022-04-18,13.76,14.49,13.7,14.14,22240009.0,316976501.0,292578000.0,0.07601394841717422
2022-04-19,14.36,15.28,14.03,14.95,33688737.0,497023723.0,292578000.0,0.11514446404035847
2022-04-20,14.71,15.99,14.63,15.08,36834249.0,562060177.0,292578000.0,0.12589548428111477
2022-04-21,14.67,15.6,13.57,13.57,32869663.0,474969447.0,292578000.0,0.11234495758396051
2022-04-22,12.96,12.96,12.29,12.66,21192694.0,267437837.0,292578000.0,0.07243433887715413
2022-04-25,12.31,12.65,11.66,11.75,14361545.0,174846281.0,292578000.0,0.0490862094894353
2022-04-26,11.68,11.95,10.96,11.06,12111081.0,138069103.0,292578000.0,0.04139436663043701
2022-04-27,10.97,11.45,10.42,11.4,12319575.0,134483229.0,292578000.0,0.0421069766011115
2022-04-28,11.17,11.3,10.65,10.8,10554540.0,115404902.0,292578000.0,0.03607427762852983
2022-04-29,11.39,11.88,11.39,11.88,9268999.0,108518805.0,292578000.0,0.03168043735345788
2022-05-05,12.0,13.07,11.92,13.07,10209241.0,128868348.0,292578000.0,0.034894082945402596
2022-05-06,13.2,13.98,12.76,13.67,33168894.0,450203948.0,292578000.0,0.11336769681930972
2022-05-09,13.46,15.04,13.46,15.04,24721017.0,356807776.0,292578000.0,0.08449376576502676
2022-05-10,14.86,16.3,14.56,15.91,33578956.0,509878289.0,292578000.0,0.1147692444407987
2022-05-11,15.35,15.5,14.75,14.89,36843660.0,555605866.0,292578000.0,0.1259276500625474
2022-05-12,14.85,15.14,14.25,14.71,26560267.0,390903703.0,292578000.0,0.09078012359097402
2022-05-13,14.74,15.16,14.61,14.98,23353805.0,348182359.0,292578000.0,0.07982078283397931
2022-05-16,15.54,16.4,15.05,15.6,43702631.0,685863723.0,292578000.0,0.14937087204096003
2022-05-17,15.5,15.69,14.9,15.13,26794510.0,407745673.0,292578000.0,0.0915807408622658
2022-05-18,15.06,15.67,14.95,15.24,18411222.0,282264212.0,292578000.0,0.06292756803313988
2022-05-19,14.9,15.8,14.9,15.3,23235406.0,359196296.0,292578000.0,0.07941610784132778
2022-05-20,15.24,16.37,15.05,15.72,25567261.0,401553510.0,292578000.0,0.0873861363465469
2022-05-23,15.55,17.29,15.4,16.62,42900430.0,708093604.0,292578000.0,0.1466290356759565
2022-05-24,16.44,16.6,15.31,15.45,39519270.0,629468678.0,292578000.0,0.1350725960256752
2022-05-25,15.46,15.53,14.97,15.33,19328156.0,294411039.0,292578000.0,0.0660615493987928
2022-05-26,15.23,15.5,14.66,15.15,15203384.0,228742101.0,292578000.0,0.051963524256779386
2022-05-27,15.04,15.55,14.93,15.28,20877720.0,318248922.0,292578000.0,0.07135779176834896
2022-05-30,15.56,15.79,14.91,15.0,26122211.0,398561902.0,292578000.0,0.08928289550137057
2022-05-31,14.83,16.11,14.66,15.72,36325932.0,568634349.0,292578000.0,0.12415811168303836
2022-06-01,15.43,15.53,14.86,15.13,23664040.0,357959217.0,292578000.0,0.08088113255268681
2022-06-02,14.92,15.73,14.76,15.48,25804394.0,395155938.0,292578000.0,0.08819663132566358
2022-06-06,15.13,15.4,14.82,15.2,22143225.0,335027162.0,292578000.0,0.07568315115969075
2022-06-07,15.17,15.25,13.94,14.03,31391719.0,450106203.0,292578000.0,0.10729350463807942
2022-06-08,13.9,14.28,13.86,14.18,15697306.0,221444229.0,292578000.0,0.05365169629979014
2022-06-09,14.28,14.65,14.12,14.43,19792517.0,285014708.0,292578000.0,0.06764868513695493
2022-06-10,14.2,14.54,13.93,14.5,13975481.0,200306474.0,292578000.0,0.04776668443970497
2022-06-13,14.33,14.9,14.18,14.44,18895121.0,273397023.0,292578000.0,0.06458148254482565
2022-06-14,14.21,14.38,13.76,14.3,13598521.0,191873393.0,292578000.0,0.046478275878569134
2022-06-15,14.1,14.18,13.92,13.99,11280981.0,158273374.0,292578000.0,0.038557174497057194
2022-06-16,13.99,14.3,13.92,14.04,12114200.0,171026208.0,292578000.0,0.04140502703552557
2022-06-17,13.95,14.1,13.63,14.07,11384990.0,157886555.0,292578000.0,0.038912666024102975
2022-06-20,14.09,14.13,13.81,13.94,9532700.0,132692159.0,292578000.0,0.03258173888672422
2022-06-21,13.93,13.96,13.23,13.5,13450840.0,182097533.0,292578000.0,0.04597351817293166
2022-06-22,13.54,13.7,13.3,13.4,9521580.0,128514188.0,292578000.0,0.03254373192789615
2022-06-23,13.35,13.41,13.02,13.4,9630526.0,127438969.0,292578000.0,0.03291609758765184
2022-06-24,13.37,13.56,13.28,13.44,7479650.0,100495515.0,292578000.0,0.025564635755251593
2022-06-27,13.5,13.67,13.44,13.59,10419048.0,141348859.0,292578000.0,0.035611180608248055
2022-06-28,13.6,13.66,13.32,13.49,7495924.0,100768556.0,292578000.0,0.02562025852934944
2022-06-29,13.5,13.61,13.11,13.11,9362592.0,125208331.0,292578000.0,0.03200032811763017
2022-06-30,13.09,13.42,13.02,13.35,8109062.0,107394552.0,292578000.0,0.027715897982760154
2022-07-01,13.4,13.68,13.37,13.49,10266111.0,138765211.0,292578000.0,0.03508845846235876
2022-07-04,13.58,13.79,13.51,13.79,13834762.0,189460501.0,292578000.0,0.047285722098038815
2022-07-05,13.78,13.86,13.32,13.48,10493766.0,141993330.0,292578000.0,0.03586655866128007
2022-07-06,13.32,13.36,12.73,12.88,11804958.0,153461331.0,292578000.0,0.04034807128355516
2022-07-07,12.88,13.45,12.76,13.23,9751870.0,128158753.0,292578000.0,0.033330838272187246
2022-07-08,13.25,13.31,13.06,13.13,5398930.0,71013145.0,292578000.0,0.018452959552666296
2022-07-11,13.11,13.33,13.0,13.31,6722458.0,88558985.0,292578000.0,0.022976635290418282
2022-07-12,13.18,13.19,12.85,12.89,6072374.0,78715799.0,292578000.0,0.02075471839987969
2022-07-13,12.74,13.16,12.74,13.16,6301550.0,81985454.0,292578000.0,0.021538017212504017
2022-07-14,13.16,13.16,12.87,12.93,4695983.0,60958320.0,292578000.0,0.01605036263833918
2022-07-15,12.93,13.02,12.52,12.54,6929951.0,87670400.0,292578000.0,0.023685823951219844
2022-07-18,12.58,12.82,12.57,12.8,7941775.0,101145773.0,292578000.0,0.027144129086944337
2022-07-19,12.81,13.05,12.72,13.03,6844041.0,88707593.0,292578000.0,0.023392192851137132
2022-07-20,13.04,13.28,12.91,13.21,8796758.0,115729934.0,292578000.0,0.03006636862648593
2022-07-21,13.18,13.18,12.92,12.92,6095570.0,79262634.0,292578000.0,0.020833999822269616
2022-07-22,12.92,13.07,12.55,12.73,6598980.0,83982421.0,292578000.0,0.022554600824395546
2022-07-25,12.73,12.83,12.6,12.68,3576025.0,45407884.0,292578000.0,0.012222467171147522
2022-07-26,12.7,12.9,12.62,12.9,4451841.0,56895036.0,292578000.0,0.015215911654328076
2022-07-27,12.85,13.15,12.84,12.98,6617800.0,86197805.0,292578000.0,0.022618925551476873
2022-07-28,12.98,13.11,12.84,12.89,5168890.0,66891175.0,292578000.0,0.01766670768137044
2022-07-29,12.87,13.19,12.85,13.03,8783800.0,114794448.0,292578000.0,0.030022079582196885
2022-08-01,12.95,12.96,12.61,12.73,7143260.0,90747061.0,292578000.0,0.024414891071782567
2022-08-02,12.63,13.09,12.41,13.0,14995534.0,193053266.0,292578000.0,0.05125311540854063
2022-08-03,12.79,13.4,12.65,13.36,18020378.0,236325048.0,292578000.0,0.06159170545974065
2022-08-04,13.28,13.3,13.04,13.22,10322553.0,135969450.0,292578000.0,0.03528137112154708
2022-08-05,13.28,13.5,13.11,13.45,12396197.0,165077520.0,292578000.0,0.04236886232047522
2022-08-08,13.38,13.47,13.2,13.36,8688941.0,115769700.0,292578000.0,0.029697861766776724
2022-08-09,13.31,13.33,13.08,13.16,7753705.0,102197226.0,292578000.0,0.026501326142088607
2022-08-10,13.11,13.21,13.08,13.17,5631119.0,74009206.0,292578000.0,0.0192465564738292
2022-08-11,13.27,13.31,13.14,13.27,7169341.0,94868061.0,292578000.0,0.024504033112537512
2022-08-12,13.28,13.43,13.23,13.33,7018049.0,93513581.0,292578000.0,0.02398693339895686
2022-08-15,13.59,13.72,13.35,13.4,10221698.0,137895787.0,292578000.0,0.034936659625809184
2022-08-16,13.3,13.6,13.22,13.53,9577324.0,128678858.0,292578000.0,0.03273425889848177
2022-08-17,13.54,14.52,13.43,14.09,24856011.0,348709800.0,292578000.0,0.08495516067510202
2022-08-18,13.96,14.09,13.77,14.02,13097784.0,182203293.0,292578000.0,0.04476681090170826
2022-08-19,14.01,14.52,13.91,14.13,21433479.0,306164880.0,292578000.0,0.0732573159977852
2022-08-22,14.35,14.82,14.12,14.18,22418456.0,323433378.0,292578000.0,0.07662386098749735
2022-08-23,13.88,14.5,13.72,14.38,19058881.0,269867701.0,292578000.0,0.06514119653562468
2022-08-24,14.2,15.08,14.08,14.38,28584816.0,415625577.0,292578000.0,0.09769981338309784
2022-08-25,14.27,14.36,13.94,14.07,17283305.0,243746621.0,292578000.0,0.05907246956367191
2022-08-26,14.05,14.38,13.75,14.25,16294874.0,229629521.0,292578000.0,0.055694119175057594
2022-08-29,14.08,14.4,13.91,14.23,11978767.0,169695450.0,292578000.0,0.04094213167087067
2022-08-30,14.08,14.26,13.77,13.87,11753866.0,164243217.0,292578000.0,0.04017344434646487
2022-08-31,13.75,13.95,13.08,13.22,14760532.0,197804163.0,292578000.0,0.05044990395723534
2022-09-01,13.15,14.25,13.15,13.85,18671237.0,258832383.0,292578000.0,0.06381627121656447
2022-09-02,13.76,14.2,13.61,14.2,13598032.0,189822214.0,292578000.0,0.04647660452939045
2022-09-05,14.1,14.25,13.72,13.94,9678530.0,134308149.0,292578000.0,0.03308017007430497
2022-09-06,14.0,14.5,13.88,14.38,14967218.0,213232937.0,292578000.0,0.05115633437920828
2022-09-07,14.25,14.5,14.16,14.34,10775164.0,154299814.0,292578000.0,0.03682834662893314
2022-09-08,14.25,14.34,13.72,13.81,11775000.0,164433468.0,292578000.0,0.0402456780755901
2022-09-09,13.81,13.86,13.46,13.68,6297200.0,85620245.0,292578000.0,0.02152314938238692
2022-09-13,13.74,14.09,13.73,13.76,8074960.0,111935454.0,292578000.0,0.027599341030426074
2022-09-14,13.5,13.69,13.34,13.41,6645459.0,89635657.0,292578000.0,0.022713461025777742
2022-09-15,13.46,13.48,12.98,13.18,7126304.0,94010018.0,292578000.0,0.02435693729535372
2022-09-16,13.15,13.31,12.8,12.81,6051360.0,78982537.0,292578000.0,0.020682894817792178
2022-09-19,12.74,12.92,12.46,12.6,4966454.0,62813266.0,292578000.0,0.016974803300316497
2022-09-20,12.64,12.82,12.58,12.67,3620712.0,45944341.0,292578000.0,0.01237520251009987
2022-09-21,12.63,12.94,12.52,12.88,4648198.0,59371799.0,292578000.0,0.01588703867002987
2022-09-22,12.71,13.15,12.71,12.98,5840380.0,75574617.0,292578000.0,0.01996178796765307
2022-09-23,12.89,12.95,12.6,12.6,4975852.0,63432354.0,292578000.0,0.017006924649153387
2022-09-26,12.4,12.48,11.61,11.69,9377350.0,111996556.0,292578000.0,0.03205076936748491
2022-09-27,11.6,11.84,11.47,11.84,5017525.0,58630365.0,292578000.0,0.017149358461675177
2022-09-28,11.8,11.81,11.32,11.33,5409636.0,62407592.0,292578000.0,0.01848955150421426
2022-09-29,11.46,11.55,11.2,11.34,3557997.0,40539345.0,292578000.0,0.012160849414515104
2022-09-30,11.35,11.44,11.25,11.36,2461337.0,27959971.0,292578000.0,0.008412583994695431
2022-10-10,11.38,11.62,11.1,11.23,4024767.0,45903638.0,292578000.0,0.013756218854459323
2022-10-11,11.35,11.48,11.21,11.47,3844580.0,43672855.0,292578000.0,0.013140359152089357
2022-10-12,11.47,11.93,11.47,11.88,7225493.0,84728236.0,292578000.0,0.024695954583051356
2022-10-13,11.77,12.39,11.66,12.13,8472951.0,102194615.0,292578000.0,0.028959631277813095
2022-10-14,12.09,12.22,12.03,12.16,5528924.0,67103463.0,292578000.0,0.01889726500283685
2022-10-17,12.11,12.4,12.09,12.31,5318904.0,65331248.0,292578000.0,0.018179439328999448
2022-10-18,12.35,12.41,12.17,12.26,4616114.0,56669956.0,292578000.0,0.015777379023713334
2022-10-19,12.18,12.31,11.98,12.0,4435927.0,53617670.0,292578000.0,0.015161519321343369
2022-10-20,12.03,12.06,11.86,11.89,4338179.0,51795353.0,292578000.0,0.014827427215990266
2022-10-21,11.92,12.03,11.8,11.88,2821223.0,33684614.0,292578000.0,0.009642635468148664
2022-10-24,11.85,12.1,11.61,11.7,4669969.0,55569908.0,292578000.0,0.015961449596346957
2022-10-25,11.68,11.7,11.35,11.67,4193671.0,48329749.0,292578000.0,0.014333514481608323
2022-10-26,11.7,11.91,11.67,11.81,4621172.0,54501809.0,292578000.0,0.015794666721352938
2022-10-27,11.77,12.06,11.7,11.97,5885720.0,70287873.0,292578000.0,0.020116755190068975
2022-10-28,11.91,11.92,11.13,11.14,7924620.0,90543532.0,292578000.0,0.02708549515001128
2022-10-31,11.28,11.78,11.27,11.54,7122327.0,82087432.0,292578000.0,0.024343344338945513
2022-11-01,11.5,11.88,11.47,11.84,6539757.0,76880176.0,292578000.0,0.022352183007608228
2022-11-02,11.77,12.07,11.77,11.97,6070988.0,72566342.0,292578000.0,0.020749981201594103
2022-11-03,11.9,12.26,11.75,12.09,5937637.0,71694948.0,292578000.0,0.02029420188804353
2022-11-04,12.02,12.2,11.91,12.13,5718112.0,69070866.0,292578000.0,0.019543889150927272
2022-11-07,12.07,12.35,12.03,12.3,6148120.0,75254594.0,292578000.0,0.02101361004586811
2022-11-08,12.28,12.34,12.06,12.15,4038426.0,49049115.0,292578000.0,0.013802903841027008
2022-11-09,12.09,12.21,12.09,12.12,3956771.0,48095320.0,292578000.0,0.013523815871323203
2022-11-10,12.09,12.37,12.07,12.19,4492663.0,54896772.0,292578000.0,0.015355436840774084
2022-11-11,12.3,12.39,12.18,12.23,5982345.0,73566637.0,292578000.0,0.020447009002727477
2022-11-14,12.25,12.32,12.04,12.13,3969217.0,48321805.0,292578000.0,0.013566354954918005
2022-11-15,12.14,12.27,12.09,12.26,4953020.0,60394301.0,292578000.0,0.016928887339444525
2022-11-16,12.29,12.41,12.21,12.32,6945151.0,85537772.0,292578000.0,0.023737775909330162
2022-11-17,12.28,12.3,12.1,12.24,4455501.0,54336148.0,292578000.0,0.015228421138978324
2022-11-18,12.32,12.32,12.0,12.09,5363265.0,65038853.0,292578000.0,0.018331060435166007
2022-11-21,12.04,12.12,11.8,12.09,4860244.0,58228808.0,292578000.0,0.016611788993020665
2022-11-22,12.12,12.13,11.73,11.81,5555542.0,66243302.0,292578000.0,0.01898824245158556
2022-11-23,11.9,11.9,11.59,11.73,4149350.0,48548957.0,292578000.0,0.014182030091121
2022-11-24,11.75,11.95,11.73,11.88,4312246.0,51126185.0,292578000.0,0.014738791023248501
2022-11-25,11.9,11.98,11.8,11.88,2845130.0,33820768.0,292578000.0,0.009724347011737041
2022-11-28,11.7,12.46,11.67,12.2,9612795.0,116735585.0,292578000.0,0.03285549494493776
2022-11-29,12.13,12.49,12.13,12.35,9613891.0,118735773.0,292578000.0,0.032859240954548875
2022-11-30,12.43,12.85,12.4,12.48,13908548.0,175761111.0,292578000.0,0.047537914675744586
2022-12-01,12.51,12.72,12.45,12.63,9633313.0,121389664.0,292578000.0,0.032925623252602725
2022-12-02,12.62,12.84,12.53,12.65,8333991.0,105566735.0,292578000.0,0.02848468100814142
2022-12-05,12.7,13.92,12.69,13.4,31779866.0,427773584.0,292578000.0,0.10862014915680605
2022-12-06,13.4,14.02,13.22,13.45,27990744.0,379778653.0,292578000.0,0.09566933945819577
2022-12-07,13.32,13.66,13.25,13.53,16567731.0,223102000.0,292578000.0,0.05662671492730144
2022-12-08,13.52,13.59,13.1,13.22,13061453.0,173847363.0,292578000.0,0.044642635468148666
2022-12-09,13.33,13.35,12.91,13.18,9582450.0,125296732.0,292578000.0,0.03275177901277608
2022-12-12,13.14,13.39,13.06,13.21,10258150.0,135532221.0,292578000.0,0.03506124862429848
2022-12-13,13.12,13.39,13.09,13.3,9787669.0,129865222.0,292578000.0,0.03345319538721298
2022-12-14,13.17,13.22,12.99,13.16,8056420.0,105577056.0,292578000.0,0.027535973313099413
2022-12-15,13.17,14.37,13.05,13.92,32307017.0,444921771.0,292578000.0,0.11042189433245152
2022-12-16,13.67,13.87,13.39,13.62,20171800.0,273497375.0,292578000.0,0.0689450334611625
2022-12-19,13.43,13.47,12.84,13.2,16816881.0,220502509.0,292578000.0,0.057478282714353096
2022-12-20,13.24,13.3,12.81,12.9,8965305.0,116802651.0,292578000.0,0.030642444066197733
2022-12-21,12.74,13.25,12.71,13.0,7536939.0,97960472.0,292578000.0,0.02576044336894777
2022-12-22,13.05,13.28,12.92,13.0,8196653.0,107353340.0,292578000.0,0.02801527455926283
2022-12-23,12.9,13.18,12.61,12.71,8790393.0,112954252.0,292578000.0,0.030044613744027233
2022-12-26,13.07,13.23,12.39,12.58,17161380.0,218270109.0,292578000.0,0.058655743083895574
2022-12-27,12.63,13.84,12.33,13.84,38439231.0,512908279.0,292578000.0,0.13138113938847076
2022-12-28,13.7,14.45,13.53,13.95,44437074.0,614843871.0,292578000.0,0.15188111888111888
2022-12-29,14.09,14.24,13.6,13.81,24195904.0,337268568.0,292578000.0,0.08269898625323845
2022-12-30,13.92,14.3,13.61,14.16,22359869.0,314247256.0,292578000.0,0.07642361695000992
2023-01-03,14.05,14.78,14.0,14.54,26942077.0,388714953.0,292578000.0,0.09208510892821743
2023-01-04,14.5,14.78,14.19,14.39,21036268.0,303928281.0,292578000.0,0.07189969170614331
2023-01-05,14.39,14.44,13.96,14.2,16004334.0,225975451.0,292578000.0,0.054701084838914754
2023-01-06,14.13,14.34,13.96,14.13,11102477.0,156890556.0,292578000.0,0.03794706710689116
2023-01-09,14.12,14.23,13.8,14.09,9710994.0,136511719.0,292578000.0,0.033191128519574266
2023-01-10,14.1,14.2,13.75,13.88,11467375.0,159594720.0,292578000.0,0.03919424905495287
2023-01-11,13.95,13.95,13.47,13.52,10424072.0,141767974.0,292578000.0,0.03562835209756031
2023-01-12,13.51,13.55,13.3,13.43,6304570.0,84537024.0,292578000.0,0.02154833924628646
2023-01-13,13.57,13.94,13.41,13.94,17088270.0,234177589.0,292578000.0,0.05840586100116892
2023-01-16,13.71,14.05,13.68,13.88,12707779.0,176316369.0,292578000.0,0.04343381593968104
2023-01-17,13.88,14.11,13.69,13.91,10162527.0,141083997.0,292578000.0,0.03473441953940488
2023-01-18,13.81,13.99,13.79,13.9,6480036.0,89864983.0,292578000.0,0.0221480630806144
2023-01-19,13.82,14.1,13.78,14.09,8110484.0,113323252.0,292578000.0,0.02772075822515705
2023-01-20,14.15,14.29,14.01,14.18,10020980.0,141799145.0,292578000.0,0.034250627183178506
2023-01-30,14.22,14.42,14.09,14.42,12702476.0,181117316.0,292578000.0,0.043415690858506106
2023-01-31,14.3,14.74,14.24,14.36,12664006.0,182989444.0,292578000.0,0.04328420455399928
2023-02-01,14.3,14.48,14.2,14.44,12065357.0,173138841.0,292578000.0,0.041238086937500425
2023-02-02,14.34,14.46,14.17,14.31,10532810.0,150730295.0,292578000.0,0.036000006835783964
2023-02-03,14.34,14.43,13.84,14.18,14195278.0,200604950.0,292578000.0,0.04851792684344004
2023-02-06,14.05,14.14,13.96,14.08,5852404.0,82204499.0,292578000.0,0.020002884700831915
2023-02-07,14.12,14.41,13.91,14.39,13892952.0,197073031.0,292578000.0,0.04748460923240982
2023-02-08,14.3,14.37,14.05,14.08,9126816.0,129514075.0,292578000.0,0.03119447121793163
2023-02-09,14.02,14.16,13.98,14.14,7370905.0,103871792.0,292578000.0,0.025192957091784072
2023-02-10,14.14,14.49,14.1,14.34,14064017.0,200766521.0,292578000.0,0.048069290924129635
2023-02-13,14.39,14.44,14.18,14.36,12849436.0,183653218.0,292578000.0,0.04391798426402532
2023-02-14,14.25,14.25,13.58,13.63,22044025.0,303233322.0,292578000.0,0.07534409627518132
2023-02-15,13.6,13.68,13.55,13.67,8145909.0,110937088.0,292578000.0,0.027841837048581917
2023-02-16,13.66,13.68,13.23,13.37,11449600.0,154542600.0,292578000.0,0.039133496024991624
2023-02-17,13.37,13.43,13.2,13.3,5634000.0,74997078.0,292578000.0,0.019256403420626296
2023-02-20,13.3,13.38,13.13,13.38,5270014.0,69915631.0,292578000.0,0.0180123385900512
2023-02-21,13.41,13.51,13.34,13.45,4825101.0,64827449.0,292578000.0,0.016491674015134426
2023-02-22,13.5,13.58,13.37,13.44,6077432.0,81805446.0,292578000.0,0.020772006097519294
2023-02-23,13.39,13.46,13.35,13.4,3598578.0,48253899.0,292578000.0,0.012299550888993704
2023-02-24,13.38,13.4,13.19,13.25,3897622.0,51650367.0,292578000.0,0.013321650978542474
2023-02-27,13.3,13.45,13.25,13.38,4219942.0,56403549.0,292578000.0,0.014423305921839645
2023-02-28,13.44,13.45,13.32,13.42,2742010.0,36653813.0,292578000.0,0.009371893990662319
2023-03-01,13.42,13.49,13.37,13.48,4057052.0,54452035.0,292578000.0,0.013866565497064031
2023-03-02,13.45,13.47,13.34,13.38,3650114.0,48874122.0,292578000.0,0.012475695370123522
2023-03-03,13.37,13.39,13.19,13.34,3898242.0,51789016.0,292578000.0,0.013323770071570658
2023-03-06,13.32,13.49,13.27,13.43,4699081.0,63011329.0,292578000.0,0.016060951267696136
2023-03-07,13.37,13.44,13.0,13.01,6467158.0,85069362.0,292578000.0,0.02210404746768383
2023-03-08,12.91,13.09,12.85,12.95,3359230.0,43447118.0,292578000.0,0.011481485279139237
2023-03-09,12.94,13.0,12.8,12.83,2851900.0,36706345.0,292578000.0,0.009747486140448017
2023-03-10,12.75,12.93,12.69,12.85,3161250.0,40476809.0,292578000.0,0.010804811024752373
2023-03-13,12.83,12.95,12.76,12.9,2660648.0,34219313.0,292578000.0,0.00909380746330893
2023-03-14,12.85,13.27,12.8,13.08,6599090.0,86253330.0,292578000.0,0.022554976792513448
2023-03-15,13.01,13.15,13.01,13.06,3368718.0,44025532.0,292578000.0,0.011513914238254415
2023-03-16,13.09,13.3,13.08,13.1,6504740.0,85878567.0,292578000.0,0.022232498684111587
2023-03-17,13.02,13.25,13.0,13.1,4942703.0,64703236.0,292578000.0,0.016893624947877148
2023-03-20,13.1,13.12,12.75,12.76,4354100.0,55999330.0,292578000.0,0.01488184347421884
2023-03-21,12.83,12.87,12.72,12.85,2594830.0,33206423.0,292578000.0,0.0088688486489073
2023-03-22,12.88,12.89,12.76,12.84,2222744.0,28508345.0,292578000.0,0.007597098893286577
2023-03-23,12.82,12.89,12.75,12.84,2559932.0,32803316.0,292578000.0,0.008749571054556392
2023-03-24,12.76,12.84,12.73,12.75,2683461.0,34253239.0,292578000.0,0.009171779833070156
2023-03-27,12.77,12.79,12.61,12.65,2726094.0,34612273.0,292578000.0,0.00931749482189365
2023-03-28,12.7,12.86,12.62,12.81,3851250.0,49197707.0,292578000.0,0.013163156491602239
2023-03-29,12.68,12.74,12.45,12.47,3845380.0,48250688.0,292578000.0,0.01314309346567411
2023-03-30,12.43,12.48,12.28,12.42,3127600.0,38699923.0,292578000.0,0.010689798959593681
2023-03-31,12.45,12.62,12.4,12.51,2267900.0,28425274.0,292578000.0,0.007751437223577986
2023-04-03,12.45,12.65,12.45,12.61,2703274.0,33975716.0,292578000.0,0.009239498526888556
2023-04-04,12.61,12.7,12.37,12.43,3176460.0,39768551.0,292578000.0,0.010856797161782498
2023-04-06,12.44,12.47,12.24,12.3,3315726.0,40844746.0,292578000.0,0.011332793306400345
2023-04-07,12.3,12.34,12.25,12.3,2749360.0,33796826.0,292578000.0,0.009397015496722241
2023-04-10,12.29,12.3,12.04,12.08,3675620.0,44648450.0,292578000.0,0.012562872122989425
2023-04-11,12.09,12.13,12.04,12.12,2747092.0,33226151.0,292578000.0,0.009389263717709465
2023-04-12,12.13,12.15,11.96,11.97,3890640.0,46818838.0,292578000.0,0.013297787256731539
2023-04-13,11.97,12.02,11.87,11.97,2411660.0,28827763.0,292578000.0,0.008242793374758185
2023-04-14,11.97,12.0,11.88,11.96,2537262.0,30314336.0,292578000.0,0.00867208744334844
2023-04-17,11.87,12.0,11.87,12.0,2172620.0,25995665.0,292578000.0,0.007425780475633848
2023-04-18,12.04,12.09,11.97,12.07,2694200.0,32435048.0,292578000.0,0.00920848457505349
2023-04-19,12.07,12.13,11.97,12.0,2935208.0,35362368.0,292578000.0,0.01003222388559632
2023-04-20,11.97,12.02,11.76,11.78,3255848.0,38556518.0,292578000.0,0.01112813677036551
2023-04-21,11.75,12.08,11.75,11.84,3374860.0,40169640.0,292578000.0,0.011534906930801359
2023-04-24,11.9,11.95,11.56,11.67,2898832.0,33748284.0,292578000.0,0.00990789464689758
2023-04-25,11.58,11.84,11.39,11.51,2823330.0,32779150.0,292578000.0,0.009649836966552508
2023-04-26,11.46,11.74,11.42,11.69,2312299.0,26899885.0,292578000.0,0.007903188209639823
2023-04-27,11.69,11.7,11.6,11.62,1775350.0,20682246.0,292578000.0,0.006067954528365086
2023-04-28,11.69,11.87,11.61,11.87,2415095.0,28430429.0,292578000.0,0.00825453383371272
2023-05-04,11.85,12.04,11.79,12.0,2924127.0,34931055.0,292578000.0,0.009994350224555503
2023-05-05,12.0,12.0,11.79,11.89,2263500.0,26849226.0,292578000.0,0.007736398498861842
2023-05-08,11.96,11.96,11.82,11.9,1861956.0,22139415.0,292578000.0,0.006363964481266534
2023-05-09,11.96,11.96,11.8,11.81,2097421.0,24891243.0,292578000.0,0.007168758416559003
2023-05-10,11.76,11.86,11.73,11.84,1365519.0,16148505.0,292578000.0,0.004667196439923712
2023-05-11,11.88,11.96,11.83,11.96,1911114.0,22756611.0,292578000.0,0.0065319812152656725
2023-05-12,11.9,11.95,11.84,11.86,1410371.0,16761910.0,292578000.0,0.004820495731052915
2023-05-15,11.97,12.02,11.86,11.95,2224190.0,26547313.0,292578000.0,0.0076020411650910185
2023-05-16,11.97,12.12,11.92,11.92,3192735.0,38380159.0,292578000.0,0.010912423353772327
2023-05-17,11.92,12.03,11.86,12.0,1608654.0,19233675.0,292578000.0,0.005498205606710006
2023-05-18,12.0,12.07,11.88,11.91,1566650.0,18683090.0,292578000.0,0.005354640471942525
2023-05-19,11.91,11.96,11.82,11.94,1532472.0,18245957.0,292578000.0,0.005237823759817894
2023-05-22,11.94,12.11,11.91,12.07,2835847.0,34118124.0,292578000.0,0.009692618720477959
2023-05-23,12.03,12.05,11.85,11.85,2228458.0,26580171.0,292578000.0,0.007616628728065678
2023-05-24,11.82,11.82,11.62,11.67,2160660.0,25223812.0,292578000.0,0.0073849024875417835
2023-05-25,11.67,11.69,11.48,11.56,2033207.0,23489030.0,292578000.0,0.006949281900894804
2023-05-26,11.66,11.66,11.45,11.58,1068516.0,12327257.0,292578000.0,0.003652072267908045
2023-05-29,11.58,11.64,11.55,11.59,1016030.0,11778456.0,292578000.0,0.003472680789396332
2023-05-30,11.54,11.62,11.41,11.6,1635781.0,18839531.0,292578000.0,0.005590922762477015
2023-05-31,11.6,11.75,11.52,11.67,1892070.0,22033086.0,292578000.0,0.006466890880380617
2023-06-01,11.68,11.9,11.55,11.87,2924170.0,34332084.0,292578000.0,0.009994497193910684
2023-06-02,11.8,11.87,11.73,11.85,1840410.0,21722094.0,292578000.0,0.006290322580645161
2023-06-05,11.78,11.85,11.74,11.81,1287813.0,15188851.0,292578000.0,0.004401605725652647
2023-06-06,11.8,11.8,11.57,11.6,1391100.0,16245492.0,292578000.0,0.004754629534688186
2023-06-07,11.61,11.74,11.6,11.71,1138300.0,13289842.0,292578000.0,0.00389058644190609
2023-06-08,11.54,11.77,11.5,11.62,2661901.0,31010980.0,292578000.0,0.00909809008196105
2023-06-09,11.62,11.63,11.52,11.6,1343574.0,15551714.0,292578000.0,0.004592190800401944
2023-06-12,11.6,11.73,11.6,11.7,2225644.0,26025472.0,292578000.0,0.007607010780031308
2023-06-13,11.68,11.73,11.62,11.69,1421583.0,16583148.0,292578000.0,0.0048588171359432355
2023-06-14,11.69,11.78,11.63,11.74,2386284.0,28001494.0,292578000.0,0.008156060947849804
2023-06-15,11.74,11.74,11.6,11.67,1939733.0,22603236.0,292578000.0,0.006629797865868247
2023-06-16,11.7,11.82,11.66,11.73,2131500.0,25022321.0,292578000.0,0.00728523675737752
2023-06-19,11.77,11.86,11.67,11.7,2451642.0,28843030.0,292578000.0,0.0083794475319402
2023-06-20,11.67,11.69,11.55,11.58,1874309.0,21731835.0,292578000.0,0.006406185700907108
2023-06-21,11.6,11.65,11.41,11.42,1876800.0,21590076.0,292578000.0,0.006414699669831635
2023-06-26,11.4,11.47,11.29,11.29,1710200.0,19428546.0,292578000.0,0.005845278865806725
2023-06-27,11.28,11.42,11.28,11.4,1254348.0,14283384.0,292578000.0,0.004287225970510428
2023-06-28,11.4,11.42,11.25,11.42,1132671.0,12849530.0,292578000.0,0.0038713471279453685
2023-06-29,11.4,11.51,11.37,11.47,1149901.0,13194404.0,292578000.0,0.003930237406776996
2023-06-30,11.47,11.62,11.46,11.56,1471091.0,17014474.0,292578000.0,0.005028030132135704
2023-07-03,11.58,11.65,11.52,11.64,1759074.0,20440474.0,292578000.0,0.006012324918483276
2023-07-04,11.64,11.65,11.58,11.64,1406149.0,16322501.0,292578000.0,0.004806065391109379
2023-07-05,11.65,11.65,11.55,11.57,1346719.0,15605873.0,292578000.0,0.004602940070682006
2023-07-06,11.57,11.68,11.52,11.61,1676300.0,19441296.0,292578000.0,0.005729412327652797
2023-07-07,11.6,12.05,11.54,11.92,9443690.0,112547551.0,292578000.0,0.03227751232150059
2023-07-10,11.82,11.95,11.78,11.88,4067200.0,48297128.0,292578000.0,0.013901250264886629
2023-07-11,11.9,11.93,11.78,11.88,2561590.0,30344751.0,292578000.0,0.008755237919460793
2023-07-12,11.88,11.98,11.86,11.92,3295179.0,39270473.0,292578000.0,0.011262565879867932
2023-07-13,11.92,11.92,11.8,11.85,2457753.0,29097887.0,292578000.0,0.008400334269835736
2023-07-14,11.88,12.05,11.83,11.97,4183875.0,50044800.0,292578000.0,0.014300032811763017
2023-07-17,11.94,12.07,11.89,11.94,3406524.0,40800627.0,292578000.0,0.011643131062485901
2023-07-18,12.15,12.38,11.88,11.89,6486157.0,78251430.0,292578000.0,0.022168983997429746
2023-07-19,11.86,12.07,11.8,11.94,4216875.0,50488983.0,292578000.0,0.014412823247134098
2023-07-20,12.06,12.14,11.84,11.86,3121402.0,37323995.0,292578000.0,0.010668614865095804
2023-07-21,11.99,12.22,11.92,12.1,6688065.0,80893923.0,292578000.0,0.022859083731517748
2023-07-24,12.06,12.06,11.8,11.8,4243101.0,50433477.0,292578000.0,0.014502460882226278
2023-07-25,11.89,11.9,11.78,11.86,3017069.0,35717200.0,292578000.0,0.010312015941048198
2023-07-26,11.82,11.95,11.8,11.95,2800940.0,33279880.0,292578000.0,0.009573310365099221
2023-07-27,11.84,11.94,11.74,11.75,2864500.0,33876949.0,292578000.0,0.009790551579407884
2023-07-28,11.72,11.83,11.68,11.81,2245733.0,26459099.0,292578000.0,0.007675672812036448
2023-07-31,11.87,12.19,11.86,12.17,8945678.0,108344418.0,292578000.0,0.030575361100287787
2023-08-01,12.16,12.16,12.02,12.08,3278907.0,39577654.0,292578000.0,0.011206949941554047
2023-08-02,12.11,12.22,12.0,12.06,4214593.0,50908396.0,292578000.0,0.014405023617633588
2023-08-03,12.0,12.13,11.99,12.12,2995100.0,36142134.0,292578000.0,0.010236928272118887
2023-08-04,12.1,12.13,11.95,11.98,3355330.0,40298181.0,292578000.0,0.011468155500413565
2023-08-07,12.11,12.38,12.09,12.23,11578793.0,141858593.0,292578000.0,0.03957506374368545
2023-08-08,12.17,12.23,12.02,12.21,5913977.0,71732870.0,292578000.0,0.020213334563774447
2023-08-09,12.16,12.18,11.96,11.97,4163972.0,50116582.0,292578000.0,0.014232006507666331
2023-08-10,12.0,12.17,11.97,12.13,3786793.0,45786450.0,292578000.0,0.012942849428186671
2023-08-11,12.09,12.13,11.82,11.84,3732700.0,44578224.0,292578000.0,0.012757965397261584
2023-08-14,11.77,11.8,11.57,11.68,3059491.0,35651074.0,292578000.0,0.010457009754663713
2023-08-15,11.68,11.74,11.53,11.59,2053348.0,23894243.0,292578000.0,0.007018121663282953
2023-08-16,11.53,11.66,11.45,11.57,1755390.0,20287923.0,292578000.0,0.005999733404425486
2023-08-17,11.5,11.67,11.42,11.66,2335350.0,26990193.0,292578000.0,0.007981974037692513
2023-08-18,11.66,11.9,11.62,11.65,3733199.0,43783391.0,292578000.0,0.012759670925360076
2023-08-21,11.61,11.67,11.16,11.18,5810473.0,65777248.0,292578000.0,0.019859569072179045
2023-08-22,11.12,11.25,10.95,11.11,3092100.0,34278084.0,292578000.0,0.010568463794270245
2023-08-23,11.1,11.11,10.95,10.97,1926243.0,21214618.0,292578000.0,0.006583690503045342
2023-08-24,10.97,11.24,10.78,11.12,3535249.0,38971088.0,292578000.0,0.012083099207732638
2023-08-25,11.05,11.26,10.94,10.98,2688693.0,29908684.0,292578000.0,0.009189662243914444
2023-08-28,11.4,11.45,11.0,11.03,3201134.0,35941914.0,292578000.0,0.010941130228520259
2023-08-29,11.04,11.28,11.01,11.26,2217100.0,24815696.0,292578000.0,0.0075778083109461405
2023-08-30,11.28,11.32,11.12,11.19,2038600.0,22837777.0,292578000.0,0.006967714592348024
2023-08-31,11.14,11.18,11.07,11.11,1466395.0,16288195.0,292578000.0,0.005011979711393201
2023-09-01,11.1,11.22,11.09,11.17,1270160.0,14193289.0,292578000.0,0.00434126967851308
2023-09-04,11.18,11.48,11.18,11.41,3615570.0,41040087.0,292578000.0,0.012357627709533869
2023-09-05,11.42,11.67,11.33,11.42,3907035.0,44806118.0,292578000.0,0.01335382359575908
2023-09-06,11.41,11.55,11.33,11.45,2657544.0,30428368.0,292578000.0,0.009083198326600086
2023-09-07,11.4,11.6,11.38,11.42,3771812.0,43305309.0,292578000.0,0.012891645988420183
2023-09-08,11.3,11.32,11.07,11.1,3748100.0,41850419.0,292578000.0,0.012810600933768089
2023-09-11,11.21,11.3,11.09,11.25,3228702.0,36179807.0,292578000.0,0.011035354674650862
2023-09-12,11.26,11.39,11.22,11.22,2124100.0,24009691.0,292578000.0,0.0072599443567185505
2023-09-13,11.22,11.25,11.0,11.06,2080773.0,23090366.0,292578000.0,0.007111857350860284
2023-09-14,11.05,11.08,10.94,10.97,1450500.0,15954587.0,292578000.0,0.00495765231835613
2023-09-15,11.0,11.16,11.0,11.11,1369200.0,15163280.0,292578000.0,0.00467977770030556
2023-09-18,11.07,11.18,11.01,11.13,1385050.0,15384491.0,292578000.0,0.004733951288203487
2023-09-19,11.14,11.27,11.07,11.27,2579132.0,28879260.0,292578000.0,0.008815194580590475
2023-09-20,11.19,11.48,11.12,11.22,3532730.0,39892026.0,292578000.0,0.012074489537832645
2023-09-21,11.25,11.25,10.95,10.95,2736490.0,30221637.0,292578000.0,0.00935302722692752
2023-09-22,10.95,11.08,10.9,11.06,1554602.0,17133099.0,292578000.0,0.005313461709356137
2023-09-25,11.0,11.21,11.0,11.06,1260918.0,14006788.0,292578000.0,0.0043096815208252155
2023-09-26,11.11,11.11,10.97,10.99,971894.0,10698988.0,292578000.0,0.003321828708925483
2023-09-27,11.09,11.11,10.97,11.06,1292689.0,14289220.0,292578000.0,0.004418271366951719
2023-09-28,11.05,11.1,11.04,11.08,1031086.0,11415919.0,292578000.0,0.003524140571061392
2023-10-09,11.07,11.08,10.81,10.86,2446344.0,26633236.0,292578000.0,0.00836133954022517
2023-10-10,10.88,10.94,10.83,10.89,977641.0,10644677.0,292578000.0,0.0033414713341399557
2023-10-11,10.9,10.93,10.85,10.89,969897.0,10565667.0,292578000.0,0.0033150031786395424
2023-10-12,10.91,10.98,10.89,10.95,1050516.0,11482640.0,292578000.0,0.003590550212251092
2023-10-13,10.95,10.95,10.66,10.7,2292281.0,24632976.0,292578000.0,0.007834768847965329
2023-10-16,10.7,10.83,10.62,10.72,1463011.0,15702059.0,292578000.0,0.005000413564929694
2023-10-17,10.68,10.77,10.6,10.67,1151051.0,12245552.0,292578000.0,0.0039341679825550795
2023-10-18,10.69,11.02,10.69,10.83,4838763.0,52801837.0,292578000.0,0.016538369255378053
2023-10-19,10.8,10.84,10.48,10.5,3136738.0,33213345.0,292578000.0,0.010721031656515527
2023-10-20,10.43,10.48,10.28,10.34,2159774.0,22393848.0,292578000.0,0.0073818742352466694
2023-10-23,10.29,10.43,10.06,10.1,2073116.0,21157742.0,292578000.0,0.007085686551962212
2023-10-24,10.19,10.4,10.09,10.38,2129300.0,21957524.0,292578000.0,0.007277717395019448
2023-10-25,10.42,10.57,10.42,10.5,1751330.0,18407857.0,292578000.0,0.005985856762982863
2023-10-26,10.5,10.53,10.34,10.49,1668930.0,17411369.0,292578000.0,0.0057042224637532555
2023-10-27,10.44,10.64,10.41,10.62,1608746.0,17024956.0,292578000.0,0.0054985200527722525
2023-10-30,10.75,10.88,10.67,10.83,2934460.0,31665015.0,292578000.0,0.010029667302394575
2023-10-31,10.73,10.89,10.72,10.84,1712489.0,18529336.0,292578000.0,0.005853102420551101
2023-11-01,10.83,10.9,10.77,10.85,1109239.0,12038286.0,292578000.0,0.0037912590830479396
2023-11-02,10.86,10.91,10.77,10.77,1021443.0,11047334.0,292578000.0,0.00349118183868917
2023-11-03,10.79,10.9,10.79,10.85,1359156.0,14775742.0,292578000.0,0.00464544839324898
2023-11-06,10.85,10.94,10.85,10.93,1672830.0,18238582.0,292578000.0,0.005717552242478928
2023-11-07,10.92,11.01,10.89,10.97,1756231.0,19254011.0,292578000.0,0.006002607851581458
2023-11-08,10.97,11.01,10.87,10.92,1279950.0,13985459.0,292578000.0,0.004374730841006501
2023-11-09,10.86,11.0,10.8,10.84,1668770.0,18125335.0,292578000.0,0.005703675601036305
2023-11-10,10.81,10.92,10.78,10.85,920200.0,9974665.0,292578000.0,0.0031451442008626758
2023-11-13,10.93,10.95,10.84,10.95,1195093.0,13031395.0,292578000.0,0.004084698781179719
2023-11-14,10.96,10.99,10.92,10.94,1055573.0,11558175.0,292578000.0,0.003607834491998715
2023-11-15,10.96,11.1,10.92,11.05,2023171.0,22300548.0,292578000.0,0.006914979936974072
2023-11-16,11.06,11.1,10.92,10.94,1241015.0,13631704.0,292578000.0,0.0042416552167285305
2023-11-17,10.9,10.99,10.88,10.91,1218885.0,13311219.0,292578000.0,0.004166017267190287
2023-11-20,10.93,11.09,10.92,11.07,2432256.0,26829357.0,292578000.0,0.008313188277997662
2023-11-21,11.1,11.1,10.97,10.99,1328306.0,14663104.0,292578000.0,0.004540006425636924
2023-11-22,11.02,11.08,10.98,11.01,1693461.0,18705468.0,292578000.0,0.00578806677193774
2023-11-23,11.04,11.18,11.01,11.15,2512620.0,27937178.0,292578000.0,0.008587863749154072
2023-11-24,11.15,11.27,11.13,11.2,2610903.0,29255820.0,292578000.0,0.008923784426716978
2023-11-27,11.2,11.45,11.18,11.34,4884803.0,55560778.0,292578000.0,0.016695729002180616
2023-11-28,11.35,11.52,11.2,11.48,4995948.0,56963096.0,292578000.0,0.017075610606402395
2023-11-29,11.5,11.55,11.37,11.48,4278892.0,49124981.0,292578000.0,0.014624790654116168
2023-11-30,11.5,11.5,11.29,11.34,2739860.0,31129377.0,292578000.0,0.009364545522903294
2023-12-01,11.3,11.46,11.3,11.33,2613901.0,29714545.0,292578000.0,0.008934031266875841
2023-12-04,11.36,11.37,11.17,11.26,3953230.0,44554687.0,292578000.0,0.013511713115818688
2023-12-05,11.4,11.4,11.18,11.19,2445001.0,27600243.0,292578000.0,0.008356749311294766
2023-12-06,11.21,11.37,11.13,11.32,2593210.0,29236636.0,292578000.0,0.008863311663898175
2023-12-07,11.34,11.35,11.14,11.32,2375883.0,26765002.0,292578000.0,0.008120511453356028
2023-12-08,11.34,11.37,10.92,10.93,5604043.0,62073089.0,292578000.0,0.019154013630553218
2023-12-11,10.89,11.03,10.75,10.98,3031500.0,33106908.0,292578000.0,0.01036133954022517
2023-12-12,10.99,11.07,10.9,10.96,1452341.0,15915484.0,292578000.0,0.004963944657493045
2023-12-13,10.92,11.01,10.85,10.85,1842043.0,20128296.0,292578000.0,0.006295903998250039
2023-12-14,10.86,11.07,10.85,10.91,2221790.0,24337353.0,292578000.0,0.007593838224336758
2023-12-15,10.88,11.02,10.88,10.93,1550163.0,16980623.0,292578000.0,0.0052982896868527364
2023-12-18,10.9,11.08,10.81,10.84,3174708.0,34780764.0,292578000.0,0.010850809015031888
2023-12-19,10.8,10.88,10.73,10.82,2079560.0,22451403.0,292578000.0,0.007107711447887401
2023-12-20,10.85,11.0,10.73,10.75,1781010.0,19321761.0,292578000.0,0.006087299796977216
2023-12-21,10.71,10.9,10.58,10.76,2314729.0,24808229.0,292578000.0,0.007911493687153512
2023-12-22,10.75,10.77,10.53,10.56,1907900.0,20243482.0,292578000.0,0.006520996110438926
2023-12-25,10.56,10.6,10.31,10.34,2204331.0,22937674.0,292578000.0,0.007534165248241495
2023-12-26,10.35,10.41,10.28,10.3,1823400.0,18840551.0,292578000.0,0.006232184238049341
2023-12-27,10.35,10.49,10.24,10.49,2160730.0,22442532.0,292578000.0,0.00738514173998045
2023-12-28,10.46,10.61,10.32,10.58,2210150.0,23191864.0,292578000.0,0.007554053961678595
2023-12-29,10.52,10.73,10.52,10.73,1906162.0,20288940.0,292578000.0,0.006515055814176049
2024-01-02,10.74,10.99,10.71,10.93,3000360.0,32736478.0,292578000.0,0.010254906383938642
2024-01-03,10.88,10.99,10.82,10.88,2041560.0,22284842.0,292578000.0,0.006977831552611611
2024-01-04,10.82,10.94,10.81,10.84,1554690.0,16874627.0,292578000.0,0.00531376248385046
2024-01-05,10.81,10.91,10.61,10.64,1552700.0,16727073.0,292578000.0,0.005306960878808386
2024-01-08,10.67,10.69,10.38,10.38,2005950.0,21067700.0,292578000.0,0.0068561204191702725
2024-01-09,10.57,10.59,10.36,10.46,1839730.0,19279213.0,292578000.0,0.006287998414098121
2024-01-10,10.46,10.54,10.33,10.46,1704730.0,17819259.0,292578000.0,0.0058265829966709735
2024-01-11,10.37,10.64,10.37,10.6,1537439.0,16268649.0,292578000.0,0.005254800429287233
2024-01-12,10.63,10.87,10.6,10.62,1595209.0,17119578.0,292578000.0,0.005452252049026243
2024-01-15,10.78,10.78,10.55,10.71,2172740.0,23200799.0,292578000.0,0.007426190622671561
2024-01-16,10.61,10.74,10.49,10.66,2026170.0,21515469.0,292578000.0,0.0069252301950249165
2024-01-17,10.65,10.7,10.43,10.43,1600600.0,16965094.0,292578000.0,0.0054706779046955
2024-01-18,10.4,10.49,9.91,10.13,3271180.0,33043013.0,292578000.0,0.01118053989021731
2024-01-19,10.12,10.17,9.96,9.99,1934280.0,19422909.0,292578000.0,0.006611160100896171
2024-01-22,9.99,9.99,9.25,9.36,3087770.0,29709838.0,292578000.0,0.010553664321992768
2024-01-23,9.26,9.32,9.05,9.21,3341875.0,30650488.0,292578000.0,0.011422167763809993
2024-01-24,9.25,9.4,9.01,9.39,3183485.0,29458922.0,292578000.0,0.010880807852948616
2024-01-25,9.4,9.78,9.31,9.77,3047668.0,29291817.0,292578000.0,0.010416600017773038
2024-01-26,9.77,10.03,9.75,9.9,2672520.0,26500707.0,292578000.0,0.00913438467690667
2024-01-29,9.9,10.05,9.64,9.66,2637090.0,25729001.0,292578000.0,0.009013288764021903
2024-01-30,9.67,9.91,9.54,9.61,4127330.0,40292551.0,292578000.0,0.01410676810970066
2024-01-31,9.49,9.64,9.07,9.11,4801358.0,44636089.0,292578000.0,0.016410523005830922
2024-02-01,9.03,9.08,8.67,8.81,4109877.0,36471906.0,292578000.0,0.014047115640957283
2024-02-02,8.8,9.03,8.13,8.4,3965564.0,34239978.0,292578000.0,0.013553869395511625
2024-02-05,8.27,8.41,7.56,7.58,6612997.0,51377740.0,292578000.0,0.022602509416292407
2024-02-06,7.31,7.84,6.88,7.64,6678080.0,48707164.0,292578000.0,0.022824956080088044
2024-02-07,7.64,7.73,7.23,7.5,7930759.0,59460602.0,292578000.0,0.02710647758888228
2024-02-08,7.2,7.97,6.98,7.94,9284767.0,69179008.0,292578000.0,0.03173433067421337
2024-02-19,7.89,8.2,7.8,8.12,7107904.0,57157120.0,292578000.0,0.024294048082904387
2024-02-20,8.1,8.1,7.97,8.06,3265900.0,26216050.0,292578000.0,0.011162493420557936
2024-02-21,8.04,8.29,7.99,8.13,5101390.0,41713054.0,292578000.0,0.017435999972656865
2024-02-22,8.18,8.94,8.08,8.64,9589898.0,81764883.0,292578000.0,0.03277723547225014
2024-02-23,8.58,8.65,8.41,8.62,6826531.0,58135266.0,292578000.0,0.02333234556255084
2024-02-26,8.57,8.73,8.46,8.6,6310060.0,54245057.0,292578000.0,0.02156710347326183
2024-02-27,8.56,8.73,8.52,8.73,5281357.0,45805394.0,292578000.0,0.01805110773879102
2024-02-28,8.74,9.54,8.4,9.09,14684823.0,130402032.0,292578000.0,0.05019113877325021
2024-02-29,8.79,9.28,8.7,9.19,13238793.0,119112064.0,292578000.0,0.04524876443204889
2024-03-01,9.16,9.17,8.94,9.01,7063155.0,63747980.0,292578000.0,0.024141100834649223
2024-03-04,8.92,9.15,8.81,8.95,5866829.0,52777301.0,292578000.0,0.020052187792657
2024-03-05,8.82,8.91,8.67,8.69,4677370.0,41154975.0,292578000.0,0.015986745414897908
2024-03-06,8.68,8.78,8.6,8.7,2787211.0,24220611.0,292578000.0,0.009526386126092872
2024-03-07,8.72,8.82,8.6,8.61,3336752.0,29031531.0,292578000.0,0.011404657903191628
2024-03-08,8.64,8.68,8.51,8.63,2239393.0,19232565.0,292578000.0,0.007654003376877277
2024-03-11,8.65,8.74,8.6,8.74,2414131.0,20943181.0,292578000.0,0.008251238985843092
2024-03-12,8.77,8.93,8.71,8.92,5087659.0,45012407.0,292578000.0,0.017389068897866553
2024-03-13,9.09,9.09,8.78,8.8,5327630.0,47409131.0,292578000.0,0.018209263854425145
2024-03-14,8.78,8.83,8.62,8.7,3058676.0,26746729.0,292578000.0,0.010454224172699245
2024-03-15,8.71,8.81,8.69,8.81,2833260.0,24846158.0,292578000.0,0.009683776633923261
2024-03-18,8.8,8.87,8.78,8.87,3040337.0,26816272.0,292578000.0,0.010391543451660754
2024-03-19,8.86,8.98,8.84,8.88,4603503.0,41035262.0,292578000.0,0.01573427598794168
2024-03-20,8.95,9.0,8.83,8.91,3224377.0,28680282.0,292578000.0,0.01102057229183329
2024-03-21,8.9,9.04,8.88,9.01,5815739.0,52188293.0,292578000.0,0.019877567691350684
2024-03-22,8.98,9.01,8.6,8.67,6122394.0,53503778.0,292578000.0,0.0209256813567664
2024-03-25,8.62,8.66,8.37,8.37,3591065.0,30543263.0,292578000.0,0.012273872266540888
2024-03-26,8.35,8.51,8.35,8.46,2706855.0,22814644.0,292578000.0,0.009251737998072308
2024-03-27,8.48,8.55,8.28,8.28,2759130.0,23264409.0,292578000.0,0.009430408301376043
2024-03-28,8.38,8.47,8.23,8.42,2009260.0,16837519.0,292578000.0,0.00686743364162719
2024-03-29,8.45,8.55,8.4,8.51,2825630.0,23970699.0,292578000.0,0.009657698118108675
2024-04-01,8.55,8.62,8.52,8.62,2813823.0,24131918.0,292578000.0,0.009617343067489695
2024-04-02,8.61,8.69,8.55,8.66,2778372.0,23983421.0,292578000.0,0.009496175378873326
2024-04-03,8.66,8.73,8.6,8.73,2888268.0,25068075.0,292578000.0,0.00987178803601091
2024-04-08,8.71,8.73,8.51,8.52,2820331.0,24326266.0,292578000.0,0.009639586708501664
2024-04-09,8.51,8.64,8.4,8.63,2558921.0,21863275.0,292578000.0,0.00874611556576366
2024-04-10,8.63,8.7,8.37,8.41,2995330.0,25511177.0,292578000.0,0.010237714387274504
2024-04-11,8.39,8.97,8.32,8.8,6855030.0,59511022.0,292578000.0,0.0234297520661157
2024-04-12,8.7,8.71,8.39,8.41,6509649.0,55390858.0,292578000.0,0.022249277115846032
2024-04-15,8.35,8.45,7.86,7.94,5732730.0,46196566.0,292578000.0,0.019593851895904683
2024-04-16,7.99,7.99,7.25,7.28,5295065.0,39729821.0,292578000.0,0.018097960202065774
2024-04-17,7.5,7.76,7.4,7.67,4786076.0,36561862.0,292578000.0,0.01635829078057817
2024-04-18,7.79,7.79,7.55,7.6,3664761.0,28062371.0,292578000.0,0.012525757233968378
2024-04-19,7.52,7.9,7.43,7.73,5716835.0,44015549.0,292578000.0,0.01953952450286761
2024-04-22,7.6,7.76,7.5,7.71,3995855.0,30607809.0,292578000.0,0.013657400761506334
2024-04-23,7.72,7.84,7.66,7.75,3496394.0,27156730.0,292578000.0,0.011950297014813144
2024-04-24,7.73,7.79,7.66,7.76,2777084.0,21452888.0,292578000.0,0.009491773134001872
2024-04-25,7.76,7.84,7.71,7.77,2572423.0,20010201.0,292578000.0,0.008792263943290336
2024-04-26,7.8,7.81,7.67,7.8,3493609.0,27103926.0,292578000.0,0.011940778185646221
2024-04-29,7.85,8.1,7.83,8.1,5246680.0,42135079.0,292578000.0,0.017932585498567903
2024-04-30,8.1,8.2,8.05,8.11,3303701.0,26805450.0,292578000.0,0.011291693155329519
2024-05-06,8.18,8.31,8.17,8.3,3388737.0,27974636.0,292578000.0,0.011582337017820889
2024-05-07,8.3,8.39,8.25,8.29,3428784.0,28452908.0,292578000.0,0.011719213337981666
2024-05-08,8.28,8.36,8.24,8.31,3442783.0,28588417.0,292578000.0,0.011767060407822872
2024-05-09,8.32,8.69,8.32,8.62,7120197.0,60610149.0,292578000.0,0.024336064229026105
2024-05-10,8.64,8.89,8.46,8.48,8309000.0,71712866.0,292578000.0,0.0283992644696457
2024-05-13,8.51,8.58,8.23,8.29,4685406.0,39033451.0,292578000.0,0.016014211594856755
2024-05-14,8.26,8.51,8.26,8.45,4542773.0,38313824.0,292578000.0,0.015526707407939079
2024-05-15,8.4,8.51,8.37,8.42,3261500.0,27551682.0,292578000.0,0.011147454695841793
2024-05-16,8.41,8.53,8.4,8.48,2729034.0,23155908.0,292578000.0,0.009327543424317618
2024-05-17,8.48,8.58,8.37,8.51,3285075.0,27811050.0,292578000.0,0.011228031499292496
2024-05-20,8.45,8.65,8.44,8.57,3727831.0,31914591.0,292578000.0,0.012741323681206378
2024-05-21,8.51,8.56,8.42,8.46,2808915.0,23786607.0,292578000.0,0.009600568053647233
2024-05-22,8.52,8.52,8.37,8.41,2027201.0,17069748.0,292578000.0,0.0069287540416572676
2024-05-23,8.43,8.45,8.23,8.27,2493000.0,20717056.0,292578000.0,0.008520804708487992
2024-05-24,8.38,8.58,8.36,8.37,4525284.0,38273070.0,292578000.0,0.015466931895084388
2024-05-27,8.29,8.37,8.16,8.27,3289764.0,27058004.0,292578000.0,0.011244057994791133
2024-05-28,8.23,8.26,8.16,8.16,2121536.0,17402059.0,292578000.0,0.0072511808816794155
2024-05-29,8.17,8.24,8.11,8.21,2024482.0,16597938.0,292578000.0,0.006919460793361087
2024-05-30,8.21,8.27,8.13,8.16,1942944.0,15885277.0,292578000.0,0.006640772717019051
2024-05-31,8.13,8.21,8.11,8.15,1699265.0,13843363.0,292578000.0,0.005807904216995126
2024-06-03,8.19,8.19,7.9,7.96,3198555.0,25689673.0,292578000.0,0.010932315485101408
2024-06-04,7.96,7.96,7.68,7.8,3656802.0,28469371.0,292578000.0,0.012498554231692062
2024-06-05,7.8,7.8,7.6,7.6,2393700.0,18384128.0,292578000.0,0.00818140803478047
2024-06-06,7.57,7.67,7.2,7.26,4468383.0,32870183.0,292578000.0,0.015272450423476816
2024-06-07,7.09,7.4,7.09,7.36,3594813.0,26198860.0,292578000.0,0.012286682525685459
2024-06-11,7.36,7.36,7.2,7.3,2455610.0,17861494.0,292578000.0,0.008393009727320577
2024-06-12,7.38,7.52,7.36,7.48,2634330.0,19642957.0,292578000.0,0.009003855382154502
2024-06-13,7.47,7.48,7.29,7.32,2383580.0,17499734.0,292578000.0,0.008146818967933338
2024-06-14,7.41,7.48,7.31,7.4,2367250.0,17524459.0,292578000.0,0.008091004791884557
2024-06-17,7.34,7.38,7.22,7.25,2359350.0,17172020.0,292578000.0,0.008064003445235116
2024-06-18,7.32,7.34,7.24,7.27,1673500.0,12196502.0,292578000.0,0.00571984223010616
2024-06-19,7.32,7.34,7.23,7.26,1699601.0,12377200.0,292578000.0,0.005809052628700723
2024-06-20,7.28,7.29,7.11,7.12,2070220.0,14837447.0,292578000.0,0.007075788336785405
2024-06-21,7.06,7.17,6.95,7.11,2054300.0,14531182.0,292578000.0,0.00702137549644881
2024-06-24,7.07,7.07,6.78,6.83,3079231.0,21182847.0,292578000.0,0.010524478942367506
2024-06-25,6.84,6.95,6.82,6.87,1831185.0,12615716.0,292578000.0,0.006258792527120973
2024-06-26,6.93,7.04,6.81,7.02,1844165.0,12797821.0,292578000.0,0.006303156765033598
2024-06-27,7.02,7.06,6.91,6.91,1413468.0,9849112.0,292578000.0,0.0048310809425178925
2024-06-28,6.86,7.04,6.86,6.92,2003416.0,13967304.0,292578000.0,0.006847459480890566
2024-07-01,6.9,7.16,6.9,7.15,2994223.0,21115730.0,292578000.0,0.010233930780851603
2024-07-02,7.12,7.33,7.08,7.27,3108760.0,22535379.0,292578000.0,0.010625405874672736
2024-07-03,7.27,7.43,7.21,7.24,3000701.0,21942265.0,292578000.0,0.010256071885104143
2024-07-04,7.24,7.29,6.95,6.98,2708900.0,19175098.0,292578000.0,0.009258727587173336
2024-07-05,7.0,7.04,6.9,7.03,1524500.0,10647312.0,292578000.0,0.005210576324945826
2024-07-08,7.02,7.03,6.83,6.85,1766740.0,12169520.0,292578000.0,0.006038526478409177
2024-07-09,6.85,6.88,6.59,6.79,3075203.0,20731987.0,292578000.0,0.010510711673468271
2024-07-10,6.73,6.8,6.62,6.73,2300391.0,15476891.0,292578000.0,0.007862487951930766
2024-07-11,6.83,6.98,6.8,6.97,2816643.0,19445281.0,292578000.0,0.00962698152287595
2024-07-12,6.99,7.05,6.92,6.98,1814460.0,12688948.0,292578000.0,0.006201628283739721
2024-07-15,6.98,7.07,6.84,6.87,1623711.0,11181857.0,292578000.0,0.005549668806267047
2024-07-16,6.94,6.94,6.78,6.83,1656290.0,11311747.0,292578000.0,0.005661020309114151
2024-07-17,6.81,6.96,6.78,6.91,2098600.0,14438040.0,292578000.0,0.007172788111204534
2024-07-18,6.91,7.09,6.76,7.09,3378461.0,23440205.0,292578000.0,0.011547214759824731
2024-07-19,7.02,7.02,6.83,6.95,4406883.0,30441220.0,292578000.0,0.015062250066648894
2024-07-22,6.93,6.96,6.83,6.89,2563600.0,17645273.0,292578000.0,0.008762107882342487
2024-07-23,6.92,6.98,6.8,6.81,2281430.0,15753959.0,292578000.0,0.007797681302080129
2024-07-24,6.77,6.83,6.65,6.69,2297900.0,15451295.0,292578000.0,0.00785397398300624
2024-07-25,6.62,6.81,6.6,6.74,1986300.0,13354153.0,292578000.0,0.006788958841744765
2024-07-26,6.79,6.88,6.75,6.82,1617567.0,11042540.0,292578000.0,0.00552866927793614
2024-07-29,6.82,6.85,6.75,6.76,1359700.0,9236554.0,292578000.0,0.004647307726486612
2024-07-30,6.82,7.25,6.72,7.06,7286965.0,51328165.0,292578000.0,0.024906059238903815
2024-07-31,7.0,7.15,6.94,7.13,5696665.0,40330446.0,292578000.0,0.019470585621612014
2024-08-01,7.13,7.17,7.08,7.09,3122330.0,22228195.0,292578000.0,0.010671786668854117
2024-08-02,7.03,7.17,7.03,7.1,2913130.0,20726618.0,292578000.0,0.009956763666441085
2024-08-05,7.09,7.2,7.0,7.03,3306414.0,23492131.0,292578000.0,0.011300965896273813
2024-08-06,7.21,7.3,7.1,7.19,4810320.0,34653862.0,292578000.0,0.016441154153764126
2024-08-07,7.2,7.2,7.09,7.13,2568590.0,18331974.0,292578000.0,0.008779163163327386
2024-08-08,7.19,7.48,7.11,7.42,7236373.0,52913307.0,292578000.0,0.024733141247804003
2024-08-09,7.3,7.35,7.18,7.18,6025703.0,43582739.0,292578000.0,0.020595201963237154
2024-08-12,7.12,7.2,7.09,7.15,2786702.0,19924289.0,292578000.0,0.009524646419074571
2024-08-13,7.15,7.19,7.06,7.13,1747651.0,12442003.0,292578000.0,0.005973282338384978
2024-08-14,7.13,7.14,7.06,7.08,2034530.0,14431875.0,292578000.0,0.00695380377198559
2024-08-15,7.05,7.15,7.05,7.12,1641390.0,11661214.0,292578000.0,0.005610093718598118
2024-08-16,7.09,7.14,7.01,7.03,2148870.0,15169067.0,292578000.0,0.007344605541086479
2024-08-19,7.05,7.1,7.0,7.01,2336975.0,16436363.0,292578000.0,0.007987528112161543
2024-08-20,7.07,7.07,6.82,6.84,2196605.0,15116900.0,292578000.0,0.007507758614796738
2024-08-21,6.84,6.87,6.75,6.76,1604775.0,10893650.0,292578000.0,0.005484947603715932
2024-08-22,6.78,6.8,6.6,6.6,2117400.0,14128135.0,292578000.0,0.00723704448044624
2024-08-23,6.59,6.61,6.5,6.52,1807434.0,11828662.0,292578000.0,0.006177614174681623
2024-08-26,6.55,6.67,6.48,6.62,2379770.0,15731303.0,292578000.0,0.008133796799485948
2024-08-27,6.61,6.71,6.55,6.59,2336181.0,15471181.0,292578000.0,0.007984814305928676
2024-08-28,6.59,6.71,6.5,6.65,1947254.0,12915117.0,292578000.0,0.00665550383145691
2024-08-29,6.68,6.7,6.57,6.66,2020121.0,13398916.0,292578000.0,0.006904555366432199
2024-08-30,6.68,6.8,6.61,6.73,3261593.0,21906813.0,292578000.0,0.01114777255979602
2024-09-02,6.74,6.81,6.64,6.65,2854500.0,19157834.0,292578000.0,0.009756372659598465
2024-09-03,6.63,6.72,6.6,6.7,1781413.0,11880695.0,292578000.0,0.006088677207445536
2024-09-04,6.62,6.78,6.62,6.62,2453070.0,16405849.0,292578000.0,0.008384328281688986
2024-09-05,6.61,6.71,6.61,6.69,1462630.0,9751317.0,292578000.0,0.0049991113480849555
2024-09-06,6.69,6.7,6.56,6.56,1669500.0,11029135.0,292578000.0,0.005706170662182392
2024-09-09,6.55,6.61,6.46,6.57,1759351.0,11520704.0,292578000.0,0.006013271674561997
2024-09-10,6.57,6.61,6.44,6.54,1706200.0,11110705.0,292578000.0,0.005831607297882958
2024-09-11,6.51,6.54,6.43,6.45,1416330.0,9172338.0,292578000.0,0.004840862949367348
2024-09-12,6.45,6.52,6.43,6.45,1217800.0,7887954.0,292578000.0,0.004162308854390966
2024-09-13,6.45,6.49,6.38,6.38,1434100.0,9216954.0,292578000.0,0.004901598889868685
2024-09-18,6.37,6.4,6.2,6.26,1708520.0,10703571.0,292578000.0,0.005839536807278743
2024-09-19,6.29,6.57,6.29,6.53,3563950.0,23111723.0,292578000.0,0.012181196125477651
2024-09-20,6.53,6.54,6.45,6.52,1430100.0,9288494.0,292578000.0,0.004887927321944917
2024-09-23,6.52,6.54,6.45,6.48,1483708.0,9627273.0,292578000.0,0.005071153675259247
2024-09-24,6.5,6.68,6.5,6.68,3022708.0,19983185.0,292578000.0,0.01033128943392873
2024-09-25,6.73,6.85,6.71,6.75,3358520.0,22769204.0,292578000.0,0.011479058575832769
2024-09-26,6.73,7.35,6.7,7.14,10675068.0,75665563.0,292578000.0,0.03648622931320879
2024-09-27,7.64,7.64,7.27,7.45,8683702.0,64421499.0,292578000.0,0.02967995543068857
2024-09-30,7.7,8.08,7.45,8.01,16426747.0,128068676.0,292578000.0,0.056144846844260334
2024-10-08,8.78,8.78,7.9,8.14,17673643.0,145907347.0,292578000.0,0.060406602683728786
2024-10-09,8.0,8.0,7.42,7.42,8618638.0,66351004.0,292578000.0,0.02945757370684057
2024-10-10,7.5,7.68,7.48,7.54,4978949.0,37777435.0,292578000.0,0.017017509860618365
2024-10-11,7.5,7.7,7.33,7.41,4288536.0,32135709.0,292578000.0,0.014657752804380371
2024-10-14,7.41,7.57,7.41,7.55,3055205.0,22906539.0,292578000.0,0.010442360669633397
2024-10-15,7.55,7.87,7.45,7.6,6134209.0,47297354.0,292578000.0,0.02096606375052123
2024-10-16,7.52,7.74,7.51,7.66,4020298.0,30737371.0,292578000.0,0.013740944295196495
2024-10-17,7.63,8.14,7.55,7.83,9196042.0,72066798.0,292578000.0,0.03143107820820431
2024-10-18,7.76,7.94,7.6,7.83,8506995.0,65867342.0,292578000.0,0.02907598999241228
2024-10-21,7.82,8.14,7.76,7.99,10056583.0,80035102.0,292578000.0,0.034372314391375974
2024-10-22,7.96,8.26,7.95,8.18,9871101.0,80460937.0,292578000.0,0.03373835695096692
2024-10-23,8.17,8.25,8.02,8.11,6457947.0,52421052.0,292578000.0,0.022072565264647376
2024-10-24,8.05,8.35,8.05,8.14,6500702.0,53307858.0,292578000.0,0.022218697236292544
2024-10-25,8.26,8.55,8.17,8.49,14322445.0,120166049.0,292578000.0,0.04895256991298047
2024-10-28,8.59,9.34,8.51,9.34,14496823.0,132395290.0,292578000.0,0.04954857508083314
2024-10-29,9.74,10.27,9.53,10.27,53967352.0,540556020.0,292578000.0,0.18445457963346526
2024-10-30,10.44,10.96,9.92,10.12,37163649.0,385842447.0,292578000.0,0.12702133789963702
2024-10-31,10.31,10.67,9.78,10.37,32152503.0,327423787.0,292578000.0,0.10989378217090827
2024-11-01,10.11,10.28,9.39,9.66,25249840.0,248045705.0,292578000.0,0.08630122565606436
2024-11-04,9.55,9.64,9.28,9.49,13797804.0,129948167.0,292578000.0,0.04715940364620717
2024-11-05,9.48,9.76,9.36,9.72,18828628.0,180649552.0,292578000.0,0.06435421665333689
2024-11-06,9.8,10.65,9.62,10.43,32541957.0,326323179.0,292578000.0,0.11122489387445399
2024-11-07,10.09,10.29,9.9,10.02,29933015.0,300317847.0,292578000.0,0.10230781193391164
2024-11-08,9.92,9.94,9.63,9.64,18376286.0,179118707.0,292578000.0,0.0628081605588937
2024-11-11,9.55,9.74,9.4,9.71,13139922.0,125608889.0,292578000.0,0.04491083403400119
2024-11-12,9.7,9.76,9.45,9.54,9272542.0,89270397.0,292578000.0,0.03169254694474636
2024-11-13,9.55,9.65,9.3,9.51,7093070.0,67078351.0,292578000.0,0.024243347073259095
2024-11-14,9.48,9.55,9.3,9.31,5266235.0,49657889.0,292578000.0,0.017999422376255222
2024-11-15,9.31,9.34,8.89,8.9,7480753.0,67960913.0,292578000.0,0.02556840569010657
2024-11-18,8.9,8.98,8.61,8.65,6647451.0,58121427.0,292578000.0,0.022720269466603778
2024-11-19,8.65,8.74,8.57,8.74,4306597.0,37311962.0,292578000.0,0.01471948335144816
2024-11-20,8.77,8.94,8.71,8.91,5030240.0,44514154.0,292578000.0,0.017192816958212852
2024-11-21,8.93,9.01,8.82,8.9,5822347.0,51837916.0,292578000.0,0.019900153121560748
2024-11-22,8.92,9.06,8.8,8.8,6403990.0,56956348.0,292578000.0,0.021888146067031697
2024-11-25,8.8,9.0,8.66,8.92,5198793.0,46033624.0,292578000.0,0.017768912905276543
2024-11-26,9.1,9.25,8.93,8.98,5661570.0,51500563.0,292578000.0,0.01935063470254086
2024-11-27,8.97,9.01,8.68,9.0,4977380.0,43993603.0,292578000.0,0.017012147188100266
2024-11-28,8.92,9.27,8.92,9.21,7412959.0,67930349.0,292578000.0,0.0253366931211506
2024-11-29,9.19,9.44,9.02,9.31,7888151.0,72702230.0,292578000.0,0.02696084804735831
2024-12-02,9.32,9.49,9.27,9.43,8428646.0,79194053.0,292578000.0,0.028808201573597467
2024-12-03,9.37,9.45,9.25,9.28,6832001.0,63703176.0,292578000.0,0.023351041431686592
2024-12-04,9.28,9.36,9.09,9.13,5091320.0,46956845.0,292578000.0,0.01740158180040878
2024-12-05,9.07,9.21,9.02,9.15,4425612.0,40396314.0,292578000.0,0.015126263765559953
2024-12-06,9.15,9.31,9.1,9.26,3880023.0,35757747.0,292578000.0,0.013261499497569879
2024-12-09,9.27,9.33,9.1,9.18,3435044.0,31602898.0,292578000.0,0.011740609341782362
2024-12-10,9.35,9.4,9.1,9.12,6682363.0,61707226.0,292578000.0,0.02283959491144242
2024-12-11,9.12,9.29,9.12,9.29,6352100.0,58775813.0,292578000.0,0.021710791652140626
2024-12-12,9.32,9.56,9.25,9.54,11053102.0,104354271.0,292578000.0,0.03777830869033215
2024-12-13,9.49,9.59,9.39,9.43,8736805.0,82829740.0,292578000.0,0.029861455748552524
2024-12-16,9.43,9.59,9.41,9.52,9984642.0,95006142.0,292578000.0,0.03412642782437504
2024-12-17,9.54,9.59,9.14,9.21,12457186.0,115828981.0,292578000.0,0.04257731613450089
2024-12-18,9.13,9.25,9.0,9.05,7619480.0,69451922.0,292578000.0,0.026042559590946687
2024-12-19,8.89,9.01,8.73,8.82,6603250.0,58397476.0,292578000.0,0.02256919522315417
2024-12-20,8.82,8.95,8.81,8.85,4336700.0,38528017.0,292578000.0,0.014822372153750454
2024-12-23,8.86,8.86,8.26,8.3,7669320.0,65109298.0,292578000.0,0.026212907327276828
2024-12-24,8.31,8.38,8.19,8.28,3892641.0,32208949.0,292578000.0,0.013304626458585402
2024-12-25,8.3,8.3,8.0,8.12,4080860.0,33074790.0,292578000.0,0.013947938669346294
2024-12-26,8.1,8.22,8.1,8.2,2846759.0,23290769.0,292578000.0,0.009729914757773996
2024-12-27,8.26,9.02,8.18,9.02,16031060.0,140934584.0,292578000.0,0.0547924314199974
2024-12-30,9.1,9.1,8.66,8.78,11900670.0,104633594.0,292578000.0,0.04067520456083506
2024-12-31,8.91,9.0,8.61,8.63,7772733.0,68448913.0,292578000.0,0.026566361790701966
2025-01-02,8.63,8.82,8.45,8.53,6820787.0,59062974.0,292578000.0,0.023312713191012312
2025-01-03,8.53,8.56,8.05,8.1,6484566.0,53802342.0,292578000.0,0.022163546131288066
2025-01-06,8.01,8.14,7.7,7.96,4963054.0,39413849.0,292578000.0,0.016963182467581293
2025-01-07,7.92,8.3,7.92,8.22,6179404.0,50268032.0,292578000.0,0.021120535378599894
2025-01-08,8.12,8.27,7.86,8.12,5093255.0,41118911.0,292578000.0,0.017408195421391902
2025-01-09,8.03,8.36,8.03,8.26,4597180.0,37812642.0,292578000.0,0.015712664656946183
2025-01-10,8.32,8.47,8.07,8.08,5592550.0,46246941.0,292578000.0,0.019114731798016257
2025-01-13,8.03,8.25,7.93,8.16,3788330.0,30740134.0,292578000.0,0.01294810272816138
2025-01-14,8.15,8.41,8.15,8.4,6109526.0,50909899.0,292578000.0,0.020881699922755643
2025-01-15,8.35,8.45,8.27,8.34,4215800.0,35202063.0,292578000.0,0.014409149013254584
2025-01-16,8.35,8.55,8.29,8.43,5815000.0,48934377.0,292578000.0,0.019875041869176765
2025-01-17,8.34,8.47,8.31,8.45,3876259.0,32566045.0,292578000.0,0.013248634552153613
2025-01-20,8.49,8.52,8.34,8.47,3906589.0,32915480.0,292578000.0,0.01335229921593558
2025-01-21,8.46,8.51,8.21,8.28,3738100.0,31057649.0,292578000.0,0.01277642201395867
2025-01-22,8.27,8.35,8.16,8.2,2430100.0,20030922.0,292578000.0,0.008305819302886751
2025-01-23,8.29,9.02,8.29,9.02,16739812.0,149753253.0,292578000.0,0.057214869197273886
2025-01-24,8.81,8.81,8.59,8.65,21687581.0,187965586.0,292578000.0,0.07412580918592648
2025-01-27,8.6,9.3,8.6,9.16,21964290.0,196941020.0,292578000.0,0.07507157065808093
2025-02-05,8.99,9.44,8.99,9.37,22268866.0,206631374.0,292578000.0,0.07611257852606826
2025-02-06,9.22,9.36,9.14,9.33,15486561.0,143076978.0,292578000.0,0.05293139265426655
2025-02-07,9.22,9.29,9.12,9.24,14774977.0,135880608.0,292578000.0,0.05049927540690004
2025-02-10,9.23,9.24,9.14,9.19,9480593.0,86984623.0,292578000.0,0.03240364278927329
2025-02-11,9.16,9.24,9.07,9.09,8494151.0,77609269.0,292578000.0,0.029032090587809062
2025-02-12,9.07,9.14,9.0,9.13,7287734.0,66141500.0,292578000.0,0.024908687597837157
2025-02-13,9.1,9.37,9.08,9.16,13889209.0,128397515.0,292578000.0,0.04747181606272515
2025-02-14,9.1,9.11,8.92,9.0,9819482.0,88483998.0,292578000.0,0.033561928784802686
2025-02-17,9.0,9.24,8.92,9.24,12460982.0,114199081.0,292578000.0,0.04259029045246054
2025-02-18,9.22,9.22,8.79,8.81,9801943.0,87897674.0,292578000.0,0.03350198237734894
2025-02-19,8.81,8.97,8.8,8.95,6454822.0,57275469.0,292578000.0,0.022061884352206934
2025-02-20,8.98,9.63,8.86,9.33,17000916.0,157415037.0,292578000.0,0.058107294465065726
2025-02-21,9.35,9.54,9.26,9.35,14994788.0,140873285.0,292578000.0,0.05125056566112285
2025-02-24,9.6,9.9,9.21,9.28,26104377.0,249995424.0,292578000.0,0.08922194081578246
2025-02-25,9.27,9.3,8.88,8.92,15384608.0,137998324.0,292578000.0,0.05258292831313359
2025-02-26,8.91,8.92,8.73,8.85,9987631.0,88007899.0,292578000.0,0.03413664390350608
2025-02-27,8.82,8.89,8.72,8.88,6951333.0,61293017.0,292578000.0,0.023758905317556343
2025-02-28,8.83,8.93,8.73,8.74,6501762.0,57466234.0,292578000.0,0.022222320201792344
2025-03-03,8.73,9.03,8.73,8.84,6420648.0,56781938.0,292578000.0,0.021945081311650228
2025-03-04,8.94,8.95,8.76,8.93,6525550.0,57866968.0,292578000.0,0.022303625016234986
2025-03-05,8.94,8.99,8.75,8.82,5776762.0,50993558.0,292578000.0,0.019744348515609512
2025-03-06,8.8,8.87,8.74,8.85,5389703.0,47476434.0,292578000.0,0.018421422663358146
2025-03-07,8.84,8.87,8.74,8.75,3960108.0,34828138.0,292578000.0,0.013535221376863606
2025-03-10,8.74,8.78,8.62,8.7,4079676.0,35480388.0,292578000.0,0.01394389188524086
2025-03-11,8.61,8.83,8.58,8.82,4575048.0,39979505.0,292578000.0,0.015637019871623976
2025-03-12,8.78,8.82,8.74,8.76,2766902.0,24253669.0,292578000.0,0.009456972157851923
2025-03-13,8.77,8.79,8.62,8.75,3175310.0,27608160.0,292578000.0,0.010852866586004416
2025-03-14,8.74,8.82,8.7,8.81,4140974.0,36394865.0,292578000.0,0.014153401827888632
2025-03-17,8.82,8.88,8.81,8.86,4312749.0,38191459.0,292578000.0,0.014740510222914916
2025-03-18,8.85,8.86,8.77,8.84,2751220.0,24236859.0,292578000.0,0.009403372775806794
2025-03-19,8.84,8.85,8.78,8.82,2650761.0,23354058.0,292578000.0,0.009060014765293358
2025-03-20,8.8,8.82,8.73,8.73,3244921.0,28461493.0,292578000.0,0.011090789464689757
2025-03-21,8.74,8.76,8.6,8.61,3750910.0,32495138.0,292578000.0,0.012820205210234536
2025-03-24,8.61,8.66,8.32,8.44,4268754.0,36173734.0,292578000.0,0.01459014006521338
2025-03-25,8.44,8.53,8.38,8.53,2575258.0,21799383.0,292578000.0,0.008801953667056306
2025-03-26,8.51,8.67,8.46,8.65,3591318.0,30908495.0,292578000.0,0.012274736993212066
2025-03-27,8.64,8.67,8.5,8.56,2610688.0,22370134.0,292578000.0,0.008923049579941075
2025-03-28,8.57,8.57,8.41,8.41,2491890.0,21132310.0,292578000.0,0.008517010848389147
2025-03-31,8.41,8.45,8.28,8.38,2578203.0,21552659.0,292578000.0,0.00881201935894018
2025-04-01,8.38,8.58,8.36,8.54,3388263.0,28859936.0,292578000.0,0.011580716937021923
2025-04-02,8.54,8.6,8.48,8.57,2213599.0,18937919.0,292578000.0,0.007565842271120863
2025-04-03,8.6,8.83,8.59,8.79,8872350.0,77418108.0,292578000.0,0.030324733917109284
2025-04-07,9.25,9.67,9.06,9.67,40828799.0,389185016.0,292578000.0,0.13954842469358597
2025-04-08,10.64,10.64,10.21,10.64,50027196.0,531070999.0,292578000.0,0.1709875520374054
2025-04-09,11.7,11.7,11.51,11.7,37035831.0,433153954.0,292578000.0,0.126584469782417
2025-04-10,11.1,12.8,10.88,12.2,88712204.0,1065517764.0,292578000.0,0.30320873066327614
2025-04-11,11.66,11.85,10.98,10.98,48786348.0,547371604.0,292578000.0,0.1667464676086377
2025-04-14,10.09,11.47,10.09,10.67,57908149.0,614002465.0,292578000.0,0.1979237980982849
2025-04-15,10.51,10.56,10.11,10.29,38839470.0,399337527.0,292578000.0,0.13274911305703094
2025-04-16,10.12,10.85,9.7,10.38,49041209.0,503154634.0,292578000.0,0.1676175549767925
2025-04-17,10.1,10.21,9.88,9.97,30408886.0,304669255.0,292578000.0,0.1039342876087744
2025-04-18,9.91,9.95,9.5,9.52,25300167.0,244567807.0,292578000.0,0.08647323790578923
2025-04-21,9.5,9.63,9.45,9.62,16788085.0,160630101.0,292578000.0,0.05737986109686989
2025-04-22,9.54,9.8,9.53,9.77,23831832.0,231044002.0,292578000.0,0.08145462748395299
2025-04-23,9.61,9.69,9.45,9.49,20776850.0,197919834.0,292578000.0,0.07101302900423136
2025-04-24,9.42,9.64,9.32,9.43,16782694.0,158591880.0,292578000.0,0.05736143524120064
2025-04-25,9.39,9.53,9.37,9.42,10982100.0,103799845.0,292578000.0,0.03753563152390132
2025-04-28,9.5,9.55,9.14,9.18,13219591.0,123046460.0,292578000.0,0.04518313407023084
2025-04-29,9.17,9.29,9.13,9.21,7424464.0,68393564.0,292578000.0,0.025376015968391334
2025-04-30,9.2,9.33,9.18,9.21,9131500.0,84481317.0,292578000.0,0.03121048062397036
2025-05-06,9.18,9.39,9.18,9.39,10188100.0,94939424.0,292578000.0,0.034821825291033504
2025-05-07,9.43,9.88,9.36,9.88,36690733.0,354181225.0,292578000.0,0.12540496209557794
2025-05-08,9.66,9.7,9.52,9.69,21094272.0,202932282.0,292578000.0,0.07209794311260587
2025-05-09,9.63,9.82,9.5,9.51,17471558.0,168812335.0,292578000.0,0.059715897982760155
2025-05-12,9.3,9.38,9.21,9.36,16403588.0,152476244.0,292578000.0,0.056065691883873704
2025-05-13,9.3,9.39,9.2,9.22,12554562.0,116475185.0,292578000.0,0.04291013678403708
2025-05-14,9.28,9.35,9.2,9.29,10359348.0,96184854.0,292578000.0,0.03540713245698583
2025-05-15,9.29,9.58,9.24,9.57,22581586.0,213407808.0,292578000.0,0.0771814217063484
2025-05-16,9.51,9.51,9.25,9.3,13938117.0,129746644.0,292578000.0,0.047638978323729056
2025-05-19,9.29,9.53,9.28,9.48,12949069.0,121879483.0,292578000.0,0.0442585190957625
2025-05-20,9.43,9.64,9.43,9.58,14459240.0,138429367.0,292578000.0,0.04942012044651341
2025-05-21,9.58,9.64,9.46,9.58,10511010.0,100328021.0,292578000.0,0.03592549679059943
2025-05-22,9.6,9.68,9.31,9.32,13068697.0,123874579.0,292578000.0,0.04466739467765861
2025-05-23,9.32,9.38,9.02,9.02,11895551.0,109332639.0,292578000.0,0.04065770837178462
2025-05-26,8.99,9.19,8.97,9.17,6940740.0,63250278.0,292578000.0,0.023722699587802227
2025-05-27,9.15,9.23,9.13,9.21,5989390.0,54989418.0,292578000.0,0.020471088051733213
2025-05-28,9.18,9.2,9.02,9.03,6532640.0,59358194.0,292578000.0,0.022327857870379865
2025-05-29,8.99,9.14,8.94,9.1,6665160.0,60481719.0,292578000.0,0.022780796915694276
2025-05-30,9.08,9.16,9.02,9.06,6933744.0,62947763.0,292578000.0,0.02369878801550356
2025-06-03,9.01,9.23,8.99,9.22,8047110.0,73883642.0,292578000.0,0.027504152738756844
2025-06-04,9.22,9.29,9.11,9.28,6624330.0,61029853.0,292578000.0,0.02264124438611242
2025-06-05,9.24,9.27,9.13,9.18,5946140.0,54730470.0,292578000.0,0.02032326422355748
2025-06-06,9.15,9.3,9.15,9.25,5102497.0,47140715.0,292578000.0,0.017439783579079767
2025-06-09,9.22,9.3,9.18,9.29,5780087.0,53581902.0,292578000.0,0.019755713006446143
2025-06-10,9.29,9.73,9.09,9.56,30618339.0,290232291.0,292578000.0,0.10465017533785863
2025-06-11,9.3,9.47,9.26,9.47,18648236.0,175160552.0,292578000.0,0.06373765628311083
2025-06-12,9.4,9.44,9.17,9.25,14048422.0,129981373.0,292578000.0,0.04801598889868684
2025-06-13,9.22,9.29,9.1,9.11,10236180.0,93961585.0,292578000.0,0.034986157537477185
2025-06-16,9.08,9.17,9.05,9.16,6309210.0,57531450.0,292578000.0,0.021564198265078032
2025-06-17,9.16,9.26,9.12,9.17,6461700.0,59356558.0,292578000.0,0.02208539261325185
2025-06-18,9.14,9.21,9.07,9.13,6709124.0,61100229.0,292578000.0,0.022931061118744402
2025-06-19,8.99,9.0,8.7,8.71,6800730.0,60024619.0,292578000.0,0.02324416053155056
2025-06-20,8.71,8.79,8.63,8.65,4416220.0,38451903.0,292578000.0,0.015094162924074948
2025-06-23,8.65,8.87,8.53,8.84,5524200.0,48457591.0,292578000.0,0.01888111888111888
2025-06-24,8.91,9.32,8.8,9.13,14616880.0,132733634.0,292578000.0,0.04995891693838908
2025-06-25,9.02,9.14,8.93,9.06,10702611.0,96512047.0,292578000.0,0.03658036831203987
2025-06-26,9.05,9.09,9.0,9.01,6915915.0,62534804.0,292578000.0,0.023637850419375345
2025-06-27,9.01,9.09,8.97,9.09,7092090.0,64190935.0,292578000.0,0.024239997539117774
2025-06-30,9.09,9.23,9.01,9.17,9567650.0,87225134.0,292578000.0,0.03270119421145814
2025-07-01,9.11,9.18,9.08,9.15,7048103.0,64318523.0,292578000.0,0.024089654724552084
2025-07-02,9.13,9.21,9.09,9.15,6734120.0,61677184.0,292578000.0,0.023016494746700027
2025-07-03,9.15,9.25,9.12,9.21,8671114.0,79667564.0,292578000.0,0.029636931006432474
2025-07-04,9.2,9.46,9.14,9.31,18347080.0,170424752.0,292578000.0,0.06270833760569831
2025-07-07,9.26,9.54,9.23,9.51,21995151.0,207563184.0,292578000.0,0.07517705022250477
2025-07-08,9.45,9.49,9.36,9.48,14250600.0,134392907.0,292578000.0,0.0487070114636097
2025-07-09,9.49,9.55,9.41,9.45,12091636.0,114335178.0,292578000.0,0.0413279057208676
2025-07-10,9.42,9.45,9.25,9.36,11698979.0,109159821.0,292578000.0,0.03998584650930692
2025-07-11,9.35,9.43,9.29,9.35,7695256.0,71955761.0,292578000.0,0.026301553773694537
2025-07-14,9.34,9.38,9.31,9.36,5632746.0,52694155.0,292578000.0,0.019252117384082192
2025-07-15,9.36,9.38,9.07,9.14,9771881.0,89560483.0,292578000.0,0.03339923370861787
2025-07-16,9.1,9.24,9.06,9.21,6176180.0,56781319.0,292578000.0,0.02110951609485334
2025-07-17,9.25,9.29,9.18,9.26,5480800.0,50675149.0,292578000.0,0.018732782369146005
2025-07-18,9.31,9.38,9.26,9.32,5550043.0,51645843.0,292578000.0,0.01896944746358236
2025-07-21,9.31,9.5,9.27,9.45,9824862.0,92551500.0,292578000.0,0.03358031704366015
2025-07-22,9.43,9.45,9.29,9.43,8846266.0,82894721.0,292578000.0,0.030235581622678396
2025-07-23,9.41,9.49,9.3,9.31,7312972.0,68597017.0,292578000.0,0.024994948355652167
2025-07-24,9.33,9.59,9.31,9.58,16407090.0,155783271.0,292578000.0,0.05607766134159096
2025-07-25,9.58,9.6,9.42,9.43,9132330.0,86496052.0,292578000.0,0.031213317474314543
2025-07-28,9.45,9.56,9.43,9.46,6701629.0,63517700.0,292578000.0,0.022905444018347244
2025-07-29,9.44,9.49,9.22,9.31,8262906.0,76825945.0,292578000.0,0.02824172015667617
2025-07-30,9.26,9.6,9.24,9.6,19811372.0,188094988.0,292578000.0,0.06771312949025558
2025-07-31,9.63,9.64,9.32,9.35,12113730.0,113993630.0,292578000.0,0.041403420626294526
2025-08-01,9.34,9.43,9.16,9.28,7352699.0,68234599.0,292578000.0,0.025130730950379043
2025-08-04,9.21,9.42,9.17,9.42,7137378.0,66660434.0,292578000.0,0.024394787031150666
2025-08-05,9.42,9.52,9.4,9.46,6994020.0,66061193.0,292578000.0,0.023904804872546807
2025-08-06,9.5,9.5,9.36,9.44,5358853.0,50374294.0,292578000.0,0.018315980695746092
2025-08-07,9.43,9.7,9.4,9.66,17284377.0,166053766.0,292578000.0,0.05907613354387548
2025-08-08,9.59,9.65,9.51,9.6,9924300.0,94973849.0,292578000.0,0.03392018538646105
2025-08-11,9.58,9.65,9.49,9.6,9220400.0,88158585.0,292578000.0,0.03151433122107609
2025-08-12,9.56,9.66,9.47,9.47,9962900.0,94992953.0,292578000.0,0.0340521160169254
2025-08-13,9.5,9.53,9.34,9.4,9373133.0,88111001.0,292578000.0,0.03203635611700128
2025-08-14,9.42,9.42,9.2,9.22,8731500.0,81212000.0,292578000.0,0.029843323831593625
2025-08-15,9.2,9.3,9.19,9.3,6497108.0,60191449.0,292578000.0,0.02220641333251304
2025-08-18,9.29,9.4,9.28,9.37,6771157.0,63377014.0,292578000.0,0.023143083211998167
2025-08-19,9.35,9.4,9.34,9.38,5613793.0,52614643.0,292578000.0,0.019187338077367402
2025-08-20,9.37,10.29,9.33,9.85,32903370.0,321623619.0,292578000.0,0.11246016446896212
2025-08-21,9.91,9.93,9.7,9.75,21498209.0,210614500.0,292578000.0,0.07347855614571157
2025-08-22,9.7,9.78,9.59,9.71,12506816.0,120719516.0,292578000.0,0.04274694611351503
2025-08-25,9.71,9.85,9.64,9.78,15371662.0,150069179.0,292578000.0,0.05253868028354832
2025-08-26,9.81,9.91,9.77,9.8,14898698.0,146578113.0,292578000.0,0.050922140420674146
2025-08-27,9.75,9.79,9.58,9.68,19600816.0,189753642.0,292578000.0,0.0669934718263164
2025-08-28,9.67,9.68,9.06,9.29,21684631.0,202370759.0,292578000.0,0.07411572640458271
2025-08-29,9.29,9.42,9.2,9.21,10182246.0,94559731.0,292578000.0,0.03480181695137707
2025-09-01,9.21,9.32,9.1,9.24,7380430.0,68004243.0,292578000.0,0.025225512512902542
2025-09-02,9.24,9.25,9.12,9.19,7513135.0,68994228.0,292578000.0,0.025679083868233428
2025-09-03,9.17,9.21,8.9,8.93,8861270.0,80271253.0,292578000.0,0.030286863673960447
2025-09-04,8.91,9.17,8.88,9.09,8527399.0,77385104.0,292578000.0,0.029145728660391418
2025-09-05,9.08,9.17,8.91,9.17,6759860.0,61156334.0,292578000.0,0.02310447128628947
2025-09-08,9.16,9.26,9.12,9.24,5541980.0,51077150.0,292578000.0,0.018941889000540026
2025-09-09,9.22,9.26,9.12,9.17,4065300.0,37278902.0,292578000.0,0.013894756270122838
2025-09-10,9.19,9.19,9.12,9.16,2969531.0,27181398.0,292578000.0,0.010149536192058186
2025-09-11,9.16,9.24,9.14,9.23,5434839.0,49907982.0,292578000.0,0.018575692635809937
2025-09-12,9.2,9.25,9.15,9.15,5000179.0,45942704.0,292578000.0,0.01709007170737376
2025-09-15,9.16,9.27,9.12,9.22,4281271.0,39395893.0,292578000.0,0.014632921819138828
2025-09-16,9.19,9.21,9.11,9.18,4467159.0,40902914.0,292578000.0,0.015268266923692144
2025-09-17,9.18,9.21,9.12,9.14,4359831.0,39882385.0,292578000.0,0.01490143141316162
2025-09-18,9.16,9.19,8.94,9.01,6345588.0,57671950.0,292578000.0,0.021688534339560733
2025-09-19,9.01,9.04,8.9,8.98,4210446.0,37742186.0,292578000.0,0.014390849619588622
2025-09-22,8.95,9.01,8.89,8.95,4280858.0,38216865.0,292578000.0,0.0146315102297507
2025-09-23,8.95,8.95,8.65,8.85,5735200.0,50346250.0,292578000.0,0.019602294089097607
2025-09-24,8.83,8.99,8.8,8.97,3864628.0,34537214.0,292578000.0,0.013208881050523279
2025-09-25,8.96,8.97,8.82,8.84,3436330.0,30534191.0,292578000.0,0.011745004750869854
2025-09-26,8.86,8.97,8.84,8.9,3735546.0,33295367.0,292578000.0,0.012767692717839346
2025-09-29,8.88,8.92,8.73,8.92,4062473.0,35986421.0,292578000.0,0.013885093889492717
2025-09-30,8.91,8.93,8.85,8.91,2598381.0,23087960.0,292578000.0,0.008880985583331624
2025-10-09,8.9,8.96,8.83,8.94,3511260.0,31286021.0,292578000.0,0.012001107397001826
2025-10-10,8.94,9.13,8.9,9.12,6589828.0,59710262.0,292578000.0,0.022523320276985965
2025-10-13,9.83,10.03,9.43,9.45,36470032.0,356263373.0,292578000.0,0.12465062991749208
2025-10-14,9.12,9.64,9.11,9.45,26403715.0,247261738.0,292578000.0,0.09024504576557363
2025-10-15,9.28,9.32,9.13,9.18,16970212.0,156016190.0,292578000.0,0.05800235150968289
2025-10-16,9.19,9.36,9.19,9.35,15894556.0,147449873.0,292578000.0,0.05432587549303092
2025-10-17,9.24,9.35,9.1,9.13,11391728.0,104905750.0,292578000.0,0.03893569578027056
2025-10-20,9.07,9.15,9.03,9.13,8612660.0,78197100.0,292578000.0,0.0294371415485785
2025-10-21,9.09,9.18,9.06,9.17,7141649.0,65202777.0,292578000.0,0.02440938484780127
2025-10-22,9.12,9.23,9.1,9.12,7231000.0,66263699.0,292578000.0,0.024714776914190405
2025-10-23,9.1,9.21,9.08,9.21,6331100.0,58013741.0,292578000.0,0.021639015920540846
2025-10-24,9.19,9.32,9.15,9.27,8149820.0,75414603.0,292578000.0,0.02785520442411938
2025-10-27,9.28,9.32,9.16,9.22,8113468.0,74923971.0,292578000.0,0.027730957214828184
2025-10-28,9.22,9.28,9.17,9.23,4765953.0,43965215.0,292578000.0,0.016289512540245677
2025-10-29,9.15,9.17,8.9,9.03,9649219.0,86842890.0,292578000.0,0.03297998824245159
2025-10-30,9.02,9.06,8.91,8.98,6545200.0,58761454.0,292578000.0,0.022370786593660492
2025-10-31,8.92,9.02,8.91,9.01,4507173.0,40492394.0,292578000.0,0.01540503045341755
2025-11-03,9.01,9.11,9.0,9.1,5099650.0,46212300.0,292578000.0,0.017430052840610024
2025-11-04,9.07,9.14,9.04,9.12,4787893.0,43509310.0,292578000.0,0.016364501090307543
2025-11-05,9.11,9.34,9.07,9.32,11573222.0,107122202.0,292578000.0,0.03955602266745962
2025-11-06,9.33,9.39,9.27,9.35,9944766.0,92734007.0,292578000.0,0.033990135963743
2025-11-07,9.36,9.41,9.24,9.25,7174232.0,66730045.0,292578000.0,0.0245207500222163
2025-11-10,9.23,9.4,9.2,9.4,7183431.0,67032903.0,292578000.0,0.024552191210548982
2025-11-11,9.43,9.46,9.34,9.45,6889263.0,64901435.0,292578000.0,0.023546756762299285
2025-11-12,9.44,9.51,9.37,9.44,5129213.0,48336913.0,292578000.0,0.017531095981242608
2025-11-13,9.43,9.46,9.34,9.43,4085773.0,38477827.0,292578000.0,0.013964730772648662
2025-11-14,9.41,9.56,9.41,9.49,6235930.0,59251604.0,292578000.0,0.021313735140714614
2025-11-17,9.56,9.59,9.46,9.54,5718000.0,54458340.0,292578000.0,0.019543506347025407
2025-11-18,9.54,9.63,9.47,9.58,7560613.0,72251205.0,292578000.0,0.025841358543704583
2025-11-19,9.43,9.68,9.42,9.56,6859497.0,65389623.0,292578000.0,0.02344501978959457
2025-11-20,9.58,9.58,9.4,9.47,6893341.0,65390197.0,292578000.0,0.023560694925797564
2025-11-21,9.45,9.81,9.3,9.38,27320705.0,262713702.0,292578000.0,0.09337921853317747
2025-11-24,9.15,9.54,9.09,9.35,18446880.0,172967404.0,292578000.0,0.06304944322539631
2025-11-25,9.47,9.47,9.26,9.32,9940770.0,92576713.0,292578000.0,0.033976478067387156
2025-11-26,9.31,9.45,9.16,9.2,11291768.0,105044198.0,292578000.0,0.03859404329785562
2025-11-27,9.2,9.22,8.97,9.08,8581293.0,77956998.0,292578000.0,0.029329932530812296
2025-11-28,9.05,9.29,8.98,9.28,7919677.0,72465605.0,292578000.0,0.027068600509949484
2025-12-01,9.28,9.53,9.26,9.38,8509350.0,80052563.0,292578000.0,0.029084039128027397
2025-12-02,9.31,9.58,9.25,9.51,10418911.0,98553645.0,292578000.0,0.035610712357046666
2025-12-03,9.47,9.55,9.36,9.41,5558732.0,52431846.0,292578000.0,0.018999145527004765
2025-12-04,9.41,9.42,8.91,8.93,13123800.0,119044559.0,292578000.0,0.044855730779484446
2025-12-05,8.94,9.2,8.89,9.18,10543860.0,95968261.0,292578000.0,0.03603777454217337
2025-12-08,9.19,9.37,9.13,9.26,9043001.0,83625936.0,292578000.0,0.03090800060154899
2025-12-09,9.25,9.4,9.1,9.35,11189456.0,104118500.0,292578000.0,0.038244351933501494
2025-12-10,9.33,9.45,9.29,9.37,7695700.0,72123416.0,292578000.0,0.026303071317734076
2025-12-11,9.37,9.4,9.07,9.1,9250300.0,84603651.0,292578000.0,0.03161652619130625
2025-12-12,9.1,9.19,8.88,8.9,11438901.0,103026498.0,292578000.0,0.03909692799868753
2025-12-15,8.91,8.98,8.79,8.88,6860019.0,61002020.0,292578000.0,0.023446803929208622
2025-12-16,8.88,9.03,8.65,8.69,7886300.0,69262926.0,292578000.0,0.026954521529301587
2025-12-17,8.75,8.75,8.5,8.67,8005831.0,68727362.0,292578000.0,0.027363065575675548
2025-12-18,8.62,8.81,8.6,8.73,5315058.0,46340207.0,292578000.0,0.018166294116440745
2025-12-19,8.72,9.05,8.68,9.03,9942200.0,88645887.0,292578000.0,0.033981365652919905
2025-12-22,9.02,9.15,8.96,9.14,7111500.0,64705739.0,292578000.0,0.024306338822467854
2025-12-23,9.14,9.17,8.99,9.03,5706400.0,51584336.0,292578000.0,0.019503858800046483
2025-12-24,9.0,9.05,8.96,9.03,4226315.0,38070215.0,292578000.0,0.014445088147434188
2025-12-25,8.99,9.04,8.93,8.99,4841810.0,43475181.0,292578000.0,0.016548783572243982
2025-12-26,9.0,9.07,8.94,9.0,5677358.0,51065743.0,292578000.0,0.01940459638113597
2025-12-29,8.99,9.0,8.84,8.9,5510650.0,49071149.0,292578000.0,0.01883480644477712
2025-12-30,8.88,9.05,8.78,8.83,6283776.0,55838156.0,292578000.0,0.021477267600434755
2025-12-31,8.83,8.87,8.63,8.72,7117663.0,61953556.0,292578000.0,0.0243274032907464
2026-01-05,8.75,8.78,8.72,8.76,4691295.0,41059219.0,292578000.0,0.01603433956073252
2026-01-06,8.75,8.89,8.73,8.87,5452400.0,48152704.0,292578000.0,0.018635714236887257
2026-01-07,8.87,8.92,8.76,8.83,6145023.0,54322589.0,292578000.0,0.021003024834403132
2026-01-08,8.84,8.93,8.82,8.9,5308400.0,47172004.0,292578000.0,0.018143537791631633
2026-01-09,8.91,8.98,8.88,8.98,5905176.0,52808186.0,292578000.0,0.020183253696450177
2026-01-12,9.04,9.04,8.91,9.01,5844000.0,52407346.0,292578000.0,0.01997416073662408
2026-01-13,9.01,9.07,8.9,8.94,6830036.0,61350281.0,292578000.0,0.023344325273944044
2026-01-14,8.96,8.99,8.82,8.92,7090590.0,63292411.0,292578000.0,0.024234870701146362
2026-01-15,8.88,8.99,8.86,8.95,3942391.0,35256578.0,292578000.0,0.013474666584637258
2026-01-16,8.93,9.03,8.86,8.94,4772921.0,42641993.0,292578000.0,0.01631332841156888
2026-01-19,8.94,9.07,8.9,9.05,7731999.0,69701641.0,292578000.0,0.02642713737875028
2026-01-20,9.05,9.08,8.99,9.05,5421641.0,49017988.0,292578000.0,0.018530583297445467
2026-01-21,9.05,9.05,8.94,9.03,3539818.0,31871867.0,292578000.0,0.012098715556193563
2026-01-22,9.03,9.12,9.0,9.12,4921455.0,44718959.0,292578000.0,0.016821001579066096
2026-01-23,9.12,9.16,9.05,9.14,4971043.0,45232438.0,292578000.0,0.01699048800661704
2026-01-26,9.18,9.22,9.1,9.14,7049200.0,64515136.0,292578000.0,0.02409340415205518
2026-01-27,9.12,9.15,8.89,9.0,5862814.0,52707810.0,292578000.0,0.02003846495635352
2026-01-28,8.99,9.3,8.97,9.22,13280424.0,122097787.0,292578000.0,0.04539105469310748
2026-01-29,9.2,9.5,9.19,9.35,13441120.0,125600162.0,292578000.0,0.045940296262876906
2026-01-30,9.4,10.29,9.29,10.29,61194415.0,618444915.0,292578000.0,0.2091559003069267
2026-02-02,9.89,10.1,9.52,9.56,53156124.0,516451679.0,292578000.0,0.18168188995754977
2026-02-03,9.68,9.76,9.48,9.64,30552001.0,293169626.0,292578000.0,0.1044234392196269
2026-02-04,9.79,9.81,9.26,9.45,34631999.0,328759564.0,292578000.0,0.11836843166608563
2026-02-05,9.45,9.81,9.26,9.27,25711219.0,243969973.0,292578000.0,0.08787816924033932
2026-02-06,9.25,9.39,9.18,9.28,17087346.0,159122931.0,292578000.0,0.05840270286897853
2026-02-09,9.27,9.36,9.24,9.31,14505273.0,134690827.0,292578000.0,0.049577456268072105
2026-02-10,9.31,9.31,9.13,9.19,11861960.0,108925464.0,292578000.0,0.0405428979622528
2026-02-11,9.18,9.22,9.11,9.17,8331580.0,76467987.0,292578000.0,0.02847644047057537
2026-02-12,9.15,9.16,8.92,8.93,12750000.0,114646326.0,292578000.0,0.04357812275700839
2026-02-13,8.95,9.05,8.95,8.97,7219315.0,64961473.0,292578000.0,0.0246748388463931
2026-02-24,9.02,9.24,9.01,9.21,12855904.0,117976817.0,292578000.0,0.04394009118935805
2026-02-25,9.21,9.38,9.15,9.36,12221125.0,113952459.0,292578000.0,0.04177048513558777
2026-02-26,9.36,9.56,9.27,9.33,12282884.0,115317438.0,292578000.0,0.04198157072643876
2026-02-27,9.31,9.47,9.22,9.45,10812900.0,101446146.0,292578000.0,0.03695732420072596
2026-03-02,9.45,9.66,9.43,9.56,17197249.0,164219225.0,292578000.0,0.058778339451359976
2026-03-03,9.55,9.85,9.45,9.58,23199610.0,224966995.0,292578000.0,0.07929376097997799
2026-03-04,9.49,10.22,9.46,9.95,38675126.0,383599807.0,292578000.0,0.13218740301731505
2026-03-05,9.45,9.8,9.33,9.4,28780346.0,272488587.0,292578000.0,0.0983681138021314
2026-03-06,9.42,9.78,9.36,9.68,21034756.0,202524408.0,292578000.0,0.07189452385346813
2026-03-09,9.81,10.1,9.67,9.69,23235101.0,228943143.0,292578000.0,0.07941506538427359
2026-03-10,9.77,9.8,9.48,9.72,15632575.0,151809350.0,292578000.0,0.053430452733971796
2026-03-11,9.78,9.79,9.58,9.7,11521614.0,111516574.0,292578000.0,0.03937963209810717
2026-03-12,9.68,9.75,9.41,9.56,12591930.0,120943625.0,292578000.0,0.043037856571580914
2026-03-13,9.58,9.7,9.43,9.46,12366500.0,118425396.0,292578000.0,0.04226736118231719
2026-03-16,9.45,9.96,9.43,9.9,24024996.0,236409174.0,292578000.0,0.08211484117055964
2026-03-17,9.77,9.91,9.44,9.47,15695269.0,151127268.0,292578000.0,0.053644734053824965
2026-03-18,9.5,9.5,9.2,9.28,9116960.0,84712923.0,292578000.0,0.031160784474567466
2026-03-19,9.28,9.54,8.98,9.0,16082800.0,147904162.0,292578000.0,0.05496927315109133
2026-03-20,8.98,9.04,8.68,8.71,14352537.0,126269856.0,292578000.0,0.04905542111847097
2026-03-23,8.55,8.55,7.86,7.98,16782236.0,137121784.0,292578000.0,0.057359869846673364
2026-03-24,8.09,8.26,7.87,8.26,12376680.0,99751164.0,292578000.0,0.04230215532268318
2026-03-25,8.26,8.52,8.17,8.47,9224100.0,77661525.0,292578000.0,0.031526977421405575
2026-03-26,8.43,8.63,8.25,8.31,8629643.0,72310834.0,292578000.0,0.029495187608090834
2026-03-27,8.36,8.57,8.3,8.54,8300400.0,70240450.0,292578000.0,0.0283698705986096
2026-03-30,8.42,8.96,8.41,8.87,13881020.0,122495116.0,292578000.0,0.04744382694529322
2026-03-31,8.81,8.98,8.52,8.53,12013000.0,104235414.0,292578000.0,0.04105913636705426
2026-04-01,8.58,8.71,8.48,8.7,6820665.0,58699790.0,292578000.0,0.023312296208190638
2026-04-02,8.7,8.8,8.57,8.61,5725143.0,49652094.0,292578000.0,0.019567920349445277
2026-04-03,8.58,8.61,8.16,8.19,7978116.0,66162457.0,292578000.0,0.027268338699423744
2026-04-07,8.19,8.59,8.11,8.53,7955361.0,67193254.0,292578000.0,0.02719056456739741
2026-04-08,8.6,8.93,8.47,8.86,10920748.0,96235866.0,292578000.0,0.037325937015086574
2026-04-09,8.76,8.9,8.56,8.65,7593300.0,65817220.0,292578000.0,0.02595307917888563
2026-04-10,8.67,8.77,8.59,8.67,4926863.0,42792998.0,292578000.0,0.016839485538899027
2026-04-13,8.63,8.71,8.54,8.66,4060300.0,35036248.0,292578000.0,0.013877666810218129
2026-04-14,8.71,8.74,8.56,8.74,5235043.0,45219487.0,292578000.0,0.017892811489585683
2026-04-15,8.73,8.73,8.57,8.6,4446703.0,38280380.0,292578000.0,0.015198350525329998
2026-04-16,8.55,8.68,8.27,8.66,8691310.0,73506303.0,292578000.0,0.029705958752879576
2026-04-17,8.64,8.76,8.48,8.64,5697800.0,48970034.0,292578000.0,0.019474464929010383
2026-04-20,8.65,8.79,8.64,8.77,5135962.0,44838456.0,292578000.0,0.017554163334221985
2026-04-21,8.76,8.8,8.57,8.64,4317548.0,37282408.0,292578000.0,0.014756912686531455
2026-04-22,8.6,8.68,8.53,8.57,3646413.0,31271844.0,292578000.0,0.012463045751902057
2026-04-23,8.58,8.6,8.41,8.58,4123200.0,35123382.0,292578000.0,0.014092652215819372
2026-04-24,8.51,8.62,8.41,8.55,4031883.0,34331997.0,292578000.0,0.013780540573795706
2026-04-27,8.54,8.67,8.35,8.66,5198640.0,44394606.0,292578000.0,0.017768389967803458
2026-04-28,8.58,8.68,8.43,8.56,5287789.0,45213772.0,292578000.0,0.01807309162001244
2026-04-29,8.64,8.73,8.5,8.69,6202468.0,53815938.0,292578000.0,0.021199365639248336
2026-04-30,8.69,8.81,8.65,8.79,4730489.0,41473716.0,292578000.0,0.016168300419033558
2026-05-06,8.8,8.84,8.69,8.76,5332383.0,46693647.0,292578000.0,0.018225509095010563
2026-05-07,8.78,8.79,8.6,8.65,6173050.0,53483434.0,292578000.0,0.02109881809295299
2026-05-08,8.63,8.76,8.62,8.72,5027649.0,43751983.0,292578000.0,0.017183961200090234
2026-05-11,8.75,8.78,8.68,8.74,4851075.0,42361149.0,292578000.0,0.01658045034144741
2026-05-12,8.71,8.74,8.47,8.49,6463787.0,55407620.0,292578000.0,0.022092525753816077
2026-05-13,8.52,8.6,8.43,8.43,4281072.0,36288850.0,292578000.0,0.01463224165863462
2026-05-14,8.44,8.47,8.31,8.33,4889664.0,40933369.0,292578000.0,0.016712343375099973
2026-05-15,8.37,8.44,8.21,8.29,5026560.0,41774855.0,292578000.0,0.017180239115722987
2026-05-18,8.29,8.3,8.09,8.24,5305090.0,43400424.0,292578000.0,0.018132224569174717
2026-05-19,8.28,8.69,8.26,8.48,8669890.0,73537042.0,292578000.0,0.0296327475066478
2026-05-20,8.45,8.47,8.1,8.16,5962896.0,48937938.0,292578000.0,0.02038053442159014
2026-05-21,8.18,8.3,7.92,7.94,5544938.0,44991064.0,292578000.0,0.01895199912501965
2026-05-22,7.99,8.06,7.83,8.05,4229687.0,33584144.0,292578000.0,0.014456613279193925
2026-05-25,8.02,8.1,7.87,7.91,3747887.0,29780937.0,292578000.0,0.012809872922776149
2026-05-26,7.81,7.85,7.6,7.66,4115932.0,31702271.0,292578000.0,0.014067810976901886
2026-05-27,7.69,7.7,7.43,7.53,4886686.0,36776353.0,292578000.0,0.01670216489278073
2026-05-28,7.49,7.54,7.29,7.49,4860845.0,36094242.0,292578000.0,0.01661384314610121
2026-05-29,7.52,7.63,7.4,7.48,4241598.0,31883453.0,292578000.0,0.014497323790578923
2026-06-01,7.38,7.84,7.37,7.78,5951014.0,45768663.0,292578000.0,0.02033992302907259
2026-06-02,7.89,7.89,7.42,7.48,5690060.0,42793867.0,292578000.0,0.019448010445077893
2026-06-03,7.55,7.57,7.3,7.38,4498580.0,33186532.0,292578000.0,0.015375660507625318
2026-06-04,7.35,7.47,7.16,7.23,3953573.0,28683647.0,292578000.0,0.01351288545276815
2026-06-05,7.24,7.4,7.13,7.34,5132004.0,37424935.0,292578000.0,0.017540635317761417
2026-06-08,7.1,7.4,7.06,7.15,4292664.0,30869927.0,292578000.0,0.014671861862477698
2026-06-09,7.15,7.26,7.01,7.13,3720300.0,26529333.0,292578000.0,0.012715583536697906
2026-06-10,7.1,7.22,7.01,7.1,3211230.0,22740450.0,292578000.0,0.010975637265959846
2026-06-11,7.08,7.13,6.96,7.05,2870542.0,20237364.0,292578000.0,0.009811202482756735
2026-06-12,7.08,7.2,6.97,7.14,4105950.0,29227068.0,292578000.0,0.014033693579148125
2026-06-15,7.14,7.3,6.99,7.0,5446752.0,38604009.0,292578000.0,0.018616409982978897
2026-06-16,7.03,7.03,6.78,6.89,5150296.0,35342751.0,292578000.0,0.017603155397876807
2026-06-17,6.88,6.88,6.65,6.66,4696930.0,31503264.0,292578000.0,0.01605359938204513
2026-06-18,6.6,6.73,6.5,6.62,4110259.0,27267302.0,292578000.0,0.014048421275694003
2026-06-22,6.59,6.72,6.39,6.7,4251848.0,27807581.0,292578000.0,0.014532357183383577
2026-06-23,6.62,6.99,6.61,6.84,5110350.0,35118342.0,292578000.0,0.017466624284806102
2026-06-24,6.9,6.91,6.55,6.56,4518788.0,30020495.0,292578000.0,0.01544472926877619
2026-06-25,6.57,6.57,6.4,6.48,3913860.0,25343187.0,292578000.0,0.013377150708529007
2026-06-26,6.42,6.5,6.28,6.36,3902743.0,24970993.0,292578000.0,0.013339154003376878
2026-06-29,6.42,6.46,6.13,6.45,5151311.0,32600460.0,292578000.0,0.01760662455823746
2026-06-30,6.4,6.5,6.21,6.25,5001126.0,31561999.0,292578000.0,0.017093308451079713
2026-07-01,6.24,6.63,6.24,6.51,6586994.0,42564100.0,292578000.0,0.022513633971111977
2026-07-02,6.5,6.71,6.47,6.58,5190900.0,34267419.0,292578000.0,0.017741935483870968
2026-07-03,6.58,6.72,6.51,6.71,4461689.0,29669701.0,292578000.0,0.015249571054556392
2026-07-06,6.72,6.83,6.69,6.75,4308200.0,29104079.0,292578000.0,0.01472496223229361
2026-07-07,6.72,6.75,6.53,6.61,4504383.0,29832033.0,292578000.0,0.015395494534790723
2026-07-08,6.58,6.63,6.44,6.56,3502035.0,22918537.0,292578000.0,0.011969577343477637
2026-07-09,6.54,6.62,6.4,6.5,3716300.0,24123408.0,292578000.0,0.012701911968774139
2026-07-10,6.52,6.79,6.39,6.67,5792600.0,38617791.0,292578000.0,0.01979848108880367
2026-07-13,6.7,6.74,6.5,6.54,4593800.0,30192269.0,292578000.0,0.0157011121820506
2026-07-14,6.53,6.73,6.51,6.72,5318430.0,35322524.0,292578000.0,0.01817781924820048
2026-07-15,6.65,6.84,6.61,6.81,4667700.0,31609410.0,292578000.0,0.0159536943994422
2026-07-16,6.81,6.89,6.71,6.81,3704888.0,25291235.0,292578000.0,0.01266290698548763
2026-07-17,6.85,6.94,6.59,6.65,5271710.0,35514816.0,292578000.0,0.018018135334850877
2026-07-20,6.63,6.78,6.38,6.44,6434600.0,42298395.0,292578000.0,0.02199276774056833
2026-07-21,6.45,6.49,6.16,6.32,6713750.0,42241413.0,292578000.0,0.02294687228704824
2026-07-22,6.26,6.34,6.18,6.24,4018146.0,25110416.0,292578000.0,0.013733588991653507
2026-07-23,6.22,6.47,6.17,6.44,6074000.0,38518399.0,292578000.0,0.020760275892240703
2026-07-24,6.34,6.49,6.25,6.26,4907301.0,31155351.0,292578000.0,0.016772624735967846
2026-07-27,6.25,6.44,6.2,6.39,3825300.0,24376104.0,292578000.0,0.013074462194696799
2026-07-28,6.38,6.54,6.32,6.43,3354300.0,21700073.0,292578000.0,0.011464635071673194
2026-07-29,6.48,6.55,6.41,6.54,3861587.0,25099606.0,292578000.0,0.013198487241009235
2026-07-30,6.58,6.69,6.49,6.63,4973988.0,32919628.0,292578000.0,0.01700055369850091
2026-07-31,6.57,6.81,6.53,6.78,4801048.0,32101328.0,292578000.0,0.01640946345931683
2026-08-03,6.77,6.95,6.71,6.94,4555690.0,31405569.0,292578000.0,0.015570856318656906
2026-08-04,6.97,7.06,6.88,6.91,4388600.0,30513817.0,292578000.0,0.014999760747561335
2026-08-05,6.97,7.01,6.85,6.91,4196150.0,29101907.0,292578000.0,0.014341987435829078
2026-08-06,6.91,7.24,6.82,7.09,9618940.0,67661672.0,292578000.0,0.03287649789116065
2026-08-07,7.1,7.12,6.85,7.05,9112420.0,63367484.0,292578000.0,0.03114526724497399
2026-08-10,7.04,7.28,6.99,7.27,6882660.0,49430948.0,292578000.0,0.023524188421549127
2026-08-11,7.24,7.34,7.14,7.26,5619800.0,40627631.0,292578000.0,0.01920786935449692
2026-08-12,7.24,7.33,7.16,7.29,10047635.0,72725730.0,292578000.0,0.03434173109393051
2026-08-13,7.27,7.3,7.13,7.21,6082464.0,43885888.0,292578000.0,0.020789204929967393
2026-08-14,7.21,7.25,7.08,7.11,4418316.0,31490656.0,292578000.0,0.015101326825667002
2026-08-17,7.14,7.45,7.14,7.4,11557170.0,85026765.0,292578000.0,0.039501158665381536
2026-08-18,7.35,8.14,7.35,8.14,10829024.0,87294607.0,292578000.0,0.037012434291026665
2026-08-19,8.42,8.95,8.32,8.95,53173255.0,468331761.0,292578000.0,0.1817404418650753
2026-08-20,8.06,9.53,8.06,8.6,53066956.0,442906780.0,292578000.0,0.18137712336539316
2026-08-21,8.11,8.14,7.74,7.74,29677476.0,231340606.0,292578000.0,0.10143440723499375
2026-08-24,7.5,8.2,7.5,7.88,36440051.0,289168860.0,292578000.0,0.12454815809801147
2026-08-25,7.72,8.67,7.72,8.67,47609098.0,406261427.0,292578000.0,0.16272275427407393
2026-08-26,9.0,9.54,8.79,9.54,48345370.0,452229232.0,292578000.0,0.16523925243866594
2026-08-27,10.45,10.49,10.2,10.49,16229677.0,169885569.0,292578000.0,0.05547128287157613
2026-08-28,11.54,11.54,11.54,11.54,4908644.0,56645752.0,292578000.0,0.01677721496489825
2026-08-31,12.69,12.69,12.69,12.69,13716150.0,174057944.0,292578000.0,0.04688031909439534
2026-09-01,13.61,13.96,13.2,13.96,45618061.0,628098313.0,292578000.0,0.15591760487801543
2026-09-02,14.2,14.97,13.33,14.42,101985946.0,1453094160.0,292578000.0,0.34857694700216696
2026-09-03,13.75,14.2,12.98,13.08,75445541.0,1013317274.0,292578000.0,0.25786470958171837
2026-09-04,12.65,13.93,12.05,13.7,80978357.0,1063620707.0,292578000.0,0.27677527702014504
2026-09-07,14.23,15.07,14.04,15.07,83588679.0,1222131039.0,292578000.0,0.2856970756516211
2026-09-08,15.37,16.58,15.37,15.83,95677125.0,1535853892.0,292578000.0,0.3270140782970695
2026-09-09,14.61,16.1,14.61,15.4,81756756.0,1269791878.0,292578000.0,0.2794357607202182
2026-09-10,15.3,15.35,14.09,14.15,62772163.0,914559778.0,292578000.0,0.21454847254407372
2026-09-11,14.01,15.57,13.51,14.78,81303028.0,1219040626.0,292578000.0,0.2778849674274894
2026-09-14,14.54,14.98,13.3,14.21,72203136.0,1006295486.0,292578000.0,0.24678251953325267
2026-09-15,14.21,15.21,12.8,12.93,66239144.0,923742015.0,292578000.0,0.22639823910205142
2026-09-16,12.9,14.22,12.53,14.22,43918485.0,602055790.0,292578000.0,0.15010863769661423
2026-09-17,14.73,15.64,13.01,15.64,79838708.0,1147572898.0,292578000.0,0.27288007984195667
2026-09-18,14.3,16.73,14.3,15.4,89498739.0,1384581421.0,292578000.0,0.3058970223325062
2026-09-21,15.4,16.82,14.86,16.39,78940820.0,1257714137.0,292578000.0,0.26981119564697276
2026-09-22,16.11,16.8,15.12,15.71,71870765.0,1136939850.0,292578000.0,0.24564651135765506
2026-09-23,15.39,17.28,14.7,17.28,81253578.0,1324585012.0,292578000.0,0.2777159526690319
2026-09-24,18.08,18.5,15.56,15.85,90666801.0,1549957474.0,292578000.0,0.3098893320755491
