代码,简称,公告标题,公告时间,公告链接
603363,傲农生物,福建傲农生物科技集团股份有限公司2026年8月公司担保情况的公告,2026-09-24,http://www.cninfo.com.cn/new/disclosure/detail?stockCode=603363&announcementId=1225579297&orgId=9900033003&announcementTime=2026-09-24
603363,傲农生物,福建傲农生物科技集团股份有限公司2026年第二次临时股东会决议公告,2026-09-24,http://www.cninfo.com.cn/new/disclosure/detail?stockCode=603363&announcementId=1225579296&orgId=9900033003&announcementTime=2026-09-24
603363,傲农生物,北京市中伦律师事务所关于福建傲农生物科技集团股份有限公司2026年第二次临时股东会的法律意见书,2026-09-24,http://www.cninfo.com.cn/new/disclosure/detail?stockCode=603363&announcementId=1225579280&orgId=9900033003&announcementTime=2026-09-24
603363,傲农生物,国泰海通证券股份有限公司关于福建傲农生物科技集团股份有限公司部分限售股上市流通的核查意见,2026-09-24,http://www.cninfo.com.cn/new/disclosure/detail?stockCode=603363&announcementId=1225579200&orgId=9900033003&announcementTime=2026-09-24
603363,傲农生物,福建傲农生物科技集团股份有限公司关于部分限售股上市流通的公告,2026-09-24,http://www.cninfo.com.cn/new/disclosure/detail?stockCode=603363&announcementId=1225579198&orgId=9900033003&announcementTime=2026-09-24
603363,傲农生物,福建傲农生物科技集团股份有限公司关于公司及相关当事人收到中国证券监督管理委员会福建监管局《行政处罚决定书》 的公告,2026-09-19,http://www.cninfo.com.cn/new/disclosure/detail?stockCode=603363&announcementId=1225571230&orgId=9900033003&announcementTime=2026-09-19
603363,傲农生物,福建傲农生物科技集团股份有限公司2026年第二次临时股东会会议资料,2026-09-08,http://www.cninfo.com.cn/new/disclosure/detail?stockCode=603363&announcementId=1225551511&orgId=9900033003&announcementTime=2026-09-08
603363,傲农生物,福建傲农生物科技集团股份有限公司2026年8月养殖业务主要经营数据公告,2026-09-08,http://www.cninfo.com.cn/new/disclosure/detail?stockCode=603363&announcementId=1225551502&orgId=9900033003&announcementTime=2026-09-08
603363,傲农生物,福建傲农生物科技集团股份有限公司关于召开2026年第二次临时股东会的通知,2026-09-08,http://www.cninfo.com.cn/new/disclosure/detail?stockCode=603363&announcementId=1225551491&orgId=9900033003&announcementTime=2026-09-08
603363,傲农生物,福建傲农生物科技集团股份有限公司第四届董事会第二十七次会议决议公告,2026-09-02,http://www.cninfo.com.cn/new/disclosure/detail?stockCode=603363&announcementId=1225542064&orgId=9900033003&announcementTime=2026-09-02
603363,傲农生物,福建傲农生物科技集团股份有限公司关于公司及相关当事人收到中国证券监督管理委员会福建监管局《行政处罚事先告知书》 的公告,2026-09-02,http://www.cninfo.com.cn/new/disclosure/detail?stockCode=603363&announcementId=1225542063&orgId=9900033003&announcementTime=2026-09-02
603363,傲农生物,福建傲农生物科技集团股份有限公司关于董事会秘书离任的公告,2026-09-02,http://www.cninfo.com.cn/new/disclosure/detail?stockCode=603363&announcementId=1225542060&orgId=9900033003&announcementTime=2026-09-02
603363,傲农生物,福建傲农生物科技集团股份有限公司关于聘任公司副总经理、董事会秘书的公告,2026-09-02,http://www.cninfo.com.cn/new/disclosure/detail?stockCode=603363&announcementId=1225542056&orgId=9900033003&announcementTime=2026-09-02
603363,傲农生物,福建傲农生物科技集团股份有限公司关于续聘2026年度审计机构的公告,2026-08-31,http://www.cninfo.com.cn/new/disclosure/detail?stockCode=603363&announcementId=1225535094&orgId=9900033003&announcementTime=2026-08-31
603363,傲农生物,福建傲农生物科技集团股份有限公司关于变更公司注册资本并修订公司章程的公告,2026-08-31,http://www.cninfo.com.cn/new/disclosure/detail?stockCode=603363&announcementId=1225535050&orgId=9900033003&announcementTime=2026-08-31
603363,傲农生物,福建傲农生物科技集团股份有限公司关于召开2026年半年度业绩说明会的公告,2026-08-31,http://www.cninfo.com.cn/new/disclosure/detail?stockCode=603363&announcementId=1225534882&orgId=9900033003&announcementTime=2026-08-31
603363,傲农生物,福建傲农生物科技集团股份有限公司关于调整2026年度为产业链合作伙伴提供担保额度的公告,2026-08-31,http://www.cninfo.com.cn/new/disclosure/detail?stockCode=603363&announcementId=1225534542&orgId=9900033003&announcementTime=2026-08-31
603363,傲农生物,福建傲农生物科技集团股份有限公司第四届董事会第二十六次会议决议公告,2026-08-31,http://www.cninfo.com.cn/new/disclosure/detail?stockCode=603363&announcementId=1225534519&orgId=9900033003&announcementTime=2026-08-31
603363,傲农生物,福建傲农生物科技集团股份有限公司2026年半年度报告,2026-08-31,http://www.cninfo.com.cn/new/disclosure/detail?stockCode=603363&announcementId=1225534463&orgId=9900033003&announcementTime=2026-08-31
603363,傲农生物,福建傲农生物科技集团股份有限公司2026年半年度报告摘要,2026-08-31,http://www.cninfo.com.cn/new/disclosure/detail?stockCode=603363&announcementId=1225534396&orgId=9900033003&announcementTime=2026-08-31
603363,傲农生物,福建傲农生物科技集团股份有限公司章程（2026年8月修订）,2026-08-31,http://www.cninfo.com.cn/new/disclosure/detail?stockCode=603363&announcementId=1225534360&orgId=9900033003&announcementTime=2026-08-31
603363,傲农生物,福建傲农生物科技集团股份有限公司董事会秘书工作制度（2026年8月修订）,2026-08-31,http://www.cninfo.com.cn/new/disclosure/detail?stockCode=603363&announcementId=1225534165&orgId=9900033003&announcementTime=2026-08-31
603363,傲农生物,福建傲农生物科技集团股份有限公司2026年7月公司担保情况的公告,2026-08-31,http://www.cninfo.com.cn/new/disclosure/detail?stockCode=603363&announcementId=1225534135&orgId=9900033003&announcementTime=2026-08-31
603363,傲农生物,福建傲农生物科技集团股份有限公司2026年7月养殖业务主要经营数据公告,2026-08-08,http://www.cninfo.com.cn/new/disclosure/detail?stockCode=603363&announcementId=1225462977&orgId=9900033003&announcementTime=2026-08-08
603363,傲农生物,福建傲农生物科技集团股份有限公司关于持股5%以上股东权益变动触及1%刻度的提示性公告,2026-07-29,http://www.cninfo.com.cn/new/disclosure/detail?stockCode=603363&announcementId=1225445706&orgId=9900033003&announcementTime=2026-07-29
603363,傲农生物,福建傲农生物科技集团股份有限公司2026年6月公司担保情况的公告,2026-07-29,http://www.cninfo.com.cn/new/disclosure/detail?stockCode=603363&announcementId=1225445705&orgId=9900033003&announcementTime=2026-07-29
603363,傲农生物,福建傲农生物科技集团股份有限公司2026年半年度业绩预告,2026-07-15,http://www.cninfo.com.cn/new/disclosure/detail?stockCode=603363&announcementId=1225424177&orgId=9900033003&announcementTime=2026-07-15
603363,傲农生物,福建傲农生物科技集团股份有限公司2026年6月养殖业务主要经营数据公告,2026-07-07,http://www.cninfo.com.cn/new/disclosure/detail?stockCode=603363&announcementId=1225410652&orgId=9900033003&announcementTime=2026-07-07
603363,傲农生物,福建傲农生物科技集团股份有限公司2026年5月公司担保情况的公告,2026-06-30,http://www.cninfo.com.cn/new/disclosure/detail?stockCode=603363&announcementId=1225397452&orgId=9900033003&announcementTime=2026-06-30
603363,傲农生物,福建傲农生物科技集团股份有限公司关于控股股东的一致行动人增持股份结果公告,2026-06-30,http://www.cninfo.com.cn/new/disclosure/detail?stockCode=603363&announcementId=1225397442&orgId=9900033003&announcementTime=2026-06-30
603363,傲农生物,国泰海通证券股份有限公司关于福建傲农生物科技集团股份有限公司部分限售股上市流通的核查意见,2026-06-19,http://www.cninfo.com.cn/new/disclosure/detail?stockCode=603363&announcementId=1225377989&orgId=9900033003&announcementTime=2026-06-19
603363,傲农生物,福建傲农生物科技集团股份有限公司关于部分限售股上市流通的公告,2026-06-19,http://www.cninfo.com.cn/new/disclosure/detail?stockCode=603363&announcementId=1225377973&orgId=9900033003&announcementTime=2026-06-19
603363,傲农生物,福建傲农生物科技集团股份有限公司2025年年度股东会决议公告,2026-06-17,http://www.cninfo.com.cn/new/disclosure/detail?stockCode=603363&announcementId=1225374070&orgId=9900033003&announcementTime=2026-06-17
603363,傲农生物,北京市中伦律师事务所关于福建傲农生物科技集团股份有限公司2025年年度股东会的法律意见书,2026-06-17,http://www.cninfo.com.cn/new/disclosure/detail?stockCode=603363&announcementId=1225374064&orgId=9900033003&announcementTime=2026-06-17
603363,傲农生物,福建傲农生物科技集团股份有限公司2026年5月养殖业务主要经营数据公告,2026-06-09,http://www.cninfo.com.cn/new/disclosure/detail?stockCode=603363&announcementId=1225356504&orgId=9900033003&announcementTime=2026-06-09
603363,傲农生物,福建傲农生物科技集团股份有限公司2026年限制性股票激励计划首次授予结果公告,2026-06-04,http://www.cninfo.com.cn/new/disclosure/detail?stockCode=603363&announcementId=1225349364&orgId=9900033003&announcementTime=2026-06-04
603363,傲农生物,福建傲农生物科技集团股份有限公司董事、高级管理人员薪酬管理制度（2026年4月）,2026-05-27,http://www.cninfo.com.cn/new/disclosure/detail?stockCode=603363&announcementId=1225331168&orgId=9900033003&announcementTime=2026-05-27
603363,傲农生物,福建傲农生物科技集团股份有限公司2025年年度股东会会议资料,2026-05-27,http://www.cninfo.com.cn/new/disclosure/detail?stockCode=603363&announcementId=1225331158&orgId=9900033003&announcementTime=2026-05-27
603363,傲农生物,福建傲农生物科技集团股份有限公司股东减持股份结果公告,2026-05-27,http://www.cninfo.com.cn/new/disclosure/detail?stockCode=603363&announcementId=1225331154&orgId=9900033003&announcementTime=2026-05-27
603363,傲农生物,福建傲农生物科技集团股份有限公司关于召开2025年年度股东会的通知,2026-05-27,http://www.cninfo.com.cn/new/disclosure/detail?stockCode=603363&announcementId=1225331145&orgId=9900033003&announcementTime=2026-05-27
603363,傲农生物,福建傲农生物科技集团股份有限公司2026年4月公司担保情况的公告,2026-05-27,http://www.cninfo.com.cn/new/disclosure/detail?stockCode=603363&announcementId=1225331144&orgId=9900033003&announcementTime=2026-05-27
603363,傲农生物,福建傲农生物科技集团股份有限公司关于控股股东及其一致行动人权益变动触及1%刻度的提示性公告,2026-05-23,http://www.cninfo.com.cn/new/disclosure/detail?stockCode=603363&announcementId=1225324856&orgId=9900033003&announcementTime=2026-05-23
603363,傲农生物,国泰海通证券股份有限公司关于福建傲农生物科技集团股份有限公司部分限售股上市流通的核查意见,2026-05-22,http://www.cninfo.com.cn/new/disclosure/detail?stockCode=603363&announcementId=1225322652&orgId=9900033003&announcementTime=2026-05-22
603363,傲农生物,福建傲农生物科技集团股份有限公司关于部分限售股上市流通的公告,2026-05-22,http://www.cninfo.com.cn/new/disclosure/detail?stockCode=603363&announcementId=1225322648&orgId=9900033003&announcementTime=2026-05-22
603363,傲农生物,福建傲农生物科技集团股份有限公司关于持股5%以上股东权益变动触及1%刻度的提示性公告,2026-05-20,http://www.cninfo.com.cn/new/disclosure/detail?stockCode=603363&announcementId=1225316323&orgId=9900033003&announcementTime=2026-05-20
603363,傲农生物,福建傲农生物科技集团股份有限公司2026年限制性股票激励计划首次授予激励对象名单（授予日）,2026-05-19,http://www.cninfo.com.cn/new/disclosure/detail?stockCode=603363&announcementId=1225313408&orgId=9900033003&announcementTime=2026-05-19
603363,傲农生物,福建傲农生物科技集团股份有限公司董事会薪酬与考核委员会关于公司2026年限制性股票激励计划首次授予相关事项的核查意见,2026-05-19,http://www.cninfo.com.cn/new/disclosure/detail?stockCode=603363&announcementId=1225313403&orgId=9900033003&announcementTime=2026-05-19
603363,傲农生物,福建傲农生物科技集团股份有限公司关于调整2026年限制性股票激励计划首次授予激励对象名单和授予数量的公告,2026-05-19,http://www.cninfo.com.cn/new/disclosure/detail?stockCode=603363&announcementId=1225313398&orgId=9900033003&announcementTime=2026-05-19
603363,傲农生物,北京市中伦律师事务所关于福建傲农生物科技集团股份有限公司2026年限制性股票激励计划首次授予相关事项的法律意见书,2026-05-19,http://www.cninfo.com.cn/new/disclosure/detail?stockCode=603363&announcementId=1225313393&orgId=9900033003&announcementTime=2026-05-19
603363,傲农生物,福建傲农生物科技集团股份有限公司关于向2026年限制性股票激励计划激励对象首次授予限制性股票的公告,2026-05-19,http://www.cninfo.com.cn/new/disclosure/detail?stockCode=603363&announcementId=1225313388&orgId=9900033003&announcementTime=2026-05-19
603363,傲农生物,福建傲农生物科技集团股份有限公司第四届董事会第二十五次会议决议公告,2026-05-19,http://www.cninfo.com.cn/new/disclosure/detail?stockCode=603363&announcementId=1225313376&orgId=9900033003&announcementTime=2026-05-19
603363,傲农生物,福建傲农生物科技集团股份有限公司关于控股股东的一致行动人首次增持公司股份暨增持计划公告,2026-05-16,http://www.cninfo.com.cn/new/disclosure/detail?stockCode=603363&announcementId=1225310574&orgId=9900033003&announcementTime=2026-05-16
603363,傲农生物,福建傲农生物科技集团股份有限公司2026年4月养殖业务主要经营数据公告,2026-05-12,http://www.cninfo.com.cn/new/disclosure/detail?stockCode=603363&announcementId=1225289941&orgId=9900033003&announcementTime=2026-05-12
603363,傲农生物,福建傲农生物科技集团股份有限公司关于召开2025年年度暨2026年第一季度业绩说明会的公告,2026-04-28,http://www.cninfo.com.cn/new/disclosure/detail?stockCode=603363&announcementId=1225204160&orgId=9900033003&announcementTime=2026-04-28
603363,傲农生物,福建傲农生物科技集团股份有限公司2026年第一季度报告,2026-04-28,http://www.cninfo.com.cn/new/disclosure/detail?stockCode=603363&announcementId=1225204108&orgId=9900033003&announcementTime=2026-04-28
603363,傲农生物,福建傲农生物科技集团股份有限公司非经营性资金占用及其他关联资金往来情况专项报告,2026-04-23,http://www.cninfo.com.cn/new/disclosure/detail?stockCode=603363&announcementId=1225149455&orgId=9900033003&announcementTime=2026-04-23
603363,傲农生物,福建傲农生物科技集团股份有限公司2025年营业收入扣除情况的专项审核报告,2026-04-23,http://www.cninfo.com.cn/new/disclosure/detail?stockCode=603363&announcementId=1225149450&orgId=9900033003&announcementTime=2026-04-23
603363,傲农生物,福建傲农生物科技集团股份有限公司第四届董事会第二十三次会议决议公告,2026-04-23,http://www.cninfo.com.cn/new/disclosure/detail?stockCode=603363&announcementId=1225149445&orgId=9900033003&announcementTime=2026-04-23
603363,傲农生物,福建傲农生物科技集团股份有限公司关于计提减值准备和核销资产的公告,2026-04-23,http://www.cninfo.com.cn/new/disclosure/detail?stockCode=603363&announcementId=1225149439&orgId=9900033003&announcementTime=2026-04-23
603363,傲农生物,福建傲农生物科技集团股份有限公司2025年度内部控制审计报告,2026-04-23,http://www.cninfo.com.cn/new/disclosure/detail?stockCode=603363&announcementId=1225149417&orgId=9900033003&announcementTime=2026-04-23
603363,傲农生物,福建傲农生物科技集团股份有限公司2025年度独立董事述职报告-游相华,2026-04-23,http://www.cninfo.com.cn/new/disclosure/detail?stockCode=603363&announcementId=1225149414&orgId=9900033003&announcementTime=2026-04-23
603363,傲农生物,福建傲农生物科技集团股份有限公司2025年度独立董事述职报告（俞道进）,2026-04-23,http://www.cninfo.com.cn/new/disclosure/detail?stockCode=603363&announcementId=1225149413&orgId=9900033003&announcementTime=2026-04-23
603363,傲农生物,福建傲农生物科技集团股份有限公司2025年度内部控制评价报告,2026-04-23,http://www.cninfo.com.cn/new/disclosure/detail?stockCode=603363&announcementId=1225149410&orgId=9900033003&announcementTime=2026-04-23
603363,傲农生物,福建傲农生物科技集团股份有限公司董事会审计委员会对会计师事务所2025年度履行监督职责情况的报告,2026-04-23,http://www.cninfo.com.cn/new/disclosure/detail?stockCode=603363&announcementId=1225149395&orgId=9900033003&announcementTime=2026-04-23
603363,傲农生物,福建傲农生物科技集团股份有限公司关于公司董事、高级管理人员2026年度薪酬方案的公告,2026-04-23,http://www.cninfo.com.cn/new/disclosure/detail?stockCode=603363&announcementId=1225149394&orgId=9900033003&announcementTime=2026-04-23
603363,傲农生物,福建傲农生物科技集团股份有限公司2025年度审计报告,2026-04-23,http://www.cninfo.com.cn/new/disclosure/detail?stockCode=603363&announcementId=1225149392&orgId=9900033003&announcementTime=2026-04-23
603363,傲农生物,福建傲农生物科技集团股份有限公司2025年年度报告摘要,2026-04-23,http://www.cninfo.com.cn/new/disclosure/detail?stockCode=603363&announcementId=1225149388&orgId=9900033003&announcementTime=2026-04-23
603363,傲农生物,福建傲农生物科技集团股份有限公司2025年度独立董事述职报告（刘峰已离任）,2026-04-23,http://www.cninfo.com.cn/new/disclosure/detail?stockCode=603363&announcementId=1225149380&orgId=9900033003&announcementTime=2026-04-23
603363,傲农生物,福建傲农生物科技集团股份有限公司关于公司未弥补亏损达到实收股本总额三分之一的公告,2026-04-23,http://www.cninfo.com.cn/new/disclosure/detail?stockCode=603363&announcementId=1225149373&orgId=9900033003&announcementTime=2026-04-23
603363,傲农生物,福建傲农生物科技集团股份有限公司董事会对独立董事独立性自查情况的专项报告,2026-04-23,http://www.cninfo.com.cn/new/disclosure/detail?stockCode=603363&announcementId=1225149369&orgId=9900033003&announcementTime=2026-04-23
603363,傲农生物,福建傲农生物科技集团股份有限公司董事会审计委员会2025年度履职情况报告,2026-04-23,http://www.cninfo.com.cn/new/disclosure/detail?stockCode=603363&announcementId=1225149367&orgId=9900033003&announcementTime=2026-04-23
603363,傲农生物,福建傲农生物科技集团股份有限公司关于2025年度拟不进行利润分配的公告,2026-04-23,http://www.cninfo.com.cn/new/disclosure/detail?stockCode=603363&announcementId=1225149365&orgId=9900033003&announcementTime=2026-04-23
603363,傲农生物,福建傲农生物科技集团股份有限公司关于2025年度会计师事务所履职情况的评估报告,2026-04-23,http://www.cninfo.com.cn/new/disclosure/detail?stockCode=603363&announcementId=1225149350&orgId=9900033003&announcementTime=2026-04-23
603363,傲农生物,福建傲农生物科技集团股份有限公司2025年年度报告,2026-04-23,http://www.cninfo.com.cn/new/disclosure/detail?stockCode=603363&announcementId=1225149346&orgId=9900033003&announcementTime=2026-04-23
603363,傲农生物,福建傲农生物科技集团股份有限公司关于收到中国证监会立案告知书的公告,2026-04-23,http://www.cninfo.com.cn/new/disclosure/detail?stockCode=603363&announcementId=1225149344&orgId=9900033003&announcementTime=2026-04-23
603363,傲农生物,福建傲农生物科技集团股份有限公司2025年度独立董事述职报告（郑鲁英）,2026-04-23,http://www.cninfo.com.cn/new/disclosure/detail?stockCode=603363&announcementId=1225149337&orgId=9900033003&announcementTime=2026-04-23
603363,傲农生物,福建傲农生物科技集团股份有限公司2026年3月公司担保情况的公告,2026-04-11,http://www.cninfo.com.cn/new/disclosure/detail?stockCode=603363&announcementId=1225091805&orgId=9900033003&announcementTime=2026-04-11
603363,傲农生物,福建傲农生物科技集团股份有限公司关于持股5%以上股东及其一致行动人部分股份被解除冻结、解除轮候冻结及司法冻结的公告,2026-04-10,http://www.cninfo.com.cn/new/disclosure/detail?stockCode=603363&announcementId=1225086862&orgId=9900033003&announcementTime=2026-04-10
603363,傲农生物,福建傲农生物科技集团股份有限公司关于2026年限制性股票激励计划内幕信息知情人及激励对象买卖公司股票情况的自查报告,2026-04-09,http://www.cninfo.com.cn/new/disclosure/detail?stockCode=603363&announcementId=1225084536&orgId=9900033003&announcementTime=2026-04-09
603363,傲农生物,福建傲农生物科技集团股份有限公司2026年第一次临时股东会决议公告,2026-04-09,http://www.cninfo.com.cn/new/disclosure/detail?stockCode=603363&announcementId=1225084534&orgId=9900033003&announcementTime=2026-04-09
603363,傲农生物,福建傲农生物科技集团股份有限公司2026年限制性股票激励计划,2026-04-09,http://www.cninfo.com.cn/new/disclosure/detail?stockCode=603363&announcementId=1225084532&orgId=9900033003&announcementTime=2026-04-09
603363,傲农生物,北京市中伦律师事务所关于福建傲农生物科技集团股份有限公司2026年第一次临时股东会的法律意见书,2026-04-09,http://www.cninfo.com.cn/new/disclosure/detail?stockCode=603363&announcementId=1225084523&orgId=9900033003&announcementTime=2026-04-09
603363,傲农生物,福建傲农生物科技集团股份有限公司2026年3月养殖业务主要经营数据公告,2026-04-09,http://www.cninfo.com.cn/new/disclosure/detail?stockCode=603363&announcementId=1225083801&orgId=9900033003&announcementTime=2026-04-09
603363,傲农生物,福建傲农生物科技集团股份有限公司2026年2月公司担保情况的公告,2026-03-31,http://www.cninfo.com.cn/new/disclosure/detail?stockCode=603363&announcementId=1225050971&orgId=9900033003&announcementTime=2026-03-31
603363,傲农生物,福建傲农生物科技集团股份有限公司关于2026年第一次临时股东会通知的更正补充公告,2026-03-25,http://www.cninfo.com.cn/new/disclosure/detail?stockCode=603363&announcementId=1225026967&orgId=9900033003&announcementTime=2026-03-25
603363,傲农生物,国泰海通证券股份有限公司关于福建傲农生物科技集团股份有限公司部分限售股上市流通的核查意见,2026-03-24,http://www.cninfo.com.cn/new/disclosure/detail?stockCode=603363&announcementId=1225025169&orgId=9900033003&announcementTime=2026-03-24
603363,傲农生物,福建傲农生物科技集团股份有限公司关于部分限售股上市流通的公告,2026-03-24,http://www.cninfo.com.cn/new/disclosure/detail?stockCode=603363&announcementId=1225025168&orgId=9900033003&announcementTime=2026-03-24
603363,傲农生物,福建傲农生物科技集团股份有限公司2026年第一次临时股东会会议资料,2026-03-21,http://www.cninfo.com.cn/new/disclosure/detail?stockCode=603363&announcementId=1225021256&orgId=9900033003&announcementTime=2026-03-21
603363,傲农生物,福建傲农生物科技集团股份有限公司董事会薪酬与考核委员会关于公司2026年限制性股票激励计划首次授予激励对象名单的公示情况说明及核查意见,2026-03-21,http://www.cninfo.com.cn/new/disclosure/detail?stockCode=603363&announcementId=1225021248&orgId=9900033003&announcementTime=2026-03-21
603363,傲农生物,福建傲农生物科技集团股份有限公司关于召开2026年第一次临时股东会的通知,2026-03-21,http://www.cninfo.com.cn/new/disclosure/detail?stockCode=603363&announcementId=1225021229&orgId=9900033003&announcementTime=2026-03-21
603363,傲农生物,福建傲农生物科技集团股份有限公司2026年限制性股票激励计划（草案）,2026-03-06,http://www.cninfo.com.cn/new/disclosure/detail?stockCode=603363&announcementId=1224998292&orgId=9900033003&announcementTime=2026-03-06
603363,傲农生物,福建傲农生物科技集团股份有限公司2026年限制性股票激励计划（草案）摘要公告,2026-03-06,http://www.cninfo.com.cn/new/disclosure/detail?stockCode=603363&announcementId=1224998291&orgId=9900033003&announcementTime=2026-03-06
603363,傲农生物,北京市中伦律师事务所关于福建傲农生物科技集团股份有限公司2026年限制性股票激励计划的法律意见书,2026-03-06,http://www.cninfo.com.cn/new/disclosure/detail?stockCode=603363&announcementId=1224998290&orgId=9900033003&announcementTime=2026-03-06
603363,傲农生物,福建傲农生物科技集团股份有限公司2026年2月养殖业务主要经营数据公告,2026-03-06,http://www.cninfo.com.cn/new/disclosure/detail?stockCode=603363&announcementId=1224998289&orgId=9900033003&announcementTime=2026-03-06
603363,傲农生物,福建傲农生物科技集团股份有限公司2026年限制性股票激励计划首次授予激励对象名单,2026-03-06,http://www.cninfo.com.cn/new/disclosure/detail?stockCode=603363&announcementId=1224998288&orgId=9900033003&announcementTime=2026-03-06
603363,傲农生物,福建傲农生物科技集团股份有限公司2026年限制性股票激励计划实施考核管理办法,2026-03-06,http://www.cninfo.com.cn/new/disclosure/detail?stockCode=603363&announcementId=1224998287&orgId=9900033003&announcementTime=2026-03-06
603363,傲农生物,福建傲农生物科技集团股份有限公司第四届董事会第二十二次会议决议公告,2026-03-06,http://www.cninfo.com.cn/new/disclosure/detail?stockCode=603363&announcementId=1224998286&orgId=9900033003&announcementTime=2026-03-06
603363,傲农生物,福建傲农生物科技集团股份有限公司董事会薪酬与考核委员会关于公司2026年限制性股票激励计划相关事项的核查意见,2026-03-06,http://www.cninfo.com.cn/new/disclosure/detail?stockCode=603363&announcementId=1224998285&orgId=9900033003&announcementTime=2026-03-06
603363,傲农生物,福建傲农生物科技集团股份有限公司2026年1月公司担保情况的公告,2026-02-28,http://www.cninfo.com.cn/new/disclosure/detail?stockCode=603363&announcementId=1224987769&orgId=9900033003&announcementTime=2026-02-28
603363,傲农生物,福建傲农生物科技集团股份有限公司持股5%以上股东的一致行动人减持计划时间届满暨未减持股份的结果公告,2026-02-10,http://www.cninfo.com.cn/new/disclosure/detail?stockCode=603363&announcementId=1224972776&orgId=9900033003&announcementTime=2026-02-10
603363,傲农生物,福建傲农生物科技集团股份有限公司2026年1月养殖业务主要经营数据公告,2026-02-10,http://www.cninfo.com.cn/new/disclosure/detail?stockCode=603363&announcementId=1224972775&orgId=9900033003&announcementTime=2026-02-10
603363,傲农生物,福建傲农生物科技集团股份有限公司2025年12月公司担保情况的公告,2026-01-31,http://www.cninfo.com.cn/new/disclosure/detail?stockCode=603363&announcementId=1224957914&orgId=9900033003&announcementTime=2026-01-31
603363,傲农生物,福建傲农生物科技集团股份有限公司2025年年度业绩预告,2026-01-31,http://www.cninfo.com.cn/new/disclosure/detail?stockCode=603363&announcementId=1224957907&orgId=9900033003&announcementTime=2026-01-31
603363,傲农生物,福建傲农生物科技集团股份有限公司股东减持股份计划公告,2026-01-28,http://www.cninfo.com.cn/new/disclosure/detail?stockCode=603363&announcementId=1224952527&orgId=9900033003&announcementTime=2026-01-28
603363,傲农生物,福建傲农生物科技集团股份有限公司关于持股5%以上股东及其一致行动人部分股份被解除冻结、解除轮候冻结及司法冻结的公告,2026-01-27,http://www.cninfo.com.cn/new/disclosure/detail?stockCode=603363&announcementId=1224949741&orgId=9900033003&announcementTime=2026-01-27
603363,傲农生物,福建傲农生物科技集团股份有限公司关于新增涉及诉讼、仲裁事项的公告,2026-01-24,http://www.cninfo.com.cn/new/disclosure/detail?stockCode=603363&announcementId=1224948709&orgId=9900033003&announcementTime=2026-01-24
603363,傲农生物,国泰海通证券股份有限公司关于福建傲农生物科技集团股份有限公司部分限售股上市流通的核查意见,2026-01-24,http://www.cninfo.com.cn/new/disclosure/detail?stockCode=603363&announcementId=1224948708&orgId=9900033003&announcementTime=2026-01-24
603363,傲农生物,福建傲农生物科技集团股份有限公司关于部分限售股上市流通的公告,2026-01-24,http://www.cninfo.com.cn/new/disclosure/detail?stockCode=603363&announcementId=1224948706&orgId=9900033003&announcementTime=2026-01-24
603363,傲农生物,福建傲农生物科技集团股份有限公司2025年12月养殖业务主要经营数据公告,2026-01-08,http://www.cninfo.com.cn/new/disclosure/detail?stockCode=603363&announcementId=1224922482&orgId=9900033003&announcementTime=2026-01-08
603363,傲农生物,简式权益变动报告书,2025-12-31,http://www.cninfo.com.cn/new/disclosure/detail?stockCode=603363&announcementId=1224908701&orgId=9900033003&announcementTime=2025-12-31
603363,傲农生物,福建傲农生物科技集团股份有限公司关于股东《一致行动协议》到期终止暨权益变动的提示性公告,2025-12-30,http://www.cninfo.com.cn/new/disclosure/detail?stockCode=603363&announcementId=1224904788&orgId=9900033003&announcementTime=2025-12-30
603363,傲农生物,北京市中伦律师事务所关于福建傲农生物科技集团股份有限公司2025年第四次临时股东会的法律意见书,2025-12-27,http://www.cninfo.com.cn/new/disclosure/detail?stockCode=603363&announcementId=1224901257&orgId=9900033003&announcementTime=2025-12-27
603363,傲农生物,福建傲农生物科技集团股份有限公司2025年第四次临时股东会决议公告,2025-12-27,http://www.cninfo.com.cn/new/disclosure/detail?stockCode=603363&announcementId=1224901252&orgId=9900033003&announcementTime=2025-12-27
603363,傲农生物,福建傲农生物科技集团股份有限公司关于调整董事会专门委员会成员的公告,2025-12-27,http://www.cninfo.com.cn/new/disclosure/detail?stockCode=603363&announcementId=1224901245&orgId=9900033003&announcementTime=2025-12-27
603363,傲农生物,福建傲农生物科技集团股份有限公司2025年11月公司担保情况的公告,2025-12-27,http://www.cninfo.com.cn/new/disclosure/detail?stockCode=603363&announcementId=1224901242&orgId=9900033003&announcementTime=2025-12-27
603363,傲农生物,福建傲农生物科技集团股份有限公司关于部分限售股上市流通的公告,2025-12-24,http://www.cninfo.com.cn/new/disclosure/detail?stockCode=603363&announcementId=1224894115&orgId=9900033003&announcementTime=2025-12-24
603363,傲农生物,国泰海通证券股份有限公司关于福建傲农生物科技集团股份有限公司部分限售股上市流通的核查意见,2025-12-24,http://www.cninfo.com.cn/new/disclosure/detail?stockCode=603363&announcementId=1224894112&orgId=9900033003&announcementTime=2025-12-24
603363,傲农生物,福建傲农生物科技集团股份有限公司2025年第四次临时股东会会议资料,2025-12-16,http://www.cninfo.com.cn/new/disclosure/detail?stockCode=603363&announcementId=1224878193&orgId=9900033003&announcementTime=2025-12-16
603363,傲农生物,福建傲农生物科技集团股份有限公司关于公司全资子公司履行担保代偿债务的公告,2025-12-12,http://www.cninfo.com.cn/new/disclosure/detail?stockCode=603363&announcementId=1224868082&orgId=9900033003&announcementTime=2025-12-12
603363,傲农生物,福建傲农生物科技集团股份有限公司2025年11月养殖业务主要经营数据公告,2025-12-09,http://www.cninfo.com.cn/new/disclosure/detail?stockCode=603363&announcementId=1224857015&orgId=9900033003&announcementTime=2025-12-09
603363,傲农生物,福建傲农生物科技集团股份有限公司2025年第四次临时股东会会议通知,2025-12-09,http://www.cninfo.com.cn/new/disclosure/detail?stockCode=603363&announcementId=1224857005&orgId=9900033003&announcementTime=2025-12-09
603363,傲农生物,福建傲农生物科技集团股份有限公司董事会提名委员会关于补选公司第四届董事会独立董事候选人的审查意见,2025-12-05,http://www.cninfo.com.cn/new/disclosure/detail?stockCode=603363&announcementId=1224851975&orgId=9900033003&announcementTime=2025-12-05
603363,傲农生物,福建傲农生物科技集团股份有限公司关于独立董事辞职、补选独立董事的公告,2025-12-05,http://www.cninfo.com.cn/new/disclosure/detail?stockCode=603363&announcementId=1224851974&orgId=9900033003&announcementTime=2025-12-05
603363,傲农生物,独立董事候选人声明与承诺（游相华）,2025-12-05,http://www.cninfo.com.cn/new/disclosure/detail?stockCode=603363&announcementId=1224851972&orgId=9900033003&announcementTime=2025-12-05
603363,傲农生物,福建傲农生物科技集团股份有限公司关于2026年度与控股股东关联方日常关联交易预计的公告,2025-12-05,http://www.cninfo.com.cn/new/disclosure/detail?stockCode=603363&announcementId=1224851971&orgId=9900033003&announcementTime=2025-12-05
603363,傲农生物,福建傲农生物科技集团股份有限公司关于2026年度与其他关联方日常关联交易预计的公告,2025-12-05,http://www.cninfo.com.cn/new/disclosure/detail?stockCode=603363&announcementId=1224851970&orgId=9900033003&announcementTime=2025-12-05
603363,傲农生物,独立董事提名人声明与承诺,2025-12-05,http://www.cninfo.com.cn/new/disclosure/detail?stockCode=603363&announcementId=1224851969&orgId=9900033003&announcementTime=2025-12-05
603363,傲农生物,福建傲农生物科技集团股份有限公司第四届董事会第二十次会议决议公告,2025-12-05,http://www.cninfo.com.cn/new/disclosure/detail?stockCode=603363&announcementId=1224851968&orgId=9900033003&announcementTime=2025-12-05
603363,傲农生物,福建傲农生物科技集团股份有限公司关于2026年度为产业链合作伙伴提供担保的公告,2025-12-05,http://www.cninfo.com.cn/new/disclosure/detail?stockCode=603363&announcementId=1224851967&orgId=9900033003&announcementTime=2025-12-05
603363,傲农生物,福建傲农生物科技集团股份有限公司关于2026年度公司及下属子公司相互提供担保的公告,2025-12-05,http://www.cninfo.com.cn/new/disclosure/detail?stockCode=603363&announcementId=1224851966&orgId=9900033003&announcementTime=2025-12-05
603363,傲农生物,福建傲农生物科技集团股份有限公司关于2026年度向金融机构申请融资授信额度的公告,2025-12-05,http://www.cninfo.com.cn/new/disclosure/detail?stockCode=603363&announcementId=1224851965&orgId=9900033003&announcementTime=2025-12-05
603363,傲农生物,福建傲农生物科技集团股份有限公司关于2026年度开展套期保值业务的公告,2025-12-05,http://www.cninfo.com.cn/new/disclosure/detail?stockCode=603363&announcementId=1224851963&orgId=9900033003&announcementTime=2025-12-05
603363,傲农生物,福建傲农生物科技集团股份有限公司2025年10月公司担保情况的公告,2025-11-28,http://www.cninfo.com.cn/new/disclosure/detail?stockCode=603363&announcementId=1224829949&orgId=9900033003&announcementTime=2025-11-28
603363,傲农生物,福建傲农生物科技集团股份有限公司2025年10月养殖业务主要经营数据公告,2025-11-08,http://www.cninfo.com.cn/new/disclosure/detail?stockCode=603363&announcementId=1224791886&orgId=9900033003&announcementTime=2025-11-08
603363,傲农生物,福建傲农生物科技集团股份有限公司关于召开2025年第三季度业绩说明会的公告,2025-10-28,http://www.cninfo.com.cn/new/disclosure/detail?stockCode=603363&announcementId=1224743067&orgId=9900033003&announcementTime=2025-10-28
603363,傲农生物,福建傲农生物科技集团股份有限公司第四届董事会第十九次会议决议公告,2025-10-28,http://www.cninfo.com.cn/new/disclosure/detail?stockCode=603363&announcementId=1224743066&orgId=9900033003&announcementTime=2025-10-28
603363,傲农生物,福建傲农生物科技集团股份有限公司2025年9月公司担保情况的公告,2025-10-28,http://www.cninfo.com.cn/new/disclosure/detail?stockCode=603363&announcementId=1224743065&orgId=9900033003&announcementTime=2025-10-28
603363,傲农生物,福建傲农生物科技集团股份有限公司2025年第三季度报告,2025-10-28,http://www.cninfo.com.cn/new/disclosure/detail?stockCode=603363&announcementId=1224743063&orgId=9900033003&announcementTime=2025-10-28
603363,傲农生物,福建傲农生物科技集团股份有限公司持股5%以上股东的一致行动人减持股份计划公告,2025-10-17,http://www.cninfo.com.cn/new/disclosure/detail?stockCode=603363&announcementId=1224716773&orgId=9900033003&announcementTime=2025-10-17
603363,傲农生物,北京市中伦律师事务所关于福建傲农生物科技集团股份有限公司2025年第三次临时股东会的法律意见书,2025-10-16,http://www.cninfo.com.cn/new/disclosure/detail?stockCode=603363&announcementId=1224713947&orgId=9900033003&announcementTime=2025-10-16
603363,傲农生物,福建傲农生物科技集团股份有限公司2025年第三次临时股东会决议公告,2025-10-16,http://www.cninfo.com.cn/new/disclosure/detail?stockCode=603363&announcementId=1224713946&orgId=9900033003&announcementTime=2025-10-16
603363,傲农生物,福建傲农生物科技集团股份有限公司2025年9月养殖业务主要经营数据公告,2025-10-10,http://www.cninfo.com.cn/new/disclosure/detail?stockCode=603363&announcementId=1224701320&orgId=9900033003&announcementTime=2025-10-10
603363,傲农生物,福建傲农生物科技集团股份有限公司关于调整公司独立董事津贴的公告,2025-09-30,http://www.cninfo.com.cn/new/disclosure/detail?stockCode=603363&announcementId=1224691774&orgId=9900033003&announcementTime=2025-09-30
603363,傲农生物,福建傲农生物科技集团股份有限公司关于增加2025年度与控股股东关联方日常关联交易预计的公告,2025-09-30,http://www.cninfo.com.cn/new/disclosure/detail?stockCode=603363&announcementId=1224691773&orgId=9900033003&announcementTime=2025-09-30
603363,傲农生物,福建傲农生物科技集团股份有限公司第四届董事会第十八次会议决议公告,2025-09-30,http://www.cninfo.com.cn/new/disclosure/detail?stockCode=603363&announcementId=1224691772&orgId=9900033003&announcementTime=2025-09-30
603363,傲农生物,福建傲农生物科技集团股份有限公司关于增加2025年度与其他关联方日常关联交易预计的公告,2025-09-30,http://www.cninfo.com.cn/new/disclosure/detail?stockCode=603363&announcementId=1224691771&orgId=9900033003&announcementTime=2025-09-30
603363,傲农生物,福建傲农生物科技集团股份有限公司关于续聘2025年度审计机构的公告,2025-09-30,http://www.cninfo.com.cn/new/disclosure/detail?stockCode=603363&announcementId=1224691770&orgId=9900033003&announcementTime=2025-09-30
603363,傲农生物,福建傲农生物科技集团股份有限公司关于股东会开设网络投票提示服务的公告,2025-09-30,http://www.cninfo.com.cn/new/disclosure/detail?stockCode=603363&announcementId=1224691769&orgId=9900033003&announcementTime=2025-09-30
603363,傲农生物,福建傲农生物科技集团股份有限公司2025年8月公司担保情况的公告,2025-09-30,http://www.cninfo.com.cn/new/disclosure/detail?stockCode=603363&announcementId=1224691768&orgId=9900033003&announcementTime=2025-09-30
603363,傲农生物,福建傲农生物科技集团股份有限公司2025年第三次临时股东会会议资料,2025-09-30,http://www.cninfo.com.cn/new/disclosure/detail?stockCode=603363&announcementId=1224691767&orgId=9900033003&announcementTime=2025-09-30
603363,傲农生物,福建傲农生物科技集团股份有限公司关于召开2025年第三次临时股东会的通知,2025-09-30,http://www.cninfo.com.cn/new/disclosure/detail?stockCode=603363&announcementId=1224691766&orgId=9900033003&announcementTime=2025-09-30
603363,傲农生物,福建傲农生物科技集团股份有限公司2025年8月养殖业务主要经营数据公告,2025-09-06,http://www.cninfo.com.cn/new/disclosure/detail?stockCode=603363&announcementId=1224640297&orgId=9900033003&announcementTime=2025-09-06
603363,傲农生物,福建傲农生物科技集团股份有限公司关于公司全资子公司履行担保代偿债务的公告,2025-09-02,http://www.cninfo.com.cn/new/disclosure/detail?stockCode=603363&announcementId=1224632238&orgId=9900033003&announcementTime=2025-09-02
603363,傲农生物,福建傲农生物科技集团股份有限公司股票交易异常波动公告,2025-08-28,http://www.cninfo.com.cn/new/disclosure/detail?stockCode=603363&announcementId=1224590992&orgId=9900033003&announcementTime=2025-08-28
603363,傲农生物,福建傲农生物科技集团股份有限公司2025年半年度报告,2025-08-26,http://www.cninfo.com.cn/new/disclosure/detail?stockCode=603363&announcementId=1224563374&orgId=9900033003&announcementTime=2025-08-26
603363,傲农生物,福建傲农生物科技集团股份有限公司2025年半年度报告摘要,2025-08-26,http://www.cninfo.com.cn/new/disclosure/detail?stockCode=603363&announcementId=1224563373&orgId=9900033003&announcementTime=2025-08-26
603363,傲农生物,福建傲农生物科技集团股份有限公司关于召开2025年半年度业绩说明会的公告,2025-08-26,http://www.cninfo.com.cn/new/disclosure/detail?stockCode=603363&announcementId=1224563372&orgId=9900033003&announcementTime=2025-08-26
603363,傲农生物,福建傲农生物科技集团股份有限公司2025年7月公司担保情况的公告,2025-08-26,http://www.cninfo.com.cn/new/disclosure/detail?stockCode=603363&announcementId=1224563371&orgId=9900033003&announcementTime=2025-08-26
603363,傲农生物,福建傲农生物科技集团股份有限公司关于公司全资子公司履行担保代偿债务的公告,2025-08-09,http://www.cninfo.com.cn/new/disclosure/detail?stockCode=603363&announcementId=1224441959&orgId=9900033003&announcementTime=2025-08-09
603363,傲农生物,福建傲农生物科技集团股份有限公司2025年7月养殖业务主要经营数据公告,2025-08-07,http://www.cninfo.com.cn/new/disclosure/detail?stockCode=603363&announcementId=1224412846&orgId=9900033003&announcementTime=2025-08-07
603363,傲农生物,福建傲农生物科技集团股份有限公司2025年6月公司担保情况的公告,2025-07-31,http://www.cninfo.com.cn/new/disclosure/detail?stockCode=603363&announcementId=1224340870&orgId=9900033003&announcementTime=2025-07-31
603363,傲农生物,福建傲农生物科技集团股份有限公司2025年半年度业绩预盈公告,2025-07-12,http://www.cninfo.com.cn/new/disclosure/detail?stockCode=603363&announcementId=1224143303&orgId=9900033003&announcementTime=2025-07-12
603363,傲农生物,福建傲农生物科技集团股份有限公司关于新增涉及诉讼、仲裁事项的公告,2025-07-08,http://www.cninfo.com.cn/new/disclosure/detail?stockCode=603363&announcementId=1224090243&orgId=9900033003&announcementTime=2025-07-08
603363,傲农生物,福建傲农生物科技集团股份有限公司2025年6月养殖业务主要经营数据公告,2025-07-08,http://www.cninfo.com.cn/new/disclosure/detail?stockCode=603363&announcementId=1224090242&orgId=9900033003&announcementTime=2025-07-08
603363,傲农生物,福建傲农生物科技集团股份有限公司2025年5月公司担保情况的公告,2025-06-28,http://www.cninfo.com.cn/new/disclosure/detail?stockCode=603363&announcementId=1224013547&orgId=9900033003&announcementTime=2025-06-28
603363,傲农生物,北京市中伦律师事务所关于福建傲农生物科技集团股份有限公司2024年年度股东大会的法律意见书,2025-06-25,http://www.cninfo.com.cn/new/disclosure/detail?stockCode=603363&announcementId=1223973847&orgId=9900033003&announcementTime=2025-06-25
603363,傲农生物,福建傲农生物科技集团股份有限公司市值管理制度（2025年6月）,2025-06-25,http://www.cninfo.com.cn/new/disclosure/detail?stockCode=603363&announcementId=1223973846&orgId=9900033003&announcementTime=2025-06-25
603363,傲农生物,福建傲农生物科技集团股份有限公司募集资金管理办法（2025年6月修订）,2025-06-25,http://www.cninfo.com.cn/new/disclosure/detail?stockCode=603363&announcementId=1223973845&orgId=9900033003&announcementTime=2025-06-25
603363,傲农生物,福建傲农生物科技集团股份有限公司内幕信息知情人登记管理制度（2025年6月修订）,2025-06-25,http://www.cninfo.com.cn/new/disclosure/detail?stockCode=603363&announcementId=1223973844&orgId=9900033003&announcementTime=2025-06-25
603363,傲农生物,福建傲农生物科技集团股份有限公司第四届董事会第十六次会议决议公告,2025-06-25,http://www.cninfo.com.cn/new/disclosure/detail?stockCode=603363&announcementId=1223973843&orgId=9900033003&announcementTime=2025-06-25
603363,傲农生物,福建傲农生物科技集团股份有限公司信息披露暂缓与豁免管理制度（2025年6月修订）,2025-06-25,http://www.cninfo.com.cn/new/disclosure/detail?stockCode=603363&announcementId=1223973842&orgId=9900033003&announcementTime=2025-06-25
603363,傲农生物,福建傲农生物科技集团股份有限公司2024年年度股东大会决议公告,2025-06-25,http://www.cninfo.com.cn/new/disclosure/detail?stockCode=603363&announcementId=1223973841&orgId=9900033003&announcementTime=2025-06-25
603363,傲农生物,福建傲农生物科技集团股份有限公司董事和高级管理人员所持本公司股份及其变动管理规则（2025年6月修订）,2025-06-25,http://www.cninfo.com.cn/new/disclosure/detail?stockCode=603363&announcementId=1223973840&orgId=9900033003&announcementTime=2025-06-25
603363,傲农生物,福建傲农生物科技集团股份有限公司关于2025年度开展套期保值业务的公告,2025-06-25,http://www.cninfo.com.cn/new/disclosure/detail?stockCode=603363&announcementId=1223973839&orgId=9900033003&announcementTime=2025-06-25
603363,傲农生物,福建傲农生物科技集团股份有限公司董事、高级管理人员离职管理制度（2025年6月）,2025-06-25,http://www.cninfo.com.cn/new/disclosure/detail?stockCode=603363&announcementId=1223973838&orgId=9900033003&announcementTime=2025-06-25
603363,傲农生物,福建傲农生物科技集团股份有限公司董事会秘书工作制度（2025年6月修订）,2025-06-25,http://www.cninfo.com.cn/new/disclosure/detail?stockCode=603363&announcementId=1223973837&orgId=9900033003&announcementTime=2025-06-25
603363,傲农生物,福建傲农生物科技集团股份有限公司套期保值业务管理制度（2025年6月修订）,2025-06-25,http://www.cninfo.com.cn/new/disclosure/detail?stockCode=603363&announcementId=1223973836&orgId=9900033003&announcementTime=2025-06-25
603363,傲农生物,福建傲农生物科技集团股份有限公司信息披露事务管理制度（2025年6月修订）,2025-06-25,http://www.cninfo.com.cn/new/disclosure/detail?stockCode=603363&announcementId=1223973834&orgId=9900033003&announcementTime=2025-06-25
603363,傲农生物,福建傲农生物科技集团股份有限公司会计师事务所选聘制度（2025年6月修订）,2025-06-25,http://www.cninfo.com.cn/new/disclosure/detail?stockCode=603363&announcementId=1223973833&orgId=9900033003&announcementTime=2025-06-25
603363,傲农生物,福建傲农生物科技集团股份有限公司投资者关系管理制度（2025年6月修订）,2025-06-25,http://www.cninfo.com.cn/new/disclosure/detail?stockCode=603363&announcementId=1223973832&orgId=9900033003&announcementTime=2025-06-25
603363,傲农生物,福建傲农生物科技集团股份有限公司关于持股5%以上股东的一致行动人部分股份被解除冻结、轮候冻结及司法冻结的公告,2025-06-18,http://www.cninfo.com.cn/new/disclosure/detail?stockCode=603363&announcementId=1223899816&orgId=9900033003&announcementTime=2025-06-18
603363,傲农生物,福建傲农生物科技集团股份有限公司2024年年度股东大会会议资料,2025-06-17,http://www.cninfo.com.cn/new/disclosure/detail?stockCode=603363&announcementId=1223887133&orgId=9900033003&announcementTime=2025-06-17
603363,傲农生物,福建傲农生物科技集团股份有限公司2025年5月养殖业务主要经营数据公告,2025-06-10,http://www.cninfo.com.cn/new/disclosure/detail?stockCode=603363&announcementId=1223824813&orgId=9900033003&announcementTime=2025-06-10
603363,傲农生物,福建傲农生物科技集团股份有限公司董事会提名委员会工作细则（2025年5月修订）,2025-05-31,http://www.cninfo.com.cn/new/disclosure/detail?stockCode=603363&announcementId=1223731784&orgId=9900033003&announcementTime=2025-05-31
603363,傲农生物,福建傲农生物科技集团股份有限公司股东会议事规则（2025年5月修订）,2025-05-31,http://www.cninfo.com.cn/new/disclosure/detail?stockCode=603363&announcementId=1223731783&orgId=9900033003&announcementTime=2025-05-31
603363,傲农生物,福建傲农生物科技集团股份有限公司规范与关联方资金往来制度（2025年5月修订）,2025-05-31,http://www.cninfo.com.cn/new/disclosure/detail?stockCode=603363&announcementId=1223731782&orgId=9900033003&announcementTime=2025-05-31
603363,傲农生物,福建傲农生物科技集团股份有限公司董事会战略委员会工作细则（2025年5月修订）,2025-05-31,http://www.cninfo.com.cn/new/disclosure/detail?stockCode=603363&announcementId=1223731781&orgId=9900033003&announcementTime=2025-05-31
603363,傲农生物,福建傲农生物科技集团股份有限公司对外担保决策制度（2025年5月修订）,2025-05-31,http://www.cninfo.com.cn/new/disclosure/detail?stockCode=603363&announcementId=1223731780&orgId=9900033003&announcementTime=2025-05-31
603363,傲农生物,福建傲农生物科技集团股份有限公司第四届监事会第十次会议决议公告,2025-05-31,http://www.cninfo.com.cn/new/disclosure/detail?stockCode=603363&announcementId=1223731779&orgId=9900033003&announcementTime=2025-05-31
603363,傲农生物,福建傲农生物科技集团股份有限公司关于召开2024年年度股东大会的通知,2025-05-31,http://www.cninfo.com.cn/new/disclosure/detail?stockCode=603363&announcementId=1223731778&orgId=9900033003&announcementTime=2025-05-31
603363,傲农生物,福建傲农生物科技集团股份有限公司关于取消监事会并修订《公司章程》的公告,2025-05-31,http://www.cninfo.com.cn/new/disclosure/detail?stockCode=603363&announcementId=1223731777&orgId=9900033003&announcementTime=2025-05-31
603363,傲农生物,福建傲农生物科技集团股份有限公司关联交易管理办法（2025年5月修订）,2025-05-31,http://www.cninfo.com.cn/new/disclosure/detail?stockCode=603363&announcementId=1223731776&orgId=9900033003&announcementTime=2025-05-31
603363,傲农生物,福建傲农生物科技集团股份有限公司董事会审计委员会工作细则（2025年5月修订）,2025-05-31,http://www.cninfo.com.cn/new/disclosure/detail?stockCode=603363&announcementId=1223731775&orgId=9900033003&announcementTime=2025-05-31
603363,傲农生物,福建傲农生物科技集团股份有限公司独立董事专门会议工作细则（2025年5月修订）,2025-05-31,http://www.cninfo.com.cn/new/disclosure/detail?stockCode=603363&announcementId=1223731774&orgId=9900033003&announcementTime=2025-05-31
603363,傲农生物,福建傲农生物科技集团股份有限公司章程（2025年5月修订）,2025-05-31,http://www.cninfo.com.cn/new/disclosure/detail?stockCode=603363&announcementId=1223731773&orgId=9900033003&announcementTime=2025-05-31
603363,傲农生物,福建傲农生物科技集团股份有限公司董事会薪酬与考核委员会工作细则（2025年5月修订）,2025-05-31,http://www.cninfo.com.cn/new/disclosure/detail?stockCode=603363&announcementId=1223731772&orgId=9900033003&announcementTime=2025-05-31
603363,傲农生物,福建傲农生物科技集团股份有限公司控股子公司管理制度（2025年5月修订）,2025-05-31,http://www.cninfo.com.cn/new/disclosure/detail?stockCode=603363&announcementId=1223731771&orgId=9900033003&announcementTime=2025-05-31
603363,傲农生物,福建傲农生物科技集团股份有限公司第四届董事会第十五次会议决议公告,2025-05-31,http://www.cninfo.com.cn/new/disclosure/detail?stockCode=603363&announcementId=1223731770&orgId=9900033003&announcementTime=2025-05-31
603363,傲农生物,福建傲农生物科技集团股份有限公司关于公司控股股东产业投资人联合体成员变更名称、注册资本、股权结构及经营范围的公告,2025-05-31,http://www.cninfo.com.cn/new/disclosure/detail?stockCode=603363&announcementId=1223731769&orgId=9900033003&announcementTime=2025-05-31
603363,傲农生物,福建傲农生物科技集团股份有限公司董事会议事规则（2025年5月修订）,2025-05-31,http://www.cninfo.com.cn/new/disclosure/detail?stockCode=603363&announcementId=1223731766&orgId=9900033003&announcementTime=2025-05-31
603363,傲农生物,福建傲农生物科技集团股份有限公司独立董事工作制度（2025年5月修订）,2025-05-31,http://www.cninfo.com.cn/new/disclosure/detail?stockCode=603363&announcementId=1223731764&orgId=9900033003&announcementTime=2025-05-31
603363,傲农生物,福建傲农生物科技集团股份有限公司对外投资决策制度（2025年5月修订）,2025-05-31,http://www.cninfo.com.cn/new/disclosure/detail?stockCode=603363&announcementId=1223731760&orgId=9900033003&announcementTime=2025-05-31
603363,傲农生物,福建傲农生物科技集团股份有限公司2025年4月公司担保情况的公告,2025-05-31,http://www.cninfo.com.cn/new/disclosure/detail?stockCode=603363&announcementId=1223731758&orgId=9900033003&announcementTime=2025-05-31
603363,*ST傲农,福建傲农生物科技集团股份有限公司关于撤销退市风险警示及其他风险警示的公告,2025-05-17,http://www.cninfo.com.cn/new/disclosure/detail?stockCode=603363&announcementId=1223570058&orgId=9900033003&announcementTime=2025-05-17
603363,*ST傲农,福建傲农生物科技集团股份有限公司关于持股5%以上股东的一致行动人部分股份被解除轮候冻结的公告,2025-05-13,http://www.cninfo.com.cn/new/disclosure/detail?stockCode=603363&announcementId=1223525247&orgId=9900033003&announcementTime=2025-05-13
603363,*ST傲农,福建傲农生物科技集团股份有限公司2025年4月养殖业务主要经营数据公告,2025-05-09,http://www.cninfo.com.cn/new/disclosure/detail?stockCode=603363&announcementId=1223493805&orgId=9900033003&announcementTime=2025-05-09
603363,*ST傲农,福建傲农生物科技集团股份有限公司2024年度独立董事述职报告（郑鲁英）,2025-04-30,http://www.cninfo.com.cn/new/disclosure/detail?stockCode=603363&announcementId=1223410309&orgId=9900033003&announcementTime=2025-04-30
603363,*ST傲农,福建傲农生物科技集团股份有限公司2024年年度报告摘要,2025-04-30,http://www.cninfo.com.cn/new/disclosure/detail?stockCode=603363&announcementId=1223410308&orgId=9900033003&announcementTime=2025-04-30
603363,*ST傲农,非经营性资金占用及其他关联资金往来情况专项说明,2025-04-30,http://www.cninfo.com.cn/new/disclosure/detail?stockCode=603363&announcementId=1223410306&orgId=9900033003&announcementTime=2025-04-30
603363,*ST傲农,福建傲农生物科技集团股份有限公司2024年度独立董事述职报告（艾春香已离任）,2025-04-30,http://www.cninfo.com.cn/new/disclosure/detail?stockCode=603363&announcementId=1223410303&orgId=9900033003&announcementTime=2025-04-30
603363,*ST傲农,福建傲农生物科技集团股份有限公司关于召开2024年度暨2025年第一季度业绩说明会的公告,2025-04-30,http://www.cninfo.com.cn/new/disclosure/detail?stockCode=603363&announcementId=1223410302&orgId=9900033003&announcementTime=2025-04-30
603363,*ST傲农,福建傲农生物科技集团股份有限公司第四届董事会第十四次会议决议公告,2025-04-30,http://www.cninfo.com.cn/new/disclosure/detail?stockCode=603363&announcementId=1223410301&orgId=9900033003&announcementTime=2025-04-30
603363,*ST傲农,福建傲农生物科技集团股份有限公司2024年度内部控制评价报告,2025-04-30,http://www.cninfo.com.cn/new/disclosure/detail?stockCode=603363&announcementId=1223410298&orgId=9900033003&announcementTime=2025-04-30
603363,*ST傲农,福建傲农生物科技集团股份有限公司第四届监事会第九次会议决议公告,2025-04-30,http://www.cninfo.com.cn/new/disclosure/detail?stockCode=603363&announcementId=1223410297&orgId=9900033003&announcementTime=2025-04-30
603363,*ST傲农,2024年度审计报告,2025-04-30,http://www.cninfo.com.cn/new/disclosure/detail?stockCode=603363&announcementId=1223410294&orgId=9900033003&announcementTime=2025-04-30
603363,*ST傲农,福建傲农生物科技集团股份有限公司2024年度独立董事述职报告（刘峰）,2025-04-30,http://www.cninfo.com.cn/new/disclosure/detail?stockCode=603363&announcementId=1223410293&orgId=9900033003&announcementTime=2025-04-30
603363,*ST傲农,福建傲农生物科技集团股份有限公司关于公司未弥补亏损达到实收股本总额三分之一的公告,2025-04-30,http://www.cninfo.com.cn/new/disclosure/detail?stockCode=603363&announcementId=1223410292&orgId=9900033003&announcementTime=2025-04-30
603363,*ST傲农,福建傲农生物科技集团股份有限公司关于2024年度会计师事务所履职情况的评估报告,2025-04-30,http://www.cninfo.com.cn/new/disclosure/detail?stockCode=603363&announcementId=1223410290&orgId=9900033003&announcementTime=2025-04-30
603363,*ST傲农,福建傲农生物科技集团股份有限公司2024年度募集资金存放与实际使用情况的专项报告,2025-04-30,http://www.cninfo.com.cn/new/disclosure/detail?stockCode=603363&announcementId=1223410289&orgId=9900033003&announcementTime=2025-04-30
603363,*ST傲农,2024年度营业收入扣除情况的专项审核报告,2025-04-30,http://www.cninfo.com.cn/new/disclosure/detail?stockCode=603363&announcementId=1223410287&orgId=9900033003&announcementTime=2025-04-30
603363,*ST傲农,福建傲农生物科技集团股份有限公司董事会审计委员会对会计师事务所2024年度履行监督职责情况的报告,2025-04-30,http://www.cninfo.com.cn/new/disclosure/detail?stockCode=603363&announcementId=1223410286&orgId=9900033003&announcementTime=2025-04-30
603363,*ST傲农,福建傲农生物科技集团股份有限公司关于参加2025年福建辖区上市公司投资者网上集体接待日活动的公告,2025-04-30,http://www.cninfo.com.cn/new/disclosure/detail?stockCode=603363&announcementId=1223410285&orgId=9900033003&announcementTime=2025-04-30
603363,*ST傲农,福建傲农生物科技集团股份有限公司董事会关于2023年度审计报告非标意见涉及事项影响已消除的专项说明,2025-04-30,http://www.cninfo.com.cn/new/disclosure/detail?stockCode=603363&announcementId=1223410284&orgId=9900033003&announcementTime=2025-04-30
603363,*ST傲农,国泰海通证券股份有限公司关于福建傲农生物科技集团股份有限公司2024年度募集资金存放与实际使用情况的核查意见,2025-04-30,http://www.cninfo.com.cn/new/disclosure/detail?stockCode=603363&announcementId=1223410283&orgId=9900033003&announcementTime=2025-04-30
603363,*ST傲农,福建傲农生物科技集团股份有限公司关于计提减值准备和核销资产的公告,2025-04-30,http://www.cninfo.com.cn/new/disclosure/detail?stockCode=603363&announcementId=1223410281&orgId=9900033003&announcementTime=2025-04-30
603363,*ST傲农,福建傲农生物科技集团股份有限公司董事会审计委员会2024年度履职情况报告,2025-04-30,http://www.cninfo.com.cn/new/disclosure/detail?stockCode=603363&announcementId=1223410280&orgId=9900033003&announcementTime=2025-04-30
603363,*ST傲农,福建傲农生物科技集团股份有限公司董事会对独立董事独立性自查情况的专项报告,2025-04-30,http://www.cninfo.com.cn/new/disclosure/detail?stockCode=603363&announcementId=1223410279&orgId=9900033003&announcementTime=2025-04-30
603363,*ST傲农,2023年度审计报告非标意见涉及事项影响已消除的审核报告,2025-04-30,http://www.cninfo.com.cn/new/disclosure/detail?stockCode=603363&announcementId=1223410277&orgId=9900033003&announcementTime=2025-04-30
603363,*ST傲农,福建傲农生物科技集团股份有限公司2024年年度报告,2025-04-30,http://www.cninfo.com.cn/new/disclosure/detail?stockCode=603363&announcementId=1223410275&orgId=9900033003&announcementTime=2025-04-30
603363,*ST傲农,福建傲农生物科技集团股份有限公司关于申请撤销公司股票退市风险警示及其他风险警示的公告,2025-04-30,http://www.cninfo.com.cn/new/disclosure/detail?stockCode=603363&announcementId=1223410274&orgId=9900033003&announcementTime=2025-04-30
603363,*ST傲农,2024年度内部控制审计报告,2025-04-30,http://www.cninfo.com.cn/new/disclosure/detail?stockCode=603363&announcementId=1223410272&orgId=9900033003&announcementTime=2025-04-30
603363,*ST傲农,福建傲农生物科技集团股份有限公司关于2024年度拟不进行利润分配的公告,2025-04-30,http://www.cninfo.com.cn/new/disclosure/detail?stockCode=603363&announcementId=1223410271&orgId=9900033003&announcementTime=2025-04-30
603363,*ST傲农,募集资金存放与实际使用情况鉴证报告,2025-04-30,http://www.cninfo.com.cn/new/disclosure/detail?stockCode=603363&announcementId=1223410269&orgId=9900033003&announcementTime=2025-04-30
603363,*ST傲农,福建傲农生物科技集团股份有限公司2025年第一季度报告,2025-04-30,http://www.cninfo.com.cn/new/disclosure/detail?stockCode=603363&announcementId=1223410268&orgId=9900033003&announcementTime=2025-04-30
603363,*ST傲农,福建傲农生物科技集团股份有限公司监事会对《董事会关于2023年度审计报告非标意见涉及事项影响已消除的专项说明》的意见,2025-04-30,http://www.cninfo.com.cn/new/disclosure/detail?stockCode=603363&announcementId=1223410267&orgId=9900033003&announcementTime=2025-04-30
603363,*ST傲农,福建傲农生物科技集团股份有限公司2025年3月公司担保情况的公告,2025-04-26,http://www.cninfo.com.cn/new/disclosure/detail?stockCode=603363&announcementId=1223303765&orgId=9900033003&announcementTime=2025-04-26
603363,*ST傲农,福建傲农生物科技集团股份有限公司关于公司股票可能被终止上市的第七次风险提示公告,2025-04-26,http://www.cninfo.com.cn/new/disclosure/detail?stockCode=603363&announcementId=1223303764&orgId=9900033003&announcementTime=2025-04-26
603363,*ST傲农,国泰海通证券股份有限公司关于福建傲农生物科技集团股份有限公司向特定对象发行限售股上市流通的核查意见,2025-04-25,http://www.cninfo.com.cn/new/disclosure/detail?stockCode=603363&announcementId=1223279957&orgId=9900033003&announcementTime=2025-04-25
603363,*ST傲农,福建傲农生物科技集团股份有限公司关于重大诉讼的进展公告,2025-04-25,http://www.cninfo.com.cn/new/disclosure/detail?stockCode=603363&announcementId=1223279956&orgId=9900033003&announcementTime=2025-04-25
603363,*ST傲农,福建傲农生物科技集团股份有限公司关于向特定对象发行限售股上市流通的公告,2025-04-25,http://www.cninfo.com.cn/new/disclosure/detail?stockCode=603363&announcementId=1223279955&orgId=9900033003&announcementTime=2025-04-25
603363,*ST傲农,福建傲农生物科技集团股份有限公司关于转让控股孙公司股权的公告,2025-04-16,http://www.cninfo.com.cn/new/disclosure/detail?stockCode=603363&announcementId=1223100085&orgId=9900033003&announcementTime=2025-04-16
603363,*ST傲农,福建傲农生物科技集团股份有限公司关于公司2024年年报编制及最新审计进展的公告,2025-04-16,http://www.cninfo.com.cn/new/disclosure/detail?stockCode=603363&announcementId=1223100084&orgId=9900033003&announcementTime=2025-04-16
603363,*ST傲农,北京市中伦律师事务所关于福建傲农生物科技集团股份有限公司2025年第二次临时股东大会的法律意见书,2025-04-15,http://www.cninfo.com.cn/new/disclosure/detail?stockCode=603363&announcementId=1223093903&orgId=9900033003&announcementTime=2025-04-15
603363,*ST傲农, 福建傲农生物科技集团股份有限公司2025年第二次临时股东大会会议决议公告,2025-04-15,http://www.cninfo.com.cn/new/disclosure/detail?stockCode=603363&announcementId=1223093902&orgId=9900033003&announcementTime=2025-04-15
603363,*ST傲农,福建傲农生物科技集团股份有限公司2024年度业绩快报公告,2025-04-12,http://www.cninfo.com.cn/new/disclosure/detail?stockCode=603363&announcementId=1223070875&orgId=9900033003&announcementTime=2025-04-12
603363,*ST傲农,福建傲农生物科技集团股份有限公司2025年第一季度业绩预盈公告,2025-04-12,http://www.cninfo.com.cn/new/disclosure/detail?stockCode=603363&announcementId=1223070874&orgId=9900033003&announcementTime=2025-04-12
603363,*ST傲农,福建傲农生物科技集团股份有限公司关于公司股票可能被终止上市的第六次风险提示公告,2025-04-12,http://www.cninfo.com.cn/new/disclosure/detail?stockCode=603363&announcementId=1223070873&orgId=9900033003&announcementTime=2025-04-12
603363,*ST傲农,福建傲农生物科技集团股份有限公司关于完成工商变更登记的公告,2025-04-09,http://www.cninfo.com.cn/new/disclosure/detail?stockCode=603363&announcementId=1223029612&orgId=9900033003&announcementTime=2025-04-09
603363,*ST傲农,福建傲农生物科技集团股份有限公司2025年3月养殖业务主要经营数据公告,2025-04-08,http://www.cninfo.com.cn/new/disclosure/detail?stockCode=603363&announcementId=1223021283&orgId=9900033003&announcementTime=2025-04-08
603363,*ST傲农,福建傲农生物科技集团股份有限公司2025年第二次临时股东大会会议资料,2025-04-04,http://www.cninfo.com.cn/new/disclosure/detail?stockCode=603363&announcementId=1223004031&orgId=9900033003&announcementTime=2025-04-04
603363,*ST傲农,福建傲农生物科技集团股份有限公司关于公司2024年年报编制及最新审计进展的公告,2025-04-01,http://www.cninfo.com.cn/new/disclosure/detail?stockCode=603363&announcementId=1222971127&orgId=9900033003&announcementTime=2025-04-01
603363,*ST傲农,福建傲农生物科技集团股份有限公司关于2025年度向金融机构申请融资授信额度的公告,2025-03-29,http://www.cninfo.com.cn/new/disclosure/detail?stockCode=603363&announcementId=1222944706&orgId=9900033003&announcementTime=2025-03-29
603363,*ST傲农,福建傲农生物科技集团股份有限公司关于持股5%以上股东权益变动触及1%整数倍的提示性公告,2025-03-29,http://www.cninfo.com.cn/new/disclosure/detail?stockCode=603363&announcementId=1222944705&orgId=9900033003&announcementTime=2025-03-29
603363,*ST傲农,福建傲农生物科技集团股份有限公司关于2025年度为产业链合作伙伴提供担保的公告,2025-03-29,http://www.cninfo.com.cn/new/disclosure/detail?stockCode=603363&announcementId=1222944703&orgId=9900033003&announcementTime=2025-03-29
603363,*ST傲农,福建傲农生物科技集团股份有限公司关于召开2025年第二次临时股东大会的通知,2025-03-29,http://www.cninfo.com.cn/new/disclosure/detail?stockCode=603363&announcementId=1222944702&orgId=9900033003&announcementTime=2025-03-29
603363,*ST傲农,福建傲农生物科技集团股份有限公司关于2025年度与控股股东关联方日常关联交易预计的公告,2025-03-29,http://www.cninfo.com.cn/new/disclosure/detail?stockCode=603363&announcementId=1222944701&orgId=9900033003&announcementTime=2025-03-29
603363,*ST傲农,福建傲农生物科技集团股份有限公司第四届董事会第十二次会议决议公告,2025-03-29,http://www.cninfo.com.cn/new/disclosure/detail?stockCode=603363&announcementId=1222944700&orgId=9900033003&announcementTime=2025-03-29
603363,*ST傲农,福建傲农生物科技集团股份有限公司2025年2月公司担保情况的公告,2025-03-29,http://www.cninfo.com.cn/new/disclosure/detail?stockCode=603363&announcementId=1222944699&orgId=9900033003&announcementTime=2025-03-29
603363,*ST傲农,福建傲农生物科技集团股份有限公司关于2025年度公司及下属子公司相互提供担保的公告,2025-03-29,http://www.cninfo.com.cn/new/disclosure/detail?stockCode=603363&announcementId=1222944697&orgId=9900033003&announcementTime=2025-03-29
603363,*ST傲农,福建傲农生物科技集团股份有限公司关于部分高级管理人员变动的公告,2025-03-29,http://www.cninfo.com.cn/new/disclosure/detail?stockCode=603363&announcementId=1222944696&orgId=9900033003&announcementTime=2025-03-29
603363,*ST傲农,福建傲农生物科技集团股份有限公司关于2025年度与其他关联方日常关联交易预计的公告,2025-03-29,http://www.cninfo.com.cn/new/disclosure/detail?stockCode=603363&announcementId=1222944695&orgId=9900033003&announcementTime=2025-03-29
603363,*ST傲农,福建傲农生物科技集团股份有限公司关于持股5%以上股东部分股份被司法冻结的公告,2025-03-28,http://www.cninfo.com.cn/new/disclosure/detail?stockCode=603363&announcementId=1222923528&orgId=9900033003&announcementTime=2025-03-28
603363,*ST傲农,福建傲农生物科技集团股份有限公司关于公司股票可能被终止上市的第五次风险提示公告,2025-03-28,http://www.cninfo.com.cn/new/disclosure/detail?stockCode=603363&announcementId=1222921234&orgId=9900033003&announcementTime=2025-03-28
603363,*ST傲农,福建傲农生物科技集团股份有限公司关于持股5%以上股东及其一致行动人部分股份被司法冻结、轮候冻结及解除冻结、轮候冻结的公告,2025-03-22,http://www.cninfo.com.cn/new/disclosure/detail?stockCode=603363&announcementId=1222866501&orgId=9900033003&announcementTime=2025-03-22
603363,*ST傲农,福建傲农生物科技集团股份有限公司关于新增部分债务逾期的公告,2025-03-18,http://www.cninfo.com.cn/new/disclosure/detail?stockCode=603363&announcementId=1222821950&orgId=9900033003&announcementTime=2025-03-18
603363,*ST傲农,福建傲农生物科技集团股份有限公司关于公司股票可能被终止上市的第四次风险提示公告,2025-03-14,http://www.cninfo.com.cn/new/disclosure/detail?stockCode=603363&announcementId=1222787043&orgId=9900033003&announcementTime=2025-03-14
603363,*ST傲农,福建傲农生物科技集团股份有限公司2025年2月养殖业务主要经营数据公告,2025-03-11,http://www.cninfo.com.cn/new/disclosure/detail?stockCode=603363&announcementId=1222758336&orgId=9900033003&announcementTime=2025-03-11
603363,*ST傲农,福建傲农生物科技集团股份有限公司关于新增涉及诉讼、仲裁事项的公告,2025-03-11,http://www.cninfo.com.cn/new/disclosure/detail?stockCode=603363&announcementId=1222758335&orgId=9900033003&announcementTime=2025-03-11
603363,*ST傲农,福建傲农生物科技集团股份有限公司关于公司股票可能被终止上市的第三次风险提示公告,2025-02-28,http://www.cninfo.com.cn/new/disclosure/detail?stockCode=603363&announcementId=1222660695&orgId=9900033003&announcementTime=2025-02-28
603363,*ST傲农,福建傲农生物科技集团股份有限公司2025年1月公司担保情况的公告,2025-02-28,http://www.cninfo.com.cn/new/disclosure/detail?stockCode=603363&announcementId=1222660694&orgId=9900033003&announcementTime=2025-02-28
603363,*ST傲农,福建傲农生物科技集团股份有限公司关于公司股票可能被终止上市的第二次风险提示公告,2025-02-14,http://www.cninfo.com.cn/new/disclosure/detail?stockCode=603363&announcementId=1222534953&orgId=9900033003&announcementTime=2025-02-14
603363,*ST傲农,福建傲农生物科技集团股份有限公司2025年1月养殖业务主要经营数据公告,2025-02-12,http://www.cninfo.com.cn/new/disclosure/detail?stockCode=603363&announcementId=1222514060&orgId=9900033003&announcementTime=2025-02-12
603363,*ST傲农,福建傲农生物科技集团股份有限公司关于新增涉及诉讼、仲裁事项的公告,2025-02-08,http://www.cninfo.com.cn/new/disclosure/detail?stockCode=603363&announcementId=1222484347&orgId=9900033003&announcementTime=2025-02-08
603363,*ST傲农,福建傲农生物科技集团股份有限公司第四届董事会第十一次会议决议公告,2025-01-25,http://www.cninfo.com.cn/new/disclosure/detail?stockCode=603363&announcementId=1222428345&orgId=9900033003&announcementTime=2025-01-25
603363,*ST傲农,福建傲农生物科技集团股份有限公司2024年12月公司担保情况的公告,2025-01-25,http://www.cninfo.com.cn/new/disclosure/detail?stockCode=603363&announcementId=1222428344&orgId=9900033003&announcementTime=2025-01-25
603363,*ST傲农,福建傲农生物科技集团股份有限公司关于选举董事长、副董事长及调整董事会专门委员会成员的公告,2025-01-25,http://www.cninfo.com.cn/new/disclosure/detail?stockCode=603363&announcementId=1222428342&orgId=9900033003&announcementTime=2025-01-25
603363,*ST傲农,北京市中伦律师事务所关于福建傲农生物科技集团股份有限公司2025年第一次临时股东大会的法律意见书,2025-01-24,http://www.cninfo.com.cn/new/disclosure/detail?stockCode=603363&announcementId=1222419216&orgId=9900033003&announcementTime=2025-01-24
603363,*ST傲农,福建傲农生物科技集团股份有限公司2025年第一次临时股东大会决议公告,2025-01-24,http://www.cninfo.com.cn/new/disclosure/detail?stockCode=603363&announcementId=1222419215&orgId=9900033003&announcementTime=2025-01-24
603363,*ST傲农,福建傲农生物科技集团股份有限公司关于公司股票可能被终止上市的风险提示公告,2025-01-23,http://www.cninfo.com.cn/new/disclosure/detail?stockCode=603363&announcementId=1222404132&orgId=9900033003&announcementTime=2025-01-23
603363,*ST傲农,容诚会计师事务所（特殊普通合伙）《关于福建傲农生物科技集团股份有限公司因财务类指标涉及退市风险警示有关情形消除预审计情况的专项说明》,2025-01-23,http://www.cninfo.com.cn/new/disclosure/detail?stockCode=603363&announcementId=1222404131&orgId=9900033003&announcementTime=2025-01-23
603363,*ST傲农,福建傲农生物科技集团股份有限公司2024年年度业绩预盈公告,2025-01-23,http://www.cninfo.com.cn/new/disclosure/detail?stockCode=603363&announcementId=1222404130&orgId=9900033003&announcementTime=2025-01-23
603363,*ST傲农,北京市中伦律师事务所关于福建傲农生物科技集团股份有限公司2021年限制性股票激励计划回购注销部分限制性股票相关事项的法律意见书,2025-01-22,http://www.cninfo.com.cn/new/disclosure/detail?stockCode=603363&announcementId=1222387751&orgId=9900033003&announcementTime=2025-01-22
603363,*ST傲农,福建傲农生物科技集团股份有限公司股权激励限制性股票回购注销实施公告,2025-01-22,http://www.cninfo.com.cn/new/disclosure/detail?stockCode=603363&announcementId=1222387750&orgId=9900033003&announcementTime=2025-01-22
603363,*ST傲农,福建傲农生物科技集团股份有限公司2025年第一次临时股东大会会议资料,2025-01-17,http://www.cninfo.com.cn/new/disclosure/detail?stockCode=603363&announcementId=1222353607&orgId=9900033003&announcementTime=2025-01-17
603363,*ST傲农,福建傲农生物科技集团股份有限公司关于撤销退市风险警示暨继续被实施退市风险警示及其他风险警示的公告,2025-01-09,http://www.cninfo.com.cn/new/disclosure/detail?stockCode=603363&announcementId=1222268715&orgId=9900033003&announcementTime=2025-01-09
603363,*ST傲农,福建傲农生物科技集团股份有限公司监事会议事规则,2025-01-08,http://www.cninfo.com.cn/new/disclosure/detail?stockCode=603363&announcementId=1222259147&orgId=9900033003&announcementTime=2025-01-08
603363,*ST傲农,独立董事提名人声明与承诺（俞道进）,2025-01-08,http://www.cninfo.com.cn/new/disclosure/detail?stockCode=603363&announcementId=1222259146&orgId=9900033003&announcementTime=2025-01-08
603363,*ST傲农,福建傲农生物科技集团股份有限公司董事会提名委员会关于公司第四届董事会增补独立董事候选人的审查意见,2025-01-08,http://www.cninfo.com.cn/new/disclosure/detail?stockCode=603363&announcementId=1222259145&orgId=9900033003&announcementTime=2025-01-08
603363,*ST傲农,福建傲农生物科技集团股份有限公司第四届监事会第八次会议决议公告,2025-01-08,http://www.cninfo.com.cn/new/disclosure/detail?stockCode=603363&announcementId=1222259144&orgId=9900033003&announcementTime=2025-01-08
603363,*ST傲农,福建傲农生物科技集团股份有限公司关于召开2025年第一次临时股东大会的通知,2025-01-08,http://www.cninfo.com.cn/new/disclosure/detail?stockCode=603363&announcementId=1222259143&orgId=9900033003&announcementTime=2025-01-08
603363,*ST傲农,福建傲农生物科技集团股份有限公司关于部分董事拟变动的公告,2025-01-08,http://www.cninfo.com.cn/new/disclosure/detail?stockCode=603363&announcementId=1222259142&orgId=9900033003&announcementTime=2025-01-08
603363,*ST傲农,独立董事候选人声明与承诺（俞道进）,2025-01-08,http://www.cninfo.com.cn/new/disclosure/detail?stockCode=603363&announcementId=1222259141&orgId=9900033003&announcementTime=2025-01-08
603363,*ST傲农,福建傲农生物科技集团股份有限公司股东大会议事规则,2025-01-08,http://www.cninfo.com.cn/new/disclosure/detail?stockCode=603363&announcementId=1222259140&orgId=9900033003&announcementTime=2025-01-08
603363,*ST傲农,福建傲农生物科技集团股份有限公司董事会议事规则,2025-01-08,http://www.cninfo.com.cn/new/disclosure/detail?stockCode=603363&announcementId=1222259139&orgId=9900033003&announcementTime=2025-01-08
603363,*ST傲农,福建傲农生物科技集团股份有限公司章程,2025-01-08,http://www.cninfo.com.cn/new/disclosure/detail?stockCode=603363&announcementId=1222259138&orgId=9900033003&announcementTime=2025-01-08
603363,*ST傲农,福建傲农生物科技集团股份有限公司关于修订公司部分治理制度的公告,2025-01-08,http://www.cninfo.com.cn/new/disclosure/detail?stockCode=603363&announcementId=1222259137&orgId=9900033003&announcementTime=2025-01-08
603363,*ST傲农,福建傲农生物科技集团股份有限公司第四届董事会第十次会议决议公告,2025-01-08,http://www.cninfo.com.cn/new/disclosure/detail?stockCode=603363&announcementId=1222259136&orgId=9900033003&announcementTime=2025-01-08
603363,*ST傲农,福建傲农生物科技集团股份有限公司关于修改公司章程并办理工商变更登记的公告,2025-01-08,http://www.cninfo.com.cn/new/disclosure/detail?stockCode=603363&announcementId=1222259135&orgId=9900033003&announcementTime=2025-01-08
603363,*ST傲农,福建傲农生物科技集团股份有限公司关于转让甘肃傲农饲料科技有限公司控股权后形成对外担保的公告,2025-01-08,http://www.cninfo.com.cn/new/disclosure/detail?stockCode=603363&announcementId=1222259134&orgId=9900033003&announcementTime=2025-01-08
603363,*ST傲农,福建傲农生物科技集团股份有限公司2024年12月养殖业务主要经营数据公告,2025-01-08,http://www.cninfo.com.cn/new/disclosure/detail?stockCode=603363&announcementId=1222259133&orgId=9900033003&announcementTime=2025-01-08
603363,*ST傲农,东北证券股份有限公司关于福建傲农生物科技集团股份有限公司详式权益变动报告书之财务顾问核查意见,2025-01-07,http://www.cninfo.com.cn/new/disclosure/detail?stockCode=603363&announcementId=1222245291&orgId=9900033003&announcementTime=2025-01-07
603363,*ST傲农,福建傲农生物科技集团股份有限公司关于股东权益变动的提示性公告,2025-01-01,http://www.cninfo.com.cn/new/disclosure/detail?stockCode=603363&announcementId=1222191494&orgId=9900033003&announcementTime=2025-01-01
603363,*ST傲农,福建傲农生物科技集团股份有限公司关于注销部分募集资金专项账户的公告,2025-01-01,http://www.cninfo.com.cn/new/disclosure/detail?stockCode=603363&announcementId=1222191493&orgId=9900033003&announcementTime=2025-01-01
603363,*ST傲农,简式权益变动报告书,2025-01-01,http://www.cninfo.com.cn/new/disclosure/detail?stockCode=603363&announcementId=1222191492&orgId=9900033003&announcementTime=2025-01-01
603363,*ST傲农,福建傲农生物科技集团股份有限公司关于漳州傲农投资有限公司重整计划执行完毕的公告,2024-12-31,http://www.cninfo.com.cn/new/disclosure/detail?stockCode=603363&announcementId=1222181360&orgId=9900033003&announcementTime=2024-12-31
603363,*ST傲农,福建傲农生物科技集团股份有限公司关于重整计划相关事项的进展公告,2024-12-31,http://www.cninfo.com.cn/new/disclosure/detail?stockCode=603363&announcementId=1222181359&orgId=9900033003&announcementTime=2024-12-31
603363,*ST傲农,福建傲农生物科技集团股份有限公司关于申请撤销退市风险警示暨继续被实施退市风险警示及其他风险警示的公告,2024-12-28,http://www.cninfo.com.cn/new/disclosure/detail?stockCode=603363&announcementId=1222167357&orgId=9900033003&announcementTime=2024-12-28
603363,*ST傲农,福建傲农生物科技集团股份有限公司关于傲农生物重整计划执行情况的监督报告,2024-12-28,http://www.cninfo.com.cn/new/disclosure/detail?stockCode=603363&announcementId=1222167356&orgId=9900033003&announcementTime=2024-12-28
603363,*ST傲农,福建傲农生物科技集团股份有限公司关于公司重整计划执行完毕的公告,2024-12-28,http://www.cninfo.com.cn/new/disclosure/detail?stockCode=603363&announcementId=1222167355&orgId=9900033003&announcementTime=2024-12-28
603363,*ST傲农,北京市中伦律师事务所关于福建傲农生物科技集团股份有限公司重整计划执行完毕的法律意见书,2024-12-28,http://www.cninfo.com.cn/new/disclosure/detail?stockCode=603363&announcementId=1222167354&orgId=9900033003&announcementTime=2024-12-28
603363,*ST傲农,福建傲农生物科技集团股份有限公司2024年11月公司担保情况的公告,2024-12-28,http://www.cninfo.com.cn/new/disclosure/detail?stockCode=603363&announcementId=1222167353&orgId=9900033003&announcementTime=2024-12-28
603363,*ST傲农,福建傲农生物科技集团股份有限公司关于重整财务投资人指定实施主体的公告,2024-12-26,http://www.cninfo.com.cn/new/disclosure/detail?stockCode=603363&announcementId=1222145248&orgId=9900033003&announcementTime=2024-12-26
603363,*ST傲农,福建傲农生物科技集团股份有限公司关于重整计划执行进展的公告,2024-12-26,http://www.cninfo.com.cn/new/disclosure/detail?stockCode=603363&announcementId=1222144470&orgId=9900033003&announcementTime=2024-12-26
603363,*ST傲农,福建傲农生物科技集团股份有限公司关于漳州傲农投资有限公司重整执行进展暨公司股东所持公司股份拟发生变动的公告,2024-12-26,http://www.cninfo.com.cn/new/disclosure/detail?stockCode=603363&announcementId=1222144469&orgId=9900033003&announcementTime=2024-12-26
603363,*ST傲农,福建傲农生物科技集团股份有限公司关于重整计划资本公积金转增股本事项实施的提示性公告,2024-12-25,http://www.cninfo.com.cn/new/disclosure/detail?stockCode=603363&announcementId=1222129336&orgId=9900033003&announcementTime=2024-12-25
603363,*ST傲农,国泰君安证券股份有限公司关于福建傲农生物科技集团股份有限公司调整资本公积金转增股本除权参考价格的计算结果的专项意见,2024-12-25,http://www.cninfo.com.cn/new/disclosure/detail?stockCode=603363&announcementId=1222129335&orgId=9900033003&announcementTime=2024-12-25
603363,*ST傲农,详式权益变动报告书（产业投资人联合体）,2024-12-21,http://www.cninfo.com.cn/new/disclosure/detail?stockCode=603363&announcementId=1222091133&orgId=9900033003&announcementTime=2024-12-21
603363,*ST傲农,福建傲农生物科技集团股份有限公司关于股东权益变动暨控股股东及实际控制人拟发生变更的提示性公告,2024-12-20,http://www.cninfo.com.cn/new/disclosure/detail?stockCode=603363&announcementId=1222077059&orgId=9900033003&announcementTime=2024-12-20
603363,*ST傲农,简式权益变动报告书（金投集团、金投商贸）,2024-12-20,http://www.cninfo.com.cn/new/disclosure/detail?stockCode=603363&announcementId=1222077058&orgId=9900033003&announcementTime=2024-12-20
603363,*ST傲农,国泰君安证券股份有限公司关于福建傲农生物科技集团股份有限公司调整资本公积金转增股本除权参考价格的计算公式的专项意见,2024-12-20,http://www.cninfo.com.cn/new/disclosure/detail?stockCode=603363&announcementId=1222077057&orgId=9900033003&announcementTime=2024-12-20
603363,*ST傲农,福建傲农生物科技集团股份有限公司关于重整计划资本公积金转增股本事项实施的公告,2024-12-20,http://www.cninfo.com.cn/new/disclosure/detail?stockCode=603363&announcementId=1222077056&orgId=9900033003&announcementTime=2024-12-20
603363,*ST傲农,简式权益变动报告书（傲农投资、吴有林及其一致行动人）,2024-12-20,http://www.cninfo.com.cn/new/disclosure/detail?stockCode=603363&announcementId=1222077055&orgId=9900033003&announcementTime=2024-12-20
603363,*ST傲农,福建傲农生物科技集团股份有限公司关于重整产业投资人指定实施主体暨产业投资人一致行动情况的公告,2024-12-20,http://www.cninfo.com.cn/new/disclosure/detail?stockCode=603363&announcementId=1222077054&orgId=9900033003&announcementTime=2024-12-20
603363,*ST傲农,福建傲农生物科技集团股份有限公司关于漳州傲农投资有限公司重整执行进展暨公司签订重整投资协议的公告,2024-12-19,http://www.cninfo.com.cn/new/disclosure/detail?stockCode=603363&announcementId=1222065401&orgId=9900033003&announcementTime=2024-12-19
603363,*ST傲农,福建傲农生物科技集团股份有限公司关于在重整程序中处置资产的公告,2024-12-11,http://www.cninfo.com.cn/new/disclosure/detail?stockCode=603363&announcementId=1221982067&orgId=9900033003&announcementTime=2024-12-11
603363,*ST傲农,福建傲农生物科技集团股份有限公司重整计划之经营方案,2024-12-11,http://www.cninfo.com.cn/new/disclosure/detail?stockCode=603363&announcementId=1221982066&orgId=9900033003&announcementTime=2024-12-11
603363,*ST傲农,福建傲农生物科技集团股份有限公司关于控股股东重整进展的公告,2024-12-11,http://www.cninfo.com.cn/new/disclosure/detail?stockCode=603363&announcementId=1221982065&orgId=9900033003&announcementTime=2024-12-11
603363,*ST傲农,福建傲农生物科技集团股份有限公司关于公司重整计划获得法院裁定批准的公告,2024-12-11,http://www.cninfo.com.cn/new/disclosure/detail?stockCode=603363&announcementId=1221982064&orgId=9900033003&announcementTime=2024-12-11
603363,*ST傲农,福建傲农生物科技集团股份有限公司重整计划,2024-12-11,http://www.cninfo.com.cn/new/disclosure/detail?stockCode=603363&announcementId=1221982063&orgId=9900033003&announcementTime=2024-12-11
603363,*ST傲农,福建傲农生物科技集团股份有限公司关于出资人组会议决议的公告,2024-12-10,http://www.cninfo.com.cn/new/disclosure/detail?stockCode=603363&announcementId=1221966998&orgId=9900033003&announcementTime=2024-12-10
603363,*ST傲农,福建傲农生物科技集团股份有限公司2024年11月养殖业务主要经营数据公告,2024-12-10,http://www.cninfo.com.cn/new/disclosure/detail?stockCode=603363&announcementId=1221966997&orgId=9900033003&announcementTime=2024-12-10
603363,*ST傲农,北京市中伦律师事务所关于福建傲农生物科技集团股份有限公司出资人组会议的法律意见书,2024-12-10,http://www.cninfo.com.cn/new/disclosure/detail?stockCode=603363&announcementId=1221966996&orgId=9900033003&announcementTime=2024-12-10
603363,*ST傲农,福建傲农生物科技集团股份有限公司关于重整第一次债权人会议召开情况及表决结果的公告,2024-12-09,http://www.cninfo.com.cn/new/disclosure/detail?stockCode=603363&announcementId=1221959421&orgId=9900033003&announcementTime=2024-12-09
603363,*ST傲农,福建傲农生物科技集团股份有限公司关于召开重整第一次债权人会议的提示性公告,2024-12-04,http://www.cninfo.com.cn/new/disclosure/detail?stockCode=603363&announcementId=1221920612&orgId=9900033003&announcementTime=2024-12-04
603363,*ST傲农,福建傲农生物科技集团股份有限公司重整计划（草案）,2024-12-04,http://www.cninfo.com.cn/new/disclosure/detail?stockCode=603363&announcementId=1221920611&orgId=9900033003&announcementTime=2024-12-04
603363,*ST傲农,福建傲农生物科技集团股份有限公司关于新增部分债务逾期的公告,2024-11-28,http://www.cninfo.com.cn/new/disclosure/detail?stockCode=603363&announcementId=1221864276&orgId=9900033003&announcementTime=2024-11-28
603363,*ST傲农,福建傲农生物科技集团股份有限公司2024年10月公司担保情况的公告,2024-11-28,http://www.cninfo.com.cn/new/disclosure/detail?stockCode=603363&announcementId=1221864275&orgId=9900033003&announcementTime=2024-11-28
603363,*ST傲农,福建傲农生物科技集团股份有限公司关于召开出资人组会议的通知,2024-11-23,http://www.cninfo.com.cn/new/disclosure/detail?stockCode=603363&announcementId=1221816388&orgId=9900033003&announcementTime=2024-11-23
603363,*ST傲农,福建傲农生物科技集团股份有限公司重整计划（草案）之出资人权益调整方案,2024-11-23,http://www.cninfo.com.cn/new/disclosure/detail?stockCode=603363&announcementId=1221816387&orgId=9900033003&announcementTime=2024-11-23
603363,*ST傲农,福建傲农生物科技集团股份有限公司关于控股股东部分股份被解除冻结的公告,2024-11-22,http://www.cninfo.com.cn/new/disclosure/detail?stockCode=603363&announcementId=1221802544&orgId=9900033003&announcementTime=2024-11-22
603363,*ST傲农,福建傲农生物科技集团股份有限公司关于召开公司控股股东重整第二次债权人会议通知的公告,2024-11-21,http://www.cninfo.com.cn/new/disclosure/detail?stockCode=603363&announcementId=1221788958&orgId=9900033003&announcementTime=2024-11-21
603363,*ST傲农,福建傲农生物科技集团股份有限公司关于关于召开重整第一次债权人会议的通知,2024-11-21,http://www.cninfo.com.cn/new/disclosure/detail?stockCode=603363&announcementId=1221788957&orgId=9900033003&announcementTime=2024-11-21
603363,*ST傲农,福建傲农生物科技集团股份有限公司关于控股股东、实际控制人部分股份被司法冻结及解除冻结、轮候冻结的公告,2024-11-16,http://www.cninfo.com.cn/new/disclosure/detail?stockCode=603363&announcementId=1221740738&orgId=9900033003&announcementTime=2024-11-16
603363,*ST傲农,福建傲农生物科技集团股份有限公司关于新增涉及诉讼、仲裁事项的公告,2024-11-13,http://www.cninfo.com.cn/new/disclosure/detail?stockCode=603363&announcementId=1221697156&orgId=9900033003&announcementTime=2024-11-13
603363,*ST傲农,福建傲农生物科技集团股份有限公司关于法院准许公司在重整期间继续营业并自行管理财产和营业事务的公告,2024-11-09,http://www.cninfo.com.cn/new/disclosure/detail?stockCode=603363&announcementId=1221660840&orgId=9900033003&announcementTime=2024-11-09
603363,*ST傲农,福建傲农生物科技集团股份有限公司2024年10月养殖业务主要经营数据公告,2024-11-08,http://www.cninfo.com.cn/new/disclosure/detail?stockCode=603363&announcementId=1221648441&orgId=9900033003&announcementTime=2024-11-08
603363,*ST傲农,福建傲农生物科技集团股份有限公司关于新增部分债务逾期的公告,2024-11-08,http://www.cninfo.com.cn/new/disclosure/detail?stockCode=603363&announcementId=1221648440&orgId=9900033003&announcementTime=2024-11-08
603363,*ST傲农,福建傲农生物科技集团股份有限公司股票交易风险提示性公告,2024-11-07,http://www.cninfo.com.cn/new/disclosure/detail?stockCode=603363&announcementId=1221640994&orgId=9900033003&announcementTime=2024-11-07
603363,*ST傲农,福建傲农生物科技集团股份有限公司控股股东、实际控制人关于公司股票交易异常波动问询函的回复,2024-11-07,http://www.cninfo.com.cn/new/disclosure/detail?stockCode=603363&announcementId=1221640993&orgId=9900033003&announcementTime=2024-11-07
603363,*ST傲农,福建傲农生物科技集团股份有限公司股票交易异常波动公告,2024-11-06,http://www.cninfo.com.cn/new/disclosure/detail?stockCode=603363&announcementId=1221637678&orgId=9900033003&announcementTime=2024-11-06
603363,*ST傲农,福建傲农生物科技集团股份有限公司关于召开第一次债权人会议及重整债权申报通知的公告,2024-11-06,http://www.cninfo.com.cn/new/disclosure/detail?stockCode=603363&announcementId=1221637677&orgId=9900033003&announcementTime=2024-11-06
603363,*ST傲农,福建傲农生物科技集团股份有限公司关于法院裁定受理公司重整及指定管理人暨公司股票被叠加实施退市风险警示的公告,2024-11-06,http://www.cninfo.com.cn/new/disclosure/detail?stockCode=603363&announcementId=1221637676&orgId=9900033003&announcementTime=2024-11-06
603363,*ST傲农,福建傲农生物科技集团股份有限公司控股股东、实际控制人关于公司股票交易异常波动问询函的回复,2024-11-06,http://www.cninfo.com.cn/new/disclosure/detail?stockCode=603363&announcementId=1221637675&orgId=9900033003&announcementTime=2024-11-06
603363,*ST傲农, 福建傲农生物科技集团股份有限公司2024年第三季度报告,2024-10-31,http://www.cninfo.com.cn/new/disclosure/detail?stockCode=603363&announcementId=1221571133&orgId=9900033003&announcementTime=2024-10-31
603363,*ST傲农,福建傲农生物科技集团股份有限公司关于召开2024年第三季度业绩说明会的公告,2024-10-31,http://www.cninfo.com.cn/new/disclosure/detail?stockCode=603363&announcementId=1221571132&orgId=9900033003&announcementTime=2024-10-31
603363,*ST傲农,福建傲农生物科技集团股份有限公司关于公司预重整进展情况暨风险提示的公告（八）,2024-10-29,http://www.cninfo.com.cn/new/disclosure/detail?stockCode=603363&announcementId=1221538318&orgId=9900033003&announcementTime=2024-10-29
603363,*ST傲农,福建傲农生物科技集团股份有限公司2024年9月公司担保情况的公告,2024-10-29,http://www.cninfo.com.cn/new/disclosure/detail?stockCode=603363&announcementId=1221538317&orgId=9900033003&announcementTime=2024-10-29
603363,*ST傲农,福建傲农生物科技集团股份有限公司关于新增部分债务逾期的公告,2024-10-19,http://www.cninfo.com.cn/new/disclosure/detail?stockCode=603363&announcementId=1221433707&orgId=9900033003&announcementTime=2024-10-19
603363,*ST傲农,福建傲农生物科技集团股份有限公司关于公司实际控制人所持部分公司股份被司法拍卖完成过户暨权益变动超过1%的提示性公告,2024-10-10,http://www.cninfo.com.cn/new/disclosure/detail?stockCode=603363&announcementId=1221353725&orgId=9900033003&announcementTime=2024-10-10
603363,*ST傲农,福建傲农生物科技集团股份有限公司2024年9月养殖业务主要经营数据公告,2024-10-09,http://www.cninfo.com.cn/new/disclosure/detail?stockCode=603363&announcementId=1221340158&orgId=9900033003&announcementTime=2024-10-09
603363,*ST傲农,福建傲农生物科技集团股份有限公司关于控股股东、实际控制人部分股份被解除冻结及轮候冻结的公告,2024-10-09,http://www.cninfo.com.cn/new/disclosure/detail?stockCode=603363&announcementId=1221340157&orgId=9900033003&announcementTime=2024-10-09
603363,*ST傲农,福建傲农生物科技集团股份有限公司关于与重整投资人签署重整投资协议的公告,2024-10-01,http://www.cninfo.com.cn/new/disclosure/detail?stockCode=603363&announcementId=1221333614&orgId=9900033003&announcementTime=2024-10-01
603363,*ST傲农,福建傲农生物科技集团股份有限公司股票交易异常波动公告,2024-10-01,http://www.cninfo.com.cn/new/disclosure/detail?stockCode=603363&announcementId=1221333613&orgId=9900033003&announcementTime=2024-10-01
603363,*ST傲农,国泰君安证券股份有限公司关于重整投资人受让福建傲农生物科技集团股份有限公司资本公积转增股份价格的专项意见,2024-10-01,http://www.cninfo.com.cn/new/disclosure/detail?stockCode=603363&announcementId=1221333612&orgId=9900033003&announcementTime=2024-10-01
603363,*ST傲农,福建傲农生物科技集团股份有限公司控股股东、实际控制人关于公司股票交易异常波动问询函的回复,2024-10-01,http://www.cninfo.com.cn/new/disclosure/detail?stockCode=603363&announcementId=1221333611&orgId=9900033003&announcementTime=2024-10-01
603363,*ST傲农,福建傲农生物科技集团股份有限公司2024年8月公司担保情况的公告,2024-09-28,http://www.cninfo.com.cn/new/disclosure/detail?stockCode=603363&announcementId=1221313148&orgId=9900033003&announcementTime=2024-09-28
603363,*ST傲农,福建傲农生物科技集团股份有限公司关于公司预重整进展情况暨风险提示的公告（七）,2024-09-28,http://www.cninfo.com.cn/new/disclosure/detail?stockCode=603363&announcementId=1221313147&orgId=9900033003&announcementTime=2024-09-28
603363,*ST傲农,福建傲农生物科技集团股份有限公司关于新增部分债务逾期的公告,2024-09-24,http://www.cninfo.com.cn/new/disclosure/detail?stockCode=603363&announcementId=1221275797&orgId=9900033003&announcementTime=2024-09-24
603363,*ST傲农,福建傲农生物科技集团股份有限公司关于公司临时管理人、控股股东管理人公开招募重整投资人遴选结果的公告,2024-09-14,http://www.cninfo.com.cn/new/disclosure/detail?stockCode=603363&announcementId=1221222075&orgId=9900033003&announcementTime=2024-09-14
603363,*ST傲农,福建傲农生物科技集团股份有限公司关于公司及相关责任人收到福建证监局警示函的公告,2024-09-14,http://www.cninfo.com.cn/new/disclosure/detail?stockCode=603363&announcementId=1221222074&orgId=9900033003&announcementTime=2024-09-14
603363,*ST傲农,福建傲农生物科技集团股份有限公司关于新增部分债务逾期的公告,2024-09-12,http://www.cninfo.com.cn/new/disclosure/detail?stockCode=603363&announcementId=1221202583&orgId=9900033003&announcementTime=2024-09-12
603363,*ST傲农,福建傲农生物科技集团股份有限公司关于控股股东、实际控制人部分股份被解除轮候冻结及轮候冻结的公告,2024-09-12,http://www.cninfo.com.cn/new/disclosure/detail?stockCode=603363&announcementId=1221202582&orgId=9900033003&announcementTime=2024-09-12
603363,*ST傲农,福建傲农生物科技集团股份有限公司关于公司实际控制人部分股份被司法拍卖结果的提示性公告,2024-09-10,http://www.cninfo.com.cn/new/disclosure/detail?stockCode=603363&announcementId=1221175167&orgId=9900033003&announcementTime=2024-09-10
603363,*ST傲农,福建傲农生物科技集团股份有限公司2024年8月养殖业务主要经营数据公告,2024-09-10,http://www.cninfo.com.cn/new/disclosure/detail?stockCode=603363&announcementId=1221175166&orgId=9900033003&announcementTime=2024-09-10
603363,*ST傲农,福建傲农生物科技集团股份有限公司关于新增涉及诉讼、仲裁事项的公告,2024-09-10,http://www.cninfo.com.cn/new/disclosure/detail?stockCode=603363&announcementId=1221175165&orgId=9900033003&announcementTime=2024-09-10
603363,*ST傲农,福建傲农生物科技集团股份有限公司关于法院裁定批准延期提交控股股东重整计划草案的公告,2024-09-07,http://www.cninfo.com.cn/new/disclosure/detail?stockCode=603363&announcementId=1221158214&orgId=9900033003&announcementTime=2024-09-07
603363,*ST傲农,福建傲农生物科技集团股份有限公司关于公司实际控制人部分股份被司法拍卖结果的提示性公告,2024-09-07,http://www.cninfo.com.cn/new/disclosure/detail?stockCode=603363&announcementId=1221158212&orgId=9900033003&announcementTime=2024-09-07
603363,*ST傲农,福建傲农生物科技集团股份有限公司第四届监事会第六次会议决议公告,2024-08-31,http://www.cninfo.com.cn/new/disclosure/detail?stockCode=603363&announcementId=1221079605&orgId=9900033003&announcementTime=2024-08-31
603363,*ST傲农,福建傲农生物科技集团股份有限公司关于召开2024年半年度业绩说明会的公告,2024-08-31,http://www.cninfo.com.cn/new/disclosure/detail?stockCode=603363&announcementId=1221079604&orgId=9900033003&announcementTime=2024-08-31
603363,*ST傲农,福建傲农生物科技集团股份有限公司关于2024年不实施中期现金分红的公告,2024-08-31,http://www.cninfo.com.cn/new/disclosure/detail?stockCode=603363&announcementId=1221079602&orgId=9900033003&announcementTime=2024-08-31
603363,*ST傲农,福建傲农生物科技集团股份有限公司2024年半年度报告摘要,2024-08-31,http://www.cninfo.com.cn/new/disclosure/detail?stockCode=603363&announcementId=1221079601&orgId=9900033003&announcementTime=2024-08-31
603363,*ST傲农,福建傲农生物科技集团股份有限公司2024年半年度募集资金存放与实际使用情况的专项报告,2024-08-31,http://www.cninfo.com.cn/new/disclosure/detail?stockCode=603363&announcementId=1221079600&orgId=9900033003&announcementTime=2024-08-31
603363,*ST傲农,福建傲农生物科技集团股份有限公司关于控股子公司放弃参股公司增资优先认缴权暨关联交易的公告,2024-08-31,http://www.cninfo.com.cn/new/disclosure/detail?stockCode=603363&announcementId=1221079599&orgId=9900033003&announcementTime=2024-08-31
603363,*ST傲农,福建傲农生物科技集团股份有限公司第四届董事会第八次会议决议公告,2024-08-31,http://www.cninfo.com.cn/new/disclosure/detail?stockCode=603363&announcementId=1221079598&orgId=9900033003&announcementTime=2024-08-31
603363,*ST傲农,福建傲农生物科技集团股份有限公司2024年半年度报告,2024-08-31,http://www.cninfo.com.cn/new/disclosure/detail?stockCode=603363&announcementId=1221079597&orgId=9900033003&announcementTime=2024-08-31
603363,*ST傲农,福建傲农生物科技集团股份有限公司关于公司预重整进展情况暨风险提示的公告（六）,2024-08-29,http://www.cninfo.com.cn/new/disclosure/detail?stockCode=603363&announcementId=1221023699&orgId=9900033003&announcementTime=2024-08-29
603363,*ST傲农,福建傲农生物科技集团股份有限公司关于新增部分债务逾期的公告,2024-08-27,http://www.cninfo.com.cn/new/disclosure/detail?stockCode=603363&announcementId=1220981043&orgId=9900033003&announcementTime=2024-08-27
603363,*ST傲农,福建傲农生物科技集团股份有限公司2024年7月公司担保情况的公告,2024-08-27,http://www.cninfo.com.cn/new/disclosure/detail?stockCode=603363&announcementId=1220981042&orgId=9900033003&announcementTime=2024-08-27
603363,*ST傲农,福建傲农生物科技集团股份有限公司2024年7月养殖业务主要经营数据公告,2024-08-09,http://www.cninfo.com.cn/new/disclosure/detail?stockCode=603363&announcementId=1220822578&orgId=9900033003&announcementTime=2024-08-09
603363,*ST傲农,福建傲农生物科技集团股份有限公司关于新增部分债务逾期的公告,2024-08-07,http://www.cninfo.com.cn/new/disclosure/detail?stockCode=603363&announcementId=1220805265&orgId=9900033003&announcementTime=2024-08-07
603363,*ST傲农,福建傲农生物科技集团股份有限公司关于新增涉及诉讼、仲裁事项的公告,2024-07-30,http://www.cninfo.com.cn/new/disclosure/detail?stockCode=603363&announcementId=1220744372&orgId=9900033003&announcementTime=2024-07-30
603363,*ST傲农,福建傲农生物科技集团股份有限公司关于控股股东、实际控制人部分股份被解除司法标记及轮候冻结的公告,2024-07-26,http://www.cninfo.com.cn/new/disclosure/detail?stockCode=603363&announcementId=1220731472&orgId=9900033003&announcementTime=2024-07-26
603363,*ST傲农,福建傲农生物科技集团股份有限公司关于公司预重整进展情况暨风险提示的公告（五）,2024-07-26,http://www.cninfo.com.cn/new/disclosure/detail?stockCode=603363&announcementId=1220731471&orgId=9900033003&announcementTime=2024-07-26
603363,*ST傲农,福建傲农生物科技集团股份有限公司2024年6月公司担保情况的公告,2024-07-26,http://www.cninfo.com.cn/new/disclosure/detail?stockCode=603363&announcementId=1220731470&orgId=9900033003&announcementTime=2024-07-26
603363,*ST傲农,福建傲农生物科技集团股份有限公司关于新增部分债务逾期的公告,2024-07-23,http://www.cninfo.com.cn/new/disclosure/detail?stockCode=603363&announcementId=1220700724&orgId=9900033003&announcementTime=2024-07-23
603363,*ST傲农,福建傲农生物科技集团股份有限公司关于公司临时管理人公开招募和遴选信托受托人的公告,2024-07-20,http://www.cninfo.com.cn/new/disclosure/detail?stockCode=603363&announcementId=1220690162&orgId=9900033003&announcementTime=2024-07-20
603363,*ST傲农,福建傲农生物科技集团股份有限公司关于新增部分债务逾期的公告,2024-07-16,http://www.cninfo.com.cn/new/disclosure/detail?stockCode=603363&announcementId=1220646337&orgId=9900033003&announcementTime=2024-07-16
603363,*ST傲农,福建傲农生物科技集团股份有限公司关于新增涉及诉讼、仲裁事项的公告,2024-07-11,http://www.cninfo.com.cn/new/disclosure/detail?stockCode=603363&announcementId=1220601870&orgId=9900033003&announcementTime=2024-07-11
603363,*ST傲农,福建傲农生物科技集团股份有限公司关于控股股东、实际控制人部分股份被解除司法标记及轮候冻结的公告,2024-07-11,http://www.cninfo.com.cn/new/disclosure/detail?stockCode=603363&announcementId=1220601869&orgId=9900033003&announcementTime=2024-07-11
603363,*ST傲农,福建傲农生物科技集团股份有限公司2024年半年度业绩预亏公告,2024-07-10,http://www.cninfo.com.cn/new/disclosure/detail?stockCode=603363&announcementId=1220586856&orgId=9900033003&announcementTime=2024-07-10
603363,*ST傲农,福建傲农生物科技集团股份有限公司2024年6月养殖业务主要经营数据公告,2024-07-09,http://www.cninfo.com.cn/new/disclosure/detail?stockCode=603363&announcementId=1220560050&orgId=9900033003&announcementTime=2024-07-09
603363,*ST傲农,福建傲农生物科技集团股份有限公司关于新增部分债务逾期的公告,2024-07-09,http://www.cninfo.com.cn/new/disclosure/detail?stockCode=603363&announcementId=1220560049&orgId=9900033003&announcementTime=2024-07-09
603363,*ST傲农,福建傲农生物科技集团股份有限公司关于新增涉及诉讼、仲裁事项的公告,2024-06-29,http://www.cninfo.com.cn/new/disclosure/detail?stockCode=603363&announcementId=1220495306&orgId=9900033003&announcementTime=2024-06-29
603363,*ST傲农,福建傲农生物科技集团股份有限公司控股股东、实际控制人关于公司股票交易异常波动问询函的回复,2024-06-27,http://www.cninfo.com.cn/new/disclosure/detail?stockCode=603363&announcementId=1220467012&orgId=9900033003&announcementTime=2024-06-27
603363,*ST傲农,福建傲农生物科技集团股份有限公司2024年5月公司担保情况的公告,2024-06-27,http://www.cninfo.com.cn/new/disclosure/detail?stockCode=603363&announcementId=1220467011&orgId=9900033003&announcementTime=2024-06-27
603363,*ST傲农,福建傲农生物科技集团股份有限公司股票交易异常波动公告,2024-06-27,http://www.cninfo.com.cn/new/disclosure/detail?stockCode=603363&announcementId=1220467010&orgId=9900033003&announcementTime=2024-06-27
603363,*ST傲农,福建傲农生物科技集团股份有限公司关于公司预重整进展情况暨风险提示的公告（四）,2024-06-26,http://www.cninfo.com.cn/new/disclosure/detail?stockCode=603363&announcementId=1220455800&orgId=9900033003&announcementTime=2024-06-26
603363,*ST傲农,福建傲农生物科技集团股份有限公司关于公司控股股东重整第一次债权人会议表决结果的公告,2024-06-22,http://www.cninfo.com.cn/new/disclosure/detail?stockCode=603363&announcementId=1220427214&orgId=9900033003&announcementTime=2024-06-22
603363,*ST傲农,福建傲农生物科技集团股份有限公司关于新增部分债务逾期的公告,2024-06-22,http://www.cninfo.com.cn/new/disclosure/detail?stockCode=603363&announcementId=1220425400&orgId=9900033003&announcementTime=2024-06-22
603363,*ST傲农,福建傲农生物科技集团股份有限公司关于新增涉及诉讼、仲裁事项的公告,2024-06-18,http://www.cninfo.com.cn/new/disclosure/detail?stockCode=603363&announcementId=1220375264&orgId=9900033003&announcementTime=2024-06-18
603363,*ST傲农,福建傲农生物科技集团股份有限公司关于公司实际控制人部分股份被司法拍卖结果的提示性公告,2024-06-13,http://www.cninfo.com.cn/new/disclosure/detail?stockCode=603363&announcementId=1220336295&orgId=9900033003&announcementTime=2024-06-13
603363,*ST傲农,福建傲农生物科技集团股份有限公司关于新增部分债务逾期的公告,2024-06-12,http://www.cninfo.com.cn/new/disclosure/detail?stockCode=603363&announcementId=1220323676&orgId=9900033003&announcementTime=2024-06-12
603363,*ST傲农,容诚会计师事务所（特殊普通合伙）关于对福建傲农生物科技集团股份有限公司2023年度报告的信息披露监管工作函有关事项的专项说明,2024-06-08,http://www.cninfo.com.cn/new/disclosure/detail?stockCode=603363&announcementId=1220302116&orgId=9900033003&announcementTime=2024-06-08
603363,*ST傲农,国泰君安证券股份有限公司关于福建傲农生物科技集团股份有限公司2023年年报问询函回复的核查意见,2024-06-08,http://www.cninfo.com.cn/new/disclosure/detail?stockCode=603363&announcementId=1220302115&orgId=9900033003&announcementTime=2024-06-08
603363,*ST傲农,福建傲农生物科技集团股份有限公司关于对上海证券交易所2023年年度报告信息披露监管问询函的回复公告,2024-06-08,http://www.cninfo.com.cn/new/disclosure/detail?stockCode=603363&announcementId=1220302114&orgId=9900033003&announcementTime=2024-06-08
603363,*ST傲农,福建傲农生物科技集团股份有限公司关于股票交易异常波动的更正公告,2024-06-08,http://www.cninfo.com.cn/new/disclosure/detail?stockCode=603363&announcementId=1220301217&orgId=9900033003&announcementTime=2024-06-08
603363,*ST傲农,福建傲农生物科技集团股份有限公司2024年5月养殖业务主要经营数据公告,2024-06-08,http://www.cninfo.com.cn/new/disclosure/detail?stockCode=603363&announcementId=1220299950&orgId=9900033003&announcementTime=2024-06-08
603363,*ST傲农,福建傲农生物科技集团股份有限公司股票交易异常波动公告,2024-06-08,http://www.cninfo.com.cn/new/disclosure/detail?stockCode=603363&announcementId=1220299949&orgId=9900033003&announcementTime=2024-06-08
603363,*ST傲农,福建傲农生物科技集团股份有限公司控股股东、实际控制人关于公司股票交易异常波动问询函的回复,2024-06-08,http://www.cninfo.com.cn/new/disclosure/detail?stockCode=603363&announcementId=1220299948&orgId=9900033003&announcementTime=2024-06-08
603363,*ST傲农,福建傲农生物科技集团股份有限公司2023年年度股东大会决议公告,2024-06-07,http://www.cninfo.com.cn/new/disclosure/detail?stockCode=603363&announcementId=1220289629&orgId=9900033003&announcementTime=2024-06-07
603363,*ST傲农,北京市中伦律师事务所关于福建傲农生物科技集团股份有限公司2023年年度股东大会的法律意见书,2024-06-07,http://www.cninfo.com.cn/new/disclosure/detail?stockCode=603363&announcementId=1220289628&orgId=9900033003&announcementTime=2024-06-07
603363,*ST傲农,福建傲农生物科技集团股份有限公司关于新增涉及诉讼、仲裁事项的公告,2024-06-01,http://www.cninfo.com.cn/new/disclosure/detail?stockCode=603363&announcementId=1220225125&orgId=9900033003&announcementTime=2024-06-01
603363,*ST傲农,福建傲农生物科技集团股份有限公司关于延期回复上海证券交易所《关于福建傲农生物科技集团股份有限公司2023年年度报告的信息披露监管问询函》的公告,2024-06-01,http://www.cninfo.com.cn/new/disclosure/detail?stockCode=603363&announcementId=1220225124&orgId=9900033003&announcementTime=2024-06-01
603363,*ST傲农,福建傲农生物科技集团股份有限公司关于公司预重整进展情况暨风险提示的公告（三）,2024-05-31,http://www.cninfo.com.cn/new/disclosure/detail?stockCode=603363&announcementId=1220212331&orgId=9900033003&announcementTime=2024-05-31
603363,*ST傲农,福建傲农生物科技集团股份有限公司关于新增部分债务逾期的公告,2024-05-31,http://www.cninfo.com.cn/new/disclosure/detail?stockCode=603363&announcementId=1220210812&orgId=9900033003&announcementTime=2024-05-31
603363,*ST傲农,福建傲农生物科技集团股份有限公司关于公司临时管理人公开招募和遴选重整投资人的公告,2024-05-28,http://www.cninfo.com.cn/new/disclosure/detail?stockCode=603363&announcementId=1220173338&orgId=9900033003&announcementTime=2024-05-28
603363,*ST傲农,福建傲农生物科技集团股份有限公司关于新增部分债务逾期的公告,2024-05-24,http://www.cninfo.com.cn/new/disclosure/detail?stockCode=603363&announcementId=1220145521&orgId=9900033003&announcementTime=2024-05-24
603363,*ST傲农,福建傲农生物科技集团股份有限公司2024年4月公司担保情况的公告,2024-05-22,http://www.cninfo.com.cn/new/disclosure/detail?stockCode=603363&announcementId=1220119624&orgId=9900033003&announcementTime=2024-05-22
603363,*ST傲农,福建傲农生物科技集团股份有限公司关于召开公司控股股东重整第一次债权人会议通知的公告,2024-05-22,http://www.cninfo.com.cn/new/disclosure/detail?stockCode=603363&announcementId=1220119623&orgId=9900033003&announcementTime=2024-05-22
603363,*ST傲农,福建傲农生物科技集团股份有限公司关于收到上海证券交易所对公司2023年年度报告的信息披露监管问询函的公告,2024-05-18,http://www.cninfo.com.cn/new/disclosure/detail?stockCode=603363&announcementId=1220090734&orgId=9900033003&announcementTime=2024-05-18
603363,*ST傲农,福建傲农生物科技集团股份有限公司关于公司被债权人申请重整的提示性公告,2024-05-18,http://www.cninfo.com.cn/new/disclosure/detail?stockCode=603363&announcementId=1220090733&orgId=9900033003&announcementTime=2024-05-18
603363,*ST傲农,福建傲农生物科技集团股份有限公司2023年年度股东大会会议资料,2024-05-17,http://www.cninfo.com.cn/new/disclosure/detail?stockCode=603363&announcementId=1220073833&orgId=9900033003&announcementTime=2024-05-17
603363,*ST傲农,福建傲农生物科技集团股份有限公司关于召开2023年年度股东大会的通知,2024-05-17,http://www.cninfo.com.cn/new/disclosure/detail?stockCode=603363&announcementId=1220073832&orgId=9900033003&announcementTime=2024-05-17
603363,*ST傲农,福建傲农生物科技集团股份有限公司关于控股股东部分股份被解除司法标记及轮候冻结的公告,2024-05-17,http://www.cninfo.com.cn/new/disclosure/detail?stockCode=603363&announcementId=1220073831&orgId=9900033003&announcementTime=2024-05-17
603363,*ST傲农,福建傲农生物科技集团股份有限公司股票交易风险提示性公告,2024-05-16,http://www.cninfo.com.cn/new/disclosure/detail?stockCode=603363&announcementId=1220063364&orgId=9900033003&announcementTime=2024-05-16
603363,*ST傲农,福建傲农生物科技集团股份有限公司控股股东、实际控制人关于公司股票交易异常波动问询函的回复,2024-05-16,http://www.cninfo.com.cn/new/disclosure/detail?stockCode=603363&announcementId=1220063363&orgId=9900033003&announcementTime=2024-05-16
603363,*ST傲农,福建傲农生物科技集团股份有限公司第四届董事会第七次会议决议公告,2024-05-15,http://www.cninfo.com.cn/new/disclosure/detail?stockCode=603363&announcementId=1220051921&orgId=9900033003&announcementTime=2024-05-15
603363,*ST傲农,福建傲农生物科技集团股份有限公司关于部分募投项目终止并将剩余募集资金永久补充流动资金的公告,2024-05-15,http://www.cninfo.com.cn/new/disclosure/detail?stockCode=603363&announcementId=1220051920&orgId=9900033003&announcementTime=2024-05-15
603363,*ST傲农,福建傲农生物科技集团股份有限公司股票交易异常波动公告,2024-05-15,http://www.cninfo.com.cn/new/disclosure/detail?stockCode=603363&announcementId=1220051919&orgId=9900033003&announcementTime=2024-05-15
603363,*ST傲农,福建傲农生物科技集团股份有限公司第四届监事会第五次会议决议公告,2024-05-15,http://www.cninfo.com.cn/new/disclosure/detail?stockCode=603363&announcementId=1220051918&orgId=9900033003&announcementTime=2024-05-15
603363,*ST傲农,福建傲农生物科技集团股份有限公司控股股东、实际控制人关于公司股票交易异常波动问询函的回复,2024-05-15,http://www.cninfo.com.cn/new/disclosure/detail?stockCode=603363&announcementId=1220051917&orgId=9900033003&announcementTime=2024-05-15
603363,*ST傲农,国泰君安证券股份有限公司关于福建傲农生物科技集团股份有限公司部分募投项目终止并将剩余募集资金永久补充流动资金的核查意见,2024-05-15,http://www.cninfo.com.cn/new/disclosure/detail?stockCode=603363&announcementId=1220051916&orgId=9900033003&announcementTime=2024-05-15
603363,*ST傲农,福建傲农生物科技集团股份有限公司关于新增部分债务逾期的公告,2024-05-14,http://www.cninfo.com.cn/new/disclosure/detail?stockCode=603363&announcementId=1220042215&orgId=9900033003&announcementTime=2024-05-14
603363,*ST傲农,福建傲农生物科技集团股份有限公司关于新增涉及诉讼、仲裁事项的公告,2024-05-14,http://www.cninfo.com.cn/new/disclosure/detail?stockCode=603363&announcementId=1220042214&orgId=9900033003&announcementTime=2024-05-14
603363,*ST傲农,福建傲农生物科技集团股份有限公司2024年4月养殖业务主要经营数据公告,2024-05-10,http://www.cninfo.com.cn/new/disclosure/detail?stockCode=603363&announcementId=1220019854&orgId=9900033003&announcementTime=2024-05-10
603363,*ST傲农,福建傲农生物科技集团股份有限公司关于控股股东部分股份被解除司法标记及轮候冻结的公告,2024-05-08,http://www.cninfo.com.cn/new/disclosure/detail?stockCode=603363&announcementId=1219996203&orgId=9900033003&announcementTime=2024-05-08
603363,傲农生物,福建傲农生物科技集团股份有限公司关于新增部分债务逾期的公告,2024-05-06,http://www.cninfo.com.cn/new/disclosure/detail?stockCode=603363&announcementId=1219973248&orgId=9900033003&announcementTime=2024-05-06
603363,傲农生物,福建傲农生物科技集团股份有限公司关于新增涉及诉讼、仲裁事项的公告,2024-05-06,http://www.cninfo.com.cn/new/disclosure/detail?stockCode=603363&announcementId=1219973247&orgId=9900033003&announcementTime=2024-05-06
603363,傲农生物,福建傲农生物科技集团股份有限公司关于预重整第一次临时债权人会议表决结果的公告,2024-05-06,http://www.cninfo.com.cn/new/disclosure/detail?stockCode=603363&announcementId=1219973246&orgId=9900033003&announcementTime=2024-05-06
603363,傲农生物,福建傲农生物科技集团股份有限公司关于公司预重整进展情况暨风险提示的公告（二）,2024-04-30,http://www.cninfo.com.cn/new/disclosure/detail?stockCode=603363&announcementId=1219925624&orgId=9900033003&announcementTime=2024-04-30
603363,傲农生物,福建傲农生物科技集团股份有限公司2023年年度报告,2024-04-30,http://www.cninfo.com.cn/new/disclosure/detail?stockCode=603363&announcementId=1219925622&orgId=9900033003&announcementTime=2024-04-30
603363,傲农生物,福建傲农生物科技集团股份有限公司关于回购注销部分已授予但尚未解除限售的限制性股票的公告,2024-04-30,http://www.cninfo.com.cn/new/disclosure/detail?stockCode=603363&announcementId=1219925621&orgId=9900033003&announcementTime=2024-04-30
603363,傲农生物,福建傲农生物科技集团股份有限公司2023年度内部控制评价报告,2024-04-30,http://www.cninfo.com.cn/new/disclosure/detail?stockCode=603363&announcementId=1219925620&orgId=9900033003&announcementTime=2024-04-30
603363,傲农生物,福建傲农生物科技集团股份有限公司2023年年度报告摘要,2024-04-30,http://www.cninfo.com.cn/new/disclosure/detail?stockCode=603363&announcementId=1219925618&orgId=9900033003&announcementTime=2024-04-30
603363,傲农生物,福建傲农生物科技集团股份有限公司会计师事务所选聘制度,2024-04-30,http://www.cninfo.com.cn/new/disclosure/detail?stockCode=603363&announcementId=1219925617&orgId=9900033003&announcementTime=2024-04-30
603363,傲农生物,福建傲农生物科技集团股份有限公司2023年度独立董事述职报告（艾春香）,2024-04-30,http://www.cninfo.com.cn/new/disclosure/detail?stockCode=603363&announcementId=1219925616&orgId=9900033003&announcementTime=2024-04-30
603363,傲农生物,会计师事务所对非标准审计意见涉及事项出具的专项说明,2024-04-30,http://www.cninfo.com.cn/new/disclosure/detail?stockCode=603363&announcementId=1219925615&orgId=9900033003&announcementTime=2024-04-30
603363,傲农生物,福建傲农生物科技集团股份有限公司关于公司未弥补亏损达到实收股本总额三分之一的公告,2024-04-30,http://www.cninfo.com.cn/new/disclosure/detail?stockCode=603363&announcementId=1219925614&orgId=9900033003&announcementTime=2024-04-30
603363,傲农生物,2024110福建傲农生物科技集团股份有限公司关于公司股票被实施退市风险警示及其他风险警示暨停牌的公告.docx,2024-04-30,http://www.cninfo.com.cn/new/disclosure/detail?stockCode=603363&announcementId=1219925612&orgId=9900033003&announcementTime=2024-04-30
603363,傲农生物,国泰君安证券股份有限公司关于福建傲农生物科技集团股份有限公司2023年持续督导年度报告书,2024-04-30,http://www.cninfo.com.cn/new/disclosure/detail?stockCode=603363&announcementId=1219925611&orgId=9900033003&announcementTime=2024-04-30
603363,傲农生物,福建傲农生物科技集团股份有限公司关于回购注销部分限制性股票通知债权人的公告,2024-04-30,http://www.cninfo.com.cn/new/disclosure/detail?stockCode=603363&announcementId=1219925609&orgId=9900033003&announcementTime=2024-04-30
603363,傲农生物,非经营性资金占用及其他关联资金往来情况专项说明,2024-04-30,http://www.cninfo.com.cn/new/disclosure/detail?stockCode=603363&announcementId=1219925606&orgId=9900033003&announcementTime=2024-04-30
603363,傲农生物,福建傲农生物科技集团股份有限公司董事会审计委员会对会计师事务所2023年度履行监督职责情况的报告,2024-04-30,http://www.cninfo.com.cn/new/disclosure/detail?stockCode=603363&announcementId=1219925605&orgId=9900033003&announcementTime=2024-04-30
603363,傲农生物,福建傲农生物科技集团股份有限公司2024年第一季度报告,2024-04-30,http://www.cninfo.com.cn/new/disclosure/detail?stockCode=603363&announcementId=1219925604&orgId=9900033003&announcementTime=2024-04-30
603363,傲农生物,福建傲农生物科技集团股份有限公司关于2023年度利润分配预案及2024年中期现金分红事项的公告,2024-04-30,http://www.cninfo.com.cn/new/disclosure/detail?stockCode=603363&announcementId=1219925603&orgId=9900033003&announcementTime=2024-04-30
603363,傲农生物,福建傲农生物科技集团股份有限公司第四届监事会第四次会议决议公告,2024-04-30,http://www.cninfo.com.cn/new/disclosure/detail?stockCode=603363&announcementId=1219925601&orgId=9900033003&announcementTime=2024-04-30
603363,傲农生物,2023年度营业收入扣除情况的专项审核报告,2024-04-30,http://www.cninfo.com.cn/new/disclosure/detail?stockCode=603363&announcementId=1219925600&orgId=9900033003&announcementTime=2024-04-30
603363,傲农生物,国泰君安证券股份有限公司关于福建傲农生物科技集团股份有限公司2023年度持续督导工作现场检查报告,2024-04-30,http://www.cninfo.com.cn/new/disclosure/detail?stockCode=603363&announcementId=1219925599&orgId=9900033003&announcementTime=2024-04-30
603363,傲农生物,福建傲农生物科技集团股份有限公司关于计提减值准备和核销资产的公告,2024-04-30,http://www.cninfo.com.cn/new/disclosure/detail?stockCode=603363&announcementId=1219925598&orgId=9900033003&announcementTime=2024-04-30
603363,傲农生物,福建傲农生物科技集团股份有限公司2023年度募集资金存放与实际使用情况的专项报告,2024-04-30,http://www.cninfo.com.cn/new/disclosure/detail?stockCode=603363&announcementId=1219925597&orgId=9900033003&announcementTime=2024-04-30
603363,傲农生物,福建傲农生物科技集团股份有限公司关于终止转让子公司51%股权的公告,2024-04-30,http://www.cninfo.com.cn/new/disclosure/detail?stockCode=603363&announcementId=1219925595&orgId=9900033003&announcementTime=2024-04-30
603363,傲农生物,福建傲农生物科技集团股份有限公司2023年度独立董事述职报告（刘峰）,2024-04-30,http://www.cninfo.com.cn/new/disclosure/detail?stockCode=603363&announcementId=1219925594&orgId=9900033003&announcementTime=2024-04-30
603363,傲农生物,福建傲农生物科技集团股份有限公司关于续聘2024年度审计机构的公告,2024-04-30,http://www.cninfo.com.cn/new/disclosure/detail?stockCode=603363&announcementId=1219925593&orgId=9900033003&announcementTime=2024-04-30
603363,傲农生物,福建傲农生物科技集团股份有限公司董事会审计委员会2023年度履职情况报告,2024-04-30,http://www.cninfo.com.cn/new/disclosure/detail?stockCode=603363&announcementId=1219925592&orgId=9900033003&announcementTime=2024-04-30
603363,傲农生物,福建傲农生物科技集团股份有限公司第四届董事会第六次会议决议公告,2024-04-30,http://www.cninfo.com.cn/new/disclosure/detail?stockCode=603363&announcementId=1219925591&orgId=9900033003&announcementTime=2024-04-30
603363,傲农生物,福建傲农生物科技集团股份有限公司2023年度独立董事述职报告（郑鲁英）,2024-04-30,http://www.cninfo.com.cn/new/disclosure/detail?stockCode=603363&announcementId=1219925590&orgId=9900033003&announcementTime=2024-04-30
603363,傲农生物,募集资金存放与实际使用情况鉴证报告,2024-04-30,http://www.cninfo.com.cn/new/disclosure/detail?stockCode=603363&announcementId=1219925589&orgId=9900033003&announcementTime=2024-04-30
603363,傲农生物,福建傲农生物科技集团股份有限公司关于召开2023年度暨2024年第一季度业绩说明会的公告,2024-04-30,http://www.cninfo.com.cn/new/disclosure/detail?stockCode=603363&announcementId=1219925588&orgId=9900033003&announcementTime=2024-04-30
603363,傲农生物,福建傲农生物科技集团股份有限公司监事会关于《董事会对会计师事务所出具非标准审计意见审计报告涉及事项的专项说明》的意见,2024-04-30,http://www.cninfo.com.cn/new/disclosure/detail?stockCode=603363&announcementId=1219925587&orgId=9900033003&announcementTime=2024-04-30
603363,傲农生物,福建傲农生物科技集团股份有限公司董事会对会计师事务所出具非标准审计意见审计报告涉及事项的专项说明,2024-04-30,http://www.cninfo.com.cn/new/disclosure/detail?stockCode=603363&announcementId=1219925586&orgId=9900033003&announcementTime=2024-04-30
603363,傲农生物,国泰君安证券股份有限公司关于福建傲农生物科技集团股份有限公司2021年度非公开发行股票之保荐总结报告书,2024-04-30,http://www.cninfo.com.cn/new/disclosure/detail?stockCode=603363&announcementId=1219925585&orgId=9900033003&announcementTime=2024-04-30
603363,傲农生物,福建傲农生物科技集团股份有限公司关于2023年度会计师事务所履职情况的评估报告,2024-04-30,http://www.cninfo.com.cn/new/disclosure/detail?stockCode=603363&announcementId=1219925584&orgId=9900033003&announcementTime=2024-04-30
603363,傲农生物,国泰君安证券股份有限公司关于福建傲农生物科技集团股份有限公司2023年度募集资金存放与使用情况的核查意见,2024-04-30,http://www.cninfo.com.cn/new/disclosure/detail?stockCode=603363&announcementId=1219925583&orgId=9900033003&announcementTime=2024-04-30
603363,傲农生物,福建傲农生物科技集团股份有限公司2023年度审计报告,2024-04-30,http://www.cninfo.com.cn/new/disclosure/detail?stockCode=603363&announcementId=1219925582&orgId=9900033003&announcementTime=2024-04-30
603363,傲农生物,北京市中伦律师事务所关于福建傲农生物科技集团股份有限公司2021年限制性股票激励计划回购注销部分限制性股票相关事项的法律意见书,2024-04-30,http://www.cninfo.com.cn/new/disclosure/detail?stockCode=603363&announcementId=1219925581&orgId=9900033003&announcementTime=2024-04-30
603363,傲农生物,福建傲农生物科技集团股份有限公司董事会对独立董事独立性自查情况的专项报告,2024-04-30,http://www.cninfo.com.cn/new/disclosure/detail?stockCode=603363&announcementId=1219925580&orgId=9900033003&announcementTime=2024-04-30
603363,傲农生物,福建傲农生物科技集团股份有限公司2023年度内部控制审计报告,2024-04-30,http://www.cninfo.com.cn/new/disclosure/detail?stockCode=603363&announcementId=1219925579&orgId=9900033003&announcementTime=2024-04-30
603363,傲农生物,福建傲农生物科技集团股份有限公司2024年3月公司担保情况的公告,2024-04-26,http://www.cninfo.com.cn/new/disclosure/detail?stockCode=603363&announcementId=1219815713&orgId=9900033003&announcementTime=2024-04-26
603363,傲农生物,福建傲农生物科技集团股份有限公司关于新增涉及诉讼、仲裁事项的公告,2024-04-24,http://www.cninfo.com.cn/new/disclosure/detail?stockCode=603363&announcementId=1219763269&orgId=9900033003&announcementTime=2024-04-24
603363,傲农生物,福建傲农生物科技集团股份有限公司更正公告,2024-04-23,http://www.cninfo.com.cn/new/disclosure/detail?stockCode=603363&announcementId=1219734994&orgId=9900033003&announcementTime=2024-04-23
603363,傲农生物,福建傲农生物科技集团股份有限公司关于新增部分债务逾期的公告,2024-04-20,http://www.cninfo.com.cn/new/disclosure/detail?stockCode=603363&announcementId=1219691060&orgId=9900033003&announcementTime=2024-04-20
603363,傲农生物,福建傲农生物科技集团股份有限公司关于预重整第一次临时债权人会议召开情况的公告,2024-04-20,http://www.cninfo.com.cn/new/disclosure/detail?stockCode=603363&announcementId=1219691059&orgId=9900033003&announcementTime=2024-04-20
603363,傲农生物,福建傲农生物科技集团股份有限公司关于实际控制人部分股份被轮候冻结的公告,2024-04-19,http://www.cninfo.com.cn/new/disclosure/detail?stockCode=603363&announcementId=1219662437&orgId=9900033003&announcementTime=2024-04-19
603363,傲农生物,福建傲农生物科技集团股份有限公司关于控股股东及实际控制人部分股份被解除冻结及轮候冻结的公告,2024-04-18,http://www.cninfo.com.cn/new/disclosure/detail?stockCode=603363&announcementId=1219646201&orgId=9900033003&announcementTime=2024-04-18
603363,傲农生物,福建傲农生物科技集团股份有限公司关于新增部分债务逾期的公告,2024-04-13,http://www.cninfo.com.cn/new/disclosure/detail?stockCode=603363&announcementId=1219594200&orgId=9900033003&announcementTime=2024-04-13
603363,傲农生物,福建傲农生物科技集团股份有限公司关于法院准许公司控股股东在重整期间自行管理财产和营业事务的公告,2024-04-11,http://www.cninfo.com.cn/new/disclosure/detail?stockCode=603363&announcementId=1219563859&orgId=9900033003&announcementTime=2024-04-11
603363,傲农生物,福建傲农生物科技集团股份有限公司2024年3月养殖业务主要经营数据公告,2024-04-11,http://www.cninfo.com.cn/new/disclosure/detail?stockCode=603363&announcementId=1219563858&orgId=9900033003&announcementTime=2024-04-11
603363,傲农生物,福建傲农生物科技集团股份有限公司关于召开预重整第一次临时债权人会议的公告,2024-04-04,http://www.cninfo.com.cn/new/disclosure/detail?stockCode=603363&announcementId=1219516849&orgId=9900033003&announcementTime=2024-04-04
603363,傲农生物,福建傲农生物科技集团股份有限公司关于控股股东及实际控制人部分股份被轮候冻结的公告,2024-04-04,http://www.cninfo.com.cn/new/disclosure/detail?stockCode=603363&announcementId=1219516848&orgId=9900033003&announcementTime=2024-04-04
603363,傲农生物,福建傲农生物科技集团股份有限公司关于新增部分债务逾期的公告,2024-04-03,http://www.cninfo.com.cn/new/disclosure/detail?stockCode=603363&announcementId=1219502715&orgId=9900033003&announcementTime=2024-04-03
603363,傲农生物,福建傲农生物科技集团股份有限公司关于公司控股股东管理人公开招募和遴选重整中介机构的公告,2024-04-03,http://www.cninfo.com.cn/new/disclosure/detail?stockCode=603363&announcementId=1219502714&orgId=9900033003&announcementTime=2024-04-03
603363,傲农生物,福建傲农生物科技集团股份有限公司关于公司临时管理人公开招募和遴选（预）重整中介机构的公告,2024-04-03,http://www.cninfo.com.cn/new/disclosure/detail?stockCode=603363&announcementId=1219502713&orgId=9900033003&announcementTime=2024-04-03
603363,傲农生物,福建傲农生物科技集团股份有限公司关于法院指定公司控股股东重整管理人及债权申报通知的公告,2024-03-30,http://www.cninfo.com.cn/new/disclosure/detail?stockCode=603363&announcementId=1219467738&orgId=9900033003&announcementTime=2024-03-30
603363,傲农生物,福建傲农生物科技集团股份有限公司关于公司股票可能被实施退市风险警示的第三次风险提示公告,2024-03-30,http://www.cninfo.com.cn/new/disclosure/detail?stockCode=603363&announcementId=1219462456&orgId=9900033003&announcementTime=2024-03-30
603363,傲农生物,福建傲农生物科技集团股份有限公司关于新增涉及诉讼、仲裁事项的公告,2024-03-30,http://www.cninfo.com.cn/new/disclosure/detail?stockCode=603363&announcementId=1219462455&orgId=9900033003&announcementTime=2024-03-30
603363,傲农生物,福建傲农生物科技集团股份有限公司2024年2月公司担保情况的公告,2024-03-30,http://www.cninfo.com.cn/new/disclosure/detail?stockCode=603363&announcementId=1219462454&orgId=9900033003&announcementTime=2024-03-30
603363,傲农生物,福建傲农生物科技集团股份有限公司关于控股股东及实际控制人部分股份被解除轮候冻结及轮候冻结的公告,2024-03-26,http://www.cninfo.com.cn/new/disclosure/detail?stockCode=603363&announcementId=1219400899&orgId=9900033003&announcementTime=2024-03-26
603363,傲农生物,福建傲农生物科技集团股份有限公司关于公司预重整进展情况暨风险提示的公告（一）,2024-03-23,http://www.cninfo.com.cn/new/disclosure/detail?stockCode=603363&announcementId=1219389242&orgId=9900033003&announcementTime=2024-03-23
603363,傲农生物,福建傲农生物科技集团股份有限公司关于新增部分债务逾期的公告,2024-03-23,http://www.cninfo.com.cn/new/disclosure/detail?stockCode=603363&announcementId=1219388214&orgId=9900033003&announcementTime=2024-03-23
603363,傲农生物,国泰君安证券股份有限公司关于福建傲农生物科技集团股份有限公司部分募集资金投资项目延期事项的核查意见,2024-03-23,http://www.cninfo.com.cn/new/disclosure/detail?stockCode=603363&announcementId=1219386465&orgId=9900033003&announcementTime=2024-03-23
603363,傲农生物,福建傲农生物科技集团股份有限公司关于部分募集资金投资项目延期的公告,2024-03-23,http://www.cninfo.com.cn/new/disclosure/detail?stockCode=603363&announcementId=1219386464&orgId=9900033003&announcementTime=2024-03-23
603363,傲农生物,福建傲农生物科技集团股份有限公司第四届监事会第三次会议决议公告,2024-03-23,http://www.cninfo.com.cn/new/disclosure/detail?stockCode=603363&announcementId=1219386463&orgId=9900033003&announcementTime=2024-03-23
603363,傲农生物,福建傲农生物科技集团股份有限公司控股股东、实际控制人关于公司股票交易异常波动问询函的回复,2024-03-22,http://www.cninfo.com.cn/new/disclosure/detail?stockCode=603363&announcementId=1219374620&orgId=9900033003&announcementTime=2024-03-22
603363,傲农生物,福建傲农生物科技集团股份有限公司股票交易异常波动公告,2024-03-22,http://www.cninfo.com.cn/new/disclosure/detail?stockCode=603363&announcementId=1219374619&orgId=9900033003&announcementTime=2024-03-22
603363,傲农生物,福建傲农生物科技集团股份有限公司股票交易风险提示性公告,2024-03-21,http://www.cninfo.com.cn/new/disclosure/detail?stockCode=603363&announcementId=1219359806&orgId=9900033003&announcementTime=2024-03-21
603363,傲农生物,福建傲农生物科技集团股份有限公司控股股东、实际控制人关于公司股票交易异常波动问询函的回复,2024-03-21,http://www.cninfo.com.cn/new/disclosure/detail?stockCode=603363&announcementId=1219359805&orgId=9900033003&announcementTime=2024-03-21
603363,傲农生物,福建傲农生物科技集团股份有限公司股票交易异常波动公告,2024-03-20,http://www.cninfo.com.cn/new/disclosure/detail?stockCode=603363&announcementId=1219346864&orgId=9900033003&announcementTime=2024-03-20
603363,傲农生物,福建傲农生物科技集团股份有限公司关于实际控制人及其一致行动人部分股份被司法标记及轮候冻结的公告,2024-03-14,http://www.cninfo.com.cn/new/disclosure/detail?stockCode=603363&announcementId=1219300392&orgId=9900033003&announcementTime=2024-03-14
603363,傲农生物,福建傲农生物科技集团股份有限公司2024年1-2月养殖业务主要经营数据公告,2024-03-09,http://www.cninfo.com.cn/new/disclosure/detail?stockCode=603363&announcementId=1219264045&orgId=9900033003&announcementTime=2024-03-09
603363,傲农生物,福建傲农生物科技集团股份有限公司关于法院裁定受理控股股东重整的公告,2024-03-08,http://www.cninfo.com.cn/new/disclosure/detail?stockCode=603363&announcementId=1219255654&orgId=9900033003&announcementTime=2024-03-08
603363,傲农生物,福建傲农生物科技集团股份有限公司关于控股股东及实际控制人部分股份被轮候冻结的公告,2024-03-07,http://www.cninfo.com.cn/new/disclosure/detail?stockCode=603363&announcementId=1219250298&orgId=9900033003&announcementTime=2024-03-07
603363,傲农生物,福建傲农生物科技集团股份有限公司关于新增涉及诉讼、仲裁事项的公告,2024-03-06,http://www.cninfo.com.cn/new/disclosure/detail?stockCode=603363&announcementId=1219241127&orgId=9900033003&announcementTime=2024-03-06
603363,傲农生物,福建傲农生物科技集团股份有限公司更正公告,2024-03-02,http://www.cninfo.com.cn/new/disclosure/detail?stockCode=603363&announcementId=1219217590&orgId=9900033003&announcementTime=2024-03-02
603363,傲农生物,福建傲农生物科技集团股份有限公司关于新增涉及诉讼、仲裁事项的公告,2024-03-01,http://www.cninfo.com.cn/new/disclosure/detail?stockCode=603363&announcementId=1219212861&orgId=9900033003&announcementTime=2024-03-01
603363,傲农生物,福建傲农生物科技集团股份有限公司股票交易风险提示性公告,2024-02-28,http://www.cninfo.com.cn/new/disclosure/detail?stockCode=603363&announcementId=1219198751&orgId=9900033003&announcementTime=2024-02-28
603363,傲农生物,福建傲农生物科技集团股份有限公司控股股东、实际控制人关于公司股票交易异常波动问询函的回复,2024-02-28,http://www.cninfo.com.cn/new/disclosure/detail?stockCode=603363&announcementId=1219198623&orgId=9900033003&announcementTime=2024-02-28
603363,傲农生物,福建傲农生物科技集团股份有限公司2024年1月公司担保情况的公告,2024-02-28,http://www.cninfo.com.cn/new/disclosure/detail?stockCode=603363&announcementId=1219197643&orgId=9900033003&announcementTime=2024-02-28
603363,傲农生物,福建傲农生物科技集团股份有限公司关于公司股票可能被实施退市风险警示的第二次风险提示公告,2024-02-28,http://www.cninfo.com.cn/new/disclosure/detail?stockCode=603363&announcementId=1219197642&orgId=9900033003&announcementTime=2024-02-28
603363,傲农生物,福建傲农生物科技集团股份有限公司控股股东、实际控制人关于公司股票交易异常波动问询函的回复,2024-02-27,http://www.cninfo.com.cn/new/disclosure/detail?stockCode=603363&announcementId=1219187286&orgId=9900033003&announcementTime=2024-02-27
603363,傲农生物,福建傲农生物科技集团股份有限公司股票交易异常波动公告,2024-02-27,http://www.cninfo.com.cn/new/disclosure/detail?stockCode=603363&announcementId=1219187285&orgId=9900033003&announcementTime=2024-02-27
603363,傲农生物,福建傲农生物科技集团股份有限公司关于新增部分债务逾期的公告,2024-02-27,http://www.cninfo.com.cn/new/disclosure/detail?stockCode=603363&announcementId=1219185756&orgId=9900033003&announcementTime=2024-02-27
603363,傲农生物,福建傲农生物科技集团股份有限公司关于控股股东及实际控制人部分股份被轮候冻结的公告,2024-02-23,http://www.cninfo.com.cn/new/disclosure/detail?stockCode=603363&announcementId=1219156633&orgId=9900033003&announcementTime=2024-02-23
603363,傲农生物,福建傲农生物科技集团股份有限公司关于收到上海证券交易所《关于终止对福建傲农生物科技集团股份有限公司向特定对象发行股票审核的决定》的公告,2024-02-23,http://www.cninfo.com.cn/new/disclosure/detail?stockCode=603363&announcementId=1219156632&orgId=9900033003&announcementTime=2024-02-23
603363,傲农生物,福建傲农生物科技集团股份有限公司关于实际控制人部分股份被轮候冻结的公告,2024-02-21,http://www.cninfo.com.cn/new/disclosure/detail?stockCode=603363&announcementId=1219141933&orgId=9900033003&announcementTime=2024-02-21
603363,傲农生物,福建傲农生物科技集团股份有限公司关于控股股东及实际控制人部分股份被轮候冻结的公告,2024-02-20,http://www.cninfo.com.cn/new/disclosure/detail?stockCode=603363&announcementId=1219139106&orgId=9900033003&announcementTime=2024-02-20
603363,傲农生物,福建傲农生物科技集团股份有限公司关于新增部分债务逾期的公告,2024-02-20,http://www.cninfo.com.cn/new/disclosure/detail?stockCode=603363&announcementId=1219139105&orgId=9900033003&announcementTime=2024-02-20
603363,傲农生物,福建傲农生物科技集团股份有限公司被债权人申请预重整的专项自查报告,2024-02-19,http://www.cninfo.com.cn/new/disclosure/detail?stockCode=603363&announcementId=1219137545&orgId=9900033003&announcementTime=2024-02-19
603363,傲农生物,福建傲农生物科技集团股份有限公司关于预重整债权申报的通知,2024-02-08,http://www.cninfo.com.cn/new/disclosure/detail?stockCode=603363&announcementId=1219123148&orgId=9900033003&announcementTime=2024-02-08
603363,傲农生物,福建傲农生物科技集团股份有限公司关于实际控制人部分股份被轮候冻结的公告,2024-02-08,http://www.cninfo.com.cn/new/disclosure/detail?stockCode=603363&announcementId=1219123147&orgId=9900033003&announcementTime=2024-02-08
603363,傲农生物,福建傲农生物科技集团股份有限公司更正公告,2024-02-08,http://www.cninfo.com.cn/new/disclosure/detail?stockCode=603363&announcementId=1219123146&orgId=9900033003&announcementTime=2024-02-08
603363,傲农生物,福建傲农生物科技集团股份有限公司关于新增涉及诉讼、仲裁事项的公告,2024-02-07,http://www.cninfo.com.cn/new/disclosure/detail?stockCode=603363&announcementId=1219110112&orgId=9900033003&announcementTime=2024-02-07
603363,傲农生物,福建傲农生物科技集团股份有限公司关于控股股东、实际控制人终止协议转让部分股份的公告,2024-02-06,http://www.cninfo.com.cn/new/disclosure/detail?stockCode=603363&announcementId=1219098056&orgId=9900033003&announcementTime=2024-02-06
603363,傲农生物,福建傲农生物科技集团股份有限公司关于控股股东及实际控制人部分股份被轮候冻结的公告,2024-02-06,http://www.cninfo.com.cn/new/disclosure/detail?stockCode=603363&announcementId=1219098055&orgId=9900033003&announcementTime=2024-02-06
603363,傲农生物,福建傲农生物科技集团股份有限公司第四届董事会第四次会议决议公告,2024-02-06,http://www.cninfo.com.cn/new/disclosure/detail?stockCode=603363&announcementId=1219098054&orgId=9900033003&announcementTime=2024-02-06
603363,傲农生物,福建傲农生物科技集团股份有限公司关于终止向特定对象发行股票事项并撤回申请文件的公告,2024-02-06,http://www.cninfo.com.cn/new/disclosure/detail?stockCode=603363&announcementId=1219098053&orgId=9900033003&announcementTime=2024-02-06
603363,傲农生物,福建傲农生物科技集团股份有限公司第四届监事会第二次会议决议公告,2024-02-06,http://www.cninfo.com.cn/new/disclosure/detail?stockCode=603363&announcementId=1219098052&orgId=9900033003&announcementTime=2024-02-06
603363,傲农生物,福建傲农生物科技集团股份有限公司关于2024年度为产业链合作伙伴提供担保的公告,2024-02-06,http://www.cninfo.com.cn/new/disclosure/detail?stockCode=603363&announcementId=1219098051&orgId=9900033003&announcementTime=2024-02-06
603363,傲农生物,福建傲农生物科技集团股份有限公司关于收到法院同意预重整通知书及指定临时管理人决定书的公告,2024-02-06,http://www.cninfo.com.cn/new/disclosure/detail?stockCode=603363&announcementId=1219098050&orgId=9900033003&announcementTime=2024-02-06
603363,傲农生物,福建傲农生物科技集团股份有限公司关于2024年度公司及下属子公司相互提供担保的公告,2024-02-06,http://www.cninfo.com.cn/new/disclosure/detail?stockCode=603363&announcementId=1219098049&orgId=9900033003&announcementTime=2024-02-06
603363,傲农生物,福建傲农生物科技集团股份有限公司关于控股股东被债权人申请重整的提示性公告,2024-02-03,http://www.cninfo.com.cn/new/disclosure/detail?stockCode=603363&announcementId=1219082177&orgId=9900033003&announcementTime=2024-02-03
603363,傲农生物,福建傲农生物科技集团股份有限公司股票交易异常波动公告,2024-02-03,http://www.cninfo.com.cn/new/disclosure/detail?stockCode=603363&announcementId=1219082087&orgId=9900033003&announcementTime=2024-02-03
603363,傲农生物,福建傲农生物科技集团股份有限公司关于公司被债权人申请预重整的提示性公告,2024-02-03,http://www.cninfo.com.cn/new/disclosure/detail?stockCode=603363&announcementId=1219082086&orgId=9900033003&announcementTime=2024-02-03
603363,傲农生物,福建傲农生物科技集团股份有限公司控股股东、实际控制人关于公司股票交易异常波动问询函的回复,2024-02-03,http://www.cninfo.com.cn/new/disclosure/detail?stockCode=603363&announcementId=1219082085&orgId=9900033003&announcementTime=2024-02-03
603363,傲农生物,福建傲农生物科技集团股份有限公司关于控股股东部分股份被轮候冻结的公告,2024-02-01,http://www.cninfo.com.cn/new/disclosure/detail?stockCode=603363&announcementId=1219053526&orgId=9900033003&announcementTime=2024-02-01
603363,傲农生物,福建傲农生物科技集团股份有限公司关于公司股票可能被实施退市风险警示的风险提示公告,2024-01-31,http://www.cninfo.com.cn/new/disclosure/detail?stockCode=603363&announcementId=1219044908&orgId=9900033003&announcementTime=2024-01-31
603363,傲农生物,福建傲农生物科技集团股份有限公司2023年年度业绩预告,2024-01-31,http://www.cninfo.com.cn/new/disclosure/detail?stockCode=603363&announcementId=1219044907&orgId=9900033003&announcementTime=2024-01-31
603363,傲农生物,北京市中伦律师事务所关于福建傲农生物科技集团股份有限公司2024年第二次临时股东大会的法律意见书,2024-01-30,http://www.cninfo.com.cn/new/disclosure/detail?stockCode=603363&announcementId=1219028707&orgId=9900033003&announcementTime=2024-01-30
603363,傲农生物,福建傲农生物科技集团股份有限公司2024年第二次临时股东大会决议公告,2024-01-30,http://www.cninfo.com.cn/new/disclosure/detail?stockCode=603363&announcementId=1219028706&orgId=9900033003&announcementTime=2024-01-30
603363,傲农生物,福建傲农生物科技集团股份有限公司关于新增涉及诉讼、仲裁事项的公告,2024-01-30,http://www.cninfo.com.cn/new/disclosure/detail?stockCode=603363&announcementId=1219028705&orgId=9900033003&announcementTime=2024-01-30
603363,傲农生物,福建傲农生物科技集团股份有限公司关于控股股东及实际控制人部分股份被司法冻结、司法标记的公告,2024-01-27,http://www.cninfo.com.cn/new/disclosure/detail?stockCode=603363&announcementId=1219010114&orgId=9900033003&announcementTime=2024-01-27
603363,傲农生物,福建傲农生物科技集团股份有限公司关于控股股东及实际控制人部分股份被司法冻结、司法标记的公告,2024-01-26,http://www.cninfo.com.cn/new/disclosure/detail?stockCode=603363&announcementId=1219001000&orgId=9900033003&announcementTime=2024-01-26
603363,傲农生物,福建傲农生物科技集团股份有限公司关于新增部分债务逾期的公告,2024-01-25,http://www.cninfo.com.cn/new/disclosure/detail?stockCode=603363&announcementId=1218988871&orgId=9900033003&announcementTime=2024-01-25
603363,傲农生物,福建傲农生物科技集团股份有限公司关于控股股东及实际控制人部分股份解除司法标记及被司法冻结、司法标记的公告,2024-01-24,http://www.cninfo.com.cn/new/disclosure/detail?stockCode=603363&announcementId=1218977185&orgId=9900033003&announcementTime=2024-01-24
603363,傲农生物,福建傲农生物科技集团股份有限公司关于控股股东部分股份被司法标记的公告,2024-01-23,http://www.cninfo.com.cn/new/disclosure/detail?stockCode=603363&announcementId=1218967682&orgId=9900033003&announcementTime=2024-01-23
603363,傲农生物,福建傲农生物科技集团股份有限公司关于董事会秘书正式履职的公告,2024-01-20,http://www.cninfo.com.cn/new/disclosure/detail?stockCode=603363&announcementId=1218950045&orgId=9900033003&announcementTime=2024-01-20
603363,傲农生物,福建傲农生物科技集团股份有限公司2023年12月公司担保情况的公告,2024-01-20,http://www.cninfo.com.cn/new/disclosure/detail?stockCode=603363&announcementId=1218950044&orgId=9900033003&announcementTime=2024-01-20
603363,傲农生物,福建傲农生物科技集团股份有限公司关于拟为合作方继续提供担保的公告,2024-01-19,http://www.cninfo.com.cn/new/disclosure/detail?stockCode=603363&announcementId=1218944204&orgId=9900033003&announcementTime=2024-01-19
603363,傲农生物,福建傲农生物科技集团股份有限公司关于2024年度日常关联交易预计的公告,2024-01-19,http://www.cninfo.com.cn/new/disclosure/detail?stockCode=603363&announcementId=1218944203&orgId=9900033003&announcementTime=2024-01-19
603363,傲农生物,福建傲农生物科技集团股份有限公司关于2024年第二次临时股东大会增加临时提案的公告,2024-01-19,http://www.cninfo.com.cn/new/disclosure/detail?stockCode=603363&announcementId=1218944202&orgId=9900033003&announcementTime=2024-01-19
603363,傲农生物,福建傲农生物科技集团股份有限公司第四届董事会第三次会议决议公告,2024-01-19,http://www.cninfo.com.cn/new/disclosure/detail?stockCode=603363&announcementId=1218944201&orgId=9900033003&announcementTime=2024-01-19
603363,傲农生物,福建傲农生物科技集团股份有限公司关于2024年度向金融机构申请融资授信额度的公告,2024-01-19,http://www.cninfo.com.cn/new/disclosure/detail?stockCode=603363&announcementId=1218944200&orgId=9900033003&announcementTime=2024-01-19
603363,傲农生物,福建傲农生物科技集团股份有限公司2024年第二次临时股东大会会议资料,2024-01-19,http://www.cninfo.com.cn/new/disclosure/detail?stockCode=603363&announcementId=1218943926&orgId=9900033003&announcementTime=2024-01-19
603363,傲农生物,福建傲农生物科技集团股份有限公司关于新增涉及诉讼、仲裁事项的公告,2024-01-18,http://www.cninfo.com.cn/new/disclosure/detail?stockCode=603363&announcementId=1218932318&orgId=9900033003&announcementTime=2024-01-18
603363,傲农生物,福建傲农生物科技集团股份有限公司关于新增部分债务逾期的公告,2024-01-17,http://www.cninfo.com.cn/new/disclosure/detail?stockCode=603363&announcementId=1218914515&orgId=9900033003&announcementTime=2024-01-17
603363,傲农生物,福建傲农生物科技集团股份有限公司关于控股股东及实际控制人部分股份被司法冻结及司法标记的公告,2024-01-16,http://www.cninfo.com.cn/new/disclosure/detail?stockCode=603363&announcementId=1218888200&orgId=9900033003&announcementTime=2024-01-16
603363,傲农生物,福建傲农生物科技集团股份有限公司更正公告,2024-01-13,http://www.cninfo.com.cn/new/disclosure/detail?stockCode=603363&announcementId=1218869550&orgId=9900033003&announcementTime=2024-01-13
603363,傲农生物,福建傲农生物科技集团股份有限公司关于新增涉及诉讼、仲裁事项的公告,2024-01-12,http://www.cninfo.com.cn/new/disclosure/detail?stockCode=603363&announcementId=1218858940&orgId=9900033003&announcementTime=2024-01-12
603363,傲农生物,福建傲农生物科技集团股份有限公司关于新增部分债务逾期的公告,2024-01-12,http://www.cninfo.com.cn/new/disclosure/detail?stockCode=603363&announcementId=1218858939&orgId=9900033003&announcementTime=2024-01-12
603363,傲农生物,福建傲农生物科技集团股份有限公司关于转让子公司控股权后形成对外担保的公告（二）,2024-01-11,http://www.cninfo.com.cn/new/disclosure/detail?stockCode=603363&announcementId=1218848561&orgId=9900033003&announcementTime=2024-01-11
603363,傲农生物,国泰君安证券股份有限公司关于福建傲农生物科技集团股份有限公司关于转让子公司控股权后形成对外担保的核查意见,2024-01-11,http://www.cninfo.com.cn/new/disclosure/detail?stockCode=603363&announcementId=1218848463&orgId=9900033003&announcementTime=2024-01-11
603363,傲农生物,福建傲农生物科技集团股份有限公司关于转让参股公司股权暨关联交易的公告,2024-01-11,http://www.cninfo.com.cn/new/disclosure/detail?stockCode=603363&announcementId=1218848462&orgId=9900033003&announcementTime=2024-01-11
603363,傲农生物,福建傲农生物科技集团股份有限公司关于转让子公司控股权后形成对外担保的公告（一）,2024-01-11,http://www.cninfo.com.cn/new/disclosure/detail?stockCode=603363&announcementId=1218848461&orgId=9900033003&announcementTime=2024-01-11
603363,傲农生物,福建傲农生物科技集团股份有限公司第四届董事会第二次会议决议公告,2024-01-11,http://www.cninfo.com.cn/new/disclosure/detail?stockCode=603363&announcementId=1218848460&orgId=9900033003&announcementTime=2024-01-11
603363,傲农生物,国泰君安证券股份有限公司关于福建傲农生物科技集团股份有限公司关于转让子公司控股权后形成对外担保的核查意见,2024-01-11,http://www.cninfo.com.cn/new/disclosure/detail?stockCode=603363&announcementId=1218848459&orgId=9900033003&announcementTime=2024-01-11
603363,傲农生物,福建傲农生物科技集团股份有限公司关于召开2024年第二次临时股东大会的通知,2024-01-11,http://www.cninfo.com.cn/new/disclosure/detail?stockCode=603363&announcementId=1218848457&orgId=9900033003&announcementTime=2024-01-11
603363,傲农生物,厦门国贸傲农农产品有限公司专项审计报告,2024-01-11,http://www.cninfo.com.cn/new/disclosure/detail?stockCode=603363&announcementId=1218848353&orgId=9900033003&announcementTime=2024-01-11
603363,傲农生物,厦门国贸农产品有限公司拟股权收购涉及的厦门国贸傲农农产品有限公司49\\%的股东权益价值资产评估报告,2024-01-11,http://www.cninfo.com.cn/new/disclosure/detail?stockCode=603363&announcementId=1218848352&orgId=9900033003&announcementTime=2024-01-11
603363,傲农生物,福建傲农生物科技集团股份有限公司关于控股股东及实际控制人部分股份被司法冻结及司法标记的公告,2024-01-10,http://www.cninfo.com.cn/new/disclosure/detail?stockCode=603363&announcementId=1218836790&orgId=9900033003&announcementTime=2024-01-10
603363,傲农生物,福建傲农生物科技集团股份有限公司关于控股子公司通过高新技术企业重新认定的公告,2024-01-10,http://www.cninfo.com.cn/new/disclosure/detail?stockCode=603363&announcementId=1218836789&orgId=9900033003&announcementTime=2024-01-10
603363,傲农生物,福建傲农生物科技集团股份有限公司关于部分债务逾期的公告,2024-01-09,http://www.cninfo.com.cn/new/disclosure/detail?stockCode=603363&announcementId=1218831959&orgId=9900033003&announcementTime=2024-01-09
603363,傲农生物,福建傲农生物科技集团股份有限公司关于完成董事会、监事会换届选举暨聘任高级管理人员、证券事务代表的公告,2024-01-09,http://www.cninfo.com.cn/new/disclosure/detail?stockCode=603363&announcementId=1218831863&orgId=9900033003&announcementTime=2024-01-09
603363,傲农生物,福建傲农生物科技集团股份有限公司2024年第一次临时股东大会决议公告,2024-01-09,http://www.cninfo.com.cn/new/disclosure/detail?stockCode=603363&announcementId=1218831862&orgId=9900033003&announcementTime=2024-01-09
603363,傲农生物,福建傲农生物科技集团股份有限公司第四届董事会第一次会议决议公告,2024-01-09,http://www.cninfo.com.cn/new/disclosure/detail?stockCode=603363&announcementId=1218831861&orgId=9900033003&announcementTime=2024-01-09
603363,傲农生物,福建傲农生物科技集团股份有限公司关于控股股东、实际控制人的一致行动人部分股份解除质押与质押的公告,2024-01-09,http://www.cninfo.com.cn/new/disclosure/detail?stockCode=603363&announcementId=1218831860&orgId=9900033003&announcementTime=2024-01-09
603363,傲农生物,福建傲农生物科技集团股份有限公司第四届监事会第一次会议决议公告,2024-01-09,http://www.cninfo.com.cn/new/disclosure/detail?stockCode=603363&announcementId=1218831859&orgId=9900033003&announcementTime=2024-01-09
603363,傲农生物,北京市中伦律师事务所关于福建傲农生物科技集团股份有限公司2024年第一次临时股东大会的法律意见书,2024-01-09,http://www.cninfo.com.cn/new/disclosure/detail?stockCode=603363&announcementId=1218831858&orgId=9900033003&announcementTime=2024-01-09
603363,傲农生物,福建傲农生物科技集团股份有限公司2023年12月养殖业务主要经营数据公告,2024-01-09,http://www.cninfo.com.cn/new/disclosure/detail?stockCode=603363&announcementId=1218831857&orgId=9900033003&announcementTime=2024-01-09
603363,傲农生物,福建傲农生物科技集团股份有限公司关于职工代表监事换届选举的公告,2023-12-30,http://www.cninfo.com.cn/new/disclosure/detail?stockCode=603363&announcementId=1218767487&orgId=9900033003&announcementTime=2023-12-30
603363,傲农生物,福建傲农生物科技集团股份有限公司关于控股股东部分股份被司法冻结及司法标记的公告,2023-12-30,http://www.cninfo.com.cn/new/disclosure/detail?stockCode=603363&announcementId=1218767485&orgId=9900033003&announcementTime=2023-12-30
603363,傲农生物,福建傲农生物科技集团股份有限公司2024年第一次临时股东大会会议资料,2023-12-30,http://www.cninfo.com.cn/new/disclosure/detail?stockCode=603363&announcementId=1218767484&orgId=9900033003&announcementTime=2023-12-30
603363,傲农生物,北京市中伦律师事务所关于福建傲农生物科技集团股份有限公司2020年限制性股票激励计划回购注销部分限制性股票相关事项的法律意见书,2023-12-27,http://www.cninfo.com.cn/new/disclosure/detail?stockCode=603363&announcementId=1218730797&orgId=9900033003&announcementTime=2023-12-27
603363,傲农生物,北京市中伦律师事务所关于福建傲农生物科技集团股份有限公司2018年限制性股票激励计划回购注销部分限制性股票相关事项的法律意见书,2023-12-27,http://www.cninfo.com.cn/new/disclosure/detail?stockCode=603363&announcementId=1218730796&orgId=9900033003&announcementTime=2023-12-27
603363,傲农生物,福建傲农生物科技集团股份有限公司股权激励限制性股票回购注销实施公告,2023-12-27,http://www.cninfo.com.cn/new/disclosure/detail?stockCode=603363&announcementId=1218730795&orgId=9900033003&announcementTime=2023-12-27
603363,傲农生物,福建傲农生物科技集团股份有限公司关于公司及控股股东签署相关意向协议之终止协议的公告,2023-12-27,http://www.cninfo.com.cn/new/disclosure/detail?stockCode=603363&announcementId=1218730794&orgId=9900033003&announcementTime=2023-12-27
603363,傲农生物,北京市中伦律师事务所关于福建傲农生物科技集团股份有限公司2021年限制性股票激励计划回购注销部分限制性股票相关事项的法律意见书,2023-12-27,http://www.cninfo.com.cn/new/disclosure/detail?stockCode=603363&announcementId=1218730793&orgId=9900033003&announcementTime=2023-12-27
603363,傲农生物,福建傲农生物科技集团股份有限公司2023年第六次临时股东大会决议公告,2023-12-26,http://www.cninfo.com.cn/new/disclosure/detail?stockCode=603363&announcementId=1218719643&orgId=9900033003&announcementTime=2023-12-26
603363,傲农生物,北京市中伦律师事务所关于福建傲农生物科技集团股份有限公司2023年第六次临时股东大会的法律意见书,2023-12-26,http://www.cninfo.com.cn/new/disclosure/detail?stockCode=603363&announcementId=1218719548&orgId=9900033003&announcementTime=2023-12-26
603363,傲农生物,福建傲农生物科技集团股份有限公司关于中证中小投资者服务中心《股东质询函》的回复公告,2023-12-25,http://www.cninfo.com.cn/new/disclosure/detail?stockCode=603363&announcementId=1218708945&orgId=9900033003&announcementTime=2023-12-25
603363,傲农生物,福建傲农生物科技集团股份有限公司关于监事会主席辞职的公告,2023-12-23,http://www.cninfo.com.cn/new/disclosure/detail?stockCode=603363&announcementId=1218706874&orgId=9900033003&announcementTime=2023-12-23
603363,傲农生物,福建傲农生物科技集团股份有限公司关于变更总部办公地址及投资者联系电话和传真的公告,2023-12-23,http://www.cninfo.com.cn/new/disclosure/detail?stockCode=603363&announcementId=1218706847&orgId=9900033003&announcementTime=2023-12-23
603363,傲农生物,福建傲农生物科技集团股份有限公司关于控股股东、实际控制人及其一致行动人部分股份质押的公告,2023-12-23,http://www.cninfo.com.cn/new/disclosure/detail?stockCode=603363&announcementId=1218706846&orgId=9900033003&announcementTime=2023-12-23
603363,傲农生物,福建傲农生物科技集团股份有限公司监事会议事规则,2023-12-23,http://www.cninfo.com.cn/new/disclosure/detail?stockCode=603363&announcementId=1218706845&orgId=9900033003&announcementTime=2023-12-23
603363,傲农生物,独立董事候选人声明与承诺（刘峰）,2023-12-23,http://www.cninfo.com.cn/new/disclosure/detail?stockCode=603363&announcementId=1218706844&orgId=9900033003&announcementTime=2023-12-23
603363,傲农生物,福建傲农生物科技集团股份有限公司关于修订公司章程及相关议事规则的公告,2023-12-23,http://www.cninfo.com.cn/new/disclosure/detail?stockCode=603363&announcementId=1218706843&orgId=9900033003&announcementTime=2023-12-23
603363,傲农生物,独立董事候选人声明与承诺（艾春香）,2023-12-23,http://www.cninfo.com.cn/new/disclosure/detail?stockCode=603363&announcementId=1218706842&orgId=9900033003&announcementTime=2023-12-23
603363,傲农生物,独立董事提名人声明与承诺（郑鲁英）,2023-12-23,http://www.cninfo.com.cn/new/disclosure/detail?stockCode=603363&announcementId=1218706841&orgId=9900033003&announcementTime=2023-12-23
603363,傲农生物,福建傲农生物科技集团股份有限公司董事会提名委员会关于公司第四届董事会独立董事候选人的审查意见,2023-12-23,http://www.cninfo.com.cn/new/disclosure/detail?stockCode=603363&announcementId=1218706840&orgId=9900033003&announcementTime=2023-12-23
603363,傲农生物,福建傲农生物科技集团股份有限公司关于董事会、监事会提前换届选举的公告,2023-12-23,http://www.cninfo.com.cn/new/disclosure/detail?stockCode=603363&announcementId=1218706839&orgId=9900033003&announcementTime=2023-12-23
603363,傲农生物,福建傲农生物科技集团股份有限公司第三届监事会第二十六次会议决议公告,2023-12-23,http://www.cninfo.com.cn/new/disclosure/detail?stockCode=603363&announcementId=1218706838&orgId=9900033003&announcementTime=2023-12-23
603363,傲农生物,福建傲农生物科技集团股份有限公司股东大会议事规则,2023-12-23,http://www.cninfo.com.cn/new/disclosure/detail?stockCode=603363&announcementId=1218706837&orgId=9900033003&announcementTime=2023-12-23
603363,傲农生物,独立董事候选人声明与承诺（郑鲁英）,2023-12-23,http://www.cninfo.com.cn/new/disclosure/detail?stockCode=603363&announcementId=1218706836&orgId=9900033003&announcementTime=2023-12-23
603363,傲农生物,福建傲农生物科技集团股份有限公司关于累计涉及诉讼、仲裁事项的公告,2023-12-23,http://www.cninfo.com.cn/new/disclosure/detail?stockCode=603363&announcementId=1218706835&orgId=9900033003&announcementTime=2023-12-23
603363,傲农生物,福建傲农生物科技集团股份有限公司章程（2023年12月修订）,2023-12-23,http://www.cninfo.com.cn/new/disclosure/detail?stockCode=603363&announcementId=1218706834&orgId=9900033003&announcementTime=2023-12-23
603363,傲农生物,独立董事提名人声明与承诺（刘峰）,2023-12-23,http://www.cninfo.com.cn/new/disclosure/detail?stockCode=603363&announcementId=1218706833&orgId=9900033003&announcementTime=2023-12-23
603363,傲农生物,独立董事提名人声明与承诺（艾春香）,2023-12-23,http://www.cninfo.com.cn/new/disclosure/detail?stockCode=603363&announcementId=1218706832&orgId=9900033003&announcementTime=2023-12-23
603363,傲农生物,福建傲农生物科技集团股份有限公司第三届董事会第三十五次会议决议公告,2023-12-23,http://www.cninfo.com.cn/new/disclosure/detail?stockCode=603363&announcementId=1218706831&orgId=9900033003&announcementTime=2023-12-23
603363,傲农生物,福建傲农生物科技集团股份有限公司2023年11月公司担保情况的公告,2023-12-23,http://www.cninfo.com.cn/new/disclosure/detail?stockCode=603363&announcementId=1218706830&orgId=9900033003&announcementTime=2023-12-23
603363,傲农生物,福建傲农生物科技集团股份有限公司关于召开2024年第一次临时股东大会的通知,2023-12-23,http://www.cninfo.com.cn/new/disclosure/detail?stockCode=603363&announcementId=1218706829&orgId=9900033003&announcementTime=2023-12-23
603363,傲农生物,福建傲农生物科技集团股份有限公司董事会议事规则,2023-12-23,http://www.cninfo.com.cn/new/disclosure/detail?stockCode=603363&announcementId=1218706828&orgId=9900033003&announcementTime=2023-12-23
603363,傲农生物,福建傲农生物科技集团股份有限公司关于2023年第六次临时股东大会变更会议地址的公告,2023-12-21,http://www.cninfo.com.cn/new/disclosure/detail?stockCode=603363&announcementId=1218675046&orgId=9900033003&announcementTime=2023-12-21
603363,傲农生物,福建傲农生物科技集团股份有限公司关于控股股东、实际控制人及其一致行动人部分股份解除质押与质押的公告,2023-12-21,http://www.cninfo.com.cn/new/disclosure/detail?stockCode=603363&announcementId=1218675045&orgId=9900033003&announcementTime=2023-12-21
603363,傲农生物,福建傲农生物科技集团股份有限公司关于控股股东、实际控制人部分股份被司法冻结及司法标记的公告,2023-12-21,http://www.cninfo.com.cn/new/disclosure/detail?stockCode=603363&announcementId=1218675044&orgId=9900033003&announcementTime=2023-12-21
603363,傲农生物,福建傲农生物科技集团股份有限公司关于控股股东部分股份质押的公告,2023-12-19,http://www.cninfo.com.cn/new/disclosure/detail?stockCode=603363&announcementId=1218655788&orgId=9900033003&announcementTime=2023-12-19
603363,傲农生物,福建傲农生物科技集团股份有限公司关于控股股东变更名称和注册地址的公告,2023-12-19,http://www.cninfo.com.cn/new/disclosure/detail?stockCode=603363&announcementId=1218655787&orgId=9900033003&announcementTime=2023-12-19
603363,傲农生物,福建傲农生物科技集团股份有限公司2023年第六次临时股东大会会议资料,2023-12-16,http://www.cninfo.com.cn/new/disclosure/detail?stockCode=603363&announcementId=1218634724&orgId=9900033003&announcementTime=2023-12-16
603363,傲农生物,福建傲农生物科技集团股份有限公司关于公司副总经理兼董事会秘书辞职的公告,2023-12-16,http://www.cninfo.com.cn/new/disclosure/detail?stockCode=603363&announcementId=1218634723&orgId=9900033003&announcementTime=2023-12-16
603363,傲农生物,福建傲农生物科技集团股份有限公司关于公司及控股股东签署战略合作意向协议和投资合作意向协议的公告,2023-12-13,http://www.cninfo.com.cn/new/disclosure/detail?stockCode=603363&announcementId=1218594470&orgId=9900033003&announcementTime=2023-12-13
603363,傲农生物,福建傲农生物科技集团股份有限公司2023年第五次临时股东大会决议公告,2023-12-12,http://www.cninfo.com.cn/new/disclosure/detail?stockCode=603363&announcementId=1218582600&orgId=9900033003&announcementTime=2023-12-12
603363,傲农生物,北京市中伦律师事务所关于福建傲农生物科技集团股份有限公司2023年第五次临时股东大会的法律意见书,2023-12-12,http://www.cninfo.com.cn/new/disclosure/detail?stockCode=603363&announcementId=1218582599&orgId=9900033003&announcementTime=2023-12-12
603363,傲农生物,曲阳傲牧养殖有限公司审计报告,2023-12-09,http://www.cninfo.com.cn/new/disclosure/detail?stockCode=603363&announcementId=1218565287&orgId=9900033003&announcementTime=2023-12-09
603363,傲农生物,永新县傲翔生态农业科技有限公司审计报告,2023-12-09,http://www.cninfo.com.cn/new/disclosure/detail?stockCode=603363&announcementId=1218565286&orgId=9900033003&announcementTime=2023-12-09
603363,傲农生物,福建傲农生物科技集团股份有限公司及其子公司拟股权转让涉及的永新县傲翔生态农业科技有限公司等8家下属公司股东全部权益价值资产评估报告,2023-12-09,http://www.cninfo.com.cn/new/disclosure/detail?stockCode=603363&announcementId=1218565285&orgId=9900033003&announcementTime=2023-12-09
603363,傲农生物,江苏荣佑农牧科技有限公司审计报告,2023-12-09,http://www.cninfo.com.cn/new/disclosure/detail?stockCode=603363&announcementId=1218565284&orgId=9900033003&announcementTime=2023-12-09
603363,傲农生物,新乐傲农农业开发有限公司审计报告,2023-12-09,http://www.cninfo.com.cn/new/disclosure/detail?stockCode=603363&announcementId=1218565283&orgId=9900033003&announcementTime=2023-12-09
603363,傲农生物,襄阳傲农雪生畜牧养殖有限公司审计报告,2023-12-09,http://www.cninfo.com.cn/new/disclosure/detail?stockCode=603363&announcementId=1218565282&orgId=9900033003&announcementTime=2023-12-09
603363,傲农生物,福建傲农生物科技集团股份有限公司2023年11月养殖业务主要经营数据公告,2023-12-09,http://www.cninfo.com.cn/new/disclosure/detail?stockCode=603363&announcementId=1218565281&orgId=9900033003&announcementTime=2023-12-09
603363,傲农生物,福建傲农生物科技集团股份有限公司独立董事关于公司第三届董事会第三十四次会议相关事项的独立意见,2023-12-09,http://www.cninfo.com.cn/new/disclosure/detail?stockCode=603363&announcementId=1218565280&orgId=9900033003&announcementTime=2023-12-09
603363,傲农生物,福建傲农生物科技集团股份有限公司关于公司董事辞职的公告,2023-12-09,http://www.cninfo.com.cn/new/disclosure/detail?stockCode=603363&announcementId=1218565279&orgId=9900033003&announcementTime=2023-12-09
603363,傲农生物,国泰君安证券股份有限公司关于福建傲农生物科技集团股份有限公司转让子公司部分股权相关事项的核查意见,2023-12-09,http://www.cninfo.com.cn/new/disclosure/detail?stockCode=603363&announcementId=1218565278&orgId=9900033003&announcementTime=2023-12-09
603363,傲农生物,阜阳市傲农和牧畜牧养殖有限公司审计报告,2023-12-09,http://www.cninfo.com.cn/new/disclosure/detail?stockCode=603363&announcementId=1218565277&orgId=9900033003&announcementTime=2023-12-09
603363,傲农生物,眉山傲农现代牧业有限公司审计报告,2023-12-09,http://www.cninfo.com.cn/new/disclosure/detail?stockCode=603363&announcementId=1218565276&orgId=9900033003&announcementTime=2023-12-09
603363,傲农生物,曲阳傲农农业开发有限公司审计报告,2023-12-09,http://www.cninfo.com.cn/new/disclosure/detail?stockCode=603363&announcementId=1218565275&orgId=9900033003&announcementTime=2023-12-09
603363,傲农生物,福建傲农生物科技集团股份有限公司关于召开2023年第六次临时股东大会的通知,2023-12-09,http://www.cninfo.com.cn/new/disclosure/detail?stockCode=603363&announcementId=1218565274&orgId=9900033003&announcementTime=2023-12-09
603363,傲农生物,福建傲农生物科技集团股份有限公司关于转让子公司部分股权暨关联交易的公告,2023-12-09,http://www.cninfo.com.cn/new/disclosure/detail?stockCode=603363&announcementId=1218565273&orgId=9900033003&announcementTime=2023-12-09
603363,傲农生物,福建傲农生物科技集团股份有限公司关于转让子公司部分股权后形成向子公司提供财务资助和担保暨关联交易的公告,2023-12-09,http://www.cninfo.com.cn/new/disclosure/detail?stockCode=603363&announcementId=1218565272&orgId=9900033003&announcementTime=2023-12-09
603363,傲农生物,福建傲农生物科技集团股份有限公司第三届董事会第三十四次会议决议公告,2023-12-09,http://www.cninfo.com.cn/new/disclosure/detail?stockCode=603363&announcementId=1218565271&orgId=9900033003&announcementTime=2023-12-09
603363,傲农生物,福建傲农生物科技集团股份有限公司2023年第五次临时股东大会会议资料,2023-12-02,http://www.cninfo.com.cn/new/disclosure/detail?stockCode=603363&announcementId=1218494850&orgId=9900033003&announcementTime=2023-12-02
603363,傲农生物,简式权益变动报告书（傲农投资）,2023-12-01,http://www.cninfo.com.cn/new/disclosure/detail?stockCode=603363&announcementId=1218484359&orgId=9900033003&announcementTime=2023-12-01
603363,傲农生物,简式权益变动报告书（天添资产）,2023-12-01,http://www.cninfo.com.cn/new/disclosure/detail?stockCode=603363&announcementId=1218484358&orgId=9900033003&announcementTime=2023-12-01
603363,傲农生物,福建傲农生物科技集团股份有限公司关于股东协议转让部分股份暨权益变动的提示性公告,2023-11-30,http://www.cninfo.com.cn/new/disclosure/detail?stockCode=603363&announcementId=1218479111&orgId=9900033003&announcementTime=2023-11-30
603363,傲农生物,福建傲农生物科技集团股份有限公司2023年10月公司担保情况的公告,2023-11-21,http://www.cninfo.com.cn/new/disclosure/detail?stockCode=603363&announcementId=1218379508&orgId=9900033003&announcementTime=2023-11-21
603363,傲农生物,福建傲农生物科技集团股份有限公司第三届监事会第二十五次会议决议公告,2023-11-18,http://www.cninfo.com.cn/new/disclosure/detail?stockCode=603363&announcementId=1218368219&orgId=9900033003&announcementTime=2023-11-18
603363,傲农生物,福建傲农生物科技集团股份有限公司关于延长2022年度向特定对象发行股票方案决议有效期及相关授权有效期的公告,2023-11-18,http://www.cninfo.com.cn/new/disclosure/detail?stockCode=603363&announcementId=1218368218&orgId=9900033003&announcementTime=2023-11-18
603363,傲农生物,福建傲农生物科技集团股份有限公司独立董事关于公司第三届董事会第三十三次会议相关事项的独立意见,2023-11-18,http://www.cninfo.com.cn/new/disclosure/detail?stockCode=603363&announcementId=1218368217&orgId=9900033003&announcementTime=2023-11-18
603363,傲农生物,福建傲农生物科技集团股份有限公司第三届董事会第三十三次会议决议公告,2023-11-18,http://www.cninfo.com.cn/new/disclosure/detail?stockCode=603363&announcementId=1218368216&orgId=9900033003&announcementTime=2023-11-18
603363,傲农生物,福建傲农生物科技集团股份有限公司关于拟引进新的投资者暨股东拟协议转让部分股份的提示性公告,2023-11-18,http://www.cninfo.com.cn/new/disclosure/detail?stockCode=603363&announcementId=1218368215&orgId=9900033003&announcementTime=2023-11-18
603363,傲农生物,福建傲农生物科技集团股份有限公司关于召开2023年第五次临时股东大会的通知,2023-11-18,http://www.cninfo.com.cn/new/disclosure/detail?stockCode=603363&announcementId=1218368214&orgId=9900033003&announcementTime=2023-11-18
603363,傲农生物,北京市中伦律师事务所关于福建傲农生物科技集团股份有限公司2023年第四次临时股东大会的法律意见书,2023-11-16,http://www.cninfo.com.cn/new/disclosure/detail?stockCode=603363&announcementId=1218352676&orgId=9900033003&announcementTime=2023-11-16
603363,傲农生物,福建傲农生物科技集团股份有限公司2023年第四次临时股东大会决议公告,2023-11-16,http://www.cninfo.com.cn/new/disclosure/detail?stockCode=603363&announcementId=1218352675&orgId=9900033003&announcementTime=2023-11-16
603363,傲农生物,福建傲农生物科技集团股份有限公司关于实际控制人部分股份解除质押的公告,2023-11-15,http://www.cninfo.com.cn/new/disclosure/detail?stockCode=603363&announcementId=1218329243&orgId=9900033003&announcementTime=2023-11-15
603363,傲农生物,福建傲农生物科技集团股份有限公司关于控股子公司向参股公司增资的进展公告,2023-11-11,http://www.cninfo.com.cn/new/disclosure/detail?stockCode=603363&announcementId=1218305493&orgId=9900033003&announcementTime=2023-11-11
603363,傲农生物,福建傲农生物科技集团股份有限公司关于控股股东部分股份质押的公告,2023-11-09,http://www.cninfo.com.cn/new/disclosure/detail?stockCode=603363&announcementId=1218281622&orgId=9900033003&announcementTime=2023-11-09
603363,傲农生物,福建傲农生物科技集团股份有限公司2023年10月养殖业务主要经营数据公告,2023-11-07,http://www.cninfo.com.cn/new/disclosure/detail?stockCode=603363&announcementId=1218268486&orgId=9900033003&announcementTime=2023-11-07
603363,傲农生物,福建傲农生物科技集团股份有限公司2023年第四次临时股东大会会议资料,2023-11-07,http://www.cninfo.com.cn/new/disclosure/detail?stockCode=603363&announcementId=1218268014&orgId=9900033003&announcementTime=2023-11-07
603363,傲农生物,福建傲农生物科技集团股份有限公司关于股东提前终止减持股份计划暨减持股份结果公告,2023-11-01,http://www.cninfo.com.cn/new/disclosure/detail?stockCode=603363&announcementId=1218216343&orgId=9900033003&announcementTime=2023-11-01
603363,傲农生物,福建傲农生物科技集团股份有限公司监事会关于限制性股票激励计划解锁条件成就的核查意见,2023-10-31,http://www.cninfo.com.cn/new/disclosure/detail?stockCode=603363&announcementId=1218206466&orgId=9900033003&announcementTime=2023-10-31
603363,傲农生物,北京市中伦律师事务所关于福建傲农生物科技集团股份有限公司2020年限制性股票激励计划预留授予部分第三期解锁及回购注销部分限制性股票相关事项的法律意见书,2023-10-31,http://www.cninfo.com.cn/new/disclosure/detail?stockCode=603363&announcementId=1218206465&orgId=9900033003&announcementTime=2023-10-31
603363,傲农生物,福建傲农生物科技集团股份有限公司第三届董事会第三十二次会议决议公告,2023-10-31,http://www.cninfo.com.cn/new/disclosure/detail?stockCode=603363&announcementId=1218206146&orgId=9900033003&announcementTime=2023-10-31
603363,傲农生物,福建傲农生物科技集团股份有限公司董事会议事规则,2023-10-31,http://www.cninfo.com.cn/new/disclosure/detail?stockCode=603363&announcementId=1218206145&orgId=9900033003&announcementTime=2023-10-31
603363,傲农生物,福建傲农生物科技集团股份有限公司董事会提名委员会工作细则,2023-10-31,http://www.cninfo.com.cn/new/disclosure/detail?stockCode=603363&announcementId=1218206144&orgId=9900033003&announcementTime=2023-10-31
603363,傲农生物,福建傲农生物科技集团股份有限公司关联交易管理办法,2023-10-31,http://www.cninfo.com.cn/new/disclosure/detail?stockCode=603363&announcementId=1218206143&orgId=9900033003&announcementTime=2023-10-31
603363,傲农生物,福建傲农生物科技集团股份有限公司募集资金管理办法,2023-10-31,http://www.cninfo.com.cn/new/disclosure/detail?stockCode=603363&announcementId=1218206142&orgId=9900033003&announcementTime=2023-10-31
603363,傲农生物,福建傲农生物科技集团股份有限公司第三届监事会第二十四次会议决议公告,2023-10-31,http://www.cninfo.com.cn/new/disclosure/detail?stockCode=603363&announcementId=1218206141&orgId=9900033003&announcementTime=2023-10-31
603363,傲农生物,福建傲农生物科技集团股份有限公司关于控股子公司向参股公司增资暨增加与其日常关联交易预计的公告,2023-10-31,http://www.cninfo.com.cn/new/disclosure/detail?stockCode=603363&announcementId=1218206140&orgId=9900033003&announcementTime=2023-10-31
603363,傲农生物,福建傲农生物科技集团股份有限公司独立董事工作制度,2023-10-31,http://www.cninfo.com.cn/new/disclosure/detail?stockCode=603363&announcementId=1218206139&orgId=9900033003&announcementTime=2023-10-31
603363,傲农生物,福建傲农生物科技集团股份有限公司关于召开2023年第三季度业绩说明会的公告,2023-10-31,http://www.cninfo.com.cn/new/disclosure/detail?stockCode=603363&announcementId=1218206138&orgId=9900033003&announcementTime=2023-10-31
603363,傲农生物,福建傲农生物科技集团股份有限公司关于修订公司章程及相关议事规则的公告,2023-10-31,http://www.cninfo.com.cn/new/disclosure/detail?stockCode=603363&announcementId=1218206137&orgId=9900033003&announcementTime=2023-10-31
603363,傲农生物,福建傲农生物科技集团股份有限公司对外担保决策制度,2023-10-31,http://www.cninfo.com.cn/new/disclosure/detail?stockCode=603363&announcementId=1218206136&orgId=9900033003&announcementTime=2023-10-31
603363,傲农生物,北京市中伦律师事务所关于福建傲农生物科技集团股份有限公司2020年限制性股票激励计划预留授予部分第三期解锁及回购注销部分限制性股票相关事项的法律意见书,2023-10-31,http://www.cninfo.com.cn/new/disclosure/detail?stockCode=603363&announcementId=1218206135&orgId=9900033003&announcementTime=2023-10-31
603363,傲农生物,福建傲农生物科技集团股份有限公司独立董事关于公司第三届董事会第三十二次会议相关事项的事前认可意见,2023-10-31,http://www.cninfo.com.cn/new/disclosure/detail?stockCode=603363&announcementId=1218206134&orgId=9900033003&announcementTime=2023-10-31
603363,傲农生物,福建傲农生物科技集团股份有限公司董事会战略委员会工作细则,2023-10-31,http://www.cninfo.com.cn/new/disclosure/detail?stockCode=603363&announcementId=1218206133&orgId=9900033003&announcementTime=2023-10-31
603363,傲农生物,北京市中伦律师事务所关于福建傲农生物科技集团股份有限公司2021年限制性股票激励计划回购注销部分限制性股票相关事项的法律意见书,2023-10-31,http://www.cninfo.com.cn/new/disclosure/detail?stockCode=603363&announcementId=1218206132&orgId=9900033003&announcementTime=2023-10-31
603363,傲农生物,福建傲农生物科技集团股份有限公司关于召开2023年第四次临时股东大会的通知,2023-10-31,http://www.cninfo.com.cn/new/disclosure/detail?stockCode=603363&announcementId=1218206131&orgId=9900033003&announcementTime=2023-10-31
603363,傲农生物,福建傲农生物科技集团股份有限公司独立董事关于公司第三届董事会第三十二次会议相关事项的独立意见,2023-10-31,http://www.cninfo.com.cn/new/disclosure/detail?stockCode=603363&announcementId=1218206130&orgId=9900033003&announcementTime=2023-10-31
603363,傲农生物,福建傲农生物科技集团股份有限公司独立董事专门会议工作细则,2023-10-31,http://www.cninfo.com.cn/new/disclosure/detail?stockCode=603363&announcementId=1218206129&orgId=9900033003&announcementTime=2023-10-31
603363,傲农生物,福建傲农生物科技集团股份有限公司章程（2023年10月修订）,2023-10-31,http://www.cninfo.com.cn/new/disclosure/detail?stockCode=603363&announcementId=1218206128&orgId=9900033003&announcementTime=2023-10-31
603363,傲农生物,福建傲农生物科技集团股份有限公司关于回购注销部分已授予但尚未解除限售的限制性股票的公告,2023-10-31,http://www.cninfo.com.cn/new/disclosure/detail?stockCode=603363&announcementId=1218206127&orgId=9900033003&announcementTime=2023-10-31
603363,傲农生物,福建傲农生物科技集团股份有限公司董事会审计委员会工作细则,2023-10-31,http://www.cninfo.com.cn/new/disclosure/detail?stockCode=603363&announcementId=1218206126&orgId=9900033003&announcementTime=2023-10-31
603363,傲农生物,国泰君安证券股份有限公司关于福建傲农生物科技集团股份有限公司控股子公司向参股公司增资暨增加与其日常关联交易预计的核查意见,2023-10-31,http://www.cninfo.com.cn/new/disclosure/detail?stockCode=603363&announcementId=1218206125&orgId=9900033003&announcementTime=2023-10-31
603363,傲农生物,福建傲农生物科技集团股份有限公司关于回购注销部分限制性股票通知债权人的公告,2023-10-31,http://www.cninfo.com.cn/new/disclosure/detail?stockCode=603363&announcementId=1218206124&orgId=9900033003&announcementTime=2023-10-31
603363,傲农生物,福建傲农生物科技集团股份有限公司董事会薪酬与考核委员会工作细则,2023-10-31,http://www.cninfo.com.cn/new/disclosure/detail?stockCode=603363&announcementId=1218206123&orgId=9900033003&announcementTime=2023-10-31
603363,傲农生物,福建傲农生物科技集团股份有限公司关于股权激励计划限制性股票解锁暨上市的公告,2023-10-31,http://www.cninfo.com.cn/new/disclosure/detail?stockCode=603363&announcementId=1218206122&orgId=9900033003&announcementTime=2023-10-31
603363,傲农生物,福建傲农生物科技集团股份有限公司对外投资决策制度,2023-10-31,http://www.cninfo.com.cn/new/disclosure/detail?stockCode=603363&announcementId=1218206121&orgId=9900033003&announcementTime=2023-10-31
603363,傲农生物,福建傲农生物科技集团股份有限公司第三届监事会第二十三次会议决议公告,2023-10-28,http://www.cninfo.com.cn/new/disclosure/detail?stockCode=603363&announcementId=1218191080&orgId=9900033003&announcementTime=2023-10-28
603363,傲农生物,福建傲农生物科技集团股份有限公司2023年第三季度报告,2023-10-28,http://www.cninfo.com.cn/new/disclosure/detail?stockCode=603363&announcementId=1218191079&orgId=9900033003&announcementTime=2023-10-28
603363,傲农生物,福建傲农生物科技集团股份有限公司关于公司董事、监事辞职的公告,2023-10-24,http://www.cninfo.com.cn/new/disclosure/detail?stockCode=603363&announcementId=1218123896&orgId=9900033003&announcementTime=2023-10-24
603363,傲农生物,福建傲农生物科技集团股份有限公司拟股权转让涉及的福建傲芯生物科技集团有限公司股东全部权益价值资产评估报告,2023-10-21,http://www.cninfo.com.cn/new/disclosure/detail?stockCode=603363&announcementId=1218109874&orgId=9900033003&announcementTime=2023-10-21
603363,傲农生物,福建傲芯生物科技集团有限公司审计报告,2023-10-21,http://www.cninfo.com.cn/new/disclosure/detail?stockCode=603363&announcementId=1218109873&orgId=9900033003&announcementTime=2023-10-21
603363,傲农生物,国泰君安证券股份有限公司关于福建傲农生物科技集团股份有限公司转让子公司控股权相关事项的核查意见,2023-10-21,http://www.cninfo.com.cn/new/disclosure/detail?stockCode=603363&announcementId=1218109712&orgId=9900033003&announcementTime=2023-10-21
603363,傲农生物,福建傲农生物科技集团股份有限公司关于转让子公司控股权后形成对外担保的公告,2023-10-21,http://www.cninfo.com.cn/new/disclosure/detail?stockCode=603363&announcementId=1218109711&orgId=9900033003&announcementTime=2023-10-21
603363,傲农生物,福建傲农生物科技集团股份有限公司第三届监事会第二十二次会议决议公告,2023-10-21,http://www.cninfo.com.cn/new/disclosure/detail?stockCode=603363&announcementId=1218109710&orgId=9900033003&announcementTime=2023-10-21
603363,傲农生物,福建傲农生物科技集团股份有限公司独立董事关于公司第三届董事会第三十次会议相关事项的独立意见,2023-10-21,http://www.cninfo.com.cn/new/disclosure/detail?stockCode=603363&announcementId=1218109709&orgId=9900033003&announcementTime=2023-10-21
603363,傲农生物,福建傲农生物科技集团股份有限公司第三届董事会第三十次会议决议公告,2023-10-21,http://www.cninfo.com.cn/new/disclosure/detail?stockCode=603363&announcementId=1218109708&orgId=9900033003&announcementTime=2023-10-21
603363,傲农生物,福建傲农生物科技集团股份有限公司独立董事关于公司第三届董事会第三十次会议相关事项的事前认可意见,2023-10-21,http://www.cninfo.com.cn/new/disclosure/detail?stockCode=603363&announcementId=1218109707&orgId=9900033003&announcementTime=2023-10-21
603363,傲农生物,福建傲农生物科技集团股份有限公司关于转让子公司股权并涉及部分募投项目公司股权间接转让暨关联交易的公告,2023-10-21,http://www.cninfo.com.cn/new/disclosure/detail?stockCode=603363&announcementId=1218109706&orgId=9900033003&announcementTime=2023-10-21
603363,傲农生物,福建傲农生物科技集团股份有限公司拟股权转让涉及的福建傲芯生物科技集团有限公司股东全部权益价值资产评估说明,2023-10-21,http://www.cninfo.com.cn/new/disclosure/detail?stockCode=603363&announcementId=1218109705&orgId=9900033003&announcementTime=2023-10-21
603363,傲农生物,福建傲农生物科技集团股份有限公司2023年9月公司担保情况的公告,2023-10-21,http://www.cninfo.com.cn/new/disclosure/detail?stockCode=603363&announcementId=1218109704&orgId=9900033003&announcementTime=2023-10-21
603363,傲农生物,福建傲农生物科技集团股份有限公司关于控股股东部分股份质押的公告docx,2023-10-14,http://www.cninfo.com.cn/new/disclosure/detail?stockCode=603363&announcementId=1218029663&orgId=9900033003&announcementTime=2023-10-14
603363,傲农生物,福建傲农生物科技集团股份有限公司2023年9月养殖业务主要经营数据公告,2023-10-11,http://www.cninfo.com.cn/new/disclosure/detail?stockCode=603363&announcementId=1218002482&orgId=9900033003&announcementTime=2023-10-11
603363,傲农生物,福建傲农生物科技集团股份有限公司关于控股股东部分股份解除质押的公告,2023-09-29,http://www.cninfo.com.cn/new/disclosure/detail?stockCode=603363&announcementId=1217979585&orgId=9900033003&announcementTime=2023-09-29
603363,傲农生物,福建傲农生物科技集团股份有限公司关于控股股东部分股份解除质押的公告,2023-09-23,http://www.cninfo.com.cn/new/disclosure/detail?stockCode=603363&announcementId=1217927074&orgId=9900033003&announcementTime=2023-09-23
603363,傲农生物,福建傲农生物科技集团股份有限公司2023年8月公司担保情况的公告,2023-09-20,http://www.cninfo.com.cn/new/disclosure/detail?stockCode=603363&announcementId=1217896693&orgId=9900033003&announcementTime=2023-09-20
603363,傲农生物,容诚会计师事务所（特殊普通合伙）关于福建傲农生物科技集团股份有限公司向特定对象发行股票申请文件第二轮审核问询函中有关财务会计问题的专项说明（更新版）,2023-09-15,http://www.cninfo.com.cn/new/disclosure/detail?stockCode=603363&announcementId=1217859060&orgId=9900033003&announcementTime=2023-09-15
603363,傲农生物,福建傲农生物科技集团股份有限公司向特定对象发行股票募集说明书（申报稿）（更新版）,2023-09-15,http://www.cninfo.com.cn/new/disclosure/detail?stockCode=603363&announcementId=1217858845&orgId=9900033003&announcementTime=2023-09-15
603363,傲农生物,国泰君安证券股份有限公司关于福建傲农生物科技集团股份有限公司向特定对象发行股票之上市保荐书（更新版）,2023-09-15,http://www.cninfo.com.cn/new/disclosure/detail?stockCode=603363&announcementId=1217858844&orgId=9900033003&announcementTime=2023-09-15
603363,傲农生物,关于福建傲农生物科技集团股份有限公司向特定对象发行股票申请文件的第二轮审核问询函的回复（更新版）,2023-09-15,http://www.cninfo.com.cn/new/disclosure/detail?stockCode=603363&announcementId=1217858843&orgId=9900033003&announcementTime=2023-09-15
603363,傲农生物,容诚会计师事务所(特殊普通合伙)关于福建傲农生物科技集团股份有限公司向特定对象发行股票的审核中心意见落实函的回复（更新版）,2023-09-15,http://www.cninfo.com.cn/new/disclosure/detail?stockCode=603363&announcementId=1217858842&orgId=9900033003&announcementTime=2023-09-15
603363,傲农生物,关于福建傲农生物科技集团股份有限公司向特定对象发行股票的审核中心意见落实函的回复（更新版）,2023-09-15,http://www.cninfo.com.cn/new/disclosure/detail?stockCode=603363&announcementId=1217858841&orgId=9900033003&announcementTime=2023-09-15
603363,傲农生物,北京市中伦律师事务所关于福建傲农生物科技集团股份有限公司向特定对象发行股票的补充法律意见书（五）,2023-09-15,http://www.cninfo.com.cn/new/disclosure/detail?stockCode=603363&announcementId=1217858840&orgId=9900033003&announcementTime=2023-09-15
603363,傲农生物,关于福建傲农生物科技集团股份有限公司向特定对象发行股票申请文件的审核问询函的回复（更新版）,2023-09-15,http://www.cninfo.com.cn/new/disclosure/detail?stockCode=603363&announcementId=1217858839&orgId=9900033003&announcementTime=2023-09-15
603363,傲农生物,福建傲农生物科技集团股份有限公司关于向特定对象发行股票申请文件更新的提示性公告,2023-09-15,http://www.cninfo.com.cn/new/disclosure/detail?stockCode=603363&announcementId=1217858838&orgId=9900033003&announcementTime=2023-09-15
603363,傲农生物,福建傲农生物科技集团股份有限公司关于签订股权合作意向协议的公告,2023-09-15,http://www.cninfo.com.cn/new/disclosure/detail?stockCode=603363&announcementId=1217858836&orgId=9900033003&announcementTime=2023-09-15
603363,傲农生物,国泰君安证券股份有限公司关于福建傲农生物科技集团股份有限公司向特定对象发行股票之发行保荐书（更新版）,2023-09-15,http://www.cninfo.com.cn/new/disclosure/detail?stockCode=603363&announcementId=1217858835&orgId=9900033003&announcementTime=2023-09-15
603363,傲农生物,容诚会计师事务所（特殊普通合伙）关于福建傲农生物科技集团股份有限公司向特定对象发行股票申请文件审核问询函中有关财务会计问题的专项说明（更新版）,2023-09-15,http://www.cninfo.com.cn/new/disclosure/detail?stockCode=603363&announcementId=1217858834&orgId=9900033003&announcementTime=2023-09-15
603363,傲农生物,福建傲农生物科技集团股份有限公司前次募集资金使用情况的专项报告,2023-09-13,http://www.cninfo.com.cn/new/disclosure/detail?stockCode=603363&announcementId=1217833354&orgId=9900033003&announcementTime=2023-09-13
603363,傲农生物,福建傲农生物科技集团股份有限公司2022年度向特定对象发行A股股票发行方案的论证分析报告（二次修订稿）,2023-09-13,http://www.cninfo.com.cn/new/disclosure/detail?stockCode=603363&announcementId=1217833353&orgId=9900033003&announcementTime=2023-09-13
603363,傲农生物,福建傲农生物科技集团股份有限公司第三届监事会第二十一次会议决议公告,2023-09-13,http://www.cninfo.com.cn/new/disclosure/detail?stockCode=603363&announcementId=1217833352&orgId=9900033003&announcementTime=2023-09-13
603363,傲农生物,福建傲农生物科技集团股份有限公司关于2022年度向特定对象发行股票摊薄即期回报及填补回报措施（三次修订稿）的公告,2023-09-13,http://www.cninfo.com.cn/new/disclosure/detail?stockCode=603363&announcementId=1217833351&orgId=9900033003&announcementTime=2023-09-13
603363,傲农生物,福建傲农生物科技集团股份有限公司关于调整2022年度向特定对象发行股票方案的公告,2023-09-13,http://www.cninfo.com.cn/new/disclosure/detail?stockCode=603363&announcementId=1217833350&orgId=9900033003&announcementTime=2023-09-13
603363,傲农生物,福建傲农生物科技集团股份有限公司2022年度向特定对象发行A股股票预案（三次修订稿）,2023-09-13,http://www.cninfo.com.cn/new/disclosure/detail?stockCode=603363&announcementId=1217833349&orgId=9900033003&announcementTime=2023-09-13
603363,傲农生物,福建傲农生物科技集团股份有限公司独立董事关于公司第三届董事会第二十九次会议相关事项的独立意见,2023-09-13,http://www.cninfo.com.cn/new/disclosure/detail?stockCode=603363&announcementId=1217833348&orgId=9900033003&announcementTime=2023-09-13
603363,傲农生物,前次募集资金使用情况鉴证报告,2023-09-13,http://www.cninfo.com.cn/new/disclosure/detail?stockCode=603363&announcementId=1217833347&orgId=9900033003&announcementTime=2023-09-13
603363,傲农生物,福建傲农生物科技集团股份有限公司关于2022年度向特定对象发行股票预案及相关文件修订情况说明的公告,2023-09-13,http://www.cninfo.com.cn/new/disclosure/detail?stockCode=603363&announcementId=1217833346&orgId=9900033003&announcementTime=2023-09-13
603363,傲农生物,福建傲农生物科技集团股份有限公司2022年度向特定对象发行股票募集资金使用可行性分析报告（三次修订稿）,2023-09-13,http://www.cninfo.com.cn/new/disclosure/detail?stockCode=603363&announcementId=1217833345&orgId=9900033003&announcementTime=2023-09-13
603363,傲农生物,福建傲农生物科技集团股份有限公司第三届董事会第二十九次会议决议公告,2023-09-13,http://www.cninfo.com.cn/new/disclosure/detail?stockCode=603363&announcementId=1217833344&orgId=9900033003&announcementTime=2023-09-13
603363,傲农生物,福建傲农生物科技集团股份有限公司关于控股股东部分股份解除质押与质押的公告,2023-09-09,http://www.cninfo.com.cn/new/disclosure/detail?stockCode=603363&announcementId=1217810967&orgId=9900033003&announcementTime=2023-09-09
603363,傲农生物,福建傲农生物科技集团股份有限公司关于为子公司采购货款提供担保的说明公告,2023-09-07,http://www.cninfo.com.cn/new/disclosure/detail?stockCode=603363&announcementId=1217796142&orgId=9900033003&announcementTime=2023-09-07
603363,傲农生物,福建傲农生物科技集团股份有限公司2023年8月养殖业务主要经营数据公告,2023-09-05,http://www.cninfo.com.cn/new/disclosure/detail?stockCode=603363&announcementId=1217773687&orgId=9900033003&announcementTime=2023-09-05
603363,傲农生物,福建傲农生物科技集团股份有限公司关于控股股东、实际控制人部分股份质押的公告,2023-09-02,http://www.cninfo.com.cn/new/disclosure/detail?stockCode=603363&announcementId=1217757730&orgId=9900033003&announcementTime=2023-09-02
