date,open,high,low,close,volume,amount,outstanding_share,turnover
2021-05-28,67.3,74.9,56.08,63.32,19549579.0,1231365641.0,40030000.0,0.4883731951036722
2021-05-31,57.21,59.5,56.99,56.99,8948646.0,515571702.0,40030000.0,0.22354848863352486
2021-06-01,55.16,55.18,51.8,53.32,10250447.0,546487393.0,40030000.0,0.25606912315763175
2021-06-02,53.0,55.02,52.47,53.55,7230872.0,389999345.0,40030000.0,0.18063632275793154
2021-06-03,52.89,52.89,51.76,51.83,6639228.0,345569617.0,40030000.0,0.16585630776917312
2021-06-04,51.84,51.88,50.25,50.28,5761024.0,292662771.0,40030000.0,0.14391766175368473
2021-06-07,49.75,49.75,48.46,48.86,5955316.0,291267501.0,40030000.0,0.14877132150886835
2021-06-08,48.58,49.49,48.58,48.97,3861315.0,189626025.0,40030000.0,0.0964605296027979
2021-06-09,48.52,51.18,48.01,49.81,5772914.0,287579140.0,40030000.0,0.14421468898326256
2021-06-10,49.07,49.49,48.48,48.49,3914266.0,190786923.0,40030000.0,0.09778331251561329
2021-06-11,48.15,48.96,48.15,48.24,2436258.0,118044112.0,40030000.0,0.060860804396702474
2021-06-15,48.0,48.0,46.0,46.02,3913384.0,182222282.0,40030000.0,0.09776127904071946
2021-06-16,45.58,47.3,45.58,46.03,2394735.0,111154565.0,40030000.0,0.059823507369472895
2021-06-17,45.85,46.5,45.6,45.81,2165361.0,99584001.0,40030000.0,0.05409345490881839
2021-06-18,45.89,46.78,45.51,46.38,2411561.0,111516699.0,40030000.0,0.06024384211841119
2021-06-21,45.92,46.47,45.62,46.13,2295674.0,105500711.0,40030000.0,0.05734883837122158
2021-06-22,46.2,47.98,46.11,47.62,4126939.0,195320002.0,40030000.0,0.103096152885336
2021-06-23,47.07,49.97,46.71,49.19,5800430.0,280106969.0,40030000.0,0.14490207344491632
2021-06-24,48.2,48.77,47.63,47.63,3391398.0,163163685.0,40030000.0,0.08472140894329253
2021-06-25,47.6,48.47,47.6,47.97,2387216.0,114787954.0,40030000.0,0.059635673245066204
2021-06-28,49.0,52.18,49.0,50.9,7229586.0,366350027.0,40030000.0,0.18060419685236073
2021-06-29,49.2,49.73,48.48,48.52,4643170.0,226649988.0,40030000.0,0.11599225580814389
2021-06-30,48.29,48.29,47.04,47.2,3000783.0,142317069.0,40030000.0,0.07496335248563578
2021-07-01,47.4,47.53,46.82,46.84,1874953.0,88355016.0,40030000.0,0.04683869597801649
2021-07-02,46.48,47.5,46.4,46.53,1521389.0,71175379.0,40030000.0,0.03800622033474894
2021-07-05,46.51,46.88,46.16,46.39,1396283.0,64834747.0,40030000.0,0.0348809143142643
2021-07-06,46.4,47.39,46.37,47.02,1825899.0,85400108.0,40030000.0,0.04561326505121159
2021-07-07,46.78,47.17,46.5,46.6,1503453.0,70158779.0,40030000.0,0.03755815638271297
2021-07-08,46.53,46.58,45.77,45.78,1925494.0,88685071.0,40030000.0,0.04810127404446665
2021-07-09,45.69,46.28,45.67,45.95,1205422.0,55427172.0,40030000.0,0.030112965276042968
2021-07-12,46.23,46.42,45.8,45.95,1369693.0,63111489.0,40030000.0,0.034216662503122657
2021-07-13,45.91,46.29,45.72,45.88,1307785.0,60022630.0,40030000.0,0.03267012240819386
2021-07-14,45.81,46.19,45.7,45.77,1219085.0,55927767.0,40030000.0,0.03045428428678491
2021-07-15,45.66,45.98,44.73,44.8,2146609.0,96975050.0,40030000.0,0.05362500624531601
2021-07-16,44.8,44.9,43.92,43.92,1809729.0,79723578.0,40030000.0,0.04520931801149138
2021-07-19,43.75,43.86,42.43,42.54,1850315.0,79105447.0,40030000.0,0.046223207594304275
2021-07-20,42.07,42.89,42.07,42.6,1033284.0,44017671.0,40030000.0,0.0258127404446665
2021-07-21,42.69,42.97,42.19,42.25,1184291.0,50291379.0,40030000.0,0.02958508618536098
2021-07-22,42.16,42.45,41.99,42.0,1483590.0,62506320.0,40030000.0,0.03706195353484886
2021-07-23,42.01,42.02,40.0,40.29,2363962.0,96583183.0,40030000.0,0.0590547589308019
2021-07-26,40.18,40.99,39.53,40.15,1619846.0,65003108.0,40030000.0,0.04046580064951286
2021-07-27,39.65,40.24,38.4,38.45,2070066.0,81379443.0,40030000.0,0.05171286535098676
2021-07-28,38.11,38.45,37.04,37.18,1672012.0,62561136.0,40030000.0,0.041768973270047464
2021-07-29,37.6,38.0,37.39,37.5,1166775.0,43912009.0,40030000.0,0.02914751436422683
2021-07-30,37.5,37.86,36.85,37.78,1423042.0,53396208.0,40030000.0,0.035549387959030725
2021-08-02,37.61,39.69,37.29,39.29,2640846.0,102901516.0,40030000.0,0.06597167124656507
2021-08-03,38.95,39.63,38.75,38.77,1598213.0,62368451.0,40030000.0,0.039925380964276794
2021-08-04,38.7,38.98,38.58,38.93,936234.0,36403711.0,40030000.0,0.023388308768423682
2021-08-05,38.9,39.25,38.7,39.13,1187078.0,46353861.0,40030000.0,0.029654708968273796
2021-08-06,39.24,39.99,38.59,39.06,1432894.0,56288268.0,40030000.0,0.035795503372470644
2021-08-09,38.82,40.96,38.82,40.64,2838004.0,114745766.0,40030000.0,0.07089692730452161
2021-08-10,40.21,40.57,39.7,40.1,1873626.0,74931967.0,40030000.0,0.046805545840619536
2021-08-11,39.83,39.97,39.48,39.49,1346287.0,53420235.0,40030000.0,0.03363195103672246
2021-08-12,39.5,40.24,39.41,39.49,1079175.0,42825335.0,40030000.0,0.026959155633275042
2021-08-13,39.49,39.59,38.7,38.9,1214473.0,47467572.0,40030000.0,0.030339070696977267
2021-08-16,38.85,39.3,38.7,39.13,900952.0,35210554.0,40030000.0,0.022506919810142394
2021-08-17,39.05,41.44,38.84,39.8,2805794.0,112813572.0,40030000.0,0.07009228078940795
2021-08-18,39.1,39.56,38.84,39.36,1530224.0,59952439.0,40030000.0,0.03822692980264802
2021-08-19,39.3,39.74,39.14,39.24,1064458.0,41909007.0,40030000.0,0.026591506370222333
2021-08-20,39.24,39.24,38.18,38.36,1220176.0,47015262.0,40030000.0,0.030481538845865602
2021-08-23,38.37,38.79,38.37,38.62,713215.0,27544801.0,40030000.0,0.017817012240819385
2021-08-24,38.69,38.98,38.51,38.53,848027.0,32837303.0,40030000.0,0.021184786410192356
2021-08-25,38.5,39.33,38.44,38.87,1100562.0,42824124.0,40030000.0,0.027493429927554335
2021-08-26,38.99,38.99,38.1,38.13,1159759.0,44699012.0,40030000.0,0.028972245815638273
2021-08-27,38.0,38.27,37.84,37.98,755761.0,28747656.0,40030000.0,0.01887986510117412
2021-08-30,37.78,37.96,37.3,37.41,874846.0,32897598.0,40030000.0,0.0218547589308019
2021-08-31,37.44,38.49,37.44,38.01,966322.0,36750034.0,40030000.0,0.024139945041219087
2021-09-01,37.98,38.52,37.45,38.39,1202354.0,45817508.0,40030000.0,0.03003632275793155
2021-09-02,38.23,38.47,37.95,38.05,934458.0,35607080.0,40030000.0,0.0233439420434674
2021-09-03,38.14,38.58,37.93,38.48,1216428.0,46675144.0,40030000.0,0.03038790906819885
2021-09-06,38.29,38.89,38.24,38.74,981578.0,37925391.0,40030000.0,0.024521059205595802
2021-09-07,38.63,38.95,38.6,38.88,987519.0,38314177.0,40030000.0,0.024669472895328504
2021-09-08,38.85,39.49,38.8,39.16,1457326.0,56948145.0,40030000.0,0.036405845615788156
2021-09-09,39.16,39.98,39.13,39.56,1670469.0,66183533.0,40030000.0,0.04173042717961529
2021-09-10,39.49,39.6,39.24,39.28,1141452.0,44942972.0,40030000.0,0.028514913814639022
2021-09-13,39.28,39.28,38.81,38.88,899102.0,34998754.0,40030000.0,0.022460704471646265
2021-09-14,38.95,39.24,38.68,38.74,818669.0,31850033.0,40030000.0,0.020451386460154885
2021-09-15,38.7,38.71,38.43,38.48,703929.0,27116190.0,40030000.0,0.017585036222832875
2021-09-16,38.41,40.78,38.41,39.93,3362970.0,133835471.0,40030000.0,0.08401124156882338
2021-09-17,39.93,39.93,38.88,39.2,2020787.0,79204434.0,40030000.0,0.050481813639770175
2021-09-22,38.0,38.22,37.66,38.0,982137.0,37245694.0,40030000.0,0.024535023732200848
2021-09-23,38.12,38.73,37.96,38.6,1048740.0,40082749.0,40030000.0,0.02619885086185361
2021-09-24,38.3,38.98,38.12,38.58,1295654.0,50076866.0,40030000.0,0.032367074693979515
2021-09-27,38.6,39.54,38.35,39.48,2524643.0,99211393.0,40030000.0,0.06306877341993505
2021-09-28,39.0,39.2,38.67,38.76,1439372.0,55852363.0,40030000.0,0.03595733200099925
2021-09-29,38.4,41.76,38.14,40.28,3920089.0,157343368.0,40030000.0,0.09792877841618786
2021-09-30,39.71,40.88,39.71,40.04,2708742.0,109353885.0,40030000.0,0.06766779915063702
2021-10-08,39.89,41.48,39.78,41.18,3150235.0,128925335.0,40030000.0,0.07869685236072946
2021-10-11,41.0,43.0,40.8,42.76,5159369.0,216865858.0,40030000.0,0.1288875593305021
2021-10-12,42.3,42.67,41.3,41.86,2903258.0,121587626.0,40030000.0,0.07252705470896828
2021-10-13,42.19,42.2,40.3,41.26,2337714.0,96088210.0,40030000.0,0.05839905071196603
2021-10-14,40.8,41.68,40.61,41.21,1721259.0,70644274.0,40030000.0,0.04299922558081439
2021-10-15,40.61,41.65,39.81,39.93,2559358.0,103900623.0,40030000.0,0.06393599800149888
2021-10-18,39.86,39.88,38.73,39.62,1593322.0,62706557.0,40030000.0,0.03980319760179865
2021-10-19,39.47,42.2,39.13,41.58,4257637.0,175896511.0,40030000.0,0.1063611541343992
2021-10-20,41.42,41.55,40.59,40.61,2376968.0,97073519.0,40030000.0,0.059379665251061704
2021-10-21,40.29,41.03,39.88,39.9,1644232.0,66293638.0,40030000.0,0.041074993754683986
2021-10-22,39.9,40.42,39.65,39.79,1006259.0,40209213.0,40030000.0,0.025137621783662252
2021-10-25,41.02,41.5,40.0,40.1,1684354.0,68431157.0,40030000.0,0.042077292030976765
2021-10-26,39.56,40.45,39.32,39.38,1439697.0,57178211.0,40030000.0,0.03596545091181614
2021-10-27,39.38,39.87,38.74,39.6,1454629.0,57273325.0,40030000.0,0.03633847114664002
2021-10-28,39.28,39.28,38.48,38.48,1246608.0,48309522.0,40030000.0,0.031141843617287036
2021-10-29,38.48,38.99,38.48,38.86,844421.0,32801275.0,40030000.0,0.021094703972020984
2021-11-01,38.48,39.1,38.32,38.89,826870.0,32052594.0,40030000.0,0.020656257806645015
2021-11-02,38.88,39.4,38.61,39.13,1218001.0,47498621.0,40030000.0,0.030427204596552584
2021-11-03,39.13,40.58,38.91,39.96,2160028.0,86396643.0,40030000.0,0.053960229827629276
2021-11-04,39.7,40.55,39.48,40.18,1804119.0,72493969.0,40030000.0,0.04506917312015988
2021-11-05,40.0,40.5,39.5,39.51,1395611.0,55652732.0,40030000.0,0.03486412690482139
2021-11-08,39.36,39.83,39.28,39.41,832496.0,32854369.0,40030000.0,0.02079680239820135
2021-11-09,39.32,39.66,39.27,39.54,718087.0,28321482.0,40030000.0,0.01793872095928054
2021-11-10,39.36,39.69,38.89,39.07,1022324.0,39989403.0,40030000.0,0.025538945790657006
2021-11-11,38.91,39.29,38.91,39.04,898300.0,35132439.0,40030000.0,0.022440669497876594
2021-11-12,39.05,39.35,39.01,39.28,743113.0,29140828.0,40030000.0,0.018563902073444917
2021-11-15,39.56,39.87,39.39,39.77,1028140.0,40765530.0,40030000.0,0.025684236822383213
2021-11-16,39.88,39.97,39.18,39.18,969435.0,38338807.0,40030000.0,0.024217711716212842
2021-11-17,39.19,39.55,38.96,39.4,676333.0,26534799.0,40030000.0,0.01689565326005496
2021-11-18,39.52,40.35,39.43,39.9,1576815.0,62931833.0,40030000.0,0.03939083187609293
2021-11-19,39.63,39.98,39.5,39.98,1000638.0,39784065.0,40030000.0,0.02499720209842618
2021-11-22,40.05,40.27,39.86,39.95,901377.0,36042222.0,40030000.0,0.022517536847364475
2021-11-23,39.98,40.2,39.82,40.11,881621.0,35256318.0,40030000.0,0.022024006994753934
2021-11-24,40.11,40.17,39.7,39.92,921720.0,36744758.0,40030000.0,0.02302573070197352
2021-11-25,39.99,40.31,39.84,40.14,889703.0,35704925.0,40030000.0,0.022225905570821883
2021-11-26,40.3,40.93,40.15,40.26,1428333.0,57818789.0,40030000.0,0.035681563827129656
2021-11-29,39.88,40.13,39.4,39.81,897497.0,35684401.0,40030000.0,0.02242060954284287
2021-11-30,39.78,40.0,39.6,39.69,917194.0,36479493.0,40030000.0,0.022912665500874344
2021-12-01,39.65,39.88,39.57,39.86,832579.0,33129783.0,40030000.0,0.02079887584311766
2021-12-02,39.72,40.38,39.7,40.0,1107229.0,44402368.0,40030000.0,0.027659980014988757
2021-12-03,40.02,40.34,39.75,40.24,1048302.0,42065881.0,40030000.0,0.02618790906819885
2021-12-06,40.24,40.24,39.51,39.52,1189528.0,47338683.0,40030000.0,0.029715913065201098
2021-12-07,39.48,39.65,38.99,39.08,1080703.0,42361259.0,40030000.0,0.02699732700474644
2021-12-08,39.15,39.49,39.15,39.34,584346.0,22984484.0,40030000.0,0.01459770172370722
2021-12-09,39.34,39.69,39.16,39.59,649877.0,25709285.0,40030000.0,0.016234748938296278
2021-12-10,39.6,40.09,39.59,40.0,1141200.0,45504042.0,40030000.0,0.028508618536097926
2021-12-13,39.86,40.55,39.75,40.14,1243653.0,49944840.0,40030000.0,0.03106802398201349
2021-12-14,40.22,40.33,39.91,40.01,780518.0,31232623.0,40030000.0,0.019498326255308517
2021-12-15,40.03,40.09,39.81,39.85,580734.0,23178006.0,40030000.0,0.014507469397951537
2021-12-16,39.86,40.04,39.71,39.97,667600.0,26623190.0,40030000.0,0.016677491881089183
2021-12-17,40.1,40.16,39.43,39.5,976062.0,38794607.0,40030000.0,0.024383262553085185
2021-12-20,39.44,39.64,39.27,39.4,651857.0,25710221.0,40030000.0,0.01628421184111916
2021-12-21,39.38,39.71,39.29,39.62,624850.0,24715551.0,40030000.0,0.015609542842867849
2021-12-22,39.56,40.18,39.51,40.08,1007725.0,40279212.0,40030000.0,0.025174244316762427
2021-12-23,40.08,40.9,39.99,40.44,2283051.0,92518696.0,40030000.0,0.05703349987509368
2021-12-24,40.2,41.95,40.08,40.96,3191094.0,130805548.0,40030000.0,0.07971756182862853
2021-12-27,41.29,42.28,40.75,40.97,2648356.0,109604645.0,40030000.0,0.0661592805395953
2021-12-28,40.39,41.12,40.23,40.45,1401441.0,56832638.0,40030000.0,0.03500976767424432
2021-12-29,40.5,40.87,40.0,40.01,1350459.0,54235469.0,40030000.0,0.03373617287034724
2021-12-30,39.96,40.23,39.88,40.09,901063.0,36092971.0,40030000.0,0.022509692730452162
2021-12-31,40.12,40.66,40.0,40.31,1082835.0,43685544.0,40030000.0,0.02705058705970522
2022-01-04,40.32,41.52,40.3,41.26,2433402.0,100021146.0,40030000.0,0.060789457906570074
2022-01-05,41.24,41.93,40.77,40.94,2452510.0,101479144.0,40030000.0,0.06126679990007494
2022-01-06,40.79,41.36,40.66,41.09,1302256.0,53329063.0,40030000.0,0.03253200099925056
2022-01-07,41.0,41.29,40.2,40.29,1607500.0,65383508.0,40030000.0,0.040157381963527354
2022-01-10,40.31,42.5,40.1,41.98,3530732.0,147205350.0,40030000.0,0.08820214838870846
2022-01-11,41.88,41.88,40.82,40.92,2569062.0,105819712.0,40030000.0,0.0641784161878591
2022-01-12,41.11,41.28,40.77,41.2,1229109.0,50454272.0,40030000.0,0.03070469647764177
2022-01-13,41.48,41.5,40.61,40.7,1264959.0,51738888.0,40030000.0,0.03160027479390457
2022-01-14,41.39,42.0,40.97,41.4,2608653.0,107987551.0,40030000.0,0.0651674494129403
2022-01-17,41.39,41.78,40.72,41.63,2050694.0,84632657.0,40030000.0,0.051228928303772174
2022-01-18,41.49,41.49,40.76,40.95,1471653.0,60279659.0,40030000.0,0.0367637521858606
2022-01-19,40.88,40.9,40.5,40.72,986853.0,40111602.0,40030000.0,0.0246528353734699
2022-01-20,40.85,41.5,40.0,40.04,1799725.0,73206069.0,40030000.0,0.04495940544591556
2022-01-21,39.51,39.82,38.5,38.68,1961797.0,76556286.0,40030000.0,0.04900816887334499
2022-01-24,38.5,38.7,38.03,38.08,891092.0,34064214.0,40030000.0,0.022260604546590058
2022-01-25,38.08,38.29,37.19,37.2,1122598.0,42282067.0,40030000.0,0.028043917062203348
2022-01-26,37.23,37.94,37.07,37.42,514143.0,19216639.0,40030000.0,0.012843942043467399
2022-01-27,37.45,37.83,36.82,36.83,769450.0,28597794.0,40030000.0,0.019221833624781415
2022-01-28,37.04,37.58,36.84,37.25,605492.0,22576192.0,40030000.0,0.015125955533349987
2022-02-07,37.53,38.42,37.26,38.3,988769.0,37421384.0,40030000.0,0.024700699475393453
2022-02-08,38.17,39.83,38.02,39.64,2406785.0,94293867.0,40030000.0,0.060124531601299026
2022-02-09,39.64,39.98,39.02,39.27,1712767.0,67586215.0,40030000.0,0.042787084686485136
2022-02-10,38.96,40.85,38.7,40.22,3052997.0,122218818.0,40030000.0,0.07626772420684487
2022-02-11,39.53,39.88,38.52,38.52,2091548.0,81666375.0,40030000.0,0.05224951286535099
2022-02-14,38.66,39.11,38.39,38.5,777169.0,30034099.0,40030000.0,0.0194146640019985
2022-02-15,38.8,38.8,37.93,38.02,867640.0,33104449.0,40030000.0,0.021674743942043467
2022-02-16,38.17,38.3,37.94,38.14,520110.0,19817494.0,40030000.0,0.012993005246065451
2022-02-17,38.15,38.24,37.85,37.91,706457.0,26850084.0,40030000.0,0.017648188858356232
2022-02-18,37.82,38.18,37.82,37.94,555414.0,21080069.0,40030000.0,0.013874943792155883
2022-02-21,37.91,38.37,37.91,38.35,595121.0,22721611.0,40030000.0,0.0148668748438671
2022-02-22,38.15,38.25,37.93,38.02,464266.0,17656339.0,40030000.0,0.01159795153634774
2022-02-23,38.34,38.8,38.21,38.53,810730.0,31192866.0,40030000.0,0.020253060204846365
2022-02-24,38.4,38.78,37.37,37.58,1242869.0,47125910.0,40030000.0,0.031048438670996752
2022-02-25,37.98,38.11,37.72,37.83,517269.0,19592990.0,40030000.0,0.01292203347489383
2022-02-28,37.84,37.9,37.23,37.77,471940.0,17726372.0,40030000.0,0.011789657756682488
2022-03-01,38.5,39.01,38.04,38.83,1357601.0,52449423.0,40030000.0,0.033914589058206344
2022-03-02,38.8,39.32,38.57,38.88,1318087.0,51429378.0,40030000.0,0.032927479390457155
2022-03-03,38.82,39.1,38.43,38.63,632624.0,24503036.0,40030000.0,0.015803747189607795
2022-03-04,38.63,39.3,38.55,38.96,810402.0,31578862.0,40030000.0,0.020244866350237322
2022-03-07,38.77,39.53,38.12,38.62,1000771.0,38859165.0,40030000.0,0.02500052460654509
2022-03-08,38.6,38.6,37.0,37.4,959307.0,36303001.0,40030000.0,0.023964701473894578
2022-03-09,37.52,37.82,35.57,36.41,1255738.0,46102523.0,40030000.0,0.03136992255808144
2022-03-10,36.99,37.04,36.41,36.61,739286.0,27126340.0,40030000.0,0.01846829877591806
2022-03-11,36.1,37.19,35.85,36.81,1014287.0,37212037.0,40030000.0,0.025338171371471395
2022-03-14,36.71,37.0,36.01,36.01,685853.0,24949374.0,40030000.0,0.017133474893829628
2022-03-15,36.0,36.29,34.93,34.93,904043.0,32189581.0,40030000.0,0.022584136897327006
2022-03-16,35.25,35.5,34.3,35.22,861855.0,30109211.0,40030000.0,0.021530227329502872
2022-03-17,35.29,35.88,35.14,35.53,751500.0,26755674.0,40030000.0,0.018773419935048715
2022-03-18,35.51,35.97,35.25,35.89,542400.0,19371287.0,40030000.0,0.013549837621783663
2022-03-21,35.82,36.98,35.62,36.51,940200.0,34288626.0,40030000.0,0.02348738446165376
2022-03-22,36.76,37.5,36.06,36.69,1007169.0,37030677.0,40030000.0,0.02516035473394954
2022-03-23,36.64,37.36,36.57,36.7,815417.0,30084308.0,40030000.0,0.020370147389457905
2022-03-24,36.7,37.4,36.57,36.8,728853.0,26966157.0,40030000.0,0.01820766924806395
2022-03-25,36.78,37.79,36.61,37.5,1397128.0,52294016.0,40030000.0,0.03490202348238821
2022-03-28,37.5,38.45,36.71,36.95,872253.0,32441459.0,40030000.0,0.021789982513115164
2022-03-29,36.87,38.68,36.75,37.84,1794091.0,68110174.0,40030000.0,0.044818661004246814
2022-03-30,37.84,38.2,37.45,37.84,818500.0,30916601.0,40030000.0,0.020447164626530102
2022-03-31,37.82,37.96,37.19,37.44,886728.0,33321299.0,40030000.0,0.0221515863102673
2022-04-01,37.65,37.83,37.15,37.2,668028.0,25001779.0,40030000.0,0.016688183862103422
2022-04-06,37.02,37.5,36.91,37.15,639600.0,23770137.0,40030000.0,0.015978016487634274
2022-04-07,37.15,37.34,36.05,36.1,800034.0,29201297.0,40030000.0,0.01998586060454659
2022-04-08,36.22,36.22,35.33,35.56,644000.0,22934039.0,40030000.0,0.016087934049462904
2022-04-11,35.55,36.38,35.41,35.61,855419.0,30760879.0,40030000.0,0.021369447914064452
2022-04-12,35.49,36.13,35.01,36.04,637092.0,22642439.0,40030000.0,0.015915363477391958
2022-04-13,36.0,36.25,35.27,35.39,441718.0,15748235.0,40030000.0,0.011034673994504121
2022-04-14,35.39,35.59,35.12,35.54,445584.0,15765029.0,40030000.0,0.011131251561329004
2022-04-15,35.45,35.84,34.95,35.23,591312.0,20876184.0,40030000.0,0.01477172120909318
2022-04-18,35.1,36.25,35.03,36.25,880535.0,31482002.0,40030000.0,0.021996877341993504
2022-04-19,36.25,37.49,36.17,36.91,1740603.0,64251938.0,40030000.0,0.04348246315263552
2022-04-20,36.5,37.48,36.27,36.83,1362626.0,50398595.0,40030000.0,0.03404011991006745
2022-04-21,36.6,37.6,35.51,35.55,1107882.0,40322576.0,40030000.0,0.02767629278041469
2022-04-22,35.34,35.54,32.92,33.35,2007452.0,67841408.0,40030000.0,0.05014868848363727
2022-04-25,33.19,33.19,31.5,31.5,1025525.0,33265439.0,40030000.0,0.025618910816887334
2022-04-26,31.53,31.74,29.81,29.89,911920.0,27970411.0,40030000.0,0.0227809143142643
2022-04-27,29.5,30.76,28.51,30.35,858059.0,25306338.0,40030000.0,0.02143539845116163
2022-04-28,30.19,30.3,29.06,29.38,577992.0,17109567.0,40030000.0,0.014438970771921059
2022-04-29,29.48,30.27,29.48,30.09,604652.0,18106316.0,40030000.0,0.015104971271546341
2022-05-05,30.1,31.22,29.87,30.95,743860.0,22945231.0,40030000.0,0.01858256307769173
2022-05-06,30.37,30.91,30.03,30.74,360700.0,10988330.0,40030000.0,0.009010741943542342
2022-05-09,30.74,31.43,30.58,31.12,566276.0,17631681.0,40030000.0,0.014146290282288284
2022-05-10,30.6,31.36,30.6,31.28,444200.0,13815233.0,40030000.0,0.011096677491881089
2022-05-11,31.28,31.91,31.17,31.19,672500.0,21213660.0,40030000.0,0.016799900074943794
2022-05-12,31.04,31.66,30.84,31.15,426559.0,13305149.0,40030000.0,0.010655983012740445
2022-05-13,31.46,31.57,30.91,31.17,403600.0,12594434.0,40030000.0,0.010082438171371472
2022-05-16,31.5,32.32,31.27,31.88,804136.0,25653842.0,40030000.0,0.020088333749687735
2022-05-17,31.81,31.93,31.18,31.41,484714.0,15213460.0,40030000.0,0.012108768423682238
2022-05-18,31.06,31.49,31.05,31.07,428628.0,13402634.0,40030000.0,0.010707669248063953
2022-05-19,30.8,30.8,30.27,30.68,641580.0,19580368.0,40030000.0,0.016027479390457157
2022-05-20,30.68,31.14,30.6,31.0,455180.0,14083243.0,40030000.0,0.011370971771171622
2022-05-23,31.24,31.83,30.8,31.46,572306.0,18005780.0,40030000.0,0.014296927304521609
2022-05-24,31.32,31.55,30.36,30.37,615617.0,19004397.0,40030000.0,0.015378890831876093
2022-05-25,30.33,31.18,30.33,30.89,468877.0,14415756.0,40030000.0,0.011713140144891332
2022-05-26,31.0,31.3,30.5,31.28,602784.0,18652254.0,40030000.0,0.015058306270297276
2022-05-27,31.49,31.49,30.91,31.14,427727.0,13334772.0,40030000.0,0.010685161129153135
2022-05-30,31.4,31.66,31.2,31.3,517306.0,16225295.0,40030000.0,0.012922957781663752
2022-05-31,31.24,32.7,31.21,32.7,1221448.0,39207524.0,40030000.0,0.030513315013739696
2022-06-01,25.19,25.19,24.84,24.9,748856.0,18684927.0,40030000.0,0.01870736947289533
2022-06-02,24.6,25.0,24.31,24.76,1372929.0,33842924.0,52039000.0,0.026382693748919078
2022-06-06,24.73,25.27,24.53,25.03,959189.0,23971340.0,52039000.0,0.018432118219028036
2022-06-07,25.18,25.58,24.85,25.04,1012079.0,25533464.0,52039000.0,0.01944847133880359
2022-06-08,25.04,25.09,24.62,24.77,746093.0,18510281.0,52039000.0,0.014337189415630584
2022-06-09,24.68,25.1,24.43,24.74,1228407.0,30396157.0,52039000.0,0.02360550740790561
2022-06-10,24.72,24.73,24.45,24.67,1042094.0,25659342.0,66086759.0,0.01576857476094417
2022-06-13,24.65,25.16,24.52,25.0,1166128.0,29150108.0,66086759.0,0.017645410633618755
2022-06-14,24.78,25.43,24.61,25.27,2104946.0,52898352.0,66086759.0,0.03185125177647159
2022-06-15,25.33,25.38,25.0,25.03,1442890.0,36286293.0,66086759.0,0.02183326920298815
2022-06-16,25.06,26.45,25.06,25.9,3236022.0,83622357.0,66086759.0,0.048966268719578154
2022-06-17,25.75,25.99,25.38,25.78,1505806.0,38670395.0,66086759.0,0.022785290469456976
2022-06-20,25.89,26.3,25.81,26.15,1470424.0,38306146.0,66086759.0,0.02224990334296769
2022-06-21,26.15,26.23,25.52,25.78,1213162.0,31378081.0,66086759.0,0.018357111444971905
2022-06-22,25.9,26.5,25.5,25.78,2140548.0,55687520.0,66086759.0,0.03238996786027894
2022-06-23,25.78,26.18,25.63,25.87,1325224.0,34227162.0,66086759.0,0.020052791513047265
2022-06-24,25.9,26.15,25.81,26.0,1156350.0,30044337.0,66086759.0,0.017497453612455107
2022-06-27,26.24,26.75,26.15,26.4,1826190.0,48102542.0,66086759.0,0.027633220748501223
2022-06-28,26.43,26.65,26.06,26.23,1859032.0,48920055.0,66086759.0,0.028130173549591075
2022-06-29,26.1,26.21,25.51,25.53,1631340.0,42114210.0,66086759.0,0.02468482377839107
2022-06-30,25.54,25.86,25.54,25.71,862900.0,22193758.0,66086759.0,0.013057078498886593
2022-07-01,25.75,26.43,25.71,26.3,2227200.0,58350598.0,66086759.0,0.03370115335811823
2022-07-04,26.64,28.58,26.64,28.49,6500013.0,179760636.0,66086759.0,0.09835575383565111
2022-07-05,28.2,28.2,26.96,27.38,4476312.0,122868374.0,66086759.0,0.06773387086511536
2022-07-06,27.0,27.54,26.85,27.0,2257068.0,61200062.0,66086759.0,0.03415310470891756
2022-07-07,27.09,27.96,26.91,27.28,2688940.0,73601304.0,66086759.0,0.040688029503761866
2022-07-08,27.39,27.77,26.95,27.48,2415023.0,66128402.0,66086759.0,0.036543220405164674
2022-07-11,27.3,27.98,27.12,27.71,3713411.0,102681435.0,66086759.0,0.056189939651905156
2022-07-12,27.7,28.75,27.2,27.37,2834251.0,79129952.0,66086759.0,0.042886820943965495
2022-07-13,27.7,27.85,26.7,27.04,2245157.0,60663557.0,66086759.0,0.03397287193339289
2022-07-14,27.13,27.19,26.7,26.96,1402028.0,37720346.0,66086759.0,0.021214960776030793
2022-07-15,26.94,27.09,26.31,26.51,1793636.0,47833679.0,66086759.0,0.027140625855173198
2022-07-18,26.3,26.95,26.3,26.88,1029366.0,27511254.0,66086759.0,0.015575979448470154
2022-07-19,26.85,27.08,26.55,27.0,1090070.0,29281920.0,66086759.0,0.016494529562268292
2022-07-20,26.99,27.1,26.62,26.7,1048259.0,28123270.0,66086759.0,0.01586186122397075
2022-07-21,26.7,26.95,26.43,26.46,971876.0,25943572.0,66086759.0,0.014706062374764059
2022-07-22,26.51,26.72,26.21,26.44,1012566.0,26755054.0,66086759.0,0.015321768162363658
2022-07-25,26.4,26.52,25.75,25.83,1089740.0,28324363.0,66086759.0,0.0164895361262912
2022-07-26,25.83,25.95,25.62,25.86,635895.0,16414983.0,66086759.0,0.009622124153493441
2022-07-27,25.86,25.96,25.79,25.82,587996.0,15202569.0,66086759.0,0.008897334487230641
2022-07-28,25.95,26.33,25.85,25.88,791413.0,20611141.0,66086759.0,0.011975364081630937
2022-07-29,25.94,26.49,25.8,26.2,1211927.0,31791653.0,66086759.0,0.018338423889118244
2022-08-01,26.1,26.11,25.81,26.03,632408.0,16425759.0,66086759.0,0.00956936018000217
2022-08-02,25.86,25.86,24.87,24.95,1404728.0,35293395.0,66086759.0,0.02125581616129791
2022-08-03,25.06,25.29,24.73,24.73,850287.0,21265716.0,66086759.0,0.012866223323192472
2022-08-04,24.72,25.2,24.72,25.12,601978.0,15045842.0,66086759.0,0.009108904856417606
2022-08-05,25.2,25.49,25.05,25.47,701122.0,17729043.0,66086759.0,0.010609114603426081
2022-08-08,25.47,25.75,25.31,25.65,572086.0,14636982.0,66086759.0,0.008656590346638121
2022-08-09,25.65,25.65,25.31,25.31,611700.0,15532224.0,66086759.0,0.009256014506627568
2022-08-10,25.43,25.56,25.14,25.35,465631.0,11785038.0,66086759.0,0.007045753295300803
2022-08-11,25.37,25.67,25.37,25.66,563700.0,14408797.0,66086759.0,0.008529696546323295
2022-08-12,25.67,25.95,25.65,25.94,705636.0,18229228.0,66086759.0,0.01067741875494303
2022-08-15,25.89,26.18,25.87,26.01,568715.0,14782056.0,66086759.0,0.00860558164155092
2022-08-16,26.11,26.45,25.9,26.34,1037797.0,27218968.0,66086759.0,0.015703554171872764
2022-08-17,26.5,26.52,26.15,26.28,671377.0,17671895.0,66086759.0,0.010159024442400027
2022-08-18,26.17,26.27,25.75,25.84,817437.0,21160322.0,66086759.0,0.012369149469109235
2022-08-19,25.98,26.74,25.75,26.15,1440850.0,37944135.0,66086759.0,0.02180240068967522
2022-08-22,26.14,26.85,26.11,26.61,1635160.0,43516279.0,66086759.0,0.02474262658273195
2022-08-23,26.63,27.09,26.38,26.79,1413096.0,37863760.0,66086759.0,0.02138243759237762
2022-08-24,26.85,27.09,26.26,26.34,1762720.0,47047248.0,66086759.0,0.026672816562240555
2022-08-25,26.6,26.8,26.2,26.48,1275062.0,33779945.0,66086759.0,0.019293758981280957
2022-08-26,26.45,26.97,26.37,26.83,1642854.0,43846986.0,66086759.0,0.024859049299119057
2022-08-29,27.1,29.51,26.97,28.34,7423525.0,212630439.0,66086759.0,0.11232999033891192
2022-08-30,28.34,30.33,28.28,29.96,8721611.0,257929717.0,66086759.0,0.13197213983515216
2022-08-31,29.01,29.89,28.84,28.85,5454622.0,159544839.0,66086759.0,0.08253729010980854
2022-09-01,29.05,29.54,28.88,29.02,3758703.0,109997914.0,66086759.0,0.05687528117394893
2022-09-02,29.2,29.49,28.52,29.48,2929848.0,85740130.0,66086759.0,0.044333358820032316
2022-09-05,29.37,30.3,29.3,29.77,2919167.0,86517953.0,66086759.0,0.04417173794224044
2022-09-06,29.68,29.68,28.9,29.39,2527885.0,73911484.0,66086759.0,0.038251005772578436
2022-09-07,29.3,29.3,28.79,28.87,1909898.0,55309980.0,66086759.0,0.028899858744775183
2022-09-08,28.8,29.15,28.45,28.64,1504628.0,43207988.0,66086759.0,0.022767465416181173
2022-09-09,28.9,28.96,27.96,28.37,1654016.0,46699434.0,66086759.0,0.025027948488138146
2022-09-13,28.51,28.79,28.24,28.49,1951969.0,55701851.0,66086759.0,0.029536461305357704
2022-09-14,28.02,28.39,27.91,28.16,1230812.0,34620243.0,66086759.0,0.018624184611625454
2022-09-15,28.15,28.28,27.28,27.71,1728709.0,47938620.0,66086759.0,0.026158174892492458
2022-09-16,27.35,27.99,26.98,26.98,1610148.0,44070910.0,66086759.0,0.024364154398916732
2022-09-19,26.98,27.48,26.6,27.08,1559883.0,42210331.0,66086759.0,0.023603563309860603
2022-09-20,27.08,27.3,26.72,26.93,1046248.0,28170846.0,66086759.0,0.015831431527758837
2022-09-21,26.75,26.82,26.28,26.58,1099663.0,29099170.0,66086759.0,0.016639687232959933
2022-09-22,26.47,26.78,26.32,26.37,986230.0,26145064.0,66086759.0,0.014923261708143381
2022-09-23,26.26,26.43,25.58,25.8,1132650.0,29415905.0,66086759.0,0.01713883411955487
2022-09-26,25.64,25.85,23.22,24.84,1671392.0,41942148.0,66086759.0,0.02529087558976829
2022-09-27,24.84,25.3,24.68,25.23,926310.0,23212137.0,66086759.0,0.014016574787696882
2022-09-28,25.19,25.8,25.0,25.29,1559685.0,39799358.0,66086759.0,0.02360056724827435
2022-09-29,25.54,26.08,25.25,25.5,1213813.0,31117580.0,66086759.0,0.01836696213230853
2022-09-30,25.33,25.59,25.0,25.13,788210.0,19878233.0,66086759.0,0.011926897489404798
2022-10-10,25.9,26.57,25.71,26.2,2424852.0,63526978.0,66086759.0,0.03669194913916114
2022-10-11,26.2,26.21,25.34,25.55,1482765.0,38003740.0,66086759.0,0.02243664271688675
2022-10-12,25.81,26.25,25.47,26.19,1576912.0,40900545.0,66086759.0,0.023861239737902717
2022-10-13,25.96,27.35,25.8,27.06,2196280.0,58696541.0,66086759.0,0.033233283538688894
2022-10-14,26.95,27.25,26.81,27.07,1603537.0,43218995.0,66086759.0,0.024264119231508993
2022-10-17,27.2,27.35,26.87,27.25,1280614.0,34828470.0,66086759.0,0.019377769758689482
2022-10-18,27.26,27.8,27.02,27.34,1666080.0,45740208.0,66086759.0,0.025210496402161286
2022-10-19,27.33,27.75,26.55,26.75,1841114.0,49594294.0,66086759.0,0.027859045107659162
2022-10-20,26.75,27.1,26.55,26.68,970224.0,26024525.0,66086759.0,0.014681064931630253
2022-10-21,26.68,27.0,26.41,26.46,950680.0,25273448.0,66086759.0,0.01438533246879303
2022-10-24,26.39,26.75,25.81,25.93,1438310.0,37879298.0,66086759.0,0.021763966364275786
2022-10-25,25.88,26.22,25.17,25.39,1340044.0,34165730.0,66086759.0,0.02027704218329121
2022-10-26,25.3,25.88,25.28,25.39,1413720.0,36143777.0,66086759.0,0.021391879725861575
2022-10-27,25.5,25.74,25.11,25.6,1304950.0,33211484.0,66086759.0,0.01974601296456375
2022-10-28,25.57,25.57,24.71,24.76,2058461.0,51555074.0,66086759.0,0.031147858226789425
2022-10-31,24.92,25.99,24.8,25.84,2450771.0,62710619.0,66086759.0,0.03708414570610128
2022-11-01,25.9,28.42,25.9,28.04,9388967.0,262963073.0,66086759.0,0.14207032001675252
2022-11-02,27.89,29.14,27.89,28.53,7271867.0,207105364.0,66086759.0,0.11003515848008222
2022-11-03,28.45,28.9,28.12,28.74,3162467.0,90197033.0,66086759.0,0.047853262103532725
2022-11-04,28.83,28.93,28.1,28.18,2610101.0,74201400.0,66086759.0,0.03949506738558627
2022-11-07,28.27,28.27,27.56,27.77,2402750.0,66753204.0,66086759.0,0.03635750998168937
2022-11-08,27.77,28.04,27.01,27.19,2296180.0,62736831.0,66086759.0,0.03474493279357216
2022-11-09,27.42,27.47,26.95,27.24,2571780.0,70008034.0,66086759.0,0.03891520841565252
2022-11-10,27.06,27.18,26.34,26.62,2693417.0,71824452.0,66086759.0,0.04075577378518441
2022-11-11,26.9,27.9,26.83,27.7,4108332.0,112718087.0,66086759.0,0.06216573580193273
2022-11-14,27.57,28.18,27.24,27.51,2967198.0,81843029.0,66086759.0,0.044898524982894074
2022-11-15,27.47,27.69,27.31,27.59,1842604.0,50647751.0,66086759.0,0.02788159122767694
2022-11-16,27.59,28.03,27.37,27.48,2005402.0,55465547.0,66086759.0,0.030344989379793914
2022-11-17,27.47,28.35,27.25,28.05,3083728.0,86423867.0,66086759.0,0.04666181314777443
2022-11-18,28.03,28.36,27.21,27.23,2441212.0,67484610.0,66086759.0,0.036939502510631515
2022-11-21,27.1,27.23,26.7,27.07,1426252.0,38453596.0,66086759.0,0.021581509239997684
2022-11-22,27.0,27.15,26.51,26.6,1477028.0,39576071.0,66086759.0,0.02234983258900622
2022-11-23,26.7,26.77,25.99,26.19,1354217.0,35500948.0,66086759.0,0.02049150269269522
2022-11-24,26.29,26.46,26.01,26.12,779987.0,20404318.0,66086759.0,0.011802470143830174
2022-11-25,26.12,26.28,25.9,26.2,772523.0,20178278.0,66086759.0,0.01168952770100286
2022-11-28,26.16,26.18,25.7,25.96,1176954.0,30515190.0,66086759.0,0.017809225596915716
2022-11-29,26.06,26.49,25.9,26.43,1073779.0,28256571.0,66086759.0,0.016248020272865853
2022-11-30,26.48,26.87,26.28,26.42,1206873.0,32084476.0,66086759.0,0.01826194866054787
2022-12-01,26.43,27.01,26.43,26.71,1246166.0,33362428.0,66086759.0,0.018856515569177782
2022-12-02,26.68,27.25,26.68,27.2,1427097.0,38566436.0,66086759.0,0.021594295462423873
2022-12-05,27.25,27.55,27.05,27.14,1196307.0,32544917.0,66086759.0,0.018102067919535895
2022-12-06,27.15,27.5,27.05,27.12,1146079.0,31235372.0,66086759.0,0.017342036700574166
2022-12-07,26.91,27.5,26.88,27.18,1483437.0,40412495.0,66086759.0,0.022446811168331013
2022-12-08,27.18,27.18,26.46,26.6,1460460.0,39011408.0,66086759.0,0.02209913183970786
2022-12-09,26.75,26.75,26.02,26.44,1979822.0,51999116.0,66086759.0,0.02995792243344843
2022-12-12,26.24,26.36,25.8,25.86,1476386.0,38340153.0,66086759.0,0.02234011808628715
2022-12-13,25.88,26.62,25.85,26.56,2139043.0,56316095.0,66086759.0,0.03236719476589857
2022-12-14,26.45,26.48,26.11,26.29,1019680.0,26765188.0,66086759.0,0.015429414536730421
2022-12-15,26.28,26.47,25.96,26.01,971290.0,25408395.0,66086759.0,0.014697195242998676
2022-12-16,26.0,26.03,25.7,25.73,1181466.0,30463551.0,66086759.0,0.017877499485184318
2022-12-19,25.7,25.81,25.2,25.22,1079320.0,27418130.0,66086759.0,0.01633186460240848
2022-12-20,25.28,25.43,24.61,24.68,1342053.0,33403294.0,66086759.0,0.02030744161625478
2022-12-21,24.67,25.18,24.6,24.86,927258.0,23105568.0,66086759.0,0.014030919567412892
2022-12-22,25.07,25.47,24.85,24.98,912608.0,23010809.0,66086759.0,0.013809241273278358
2022-12-23,24.89,25.23,24.68,24.82,721201.0,17977781.0,66086759.0,0.010912942485195863
2022-12-26,25.09,25.36,24.88,25.01,772582.0,19396847.0,66086759.0,0.011690420466829067
2022-12-27,25.02,25.48,25.02,25.34,913917.0,23069104.0,66086759.0,0.013829048569320823
2022-12-28,25.34,25.42,25.04,25.1,951276.0,23970263.0,66086759.0,0.014394350916800141
2022-12-29,25.07,25.13,24.69,24.69,718934.0,17869917.0,66086759.0,0.010878639093195658
2022-12-30,24.68,25.05,24.61,25.03,738253.0,18325938.0,66086759.0,0.011170966940593954
2023-01-03,25.0,25.13,24.61,25.0,885536.0,21990293.0,66086759.0,0.013399597943666748
2023-01-04,24.99,25.16,24.82,25.16,624700.0,15662555.0,66086759.0,0.009452725620876642
2023-01-05,25.15,25.15,24.83,25.13,697496.0,17441962.0,66086759.0,0.010554247334174762
2023-01-06,25.06,25.16,24.91,25.0,568350.0,14213174.0,66086759.0,0.008600058598727773
2023-01-09,24.96,25.23,24.9,25.18,638965.0,16048877.0,66086759.0,0.009668578239704568
2023-01-10,25.18,25.27,24.88,24.98,586289.0,14633351.0,66086759.0,0.008871504804767321
2023-01-11,24.97,25.09,24.84,24.92,479103.0,11942531.0,66086759.0,0.007249606536159536
2023-01-12,24.99,25.0,24.78,24.86,618560.0,15395145.0,66086759.0,0.009359817448454388
2023-01-13,24.86,25.2,24.82,25.11,691655.0,17357885.0,66086759.0,0.010465863517380236
2023-01-16,25.14,25.49,25.14,25.4,1047975.0,26537634.0,66086759.0,0.015857563842705615
2023-01-17,25.33,25.44,25.22,25.36,658173.0,16661741.0,66086759.0,0.00995922647681966
2023-01-18,25.34,25.43,25.2,25.38,539553.0,13657445.0,66086759.0,0.008164313217417727
2023-01-19,25.34,25.56,25.22,25.48,482790.0,12280896.0,66086759.0,0.0073053968344854074
2023-01-20,25.48,25.67,25.42,25.52,538693.0,13744606.0,66086759.0,0.008151300020628943
2023-01-30,25.49,25.84,25.49,25.77,913998.0,23511108.0,66086759.0,0.013830274230878837
2023-01-31,26.1,26.66,25.8,26.49,2590515.0,68410061.0,66086759.0,0.039198699394533784
2023-02-01,26.43,26.83,26.35,26.75,1771760.0,47269424.0,66086759.0,0.026809606444764527
2023-02-02,26.68,27.1,26.61,26.96,1780758.0,47932554.0,66086759.0,0.02694576079907323
2023-02-03,26.8,27.18,26.71,27.04,1912319.0,51609065.0,66086759.0,0.02893649240689803
2023-02-06,26.84,27.59,26.8,27.29,2152299.0,58756415.0,66086759.0,0.03256777957593593
2023-02-07,27.54,27.54,26.4,26.97,1409710.0,38098768.0,66086759.0,0.02133120191292782
2023-02-08,27.28,27.28,26.7,26.75,1186181.0,31877886.0,66086759.0,0.017948845093160037
2023-02-09,26.57,26.95,26.57,26.7,1978088.0,52807945.0,66086759.0,0.02993168419713244
2023-02-10,26.68,27.11,26.61,26.8,1421470.0,38232278.0,66086759.0,0.02150914981320237
2023-02-13,26.78,27.38,26.68,26.78,1395970.0,37556685.0,66086759.0,0.021123293396790723
2023-02-14,26.85,27.01,26.48,26.7,1379290.0,36786924.0,66086759.0,0.020870897905584992
2023-02-15,26.71,26.75,26.37,26.41,816076.0,21613335.0,66086759.0,0.012348555328609775
2023-02-16,26.41,26.7,25.9,26.05,1127832.0,29763335.0,66086759.0,0.017065929954289332
2023-02-17,26.15,26.3,26.02,26.02,824860.0,21552780.0,66086759.0,0.012481471515345456
2023-02-20,26.1,26.4,25.95,26.34,846736.0,22149527.0,66086759.0,0.012812490925754129
2023-02-21,26.48,26.59,26.15,26.35,798143.0,21057899.0,66086759.0,0.012077199912315264
2023-02-22,26.35,26.75,26.24,26.75,1001093.0,26607770.0,66086759.0,0.015148163038226765
2023-02-23,26.78,26.85,26.52,26.59,688296.0,18332295.0,66086759.0,0.01041503639178311
2023-02-24,26.59,26.83,26.29,26.54,983510.0,26038003.0,66086759.0,0.014882103690392806
2023-02-27,26.4,26.66,26.12,26.22,627720.0,16487963.0,66086759.0,0.009498423125879119
2023-02-28,26.24,26.67,26.24,26.5,910294.0,24178274.0,66086759.0,0.013774226694942023
2023-03-01,26.5,26.55,26.26,26.45,800910.0,21137432.0,66086759.0,0.012119069116401971
2023-03-02,26.45,26.66,26.38,26.43,720210.0,19078582.0,66086759.0,0.010897947045640413
2023-03-03,26.46,26.58,26.27,26.36,629540.0,16599491.0,66086759.0,0.009525962681873988
2023-03-06,26.44,26.8,26.21,26.35,879694.0,23311378.0,66086759.0,0.01331119899524805
2023-03-07,26.39,26.41,26.02,26.04,772270.0,20253961.0,66086759.0,0.01168569940008709
2023-03-08,25.9,25.94,25.58,25.65,847250.0,21769401.0,66086759.0,0.012820268580579053
2023-03-09,25.81,25.86,25.36,25.51,895499.0,22850691.0,66086759.0,0.013550354315302405
2023-03-10,25.5,25.54,25.14,25.2,925350.0,23370729.0,66086759.0,0.014002048428490796
2023-03-13,25.01,25.39,25.0,25.31,697230.0,17578916.0,66086759.0,0.010550222322144743
2023-03-14,25.22,25.99,25.22,25.92,1977729.0,51070863.0,66086759.0,0.02992625194405433
2023-03-15,25.7,26.63,25.7,25.73,1649344.0,42979029.0,66086759.0,0.024957253540001865
2023-03-16,25.8,25.94,25.52,25.54,965790.0,24840984.0,66086759.0,0.014613971310047146
2023-03-17,25.71,25.78,25.4,25.56,826080.0,21114932.0,66086759.0,0.012499932096836523
2023-03-20,25.59,25.6,25.11,25.36,1163319.0,29443171.0,66086759.0,0.017602905901316784
2023-03-21,25.42,25.62,25.2,25.45,581604.0,14808810.0,66086759.0,0.00880061314551679
2023-03-22,25.59,25.72,25.43,25.52,706470.0,18057689.0,66086759.0,0.010690038529503315
2023-03-23,25.6,25.6,25.17,25.39,804167.0,20353102.0,66086759.0,0.01216835281633345
2023-03-24,25.39,25.49,25.29,25.32,512760.0,12998138.0,66086759.0,0.007758891610950387
2023-03-27,25.17,25.47,25.11,25.34,699167.0,17682409.0,66086759.0,0.010579532278167856
2023-03-28,25.47,25.79,25.28,25.6,1015920.0,25973120.0,66086759.0,0.01537251962983992
2023-03-29,25.37,25.78,25.1,25.16,947780.0,23882845.0,66086759.0,0.014341450758691313
2023-03-30,25.12,25.4,25.05,25.32,736790.0,18599398.0,66086759.0,0.011148829374428848
2023-03-31,25.49,26.22,25.49,25.8,2681187.0,69517736.0,66086759.0,0.040570714021548555
2023-04-03,25.68,26.43,25.68,26.2,1967412.0,51525006.0,66086759.0,0.02977013897746143
2023-04-04,26.18,26.94,26.16,26.47,2989277.0,79378249.0,66086759.0,0.04523261611300987
2023-04-06,26.46,26.78,26.13,26.44,1470380.0,38751906.0,66086759.0,0.022249237551504077
2023-04-07,26.47,26.56,26.1,26.34,1070222.0,28282426.0,66086759.0,0.016194197085682475
2023-04-10,26.33,26.51,26.19,26.19,849770.0,22356261.0,66086759.0,0.012858400273495028
2023-04-11,26.25,26.48,26.11,26.36,935390.0,24568136.0,66086759.0,0.014153969935187773
2023-04-12,26.36,26.39,25.86,25.96,904060.0,23538718.0,66086759.0,0.013679896149847506
2023-04-13,26.02,26.14,25.79,25.96,820844.0,21320056.0,66086759.0,0.012420702912666667
2023-04-14,25.98,26.28,25.85,25.91,1016680.0,26427487.0,66086759.0,0.015384019664211405
2023-04-17,26.15,26.15,25.81,26.13,910522.0,23638832.0,66086759.0,0.013777676705253468
2023-04-18,26.17,26.18,25.65,25.82,799574.0,20622249.0,66086759.0,0.012098853266506835
2023-04-19,25.89,25.9,25.64,25.66,631564.0,16245732.0,66086759.0,0.009556589089200153
2023-04-20,25.8,25.81,25.41,25.54,564640.0,14431346.0,66086759.0,0.008543920273045921
2023-04-21,25.54,25.83,25.29,25.31,720570.0,18375689.0,66086759.0,0.010903394430342696
2023-04-24,25.24,25.32,24.89,25.06,1232025.0,30846591.0,66086759.0,0.018642539271747312
2023-04-25,24.96,25.19,24.33,24.6,1086880.0,26840075.0,66086759.0,0.016446259681156403
2023-04-26,24.1,24.44,23.88,24.01,1931535.0,46432193.0,66086759.0,0.029227261697006506
2023-04-27,24.11,24.28,23.9,24.15,740764.0,17847758.0,66086759.0,0.011208962448892372
2023-04-28,24.28,24.39,24.05,24.2,842604.0,20354843.0,66086759.0,0.01274996705467127
2023-05-04,24.18,24.2,24.01,24.13,766610.0,18472259.0,66086759.0,0.011600054407267876
2023-05-05,24.11,24.14,23.36,23.58,1535020.0,36239237.0,66086759.0,0.02322734573804716
2023-05-08,23.56,23.78,23.56,23.73,692600.0,16404951.0,66086759.0,0.010480162902223727
2023-05-09,23.78,24.28,23.5,23.92,1204528.0,28860352.0,66086759.0,0.018226465001862174
2023-05-10,23.98,23.98,23.55,23.68,651550.0,15416941.0,66086759.0,0.009859009729921844
2023-05-11,23.58,23.89,23.58,23.8,421053.0,10009865.0,66086759.0,0.006371215752916556
2023-05-12,23.8,23.89,23.57,23.66,468330.0,11089626.0,66086759.0,0.007086593548943745
2023-05-15,23.57,23.79,23.31,23.69,588791.0,13812070.0,66086759.0,0.008909364128448182
2023-05-16,23.75,23.88,23.55,23.63,569600.0,13492868.0,66086759.0,0.00861897312894403
2023-05-17,23.66,23.85,23.39,23.68,502376.0,11902536.0,66086759.0,0.007601764825537896
2023-05-18,23.78,23.84,23.48,23.6,634058.0,14982856.0,66086759.0,0.009594327359887628
2023-05-19,23.6,23.93,23.47,23.91,728750.0,17302083.0,66086759.0,0.011027171116077882
2023-05-22,23.89,24.08,23.83,23.97,729277.0,17472183.0,66086759.0,0.011035145482017056
2023-05-23,23.98,24.1,23.78,23.8,499244.0,11950433.0,66086759.0,0.007554372578628042
2023-05-24,23.86,23.86,23.56,23.66,529136.0,12543067.0,66086759.0,0.008006687088407528
2023-05-25,23.68,23.87,23.14,23.4,917117.0,21421859.0,66086759.0,0.01387746976667444
2023-05-26,23.47,23.59,23.19,23.32,430650.0,10043520.0,66086759.0,0.006516433950104892
2023-05-29,23.27,23.54,23.08,23.19,557556.0,12939576.0,66086759.0,0.00843672784740435
2023-05-30,23.06,23.3,22.98,23.25,456797.0,10551931.0,66086759.0,0.006912080527356471
2023-05-31,23.25,23.25,22.98,23.09,395228.0,9121655.0,66086759.0,0.005980441558648685
2023-06-01,22.91,23.33,22.91,23.17,792454.0,18321336.0,66086759.0,0.011991116102395035
2023-06-02,23.17,23.36,23.11,23.3,480850.0,11186952.0,66086759.0,0.007276041483589776
2023-06-05,23.26,23.39,23.16,23.28,377795.0,8775638.0,66086759.0,0.005716651954440677
2023-06-06,23.18,23.31,22.71,22.75,896190.0,20553310.0,66086759.0,0.01356081026760595
2023-06-07,22.75,22.84,22.53,22.65,568107.0,12856437.0,66086759.0,0.008596381614053732
2023-06-08,22.54,23.14,22.54,22.93,1092718.0,25056942.0,66086759.0,0.016534598103078408
2023-06-09,22.95,23.21,22.88,22.94,994535.0,22927477.0,66086759.0,0.015048929846900193
2023-06-12,23.11,23.17,22.67,23.1,612799.0,14077291.0,66086759.0,0.009272644161593702
2023-06-13,23.17,23.18,22.94,23.01,401671.0,9246235.0,66086759.0,0.00607793461319536
2023-06-14,23.03,23.2,22.88,23.04,740600.0,17051716.0,66086759.0,0.011206480862527998
2023-06-15,22.87,22.88,22.5,22.61,676030.0,15264765.0,66086759.0,0.010229431889677024
2023-06-16,22.61,23.13,22.61,23.13,1077842.0,24711643.0,66086759.0,0.016309500061880776
2023-06-19,23.04,23.39,22.96,23.05,821330.0,19002820.0,66086759.0,0.012428056882014748
2023-06-20,23.1,23.17,22.79,22.79,632817.0,14474391.0,66086759.0,0.009575549014288929
2023-06-21,22.7,22.75,21.64,21.67,2271314.0,49983447.0,66086759.0,0.0343686698268862
2023-06-26,21.63,21.64,21.11,21.22,958707.0,20383788.0,66086759.0,0.014506794016029747
2023-06-27,21.22,21.37,21.07,21.33,1127323.0,23921659.0,66086759.0,0.01705822795758527
2023-06-28,21.23,21.3,21.04,21.09,788250.0,16642447.0,66086759.0,0.01192750275437172
2023-06-29,21.13,21.52,21.06,21.18,1001482.0,21333478.0,66086759.0,0.015154049240030065
2023-06-30,21.22,21.48,21.18,21.42,905063.0,19323401.0,66086759.0,0.01369507316889303
2023-07-03,21.6,21.7,21.36,21.62,690143.0,14890478.0,66086759.0,0.010442984501630653
2023-07-04,21.8,21.8,21.47,21.73,719806.0,15565596.0,66086759.0,0.010891833869474518
2023-07-05,21.79,21.79,21.47,21.5,652130.0,14064031.0,66086759.0,0.009867786071942188
2023-07-06,21.55,22.15,21.35,21.77,965267.0,20975461.0,66086759.0,0.014606057470604663
2023-07-07,21.67,22.48,21.49,22.24,1695822.0,37449995.0,66086759.0,0.025660541168314822
2023-07-10,22.3,23.56,22.3,23.15,3227771.0,74528494.0,66086759.0,0.048841417688526685
2023-07-11,23.21,23.28,22.7,22.83,1330627.0,30526696.0,66086759.0,0.020134547678454014
2023-07-12,22.92,23.02,22.7,22.75,861360.0,19699297.0,66086759.0,0.013033775797660165
2023-07-13,22.69,23.02,22.66,22.98,879417.0,20119394.0,66086759.0,0.013307007535352126
2023-07-14,23.09,23.26,22.99,23.04,704767.0,16281596.0,66086759.0,0.010664269373536686
2023-07-17,22.72,23.19,22.6,23.08,631809.0,14496557.0,66086759.0,0.00956029633712254
2023-07-18,23.05,23.7,22.91,23.52,1547132.0,36126040.0,67573415.0,0.022895572171393142
2023-07-19,23.48,23.9,23.36,23.43,964019.0,22786213.0,67573415.0,0.014266246570489296
2023-07-20,23.58,23.66,23.04,23.05,828010.0,19239366.0,67573415.0,0.012253487558679697
2023-07-21,23.02,23.34,22.97,23.08,887360.0,20490771.0,67573415.0,0.01313179154849581
2023-07-24,22.95,23.25,22.9,22.98,761680.0,17557600.0,67573415.0,0.011271888508224722
2023-07-25,23.15,23.19,22.96,23.12,705747.0,16281738.0,67573415.0,0.010444151742219925
2023-07-26,23.06,23.18,22.86,23.08,881019.0,20271464.0,67573415.0,0.013037952869482769
2023-07-27,23.17,23.62,22.96,23.2,1081871.0,25224896.0,67573415.0,0.01601030523616425
2023-07-28,23.36,23.54,23.15,23.39,769870.0,17957930.0,67573415.0,0.011393090019203559
2023-07-31,23.4,23.85,23.29,23.85,1684020.0,39839660.0,67573415.0,0.024921339257457983
2023-08-01,23.8,23.96,23.64,23.87,1064460.0,25355407.0,67573415.0,0.015752644734619375
2023-08-02,23.8,24.12,23.64,23.7,990075.0,23613868.0,67573415.0,0.01465184200028961
2023-08-03,23.64,24.27,23.64,24.12,1465495.0,35259045.0,67573415.0,0.021687449124777842
2023-08-04,24.22,24.22,23.76,23.83,1068120.0,25566052.0,67573415.0,0.015806808047217978
2023-08-07,23.91,24.13,23.65,23.82,815380.0,19454774.0,67573415.0,0.012066579734056655
2023-08-08,23.76,23.99,23.45,23.72,715090.0,16941449.0,67573415.0,0.01058241617653925
2023-08-09,23.7,23.76,23.45,23.58,703020.0,16553271.0,67573415.0,0.01040379563471818
2023-08-10,23.55,23.8,23.4,23.68,881740.0,20853280.0,67573415.0,0.013048622746090309
2023-08-11,23.74,23.74,23.11,23.14,737370.0,17185733.0,67573415.0,0.010912131642303412
2023-08-14,23.0,23.13,22.8,23.13,678130.0,15565759.0,67573415.0,0.010035455511609115
2023-08-15,23.13,23.16,22.76,22.98,664967.0,15275983.0,67573415.0,0.00984065996960491
2023-08-16,22.8,23.15,22.55,22.88,455488.0,10436495.0,67573415.0,0.006740639051615195
2023-08-17,22.85,23.05,22.56,23.0,678797.0,15498584.0,67573415.0,0.010045326257375035
2023-08-18,23.05,23.3,22.81,22.84,566683.0,13065744.0,67573415.0,0.00838618264298171
2023-08-21,22.7,22.97,22.33,22.36,701410.0,15809486.0,67573415.0,0.010379969696662512
2023-08-22,22.52,22.63,21.93,22.2,682390.0,15141676.0,67573415.0,0.010098498055781257
2023-08-23,22.07,22.23,21.9,22.03,442650.0,9756810.0,67573415.0,0.006550653093379993
2023-08-24,21.93,22.72,21.86,22.55,738720.0,16481624.0,67573415.0,0.010932109913343879
2023-08-25,22.55,23.33,22.45,22.49,1507152.0,34576078.0,67573415.0,0.022303919374209516
2023-08-28,23.37,23.47,22.62,22.7,1338270.0,30872610.0,67573415.0,0.019804682063204886
2023-08-29,22.67,22.99,22.45,22.74,965870.0,21895196.0,67573415.0,0.01429363899989367
2023-08-30,22.65,22.87,22.57,22.65,534170.0,12124991.0,67573415.0,0.007905031882730805
2023-08-31,22.63,22.77,22.18,22.25,694167.0,15493951.0,67573415.0,0.01027278257285058
2023-09-01,22.34,22.38,22.12,22.21,457240.0,10156436.0,67573415.0,0.006766566407809935
2023-09-04,22.3,22.48,21.98,22.06,1265980.0,27952132.0,67573415.0,0.01873488264578607
2023-09-05,22.0,22.1,21.28,21.4,2400977.0,51505258.0,67573415.0,0.03553138464291023
2023-09-06,21.39,21.42,21.18,21.37,1069555.0,22788679.0,67573415.0,0.01582804420939803
2023-09-07,21.33,21.51,20.97,21.01,1371560.0,29080606.0,67573415.0,0.02029733142834353
2023-09-08,21.12,21.12,20.84,20.87,927720.0,19379619.0,67573415.0,0.013729067859009346
2023-09-11,20.86,21.06,20.73,21.01,700220.0,14635171.0,67573415.0,0.010362359220708321
2023-09-12,21.05,21.31,20.98,21.22,926550.0,19628410.0,67573415.0,0.01371175335744094
2023-09-13,21.23,21.28,20.9,21.03,876840.0,18449637.0,67573415.0,0.012976109021573055
2023-09-14,21.11,21.11,20.5,20.53,1454410.0,30057872.0,67573415.0,0.02152340532145667
2023-09-15,20.57,20.8,20.54,20.75,774485.0,16033555.0,67573415.0,0.011461386108723378
2023-09-18,20.64,20.95,20.58,20.92,630915.0,13146985.0,67573415.0,0.009336733980367872
2023-09-19,20.92,21.0,20.8,20.84,417670.0,8717599.0,67573415.0,0.0061809810855348955
2023-09-20,20.87,21.16,20.81,21.01,706930.0,14856672.0,67573415.0,0.01046165862713909
2023-09-21,21.01,21.02,20.72,20.74,508640.0,10592392.0,67573415.0,0.007527220579276629
2023-09-22,20.74,20.97,20.67,20.96,510980.0,10677369.0,67573415.0,0.0075618495824134385
2023-09-25,20.93,21.11,20.86,20.97,459390.0,9645553.0,67573415.0,0.006798383654281791
2023-09-26,20.91,21.03,20.82,20.83,388860.0,8136657.0,67573415.0,0.005754629982812028
2023-09-27,20.8,21.07,20.77,20.94,528576.0,11084370.0,67573415.0,0.007822247847026823
2023-09-28,20.9,21.04,20.82,20.97,554760.0,11613816.0,67573415.0,0.00820973751289616
2023-10-09,20.95,20.95,19.58,19.72,2430434.0,48655067.0,67573415.0,0.03596731051701323
2023-10-10,19.64,20.19,19.64,19.98,1272730.0,25458072.0,67573415.0,0.018834774000988406
2023-10-11,19.5,20.09,19.5,19.8,943706.0,18742308.0,67573415.0,0.013965640185567061
2023-10-12,19.97,19.97,19.63,19.77,808668.0,15966937.0,67573415.0,0.011967250730187309
2023-10-13,19.77,19.77,19.55,19.65,625927.0,12299914.0,67573415.0,0.009262917968553165
2023-10-16,19.68,19.77,19.6,19.63,561097.0,11030705.0,67573415.0,0.008303516997032042
2023-10-17,19.62,19.76,19.58,19.73,507357.0,9988580.0,67573415.0,0.00750823382242854
2023-10-18,19.74,19.82,19.45,19.47,581850.0,11402015.0,67573415.0,0.008610634818441543
2023-10-19,19.46,19.46,18.97,19.0,935287.0,17936540.0,67573415.0,0.013841049767870988
2023-10-20,18.89,19.02,18.79,18.96,658117.0,12441696.0,67573415.0,0.009739288742473649
2023-10-23,18.83,19.1,18.6,18.68,826590.0,15548294.0,67573415.0,0.012232473377288982
2023-10-24,18.67,19.52,18.63,19.29,1252226.0,23983788.0,67573415.0,0.018531341060681928
2023-10-25,19.4,19.68,19.22,19.52,789797.0,15380349.0,67573415.0,0.01168798409848015
2023-10-26,19.52,19.75,19.3,19.58,895610.0,17482086.0,67573415.0,0.013253880982632001
2023-10-27,19.6,20.29,19.52,20.12,1521719.0,30417555.0,67573415.0,0.02251949231809581
2023-10-30,20.23,21.75,20.13,21.3,4331280.0,91282611.0,67573415.0,0.06409739688307894
2023-10-31,21.37,21.38,20.66,21.13,2600770.0,54542760.0,67573415.0,0.038488065165864414
2023-11-01,21.1,21.12,20.74,21.02,1142240.0,23939061.0,67573415.0,0.016903689120936097
2023-11-02,21.01,21.3,20.93,21.21,1325775.0,28044228.0,67573415.0,0.01961977206568589
2023-11-03,21.36,21.61,21.0,21.42,1625390.0,34728587.0,67573415.0,0.024053690345530118
2023-11-06,21.42,21.46,20.93,21.15,1274342.0,26846394.0,67573415.0,0.018858629536482655
2023-11-07,21.15,21.29,20.72,21.16,1448620.0,30484420.0,67573415.0,0.021437720736771998
2023-11-08,21.12,21.25,20.86,21.13,893269.0,18844140.0,67573415.0,0.013219237180775901
2023-11-09,21.17,21.2,20.9,20.97,891900.0,18786299.0,67573415.0,0.013198977734068938
2023-11-10,20.86,21.58,20.86,21.54,2147350.0,45818786.0,67573415.0,0.03177802986573936
2023-11-13,21.41,23.16,21.37,23.01,5262605.0,117698267.0,67573415.0,0.07787981412512598
2023-11-14,22.83,23.2,22.57,23.01,3136789.0,71708967.0,67573415.0,0.04642045988056102
2023-11-15,23.0,23.34,22.82,23.03,2270985.0,52415797.0,67573415.0,0.033607669525063964
2023-11-16,23.03,23.3,22.69,22.7,1100263.0,25186388.0,67573415.0,0.016282483281331868
2023-11-17,22.7,22.84,22.46,22.5,917868.0,20691959.0,67573415.0,0.0135832708765718
2023-11-20,22.48,23.89,22.32,23.82,3690980.0,86282884.0,67573415.0,0.0546217769221816
2023-11-21,23.7,24.5,23.54,24.3,3209090.0,77621685.0,67573415.0,0.047490422083892016
2023-11-22,24.24,25.76,24.1,25.13,6681656.0,168391029.0,67573415.0,0.09887995153123458
2023-11-23,25.06,25.79,24.86,25.68,4186907.0,106760047.0,67573415.0,0.06196086138313418
2023-11-24,25.55,27.22,25.55,27.05,5921117.0,158122962.0,67573415.0,0.08762494836171889
2023-11-27,27.04,27.22,26.2,26.79,6606563.0,175642271.0,67573415.0,0.09776867130364804
2023-11-28,27.0,27.0,25.98,26.34,5708781.0,150649889.0,67573415.0,0.08448264750271982
2023-11-29,26.38,26.43,25.58,25.85,4552970.0,117571965.0,67573415.0,0.06737812496230951
2023-11-30,25.66,26.58,25.66,26.49,3421898.0,89943235.0,67573415.0,0.050639707938395596
2023-12-01,26.46,26.87,25.99,26.16,3633574.0,95667152.0,67573415.0,0.05377224164266376
2023-12-04,26.0,27.6,25.81,27.39,5254303.0,141992297.0,67573415.0,0.07775695515758675
2023-12-05,27.01,28.5,26.99,27.28,5699272.0,158216508.0,67573415.0,0.08434192648099847
2023-12-06,27.11,29.37,26.84,28.92,9032400.0,258331221.0,67573415.0,0.13366795210808866
2023-12-07,28.66,30.0,28.45,29.83,7583716.0,223539764.0,67573415.0,0.11222928425328216
2023-12-08,29.5,29.64,28.47,28.83,7012389.0,202836776.0,67573415.0,0.10377437635792124
2023-12-11,28.88,29.53,28.2,29.49,4681662.0,136291107.0,67573415.0,0.06928260174507977
2023-12-12,29.26,29.53,28.56,28.84,4714113.0,136778259.0,67573415.0,0.06976283498473475
2023-12-13,28.85,29.12,28.51,28.59,2278950.0,65481799.0,67573415.0,0.03372554132420272
2023-12-14,28.56,29.58,27.8,29.2,4556586.0,131837161.0,67573415.0,0.06743163713125938
2023-12-15,28.98,29.6,28.86,29.27,2335157.0,68321632.0,67573415.0,0.034557332939292765
2023-12-18,29.16,30.66,29.16,30.2,4229073.0,127638729.0,67573415.0,0.06258486418068407
2023-12-19,30.02,30.38,29.38,30.16,2570474.0,76837829.0,67573415.0,0.038039723166277746
2023-12-20,30.13,30.5,29.76,30.35,2537590.0,76630800.0,67573415.0,0.03755308208117053
2023-12-21,30.19,30.32,28.7,29.19,4984467.0,145805740.0,67573415.0,0.07376372793945667
2023-12-22,29.4,29.45,28.6,28.85,2597089.0,75147265.0,67573415.0,0.03843359108016074
2023-12-25,28.85,29.34,28.49,29.23,2132640.0,61879335.0,67573415.0,0.03156034070499471
2023-12-26,29.18,29.99,28.94,29.7,2342730.0,69419085.0,67573415.0,0.034669403640470144
2023-12-27,29.71,32.3,29.46,32.0,5717831.0,180057692.0,67573415.0,0.0846165759122874
2023-12-28,31.8,31.87,30.71,31.07,4768490.0,148825637.0,67573415.0,0.0705675449435255
2023-12-29,31.05,32.39,28.17,30.73,10308787.0,309537325.0,67573415.0,0.1525568450255178
2024-01-02,30.98,30.98,28.79,30.4,6186307.0,185236294.0,67573415.0,0.09154942073003118
2024-01-03,30.09,32.58,30.0,31.85,4874604.0,153058937.0,67573415.0,0.0721378962421834
2024-01-04,31.64,31.84,30.91,31.06,1629417.0,50857538.0,67573415.0,0.024113284788107866
2024-01-05,30.73,31.58,30.45,30.65,1924229.0,59463721.0,67573415.0,0.028476124819205896
2024-01-08,30.64,30.64,29.0,29.53,2889721.0,85515631.0,67573415.0,0.042764169903208235
2024-01-09,29.53,30.33,29.53,30.19,2212903.0,66377387.0,67573415.0,0.0327481303113066
2024-01-10,30.19,30.58,28.39,29.18,4136619.0,120025783.0,67573415.0,0.06121666338751712
2024-01-11,29.36,31.64,28.92,31.4,4901850.0,151753806.0,67573415.0,0.07254110214793791
2024-01-12,31.25,33.0,30.65,31.09,2911119.0,91746102.0,67573415.0,0.043080832898559296
2024-01-15,30.91,31.06,30.09,30.73,3269420.0,99821772.0,67573415.0,0.04838322881861158
2024-01-16,30.8,31.9,30.4,31.39,2027103.0,63675734.0,67573415.0,0.029998528267366684
2024-01-17,31.15,31.59,30.71,30.75,1001792.0,31062496.0,67573415.0,0.014825238594201581
2024-01-18,30.22,30.95,29.4,30.81,1832737.0,55113461.0,67573415.0,0.027122160393995183
2024-01-19,30.75,30.95,30.08,30.41,1172666.0,35643226.0,67573415.0,0.01735395495403037
2024-01-22,29.87,30.29,27.38,27.6,4017486.0,115014043.0,67573415.0,0.059453647562432654
2024-01-23,27.65,28.49,27.3,27.53,2151896.0,59750856.0,67573415.0,0.03184530484362822
2024-01-24,27.5,28.36,26.72,28.01,2495772.0,68493174.0,67573415.0,0.03693422923793329
2024-01-25,28.01,28.16,26.91,27.49,2695542.0,74418860.0,67573415.0,0.03989056939034382
2024-01-26,27.36,28.8,26.87,28.26,2427606.0,67983241.0,67573415.0,0.035925459738863276
2024-01-29,28.2,29.66,27.7,27.82,2150509.0,61206315.0,67573415.0,0.031824779019974055
2024-01-30,26.95,29.7,26.91,27.01,3904878.0,109633163.0,67573415.0,0.05778719338071045
2024-01-31,27.0,28.03,26.6,27.22,2889044.0,78800502.0,67573415.0,0.04275415117024942
2024-02-01,27.23,27.78,26.39,27.02,3783800.0,101810098.0,67573415.0,0.055995394046608415
2024-02-02,26.8,29.66,26.8,28.5,4388203.0,125091198.0,67573415.0,0.06493978438118009
2024-02-05,27.64,28.54,27.24,27.85,3499330.0,97709496.0,67573415.0,0.05178560237039966
2024-02-06,27.32,28.33,26.65,27.62,2815365.0,77148028.0,67573415.0,0.041663796331737855
2024-02-07,27.22,28.1,26.6,27.26,3669555.0,99332674.0,67573415.0,0.05430471436140973
2024-02-08,26.8,27.71,26.6,27.4,2673882.0,72361084.0,67573415.0,0.03957002913053898
2024-02-19,27.2,27.8,25.3,26.62,3168818.0,83110300.0,67573415.0,0.046894448060675935
2024-02-20,26.08,28.4,25.91,28.14,3529557.0,96286440.0,67573415.0,0.05223292325835537
2024-02-21,28.0,28.77,27.3,28.0,2235940.0,62926116.0,67573415.0,0.033089048407572715
2024-02-22,28.0,28.64,27.7,28.61,1601440.0,45305730.0,67573415.0,0.023699261018552933
2024-02-23,28.61,28.8,27.9,28.32,1221257.0,34431526.0,67573415.0,0.0180730395230136
2024-02-26,28.35,29.97,28.0,29.47,2463580.0,71766083.0,67573415.0,0.03645782886657423
2024-02-27,29.47,30.75,29.08,30.66,2263786.0,68861509.0,67573415.0,0.03350113354490076
2024-02-28,30.5,30.85,29.0,29.0,1840987.0,55348314.0,67573415.0,0.027244249828131374
2024-02-29,28.85,29.95,28.69,29.2,1733620.0,50784022.0,67573415.0,0.02565535573420405
2024-03-01,29.01,29.42,28.45,28.63,1481000.0,42621039.0,67573415.0,0.021916903267357436
2024-03-04,28.5,28.72,27.3,27.75,2482720.0,69029085.0,67573415.0,0.03674107635377019
2024-03-05,27.75,28.5,27.45,28.43,1400780.0,39588390.0,67573415.0,0.020729750005974983
2024-03-06,28.22,28.24,27.22,27.47,1927690.0,52975546.0,67573415.0,0.02852734318666594
2024-03-07,27.35,28.09,27.22,27.47,2128481.0,58882034.0,67573415.0,0.03149879283147078
2024-03-08,27.31,27.46,26.46,26.9,2181520.0,58691085.0,67573415.0,0.03228370210385253
2024-03-11,26.92,27.3,26.28,27.0,3083850.0,82775733.0,67573415.0,0.04563703048010819
2024-03-12,26.96,27.35,26.48,27.27,2567443.0,68872079.0,67573415.0,0.037994868248112074
2024-03-13,27.2,27.2,25.49,25.69,6166801.0,159494299.0,67573415.0,0.09126075691157536
2024-03-14,25.5,25.83,24.91,25.12,3883947.0,98277665.0,67573415.0,0.057477441387267465
2024-03-15,25.12,26.0,25.05,25.74,4427300.0,113327044.0,67573415.0,0.06551836990923132
2024-03-18,25.65,26.76,25.05,26.69,5432900.0,141442034.0,67573415.0,0.0803999620264863
2024-03-19,27.5,29.36,27.5,29.36,8054416.0,230556245.0,67573415.0,0.11919504142272519
2024-03-20,28.79,31.5,28.65,30.48,9930880.0,301235783.0,67573415.0,0.14696430541508076
2024-03-21,30.23,33.53,30.11,33.53,9475319.0,307023202.0,67573415.0,0.14022258605695745
2024-03-22,33.82,35.32,32.86,34.55,10493903.0,355736143.0,67573415.0,0.15529632474546387
2024-03-25,33.55,34.88,32.64,32.73,7322814.0,245117098.0,67573415.0,0.1083682687932821
2024-03-26,33.0,34.54,32.94,33.2,7133512.0,240619748.0,67573415.0,0.10556684163439127
2024-03-27,33.6,34.16,32.21,33.39,5925774.0,196515192.0,67573415.0,0.08769386599744886
2024-03-28,32.84,33.66,32.77,33.12,3197394.0,106220542.0,67573415.0,0.04731733626308512
2024-03-29,33.28,36.43,33.1,36.43,5148557.0,179933875.0,67573415.0,0.07619204978762728
2024-04-01,36.76,40.0,36.59,39.02,8690994.0,332990618.0,67573415.0,0.12861558055042802
2024-04-02,39.0,39.0,36.85,37.88,7298901.0,275830710.0,67573415.0,0.1080143870189186
2024-04-03,37.5,39.0,37.49,38.04,5217065.0,199578183.0,67573415.0,0.07720588044869421
2024-04-08,37.87,38.2,36.2,37.41,6565630.0,243799944.0,67573415.0,0.09716291532698178
2024-04-09,36.77,38.5,36.61,38.11,4498040.0,168795604.0,67573415.0,0.06656523131175182
2024-04-10,37.96,38.6,37.19,37.66,2894344.0,109392595.0,67573415.0,0.04283258438248237
2024-04-11,37.01,37.97,36.06,36.16,5614799.0,205154437.0,67573415.0,0.08309183426647891
2024-04-12,36.32,36.6,35.61,36.06,3741651.0,135230368.0,67573415.0,0.05537164282728644
2024-04-15,35.96,36.01,34.37,35.45,3312902.0,117077140.0,67573415.0,0.049026706730746106
2024-04-16,35.23,37.18,34.4,36.19,4872472.0,175072709.0,67573415.0,0.07210634537265875
2024-04-17,36.07,37.57,35.53,35.99,3669040.0,133315511.0,67573415.0,0.05429709302097578
2024-04-18,35.64,37.95,35.63,36.75,4302750.0,159199022.0,67573415.0,0.06367518942175707
2024-04-19,36.42,37.44,36.03,37.04,3629470.0,133695600.0,67573415.0,0.05371150769870074
2024-04-22,37.0,40.74,36.6,39.89,6320989.0,247743612.0,67573415.0,0.09354254184134396
2024-04-23,38.85,39.87,37.01,39.0,4320406.0,166700182.0,67573415.0,0.0639364756095278
2024-04-24,38.47,38.77,37.5,37.92,2955740.0,112515588.0,67573415.0,0.04374116655196426
2024-04-25,37.6,38.0,36.71,37.06,3731130.0,138798557.0,67573415.0,0.055215945501644395
2024-04-26,37.33,37.88,35.62,36.08,5523260.0,201613651.0,67573415.0,0.0817371743014616
2024-04-29,35.96,36.3,35.41,36.14,2831067.0,101759322.0,67573415.0,0.04189616582201743
2024-04-30,36.3,37.6,36.0,36.23,2736666.0,100978146.0,67573415.0,0.04049915192239433
2024-05-06,36.44,38.33,35.67,38.31,3676918.0,137307176.0,67573415.0,0.054413677331536375
2024-05-07,38.26,38.9,37.01,38.5,2864895.0,109509367.0,67573415.0,0.04239677689813368
2024-05-08,38.45,42.35,38.33,41.59,7139533.0,290982716.0,67573415.0,0.10565594472323177
2024-05-09,41.5,41.52,40.2,40.81,4818892.0,196059366.0,67996515.0,0.07086969089518778
2024-05-10,40.34,42.61,40.34,41.52,3497993.0,145610789.0,67996515.0,0.05144371001955027
2024-05-13,41.06,44.96,40.18,43.79,4908948.0,213511657.0,67996515.0,0.07219411171293116
2024-05-14,43.22,45.4,43.08,43.6,4581188.0,202371880.0,67996515.0,0.06737386467527048
2024-05-15,43.0,44.88,42.71,43.0,3005440.0,130746071.0,67996515.0,0.044199912304329125
2024-05-16,43.0,44.0,42.4,42.82,2457880.0,106042978.0,67996515.0,0.036147146658913325
2024-05-17,43.17,44.48,42.23,42.85,3199531.0,138168665.0,67996515.0,0.04705433800541101
2024-05-20,43.0,45.61,43.0,44.99,4771671.0,211619136.0,67996515.0,0.0701752288334189
2024-05-21,44.09,45.67,43.84,44.53,4154556.0,185620091.0,67996515.0,0.061099543116290594
2024-05-22,44.29,44.44,42.34,43.17,3684411.0,158264498.0,67996515.0,0.05418529170208208
2024-05-23,43.0,44.03,41.35,42.1,3155139.0,133547408.0,67996515.0,0.0464014810170786
2024-05-24,42.11,42.96,41.45,41.78,2876660.0,120974329.0,67996515.0,0.04230599171148698
2024-05-27,41.16,42.54,40.66,42.05,3288615.0,137692507.0,67996515.0,0.04836446397289626
2024-05-28,42.0,42.79,41.3,41.7,2906270.0,122358184.0,67996515.0,0.04274145520546163
2024-05-29,41.51,43.25,41.3,43.03,2930290.0,123971479.0,67996515.0,0.043094708603815944
2024-05-30,42.88,42.91,40.75,42.13,3876920.0,161560241.0,67996515.0,0.05701645150490433
2024-05-31,41.56,41.98,40.47,40.57,3407540.0,139383079.0,67996515.0,0.050113450667287875
2024-06-03,40.9,43.0,40.9,42.45,4304237.0,180875905.0,67996515.0,0.06330084710959084
2024-06-04,42.31,42.31,41.06,41.76,2412130.0,100326830.0,67996515.0,0.03547431805880051
2024-06-05,41.5,42.0,40.93,41.05,1590470.0,65579309.0,67996515.0,0.023390463467135043
2024-06-06,41.15,41.26,38.91,39.33,5217598.0,207105929.0,67996515.0,0.07673331493533161
2024-06-07,39.99,40.14,38.84,39.28,1881755.0,74015988.0,67996515.0,0.02767428595421398
2024-06-11,39.3,39.75,38.64,39.6,2289309.0,89553333.0,67996515.0,0.033668034310287816
2024-06-12,40.4,41.01,39.5,39.66,2528840.0,101444485.0,67996515.0,0.03719072955430142
2024-06-13,39.65,39.8,38.01,38.38,3226930.0,124176525.0,67996515.0,0.04745728512703923
2024-06-14,38.3,38.55,37.35,38.42,3190153.0,120902287.0,67996515.0,0.046916419172364936
2024-06-17,38.4,38.68,37.67,38.37,1765390.0,67317857.0,67996515.0,0.02596294824815654
2024-06-18,38.78,39.52,37.76,38.39,3051038.0,117134967.0,67996515.0,0.0448705054957596
2024-06-19,38.11,38.6,37.34,37.54,2061740.0,77800217.0,67996515.0,0.030321259846920096
2024-06-20,37.5,37.68,37.03,37.34,1284330.0,48037774.0,67996515.0,0.01888817390126538
2024-06-21,37.1,38.5,36.93,37.68,1706430.0,64319488.0,67996515.0,0.025095844985584922
2024-06-24,37.2,37.2,34.78,34.98,4244320.0,151159645.0,67996515.0,0.0624196695963021
2024-06-25,35.05,35.42,34.11,35.16,3163900.0,110621482.0,67996515.0,0.04653032585567069
2024-06-26,35.2,35.31,33.93,34.2,3697100.0,126967831.0,67996515.0,0.05437190420714944
2024-06-27,34.21,35.41,34.01,34.54,2816429.0,97838198.0,67996515.0,0.041420196314472885
2024-06-28,34.21,35.74,34.1,35.15,2548690.0,89480872.0,67996515.0,0.03748265628025201
2024-07-01,35.31,38.0,35.31,37.49,3325781.0,123500214.0,67996515.0,0.048911050809001023
2024-07-02,37.49,37.66,35.41,35.91,3264711.0,118352808.0,67996515.0,0.04801291654432584
2024-07-03,35.5,36.07,33.58,33.91,4158626.0,142281324.0,67996515.0,0.06115939912508751
2024-07-04,34.05,34.19,33.0,33.34,2136408.0,71355585.0,67996515.0,0.03141937494884848
2024-07-05,33.4,34.11,32.78,33.99,2404910.0,80587807.0,67996515.0,0.03536813614638927
2024-07-08,33.99,35.33,33.94,34.24,2097760.0,72279442.0,67996515.0,0.030850992878090885
2024-07-09,33.88,34.21,32.1,32.28,3665544.0,119950571.0,67996515.0,0.05390782159938638
2024-07-10,32.34,33.88,32.1,33.16,3467754.0,115063158.0,67996515.0,0.05099899605148882
2024-07-11,33.33,33.56,32.05,33.29,3907221.0,128854477.0,67996515.0,0.057462077284402
2024-07-12,33.19,34.08,33.01,33.21,2444860.0,81702517.0,67996515.0,0.03595566625730745
2024-07-15,33.7,34.7,33.25,34.14,3487473.0,118944673.0,67996515.0,0.05128899620811449
2024-07-16,33.97,35.02,33.67,34.38,3022800.0,104157420.0,67996515.0,0.04445521950647029
2024-07-17,34.19,34.37,33.34,34.06,2220150.0,75170437.0,67996515.0,0.03265093806645826
2024-07-18,33.88,35.7,32.98,35.51,4000550.0,138353865.0,69040215.0,0.05794521352518963
2024-07-19,35.1,35.44,34.51,35.21,2283396.0,80018702.0,69040215.0,0.033073419600445915
2024-07-22,34.99,35.99,34.52,35.43,2446750.0,85899675.0,69040215.0,0.035439489868332535
2024-07-23,35.39,35.95,34.06,34.25,2325710.0,81117013.0,69040215.0,0.033686308769461396
2024-07-24,34.17,34.23,32.58,33.02,3505430.0,116134086.0,69040215.0,0.0507737410725039
2024-07-25,32.82,33.02,32.17,32.52,1807410.0,58777522.0,69040215.0,0.02617908996951994
2024-07-26,32.35,32.8,31.61,32.12,2300570.0,73896822.0,69040215.0,0.03332217317110035
2024-07-29,32.49,32.52,31.2,31.78,1848960.0,58680298.0,69040215.0,0.02678091312432906
2024-07-30,31.75,33.19,31.45,32.53,2273160.0,73923117.0,69040215.0,0.03292515818497958
2024-07-31,32.6,34.16,32.16,34.12,2533660.0,84704158.0,69040215.0,0.03669832140586468
2024-08-01,34.0,35.15,33.75,33.84,1984074.0,67963684.0,69040215.0,0.028737946427310517
2024-08-02,33.84,36.87,33.5,34.8,5924855.0,209416002.0,69040215.0,0.08581744712121768
2024-08-05,35.66,36.01,34.69,34.84,4317930.0,152596926.0,69040215.0,0.06254224440060044
2024-08-06,35.0,36.88,34.56,35.85,4752912.0,170604337.0,69040215.0,0.06884265931095376
2024-08-07,35.86,35.86,33.03,33.06,5981043.0,202440069.0,69040215.0,0.0866312916319858
2024-08-08,32.9,33.75,32.77,33.27,3195709.0,105999109.0,69040215.0,0.04628764554108066
2024-08-09,32.85,33.59,32.4,32.4,2667262.0,87547624.0,69040215.0,0.03863345442942204
2024-08-12,32.67,33.87,32.15,32.82,3039150.0,100563338.0,69040215.0,0.044019996171796395
2024-08-13,32.81,34.36,32.7,33.08,3135550.0,104474128.0,69040215.0,0.04541628382820071
2024-08-14,32.9,33.11,31.66,31.93,3002660.0,96211525.0,69040215.0,0.04349146363463671
2024-08-15,31.81,32.77,31.29,31.62,3051057.0,97798255.0,69040215.0,0.04419246087226119
2024-08-16,31.48,31.48,29.17,29.61,7477610.0,222628828.0,69040215.0,0.10830803467225587
2024-08-19,29.2,29.26,27.96,28.04,6508720.0,185172539.0,69040215.0,0.09427432982356732
2024-08-20,28.25,28.25,27.36,27.56,3411050.0,94161712.0,69040215.0,0.04940671172591221
2024-08-21,27.4,27.49,26.94,27.09,3325518.0,90197373.0,69040215.0,0.04816783957002451
2024-08-22,27.03,27.49,26.37,27.28,4866000.0,131054329.0,69040215.0,0.07048066116248335
2024-08-23,27.03,27.79,26.78,27.14,3011287.0,81936399.0,69040215.0,0.04361641979243547
2024-08-26,27.05,27.82,26.88,27.53,2890070.0,79328038.0,69040215.0,0.04186067497037777
2024-08-27,27.37,27.49,26.56,26.66,2498347.0,67169738.0,69040215.0,0.03618683690367998
2024-08-28,26.7,27.48,26.25,27.24,2702613.0,73073266.0,69040215.0,0.039145489335454704
2024-08-29,27.39,27.9,26.8,27.69,2694013.0,74011740.0,69040215.0,0.03902092425407424
2024-08-30,27.89,28.58,27.47,28.3,2967011.0,83474430.0,69040215.0,0.0429751124036911
2024-09-02,28.18,28.55,27.15,27.2,3212410.0,89266964.0,69040215.0,0.04652954803225917
2024-09-03,27.22,28.15,27.13,27.67,2717610.0,75297201.0,69040215.0,0.03936271055934574
2024-09-04,27.58,27.76,26.87,27.26,1959220.0,53472103.0,69040215.0,0.028377953342120964
2024-09-05,27.28,27.64,27.05,27.31,1879779.0,51465140.0,69040215.0,0.027227305129336576
2024-09-06,27.32,27.44,26.72,26.85,1580998.0,42615460.0,69040215.0,0.02289966796887872
2024-09-09,26.66,26.98,26.2,26.92,1846233.0,49237933.0,69040215.0,0.02674141440608202
2024-09-10,26.81,27.08,26.3,26.61,1556348.0,41413202.0,69040215.0,0.022542629683294006
2024-09-11,26.33,26.75,25.96,26.5,1741460.0,45988036.0,69040215.0,0.02522384960707321
2024-09-12,26.57,26.8,26.32,26.37,1212149.0,32153723.0,69040215.0,0.01755714405002939
2024-09-13,26.38,26.56,25.85,26.0,1378872.0,36036926.0,69040215.0,0.019972011964331224
2024-09-18,26.65,26.65,25.06,25.14,2342090.0,59556800.0,69040215.0,0.03392356179655582
2024-09-19,25.5,26.28,25.29,25.6,2700336.0,69585249.0,69040215.0,0.03911250855751246
2024-09-20,25.65,26.02,25.27,25.91,2492251.0,63949737.0,69040215.0,0.03609854053901773
2024-09-23,25.51,26.35,25.07,25.14,2339612.0,59654424.0,69040215.0,0.0338876696719441
2024-09-24,25.08,26.43,25.08,26.29,3502847.0,90260185.0,69040215.0,0.050736328095154395
2024-09-25,26.3,26.9,25.56,25.72,4795750.0,126067006.0,69040215.0,0.06946313825934639
2024-09-26,25.61,27.4,25.51,27.35,4811923.0,126970748.0,69040215.0,0.0696973930339006
2024-09-27,27.75,28.6,27.75,28.53,3037080.0,85824424.0,69040215.0,0.04399001364639435
2024-09-30,29.5,31.31,28.4,31.31,7204338.0,216475382.0,69040215.0,0.10434987782120898
2024-10-08,34.37,34.38,29.2,30.35,10635349.0,331619607.0,69040215.0,0.15404571089473
2024-10-09,30.3,30.3,27.89,27.9,6418084.0,184892257.0,69040215.0,0.0929615297403115
2024-10-10,28.0,30.69,28.0,30.69,6253363.0,189560234.0,69040215.0,0.0905756594182101
2024-10-11,30.8,30.9,28.0,28.62,10681256.0,307625946.0,69040215.0,0.15471064219600128
2024-10-14,28.48,29.76,28.07,28.94,7612240.0,218927376.0,69040215.0,0.11025805756833174
2024-10-15,28.48,29.72,28.1,28.79,6250895.0,180977395.0,69040215.0,0.09053991213671626
2024-10-16,28.15,29.12,27.9,28.33,4592846.0,130524102.0,69040215.0,0.0665242134602275
2024-10-17,28.33,28.54,27.74,27.82,3601125.0,101194388.0,69040215.0,0.052159817289097375
2024-10-18,27.75,29.09,27.69,28.48,6652653.0,188572897.0,69040215.0,0.09635910027221091
2024-10-21,28.8,28.8,28.3,28.6,4251130.0,121324625.0,69040215.0,0.061574692373133545
2024-10-22,28.6,29.37,28.32,29.05,4856160.0,140411013.0,69040215.0,0.07033813553448523
2024-10-23,29.5,29.64,28.42,28.84,5677579.0,163686352.0,69040215.0,0.08223582443942273
2024-10-24,28.6,29.05,28.26,28.36,3113140.0,88811001.0,69040215.0,0.04509169040102207
2024-10-25,28.36,29.2,28.27,28.76,4477020.0,128928241.0,69040215.0,0.0648465535630212
2024-10-28,28.77,29.15,28.42,29.14,6674547.0,192757009.0,69040215.0,0.09667621979450672
2024-10-29,29.5,30.6,29.15,30.21,12515909.0,375281531.0,69040215.0,0.18128432827157331
2024-10-30,30.3,33.23,29.56,32.35,12726068.0,397590636.0,69040215.0,0.18432833675271723
2024-10-31,32.18,32.18,30.8,31.38,9194719.0,287106963.0,69040215.0,0.13317917680296912
2024-11-01,31.38,32.13,29.8,29.9,8536616.0,264524752.0,69040215.0,0.12364700776207027
2024-11-04,29.51,30.8,29.2,30.6,6234756.0,188336422.0,69040215.0,0.09030614982876284
2024-11-05,30.34,30.78,30.22,30.64,6250378.0,190555076.0,69040215.0,0.09053242374752164
2024-11-06,30.64,30.9,30.11,30.7,5659615.0,172732883.0,69040215.0,0.08197562826245544
2024-11-07,30.72,32.4,30.72,31.8,7922144.0,250517433.0,69040215.0,0.11474680372881225
2024-11-08,31.81,32.2,30.7,30.77,6437174.0,200743611.0,69040215.0,0.09323803525235257
2024-11-11,30.28,31.06,30.18,30.85,3435207.0,105152302.0,69040215.0,0.049756609245785226
2024-11-12,30.85,31.82,30.62,31.04,4892908.0,152461295.0,69040215.0,0.07087040502408633
2024-11-13,30.73,30.88,29.79,30.53,3979796.0,120510282.0,69040215.0,0.05764460611833263
2024-11-14,30.38,30.48,29.55,29.57,2736660.0,82111282.0,69040215.0,0.039638636698915264
2024-11-15,29.36,29.7,28.81,28.88,2728735.0,79859320.0,69040215.0,0.039523848527991984
2024-11-18,28.99,29.24,28.0,28.07,2941160.0,83790876.0,69040215.0,0.04260067845964848
2024-11-19,28.04,28.39,27.65,28.21,2766187.0,77519725.0,69040215.0,0.04006631497309213
2024-11-20,28.18,28.89,27.91,28.84,2922198.0,83303913.0,69040215.0,0.042326026939516335
2024-11-21,28.8,29.39,28.68,28.99,2090005.0,60694538.0,69040215.0,0.030272284059370325
2024-11-22,29.14,29.5,28.5,28.51,2914865.0,84575141.0,69040215.0,0.042219813481171806
2024-11-25,28.6,29.56,28.57,29.1,2859600.0,83008555.0,69040215.0,0.041419337990184414
2024-11-26,29.1,29.2,28.4,28.8,2234328.0,64494227.0,69040215.0,0.032362703389611405
2024-11-27,28.66,28.84,28.0,28.84,2362810.0,67125873.0,69040215.0,0.034223676736812016
2024-11-28,28.75,29.4,28.68,29.0,1840583.0,53573206.0,523251172.0,0.003517589827777777
2024-11-29,29.0,29.47,28.72,29.16,2399140.0,70120814.0,523251172.0,0.004585063786536536
2024-12-02,29.24,29.98,29.19,29.72,3491058.0,103580576.0,523251172.0,0.00667185892132125
2024-12-03,29.8,30.25,29.51,29.85,2676565.0,79906549.0,523251172.0,0.005115258490046917
2024-12-04,29.64,29.82,29.19,29.28,2019456.0,59503948.0,523251172.0,0.003859439038198657
2024-12-05,29.3,29.3,28.84,28.98,1764697.0,51275283.0,523251172.0,0.0033725619634159174
2024-12-06,28.98,29.14,28.82,29.0,1808590.0,52469817.0,523251172.0,0.003456447107585265
2024-12-09,29.0,29.11,28.61,28.92,1708700.0,49339644.0,523251172.0,0.0032655445251444175
2024-12-10,29.35,29.59,29.1,29.15,2751910.0,80774466.0,523251172.0,0.00525925243412546
2024-12-11,29.0,29.95,28.95,29.9,3314664.0,98555165.0,523251172.0,0.0063347473973742
2024-12-12,29.85,30.6,29.64,30.4,3746556.0,113386357.0,523251172.0,0.007160148319744232
2024-12-13,30.14,30.37,29.36,29.36,6562312.0,196301160.0,523251172.0,0.012541418636325578
2024-12-16,29.35,30.08,29.02,29.4,2928230.0,86401654.0,523251172.0,0.00559622253459568
2024-12-17,29.31,29.55,28.94,29.07,2250805.0,65635429.0,523251172.0,0.004301576604973185
2024-12-18,28.91,29.27,28.91,29.05,1654030.0,48061852.0,523251172.0,0.0031610631538155445
2024-12-19,28.93,29.39,28.69,29.08,2208270.0,64276241.0,523251172.0,0.004220286772716488
2024-12-20,29.12,29.88,29.0,29.56,2244367.0,66032449.0,523251172.0,0.004289272762488911
2024-12-23,29.56,29.83,28.32,28.41,3360927.0,97350578.0,523251172.0,0.006423161915058262
2024-12-24,28.38,28.69,27.74,27.98,3250959.0,91250589.0,523251172.0,0.00621299898397552
2024-12-25,27.87,28.39,27.8,28.28,2035407.0,57158572.0,523251172.0,0.0038899234419679427
2024-12-26,28.25,28.55,28.1,28.18,1358800.0,38374712.0,523251172.0,0.002596840815102847
2024-12-27,28.18,28.9,27.94,28.64,1805355.0,51477633.0,523251172.0,0.0034502646082940833
2024-12-30,28.67,28.77,28.15,28.21,1521300.0,43162784.0,523251172.0,0.002907399125710893
2024-12-31,28.2,28.48,27.7,27.7,1558138.0,43724559.0,523251172.0,0.002977801261379688
2025-01-02,27.62,28.13,27.02,27.22,2353540.0,65192111.0,523251172.0,0.004497916346759755
2025-01-03,27.25,27.51,26.74,26.86,1926103.0,52290592.0,523251172.0,0.003681029499920547
2025-01-06,26.84,27.64,26.45,27.31,2172290.0,59255038.0,523251172.0,0.004151524384927704
2025-01-07,27.43,27.49,26.92,27.14,1736760.0,47132382.0,523251172.0,0.0033191707786561823
2025-01-08,27.0,27.34,26.58,26.96,1630290.0,43997539.0,523251172.0,0.0031156929735457906
2025-01-09,27.23,27.38,26.72,26.86,1410970.0,38125366.0,523251172.0,0.0026965443662685194
2025-01-10,26.83,26.83,25.94,26.04,1711739.0,45205372.0,523251172.0,0.0032713524433348046
2025-01-13,26.02,26.38,25.74,26.31,1214070.0,31821592.0,523251172.0,0.002320243250214832
2025-01-14,26.47,26.8,26.1,26.8,2279550.0,60387921.0,523251172.0,0.004356511981209667
2025-01-15,26.78,26.85,26.25,26.32,1753665.0,46520148.0,523251172.0,0.0033514783985997454
2025-01-16,26.5,26.68,26.12,26.24,1497340.0,39531494.0,523251172.0,0.002861608497266777
2025-01-17,26.18,26.36,25.85,26.33,1579822.0,41302657.0,523251172.0,0.0030192421623472256
2025-01-20,26.45,26.64,26.15,26.56,2033172.0,53807050.0,523251172.0,0.0038856520707420414
2025-01-21,26.55,26.7,26.12,26.5,1406500.0,37072932.0,523251172.0,0.0026880016238167164
2025-01-22,26.51,26.55,25.93,26.0,1683100.0,43976780.0,523251172.0,0.0032166196466732423
2025-01-23,26.0,26.39,25.9,26.01,2252593.0,58823157.0,523251172.0,0.004304993701953906
2025-01-24,26.01,26.01,25.3,25.54,3747860.0,95689998.0,523251172.0,0.007162640430741357
2025-01-27,25.6,25.92,25.4,25.41,2455385.0,62974555.0,523251172.0,0.004692555184568225
2025-02-05,25.3,25.53,24.85,25.0,2812746.0,70489660.0,523251172.0,0.0053755178211048514
2025-02-06,24.9,25.09,24.54,25.07,2967386.0,73475379.0,523251172.0,0.005671054665119794
2025-02-07,24.98,25.36,24.83,25.24,3377803.0,84929641.0,523251172.0,0.006455414112287932
2025-02-10,25.09,25.42,25.08,25.36,2368887.0,59830428.0,523251172.0,0.004527246429177611
2025-02-11,25.33,25.33,24.75,24.81,3776460.0,94087032.0,523251172.0,0.007217298693408374
2025-02-12,24.85,25.05,24.6,25.05,2988880.0,74074846.0,523251172.0,0.005712132451754929
2025-02-13,25.08,27.56,25.01,27.56,10142238.0,271885623.0,523251172.0,0.019383115686552155
2025-02-14,27.78,28.3,27.14,27.66,11988727.0,332986623.0,523251172.0,0.02291199263668348
2025-02-17,27.4,27.41,26.52,26.96,7970280.0,214308738.0,523251172.0,0.015232225796142125
2025-02-18,26.85,27.37,26.5,26.66,6302040.0,169562119.0,523251172.0,0.012044005512518947
2025-02-19,26.5,27.21,26.13,27.11,6822390.0,182358927.0,523251172.0,0.013038461001287542
2025-02-20,26.8,27.14,26.43,26.57,5154860.0,137523233.0,523251172.0,0.009851597618590714
2025-02-21,26.5,27.08,26.35,26.9,5119730.0,136979866.0,523251172.0,0.009784459689657417
2025-02-24,27.61,28.24,27.08,27.12,6792055.0,186927718.0,523251172.0,0.012980486931427265
2025-02-25,26.53,26.76,26.21,26.27,4390450.0,115990688.0,523251172.0,0.008390712214209813
2025-02-26,26.15,26.42,25.88,26.42,3331350.0,87072327.0,523251172.0,0.006366636480271467
2025-02-27,26.28,26.36,25.92,26.17,2726370.0,71179093.0,523251172.0,0.005210442223338202
2025-02-28,26.18,26.38,25.58,25.65,2770340.0,71968035.0,523251172.0,0.005294474524368576
2025-03-03,25.65,25.95,25.42,25.55,2487610.0,63782580.0,523251172.0,0.004754141286471882
2025-03-04,25.65,26.48,25.37,26.35,3948990.0,102735082.0,523251172.0,0.00754702561851118
2025-03-05,26.36,26.53,25.78,26.02,2253540.0,58566778.0,523251172.0,0.004306803540231726
2025-03-06,26.03,26.2,25.72,26.06,2754821.0,71672874.0,523251172.0,0.005264815727923491
2025-03-07,26.11,26.78,25.81,26.5,3820470.0,100644043.0,523251172.0,0.007301407439561359
2025-03-10,27.3,27.45,26.41,26.64,4360160.0,116931422.0,523251172.0,0.008332824145112473
2025-03-11,26.4,29.3,26.0,29.3,12677092.0,355907110.0,523251172.0,0.02422754630734014
2025-03-12,29.3,29.45,28.33,28.51,10187609.0,292432470.0,523251172.0,0.01946982547800199
2025-03-13,28.54,28.74,28.03,28.32,5413308.0,153461865.0,523251172.0,0.010345524844806272
2025-03-14,28.26,28.45,27.9,28.29,6340057.0,178766030.0,523251172.0,0.012116660868176709
2025-03-17,28.29,30.59,28.25,29.48,11104009.0,327448610.0,523251172.0,0.02122118323702484
2025-03-18,29.01,29.54,28.81,29.33,5173743.0,150595149.0,523251172.0,0.009887685449847401
2025-03-19,29.4,29.5,29.05,29.18,3420364.0,100050414.0,523251172.0,0.006536753633874326
2025-03-20,29.46,30.01,28.58,28.75,4584684.0,134072956.0,523251172.0,0.008761918262841464
2025-03-21,28.32,29.06,28.13,28.36,3594865.0,102272172.0,523251172.0,0.0068702473923938
2025-03-24,28.37,29.21,28.16,29.14,5479916.0,157444496.0,523251172.0,0.01047282126297846
2025-03-25,28.77,29.91,28.59,29.86,6023899.0,176873749.0,523251172.0,0.011512442441313825
2025-03-26,29.56,31.35,29.38,30.0,12299865.0,372986588.0,523251172.0,0.023506617200658653
2025-03-27,29.5,30.5,29.28,29.47,7296145.0,216826787.0,523251172.0,0.013943867477854402
2025-03-28,29.4,29.44,28.62,29.01,4996350.0,144813977.0,523251172.0,0.009548664708963137
2025-03-31,28.87,29.6,28.35,28.39,4530187.0,130962344.0,523251172.0,0.008657767516667884
2025-04-01,28.54,29.29,28.47,28.93,4582260.0,132620010.0,523251172.0,0.008757285688411224
2025-04-02,28.97,29.68,28.66,29.52,4522590.0,132463744.0,523251172.0,0.00864324867675595
2025-04-03,29.4,30.11,29.1,29.66,4760495.0,141334448.0,523251172.0,0.009097915599126455
2025-04-07,28.8,30.68,28.22,29.5,10066485.0,298887755.0,523251172.0,0.019238342002222977
2025-04-08,29.54,32.3,28.98,31.91,12593067.0,389079669.0,523251172.0,0.024066963771654962
2025-04-09,31.6,34.08,30.3,32.22,13243862.0,425635717.0,523251172.0,0.025310716360899044
2025-04-10,30.9,32.4,30.67,31.53,11231858.0,356747595.0,523251172.0,0.021465519049042855
2025-04-11,31.2,31.32,30.16,30.26,8358806.0,255028548.0,523251172.0,0.01597474873883321
2025-04-14,30.11,30.95,30.01,30.8,7342670.0,224631604.0,523251172.0,0.014032782711091568
2025-04-15,30.75,31.41,30.3,31.14,6542520.0,202201098.0,523251172.0,0.01250359358965755
2025-04-16,30.97,30.97,29.78,30.27,4678120.0,141604473.0,523251172.0,0.008940486424748992
2025-04-17,30.0,30.4,29.64,30.1,3346890.0,100838409.0,523251172.0,0.006396335410405922
2025-04-18,30.1,30.1,28.85,29.04,4558655.0,133312503.0,523251172.0,0.008712173510430283
2025-04-21,28.68,29.28,28.65,29.27,2354420.0,68360297.0,523251172.0,0.0044995981394572015
2025-04-22,29.2,29.64,29.01,29.12,2588230.0,75683534.0,523251172.0,0.004946438992400384
2025-04-23,29.0,29.13,28.4,28.54,3837130.0,109875936.0,523251172.0,0.007333246833128928
2025-04-24,28.53,29.07,28.41,28.54,2971490.0,85234578.0,523251172.0,0.005678897934699704
2025-04-25,28.42,28.89,28.3,28.85,3073500.0,87951149.0,523251172.0,0.0058738521086389465
2025-04-28,28.77,29.1,28.35,28.56,2543300.0,72679555.0,523251172.0,0.004860572008427341
2025-04-29,28.94,29.43,28.09,29.21,4593530.0,133166983.0,523251172.0,0.008778824101706934
2025-04-30,29.32,29.55,29.09,29.21,2912765.0,85336124.0,523251172.0,0.0055666669390661205
2025-05-06,29.44,29.52,29.0,29.24,3396834.0,99219611.0,523251172.0,0.006491784790498281
2025-05-07,29.25,29.74,29.11,29.72,3967949.0,116766985.0,523251172.0,0.0075832586955008295
2025-05-08,29.35,29.68,29.25,29.46,2814120.0,82936281.0,523251172.0,0.005378143711066547
2025-05-09,29.47,29.54,28.52,28.55,3416924.0,98908166.0,523251172.0,0.006530179353329762
2025-05-12,28.61,28.76,28.51,28.62,2912760.0,83365179.0,523251172.0,0.005566657383425794
2025-05-13,28.51,28.56,28.05,28.19,3329839.0,93998019.0,523251172.0,0.006363748765764829
2025-05-14,28.1,28.45,27.93,28.39,2387535.0,67289140.0,523605971.99999994,0.004559793294336223
2025-05-15,28.27,28.75,28.16,28.68,2946520.0,83984984.0,523605971.99999994,0.005627361331929194
2025-05-16,28.54,28.63,28.05,28.23,2031030.0,57411662.0,523605971.99999994,0.0038789282563797805
2025-05-19,28.22,28.58,28.05,28.4,1856759.0,52571446.0,523605971.99999994,0.0035460997377623495
2025-05-20,28.4,29.03,28.26,28.68,2576230.0,73804701.0,523605971.99999994,0.0049201692451284725
2025-05-21,28.59,28.79,28.38,28.53,2194189.0,62633571.0,523605971.99999994,0.0041905347099440654
2025-05-22,28.32,28.45,27.03,27.06,5640267.0,155090147.0,523605971.99999994,0.01077196842972601
2025-05-23,27.0,27.52,26.88,26.96,2767700.0,75107500.0,523605971.99999994,0.005285844982684805
2025-05-26,26.96,27.21,26.76,27.15,1894550.0,51172714.0,523605971.99999994,0.0036182742392403427
2025-05-27,27.1,27.14,26.85,27.03,1267615.0,34235174.0,523605971.99999994,0.0024209330446674127
2025-05-28,27.09,27.09,26.83,26.85,1129940.0,30433551.0,523605971.99999994,0.0021579967770115503
2025-05-29,26.82,27.29,26.6,27.12,1850096.0,49926164.0,523605971.99999994,0.003533374520029348
2025-05-30,27.36,29.79,27.13,29.07,11909710.0,346674406.0,523605971.99999994,0.022745557989930644
2025-06-03,28.94,30.58,28.43,30.31,8445290.0,251704405.0,523605971.99999994,0.01612909411201292
2025-06-04,30.25,30.56,29.8,30.55,5231533.0,158210404.0,523605971.99999994,0.0099913547204538
2025-06-05,30.38,30.45,29.57,29.66,3390515.0,101328556.0,523605971.99999994,0.006475317665017007
2025-06-06,29.85,31.28,29.4,31.02,5333089.0,163348470.0,523605971.99999994,0.010185309727521597
2025-06-09,31.14,32.97,30.5,32.34,7227688.0,233318297.0,523605971.99999994,0.013803677548582277
2025-06-10,32.1,33.5,31.71,31.82,5001411.0,161141695.0,523605971.99999994,0.009551860115147809
2025-06-11,31.66,34.78,31.66,34.27,9455544.0,319560567.0,523605971.99999994,0.018058510608431336
2025-06-12,34.03,34.6,33.4,33.67,5427855.0,184420915.0,523605971.99999994,0.010366296968056736
2025-06-13,33.66,33.99,32.79,33.08,3131319.0,103873055.0,523605971.99999994,0.005980296573087979
2025-06-16,32.96,33.77,32.5,33.28,3950025.0,131320072.0,523605971.99999994,0.00754388836497075
2025-06-17,33.28,33.95,32.66,33.2,3320802.0,110261623.0,523605971.99999994,0.0063421774723379214
2025-06-18,32.91,33.09,32.51,32.8,2101470.0,68856956.0,523605971.99999994,0.004013456897699403
2025-06-19,32.96,33.34,32.67,32.9,1946045.0,64027843.0,523605971.99999994,0.0037166210930840954
2025-06-20,32.91,33.33,32.13,32.32,2775715.0,90563761.0,523605971.99999994,0.0053011522947259285
2025-06-23,32.27,32.7,31.51,31.88,3166290.0,101128180.0,523605971.99999994,0.006047085345313824
2025-06-24,31.91,32.65,31.9,32.26,2594475.0,83691408.0,523605971.99999994,0.004955014149456646
2025-06-25,32.42,32.42,31.51,31.87,3494600.0,110900272.0,523605971.99999994,0.006674102639914123
2025-06-26,31.8,31.81,30.82,31.0,3930030.0,122085018.0,523605971.99999994,0.007505701252773336
2025-06-27,30.99,31.24,30.79,31.13,1987920.0,61827865.0,523605971.99999994,0.003796595352812363
2025-06-30,31.13,31.14,30.51,30.74,3638236.0,111746087.0,523605971.99999994,0.006948423422489154
2025-07-01,30.74,31.2,30.64,30.95,2688457.0,83240483.0,523605971.99999994,0.005134504080866366
2025-07-02,30.97,31.69,30.97,31.59,5669478.0,178155664.0,523605971.99999994,0.01082775656347938
2025-07-03,31.77,32.98,31.04,32.15,8941434.0,286502380.0,523605971.99999994,0.017076646329771045
2025-07-04,32.03,32.73,31.93,32.38,4582785.0,147882958.0,523605971.99999994,0.008752354337165582
2025-07-07,32.36,32.36,31.1,31.21,4609488.0,144590099.0,523605971.99999994,0.008803352609584064
2025-07-08,31.17,31.17,30.33,30.98,5391718.0,165582040.0,523605971.99999994,0.010297281330473444
2025-07-09,30.94,32.28,30.94,31.62,5613836.0,178194438.0,523605971.99999994,0.010721489631902061
2025-07-10,32.25,32.96,30.7,31.55,7882220.0,249729499.0,523605971.99999994,0.015053724406336604
2025-07-11,30.97,32.48,30.9,31.68,5679609.0,180208943.0,523605971.99999994,0.010847105082292684
2025-07-14,31.3,31.82,30.97,31.24,3501150.0,109472592.0,523605971.99999994,0.0066866120465104255
2025-07-15,30.88,30.88,29.85,30.03,5771960.0,174282459.0,523605971.99999994,0.011023480075968272
2025-07-16,29.8,30.3,29.79,30.25,2148910.0,64707980.0,523605971.99999994,0.004104059378451857
2025-07-17,30.2,30.5,30.0,30.22,2166169.0,65341356.0,523605971.99999994,0.004137021187374846
2025-07-18,30.18,30.67,30.01,30.41,2558210.0,77694345.0,524564418.0,0.004876827158337682
2025-07-21,30.3,33.45,30.27,33.15,12804077.0,415222387.0,524564418.0,0.024408969729243054
2025-07-22,32.9,36.47,32.8,35.7,13093886.0,450998802.0,524564418.0,0.02496144524999025
2025-07-23,35.69,37.11,34.8,35.49,11891851.0,422074987.0,524564418.0,0.022669953568981875
2025-07-24,35.14,35.57,34.2,35.49,8233562.0,287127785.0,524564418.0,0.015695997893627623
2025-07-25,36.26,36.7,35.0,35.1,5602232.0,198815055.0,524564418.0,0.010679778894191028
2025-07-28,34.86,35.15,34.35,34.66,3782323.0,131180334.0,524564418.0,0.007210407092461235
2025-07-29,34.86,34.87,31.45,32.28,10981778.0,358498370.0,524564418.0,0.020935041766405132
2025-07-30,31.98,32.76,31.91,32.36,5870307.0,190046057.0,524564418.0,0.011190821944007646
2025-07-31,32.34,32.47,31.83,32.0,3828008.0,122858898.0,524564418.0,0.0072974983979946575
2025-08-01,31.93,32.39,31.72,31.73,2634448.0,84316275.0,524564418.0,0.005022162978656322
2025-08-04,31.42,31.99,31.2,31.8,2570550.0,81644112.0,524564418.0,0.004900351437866684
2025-08-05,31.89,32.06,31.64,31.85,3349730.0,106569962.0,524564418.0,0.00638573621285918
2025-08-06,31.71,32.37,31.44,32.28,4302126.0,137452764.0,524564418.0,0.008201330193921007
2025-08-07,32.1,32.66,31.98,32.35,4838213.0,156226083.0,524564418.0,0.009223296193909972
2025-08-08,32.44,33.31,32.16,33.17,6541790.0,214894966.0,524564418.0,0.01247089923663103
2025-08-11,33.4,33.44,32.8,33.12,5068235.0,167886549.0,524564418.0,0.009661797152242226
2025-08-12,33.04,33.76,32.37,32.59,4860128.0,160054395.0,524564418.0,0.00926507371302489
2025-08-13,32.43,32.7,31.95,32.43,3785733.0,122077251.0,524564418.0,0.007216907724000449
2025-08-14,32.26,32.47,31.61,31.75,3891539.0,124323396.0,524564418.0,0.007418610310697818
2025-08-15,31.65,32.09,31.51,31.9,4230321.0,134411588.0,524564418.0,0.008064445194603344
2025-08-18,31.92,32.3,31.78,32.08,4959968.0,158863889.0,524564418.0,0.009455403054043975
2025-08-19,31.99,32.84,31.99,32.34,4371870.0,141658983.0,524564418.0,0.008334286219161742
2025-08-20,32.3,32.55,31.85,32.5,3665435.0,117990151.0,524564418.0,0.006987578406433202
2025-08-21,32.83,34.0,32.56,33.2,7917277.0,263727261.0,524564418.0,0.015093050020788867
2025-08-22,33.55,34.14,32.7,33.02,5607623.0,185310297.0,524564418.0,0.010690055992322377
2025-08-25,32.97,33.27,32.63,33.27,5143761.0,169754463.0,524564418.0,0.009805775655946225
2025-08-26,33.12,34.55,32.93,34.38,8626188.0,292178610.0,524564418.0,0.016444477940171686
2025-08-27,33.97,34.15,32.82,32.9,7632894.0,256056100.0,524564418.0,0.014550918320197616
2025-08-28,32.98,33.02,31.75,32.31,5925018.0,191606246.0,524564418.0,0.011295119906512607
2025-08-29,32.3,32.7,32.03,32.1,4823690.0,155897646.0,524564418.0,0.009195610366389738
2025-09-01,32.21,32.83,31.8,32.48,3773330.0,122060021.0,524564418.0,0.007193263344827175
2025-09-02,32.48,32.68,31.75,31.82,3826418.0,122853713.0,524564418.0,0.0072944673117344375
2025-09-03,31.7,31.99,30.61,30.83,4832765.0,150509896.0,524564418.0,0.00921291043419571
2025-09-04,30.78,31.19,30.62,31.07,3483690.0,107667111.0,524564418.0,0.006641109996141599
2025-09-05,31.02,31.44,30.38,31.38,4119533.0,127134095.0,524564418.0,0.00785324520429062
2025-09-08,32.0,33.54,31.7,32.8,8756316.0,287332586.0,524564418.0,0.01669254661493262
2025-09-09,32.68,32.98,32.29,32.4,3869600.0,125888461.0,524564418.0,0.007376787039337464
2025-09-10,32.44,32.95,31.7,32.54,4317737.0,139181409.0,524564418.0,0.008231090123234398
2025-09-11,32.41,34.66,32.33,33.51,12698861.0,431401275.0,524564418.0,0.024208391885246018
2025-09-12,33.24,34.21,33.24,33.75,6276415.0,211822767.0,524564418.0,0.011965003314426103
2025-09-15,33.75,35.0,33.41,34.5,6602210.0,227818919.0,524564418.0,0.012586080514519381
2025-09-16,34.39,34.5,32.98,33.39,6008340.0,200823011.0,524564418.0,0.011453960264609485
2025-09-17,33.31,33.55,32.47,32.96,5136515.0,168864944.0,524564418.0,0.009791962290511286
2025-09-18,32.7,32.91,31.44,31.7,6086475.0,195181684.0,524564418.0,0.011602912418661229
2025-09-19,31.55,31.97,31.5,31.95,3882590.0,123105820.0,524564418.0,0.007401550442180392
2025-09-22,31.8,31.84,31.22,31.53,2785850.0,87537841.0,524564418.0,0.005310787206310284
2025-09-23,31.5,31.66,30.88,31.23,2982500.0,93002556.0,524564418.0,0.005685669667361998
2025-09-24,31.26,31.47,30.96,31.4,2844292.0,88869778.0,524564418.0,0.005422197736637181
2025-09-25,31.42,31.49,30.8,30.96,3325417.0,103117742.0,524564418.0,0.006339387281887656
2025-09-26,30.9,31.14,30.71,30.73,2549650.0,78844294.0,524564418.0,0.0048605088574650524
2025-09-29,30.63,30.63,29.62,30.23,4499873.0,134614786.0,524564418.0,0.008578303913857917
2025-09-30,30.3,30.44,29.96,30.25,2179380.0,65831288.0,524564418.0,0.004154647027545815
2025-10-09,29.91,30.48,29.5,30.41,3507430.0,104791513.0,517984418.0,0.006771304074247269
2025-10-10,30.41,31.2,30.11,30.89,3609667.0,111246540.0,517984418.0,0.006968678737359239
2025-10-13,30.73,30.99,30.42,30.62,2539907.0,77778859.0,517984418.0,0.004903442867657845
2025-10-14,30.55,31.88,30.55,31.39,5821890.0,182610715.0,517984418.0,0.011239507980720764
2025-10-15,31.17,31.45,30.9,31.25,2822952.0,88006301.0,517984418.0,0.005449878223943022
2025-10-16,31.3,31.52,30.66,30.68,2344630.0,72519960.0,517984418.0,0.004526448901789166
2025-10-17,30.68,30.98,30.11,30.23,2164990.0,65801126.0,517984418.0,0.004179643102700437
2025-10-20,30.23,30.41,29.86,30.06,1956530.0,58718210.0,517984418.0,0.003777198564301214
2025-10-21,29.98,30.42,29.92,30.26,1729052.0,52154286.0,517984418.0,0.0033380386357490777
2025-10-22,30.15,30.77,30.12,30.3,2080285.0,63408636.0,517984418.0,0.004016115017575683
2025-10-23,30.31,30.53,29.81,30.53,1685475.0,50885635.0,517984418.0,0.003253910622462006
2025-10-24,30.6,30.68,30.22,30.38,1756890.0,53452449.0,517984418.0,0.003391781565135807
2025-10-27,30.28,31.56,30.03,31.22,4420475.0,137164628.0,517984418.0,0.008533992232947827
2025-10-28,31.06,31.16,30.69,30.76,2021240.0,62446080.0,517984418.0,0.0039021251021493083
2025-10-29,30.75,30.85,30.24,30.73,2194421.0,66986034.0,517984418.0,0.004236461414173273
2025-10-30,30.7,30.7,30.13,30.27,1475100.0,44773113.0,517984418.0,0.0028477690616554416
2025-10-31,30.26,30.7,30.25,30.63,2084135.0,63651880.0,517984418.0,0.0040235476735904436
2025-11-03,30.63,31.26,30.58,30.98,2415392.0,74852392.0,517984418.0,0.004663059188780462
2025-11-04,31.05,31.05,30.3,30.46,1937405.0,59383006.0,517984418.0,0.0037402766042278902
2025-11-05,30.45,30.71,30.22,30.5,2049656.0,62449511.0,517984418.0,0.0039569838952182535
2025-11-06,30.16,30.24,29.78,30.03,1625630.0,48699580.0,517984418.0,0.003138376259032564
2025-11-07,30.02,30.46,29.94,30.0,1744030.0,52593645.0,517984418.0,0.0033669545634865024
2025-11-10,30.15,30.73,29.88,30.66,2569250.0,78227309.0,517984418.0,0.004960091289850345
2025-11-11,30.76,30.78,30.29,30.42,2027204.0,61709906.0,517984418.0,0.003913638962012174
2025-11-12,30.45,30.67,30.3,30.52,1741724.0,53082028.0,517984418.0,0.003362502692117661
2025-11-13,30.41,30.52,30.16,30.47,1886024.0,57181372.0,517984418.0,0.0036410825006708987
2025-11-14,30.45,30.64,30.02,30.09,2142630.0,64981734.0,517984418.0,0.00413647578101471
2025-11-17,30.0,30.0,29.11,29.2,4079862.0,119967928.0,517984418.0,0.007876418398361937
2025-11-18,29.18,29.2,28.6,28.74,2717346.0,78426569.0,517984418.0,0.005245999504178135
2025-11-19,28.84,28.89,28.26,28.55,1886030.0,53776020.0,517984418.0,0.0036410940840309216
2025-11-20,28.56,28.68,27.97,28.0,2041580.0,57485747.0,517984418.0,0.003941392692627291
2025-11-21,28.0,28.34,27.6,27.66,1984910.0,55384432.0,517984418.0,0.0038319878572100215
2025-11-24,27.91,28.99,27.86,28.5,3505400.0,100331487.0,517984418.0,0.006767385037439485
2025-11-25,28.48,28.58,28.22,28.26,1709739.0,48501622.0,517984418.0,0.0033007537303950327
2025-11-26,28.26,28.46,28.16,28.19,1384661.0,39180252.0,517984418.0,0.002673171145468704
2025-11-27,28.05,28.32,27.99,28.1,1210307.0,34062795.0,517984418.0,0.0023365702865602417
2025-11-28,28.2,28.34,27.94,28.33,977720.0,27541045.0,517984418.0,0.0018875471269485175
2025-12-01,28.42,28.5,28.13,28.19,1229970.0,34719272.0,517984418.0,0.0023745308879156283
2025-12-02,28.18,28.18,27.86,27.92,1160300.0,32458304.0,517984418.0,0.002240028772448518
2025-12-03,28.0,28.06,27.67,27.75,772767.0,21499332.0,517984418.0,0.0014918730624827404
2025-12-04,27.7,27.94,27.53,27.84,921970.0,25584709.0,517984418.0,0.0017799184067347755
2025-12-05,27.88,27.95,27.57,27.8,1066880.0,29525334.0,517984418.0,0.0020596758568903516
2025-12-08,27.85,28.08,27.58,28.03,1672150.0,46465840.0,517984418.0,0.003228185910410919
2025-12-09,28.07,28.48,27.86,27.89,1373247.0,38558351.0,517984418.0,0.0026511357335849434
2025-12-10,27.77,28.28,27.69,28.17,1461906.0,41088053.0,517984418.0,0.0028222972529648566
2025-12-11,28.06,28.11,27.6,27.61,1988567.0,55161486.0,517984418.0,0.003839047915144042
2025-12-12,27.68,27.73,27.37,27.7,1371165.0,37811825.0,517984418.0,0.0026471163076569612
2025-12-15,27.68,28.42,27.6,28.22,2310140.0,64977950.0,517984418.0,0.0044598638872569325
2025-12-16,28.21,28.37,27.78,27.92,1409046.0,39462531.0,517984418.0,0.0027202478511621944
2025-12-17,28.53,28.83,28.13,28.35,2705022.0,76836138.0,517984418.0,0.005222207282690886
2025-12-18,28.15,28.44,28.03,28.16,1369236.0,38653544.0,517984418.0,0.0026433922574095655
2025-12-19,28.16,28.53,28.06,28.42,1671690.0,47444485.0,517984418.0,0.0032272978528091554
2025-12-22,28.3,28.42,28.12,28.33,1794750.0,50731428.0,517984418.0,0.0034648725668809596
2025-12-23,28.35,28.39,27.84,27.9,1450000.0,40704909.0,517984418.0,0.0027993120055592098
2025-12-24,27.91,27.99,27.53,27.77,1545439.0,42776912.0,517984418.0,0.002983562721765117
2025-12-25,27.68,27.9,27.67,27.79,927130.0,25761100.0,517984418.0,0.0017898800963545587
2025-12-26,27.79,28.15,27.64,28.15,1766054.0,49331783.0,517984418.0,0.003409473217010941
2025-12-29,28.15,29.26,28.08,28.85,4435144.0,127131492.0,517984418.0,0.008562311617644066
2025-12-30,28.85,30.0,28.75,29.45,5733442.0,169432695.0,517984418.0,0.011068753809501659
2025-12-31,29.4,29.68,28.86,29.32,2864120.0,83595829.0,517984418.0,0.005529355518180857
2026-01-05,29.48,29.5,29.02,29.15,1863190.0,54234884.0,517984418.0,0.0035970000935433544
2026-01-06,29.06,29.56,28.93,29.27,2404950.0,70283653.0,517984418.0,0.004642900281220428
2026-01-07,29.33,29.52,28.75,28.79,2167510.0,62822845.0,517984418.0,0.004184508113910098
2026-01-08,28.81,29.16,28.73,28.87,1351101.0,39069857.0,517984418.0,0.0026083815517400372
2026-01-09,28.86,29.04,28.7,28.89,1733882.0,49974361.0,517984418.0,0.0033473632405675957
2026-01-12,28.9,29.1,28.63,29.04,2047662.0,59142485.0,517984418.0,0.003953134358570609
2026-01-13,29.13,29.13,28.62,28.65,2284000.0,65987285.0,517984418.0,0.0044093990487567136
2026-01-14,28.65,28.95,28.26,28.6,2183410.0,62578851.0,517984418.0,0.004215204017971058
2026-01-15,28.56,28.85,28.48,28.58,1624380.0,46553997.0,517984418.0,0.0031359630590277717
2026-01-16,28.61,28.61,28.09,28.27,1947070.0,55163466.0,517984418.0,0.003758935466664945
2026-01-19,28.27,29.04,28.23,28.84,2504120.0,72190034.0,517984418.0,0.00483435391680064
2026-01-20,28.85,28.98,28.5,28.71,1631855.0,46878204.0,517984418.0,0.0031503939950564305
2026-01-21,28.6,28.6,28.26,28.4,2016760.0,57192088.0,517984418.0,0.0038934761933321323
2026-01-22,28.4,28.55,28.05,28.1,2165660.0,61051333.0,517984418.0,0.0041809365779030055
2026-01-23,28.03,28.26,28.02,28.21,1350920.0,38061128.0,517984418.0,0.0026080321203793434
2026-01-26,28.19,28.74,28.0,28.71,2621298.0,74358728.0,517984418.0,0.0050605730769298935
2026-01-27,28.65,28.65,27.5,27.75,3153350.0,87772953.0,517984418.0,0.006087731388089748
2026-01-28,27.44,27.7,27.02,27.54,2676862.0,73079771.0,517984418.0,0.0051678427129829224
2026-01-29,27.45,28.2,27.32,28.05,2387460.0,66354133.0,517984418.0,0.004609134786753373
2026-01-30,28.18,29.13,27.95,28.62,4949890.0,142597754.0,517984418.0,0.00955605965737757
2026-02-02,28.37,28.89,27.78,28.16,3313470.0,93586224.0,517984418.0,0.006396852655903638
2026-02-03,28.06,28.37,27.61,28.09,2169723.0,60701175.0,517984418.0,0.0041887804431985825
2026-02-04,28.28,28.34,27.9,28.28,1704640.0,47970917.0,517984418.0,0.0032909098049354836
2026-02-05,28.36,28.7,28.12,28.25,1909440.0,54189806.0,517984418.0,0.003686288493720674
2026-02-06,28.05,28.78,27.91,28.47,2006520.0,57092175.0,517984418.0,0.0038737072588928725
2026-02-09,28.47,28.6,28.32,28.44,1330170.0,37839270.0,517984418.0,0.002567973000299789
2026-02-10,28.5,28.55,28.08,28.37,1415800.0,40062448.0,517984418.0,0.002733286853428089
2026-02-11,28.23,28.26,27.94,28.03,1259598.0,35350769.0,517984418.0,0.00243172951970922
2026-02-12,27.98,27.98,27.59,27.69,1254860.0,34769513.0,517984418.0,0.002422582526411055
2026-02-13,27.85,27.87,27.41,27.47,1025200.0,28356127.0,517984418.0,0.001979210115930553
2026-02-24,27.5,27.69,27.37,27.58,1065095.0,29353711.0,517984418.0,0.002056229807283508
2026-02-25,27.58,28.0,27.57,27.72,1163400.0,32388928.0,517984418.0,0.002246013508460403
2026-02-26,27.74,28.1,27.71,27.88,1889132.0,52782089.0,517984418.0,0.0036470826811628144
2026-02-27,27.82,28.38,27.8,28.37,1862800.0,52573398.0,517984418.0,0.0035962471751418592
2026-03-02,28.16,28.7,27.96,28.33,2171596.0,61767913.0,517984418.0,0.004192396382085764
2026-03-03,28.46,29.1,28.19,28.57,2844540.0,81738941.0,517984418.0,0.0054915551533057895
2026-03-04,28.55,29.09,28.36,28.92,3328190.0,95722790.0,517984418.0,0.006425270499160073
2026-03-05,29.05,29.05,27.83,27.94,3168500.0,89375291.0,517984418.0,0.0061169793721478315
2026-03-06,27.99,29.29,27.8,29.12,4458185.0,128588605.0,517984418.0,0.008606793650692404
2026-03-09,28.9,29.55,28.86,28.89,3600100.0,105174208.0,517984418.0,0.006950209069802559
2026-03-10,28.83,29.39,28.6,29.06,2594520.0,75367355.0,517984418.0,0.005008876541147228
2026-03-11,29.0,30.1,28.81,29.54,3492520.0,102910129.0,517984418.0,0.006742519424590104
2026-03-12,29.75,30.49,29.27,30.45,6099819.0,183753600.0,517984418.0,0.011776066592026325
2026-03-13,30.45,30.81,30.1,30.22,3528710.0,107323841.0,517984418.0,0.006812386391128854
2026-03-16,30.3,31.15,30.04,30.2,3797450.0,115834361.0,517984418.0,0.007331205086559186
2026-03-17,30.0,30.98,29.95,30.3,3885290.0,118707418.0,517984418.0,0.00750078547729596
2026-03-18,30.2,30.34,29.82,30.13,2924300.0,87918793.0,517984418.0,0.005645536619211584
2026-03-19,30.2,31.8,29.65,31.5,6217170.0,190173836.0,517984418.0,0.012002619739036243
2026-03-20,30.75,31.33,30.38,30.56,4647510.0,142837251.0,517984418.0,0.008972296923418263
2026-03-23,30.28,30.73,29.3,29.51,4062530.0,121706112.0,517984418.0,0.007842957932375487
2026-03-24,30.1,30.12,28.7,29.46,3263630.0,95287864.0,517984418.0,0.006300633545312555
2026-03-25,29.17,29.72,29.01,29.43,2166500.0,63650574.0,517984418.0,0.004182558248306226
2026-03-26,29.42,29.65,28.71,28.93,2366500.0,68870594.0,517984418.0,0.0045686702490730135
2026-03-27,28.6,29.6,27.85,28.41,5677880.0,161576716.0,517984418.0,0.010961488034568638
2026-03-30,28.21,28.99,28.12,28.58,2873300.0,82351576.0,517984418.0,0.005547078059016053
2026-03-31,28.55,28.87,27.23,27.33,4592966.0,126794246.0,517984418.0,0.008866996458569146
2026-04-01,27.53,27.54,26.95,27.25,1923796.0,52315710.0,517984418.0,0.003714003613135714
2026-04-02,27.25,29.32,27.21,28.58,6620630.0,188678493.0,517984418.0,0.012781523478183083
2026-04-03,28.3,28.3,27.21,27.28,3886440.0,106652433.0,517984418.0,0.007503005621300369
2026-04-07,27.11,29.45,26.69,28.59,5887260.0,166383278.0,517984418.0,0.011365708688171388
2026-04-08,28.31,29.03,28.18,28.9,3104290.0,89047524.0,517984418.0,0.005993018114301654
2026-04-09,28.76,29.07,28.28,28.38,2759400.0,78892833.0,517984418.0,0.005327187274579368
2026-04-10,28.49,29.12,28.07,28.42,3059080.0,87689217.0,517984418.0,0.005905737496528322
2026-04-13,28.54,29.57,28.27,29.25,4133340.0,120282906.0,517984418.0,0.007979660886246968
2026-04-14,29.03,31.4,29.03,30.41,6440140.0,196183049.0,517984418.0,0.012433076703091095
2026-04-15,30.32,31.1,29.97,30.96,4629080.0,141408850.0,517984418.0,0.008936716702547604
2026-04-16,30.96,30.96,30.23,30.76,3201604.0,97976737.0,517984418.0,0.0061808886305147505
2026-04-17,30.5,30.65,29.96,30.06,3047644.0,92019369.0,517984418.0,0.005883659612324477
2026-04-20,30.41,30.6,29.52,30.16,3037492.0,90990675.0,517984418.0,0.005864060567165555
2026-04-21,30.0,30.58,29.8,30.36,2354050.0,71176327.0,517984418.0,0.0045446347770252814
2026-04-22,30.06,31.0,30.05,30.35,3370590.0,102954570.0,517984418.0,0.006507126243322632
2026-04-23,30.11,30.94,29.85,30.32,3201830.0,97182643.0,517984418.0,0.006181324937075617
2026-04-24,30.15,30.25,29.35,29.37,2462830.0,72865081.0,517984418.0,0.004754641094242337
2026-04-27,29.0,29.0,28.04,28.08,4070320.0,115486435.0,517984418.0,0.007857996994805353
2026-04-28,28.07,28.59,27.53,28.54,2933550.0,82325615.0,517984418.0,0.005663394299247048
2026-04-29,28.46,30.2,28.36,29.45,4266630.0,125793028.0,517984418.0,0.008236985229157993
2026-04-30,29.47,30.38,29.25,29.96,4153710.0,124632410.0,517984418.0,0.008018986393525065
2026-05-06,29.85,30.2,29.64,30.17,3273486.0,97912135.0,517984418.0,0.006319661144710342
2026-05-07,30.15,30.56,29.63,30.28,2885050.0,86859505.0,517984418.0,0.005569762139061102
2026-05-08,30.24,30.61,29.42,29.51,2919680.0,86845894.0,517984418.0,0.005636617431993871
2026-05-11,29.88,31.18,29.51,30.59,5147220.0,157519687.0,517984418.0,0.00993701706293412
2026-05-12,30.61,30.88,29.53,29.73,3360480.0,100810930.0,517984418.0,0.006487608281683871
2026-05-13,29.75,29.93,28.63,28.7,3877200.0,111919221.0,517984418.0,0.0074851672468649435
2026-05-14,28.69,31.57,28.69,31.57,7569989.0,228870860.0,517984418.0,0.014614317992862867
2026-05-15,31.03,31.19,30.02,30.02,7505040.0,229281775.0,517984418.0,0.014488930051173856
2026-05-18,30.03,30.32,29.03,29.32,5197800.0,153272891.0,517984418.0,0.010034664787928041
2026-05-19,29.6,30.4,28.35,29.27,6420280.0,187442596.0,517984418.0,0.012394735781414954
2026-05-20,29.1,29.64,28.6,28.91,3553300.0,102904354.0,517984418.0,0.006859858861623131
2026-05-21,28.66,29.44,28.28,28.65,4918070.0,141979599.0,517984418.0,0.009494629238055574
2026-05-22,28.68,29.2,27.94,28.08,3932020.0,111149588.0,517984418.0,0.007591000546275119
2026-05-25,27.75,28.54,27.63,28.29,2938967.0,82596187.0,517984418.0,0.005673852142787816
2026-05-26,28.01,28.53,27.79,28.01,2885150.0,81055917.0,517984418.0,0.005569955195061486
2026-05-27,28.0,28.0,27.1,27.29,3044270.0,83431288.0,517984418.0,0.005877145902871542
2026-05-28,27.2,27.29,26.1,26.6,2834742.0,75703017.0,517984418.0,0.005472639526388224
2026-05-29,26.49,27.55,26.12,27.12,3700780.0,99958993.0,517984418.0,0.00714457785098856
2026-06-01,27.07,27.55,26.81,27.2,2591470.0,70405553.0,517984418.0,0.005002988333135535
2026-06-02,26.88,27.13,26.24,26.46,2076500.0,55060738.0,517984418.0,0.004008807847961171
2026-06-03,26.66,26.7,25.97,26.52,2148720.0,56498671.0,517984418.0,0.004148232891438059
2026-06-04,26.38,26.7,25.5,25.57,2315670.0,60123744.0,517984418.0,0.004470539884078134
2026-06-05,25.57,25.81,25.25,25.4,1685030.0,43011199.0,517984418.0,0.0032530515232603
2026-06-08,25.01,25.74,24.31,24.6,2524780.0,62702974.0,517984418.0,0.004874239286479849
2026-06-09,24.61,24.8,24.19,24.53,1507580.0,36890658.0,517984418.0,0.0029104736505799677
2026-06-10,24.4,25.5,24.29,25.49,2991170.0,75267882.0,517984418.0,0.005774633166667959
2026-06-11,25.4,25.78,24.88,25.62,2082800.0,53089815.0,517984418.0,0.004020970375985326
2026-06-12,25.34,26.05,25.12,26.05,1752150.0,45093685.0,517984418.0,0.003382630710717634
2026-06-15,26.02,26.5,25.92,26.31,1742411.0,45694297.0,517984418.0,0.0033638289868402954
2026-06-16,26.0,26.5,25.64,26.2,1786510.0,46632473.0,517984418.0,0.003448964752449368
2026-06-17,26.27,26.8,25.8,26.42,1891780.0,49810300.0,517984418.0,0.0036521948040529667
2026-06-18,26.37,26.37,25.56,25.68,1681605.0,43402219.0,517984418.0,0.0032464393552471688
2026-06-22,25.5,25.61,24.85,25.44,1860530.0,46954346.0,517984418.0,0.0035918648039331563
2026-06-23,25.7,26.45,25.51,25.65,2174870.0,56569668.0,517984418.0,0.0041987170355383165
2026-06-24,25.98,26.0,24.9,24.95,1794760.0,45358517.0,517984418.0,0.003464891872480998
2026-06-25,24.82,25.2,24.32,24.75,1870743.0,46209528.0,517984418.0,0.003611581613252312
2026-06-26,24.85,27.23,24.84,27.23,5469258.0,144847062.0,517984418.0,0.010558730745448795
2026-06-29,26.83,29.27,26.55,28.8,8952300.0,251898294.0,517984418.0,0.01728295232232256
2026-06-30,28.2,28.61,27.21,27.88,5118680.0,143176913.0,517984418.0,0.0098819188804247
2026-07-01,28.0,30.1,27.71,29.4,6693690.0,195298172.0,517984418.0,0.012922570192063191
2026-07-02,29.52,29.99,28.8,29.2,5373516.0,157481349.0,517984418.0,0.010373895069561725
2026-07-03,29.03,29.5,28.65,29.1,3380416.0,98058672.0,517984418.0,0.006526095925920305
2026-07-06,29.44,30.29,29.31,30.16,5115998.0,153001276.0,517984418.0,0.009876741118494417
2026-07-07,29.9,29.98,29.42,29.7,2938667.0,87166935.0,517984418.0,0.005673272974786666
2026-07-08,29.41,29.71,28.46,28.46,3900800.0,112968508.0,517984418.0,0.007530728462955424
2026-07-09,28.55,29.28,28.1,28.66,3063800.0,87423049.0,517984418.0,0.0059148497397464184
2026-07-10,28.35,29.28,28.04,28.83,2423200.0,69918136.0,517984418.0,0.004678133001290398
2026-07-13,28.59,30.38,28.35,30.2,5538130.0,164675212.0,517984418.0,0.010691692274032846
2026-07-14,29.97,30.48,29.25,30.03,3864720.0,115486047.0,517984418.0,0.007461073858017096
2026-07-15,29.58,31.13,29.57,30.7,5069840.0,155327540.0,517984418.0,0.009787630329837451
2026-07-16,30.55,32.77,30.0,31.74,7423261.0,231118953.0,517984418.0,0.01433105078462032
2026-07-17,31.51,31.82,30.71,30.89,4456520.0,138586941.0,517984418.0,0.00860357926828602
2026-07-20,30.46,32.16,30.02,31.65,5495116.0,171367269.0,517984418.0,0.010608651166027933
2026-07-21,30.85,31.53,30.23,30.49,4476038.0,137546673.0,517984418.0,0.008641259938440851
2026-07-22,30.32,31.48,30.24,31.3,4290410.0,132536164.0,517984418.0,0.008282893946049166
2026-07-23,31.01,31.29,30.22,30.53,3690651.0,113035023.0,517984418.0,0.007125023208709726
2026-07-24,30.1,30.65,29.91,30.1,2592181.0,78492790.0,517984418.0,0.005004360961298261
2026-07-27,30.05,30.59,29.8,30.02,3069093.0,92311623.0,517984418.0,0.005925068193846712
2026-07-28,29.95,30.24,29.58,29.93,2154361.0,64272673.0,517984418.0,0.004159123180419686
2026-07-29,30.0,30.25,29.23,29.57,3997140.0,119190772.0,517984418.0,0.007716718613724785
2026-07-30,29.58,30.81,29.49,29.88,3934490.0,118302679.0,517984418.0,0.00759576902948459
2026-07-31,29.49,29.99,29.39,29.75,2491194.0,74028602.0,517984418.0,0.004809399498191083
2026-08-03,29.75,30.0,29.2,29.27,2202900.0,65086172.0,517984418.0,0.0042528306324457815
2026-08-04,29.15,29.36,28.73,28.96,2248478.0,65158048.0,517984418.0,0.004340821696300525
2026-08-05,28.67,29.96,28.67,29.78,2706251.0,79836306.0,517984418.0,0.005224579940935598
2026-08-06,29.88,30.24,29.51,30.03,2429407.0,72607490.0,517984418.0,0.004690115987234195
2026-08-07,29.88,30.14,29.47,29.73,2469400.0,73506286.0,517984418.0,0.004767324873467526
2026-08-10,29.81,31.75,29.8,31.57,5467402.0,170079711.0,517984418.0,0.010555147626081679
2026-08-11,31.46,31.96,31.1,31.37,3383689.0,106851996.0,517984418.0,0.006532414648812853
2026-08-12,31.29,31.56,30.68,31.25,2836309.0,88224748.0,517984418.0,0.005475664713914232
2026-08-13,31.26,31.6,30.85,31.38,2858529.0,89205435.0,517984418.0,0.005518561757199422
2026-08-14,31.2,31.35,30.5,30.56,2656100.0,81915704.0,517984418.0,0.005127760426183322
2026-08-17,30.75,31.5,30.47,30.7,2953200.0,91067529.0,517984418.0,0.005701329803322385
2026-08-18,30.55,31.3,30.5,31.12,3427548.0,106581323.0,517984418.0,0.006617087080021005
2026-08-19,31.13,31.2,29.8,29.96,3175570.0,96567744.0,517984418.0,0.0061306284313749375
2026-08-20,29.82,30.53,29.6,30.42,2347677.0,70807981.0,517984418.0,0.004532331318120847
2026-08-21,30.7,31.25,30.13,30.23,2462523.0,75172455.0,517984418.0,0.00475404841232116
2026-08-24,29.99,30.87,29.68,30.78,2807080.0,84980411.0,517984418.0,0.00541923637556217
2026-08-25,30.79,32.31,30.7,32.08,4122040.0,130789084.0,517984418.0,0.007957845558203645
2026-08-26,31.96,32.48,31.68,32.11,3133240.0,100725832.0,517984418.0,0.006048907826412647
2026-08-27,31.95,32.54,31.71,32.38,2712001.0,87160523.0,517984418.0,0.005235680660957643
2026-08-28,33.22,33.22,31.15,32.78,4834780.0,154606098.0,517984418.0,0.009333832895336245
2026-08-31,32.62,34.32,32.5,33.73,5773591.0,193876275.0,517984418.0,0.011146263863095588
2026-09-01,33.76,34.24,33.23,33.3,3386707.0,113731783.0,517984418.0,0.006538241078904424
2026-09-02,33.08,33.95,32.95,33.15,3090260.0,103153611.0,517984418.0,0.005965932357447864
2026-09-03,33.15,33.79,32.6,33.49,2665980.0,88525092.0,517984418.0,0.005146834359021201
2026-09-04,33.67,36.66,33.08,35.67,9120076.0,326400953.0,517984418.0,0.017606853957525804
2026-09-07,35.5,36.62,35.28,36.47,5650245.0,204524261.0,517984418.0,0.010908137008862687
2026-09-08,36.66,36.85,35.82,35.9,3652930.0,131958390.0,517984418.0,0.007052200554805106
2026-09-09,36.21,36.21,35.26,35.5,3033660.0,108012473.0,517984418.0,0.005856662661230864
2026-09-10,35.23,35.53,33.85,34.11,4051135.0,139770689.0,517984418.0,0.0078209592011318
2026-09-11,33.86,34.09,33.4,33.82,3260450.0,109970033.0,517984418.0,0.0062944943645003625
2026-09-14,33.71,34.16,33.23,33.52,2380130.0,79826149.0,517984418.0,0.004594983781925271
2026-09-15,33.37,34.83,33.2,33.93,4015200.0,137099883.0,517984418.0,0.007751584527394027
2026-09-16,34.22,34.22,32.94,33.05,2908101.0,96762393.0,517984418.0,0.005614263477709478
2026-09-17,33.09,33.3,32.4,32.63,2536349.0,82864807.0,517984418.0,0.004896573935164204
2026-09-18,32.5,33.05,32.25,32.87,2131750.0,69734945.0,517984418.0,0.004115471288172997
2026-09-21,32.87,34.42,32.59,34.23,3379901.0,114358209.0,517984418.0,0.00652510168751833
2026-09-22,34.05,34.25,33.44,34.13,2346800.0,79567183.0,517984418.0,0.004530638216997485
2026-09-23,33.9,34.14,33.33,33.6,1982770.0,66907466.0,517984418.0,0.0038278564588018166
2026-09-24,33.05,33.3,30.24,30.3,9861289.0,304775328.0,517984418.0,0.01903781012964757
