date,open,high,low,close,volume,amount,outstanding_share,turnover
2021-01-04,20.69,20.8,20.29,20.65,349147.0,7200610.0,20989608.0,0.016634279210931427
2021-01-05,20.73,20.73,20.37,20.45,332581.0,6820961.0,20989608.0,0.015845031503208637
2021-01-06,20.37,20.55,20.01,20.08,367582.0,7414265.0,20989608.0,0.017512570982745366
2021-01-07,20.01,20.01,18.3,18.73,2585108.0,48467718.0,20989608.0,0.1231613282153721
2021-01-08,18.7,18.75,18.25,18.65,558972.0,10383386.0,20989608.0,0.02663089277322378
2021-01-11,18.65,18.65,17.76,18.06,686970.0,12460391.0,20989608.0,0.03272905334868569
2021-01-12,18.05,18.34,17.8,17.9,359657.0,6503322.0,20989608.0,0.01713500318824439
2021-01-13,17.9,18.09,17.13,17.26,606578.0,10508735.0,20989608.0,0.02889896752716868
2021-01-14,17.25,17.92,17.06,17.6,816304.0,14324291.0,20989608.0,0.03889086446969377
2021-01-15,17.55,18.64,17.55,18.43,927815.0,16875466.0,20989608.0,0.04420354110472192
2021-01-18,18.28,18.57,18.11,18.16,550567.0,10061928.0,20989608.0,0.026230456519245143
2021-01-19,18.17,18.55,18.06,18.5,381917.0,6991650.0,20989608.0,0.018195527996520945
2021-01-20,18.48,18.75,18.31,18.54,365552.0,6786587.0,20989608.0,0.017415856456204422
2021-01-21,18.46,18.66,18.3,18.42,248654.0,4591019.0,20989608.0,0.01184652900616343
2021-01-22,18.37,18.37,17.9,18.28,354709.0,6426326.0,20989608.0,0.016899267485128832
2021-01-25,18.2,18.2,17.51,17.78,338177.0,6011303.0,20989608.0,0.01611163962661904
2021-01-26,17.77,18.08,17.6,17.64,334927.0,5956516.0,20989608.0,0.015956801098905706
2021-01-27,17.64,17.75,17.41,17.58,315724.0,5548233.0,20989608.0,0.01504191979192751
2021-01-28,17.57,17.9,17.41,17.53,171100.0,3021511.0,20989608.0,0.008151652951308095
2021-01-29,17.53,17.53,17.03,17.19,424129.0,7319830.0,20989608.0,0.020206618437085627
2021-02-01,17.19,18.5,17.18,18.08,603018.0,10788127.0,20989608.0,0.028729359786042692
2021-02-02,17.96,18.2,17.5,17.5,378442.0,6715031.0,20989608.0,0.01802996987842746
2021-02-03,17.3,17.57,17.02,17.23,283135.0,4890002.0,20989608.0,0.013489294321266028
2021-02-04,17.18,17.24,16.53,16.59,447339.0,7503421.0,20989608.0,0.021312403738078387
2021-02-05,16.64,16.93,16.5,16.61,304788.0,5085233.0,20989608.0,0.014520900056828122
2021-02-08,16.5,16.76,16.11,16.31,318007.0,5205159.0,20989608.0,0.015150687902318138
2021-02-09,16.35,16.93,16.25,16.82,416357.0,6944442.0,20989608.0,0.01983633996404316
2021-02-10,16.7,17.64,16.7,17.39,504970.0,8723313.0,20989608.0,0.024058095796739034
2021-02-18,17.34,18.16,17.34,18.05,661102.0,11829057.0,20989608.0,0.031496633953335386
2021-02-19,17.86,18.68,17.84,18.4,602904.0,11006078.0,20989608.0,0.02872392852691675
2021-02-22,18.36,18.75,18.3,18.45,408865.0,7597436.0,20989608.0,0.019479401425695993
2021-02-23,18.48,18.65,18.08,18.25,301297.0,5515020.0,20989608.0,0.014354579656752046
2021-02-24,18.24,18.71,18.24,18.33,341762.0,6332281.0,20989608.0,0.016282438433342823
2021-02-25,18.3,18.37,17.88,17.9,311679.0,5647000.0,20989608.0,0.0148492053782043
2021-02-26,18.07,18.67,17.81,18.2,387867.0,7083944.0,20989608.0,0.018479001608796123
2021-03-01,18.31,18.59,18.24,18.45,375052.0,6904540.0,20989608.0,0.017868461383366473
2021-03-02,18.47,18.96,18.45,18.73,526383.0,9862108.0,20989608.0,0.025078267302562296
2021-03-03,18.75,19.19,18.62,18.86,493071.0,9278933.0,20989608.0,0.023491196214812587
2021-03-04,18.66,18.93,18.6,18.63,388330.0,7268203.0,20989608.0,0.018501060143667286
2021-03-05,18.76,19.05,18.58,18.73,391346.0,7352484.0,20989608.0,0.018644750297385257
2021-03-08,18.73,19.04,18.67,18.67,300297.0,5662191.0,20989608.0,0.014306937032840252
2021-03-09,18.66,18.66,17.8,18.0,402225.0,7297479.0,20989608.0,0.019163054402921674
2021-03-10,18.06,18.33,17.38,17.51,269462.0,4767159.0,20989608.0,0.012837876724520058
2021-03-11,17.66,17.98,17.51,17.9,264994.0,4727387.0,20989608.0,0.012625009480882158
2021-03-12,17.91,18.27,17.81,17.9,264589.0,4761176.0,20989608.0,0.012605714218197882
2021-03-15,17.82,18.04,17.75,17.97,227458.0,4069409.0,20989608.0,0.010836695949729028
2021-03-16,18.08,19.0,17.95,18.66,450475.0,8357058.0,20989608.0,0.021461811006665776
2021-03-17,18.66,18.77,18.4,18.58,253969.0,4699236.0,20989608.0,0.01209974955225462
2021-03-18,18.58,18.94,18.54,18.8,286972.0,5376490.0,20989608.0,0.013672099069215585
2021-03-19,18.61,19.18,18.42,18.72,596661.0,11268723.0,20989608.0,0.028426495625835414
2021-03-22,18.73,19.55,18.12,19.35,1360839.0,25945323.0,21914800.0,0.06209680216109661
2021-03-23,19.35,19.35,18.62,18.81,608265.0,11554622.0,21914800.0,0.027755900122291784
2021-03-24,19.0,19.77,18.85,19.04,745696.0,14327833.0,21914800.0,0.034027050212641685
2021-03-25,19.09,19.22,18.31,18.35,785977.0,14548627.0,21914800.0,0.03586512311314728
2021-03-26,18.4,18.68,18.36,18.53,299301.0,5551174.0,21914800.0,0.013657482614488839
2021-03-29,18.68,18.68,18.33,18.35,288294.0,5320255.0,21914800.0,0.013155219303849454
2021-03-30,18.01,18.24,17.83,17.86,341883.0,6163795.0,21914800.0,0.015600553050906237
2021-03-31,17.9,18.34,17.8,18.21,328319.0,5964800.0,21914800.0,0.014981610601054995
2021-04-01,18.1,18.39,18.07,18.13,241559.0,4385974.0,21914800.0,0.01102264223264643
2021-04-02,18.15,18.54,18.0,18.42,264435.0,4849819.0,21914800.0,0.012066503002537098
2021-04-06,18.38,18.7,18.22,18.48,268476.0,4963578.0,21914800.0,0.012250898935878949
2021-04-07,18.67,18.67,18.31,18.52,343624.0,6347499.0,21914800.0,0.015679997079599176
2021-04-08,18.44,18.61,18.19,18.25,367213.0,6762816.0,21914800.0,0.016756392939931006
2021-04-09,18.29,18.46,18.11,18.31,237011.0,4337955.0,21914800.0,0.010815111249018928
2021-04-12,18.44,18.47,18.18,18.42,298767.0,5477563.0,21914800.0,0.013633115520105134
2021-04-13,18.36,18.36,17.92,18.01,504347.0,9127551.0,21914800.0,0.02301399054520233
2021-04-14,17.98,18.57,17.8,18.37,417187.0,7613091.0,21914800.0,0.01903676967163743
2021-04-15,18.37,19.19,18.37,18.76,1374775.0,25933717.0,21914800.0,0.06273271944074324
2021-04-16,18.8,18.95,18.16,18.66,1151191.0,21291891.0,21914800.0,0.052530299158559515
2021-04-19,18.77,19.8,18.67,19.57,1916610.0,37165453.0,21914800.0,0.08745733476919708
2021-04-20,19.57,22.18,19.51,19.89,3478297.0,70772546.0,21914800.0,0.15871908481939145
2021-04-21,19.68,20.24,19.25,19.93,1754189.0,34452203.0,21914800.0,0.08004585941920529
2021-04-22,20.13,21.08,19.79,20.66,2624163.0,54086268.0,21914800.0,0.11974387172139377
2021-04-23,20.66,21.0,20.21,20.39,1273543.0,26214314.0,21914800.0,0.05811337543577856
2021-04-26,20.59,20.59,19.53,19.54,1246330.0,24764955.0,21914800.0,0.056871611878730355
2021-04-27,19.55,19.9,18.79,18.9,1071296.0,20462506.0,21914800.0,0.04888458940989651
2021-04-28,19.27,19.74,18.84,19.3,967454.0,18591314.0,21914800.0,0.044146147808786756
2021-04-29,19.31,19.37,19.0,19.0,461321.0,8820060.0,21914800.0,0.0210506598280614
2021-04-30,18.81,19.0,18.53,18.65,475823.0,8899134.0,21914800.0,0.021712404402504243
2021-05-06,18.47,19.21,18.47,19.05,573140.0,10879308.0,21914800.0,0.026153102013251318
2021-05-07,18.74,19.7,18.74,18.95,429759.0,8145285.0,21914800.0,0.01961044590870097
2021-05-10,18.68,18.86,18.49,18.51,420336.0,7809400.0,21914800.0,0.01918046251848066
2021-05-11,18.3,18.73,18.3,18.64,230580.0,4276169.0,21914800.0,0.01052165659736799
2021-05-12,18.48,18.69,18.23,18.66,361818.0,6677555.0,21914800.0,0.016510212276634968
2021-05-13,18.36,18.57,18.31,18.35,363667.0,6703588.0,21914800.0,0.016594584481720118
2021-05-14,18.43,19.1,18.36,18.48,933627.0,17443573.0,21914800.0,0.04260257907897859
2021-05-17,18.82,18.82,17.9,17.93,795443.0,14407539.0,21914800.0,0.03629706864767189
2021-05-18,18.25,18.3,17.93,18.19,398372.0,7218260.0,21914800.0,0.01817821746034643
2021-05-19,18.08,18.36,18.08,18.12,285541.0,5188262.0,21914800.0,0.013029596437110994
2021-05-20,18.48,18.48,18.04,18.13,205571.0,3724592.0,21914800.0,0.009380464343731177
2021-05-21,17.77,18.01,17.61,17.7,577587.0,10294074.0,21914800.0,0.02635602423932685
2021-05-24,17.7,17.86,17.67,17.8,291698.0,5178008.0,21914800.0,0.013310548122729844
2021-05-25,17.83,18.24,17.79,18.18,457537.0,8253240.0,21914800.0,0.020877991129282493
2021-05-26,18.14,18.39,18.08,18.26,407932.0,7427895.0,21914800.0,0.018614452333582783
2021-05-27,18.2,19.1,18.2,18.97,1205364.0,22555547.0,21914800.0,0.055002281563144545
2021-05-28,18.97,19.27,18.37,18.54,618654.0,11553098.0,21914800.0,0.028229963312464634
2021-05-31,18.54,18.93,18.46,18.69,513866.0,9588665.0,21914800.0,0.023448354536660155
2021-06-01,18.64,19.08,18.48,18.93,639232.0,12056834.0,21914800.0,0.029168963440232173
2021-06-02,19.01,19.69,18.85,19.37,1127672.0,21869449.0,21914800.0,0.05145709748663004
2021-06-03,19.27,19.68,18.98,19.37,1064508.0,20510455.0,21914800.0,0.04857484439739354
2021-06-04,19.53,19.53,19.11,19.16,492846.0,9482108.0,21914800.0,0.022489185390694874
2021-06-07,19.16,19.64,18.86,19.04,407229.0,7753630.0,21914800.0,0.01858237355577053
2021-06-08,18.87,19.13,18.68,18.88,692237.0,13059781.0,21914800.0,0.03158764852976071
2021-06-09,18.95,19.0,18.71,18.89,255424.0,4815170.0,21914800.0,0.011655319692627814
2021-06-10,18.81,19.07,18.74,18.91,275215.0,5204889.0,21914800.0,0.012558408016500265
2021-06-11,18.83,19.28,18.75,18.96,583088.0,11126340.0,21914800.0,0.02660704181648931
2021-06-15,19.33,19.5,19.01,19.2,630014.0,12109074.0,21914800.0,0.028748334458904484
2021-06-16,18.85,19.14,18.65,18.73,315164.0,5932678.0,21914800.0,0.014381331337726103
2021-06-17,18.73,18.82,18.23,18.53,483612.0,8937933.0,21914800.0,0.02206782630916093
2021-06-18,18.39,18.42,18.01,18.29,469240.0,8541481.0,21914800.0,0.0214120137988939
2021-06-21,18.58,18.7,18.22,18.46,412261.0,7625628.0,21914800.0,0.018811990070637195
2021-06-22,18.65,18.75,18.4,18.59,663663.0,12337385.0,21914800.0,0.030283780823918083
2021-06-23,18.73,19.4,18.6,19.05,915965.0,17456852.0,21914800.0,0.041796639713800716
2021-06-24,19.24,19.24,18.78,18.93,483967.0,9189495.0,21914800.0,0.022084025407487176
2021-06-25,18.83,18.96,18.25,18.64,439446.0,8210034.0,21914800.0,0.020052475952324456
2021-06-28,18.8,18.8,18.46,18.65,320126.0,5964012.0,21914800.0,0.01460775366419041
2021-06-29,18.72,18.74,18.3,18.3,408694.0,7539856.0,21914800.0,0.0186492233559056
2021-06-30,18.3,18.6,18.23,18.42,423240.0,7810751.0,21964699.999999996,0.019269099964943755
2021-07-01,18.42,18.67,18.06,18.67,591433.0,10787369.0,21964699.999999996,0.02692652301192368
2021-07-02,18.34,18.49,18.05,18.22,375601.0,6812384.0,21964699.999999996,0.01710021079277204
2021-07-05,18.25,18.25,18.01,18.13,286843.0,5198801.0,21964699.999999996,0.013059272377951897
2021-07-06,18.18,18.26,18.01,18.26,398155.0,7223578.0,21964699.999999996,0.018127040205420518
2021-07-07,18.11,18.36,18.11,18.23,325802.0,5935046.0,21964699.999999996,0.014832982012046605
2021-07-08,18.24,18.36,18.1,18.18,541785.0,9856943.0,21964699.999999996,0.024666168898277694
2021-07-09,18.04,18.36,18.04,18.23,366412.0,6682435.0,21964699.999999996,0.016681857708049738
2021-07-12,18.23,19.0,18.23,18.75,693304.0,12843576.0,21964699.999999996,0.03156446480033873
2021-07-13,18.75,18.78,18.45,18.63,430507.0,8007398.0,21964699.999999996,0.019599949009091865
2021-07-14,18.6,18.75,18.51,18.56,339238.0,6307713.0,21964699.999999996,0.015444690799328016
2021-07-15,18.72,18.72,18.11,18.35,299297.0,5480783.0,21964699.999999996,0.013626273065418606
2021-07-16,18.36,18.47,18.13,18.21,200112.0,3638650.0,21964699.999999996,0.009110618401343976
2021-07-19,18.17,18.17,17.81,17.85,404426.0,7251117.0,21964699.999999996,0.01841254376340219
2021-07-20,17.85,18.05,17.82,18.0,171242.0,3064440.0,21964699.999999996,0.007796236688868959
2021-07-21,19.14,19.55,18.86,18.88,2613443.0,50068632.0,21964699.999999996,0.11898377851734832
2021-07-22,19.09,19.86,18.65,19.28,2217113.0,43103871.0,21964699.999999996,0.10093982617563638
2021-07-23,19.39,19.45,18.67,18.85,1215545.0,22967708.0,21964699.999999996,0.055340842351591424
2021-07-26,19.01,19.36,18.56,19.22,1241872.0,23572032.0,21964699.999999996,0.05653944738603305
2021-07-27,19.22,19.3,18.6,18.66,989112.0,18683651.0,21964699.999999996,0.04503189208138514
2021-07-28,18.66,18.71,17.75,18.12,606949.0,11061615.0,21964699.999999996,0.027632929200034604
2021-07-29,18.4,18.5,18.12,18.44,747526.0,13646240.0,21964699.999999996,0.03403306214061654
2021-07-30,18.4,19.78,18.4,19.58,1972406.0,38014743.0,21964699.999999996,0.08979890460602696
2021-08-02,19.58,19.77,19.23,19.55,1228829.0,23989316.0,21964699.999999996,0.055945630944196835
2021-08-03,19.56,20.01,19.48,19.58,1343661.0,26514532.0,21964699.999999996,0.06117365591153078
2021-08-04,19.53,20.46,19.49,20.16,1642974.0,33176609.0,21964699.999999996,0.07480065741849423
2021-08-05,20.16,20.6,19.95,20.5,1437227.0,29161385.0,21964699.999999996,0.06543349101057608
2021-08-06,20.5,20.59,19.91,20.0,1139808.0,22912048.0,21964699.999999996,0.05189271877148335
2021-08-09,20.0,21.09,19.94,21.02,1566079.0,32539235.0,21964699.999999996,0.07129981288157818
2021-08-10,20.98,22.06,20.9,21.64,1938286.0,41823071.0,21964699.999999996,0.08824550301165053
2021-08-11,21.6,21.7,21.21,21.54,1114109.0,23871157.0,21964699.999999996,0.05072270506767678
2021-08-12,21.48,21.94,20.8,21.61,1802134.0,38465592.0,21964699.999999996,0.08204682968581407
2021-08-13,21.55,21.98,21.31,21.67,715960.0,15484207.0,21964699.999999996,0.03259593802783558
2021-08-16,21.79,21.85,20.92,21.0,729918.0,15420600.0,21964699.999999996,0.033231412220517474
2021-08-17,21.01,21.65,20.7,21.08,1008943.0,21394770.0,21964699.999999996,0.04593474984862075
2021-08-18,21.08,21.24,20.61,20.75,477610.0,9983350.0,21964699.999999996,0.021744435389511357
2021-08-19,20.74,20.87,20.08,20.13,715953.0,14557364.0,21964699.999999996,0.03259561933465971
2021-08-20,20.13,20.41,19.68,19.95,832173.0,16590283.0,21964699.999999996,0.037886836606008736
2021-08-23,19.96,21.11,19.96,20.95,918026.0,19027016.0,21964699.999999996,0.04179551735284343
2021-08-24,21.04,21.37,20.52,20.87,713965.0,14885559.0,21964699.999999996,0.03250511047271304
2021-08-25,21.04,21.14,20.6,20.91,457380.0,9517980.0,21964699.999999996,0.020823412111251237
2021-08-26,21.13,21.6,20.62,21.22,717264.0,15146096.0,21964699.999999996,0.03265530601374023
2021-08-27,21.15,21.34,20.1,20.28,865600.0,17766651.0,21964699.999999996,0.03940868757597418
2021-08-30,20.28,20.78,20.22,20.34,482954.0,9863781.0,21964699.999999996,0.02198773486548872
2021-08-31,20.5,22.98,20.5,22.29,3256898.0,71987130.0,21964699.999999996,0.14827873815713397
2021-09-01,22.28,22.28,20.68,21.09,2134906.0,45735590.0,21964699.999999996,0.09719713904583265
2021-09-02,20.71,21.4,20.55,20.83,933777.0,19518355.0,21964699.999999996,0.04251262252614423
2021-09-03,21.04,21.44,20.71,20.72,1077151.0,22583990.0,21964699.999999996,0.049040096154283924
2021-09-06,20.62,21.16,20.4,20.75,954215.0,19850636.0,21964699.999999996,0.0434431155444873
2021-09-07,20.75,21.47,20.66,20.89,1049403.0,22123067.0,21964699.999999996,0.04777679640514099
2021-09-08,20.89,20.99,20.45,20.6,650534.0,13467269.0,21964699.999999996,0.029617249495781872
2021-09-09,20.63,20.68,19.9,19.95,832043.0,16792155.0,21964699.999999996,0.037880918018456895
2021-09-10,20.11,20.19,19.18,19.26,907877.0,17728556.0,21964699.999999996,0.041333457775430585
2021-09-13,19.31,19.64,19.31,19.48,604994.0,11784611.0,21964699.999999996,0.027543922748774173
2021-09-14,19.32,19.35,18.82,18.9,644385.0,12267297.0,21964699.999999996,0.029337300304579626
2021-09-15,19.24,19.24,18.79,19.04,479666.0,9086771.0,21964699.999999996,0.021838040128023605
2021-09-16,19.07,19.2,18.6,18.65,704859.0,13301982.0,21964699.999999996,0.0320905361785046
2021-09-17,18.65,18.84,17.77,18.05,1093796.0,19687756.0,21964699.999999996,0.04979790299890279
2021-09-22,18.05,18.5,18.03,18.29,1423497.0,26106311.0,69755500.0,0.020406949989606554
2021-09-23,18.09,18.56,17.95,18.54,1631330.0,29754404.0,69755500.0,0.023386399638738165
2021-09-24,18.74,18.74,17.98,18.02,1260476.0,22868520.0,69755500.0,0.018069915633892666
2021-09-27,18.01,18.09,17.41,17.46,794118.0,14024663.0,69755500.0,0.011384306613815398
2021-09-28,17.45,17.67,17.3,17.6,394713.0,6915713.0,69755500.0,0.005658521550272021
2021-09-29,17.7,17.7,17.45,17.53,255687.0,4485800.0,69755500.0,0.0036654744070360045
2021-09-30,17.46,17.65,17.44,17.52,302316.0,5295486.0,69755500.0,0.004333937825691164
2021-10-08,17.62,18.11,17.58,17.69,374444.0,6645685.0,69755500.0,0.005367949480686111
2021-10-11,17.85,17.87,17.57,17.73,307348.0,5444045.0,69755500.0,0.004406075506590878
2021-10-12,17.73,17.83,17.28,17.45,414814.0,7252162.0,69755500.0,0.0059466852076180375
2021-10-13,17.5,17.6,17.32,17.46,250040.0,4352160.0,69755500.0,0.0035845202170438173
2021-10-14,17.4,17.4,17.16,17.19,642459.0,11059063.0,69755500.0,0.009210155471611558
2021-10-15,17.25,17.35,16.96,17.03,400288.0,6848696.0,69755500.0,0.005738443563589967
2021-10-18,17.03,17.14,16.92,17.04,247523.0,4210171.0,69755500.0,0.003548437040806818
2021-10-19,17.1,17.2,16.98,17.08,239019.0,4091757.0,69755500.0,0.0034265255069492726
2021-10-20,17.43,17.43,17.07,17.16,228724.0,3923703.0,69755500.0,0.003278938578319989
2021-10-21,17.2,17.38,17.03,17.16,253947.0,4356382.0,69755500.0,0.00364053013740852
2021-10-22,17.08,17.26,16.9,16.99,241455.0,4112023.0,69755500.0,0.0034614474844277513
2021-10-25,16.9,17.17,16.9,17.15,182147.0,3110018.0,69755500.0,0.0026112206205962255
2021-10-26,17.22,17.33,17.14,17.19,204362.0,3522877.0,69755500.0,0.0029296901319609205
2021-10-27,17.19,17.19,16.87,16.98,222328.0,3776431.0,69755500.0,0.00318724688375827
2021-10-28,16.98,17.17,16.78,17.05,212721.0,3612736.0,69755500.0,0.003049522976682842
2021-10-29,17.17,17.21,16.83,17.21,271488.0,4645101.0,69755500.0,0.0038919941796704202
2021-11-01,17.09,17.16,16.86,16.9,616802.0,10480419.0,69755500.0,0.008842342180903297
2021-11-02,17.0,17.19,16.8,16.81,483823.0,8197226.0,69755500.0,0.0069359835425163606
2021-11-03,16.8,16.95,16.75,16.82,281080.0,4730376.0,69755500.0,0.004029503049938715
2021-11-04,16.87,17.17,16.8,17.15,588656.0,10032597.0,69755500.0,0.008438847115998021
2021-11-05,17.19,17.51,17.08,17.29,509736.0,8825026.0,69755500.0,0.007307466794733031
2021-11-08,17.36,17.8,17.36,17.6,901685.0,15889132.0,69755500.0,0.012926364229343923
2021-11-09,17.65,17.78,17.51,17.72,735812.0,12971503.0,69755500.0,0.01054844420870039
2021-11-10,17.51,17.89,17.5,17.71,526248.0,9302644.0,69755500.0,0.007544179312025575
2021-11-11,17.73,18.49,17.73,18.14,1352210.0,24566987.0,69755500.0,0.019384994731598226
2021-11-12,18.11,18.24,17.78,18.14,960776.0,17258803.0,69755500.0,0.013773480227365584
2021-11-15,18.14,18.8,18.0,18.6,1144161.0,21089173.0,69755500.0,0.016402448552443893
2021-11-16,18.6,18.86,18.2,18.22,879670.0,16186619.0,69755500.0,0.012610761875407673
2021-11-17,18.22,18.4,18.08,18.32,522658.0,9539444.0,69755500.0,0.0074927138361849605
2021-11-18,18.31,18.48,18.22,18.3,416898.0,7651458.0,69755500.0,0.00597656098802245
2021-11-19,18.52,18.52,18.18,18.45,548427.0,10056611.0,69755500.0,0.00786213273505315
2021-11-22,18.51,18.63,18.4,18.52,290492.0,5377601.0,69755500.0,0.004164431478521407
2021-11-23,18.66,18.66,18.34,18.47,274611.0,5068360.0,69755500.0,0.003936764842915612
2021-11-24,18.67,18.7,18.38,18.55,459975.0,8557493.0,69755500.0,0.0065941036907484
2021-11-25,18.6,18.78,18.4,18.4,481933.0,8925394.0,69755500.0,0.006908888904817541
2021-11-26,18.57,19.23,18.57,18.65,773328.0,14522193.0,69755500.0,0.011086265599128384
2021-11-29,18.55,18.6,18.0,18.28,969920.0,17758030.0,69755500.0,0.013904566664994159
2021-11-30,18.59,18.71,18.3,18.51,589454.0,10910448.0,69755500.0,0.008450287074137523
2021-12-01,18.61,18.77,18.38,18.68,575485.0,10685212.0,69755500.0,0.008250030463547678
2021-12-02,18.65,18.65,18.37,18.4,675084.0,12479739.0,69755500.0,0.009677860527126892
2021-12-03,18.45,18.48,18.28,18.38,460432.0,8454409.0,69755500.0,0.0066006551454724
2021-12-06,18.38,18.38,17.65,17.77,946079.0,16915215.0,69755500.0,0.013562787163736193
2021-12-07,17.76,17.81,17.45,17.65,454361.0,7995325.0,69755500.0,0.006513622581731907
2021-12-08,17.7,17.75,17.56,17.68,435793.0,7698371.0,69755500.0,0.006247435686074933
2021-12-09,17.72,17.84,17.54,17.8,340070.0,6036586.0,69755500.0,0.0048751711334590105
2021-12-10,17.65,17.9,17.65,17.82,282597.0,5036496.0,69755500.0,0.004051250439033482
2021-12-13,17.89,17.89,17.77,17.8,369035.0,6575965.0,69755500.0,0.0052904072080337755
2021-12-14,17.88,18.07,17.73,17.89,484687.0,8654635.0,69755500.0,0.00694836966260725
2021-12-15,17.9,18.47,17.9,18.4,1387850.0,25380432.0,69755500.0,0.019895922185347394
2021-12-16,18.3,18.81,18.22,18.69,1181535.0,21926129.0,69755500.0,0.016938234261097692
2021-12-17,18.72,18.72,18.46,18.58,541003.0,10055428.0,69755500.0,0.007755703851309216
2021-12-20,18.68,18.68,18.2,18.31,1147503.0,21122180.0,69755500.0,0.016450358753073234
2021-12-21,18.31,18.53,18.15,18.52,795083.0,14620689.0,69755500.0,0.011398140648407653
2021-12-22,18.56,18.94,18.36,18.82,1209745.0,22652443.0,69755500.0,0.01734264681638007
2021-12-23,18.86,18.86,18.33,18.59,598656.0,11141714.0,69755500.0,0.008582204987420346
2021-12-24,18.69,18.85,18.08,18.12,1145794.0,20916086.0,69755500.0,0.01642585889284716
2021-12-27,18.12,18.44,18.12,18.19,449584.0,8223941.0,69755500.0,0.006445140526553462
2021-12-28,18.29,18.5,18.2,18.4,402229.0,7392560.0,69755500.0,0.005766269326433041
2021-12-29,18.57,19.05,18.22,18.92,1110609.0,20827093.0,69755500.0,0.015921454222247708
2021-12-30,18.93,19.48,18.78,19.38,1597899.0,30579061.0,69755500.0,0.022907139938786188
2021-12-31,19.38,19.64,19.16,19.55,929629.0,18084033.0,69841200.0,0.013310610356064902
2022-01-04,19.55,19.97,19.34,19.79,1018832.0,20088904.0,69841200.0,0.014587836406018224
2022-01-05,19.83,20.09,19.48,19.69,846002.0,16704562.0,69841200.0,0.012113222567768022
2022-01-06,20.1,20.75,19.79,20.43,1995640.0,40543865.0,69841200.0,0.028573964937601302
2022-01-07,20.83,21.2,19.69,19.7,2337270.0,47331805.0,69841200.0,0.0334654902836721
2022-01-10,19.81,20.27,19.67,19.7,1074739.0,21376035.0,69841200.0,0.015388323797414706
2022-01-11,19.85,21.78,19.85,20.62,3907957.0,81774219.0,69841200.0,0.055954894818531185
2022-01-12,21.1,22.2,20.63,21.72,3393451.0,73340188.0,69841200.0,0.048588096997187906
2022-01-13,21.7,22.1,21.31,21.42,2183496.0,47462939.0,69841200.0,0.031263723990996715
2022-01-14,21.2,22.1,21.08,21.56,2946022.0,63693374.0,69841200.0,0.04218172081808445
2022-01-17,21.85,24.93,21.85,24.0,5889452.0,138139326.0,69841200.0,0.08432632887178342
2022-01-18,24.73,25.62,23.8,24.09,5088160.0,125242148.0,69841200.0,0.07285327285327285
2022-01-19,24.85,26.14,24.52,25.03,5431408.0,137322728.0,69841200.0,0.07776796504069232
2022-01-20,25.18,25.45,23.8,24.3,2875351.0,70528712.0,69841200.0,0.04116983957893049
2022-01-21,24.15,24.65,23.68,24.2,1772991.0,42903163.0,69841200.0,0.025386032886032885
2022-01-24,24.67,24.86,23.2,24.05,1528185.0,36636977.0,69841200.0,0.021880852562670746
2022-01-25,24.1,24.29,22.85,23.0,1568006.0,36671634.0,69841200.0,0.022451017451017453
2022-01-26,23.0,24.0,22.59,24.0,2101677.0,49058752.0,69841200.0,0.03009222350131441
2022-01-27,24.29,24.99,23.45,24.1,3228738.0,77954158.0,69841200.0,0.04622970395697668
2022-01-28,24.08,26.78,23.51,25.78,3411471.0,86950704.0,69841200.0,0.04884611089156544
2022-02-07,26.8,26.9,25.33,26.0,2940542.0,77129328.0,69841200.0,0.0421032571032571
2022-02-08,25.8,25.81,24.98,25.09,1738752.0,44113551.0,69841200.0,0.02489579216851944
2022-02-09,25.38,26.2,25.2,26.0,1719081.0,44328902.0,69841200.0,0.02461413893232075
2022-02-10,26.2,27.47,25.8,26.23,1923826.0,51221697.0,69841200.0,0.027545718000263456
2022-02-11,26.15,26.31,25.11,25.4,1494664.0,38073082.0,69841200.0,0.021400892309983217
2022-02-14,26.66,26.66,25.08,25.27,1115358.0,28423396.0,69841200.0,0.01596991460627824
2022-02-15,25.24,25.44,24.83,25.33,945514.0,23777294.0,69841200.0,0.013538054901691266
2022-02-16,25.16,25.5,24.3,24.9,2214133.0,54662762.0,69841200.0,0.03170239056602693
2022-02-17,24.9,25.54,24.01,24.24,2249755.0,55839686.0,69841200.0,0.03221243334879698
2022-02-18,24.49,24.49,23.66,24.4,1585836.0,38059339.0,69841200.0,0.02270631088812907
2022-02-21,24.45,24.45,23.53,23.6,1533103.0,36573255.0,69841200.0,0.02195126945126945
2022-02-22,23.74,23.98,22.85,23.1,1183967.0,27492130.0,69841200.0,0.016952271724998996
2022-02-23,23.1,23.79,22.9,23.26,1211299.0,28153641.0,69841200.0,0.01734361666179848
2022-02-24,23.22,23.63,22.08,22.48,1837430.0,41918250.0,69841200.0,0.026308683126864945
2022-02-25,22.88,24.25,22.88,23.43,1950520.0,46106007.0,69841200.0,0.027927927927927927
2022-02-28,23.43,23.99,22.75,23.61,1793926.0,41980016.0,69841200.0,0.025685784322147957
2022-03-01,23.98,24.48,23.14,23.2,1549515.0,36620484.0,69841200.0,0.022186259686259688
2022-03-02,23.28,24.49,23.1,24.03,2008527.0,48081070.0,69841200.0,0.028758483531210802
2022-03-03,24.46,24.83,23.95,24.11,2154228.0,52636147.0,69841200.0,0.03084465902647721
2022-03-04,24.03,24.74,23.82,24.39,1315006.0,32049875.0,69841200.0,0.01882851382851383
2022-03-07,24.18,24.65,23.11,24.06,1734266.0,41749676.0,69841200.0,0.02483156074065165
2022-03-08,24.54,24.55,23.25,23.67,2057498.0,49186980.0,69841200.0,0.02945965991420537
2022-03-09,24.0,24.3,22.65,23.52,1720540.0,40736687.0,69841200.0,0.024635029180483724
2022-03-10,24.26,24.94,23.2,23.52,1973291.0,47466557.0,69841200.0,0.02825396757214939
2022-03-11,23.47,23.47,22.5,23.32,1621667.0,37233320.0,69841200.0,0.02321934617389163
2022-03-14,23.19,23.29,22.33,22.75,1389745.0,31774348.0,69841200.0,0.01989864148955058
2022-03-15,22.74,23.1,21.42,21.75,1545095.0,34505476.0,69841200.0,0.022122973259336896
2022-03-16,22.11,22.41,21.27,22.03,1345609.0,29571678.0,69841200.0,0.019266693584875403
2022-03-17,22.3,22.99,22.08,22.46,1554080.0,34934672.0,69841200.0,0.022251622251622253
2022-03-18,22.45,22.66,22.1,22.54,739060.0,16561271.0,69841200.0,0.01058200603655149
2022-03-21,22.54,23.46,22.21,23.05,875723.0,20106062.0,69841200.0,0.012538773675137312
2022-03-22,23.2,23.3,22.76,23.16,841653.0,19362870.0,69841200.0,0.012050952732770915
2022-03-23,23.16,23.6,22.84,23.07,586814.0,13597559.0,69841200.0,0.008402117947572493
2022-03-24,23.1,23.68,22.7,23.07,966289.0,22348138.0,69841200.0,0.013835515426424517
2022-03-25,23.08,23.21,22.16,22.43,1301567.0,29378897.0,69841200.0,0.018636091590637047
2022-03-28,22.54,22.54,21.69,21.89,1109890.0,24486973.0,69841200.0,0.01589162270980453
2022-03-29,21.88,22.17,21.58,22.05,789249.0,17298109.0,69841200.0,0.011300621982440164
2022-03-30,22.2,22.2,21.6,22.13,515069.0,11325096.0,69841200.0,0.007374858965768056
2022-03-31,22.18,22.18,21.6,22.0,916512.0,20122360.0,69841200.0,0.013122798577344032
2022-04-01,22.0,22.5,21.61,22.0,973569.0,21507234.0,69841200.0,0.013939751894297348
2022-04-06,22.0,22.28,21.7,21.8,1462113.0,32177686.0,69841200.0,0.020934820707547982
2022-04-07,21.98,22.0,20.3,20.55,1824758.0,38248115.0,69841200.0,0.026127242945424765
2022-04-08,19.82,21.19,19.82,20.6,1702642.0,35359460.0,69841200.0,0.024378762106034832
2022-04-11,20.7,20.71,19.18,19.36,2185369.0,43034752.0,69841200.0,0.031290541972360156
2022-04-12,19.29,20.18,19.0,20.02,1679130.0,32859614.0,69841200.0,0.024042112678476314
2022-04-13,20.15,20.15,19.11,19.15,1437982.0,27888981.0,69841200.0,0.020589308316581043
2022-04-14,19.18,19.7,18.96,19.17,959646.0,18492414.0,69841200.0,0.013740399649490559
2022-04-15,18.79,18.98,18.21,18.4,1690171.0,31142040.0,69841200.0,0.024200199882018065
2022-04-18,18.31,20.0,17.84,19.63,2359597.0,44841244.0,69841200.0,0.033785172648809016
2022-04-19,19.51,20.15,19.32,19.55,1048445.0,20468311.0,69841200.0,0.015011841148204785
2022-04-20,19.8,20.27,19.22,19.53,1557955.0,30657627.0,69841200.0,0.022307105261650716
2022-04-21,19.68,19.85,18.9,19.05,1173789.0,22811705.0,69841200.0,0.01680654112472294
2022-04-22,18.28,18.5,17.18,17.82,4490958.0,79366151.0,69841200.0,0.06430241748423567
2022-04-25,17.62,17.62,15.95,15.95,1974681.0,32993903.0,69841200.0,0.028273869864778957
2022-04-26,16.0,16.21,14.59,14.78,1850144.0,28673213.0,69841200.0,0.026490724672542855
2022-04-27,14.62,15.45,14.2,15.33,1489070.0,22073619.0,69841200.0,0.02132079632079632
2022-04-28,15.33,15.8,14.64,15.31,1068523.0,16409544.0,69841200.0,0.01529932189023098
2022-04-29,15.28,15.59,15.01,15.3,1172014.0,17925763.0,69841200.0,0.01678112632658087
2022-05-05,15.3,15.83,15.01,15.55,1094189.0,17003067.0,69841200.0,0.015666812712267258
2022-05-06,15.32,15.53,15.05,15.25,866817.0,13260611.0,69841200.0,0.01241125582034673
2022-05-09,15.16,15.66,15.1,15.33,789540.0,12186302.0,69841200.0,0.01130478857751585
2022-05-10,15.24,16.7,15.06,16.43,1642856.0,26518058.0,69841200.0,0.02352273443182534
2022-05-11,16.66,17.47,16.47,16.73,1526317.0,26032652.0,69841200.0,0.02185410617228799
2022-05-12,16.8,17.53,16.68,17.27,1675554.0,28685782.0,69841200.0,0.023990910809092627
2022-05-13,17.62,17.95,17.09,17.3,1350089.0,23558604.0,69841200.0,0.019330839103566377
2022-05-16,17.88,18.0,17.02,17.12,1521313.0,26433151.0,69841200.0,0.021782457918821555
2022-05-17,17.15,18.65,17.05,18.37,2506315.0,44921108.0,69841200.0,0.03588590974954611
2022-05-18,18.69,19.69,18.5,19.02,2162276.0,41673944.0,69841200.0,0.030959891868982778
2022-05-19,18.88,19.53,18.56,19.36,2157604.0,41309921.0,69841200.0,0.03089299725663362
2022-05-20,19.56,19.6,19.17,19.35,794263.0,15337547.0,69841200.0,0.011372413417867964
2022-05-23,19.11,20.48,19.11,19.95,1402283.0,27608916.0,69841200.0,0.020078163032708488
2022-05-24,20.36,20.36,18.67,18.68,1911601.0,36864439.0,69841200.0,0.027370678052496236
2022-05-25,18.87,19.01,18.1,18.61,1263708.0,23365003.0,69841200.0,0.01809401900310991
2022-05-26,18.95,18.95,18.15,18.45,780780.0,14451795.0,69841200.0,0.01117936117936118
2022-05-27,18.42,19.28,18.4,18.54,754741.0,14148005.0,69841200.0,0.010806529670166034
2022-05-30,18.57,19.28,18.5,18.98,823615.0,15513064.0,69841200.0,0.01179268111086293
2022-05-31,19.17,19.85,18.53,19.4,1415979.0,27381374.0,69841200.0,0.02027426504699232
2022-06-01,19.4,21.0,19.39,20.33,1946064.0,39363684.0,70374960.0,0.027652790140129387
2022-06-02,20.4,20.7,19.7,20.44,1221451.0,24701619.0,70374960.0,0.017356329580862286
2022-06-06,20.42,21.4,20.22,21.04,1686605.0,35520368.0,70374960.0,0.023965981650291523
2022-06-07,21.18,21.37,20.16,20.32,1072676.0,22092237.0,70374960.0,0.015242296407699557
2022-06-08,20.32,20.32,19.31,19.85,1513906.0,29968939.0,70374960.0,0.02151199801747667
2022-06-09,20.15,20.15,19.16,19.19,921903.0,17901522.0,70374960.0,0.013099872454634433
2022-06-10,19.19,19.7,18.85,19.43,592832.0,11536478.0,70374960.0,0.008423905320869809
2022-06-13,19.43,20.17,19.3,19.68,840651.0,16592143.0,70374960.0,0.01194531407193695
2022-06-14,19.71,19.71,18.81,19.49,978012.0,18738918.0,70374960.0,0.013897158875827424
2022-06-15,19.49,20.19,19.03,19.2,972730.0,18946286.0,70374960.0,0.013822103771000366
2022-06-16,19.49,20.46,18.85,20.27,1216951.0,24318891.0,70374960.0,0.017292386382883912
2022-06-17,20.12,20.69,19.81,20.29,1144188.0,23123935.0,70374960.0,0.016258453290772742
2022-06-20,20.5,22.45,20.5,21.84,2576093.0,55905945.0,70374960.0,0.036605249935488415
2022-06-21,21.84,22.0,21.09,21.46,1158941.0,24810095.0,70374960.0,0.016468087512944946
2022-06-22,21.46,22.36,20.88,21.67,1741130.0,37773250.0,70374960.0,0.02474076006579613
2022-06-23,21.7,22.05,20.5,21.3,2301202.0,48462760.0,70374960.0,0.03269915890538339
2022-06-24,20.76,21.81,20.76,21.15,1350419.0,28691277.0,70374960.0,0.01918891321572332
2022-06-27,21.52,21.76,20.8,21.4,901637.0,19294883.0,70374960.0,0.012811900710138947
2022-06-28,21.28,21.5,20.95,21.33,896962.0,19072496.0,70374960.0,0.012745470832239194
2022-06-29,21.1,21.38,20.68,20.85,1194938.0,24971452.0,70374960.0,0.016979590467973267
2022-06-30,21.27,21.8,20.65,21.33,1024933.0,21953415.0,71173060.0,0.014400575161444513
2022-07-01,21.63,22.0,21.24,21.44,696038.0,14983756.0,71173060.0,0.00977951488948206
2022-07-04,21.75,22.85,21.22,22.45,1031019.0,22953906.0,71173060.0,0.014486085043975909
2022-07-05,22.77,23.0,21.2,21.88,1301591.0,28726007.0,71173060.0,0.01828769200031585
2022-07-06,21.74,22.27,21.57,21.68,806372.0,17624354.0,71173060.0,0.011329736279429323
2022-07-07,21.68,22.08,21.18,21.5,776558.0,16848930.0,71173060.0,0.010910841826949692
2022-07-08,21.4,21.89,21.28,21.46,639075.0,13750397.0,71173060.0,0.008979169927497848
2022-07-11,21.35,21.64,21.0,21.31,923747.0,19542760.0,71173060.0,0.012978885550234878
2022-07-12,21.74,21.74,20.28,20.33,1355930.0,28222761.0,71173060.0,0.019051169079986163
2022-07-13,20.27,20.82,20.19,20.68,767225.0,15727134.0,71173060.0,0.010779710750106853
2022-07-14,20.0,21.49,20.0,21.11,1044292.0,21953903.0,71173060.0,0.014672574145329707
2022-07-15,21.11,21.32,20.61,20.7,530867.0,11082193.0,71173060.0,0.0074588193903704575
2022-07-18,20.61,21.56,20.52,21.06,1205001.0,25631078.0,71173060.0,0.01693057738419565
2022-07-19,21.32,21.43,20.65,20.8,1390807.0,29060469.0,71173060.0,0.01954119999898838
2022-07-20,20.59,21.46,20.3,21.1,839458.0,17606173.0,71173060.0,0.011794603182721103
2022-07-21,21.5,22.0,20.77,21.68,1355002.0,29165139.0,71173060.0,0.01903813043868003
2022-07-22,21.2,21.79,20.94,21.47,1229464.0,26231968.0,71173060.0,0.017274288895264583
2022-07-25,21.6,22.0,20.85,21.1,680335.0,14476694.0,71173060.0,0.009558883656259827
2022-07-26,20.9,21.22,20.45,21.03,831308.0,17298161.0,71173060.0,0.011680093563491579
2022-07-27,20.61,21.8,20.61,21.66,840828.0,18047017.0,71173060.0,0.011813852038959686
2022-07-28,21.82,21.82,21.06,21.2,1027895.0,21822215.0,71173060.0,0.01444219203164793
2022-07-29,21.4,21.4,20.72,21.08,1053541.0,22041423.0,71173060.0,0.01480252500033018
2022-08-01,21.02,21.55,21.01,21.42,1210238.0,25822383.0,71173060.0,0.017004158595963135
2022-08-02,21.31,21.6,20.5,21.0,1213755.0,25445548.0,71173060.0,0.01705357336048218
2022-08-03,21.11,21.77,20.9,20.95,946086.0,20179396.0,71173060.0,0.013292754309003996
2022-08-04,21.28,21.28,20.6,21.1,381685.0,8005115.0,71173060.0,0.005362773498849143
2022-08-05,20.87,21.6,20.87,21.09,866015.0,18320083.0,71173060.0,0.01216773593828901
2022-08-08,21.17,21.57,20.72,21.55,1007492.0,21334157.0,71173060.0,0.014155524576293333
2022-08-09,21.88,23.26,21.39,22.76,2101070.0,47047232.0,71173060.0,0.02952057983737105
2022-08-10,22.66,24.83,22.66,24.31,2676131.0,64072964.0,71173060.0,0.03760033641942612
2022-08-11,24.49,24.79,24.0,24.3,1112495.0,27061739.0,71173060.0,0.015630844030030462
2022-08-12,24.0,24.29,23.13,23.3,1558426.0,36736874.0,71173060.0,0.021896290534648925
2022-08-15,23.38,24.07,22.71,23.75,1247092.0,29443182.0,71173060.0,0.01752196687904103
2022-08-16,24.0,24.18,23.69,23.81,612974.0,14668894.0,71173060.0,0.008612444090502783
2022-08-17,23.95,24.88,23.93,24.33,1360752.0,33254491.0,71173060.0,0.01911891943384196
2022-08-18,24.21,24.66,24.02,24.47,647604.0,15785177.0,71173060.0,0.009099004595278045
2022-08-19,24.41,24.78,24.0,24.54,1054151.0,25676595.0,71173060.0,0.01481109565894736
2022-08-22,25.0,26.65,24.72,26.08,3282864.0,84805747.0,71173060.0,0.04612509283709314
2022-08-23,26.14,28.59,25.85,27.64,3851259.0,106224766.0,71173060.0,0.05411119038580047
2022-08-24,27.63,27.94,25.89,26.35,2174923.0,57826987.0,71173060.0,0.030558233691230924
2022-08-25,26.26,26.99,26.02,26.25,1738974.0,45739497.0,71173060.0,0.024433036882213578
2022-08-26,26.51,26.72,25.91,26.08,945431.0,24859517.0,71173060.0,0.01328355138868555
2022-08-29,25.99,26.63,25.56,26.45,952968.0,25024124.0,71173060.0,0.01338944819851781
2022-08-30,26.45,26.6,25.82,26.11,847133.0,22105414.0,71173060.0,0.011902438928437249
2022-08-31,26.15,26.15,24.2,24.45,2747351.0,68052357.0,71173060.0,0.03860099593863184
2022-09-01,24.52,24.79,24.0,24.0,1022062.0,24854845.0,71173060.0,0.01436023686490366
2022-09-02,24.2,25.0,24.03,24.6,666148.0,16353845.0,71173060.0,0.009359552617240287
2022-09-05,24.88,25.0,24.3,24.47,602634.0,14835455.0,71173060.0,0.008467164401811585
2022-09-06,24.73,24.97,24.13,24.5,799987.0,19526482.0,71173060.0,0.011240025369149507
2022-09-07,24.45,25.46,24.37,24.76,645885.0,16091745.0,71173060.0,0.009074852198289634
2022-09-08,24.9,24.99,24.0,24.46,751148.0,18330507.0,71173060.0,0.010553824719634087
2022-09-09,24.8,25.21,24.11,24.73,1178165.0,29025763.0,71173060.0,0.016553524606079884
2022-09-13,24.89,24.94,24.31,24.92,573798.0,14161524.0,71173060.0,0.008062011103639495
2022-09-14,24.98,25.3,24.32,24.7,981401.0,24235826.0,71173060.0,0.01378893924189855
2022-09-15,24.43,24.61,23.51,23.7,1641766.0,39441039.0,71173060.0,0.023067239205395974
2022-09-16,23.87,24.27,23.5,23.61,542350.0,12974974.0,71173060.0,0.007620158526273846
2022-09-19,23.55,23.77,21.36,23.0,622420.0,14300963.0,71173060.0,0.008745162846728804
2022-09-20,23.5,26.61,23.44,25.46,2365738.0,59924479.0,71173060.0,0.03323923405850472
2022-09-21,25.85,25.85,24.66,24.98,985266.0,24638219.0,71173060.0,0.013843243496907397
2022-09-22,24.97,25.73,24.76,25.3,1116559.0,28291605.0,72321060.0,0.015438919175133771
2022-09-23,25.29,25.86,24.39,24.69,919705.0,22894646.0,72321060.0,0.01271697345144001
2022-09-26,24.91,25.1,23.88,24.42,747482.0,18332786.0,72321060.0,0.010335606253558784
2022-09-27,24.64,24.72,24.02,24.27,636161.0,15442232.0,72321060.0,0.00879634507569441
2022-09-28,24.45,24.68,23.8,23.98,671988.0,16132895.0,72321060.0,0.009291733279351823
2022-09-29,24.19,24.58,23.67,23.94,670498.0,16063129.0,72321060.0,0.0092711307052192
2022-09-30,23.76,23.91,23.2,23.35,855721.0,20142041.0,72321060.0,0.011832251905599835
2022-10-10,23.1,23.42,22.53,22.65,716126.0,16335255.0,72321060.0,0.009902039599530206
2022-10-11,22.99,22.99,22.35,22.6,535881.0,12118306.0,72321060.0,0.007409750354875883
2022-10-12,23.28,23.28,22.14,22.74,945896.0,21339717.0,72321060.0,0.013079122457552475
2022-10-13,22.35,23.33,22.35,23.23,911096.0,20912819.0,72321060.0,0.012597934820092515
2022-10-14,23.48,25.06,23.14,24.56,1799003.0,44114301.0,72321060.0,0.024875229981418966
2022-10-17,24.52,24.95,24.06,24.8,883146.0,21729744.0,72321060.0,0.012211463714718783
2022-10-18,24.99,26.14,24.81,25.88,1596850.0,40955268.0,72321060.0,0.022080013760860252
2022-10-19,25.75,26.2,25.17,25.95,1114797.0,28730535.0,72321060.0,0.01541455559417962
2022-10-20,25.78,26.15,25.23,25.3,627406.0,16018422.0,72321060.0,0.008675287668626538
2022-10-21,25.63,26.47,24.96,26.0,1254421.0,32306845.0,72321060.0,0.017345168889947134
2022-10-24,26.0,27.25,25.65,26.75,2470440.0,66037935.0,72321060.0,0.03415934445651101
2022-10-25,26.6,27.68,25.8,27.37,1607918.0,43249308.0,72321060.0,0.02223305355314206
2022-10-26,27.3,28.5,26.87,28.24,2025519.0,56329200.0,72321060.0,0.02800731902989254
2022-10-27,28.3,29.14,27.51,27.53,2568523.0,72201371.0,72321060.0,0.03551556075090714
2022-10-28,27.36,28.49,27.3,27.6,2187447.0,60750199.0,72321060.0,0.030246334885025192
2022-10-31,27.6,27.79,26.8,26.83,2135137.0,57932639.0,72321060.0,0.029523032433429488
2022-11-01,27.0,28.8,26.83,28.7,3299575.0,92447819.0,72321060.0,0.04562398559976859
2022-11-02,28.69,29.8,28.22,29.27,2813848.0,82114015.0,72321060.0,0.03890772618653543
2022-11-03,29.44,30.2,29.0,29.68,1583027.0,46787710.0,72321060.0,0.021888879947279533
2022-11-04,29.35,30.6,29.31,30.34,1765299.0,53424460.0,72321060.0,0.024409196989092805
2022-11-07,29.86,30.35,29.52,29.63,1504505.0,45051106.0,72321060.0,0.020803138117721172
2022-11-08,29.54,29.82,29.06,29.61,602889.0,17699026.0,72321060.0,0.008336285447143613
2022-11-09,30.0,30.0,28.9,29.07,1207596.0,35153334.0,72321060.0,0.01669770880017522
2022-11-10,29.15,29.6,28.61,28.7,1097148.0,31815965.0,72321060.0,0.015170518794940229
2022-11-11,29.89,29.89,28.38,28.42,1650865.0,47768285.0,72321060.0,0.022826891641245302
2022-11-14,28.62,28.97,28.31,28.61,687757.0,19683791.0,72321060.0,0.009509774884383608
2022-11-15,28.68,30.1,28.5,29.3,1978275.0,58134307.0,72321060.0,0.027354065330347756
2022-11-16,29.52,29.59,28.62,29.08,737791.0,21426166.0,72321060.0,0.010201606558310953
2022-11-17,29.19,29.19,28.49,28.91,857579.0,24646837.0,72321060.0,0.011857942900726288
2022-11-18,28.95,29.04,28.41,28.71,685237.0,19654736.0,72321060.0,0.009474930262360647
2022-11-21,28.23,28.95,27.85,28.31,1057088.0,29917834.0,72321060.0,0.014616599922622816
2022-11-22,28.4,28.4,27.58,27.78,796738.0,22195225.0,72321060.0,0.011016680341798087
2022-11-23,27.55,28.44,27.1,27.92,882010.0,24552523.0,72321060.0,0.012195755980346527
2022-11-24,28.17,28.62,27.58,27.87,588316.0,16531523.0,72321060.0,0.008134781210341772
2022-11-25,27.86,28.7,27.71,28.35,952535.0,26842801.0,72321060.0,0.013170921443905827
2022-11-28,27.7,28.47,27.51,28.13,595922.0,16739884.0,72321060.0,0.00823995112903489
2022-11-29,27.91,28.78,27.91,28.2,904106.0,25574862.0,72321060.0,0.012501282475671678
2022-11-30,27.93,28.41,27.62,27.85,599538.0,16814739.0,72321060.0,0.008289950396191648
2022-12-01,28.24,28.42,27.39,28.32,1469230.0,41149685.0,72321060.0,0.020315382545554504
2022-12-02,28.31,31.0,28.3,30.74,4467564.0,134049687.0,72321060.0,0.06177403926325195
2022-12-05,30.91,31.29,30.22,30.79,1443709.0,44368892.0,72321060.0,0.01996249778418624
2022-12-06,30.74,30.85,30.23,30.4,700946.0,21371551.0,72321060.0,0.009692142233534741
2022-12-07,30.52,32.14,30.32,31.27,1699232.0,53181732.0,72321060.0,0.02349567332115984
2022-12-08,31.17,32.18,30.34,30.5,1592531.0,49638804.0,72321060.0,0.022020293950337565
2022-12-09,30.68,31.19,30.04,30.65,1188894.0,36422864.0,72321060.0,0.016439111926733373
2022-12-12,30.34,30.86,30.05,30.11,731170.0,22137872.0,72321060.0,0.010110056462114908
2022-12-13,30.29,30.31,29.66,29.94,643209.0,19276013.0,72321060.0,0.008893799399511014
2022-12-14,29.32,30.49,29.32,29.89,815878.0,24411028.0,72321060.0,0.011281333542401066
2022-12-15,30.09,30.18,29.62,29.97,468173.0,14006540.0,72321060.0,0.006473536200935108
2022-12-16,29.96,30.3,28.9,30.13,1598627.0,47319388.0,72321060.0,0.022104584750278825
2022-12-19,30.12,30.58,29.35,29.53,1077617.0,32009126.0,72321060.0,0.014900459147031307
2022-12-20,29.53,30.7,29.04,30.14,1571009.0,47257468.0,72321060.0,0.02172270428558431
2022-12-21,29.93,31.2,29.85,30.47,1385492.0,42206019.0,72321060.0,0.019157517879300996
2022-12-22,30.48,31.15,30.32,30.66,1139597.0,35083722.0,72321060.0,0.01575747092202465
2022-12-23,30.5,30.8,29.3,29.7,1355301.0,40614534.0,72321060.0,0.018740059949342556
2022-12-26,29.7,30.54,29.51,30.5,726904.0,22040911.0,72321060.0,0.010051069494833179
2022-12-27,30.58,30.58,29.97,30.49,745291.0,22621745.0,72321060.0,0.010305310790522153
2022-12-28,30.49,31.29,30.0,30.3,1050995.0,32218347.0,72321060.0,0.014532350604374439
2022-12-29,30.11,30.46,29.73,30.04,1147426.0,34598662.0,72321060.0,0.01586572431322218
2022-12-30,30.07,30.39,29.73,29.95,904873.0,27153506.0,72321060.0,0.012511887961819144
2023-01-03,30.3,31.55,29.65,31.2,1777783.0,55055993.0,71284560.0,0.024939243505185414
2023-01-04,31.55,33.0,31.21,33.0,2279891.0,74021524.0,71284560.0,0.031982956758097404
2023-01-05,32.73,35.06,32.48,34.46,3710908.0,126184419.0,71284560.0,0.05205766858910261
2023-01-06,34.56,35.9,34.14,34.41,2727859.0,94931727.0,71284560.0,0.03826717875511892
2023-01-09,34.41,34.41,32.18,32.66,3574219.0,118939359.0,71284560.0,0.05014015657808647
2023-01-10,32.33,33.3,31.98,32.47,2177156.0,70864349.0,71284560.0,0.030541761077013032
2023-01-11,32.6,33.46,31.9,31.99,1682135.0,54780544.0,71284560.0,0.023597466267590066
2023-01-12,31.83,32.27,31.4,31.69,1452142.0,46078004.0,71284560.0,0.020371059314948425
2023-01-13,31.54,32.49,30.9,31.91,2024686.0,63967618.0,71284560.0,0.02840286872781427
2023-01-16,32.23,32.23,31.22,31.3,1323185.0,41771604.0,71284560.0,0.018562013990126334
2023-01-17,31.33,32.09,30.95,31.47,1230363.0,38766258.0,71284560.0,0.017259880681033873
2023-01-18,31.47,33.48,31.32,32.71,1107747.0,35961610.0,71284560.0,0.01553978870038617
2023-01-19,32.53,33.16,32.0,32.28,892555.0,29057829.0,71284560.0,0.01252101436832885
2023-01-20,32.01,33.03,31.91,31.95,1262231.0,40788033.0,71284560.0,0.01770693401207779
2023-01-30,31.5,33.33,31.5,33.22,1481623.0,48635676.0,71284560.0,0.020784627133842166
2023-01-31,32.94,33.98,32.16,32.34,1195778.0,38771749.0,71284560.0,0.016774712504362795
2023-02-01,32.35,32.8,31.92,32.55,1257344.0,40715172.0,71284560.0,0.01763837779176865
2023-02-02,32.78,33.99,32.6,33.05,1471306.0,49045424.0,71284560.0,0.020639897335411765
2023-02-03,35.63,39.0,35.63,38.25,8025098.0,300645404.0,71284560.0,0.11257834796202712
2023-02-06,37.5,37.79,34.48,34.89,5104068.0,181236797.0,71284560.0,0.07160131170059827
2023-02-07,34.78,35.88,34.65,35.1,1790277.0,63070090.0,71284560.0,0.02511451287628064
2023-02-08,34.81,35.38,34.35,34.99,1402541.0,48883849.0,71284560.0,0.019675242436791363
2023-02-09,35.49,36.9,35.0,36.47,2361309.0,85442283.0,71284560.0,0.033125111524851945
2023-02-10,36.21,38.77,36.02,38.0,2506951.0,95099379.0,71284560.0,0.03516821875592695
2023-02-13,38.06,40.15,37.58,39.77,2454815.0,96048970.0,71284560.0,0.0344368401796967
2023-02-14,39.58,40.32,39.01,39.7,1112190.0,44109322.0,71284560.0,0.015602116362926277
2023-02-15,39.44,40.86,39.21,40.14,1324576.0,53142917.0,71284560.0,0.018581527332145978
2023-02-16,40.07,40.5,38.15,38.57,1548031.0,60856999.0,71284560.0,0.0217162173688103
2023-02-17,38.53,39.7,37.91,38.4,1149536.0,44354986.0,71284560.0,0.01612601662968811
2023-02-20,38.4,38.99,37.7,37.85,957565.0,36479707.0,71284560.0,0.013432993063294492
2023-02-21,38.15,39.47,37.59,38.74,1186995.0,46019635.0,71284560.0,0.01665150209245873
2023-02-22,38.77,38.86,38.07,38.28,719657.0,27622620.0,71284560.0,0.01009555224862158
2023-02-23,38.28,38.57,37.35,37.82,1120924.0,42428566.0,71284560.0,0.015724639388950426
2023-02-24,37.87,38.0,37.29,37.86,640457.0,24065893.0,71284560.0,0.008984512214145672
2023-02-27,37.4,37.57,36.5,37.1,1149683.0,42598167.0,71284560.0,0.01612807878732786
2023-02-28,37.39,37.99,36.9,37.6,616062.0,23005882.0,71284560.0,0.008642292243930523
2023-03-01,37.79,39.38,37.58,37.83,1435066.0,54895266.0,71284560.0,0.020131512349939453
2023-03-02,37.83,37.83,36.8,37.08,1454011.0,53965064.0,71284560.0,0.020397278176368067
2023-03-03,37.08,37.96,36.69,37.26,873059.0,32534943.0,71284560.0,0.012247518957822003
2023-03-06,37.17,37.2,36.4,36.7,744870.0,27323098.0,71284560.0,0.010449247354546342
2023-03-07,36.49,36.71,35.82,36.28,897194.0,32530347.0,71284560.0,0.012586091574388619
2023-03-08,36.01,36.49,35.51,35.95,699180.0,25144446.0,71284560.0,0.009808295092233157
2023-03-09,36.25,36.67,35.95,36.3,890784.0,32323861.0,71284560.0,0.012496170278669042
2023-03-10,36.01,36.9,35.57,35.72,1005477.0,36342087.0,71284560.0,0.014105116171019363
2023-03-13,35.72,36.56,35.19,36.12,1140553.0,40888476.0,71284560.0,0.01600000056113133
2023-03-14,36.49,36.5,35.24,35.78,773828.0,27562338.0,71284560.0,0.010855478381293228
2023-03-15,35.99,36.6,35.52,36.13,554330.0,20044998.0,71284560.0,0.007776298261502911
2023-03-16,36.17,36.28,35.09,35.21,478105.0,16988406.0,71284560.0,0.006706992369736167
2023-03-17,35.29,35.68,33.1,35.68,3485828.0,119627485.0,71284560.0,0.04890018259213496
2023-03-20,35.51,35.51,32.3,33.33,3581561.0,120129421.0,71284560.0,0.050243152233807716
2023-03-21,33.0,33.58,32.5,33.15,2968855.0,98068918.0,71284560.0,0.041647938908509784
2023-03-22,33.28,33.64,31.71,31.89,2739400.0,88757898.0,71284560.0,0.03842907917226395
2023-03-23,31.84,31.97,30.5,31.02,2833154.0,88167156.0,71284560.0,0.03974428684135807
2023-03-24,30.75,32.21,30.6,31.05,1650093.0,51818155.0,71284560.0,0.023147972015258284
2023-03-27,30.73,31.38,30.06,30.5,1837609.0,55994836.0,71284560.0,0.025778499579712632
2023-03-28,30.41,30.94,29.88,30.85,2082607.0,63521659.0,71284560.0,0.02921540092272436
2023-03-29,30.83,31.01,30.01,30.48,1269147.0,38752221.0,71284560.0,0.017803953619128742
2023-03-30,30.47,32.01,30.02,31.75,2114196.0,66362972.0,71284560.0,0.029658540362737736
2023-03-31,31.38,31.97,30.8,31.5,1743634.0,54657053.0,71284560.0,0.02446019166001726
2023-04-03,31.35,31.37,29.77,30.05,3033337.0,91485806.0,71284560.0,0.04255251066991225
2023-04-04,30.33,30.49,29.8,30.1,1443157.0,43533855.0,71284560.0,0.02024501518982512
2023-04-06,30.1,30.3,29.09,29.56,1075390.0,32024429.0,71284560.0,0.01508587553882636
2023-04-07,29.35,30.23,29.16,29.93,858269.0,25690984.0,71284560.0,0.012040040648353584
2023-04-10,29.44,30.44,29.44,29.93,738543.0,21957746.0,71284560.0,0.010360490406337642
2023-04-11,29.55,30.03,29.31,29.5,598212.0,17672830.0,71284560.0,0.008391887387675536
2023-04-12,29.5,30.49,29.21,30.39,966333.0,29068377.0,71284560.0,0.013555993050949603
2023-04-13,30.15,30.45,29.82,29.93,618998.0,18614222.0,71284560.0,0.008683479283592407
2023-04-14,29.92,30.29,29.58,30.04,848184.0,25419639.0,71284560.0,0.011898565411640333
2023-04-17,30.37,32.27,30.18,31.8,1984422.0,62540138.0,71284560.0,0.027838033930489295
2023-04-18,32.0,32.0,31.18,31.79,988466.0,31138539.0,71284560.0,0.013866481044422523
2023-04-19,31.31,31.99,30.76,30.85,1556924.0,48653010.0,71284560.0,0.02184097089187336
2023-04-20,31.07,31.21,30.1,30.66,1075479.0,32969636.0,71284560.0,0.01508712405603682
2023-04-21,30.97,31.37,30.08,30.7,937962.0,28757044.0,71284560.0,0.01315799662647844
2023-04-24,30.78,33.86,30.5,32.85,3228816.0,105512453.0,71284560.0,0.04529474545399453
2023-04-25,32.85,34.38,32.13,32.98,1902935.0,63258653.0,71284560.0,0.02669491121218957
2023-04-26,33.0,34.41,32.51,33.55,1669451.0,55937081.0,71284560.0,0.023419531522674755
2023-04-27,33.55,33.99,32.03,32.72,2032333.0,67260238.0,71284560.0,0.0285101430099309
2023-04-28,33.0,33.8,32.32,33.6,1394257.0,46120516.0,71284560.0,0.019559032138235826
2023-05-04,32.7,34.6,32.36,34.5,1686134.0,57309891.0,71284560.0,0.02365356537236114
2023-05-05,34.33,34.33,32.66,33.33,1566098.0,51964182.0,71284560.0,0.021969666362533485
2023-05-08,33.28,34.41,33.12,33.8,1351125.0,45826155.0,71284560.0,0.01895396422451089
2023-05-09,33.73,34.49,32.2,32.46,1659712.0,55378101.0,71284560.0,0.023282910071970704
2023-05-10,32.05,33.08,31.5,32.6,1180311.0,38111028.0,71284560.0,0.016557737047124932
2023-05-11,33.09,33.8,32.39,33.63,1321600.0,44094267.0,71284560.0,0.01853977916115355
2023-05-12,33.51,33.97,32.63,32.84,1290605.0,42930712.0,71284560.0,0.018104972521398744
2023-05-15,32.91,34.66,32.63,34.49,1732504.0,58819620.0,71284560.0,0.024304056867293564
2023-05-16,34.3,35.35,34.07,34.4,1209699.0,41980034.0,71284560.0,0.01697000023567516
2023-05-17,34.4,35.35,34.1,35.03,1409124.0,48937932.0,71284560.0,0.01976759062551554
2023-05-18,35.43,37.41,34.6,34.96,2067453.0,73168351.0,71284560.0,0.029002816318147998
2023-05-19,35.09,35.09,33.21,33.83,2149417.0,73029250.0,71284560.0,0.030152630527564454
2023-05-22,33.67,35.33,32.41,35.2,2489105.0,86081407.0,71284560.0,0.03491787001280502
2023-05-23,34.86,35.99,34.5,34.83,1130763.0,39506528.0,71284560.0,0.015862663667980836
2023-05-24,34.83,35.24,33.56,34.6,1120185.0,38443151.0,71284560.0,0.015714272487618638
2023-05-25,34.34,35.0,33.77,34.54,896657.0,30832991.0,71284560.0,0.012578558386276074
2023-05-26,34.54,34.78,33.9,33.99,962959.0,32870021.0,71284560.0,0.013508661623218269
2023-05-29,34.05,34.34,33.27,34.07,1238605.0,41724537.0,71284560.0,0.017375501791692338
2023-05-30,33.82,35.25,33.8,35.1,1562958.0,53861713.0,71284560.0,0.02192561755308583
2023-05-31,35.01,35.48,34.0,34.17,1404288.0,48621877.0,71284560.0,0.019699749847652843
2023-06-01,34.02,34.03,33.05,33.11,2317581.0,77423626.0,71284560.0,0.03251168275430191
2023-06-02,33.11,33.46,32.68,32.87,1141288.0,37633298.0,71284560.0,0.016010311349330064
2023-06-05,32.59,33.15,31.9,32.01,1458754.0,46929019.0,71284560.0,0.020463814323887247
2023-06-06,32.04,32.28,31.51,31.58,963885.0,30600929.0,71284560.0,0.013521651813520347
2023-06-07,31.95,32.21,31.17,31.77,1065590.0,33754916.0,71284560.0,0.01494839836284323
2023-06-08,31.32,31.72,30.74,31.36,1476760.0,45997504.0,71284560.0,0.020716407592331353
2023-06-09,31.29,31.38,30.51,30.65,1295247.0,39908926.0,71284560.0,0.018170091812308303
2023-06-12,30.64,30.83,30.12,30.64,1090363.0,33172644.0,71284560.0,0.015295921024132015
2023-06-13,30.25,30.88,29.92,30.1,1360373.0,41016613.0,71284560.0,0.01908369778813252
2023-06-14,30.51,30.51,29.61,30.18,1202794.0,36135831.0,71284560.0,0.016873134939740107
2023-06-15,30.29,30.48,29.75,30.28,657244.0,19843797.0,71284560.0,0.009220005005291469
2023-06-16,30.5,30.98,29.77,29.97,1650000.0,49822363.0,71284560.0,0.02314666738491477
2023-06-19,29.97,30.09,29.2,29.73,1382513.0,41034648.0,71284560.0,0.019394283979588287
2023-06-20,29.5,29.85,29.17,29.27,1645258.0,48390823.0,71284560.0,0.02308014526567885
2023-06-21,29.28,30.0,29.26,29.41,1488294.0,44270475.0,71284560.0,0.02087820981149354
2023-06-26,29.69,29.8,28.12,28.3,1093339.0,31363898.0,71284560.0,0.015337669195124443
2023-06-27,28.38,28.93,28.02,28.89,855246.0,24413568.0,71284560.0,0.011997633148047767
2023-06-28,28.85,29.15,28.14,29.06,966326.0,27686074.0,71284560.0,0.013555894852966757
2023-06-29,29.06,29.45,28.24,28.6,881852.0,25188783.0,71284560.0,0.012370869652558703
2023-06-30,28.49,28.67,27.99,28.67,1217951.0,34416964.0,71284560.0,0.01708576162916626
2023-07-03,28.55,28.55,26.01,26.97,3721764.0,99920740.0,71284560.0,0.05220995963221208
2023-07-04,26.88,27.43,26.03,27.09,2610174.0,69782591.0,71284560.0,0.036616260239243956
2023-07-05,27.4,27.41,26.85,27.21,1005158.0,27298425.0,71284560.0,0.014100641148658279
2023-07-06,27.18,27.51,26.04,26.98,1488834.0,39945855.0,71284560.0,0.020885785084455877
2023-07-07,27.28,27.31,26.54,26.62,693674.0,18595845.0,71284560.0,0.00973105536458386
2023-07-10,26.56,26.7,26.2,26.3,747699.0,19734091.0,71284560.0,0.010488933367899023
2023-07-11,26.38,26.68,25.81,26.44,897407.0,23647687.0,71284560.0,0.012589079598723763
2023-07-12,26.6,26.79,26.06,26.1,734927.0,19381224.0,71284560.0,0.01030976413405652
2023-07-13,26.28,27.5,26.0,27.35,1583343.0,42650491.0,71284560.0,0.022211584107414004
2023-07-14,27.19,27.46,26.7,26.91,753923.0,20326479.0,71284560.0,0.010576245402931575
2023-07-17,26.81,27.8,26.3,27.8,1287297.0,34853620.0,71284560.0,0.018058566960362805
2023-07-18,27.64,28.01,26.88,27.54,1203521.0,33151871.0,71284560.0,0.01688333350167273
2023-07-19,27.55,28.1,27.55,27.84,874180.0,24284344.0,71284560.0,0.01226324466336048
2023-07-20,28.04,28.8,27.89,28.29,1131178.0,32020602.0,71284560.0,0.015868485405535225
2023-07-21,28.23,28.49,27.82,28.2,890777.0,25040939.0,71284560.0,0.012496072080686196
2023-07-24,28.1,29.21,27.83,29.21,986315.0,28079956.0,71284560.0,0.013836306207122551
2023-07-25,28.81,29.0,27.87,28.0,1745044.0,49127501.0,71284560.0,0.024479971539418915
2023-07-26,27.9,28.19,27.59,27.65,694704.0,19356570.0,71284560.0,0.009745504496345352
2023-07-27,27.75,28.15,27.49,27.62,896903.0,24955554.0,71284560.0,0.012582009343958917
2023-07-28,27.43,27.74,27.27,27.39,798398.0,21963470.0,71284560.0,0.011200153301079504
2023-07-31,26.81,27.2,25.78,26.6,2405117.0,63743478.0,71284560.0,0.033739662558063065
2023-08-01,26.65,26.8,25.97,26.29,1630649.0,42845430.0,71284560.0,0.02287520607548114
2023-08-02,26.33,26.53,25.0,26.22,2335525.0,60364528.0,71284560.0,0.03276340626918368
2023-08-03,26.3,26.3,25.48,25.79,837949.0,21591007.0,71284560.0,0.011754985932437543
2023-08-04,25.79,26.11,25.29,25.58,1086057.0,27772937.0,71284560.0,0.015235515236399018
2023-08-07,25.5,25.88,25.31,25.88,1135426.0,29076214.0,71284560.0,0.015928077552838933
2023-08-08,25.87,26.3,25.57,26.07,896884.0,23315420.0,71284560.0,0.012581742806576908
2023-08-09,25.89,26.27,25.65,25.94,603378.0,15576597.0,71284560.0,0.008464357499015215
2023-08-10,25.95,26.14,25.53,25.66,675445.0,17386098.0,71284560.0,0.009475333788971974
2023-08-11,25.59,25.8,25.15,25.7,1465243.0,37308513.0,71284560.0,0.02055484385398465
2023-08-14,25.56,27.54,25.21,27.32,2398218.0,63343550.0,71284560.0,0.033642881431827594
2023-08-15,27.1,27.7,26.95,27.59,1405514.0,38400176.0,71284560.0,0.019716948522934
2023-08-16,27.3,27.44,26.26,26.54,1261410.0,33871851.0,71284560.0,0.017695416791518388
2023-08-17,26.5,27.53,26.3,27.3,1289432.0,34664290.0,71284560.0,0.018088517345130558
2023-08-18,27.44,28.04,27.21,27.99,1502597.0,41777945.0,71284560.0,0.021078856347012592
2023-08-21,27.79,29.55,27.79,28.98,2755497.0,79340007.0,71284560.0,0.038654892447957875
2023-08-22,29.13,29.22,28.37,28.91,1144652.0,32829890.0,71284560.0,0.016057502494228763
2023-08-23,28.63,29.02,27.8,28.35,982688.0,27735386.0,71284560.0,0.01378542562372553
2023-08-24,28.48,28.9,27.58,28.9,1767708.0,49715392.0,71284560.0,0.024797908551304797
2023-08-25,28.6,28.61,27.52,27.96,1383119.0,38589549.0,71284560.0,0.019402785119246018
2023-08-28,29.02,29.39,27.49,28.2,1461011.0,41053970.0,71284560.0,0.02049547615921316
2023-08-29,28.01,28.79,27.85,28.65,1249080.0,35398503.0,71284560.0,0.017522448058878388
2023-08-30,28.4,30.33,28.4,29.45,1909449.0,56378158.0,71284560.0,0.02678629144936856
2023-08-31,29.25,29.53,28.8,29.39,840913.0,24469181.0,71284560.0,0.011796565764030808
2023-09-01,29.02,29.3,27.8,28.58,1371679.0,38899499.0,71284560.0,0.01924230155871061
2023-09-04,28.56,28.87,27.91,28.6,1335240.0,38056535.0,71284560.0,0.018731124944868848
2023-09-05,28.88,28.88,28.3,28.64,499683.0,14251407.0,71284560.0,0.007009694665997798
2023-09-06,28.78,28.79,28.35,28.5,330009.0,9414777.0,71284560.0,0.004629459731532326
2023-09-07,28.5,28.59,28.27,28.31,540091.0,15360885.0,71284560.0,0.007576549536112729
2023-09-08,28.31,28.5,28.1,28.47,457130.0,12954898.0,71284560.0,0.006412749128282478
2023-09-11,28.23,29.09,28.0,29.0,966240.0,27664658.0,71284560.0,0.013554688420606089
2023-09-12,29.07,29.07,28.55,28.65,378681.0,10877390.0,71284560.0,0.005312244334537521
2023-09-13,28.51,28.88,27.91,28.73,597697.0,16943988.0,71284560.0,0.00838466282179479
2023-09-14,28.43,29.09,28.43,28.63,386771.0,11140762.0,71284560.0,0.005425733146139922
2023-09-15,28.69,28.8,27.96,28.18,518475.0,14656503.0,71284560.0,0.007273314165087082
2023-09-18,28.19,28.27,27.0,27.68,946693.0,26201740.0,71284560.0,0.013280477567652799
2023-09-19,27.6,27.69,27.04,27.3,618234.0,16839666.0,71284560.0,0.008672761675179028
2023-09-20,27.52,27.6,26.71,26.73,431053.0,11585265.0,71284560.0,0.0060469335856179795
2023-09-21,26.7,27.02,26.39,27.0,476761.0,12761591.0,71284560.0,0.00668813835702991
2023-09-22,26.8,27.29,26.63,27.02,261666.0,7046650.0,92373760.0,0.0028326875510967615
2023-09-25,26.99,27.02,26.43,26.48,375295.0,9983472.0,92373760.0,0.004062787960563693
2023-09-26,26.6,26.9,26.49,26.73,241383.0,6451023.0,92373760.0,0.0026131122084886442
2023-09-27,26.73,27.14,26.48,26.98,497772.0,13300214.0,92373760.0,0.005388673147006249
2023-09-28,26.92,27.9,26.58,27.9,383019.0,10405116.0,92373760.0,0.0041464047798855435
2023-10-09,27.31,27.58,26.8,27.1,612873.0,16609112.0,92373760.0,0.006634708817742182
2023-10-10,27.39,27.39,26.81,27.3,542610.0,14698965.0,92373760.0,0.005874070731774911
2023-10-11,27.0,27.1,26.61,26.8,382750.0,10267442.0,92373760.0,0.004143492697493314
2023-10-12,26.99,26.99,26.46,26.67,415892.0,11087540.0,92373760.0,0.004502274238918065
2023-10-13,26.6,26.69,25.93,26.67,998591.0,26257085.0,92373760.0,0.010810331851815926
2023-10-16,26.41,26.85,26.09,26.85,611327.0,16121542.0,92373760.0,0.006617972463175689
2023-10-17,26.58,26.98,26.42,26.68,308461.0,8231490.0,92373760.0,0.003339270805908518
2023-10-18,26.5,26.56,26.17,26.44,319592.0,8433490.0,92373760.0,0.003459770393670237
2023-10-19,26.18,26.48,25.91,26.48,453629.0,11889992.0,92373760.0,0.004910799343882938
2023-10-20,26.25,26.88,26.11,26.85,801110.0,21173628.0,92373760.0,0.008672484480441198
2023-10-23,26.84,26.97,26.22,26.49,676337.0,18013796.0,92373760.0,0.007321743750606233
2023-10-24,26.48,27.51,26.47,26.83,791829.0,21371086.0,92373760.0,0.008572012225116743
2023-10-25,26.97,27.23,26.51,26.65,351269.0,9387171.0,92373760.0,0.0038026924529216957
2023-10-26,26.5,26.69,26.1,26.58,295869.0,7783605.0,92373760.0,0.0032029550383139106
2023-10-27,26.6,27.99,26.56,27.8,1624641.0,44740211.0,92373760.0,0.017587689404436932
2023-10-30,27.54,28.8,27.54,27.88,1255359.0,35264707.0,92373760.0,0.013589995687086895
2023-10-31,27.97,28.01,27.53,27.66,833813.0,23137317.0,92373760.0,0.009026513590006512
2023-11-01,27.52,27.71,27.05,27.1,871695.0,23734557.0,92373760.0,0.009436608404811064
2023-11-02,26.95,27.26,26.86,27.02,397728.0,10750086.0,92373760.0,0.00430563831113944
2023-11-03,27.02,27.3,26.82,26.85,714915.0,19299231.0,92373760.0,0.0077393731726412346
2023-11-06,26.9,27.99,26.88,27.76,1252428.0,34563073.0,92373760.0,0.01355826589715521
2023-11-07,27.53,27.96,26.88,27.09,947016.0,25730314.0,92373760.0,0.010252002300220322
2023-11-08,27.17,28.7,27.14,28.57,1819916.0,51253881.0,92373760.0,0.01970165553507836
2023-11-09,28.57,29.09,28.25,28.83,1091212.0,31387446.0,92373760.0,0.011813008369476354
2023-11-10,28.83,29.1,28.33,28.82,756290.0,21801062.0,92373760.0,0.008187281756204359
2023-11-13,28.83,29.04,27.67,28.42,1126227.0,31706466.0,92373760.0,0.012192066231795697
2023-11-14,28.6,28.6,27.78,27.99,890659.0,24985740.0,92373760.0,0.009641904800670667
2023-11-15,28.2,28.68,28.03,28.2,1082635.0,30620828.0,92373760.0,0.01172015732606316
2023-11-16,28.2,28.68,28.0,28.23,955921.0,27098319.0,92373760.0,0.010348404135546718
2023-11-17,28.15,28.75,28.09,28.6,529194.0,15024223.0,92373760.0,0.005728834682056896
2023-11-20,28.58,28.58,28.25,28.34,575480.0,16343637.0,92373760.0,0.006229907714052129
2023-11-21,28.51,28.85,28.21,28.27,790338.0,22508045.0,92373760.0,0.008555871277730819
2023-11-22,28.32,29.07,28.31,29.0,1235504.0,35522101.0,92373760.0,0.013375053694902102
2023-11-23,28.87,30.11,28.21,29.88,1599298.0,46934142.0,92373760.0,0.017313336601216624
2023-11-24,30.0,30.04,28.89,29.26,825224.0,24206644.0,92373760.0,0.008933532639572103
2023-11-27,29.25,29.38,28.4,29.38,1386550.0,39978471.0,92373760.0,0.015010215022101514
2023-11-28,29.05,29.15,28.27,29.15,1902090.0,54434706.0,92373760.0,0.020591237165186304
2023-11-29,28.8,28.84,28.18,28.5,1829392.0,52020127.0,92373760.0,0.019804238779497555
2023-11-30,28.24,28.42,27.77,28.09,746415.0,20930049.0,92373760.0,0.008080379103329777
2023-12-01,28.09,28.52,27.83,28.52,1307358.0,36827707.0,92373760.0,0.014152915286765419
2023-12-04,28.12,28.29,27.29,27.8,1686645.0,46589131.0,92373760.0,0.018258918983053197
2023-12-05,27.5,27.51,26.7,27.22,1722944.0,46578714.0,92373760.0,0.018651876896642508
2023-12-06,27.0,27.19,26.58,26.87,1512441.0,40583589.0,92373760.0,0.01637305875607965
2023-12-07,27.09,27.2,26.33,26.6,1051875.0,28049169.0,92373760.0,0.011387162328349522
2023-12-08,26.65,26.87,25.91,25.99,1164712.0,30492525.0,92373760.0,0.012608688874416284
2023-12-11,25.99,26.5,25.66,26.17,1121735.0,29197364.0,92373760.0,0.012143437703521
2023-12-12,26.17,26.3,25.1,25.73,1079105.0,27732054.0,92373760.0,0.01168194301065584
2023-12-13,25.68,25.86,25.36,25.6,509637.0,13059215.0,92373760.0,0.005517118714232267
2023-12-14,25.7,25.87,25.5,25.51,517333.0,13282844.0,92373760.0,0.0056004324171712834
2023-12-15,25.51,25.8,25.05,25.62,345968.0,8867995.0,92373760.0,0.0037453060263001096
2023-12-18,25.63,25.63,24.92,25.01,395840.0,9975563.0,92373760.0,0.00428519960646833
2023-12-19,25.29,25.29,24.39,25.2,742474.0,18412360.0,92373760.0,0.008037715472445854
2023-12-20,24.84,25.16,24.5,24.59,594897.0,14679216.0,92373760.0,0.006440108099962587
2023-12-21,24.54,24.77,24.17,24.48,900391.0,21960431.0,92373760.0,0.009747259394875774
2023-12-22,24.41,24.55,23.67,24.16,1379422.0,33239225.0,92373760.0,0.014933050251499993
2023-12-25,23.99,24.16,23.68,23.77,731596.0,17465444.0,92373760.0,0.007919954757714745
2023-12-26,23.91,23.91,23.27,23.68,1070304.0,25196312.0,92373760.0,0.01158666703617997
2023-12-27,23.4,23.67,23.0,23.16,2261913.0,52744894.0,92373760.0,0.024486531673063867
2023-12-28,23.29,23.7,23.1,23.66,1352762.0,31683492.0,92373760.0,0.014644440152701374
2023-12-29,23.71,24.05,23.49,24.02,689274.0,16445249.0,92373760.0,0.007461794345060762
2024-01-02,24.2,24.35,23.74,23.83,714962.0,17189022.0,92373760.0,0.007739881975140993
2024-01-03,24.03,24.08,23.57,23.68,953184.0,22669724.0,92373760.0,0.010318774509124669
2024-01-04,23.75,23.92,23.55,23.6,576970.0,13655378.0,92373760.0,0.006246037835852952
2024-01-05,23.87,23.87,23.08,23.55,711674.0,16649685.0,92373760.0,0.007704287451328169
2024-01-08,23.61,23.61,22.6,23.3,808540.0,18634427.0,92373760.0,0.008752918577743289
2024-01-09,23.02,23.1,22.57,22.93,1025158.0,23425615.0,92373760.0,0.011097935171200134
2024-01-10,22.92,23.18,22.22,22.83,893645.0,20327078.0,92373760.0,0.00967422999778292
2024-01-11,22.78,22.84,22.43,22.7,721250.0,16315763.0,92373760.0,0.007807953254257486
2024-01-12,22.79,23.36,22.66,22.66,695002.0,15979020.0,92373760.0,0.00752380329652057
2024-01-15,22.74,22.74,22.12,22.5,964100.0,21539941.0,92373760.0,0.010436946596089625
2024-01-16,22.5,22.6,21.83,22.25,1097645.0,24307861.0,92373760.0,0.011882649358432525
2024-01-17,22.3,22.58,22.02,22.02,782180.0,17415812.0,92373760.0,0.008467556154475036
2024-01-18,22.01,22.01,21.2,21.77,997348.0,21584761.0,92373760.0,0.010796875649535105
2024-01-19,21.79,21.95,21.56,21.85,593750.0,12921835.0,92373760.0,0.006427691153851484
2024-01-22,21.84,21.84,19.48,20.53,2035831.0,42068796.0,92373760.0,0.022039061742209043
2024-01-23,20.3,20.3,19.73,19.97,1396607.0,27838373.0,92373760.0,0.01511908793146452
2024-01-24,19.8,20.25,18.9,19.5,1084658.0,21151807.0,92373760.0,0.011742057484722934
2024-01-25,19.51,20.59,19.41,20.43,1559742.0,31310228.0,92373760.0,0.016885119756952623
2024-01-26,20.98,20.98,19.97,20.25,897405.0,18275668.0,92373760.0,0.00971493419776352
2024-01-29,20.45,20.48,19.41,19.64,1313311.0,25915920.0,92373760.0,0.014217359994873002
2024-01-30,19.69,19.69,18.9,19.35,1053273.0,20151348.0,92373760.0,0.011402296496321034
2024-01-31,19.14,19.17,18.11,18.97,1451728.0,27165007.0,92373760.0,0.015715805007829063
2024-02-01,18.9,18.9,17.66,18.25,1400923.0,25190745.0,92373760.0,0.0151658111567614
2024-02-02,18.18,18.48,17.0,18.18,2091331.0,37299415.0,92373760.0,0.02263988171532695
2024-02-05,18.18,18.18,15.73,16.7,1967596.0,32714610.0,92373760.0,0.021300377942827055
2024-02-06,16.58,17.6,15.17,16.7,1510629.0,24857242.0,92373760.0,0.016353442795876232
2024-02-07,16.9,16.9,15.34,16.1,1718360.0,27418519.0,92373760.0,0.0186022524145385
2024-02-08,16.04,17.97,14.63,17.78,3099767.0,51329181.0,92373760.0,0.03355679145246442
2024-02-19,17.78,17.99,17.01,17.2,1842099.0,32112754.0,92373760.0,0.0199417994893788
2024-02-20,17.02,17.12,16.37,16.78,1439352.0,23983778.0,92373760.0,0.015581827566616321
2024-02-21,16.87,18.32,16.62,17.55,1785469.0,31464677.0,92373760.0,0.019328746605096512
2024-02-22,17.69,17.99,17.29,17.94,1401757.0,24679808.0,92373760.0,0.015174839694735822
2024-02-23,18.1,18.72,17.94,18.28,1182813.0,21666675.0,92373760.0,0.012804642790333533
2024-02-26,18.36,19.0,17.95,18.36,1614926.0,29707264.0,92373760.0,0.017482518845178544
2024-02-27,18.21,18.84,18.09,18.84,1345593.0,24814673.0,92373760.0,0.014566831533110702
2024-02-28,18.9,19.41,17.05,17.38,2926035.0,52741265.0,92373760.0,0.03167604090165865
2024-02-29,17.22,17.72,16.89,17.68,1943628.0,33511528.0,92373760.0,0.021040910319120927
2024-03-01,17.68,17.8,17.25,17.54,1209282.0,21206079.0,92373760.0,0.013091185202377818
2024-03-04,17.53,17.72,17.0,17.54,1301454.0,22571063.0,92373760.0,0.014089001032327795
2024-03-05,17.51,17.59,17.05,17.05,1174726.0,20222087.0,92373760.0,0.012717096283619937
2024-03-06,17.05,17.51,16.95,17.38,1258703.0,21748332.0,92373760.0,0.013626196443665388
2024-03-07,17.55,17.68,17.09,17.09,733464.0,12737879.0,92373760.0,0.00794017695068383
2024-03-08,17.35,17.39,17.0,17.38,535895.0,9225419.0,92373760.0,0.005801376927820195
2024-03-11,17.4,17.68,17.25,17.51,1008688.0,17594265.0,92373760.0,0.010919637784582981
2024-03-12,17.6,17.8,17.37,17.63,1506020.0,26420952.0,92373760.0,0.016303547674144693
2024-03-13,17.78,17.92,17.46,17.75,1041192.0,18419805.0,92373760.0,0.011271512602713151
2024-03-14,17.77,17.93,17.15,17.51,1295756.0,22800483.0,92373760.0,0.014027316848421024
2024-03-15,17.52,17.75,17.35,17.67,1123502.0,19755182.0,92373760.0,0.012162566512394862
2024-03-18,17.92,18.36,17.72,18.28,1902568.0,34358794.0,92373760.0,0.02059641179486469
2024-03-19,18.43,18.43,17.81,17.81,1447223.0,26105636.0,92373760.0,0.01566703574694805
2024-03-20,17.95,18.86,17.82,18.7,2731536.0,50296727.0,92373760.0,0.029570475425055774
2024-03-21,18.7,19.19,18.26,19.12,2305118.0,43150207.0,92373760.0,0.024954251077362228
2024-03-22,19.01,19.11,18.51,18.61,1768231.0,33060553.0,92373760.0,0.01914213516912162
2024-03-25,18.53,18.65,17.42,17.43,1625284.0,29224686.0,92373760.0,0.017594650255657016
2024-03-26,17.09,17.5,16.64,16.91,2064505.0,35095934.0,92373760.0,0.022349474569401527
2024-03-27,16.94,17.55,16.35,16.62,2137612.0,36454497.0,92373760.0,0.02314090061939668
2024-03-28,16.5,17.47,16.44,17.13,1501991.0,25504130.0,92373760.0,0.016259931391771863
2024-03-29,17.19,17.46,17.0,17.18,772186.0,13285445.0,92373760.0,0.008359365256973408
2024-04-01,17.38,18.27,17.29,18.22,1216772.0,21842912.0,92373760.0,0.013172268834785983
2024-04-02,18.2,18.22,17.85,18.06,770622.0,13890002.0,92373760.0,0.008342434041875095
2024-04-03,18.01,18.01,17.61,17.73,854277.0,15159471.0,92373760.0,0.009248048363517952
2024-04-08,17.93,17.93,16.36,16.46,1927974.0,32350287.0,92373760.0,0.020871446609946373
2024-04-09,16.46,16.84,16.39,16.77,964147.0,16016070.0,92373760.0,0.010437455398589384
2024-04-10,16.81,16.81,15.99,16.14,1271839.0,20620139.0,92373760.0,0.01376840132955506
2024-04-11,16.04,16.34,15.94,16.05,838758.0,13513075.0,92373760.0,0.009080046108332063
2024-04-12,16.05,16.32,15.78,15.82,945231.0,15140121.0,92373760.0,0.010232678630814639
2024-04-15,15.77,15.87,14.26,14.38,2383081.0,35364603.0,92373760.0,0.025798246168608922
2024-04-16,14.3,14.34,13.31,13.6,2165608.0,29932718.0,92373760.0,0.02344397369989053
2024-04-17,13.8,14.79,13.73,14.5,2792492.0,40446065.0,92373760.0,0.030230359790485956
2024-04-18,14.51,14.51,13.81,14.07,2370436.0,33555293.0,92373760.0,0.02566135664500395
2024-04-19,14.07,14.16,13.51,13.7,1370974.0,18932911.0,92373760.0,0.014841595708564857
2024-04-22,13.66,13.79,13.1,13.62,1303046.0,17687240.0,92373760.0,0.014106235363808943
2024-04-23,13.62,14.36,13.56,14.17,1587598.0,22255498.0,92373760.0,0.017186677255532308
2024-04-24,14.26,14.38,14.0,14.24,1335675.0,18943555.0,92373760.0,0.014459463380076766
2024-04-25,14.3,14.66,14.2,14.51,1239199.0,17901502.0,92373760.0,0.013415054231851123
2024-04-26,14.82,15.16,14.2,14.97,1563534.0,22950652.0,92373760.0,0.016926170375656465
2024-04-29,15.03,16.19,14.96,16.16,2505564.0,39265085.0,92373760.0,0.027124196308562085
2024-04-30,16.01,16.36,15.59,16.08,2518133.0,39971233.0,92373760.0,0.027260263087699365
2024-05-06,16.5,17.25,16.4,16.58,2031889.0,33832394.0,92373760.0,0.02199638728574002
2024-05-07,17.09,17.77,17.06,17.39,2904821.0,50434825.0,92373760.0,0.031446386939321294
2024-05-08,17.37,17.6,16.96,17.46,2637084.0,45536655.0,92373760.0,0.028547977261075008
2024-05-09,17.29,17.85,17.24,17.35,2466592.0,43273090.0,92373760.0,0.0267023016059972
2024-05-10,17.33,17.59,16.74,16.79,1995012.0,34016813.0,92373760.0,0.021597172183962197
2024-05-13,16.81,17.14,16.47,16.58,1542169.0,25972935.0,92373760.0,0.01669488174996882
2024-05-14,16.63,17.05,16.5,16.9,1430409.0,23971580.0,92373760.0,0.015485014359056078
2024-05-15,16.94,17.26,16.8,17.1,1095669.0,18751284.0,92373760.0,0.011861258002272506
2024-05-16,17.1,17.43,17.03,17.2,802215.0,13867677.0,92373760.0,0.008684446751978051
2024-05-17,17.3,17.31,16.95,17.23,1010442.0,17261525.0,92373760.0,0.010938625860850527
2024-05-20,17.16,17.5,17.1,17.5,1361253.0,23632354.0,92373760.0,0.014736360195795863
2024-05-21,17.6,17.6,16.92,17.25,967142.0,16787010.0,92373760.0,0.010469878025967548
2024-05-22,17.21,17.85,17.12,17.8,1461245.0,25509264.0,92373760.0,0.01581883210123741
2024-05-23,17.69,17.7,16.83,17.31,1603166.0,27667342.0,92373760.0,0.017355209964388156
2024-05-24,17.28,17.35,16.82,16.87,1021785.0,17419078.0,92373760.0,0.011061420472653707
2024-05-27,16.85,17.1,16.6,17.08,1011597.0,17014790.0,92373760.0,0.010951129411642441
2024-05-28,16.98,17.12,16.63,16.69,615734.0,10381221.0,92373760.0,0.006665680816716782
2024-05-29,16.52,16.98,16.52,16.76,449325.0,7547303.0,92373760.0,0.004864206025607272
2024-05-30,16.66,16.94,16.59,16.68,630755.0,10581490.0,92373760.0,0.006828291930522261
2024-05-31,16.75,16.8,16.47,16.55,924442.0,15344056.0,92373760.0,0.010007625542145302
2024-06-03,16.5,16.55,15.9,16.09,1046933.0,16962492.0,92373760.0,0.011333662286779275
2024-06-04,16.09,16.57,15.5,16.18,1659366.0,26822333.0,92373760.0,0.01796360784707692
2024-06-05,16.14,16.14,15.66,15.66,546002.0,8649885.0,92373760.0,0.005910791116438261
2024-06-06,15.65,15.73,14.7,14.92,1134038.0,17140224.0,92373760.0,0.012276624877021353
2024-06-07,14.92,15.37,14.92,15.33,901742.0,13706176.0,92373760.0,0.009761884760347526
2024-06-11,15.21,15.37,14.9,15.09,1059863.0,16021495.0,92373760.0,0.011473637102138097
2024-06-12,14.95,15.25,14.8,14.85,1526328.0,22880408.0,92373760.0,0.01652339365638034
2024-06-13,14.86,15.14,14.81,14.86,1060325.0,15875909.0,92373760.0,0.011478638522454862
2024-06-14,14.82,14.93,14.55,14.74,1040851.0,15424726.0,92373760.0,0.011267821078193635
2024-06-17,14.68,14.75,14.45,14.45,737355.0,10735975.0,92373760.0,0.007982299302312692
2024-06-18,14.65,14.65,14.26,14.36,812903.0,11710288.0,92373760.0,0.008800150605539929
2024-06-19,14.48,14.54,14.3,14.33,733940.0,10590596.0,92373760.0,0.007945329929192013
2024-06-20,14.27,14.39,14.05,14.17,762569.0,10838219.0,92373760.0,0.008255255605054941
2024-06-21,14.01,14.28,13.94,14.21,441622.0,6249467.0,92373760.0,0.004780816543572547
2024-06-24,14.02,14.07,13.36,13.43,1542557.0,20971302.0,92373760.0,0.016699082076988097
2024-06-25,13.43,13.71,13.1,13.42,1030849.0,13822343.0,92373760.0,0.011159543576011196
2024-06-26,13.41,13.55,13.2,13.52,1448636.0,19382368.0,92373760.0,0.01568233229869608
2024-06-27,13.46,13.56,13.15,13.26,1313588.0,17476757.0,92373760.0,0.014220358681946042
2024-06-28,13.27,13.39,12.97,13.23,1249108.0,16500847.0,92373760.0,0.013522324954619148
2024-07-01,13.18,13.23,12.81,13.0,1219941.0,15795386.0,92373760.0,0.01320657511397176
2024-07-02,12.91,13.15,12.82,12.92,1079647.0,14059965.0,92373760.0,0.011687810477780704
2024-07-03,12.98,13.01,12.72,12.78,729352.0,9362725.0,92373760.0,0.007895662144747599
2024-07-04,12.78,12.84,12.2,12.22,1173059.0,14595044.0,92373760.0,0.012699050033256198
2024-07-05,12.18,12.6,12.04,12.46,929514.0,11444793.0,92373760.0,0.010062532909778708
2024-07-08,12.52,12.52,11.97,12.02,452917.0,5485727.0,92373760.0,0.004903091527290867
2024-07-09,12.0,12.18,11.74,12.14,597561.0,7175644.0,92373760.0,0.006468947458672246
2024-07-10,12.08,12.15,11.84,11.94,532153.0,6386134.0,92373760.0,0.005760867588371416
2024-07-11,12.39,12.44,12.08,12.39,771649.0,9500339.0,92373760.0,0.008353551917774052
2024-07-12,12.34,12.64,12.29,12.38,782238.0,9770034.0,92373760.0,0.008468184038410908
2024-07-15,12.4,12.42,11.99,12.03,583966.0,7068856.0,92373760.0,0.006321773629221112
2024-07-16,12.02,12.16,11.91,12.05,522168.0,6289273.0,92373760.0,0.005652774121135699
2024-07-17,12.1,12.13,11.91,11.96,437070.0,5244740.0,92373760.0,0.004731538480191777
2024-07-18,11.91,11.91,11.6,11.8,546382.0,6413906.0,92373760.0,0.005914904838776726
2024-07-19,11.8,12.09,11.57,11.92,532888.0,6301273.0,92373760.0,0.0057688243934208155
2024-07-22,11.93,12.12,11.85,12.02,379416.0,4544917.0,92373760.0,0.004107400196765835
2024-07-23,12.1,12.35,11.8,11.85,915565.0,11134102.0,92373760.0,0.00991152682320174
2024-07-24,11.8,11.98,11.63,11.64,543543.0,6375199.0,92373760.0,0.005884171002674353
2024-07-25,11.62,11.93,11.36,11.79,361911.0,4249932.0,92373760.0,0.003917898329568917
2024-07-26,11.85,11.97,11.79,11.81,363347.0,4309818.0,92373760.0,0.0039334438697742734
2024-07-29,11.87,11.87,11.6,11.68,301561.0,3524832.0,92373760.0,0.003264574268710075
2024-07-30,11.68,11.89,11.59,11.8,562302.0,6620838.0,92373760.0,0.0060872481535882055
2024-07-31,11.82,12.24,11.68,12.21,599254.0,7229850.0,92373760.0,0.006487275174248618
2024-08-01,12.32,12.48,12.24,12.39,912975.0,11282995.0,92373760.0,0.00988348855778957
2024-08-02,12.25,12.76,12.25,12.48,1139678.0,14293056.0,92373760.0,0.012337681176992254
2024-08-05,12.34,12.61,12.22,12.22,861775.0,10718105.0,92373760.0,0.009329218600606926
2024-08-06,12.4,12.53,12.23,12.35,617421.0,7645370.0,92373760.0,0.006683943578782546
2024-08-07,12.39,12.44,12.25,12.27,409300.0,5038121.0,92373760.0,0.0044309119819308
2024-08-08,12.18,12.32,12.04,12.18,384489.0,4671051.0,92373760.0,0.004162318389984342
2024-08-09,12.12,12.4,11.98,12.02,382749.0,4640459.0,92373760.0,0.004143481871908213
2024-08-12,12.08,12.26,11.78,11.88,579762.0,6969549.0,92373760.0,0.006276262869455569
2024-08-13,11.88,12.18,11.7,12.1,653188.0,7840647.0,92373760.0,0.0070711422810980085
2024-08-14,12.15,12.33,11.9,11.9,398874.0,4809047.0,92373760.0,0.004318044431665443
2024-08-15,11.91,12.21,11.7,12.21,926860.0,11094698.0,92373760.0,0.01003380180692006
2024-08-16,12.14,12.21,12.0,12.15,582497.0,7047538.0,92373760.0,0.006305870844707415
2024-08-19,12.11,12.18,11.95,11.99,367623.0,4436350.0,92373760.0,0.003979734071667106
2024-08-20,12.05,12.05,11.68,11.73,455181.0,5372046.0,92373760.0,0.004927600651960037
2024-08-21,11.67,11.77,11.47,11.7,623382.0,7237676.0,92373760.0,0.0067484748915709394
2024-08-22,11.57,11.75,11.53,11.53,537722.0,6259228.0,92373760.0,0.00582115527180013
2024-08-23,10.91,10.91,9.97,10.04,3226739.0,33473396.0,92373760.0,0.03493133764393698
2024-08-26,10.0,10.69,10.0,10.61,2121281.0,22191839.0,92373760.0,0.022964107989108595
2024-08-27,10.55,11.1,10.5,10.87,1764401.0,19163205.0,92373760.0,0.019100673178183935
2024-08-28,10.87,10.95,10.6,10.68,702098.0,7560008.0,92373760.0,0.007600621648398853
2024-08-29,10.68,10.86,10.53,10.78,644503.0,6907652.0,92373760.0,0.006977122074493882
2024-08-30,10.94,10.94,10.65,10.78,1050591.0,11354931.0,92373760.0,0.011373262277079552
2024-09-02,10.81,10.88,10.41,10.45,753463.0,8055948.0,92373760.0,0.0081566778271232
2024-09-03,10.55,10.74,10.36,10.63,833806.0,8852459.0,92373760.0,0.009026437810910804
2024-09-04,10.5,10.69,10.44,10.62,808103.0,8517985.0,92373760.0,0.008748187797054056
2024-09-05,10.59,10.64,10.45,10.61,704676.0,7443891.0,92373760.0,0.007628530006789807
2024-09-06,10.56,10.57,10.31,10.39,771339.0,8021927.0,92373760.0,0.008350195986392672
2024-09-09,10.36,10.61,10.19,10.47,597258.0,6259175.0,92373760.0,0.006465667306386575
2024-09-10,10.47,10.55,10.35,10.51,628459.0,6570289.0,92373760.0,0.006803436387129852
2024-09-11,10.4,10.57,10.4,10.56,597935.0,6275892.0,92373760.0,0.006472996227500104
2024-09-12,10.55,10.69,10.43,10.44,521797.0,5512648.0,92373760.0,0.005648757829063145
2024-09-13,10.45,10.47,10.23,10.4,1026226.0,10587500.0,92373760.0,0.01110949689608824
2024-09-18,10.4,10.44,10.05,10.35,932566.0,9555627.0,92373760.0,0.010095572595507642
2024-09-19,10.22,10.57,10.22,10.5,903720.0,9395732.0,92373760.0,0.009783297767677748
2024-09-20,10.5,10.5,10.26,10.33,495613.0,5143048.0,92373760.0,0.005365300708772708
2024-09-23,10.28,10.38,10.05,10.29,654193.0,6676648.0,92373760.0,0.007082021994124738
2024-09-24,10.29,10.65,10.27,10.6,757638.0,7944208.0,92373760.0,0.008201874644920809
2024-09-25,10.71,10.98,10.61,10.72,1385403.0,14970861.0,92373760.0,0.014997798075990412
2024-09-26,10.78,10.97,10.59,10.95,1083129.0,11695196.0,92373760.0,0.011725505165103163
2024-09-27,11.02,11.52,10.96,11.39,1626207.0,18239997.0,92373760.0,0.017604642270705448
2024-09-30,11.86,13.09,11.53,13.01,5091460.0,62242447.0,92373760.0,0.05511803351947566
2024-10-08,15.02,15.38,13.14,13.98,6481116.0,91457927.0,92373760.0,0.07016187280890157
2024-10-09,13.5,13.69,12.28,12.28,4005120.0,51607796.0,92373760.0,0.043357767400612465
2024-10-10,12.24,12.87,12.11,12.51,2075869.0,26087045.0,92373760.0,0.02247249651849183
2024-10-11,12.51,12.56,12.01,12.12,1391257.0,17068753.0,92373760.0,0.015061171051172974
2024-10-14,12.81,13.27,12.3,12.9,2603539.0,33070712.0,92373760.0,0.02818483300885446
2024-10-15,12.8,12.87,12.31,12.56,1619064.0,20496951.0,92373760.0,0.017527315116327408
2024-10-16,12.1,12.68,12.06,12.68,1320551.0,16316945.0,92373760.0,0.014295737231005861
2024-10-17,12.67,12.72,12.3,12.68,1276198.0,16003156.0,92373760.0,0.013815590055011293
2024-10-18,12.5,13.2,12.25,12.9,2165621.0,27456980.0,92373760.0,0.023444114432496846
2024-10-21,12.87,13.27,12.8,13.21,2121927.0,27731612.0,92373760.0,0.022971101317083985
2024-10-22,13.05,13.19,12.9,13.06,1376386.0,17899449.0,92373760.0,0.014900183775132678
2024-10-23,13.06,13.15,12.82,12.9,1452805.0,18911690.0,92373760.0,0.015727464162983082
2024-10-24,12.9,12.96,12.7,12.78,943820.0,12097657.0,92373760.0,0.010217403730236812
2024-10-25,12.78,13.11,12.78,13.07,1443616.0,18777346.0,92373760.0,0.015627987861487936
2024-10-28,12.98,13.57,12.92,13.57,2650022.0,35201637.0,92373760.0,0.028688038681114636
2024-10-29,13.64,13.79,12.95,12.95,1527111.0,20277435.0,92373760.0,0.016531870089514598
2024-10-30,12.97,13.31,12.8,13.01,1229083.0,16016828.0,92373760.0,0.013305542612967146
2024-10-31,12.94,13.39,12.89,13.05,2042255.0,26865550.0,92373760.0,0.022108605300899302
2024-11-01,13.06,13.13,12.5,12.57,1603596.0,20469823.0,92373760.0,0.017359864965981683
2024-11-04,12.57,12.81,12.45,12.79,996497.0,12650663.0,92373760.0,0.010787663076613965
2024-11-05,12.69,13.76,12.69,13.3,2451976.0,32384162.0,92373760.0,0.026544074854157718
2024-11-06,13.38,13.47,13.21,13.36,1401679.0,18693347.0,92373760.0,0.015173995299097926
2024-11-07,13.36,14.09,13.32,13.91,2361833.0,32455968.0,92373760.0,0.025568224136378125
2024-11-08,14.11,14.33,13.8,14.08,2199725.0,30970616.0,92373760.0,0.023813310186788974
2024-11-11,14.1,14.75,13.92,14.75,2825547.0,40789667.0,92373760.0,0.0305881995060069
2024-11-12,14.82,15.05,14.08,14.28,2648881.0,38469477.0,92373760.0,0.02867568668851414
2024-11-13,14.35,14.48,13.75,14.08,1927806.0,27146144.0,92373760.0,0.02086962791164937
2024-11-14,14.09,14.25,13.53,13.53,1505962.0,20821400.0,92373760.0,0.01630291979020882
2024-11-15,13.45,13.81,13.25,13.55,1277402.0,17332270.0,92373760.0,0.013828624059473167
2024-11-18,13.45,13.65,12.93,13.03,2055275.0,27106848.0,92373760.0,0.022249554418917232
2024-11-19,13.1,13.27,12.8,13.22,1475737.0,19201374.0,92373760.0,0.01597571648052434
2024-11-20,13.23,13.44,13.17,13.4,1529615.0,20362380.0,92373760.0,0.01655897735460806
2024-11-21,13.4,13.6,13.21,13.41,1279303.0,17126387.0,92373760.0,0.013849203496750593
2024-11-22,13.41,13.41,12.62,12.62,1349836.0,17594557.0,92373760.0,0.014612764490695193
2024-11-25,12.7,13.05,12.62,13.04,1094542.0,14065595.0,100714157.0,0.010867806797012658
2024-11-26,12.99,13.12,12.8,12.85,1104290.0,14295027.0,100714157.0,0.010964595573192357
2024-11-27,12.77,12.99,12.34,12.93,1357844.0,17161989.0,100714157.0,0.013482156237479106
2024-11-28,12.9,13.22,12.9,13.18,1352829.0,17661168.0,100714157.0,0.013432361847600036
2024-11-29,13.09,13.3,12.85,13.13,1195661.0,15699983.0,100714157.0,0.011871826519880417
2024-12-02,13.15,13.36,13.06,13.33,1723469.0,22830376.0,100714157.0,0.017112480026020574
2024-12-03,13.47,13.51,13.1,13.3,1645886.0,21860716.0,100714157.0,0.01634215138195517
2024-12-04,13.33,13.33,12.99,13.01,1332478.0,17538365.0,100714157.0,0.013230294922688972
2024-12-05,13.02,13.37,12.92,13.34,1061296.0,14004617.0,100714157.0,0.010537704247477343
2024-12-06,13.33,13.9,13.16,13.8,1726616.0,23450088.0,100714157.0,0.017143726874465127
2024-12-09,14.14,14.3,13.75,13.83,2425288.0,33985114.0,100714157.0,0.024080904534602817
2024-12-10,14.2,14.55,13.66,13.72,2317840.0,32511507.0,100714157.0,0.02301404359667132
2024-12-11,13.69,13.89,13.69,13.87,1056526.0,14572603.0,100714157.0,0.01049034248482068
2024-12-12,13.9,14.5,13.74,14.5,2450370.0,34836493.0,100714157.0,0.0243299459876331
2024-12-13,14.44,14.62,14.13,14.27,2172172.0,31060436.0,100714157.0,0.02156769281204429
2024-12-16,14.27,14.65,14.05,14.24,1193058.0,17049881.0,100714157.0,0.011845981096778679
2024-12-17,14.3,14.32,13.48,13.56,1673375.0,22997050.0,100714157.0,0.016615092156309266
2024-12-18,13.49,14.62,13.37,14.03,3027504.0,42758796.0,100714157.0,0.030060361821824116
2024-12-19,13.9,14.86,13.88,14.49,3203054.0,46231785.0,100714157.0,0.03180341369485921
2024-12-20,14.59,15.21,14.4,14.84,2955808.0,44147143.0,100714157.0,0.029348485734731415
2024-12-23,15.0,15.0,13.61,13.74,2899802.0,40766824.0,100714157.0,0.028792397080779814
2024-12-24,13.7,14.14,13.4,13.48,2455929.0,33547070.0,100714157.0,0.024385141802854986
2024-12-25,13.48,13.52,12.78,12.94,1921196.0,24993318.0,100714157.0,0.019075729343591686
2024-12-26,12.94,13.35,12.82,13.13,949705.0,12495701.0,100714157.0,0.009429707086760405
2024-12-27,13.3,14.37,13.29,13.88,2808094.0,38985264.0,100714157.0,0.027881820030524605
2024-12-30,13.95,14.12,13.2,14.08,1852056.0,25461263.0,100714157.0,0.01838923201233765
2024-12-31,13.99,14.05,13.4,13.53,1199459.0,16360696.0,100714157.0,0.011909537206373081
2025-01-02,13.54,14.5,13.37,13.93,2950026.0,41532075.0,100714157.0,0.029291075732282602
2025-01-03,13.95,14.08,13.35,13.39,1707572.0,23208568.0,100714157.0,0.016954637271103804
2025-01-06,13.4,13.53,12.8,12.96,824224.0,10788043.0,100714157.0,0.00818379485616903
2025-01-07,12.9,13.32,12.9,13.28,764945.0,10045626.0,100714157.0,0.00759520828834421
2025-01-08,13.26,13.28,12.63,13.08,1105388.0,14415329.0,100714157.0,0.010975497714785024
2025-01-09,13.0,13.34,12.98,13.21,949307.0,12447156.0,100714157.0,0.009425755308660331
2025-01-10,13.17,13.29,12.81,12.83,783498.0,10240617.0,100714157.0,0.007779422708170014
2025-01-13,12.71,12.78,12.4,12.76,654960.0,8286943.0,100714157.0,0.0065031572472974185
2025-01-14,12.85,13.34,12.65,13.32,934952.0,12270967.0,100714157.0,0.009283223211608672
2025-01-15,13.39,13.58,13.2,13.34,723727.0,9685410.0,100714157.0,0.007185951027718973
2025-01-16,13.45,13.7,13.35,13.56,773281.0,10518323.0,100714157.0,0.007677977188450279
2025-01-17,13.55,13.8,13.39,13.58,767808.0,10424443.0,100714157.0,0.007623635275028912
2025-01-20,13.6,13.78,13.08,13.41,1433998.0,19351101.0,100714157.0,0.014238296210928916
2025-01-21,13.53,13.53,13.13,13.17,1126958.0,14946160.0,100714157.0,0.0111896682012639
2025-01-22,13.09,13.21,12.61,12.77,1452408.0,18662690.0,100714157.0,0.014421090770784092
2025-01-23,12.85,13.0,12.62,12.67,1175087.0,15032868.0,100714157.0,0.01166754540774243
2025-01-24,12.61,12.85,12.48,12.82,918243.0,11620998.0,100714157.0,0.009117318035040496
2025-01-27,12.88,13.28,12.83,13.06,1568852.0,20551945.0,100714157.0,0.015577273808686102
2025-02-05,13.23,13.48,13.1,13.35,861821.0,11469367.0,100714157.0,0.008557098879356156
2025-02-06,13.43,13.45,13.12,13.39,595021.0,7915328.0,100714157.0,0.005908017479608155
2025-02-07,13.4,13.77,13.4,13.52,1081189.0,14694660.0,100714157.0,0.01073522364884611
2025-02-10,13.6,13.94,13.55,13.86,1119419.0,15436624.0,100714157.0,0.011114812786448682
2025-02-11,13.95,15.13,13.73,14.39,3462604.0,49741033.0,100714157.0,0.03438050918700536
2025-02-12,14.39,14.97,14.3,14.88,2209178.0,32616599.0,100714157.0,0.02193512874262553
2025-02-13,14.82,14.88,14.03,14.04,1987340.0,28373099.0,100714157.0,0.019732479119097427
2025-02-14,14.04,14.28,13.78,14.19,1709728.0,23919734.0,100714157.0,0.01697604439066099
2025-02-17,14.08,14.41,14.08,14.18,1264259.0,17996701.0,100714157.0,0.012552942283973047
2025-02-18,14.18,14.2,13.74,13.83,996821.0,13931389.0,100714157.0,0.009897526124356083
2025-02-19,13.96,14.02,13.79,14.02,1351716.0,18746079.0,100714157.0,0.013421310769646814
2025-02-20,14.05,14.14,13.84,13.9,829240.0,11565976.0,100714157.0,0.008233599175138804
2025-02-21,13.97,14.2,13.73,14.16,1411128.0,19705839.0,100714157.0,0.014011217906535225
2025-02-24,14.56,14.73,14.06,14.16,1788230.0,25533614.0,100714157.0,0.017755497869083092
2025-02-25,14.02,14.06,13.64,13.75,1823792.0,25261790.0,100714157.0,0.018108596192688182
2025-02-26,13.67,13.88,13.65,13.82,1220335.0,16800096.0,100714157.0,0.01211681690390359
2025-02-27,13.81,13.88,13.58,13.73,1671836.0,22896732.0,100714157.0,0.016599811285716266
2025-02-28,13.65,13.76,13.18,13.29,1074271.0,14431024.0,100714157.0,0.010666534199357891
2025-03-03,13.34,13.59,13.3,13.36,750115.0,10083743.0,100714157.0,0.007447959873208292
2025-03-04,13.36,13.98,13.35,13.88,1407844.0,19305697.0,100714157.0,0.013978610772664265
2025-03-05,13.87,13.97,13.38,13.54,1045379.0,14160609.0,100714157.0,0.0103796629107465
2025-03-06,13.54,13.83,13.45,13.55,1574234.0,21469250.0,100714157.0,0.015630712174853432
2025-03-07,13.55,13.62,13.26,13.38,1192682.0,16031390.0,100714157.0,0.011842247758674086
2025-03-10,13.48,13.66,13.38,13.58,1016963.0,13742153.0,100714157.0,0.01009751786931007
2025-03-11,13.43,13.64,13.34,13.52,823278.0,11117630.0,100714157.0,0.008174401936363325
2025-03-12,13.52,13.64,13.42,13.53,690880.0,9343988.0,100714157.0,0.0068598101853744355
2025-03-13,13.55,13.55,13.22,13.42,972422.0,12995944.0,100714157.0,0.00965526624027643
2025-03-14,13.46,13.75,13.31,13.71,1427257.0,19348372.0,100714157.0,0.014171364210495254
2025-03-17,13.71,13.9,13.61,13.86,1062182.0,14658255.0,100714157.0,0.010546501421840824
2025-03-18,13.88,14.28,13.76,14.26,1779480.0,25034214.0,100714157.0,0.01766861832542569
2025-03-19,14.21,14.21,13.92,13.95,1158217.0,16222308.0,100714157.0,0.011500041647570956
2025-03-20,13.95,14.01,13.7,13.77,1079710.0,14942922.0,100714157.0,0.010720538523695334
2025-03-21,13.72,13.88,13.12,13.14,2055402.0,27522140.0,100714157.0,0.02040827289057287
2025-03-24,13.2,13.2,12.5,12.73,1390069.0,17800061.0,100714157.0,0.013802121185405941
2025-03-25,12.61,12.74,12.41,12.72,1069446.0,13462194.0,100714157.0,0.010618626336712523
2025-03-26,12.65,13.08,12.53,12.87,1186033.0,15306495.0,100714157.0,0.011776229234585163
2025-03-27,13.0,13.0,12.48,12.72,880218.0,11215379.0,100714157.0,0.008739764361032184
2025-03-28,12.69,12.81,12.43,12.68,854480.0,10750633.0,100714157.0,0.008484209424500271
2025-03-31,12.51,12.56,12.19,12.42,1021885.0,12618014.0,100714157.0,0.010146388853753699
2025-04-01,12.42,12.79,12.36,12.5,1156240.0,14564829.0,100714157.0,0.011480411835249735
2025-04-02,12.56,12.68,12.35,12.37,778118.0,9685479.0,100714157.0,0.007726004200184091
2025-04-03,12.22,12.6,12.22,12.52,996550.0,12402163.0,100714157.0,0.00989483534077538
2025-04-07,12.95,13.8,11.78,11.99,5566937.0,73173769.0,100714157.0,0.055274622414801126
2025-04-08,12.41,14.39,12.08,14.39,9637152.0,134092163.0,100714157.0,0.09568815633337427
2025-04-09,14.99,16.5,14.8,14.87,12706371.0,198171660.0,100714157.0,0.12616271017390335
2025-04-10,14.33,16.84,14.33,15.6,8794285.0,137940340.0,100714157.0,0.0873192534392161
2025-04-11,15.8,16.1,14.84,14.84,6380773.0,98329356.0,100714157.0,0.06335527387674009
2025-04-14,14.8,16.84,14.8,16.0,6783478.0,108115077.0,100714157.0,0.06735376834857487
2025-04-15,16.15,17.3,15.77,16.4,6647350.0,109853335.0,100714157.0,0.06600214108926117
2025-04-16,16.8,17.75,16.0,16.6,6892215.0,116619376.0,100714157.0,0.06843342788442344
2025-04-17,15.99,16.3,15.31,15.45,5830256.0,91569148.0,100714157.0,0.05788914064980954
2025-04-18,15.05,15.31,14.32,14.39,6294574.0,92679762.0,100714157.0,0.06249939618717158
2025-04-21,14.46,16.61,14.46,15.83,7588681.0,117532774.0,100714157.0,0.07534870197046876
2025-04-22,15.87,17.5,15.51,17.5,9237307.0,152186956.0,100714157.0,0.09171805906095208
2025-04-23,17.0,17.9,16.4,16.83,9049530.0,154726571.0,100714157.0,0.08985360419588281
2025-04-24,17.67,18.38,16.71,17.25,8338283.0,145865223.0,100714157.0,0.08279156822014605
2025-04-25,17.25,17.4,15.67,16.23,8627141.0,140567436.0,100714157.0,0.08565966550263633
2025-04-28,16.0,16.03,14.9,15.08,5610796.0,85539352.0,100714157.0,0.055710102403974844
2025-04-29,15.15,15.49,14.9,15.22,3197099.0,48488932.0,100714157.0,0.03174428595971865
2025-04-30,15.9,16.77,15.53,15.6,4586129.0,73139955.0,100714157.0,0.04553609081988345
2025-05-06,15.38,16.06,15.22,15.76,4388615.0,68790219.0,100714157.0,0.04357495639863222
2025-05-07,15.3,16.06,15.3,15.47,4305636.0,67710959.0,100714157.0,0.042751050381129634
2025-05-08,15.35,16.47,15.27,15.71,4570602.0,72688545.0,100714157.0,0.045381921828527044
2025-05-09,15.75,15.85,15.0,15.11,3335223.0,51201828.0,100714157.0,0.03311573168407694
2025-05-12,15.18,15.28,14.85,15.19,2833161.0,42741748.0,100714157.0,0.028130712547194334
2025-05-13,15.26,15.39,14.85,14.93,2237298.0,33607450.0,100714157.0,0.022214334773213662
2025-05-14,14.95,15.15,14.73,14.85,1968607.0,29333927.0,100714157.0,0.019546477462944956
2025-05-15,14.85,14.97,14.49,14.78,2138959.0,31544677.0,100714157.0,0.021237917922502195
2025-05-16,14.84,14.97,14.57,14.9,1588747.0,23532027.0,100714157.0,0.015774813068236276
2025-05-19,15.1,15.38,14.54,14.94,1781501.0,26495906.0,100714157.0,0.017688685017737873
2025-05-20,15.15,15.15,14.75,15.13,1766612.0,26468845.0,100714157.0,0.017540850786250436
2025-05-21,15.1,15.12,14.66,14.69,1826598.0,27041603.0,100714157.0,0.018136457221202777
2025-05-22,14.8,14.97,14.05,14.15,2625843.0,37756332.0,100714157.0,0.026072233320684004
2025-05-23,14.15,14.23,13.9,13.9,2027209.0,28502025.0,100714157.0,0.020128342036363368
2025-05-26,14.05,14.15,13.91,14.1,1374481.0,19296258.0,100714157.0,0.013647346519516615
2025-05-27,14.01,14.47,14.01,14.13,1444887.0,20569316.0,100714157.0,0.01434641407960154
2025-05-28,14.08,14.58,13.97,14.19,1747115.0,24828464.0,100714157.0,0.017347263304800336
2025-05-29,14.2,14.51,14.03,14.49,1503325.0,21564812.0,100714157.0,0.014926650282144545
2025-05-30,14.47,14.47,14.1,14.22,1316124.0,18730521.0,100714157.0,0.013067914573320611
2025-06-03,14.22,14.57,14.19,14.31,1540517.0,22156637.0,100714157.0,0.015295933023596673
2025-06-04,14.55,14.6,14.25,14.39,1072018.0,15422559.0,100714157.0,0.010644163958002448
2025-06-05,14.49,14.49,14.17,14.25,1225966.0,17466700.0,100714157.0,0.012172727613656141
2025-06-06,14.21,14.45,14.15,14.32,1533171.0,21954269.0,100714157.0,0.01522299392328727
2025-06-09,14.28,15.3,14.28,15.18,3439263.0,51344633.0,100714157.0,0.034148754280890224
2025-06-10,15.18,16.43,15.06,16.08,6571229.0,104869488.0,100714157.0,0.06524632877580458
2025-06-11,16.09,17.18,16.08,17.0,5929791.0,99391549.0,100714157.0,0.058877432693002635
2025-06-12,17.02,17.75,16.91,17.07,5391081.0,93018360.0,100714157.0,0.05352853224001071
2025-06-13,17.07,17.28,16.74,17.16,4269433.0,72680023.0,100714157.0,0.04239158751038347
2025-06-16,17.19,17.45,16.82,17.23,3161872.0,53943608.0,100714157.0,0.0313945138814993
2025-06-17,17.44,17.75,16.86,16.9,4100954.0,70753937.0,100714157.0,0.040718744237714266
2025-06-18,16.9,17.24,16.86,17.16,3018302.0,51454426.0,100714157.0,0.02996899432916864
2025-06-19,17.15,17.34,15.93,16.01,4845388.0,79487013.0,100714157.0,0.04811029694663482
2025-06-20,16.02,16.45,15.91,16.4,2949152.0,47789716.0,100714157.0,0.029282397707007565
2025-06-23,16.36,16.62,15.89,16.37,2121166.0,34479103.0,100714157.0,0.021061249611611207
2025-06-24,16.57,16.8,16.32,16.59,1605921.0,26677311.0,100714157.0,0.015945335271981675
2025-06-25,16.54,16.9,16.31,16.71,2375383.0,39523988.0,100714157.0,0.02358539326303451
2025-06-26,16.71,16.72,16.12,16.5,1576916.0,25958540.0,100714157.0,0.015657341996120764
2025-06-27,16.74,16.78,16.37,16.7,1584546.0,26289478.0,100714157.0,0.01573310095819002
2025-06-30,16.75,16.93,16.38,16.91,2737485.0,45621638.0,100714157.0,0.027180736865026832
2025-07-01,16.91,17.0,16.35,16.46,1715705.0,28483853.0,100714157.0,0.01703539056579702
2025-07-02,16.5,16.5,16.23,16.31,1453598.0,23722478.0,100714157.0,0.014432906388721498
2025-07-03,16.5,16.8,16.31,16.72,1603106.0,26565811.0,100714157.0,0.01591738488165075
2025-07-04,16.7,16.76,16.11,16.4,2219671.0,36192583.0,100714157.0,0.022039314691379486
2025-07-07,16.48,16.55,16.23,16.37,1210951.0,19847327.0,100714157.0,0.012023642316740038
2025-07-08,16.46,16.57,16.2,16.48,1043090.0,17170328.0,100714157.0,0.010356935222125723
2025-07-09,16.64,16.83,16.3,16.59,1575701.0,26071756.0,100714157.0,0.015645278150915765
2025-07-10,16.59,16.69,16.16,16.32,1676160.0,27339205.0,100714157.0,0.01664274467391908
2025-07-11,16.32,16.54,16.1,16.51,2158307.0,35214644.0,100714157.0,0.021430025969437445
2025-07-14,16.58,18.45,16.35,18.1,7617302.0,132691963.0,100714157.0,0.07563288247549944
2025-07-15,18.45,19.37,18.09,19.23,7852483.0,147787051.0,100714157.0,0.07796801595628707
2025-07-16,19.06,19.64,18.51,18.97,5816979.0,111052025.0,100714157.0,0.05775731211253647
2025-07-17,19.05,19.77,18.9,19.01,3556120.0,68619991.0,100714157.0,0.03530903803325286
2025-07-18,19.35,19.61,18.92,19.6,2855707.0,55061254.0,100714157.0,0.028354573826200026
2025-07-21,19.36,20.44,19.36,20.07,5116974.0,102456602.0,100714157.0,0.05080689897449075
2025-07-22,20.07,20.18,18.7,19.04,6907703.0,133737319.0,100714157.0,0.06858720964124239
2025-07-23,19.05,20.12,19.05,19.46,4651582.0,91508329.0,100714157.0,0.04618597959371293
2025-07-24,19.28,20.34,19.27,19.99,4543473.0,90120600.0,100714157.0,0.04511255552682628
2025-07-25,20.02,20.8,19.89,20.42,3533549.0,72153870.0,100714157.0,0.03508492852697958
2025-07-28,20.42,21.3,20.14,20.55,3578222.0,74352494.0,100714157.0,0.035528490795986106
2025-07-29,20.55,20.66,19.72,20.02,3480377.0,69870251.0,100714157.0,0.034556978916082275
2025-07-30,19.99,20.58,19.83,19.9,2992185.0,59977734.0,100714157.0,0.029709676267260024
2025-07-31,20.24,20.24,19.64,19.82,2301108.0,45692651.0,100714157.0,0.02284791005101696
2025-08-01,19.7,21.66,19.7,21.51,6047532.0,126601659.0,100714157.0,0.060046493761547345
2025-08-04,21.73,21.74,20.88,21.28,4361302.0,92681893.0,100714157.0,0.043303763144241975
2025-08-05,21.33,21.47,21.0,21.27,2646704.0,56092466.0,100714157.0,0.026279364081853954
2025-08-06,21.27,21.41,21.02,21.21,1806374.0,38278255.0,100714157.0,0.017935651290811084
2025-08-07,21.23,21.66,21.05,21.26,2524291.0,53833869.0,100714157.0,0.02506391430154154
2025-08-08,21.55,21.58,20.8,21.04,2265241.0,47725620.0,100714157.0,0.022491783354747236
2025-08-11,21.14,21.8,20.58,21.78,2964277.0,62723491.0,100714157.0,0.029432575203901076
2025-08-12,21.78,21.78,21.01,21.16,2655475.0,56414572.0,100714157.0,0.026366452136416134
2025-08-13,21.37,21.47,21.02,21.16,1675837.0,35534256.0,100714157.0,0.016639537577621783
2025-08-14,21.18,21.29,20.47,20.55,2488751.0,51715629.0,100714157.0,0.02471103441793193
2025-08-15,20.55,21.44,20.52,21.02,2351211.0,49200101.0,100714157.0,0.023345387282544598
2025-08-18,21.04,22.19,20.69,21.67,4130433.0,88606094.0,100714157.0,0.04101144390256873
2025-08-19,21.64,22.68,21.41,22.58,3811942.0,84332623.0,100714157.0,0.03784911787525561
2025-08-20,22.59,24.43,22.3,24.17,5093293.0,118225785.0,100714157.0,0.05057176817753635
2025-08-21,24.11,24.55,23.42,23.73,3486255.0,83264706.0,100714157.0,0.034615342111238644
2025-08-22,23.52,24.18,22.9,23.22,2336838.0,54384425.0,100714157.0,0.023202676461860274
2025-08-25,23.18,23.54,22.94,23.31,3366133.0,78148276.0,100714157.0,0.03342263987772841
2025-08-26,23.3,24.16,22.9,23.1,3727809.0,86866136.0,100714157.0,0.03701375368708095
2025-08-27,22.97,23.38,22.25,22.38,3455919.0,79187617.0,100714157.0,0.034314133215651105
2025-08-28,22.27,23.6,21.7,23.43,4298537.0,96761954.0,100714157.0,0.04268056376622405
2025-08-29,23.32,24.04,22.5,22.6,4472033.0,103247561.0,100714157.0,0.04440322128695373
2025-09-01,22.43,22.44,21.21,21.75,4033946.0,87833279.0,100714157.0,0.040053415727840526
2025-09-02,21.72,22.18,20.8,20.9,2380694.0,50399055.0,100714157.0,0.023638126663761878
2025-09-03,20.9,21.34,20.53,20.7,2406433.0,50406639.0,100714157.0,0.023893691529384493
2025-09-04,20.51,20.99,20.11,20.46,1654978.0,34182152.0,100714157.0,0.016432426674633238
2025-09-05,20.6,20.77,20.0,20.49,3429646.0,69931184.0,100714157.0,0.03405326621559271
2025-09-08,20.77,20.99,20.3,20.76,2335441.0,48120712.0,100714157.0,0.0231888055221472
2025-09-09,20.81,21.09,20.1,20.27,2461856.0,50416330.0,100714157.0,0.024443991523455832
2025-09-10,20.36,20.68,20.15,20.45,1484319.0,30305754.0,100714157.0,0.014737937984229963
2025-09-11,20.56,20.68,20.07,20.6,2076705.0,42307592.0,100714157.0,0.02061979230983386
2025-09-12,20.7,21.15,20.09,20.7,2755686.0,56916659.0,100714157.0,0.02736145624492493
2025-09-15,20.55,21.21,20.44,20.94,2684477.0,55736302.0,100714157.0,0.026654415625004934
2025-09-16,21.0,22.28,20.95,21.4,3469755.0,75389569.0,100714157.0,0.03445151211462754
2025-09-17,21.5,21.62,20.72,21.03,1971305.0,41544729.0,100714157.0,0.019573266149663548
2025-09-18,21.03,21.13,20.0,20.31,2595175.0,53416176.0,100714157.0,0.025767727966982835
2025-09-19,20.32,20.61,19.96,20.34,2115727.0,42826660.0,100714157.0,0.021007245287273765
2025-09-22,20.44,20.51,19.86,20.06,1956417.0,39191155.0,100714157.0,0.019425441847266814
2025-09-23,20.18,20.19,19.21,19.87,3754856.0,73566498.0,100714157.0,0.03728230580334401
2025-09-24,19.76,20.3,19.59,19.97,3258623.0,64903858.0,100714157.0,0.03235516333617328
2025-09-25,20.06,20.96,19.88,19.96,2652114.0,54108036.0,100714157.0,0.026333080462560988
2025-09-26,19.88,20.51,19.72,20.05,1890870.0,37991669.0,100714157.0,0.018774619738911185
2025-09-29,20.23,20.4,19.62,20.1,1833564.0,36705493.0,100714157.0,0.018205623267044772
2025-09-30,20.1,20.32,19.88,20.09,2146563.0,43162610.0,100714157.0,0.021313418728213154
2025-10-09,20.45,20.48,19.37,19.56,3200711.0,63070354.0,100714157.0,0.03178014983534043
2025-10-10,19.71,20.09,19.23,19.25,1943678.0,37824011.0,100714157.0,0.01929895516079234
2025-10-13,19.18,19.7,16.1,19.19,3235359.0,62333227.0,100714157.0,0.03212417297004234
2025-10-14,19.28,20.27,19.24,19.84,3669512.0,72864189.0,100714157.0,0.03643491748632717
2025-10-15,19.89,20.6,19.61,20.4,2226394.0,45002928.0,100714157.0,0.02210606796818048
2025-10-16,20.4,20.66,19.1,19.27,3218885.0,63094983.0,100714157.0,0.03196060112978953
2025-10-17,19.49,19.49,18.91,19.29,1717891.0,32926479.0,100714157.0,0.017057095558075316
2025-10-20,19.5,19.5,18.99,19.19,1286540.0,24695265.0,100714157.0,0.012774172353942256
2025-10-21,19.17,19.64,18.98,19.53,2161612.0,41822517.0,100714157.0,0.021462841614213184
2025-10-22,19.39,19.8,19.32,19.45,1434600.0,27987819.0,100714157.0,0.014244273523532545
2025-10-23,19.46,19.48,18.97,19.31,1326799.0,25413941.0,100714157.0,0.013173907616582641
2025-10-24,19.21,19.51,19.21,19.37,1273697.0,24705310.0,100714157.0,0.012646653042034597
2025-10-27,19.51,19.71,19.11,19.36,1751755.0,34030795.0,100714157.0,0.01739333428566552
2025-10-28,19.5,20.3,19.33,19.65,2706493.0,53977268.0,100714157.0,0.026873014485937662
2025-10-29,19.85,19.85,19.02,19.24,1481903.0,28473397.0,100714157.0,0.014713949301089817
2025-10-30,19.28,19.45,19.02,19.32,1608499.0,30985968.0,100714157.0,0.01597093246781582
2025-10-31,19.31,20.18,19.14,19.92,2055711.0,40647038.0,100714157.0,0.020411340979600314
2025-11-03,19.88,20.62,19.71,20.06,2464084.0,49601469.0,100714157.0,0.024466113537543684
2025-11-04,19.95,20.58,19.55,19.68,1235718.0,24492601.0,100714157.0,0.012269556106198655
2025-11-05,19.68,19.98,19.25,19.32,1365230.0,26554543.0,100714157.0,0.013555492501416657
2025-11-06,19.55,19.65,19.06,19.31,2099758.0,40516029.0,100714157.0,0.020848687637826328
2025-11-07,19.24,19.5,19.02,19.19,1969655.0,37879269.0,100714157.0,0.019556883150002438
2025-11-10,19.6,19.6,18.99,19.16,1686625.0,32332794.0,100714157.0,0.016746652608133333
2025-11-11,19.19,19.43,19.0,19.2,1520623.0,29214673.0,100714157.0,0.015098403693137202
2025-11-12,19.3,19.72,18.97,19.12,2254286.0,43391952.0,100714157.0,0.02238301016608817
2025-11-13,19.38,19.55,19.02,19.34,1613531.0,31148880.0,100714157.0,0.016020895652236855
2025-11-14,19.37,19.65,19.21,19.48,1700385.0,33164854.0,100714157.0,0.016883276896216288
2025-11-17,19.67,19.84,19.16,19.32,1191077.0,23099646.0,100714157.0,0.011826311568094642
2025-11-18,19.23,19.61,18.84,18.97,1719031.0,32735549.0,100714157.0,0.017068414721477538
2025-11-19,18.97,19.32,17.8,17.85,3222074.0,58893436.0,100714157.0,0.03199226500004364
2025-11-20,17.85,18.3,17.41,17.68,2078158.0,36807955.0,100714157.0,0.02063421927862634
2025-11-21,17.5,17.85,16.59,16.7,2269700.0,38531217.0,100714157.0,0.02253605717019505
2025-11-24,16.83,17.27,16.59,16.95,1523743.0,25685271.0,100714157.0,0.015129382456132757
2025-11-25,17.31,17.5,17.02,17.18,1650249.0,28442360.0,100714157.0,0.016385472004695426
2025-11-26,17.15,17.28,16.65,16.77,1560928.0,26414083.0,100714157.0,0.015498595693949957
2025-11-27,17.03,17.16,16.6,16.86,1204141.0,20276842.0,100714157.0,0.011956025209047821
2025-11-28,16.98,17.31,16.84,17.28,1316579.0,22490299.0,100714157.0,0.013072432309590796
2025-12-01,17.28,17.49,16.77,16.9,1929474.0,33001828.0,100714157.0,0.01915792235643694
2025-12-02,16.98,16.99,16.17,16.68,1985787.0,32801978.0,100714157.0,0.019717059241234576
2025-12-03,16.77,16.88,16.42,16.51,1466106.0,24301483.0,100714157.0,0.014557099455243418
2025-12-04,16.4,16.64,16.11,16.33,1652339.0,26975058.0,100714157.0,0.01640622380426617
2025-12-05,16.34,16.42,16.13,16.38,1200872.0,19597668.0,100714157.0,0.011923567011537415
2025-12-08,16.71,16.76,16.3,16.41,1236036.0,20329037.0,100714157.0,0.012272713557042432
2025-12-09,16.31,16.57,16.16,16.22,1225420.0,20002626.0,100714157.0,0.01216730633013192
2025-12-10,16.3,16.38,15.71,15.74,1812531.0,28924565.0,100714157.0,0.017996784702273783
2025-12-11,15.82,16.96,15.34,16.77,4562211.0,74310507.0,100714157.0,0.04529860682843227
2025-12-12,16.79,16.79,15.37,15.48,4350423.0,69076413.0,100714157.0,0.04319574456647639
2025-12-15,15.44,15.62,15.1,15.43,2524016.0,38873879.0,100714157.0,0.02506118380159802
2025-12-16,15.49,15.51,14.98,15.05,1553722.0,23539667.0,100714157.0,0.015427046666339072
2025-12-17,15.24,15.43,14.65,15.16,1759875.0,26252427.0,100714157.0,0.01747395850217959
2025-12-18,15.02,15.42,15.02,15.36,1622982.0,24803536.0,100714157.0,0.01611473548847755
2025-12-19,15.43,15.97,15.35,15.91,1533566.0,24077101.0,100714157.0,0.015226915914115232
2025-12-22,15.91,16.68,15.81,16.58,3242238.0,52825420.0,100714157.0,0.03219247518499311
2025-12-23,16.6,16.66,15.66,15.95,3347556.0,53727254.0,100714157.0,0.033238187159725714
2025-12-24,16.08,16.24,15.66,16.04,1919876.0,30605861.0,100714157.0,0.019062622943862798
2025-12-25,16.12,16.51,15.9,16.38,1608602.0,25990084.0,100714157.0,0.0159719551641583
2025-12-26,16.46,16.57,15.98,16.06,1132709.0,18393161.0,100714157.0,0.011246770401900896
2025-12-29,16.28,16.28,15.84,16.14,1369078.0,21942223.0,100714157.0,0.013593699642444508
2025-12-30,16.23,16.28,15.91,16.0,1278806.0,20548310.0,100714157.0,0.012697380766439816
2025-12-31,16.19,16.19,15.61,16.01,1262241.0,20036084.0,100714157.0,0.012532905378932974
2026-01-05,15.89,16.48,15.89,16.35,1812408.0,29593377.0,100714157.0,0.017995563424117227
2026-01-06,16.35,16.64,16.23,16.39,1485531.0,24364578.0,100714157.0,0.014749972042162851
2026-01-07,16.39,16.39,16.06,16.11,1480159.0,24027476.0,100714157.0,0.014696632966902557
2026-01-08,16.12,17.2,16.04,16.77,2923097.0,48664514.0,100714157.0,0.02902369524872258
2026-01-09,16.94,17.05,16.46,16.77,1669198.0,27850347.0,100714157.0,0.0165736183444399
2026-01-12,16.72,17.07,16.66,16.9,2087684.0,35250215.0,100714157.0,0.020728803796669817
2026-01-13,16.99,17.3,16.8,17.13,2613413.0,44646858.0,100714157.0,0.02594881472323697
2026-01-14,17.07,17.5,16.92,17.29,2477872.0,42547265.0,100714157.0,0.02460301584016634
2026-01-15,17.17,17.73,17.03,17.62,2700570.0,46958397.0,100714157.0,0.02681420448169963
2026-01-16,17.67,18.88,17.43,18.1,4821332.0,87728010.0,100714157.0,0.047871442740666535
2026-01-19,18.05,20.42,18.0,19.26,7630254.0,149585925.0,100714157.0,0.0757614840582938
2026-01-20,19.26,20.33,19.02,19.36,4259888.0,83761508.0,100714157.0,0.04229681433961662
2026-01-21,19.22,19.7,18.8,19.12,2796429.0,53903860.0,100714157.0,0.027765997187465908
2026-01-22,19.12,19.5,18.94,19.29,2272941.0,43715503.0,100714157.0,0.02256823735316575
2026-01-23,19.29,19.88,19.07,19.76,2960904.0,57942784.0,100714157.0,0.029399084380957487
2026-01-26,20.24,20.59,19.3,19.36,3677284.0,72666909.0,100714157.0,0.03651208637927635
2026-01-27,19.49,19.89,18.41,19.36,3017916.0,57876279.0,100714157.0,0.02996516170015701
2026-01-28,19.36,19.69,18.75,18.88,2558999.0,48796382.0,100714157.0,0.02540853318168567
2026-01-29,18.79,19.22,18.45,18.75,2525494.0,47686290.0,100714157.0,0.025075858997658095
2026-01-30,16.61,19.27,16.61,19.27,3270604.0,61540108.0,100714157.0,0.032474123771894355
2026-02-02,19.17,19.38,18.8,18.9,2413045.0,45941252.0,100714157.0,0.023959342677117378
2026-02-03,18.99,19.5,18.84,19.13,1740535.0,33232691.0,100714157.0,0.01728192988796997
2026-02-04,19.49,19.49,18.94,19.28,1425987.0,27360725.0,100714157.0,0.01415875426530155
2026-02-05,19.28,19.55,19.05,19.14,1621617.0,31301397.0,100714157.0,0.016101182279667
2026-02-06,19.03,19.6,18.95,19.43,1491932.0,28928072.0,100714157.0,0.014813528151757255
2026-02-09,19.7,19.79,19.5,19.72,1652614.0,32429559.0,100714157.0,0.016408954304209685
2026-02-10,19.86,19.92,19.49,19.75,1420375.0,27966909.0,100714157.0,0.014103032208272368
2026-02-11,19.81,19.98,19.39,19.63,990588.0,19496739.0,100714157.0,0.0098356381019999
2026-02-12,19.5,19.88,19.33,19.7,1031707.0,20238772.0,100714157.0,0.01024391238264547
2026-02-13,19.75,19.89,19.41,19.52,1089496.0,21362360.0,100714157.0,0.010817704605321773
2026-02-24,20.07,20.69,19.53,20.33,3285200.0,66811306.0,100714157.0,0.03261904877980561
2026-02-25,20.34,20.97,20.19,20.77,3018056.0,62353884.0,100714157.0,0.029966551772855527
2026-02-26,20.79,21.34,20.36,21.07,2900206.0,60570375.0,100714157.0,0.02879640843342411
2026-02-27,20.98,22.54,20.98,21.77,4563382.0,98933561.0,100714157.0,0.04531023379364631
2026-03-02,21.78,21.86,21.0,21.48,4083378.0,87548262.0,100714157.0,0.04054423053950598
2026-03-03,21.9,21.9,21.2,21.47,3542806.0,76176670.0,100714157.0,0.035176842119623755
2026-03-04,21.21,21.76,21.08,21.35,3989263.0,85164845.0,100714157.0,0.03960975416792696
2026-03-05,21.54,22.32,21.46,21.73,3196212.0,69867383.0,100714157.0,0.03173547885626447
2026-03-06,21.73,22.6,21.6,22.5,3037486.0,67648083.0,100714157.0,0.03015947400522848
2026-03-09,22.18,22.84,21.85,22.69,2792499.0,62132680.0,100714157.0,0.027726975861000355
2026-03-10,22.84,23.54,22.69,23.42,2883364.0,67006637.0,100714157.0,0.028629182687792343
2026-03-11,23.44,23.59,22.9,23.04,2811773.0,65026584.0,100714157.0,0.02791834915522353
2026-03-12,23.44,23.59,22.72,22.9,2981418.0,68784171.0,100714157.0,0.029602769747653253
2026-03-13,22.77,23.47,22.52,22.54,3067174.0,70455593.0,100714157.0,0.03045424885004002
2026-03-16,22.5,22.76,20.74,21.95,5889666.0,127027863.0,100714157.0,0.058479027928516544
2026-03-17,21.93,22.22,20.79,20.99,4088318.0,87341915.0,100714157.0,0.04059328024758228
2026-03-18,20.79,21.86,20.79,21.68,1998116.0,42820344.0,100714157.0,0.019839475000520534
2026-03-19,21.47,21.8,20.88,21.0,1811846.0,38490713.0,100714157.0,0.017989983275141747
2026-03-20,21.0,21.22,20.48,20.57,2271387.0,47090805.0,100714157.0,0.022552807546212198
2026-03-23,20.76,20.76,18.4,18.86,3795416.0,73399171.0,100714157.0,0.03768502972228621
2026-03-24,19.1,19.98,18.59,19.94,2869647.0,55438082.0,100714157.0,0.028492985350609647
2026-03-25,21.0,21.88,20.6,21.13,4200316.0,89359140.0,100714157.0,0.04170531854821562
2026-03-26,21.12,21.12,19.91,20.02,2814212.0,57380153.0,100714157.0,0.02794256620744986
2026-03-27,20.02,20.61,19.74,20.19,2392852.0,48288472.0,100714157.0,0.0237588445485375
2026-03-30,19.82,24.23,19.8,24.22,9611209.0,213949666.0,100714157.0,0.0954305659332481
2026-03-31,23.41,24.5,23.06,23.68,10021810.0,239330590.0,100714157.0,0.09950746050527931
2026-04-01,23.68,23.99,21.61,22.41,7904747.0,178571500.0,100714157.0,0.0784869499528254
2026-04-02,22.3,22.6,21.81,22.19,4229352.0,93439070.0,100714157.0,0.041993619625888344
2026-04-03,22.3,22.47,21.1,21.4,3541435.0,76122237.0,100714157.0,0.03516322933626898
2026-04-07,21.29,22.87,21.29,22.19,4520837.0,99650446.0,100714157.0,0.044887800629657255
2026-04-08,22.88,23.18,22.3,22.68,3672054.0,83387969.0,100714157.0,0.036460157234895985
2026-04-09,22.82,24.7,22.36,24.04,5066931.0,118559417.0,100714157.0,0.05031001748840533
2026-04-10,24.26,24.88,23.66,24.18,5361331.0,130191274.0,100714157.0,0.05323314179157554
2026-04-13,24.02,25.55,23.55,24.8,6423973.0,157400087.0,100714157.0,0.06378421059514007
2026-04-14,24.8,25.55,23.98,25.22,5511858.0,135966898.0,100714157.0,0.05472773802793186
2026-04-15,25.86,26.53,24.46,24.63,7410047.0,188447607.0,100714157.0,0.07357502878170345
2026-04-16,24.76,25.98,24.6,25.66,6852309.0,174570411.0,100714157.0,0.06803719759080146
2026-04-17,25.55,25.87,25.01,25.6,4287629.0,109423522.0,100714157.0,0.042572257244828056
2026-04-20,25.6,25.93,25.0,25.51,4139502.0,105184904.0,100714157.0,0.04110149082616062
2026-04-21,25.37,26.8,25.22,26.64,5872883.0,153211348.0,100714157.0,0.05831238799923629
2026-04-22,26.64,26.64,25.9,26.22,3606138.0,94287813.0,100714157.0,0.035805671292070684
2026-04-23,26.06,26.78,25.0,25.42,3808531.0,97535869.0,100714157.0,0.03781524974686528
2026-04-24,26.3,26.3,24.82,25.15,5501093.0,139514034.0,100714157.0,0.0546208513665065
2026-04-27,24.95,25.58,24.43,24.99,5535942.0,138292190.0,100714157.0,0.054966870248439846
2026-04-28,24.7,25.5,24.61,24.99,5921158.0,148530710.0,100714157.0,0.05879171485295756
2026-04-29,24.95,25.78,24.75,24.88,5023385.0,126880510.0,100714157.0,0.049877645304621875
2026-04-30,24.85,25.54,24.5,25.48,4886175.0,122719495.0,100714157.0,0.04851527476916676
2026-05-06,25.37,26.65,25.11,26.19,6412378.0,167119841.0,100714157.0,0.06366908278843063
2026-05-07,26.3,27.16,26.17,26.73,4318810.0,115647720.0,100714157.0,0.04288185622206022
2026-05-08,26.55,26.7,26.16,26.4,2843969.0,74948955.0,100714157.0,0.028238026159519956
2026-05-11,26.5,27.97,26.38,27.5,4341127.0,117699199.0,100714157.0,0.04310344373929476
2026-05-12,27.59,28.53,27.0,27.51,4704229.0,130983862.0,100714157.0,0.04670871643199079
2026-05-13,27.51,27.81,27.09,27.69,3086022.0,84792381.0,100714157.0,0.030641392351623418
2026-05-14,28.28,28.33,26.7,26.94,2678330.0,73037912.0,100714157.0,0.02659338150444927
2026-05-15,26.75,27.5,26.0,26.21,3772808.0,100236023.0,100714157.0,0.037460552839656894
2026-05-18,25.95,27.1,25.72,26.62,3340946.0,89001449.0,100714157.0,0.03317255587017424
2026-05-19,26.87,28.05,26.59,27.95,4069057.0,111724243.0,100714157.0,0.040402036031538247
2026-05-20,27.95,27.95,26.96,27.29,2520739.0,68660763.0,100714157.0,0.025028646171361985
2026-05-21,27.34,27.55,25.19,25.47,3432454.0,90798565.0,100714157.0,0.03408114710228871
2026-05-22,25.5,27.42,25.22,27.13,5368703.0,143163016.0,100714157.0,0.05330633904824324
2026-05-25,27.83,28.33,26.02,26.48,3692597.0,98815441.0,100714157.0,0.036664130545222155
2026-05-26,26.57,27.06,26.01,26.9,3256751.0,86385794.0,100714157.0,0.03233657607837595
2026-05-27,26.77,26.96,25.93,26.13,3070355.0,80685366.0,100714157.0,0.0304858332875685
2026-05-28,26.38,27.16,25.86,26.79,3342527.0,88521367.0,100714157.0,0.033188253762576794
2026-05-29,26.86,26.9,24.61,25.33,3666410.0,92862298.0,100714157.0,0.036404117446964285
2026-06-01,25.02,25.4,24.67,25.19,2849685.0,71365579.0,100714157.0,0.028294780841982323
2026-06-02,25.19,25.2,24.31,24.86,2304006.0,57236045.0,100714157.0,0.02287668455587629
2026-06-03,24.75,25.0,23.51,23.96,3197430.0,77148453.0,100714157.0,0.03174757248874158
2026-06-04,23.91,25.4,23.04,24.32,5562723.0,134932474.0,100714157.0,0.055232781226575725
2026-06-05,25.37,25.37,24.11,24.72,3322692.0,81837838.0,100714157.0,0.032991310248468846
2026-06-08,23.32,26.3,23.08,25.2,6395259.0,158092078.0,100714157.0,0.06349910668467393
2026-06-09,25.02,25.87,24.7,25.3,4172582.0,105037959.0,100714157.0,0.04142994514663911
2026-06-10,24.95,26.08,24.73,25.62,2913359.0,73695996.0,100714157.0,0.02892700576344992
2026-06-11,25.29,27.35,25.1,26.78,5535564.0,146079562.0,100714157.0,0.05496311705215385
2026-06-12,27.99,27.99,26.69,27.03,4429166.0,121047097.0,100714157.0,0.04397759095575809
2026-06-15,27.82,29.37,27.19,28.63,6476906.0,184270297.0,100714157.0,0.06430978715335918
2026-06-16,29.34,29.85,28.38,29.33,3650729.0,106471660.0,100714157.0,0.036248419375639516
2026-06-17,29.42,30.65,28.91,29.19,4897165.0,145845621.0,100714157.0,0.04862439547600046
2026-06-18,29.01,29.6,28.11,29.37,4586228.0,133080939.0,100714157.0,0.04553707379986311
2026-06-22,29.3,29.78,27.07,27.72,5321613.0,149332518.0,100714157.0,0.052838778167005857
2026-06-23,27.59,28.39,27.03,27.66,3250777.0,90694623.0,100714157.0,0.03227725969051203
2026-06-24,27.66,28.01,26.55,26.7,2775531.0,75248523.0,100714157.0,0.02755849904993992
2026-06-25,26.5,26.75,25.55,25.97,2358829.0,61271264.0,100714157.0,0.023421027095525408
2026-06-26,26.67,30.64,25.12,30.0,8843367.0,254707059.0,100714157.0,0.08780659306913526
2026-06-29,31.01,34.34,29.16,29.6,10621580.0,331417392.0,100714157.0,0.10546263123663935
2026-06-30,30.01,30.85,28.93,30.25,5451275.0,162299830.0,100714157.0,0.05412620392582942
2026-07-01,30.13,31.95,29.72,31.3,5436826.0,168060878.0,100714157.0,0.05398273849425161
2026-07-02,30.95,31.31,30.0,30.03,4118627.0,126511013.0,100714157.0,0.040894221057720816
2026-07-03,29.5,30.66,29.5,29.91,3958212.0,119226555.0,100714157.0,0.03930144597248627
2026-07-06,29.91,32.97,29.91,32.59,7399262.0,236196524.0,100714157.0,0.07346794353846402
2026-07-07,32.05,33.09,31.64,32.37,4854333.0,156794062.0,100714157.0,0.048199112662979444
2026-07-08,30.61,32.37,26.61,27.1,8298108.0,235796757.0,100714157.0,0.08239266700112478
2026-07-09,26.96,27.89,25.27,27.09,7329452.0,193151943.0,100714157.0,0.0727747937164385
2026-07-10,26.91,27.3,26.0,26.0,3816508.0,101271944.0,100714157.0,0.03789445410340872
2026-07-13,25.75,26.21,23.54,23.96,4256735.0,103927220.0,100714157.0,0.04226550791662785
2026-07-14,23.76,23.99,22.8,23.63,3897067.0,91018502.0,100714157.0,0.03869433172140834
2026-07-15,23.86,23.98,22.65,22.99,3071721.0,71064002.0,100714157.0,0.030499396425469758
2026-07-16,22.2,23.8,22.2,23.54,3900990.0,90199502.0,100714157.0,0.03873328354423897
2026-07-17,23.5,23.54,21.0,21.24,4986869.0,110640782.0,100714157.0,0.04951507462848545
2026-07-20,21.79,22.43,19.31,19.68,5472676.0,115291701.0,100714157.0,0.054338696395979366
2026-07-21,20.39,20.73,17.71,20.73,5959161.0,114967384.0,100714157.0,0.0591690500869704
2026-07-22,20.01,21.4,19.59,19.85,3698497.0,75423863.0,100714157.0,0.036722712180374005
2026-07-23,19.66,20.36,18.28,20.0,2939370.0,58710413.0,100714157.0,0.02918527134174394
2026-07-24,20.17,20.17,19.12,19.51,2438679.0,47619370.0,100714157.0,0.024213864988216104
2026-07-27,19.4,19.8,18.93,19.57,3172440.0,61539462.0,100714157.0,0.03149944451205604
2026-07-28,19.33,19.85,18.8,18.84,3084968.0,59433431.0,100714157.0,0.030630927090021715
2026-07-29,18.95,19.21,17.93,18.57,4112697.0,76147066.0,100714157.0,0.04083534154984785
2026-07-30,18.74,18.92,17.56,17.66,3277247.0,59325804.0,100714157.0,0.03254008272143905
2026-07-31,18.2,18.88,18.0,18.38,3521188.0,65302648.0,100714157.0,0.034962195036791106
2026-08-03,18.52,19.28,18.19,19.11,4227172.0,79355689.0,100714157.0,0.041971974208154274
2026-08-04,19.29,19.95,19.0,19.81,2986552.0,58405819.0,100714157.0,0.029653745699326065
2026-08-05,19.87,20.38,19.68,20.12,2173444.0,43636797.0,100714157.0,0.0215803226154194
2026-08-06,20.12,20.87,19.96,20.57,2781063.0,56957512.0,100714157.0,0.027613426779712805
2026-08-07,20.56,21.17,20.3,21.1,3029003.0,62955211.0,100714157.0,0.030075245528788968
2026-08-10,21.25,21.27,20.55,21.14,2773249.0,57922687.0,100714157.0,0.02753584086495407
2026-08-11,20.77,21.41,20.53,20.93,2272191.0,47468732.0,100714157.0,0.022560790535137976
2026-08-12,20.88,21.56,20.8,21.41,1926672.0,40774572.0,100714157.0,0.019130101044285166
2026-08-13,21.58,21.58,20.64,20.78,2422096.0,51398012.0,100714157.0,0.024049210877076597
2026-08-14,20.69,20.83,19.84,20.19,3710860.0,74780655.0,100714157.0,0.03684546552874389
2026-08-17,20.2,20.62,19.86,20.48,2885321.0,58534904.0,100714157.0,0.02864861391829949
2026-08-18,20.88,20.97,20.2,20.71,2445931.0,50291470.0,100714157.0,0.02428587075399936
2026-08-19,20.62,20.68,19.06,19.11,2491795.0,48923910.0,100714157.0,0.024741258570034
2026-08-20,19.34,19.75,19.15,19.49,2315125.0,44991581.0,100714157.0,0.022987086115410765
2026-08-21,19.49,19.94,18.97,19.72,2201702.0,43098982.0,100714157.0,0.021860898860524645
2026-08-24,19.81,19.91,18.96,19.24,2217295.0,42871415.0,100714157.0,0.022015723171867486
2026-08-25,19.12,19.82,18.98,19.59,2420583.0,47021766.0,100714157.0,0.024034188162841894
2026-08-26,19.59,19.97,19.3,19.68,1684709.0,33170455.0,100714157.0,0.01672762847034504
2026-08-27,19.41,20.08,19.41,19.74,2025305.0,40111005.0,100714157.0,0.020109437047663516
2026-08-28,19.75,20.05,19.51,19.58,2024520.0,39968969.0,100714157.0,0.02010164271146111
2026-08-31,19.53,19.98,19.32,19.83,2782639.0,55106263.0,100714157.0,0.027629075026661842
2026-09-01,19.61,19.96,19.2,19.74,2467826.0,48296683.0,100714157.0,0.02450326819495694
2026-09-02,19.74,23.69,19.49,22.21,10615972.0,236570032.0,100714157.0,0.10540694889597299
2026-09-03,22.56,23.55,21.86,22.69,9273935.0,210331773.0,100714157.0,0.09208174179524732
2026-09-04,22.69,22.87,21.89,22.02,6797566.0,151501140.0,100714157.0,0.06749364937840864
2026-09-07,22.4,23.94,21.98,23.7,7568168.0,175617401.0,100714157.0,0.0751450265328637
2026-09-08,23.4,25.15,23.4,25.0,7766995.0,191068161.0,100714157.0,0.07711919785020889
2026-09-09,24.99,25.18,24.03,24.35,6420358.0,158014623.0,100714157.0,0.06374831693224618
2026-09-10,24.01,24.64,22.71,22.85,5554402.0,129425734.0,100714157.0,0.05515016126283021
2026-09-11,22.5,24.3,21.71,23.88,6456340.0,148135487.0,100714157.0,0.06410558547394682
2026-09-14,23.9,23.91,22.3,22.7,4995778.0,115357767.0,100714157.0,0.04960353289756474
2026-09-15,22.7,22.77,21.8,22.35,3110708.0,69476913.0,100714157.0,0.030886501884735032
2026-09-16,22.07,22.87,22.05,22.62,2561750.0,57628990.0,100714157.0,0.025435848110211556
2026-09-17,22.52,23.08,22.25,23.03,2815872.0,63951182.0,100714157.0,0.02795904849801801
2026-09-18,23.49,23.5,22.12,22.25,3653536.0,82187927.0,100714157.0,0.03627629033324481
2026-09-21,22.16,23.9,22.16,23.6,4717092.0,110284022.0,100714157.0,0.04683643432571252
2026-09-22,23.39,24.07,23.3,23.67,3048979.0,72302624.0,100714157.0,0.03027358904468614
2026-09-23,23.68,23.76,23.2,23.3,2345085.0,55000492.0,100714157.0,0.02328456167289371
2026-09-24,23.15,23.3,22.72,22.87,1871366.0,42947767.0,100714157.0,0.018580962753826157
