品种,代码,交易所,大类,日期,开盘价,最高价,最低价,收盘价,成交量,持仓量,动态结算价
豆油,Y,DCE,油脂,2006-01-09,5300.0,5350.0,5070.0,5096.0,105678,40144,0.0
豆油,Y,DCE,油脂,2006-01-10,5072.0,5108.0,5050.0,5086.0,63540,39860,0.0
豆油,Y,DCE,油脂,2006-01-11,5072.0,5094.0,5060.0,5080.0,37518,39248,0.0
豆油,Y,DCE,油脂,2006-01-12,5070.0,5094.0,5066.0,5086.0,43268,39260,0.0
豆油,Y,DCE,油脂,2006-01-13,5080.0,5080.0,5032.0,5036.0,43668,38326,0.0
豆油,Y,DCE,油脂,2006-01-16,5056.0,5076.0,5038.0,5058.0,51524,35972,0.0
豆油,Y,DCE,油脂,2006-01-17,5058.0,5066.0,5030.0,5030.0,45684,34782,0.0
豆油,Y,DCE,油脂,2006-01-18,5008.0,5058.0,5008.0,5028.0,60752,33892,0.0
豆油,Y,DCE,油脂,2006-01-19,5036.0,5104.0,5036.0,5092.0,66908,41024,0.0
豆油,Y,DCE,油脂,2006-01-20,5080.0,5148.0,5060.0,5098.0,76374,47796,0.0
豆油,Y,DCE,油脂,2006-01-23,5132.0,5142.0,5084.0,5096.0,69230,48506,0.0
豆油,Y,DCE,油脂,2006-01-24,5100.0,5100.0,5008.0,5050.0,65334,45578,0.0
豆油,Y,DCE,油脂,2006-01-25,5046.0,5076.0,5030.0,5058.0,60468,46948,0.0
豆油,Y,DCE,油脂,2006-01-26,5038.0,5060.0,5020.0,5026.0,62518,41378,0.0
豆油,Y,DCE,油脂,2006-01-27,5046.0,5068.0,5026.0,5050.0,54424,41104,0.0
豆油,Y,DCE,油脂,2006-02-06,5198.0,5236.0,5150.0,5200.0,67300,42456,0.0
豆油,Y,DCE,油脂,2006-02-07,5150.0,5176.0,5110.0,5164.0,63246,37902,0.0
豆油,Y,DCE,油脂,2006-02-08,5100.0,5106.0,4970.0,5064.0,68622,34456,0.0
豆油,Y,DCE,油脂,2006-02-09,5080.0,5106.0,5048.0,5058.0,60258,35750,0.0
豆油,Y,DCE,油脂,2006-02-10,5122.0,5122.0,5060.0,5080.0,51916,36434,0.0
豆油,Y,DCE,油脂,2006-02-13,5088.0,5088.0,5054.0,5070.0,46924,36430,0.0
豆油,Y,DCE,油脂,2006-02-14,5070.0,5086.0,5064.0,5078.0,58968,36038,0.0
豆油,Y,DCE,油脂,2006-02-15,5062.0,5078.0,5052.0,5068.0,62886,35576,0.0
豆油,Y,DCE,油脂,2006-02-16,5062.0,5100.0,5062.0,5088.0,64064,35902,0.0
豆油,Y,DCE,油脂,2006-02-17,5100.0,5160.0,5096.0,5144.0,73466,39894,0.0
豆油,Y,DCE,油脂,2006-02-20,5196.0,5196.0,5148.0,5150.0,57210,39214,0.0
豆油,Y,DCE,油脂,2006-02-21,5150.0,5172.0,5122.0,5122.0,49036,38646,0.0
豆油,Y,DCE,油脂,2006-02-22,5110.0,5144.0,5102.0,5136.0,49354,38694,0.0
豆油,Y,DCE,油脂,2006-02-23,5090.0,5130.0,5086.0,5104.0,53382,36546,0.0
豆油,Y,DCE,油脂,2006-02-24,5112.0,5236.0,5112.0,5202.0,69788,42396,0.0
豆油,Y,DCE,油脂,2006-02-27,5180.0,5194.0,5136.0,5150.0,59806,40730,0.0
豆油,Y,DCE,油脂,2006-02-28,5182.0,5220.0,5166.0,5174.0,59092,41998,0.0
豆油,Y,DCE,油脂,2006-03-01,5230.0,5290.0,5196.0,5268.0,123126,52124,0.0
豆油,Y,DCE,油脂,2006-03-02,5284.0,5308.0,5252.0,5268.0,96778,53610,0.0
豆油,Y,DCE,油脂,2006-03-03,5318.0,5346.0,5284.0,5296.0,90884,50698,0.0
豆油,Y,DCE,油脂,2006-03-06,5280.0,5282.0,5238.0,5238.0,69708,48984,0.0
豆油,Y,DCE,油脂,2006-03-07,5250.0,5278.0,5226.0,5238.0,87036,49274,0.0
豆油,Y,DCE,油脂,2006-03-08,5204.0,5228.0,5196.0,5220.0,77646,45618,0.0
豆油,Y,DCE,油脂,2006-03-09,5200.0,5236.0,5192.0,5236.0,65744,46876,0.0
豆油,Y,DCE,油脂,2006-03-10,5228.0,5252.0,5204.0,5206.0,74606,42780,0.0
豆油,Y,DCE,油脂,2006-03-13,5212.0,5246.0,5204.0,5232.0,85174,53890,0.0
豆油,Y,DCE,油脂,2006-03-14,5206.0,5230.0,5202.0,5216.0,96166,54828,0.0
豆油,Y,DCE,油脂,2006-03-15,5228.0,5240.0,5218.0,5222.0,105112,53944,0.0
豆油,Y,DCE,油脂,2006-03-16,5220.0,5220.0,5200.0,5210.0,103994,54384,0.0
豆油,Y,DCE,油脂,2006-03-17,5196.0,5202.0,5170.0,5172.0,94770,52504,0.0
豆油,Y,DCE,油脂,2006-03-20,5172.0,5190.0,5170.0,5186.0,92036,51716,0.0
豆油,Y,DCE,油脂,2006-03-21,5166.0,5172.0,5140.0,5150.0,79030,48068,0.0
豆油,Y,DCE,油脂,2006-03-22,5150.0,5172.0,5148.0,5162.0,85730,47254,0.0
豆油,Y,DCE,油脂,2006-03-23,5150.0,5156.0,5142.0,5154.0,107694,44850,0.0
豆油,Y,DCE,油脂,2006-03-24,5162.0,5184.0,5162.0,5168.0,93440,45750,0.0
豆油,Y,DCE,油脂,2006-03-27,5148.0,5174.0,5148.0,5166.0,90424,49370,0.0
豆油,Y,DCE,油脂,2006-03-28,5166.0,5168.0,5146.0,5148.0,98624,49598,0.0
豆油,Y,DCE,油脂,2006-03-29,5164.0,5166.0,5150.0,5154.0,91614,50730,0.0
豆油,Y,DCE,油脂,2006-03-30,5160.0,5160.0,5132.0,5150.0,103454,48352,0.0
豆油,Y,DCE,油脂,2006-03-31,5170.0,5180.0,5148.0,5156.0,124542,48568,0.0
豆油,Y,DCE,油脂,2006-04-03,5108.0,5118.0,5074.0,5112.0,114478,50768,0.0
豆油,Y,DCE,油脂,2006-04-04,5086.0,5110.0,5086.0,5092.0,96118,49520,0.0
豆油,Y,DCE,油脂,2006-04-05,5086.0,5098.0,5078.0,5092.0,104764,49584,0.0
豆油,Y,DCE,油脂,2006-04-06,5096.0,5104.0,5076.0,5076.0,109066,50138,0.0
豆油,Y,DCE,油脂,2006-04-07,5084.0,5084.0,5018.0,5036.0,98068,48664,0.0
豆油,Y,DCE,油脂,2006-04-10,5022.0,5022.0,4994.0,4996.0,120882,48168,0.0
豆油,Y,DCE,油脂,2006-04-11,5000.0,5046.0,4996.0,5028.0,134958,48492,0.0
豆油,Y,DCE,油脂,2006-04-12,5040.0,5042.0,5026.0,5036.0,128020,49146,0.0
豆油,Y,DCE,油脂,2006-04-13,5004.0,5028.0,5004.0,5020.0,127494,47764,0.0
豆油,Y,DCE,油脂,2006-04-14,5030.0,5038.0,5022.0,5032.0,117772,47860,0.0
豆油,Y,DCE,油脂,2006-04-19,5076.0,5080.0,5068.0,5078.0,123438,48084,0.0
豆油,Y,DCE,油脂,2006-04-20,5108.0,5108.0,5070.0,5078.0,111486,47456,0.0
豆油,Y,DCE,油脂,2006-04-21,5080.0,5080.0,5050.0,5054.0,106772,47290,0.0
豆油,Y,DCE,油脂,2006-04-24,5098.0,5146.0,5080.0,5124.0,120764,48024,0.0
豆油,Y,DCE,油脂,2006-04-25,5096.0,5130.0,5090.0,5122.0,111928,46984,0.0
豆油,Y,DCE,油脂,2006-04-26,5140.0,5154.0,5104.0,5130.0,111612,47154,0.0
豆油,Y,DCE,油脂,2006-04-27,5120.0,5150.0,5116.0,5120.0,116548,46498,0.0
豆油,Y,DCE,油脂,2006-04-28,5150.0,5184.0,5134.0,5178.0,99118,43050,0.0
豆油,Y,DCE,油脂,2006-05-08,5160.0,5184.0,5140.0,5152.0,107388,41018,0.0
豆油,Y,DCE,油脂,2006-05-09,5120.0,5174.0,5120.0,5166.0,106160,42810,0.0
豆油,Y,DCE,油脂,2006-05-10,5152.0,5210.0,5152.0,5190.0,101356,43100,0.0
豆油,Y,DCE,油脂,2006-05-11,5186.0,5268.0,5186.0,5256.0,65158,45158,0.0
豆油,Y,DCE,油脂,2006-05-12,5302.0,5340.0,5230.0,5246.0,102206,41632,0.0
豆油,Y,DCE,油脂,2006-05-15,5260.0,5268.0,5216.0,5250.0,100622,40632,0.0
豆油,Y,DCE,油脂,2006-05-16,5160.0,5220.0,5152.0,5180.0,118706,38104,0.0
豆油,Y,DCE,油脂,2006-05-17,5220.0,5280.0,5202.0,5236.0,96900,38032,0.0
豆油,Y,DCE,油脂,2006-05-18,5230.0,5230.0,5176.0,5216.0,115470,37368,0.0
豆油,Y,DCE,油脂,2006-05-19,5182.0,5212.0,5182.0,5210.0,88356,37304,0.0
豆油,Y,DCE,油脂,2006-05-22,5170.0,5180.0,5154.0,5160.0,86926,37144,0.0
豆油,Y,DCE,油脂,2006-05-23,5170.0,5198.0,5170.0,5184.0,104614,33890,0.0
豆油,Y,DCE,油脂,2006-05-24,5210.0,5236.0,5194.0,5218.0,96954,31910,0.0
豆油,Y,DCE,油脂,2006-05-25,5182.0,5208.0,5180.0,5204.0,96032,31688,0.0
豆油,Y,DCE,油脂,2006-05-26,5228.0,5230.0,5202.0,5222.0,94244,31546,0.0
豆油,Y,DCE,油脂,2006-05-29,5222.0,5272.0,5204.0,5262.0,87456,31570,0.0
豆油,Y,DCE,油脂,2006-05-30,5250.0,5268.0,5228.0,5246.0,93812,30802,0.0
豆油,Y,DCE,油脂,2006-05-31,5246.0,5264.0,5232.0,5232.0,95316,28542,0.0
豆油,Y,DCE,油脂,2006-06-01,5226.0,5226.0,5160.0,5194.0,88444,30680,0.0
豆油,Y,DCE,油脂,2006-06-02,5200.0,5224.0,5182.0,5202.0,95300,30616,0.0
豆油,Y,DCE,油脂,2006-06-05,5258.0,5260.0,5230.0,5246.0,84392,30536,0.0
豆油,Y,DCE,油脂,2006-06-06,5238.0,5238.0,5032.0,5226.0,85982,30386,0.0
豆油,Y,DCE,油脂,2006-06-07,5264.0,5310.0,5264.0,5310.0,79704,15168,0.0
豆油,Y,DCE,油脂,2006-06-08,5290.0,5296.0,5272.0,5274.0,74230,14904,0.0
豆油,Y,DCE,油脂,2006-06-09,5252.0,5296.0,5236.0,5266.0,68152,15222,0.0
豆油,Y,DCE,油脂,2006-06-12,5218.0,5218.0,5164.0,5188.0,60134,29156,0.0
豆油,Y,DCE,油脂,2006-06-13,5300.0,5300.0,5260.0,5266.0,44332,15312,0.0
豆油,Y,DCE,油脂,2006-06-14,5250.0,5250.0,5204.0,5212.0,51046,15670,0.0
豆油,Y,DCE,油脂,2006-06-15,5120.0,5146.0,5120.0,5130.0,48892,28464,0.0
豆油,Y,DCE,油脂,2006-06-16,5220.0,5234.0,5214.0,5222.0,52560,15570,0.0
豆油,Y,DCE,油脂,2006-06-19,5190.0,5216.0,5190.0,5204.0,48802,15554,0.0
豆油,Y,DCE,油脂,2006-06-20,5102.0,5138.0,5102.0,5124.0,60498,26844,0.0
豆油,Y,DCE,油脂,2006-06-21,5188.0,5200.0,5170.0,5192.0,52746,15022,0.0
豆油,Y,DCE,油脂,2006-06-22,5206.0,5220.0,5190.0,5202.0,41734,15222,0.0
豆油,Y,DCE,油脂,2006-06-23,5150.0,5150.0,5126.0,5138.0,56918,26108,0.0
豆油,Y,DCE,油脂,2006-06-26,5130.0,5140.0,5126.0,5130.0,46776,26014,0.0
豆油,Y,DCE,油脂,2006-06-27,5122.0,5136.0,5116.0,5136.0,48068,26016,0.0
豆油,Y,DCE,油脂,2006-06-28,5160.0,5160.0,5142.0,5142.0,56326,26314,0.0
豆油,Y,DCE,油脂,2006-06-29,5198.0,5230.0,5198.0,5226.0,47768,15086,0.0
豆油,Y,DCE,油脂,2006-06-30,5218.0,5218.0,5192.0,5204.0,52324,21972,0.0
豆油,Y,DCE,油脂,2006-07-03,5218.0,5218.0,5192.0,5204.0,52324,21972,0.0
豆油,Y,DCE,油脂,2006-07-04,5218.0,5218.0,5182.0,5190.0,50168,21292,0.0
豆油,Y,DCE,油脂,2006-07-05,5182.0,5208.0,5176.0,5180.0,59722,21218,0.0
豆油,Y,DCE,油脂,2006-07-06,5194.0,5200.0,5182.0,5186.0,48534,21068,0.0
豆油,Y,DCE,油脂,2006-07-07,5226.0,5232.0,5208.0,5220.0,50800,20698,0.0
豆油,Y,DCE,油脂,2006-07-10,5300.0,5308.0,5278.0,5290.0,45572,16534,0.0
豆油,Y,DCE,油脂,2006-07-11,5210.0,5258.0,5204.0,5252.0,47006,20642,0.0
豆油,Y,DCE,油脂,2006-07-12,5234.0,5244.0,5214.0,5230.0,46180,20278,0.0
豆油,Y,DCE,油脂,2006-07-13,5228.0,5238.0,5164.0,5234.0,46680,20004,0.0
豆油,Y,DCE,油脂,2006-07-14,5218.0,5250.0,5218.0,5250.0,47172,17946,0.0
豆油,Y,DCE,油脂,2006-07-17,5218.0,5250.0,5218.0,5246.0,20898,17474,0.0
豆油,Y,DCE,油脂,2006-07-18,5218.0,5250.0,5218.0,5246.0,20898,17474,0.0
豆油,Y,DCE,油脂,2006-07-19,5238.0,5246.0,5202.0,5218.0,43762,14616,0.0
豆油,Y,DCE,油脂,2006-07-20,5220.0,5236.0,5206.0,5234.0,55138,9046,0.0
豆油,Y,DCE,油脂,2006-07-21,5226.0,5322.0,5218.0,5316.0,30160,9024,0.0
豆油,Y,DCE,油脂,2006-07-24,5302.0,5350.0,5294.0,5304.0,26390,8480,0.0
豆油,Y,DCE,油脂,2006-07-25,5310.0,5328.0,5270.0,5310.0,18540,7866,0.0
豆油,Y,DCE,油脂,2006-07-26,5410.0,5412.0,5388.0,5396.0,15426,18572,0.0
豆油,Y,DCE,油脂,2006-07-27,5400.0,5424.0,5386.0,5410.0,20838,18060,0.0
豆油,Y,DCE,油脂,2006-07-28,5416.0,5452.0,5396.0,5436.0,21142,19218,0.0
豆油,Y,DCE,油脂,2006-07-31,5500.0,5688.0,5500.0,5684.0,15494,9220,0.0
豆油,Y,DCE,油脂,2006-08-01,5584.0,5626.0,5548.0,5596.0,19128,23464,0.0
豆油,Y,DCE,油脂,2006-08-02,5594.0,5654.0,5562.0,5582.0,22322,25392,0.0
豆油,Y,DCE,油脂,2006-08-03,5580.0,5626.0,5568.0,5602.0,18076,25866,0.0
豆油,Y,DCE,油脂,2006-08-04,5572.0,5596.0,5524.0,5554.0,20882,24324,0.0
豆油,Y,DCE,油脂,2006-08-07,5540.0,5600.0,5512.0,5554.0,13762,24168,0.0
豆油,Y,DCE,油脂,2006-08-08,5544.0,5574.0,5524.0,5546.0,15400,24842,0.0
豆油,Y,DCE,油脂,2006-08-09,5550.0,5598.0,5550.0,5592.0,18354,26624,0.0
豆油,Y,DCE,油脂,2006-08-10,5602.0,5654.0,5602.0,5648.0,22462,29428,0.0
豆油,Y,DCE,油脂,2006-08-11,5672.0,5712.0,5630.0,5680.0,26250,15076,0.0
豆油,Y,DCE,油脂,2006-08-14,5570.0,5578.0,5462.0,5496.0,25906,25224,0.0
豆油,Y,DCE,油脂,2006-08-15,5578.0,5578.0,5524.0,5568.0,27504,12672,0.0
豆油,Y,DCE,油脂,2006-08-16,5520.0,5532.0,5482.0,5496.0,13890,24718,0.0
豆油,Y,DCE,油脂,2006-08-17,5550.0,5572.0,5546.0,5562.0,11920,12720,0.0
豆油,Y,DCE,油脂,2006-08-18,5490.0,5490.0,5436.0,5438.0,16980,22932,0.0
豆油,Y,DCE,油脂,2006-08-21,5530.0,5552.0,5502.0,5542.0,14850,14394,0.0
豆油,Y,DCE,油脂,2006-08-22,5564.0,5574.0,5552.0,5554.0,12274,14834,0.0
豆油,Y,DCE,油脂,2006-08-23,5568.0,5568.0,5514.0,5544.0,13414,14270,0.0
豆油,Y,DCE,油脂,2006-08-24,5549.0,5568.0,5530.0,5564.0,18876,14656,0.0
豆油,Y,DCE,油脂,2006-08-25,5522.0,5554.0,5520.0,5554.0,13718,15032,0.0
豆油,Y,DCE,油脂,2006-08-28,5552.0,5604.0,5542.0,5586.0,16046,16544,0.0
豆油,Y,DCE,油脂,2006-08-29,5480.0,5480.0,5452.0,5454.0,15218,19460,0.0
豆油,Y,DCE,油脂,2006-08-30,5480.0,5480.0,5426.0,5444.0,17526,19094,0.0
豆油,Y,DCE,油脂,2006-08-31,5534.0,5580.0,5524.0,5580.0,27598,16790,0.0
豆油,Y,DCE,油脂,2006-09-01,5600.0,5630.0,5582.0,5626.0,26142,17180,0.0
豆油,Y,DCE,油脂,2006-09-04,5600.0,5600.0,5562.0,5576.0,19684,16382,0.0
豆油,Y,DCE,油脂,2006-09-05,5566.0,5614.0,5550.0,5594.0,21284,17844,0.0
豆油,Y,DCE,油脂,2006-09-06,5500.0,5548.0,5500.0,5534.0,15966,17192,0.0
豆油,Y,DCE,油脂,2006-09-07,5590.0,5600.0,5564.0,5594.0,19206,18588,0.0
豆油,Y,DCE,油脂,2006-09-08,5510.0,5580.0,5510.0,5552.0,18076,17094,0.0
豆油,Y,DCE,油脂,2006-09-11,5604.0,5680.0,5586.0,5660.0,13914,20572,0.0
豆油,Y,DCE,油脂,2006-09-12,5570.0,5614.0,5556.0,5598.0,16354,16306,0.0
豆油,Y,DCE,油脂,2006-09-13,5650.0,5672.0,5630.0,5644.0,18294,23146,0.0
豆油,Y,DCE,油脂,2006-09-14,5676.0,5680.0,5642.0,5654.0,19034,24068,0.0
豆油,Y,DCE,油脂,2006-09-15,5600.0,5606.0,5540.0,5556.0,18274,16518,0.0
豆油,Y,DCE,油脂,2006-09-18,5630.0,5630.0,5610.0,5622.0,14940,24712,0.0
豆油,Y,DCE,油脂,2006-09-19,5620.0,5642.0,5604.0,5618.0,17724,23648,0.0
豆油,Y,DCE,油脂,2006-09-20,5516.0,5544.0,5500.0,5502.0,18662,15144,0.0
豆油,Y,DCE,油脂,2006-09-21,5558.0,5560.0,5522.0,5526.0,14358,24444,0.0
豆油,Y,DCE,油脂,2006-09-22,5538.0,5560.0,5538.0,5556.0,12942,23878,0.0
豆油,Y,DCE,油脂,2006-09-25,5500.0,5514.0,5440.0,5446.0,15560,26030,0.0
豆油,Y,DCE,油脂,2006-09-26,5460.0,5494.0,5458.0,5474.0,16070,25348,0.0
豆油,Y,DCE,油脂,2006-09-27,5486.0,5486.0,5450.0,5476.0,14768,5202,0.0
豆油,Y,DCE,油脂,2006-09-28,5486.0,5496.0,5472.0,5486.0,17148,5596,0.0
豆油,Y,DCE,油脂,2006-09-29,5508.0,5540.0,5494.0,5538.0,17536,6416,0.0
豆油,Y,DCE,油脂,2006-10-09,5520.0,5550.0,5508.0,5512.0,11158,6742,0.0
豆油,Y,DCE,油脂,2006-10-10,5562.0,5600.0,5554.0,5598.0,19344,7336,0.0
豆油,Y,DCE,油脂,2006-10-11,5550.0,5578.0,5542.0,5574.0,22886,6612,0.0
豆油,Y,DCE,油脂,2006-10-12,5580.0,5588.0,5560.0,5578.0,23330,7692,0.0
豆油,Y,DCE,油脂,2006-10-13,5602.0,5634.0,5602.0,5630.0,26936,6962,0.0
豆油,Y,DCE,油脂,2006-10-16,5636.0,5658.0,5624.0,5632.0,17908,6952,0.0
豆油,Y,DCE,油脂,2006-10-17,5608.0,5614.0,5596.0,5600.0,654,18046,0.0
豆油,Y,DCE,油脂,2006-10-18,5698.0,5704.0,5660.0,5688.0,20508,5974,0.0
豆油,Y,DCE,油脂,2006-10-19,5679.0,5754.0,5679.0,5742.0,23630,7136,0.0
豆油,Y,DCE,油脂,2006-10-20,5758.0,5832.0,5758.0,5814.0,23264,7574,0.0
豆油,Y,DCE,油脂,2006-10-23,5790.0,5830.0,5772.0,5798.0,17680,8242,0.0
豆油,Y,DCE,油脂,2006-10-24,5878.0,5888.0,5838.0,5864.0,12894,8440,0.0
豆油,Y,DCE,油脂,2006-10-25,5870.0,5918.0,5826.0,5892.0,16138,10098,0.0
豆油,Y,DCE,油脂,2006-10-26,5876.0,5902.0,5870.0,5890.0,12750,10622,0.0
豆油,Y,DCE,油脂,2006-10-27,5920.0,6070.0,5920.0,6038.0,22928,14978,0.0
豆油,Y,DCE,油脂,2006-11-01,6008.0,6182.0,5992.0,6164.0,42062,24438,0.0
豆油,Y,DCE,油脂,2006-11-02,6298.0,6356.0,6236.0,6250.0,17464,25162,0.0
豆油,Y,DCE,油脂,2006-11-03,6188.0,6248.0,6172.0,6234.0,13094,27678,0.0
豆油,Y,DCE,油脂,2006-11-06,6188.0,6324.0,6172.0,6228.0,102460,28308,0.0
豆油,Y,DCE,油脂,2006-11-07,6250.0,6268.0,6228.0,6252.0,9632,30660,0.0
豆油,Y,DCE,油脂,2006-11-08,6260.0,6280.0,6256.0,6268.0,7906,28282,0.0
豆油,Y,DCE,油脂,2006-11-09,6276.0,6286.0,6232.0,6242.0,27084,26292,0.0
豆油,Y,DCE,油脂,2006-11-10,6230.0,6274.0,6204.0,6258.0,27358,26538,0.0
豆油,Y,DCE,油脂,2006-11-13,6228.0,6280.0,6228.0,6260.0,29954,28774,0.0
豆油,Y,DCE,油脂,2006-11-14,6258.0,6350.0,6258.0,6294.0,55360,28772,0.0
豆油,Y,DCE,油脂,2006-11-15,6388.0,6480.0,6388.0,6480.0,51830,34682,0.0
豆油,Y,DCE,油脂,2006-11-16,6454.0,6516.0,6438.0,6506.0,54952,35356,0.0
豆油,Y,DCE,油脂,2006-11-17,6450.0,6520.0,6450.0,6488.0,44748,38772,0.0
豆油,Y,DCE,油脂,2006-11-20,6670.0,6746.0,6660.0,6746.0,27900,45320,0.0
豆油,Y,DCE,油脂,2006-11-21,6948.0,6948.0,6770.0,6788.0,100818,51360,0.0
豆油,Y,DCE,油脂,2006-11-22,6850.0,6868.0,6728.0,6778.0,86212,48194,0.0
豆油,Y,DCE,油脂,2006-11-23,6788.0,6792.0,6590.0,6606.0,77010,45238,0.0
豆油,Y,DCE,油脂,2006-11-24,6602.0,6678.0,6560.0,6662.0,76088,45856,0.0
豆油,Y,DCE,油脂,2006-11-27,6780.0,6860.0,6722.0,6830.0,62758,44482,0.0
豆油,Y,DCE,油脂,2006-11-28,6518.0,6776.0,6518.0,6696.0,49504,44384,0.0
豆油,Y,DCE,油脂,2006-11-29,6708.0,6740.0,6560.0,6590.0,52192,40076,0.0
豆油,Y,DCE,油脂,2006-11-30,6680.0,6748.0,6650.0,6736.0,62718,41586,0.0
豆油,Y,DCE,油脂,2006-12-01,6750.0,6796.0,6640.0,6668.0,79604,41830,0.0
豆油,Y,DCE,油脂,2006-12-04,6630.0,6730.0,6612.0,6678.0,60364,42252,0.0
豆油,Y,DCE,油脂,2006-12-05,6600.0,6656.0,6572.0,6652.0,46018,41280,0.0
豆油,Y,DCE,油脂,2006-12-06,6662.0,6672.0,6650.0,6658.0,35812,41826,0.0
豆油,Y,DCE,油脂,2006-12-07,6576.0,6626.0,6512.0,6564.0,76232,43170,0.0
豆油,Y,DCE,油脂,2006-12-08,6598.0,6598.0,6540.0,6576.0,50018,42530,0.0
豆油,Y,DCE,油脂,2006-12-11,6558.0,6650.0,6548.0,6648.0,55760,40030,0.0
豆油,Y,DCE,油脂,2006-12-12,6698.0,6808.0,6684.0,6786.0,76872,39454,0.0
豆油,Y,DCE,油脂,2006-12-13,6726.0,6762.0,6680.0,6706.0,72458,36726,0.0
豆油,Y,DCE,油脂,2006-12-14,6732.0,6756.0,6700.0,6720.0,45828,37018,0.0
豆油,Y,DCE,油脂,2006-12-15,6700.0,6700.0,6618.0,6626.0,52716,37710,0.0
豆油,Y,DCE,油脂,2006-12-18,6596.0,6628.0,6566.0,6620.0,46594,38410,0.0
豆油,Y,DCE,油脂,2006-12-19,6550.0,6624.0,6550.0,6608.0,44296,40730,0.0
豆油,Y,DCE,油脂,2006-12-20,6650.0,6658.0,6622.0,6640.0,23232,41228,0.0
豆油,Y,DCE,油脂,2006-12-21,6640.0,6696.0,6624.0,6678.0,38812,41288,0.0
豆油,Y,DCE,油脂,2006-12-22,6676.0,6700.0,6650.0,6666.0,37972,39888,0.0
豆油,Y,DCE,油脂,2006-12-25,6708.0,6712.0,6666.0,6692.0,25194,39738,0.0
豆油,Y,DCE,油脂,2006-12-26,6690.0,6842.0,6686.0,6826.0,75426,42132,0.0
豆油,Y,DCE,油脂,2006-12-27,6830.0,6854.0,6766.0,6768.0,61958,38580,0.0
豆油,Y,DCE,油脂,2006-12-28,6782.0,6828.0,6750.0,6804.0,38654,38320,0.0
豆油,Y,DCE,油脂,2006-12-29,6810.0,6846.0,6780.0,6812.0,31892,35378,0.0
豆油,Y,DCE,油脂,2007-01-04,6700.0,6700.0,6540.0,6560.0,37062,30456,0.0
豆油,Y,DCE,油脂,2007-01-05,6560.0,6650.0,6560.0,6642.0,34222,28606,0.0
豆油,Y,DCE,油脂,2007-01-08,6636.0,6674.0,6586.0,6594.0,22500,31540,0.0
豆油,Y,DCE,油脂,2007-01-09,6550.0,6600.0,6540.0,6572.0,29946,34158,0.0
豆油,Y,DCE,油脂,2007-01-10,6550.0,6622.0,6542.0,6620.0,25092,34426,0.0
豆油,Y,DCE,油脂,2007-01-11,6608.0,6640.0,6592.0,6604.0,24916,36428,0.0
豆油,Y,DCE,油脂,2007-01-12,6618.0,6628.0,6540.0,6572.0,32984,36488,0.0
豆油,Y,DCE,油脂,2007-01-15,6830.0,6830.0,6710.0,6782.0,49622,36308,0.0
豆油,Y,DCE,油脂,2007-01-16,6750.0,6758.0,6682.0,6710.0,35042,33242,0.0
豆油,Y,DCE,油脂,2007-01-17,6680.0,6712.0,6668.0,6690.0,15186,34384,0.0
豆油,Y,DCE,油脂,2007-01-18,6714.0,6740.0,6658.0,6666.0,15336,35498,0.0
豆油,Y,DCE,油脂,2007-01-19,6650.0,6650.0,6590.0,6606.0,17810,37076,0.0
豆油,Y,DCE,油脂,2007-01-22,6618.0,6638.0,6572.0,6600.0,18708,38352,0.0
豆油,Y,DCE,油脂,2007-01-23,6602.0,6630.0,6602.0,6616.0,10060,38734,0.0
豆油,Y,DCE,油脂,2007-01-24,6700.0,6716.0,6608.0,6610.0,23504,39004,0.0
豆油,Y,DCE,油脂,2007-01-25,6590.0,6624.0,6580.0,6614.0,19130,38304,0.0
豆油,Y,DCE,油脂,2007-01-26,6592.0,6600.0,6422.0,6454.0,64306,45406,0.0
豆油,Y,DCE,油脂,2007-01-29,6482.0,6488.0,6392.0,6438.0,58106,48126,0.0
豆油,Y,DCE,油脂,2007-01-30,6422.0,6438.0,6362.0,6430.0,49662,46998,0.0
豆油,Y,DCE,油脂,2007-01-31,6510.0,6510.0,6448.0,6470.0,41116,43202,0.0
豆油,Y,DCE,油脂,2007-02-01,6448.0,6548.0,6444.0,6526.0,40604,41144,0.0
豆油,Y,DCE,油脂,2007-02-02,6498.0,6566.0,6480.0,6508.0,42620,39166,0.0
豆油,Y,DCE,油脂,2007-02-05,6600.0,6648.0,6580.0,6604.0,34970,39122,0.0
豆油,Y,DCE,油脂,2007-02-06,6598.0,6646.0,6590.0,6630.0,41560,40910,0.0
豆油,Y,DCE,油脂,2007-02-07,6600.0,6620.0,6568.0,6610.0,37780,41762,0.0
豆油,Y,DCE,油脂,2007-02-08,6598.0,6600.0,6518.0,6524.0,28742,43382,0.0
豆油,Y,DCE,油脂,2007-02-09,6544.0,6566.0,6538.0,6552.0,15100,42496,0.0
豆油,Y,DCE,油脂,2007-02-12,6540.0,6558.0,6482.0,6488.0,27672,46458,0.0
豆油,Y,DCE,油脂,2007-02-13,6462.0,6492.0,6440.0,6446.0,20922,44726,0.0
豆油,Y,DCE,油脂,2007-02-14,6462.0,6492.0,6440.0,6468.0,11818,42254,0.0
豆油,Y,DCE,油脂,2007-02-15,6450.0,6510.0,6442.0,6482.0,17220,42718,0.0
豆油,Y,DCE,油脂,2007-02-16,6490.0,6504.0,6474.0,6488.0,6282,41540,0.0
豆油,Y,DCE,油脂,2007-02-26,6552.0,6618.0,6524.0,6570.0,30532,36442,0.0
豆油,Y,DCE,油脂,2007-02-27,6548.0,6598.0,6548.0,6568.0,14630,34572,0.0
豆油,Y,DCE,油脂,2007-02-28,6502.0,6540.0,6484.0,6530.0,8744,33886,0.0
豆油,Y,DCE,油脂,2007-03-01,6552.0,6576.0,6510.0,6514.0,8692,33846,0.0
豆油,Y,DCE,油脂,2007-03-02,6452.0,6506.0,6444.0,6468.0,11176,33434,0.0
豆油,Y,DCE,油脂,2007-03-05,6442.0,6474.0,6410.0,6424.0,14938,32758,0.0
豆油,Y,DCE,油脂,2007-03-06,6442.0,6490.0,6442.0,6484.0,12874,32286,0.0
豆油,Y,DCE,油脂,2007-03-07,6462.0,6470.0,6438.0,6446.0,7108,30616,0.0
豆油,Y,DCE,油脂,2007-03-08,6482.0,6486.0,6454.0,6458.0,4884,29112,0.0
豆油,Y,DCE,油脂,2007-03-09,6478.0,6478.0,6456.0,6462.0,5964,27138,0.0
豆油,Y,DCE,油脂,2007-03-12,6462.0,6474.0,6448.0,6468.0,3816,26422,0.0
豆油,Y,DCE,油脂,2007-03-13,6492.0,6548.0,6488.0,6546.0,7830,17040,0.0
豆油,Y,DCE,油脂,2007-03-14,6520.0,6544.0,6484.0,6506.0,10632,18214,0.0
豆油,Y,DCE,油脂,2007-03-15,6522.0,6548.0,6518.0,6520.0,8170,21148,0.0
豆油,Y,DCE,油脂,2007-03-16,6510.0,6514.0,6486.0,6496.0,7576,20826,0.0
豆油,Y,DCE,油脂,2007-03-19,6512.0,6526.0,6500.0,6504.0,6324,23276,0.0
豆油,Y,DCE,油脂,2007-03-20,6510.0,6544.0,6490.0,6510.0,15534,28518,0.0
豆油,Y,DCE,油脂,2007-03-21,6530.0,6576.0,6530.0,6544.0,26862,33408,0.0
豆油,Y,DCE,油脂,2007-03-22,6520.0,6548.0,6514.0,6518.0,16222,33034,0.0
豆油,Y,DCE,油脂,2007-03-23,6538.0,6556.0,6536.0,6548.0,11040,35280,0.0
豆油,Y,DCE,油脂,2007-03-26,6600.0,6624.0,6578.0,6590.0,31902,39078,0.0
豆油,Y,DCE,油脂,2007-03-27,6558.0,6594.0,6550.0,6592.0,15676,40842,0.0
豆油,Y,DCE,油脂,2007-03-28,6600.0,6670.0,6596.0,6670.0,37028,49048,0.0
豆油,Y,DCE,油脂,2007-03-29,6694.0,6728.0,6670.0,6676.0,57398,52928,0.0
豆油,Y,DCE,油脂,2007-03-30,6716.0,6754.0,6710.0,6744.0,50590,53560,0.0
豆油,Y,DCE,油脂,2007-04-02,6672.0,6730.0,6644.0,6710.0,40778,55528,0.0
豆油,Y,DCE,油脂,2007-04-03,6758.0,6878.0,6734.0,6858.0,92806,65382,0.0
豆油,Y,DCE,油脂,2007-04-04,6818.0,6906.0,6808.0,6890.0,127430,75008,0.0
豆油,Y,DCE,油脂,2007-04-05,6898.0,6898.0,6830.0,6832.0,95014,73680,0.0
豆油,Y,DCE,油脂,2007-04-06,6836.0,6848.0,6772.0,6784.0,71418,71274,0.0
豆油,Y,DCE,油脂,2007-04-09,6812.0,6872.0,6794.0,6856.0,71298,71174,0.0
豆油,Y,DCE,油脂,2007-04-10,6788.0,6824.0,6760.0,6786.0,51298,64616,0.0
豆油,Y,DCE,油脂,2007-04-11,6818.0,6878.0,6814.0,6876.0,69546,69512,0.0
豆油,Y,DCE,油脂,2007-04-12,6870.0,6994.0,6870.0,6960.0,110742,81954,0.0
豆油,Y,DCE,油脂,2007-04-13,6958.0,7042.0,6926.0,6974.0,120580,84618,0.0
豆油,Y,DCE,油脂,2007-04-16,7012.0,7130.0,7012.0,7126.0,118846,95530,0.0
豆油,Y,DCE,油脂,2007-04-17,7122.0,7146.0,7032.0,7044.0,101600,90804,0.0
豆油,Y,DCE,油脂,2007-04-18,6960.0,6974.0,6838.0,6854.0,123272,76744,0.0
豆油,Y,DCE,油脂,2007-04-19,6798.0,6892.0,6780.0,6888.0,93726,70216,0.0
豆油,Y,DCE,油脂,2007-04-20,6930.0,6950.0,6846.0,6872.0,83024,67094,0.0
豆油,Y,DCE,油脂,2007-04-23,6930.0,6950.0,6846.0,6934.0,30264,67372,0.0
豆油,Y,DCE,油脂,2007-04-24,6892.0,6914.0,6848.0,6856.0,67072,66766,0.0
豆油,Y,DCE,油脂,2007-04-25,6848.0,6934.0,6834.0,6914.0,74166,66506,0.0
豆油,Y,DCE,油脂,2007-04-26,6982.0,6996.0,6922.0,6932.0,66156,65946,0.0
豆油,Y,DCE,油脂,2007-04-27,6900.0,6928.0,6860.0,6886.0,55180,61824,0.0
豆油,Y,DCE,油脂,2007-04-30,6908.0,6934.0,6900.0,6914.0,31750,56588,0.0
豆油,Y,DCE,油脂,2007-05-08,6890.0,6916.0,6852.0,6902.0,30840,60058,0.0
豆油,Y,DCE,油脂,2007-05-09,6914.0,7008.0,6906.0,7006.0,46526,66530,0.0
豆油,Y,DCE,油脂,2007-05-10,7002.0,7054.0,6974.0,7028.0,67976,69914,0.0
豆油,Y,DCE,油脂,2007-05-11,7054.0,7100.0,7034.0,7084.0,78970,76064,0.0
豆油,Y,DCE,油脂,2007-05-14,7198.0,7288.0,7172.0,7282.0,80024,90842,0.0
豆油,Y,DCE,油脂,2007-05-15,7238.0,7260.0,7184.0,7216.0,103938,93770,0.0
豆油,Y,DCE,油脂,2007-05-16,7276.0,7332.0,7268.0,7278.0,77482,93312,0.0
豆油,Y,DCE,油脂,2007-05-17,7300.0,7318.0,7240.0,7282.0,99614,100528,0.0
豆油,Y,DCE,油脂,2007-05-18,7350.0,7364.0,7316.0,7354.0,92858,100214,0.0
豆油,Y,DCE,油脂,2007-05-21,7320.0,7398.0,7320.0,7374.0,109190,99052,0.0
豆油,Y,DCE,油脂,2007-05-22,7368.0,7374.0,7330.0,7334.0,77518,96284,0.0
豆油,Y,DCE,油脂,2007-05-23,7306.0,7344.0,7292.0,7326.0,61816,95886,0.0
豆油,Y,DCE,油脂,2007-05-24,7340.0,7430.0,7336.0,7430.0,87944,101402,0.0
豆油,Y,DCE,油脂,2007-05-25,7480.0,7650.0,7480.0,7644.0,242066,117932,0.0
豆油,Y,DCE,油脂,2007-05-28,7480.0,7874.0,7480.0,7844.0,205256,116346,0.0
豆油,Y,DCE,油脂,2007-05-29,7480.0,7874.0,7480.0,7772.0,270222,115850,0.0
豆油,Y,DCE,油脂,2007-05-30,7480.0,7874.0,7530.0,7540.0,205746,108896,0.0
豆油,Y,DCE,油脂,2007-05-31,7688.0,7782.0,7650.0,7758.0,216170,111944,0.0
豆油,Y,DCE,油脂,2007-06-01,7800.0,7828.0,7658.0,7728.0,253558,117478,0.0
豆油,Y,DCE,油脂,2007-06-04,7780.0,7790.0,7662.0,7720.0,182430,123600,0.0
豆油,Y,DCE,油脂,2007-06-05,7722.0,7882.0,7704.0,7874.0,227934,132556,0.0
豆油,Y,DCE,油脂,2007-06-06,7950.0,7998.0,7882.0,7940.0,367338,136018,0.0
豆油,Y,DCE,油脂,2007-06-07,7884.0,7928.0,7852.0,7916.0,322608,136274,0.0
豆油,Y,DCE,油脂,2007-06-08,8000.0,8048.0,7848.0,7852.0,323670,133732,0.0
豆油,Y,DCE,油脂,2007-06-11,7860.0,7906.0,7786.0,7820.0,314326,132588,0.0
豆油,Y,DCE,油脂,2007-06-12,7766.0,7770.0,7644.0,7656.0,267980,129550,0.0
豆油,Y,DCE,油脂,2007-06-13,7646.0,7660.0,7500.0,7526.0,312338,123860,0.0
豆油,Y,DCE,油脂,2007-06-14,7580.0,7658.0,7552.0,7582.0,325524,129634,0.0
豆油,Y,DCE,油脂,2007-06-15,7630.0,7648.0,7588.0,7644.0,215720,125456,0.0
豆油,Y,DCE,油脂,2007-06-18,7800.0,7822.0,7750.0,7794.0,171818,123032,0.0
豆油,Y,DCE,油脂,2007-06-19,7740.0,7750.0,7670.0,7698.0,149352,120518,0.0
豆油,Y,DCE,油脂,2007-06-20,7588.0,7648.0,7568.0,7648.0,147232,121690,0.0
豆油,Y,DCE,油脂,2007-06-21,7640.0,7656.0,7610.0,7632.0,112150,121124,0.0
豆油,Y,DCE,油脂,2007-06-22,7560.0,7578.0,7540.0,7566.0,90890,121184,0.0
豆油,Y,DCE,油脂,2007-06-25,7522.0,7640.0,7522.0,7638.0,104242,122352,0.0
豆油,Y,DCE,油脂,2007-06-26,7650.0,7656.0,7544.0,7560.0,138972,117180,0.0
豆油,Y,DCE,油脂,2007-06-27,7580.0,7610.0,7502.0,7556.0,275622,126988,0.0
豆油,Y,DCE,油脂,2007-06-28,7568.0,7630.0,7546.0,7624.0,136738,119154,0.0
豆油,Y,DCE,油脂,2007-06-29,7696.0,7696.0,7652.0,7688.0,105356,112200,0.0
豆油,Y,DCE,油脂,2007-07-02,7898.0,7940.0,7812.0,7884.0,189242,109466,0.0
豆油,Y,DCE,油脂,2007-07-03,7850.0,7898.0,7836.0,7884.0,124934,106944,0.0
豆油,Y,DCE,油脂,2007-07-04,7850.0,7936.0,7836.0,7932.0,105956,111464,0.0
豆油,Y,DCE,油脂,2007-07-05,7932.0,7966.0,7876.0,7900.0,153616,107432,0.0
豆油,Y,DCE,油脂,2007-07-06,7918.0,7998.0,7882.0,7990.0,135374,114864,0.0
豆油,Y,DCE,油脂,2007-07-09,7960.0,8024.0,7950.0,7968.0,190434,111112,0.0
豆油,Y,DCE,油脂,2007-07-10,8000.0,8020.0,7922.0,7924.0,157130,104018,0.0
豆油,Y,DCE,油脂,2007-07-11,7994.0,8114.0,7976.0,8098.0,231136,109628,0.0
豆油,Y,DCE,油脂,2007-07-12,8086.0,8168.0,8078.0,8164.0,218584,106046,0.0
豆油,Y,DCE,油脂,2007-07-13,8168.0,8180.0,8088.0,8138.0,163754,101136,0.0
豆油,Y,DCE,油脂,2007-07-16,8168.0,8180.0,8088.0,8138.0,163754,101136,0.0
豆油,Y,DCE,油脂,2007-07-18,8168.0,8112.0,8078.0,8094.0,187704,103790,0.0
豆油,Y,DCE,油脂,2007-07-19,8130.0,8150.0,8060.0,8070.0,170830,100110,0.0
豆油,Y,DCE,油脂,2007-07-20,8104.0,8166.0,8084.0,8154.0,118986,100028,0.0
豆油,Y,DCE,油脂,2007-07-23,8088.0,8156.0,8086.0,8126.0,72200,91784,0.0
豆油,Y,DCE,油脂,2007-07-24,8120.0,8120.0,8062.0,8106.0,87546,85440,0.0
豆油,Y,DCE,油脂,2007-07-25,8060.0,8134.0,8060.0,8128.0,85152,48292,0.0
豆油,Y,DCE,油脂,2007-07-26,8100.0,8194.0,8100.0,8180.0,97178,51892,0.0
豆油,Y,DCE,油脂,2007-07-27,8162.0,8210.0,8136.0,8180.0,116716,55486,0.0
豆油,Y,DCE,油脂,2007-07-30,8288.0,8410.0,8248.0,8410.0,151630,72622,0.0
豆油,Y,DCE,油脂,2007-07-31,8450.0,8450.0,8358.0,8396.0,189804,70932,0.0
豆油,Y,DCE,油脂,2007-08-01,8446.0,8476.0,8374.0,8394.0,182752,70326,0.0
豆油,Y,DCE,油脂,2007-08-02,8386.0,8468.0,8362.0,8406.0,206324,76426,0.0
豆油,Y,DCE,油脂,2007-08-03,8416.0,8418.0,8348.0,8390.0,137842,76366,0.0
豆油,Y,DCE,油脂,2007-08-06,8330.0,8372.0,8290.0,8294.0,146632,72546,0.0
豆油,Y,DCE,油脂,2007-08-07,8288.0,8288.0,8208.0,8226.0,126812,78718,0.0
豆油,Y,DCE,油脂,2007-08-08,8250.0,8294.0,8236.0,8284.0,123598,74030,0.0
豆油,Y,DCE,油脂,2007-08-09,8330.0,8438.0,8330.0,8398.0,140728,73424,0.0
豆油,Y,DCE,油脂,2007-08-10,8332.0,8396.0,8332.0,8390.0,85516,74054,0.0
豆油,Y,DCE,油脂,2007-08-13,8400.0,8434.0,8350.0,8410.0,116688,74884,0.0
豆油,Y,DCE,油脂,2007-08-14,8358.0,8384.0,8312.0,8318.0,99990,78824,0.0
豆油,Y,DCE,油脂,2007-08-15,8258.0,8290.0,8230.0,8270.0,91188,79552,0.0
豆油,Y,DCE,油脂,2007-08-16,8234.0,8240.0,8102.0,8112.0,131632,84252,0.0
豆油,Y,DCE,油脂,2007-08-17,7950.0,7986.0,7842.0,7842.0,170988,85342,0.0
豆油,Y,DCE,油脂,2007-08-20,7950.0,8024.0,7842.0,8024.0,118748,80858,0.0
豆油,Y,DCE,油脂,2007-08-21,8000.0,8038.0,7920.0,7988.0,176888,78436,0.0
豆油,Y,DCE,油脂,2007-08-22,7952.0,7982.0,7888.0,7930.0,173232,85066,0.0
豆油,Y,DCE,油脂,2007-08-23,7990.0,8018.0,7958.0,7978.0,107586,79920,0.0
豆油,Y,DCE,油脂,2007-08-24,8010.0,8074.0,7978.0,8042.0,161396,77576,0.0
豆油,Y,DCE,油脂,2007-08-27,8068.0,8104.0,8006.0,8006.0,138088,76658,0.0
豆油,Y,DCE,油脂,2007-08-28,8058.0,8078.0,8026.0,8070.0,107942,70558,0.0
豆油,Y,DCE,油脂,2007-08-29,7980.0,8020.0,7946.0,7978.0,154206,75580,0.0
豆油,Y,DCE,油脂,2007-08-30,8030.0,8070.0,8006.0,8040.0,117232,67722,0.0
豆油,Y,DCE,油脂,2007-08-31,8062.0,8112.0,8036.0,8072.0,94762,67344,0.0
豆油,Y,DCE,油脂,2007-09-03,8030.0,8060.0,8008.0,8036.0,66544,67994,0.0
豆油,Y,DCE,油脂,2007-09-04,8080.0,8112.0,7984.0,7992.0,80416,71172,0.0
豆油,Y,DCE,油脂,2007-09-05,8080.0,8080.0,7998.0,8020.0,71048,64278,0.0
豆油,Y,DCE,油脂,2007-09-06,8000.0,8026.0,7976.0,8012.0,56714,63428,0.0
豆油,Y,DCE,油脂,2007-09-07,7990.0,8028.0,7982.0,7998.0,40064,64530,0.0
豆油,Y,DCE,油脂,2007-09-10,8022.0,8290.0,7996.0,8226.0,208980,61392,0.0
豆油,Y,DCE,油脂,2007-09-11,8170.0,8314.0,8142.0,8218.0,129954,38898,0.0
豆油,Y,DCE,油脂,2007-09-12,8266.0,8266.0,8140.0,8166.0,68410,42418,0.0
豆油,Y,DCE,油脂,2007-09-13,8280.0,8360.0,8232.0,8266.0,181622,47820,0.0
豆油,Y,DCE,油脂,2007-09-14,8310.0,8358.0,8294.0,8320.0,104510,51706,0.0
豆油,Y,DCE,油脂,2007-09-17,8420.0,8496.0,8390.0,8486.0,102978,57848,0.0
豆油,Y,DCE,油脂,2007-09-18,8500.0,8534.0,8458.0,8494.0,72904,57932,0.0
豆油,Y,DCE,油脂,2007-09-19,8492.0,8498.0,8240.0,8340.0,113238,53422,0.0
豆油,Y,DCE,油脂,2007-09-20,8330.0,8358.0,8270.0,8300.0,71760,58516,0.0
豆油,Y,DCE,油脂,2007-09-21,8300.0,8384.0,8300.0,8326.0,54356,60374,0.0
豆油,Y,DCE,油脂,2007-09-24,8280.0,8346.0,8254.0,8298.0,68794,61932,0.0
豆油,Y,DCE,油脂,2007-09-25,8308.0,8366.0,8284.0,8324.0,73476,64818,0.0
豆油,Y,DCE,油脂,2007-09-26,8260.0,8338.0,8244.0,8324.0,77476,66498,0.0
豆油,Y,DCE,油脂,2007-09-27,8368.0,8368.0,8306.0,8314.0,43272,64994,0.0
豆油,Y,DCE,油脂,2007-09-28,8380.0,8454.0,8364.0,8440.0,67822,65462,0.0
豆油,Y,DCE,油脂,2007-10-08,8304.0,8378.0,8252.0,8332.0,52962,70360,0.0
豆油,Y,DCE,油脂,2007-10-09,8310.0,8410.0,8290.0,8398.0,67246,81852,0.0
豆油,Y,DCE,油脂,2007-10-10,8450.0,8530.0,8424.0,8482.0,103970,83622,0.0
豆油,Y,DCE,油脂,2007-10-11,8510.0,8578.0,8502.0,8556.0,92342,87804,0.0
豆油,Y,DCE,油脂,2007-10-12,8586.0,8648.0,8554.0,8632.0,130120,95456,0.0
豆油,Y,DCE,油脂,2007-10-15,8598.0,8666.0,8598.0,8636.0,81100,96884,0.0
豆油,Y,DCE,油脂,2007-10-16,8662.0,8726.0,8662.0,8710.0,80238,100328,0.0
豆油,Y,DCE,油脂,2007-10-17,8710.0,8746.0,8620.0,8630.0,84178,96448,0.0
豆油,Y,DCE,油脂,2007-10-18,8676.0,8676.0,8584.0,8626.0,67028,93186,0.0
豆油,Y,DCE,油脂,2007-10-19,8710.0,8766.0,8688.0,8742.0,85532,94558,0.0
豆油,Y,DCE,油脂,2007-10-22,8650.0,8650.0,8590.0,8624.0,60308,89182,0.0
豆油,Y,DCE,油脂,2007-10-23,8672.0,8740.0,8656.0,8736.0,60518,90800,0.0
豆油,Y,DCE,油脂,2007-10-24,8730.0,8748.0,8690.0,8692.0,46496,88712,0.0
豆油,Y,DCE,油脂,2007-10-25,8702.0,8752.0,8632.0,8676.0,81554,84806,0.0
豆油,Y,DCE,油脂,2007-10-26,8750.0,8836.0,8736.0,8836.0,83120,90464,0.0
豆油,Y,DCE,油脂,2007-10-29,8920.0,8992.0,8840.0,8944.0,114270,98050,0.0
豆油,Y,DCE,油脂,2007-10-30,8930.0,8958.0,8878.0,8898.0,83148,93622,0.0
豆油,Y,DCE,油脂,2007-10-31,8850.0,8900.0,8830.0,8844.0,65194,90336,0.0
豆油,Y,DCE,油脂,2007-11-01,8952.0,9020.0,8912.0,8924.0,71856,93020,0.0
豆油,Y,DCE,油脂,2007-11-02,8850.0,8898.0,8822.0,8874.0,56356,91840,0.0
豆油,Y,DCE,油脂,2007-11-05,8890.0,8948.0,8882.0,8932.0,65568,95968,0.0
豆油,Y,DCE,油脂,2007-11-06,8932.0,9078.0,8932.0,9076.0,84128,105920,0.0
豆油,Y,DCE,油脂,2007-11-07,9200.0,9272.0,9150.0,9216.0,130852,108254,0.0
豆油,Y,DCE,油脂,2007-11-08,9162.0,9296.0,9162.0,9292.0,146182,120576,0.0
豆油,Y,DCE,油脂,2007-11-09,9326.0,9414.0,9326.0,9410.0,194988,127426,0.0
豆油,Y,DCE,油脂,2007-11-12,9450.0,9462.0,9368.0,9390.0,156374,125006,0.0
豆油,Y,DCE,油脂,2007-11-13,9374.0,9598.0,9320.0,9594.0,217152,135052,0.0
豆油,Y,DCE,油脂,2007-11-14,9580.0,9650.0,9550.0,9608.0,177000,131874,0.0
豆油,Y,DCE,油脂,2007-11-15,9688.0,9710.0,9612.0,9622.0,138548,136376,0.0
豆油,Y,DCE,油脂,2007-11-16,9650.0,9650.0,9374.0,9418.0,212712,131934,0.0
豆油,Y,DCE,油脂,2007-11-19,9450.0,9498.0,9238.0,9430.0,177346,130718,0.0
豆油,Y,DCE,油脂,2007-11-20,9348.0,9348.0,9006.0,9036.0,315014,127206,0.0
豆油,Y,DCE,油脂,2007-11-21,9268.0,9336.0,9150.0,9310.0,256500,123822,0.0
豆油,Y,DCE,油脂,2007-11-22,9300.0,9396.0,9282.0,9372.0,129018,120288,0.0
豆油,Y,DCE,油脂,2007-11-23,9364.0,9480.0,9248.0,9444.0,172310,122692,0.0
豆油,Y,DCE,油脂,2007-11-26,9550.0,9590.0,9494.0,9564.0,141382,125672,0.0
豆油,Y,DCE,油脂,2007-11-27,9476.0,9508.0,9402.0,9436.0,116602,126158,0.0
豆油,Y,DCE,油脂,2007-11-28,9386.0,9390.0,9292.0,9292.0,110946,127446,0.0
豆油,Y,DCE,油脂,2007-11-29,9358.0,9420.0,9282.0,9346.0,149650,126018,0.0
豆油,Y,DCE,油脂,2007-11-30,9312.0,9318.0,9190.0,9280.0,113530,127320,0.0
豆油,Y,DCE,油脂,2007-12-03,9280.0,9352.0,9240.0,9350.0,97096,125236,0.0
豆油,Y,DCE,油脂,2007-12-04,9388.0,9416.0,9362.0,9392.0,103032,121572,0.0
豆油,Y,DCE,油脂,2007-12-05,9420.0,9428.0,9348.0,9384.0,83436,117564,0.0
豆油,Y,DCE,油脂,2007-12-06,9280.0,9330.0,9252.0,9300.0,109338,122684,0.0
豆油,Y,DCE,油脂,2007-12-07,9398.0,9460.0,9334.0,9454.0,119720,117892,0.0
豆油,Y,DCE,油脂,2007-12-10,9430.0,9522.0,9382.0,9472.0,94996,111916,0.0
豆油,Y,DCE,油脂,2007-12-11,9452.0,9560.0,9452.0,9538.0,97898,113188,0.0
豆油,Y,DCE,油脂,2007-12-12,9540.0,9548.0,9466.0,9478.0,65136,106906,0.0
豆油,Y,DCE,油脂,2007-12-13,9590.0,9696.0,9564.0,9630.0,114578,110666,0.0
豆油,Y,DCE,油脂,2007-12-14,9650.0,9688.0,9602.0,9684.0,90718,112992,0.0
豆油,Y,DCE,油脂,2007-12-17,9720.0,9816.0,9712.0,9752.0,94188,111196,0.0
豆油,Y,DCE,油脂,2007-12-18,9728.0,9728.0,9620.0,9620.0,67020,105904,0.0
豆油,Y,DCE,油脂,2007-12-19,9630.0,9792.0,9614.0,9772.0,147574,111956,0.0
豆油,Y,DCE,油脂,2007-12-20,9790.0,9836.0,9746.0,9764.0,103842,109436,0.0
豆油,Y,DCE,油脂,2007-12-21,9722.0,9832.0,9708.0,9818.0,96444,106244,0.0
豆油,Y,DCE,油脂,2007-12-24,9850.0,9960.0,9824.0,9914.0,141210,111270,0.0
豆油,Y,DCE,油脂,2007-12-25,9930.0,9988.0,9896.0,9978.0,100088,111068,0.0
豆油,Y,DCE,油脂,2007-12-26,9988.0,10230.0,9988.0,10228.0,152756,117772,0.0
豆油,Y,DCE,油脂,2007-12-27,10350.0,10486.0,10168.0,10186.0,195430,104356,0.0
豆油,Y,DCE,油脂,2007-12-28,10282.0,10538.0,10200.0,10474.0,233706,104268,0.0
豆油,Y,DCE,油脂,2007-12-31,10282.0,10538.0,10200.0,10474.0,233706,104268,0.0
豆油,Y,DCE,油脂,2008-01-01,10282.0,10538.0,10200.0,10474.0,233706,104268,0.0
豆油,Y,DCE,油脂,2008-01-02,10500.0,10560.0,10400.0,10488.0,143190,107774,0.0
豆油,Y,DCE,油脂,2008-01-03,10630.0,10670.0,10472.0,10496.0,164190,103446,0.0
豆油,Y,DCE,油脂,2008-01-04,10546.0,10548.0,10380.0,10426.0,179138,101686,0.0
豆油,Y,DCE,油脂,2008-01-07,10380.0,10536.0,10342.0,10498.0,140664,106788,0.0
豆油,Y,DCE,油脂,2008-01-08,10460.0,10508.0,10358.0,10406.0,154572,105348,0.0
豆油,Y,DCE,油脂,2008-01-09,10480.0,10546.0,10400.0,10540.0,137688,112096,0.0
豆油,Y,DCE,油脂,2008-01-10,10482.0,10524.0,10440.0,10492.0,118066,110042,0.0
豆油,Y,DCE,油脂,2008-01-11,10518.0,10816.0,10510.0,10812.0,223290,123092,0.0
豆油,Y,DCE,油脂,2008-01-14,10946.0,11018.0,10770.0,10970.0,261888,113694,0.0
豆油,Y,DCE,油脂,2008-01-15,10902.0,11048.0,10870.0,10978.0,214332,115550,0.0
豆油,Y,DCE,油脂,2008-01-16,10952.0,11078.0,10810.0,10968.0,374834,128366,0.0
豆油,Y,DCE,油脂,2008-01-17,10940.0,11202.0,10882.0,11200.0,339248,136180,0.0
豆油,Y,DCE,油脂,2008-01-18,11100.0,11202.0,10706.0,10814.0,603100,126662,0.0
豆油,Y,DCE,油脂,2008-01-21,10850.0,10964.0,10746.0,10880.0,435756,121946,0.0
豆油,Y,DCE,油脂,2008-01-22,10600.0,10664.0,10432.0,10432.0,362232,121974,0.0
豆油,Y,DCE,油脂,2008-01-23,10620.0,10642.0,10350.0,10520.0,379166,124764,0.0
豆油,Y,DCE,油脂,2008-01-24,10340.0,10478.0,10220.0,10428.0,385032,127698,0.0
豆油,Y,DCE,油脂,2008-01-25,10630.0,10770.0,10572.0,10764.0,324264,134862,0.0
豆油,Y,DCE,油脂,2008-01-28,10718.0,10794.0,10604.0,10648.0,274282,133292,0.0
豆油,Y,DCE,油脂,2008-01-29,10756.0,10892.0,10752.0,10884.0,301458,138632,0.0
豆油,Y,DCE,油脂,2008-01-31,10910.0,11000.0,10872.0,10964.0,256772,143424,0.0
豆油,Y,DCE,油脂,2008-02-01,11030.0,11090.0,10988.0,11016.0,217358,133158,0.0
豆油,Y,DCE,油脂,2008-02-04,11078.0,11110.0,10962.0,11070.0,155344,131334,0.0
豆油,Y,DCE,油脂,2008-02-05,11200.0,11468.0,11172.0,11468.0,200376,130112,0.0
豆油,Y,DCE,油脂,2008-02-13,11428.0,11642.0,11410.0,11582.0,226370,142112,0.0
豆油,Y,DCE,油脂,2008-02-14,11640.0,11838.0,11630.0,11830.0,216962,147130,0.0
豆油,Y,DCE,油脂,2008-02-15,12000.0,12224.0,11958.0,12066.0,361616,143820,0.0
豆油,Y,DCE,油脂,2008-02-18,12080.0,12416.0,12068.0,12416.0,277550,143980,0.0
豆油,Y,DCE,油脂,2008-02-19,12470.0,12558.0,12270.0,12450.0,380264,145772,0.0
豆油,Y,DCE,油脂,2008-02-20,12596.0,12596.0,12282.0,12372.0,396156,142158,0.0
豆油,Y,DCE,油脂,2008-02-21,12518.0,12702.0,12460.0,12698.0,255958,131994,0.0
豆油,Y,DCE,油脂,2008-02-22,12600.0,12764.0,12548.0,12700.0,242698,118832,0.0
豆油,Y,DCE,油脂,2008-02-25,12860.0,13188.0,12860.0,13188.0,137818,107842,0.0
豆油,Y,DCE,油脂,2008-02-26,13280.0,13540.0,12830.0,13028.0,349722,101598,0.0
豆油,Y,DCE,油脂,2008-02-27,13336.0,13540.0,13176.0,13438.0,356602,82592,0.0
豆油,Y,DCE,油脂,2008-02-28,13220.0,13262.0,13000.0,13228.0,317410,125398,0.0
豆油,Y,DCE,油脂,2008-02-29,13500.0,13696.0,13470.0,13696.0,155522,136722,0.0
豆油,Y,DCE,油脂,2008-03-03,14000.0,14154.0,13800.0,14154.0,200756,161534,0.0
豆油,Y,DCE,油脂,2008-03-04,14358.0,14630.0,13518.0,13826.0,609582,180540,0.0
豆油,Y,DCE,油脂,2008-03-05,13884.0,14068.0,13860.0,13860.0,91672,59544,0.0
豆油,Y,DCE,油脂,2008-03-06,13460.0,13690.0,12960.0,13068.0,630872,163458,0.0
豆油,Y,DCE,油脂,2008-03-07,13300.0,13438.0,13300.0,13300.0,55710,54928,0.0
豆油,Y,DCE,油脂,2008-03-10,12212.0,12212.0,12212.0,12212.0,2642,161182,0.0
豆油,Y,DCE,油脂,2008-03-11,11912.0,12350.0,11824.0,12168.0,774452,161382,0.0
豆油,Y,DCE,油脂,2008-03-12,12270.0,12312.0,11666.0,11690.0,497418,155696,0.0
豆油,Y,DCE,油脂,2008-03-13,11792.0,12260.0,11588.0,12148.0,848570,157174,0.0
豆油,Y,DCE,油脂,2008-03-14,12010.0,12154.0,11808.0,11918.0,694718,161574,0.0
豆油,Y,DCE,油脂,2008-03-17,11500.0,11550.0,11500.0,11500.0,52494,150978,0.0
豆油,Y,DCE,油脂,2008-03-18,11040.0,11040.0,11040.0,11040.0,1140,150840,0.0
豆油,Y,DCE,油脂,2008-03-19,10902.0,11080.0,10606.0,10632.0,605582,146446,0.0
豆油,Y,DCE,油脂,2008-03-20,10360.0,10728.0,10360.0,10622.0,153322,140576,0.0
豆油,Y,DCE,油脂,2008-03-21,10498.0,10786.0,10450.0,10560.0,573494,141690,0.0
豆油,Y,DCE,油脂,2008-03-24,10680.0,11000.0,10648.0,10920.0,508818,148646,0.0
豆油,Y,DCE,油脂,2008-03-25,11110.0,11190.0,10650.0,10970.0,762956,146114,0.0
豆油,Y,DCE,油脂,2008-03-26,11230.0,11248.0,10972.0,11120.0,599422,144096,0.0
豆油,Y,DCE,油脂,2008-03-27,11016.0,11036.0,10768.0,10780.0,484738,145430,0.0
豆油,Y,DCE,油脂,2008-03-28,10850.0,10948.0,10660.0,10768.0,629944,146792,0.0
豆油,Y,DCE,油脂,2008-03-31,10500.0,10920.0,10490.0,10890.0,617284,148038,0.0
豆油,Y,DCE,油脂,2008-04-01,10206.0,10206.0,10206.0,10206.0,4038,145466,0.0
豆油,Y,DCE,油脂,2008-04-02,10310.0,10418.0,10208.0,10296.0,609540,149340,0.0
豆油,Y,DCE,油脂,2008-04-03,10648.0,10648.0,10472.0,10540.0,368374,140442,0.0
豆油,Y,DCE,油脂,2008-04-04,10648.0,10648.0,10472.0,10540.0,368374,140442,0.0
豆油,Y,DCE,油脂,2008-04-07,10590.0,10986.0,10590.0,10930.0,411804,147840,0.0
豆油,Y,DCE,油脂,2008-04-08,10830.0,10890.0,10716.0,10766.0,383712,144748,0.0
豆油,Y,DCE,油脂,2008-04-09,10798.0,10974.0,10750.0,10820.0,458536,145872,0.0
豆油,Y,DCE,油脂,2008-04-10,11188.0,11198.0,10990.0,11036.0,307508,136188,0.0
豆油,Y,DCE,油脂,2008-04-11,11086.0,11168.0,11004.0,11064.0,337144,131904,0.0
豆油,Y,DCE,油脂,2008-04-14,11000.0,11624.0,10942.0,11610.0,504118,138998,0.0
豆油,Y,DCE,油脂,2008-04-15,11702.0,11874.0,11702.0,11874.0,305192,125256,0.0
豆油,Y,DCE,油脂,2008-04-16,11870.0,11954.0,11588.0,11770.0,584808,121126,0.0
豆油,Y,DCE,油脂,2008-04-17,11650.0,11826.0,11620.0,11738.0,388648,117192,0.0
豆油,Y,DCE,油脂,2008-04-18,11686.0,11886.0,11626.0,11690.0,416054,112884,0.0
豆油,Y,DCE,油脂,2008-04-21,11700.0,11700.0,11168.0,11168.0,406598,106624,0.0
豆油,Y,DCE,油脂,2008-04-22,11060.0,11298.0,11020.0,11158.0,356030,95160,0.0
豆油,Y,DCE,油脂,2008-04-23,11500.0,11608.0,11350.0,11604.0,316388,93188,0.0
豆油,Y,DCE,油脂,2008-04-24,11518.0,11548.0,11402.0,11474.0,281384,89896,0.0
豆油,Y,DCE,油脂,2008-04-25,11240.0,11312.0,11174.0,11186.0,236078,97896,0.0
豆油,Y,DCE,油脂,2008-04-28,11070.0,11298.0,11070.0,11246.0,243544,95664,0.0
豆油,Y,DCE,油脂,2008-04-29,11060.0,11128.0,10702.0,10800.0,289274,99960,0.0
豆油,Y,DCE,油脂,2008-04-30,10800.0,10918.0,10736.0,10846.0,303308,92156,0.0
豆油,Y,DCE,油脂,2008-05-01,10800.0,10918.0,10736.0,10846.0,303308,92156,0.0
豆油,Y,DCE,油脂,2008-05-02,10800.0,10918.0,10736.0,10846.0,303308,92156,0.0
豆油,Y,DCE,油脂,2008-05-05,10752.0,10886.0,10752.0,10808.0,243530,99498,0.0
豆油,Y,DCE,油脂,2008-05-06,10810.0,10966.0,10810.0,10898.0,223608,96450,0.0
豆油,Y,DCE,油脂,2008-05-07,10898.0,10922.0,10670.0,10682.0,264774,105548,0.0
豆油,Y,DCE,油脂,2008-05-08,10834.0,10946.0,10722.0,10808.0,322610,100576,0.0
豆油,Y,DCE,油脂,2008-05-09,10850.0,10878.0,10750.0,10854.0,232392,102444,0.0
豆油,Y,DCE,油脂,2008-05-12,11178.0,11350.0,11154.0,11350.0,53976,96974,0.0
豆油,Y,DCE,油脂,2008-05-13,11326.0,11478.0,11262.0,11336.0,269472,98700,0.0
豆油,Y,DCE,油脂,2008-05-14,11410.0,11680.0,11404.0,11638.0,244130,104822,0.0
豆油,Y,DCE,油脂,2008-05-15,11556.0,11562.0,11102.0,11322.0,351906,100362,0.0
豆油,Y,DCE,油脂,2008-05-16,11290.0,11386.0,11158.0,11338.0,349482,99950,0.0
豆油,Y,DCE,油脂,2008-05-19,11408.0,11460.0,11164.0,11204.0,278458,96160,0.0
豆油,Y,DCE,油脂,2008-05-20,11050.0,11130.0,11004.0,11068.0,206764,92408,0.0
豆油,Y,DCE,油脂,2008-05-21,11070.0,11100.0,10920.0,11012.0,205472,92034,0.0
豆油,Y,DCE,油脂,2008-05-22,11360.0,11476.0,11178.0,11254.0,274358,94188,0.0
豆油,Y,DCE,油脂,2008-05-23,11022.0,11100.0,10980.0,11092.0,134534,90544,0.0
豆油,Y,DCE,油脂,2008-05-26,11220.0,11278.0,11100.0,11164.0,191282,89886,0.0
豆油,Y,DCE,油脂,2008-05-27,11218.0,11618.0,11126.0,11556.0,378566,98588,0.0
豆油,Y,DCE,油脂,2008-05-28,11302.0,11342.0,11200.0,11300.0,200742,82894,0.0
豆油,Y,DCE,油脂,2008-05-29,11290.0,11430.0,11238.0,11250.0,193816,83054,0.0
豆油,Y,DCE,油脂,2008-05-30,11000.0,11064.0,10806.0,10842.0,236026,78530,0.0
豆油,Y,DCE,油脂,2008-06-02,11000.0,11046.0,10890.0,10914.0,148026,75716,0.0
豆油,Y,DCE,油脂,2008-06-03,10920.0,11100.0,10856.0,11090.0,145190,73228,0.0
豆油,Y,DCE,油脂,2008-06-04,10980.0,11026.0,10922.0,10956.0,129918,72460,0.0
豆油,Y,DCE,油脂,2008-06-05,11050.0,11098.0,11016.0,11068.0,101216,72872,0.0
豆油,Y,DCE,油脂,2008-06-06,11420.0,11462.0,11306.0,11332.0,102110,71630,0.0
豆油,Y,DCE,油脂,2008-06-09,11420.0,11462.0,11306.0,11332.0,102110,71630,0.0
豆油,Y,DCE,油脂,2008-06-10,11428.0,11518.0,11390.0,11468.0,86216,75832,0.0
豆油,Y,DCE,油脂,2008-06-11,11330.0,11708.0,11312.0,11642.0,156658,78012,0.0
豆油,Y,DCE,油脂,2008-06-12,11958.0,12110.0,11802.0,11850.0,157510,78784,0.0
豆油,Y,DCE,油脂,2008-06-13,11902.0,12382.0,11902.0,12286.0,363344,106984,0.0
豆油,Y,DCE,油脂,2008-06-16,12340.0,12450.0,12186.0,12240.0,248944,98596,0.0
豆油,Y,DCE,油脂,2008-06-17,12010.0,12098.0,11700.0,11894.0,212548,94382,0.0
豆油,Y,DCE,油脂,2008-06-18,11990.0,12156.0,11894.0,11894.0,189838,97470,0.0
豆油,Y,DCE,油脂,2008-06-19,11944.0,12006.0,11754.0,11846.0,177974,94176,0.0
豆油,Y,DCE,油脂,2008-06-20,11700.0,11746.0,11544.0,11568.0,194524,95516,0.0
豆油,Y,DCE,油脂,2008-06-23,11476.0,11608.0,11398.0,11492.0,154614,91838,0.0
豆油,Y,DCE,油脂,2008-06-24,11470.0,11596.0,11388.0,11442.0,120152,89352,0.0
豆油,Y,DCE,油脂,2008-06-25,11406.0,11530.0,11380.0,11530.0,103790,89234,0.0
豆油,Y,DCE,油脂,2008-06-26,11600.0,11718.0,11572.0,11632.0,132246,81188,0.0
豆油,Y,DCE,油脂,2008-06-27,11862.0,11880.0,11686.0,11762.0,104602,72158,0.0
豆油,Y,DCE,油脂,2008-06-30,11800.0,11932.0,11750.0,11894.0,119562,66664,0.0
豆油,Y,DCE,油脂,2008-07-01,11912.0,12114.0,11912.0,12092.0,129684,73708,0.0
豆油,Y,DCE,油脂,2008-07-02,12160.0,12194.0,12012.0,12054.0,113044,71612,0.0
豆油,Y,DCE,油脂,2008-07-03,12320.0,12340.0,11616.0,11692.0,150112,65480,0.0
豆油,Y,DCE,油脂,2008-07-04,11852.0,11856.0,11616.0,11774.0,128508,70178,0.0
豆油,Y,DCE,油脂,2008-07-07,11570.0,11708.0,11528.0,11672.0,74100,69820,0.0
豆油,Y,DCE,油脂,2008-07-08,11340.0,11590.0,11340.0,11530.0,92490,67652,0.0
豆油,Y,DCE,油脂,2008-07-09,11630.0,11694.0,11550.0,11622.0,73656,61784,0.0
豆油,Y,DCE,油脂,2008-07-10,11662.0,11678.0,11420.0,11504.0,92382,63310,0.0
豆油,Y,DCE,油脂,2008-07-11,11680.0,11808.0,11564.0,11772.0,108624,58160,0.0
豆油,Y,DCE,油脂,2008-07-14,11592.0,11592.0,11396.0,11462.0,115702,62156,0.0
豆油,Y,DCE,油脂,2008-07-15,11500.0,11574.0,11416.0,11498.0,131484,60840,0.0
豆油,Y,DCE,油脂,2008-07-16,11408.0,11496.0,11380.0,11452.0,136810,68094,0.0
豆油,Y,DCE,油脂,2008-07-17,11500.0,11556.0,11480.0,11506.0,36508,66820,0.0
豆油,Y,DCE,油脂,2008-07-20,11350.0,11378.0,11128.0,11186.0,152228,82548,0.0
豆油,Y,DCE,油脂,2008-07-21,10880.0,10958.0,10684.0,10684.0,126386,87640,0.0
豆油,Y,DCE,油脂,2008-07-22,10566.0,10774.0,10560.0,10770.0,169244,87426,0.0
豆油,Y,DCE,油脂,2008-07-23,10780.0,10782.0,10160.0,10302.0,309736,95770,0.0
豆油,Y,DCE,油脂,2008-07-24,10300.0,10478.0,10170.0,10304.0,348284,99162,0.0
豆油,Y,DCE,油脂,2008-07-25,10294.0,10366.0,10248.0,10332.0,213368,101376,0.0
豆油,Y,DCE,油脂,2008-07-28,10430.0,10472.0,10354.0,10392.0,176958,102680,0.0
豆油,Y,DCE,油脂,2008-07-29,10340.0,10340.0,9890.0,9970.0,335572,124788,0.0
豆油,Y,DCE,油脂,2008-07-30,10058.0,10118.0,9824.0,10036.0,376214,117970,0.0
豆油,Y,DCE,油脂,2008-07-31,10100.0,10168.0,10060.0,10140.0,237268,119520,0.0
豆油,Y,DCE,油脂,2008-08-01,9988.0,10010.0,9760.0,9794.0,260818,125308,0.0
豆油,Y,DCE,油脂,2008-08-04,9568.0,9568.0,9330.0,9330.0,150194,133566,0.0
豆油,Y,DCE,油脂,2008-08-05,9000.0,9000.0,8916.0,8916.0,11748,128898,0.0
豆油,Y,DCE,油脂,2008-08-06,8884.0,9300.0,8838.0,9002.0,397600,128542,0.0
豆油,Y,DCE,油脂,2008-08-07,8850.0,9170.0,8802.0,9150.0,438180,117074,0.0
豆油,Y,DCE,油脂,2008-08-08,9100.0,9184.0,8942.0,8968.0,431626,124838,0.0
豆油,Y,DCE,油脂,2008-08-11,8782.0,8794.0,8578.0,8578.0,183840,125550,0.0
豆油,Y,DCE,油脂,2008-08-12,8626.0,8694.0,8432.0,8544.0,481004,122150,0.0
豆油,Y,DCE,油脂,2008-08-13,8600.0,8952.0,8590.0,8908.0,526618,118476,0.0
豆油,Y,DCE,油脂,2008-08-14,9204.0,9204.0,8820.0,8970.0,565624,132172,0.0
豆油,Y,DCE,油脂,2008-08-15,8676.0,8716.0,8538.0,8538.0,291582,130384,0.0
豆油,Y,DCE,油脂,2008-08-18,8732.0,8922.0,8700.0,8864.0,441012,131976,0.0
豆油,Y,DCE,油脂,2008-08-19,8850.0,8992.0,8750.0,8858.0,574660,126204,0.0
豆油,Y,DCE,油脂,2008-08-20,8988.0,9312.0,8928.0,9274.0,556398,136122,0.0
豆油,Y,DCE,油脂,2008-08-21,9280.0,9466.0,9196.0,9432.0,651256,132542,0.0
豆油,Y,DCE,油脂,2008-08-22,9680.0,9740.0,9486.0,9506.0,651488,148070,0.0
豆油,Y,DCE,油脂,2008-08-25,9538.0,9560.0,9416.0,9500.0,443072,149234,0.0
豆油,Y,DCE,油脂,2008-08-26,9390.0,9390.0,9014.0,9036.0,456762,143078,0.0
豆油,Y,DCE,油脂,2008-08-27,9250.0,9320.0,9090.0,9168.0,660370,149422,0.0
豆油,Y,DCE,油脂,2008-08-28,9094.0,9094.0,8924.0,9032.0,493382,154698,0.0
豆油,Y,DCE,油脂,2008-08-29,8902.0,9244.0,8856.0,9214.0,736526,149446,0.0
豆油,Y,DCE,油脂,2008-09-01,9196.0,9370.0,9152.0,9282.0,540702,149348,0.0
豆油,Y,DCE,油脂,2008-09-02,9000.0,9026.0,8912.0,8954.0,428892,139852,0.0
豆油,Y,DCE,油脂,2008-09-03,9000.0,9052.0,8950.0,8982.0,433292,141352,0.0
豆油,Y,DCE,油脂,2008-09-04,8800.0,8946.0,8800.0,8942.0,396342,146362,0.0
豆油,Y,DCE,油脂,2008-09-05,8698.0,8800.0,8654.0,8736.0,356478,142854,0.0
豆油,Y,DCE,油脂,2008-09-08,8750.0,8828.0,8666.0,8676.0,368364,149534,0.0
豆油,Y,DCE,油脂,2008-09-09,8602.0,8624.0,8332.0,8366.0,518748,149908,0.0
豆油,Y,DCE,油脂,2008-09-10,8330.0,8500.0,8264.0,8410.0,625882,149978,0.0
豆油,Y,DCE,油脂,2008-09-11,8312.0,8510.0,8310.0,8430.0,563078,129268,0.0
豆油,Y,DCE,油脂,2008-09-12,8460.0,8608.0,8442.0,8554.0,523174,132952,0.0
豆油,Y,DCE,油脂,2008-09-15,8460.0,8608.0,8442.0,8558.0,530976,129668,0.0
豆油,Y,DCE,油脂,2008-09-16,8200.0,8244.0,8096.0,8096.0,137308,122870,0.0
豆油,Y,DCE,油脂,2008-09-17,8020.0,8096.0,7798.0,7904.0,622352,139330,0.0
豆油,Y,DCE,油脂,2008-09-18,8100.0,8128.0,7682.0,7694.0,655728,155540,0.0
豆油,Y,DCE,油脂,2008-09-19,7802.0,7894.0,7702.0,7824.0,688074,146654,0.0
豆油,Y,DCE,油脂,2008-09-22,8180.0,8180.0,8102.0,8180.0,282078,129320,0.0
豆油,Y,DCE,油脂,2008-09-23,8500.0,8500.0,8278.0,8292.0,721550,131582,0.0
豆油,Y,DCE,油脂,2008-09-24,8200.0,8268.0,8052.0,8258.0,704974,131856,0.0
豆油,Y,DCE,油脂,2008-09-25,8100.0,8272.0,8034.0,8222.0,806512,127552,0.0
豆油,Y,DCE,油脂,2008-09-26,8130.0,8300.0,8130.0,8256.0,607848,115864,0.0
豆油,Y,DCE,油脂,2008-10-06,7832.0,7832.0,7832.0,7832.0,864,111280,0.0
豆油,Y,DCE,油脂,2008-10-07,7442.0,7442.0,7442.0,7442.0,15710,96510,0.0
豆油,Y,DCE,油脂,2008-10-08,7072.0,7288.0,7070.0,7090.0,537724,97470,0.0
豆油,Y,DCE,油脂,2008-10-09,7120.0,7230.0,7080.0,7216.0,615936,100750,0.0
豆油,Y,DCE,油脂,2008-10-10,6810.0,6932.0,6810.0,6810.0,45114,89374,0.0
豆油,Y,DCE,油脂,2008-10-13,6488.0,6776.0,6486.0,6690.0,565298,110260,0.0
豆油,Y,DCE,油脂,2008-10-14,6958.0,6958.0,6838.0,6904.0,320406,100612,0.0
豆油,Y,DCE,油脂,2008-10-15,6560.0,6630.0,6550.0,6550.0,158074,98990,0.0
豆油,Y,DCE,油脂,2008-10-16,6232.0,6282.0,6232.0,6232.0,96546,97280,0.0
豆油,Y,DCE,油脂,2008-10-17,6450.0,6552.0,6114.0,6496.0,586150,108640,0.0
豆油,Y,DCE,油脂,2008-10-20,6598.0,6716.0,6496.0,6716.0,421930,118380,0.0
豆油,Y,DCE,油脂,2008-10-21,6770.0,6780.0,6296.0,6390.0,604260,105038,0.0
豆油,Y,DCE,油脂,2008-10-22,6200.0,6376.0,6176.0,6176.0,379742,103898,0.0
豆油,Y,DCE,油脂,2008-10-23,5982.0,6228.0,5982.0,6228.0,79100,98264,0.0
豆油,Y,DCE,油脂,2008-10-24,6378.0,6378.0,6020.0,6024.0,771392,99458,0.0
豆油,Y,DCE,油脂,2008-10-27,6018.0,6234.0,5882.0,5894.0,616550,99960,0.0
豆油,Y,DCE,油脂,2008-10-28,6150.0,6330.0,5970.0,6302.0,655528,97266,0.0
豆油,Y,DCE,油脂,2008-10-29,6266.0,6266.0,6078.0,6130.0,528510,92432,0.0
豆油,Y,DCE,油脂,2008-10-30,6326.0,6456.0,6272.0,6456.0,507776,92272,0.0
豆油,Y,DCE,油脂,2008-10-31,6264.0,6510.0,6176.0,6452.0,708518,110340,0.0
豆油,Y,DCE,油脂,2008-11-03,6530.0,6690.0,6500.0,6690.0,297044,100526,0.0
豆油,Y,DCE,油脂,2008-11-04,6680.0,6752.0,6542.0,6648.0,708810,111020,0.0
豆油,Y,DCE,油脂,2008-11-05,6830.0,6878.0,6712.0,6768.0,674186,107442,0.0
豆油,Y,DCE,油脂,2008-11-06,6560.0,6580.0,6472.0,6522.0,432332,102846,0.0
豆油,Y,DCE,油脂,2008-11-07,6520.0,6578.0,6426.0,6534.0,496126,94434,0.0
豆油,Y,DCE,油脂,2008-11-10,6700.0,6836.0,6650.0,6800.0,388210,102846,0.0
豆油,Y,DCE,油脂,2008-11-11,6700.0,6742.0,6602.0,6630.0,465050,92068,0.0
豆油,Y,DCE,油脂,2008-11-12,6474.0,6554.0,6404.0,6490.0,405690,92772,0.0
豆油,Y,DCE,油脂,2008-11-13,6326.0,6362.0,6162.0,6236.0,306270,87798,0.0
豆油,Y,DCE,油脂,2008-11-14,6362.0,6434.0,6290.0,6318.0,442810,97388,0.0
豆油,Y,DCE,油脂,2008-11-17,6296.0,6374.0,6240.0,6288.0,261294,91554,0.0
豆油,Y,DCE,油脂,2008-11-18,6252.0,6346.0,6226.0,6264.0,266392,81510,0.0
豆油,Y,DCE,油脂,2008-11-19,6298.0,6346.0,6278.0,6342.0,211720,73142,0.0
豆油,Y,DCE,油脂,2008-11-20,5942.0,6036.0,5916.0,5938.0,237552,119702,0.0
豆油,Y,DCE,油脂,2008-11-21,5700.0,5880.0,5668.0,5842.0,305222,113792,0.0
豆油,Y,DCE,油脂,2008-11-24,5842.0,5900.0,5802.0,5868.0,244132,120748,0.0
豆油,Y,DCE,油脂,2008-11-25,6110.0,6110.0,6006.0,6062.0,226384,126430,0.0
豆油,Y,DCE,油脂,2008-11-26,6048.0,6178.0,6030.0,6164.0,367714,142982,0.0
豆油,Y,DCE,油脂,2008-11-27,6240.0,6308.0,6174.0,6178.0,450954,139152,0.0
豆油,Y,DCE,油脂,2008-11-28,6204.0,6230.0,6116.0,6212.0,414078,145736,0.0
豆油,Y,DCE,油脂,2008-12-01,6200.0,6266.0,6122.0,6238.0,413888,158032,0.0
豆油,Y,DCE,油脂,2008-12-02,6050.0,6120.0,5980.0,5994.0,358006,146516,0.0
豆油,Y,DCE,油脂,2008-12-03,5962.0,6024.0,5922.0,5940.0,332434,144920,0.0
豆油,Y,DCE,油脂,2008-12-04,5930.0,6010.0,5784.0,5836.0,511364,141854,0.0
豆油,Y,DCE,油脂,2008-12-05,5734.0,5768.0,5616.0,5616.0,156890,147898,0.0
豆油,Y,DCE,油脂,2008-12-08,5560.0,5850.0,5560.0,5812.0,547730,141950,0.0
豆油,Y,DCE,油脂,2008-12-09,5810.0,5812.0,5646.0,5666.0,406058,140842,0.0
豆油,Y,DCE,油脂,2008-12-10,5720.0,5854.0,5686.0,5810.0,419646,138198,0.0
豆油,Y,DCE,油脂,2008-12-11,5800.0,5880.0,5764.0,5846.0,396210,137262,0.0
豆油,Y,DCE,油脂,2008-12-12,5898.0,5942.0,5630.0,5710.0,421272,145378,0.0
豆油,Y,DCE,油脂,2008-12-15,5822.0,5928.0,5822.0,5898.0,399038,152470,0.0
豆油,Y,DCE,油脂,2008-12-16,5752.0,5788.0,5702.0,5758.0,288368,152204,0.0
豆油,Y,DCE,油脂,2008-12-17,5822.0,5848.0,5770.0,5770.0,281430,153080,0.0
豆油,Y,DCE,油脂,2008-12-18,5636.0,5734.0,5636.0,5686.0,261398,150278,0.0
豆油,Y,DCE,油脂,2008-12-19,5690.0,5784.0,5656.0,5774.0,241700,139336,0.0
豆油,Y,DCE,油脂,2008-12-22,5850.0,6014.0,5800.0,6014.0,389402,148012,0.0
豆油,Y,DCE,油脂,2008-12-23,5950.0,5978.0,5860.0,5872.0,348504,144614,0.0
豆油,Y,DCE,油脂,2008-12-24,5932.0,6008.0,5922.0,5990.0,294552,156512,0.0
豆油,Y,DCE,油脂,2008-12-25,5952.0,6150.0,5952.0,6086.0,551254,171020,0.0
豆油,Y,DCE,油脂,2008-12-26,6114.0,6128.0,6006.0,6048.0,364714,157490,0.0
豆油,Y,DCE,油脂,2008-12-29,6300.0,6308.0,6186.0,6224.0,383546,160746,0.0
豆油,Y,DCE,油脂,2008-12-30,6150.0,6226.0,6124.0,6140.0,249530,157672,0.0
豆油,Y,DCE,油脂,2008-12-31,6102.0,6144.0,6016.0,6070.0,282072,157912,0.0
豆油,Y,DCE,油脂,2009-01-05,6220.0,6288.0,6160.0,6240.0,554070,154364,0.0
豆油,Y,DCE,油脂,2009-01-06,6300.0,6520.0,6226.0,6470.0,701442,159354,0.0
豆油,Y,DCE,油脂,2009-01-07,6600.0,6726.0,6442.0,6490.0,680826,142176,0.0
豆油,Y,DCE,油脂,2009-01-08,6312.0,6418.0,6288.0,6300.0,372858,136510,0.0
豆油,Y,DCE,油脂,2009-01-09,6344.0,6536.0,6340.0,6472.0,490550,131576,0.0
豆油,Y,DCE,油脂,2009-01-12,6530.0,6682.0,6510.0,6552.0,439666,134952,0.0
豆油,Y,DCE,油脂,2009-01-13,6292.0,6320.0,6292.0,6292.0,95550,135798,0.0
豆油,Y,DCE,油脂,2009-01-14,6330.0,6396.0,6260.0,6366.0,428214,135594,0.0
豆油,Y,DCE,油脂,2009-01-15,6250.0,6276.0,6190.0,6198.0,240358,134936,0.0
豆油,Y,DCE,油脂,2009-01-16,6300.0,6332.0,6272.0,6288.0,200502,129300,0.0
豆油,Y,DCE,油脂,2009-01-19,6300.0,6346.0,6176.0,6200.0,277138,138644,0.0
豆油,Y,DCE,油脂,2009-01-20,6210.0,6226.0,6142.0,6180.0,228404,128380,0.0
豆油,Y,DCE,油脂,2009-01-21,6160.0,6242.0,6120.0,6202.0,215196,120730,0.0
豆油,Y,DCE,油脂,2009-01-22,6250.0,6260.0,6140.0,6194.0,150476,112534,0.0
豆油,Y,DCE,油脂,2009-01-23,6158.0,6188.0,6128.0,6166.0,83586,106134,0.0
豆油,Y,DCE,油脂,2009-02-02,6088.0,6104.0,5978.0,5988.0,112996,116020,0.0
豆油,Y,DCE,油脂,2009-02-03,5960.0,6188.0,5936.0,6164.0,345944,123666,0.0
豆油,Y,DCE,油脂,2009-02-04,6168.0,6260.0,6140.0,6220.0,296560,126436,0.0
豆油,Y,DCE,油脂,2009-02-05,6208.0,6294.0,6132.0,6184.0,408278,144910,0.0
豆油,Y,DCE,油脂,2009-02-06,6222.0,6328.0,6222.0,6310.0,396104,151130,0.0
豆油,Y,DCE,油脂,2009-02-09,6312.0,6596.0,6300.0,6582.0,521216,159310,0.0
豆油,Y,DCE,油脂,2009-02-10,6560.0,6634.0,6498.0,6588.0,470766,157432,0.0
豆油,Y,DCE,油脂,2009-02-11,6450.0,6576.0,6246.0,6352.0,564224,127686,0.0
豆油,Y,DCE,油脂,2009-02-12,6400.0,6428.0,6300.0,6384.0,425242,130790,0.0
豆油,Y,DCE,油脂,2009-02-13,6384.0,6488.0,6384.0,6470.0,305714,122428,0.0
豆油,Y,DCE,油脂,2009-02-16,6480.0,6480.0,6340.0,6380.0,290616,117000,0.0
豆油,Y,DCE,油脂,2009-02-17,6378.0,6428.0,6340.0,6350.0,241068,111562,0.0
豆油,Y,DCE,油脂,2009-02-18,6128.0,6128.0,6066.0,6066.0,44546,103278,0.0
豆油,Y,DCE,油脂,2009-02-19,6002.0,6110.0,5932.0,5938.0,302748,104144,0.0
豆油,Y,DCE,油脂,2009-02-20,5980.0,6050.0,5960.0,6008.0,223632,105034,0.0
豆油,Y,DCE,油脂,2009-02-23,5998.0,6084.0,5954.0,6074.0,228722,107884,0.0
豆油,Y,DCE,油脂,2009-02-24,5980.0,5984.0,5788.0,5920.0,315620,140794,0.0
豆油,Y,DCE,油脂,2009-02-25,6066.0,6110.0,6018.0,6048.0,309176,168624,0.0
豆油,Y,DCE,油脂,2009-02-26,6150.0,6168.0,6004.0,6016.0,311496,180836,0.0
豆油,Y,DCE,油脂,2009-02-27,6000.0,6020.0,5854.0,5932.0,403598,193766,0.0
豆油,Y,DCE,油脂,2009-03-02,5938.0,6024.0,5912.0,5948.0,299550,188602,0.0
豆油,Y,DCE,油脂,2009-03-03,5826.0,5922.0,5818.0,5914.0,247480,194424,0.0
豆油,Y,DCE,油脂,2009-03-04,5906.0,5980.0,5906.0,5974.0,225696,198130,0.0
豆油,Y,DCE,油脂,2009-03-05,6050.0,6070.0,5926.0,5930.0,317306,202498,0.0
豆油,Y,DCE,油脂,2009-03-06,5900.0,5990.0,5892.0,5986.0,260320,198920,0.0
豆油,Y,DCE,油脂,2009-03-09,6036.0,6094.0,6004.0,6044.0,427094,201738,0.0
豆油,Y,DCE,油脂,2009-03-10,6018.0,6154.0,6016.0,6152.0,479390,225124,0.0
豆油,Y,DCE,油脂,2009-03-11,6146.0,6146.0,6046.0,6050.0,343142,218234,0.0
豆油,Y,DCE,油脂,2009-03-12,5970.0,6014.0,5954.0,5978.0,352562,244686,0.0
豆油,Y,DCE,油脂,2009-03-13,6020.0,6048.0,5964.0,5972.0,332902,258288,0.0
豆油,Y,DCE,油脂,2009-03-16,5958.0,6020.0,5936.0,5988.0,265112,257334,0.0
豆油,Y,DCE,油脂,2009-03-17,6026.0,6098.0,6022.0,6054.0,349310,263948,0.0
豆油,Y,DCE,油脂,2009-03-18,6084.0,6106.0,6056.0,6066.0,338868,263930,0.0
豆油,Y,DCE,油脂,2009-03-19,6110.0,6240.0,6110.0,6232.0,627372,299744,0.0
豆油,Y,DCE,油脂,2009-03-20,6228.0,6356.0,6226.0,6348.0,774960,326052,0.0
豆油,Y,DCE,油脂,2009-03-23,6404.0,6576.0,6362.0,6496.0,1147912,334544,0.0
豆油,Y,DCE,油脂,2009-03-24,6442.0,6494.0,6352.0,6374.0,713026,328984,0.0
豆油,Y,DCE,油脂,2009-03-25,6390.0,6426.0,6290.0,6298.0,603950,322738,0.0
豆油,Y,DCE,油脂,2009-03-26,6352.0,6428.0,6316.0,6410.0,667728,320342,0.0
豆油,Y,DCE,油脂,2009-03-27,6396.0,6488.0,6300.0,6334.0,755280,304942,0.0
豆油,Y,DCE,油脂,2009-03-30,6298.0,6326.0,6250.0,6264.0,463588,300590,0.0
豆油,Y,DCE,油脂,2009-03-31,6244.0,6340.0,6244.0,6310.0,597286,327220,0.0
豆油,Y,DCE,油脂,2009-04-01,6400.0,6468.0,6382.0,6390.0,705050,331478,0.0
豆油,Y,DCE,油脂,2009-04-02,6442.0,6478.0,6424.0,6476.0,604522,328222,0.0
豆油,Y,DCE,油脂,2009-04-03,6552.0,6594.0,6504.0,6524.0,650096,318056,0.0
豆油,Y,DCE,油脂,2009-04-07,6542.0,6680.0,6512.0,6668.0,814074,335944,0.0
豆油,Y,DCE,油脂,2009-04-08,6606.0,6646.0,6488.0,6500.0,804336,329856,0.0
豆油,Y,DCE,油脂,2009-04-09,6592.0,6644.0,6566.0,6614.0,634180,323666,0.0
豆油,Y,DCE,油脂,2009-04-10,6620.0,6716.0,6608.0,6688.0,725760,339072,0.0
豆油,Y,DCE,油脂,2009-04-13,6658.0,6952.0,6648.0,6824.0,1195036,345840,0.0
豆油,Y,DCE,油脂,2009-04-14,6872.0,6906.0,6784.0,6876.0,976796,347498,0.0
豆油,Y,DCE,油脂,2009-04-15,6950.0,7090.0,6950.0,7084.0,873046,353008,0.0
豆油,Y,DCE,油脂,2009-04-16,7112.0,7196.0,7092.0,7154.0,911144,366276,0.0
豆油,Y,DCE,油脂,2009-04-17,7164.0,7196.0,7012.0,7194.0,1006452,342660,0.0
豆油,Y,DCE,油脂,2009-04-20,7164.0,7188.0,7088.0,7096.0,971436,341180,0.0
豆油,Y,DCE,油脂,2009-04-21,6948.0,6958.0,6786.0,6786.0,803998,304964,0.0
豆油,Y,DCE,油脂,2009-04-22,6896.0,6974.0,6818.0,6840.0,838262,293232,0.0
豆油,Y,DCE,油脂,2009-04-23,6860.0,6958.0,6838.0,6930.0,845576,287430,0.0
豆油,Y,DCE,油脂,2009-04-24,6950.0,7058.0,6888.0,6898.0,981230,269276,0.0
豆油,Y,DCE,油脂,2009-04-27,6820.0,6848.0,6622.0,6626.0,736148,278300,0.0
豆油,Y,DCE,油脂,2009-04-28,6720.0,6774.0,6642.0,6706.0,702078,249594,0.0
豆油,Y,DCE,油脂,2009-04-29,6734.0,6844.0,6666.0,6836.0,599370,229184,0.0
豆油,Y,DCE,油脂,2009-04-30,6886.0,7070.0,6882.0,7068.0,765356,224342,0.0
豆油,Y,DCE,油脂,2009-05-01,6886.0,7070.0,6882.0,7068.0,765356,224342,0.0
豆油,Y,DCE,油脂,2009-05-04,7332.0,7332.0,7332.0,7332.0,19860,215980,0.0
豆油,Y,DCE,油脂,2009-05-05,7394.0,7438.0,7314.0,7374.0,1062096,241604,0.0
豆油,Y,DCE,油脂,2009-05-06,7368.0,7616.0,7368.0,7606.0,1140174,314072,0.0
豆油,Y,DCE,油脂,2009-05-07,7688.0,7720.0,7540.0,7542.0,1361550,296844,0.0
豆油,Y,DCE,油脂,2009-05-08,7600.0,7718.0,7482.0,7714.0,1299802,331478,0.0
豆油,Y,DCE,油脂,2009-05-11,7650.0,7660.0,7494.0,7532.0,1481550,317826,0.0
豆油,Y,DCE,油脂,2009-05-12,7650.0,7756.0,7590.0,7754.0,1373972,339360,0.0
豆油,Y,DCE,油脂,2009-05-13,7800.0,7850.0,7740.0,7814.0,1381976,342426,0.0
豆油,Y,DCE,油脂,2009-05-14,7598.0,7686.0,7580.0,7604.0,1162950,319312,0.0
豆油,Y,DCE,油脂,2009-05-15,7680.0,7740.0,7542.0,7568.0,1238396,317338,0.0
豆油,Y,DCE,油脂,2009-05-18,7382.0,7390.0,7274.0,7334.0,757064,287328,0.0
豆油,Y,DCE,油脂,2009-05-19,7426.0,7544.0,7386.0,7522.0,1013914,293934,0.0
豆油,Y,DCE,油脂,2009-05-20,7500.0,7578.0,7460.0,7462.0,1078312,301706,0.0
豆油,Y,DCE,油脂,2009-05-21,7450.0,7534.0,7412.0,7424.0,1043678,298020,0.0
豆油,Y,DCE,油脂,2009-05-22,7450.0,7548.0,7440.0,7500.0,995912,281626,0.0
豆油,Y,DCE,油脂,2009-05-25,7508.0,7530.0,7458.0,7484.0,755974,279718,0.0
豆油,Y,DCE,油脂,2009-05-26,7500.0,7508.0,7394.0,7400.0,502098,262078,0.0
豆油,Y,DCE,油脂,2009-05-27,7464.0,7466.0,7400.0,7418.0,354350,243078,0.0
豆油,Y,DCE,油脂,2009-06-01,7700.0,7904.0,7650.0,7850.0,536858,159828,0.0
豆油,Y,DCE,油脂,2009-06-02,7930.0,7978.0,7848.0,7876.0,1090884,196606,0.0
豆油,Y,DCE,油脂,2009-06-03,7910.0,7940.0,7878.0,7938.0,664736,219952,0.0
豆油,Y,DCE,油脂,2009-06-04,7700.0,7834.0,7698.0,7818.0,562738,229650,0.0
豆油,Y,DCE,油脂,2009-06-05,7950.0,8006.0,7886.0,7894.0,581614,235502,0.0
豆油,Y,DCE,油脂,2009-06-08,7858.0,7902.0,7778.0,7796.0,520162,243216,0.0
豆油,Y,DCE,油脂,2009-06-09,7850.0,7886.0,7756.0,7850.0,722254,253672,0.0
豆油,Y,DCE,油脂,2009-06-10,7894.0,7896.0,7774.0,7808.0,754120,257540,0.0
豆油,Y,DCE,油脂,2009-06-11,7776.0,7784.0,7712.0,7722.0,691112,270540,0.0
豆油,Y,DCE,油脂,2009-06-12,7730.0,7762.0,7606.0,7622.0,680546,278478,0.0
豆油,Y,DCE,油脂,2009-06-15,7508.0,7592.0,7466.0,7558.0,825622,268658,0.0
豆油,Y,DCE,油脂,2009-06-16,7532.0,7646.0,7530.0,7634.0,1079704,329736,0.0
豆油,Y,DCE,油脂,2009-06-17,7608.0,7624.0,7562.0,7596.0,821574,317464,0.0
豆油,Y,DCE,油脂,2009-06-18,7616.0,7626.0,7476.0,7500.0,937672,322644,0.0
豆油,Y,DCE,油脂,2009-06-19,7530.0,7542.0,7492.0,7510.0,618320,309880,0.0
豆油,Y,DCE,油脂,2009-06-22,7400.0,7438.0,7346.0,7360.0,517914,318164,0.0
豆油,Y,DCE,油脂,2009-06-23,7280.0,7396.0,7258.0,7392.0,932510,313188,0.0
豆油,Y,DCE,油脂,2009-06-24,7400.0,7400.0,7316.0,7332.0,764594,312772,0.0
豆油,Y,DCE,油脂,2009-06-25,7330.0,7458.0,7296.0,7436.0,938050,318766,0.0
豆油,Y,DCE,油脂,2009-06-26,7430.0,7524.0,7428.0,7484.0,824218,332426,0.0
豆油,Y,DCE,油脂,2009-06-29,7400.0,7464.0,7334.0,7338.0,748894,332824,0.0
豆油,Y,DCE,油脂,2009-06-30,7366.0,7422.0,7352.0,7382.0,701260,332182,0.0
豆油,Y,DCE,油脂,2009-07-01,7370.0,7496.0,7364.0,7482.0,887038,367940,0.0
豆油,Y,DCE,油脂,2009-07-02,7500.0,7518.0,7364.0,7372.0,969002,352922,0.0
豆油,Y,DCE,油脂,2009-07-03,7330.0,7350.0,7096.0,7206.0,1293966,370868,0.0
豆油,Y,DCE,油脂,2009-07-06,7200.0,7238.0,7134.0,7178.0,998454,366496,0.0
豆油,Y,DCE,油脂,2009-07-07,7194.0,7240.0,7150.0,7182.0,883128,379716,0.0
豆油,Y,DCE,油脂,2009-07-08,7000.0,7018.0,6862.0,6914.0,885388,383552,0.0
豆油,Y,DCE,油脂,2009-07-09,6898.0,6948.0,6890.0,6926.0,669170,383888,0.0
豆油,Y,DCE,油脂,2009-07-10,6934.0,7028.0,6854.0,6964.0,1350298,420886,0.0
豆油,Y,DCE,油脂,2009-07-13,6994.0,7006.0,6884.0,6884.0,853294,417564,0.0
豆油,Y,DCE,油脂,2009-07-14,6938.0,6992.0,6930.0,6982.0,705038,410504,0.0
豆油,Y,DCE,油脂,2009-07-15,7000.0,7098.0,6986.0,7088.0,828272,404658,0.0
豆油,Y,DCE,油脂,2009-07-16,7064.0,7090.0,6984.0,7034.0,946270,405728,0.0
豆油,Y,DCE,油脂,2009-07-17,7036.0,7092.0,7012.0,7080.0,662496,393118,0.0
豆油,Y,DCE,油脂,2009-07-20,7156.0,7192.0,7142.0,7186.0,639542,378034,0.0
豆油,Y,DCE,油脂,2009-07-21,7190.0,7246.0,7120.0,7132.0,706476,375402,0.0
豆油,Y,DCE,油脂,2009-07-22,7106.0,7166.0,7070.0,7112.0,730662,374336,0.0
豆油,Y,DCE,油脂,2009-07-23,7144.0,7160.0,7108.0,7126.0,475712,337082,0.0
豆油,Y,DCE,油脂,2009-07-24,7146.0,7150.0,7052.0,7070.0,410436,314934,0.0
豆油,Y,DCE,油脂,2009-07-27,7000.0,7042.0,6982.0,7004.0,415328,309972,0.0
豆油,Y,DCE,油脂,2009-07-28,7000.0,7182.0,7000.0,7164.0,538526,306584,0.0
豆油,Y,DCE,油脂,2009-07-29,7122.0,7194.0,7070.0,7114.0,480142,272340,0.0
豆油,Y,DCE,油脂,2009-07-30,7170.0,7252.0,7166.0,7224.0,520180,251622,0.0
豆油,Y,DCE,油脂,2009-07-31,7400.0,7460.0,7336.0,7414.0,766828,304534,0.0
豆油,Y,DCE,油脂,2009-08-03,7512.0,7564.0,7358.0,7544.0,825418,343656,0.0
豆油,Y,DCE,油脂,2009-08-04,7662.0,7678.0,7506.0,7566.0,800586,340556,0.0
豆油,Y,DCE,油脂,2009-08-05,7610.0,7718.0,7580.0,7620.0,867044,366760,0.0
豆油,Y,DCE,油脂,2009-08-06,7610.0,7638.0,7460.0,7466.0,884016,390840,0.0
豆油,Y,DCE,油脂,2009-08-07,7412.0,7506.0,7384.0,7418.0,903476,388038,0.0
豆油,Y,DCE,油脂,2009-08-10,7438.0,7632.0,7424.0,7630.0,916210,390774,0.0
豆油,Y,DCE,油脂,2009-08-11,7570.0,7674.0,7542.0,7652.0,870596,413200,0.0
豆油,Y,DCE,油脂,2009-08-12,7718.0,7816.0,7676.0,7686.0,1180162,427306,0.0
豆油,Y,DCE,油脂,2009-08-13,7820.0,7868.0,7688.0,7762.0,1172032,451502,0.0
豆油,Y,DCE,油脂,2009-08-14,7710.0,7746.0,7604.0,7622.0,895232,447488,0.0
豆油,Y,DCE,油脂,2009-08-17,7500.0,7500.0,7322.0,7370.0,1195042,433198,0.0
豆油,Y,DCE,油脂,2009-08-18,7440.0,7480.0,7406.0,7462.0,821610,430970,0.0
豆油,Y,DCE,油脂,2009-08-19,7480.0,7524.0,7210.0,7294.0,1295462,415042,0.0
豆油,Y,DCE,油脂,2009-08-20,7370.0,7456.0,7322.0,7438.0,886690,407410,0.0
豆油,Y,DCE,油脂,2009-08-21,7378.0,7436.0,7310.0,7362.0,816346,419738,0.0
豆油,Y,DCE,油脂,2009-08-24,7528.0,7598.0,7504.0,7580.0,810080,450002,0.0
豆油,Y,DCE,油脂,2009-08-25,7564.0,7594.0,7512.0,7542.0,653626,441404,0.0
豆油,Y,DCE,油脂,2009-08-26,7520.0,7626.0,7514.0,7610.0,748370,466290,0.0
豆油,Y,DCE,油脂,2009-08-27,7586.0,7638.0,7544.0,7562.0,648240,465124,0.0
豆油,Y,DCE,油脂,2009-08-28,7602.0,7636.0,7584.0,7614.0,641972,492240,0.0
豆油,Y,DCE,油脂,2009-08-31,7620.0,7636.0,7356.0,7394.0,858878,482012,0.0
豆油,Y,DCE,油脂,2009-09-01,7368.0,7410.0,7324.0,7350.0,662730,489456,0.0
豆油,Y,DCE,油脂,2009-09-02,7230.0,7254.0,7092.0,7116.0,740906,480126,0.0
豆油,Y,DCE,油脂,2009-09-03,7116.0,7196.0,7088.0,7182.0,741744,483704,0.0
豆油,Y,DCE,油脂,2009-09-04,7150.0,7198.0,7074.0,7122.0,883920,490386,0.0
豆油,Y,DCE,油脂,2009-09-07,7044.0,7084.0,6980.0,6982.0,745394,485036,0.0
豆油,Y,DCE,油脂,2009-09-08,6980.0,7080.0,6952.0,7072.0,657268,494582,0.0
豆油,Y,DCE,油脂,2009-09-09,7102.0,7142.0,7052.0,7076.0,551036,499442,0.0
豆油,Y,DCE,油脂,2009-09-10,7040.0,7120.0,7028.0,7098.0,602130,479376,0.0
豆油,Y,DCE,油脂,2009-09-11,7062.0,7126.0,7012.0,7022.0,583916,485920,0.0
豆油,Y,DCE,油脂,2009-09-14,6898.0,6900.0,6790.0,6856.0,535062,472636,0.0
豆油,Y,DCE,油脂,2009-09-15,6898.0,6936.0,6884.0,6906.0,344676,472280,0.0
豆油,Y,DCE,油脂,2009-09-16,7060.0,7080.0,6992.0,7068.0,471590,463364,0.0
豆油,Y,DCE,油脂,2009-09-17,7060.0,7114.0,7036.0,7112.0,440844,472418,0.0
豆油,Y,DCE,油脂,2009-09-18,7080.0,7142.0,7052.0,7066.0,659232,465472,0.0
豆油,Y,DCE,油脂,2009-09-21,7076.0,7098.0,7028.0,7082.0,453454,464852,0.0
豆油,Y,DCE,油脂,2009-09-22,7010.0,7036.0,6960.0,6982.0,464036,465360,0.0
豆油,Y,DCE,油脂,2009-09-23,7032.0,7040.0,6962.0,6964.0,424960,452638,0.0
豆油,Y,DCE,油脂,2009-09-24,6920.0,6960.0,6850.0,6870.0,540334,442098,0.0
豆油,Y,DCE,油脂,2009-09-25,6890.0,6928.0,6870.0,6882.0,383182,422434,0.0
豆油,Y,DCE,油脂,2009-09-28,6902.0,6912.0,6666.0,6732.0,516880,379196,0.0
豆油,Y,DCE,油脂,2009-09-29,6722.0,6762.0,6640.0,6748.0,467480,349704,0.0
豆油,Y,DCE,油脂,2009-09-30,6720.0,6784.0,6704.0,6768.0,296274,337956,0.0
豆油,Y,DCE,油脂,2009-10-09,6900.0,6920.0,6812.0,6904.0,264442,336358,0.0
豆油,Y,DCE,油脂,2009-10-12,7040.0,7100.0,7004.0,7098.0,486116,364086,0.0
豆油,Y,DCE,油脂,2009-10-13,7122.0,7156.0,7036.0,7060.0,627740,366154,0.0
豆油,Y,DCE,油脂,2009-10-14,7070.0,7138.0,7056.0,7112.0,586016,372200,0.0
豆油,Y,DCE,油脂,2009-10-15,7110.0,7132.0,7056.0,7070.0,470178,373008,0.0
豆油,Y,DCE,油脂,2009-10-16,7098.0,7226.0,7096.0,7220.0,1004068,403302,0.0
豆油,Y,DCE,油脂,2009-10-19,7200.0,7272.0,7180.0,7234.0,725840,414252,0.0
豆油,Y,DCE,油脂,2009-10-20,7300.0,7312.0,7184.0,7208.0,618688,407772,0.0
豆油,Y,DCE,油脂,2009-10-21,7202.0,7216.0,7146.0,7178.0,656646,403610,0.0
豆油,Y,DCE,油脂,2009-10-22,7254.0,7296.0,7188.0,7190.0,699768,400184,0.0
豆油,Y,DCE,油脂,2009-10-23,7248.0,7392.0,7232.0,7388.0,1113398,428886,0.0
豆油,Y,DCE,油脂,2009-10-26,7350.0,7404.0,7314.0,7384.0,836054,408858,0.0
豆油,Y,DCE,油脂,2009-10-27,7300.0,7302.0,7254.0,7266.0,598772,380184,0.0
豆油,Y,DCE,油脂,2009-10-28,7222.0,7316.0,7210.0,7242.0,816466,371306,0.0
豆油,Y,DCE,油脂,2009-10-29,7184.0,7194.0,7142.0,7168.0,527538,362786,0.0
豆油,Y,DCE,油脂,2009-10-30,7250.0,7286.0,7214.0,7224.0,556976,344488,0.0
豆油,Y,DCE,油脂,2009-11-02,7104.0,7218.0,7090.0,7216.0,601184,358572,0.0
豆油,Y,DCE,油脂,2009-11-03,7226.0,7284.0,7224.0,7246.0,589634,348738,0.0
豆油,Y,DCE,油脂,2009-11-04,7304.0,7336.0,7286.0,7296.0,390996,348996,0.0
豆油,Y,DCE,油脂,2009-11-05,7300.0,7300.0,7262.0,7274.0,346304,327918,0.0
豆油,Y,DCE,油脂,2009-11-06,7248.0,7310.0,7248.0,7308.0,295156,317348,0.0
豆油,Y,DCE,油脂,2009-11-09,7260.0,7324.0,7260.0,7318.0,276942,289898,0.0
豆油,Y,DCE,油脂,2009-11-10,7320.0,7352.0,7284.0,7292.0,488986,286086,0.0
豆油,Y,DCE,油脂,2009-11-11,7350.0,7390.0,7326.0,7362.0,699816,338784,0.0
豆油,Y,DCE,油脂,2009-11-12,7398.0,7430.0,7376.0,7402.0,647918,365590,0.0
豆油,Y,DCE,油脂,2009-11-13,7380.0,7418.0,7354.0,7410.0,562850,384408,0.0
豆油,Y,DCE,油脂,2009-11-16,7450.0,7570.0,7442.0,7552.0,768164,417994,0.0
豆油,Y,DCE,油脂,2009-11-17,7606.0,7626.0,7552.0,7558.0,780974,419660,0.0
豆油,Y,DCE,油脂,2009-11-18,7602.0,7724.0,7592.0,7698.0,1283062,466634,0.0
豆油,Y,DCE,油脂,2009-11-19,7668.0,7770.0,7652.0,7688.0,1313092,509208,0.0
豆油,Y,DCE,油脂,2009-11-20,7700.0,7720.0,7652.0,7690.0,791556,481072,0.0
豆油,Y,DCE,油脂,2009-11-23,7748.0,7872.0,7738.0,7868.0,886592,506384,0.0
豆油,Y,DCE,油脂,2009-11-24,7768.0,7820.0,7674.0,7700.0,1118550,494594,0.0
豆油,Y,DCE,油脂,2009-11-25,7762.0,7852.0,7756.0,7838.0,1159372,533616,0.0
豆油,Y,DCE,油脂,2009-11-26,7890.0,7948.0,7836.0,7852.0,1242846,540758,0.0
豆油,Y,DCE,油脂,2009-11-27,7780.0,7808.0,7580.0,7586.0,1160628,491920,0.0
豆油,Y,DCE,油脂,2009-11-30,7750.0,7828.0,7730.0,7816.0,1012124,506546,0.0
豆油,Y,DCE,油脂,2009-12-01,7800.0,7826.0,7770.0,7806.0,718460,516500,0.0
豆油,Y,DCE,油脂,2009-12-02,7830.0,7886.0,7766.0,7850.0,959548,533504,0.0
豆油,Y,DCE,油脂,2009-12-03,7808.0,7858.0,7784.0,7840.0,879170,546038,0.0
豆油,Y,DCE,油脂,2009-12-04,7780.0,7970.0,7768.0,7968.0,1543960,632764,0.0
豆油,Y,DCE,油脂,2009-12-07,7966.0,8198.0,7962.0,8132.0,1698692,675806,0.0
豆油,Y,DCE,油脂,2009-12-08,8174.0,8196.0,8066.0,8142.0,1378402,706692,0.0
豆油,Y,DCE,油脂,2009-12-09,8040.0,8062.0,7922.0,7932.0,1340156,670690,0.0
豆油,Y,DCE,油脂,2009-12-10,7898.0,7956.0,7780.0,7866.0,1361814,648226,0.0
豆油,Y,DCE,油脂,2009-12-11,7896.0,7932.0,7858.0,7884.0,1002058,664972,0.0
豆油,Y,DCE,油脂,2009-12-14,7902.0,7918.0,7684.0,7846.0,1307436,640018,0.0
豆油,Y,DCE,油脂,2009-12-15,7910.0,7916.0,7828.0,7848.0,1021838,649092,0.0
豆油,Y,DCE,油脂,2009-12-16,7856.0,7980.0,7836.0,7942.0,1055770,680504,0.0
豆油,Y,DCE,油脂,2009-12-17,7996.0,8030.0,7876.0,7898.0,1305504,688526,0.0
豆油,Y,DCE,油脂,2009-12-18,7748.0,7836.0,7722.0,7796.0,889424,680484,0.0
豆油,Y,DCE,油脂,2009-12-21,7800.0,7836.0,7732.0,7748.0,929812,689844,0.0
豆油,Y,DCE,油脂,2009-12-22,7732.0,7766.0,7680.0,7684.0,783276,695974,0.0
豆油,Y,DCE,油脂,2009-12-23,7700.0,7714.0,7604.0,7696.0,980178,699388,0.0
豆油,Y,DCE,油脂,2009-12-24,7700.0,7748.0,7662.0,7746.0,847676,692472,0.0
豆油,Y,DCE,油脂,2009-12-25,7746.0,7776.0,7714.0,7724.0,658620,664576,0.0
豆油,Y,DCE,油脂,2009-12-28,7748.0,7854.0,7732.0,7842.0,824820,708780,0.0
豆油,Y,DCE,油脂,2009-12-29,7898.0,7916.0,7832.0,7840.0,699260,671422,0.0
豆油,Y,DCE,油脂,2009-12-30,7868.0,7894.0,7826.0,7848.0,625126,655700,0.0
豆油,Y,DCE,油脂,2009-12-31,7868.0,7974.0,7862.0,7968.0,916028,642954,0.0
豆油,Y,DCE,油脂,2010-01-04,8030.0,8092.0,7990.0,8050.0,922828,681238,0.0
豆油,Y,DCE,油脂,2010-01-05,8088.0,8090.0,8020.0,8056.0,789080,667422,0.0
豆油,Y,DCE,油脂,2010-01-06,8030.0,8140.0,8016.0,8090.0,1015520,698598,0.0
豆油,Y,DCE,油脂,2010-01-07,8100.0,8184.0,7774.0,7860.0,1455800,644090,0.0
豆油,Y,DCE,油脂,2010-01-08,7860.0,7878.0,7652.0,7744.0,1145050,649448,0.0
豆油,Y,DCE,油脂,2010-01-11,7844.0,7884.0,7794.0,7802.0,691840,649770,0.0
豆油,Y,DCE,油脂,2010-01-12,7742.0,7768.0,7694.0,7726.0,669838,666748,0.0
豆油,Y,DCE,油脂,2010-01-13,7560.0,7574.0,7450.0,7498.0,756186,632390,0.0
豆油,Y,DCE,油脂,2010-01-14,7568.0,7616.0,7540.0,7552.0,764352,672004,0.0
豆油,Y,DCE,油脂,2010-01-15,7520.0,7584.0,7466.0,7498.0,809754,700094,0.0
豆油,Y,DCE,油脂,2010-01-18,7420.0,7464.0,7382.0,7456.0,759174,695966,0.0
豆油,Y,DCE,油脂,2010-01-19,7484.0,7532.0,7448.0,7480.0,642806,709824,0.0
豆油,Y,DCE,油脂,2010-01-20,7488.0,7508.0,7350.0,7358.0,871050,719066,0.0
豆油,Y,DCE,油脂,2010-01-21,7350.0,7450.0,7306.0,7442.0,940496,745280,0.0
豆油,Y,DCE,油脂,2010-01-22,7370.0,7486.0,7288.0,7452.0,1153020,726924,0.0
豆油,Y,DCE,油脂,2010-01-25,7428.0,7468.0,7410.0,7424.0,886210,755720,0.0
豆油,Y,DCE,油脂,2010-01-26,7418.0,7438.0,7330.0,7334.0,797526,738286,0.0
豆油,Y,DCE,油脂,2010-01-27,7364.0,7416.0,7336.0,7406.0,926436,740150,0.0
豆油,Y,DCE,油脂,2010-01-28,7320.0,7352.0,7270.0,7326.0,858372,742188,0.0
豆油,Y,DCE,油脂,2010-01-29,7318.0,7376.0,7270.0,7270.0,714280,731446,0.0
豆油,Y,DCE,油脂,2010-02-01,7290.0,7304.0,7178.0,7182.0,649768,743420,0.0
豆油,Y,DCE,油脂,2010-02-02,7250.0,7278.0,7154.0,7174.0,558656,720766,0.0
豆油,Y,DCE,油脂,2010-02-03,7300.0,7320.0,7244.0,7316.0,590502,708662,0.0
豆油,Y,DCE,油脂,2010-02-04,7248.0,7288.0,7218.0,7270.0,526208,674464,0.0
豆油,Y,DCE,油脂,2010-02-05,7210.0,7320.0,7210.0,7282.0,655352,659320,0.0
豆油,Y,DCE,油脂,2010-02-08,7332.0,7380.0,7332.0,7368.0,406266,643320,0.0
豆油,Y,DCE,油脂,2010-02-09,7400.0,7406.0,7358.0,7386.0,327076,629342,0.0
豆油,Y,DCE,油脂,2010-02-10,7416.0,7420.0,7334.0,7366.0,395742,610322,0.0
豆油,Y,DCE,油脂,2010-02-11,7400.0,7474.0,7396.0,7432.0,326020,565142,0.0
豆油,Y,DCE,油脂,2010-02-12,7436.0,7438.0,7362.0,7400.0,215670,553448,0.0
豆油,Y,DCE,油脂,2010-02-22,7530.0,7532.0,7450.0,7500.0,406084,535480,0.0
豆油,Y,DCE,油脂,2010-02-23,7500.0,7578.0,7490.0,7578.0,446122,561712,0.0
豆油,Y,DCE,油脂,2010-02-24,7502.0,7534.0,7488.0,7512.0,300046,559342,0.0
豆油,Y,DCE,油脂,2010-02-25,7570.0,7576.0,7438.0,7462.0,485478,583512,0.0
豆油,Y,DCE,油脂,2010-02-26,7462.0,7488.0,7424.0,7438.0,314592,575794,0.0
豆油,Y,DCE,油脂,2010-03-01,7550.0,7562.0,7480.0,7488.0,444350,575132,0.0
豆油,Y,DCE,油脂,2010-03-02,7492.0,7528.0,7466.0,7472.0,456906,560182,0.0
豆油,Y,DCE,油脂,2010-03-03,7512.0,7546.0,7494.0,7536.0,443176,572696,0.0
豆油,Y,DCE,油脂,2010-03-04,7526.0,7540.0,7450.0,7458.0,431046,569542,0.0
豆油,Y,DCE,油脂,2010-03-05,7456.0,7542.0,7424.0,7520.0,479752,569912,0.0
豆油,Y,DCE,油脂,2010-03-08,7506.0,7560.0,7498.0,7544.0,460324,573236,0.0
豆油,Y,DCE,油脂,2010-03-09,7532.0,7592.0,7512.0,7582.0,590396,531828,0.0
豆油,Y,DCE,油脂,2010-03-10,7558.0,7614.0,7550.0,7586.0,519526,511072,0.0
豆油,Y,DCE,油脂,2010-03-11,7634.0,7654.0,7492.0,7542.0,711900,510148,0.0
豆油,Y,DCE,油脂,2010-03-12,7500.0,7536.0,7474.0,7488.0,422498,501220,0.0
豆油,Y,DCE,油脂,2010-03-15,7450.0,7494.0,7436.0,7468.0,400118,512330,0.0
豆油,Y,DCE,油脂,2010-03-16,7444.0,7484.0,7424.0,7482.0,407026,533366,0.0
豆油,Y,DCE,油脂,2010-03-17,7500.0,7522.0,7482.0,7500.0,356080,548578,0.0
豆油,Y,DCE,油脂,2010-03-18,7512.0,7516.0,7426.0,7444.0,420440,524946,0.0
豆油,Y,DCE,油脂,2010-03-19,7452.0,7484.0,7444.0,7478.0,296500,528954,0.0
豆油,Y,DCE,油脂,2010-03-22,7460.0,7528.0,7454.0,7500.0,351584,533714,0.0
豆油,Y,DCE,油脂,2010-03-23,7530.0,7542.0,7488.0,7508.0,330838,510262,0.0
豆油,Y,DCE,油脂,2010-03-24,7500.0,7524.0,7472.0,7518.0,362754,503078,0.0
豆油,Y,DCE,油脂,2010-03-25,7500.0,7562.0,7500.0,7522.0,499104,538446,0.0
豆油,Y,DCE,油脂,2010-03-26,7480.0,7496.0,7456.0,7484.0,325682,547424,0.0
豆油,Y,DCE,油脂,2010-03-29,7502.0,7518.0,7480.0,7502.0,227100,540966,0.0
豆油,Y,DCE,油脂,2010-03-30,7526.0,7632.0,7476.0,7578.0,976896,489402,0.0
豆油,Y,DCE,油脂,2010-03-31,7580.0,7646.0,7562.0,7574.0,963800,513790,0.0
豆油,Y,DCE,油脂,2010-04-01,7530.0,7594.0,7526.0,7574.0,464392,506126,0.0
豆油,Y,DCE,油脂,2010-04-02,7600.0,7612.0,7580.0,7600.0,262770,501644,0.0
豆油,Y,DCE,油脂,2010-04-06,7602.0,7638.0,7588.0,7604.0,334058,495868,0.0
豆油,Y,DCE,油脂,2010-04-07,7630.0,7728.0,7618.0,7714.0,799390,523650,0.0
豆油,Y,DCE,油脂,2010-04-08,7702.0,7746.0,7690.0,7692.0,512662,487126,0.0
豆油,Y,DCE,油脂,2010-04-09,7708.0,7766.0,7700.0,7750.0,503652,502516,0.0
豆油,Y,DCE,油脂,2010-04-12,7788.0,7794.0,7732.0,7752.0,383382,484276,0.0
豆油,Y,DCE,油脂,2010-04-13,7712.0,7734.0,7674.0,7720.0,383080,478798,0.0
豆油,Y,DCE,油脂,2010-04-14,7736.0,7750.0,7706.0,7706.0,306154,454220,0.0
豆油,Y,DCE,油脂,2010-04-15,7724.0,7726.0,7692.0,7706.0,200284,440336,0.0
豆油,Y,DCE,油脂,2010-04-16,7860.0,7904.0,7844.0,7896.0,246806,197546,0.0
豆油,Y,DCE,油脂,2010-04-19,7860.0,7876.0,7760.0,7760.0,296868,193798,0.0
豆油,Y,DCE,油脂,2010-04-20,7800.0,7830.0,7784.0,7808.0,278168,230116,0.0
豆油,Y,DCE,油脂,2010-04-21,7808.0,7868.0,7790.0,7854.0,356916,257676,0.0
豆油,Y,DCE,油脂,2010-04-22,7848.0,7874.0,7828.0,7848.0,336952,276454,0.0
豆油,Y,DCE,油脂,2010-04-23,7868.0,7966.0,7854.0,7942.0,769652,357812,0.0
豆油,Y,DCE,油脂,2010-04-26,7980.0,7986.0,7930.0,7942.0,514990,382764,0.0
豆油,Y,DCE,油脂,2010-04-27,7926.0,7970.0,7904.0,7950.0,613814,412556,0.0
豆油,Y,DCE,油脂,2010-04-28,7876.0,7902.0,7826.0,7866.0,536804,391936,0.0
豆油,Y,DCE,油脂,2010-04-29,7842.0,7872.0,7820.0,7830.0,428048,383130,0.0
豆油,Y,DCE,油脂,2010-04-30,7860.0,7868.0,7796.0,7868.0,441396,399616,0.0
豆油,Y,DCE,油脂,2010-05-04,7836.0,7850.0,7812.0,7828.0,310912,410240,0.0
豆油,Y,DCE,油脂,2010-05-05,7788.0,7866.0,7770.0,7864.0,483192,446486,0.0
豆油,Y,DCE,油脂,2010-05-06,7870.0,7900.0,7760.0,7770.0,626428,422558,0.0
豆油,Y,DCE,油脂,2010-05-07,7680.0,7718.0,7602.0,7620.0,630374,385508,0.0
豆油,Y,DCE,油脂,2010-05-10,7674.0,7732.0,7652.0,7732.0,411118,367300,0.0
豆油,Y,DCE,油脂,2010-05-11,7716.0,7726.0,7664.0,7670.0,481488,369592,0.0
豆油,Y,DCE,油脂,2010-05-12,7690.0,7748.0,7676.0,7720.0,529938,369712,0.0
豆油,Y,DCE,油脂,2010-05-13,7728.0,7734.0,7644.0,7704.0,516662,382238,0.0
豆油,Y,DCE,油脂,2010-05-14,7676.0,7686.0,7634.0,7642.0,373674,377606,0.0
豆油,Y,DCE,油脂,2010-05-17,7600.0,7616.0,7422.0,7472.0,787354,352338,0.0
豆油,Y,DCE,油脂,2010-05-18,7490.0,7546.0,7448.0,7542.0,498282,338868,0.0
豆油,Y,DCE,油脂,2010-05-19,7492.0,7544.0,7478.0,7512.0,369510,339792,0.0
豆油,Y,DCE,油脂,2010-05-20,7552.0,7598.0,7542.0,7562.0,391970,343198,0.0
豆油,Y,DCE,油脂,2010-05-21,7520.0,7612.0,7520.0,7606.0,416874,349512,0.0
豆油,Y,DCE,油脂,2010-05-24,7588.0,7624.0,7576.0,7598.0,404172,344250,0.0
豆油,Y,DCE,油脂,2010-05-25,7588.0,7588.0,7510.0,7520.0,370860,343022,0.0
豆油,Y,DCE,油脂,2010-05-26,7560.0,7582.0,7502.0,7574.0,357592,345704,0.0
豆油,Y,DCE,油脂,2010-05-27,7596.0,7600.0,7556.0,7594.0,313744,341846,0.0
豆油,Y,DCE,油脂,2010-05-28,7630.0,7630.0,7566.0,7580.0,256722,328048,0.0
豆油,Y,DCE,油脂,2010-05-31,7548.0,7550.0,7508.0,7510.0,254784,333288,0.0
豆油,Y,DCE,油脂,2010-06-01,7518.0,7572.0,7472.0,7504.0,513236,351086,0.0
豆油,Y,DCE,油脂,2010-06-02,7518.0,7566.0,7496.0,7560.0,431364,335564,0.0
豆油,Y,DCE,油脂,2010-06-03,7566.0,7588.0,7522.0,7558.0,414168,333318,0.0
豆油,Y,DCE,油脂,2010-06-04,7564.0,7626.0,7558.0,7596.0,530998,343718,0.0
豆油,Y,DCE,油脂,2010-06-07,7440.0,7458.0,7380.0,7434.0,577568,323240,0.0
豆油,Y,DCE,油脂,2010-06-08,7434.0,7462.0,7428.0,7448.0,276396,319442,7444.0
豆油,Y,DCE,油脂,2010-06-09,7440.0,7462.0,7386.0,7450.0,519428,331122,7424.0
豆油,Y,DCE,油脂,2010-06-10,7452.0,7470.0,7424.0,7430.0,280188,321654,7442.0
豆油,Y,DCE,油脂,2010-06-11,7430.0,7456.0,7406.0,7410.0,181260,323564,7434.0
豆油,Y,DCE,油脂,2010-06-17,7520.0,7530.0,7494.0,7510.0,233088,304360,7514.0
豆油,Y,DCE,油脂,2010-06-18,7524.0,7558.0,7516.0,7542.0,266112,309258,7540.0
豆油,Y,DCE,油脂,2010-06-21,7578.0,7662.0,7564.0,7642.0,436086,337972,7620.0
豆油,Y,DCE,油脂,2010-06-22,7600.0,7638.0,7600.0,7618.0,180852,332720,7616.0
豆油,Y,DCE,油脂,2010-06-23,7574.0,7618.0,7574.0,7598.0,249362,330452,7594.0
豆油,Y,DCE,油脂,2010-06-24,7580.0,7608.0,7576.0,7580.0,196244,336612,7590.0
豆油,Y,DCE,油脂,2010-06-25,7562.0,7576.0,7544.0,7560.0,195242,341116,7562.0
豆油,Y,DCE,油脂,2010-06-28,7558.0,7586.0,7538.0,7542.0,189472,345146,7564.0
豆油,Y,DCE,油脂,2010-06-29,7528.0,7542.0,7454.0,7460.0,288726,353566,7496.0
豆油,Y,DCE,油脂,2010-06-30,7382.0,7428.0,7382.0,7420.0,215392,355738,7408.0
豆油,Y,DCE,油脂,2010-07-01,7418.0,7444.0,7356.0,7360.0,228376,372812,7406.0
豆油,Y,DCE,油脂,2010-07-02,7350.0,7390.0,7338.0,7382.0,273418,375468,7366.0
豆油,Y,DCE,油脂,2010-07-05,7378.0,7382.0,7336.0,7338.0,166166,383586,7362.0
豆油,Y,DCE,油脂,2010-07-06,7306.0,7354.0,7270.0,7342.0,324684,383262,7306.0
豆油,Y,DCE,油脂,2010-07-07,7340.0,7354.0,7312.0,7332.0,199256,380948,7332.0
豆油,Y,DCE,油脂,2010-07-08,7410.0,7428.0,7384.0,7394.0,216852,377174,7404.0
豆油,Y,DCE,油脂,2010-07-09,7416.0,7446.0,7400.0,7438.0,197692,366234,7422.0
豆油,Y,DCE,油脂,2010-07-12,7478.0,7484.0,7420.0,7426.0,195920,339134,7454.0
豆油,Y,DCE,油脂,2010-07-13,7440.0,7466.0,7414.0,7440.0,271446,340080,7442.0
豆油,Y,DCE,油脂,2010-07-14,7488.0,7490.0,7464.0,7478.0,162770,333800,0.0
豆油,Y,DCE,油脂,2010-07-15,7476.0,7510.0,7462.0,7474.0,162076,329180,0.0
豆油,Y,DCE,油脂,2010-07-16,7552.0,7576.0,7530.0,7576.0,257846,339464,0.0
豆油,Y,DCE,油脂,2010-07-19,7548.0,7564.0,7538.0,7562.0,136572,330044,0.0
豆油,Y,DCE,油脂,2010-07-20,7520.0,7564.0,7506.0,7554.0,222082,329280,0.0
豆油,Y,DCE,油脂,2010-07-21,7594.0,7596.0,7538.0,7558.0,194268,331834,0.0
豆油,Y,DCE,油脂,2010-07-22,7560.0,7596.0,7540.0,7586.0,243204,340124,0.0
豆油,Y,DCE,油脂,2010-07-23,7600.0,7646.0,7600.0,7624.0,198730,336650,0.0
豆油,Y,DCE,油脂,2010-07-26,7630.0,7686.0,7616.0,7648.0,286246,347498,0.0
豆油,Y,DCE,油脂,2010-07-27,7620.0,7636.0,7556.0,7562.0,214594,328690,0.0
豆油,Y,DCE,油脂,2010-07-28,7568.0,7606.0,7562.0,7600.0,132142,315854,0.0
豆油,Y,DCE,油脂,2010-07-29,7638.0,7688.0,7618.0,7674.0,244562,309412,0.0
豆油,Y,DCE,油脂,2010-07-30,7698.0,7736.0,7682.0,7692.0,191636,314412,0.0
豆油,Y,DCE,油脂,2010-08-02,7780.0,7868.0,7760.0,7842.0,262754,310614,0.0
豆油,Y,DCE,油脂,2010-08-03,7878.0,7928.0,7808.0,7880.0,325356,217832,0.0
豆油,Y,DCE,油脂,2010-08-04,7928.0,7988.0,7902.0,7942.0,560414,247454,0.0
豆油,Y,DCE,油脂,2010-08-05,8008.0,8032.0,7854.0,7884.0,657556,241308,0.0
豆油,Y,DCE,油脂,2010-08-06,7910.0,8118.0,7876.0,8112.0,897476,318512,0.0
豆油,Y,DCE,油脂,2010-08-09,8110.0,8286.0,8088.0,8286.0,1411600,425580,0.0
豆油,Y,DCE,油脂,2010-08-10,8244.0,8296.0,8176.0,8218.0,1960100,482558,0.0
豆油,Y,DCE,油脂,2010-08-11,8222.0,8286.0,8142.0,8166.0,2018100,504492,0.0
豆油,Y,DCE,油脂,2010-08-12,8160.0,8198.0,8102.0,8146.0,1486000,456856,0.0
豆油,Y,DCE,油脂,2010-08-13,8150.0,8354.0,8150.0,8342.0,2043800,639670,0.0
豆油,Y,DCE,油脂,2010-08-16,8368.0,8416.0,8306.0,8318.0,1286100,580582,0.0
豆油,Y,DCE,油脂,2010-08-17,8248.0,8300.0,8214.0,8276.0,1104400,569508,0.0
豆油,Y,DCE,油脂,2010-08-18,8310.0,8358.0,8152.0,8172.0,1457200,542326,0.0
豆油,Y,DCE,油脂,2010-08-19,8180.0,8210.0,8112.0,8182.0,1331200,557058,0.0
豆油,Y,DCE,油脂,2010-08-20,8056.0,8080.0,7944.0,7958.0,1171900,522832,0.0
豆油,Y,DCE,油脂,2010-08-23,7984.0,8040.0,7948.0,7984.0,1211200,526066,0.0
豆油,Y,DCE,油脂,2010-08-24,7948.0,8036.0,7914.0,7934.0,1281700,543396,0.0
豆油,Y,DCE,油脂,2010-08-25,7960.0,8014.0,7896.0,7908.0,1207500,555574,0.0
豆油,Y,DCE,油脂,2010-08-26,7940.0,7994.0,7940.0,7988.0,964484,565328,0.0
豆油,Y,DCE,油脂,2010-08-27,8010.0,8074.0,7992.0,8068.0,1145200,574572,0.0
豆油,Y,DCE,油脂,2010-08-30,8136.0,8168.0,8104.0,8144.0,877288,573464,0.0
豆油,Y,DCE,油脂,2010-08-31,8068.0,8072.0,7980.0,7988.0,961378,541148,0.0
豆油,Y,DCE,油脂,2010-09-01,8002.0,8066.0,7966.0,7998.0,955988,557688,0.0
豆油,Y,DCE,油脂,2010-09-02,8022.0,8060.0,8000.0,8052.0,1015300,570510,0.0
豆油,Y,DCE,油脂,2010-09-03,8072.0,8156.0,8046.0,8142.0,1363200,619040,0.0
豆油,Y,DCE,油脂,2010-09-06,8200.0,8232.0,8162.0,8184.0,747332,747332,0.0
豆油,Y,DCE,油脂,2010-09-07,8188.0,8256.0,8164.0,8254.0,1086800,646374,0.0
豆油,Y,DCE,油脂,2010-09-08,8326.0,8328.0,8224.0,8234.0,711622,619866,0.0
豆油,Y,DCE,油脂,2010-09-09,8260.0,8280.0,7938.0,8102.0,1388934,530222,0.0
豆油,Y,DCE,油脂,2010-09-10,8140.0,8182.0,8094.0,8148.0,805454,533148,0.0
豆油,Y,DCE,油脂,2010-09-13,8158.0,8176.0,8102.0,8172.0,625896,529270,0.0
豆油,Y,DCE,油脂,2010-09-14,8154.0,8210.0,8118.0,8132.0,853994,516234,0.0
豆油,Y,DCE,油脂,2010-09-15,8158.0,8190.0,8122.0,8144.0,765156,519710,0.0
豆油,Y,DCE,油脂,2010-09-16,8170.0,8208.0,8080.0,8144.0,763440,509488,0.0
豆油,Y,DCE,油脂,2010-09-17,8170.0,8188.0,8134.0,8168.0,607496,511048,0.0
豆油,Y,DCE,油脂,2010-09-20,8302.0,8488.0,8300.0,8440.0,1116500,543620,0.0
豆油,Y,DCE,油脂,2010-09-21,8420.0,8424.0,8306.0,8398.0,645028,528948,0.0
豆油,Y,DCE,油脂,2010-09-27,8770.0,8794.0,8570.0,8628.0,794382,547830,0.0
豆油,Y,DCE,油脂,2010-09-28,8570.0,8736.0,8556.0,8728.0,777586,610288,0.0
豆油,Y,DCE,油脂,2010-09-29,8650.0,8674.0,8488.0,8572.0,922938,600670,0.0
豆油,Y,DCE,油脂,2010-09-30,8540.0,8606.0,8486.0,8598.0,640866,602824,0.0
豆油,Y,DCE,油脂,2010-10-08,8498.0,8626.0,8492.0,8536.0,735518,621208,0.0
豆油,Y,DCE,油脂,2010-10-11,8918.0,8918.0,8918.0,8918.0,28276,598720,0.0
豆油,Y,DCE,油脂,2010-10-12,8918.0,8986.0,8808.0,8932.0,1071100,1071100,0.0
豆油,Y,DCE,油脂,2010-10-13,8960.0,9004.0,8902.0,8950.0,823882,673092,0.0
豆油,Y,DCE,油脂,2010-10-14,9008.0,9070.0,8972.0,9032.0,1008700,677036,0.0
豆油,Y,DCE,油脂,2010-10-15,9046.0,9132.0,8982.0,9110.0,1054100,700056,0.0
豆油,Y,DCE,油脂,2010-10-18,8990.0,9008.0,8868.0,8900.0,833138,680528,0.0
豆油,Y,DCE,油脂,2010-10-19,8968.0,9102.0,8932.0,9008.0,1253200,707968,0.0
豆油,Y,DCE,油脂,2010-10-20,8814.0,9018.0,8812.0,8982.0,1008700,693720,0.0
豆油,Y,DCE,油脂,2010-10-21,9128.0,9298.0,9124.0,9190.0,1408500,683854,0.0
豆油,Y,DCE,油脂,2010-10-22,9170.0,9260.0,9150.0,9244.0,950070,594112,0.0
豆油,Y,DCE,油脂,2010-10-25,9476.0,9796.0,9476.0,9774.0,948404,451656,9692.0
豆油,Y,DCE,油脂,2010-10-26,9750.0,9818.0,9646.0,9686.0,1274800,520654,9714.0
豆油,Y,DCE,油脂,2010-10-27,9800.0,9800.0,9332.0,9444.0,1475700,458432,9576.0
豆油,Y,DCE,油脂,2010-10-28,9572.0,9660.0,9542.0,9626.0,1400000,568012,9606.0
豆油,Y,DCE,油脂,2010-10-29,9572.0,9578.0,9372.0,9380.0,1321046,521048,9454.0
豆油,Y,DCE,油脂,2010-11-01,9460.0,9600.0,9432.0,9564.0,973836,566890,9532.0
豆油,Y,DCE,油脂,2010-11-02,9580.0,9632.0,9510.0,9552.0,1183400,597260,9572.0
豆油,Y,DCE,油脂,2010-11-03,9572.0,9660.0,9522.0,9568.0,1124600,592522,9604.0
豆油,Y,DCE,油脂,2010-11-04,9662.0,9900.0,9630.0,9874.0,1724756,740008,9768.0
豆油,Y,DCE,油脂,2010-11-05,9986.0,10158.0,9972.0,10158.0,782640,782640,10120.0
豆油,Y,DCE,油脂,2010-11-08,10080.0,10476.0,10042.0,10192.0,2005750,751768,10242.0
豆油,Y,DCE,油脂,2010-11-09,10110.0,10416.0,10106.0,10358.0,1774544,791852,10282.0
豆油,Y,DCE,油脂,2010-11-10,10488.0,10554.0,10270.0,10328.0,1618600,784128,10426.0
豆油,Y,DCE,油脂,2010-11-11,10412.0,10498.0,10290.0,10366.0,1511230,762222,10408.0
豆油,Y,DCE,油脂,2010-11-12,10400.0,10400.0,9992.0,9992.0,1470988,632988,10098.0
豆油,Y,DCE,油脂,2010-11-15,9838.0,10038.0,9696.0,9810.0,1646400,589792,9868.0
豆油,Y,DCE,油脂,2010-11-16,9850.0,9922.0,9660.0,9670.0,1744110,1744100,9786.0
豆油,Y,DCE,油脂,2010-11-17,9396.0,9402.0,9396.0,9396.0,130752,538914,9396.0
豆油,Y,DCE,油脂,2010-11-18,9458.0,9504.0,9100.0,9384.0,1743568,525930,9310.0
豆油,Y,DCE,油脂,2010-11-19,9548.0,9576.0,9304.0,9512.0,1488636,504744,9454.0
豆油,Y,DCE,油脂,2010-11-22,9280.0,9394.0,9234.0,9254.0,961244,481596,9334.0
豆油,Y,DCE,油脂,2010-11-23,9300.0,9362.0,9150.0,9164.0,1633300,495910,9234.0
豆油,Y,DCE,油脂,2010-11-24,9260.0,9432.0,9232.0,9428.0,1159800,505006,9314.0
豆油,Y,DCE,油脂,2010-11-25,9476.0,9564.0,9450.0,9460.0,1099980,510154,9502.0
豆油,Y,DCE,油脂,2010-11-26,9502.0,9508.0,9226.0,9350.0,1456186,495118,9346.0
豆油,Y,DCE,油脂,2010-11-29,9334.0,9478.0,9264.0,9474.0,888136,501650,9366.0
豆油,Y,DCE,油脂,2010-11-30,9460.0,9540.0,9338.0,9528.0,864506,483482,9438.0
豆油,Y,DCE,油脂,2010-12-01,9500.0,9648.0,9470.0,9628.0,873232,473976,9576.0
豆油,Y,DCE,油脂,2010-12-02,9800.0,9800.0,9702.0,9718.0,689428,463616,9740.0
豆油,Y,DCE,油脂,2010-12-03,9712.0,9798.0,9666.0,9744.0,739698,465844,9736.0
豆油,Y,DCE,油脂,2010-12-06,9800.0,9872.0,9750.0,9858.0,698194,473740,9824.0
豆油,Y,DCE,油脂,2010-12-07,9822.0,9936.0,9784.0,9934.0,746056,457744,9862.0
豆油,Y,DCE,油脂,2010-12-08,9808.0,9850.0,9700.0,9710.0,649942,446436,9790.0
豆油,Y,DCE,油脂,2010-12-09,9850.0,9872.0,9788.0,9816.0,654848,428568,9832.0
豆油,Y,DCE,油脂,2010-12-10,9800.0,9830.0,9754.0,9810.0,445300,423798,9790.0
豆油,Y,DCE,油脂,2010-12-13,9762.0,10032.0,9754.0,9986.0,646460,445602,9932.0
豆油,Y,DCE,油脂,2010-12-14,10060.0,10084.0,9980.0,10080.0,553584,455020,10030.0
豆油,Y,DCE,油脂,2010-12-15,10038.0,10176.0,9960.0,9974.0,999104,474468,10066.0
豆油,Y,DCE,油脂,2010-12-16,9960.0,10032.0,9952.0,9990.0,534232,458408,9994.0
豆油,Y,DCE,油脂,2010-12-17,9990.0,10066.0,9980.0,10040.0,474222,461474,10036.0
豆油,Y,DCE,油脂,2010-12-20,10120.0,10164.0,9982.0,10046.0,645952,470508,10082.0
豆油,Y,DCE,油脂,2010-12-21,10102.0,10194.0,10080.0,10176.0,551304,475754,10124.0
豆油,Y,DCE,油脂,2010-12-22,10210.0,10258.0,10132.0,10164.0,602618,460002,10198.0
豆油,Y,DCE,油脂,2010-12-23,10218.0,10474.0,10200.0,10450.0,892402,519070,10356.0
豆油,Y,DCE,油脂,2010-12-24,10500.0,10526.0,10306.0,10416.0,762402,486702,10414.0
豆油,Y,DCE,油脂,2010-12-27,10352.0,10524.0,10350.0,10488.0,743244,507508,10452.0
豆油,Y,DCE,油脂,2010-12-28,10560.0,10662.0,10556.0,10606.0,735730,500390,10616.0
豆油,Y,DCE,油脂,2010-12-29,10578.0,10590.0,10368.0,10386.0,706440,466604,10472.0
豆油,Y,DCE,油脂,2010-12-30,10350.0,10512.0,10300.0,10498.0,633924,435202,10404.0
豆油,Y,DCE,油脂,2010-12-31,10398.0,10538.0,10396.0,10526.0,524626,426546,10476.0
豆油,Y,DCE,油脂,2011-01-04,10520.0,10646.0,10510.0,10610.0,505368,432550,10588.0
豆油,Y,DCE,油脂,2011-01-05,10514.0,10580.0,10462.0,10512.0,487374,441018,10526.0
豆油,Y,DCE,油脂,2011-01-06,10612.0,10828.0,10612.0,10800.0,579428,477484,10748.0
豆油,Y,DCE,油脂,2011-01-07,10652.0,10780.0,10482.0,10586.0,938576,461834,10654.0
豆油,Y,DCE,油脂,2011-01-10,10660.0,10662.0,10502.0,10546.0,692528,471438,10580.0
豆油,Y,DCE,油脂,2011-01-11,10624.0,10650.0,10540.0,10610.0,484862,474756,10586.0
豆油,Y,DCE,油脂,2011-01-12,10590.0,10638.0,10412.0,10472.0,942140,482074,10528.0
豆油,Y,DCE,油脂,2011-01-13,10770.0,10770.0,10546.0,10556.0,653058,448022,10624.0
豆油,Y,DCE,油脂,2011-01-14,10530.0,10608.0,10492.0,10584.0,437580,439608,10560.0
豆油,Y,DCE,油脂,2011-01-17,10586.0,10604.0,10474.0,10520.0,557210,449238,10538.0
豆油,Y,DCE,油脂,2011-01-18,10478.0,10524.0,10362.0,10470.0,649106,428274,10440.0
豆油,Y,DCE,油脂,2011-01-19,10520.0,10608.0,10482.0,10598.0,495070,424436,10552.0
豆油,Y,DCE,油脂,2011-01-20,10530.0,10640.0,10522.0,10572.0,598938,426116,10584.0
豆油,Y,DCE,油脂,2011-01-21,10488.0,10576.0,10488.0,10558.0,498330,411568,10540.0
豆油,Y,DCE,油脂,2011-01-24,10600.0,10858.0,10600.0,10736.0,730208,457476,10762.0
豆油,Y,DCE,油脂,2011-01-25,10658.0,10706.0,10556.0,10558.0,464736,447776,10626.0
豆油,Y,DCE,油脂,2011-01-26,10400.0,10422.0,10180.0,10314.0,615930,427626,10276.0
豆油,Y,DCE,油脂,2011-01-27,10450.0,10472.0,10350.0,10400.0,420956,430900,10410.0
豆油,Y,DCE,油脂,2011-01-28,10398.0,10436.0,10360.0,10388.0,305682,415588,10404.0
豆油,Y,DCE,油脂,2011-01-31,10420.0,10616.0,10414.0,10592.0,310196,422620,10556.0
豆油,Y,DCE,油脂,2011-02-01,10628.0,10660.0,10562.0,10628.0,205946,413864,10614.0
豆油,Y,DCE,油脂,2011-02-09,10796.0,10846.0,10646.0,10802.0,362076,405262,10766.0
豆油,Y,DCE,油脂,2011-02-10,10890.0,10976.0,10834.0,10874.0,407264,417826,10912.0
豆油,Y,DCE,油脂,2011-02-11,10846.0,10906.0,10792.0,10862.0,362450,404712,10866.0
豆油,Y,DCE,油脂,2011-02-14,10880.0,10900.0,10754.0,10886.0,315182,414500,10840.0
豆油,Y,DCE,油脂,2011-02-15,10792.0,10828.0,10730.0,10736.0,344568,430378,10786.0
豆油,Y,DCE,油脂,2011-02-16,10496.0,10590.0,10442.0,10530.0,446442,415594,10528.0
豆油,Y,DCE,油脂,2011-02-17,10560.0,10620.0,10380.0,10382.0,564278,438870,10514.0
豆油,Y,DCE,油脂,2011-02-18,10560.0,10564.0,10358.0,10360.0,475214,412096,10472.0
豆油,Y,DCE,油脂,2011-02-21,10286.0,10394.0,10256.0,10356.0,357824,408482,10348.0
豆油,Y,DCE,油脂,2011-02-22,10450.0,10504.0,10300.0,10464.0,581714,400374,10420.0
豆油,Y,DCE,油脂,2011-02-23,10010.0,10106.0,9868.0,10040.0,503396,366744,10046.0
豆油,Y,DCE,油脂,2011-02-24,10140.0,10140.0,9782.0,9880.0,480312,348932,9964.0
豆油,Y,DCE,油脂,2011-02-25,9930.0,10056.0,9918.0,10042.0,365324,327782,10000.0
豆油,Y,DCE,油脂,2011-02-28,10196.0,10222.0,10130.0,10198.0,362064,322568,10178.0
豆油,Y,DCE,油脂,2011-03-01,10200.0,10240.0,10100.0,10200.0,455146,327788,10174.0
豆油,Y,DCE,油脂,2011-03-02,10188.0,10396.0,10180.0,10380.0,533412,347772,10290.0
豆油,Y,DCE,油脂,2011-03-03,10366.0,10450.0,10304.0,10308.0,426842,328010,10374.0
豆油,Y,DCE,油脂,2011-03-04,10398.0,10462.0,10350.0,10438.0,424172,320622,10410.0
豆油,Y,DCE,油脂,2011-03-07,10424.0,10478.0,10382.0,10426.0,371180,324138,10426.0
豆油,Y,DCE,油脂,2011-03-08,10338.0,10376.0,10204.0,10252.0,398360,323598,10290.0
豆油,Y,DCE,油脂,2011-03-09,10262.0,10296.0,10166.0,10180.0,459796,306420,10224.0
豆油,Y,DCE,油脂,2011-03-10,10050.0,10124.0,9996.0,10048.0,387870,315624,10070.0
豆油,Y,DCE,油脂,2011-03-11,10068.0,10114.0,9990.0,10006.0,411066,324420,10046.0
豆油,Y,DCE,油脂,2011-03-14,9988.0,9996.0,9836.0,9880.0,459172,337816,9910.0
豆油,Y,DCE,油脂,2011-03-15,9898.0,9960.0,9850.0,9940.0,408572,342318,9912.0
豆油,Y,DCE,油脂,2011-03-16,9700.0,9812.0,9620.0,9806.0,473304,339642,9730.0
豆油,Y,DCE,油脂,2011-03-17,9750.0,9890.0,9736.0,9872.0,414130,343934,9818.0
豆油,Y,DCE,油脂,2011-03-18,9970.0,10016.0,9936.0,9982.0,350542,343058,9978.0
豆油,Y,DCE,油脂,2011-03-21,10032.0,10128.0,10030.0,10074.0,417536,336128,10076.0
豆油,Y,DCE,油脂,2011-03-22,10000.0,10074.0,10000.0,10028.0,285952,340512,10048.0
豆油,Y,DCE,油脂,2011-03-23,10048.0,10168.0,10046.0,10152.0,305998,342692,10116.0
豆油,Y,DCE,油脂,2011-03-24,10122.0,10140.0,9952.0,9966.0,461472,356390,10038.0
豆油,Y,DCE,油脂,2011-03-25,10040.0,10120.0,10038.0,10094.0,332342,338234,10080.0
豆油,Y,DCE,油脂,2011-03-28,10120.0,10168.0,9982.0,10066.0,475998,322900,10092.0
豆油,Y,DCE,油脂,2011-03-29,10010.0,10054.0,9952.0,10042.0,410208,319778,10008.0
豆油,Y,DCE,油脂,2011-03-30,10086.0,10148.0,10064.0,10100.0,329044,299766,10106.0
豆油,Y,DCE,油脂,2011-03-31,10140.0,10146.0,10052.0,10124.0,254212,296212,10104.0
豆油,Y,DCE,油脂,2011-04-01,10228.0,10270.0,10194.0,10210.0,287354,294280,10232.0
豆油,Y,DCE,油脂,2011-04-06,10188.0,10338.0,10188.0,10330.0,302102,320846,10286.0
豆油,Y,DCE,油脂,2011-04-07,10284.0,10336.0,10274.0,10288.0,201230,319118,10298.0
豆油,Y,DCE,油脂,2011-04-08,10500.0,10608.0,10450.0,10606.0,356834,349474,10540.0
豆油,Y,DCE,油脂,2011-04-11,10682.0,10752.0,10650.0,10680.0,393260,388490,10706.0
豆油,Y,DCE,油脂,2011-04-12,10562.0,10574.0,10468.0,10476.0,390400,371852,10510.0
豆油,Y,DCE,油脂,2011-04-13,10378.0,10412.0,10324.0,10408.0,348700,368084,10362.0
豆油,Y,DCE,油脂,2011-04-14,10360.0,10386.0,10250.0,10252.0,348842,369118,10336.0
豆油,Y,DCE,油脂,2011-04-15,10300.0,10328.0,10204.0,10204.0,346256,375146,10270.0
豆油,Y,DCE,油脂,2011-04-18,10148.0,10262.0,10132.0,10244.0,306234,380136,10214.0
豆油,Y,DCE,油脂,2011-04-19,10280.0,10318.0,10172.0,10188.0,445458,387514,10234.0
豆油,Y,DCE,油脂,2011-04-20,10260.0,10378.0,10246.0,10370.0,386140,401576,10322.0
豆油,Y,DCE,油脂,2011-04-21,10390.0,10390.0,10318.0,10340.0,358768,391096,10348.0
豆油,Y,DCE,油脂,2011-04-22,10402.0,10440.0,10352.0,10440.0,459610,396962,10406.0
豆油,Y,DCE,油脂,2011-04-25,10478.0,10478.0,10416.0,10440.0,426516,404860,10442.0
豆油,Y,DCE,油脂,2011-04-26,10350.0,10364.0,10256.0,10256.0,396880,391376,10298.0
豆油,Y,DCE,油脂,2011-04-27,10308.0,10324.0,10206.0,10222.0,451956,396560,10270.0
豆油,Y,DCE,油脂,2011-04-28,10260.0,10356.0,10256.0,10356.0,453404,385992,10308.0
豆油,Y,DCE,油脂,2011-04-29,10200.0,10218.0,10082.0,10092.0,539632,400746,10128.0
豆油,Y,DCE,油脂,2011-05-03,10198.0,10224.0,10170.0,10214.0,325342,403912,10204.0
豆油,Y,DCE,油脂,2011-05-04,10160.0,10168.0,10082.0,10124.0,345122,409038,10118.0
豆油,Y,DCE,油脂,2011-05-05,10060.0,10134.0,9998.0,10106.0,513958,413634,10084.0
豆油,Y,DCE,油脂,2011-05-06,9900.0,9958.0,9844.0,9858.0,668980,440726,9906.0
豆油,Y,DCE,油脂,2011-05-09,9914.0,9944.0,9888.0,9924.0,320810,429354,9918.0
豆油,Y,DCE,油脂,2011-05-10,9950.0,10020.0,9906.0,10006.0,461442,414558,9962.0
豆油,Y,DCE,油脂,2011-05-11,10036.0,10056.0,9982.0,9996.0,359074,426900,10014.0
豆油,Y,DCE,油脂,2011-05-12,9954.0,10044.0,9902.0,9912.0,810390,478834,9986.0
豆油,Y,DCE,油脂,2011-05-13,9980.0,10074.0,9960.0,10056.0,529948,454574,10006.0
豆油,Y,DCE,油脂,2011-05-16,10000.0,10018.0,9946.0,9960.0,470582,453148,9980.0
豆油,Y,DCE,油脂,2011-05-17,9936.0,9962.0,9832.0,9930.0,683130,459792,9892.0
豆油,Y,DCE,油脂,2011-05-18,9976.0,10026.0,9962.0,9986.0,418360,455314,10001.0
豆油,Y,DCE,油脂,2011-05-19,10100.0,10118.0,10060.0,10072.0,332750,454690,10086.0
豆油,Y,DCE,油脂,2011-05-20,10098.0,10158.0,10080.0,10154.0,400210,468920,10112.0
豆油,Y,DCE,油脂,2011-05-23,10190.0,10198.0,10118.0,10124.0,419168,468094,10160.0
豆油,Y,DCE,油脂,2011-05-24,10156.0,10230.0,10126.0,10222.0,396512,483508,10164.0
豆油,Y,DCE,油脂,2011-05-25,10200.0,10212.0,10150.0,10178.0,323230,467396,10178.0
豆油,Y,DCE,油脂,2011-05-26,10250.0,10296.0,10234.0,10296.0,350538,479302,10264.0
豆油,Y,DCE,油脂,2011-05-27,10316.0,10320.0,10270.0,10314.0,337344,468220,10292.0
豆油,Y,DCE,油脂,2011-05-30,10292.0,10398.0,10284.0,10348.0,431036,478900,10354.0
豆油,Y,DCE,油脂,2011-05-31,10352.0,10374.0,10302.0,10332.0,389700,474608,10330.0
豆油,Y,DCE,油脂,2011-06-01,10350.0,10366.0,10290.0,10304.0,344848,476086,10316.0
豆油,Y,DCE,油脂,2011-06-02,10296.0,10366.0,10274.0,10362.0,439212,503230,10310.0
豆油,Y,DCE,油脂,2011-06-03,10398.0,10534.0,10390.0,10528.0,565682,562788,10452.0
豆油,Y,DCE,油脂,2011-06-07,10400.0,10440.0,10374.0,10438.0,469458,544660,10406.0
豆油,Y,DCE,油脂,2011-06-08,10438.0,10456.0,10346.0,10368.0,499870,528602,10402.0
豆油,Y,DCE,油脂,2011-06-09,10400.0,10430.0,10360.0,10364.0,392332,522060,10398.0
豆油,Y,DCE,油脂,2011-06-10,10350.0,10358.0,10264.0,10286.0,408898,516342,10316.0
豆油,Y,DCE,油脂,2011-06-13,10258.0,10298.0,10248.0,10282.0,276128,509420,10280.0
豆油,Y,DCE,油脂,2011-06-14,10288.0,10328.0,10266.0,10314.0,297464,513868,10300.0
豆油,Y,DCE,油脂,2011-06-15,10308.0,10366.0,10272.0,10344.0,366162,540886,10318.0
豆油,Y,DCE,油脂,2011-06-16,10306.0,10316.0,10204.0,10218.0,383228,526704,10262.0
豆油,Y,DCE,油脂,2011-06-17,10200.0,10226.0,10136.0,10168.0,359266,515330,10182.0
豆油,Y,DCE,油脂,2011-06-20,10152.0,10198.0,10124.0,10158.0,335590,524312,10168.0
豆油,Y,DCE,油脂,2011-06-21,10198.0,10248.0,10180.0,10232.0,335736,521958,10208.0
豆油,Y,DCE,油脂,2011-06-22,10246.0,10252.0,10186.0,10196.0,272672,510380,10222.0
豆油,Y,DCE,油脂,2011-06-23,10142.0,10164.0,10082.0,10158.0,335422,490934,10126.0
豆油,Y,DCE,油脂,2011-06-24,10084.0,10150.0,10072.0,10112.0,334808,506048,10118.0
豆油,Y,DCE,油脂,2011-06-27,10070.0,10070.0,9880.0,9886.0,499930,469684,9962.0
豆油,Y,DCE,油脂,2011-06-28,9950.0,9974.0,9896.0,9908.0,335694,458140,9938.0
豆油,Y,DCE,油脂,2011-06-29,9980.0,9998.0,9956.0,9966.0,246686,451986,9976.0
豆油,Y,DCE,油脂,2011-06-30,9980.0,10046.0,9972.0,10046.0,228846,443612,10016.0
豆油,Y,DCE,油脂,2011-07-01,9934.0,9956.0,9882.0,9952.0,336180,462134,9930.0
豆油,Y,DCE,油脂,2011-07-04,9980.0,10078.0,9968.0,10058.0,366048,489710,10032.0
豆油,Y,DCE,油脂,2011-07-05,10060.0,10094.0,10024.0,10030.0,315304,490486,10050.0
豆油,Y,DCE,油脂,2011-07-06,10020.0,10068.0,10002.0,10038.0,285706,486004,10034.0
豆油,Y,DCE,油脂,2011-07-07,10030.0,10118.0,10030.0,10114.0,298364,480734,10068.0
豆油,Y,DCE,油脂,2011-07-08,10200.0,10234.0,10190.0,10216.0,294920,450454,10208.0
豆油,Y,DCE,油脂,2011-07-11,10162.0,10248.0,10156.0,10206.0,287408,441890,10218.0
豆油,Y,DCE,油脂,2011-07-12,10198.0,10234.0,10094.0,10160.0,372302,476674,10158.0
豆油,Y,DCE,油脂,2011-07-13,10240.0,10318.0,10220.0,10302.0,395800,521772,10274.0
豆油,Y,DCE,油脂,2011-07-14,10378.0,10384.0,10308.0,10360.0,424244,576800,10346.0
豆油,Y,DCE,油脂,2011-07-15,10302.0,10362.0,10280.0,10346.0,358488,589434,10328.0
豆油,Y,DCE,油脂,2011-07-18,10378.0,10380.0,10258.0,10270.0,382198,604722,10330.0
豆油,Y,DCE,油脂,2011-07-19,10308.0,10334.0,10264.0,10330.0,344146,614782,10292.0
豆油,Y,DCE,油脂,2011-07-20,10310.0,10408.0,10262.0,10360.0,667520,660708,10348.0
豆油,Y,DCE,油脂,2011-07-21,10330.0,10406.0,10324.0,10362.0,590862,696330,10363.0
豆油,Y,DCE,油脂,2011-07-22,10342.0,10378.0,10336.0,10366.0,287156,707986,10359.0
豆油,Y,DCE,油脂,2011-07-25,10320.0,10326.0,10192.0,10194.0,433356,682982,10252.0
豆油,Y,DCE,油脂,2011-07-26,10208.0,10274.0,10202.0,10268.0,256692,677710,10240.0
豆油,Y,DCE,油脂,2011-07-27,10308.0,10342.0,10294.0,10308.0,308784,678850,10314.0
豆油,Y,DCE,油脂,2011-07-28,10288.0,10288.0,10222.0,10242.0,296280,676162,10258.0
豆油,Y,DCE,油脂,2011-07-29,10198.0,10324.0,10168.0,10208.0,654314,691104,10258.0
豆油,Y,DCE,油脂,2011-08-01,10254.0,10350.0,10250.0,10340.0,439078,745398,10290.0
豆油,Y,DCE,油脂,2011-08-02,10310.0,10398.0,10310.0,10330.0,508362,758578,10354.0
豆油,Y,DCE,油脂,2011-08-03,10398.0,10404.0,10354.0,10364.0,356806,748646,10378.0
豆油,Y,DCE,油脂,2011-08-04,10328.0,10344.0,10250.0,10280.0,349878,728226,10292.0
豆油,Y,DCE,油脂,2011-08-05,10060.0,10100.0,9926.0,10020.0,677916,668032,10024.0
豆油,Y,DCE,油脂,2011-08-08,9970.0,10064.0,9950.0,10010.0,481166,684176,10016.0
豆油,Y,DCE,油脂,2011-08-09,9790.0,9870.0,9626.0,9830.0,658888,652824,9760.0
豆油,Y,DCE,油脂,2011-08-10,9894.0,9942.0,9864.0,9900.0,400320,650896,9906.0
豆油,Y,DCE,油脂,2011-08-11,9834.0,9972.0,9834.0,9970.0,556524,717056,9916.0
豆油,Y,DCE,油脂,2011-08-12,10052.0,10076.0,9960.0,9970.0,367790,703128,10025.0
豆油,Y,DCE,油脂,2011-08-15,10052.0,10080.0,10032.0,10052.0,329980,700062,10058.0
豆油,Y,DCE,油脂,2011-08-16,10084.0,10090.0,9982.0,9990.0,401990,690972,10034.0
豆油,Y,DCE,油脂,2011-08-17,10028.0,10086.0,10020.0,10062.0,365928,680154,10054.0
豆油,Y,DCE,油脂,2011-08-18,10110.0,10116.0,10046.0,10062.0,251154,655252,10074.0
豆油,Y,DCE,油脂,2011-08-19,10012.0,10030.0,9966.0,10020.0,322056,649738,10004.0
豆油,Y,DCE,油脂,2011-08-22,10078.0,10100.0,10026.0,10038.0,279622,633926,10068.0
豆油,Y,DCE,油脂,2011-08-23,10092.0,10178.0,10072.0,10176.0,450196,662358,10128.0
豆油,Y,DCE,油脂,2011-08-24,10164.0,10202.0,10134.0,10164.0,401210,654904,10168.0
豆油,Y,DCE,油脂,2011-08-25,10162.0,10182.0,10116.0,10130.0,262732,646756,10138.0
豆油,Y,DCE,油脂,2011-08-26,10138.0,10170.0,10088.0,10120.0,355228,645072,10126.0
豆油,Y,DCE,油脂,2011-08-29,10290.0,10348.0,10254.0,10336.0,491160,664456,10290.0
豆油,Y,DCE,油脂,2011-08-30,10382.0,10426.0,10350.0,10376.0,506456,656322,10382.0
豆油,Y,DCE,油脂,2011-08-31,10400.0,10512.0,10390.0,10458.0,846360,706824,10468.0
豆油,Y,DCE,油脂,2011-09-01,10460.0,10476.0,10416.0,10436.0,394462,687382,10448.0
豆油,Y,DCE,油脂,2011-09-02,10400.0,10488.0,10396.0,10486.0,681444,751224,10454.0
豆油,Y,DCE,油脂,2011-09-05,10460.0,10566.0,10390.0,10424.0,889252,744254,10488.0
豆油,Y,DCE,油脂,2011-09-06,10400.0,10430.0,10296.0,10380.0,659984,738648,10358.0
豆油,Y,DCE,油脂,2011-09-07,10400.0,10494.0,10384.0,10490.0,590186,808682,10434.0
豆油,Y,DCE,油脂,2011-09-08,10478.0,10506.0,10416.0,10470.0,582368,799036,10460.0
豆油,Y,DCE,油脂,2011-09-09,10460.0,10502.0,10442.0,10496.0,508286,812160,10474.0
豆油,Y,DCE,油脂,2011-09-13,10392.0,10402.0,10312.0,10324.0,473560,770092,10348.0
豆油,Y,DCE,油脂,2011-09-14,10350.0,10358.0,10192.0,10228.0,567028,740808,10270.0
豆油,Y,DCE,油脂,2011-09-15,10258.0,10268.0,10198.0,10228.0,380392,724434,10242.0
豆油,Y,DCE,油脂,2011-09-16,10154.0,10206.0,10138.0,10188.0,407236,748032,10176.0
豆油,Y,DCE,油脂,2011-09-19,10116.0,10146.0,10044.0,10048.0,400036,696176,10092.0
豆油,Y,DCE,油脂,2011-09-20,10070.0,10138.0,10056.0,10120.0,373796,697548,10106.0
豆油,Y,DCE,油脂,2011-09-21,10086.0,10124.0,10020.0,10096.0,414264,690506,10080.0
豆油,Y,DCE,油脂,2011-09-22,9920.0,9976.0,9864.0,9904.0,453162,652542,9928.0
豆油,Y,DCE,油脂,2011-09-23,9768.0,9818.0,9432.0,9568.0,824552,631748,9642.0
豆油,Y,DCE,油脂,2011-09-26,9544.0,9592.0,9170.0,9224.0,776378,583328,9406.0
豆油,Y,DCE,油脂,2011-09-27,9448.0,9494.0,9380.0,9470.0,448610,568958,9454.0
豆油,Y,DCE,油脂,2011-09-28,9400.0,9422.0,9290.0,9340.0,475586,551776,9358.0
豆油,Y,DCE,油脂,2011-09-29,9002.0,9184.0,8970.0,9158.0,429572,502344,9100.0
豆油,Y,DCE,油脂,2011-09-30,9220.0,9402.0,9200.0,9390.0,347876,508338,9316.0
豆油,Y,DCE,油脂,2011-10-10,9150.0,9206.0,9110.0,9130.0,489144,536920,9160.0
豆油,Y,DCE,油脂,2011-10-11,9180.0,9238.0,9090.0,9094.0,443120,570754,9172.0
豆油,Y,DCE,油脂,2011-10-12,9240.0,9326.0,9182.0,9296.0,592274,542570,9266.0
豆油,Y,DCE,油脂,2011-10-13,9256.0,9326.0,9256.0,9318.0,390740,542736,9298.0
豆油,Y,DCE,油脂,2011-10-14,9370.0,9396.0,9344.0,9378.0,319224,527064,9364.0
豆油,Y,DCE,油脂,2011-10-17,9450.0,9460.0,9398.0,9402.0,347972,529242,9422.0
豆油,Y,DCE,油脂,2011-10-18,9356.0,9356.0,9200.0,9216.0,333748,533118,9268.0
豆油,Y,DCE,油脂,2011-10-19,9278.0,9316.0,9222.0,9254.0,362330,521096,9276.0
豆油,Y,DCE,油脂,2011-10-20,9096.0,9096.0,8962.0,9066.0,668814,534814,9030.0
豆油,Y,DCE,油脂,2011-10-21,9126.0,9192.0,9116.0,9188.0,360740,514850,9152.0
豆油,Y,DCE,油脂,2011-10-24,9182.0,9378.0,9126.0,9292.0,664012,521950,9242.0
豆油,Y,DCE,油脂,2011-10-25,9300.0,9382.0,9268.0,9316.0,546740,520678,9318.0
豆油,Y,DCE,油脂,2011-10-26,9230.0,9308.0,9218.0,9290.0,393298,503376,9260.0
豆油,Y,DCE,油脂,2011-10-27,9254.0,9414.0,9240.0,9404.0,673996,564640,9350.0
豆油,Y,DCE,油脂,2011-10-28,9480.0,9498.0,9328.0,9336.0,488004,533374,9398.0
豆油,Y,DCE,油脂,2011-10-31,9332.0,9340.0,9172.0,9196.0,430532,505694,9240.0
豆油,Y,DCE,油脂,2011-11-01,9220.0,9264.0,9166.0,9172.0,400528,497184,9216.0
豆油,Y,DCE,油脂,2011-11-02,9136.0,9274.0,9100.0,9266.0,454056,469560,9164.0
豆油,Y,DCE,油脂,2011-11-03,9180.0,9222.0,9150.0,9152.0,326220,473224,9184.0
豆油,Y,DCE,油脂,2011-11-04,9274.0,9316.0,9248.0,9280.0,352060,444748,9278.0
豆油,Y,DCE,油脂,2011-11-07,9270.0,9278.0,9164.0,9188.0,258342,435902,9194.0
豆油,Y,DCE,油脂,2011-11-08,9172.0,9198.0,9110.0,9156.0,323556,445538,9158.0
豆油,Y,DCE,油脂,2011-11-09,9200.0,9242.0,9158.0,9166.0,304584,436444,9200.0
豆油,Y,DCE,油脂,2011-11-10,9050.0,9066.0,8940.0,9030.0,494122,434806,9014.0
豆油,Y,DCE,油脂,2011-11-11,9056.0,9134.0,9026.0,9102.0,309656,435332,9072.0
豆油,Y,DCE,油脂,2011-11-14,9170.0,9242.0,9156.0,9210.0,304124,433344,9202.0
豆油,Y,DCE,油脂,2011-11-15,9172.0,9238.0,9148.0,9218.0,274312,431470,9202.0
豆油,Y,DCE,油脂,2011-11-16,9312.0,9312.0,9166.0,9188.0,294286,420684,9228.0
豆油,Y,DCE,油脂,2011-11-17,9210.0,9282.0,9156.0,9256.0,282482,422584,9230.0
豆油,Y,DCE,油脂,2011-11-18,9118.0,9148.0,9066.0,9140.0,219292,407104,9126.0
豆油,Y,DCE,油脂,2011-11-21,9098.0,9124.0,9060.0,9098.0,174222,408134,9100.0
豆油,Y,DCE,油脂,2011-11-22,9060.0,9060.0,8956.0,8964.0,349198,436700,9014.0
豆油,Y,DCE,油脂,2011-11-23,9018.0,9024.0,8852.0,8876.0,451490,450982,8938.0
豆油,Y,DCE,油脂,2011-11-24,8822.0,8846.0,8618.0,8676.0,616770,454264,8710.0
豆油,Y,DCE,油脂,2011-11-25,8652.0,8708.0,8580.0,8606.0,580550,453352,8646.0
豆油,Y,DCE,油脂,2011-11-28,8662.0,8708.0,8628.0,8672.0,408784,430198,8674.0
豆油,Y,DCE,油脂,2011-11-29,8692.0,8718.0,8632.0,8702.0,344326,418020,8674.0
豆油,Y,DCE,油脂,2011-11-30,8734.0,8736.0,8588.0,8598.0,386870,410512,8660.0
豆油,Y,DCE,油脂,2011-12-01,8778.0,8872.0,8756.0,8834.0,452480,354480,8810.0
豆油,Y,DCE,油脂,2011-12-05,8852.0,8890.0,8836.0,8860.0,195946,347554,8866.0
豆油,Y,DCE,油脂,2011-12-06,8840.0,8840.0,8782.0,8822.0,150476,342346,8810.0
豆油,Y,DCE,油脂,2011-12-07,8840.0,8860.0,8798.0,8848.0,126576,342442,8834.0
豆油,Y,DCE,油脂,2011-12-08,8904.0,8908.0,8782.0,8840.0,289948,315806,8826.0
豆油,Y,DCE,油脂,2011-12-09,8836.0,8886.0,8808.0,8834.0,200008,314340,8850.0
豆油,Y,DCE,油脂,2011-12-12,8780.0,8796.0,8712.0,8720.0,277202,342444,8752.0
豆油,Y,DCE,油脂,2011-12-13,8726.0,8774.0,8722.0,8732.0,263174,344556,8748.0
豆油,Y,DCE,油脂,2011-12-14,8730.0,8760.0,8714.0,8744.0,239138,340392,8742.0
豆油,Y,DCE,油脂,2011-12-15,8626.0,8742.0,8626.0,8718.0,365562,357674,8688.0
豆油,Y,DCE,油脂,2011-12-16,8760.0,8798.0,8732.0,8790.0,252914,355742,8764.0
豆油,Y,DCE,油脂,2011-12-19,8850.0,8866.0,8794.0,8852.0,383438,365692,8838.0
豆油,Y,DCE,油脂,2011-12-20,8848.0,8852.0,8802.0,8812.0,258128,371776,8826.0
豆油,Y,DCE,油脂,2011-12-21,8854.0,8864.0,8818.0,8826.0,191108,374036,8840.0
豆油,Y,DCE,油脂,2011-12-22,8848.0,8896.0,8834.0,8876.0,310006,387980,8868.0
豆油,Y,DCE,油脂,2011-12-23,8900.0,8948.0,8892.0,8930.0,255240,385634,8928.0
豆油,Y,DCE,油脂,2011-12-26,8966.0,8982.0,8906.0,8916.0,197434,384684,8938.0
豆油,Y,DCE,油脂,2011-12-27,8912.0,8926.0,8852.0,8874.0,237318,395664,8890.0
豆油,Y,DCE,油脂,2011-12-28,8940.0,8996.0,8928.0,8978.0,278992,392214,8966.0
豆油,Y,DCE,油脂,2011-12-29,8938.0,8978.0,8938.0,8968.0,173922,385592,8962.0
豆油,Y,DCE,油脂,2011-12-30,8960.0,8998.0,8954.0,8994.0,175160,381116,8978.0
豆油,Y,DCE,油脂,2012-01-04,9088.0,9128.0,9058.0,9084.0,200670,369898,9096.0
豆油,Y,DCE,油脂,2012-01-05,9110.0,9174.0,9052.0,9108.0,292632,393176,9112.0
豆油,Y,DCE,油脂,2012-01-06,9008.0,9082.0,9008.0,9080.0,220654,398374,9050.0
豆油,Y,DCE,油脂,2012-01-09,9016.0,9074.0,9016.0,9048.0,253290,395068,9048.0
豆油,Y,DCE,油脂,2012-01-10,9146.0,9154.0,9100.0,9106.0,228784,393866,9124.0
豆油,Y,DCE,油脂,2012-01-11,9110.0,9142.0,9084.0,9122.0,219284,403656,9114.0
豆油,Y,DCE,油脂,2012-01-12,9072.0,9092.0,9058.0,9082.0,164286,412498,9074.0
豆油,Y,DCE,油脂,2012-01-13,9022.0,9050.0,8988.0,9004.0,226790,420438,9022.0
豆油,Y,DCE,油脂,2012-01-16,8908.0,8926.0,8852.0,8886.0,192304,418764,8886.0
豆油,Y,DCE,油脂,2012-01-17,8932.0,8960.0,8882.0,8954.0,259170,427450,8926.0
豆油,Y,DCE,油脂,2012-01-18,8948.0,8972.0,8902.0,8904.0,220490,429108,8938.0
豆油,Y,DCE,油脂,2012-01-19,8932.0,8970.0,8910.0,8964.0,189722,410326,8938.0
豆油,Y,DCE,油脂,2012-01-20,8982.0,9068.0,8968.0,9054.0,205154,406038,9026.0
豆油,Y,DCE,油脂,2012-01-30,9066.0,9094.0,9046.0,9048.0,147940,391552,9068.0
豆油,Y,DCE,油脂,2012-01-31,8980.0,9008.0,8978.0,9002.0,173986,410326,8990.0
豆油,Y,DCE,油脂,2012-02-01,9018.0,9068.0,9012.0,9032.0,249302,420532,9044.0
豆油,Y,DCE,油脂,2012-02-02,9044.0,9120.0,9040.0,9094.0,338370,446842,9084.0
豆油,Y,DCE,油脂,2012-02-03,9104.0,9134.0,9088.0,9104.0,229776,446588,9112.0
豆油,Y,DCE,油脂,2012-02-06,9162.0,9234.0,9154.0,9212.0,265814,466598,9200.0
豆油,Y,DCE,油脂,2012-02-07,9222.0,9252.0,9158.0,9182.0,300156,454560,9200.0
豆油,Y,DCE,油脂,2012-02-08,9202.0,9304.0,9188.0,9302.0,391108,502040,9240.0
豆油,Y,DCE,油脂,2012-02-09,9278.0,9314.0,9252.0,9284.0,351004,497150,9280.0
豆油,Y,DCE,油脂,2012-02-10,9266.0,9266.0,9202.0,9222.0,247782,496862,9228.0
豆油,Y,DCE,油脂,2012-02-13,9266.0,9348.0,9254.0,9332.0,429844,538400,9298.0
豆油,Y,DCE,油脂,2012-02-14,9356.0,9376.0,9302.0,9308.0,338178,516174,9336.0
豆油,Y,DCE,油脂,2012-02-15,9338.0,9354.0,9306.0,9308.0,237996,507298,9326.0
豆油,Y,DCE,油脂,2012-02-16,9320.0,9330.0,9200.0,9254.0,371240,488608,9256.0
豆油,Y,DCE,油脂,2012-02-17,9280.0,9366.0,9276.0,9356.0,341178,491018,9336.0
豆油,Y,DCE,油脂,2012-02-20,9408.0,9446.0,9364.0,9376.0,346728,473372,9402.0
豆油,Y,DCE,油脂,2012-02-21,9394.0,9416.0,9336.0,9402.0,338276,484392,9380.0
豆油,Y,DCE,油脂,2012-02-22,9412.0,9432.0,9382.0,9390.0,308574,479490,9402.0
豆油,Y,DCE,油脂,2012-02-23,9396.0,9404.0,9342.0,9404.0,277572,476650,9364.0
豆油,Y,DCE,油脂,2012-02-24,9400.0,9412.0,9352.0,9362.0,302636,457208,9378.0
豆油,Y,DCE,油脂,2012-02-27,9382.0,9436.0,9376.0,9416.0,262816,461930,9414.0
豆油,Y,DCE,油脂,2012-02-28,9436.0,9472.0,9436.0,9470.0,219996,477636,9456.0
豆油,Y,DCE,油脂,2012-02-29,9460.0,9464.0,9424.0,9444.0,200208,457942,9438.0
豆油,Y,DCE,油脂,2012-03-01,9382.0,9430.0,9332.0,9334.0,309594,464740,9390.0
豆油,Y,DCE,油脂,2012-03-02,9372.0,9400.0,9370.0,9388.0,209032,448320,9384.0
豆油,Y,DCE,油脂,2012-03-05,9414.0,9434.0,9364.0,9400.0,267220,433782,9398.0
豆油,Y,DCE,油脂,2012-03-06,9380.0,9384.0,9344.0,9354.0,194144,423846,9360.0
豆油,Y,DCE,油脂,2012-03-07,9320.0,9340.0,9292.0,9310.0,212580,421290,9316.0
豆油,Y,DCE,油脂,2012-03-08,9302.0,9372.0,9302.0,9362.0,318060,436028,9346.0
豆油,Y,DCE,油脂,2012-03-09,9396.0,9584.0,9382.0,9578.0,707920,501330,9506.0
豆油,Y,DCE,油脂,2012-03-12,9546.0,9562.0,9496.0,9526.0,385160,470936,9530.0
豆油,Y,DCE,油脂,2012-03-13,9500.0,9596.0,9498.0,9588.0,394104,516622,9558.0
豆油,Y,DCE,油脂,2012-03-14,9638.0,9718.0,9586.0,9610.0,698152,539924,9646.0
豆油,Y,DCE,油脂,2012-03-15,9636.0,9686.0,9600.0,9638.0,611446,565350,9648.0
豆油,Y,DCE,油脂,2012-03-16,9698.0,9724.0,9620.0,9642.0,498156,533884,9674.0
豆油,Y,DCE,油脂,2012-03-19,9680.0,9720.0,9648.0,9678.0,455144,549140,9686.0
豆油,Y,DCE,油脂,2012-03-20,9676.0,9676.0,9554.0,9560.0,493238,529372,9604.0
豆油,Y,DCE,油脂,2012-03-21,9528.0,9572.0,9520.0,9554.0,356866,531350,9548.0
豆油,Y,DCE,油脂,2012-03-22,9560.0,9600.0,9526.0,9532.0,492852,509820,9566.0
豆油,Y,DCE,油脂,2012-03-23,9552.0,9654.0,9552.0,9654.0,511610,544282,9596.0
豆油,Y,DCE,油脂,2012-03-26,9682.0,9742.0,9666.0,9736.0,458326,553466,9720.0
豆油,Y,DCE,油脂,2012-03-27,9750.0,9752.0,9708.0,9728.0,334664,538194,9724.0
豆油,Y,DCE,油脂,2012-03-28,9690.0,9764.0,9670.0,9704.0,548866,543540,9720.0
豆油,Y,DCE,油脂,2012-03-29,9690.0,9722.0,9606.0,9642.0,589840,516480,9662.0
豆油,Y,DCE,油脂,2012-03-30,9600.0,9612.0,9558.0,9562.0,374728,496794,9584.0
豆油,Y,DCE,油脂,2012-04-05,9804.0,9892.0,9778.0,9880.0,491276,503450,9824.0
豆油,Y,DCE,油脂,2012-04-06,9926.0,9998.0,9898.0,9996.0,607886,522196,9948.0
豆油,Y,DCE,油脂,2012-04-09,10020.0,10050.0,9978.0,9996.0,572568,531364,10012.0
豆油,Y,DCE,油脂,2012-04-10,10000.0,10080.0,9976.0,10068.0,502924,547550,10016.0
豆油,Y,DCE,油脂,2012-04-11,9978.0,9984.0,9894.0,9912.0,473708,507702,9926.0
豆油,Y,DCE,油脂,2012-04-12,9910.0,9962.0,9888.0,9950.0,430556,519408,9928.0
豆油,Y,DCE,油脂,2012-04-13,10030.0,10046.0,9984.0,9994.0,495936,517848,10012.0
豆油,Y,DCE,油脂,2012-04-16,9850.0,9898.0,9830.0,9872.0,447870,506294,9868.0
豆油,Y,DCE,油脂,2012-04-17,9858.0,9898.0,9852.0,9886.0,363416,514426,9878.0
豆油,Y,DCE,油脂,2012-04-18,9916.0,9960.0,9800.0,9880.0,804196,488978,9884.0
豆油,Y,DCE,油脂,2012-04-19,9848.0,9888.0,9834.0,9886.0,367010,482112,9858.0
豆油,Y,DCE,油脂,2012-04-20,9880.0,9914.0,9838.0,9876.0,426104,482356,9874.0
豆油,Y,DCE,油脂,2012-04-23,9980.0,10010.0,9952.0,9958.0,409182,478086,9976.0
豆油,Y,DCE,油脂,2012-04-24,9940.0,9958.0,9872.0,9896.0,466298,481812,9916.0
豆油,Y,DCE,油脂,2012-04-25,9964.0,9978.0,9918.0,9926.0,433264,471066,0.0
豆油,Y,DCE,油脂,2012-04-26,9904.0,9958.0,9904.0,9930.0,421608,464346,0.0
豆油,Y,DCE,油脂,2012-04-27,9948.0,9968.0,9928.0,9948.0,288440,434938,9946.0
豆油,Y,DCE,油脂,2012-05-02,9916.0,9952.0,9852.0,9864.0,433236,476718,9886.0
豆油,Y,DCE,油脂,2012-05-03,9830.0,9848.0,9750.0,9758.0,432424,492240,9802.0
豆油,Y,DCE,油脂,2012-05-04,9730.0,9778.0,9724.0,9770.0,342144,486232,9760.0
豆油,Y,DCE,油脂,2012-05-07,9688.0,9704.0,9636.0,9666.0,374212,469600,9664.0
豆油,Y,DCE,油脂,2012-05-08,9688.0,9738.0,9676.0,9710.0,347326,457816,9714.0
豆油,Y,DCE,油脂,2012-05-09,9650.0,9696.0,9638.0,9688.0,380638,446616,9666.0
豆油,Y,DCE,油脂,2012-05-10,9680.0,9764.0,9662.0,9752.0,468710,462532,9712.0
豆油,Y,DCE,油脂,2012-05-11,9758.0,9760.0,9558.0,9566.0,546946,425474,9644.0
豆油,Y,DCE,油脂,2012-05-14,9550.0,9556.0,9354.0,9390.0,613196,395764,9434.0
豆油,Y,DCE,油脂,2012-05-15,9348.0,9374.0,9282.0,9362.0,378936,377450,9334.0
豆油,Y,DCE,油脂,2012-05-16,9360.0,9402.0,9212.0,9230.0,411780,365238,9316.0
豆油,Y,DCE,油脂,2012-05-17,9332.0,9350.0,9246.0,9314.0,399706,362514,9302.0
豆油,Y,DCE,油脂,2012-05-18,9290.0,9290.0,9166.0,9188.0,491984,372792,9220.0
豆油,Y,DCE,油脂,2012-05-21,9250.0,9324.0,9216.0,9288.0,354994,361260,9274.0
豆油,Y,DCE,油脂,2012-05-22,9284.0,9330.0,9274.0,9296.0,333366,357876,9304.0
豆油,Y,DCE,油脂,2012-05-23,9200.0,9200.0,9086.0,9110.0,396108,339402,9140.0
豆油,Y,DCE,油脂,2012-05-24,9052.0,9136.0,9030.0,9128.0,375354,316368,9090.0
豆油,Y,DCE,油脂,2012-05-25,9228.0,9230.0,9164.0,9222.0,236556,283082,9206.0
豆油,Y,DCE,油脂,2012-05-28,9270.0,9350.0,9260.0,9338.0,254868,286428,9308.0
豆油,Y,DCE,油脂,2012-05-29,9310.0,9382.0,9286.0,9366.0,331260,304134,9336.0
豆油,Y,DCE,油脂,2012-05-30,9328.0,9350.0,9288.0,9300.0,339302,311368,9320.0
豆油,Y,DCE,油脂,2012-05-31,9242.0,9292.0,9226.0,9240.0,245774,307558,9260.0
豆油,Y,DCE,油脂,2012-06-01,9228.0,9228.0,9140.0,9156.0,382544,311784,9182.0
豆油,Y,DCE,油脂,2012-06-04,9100.0,9138.0,8932.0,8974.0,534682,317520,9014.0
豆油,Y,DCE,油脂,2012-06-05,9030.0,9092.0,9008.0,9052.0,353236,314818,9048.0
豆油,Y,DCE,油脂,2012-06-06,9064.0,9174.0,9062.0,9124.0,464016,325684,9136.0
豆油,Y,DCE,油脂,2012-06-07,9182.0,9248.0,9148.0,9178.0,345316,325528,9202.0
豆油,Y,DCE,油脂,2012-06-08,9246.0,9248.0,9148.0,9202.0,543068,338276,9198.0
豆油,Y,DCE,油脂,2012-06-11,9242.0,9364.0,9238.0,9362.0,494598,354898,9328.0
豆油,Y,DCE,油脂,2012-06-12,9288.0,9320.0,9260.0,9318.0,427918,370018,9292.0
豆油,Y,DCE,油脂,2012-06-13,9298.0,9320.0,9274.0,9278.0,344238,373650,9296.0
豆油,Y,DCE,油脂,2012-06-14,9220.0,9222.0,9098.0,9100.0,634538,385124,9146.0
豆油,Y,DCE,油脂,2012-06-15,9090.0,9156.0,9088.0,9132.0,476428,360480,9128.0
豆油,Y,DCE,油脂,2012-06-18,9200.0,9242.0,9162.0,9234.0,483158,370836,9206.0
豆油,Y,DCE,油脂,2012-06-19,9286.0,9354.0,9252.0,9318.0,554532,391372,9316.0
豆油,Y,DCE,油脂,2012-06-20,9410.0,9514.0,9388.0,9506.0,566414,412948,9454.0
豆油,Y,DCE,油脂,2012-06-21,9450.0,9474.0,9396.0,9440.0,527894,385486,9436.0
豆油,Y,DCE,油脂,2012-06-25,9508.0,9620.0,9504.0,9526.0,595508,412810,9574.0
豆油,Y,DCE,油脂,2012-06-26,9588.0,9588.0,9462.0,9500.0,616834,404588,9508.0
豆油,Y,DCE,油脂,2012-06-27,9500.0,9526.0,9442.0,9500.0,578046,400282,9482.0
豆油,Y,DCE,油脂,2012-06-28,9538.0,9548.0,9452.0,9472.0,512244,402076,9484.0
豆油,Y,DCE,油脂,2012-06-29,9470.0,9550.0,9444.0,9550.0,463754,405586,9496.0
豆油,Y,DCE,油脂,2012-07-02,9744.0,9746.0,9620.0,9630.0,520246,426760,9654.0
豆油,Y,DCE,油脂,2012-07-03,9646.0,9712.0,9634.0,9710.0,525070,431260,9678.0
豆油,Y,DCE,油脂,2012-07-04,9730.0,9788.0,9690.0,9718.0,517180,440560,9744.0
豆油,Y,DCE,油脂,2012-07-05,9724.0,9802.0,9692.0,9778.0,555356,449766,9756.0
豆油,Y,DCE,油脂,2012-07-06,9802.0,9848.0,9744.0,9756.0,561458,438392,9800.0
豆油,Y,DCE,油脂,2012-07-09,9770.0,9910.0,9710.0,9876.0,896376,475804,9828.0
豆油,Y,DCE,油脂,2012-07-10,9840.0,9868.0,9782.0,9782.0,535990,465720,9830.0
豆油,Y,DCE,油脂,2012-07-11,9800.0,9880.0,9686.0,9734.0,813214,439344,9786.0
豆油,Y,DCE,油脂,2012-07-12,9690.0,9700.0,9570.0,9570.0,556010,420978,9614.0
豆油,Y,DCE,油脂,2012-07-13,9600.0,9646.0,9574.0,9642.0,475340,410106,9614.0
豆油,Y,DCE,油脂,2012-07-16,9720.0,9906.0,9720.0,9886.0,789260,443846,9860.0
豆油,Y,DCE,油脂,2012-07-17,9920.0,9928.0,9752.0,9826.0,743520,442854,9840.0
豆油,Y,DCE,油脂,2012-07-18,9840.0,9858.0,9702.0,9742.0,553480,436168,9780.0
豆油,Y,DCE,油脂,2012-07-19,9816.0,9838.0,9758.0,9820.0,564358,432602,9808.0
豆油,Y,DCE,油脂,2012-07-20,9832.0,9908.0,9792.0,9826.0,613448,415966,9842.0
豆油,Y,DCE,油脂,2012-07-23,9760.0,9766.0,9626.0,9630.0,420580,399094,9670.0
豆油,Y,DCE,油脂,2012-07-24,9386.0,9478.0,9284.0,9396.0,579114,409004,9408.0
豆油,Y,DCE,油脂,2012-07-25,9300.0,9408.0,9264.0,9334.0,557780,375432,9344.0
豆油,Y,DCE,油脂,2012-07-26,9380.0,9398.0,9324.0,9348.0,378738,388084,9356.0
豆油,Y,DCE,油脂,2012-07-27,9330.0,9408.0,9320.0,9402.0,302664,382374,9366.0
豆油,Y,DCE,油脂,2012-07-30,9490.0,9592.0,9464.0,9524.0,584350,384432,9538.0
豆油,Y,DCE,油脂,2012-07-31,9498.0,9526.0,9470.0,9522.0,397398,394196,9496.0
豆油,Y,DCE,油脂,2012-08-01,9560.0,9632.0,9532.0,9570.0,546482,415388,9588.0
豆油,Y,DCE,油脂,2012-08-02,9502.0,9516.0,9434.0,9510.0,420110,406374,9478.0
豆油,Y,DCE,油脂,2012-08-03,9452.0,9516.0,9432.0,9488.0,369254,418170,9478.0
豆油,Y,DCE,油脂,2012-08-06,9426.0,9558.0,9426.0,9530.0,596184,453488,9516.0
豆油,Y,DCE,油脂,2012-08-07,9526.0,9624.0,9522.0,9612.0,547482,462526,9588.0
豆油,Y,DCE,油脂,2012-08-08,9572.0,9596.0,9536.0,9536.0,363868,440814,9566.0
豆油,Y,DCE,油脂,2012-08-09,9572.0,9706.0,9572.0,9696.0,737660,517834,9652.0
豆油,Y,DCE,油脂,2012-08-10,9750.0,9758.0,9628.0,9650.0,480268,443396,9686.0
豆油,Y,DCE,油脂,2012-08-13,9748.0,9788.0,9708.0,9720.0,614376,463520,9744.0
豆油,Y,DCE,油脂,2012-08-14,9694.0,9716.0,9608.0,9684.0,648882,441598,9662.0
豆油,Y,DCE,油脂,2012-08-15,9650.0,9710.0,9626.0,9680.0,520820,450584,9664.0
豆油,Y,DCE,油脂,2012-08-16,9700.0,9708.0,9642.0,9654.0,394912,461564,9666.0
豆油,Y,DCE,油脂,2012-08-17,9666.0,9726.0,9660.0,9690.0,349936,454114,9690.0
豆油,Y,DCE,油脂,2012-08-20,9704.0,9736.0,9696.0,9722.0,314676,447546,9718.0
豆油,Y,DCE,油脂,2012-08-21,9788.0,9816.0,9732.0,9794.0,392242,447966,9776.0
豆油,Y,DCE,油脂,2012-08-22,9900.0,9980.0,9878.0,9954.0,584044,483660,9936.0
豆油,Y,DCE,油脂,2012-08-23,10000.0,10036.0,9938.0,9952.0,436926,463832,9978.0
豆油,Y,DCE,油脂,2012-08-24,9924.0,10060.0,9906.0,10056.0,496594,492188,9988.0
豆油,Y,DCE,油脂,2012-08-27,10110.0,10156.0,10076.0,10130.0,495306,490254,10116.0
豆油,Y,DCE,油脂,2012-08-28,10040.0,10072.0,9976.0,9980.0,411696,482766,10022.0
豆油,Y,DCE,油脂,2012-08-29,9964.0,10014.0,9888.0,9960.0,521402,479238,9948.0
豆油,Y,DCE,油脂,2012-08-30,9998.0,10090.0,9980.0,10078.0,510830,494902,10022.0
豆油,Y,DCE,油脂,2012-08-31,10058.0,10068.0,9952.0,9966.0,451200,471948,9998.0
豆油,Y,DCE,油脂,2012-09-03,9998.0,10278.0,9950.0,10238.0,1002200,530824,10172.0
豆油,Y,DCE,油脂,2012-09-04,10222.0,10308.0,10212.0,10264.0,557472,505772,10254.0
豆油,Y,DCE,油脂,2012-09-05,10218.0,10264.0,10156.0,10180.0,446016,459938,10210.0
豆油,Y,DCE,油脂,2012-09-06,10104.0,10132.0,10032.0,10074.0,429270,448738,10072.0
豆油,Y,DCE,油脂,2012-09-07,10080.0,10146.0,10016.0,10026.0,529776,455032,10090.0
豆油,Y,DCE,油脂,2012-09-10,10000.0,10088.0,9980.0,10066.0,394912,441594,10042.0
豆油,Y,DCE,油脂,2012-09-11,10024.0,10136.0,9962.0,9992.0,790650,457196,10038.0
豆油,Y,DCE,油脂,2012-09-12,9972.0,10030.0,9942.0,10016.0,481606,455550,9984.0
豆油,Y,DCE,油脂,2012-09-13,10098.0,10140.0,10050.0,10060.0,533740,470070,10100.0
豆油,Y,DCE,油脂,2012-09-14,10150.0,10230.0,10136.0,10216.0,548468,494298,10190.0
豆油,Y,DCE,油脂,2012-09-17,10190.0,10204.0,9964.0,9980.0,588684,460252,10106.0
豆油,Y,DCE,油脂,2012-09-18,9850.0,9922.0,9756.0,9820.0,598680,431488,9844.0
豆油,Y,DCE,油脂,2012-09-19,9890.0,9916.0,9854.0,9876.0,421778,423580,9882.0
豆油,Y,DCE,油脂,2012-09-20,9944.0,9944.0,9828.0,9850.0,533330,432434,9884.0
豆油,Y,DCE,油脂,2012-09-21,9770.0,9810.0,9720.0,9738.0,510238,446312,9762.0
豆油,Y,DCE,油脂,2012-09-24,9680.0,9680.0,9394.0,9498.0,1037548,435606,9498.0
豆油,Y,DCE,油脂,2012-09-25,9536.0,9590.0,9462.0,9518.0,558688,407698,9522.0
豆油,Y,DCE,油脂,2012-09-26,9470.0,9490.0,9348.0,9348.0,652402,412824,9402.0
豆油,Y,DCE,油脂,2012-09-27,9288.0,9314.0,9224.0,9232.0,535696,404940,9272.0
豆油,Y,DCE,油脂,2012-09-28,9278.0,9328.0,9250.0,9278.0,305268,362442,9278.0
豆油,Y,DCE,油脂,2012-10-08,9176.0,9204.0,9050.0,9088.0,405378,328744,9114.0
豆油,Y,DCE,油脂,2012-10-09,9100.0,9190.0,9082.0,9174.0,183656,345840,9138.0
豆油,Y,DCE,油脂,2012-10-10,9152.0,9262.0,9134.0,9240.0,415276,384408,9194.0
豆油,Y,DCE,油脂,2012-10-11,9130.0,9240.0,9120.0,9190.0,262014,384030,9186.0
豆油,Y,DCE,油脂,2012-10-12,9242.0,9256.0,9068.0,9094.0,571930,388784,9154.0
豆油,Y,DCE,油脂,2012-10-15,9010.0,9066.0,8946.0,9036.0,267902,407006,9026.0
豆油,Y,DCE,油脂,2012-10-16,9086.0,9226.0,9070.0,9216.0,486566,451754,9168.0
豆油,Y,DCE,油脂,2012-10-17,9196.0,9284.0,9144.0,9188.0,750246,471990,9204.0
豆油,Y,DCE,油脂,2012-10-18,9248.0,9284.0,9226.0,9250.0,487786,472642,9258.0
豆油,Y,DCE,油脂,2012-10-19,9300.0,9320.0,9250.0,9260.0,409802,478924,9278.0
豆油,Y,DCE,油脂,2012-10-22,9252.0,9318.0,9182.0,9318.0,442986,478770,9276.0
豆油,Y,DCE,油脂,2012-10-23,9300.0,9336.0,9216.0,9224.0,494888,485346,9278.0
豆油,Y,DCE,油脂,2012-10-24,9260.0,9296.0,9242.0,9284.0,437228,494332,9270.0
豆油,Y,DCE,油脂,2012-10-25,9286.0,9300.0,9228.0,9232.0,415794,499756,9264.0
豆油,Y,DCE,油脂,2012-10-26,9210.0,9210.0,9068.0,9098.0,755736,560280,9134.0
豆油,Y,DCE,油脂,2012-10-29,9062.0,9076.0,9002.0,9010.0,428860,554530,9038.0
豆油,Y,DCE,油脂,2012-10-30,9000.0,9032.0,8972.0,9012.0,499330,549006,9004.0
豆油,Y,DCE,油脂,2012-10-31,9008.0,9082.0,8980.0,9070.0,562136,546206,9030.0
豆油,Y,DCE,油脂,2012-11-01,9050.0,9142.0,9050.0,9118.0,459344,544628,9102.0
豆油,Y,DCE,油脂,2012-11-02,9100.0,9110.0,8872.0,8880.0,1066300,652666,8962.0
豆油,Y,DCE,油脂,2012-11-05,8800.0,8840.0,8656.0,8694.0,924432,645990,8750.0
豆油,Y,DCE,油脂,2012-11-06,8718.0,8808.0,8712.0,8762.0,586256,625950,8766.0
豆油,Y,DCE,油脂,2012-11-07,8780.0,8802.0,8670.0,8764.0,728534,613928,8750.0
豆油,Y,DCE,油脂,2012-11-08,8722.0,8796.0,8690.0,8750.0,652164,625886,8760.0
豆油,Y,DCE,油脂,2012-11-09,8750.0,8758.0,8606.0,8614.0,923734,696082,8690.0
豆油,Y,DCE,油脂,2012-11-12,8502.0,8518.0,8344.0,8348.0,1031644,707158,8388.0
豆油,Y,DCE,油脂,2012-11-13,8412.0,8442.0,8374.0,8400.0,629646,679026,8410.0
豆油,Y,DCE,油脂,2012-11-14,8410.0,8464.0,8322.0,8448.0,964362,705086,8394.0
豆油,Y,DCE,油脂,2012-11-15,8434.0,8580.0,8408.0,8416.0,1055922,665954,8506.0
豆油,Y,DCE,油脂,2012-11-16,8430.0,8466.0,8348.0,8370.0,986618,704030,8404.0
豆油,Y,DCE,油脂,2012-11-19,8406.0,8470.0,8396.0,8450.0,743280,667158,8438.0
豆油,Y,DCE,油脂,2012-11-20,8494.0,8508.0,8428.0,8496.0,813062,632480,8474.0
豆油,Y,DCE,油脂,2012-11-21,8528.0,8548.0,8484.0,8538.0,644404,635540,8516.0
豆油,Y,DCE,油脂,2012-11-22,8550.0,8562.0,8510.0,8534.0,452160,630684,8534.0
豆油,Y,DCE,油脂,2012-11-23,8520.0,8550.0,8474.0,8548.0,511628,612460,8510.0
豆油,Y,DCE,油脂,2012-11-26,8600.0,8626.0,8578.0,8602.0,519198,618176,8600.0
豆油,Y,DCE,油脂,2012-11-27,8626.0,8650.0,8560.0,8568.0,535904,633934,8608.0
豆油,Y,DCE,油脂,2012-11-28,8630.0,8664.0,8550.0,8576.0,719364,641360,8610.0
豆油,Y,DCE,油脂,2012-11-29,8610.0,8614.0,8524.0,8590.0,699060,645088,8570.0
豆油,Y,DCE,油脂,2012-11-30,8580.0,8608.0,8520.0,8590.0,683694,626098,8566.0
豆油,Y,DCE,油脂,2012-12-03,8610.0,8700.0,8600.0,8684.0,548740,623934,8664.0
豆油,Y,DCE,油脂,2012-12-04,8660.0,8678.0,8612.0,8676.0,469212,621808,8648.0
豆油,Y,DCE,油脂,2012-12-05,8674.0,8728.0,8668.0,8710.0,478530,613212,8698.0
豆油,Y,DCE,油脂,2012-12-06,8772.0,8810.0,8726.0,8738.0,502082,604906,8770.0
豆油,Y,DCE,油脂,2012-12-07,8750.0,8774.0,8708.0,8774.0,372106,602444,8750.0
豆油,Y,DCE,油脂,2012-12-10,8728.0,8788.0,8722.0,8752.0,379386,591126,8752.0
豆油,Y,DCE,油脂,2012-12-11,8750.0,8834.0,8740.0,8740.0,547628,586308,8784.0
豆油,Y,DCE,油脂,2012-12-12,8690.0,8708.0,8612.0,8622.0,532042,584150,8660.0
豆油,Y,DCE,油脂,2012-12-13,8590.0,8638.0,8586.0,8610.0,445940,575642,8614.0
豆油,Y,DCE,油脂,2012-12-14,8586.0,8738.0,8586.0,8732.0,609228,553770,8666.0
豆油,Y,DCE,油脂,2012-12-17,8756.0,8824.0,8748.0,8792.0,552002,529654,8788.0
豆油,Y,DCE,油脂,2012-12-18,8782.0,8840.0,8766.0,8792.0,505078,539424,8800.0
豆油,Y,DCE,油脂,2012-12-19,8736.0,8754.0,8672.0,8724.0,484828,545380,8718.0
豆油,Y,DCE,油脂,2012-12-20,8626.0,8642.0,8534.0,8584.0,712196,576416,8580.0
豆油,Y,DCE,油脂,2012-12-21,8550.0,8658.0,8550.0,8630.0,666688,570290,8606.0
豆油,Y,DCE,油脂,2012-12-24,8656.0,8700.0,8616.0,8618.0,428390,558134,8662.0
豆油,Y,DCE,油脂,2012-12-25,8640.0,8668.0,8562.0,8602.0,518272,534636,8608.0
豆油,Y,DCE,油脂,2012-12-26,8606.0,8650.0,8542.0,8572.0,552382,547060,8594.0
豆油,Y,DCE,油脂,2012-12-27,8562.0,8636.0,8524.0,8634.0,692036,537370,8582.0
豆油,Y,DCE,油脂,2012-12-28,8620.0,8674.0,8610.0,8642.0,507182,507428,8642.0
豆油,Y,DCE,油脂,2012-12-31,8672.0,8740.0,8608.0,8612.0,449196,500834,8680.0
豆油,Y,DCE,油脂,2013-01-04,8698.0,8790.0,8642.0,8768.0,491458,474660,8722.0
豆油,Y,DCE,油脂,2013-01-07,8702.0,8756.0,8676.0,8688.0,534014,508554,8710.0
豆油,Y,DCE,油脂,2013-01-08,8710.0,8726.0,8634.0,8660.0,490834,457604,8680.0
豆油,Y,DCE,油脂,2013-01-09,8662.0,8662.0,8590.0,8600.0,353340,463632,8618.0
豆油,Y,DCE,油脂,2013-01-10,8612.0,8666.0,8556.0,8562.0,366328,482564,8622.0
豆油,Y,DCE,油脂,2013-01-11,8588.0,8594.0,8482.0,8488.0,441100,501760,8542.0
豆油,Y,DCE,油脂,2013-01-14,8530.0,8572.0,8514.0,8530.0,330722,487406,8550.0
豆油,Y,DCE,油脂,2013-01-15,8604.0,8658.0,8584.0,8594.0,306024,457752,8624.0
豆油,Y,DCE,油脂,2013-01-16,8650.0,8678.0,8610.0,8642.0,257740,442376,8646.0
豆油,Y,DCE,油脂,2013-01-17,8690.0,8690.0,8612.0,8628.0,208186,436206,8652.0
豆油,Y,DCE,油脂,2013-01-18,8652.0,8686.0,8594.0,8678.0,248730,420256,8638.0
豆油,Y,DCE,油脂,2013-01-21,8788.0,8866.0,8782.0,8846.0,491974,403956,8828.0
豆油,Y,DCE,油脂,2013-01-22,8870.0,8886.0,8820.0,8848.0,410644,412824,8850.0
豆油,Y,DCE,油脂,2013-01-23,8876.0,8876.0,8814.0,8848.0,331530,419824,8842.0
豆油,Y,DCE,油脂,2013-01-24,8810.0,8810.0,8672.0,8688.0,503812,423170,8726.0
豆油,Y,DCE,油脂,2013-01-25,8746.0,8760.0,8716.0,8736.0,362954,430328,8738.0
豆油,Y,DCE,油脂,2013-01-28,8762.0,8774.0,8682.0,8746.0,421764,447090,8724.0
豆油,Y,DCE,油脂,2013-01-29,8720.0,8734.0,8660.0,8684.0,515556,473152,8694.0
豆油,Y,DCE,油脂,2013-01-30,8676.0,8748.0,8664.0,8734.0,435582,470062,8716.0
豆油,Y,DCE,油脂,2013-01-31,8802.0,8838.0,8786.0,8820.0,412996,453078,8810.0
豆油,Y,DCE,油脂,2013-02-01,8854.0,8858.0,8794.0,8852.0,393036,438126,8830.0
豆油,Y,DCE,油脂,2013-02-04,8866.0,8932.0,8842.0,8896.0,424220,452062,8898.0
豆油,Y,DCE,油脂,2013-02-05,8864.0,8884.0,8808.0,8822.0,390744,435994,8850.0
豆油,Y,DCE,油脂,2013-02-06,8836.0,8858.0,8782.0,8810.0,357202,432556,8824.0
豆油,Y,DCE,油脂,2013-02-07,8776.0,8806.0,8718.0,8764.0,307848,419784,8756.0
豆油,Y,DCE,油脂,2013-02-08,8760.0,8788.0,8712.0,8714.0,218624,409774,8752.0
豆油,Y,DCE,油脂,2013-02-18,8640.0,8678.0,8624.0,8646.0,247702,415070,8652.0
豆油,Y,DCE,油脂,2013-02-19,8652.0,8724.0,8650.0,8710.0,351732,442114,8696.0
豆油,Y,DCE,油脂,2013-02-20,8750.0,8770.0,8728.0,8754.0,293204,446920,8754.0
豆油,Y,DCE,油脂,2013-02-21,8700.0,8700.0,8610.0,8630.0,478316,449564,8650.0
豆油,Y,DCE,油脂,2013-02-22,8616.0,8766.0,8616.0,8702.0,665132,462140,8698.0
豆油,Y,DCE,油脂,2013-02-25,8580.0,8580.0,8370.0,8422.0,903508,518478,8442.0
豆油,Y,DCE,油脂,2013-02-26,8412.0,8448.0,8306.0,8312.0,820498,540154,8382.0
豆油,Y,DCE,油脂,2013-02-27,8340.0,8344.0,8280.0,8324.0,597384,561602,8316.0
豆油,Y,DCE,油脂,2013-02-28,8356.0,8368.0,8264.0,8288.0,730114,592954,8310.0
豆油,Y,DCE,油脂,2013-03-01,8246.0,8284.0,8224.0,8252.0,574216,606350,8250.0
豆油,Y,DCE,油脂,2013-03-04,8270.0,8346.0,8266.0,8326.0,644718,570938,8316.0
豆油,Y,DCE,油脂,2013-03-05,8374.0,8390.0,8304.0,8322.0,536762,577784,8340.0
豆油,Y,DCE,油脂,2013-03-06,8316.0,8364.0,8280.0,8346.0,539744,544876,8338.0
豆油,Y,DCE,油脂,2013-03-07,8330.0,8336.0,8246.0,8260.0,621460,590486,8284.0
豆油,Y,DCE,油脂,2013-03-08,8312.0,8346.0,8294.0,8324.0,473146,564298,8320.0
豆油,Y,DCE,油脂,2013-03-11,8312.0,8322.0,8194.0,8198.0,860342,731740,8248.0
豆油,Y,DCE,油脂,2013-03-12,8220.0,8232.0,8146.0,8152.0,747300,678572,8190.0
豆油,Y,DCE,油脂,2013-03-13,8140.0,8158.0,8012.0,8042.0,989620,706386,8062.0
豆油,Y,DCE,油脂,2013-03-14,8040.0,8078.0,7976.0,8008.0,835972,698814,8022.0
豆油,Y,DCE,油脂,2013-03-15,8030.0,8144.0,8010.0,8136.0,908346,641758,8080.0
豆油,Y,DCE,油脂,2013-03-18,8072.0,8084.0,8006.0,8050.0,599942,629476,8048.0
豆油,Y,DCE,油脂,2013-03-19,8100.0,8130.0,8082.0,8108.0,530154,618992,8106.0
豆油,Y,DCE,油脂,2013-03-20,8080.0,8116.0,8052.0,8100.0,498966,635748,8082.0
豆油,Y,DCE,油脂,2013-03-21,8146.0,8192.0,8134.0,8172.0,372528,633820,8164.0
豆油,Y,DCE,油脂,2013-03-22,8164.0,8172.0,8080.0,8082.0,584046,667098,8112.0
豆油,Y,DCE,油脂,2013-03-25,8120.0,8144.0,8084.0,8100.0,444946,662408,8110.0
豆油,Y,DCE,油脂,2013-03-26,8096.0,8126.0,8066.0,8076.0,516522,642058,8090.0
豆油,Y,DCE,油脂,2013-03-27,8102.0,8140.0,8070.0,8136.0,488200,660178,8098.0
豆油,Y,DCE,油脂,2013-03-28,8138.0,8144.0,8020.0,8036.0,633428,667294,8070.0
豆油,Y,DCE,油脂,2013-03-29,7922.0,7976.0,7822.0,7932.0,685892,631184,7916.0
豆油,Y,DCE,油脂,2013-04-01,7920.0,7944.0,7808.0,7808.0,542680,660806,7860.0
豆油,Y,DCE,油脂,2013-04-02,7840.0,7880.0,7810.0,7876.0,630634,628206,7846.0
豆油,Y,DCE,油脂,2013-04-03,7816.0,7914.0,7802.0,7858.0,708660,596962,7860.0
豆油,Y,DCE,油脂,2013-04-08,7824.0,7926.0,7790.0,7918.0,554164,598280,7890.0
豆油,Y,DCE,油脂,2013-04-09,7928.0,7982.0,7918.0,7930.0,480824,595484,7952.0
豆油,Y,DCE,油脂,2013-04-10,7980.0,7994.0,7930.0,7974.0,554098,616764,7964.0
豆油,Y,DCE,油脂,2013-04-11,7948.0,7976.0,7850.0,7852.0,736118,678992,7898.0
豆油,Y,DCE,油脂,2013-04-12,7870.0,7878.0,7818.0,7840.0,611778,687894,7848.0
豆油,Y,DCE,油脂,2013-04-15,7798.0,7798.0,7654.0,7680.0,785948,742770,7706.0
豆油,Y,DCE,油脂,2013-04-16,7576.0,7664.0,7522.0,7660.0,776836,704786,7600.0
豆油,Y,DCE,油脂,2013-04-17,7686.0,7726.0,7608.0,7642.0,697382,723438,7660.0
豆油,Y,DCE,油脂,2013-04-18,7600.0,7642.0,7542.0,7588.0,786110,742818,7596.0
豆油,Y,DCE,油脂,2013-04-19,7620.0,7666.0,7608.0,7620.0,618424,727686,7634.0
豆油,Y,DCE,油脂,2013-04-22,7576.0,7578.0,7412.0,7418.0,1025900,784908,7484.0
豆油,Y,DCE,油脂,2013-04-23,7406.0,7444.0,7376.0,7412.0,873654,766252,7412.0
豆油,Y,DCE,油脂,2013-04-24,7378.0,7436.0,7310.0,7318.0,1009600,831808,7360.0
豆油,Y,DCE,油脂,2013-04-25,7370.0,7386.0,7310.0,7312.0,837772,791030,7350.0
豆油,Y,DCE,油脂,2013-04-26,7360.0,7374.0,7302.0,7304.0,841628,782972,7340.0
豆油,Y,DCE,油脂,2013-05-02,7204.0,7250.0,7170.0,7188.0,644198,813864,7202.0
豆油,Y,DCE,油脂,2013-05-03,7192.0,7272.0,7184.0,7270.0,709028,808980,7236.0
豆油,Y,DCE,油脂,2013-05-06,7342.0,7380.0,7276.0,7374.0,720208,768630,7318.0
豆油,Y,DCE,油脂,2013-05-07,7338.0,7432.0,7322.0,7362.0,1258900,772462,7388.0
豆油,Y,DCE,油脂,2013-05-08,7384.0,7426.0,7350.0,7412.0,904120,758530,7396.0
豆油,Y,DCE,油脂,2013-05-09,7398.0,7412.0,7356.0,7366.0,719732,785642,7374.0
豆油,Y,DCE,油脂,2013-05-10,7404.0,7538.0,7376.0,7526.0,1188200,755542,7456.0
豆油,Y,DCE,油脂,2013-05-13,7500.0,7546.0,7464.0,7480.0,912344,729614,7504.0
豆油,Y,DCE,油脂,2013-05-14,7540.0,7572.0,7482.0,7494.0,838286,703580,7524.0
豆油,Y,DCE,油脂,2013-05-15,7498.0,7508.0,7320.0,7334.0,1062800,768554,7406.0
豆油,Y,DCE,油脂,2013-05-16,7346.0,7454.0,7310.0,7408.0,1013700,688378,7384.0
豆油,Y,DCE,油脂,2013-05-17,7440.0,7508.0,7422.0,7488.0,862098,664584,7466.0
豆油,Y,DCE,油脂,2013-05-20,7498.0,7524.0,7444.0,7480.0,794324,647616,7482.0
豆油,Y,DCE,油脂,2013-05-21,7488.0,7490.0,7394.0,7444.0,774942,653524,7444.0
豆油,Y,DCE,油脂,2013-05-22,7462.0,7568.0,7458.0,7536.0,993418,685006,7522.0
豆油,Y,DCE,油脂,2013-05-23,7550.0,7582.0,7456.0,7460.0,842904,639314,7500.0
豆油,Y,DCE,油脂,2013-05-24,7476.0,7574.0,7472.0,7530.0,828388,653548,7538.0
豆油,Y,DCE,油脂,2013-05-27,7480.0,7522.0,7460.0,7518.0,533384,655946,7502.0
豆油,Y,DCE,油脂,2013-05-28,7520.0,7552.0,7466.0,7498.0,701996,658432,7500.0
豆油,Y,DCE,油脂,2013-05-29,7520.0,7620.0,7508.0,7542.0,954604,600324,7560.0
豆油,Y,DCE,油脂,2013-05-30,7460.0,7498.0,7450.0,7484.0,743690,584202,7472.0
豆油,Y,DCE,油脂,2013-05-31,7480.0,7530.0,7468.0,7480.0,474020,573306,7500.0
豆油,Y,DCE,油脂,2013-06-03,7500.0,7560.0,7498.0,7524.0,493640,580326,7530.0
豆油,Y,DCE,油脂,2013-06-04,7530.0,7540.0,7380.0,7414.0,1004200,653894,7428.0
豆油,Y,DCE,油脂,2013-06-05,7428.0,7452.0,7386.0,7408.0,647776,623138,7412.0
豆油,Y,DCE,油脂,2013-06-06,7376.0,7436.0,7346.0,7410.0,581854,571158,7402.0
豆油,Y,DCE,油脂,2013-06-07,7410.0,7508.0,7356.0,7496.0,788414,518132,7438.0
豆油,Y,DCE,油脂,2013-06-13,7450.0,7486.0,7414.0,7422.0,358720,503658,7444.0
豆油,Y,DCE,油脂,2013-06-14,7404.0,7418.0,7350.0,7406.0,393866,487672,7380.0
豆油,Y,DCE,油脂,2013-06-17,7360.0,7458.0,7360.0,7446.0,244142,467584,7422.0
豆油,Y,DCE,油脂,2013-06-18,7470.0,7544.0,7470.0,7486.0,211504,465636,7504.0
豆油,Y,DCE,油脂,2013-06-19,7470.0,7484.0,7446.0,7472.0,128196,457904,7466.0
豆油,Y,DCE,油脂,2013-06-20,7530.0,7538.0,7462.0,7488.0,224728,427494,7502.0
豆油,Y,DCE,油脂,2013-06-21,7590.0,7632.0,7452.0,7478.0,873560,429280,7552.0
豆油,Y,DCE,油脂,2013-06-24,7400.0,7460.0,7352.0,7376.0,836728,472426,7406.0
豆油,Y,DCE,油脂,2013-06-25,7412.0,7456.0,7356.0,7438.0,899004,450064,7396.0
豆油,Y,DCE,油脂,2013-06-26,7402.0,7442.0,7278.0,7332.0,1121452,511946,7346.0
豆油,Y,DCE,油脂,2013-06-27,7314.0,7326.0,7242.0,7302.0,839360,498958,7282.0
豆油,Y,DCE,油脂,2013-06-28,7270.0,7344.0,7260.0,7294.0,666980,490484,7316.0
豆油,Y,DCE,油脂,2013-07-01,7288.0,7410.0,7262.0,7382.0,798590,506616,7358.0
豆油,Y,DCE,油脂,2013-07-02,7386.0,7430.0,7324.0,7360.0,776510,481972,7374.0
豆油,Y,DCE,油脂,2013-07-03,7362.0,7384.0,7312.0,7322.0,593888,521234,7346.0
豆油,Y,DCE,油脂,2013-07-04,7332.0,7386.0,7326.0,7346.0,637956,545120,7360.0
豆油,Y,DCE,油脂,2013-07-05,7358.0,7358.0,7276.0,7316.0,615828,571972,7304.0
豆油,Y,DCE,油脂,2013-07-08,7320.0,7368.0,7212.0,7238.0,943160,640150,7274.0
豆油,Y,DCE,油脂,2013-07-09,7266.0,7296.0,7252.0,7272.0,578662,585656,7276.0
豆油,Y,DCE,油脂,2013-07-10,7298.0,7336.0,7232.0,7286.0,708842,587306,7270.0
豆油,Y,DCE,油脂,2013-07-11,7306.0,7410.0,7292.0,7354.0,841030,543752,7348.0
豆油,Y,DCE,油脂,2013-07-12,7320.0,7330.0,7266.0,7282.0,690708,568246,7290.0
豆油,Y,DCE,油脂,2013-07-15,7250.0,7280.0,7160.0,7174.0,943886,605318,7198.0
豆油,Y,DCE,油脂,2013-07-16,7200.0,7218.0,7160.0,7206.0,593744,603382,7192.0
豆油,Y,DCE,油脂,2013-07-17,7218.0,7302.0,7194.0,7240.0,739950,584420,7244.0
豆油,Y,DCE,油脂,2013-07-18,7204.0,7280.0,7192.0,7272.0,658392,601312,7238.0
豆油,Y,DCE,油脂,2013-07-19,7280.0,7280.0,7208.0,7220.0,566880,621738,7242.0
豆油,Y,DCE,油脂,2013-07-22,7230.0,7276.0,7202.0,7256.0,637174,633670,7246.0
豆油,Y,DCE,油脂,2013-07-23,7270.0,7326.0,7242.0,7314.0,767568,639150,7284.0
豆油,Y,DCE,油脂,2013-07-24,7252.0,7270.0,7222.0,7244.0,582800,644954,7244.0
豆油,Y,DCE,油脂,2013-07-25,7196.0,7204.0,7130.0,7142.0,830058,699710,7162.0
豆油,Y,DCE,油脂,2013-07-26,7116.0,7130.0,6960.0,6986.0,1058366,741292,7030.0
豆油,Y,DCE,油脂,2013-07-29,6996.0,7016.0,6968.0,6990.0,511562,712372,6990.0
豆油,Y,DCE,油脂,2013-07-30,6940.0,6992.0,6902.0,6976.0,841666,711104,6944.0
豆油,Y,DCE,油脂,2013-07-31,6940.0,7064.0,6934.0,7030.0,941810,713236,7018.0
豆油,Y,DCE,油脂,2013-08-01,7008.0,7050.0,6996.0,7012.0,565338,734716,7020.0
豆油,Y,DCE,油脂,2013-08-02,7028.0,7056.0,6996.0,7034.0,704494,740434,7030.0
豆油,Y,DCE,油脂,2013-08-05,7000.0,7040.0,6978.0,6994.0,586874,744814,7008.0
豆油,Y,DCE,油脂,2013-08-06,7028.0,7038.0,7004.0,7008.0,487410,721394,7020.0
豆油,Y,DCE,油脂,2013-08-07,6974.0,6978.0,6882.0,6884.0,763512,780808,6926.0
豆油,Y,DCE,油脂,2013-08-08,6882.0,6938.0,6882.0,6900.0,690994,738536,6914.0
豆油,Y,DCE,油脂,2013-08-09,6918.0,6978.0,6912.0,6920.0,800252,720442,6946.0
豆油,Y,DCE,油脂,2013-08-12,6922.0,6992.0,6906.0,6974.0,769724,717704,6952.0
豆油,Y,DCE,油脂,2013-08-13,7038.0,7176.0,7036.0,7144.0,1288042,765204,7124.0
豆油,Y,DCE,油脂,2013-08-14,7124.0,7168.0,7074.0,7076.0,957782,780946,7116.0
豆油,Y,DCE,油脂,2013-08-15,7108.0,7150.0,7096.0,7124.0,832978,768816,7126.0
豆油,Y,DCE,油脂,2013-08-16,7220.0,7282.0,7176.0,7186.0,903850,780060,7230.0
豆油,Y,DCE,油脂,2013-08-19,7250.0,7270.0,7214.0,7232.0,690516,810092,7240.0
豆油,Y,DCE,油脂,2013-08-20,7282.0,7294.0,7116.0,7134.0,890202,790134,7182.0
豆油,Y,DCE,油脂,2013-08-21,7130.0,7164.0,7110.0,7126.0,577178,789214,7138.0
豆油,Y,DCE,油脂,2013-08-22,7116.0,7148.0,7064.0,7096.0,706840,796318,7104.0
豆油,Y,DCE,油脂,2013-08-23,7088.0,7098.0,7058.0,7078.0,594332,807920,7080.0
豆油,Y,DCE,油脂,2013-08-26,7210.0,7362.0,7208.0,7362.0,720644,794816,7316.0
豆油,Y,DCE,油脂,2013-08-27,7462.0,7462.0,7360.0,7410.0,867302,788102,7394.0
豆油,Y,DCE,油脂,2013-08-28,7386.0,7420.0,7330.0,7332.0,736912,765204,7388.0
豆油,Y,DCE,油脂,2013-08-29,7358.0,7366.0,7094.0,7224.0,1154718,725622,7264.0
豆油,Y,DCE,油脂,2013-08-30,7196.0,7214.0,7154.0,7172.0,748472,682450,7178.0
豆油,Y,DCE,油脂,2013-09-02,7188.0,7290.0,7188.0,7288.0,736246,685310,7256.0
豆油,Y,DCE,油脂,2013-09-03,7320.0,7340.0,7232.0,7288.0,824792,674358,7278.0
豆油,Y,DCE,油脂,2013-09-04,7240.0,7240.0,7166.0,7188.0,765076,672008,7196.0
豆油,Y,DCE,油脂,2013-09-05,7180.0,7228.0,7162.0,7188.0,540330,674910,7194.0
豆油,Y,DCE,油脂,2013-09-06,7200.0,7310.0,7186.0,7310.0,1017886,726202,7254.0
豆油,Y,DCE,油脂,2013-09-09,7310.0,7336.0,7292.0,7312.0,716344,702744,7310.0
豆油,Y,DCE,油脂,2013-09-10,7220.0,7244.0,7154.0,7192.0,951020,674132,7206.0
豆油,Y,DCE,油脂,2013-09-11,7206.0,7238.0,7186.0,7236.0,573098,676640,7208.0
豆油,Y,DCE,油脂,2013-09-12,7220.0,7254.0,7200.0,7200.0,677144,668746,7224.0
豆油,Y,DCE,油脂,2013-09-13,7300.0,7304.0,7172.0,7196.0,880074,685530,7222.0
豆油,Y,DCE,油脂,2013-09-16,7106.0,7144.0,7062.0,7062.0,691274,703178,7112.0
豆油,Y,DCE,油脂,2013-09-17,7098.0,7104.0,7048.0,7102.0,643314,665940,7076.0
豆油,Y,DCE,油脂,2013-09-18,7112.0,7126.0,7056.0,7070.0,485690,660060,7086.0
豆油,Y,DCE,油脂,2013-09-23,7000.0,7052.0,6988.0,7038.0,441694,654152,7020.0
豆油,Y,DCE,油脂,2013-09-24,7060.0,7096.0,7036.0,7084.0,447024,634666,7076.0
豆油,Y,DCE,油脂,2013-09-25,7060.0,7096.0,7042.0,7060.0,444590,638924,7068.0
豆油,Y,DCE,油脂,2013-09-26,7056.0,7074.0,7012.0,7042.0,407256,631780,7042.0
豆油,Y,DCE,油脂,2013-09-27,7038.0,7058.0,6978.0,6982.0,513574,624156,7012.0
豆油,Y,DCE,油脂,2013-09-30,6960.0,7008.0,6934.0,6960.0,359152,576720,6970.0
豆油,Y,DCE,油脂,2013-10-08,6918.0,7044.0,6918.0,7000.0,518356,590236,6990.0
豆油,Y,DCE,油脂,2013-10-09,7042.0,7088.0,7006.0,7050.0,602440,622952,7056.0
豆油,Y,DCE,油脂,2013-10-10,7068.0,7104.0,7058.0,7096.0,628370,616956,7078.0
豆油,Y,DCE,油脂,2013-10-11,7110.0,7128.0,7054.0,7064.0,526056,609610,7086.0
豆油,Y,DCE,油脂,2013-10-14,7032.0,7090.0,7024.0,7058.0,402274,616002,7064.0
豆油,Y,DCE,油脂,2013-10-15,7058.0,7090.0,7038.0,7086.0,436768,592038,7066.0
豆油,Y,DCE,油脂,2013-10-16,7080.0,7120.0,7058.0,7086.0,483820,589928,7084.0
豆油,Y,DCE,油脂,2013-10-17,7142.0,7204.0,7114.0,7166.0,629744,605730,7160.0
豆油,Y,DCE,油脂,2013-10-18,7148.0,7174.0,7120.0,7168.0,547026,662904,7150.0
豆油,Y,DCE,油脂,2013-10-21,7216.0,7290.0,7216.0,7258.0,683474,673942,7254.0
豆油,Y,DCE,油脂,2013-10-22,7242.0,7248.0,7162.0,7176.0,620186,701774,7202.0
豆油,Y,DCE,油脂,2013-10-23,7208.0,7236.0,7152.0,7216.0,782212,712810,7196.0
豆油,Y,DCE,油脂,2013-10-24,7216.0,7226.0,7168.0,7202.0,753958,720336,7194.0
豆油,Y,DCE,油脂,2013-10-25,7160.0,7204.0,7130.0,7136.0,686502,724890,7170.0
豆油,Y,DCE,油脂,2013-10-28,7120.0,7144.0,7108.0,7130.0,449000,726666,7126.0
豆油,Y,DCE,油脂,2013-10-29,7098.0,7122.0,7026.0,7056.0,733358,733876,7072.0
豆油,Y,DCE,油脂,2013-10-30,7108.0,7268.0,7106.0,7214.0,1572360,794758,7198.0
豆油,Y,DCE,油脂,2013-10-31,7200.0,7240.0,7182.0,7212.0,927544,794088,7212.0
豆油,Y,DCE,油脂,2013-11-01,7206.0,7308.0,7200.0,7302.0,1212654,873958,7250.0
豆油,Y,DCE,油脂,2013-11-04,7278.0,7330.0,7278.0,7326.0,1026830,876050,7300.0
豆油,Y,DCE,油脂,2013-11-05,7282.0,7296.0,7222.0,7268.0,859856,840478,7258.0
豆油,Y,DCE,油脂,2013-11-06,7248.0,7252.0,7202.0,7206.0,673480,833086,7224.0
豆油,Y,DCE,油脂,2013-11-07,7200.0,7226.0,7178.0,7202.0,601214,824642,7202.0
豆油,Y,DCE,油脂,2013-11-08,7176.0,7190.0,7140.0,7160.0,651058,826814,7166.0
豆油,Y,DCE,油脂,2013-11-11,7160.0,7212.0,7128.0,7130.0,680648,843238,7152.0
豆油,Y,DCE,油脂,2013-11-12,7142.0,7196.0,7110.0,7188.0,751712,856474,7148.0
豆油,Y,DCE,油脂,2013-11-13,7226.0,7236.0,7192.0,7222.0,750210,808804,7212.0
豆油,Y,DCE,油脂,2013-11-14,7224.0,7296.0,7224.0,7282.0,852508,845856,7252.0
豆油,Y,DCE,油脂,2013-11-15,7272.0,7324.0,7250.0,7256.0,947296,815804,7286.0
豆油,Y,DCE,油脂,2013-11-18,7212.0,7228.0,7174.0,7178.0,729808,828764,7200.0
豆油,Y,DCE,油脂,2013-11-19,7172.0,7188.0,7146.0,7156.0,769766,845130,7166.0
豆油,Y,DCE,油脂,2013-11-21,7188.0,7288.0,7184.0,7272.0,1134932,873010,7242.0
豆油,Y,DCE,油脂,2013-11-22,7378.0,7384.0,7300.0,7302.0,1004284,875812,7342.0
豆油,Y,DCE,油脂,2013-11-25,7312.0,7352.0,7292.0,7314.0,788588,892304,7320.0
豆油,Y,DCE,油脂,2013-11-26,7290.0,7314.0,7234.0,7240.0,863778,872344,7276.0
豆油,Y,DCE,油脂,2013-11-27,7234.0,7276.0,7224.0,7274.0,654262,877760,7250.0
豆油,Y,DCE,油脂,2013-11-28,7240.0,7282.0,7230.0,7254.0,684364,875424,7256.0
豆油,Y,DCE,油脂,2013-11-29,7266.0,7334.0,7256.0,7330.0,835558,917300,7292.0
豆油,Y,DCE,油脂,2013-12-02,7324.0,7362.0,7312.0,7316.0,950454,927080,7328.0
豆油,Y,DCE,油脂,2013-12-03,7318.0,7322.0,7262.0,7264.0,938256,912320,7294.0
豆油,Y,DCE,油脂,2013-12-04,7244.0,7278.0,7240.0,7262.0,663668,916540,7256.0
豆油,Y,DCE,油脂,2013-12-05,7284.0,7306.0,7202.0,7204.0,885256,903448,7266.0
豆油,Y,DCE,油脂,2013-12-06,7236.0,7242.0,7190.0,7232.0,812380,888868,7220.0
豆油,Y,DCE,油脂,2013-12-09,7238.0,7258.0,7208.0,7222.0,705604,863636,7230.0
豆油,Y,DCE,油脂,2013-12-10,7210.0,7232.0,7184.0,7228.0,581402,854764,7210.0
豆油,Y,DCE,油脂,2013-12-11,7216.0,7264.0,7198.0,7254.0,712480,867586,7234.0
豆油,Y,DCE,油脂,2013-12-12,7254.0,7272.0,7190.0,7196.0,724798,858206,7226.0
豆油,Y,DCE,油脂,2013-12-13,7170.0,7170.0,7040.0,7044.0,861400,870672,7098.0
豆油,Y,DCE,油脂,2013-12-16,7066.0,7074.0,7002.0,7006.0,726966,899480,7036.0
豆油,Y,DCE,油脂,2013-12-17,7028.0,7054.0,7010.0,7022.0,698692,877380,7034.0
豆油,Y,DCE,油脂,2013-12-18,6982.0,7010.0,6930.0,7008.0,790586,863694,6962.0
豆油,Y,DCE,油脂,2013-12-19,6986.0,7016.0,6950.0,6952.0,642444,868940,6986.0
豆油,Y,DCE,油脂,2013-12-20,6978.0,7004.0,6956.0,6960.0,609588,874968,6978.0
豆油,Y,DCE,油脂,2013-12-23,6986.0,7008.0,6926.0,6982.0,757250,826172,6974.0
豆油,Y,DCE,油脂,2013-12-24,6962.0,6976.0,6914.0,6940.0,574462,834868,6946.0
豆油,Y,DCE,油脂,2013-12-25,6944.0,6952.0,6864.0,6882.0,635470,861044,6910.0
豆油,Y,DCE,油脂,2013-12-26,6882.0,6896.0,6856.0,6874.0,499348,878616,6876.0
豆油,Y,DCE,油脂,2013-12-27,6852.0,6928.0,6842.0,6922.0,557200,867086,6890.0
豆油,Y,DCE,油脂,2013-12-30,6920.0,6974.0,6894.0,6908.0,604936,821852,6930.0
豆油,Y,DCE,油脂,2013-12-31,6878.0,6894.0,6842.0,6850.0,430684,835414,6866.0
豆油,Y,DCE,油脂,2014-01-02,6866.0,6936.0,6866.0,6922.0,465014,845256,6898.0
豆油,Y,DCE,油脂,2014-01-03,6874.0,6880.0,6812.0,6822.0,538488,873722,6844.0
豆油,Y,DCE,油脂,2014-01-06,6798.0,6810.0,6692.0,6696.0,601708,895212,6736.0
豆油,Y,DCE,油脂,2014-01-07,6668.0,6680.0,6608.0,6612.0,671978,848374,6632.0
豆油,Y,DCE,油脂,2014-01-08,6620.0,6628.0,6574.0,6608.0,693480,804182,6606.0
豆油,Y,DCE,油脂,2014-01-09,6580.0,6674.0,6578.0,6636.0,592278,773850,6634.0
豆油,Y,DCE,油脂,2014-01-10,6660.0,6692.0,6634.0,6648.0,500784,772040,6662.0
豆油,Y,DCE,油脂,2014-01-13,6680.0,6688.0,6608.0,6626.0,487360,782556,6642.0
豆油,Y,DCE,油脂,2014-01-14,6612.0,6658.0,6610.0,6654.0,462744,767032,6640.0
豆油,Y,DCE,油脂,2014-01-15,6662.0,6662.0,6592.0,6612.0,491000,792768,6620.0
豆油,Y,DCE,油脂,2014-01-17,6642.0,6654.0,6594.0,6608.0,392842,765380,6612.0
豆油,Y,DCE,油脂,2014-01-20,6600.0,6716.0,6554.0,6702.0,805810,721044,6668.0
豆油,Y,DCE,油脂,2014-01-21,6708.0,6708.0,6662.0,6666.0,351098,725426,6676.0
豆油,Y,DCE,油脂,2014-01-22,6660.0,6688.0,6630.0,6662.0,439190,711454,6662.0
豆油,Y,DCE,油脂,2014-01-23,6642.0,6678.0,6638.0,6660.0,349170,702322,0.0
豆油,Y,DCE,油脂,2014-01-24,6650.0,6666.0,6606.0,6606.0,381828,737846,6632.0
豆油,Y,DCE,油脂,2014-01-27,6602.0,6608.0,6522.0,6536.0,469168,762592,6552.0
豆油,Y,DCE,油脂,2014-01-28,6502.0,6518.0,6430.0,6436.0,422758,767538,6470.0
豆油,Y,DCE,油脂,2014-01-29,6468.0,6494.0,6440.0,6450.0,218854,730506,6466.0
豆油,Y,DCE,油脂,2014-01-30,6432.0,6432.0,6370.0,6390.0,299596,709678,6396.0
豆油,Y,DCE,油脂,2014-02-07,6582.0,6630.0,6552.0,6614.0,450414,622962,6588.0
豆油,Y,DCE,油脂,2014-02-10,6610.0,6690.0,6602.0,6678.0,474574,686494,6660.0
豆油,Y,DCE,油脂,2014-02-11,6660.0,6670.0,6608.0,6618.0,328172,673426,6632.0
豆油,Y,DCE,油脂,2014-02-12,6648.0,6660.0,6612.0,6644.0,296998,668582,6634.0
豆油,Y,DCE,油脂,2014-02-13,6648.0,6706.0,6642.0,6678.0,378150,642194,6678.0
豆油,Y,DCE,油脂,2014-02-14,6726.0,6748.0,6722.0,6744.0,304812,618300,6736.0
豆油,Y,DCE,油脂,2014-02-17,6712.0,6734.0,6686.0,6728.0,320978,599480,6708.0
豆油,Y,DCE,油脂,2014-02-18,6740.0,6772.0,6694.0,6704.0,388904,572224,6738.0
豆油,Y,DCE,油脂,2014-02-19,6812.0,6860.0,6788.0,6798.0,355310,550252,6822.0
豆油,Y,DCE,油脂,2014-02-20,6800.0,6812.0,6754.0,6810.0,248420,540526,6784.0
豆油,Y,DCE,油脂,2014-02-21,6820.0,6830.0,6764.0,6772.0,227842,530360,6790.0
豆油,Y,DCE,油脂,2014-02-24,6876.0,6880.0,6820.0,6878.0,312408,532126,6856.0
豆油,Y,DCE,油脂,2014-02-25,6850.0,6860.0,6812.0,6836.0,290774,541448,6838.0
豆油,Y,DCE,油脂,2014-02-26,6832.0,6836.0,6764.0,6834.0,415582,529678,6798.0
豆油,Y,DCE,油脂,2014-02-27,6880.0,6930.0,6860.0,6876.0,536696,555764,6894.0
豆油,Y,DCE,油脂,2014-02-28,6840.0,6842.0,6770.0,6818.0,469728,565412,6800.0
豆油,Y,DCE,油脂,2014-03-03,6884.0,6942.0,6882.0,6920.0,518292,567786,6910.0
豆油,Y,DCE,油脂,2014-03-04,6910.0,6974.0,6902.0,6922.0,608652,559430,6946.0
豆油,Y,DCE,油脂,2014-03-05,7058.0,7096.0,7014.0,7094.0,708624,597434,7050.0
豆油,Y,DCE,油脂,2014-03-06,7062.0,7110.0,7040.0,7106.0,592222,605806,7074.0
豆油,Y,DCE,油脂,2014-03-10,7160.0,7170.0,7064.0,7160.0,776372,624008,7104.0
豆油,Y,DCE,油脂,2014-03-11,7078.0,7246.0,7052.0,7220.0,1022000,687246,7158.0
豆油,Y,DCE,油脂,2014-03-12,7146.0,7190.0,7128.0,7160.0,730724,652746,7162.0
豆油,Y,DCE,油脂,2014-03-14,7112.0,7140.0,7016.0,7052.0,776384,647860,7068.0
豆油,Y,DCE,油脂,2014-03-17,7024.0,7068.0,6982.0,7004.0,742222,656478,7028.0
豆油,Y,DCE,油脂,2014-03-18,6980.0,7034.0,6956.0,6960.0,780314,680106,6994.0
豆油,Y,DCE,油脂,2014-03-19,7000.0,7022.0,6972.0,7002.0,789036,728808,6998.0
豆油,Y,DCE,油脂,2014-03-20,6950.0,6968.0,6850.0,6864.0,847964,685686,6898.0
豆油,Y,DCE,油脂,2014-03-21,6804.0,6896.0,6804.0,6828.0,802624,688562,6856.0
豆油,Y,DCE,油脂,2014-03-24,6820.0,6886.0,6812.0,6872.0,465394,682348,6856.0
豆油,Y,DCE,油脂,2014-03-25,6840.0,6912.0,6818.0,6866.0,672440,676828,6860.0
豆油,Y,DCE,油脂,2014-03-26,6866.0,6934.0,6866.0,6922.0,533772,686140,6910.0
豆油,Y,DCE,油脂,2014-03-27,6902.0,6974.0,6878.0,6950.0,635120,674054,6928.0
豆油,Y,DCE,油脂,2014-03-28,6912.0,6952.0,6896.0,6926.0,517786,672052,6924.0
豆油,Y,DCE,油脂,2014-03-31,6930.0,6964.0,6906.0,6918.0,546160,675084,6930.0
豆油,Y,DCE,油脂,2014-04-01,6932.0,6958.0,6878.0,6924.0,553462,681106,6910.0
豆油,Y,DCE,油脂,2014-04-02,7010.0,7132.0,7010.0,7056.0,1067300,748520,7088.0
豆油,Y,DCE,油脂,2014-04-03,6986.0,7016.0,6962.0,6978.0,595712,725010,6986.0
豆油,Y,DCE,油脂,2014-04-04,7050.0,7068.0,7016.0,7066.0,478240,745952,7046.0
豆油,Y,DCE,油脂,2014-04-08,7012.0,7042.0,6992.0,7040.0,380540,767394,7022.0
豆油,Y,DCE,油脂,2014-04-09,7116.0,7116.0,7022.0,7038.0,634930,764734,7068.0
豆油,Y,DCE,油脂,2014-04-10,7100.0,7134.0,7034.0,7038.0,690084,746576,7080.0
豆油,Y,DCE,油脂,2014-04-11,7030.0,7040.0,6942.0,6994.0,655222,715278,6978.0
豆油,Y,DCE,油脂,2014-04-14,7016.0,7016.0,6966.0,6992.0,397122,709042,6988.0
豆油,Y,DCE,油脂,2014-04-15,7006.0,7014.0,6928.0,6930.0,574800,738122,6964.0
豆油,Y,DCE,油脂,2014-04-16,6986.0,7034.0,6962.0,7032.0,621422,671914,6998.0
豆油,Y,DCE,油脂,2014-04-17,7078.0,7094.0,7054.0,7076.0,421874,638360,7072.0
豆油,Y,DCE,油脂,2014-04-18,7058.0,7058.0,7008.0,7038.0,365526,621686,7030.0
豆油,Y,DCE,油脂,2014-04-21,7038.0,7072.0,6950.0,6958.0,475282,618116,7000.0
豆油,Y,DCE,油脂,2014-04-22,6952.0,7028.0,6930.0,7016.0,422794,616880,6986.0
豆油,Y,DCE,油脂,2014-04-23,6970.0,6990.0,6920.0,6966.0,502730,614390,6956.0
豆油,Y,DCE,油脂,2014-04-24,6964.0,6974.0,6938.0,6956.0,226456,616036,6954.0
豆油,Y,DCE,油脂,2014-04-25,6964.0,7008.0,6954.0,6974.0,436360,591222,6980.0
豆油,Y,DCE,油脂,2014-04-28,7016.0,7052.0,6996.0,7026.0,474644,579382,7026.0
豆油,Y,DCE,油脂,2014-04-29,6968.0,7014.0,6968.0,6998.0,396988,574932,6992.0
豆油,Y,DCE,油脂,2014-04-30,7004.0,7008.0,6978.0,6990.0,283078,546846,6990.0
豆油,Y,DCE,油脂,2014-05-05,6896.0,6906.0,6842.0,6852.0,409732,565224,6870.0
豆油,Y,DCE,油脂,2014-05-06,6826.0,6844.0,6808.0,6822.0,348152,564196,6828.0
豆油,Y,DCE,油脂,2014-05-07,6812.0,6846.0,6804.0,6822.0,261212,561644,6826.0
豆油,Y,DCE,油脂,2014-05-08,6820.0,6824.0,6768.0,6776.0,352110,574332,6784.0
豆油,Y,DCE,油脂,2014-05-09,6792.0,6832.0,6784.0,6824.0,290098,548826,6806.0
豆油,Y,DCE,油脂,2014-05-12,6832.0,6842.0,6810.0,6814.0,258224,545658,6822.0
豆油,Y,DCE,油脂,2014-05-13,6814.0,6886.0,6792.0,6882.0,402564,558270,6840.0
豆油,Y,DCE,油脂,2014-05-14,6890.0,6916.0,6868.0,6888.0,321820,539456,6888.0
豆油,Y,DCE,油脂,2014-05-15,6882.0,6908.0,6872.0,6892.0,270444,545308,6894.0
豆油,Y,DCE,油脂,2014-05-16,6884.0,6884.0,6812.0,6842.0,281168,537902,6840.0
豆油,Y,DCE,油脂,2014-05-19,6804.0,6818.0,6780.0,6786.0,295060,540602,6794.0
豆油,Y,DCE,油脂,2014-05-20,6772.0,6808.0,6754.0,6764.0,305248,535808,6780.0
豆油,Y,DCE,油脂,2014-05-21,6730.0,6756.0,6722.0,6726.0,262548,546948,6734.0
豆油,Y,DCE,油脂,2014-05-22,6762.0,6824.0,6762.0,6806.0,329434,515170,6796.0
豆油,Y,DCE,油脂,2014-05-23,6828.0,6854.0,6802.0,6834.0,258534,498964,6830.0
豆油,Y,DCE,油脂,2014-05-26,6802.0,6822.0,6784.0,6800.0,201580,501354,6802.0
豆油,Y,DCE,油脂,2014-05-27,6800.0,6830.0,6780.0,6790.0,318146,484340,6800.0
豆油,Y,DCE,油脂,2014-05-28,6766.0,6834.0,6750.0,6822.0,307056,488876,6784.0
豆油,Y,DCE,油脂,2014-05-29,6800.0,6822.0,6792.0,6798.0,195096,488026,6802.0
豆油,Y,DCE,油脂,2014-05-30,6776.0,6788.0,6750.0,6762.0,223938,488300,6768.0
豆油,Y,DCE,油脂,2014-06-03,6820.0,6840.0,6792.0,6828.0,145578,521888,6810.0
豆油,Y,DCE,油脂,2014-06-04,6828.0,6866.0,6808.0,6842.0,146452,522700,6844.0
豆油,Y,DCE,油脂,2014-06-05,6888.0,6928.0,6882.0,6884.0,200250,540872,6906.0
豆油,Y,DCE,油脂,2014-06-06,6866.0,6880.0,6836.0,6866.0,99004,539026,6856.0
豆油,Y,DCE,油脂,2014-06-09,6886.0,6900.0,6870.0,6886.0,123056,536636,6886.0
豆油,Y,DCE,油脂,2014-06-10,6900.0,6920.0,6838.0,6838.0,134306,534234,6872.0
豆油,Y,DCE,油脂,2014-06-11,6836.0,6858.0,6800.0,6818.0,143052,544702,6824.0
豆油,Y,DCE,油脂,2014-06-12,6810.0,6810.0,6764.0,6792.0,165550,540932,6786.0
豆油,Y,DCE,油脂,2014-06-13,6820.0,6848.0,6804.0,6838.0,213122,541600,6826.0
豆油,Y,DCE,油脂,2014-06-16,6900.0,6902.0,6854.0,6854.0,279212,533864,6878.0
豆油,Y,DCE,油脂,2014-06-17,6860.0,6864.0,6808.0,6836.0,397320,551366,6830.0
豆油,Y,DCE,油脂,2014-06-18,6840.0,6876.0,6826.0,6828.0,331872,569180,6848.0
豆油,Y,DCE,油脂,2014-06-19,6856.0,6880.0,6850.0,6856.0,272054,556592,6862.0
豆油,Y,DCE,油脂,2014-06-20,6876.0,6914.0,6860.0,6910.0,332782,535908,6890.0
豆油,Y,DCE,油脂,2014-06-23,6910.0,7046.0,6906.0,7034.0,556428,618390,6990.0
豆油,Y,DCE,油脂,2014-06-24,7026.0,7084.0,6998.0,7050.0,763242,665238,7048.0
豆油,Y,DCE,油脂,2014-06-25,7098.0,7104.0,7012.0,7038.0,608170,631808,7054.0
豆油,Y,DCE,油脂,2014-06-26,7032.0,7062.0,7026.0,7052.0,310948,645314,7044.0
豆油,Y,DCE,油脂,2014-06-27,7038.0,7052.0,6992.0,7004.0,346808,637290,7020.0
豆油,Y,DCE,油脂,2014-06-30,6972.0,6976.0,6930.0,6944.0,281750,626444,6956.0
豆油,Y,DCE,油脂,2014-07-01,6806.0,6812.0,6722.0,6768.0,537178,612916,6770.0
豆油,Y,DCE,油脂,2014-07-02,6780.0,6814.0,6770.0,6780.0,258232,615706,6790.0
豆油,Y,DCE,油脂,2014-07-03,6756.0,6790.0,6750.0,6768.0,220064,636360,6770.0
豆油,Y,DCE,油脂,2014-07-04,6770.0,6782.0,6724.0,6726.0,213012,635064,6750.0
豆油,Y,DCE,油脂,2014-07-07,6724.0,6742.0,6652.0,6676.0,375862,624890,6696.0
豆油,Y,DCE,油脂,2014-07-08,6696.0,6720.0,6656.0,6664.0,235552,639806,6686.0
豆油,Y,DCE,油脂,2014-07-09,6630.0,6638.0,6576.0,6578.0,411634,658976,6602.0
豆油,Y,DCE,油脂,2014-07-10,6528.0,6644.0,6512.0,6588.0,768214,672160,6582.0
豆油,Y,DCE,油脂,2014-07-11,6580.0,6600.0,6544.0,6556.0,320666,654410,6570.0
豆油,Y,DCE,油脂,2014-07-14,6500.0,6516.0,6468.0,6488.0,266668,651296,6494.0
豆油,Y,DCE,油脂,2014-07-15,6500.0,6520.0,6444.0,6448.0,318524,680026,6476.0
豆油,Y,DCE,油脂,2014-07-16,6480.0,6492.0,6452.0,6488.0,297090,676158,6472.0
豆油,Y,DCE,油脂,2014-07-17,6470.0,6498.0,6468.0,6486.0,178846,671170,6484.0
豆油,Y,DCE,油脂,2014-07-18,6420.0,6484.0,6410.0,6456.0,286958,688984,6456.0
豆油,Y,DCE,油脂,2014-07-21,6436.0,6468.0,6424.0,6430.0,201822,699018,6444.0
豆油,Y,DCE,油脂,2014-07-22,6400.0,6426.0,6390.0,6420.0,265184,719216,6410.0
豆油,Y,DCE,油脂,2014-07-23,6404.0,6418.0,6366.0,6378.0,310822,717522,6392.0
豆油,Y,DCE,油脂,2014-07-24,6422.0,6432.0,6396.0,6406.0,215656,716694,6412.0
豆油,Y,DCE,油脂,2014-07-25,6412.0,6430.0,6392.0,6396.0,203314,711128,6410.0
豆油,Y,DCE,油脂,2014-07-28,6438.0,6450.0,6402.0,6426.0,274268,718996,6424.0
豆油,Y,DCE,油脂,2014-07-29,6470.0,6488.0,6456.0,6478.0,285608,707208,6470.0
豆油,Y,DCE,油脂,2014-07-30,6446.0,6464.0,6426.0,6454.0,222268,704776,6442.0
豆油,Y,DCE,油脂,2014-07-31,6438.0,6486.0,6428.0,6460.0,255722,702336,6458.0
豆油,Y,DCE,油脂,2014-08-01,6460.0,6472.0,6414.0,6416.0,225496,699880,6434.0
豆油,Y,DCE,油脂,2014-08-04,6392.0,6412.0,6376.0,6400.0,273038,733542,6392.0
豆油,Y,DCE,油脂,2014-08-05,6434.0,6438.0,6394.0,6402.0,218532,721732,6414.0
豆油,Y,DCE,油脂,2014-08-06,6390.0,6406.0,6380.0,6382.0,162610,733176,6392.0
豆油,Y,DCE,油脂,2014-08-07,6408.0,6432.0,6404.0,6410.0,166822,725574,6414.0
豆油,Y,DCE,油脂,2014-08-08,6410.0,6420.0,6388.0,6410.0,154166,724222,6402.0
豆油,Y,DCE,油脂,2014-08-11,6406.0,6430.0,6392.0,6396.0,215840,722454,6408.0
豆油,Y,DCE,油脂,2014-08-12,6360.0,6360.0,6308.0,6322.0,330574,748072,6330.0
豆油,Y,DCE,油脂,2014-08-13,6330.0,6348.0,6310.0,6312.0,192688,748662,6330.0
豆油,Y,DCE,油脂,2014-08-14,6254.0,6254.0,6096.0,6112.0,645972,799044,6154.0
豆油,Y,DCE,油脂,2014-08-15,6100.0,6122.0,6028.0,6032.0,528832,839428,6078.0
豆油,Y,DCE,油脂,2014-08-18,5986.0,6016.0,5954.0,5996.0,556398,783476,5992.0
豆油,Y,DCE,油脂,2014-08-19,5992.0,6030.0,5990.0,5998.0,288148,779678,6008.0
豆油,Y,DCE,油脂,2014-08-20,5962.0,5998.0,5950.0,5980.0,354290,774172,5980.0
豆油,Y,DCE,油脂,2014-08-21,6010.0,6048.0,6000.0,6024.0,377296,755598,6020.0
豆油,Y,DCE,油脂,2014-08-22,6028.0,6044.0,6010.0,6030.0,232616,745042,6028.0
豆油,Y,DCE,油脂,2014-08-25,5900.0,6012.0,5896.0,6004.0,651006,762864,5950.0
豆油,Y,DCE,油脂,2014-08-26,6012.0,6038.0,5980.0,5982.0,454544,761512,6006.0
豆油,Y,DCE,油脂,2014-08-27,6032.0,6118.0,6030.0,6092.0,753628,747872,6086.0
豆油,Y,DCE,油脂,2014-08-28,6070.0,6084.0,6042.0,6076.0,344948,767920,6064.0
豆油,Y,DCE,油脂,2014-08-29,6076.0,6108.0,6034.0,6058.0,434602,793556,6068.0
豆油,Y,DCE,油脂,2014-09-01,6004.0,6026.0,5974.0,6010.0,385302,778022,5998.0
豆油,Y,DCE,油脂,2014-09-02,5992.0,6090.0,5984.0,6068.0,635108,821052,6044.0
豆油,Y,DCE,油脂,2014-09-03,6062.0,6074.0,6022.0,6028.0,377486,791504,6050.0
豆油,Y,DCE,油脂,2014-09-04,6020.0,6050.0,5992.0,6010.0,374056,774880,6020.0
豆油,Y,DCE,油脂,2014-09-05,6042.0,6060.0,6006.0,6030.0,408570,752982,6030.0
豆油,Y,DCE,油脂,2014-09-09,6026.0,6044.0,5950.0,5954.0,411502,769468,6000.0
豆油,Y,DCE,油脂,2014-09-10,5910.0,5944.0,5872.0,5884.0,509176,750586,5904.0
豆油,Y,DCE,油脂,2014-09-11,5900.0,5920.0,5856.0,5884.0,458960,784004,5884.0
豆油,Y,DCE,油脂,2014-09-12,5896.0,5968.0,5888.0,5960.0,509606,742404,5940.0
豆油,Y,DCE,油脂,2014-09-15,5990.0,6050.0,5956.0,6040.0,716630,783724,6012.0
豆油,Y,DCE,油脂,2014-09-16,6080.0,6150.0,6038.0,6048.0,890414,742810,6096.0
豆油,Y,DCE,油脂,2014-09-17,6038.0,6076.0,6028.0,6058.0,460888,761024,6056.0
豆油,Y,DCE,油脂,2014-09-18,6100.0,6112.0,6054.0,6060.0,416232,766664,6072.0
豆油,Y,DCE,油脂,2014-09-19,6000.0,6014.0,5942.0,5942.0,429690,761396,5970.0
豆油,Y,DCE,油脂,2014-09-22,5928.0,5928.0,5774.0,5796.0,704780,767762,5840.0
豆油,Y,DCE,油脂,2014-09-23,5796.0,5868.0,5790.0,5830.0,442852,757474,5836.0
豆油,Y,DCE,油脂,2014-09-24,5842.0,5894.0,5842.0,5868.0,464050,789638,5872.0
豆油,Y,DCE,油脂,2014-09-25,5938.0,5984.0,5930.0,5970.0,512468,767230,5958.0
豆油,Y,DCE,油脂,2014-09-26,5930.0,5938.0,5830.0,5902.0,623332,767112,5886.0
豆油,Y,DCE,油脂,2014-09-29,5810.0,5860.0,5808.0,5836.0,314822,751800,5836.0
豆油,Y,DCE,油脂,2014-09-30,5924.0,5958.0,5890.0,5898.0,313544,713078,5920.0
豆油,Y,DCE,油脂,2014-10-08,6042.0,6042.0,5980.0,5980.0,18,26,6010.0
豆油,Y,DCE,油脂,2014-10-09,5912.0,5982.0,5910.0,5980.0,385818,741562,5946.0
豆油,Y,DCE,油脂,2014-10-10,5952.0,5952.0,5876.0,5910.0,459666,688036,5916.0
豆油,Y,DCE,油脂,2014-10-13,5880.0,5930.0,5878.0,5900.0,327194,703996,5908.0
豆油,Y,DCE,油脂,2014-10-14,5950.0,6002.0,5946.0,5992.0,452840,688486,5976.0
豆油,Y,DCE,油脂,2014-10-15,5954.0,5974.0,5914.0,5920.0,342726,691022,5944.0
豆油,Y,DCE,油脂,2014-10-16,5882.0,5900.0,5826.0,5828.0,401926,703416,5868.0
豆油,Y,DCE,油脂,2014-10-17,5874.0,5882.0,5786.0,5802.0,512108,733472,5834.0
豆油,Y,DCE,油脂,2014-10-20,5800.0,5802.0,5696.0,5708.0,609480,759966,5722.0
豆油,Y,DCE,油脂,2014-10-21,5720.0,5748.0,5686.0,5698.0,436958,759044,5714.0
豆油,Y,DCE,油脂,2014-10-22,5714.0,5756.0,5700.0,5738.0,360042,698156,5730.0
豆油,Y,DCE,油脂,2014-10-23,5750.0,5824.0,5738.0,5814.0,468566,634234,5790.0
豆油,Y,DCE,油脂,2014-10-24,5862.0,5880.0,5800.0,5810.0,373546,604378,5840.0
豆油,Y,DCE,油脂,2014-10-27,5780.0,5780.0,5738.0,5744.0,241598,621018,5754.0
豆油,Y,DCE,油脂,2014-10-28,5796.0,5796.0,5732.0,5748.0,277102,623204,5754.0
豆油,Y,DCE,油脂,2014-10-29,5804.0,5878.0,5784.0,5876.0,581018,622402,5824.0
豆油,Y,DCE,油脂,2014-10-30,5970.0,6034.0,5942.0,5978.0,774104,503206,5982.0
豆油,Y,DCE,油脂,2014-10-31,5980.0,6028.0,5938.0,6022.0,391892,470948,5976.0
豆油,Y,DCE,油脂,2014-11-03,6120.0,6136.0,6062.0,6068.0,336748,547558,6100.0
豆油,Y,DCE,油脂,2014-11-04,5992.0,6026.0,5948.0,5974.0,375726,556238,5994.0
豆油,Y,DCE,油脂,2014-11-05,5894.0,5932.0,5816.0,5820.0,520418,564368,5878.0
豆油,Y,DCE,油脂,2014-11-06,5860.0,5884.0,5832.0,5864.0,348230,572556,5854.0
豆油,Y,DCE,油脂,2014-11-07,5854.0,5950.0,5844.0,5920.0,504216,566486,5900.0
豆油,Y,DCE,油脂,2014-11-10,5918.0,5962.0,5904.0,5956.0,456296,556694,5934.0
豆油,Y,DCE,油脂,2014-11-11,5916.0,5930.0,5892.0,5914.0,378842,557088,5908.0
豆油,Y,DCE,油脂,2014-11-12,6000.0,6018.0,5982.0,5988.0,455254,562966,5998.0
豆油,Y,DCE,油脂,2014-11-13,5910.0,5938.0,5890.0,5926.0,361640,584088,5916.0
豆油,Y,DCE,油脂,2014-11-14,5892.0,5926.0,5868.0,5880.0,505148,606398,5900.0
豆油,Y,DCE,油脂,2014-11-17,5900.0,5942.0,5872.0,5880.0,458206,630276,5900.0
豆油,Y,DCE,油脂,2014-11-18,5912.0,5914.0,5826.0,5870.0,381918,643632,5856.0
豆油,Y,DCE,油脂,2014-11-19,5878.0,5916.0,5840.0,5880.0,472710,630058,5874.0
豆油,Y,DCE,油脂,2014-11-20,5858.0,5878.0,5808.0,5818.0,400842,653716,5848.0
豆油,Y,DCE,油脂,2014-11-21,5840.0,5864.0,5826.0,5852.0,292716,629662,5844.0
豆油,Y,DCE,油脂,2014-11-24,5880.0,5920.0,5858.0,5870.0,486200,615348,5888.0
豆油,Y,DCE,油脂,2014-11-25,5918.0,5932.0,5884.0,5894.0,453138,618944,5906.0
豆油,Y,DCE,油脂,2014-11-26,5904.0,5926.0,5876.0,5876.0,413900,604474,5904.0
豆油,Y,DCE,油脂,2014-11-27,5890.0,5910.0,5856.0,5908.0,327092,600918,5884.0
豆油,Y,DCE,油脂,2014-11-28,5840.0,5840.0,5780.0,5800.0,474650,657892,5802.0
豆油,Y,DCE,油脂,2014-12-01,5604.0,5650.0,5570.0,5570.0,346956,676704,5580.0
豆油,Y,DCE,油脂,2014-12-02,5680.0,5704.0,5628.0,5648.0,478574,663352,5668.0
豆油,Y,DCE,油脂,2014-12-03,5540.0,5664.0,5540.0,5654.0,556660,679992,5604.0
豆油,Y,DCE,油脂,2014-12-04,5676.0,5706.0,5654.0,5682.0,439348,680602,5682.0
豆油,Y,DCE,油脂,2014-12-05,5678.0,5730.0,5642.0,5716.0,379366,675242,5686.0
豆油,Y,DCE,油脂,2014-12-08,5730.0,5780.0,5726.0,5746.0,443096,644508,5758.0
豆油,Y,DCE,油脂,2014-12-09,5724.0,5728.0,5652.0,5716.0,400250,620986,5688.0
豆油,Y,DCE,油脂,2014-12-10,5746.0,5774.0,5720.0,5734.0,345244,621734,5748.0
豆油,Y,DCE,油脂,2014-12-11,5680.0,5718.0,5670.0,5672.0,303708,629122,5690.0
豆油,Y,DCE,油脂,2014-12-12,5692.0,5728.0,5660.0,5662.0,350794,643410,5696.0
豆油,Y,DCE,油脂,2014-12-15,5694.0,5720.0,5664.0,5690.0,342672,630546,5698.0
豆油,Y,DCE,油脂,2014-12-16,5672.0,5680.0,5612.0,5624.0,372122,659758,5638.0
豆油,Y,DCE,油脂,2014-12-17,5612.0,5648.0,5594.0,5622.0,248728,656330,5616.0
豆油,Y,DCE,油脂,2014-12-18,5636.0,5646.0,5608.0,5608.0,202406,639034,5630.0
豆油,Y,DCE,油脂,2014-12-19,5616.0,5628.0,5582.0,5586.0,111144,658672,5596.0
豆油,Y,DCE,油脂,2014-12-22,5606.0,5662.0,5600.0,5634.0,259694,633536,5632.0
豆油,Y,DCE,油脂,2014-12-23,5620.0,5648.0,5610.0,5618.0,230524,624028,5626.0
豆油,Y,DCE,油脂,2014-12-24,5624.0,5646.0,5584.0,5596.0,263956,626488,5614.0
豆油,Y,DCE,油脂,2014-12-25,5572.0,5614.0,5572.0,5604.0,137358,629234,5600.0
豆油,Y,DCE,油脂,2014-12-26,5620.0,5634.0,5600.0,5604.0,203088,638510,5616.0
豆油,Y,DCE,油脂,2014-12-29,5632.0,5750.0,5592.0,5712.0,506458,650994,5690.0
豆油,Y,DCE,油脂,2014-12-30,5718.0,5794.0,5698.0,5732.0,360370,654460,5730.0
豆油,Y,DCE,油脂,2014-12-31,5710.0,5754.0,5702.0,5744.0,301902,650642,5728.0
豆油,Y,DCE,油脂,2015-01-05,5670.0,5690.0,5610.0,5650.0,267922,656812,5650.0
豆油,Y,DCE,油脂,2015-01-06,5622.0,5716.0,5622.0,5702.0,317880,664274,5684.0
豆油,Y,DCE,油脂,2015-01-07,5696.0,5736.0,5670.0,5692.0,273406,666324,5700.0
豆油,Y,DCE,油脂,2015-01-08,5736.0,5772.0,5712.0,5736.0,434430,677466,5742.0
豆油,Y,DCE,油脂,2015-01-09,5752.0,5778.0,5716.0,5740.0,385642,677210,5748.0
豆油,Y,DCE,油脂,2015-01-12,5740.0,5766.0,5728.0,5742.0,241866,671472,5746.0
豆油,Y,DCE,油脂,2015-01-13,5736.0,5738.0,5636.0,5646.0,288724,667594,5680.0
豆油,Y,DCE,油脂,2015-01-14,5652.0,5676.0,5596.0,5614.0,384290,682980,5630.0
豆油,Y,DCE,油脂,2015-01-15,5614.0,5650.0,5576.0,5636.0,390866,708976,5618.0
豆油,Y,DCE,油脂,2015-01-16,5636.0,5682.0,5596.0,5612.0,408148,710654,5626.0
豆油,Y,DCE,油脂,2015-01-19,5610.0,5692.0,5442.0,5584.0,921850,679392,5604.0
豆油,Y,DCE,油脂,2015-01-20,5580.0,5614.0,5554.0,5604.0,342626,691060,5580.0
豆油,Y,DCE,油脂,2015-01-21,5608.0,5654.0,5582.0,5630.0,516624,702504,5616.0
豆油,Y,DCE,油脂,2015-01-22,5616.0,5640.0,5586.0,5592.0,433788,735694,5616.0
豆油,Y,DCE,油脂,2015-01-23,5608.0,5612.0,5540.0,5556.0,498800,725652,5566.0
豆油,Y,DCE,油脂,2015-01-26,5560.0,5562.0,5506.0,5510.0,315804,714920,5526.0
豆油,Y,DCE,油脂,2015-01-27,5522.0,5540.0,5478.0,5482.0,365634,702280,5518.0
豆油,Y,DCE,油脂,2015-01-28,5506.0,5520.0,5452.0,5482.0,379924,673796,5482.0
豆油,Y,DCE,油脂,2015-01-29,5480.0,5480.0,5396.0,5426.0,429904,649072,5436.0
豆油,Y,DCE,油脂,2015-01-30,5390.0,5418.0,5308.0,5348.0,598826,664592,5358.0
豆油,Y,DCE,油脂,2015-02-02,5372.0,5438.0,5322.0,5390.0,477786,680444,5378.0
豆油,Y,DCE,油脂,2015-02-03,5436.0,5456.0,5410.0,5442.0,389682,690164,5426.0
豆油,Y,DCE,油脂,2015-02-04,5466.0,5524.0,5426.0,5434.0,448738,657336,5470.0
豆油,Y,DCE,油脂,2015-02-05,5442.0,5492.0,5410.0,5446.0,500812,658624,5444.0
豆油,Y,DCE,油脂,2015-02-06,5512.0,5570.0,5474.0,5510.0,697722,632954,5512.0
豆油,Y,DCE,油脂,2015-02-09,5536.0,5538.0,5488.0,5500.0,319444,628664,5506.0
豆油,Y,DCE,油脂,2015-02-10,5474.0,5528.0,5470.0,5516.0,232768,615542,5504.0
豆油,Y,DCE,油脂,2015-02-11,5500.0,5510.0,5468.0,5498.0,238040,611676,5488.0
豆油,Y,DCE,油脂,2015-02-12,5478.0,5496.0,5456.0,5474.0,199094,603066,5476.0
豆油,Y,DCE,油脂,2015-02-13,5490.0,5582.0,5480.0,5572.0,316532,566204,5538.0
豆油,Y,DCE,油脂,2015-02-16,5562.0,5604.0,5544.0,5566.0,195888,550176,5574.0
豆油,Y,DCE,油脂,2015-02-17,5556.0,5590.0,5556.0,5566.0,65210,542420,5568.0
豆油,Y,DCE,油脂,2015-02-25,5570.0,5570.0,5428.0,5520.0,124134,539630,5504.0
豆油,Y,DCE,油脂,2015-02-26,5512.0,5570.0,5512.0,5558.0,175122,548028,5548.0
豆油,Y,DCE,油脂,2015-02-27,5564.0,5670.0,5540.0,5666.0,334290,565618,5610.0
豆油,Y,DCE,油脂,2015-03-02,5690.0,5758.0,5672.0,5740.0,411866,547382,5714.0
豆油,Y,DCE,油脂,2015-03-03,5740.0,5784.0,5634.0,5664.0,405712,502932,5698.0
豆油,Y,DCE,油脂,2015-03-04,5712.0,5736.0,5654.0,5704.0,310000,560780,5700.0
豆油,Y,DCE,油脂,2015-03-05,5682.0,5684.0,5566.0,5584.0,396500,555394,5604.0
豆油,Y,DCE,油脂,2015-03-06,5572.0,5582.0,5494.0,5496.0,341882,558416,5534.0
豆油,Y,DCE,油脂,2015-03-09,5500.0,5532.0,5466.0,5520.0,371016,589892,5506.0
豆油,Y,DCE,油脂,2015-03-10,5506.0,5524.0,5456.0,5462.0,423292,632868,5496.0
豆油,Y,DCE,油脂,2015-03-11,5460.0,5488.0,5436.0,5468.0,366742,648626,5462.0
豆油,Y,DCE,油脂,2015-03-12,5482.0,5500.0,5450.0,5474.0,386024,665498,5472.0
豆油,Y,DCE,油脂,2015-03-13,5466.0,5490.0,5444.0,5448.0,316368,684914,5460.0
豆油,Y,DCE,油脂,2015-03-16,5438.0,5444.0,5270.0,5378.0,524046,716036,5386.0
豆油,Y,DCE,油脂,2015-03-17,5380.0,5410.0,5356.0,5406.0,379048,742312,5386.0
豆油,Y,DCE,油脂,2015-03-18,5360.0,5380.0,5338.0,5362.0,477086,778628,5358.0
豆油,Y,DCE,油脂,2015-03-19,5400.0,5482.0,5384.0,5444.0,731406,793950,5434.0
豆油,Y,DCE,油脂,2015-03-20,5422.0,5456.0,5394.0,5412.0,514352,821390,5422.0
豆油,Y,DCE,油脂,2015-03-23,5390.0,5464.0,5372.0,5448.0,546948,847360,5436.0
豆油,Y,DCE,油脂,2015-03-24,5468.0,5518.0,5452.0,5470.0,708316,881874,5484.0
豆油,Y,DCE,油脂,2015-03-25,5480.0,5494.0,5440.0,5444.0,456022,884280,5464.0
豆油,Y,DCE,油脂,2015-03-26,5474.0,5484.0,5426.0,5472.0,495072,884392,5460.0
豆油,Y,DCE,油脂,2015-03-27,5470.0,5480.0,5416.0,5436.0,426910,877232,5446.0
豆油,Y,DCE,油脂,2015-03-30,5436.0,5446.0,5360.0,5372.0,437892,878876,5392.0
豆油,Y,DCE,油脂,2015-03-31,5386.0,5408.0,5342.0,5352.0,424180,884134,5372.0
豆油,Y,DCE,油脂,2015-04-01,5332.0,5404.0,5326.0,5360.0,548278,906360,5364.0
豆油,Y,DCE,油脂,2015-04-02,5370.0,5428.0,5336.0,5394.0,606874,905922,5386.0
豆油,Y,DCE,油脂,2015-04-03,5386.0,5408.0,5368.0,5398.0,363632,903030,5386.0
豆油,Y,DCE,油脂,2015-04-07,5426.0,5478.0,5420.0,5448.0,284570,895846,5444.0
豆油,Y,DCE,油脂,2015-04-08,5420.0,5446.0,5392.0,5414.0,364436,905794,5418.0
豆油,Y,DCE,油脂,2015-04-09,5394.0,5406.0,5360.0,5366.0,370920,899430,5378.0
豆油,Y,DCE,油脂,2015-04-10,5360.0,5394.0,5346.0,5368.0,400348,897416,5370.0
豆油,Y,DCE,油脂,2015-04-13,5368.0,5462.0,5368.0,5456.0,624514,926028,5428.0
豆油,Y,DCE,油脂,2015-04-14,5438.0,5472.0,5414.0,5432.0,462312,905368,5442.0
豆油,Y,DCE,油脂,2015-04-15,5450.0,5588.0,5440.0,5570.0,1307738,1002888,5526.0
豆油,Y,DCE,油脂,2015-04-16,5560.0,5642.0,5542.0,5584.0,1135694,983842,5590.0
豆油,Y,DCE,油脂,2015-04-17,5570.0,5608.0,5556.0,5560.0,626078,973268,5578.0
豆油,Y,DCE,油脂,2015-04-20,5560.0,5652.0,5554.0,5638.0,1041920,983362,5608.0
豆油,Y,DCE,油脂,2015-04-21,5622.0,5696.0,5608.0,5686.0,1014494,1002352,5658.0
豆油,Y,DCE,油脂,2015-04-22,5682.0,5716.0,5608.0,5652.0,944158,977686,5662.0
豆油,Y,DCE,油脂,2015-04-23,5660.0,5718.0,5632.0,5674.0,1031080,1006140,5670.0
豆油,Y,DCE,油脂,2015-04-24,5690.0,5744.0,5646.0,5672.0,1205596,936134,5702.0
豆油,Y,DCE,油脂,2015-04-27,5676.0,5712.0,5622.0,5698.0,849102,975890,5670.0
豆油,Y,DCE,油脂,2015-04-28,5690.0,5746.0,5660.0,5678.0,942670,986638,5700.0
豆油,Y,DCE,油脂,2015-04-29,5686.0,5700.0,5628.0,5648.0,660264,980530,5666.0
豆油,Y,DCE,油脂,2015-04-30,5662.0,5716.0,5632.0,5696.0,755276,999972,5684.0
豆油,Y,DCE,油脂,2015-05-04,5684.0,5812.0,5674.0,5806.0,908668,1094554,5768.0
豆油,Y,DCE,油脂,2015-05-05,5818.0,5934.0,5816.0,5878.0,1425754,1118866,5872.0
豆油,Y,DCE,油脂,2015-05-06,5896.0,5988.0,5892.0,5946.0,1398154,1112446,5930.0
豆油,Y,DCE,油脂,2015-05-07,5950.0,5958.0,5860.0,5890.0,1119022,1083092,5904.0
豆油,Y,DCE,油脂,2015-05-08,5886.0,5886.0,5810.0,5814.0,934224,1035280,5842.0
豆油,Y,DCE,油脂,2015-05-11,5840.0,5924.0,5822.0,5920.0,979014,1055362,5880.0
豆油,Y,DCE,油脂,2015-05-12,5916.0,5946.0,5868.0,5890.0,970910,1030900,5908.0
豆油,Y,DCE,油脂,2015-05-13,5920.0,5942.0,5882.0,5888.0,966702,1024800,5916.0
豆油,Y,DCE,油脂,2015-05-14,5886.0,5898.0,5836.0,5884.0,818794,1028274,5862.0
豆油,Y,DCE,油脂,2015-05-15,5898.0,5918.0,5850.0,5880.0,1070172,986326,5886.0
豆油,Y,DCE,油脂,2015-05-18,5852.0,5870.0,5826.0,5864.0,637412,950424,5840.0
豆油,Y,DCE,油脂,2015-05-19,5860.0,5866.0,5762.0,5772.0,662408,920682,5806.0
豆油,Y,DCE,油脂,2015-05-20,5752.0,5754.0,5626.0,5674.0,883958,884216,5680.0
豆油,Y,DCE,油脂,2015-05-21,5690.0,5724.0,5668.0,5704.0,539460,877568,5702.0
豆油,Y,DCE,油脂,2015-05-22,5724.0,5750.0,5684.0,5706.0,528966,870116,5718.0
豆油,Y,DCE,油脂,2015-05-25,5678.0,5694.0,5632.0,5672.0,512664,874936,5660.0
豆油,Y,DCE,油脂,2015-05-26,5662.0,5820.0,5662.0,5762.0,888554,835906,5750.0
豆油,Y,DCE,油脂,2015-05-27,5750.0,5806.0,5744.0,5756.0,714074,795406,5772.0
豆油,Y,DCE,油脂,2015-05-28,5722.0,5810.0,5720.0,5754.0,703746,773168,5760.0
豆油,Y,DCE,油脂,2015-05-29,5760.0,5776.0,5732.0,5738.0,466280,756410,5752.0
豆油,Y,DCE,油脂,2015-06-01,5752.0,5892.0,5742.0,5856.0,1220394,734678,5836.0
豆油,Y,DCE,油脂,2015-06-02,5878.0,5950.0,5878.0,5912.0,1041176,699784,5914.0
豆油,Y,DCE,油脂,2015-06-03,5908.0,5936.0,5828.0,5832.0,762444,642050,5882.0
豆油,Y,DCE,油脂,2015-06-04,5832.0,5866.0,5770.0,5822.0,663920,616910,5822.0
豆油,Y,DCE,油脂,2015-06-05,5822.0,5842.0,5750.0,5808.0,616906,593358,5792.0
豆油,Y,DCE,油脂,2015-06-08,5822.0,5852.0,5766.0,5780.0,607636,597008,5804.0
豆油,Y,DCE,油脂,2015-06-09,5766.0,5792.0,5696.0,5722.0,544706,563260,5742.0
豆油,Y,DCE,油脂,2015-06-10,5730.0,5756.0,5712.0,5742.0,356548,544440,5736.0
豆油,Y,DCE,油脂,2015-06-11,5760.0,5782.0,5736.0,5764.0,363006,531674,5756.0
豆油,Y,DCE,油脂,2015-06-12,5754.0,5756.0,5662.0,5666.0,412330,496792,5698.0
豆油,Y,DCE,油脂,2015-06-15,5698.0,5708.0,5630.0,5672.0,269038,467490,5678.0
豆油,Y,DCE,油脂,2015-06-16,5820.0,5922.0,5790.0,5920.0,479556,507934,5870.0
豆油,Y,DCE,油脂,2015-06-17,5924.0,5956.0,5870.0,5922.0,603032,515608,5920.0
豆油,Y,DCE,油脂,2015-06-18,5920.0,5962.0,5842.0,5852.0,595626,521046,5902.0
豆油,Y,DCE,油脂,2015-06-19,5832.0,5868.0,5796.0,5848.0,499496,511922,5836.0
豆油,Y,DCE,油脂,2015-06-23,5988.0,5988.0,5650.0,5650.0,4,2,5818.0
豆油,Y,DCE,油脂,2015-06-24,5834.0,5902.0,5820.0,5876.0,509568,539366,5860.0
豆油,Y,DCE,油脂,2015-06-25,5888.0,5942.0,5862.0,5864.0,594190,557356,5904.0
豆油,Y,DCE,油脂,2015-06-26,5882.0,5918.0,5776.0,5830.0,730364,536566,5866.0
豆油,Y,DCE,油脂,2015-06-29,5880.0,5894.0,5762.0,5782.0,659902,546018,5828.0
豆油,Y,DCE,油脂,2015-06-30,5800.0,5816.0,5666.0,5716.0,631540,522948,5734.0
豆油,Y,DCE,油脂,2015-07-01,5708.0,5924.0,5700.0,5862.0,625622,472502,5828.0
豆油,Y,DCE,油脂,2015-07-03,5868.0,5868.0,5868.0,5868.0,2,58,5868.0
豆油,Y,DCE,油脂,2015-07-06,5826.0,5830.0,5646.0,5726.0,585762,439378,5736.0
豆油,Y,DCE,油脂,2015-07-07,5720.0,5762.0,5648.0,5678.0,563438,450310,5702.0
豆油,Y,DCE,油脂,2015-07-08,5650.0,5654.0,5474.0,5474.0,460374,412918,5532.0
豆油,Y,DCE,油脂,2015-07-09,5390.0,5628.0,5202.0,5548.0,999486,394834,5454.0
豆油,Y,DCE,油脂,2015-07-10,5602.0,5672.0,5582.0,5672.0,492692,433090,5640.0
豆油,Y,DCE,油脂,2015-07-13,5726.0,5750.0,5574.0,5644.0,601050,443936,5656.0
豆油,Y,DCE,油脂,2015-07-14,5638.0,5774.0,5604.0,5728.0,758096,463884,5706.0
豆油,Y,DCE,油脂,2015-07-15,5730.0,5766.0,5666.0,5690.0,708722,507784,5720.0
豆油,Y,DCE,油脂,2015-07-16,5670.0,5688.0,5602.0,5658.0,537944,509568,5644.0
豆油,Y,DCE,油脂,2015-07-17,5680.0,5704.0,5584.0,5624.0,606724,529812,5638.0
豆油,Y,DCE,油脂,2015-07-20,5600.0,5656.0,5566.0,5646.0,667410,523874,5614.0
豆油,Y,DCE,油脂,2015-07-21,5654.0,5692.0,5634.0,5688.0,617350,532490,5662.0
豆油,Y,DCE,油脂,2015-07-22,5698.0,5714.0,5648.0,5674.0,502226,530458,5686.0
豆油,Y,DCE,油脂,2015-07-23,5650.0,5654.0,5600.0,5604.0,492832,554282,5624.0
豆油,Y,DCE,油脂,2015-07-24,5610.0,5634.0,5556.0,5582.0,512420,555708,5594.0
豆油,Y,DCE,油脂,2015-07-27,5560.0,5592.0,5468.0,5490.0,655820,572548,5526.0
豆油,Y,DCE,油脂,2015-07-28,5462.0,5498.0,5420.0,5474.0,523390,564458,5460.0
豆油,Y,DCE,油脂,2015-07-29,5470.0,5542.0,5470.0,5502.0,516644,567262,5506.0
豆油,Y,DCE,油脂,2015-07-30,5488.0,5528.0,5468.0,5488.0,441224,579688,5496.0
豆油,Y,DCE,油脂,2015-07-31,5520.0,5542.0,5476.0,5484.0,412152,594588,5508.0
豆油,Y,DCE,油脂,2015-08-03,5472.0,5500.0,5382.0,5402.0,497370,607606,5440.0
豆油,Y,DCE,油脂,2015-08-04,5382.0,5452.0,5364.0,5446.0,533788,612258,5412.0
豆油,Y,DCE,油脂,2015-08-05,5470.0,5508.0,5456.0,5496.0,563128,628176,5480.0
豆油,Y,DCE,油脂,2015-08-06,5490.0,5494.0,5422.0,5432.0,457588,630424,5452.0
豆油,Y,DCE,油脂,2015-08-07,5438.0,5502.0,5386.0,5494.0,709186,662390,5450.0
豆油,Y,DCE,油脂,2015-08-10,5476.0,5588.0,5462.0,5530.0,722070,677694,5512.0
豆油,Y,DCE,油脂,2015-08-11,5524.0,5658.0,5522.0,5612.0,1000500,678904,5594.0
豆油,Y,DCE,油脂,2015-08-12,5582.0,5662.0,5556.0,5662.0,806346,684214,5602.0
豆油,Y,DCE,油脂,2015-08-13,5664.0,5736.0,5466.0,5604.0,992694,644250,5628.0
豆油,Y,DCE,油脂,2015-08-14,5588.0,5622.0,5526.0,5528.0,684888,635290,5574.0
豆油,Y,DCE,油脂,2015-08-17,5512.0,5596.0,5512.0,5584.0,578566,647156,5554.0
豆油,Y,DCE,油脂,2015-08-18,5606.0,5626.0,5522.0,5536.0,579794,647876,5578.0
豆油,Y,DCE,油脂,2015-08-19,5534.0,5566.0,5486.0,5558.0,689676,649038,5526.0
豆油,Y,DCE,油脂,2015-08-20,5556.0,5592.0,5500.0,5520.0,786540,666248,5542.0
豆油,Y,DCE,油脂,2015-08-21,5548.0,5614.0,5532.0,5564.0,836972,651896,5566.0
豆油,Y,DCE,油脂,2015-08-24,5544.0,5570.0,5344.0,5344.0,1004028,646874,5434.0
豆油,Y,DCE,油脂,2015-08-25,5274.0,5390.0,5180.0,5202.0,1312074,585968,5298.0
豆油,Y,DCE,油脂,2015-08-26,5324.0,5358.0,5224.0,5242.0,1019384,530804,5288.0
豆油,Y,DCE,油脂,2015-08-27,5268.0,5320.0,5228.0,5314.0,735532,535760,5272.0
豆油,Y,DCE,油脂,2015-08-28,5340.0,5454.0,5322.0,5408.0,1052194,534416,5390.0
豆油,Y,DCE,油脂,2015-08-31,5412.0,5430.0,5360.0,5378.0,725834,525946,5388.0
豆油,Y,DCE,油脂,2015-09-01,5356.0,5440.0,5344.0,5392.0,607048,505626,5386.0
豆油,Y,DCE,油脂,2015-09-02,5376.0,5392.0,5320.0,5360.0,466724,506680,5358.0
豆油,Y,DCE,油脂,2015-09-03,5376.0,5392.0,5320.0,5358.0,0,506680,5358.0
豆油,Y,DCE,油脂,2015-09-07,5600.0,5650.0,5520.0,5640.0,222,18244,5602.0
豆油,Y,DCE,油脂,2015-09-08,5340.0,5408.0,5324.0,5394.0,448350,540210,5360.0
豆油,Y,DCE,油脂,2015-09-09,5420.0,5438.0,5398.0,5404.0,584294,545388,5418.0
豆油,Y,DCE,油脂,2015-09-10,5416.0,5448.0,5368.0,5440.0,641788,543568,5402.0
豆油,Y,DCE,油脂,2015-09-11,5440.0,5470.0,5422.0,5426.0,588360,528300,5444.0
豆油,Y,DCE,油脂,2015-09-14,5402.0,5442.0,5356.0,5426.0,645106,526434,5408.0
豆油,Y,DCE,油脂,2015-09-15,5444.0,5492.0,5390.0,5402.0,807730,538332,5450.0
豆油,Y,DCE,油脂,2015-09-16,5390.0,5418.0,5366.0,5416.0,658020,540234,5392.0
豆油,Y,DCE,油脂,2015-09-17,5424.0,5430.0,5382.0,5384.0,527706,540872,5404.0
豆油,Y,DCE,油脂,2015-09-18,5374.0,5418.0,5368.0,5376.0,499992,548002,5390.0
豆油,Y,DCE,油脂,2015-09-21,5358.0,5388.0,5330.0,5382.0,463540,527650,5354.0
豆油,Y,DCE,油脂,2015-09-22,5390.0,5400.0,5310.0,5324.0,616492,557136,5354.0
豆油,Y,DCE,油脂,2015-09-23,5310.0,5332.0,5272.0,5292.0,677168,562912,5302.0
豆油,Y,DCE,油脂,2015-09-24,5316.0,5342.0,5288.0,5326.0,581564,533880,5312.0
豆油,Y,DCE,油脂,2015-09-25,5312.0,5432.0,5304.0,5408.0,1127426,515878,5386.0
豆油,Y,DCE,油脂,2015-09-28,5452.0,5468.0,5414.0,5442.0,405324,539792,5436.0
豆油,Y,DCE,油脂,2015-09-29,5460.0,5460.0,5334.0,5362.0,689774,501942,5388.0
豆油,Y,DCE,油脂,2015-09-30,5402.0,5420.0,5372.0,5406.0,367214,503582,5400.0
豆油,Y,DCE,油脂,2015-10-01,5402.0,5420.0,5372.0,5400.0,0,503582,5400.0
豆油,Y,DCE,油脂,2015-10-08,5884.0,5884.0,5720.0,5720.0,20,44,5802.0
豆油,Y,DCE,油脂,2015-10-09,5440.0,5546.0,5438.0,5520.0,634732,595472,5494.0
豆油,Y,DCE,油脂,2015-10-12,5530.0,5650.0,5484.0,5628.0,1009926,578238,5582.0
豆油,Y,DCE,油脂,2015-10-13,5624.0,5666.0,5554.0,5648.0,910656,610900,5612.0
豆油,Y,DCE,油脂,2015-10-14,5658.0,5668.0,5624.0,5634.0,709030,620428,5644.0
豆油,Y,DCE,油脂,2015-10-15,5668.0,5686.0,5630.0,5650.0,680356,630496,5652.0
豆油,Y,DCE,油脂,2015-10-16,5630.0,5662.0,5590.0,5640.0,779008,613956,5626.0
豆油,Y,DCE,油脂,2015-10-19,5626.0,5646.0,5588.0,5596.0,630380,603456,5620.0
豆油,Y,DCE,油脂,2015-10-20,5578.0,5594.0,5516.0,5540.0,663482,570754,5546.0
豆油,Y,DCE,油脂,2015-10-21,5558.0,5584.0,5544.0,5566.0,581018,553058,5564.0
豆油,Y,DCE,油脂,2015-10-22,5568.0,5674.0,5564.0,5672.0,811940,617284,5626.0
豆油,Y,DCE,油脂,2015-10-23,5678.0,5682.0,5554.0,5604.0,944928,580092,5612.0
豆油,Y,DCE,油脂,2015-10-26,5606.0,5622.0,5536.0,5550.0,765042,570236,5572.0
豆油,Y,DCE,油脂,2015-10-27,5540.0,5580.0,5484.0,5574.0,741450,569504,5532.0
豆油,Y,DCE,油脂,2015-10-28,5574.0,5580.0,5498.0,5526.0,659742,525772,5534.0
豆油,Y,DCE,油脂,2015-10-29,5540.0,5596.0,5516.0,5536.0,669770,534036,5552.0
豆油,Y,DCE,油脂,2015-10-30,5550.0,5558.0,5512.0,5538.0,503436,547222,5534.0
豆油,Y,DCE,油脂,2015-11-02,5538.0,5582.0,5508.0,5572.0,590514,557954,5548.0
豆油,Y,DCE,油脂,2015-11-03,5550.0,5572.0,5526.0,5532.0,595492,535818,5546.0
豆油,Y,DCE,油脂,2015-11-04,5528.0,5616.0,5528.0,5614.0,810430,539600,5576.0
豆油,Y,DCE,油脂,2015-11-05,5620.0,5646.0,5590.0,5608.0,749570,514958,5612.0
豆油,Y,DCE,油脂,2015-11-06,5604.0,5606.0,5488.0,5532.0,1030750,485306,5542.0
豆油,Y,DCE,油脂,2015-11-09,5532.0,5540.0,5492.0,5524.0,546002,474150,5522.0
豆油,Y,DCE,油脂,2015-11-10,5538.0,5546.0,5488.0,5544.0,555752,470382,5514.0
豆油,Y,DCE,油脂,2015-11-11,5534.0,5536.0,5430.0,5438.0,693560,461110,5478.0
豆油,Y,DCE,油脂,2015-11-12,5436.0,5486.0,5432.0,5468.0,345550,439316,5452.0
豆油,Y,DCE,油脂,2015-11-13,5450.0,5514.0,5436.0,5476.0,362854,416432,5476.0
豆油,Y,DCE,油脂,2015-11-16,5452.0,5488.0,5426.0,5450.0,398416,397170,5454.0
豆油,Y,DCE,油脂,2015-11-17,5298.0,5344.0,5272.0,5330.0,247546,428122,5312.0
豆油,Y,DCE,油脂,2015-11-18,5314.0,5350.0,5290.0,5306.0,235736,440536,5320.0
豆油,Y,DCE,油脂,2015-11-19,5330.0,5334.0,5262.0,5276.0,358990,436052,5296.0
豆油,Y,DCE,油脂,2015-11-20,5276.0,5358.0,5232.0,5356.0,370704,424154,5298.0
豆油,Y,DCE,油脂,2015-11-23,5336.0,5406.0,5328.0,5356.0,489520,443160,5368.0
豆油,Y,DCE,油脂,2015-11-24,5372.0,5562.0,5336.0,5546.0,731302,528710,5460.0
豆油,Y,DCE,油脂,2015-11-25,5536.0,5570.0,5504.0,5556.0,603674,564290,5534.0
豆油,Y,DCE,油脂,2015-11-26,5546.0,5684.0,5528.0,5612.0,952952,599154,5616.0
豆油,Y,DCE,油脂,2015-11-27,5610.0,5646.0,5596.0,5646.0,724254,599312,5618.0
豆油,Y,DCE,油脂,2015-11-30,5630.0,5644.0,5540.0,5588.0,752794,554086,5592.0
豆油,Y,DCE,油脂,2015-12-01,5598.0,5726.0,5592.0,5648.0,1188834,617390,5672.0
豆油,Y,DCE,油脂,2015-12-02,5660.0,5752.0,5636.0,5692.0,914098,638210,5688.0
豆油,Y,DCE,油脂,2015-12-03,5692.0,5738.0,5626.0,5680.0,1040224,640340,5668.0
豆油,Y,DCE,油脂,2015-12-04,5696.0,5728.0,5666.0,5676.0,1061238,658804,5692.0
豆油,Y,DCE,油脂,2015-12-07,5688.0,5848.0,5648.0,5766.0,1020818,655204,5742.0
豆油,Y,DCE,油脂,2015-12-08,5772.0,5780.0,5626.0,5656.0,974540,631572,5692.0
豆油,Y,DCE,油脂,2015-12-09,5640.0,5646.0,5554.0,5576.0,1013716,639196,5608.0
豆油,Y,DCE,油脂,2015-12-10,5578.0,5606.0,5538.0,5562.0,878730,614462,5572.0
豆油,Y,DCE,油脂,2015-12-11,5558.0,5594.0,5512.0,5588.0,983776,606786,5556.0
豆油,Y,DCE,油脂,2015-12-14,5588.0,5622.0,5516.0,5578.0,981652,604320,5576.0
豆油,Y,DCE,油脂,2015-12-15,5540.0,5632.0,5522.0,5564.0,965874,609176,5586.0
豆油,Y,DCE,油脂,2015-12-16,5562.0,5588.0,5524.0,5550.0,816432,601570,5554.0
豆油,Y,DCE,油脂,2015-12-17,5538.0,5588.0,5498.0,5512.0,942942,624354,5546.0
豆油,Y,DCE,油脂,2015-12-18,5520.0,5542.0,5474.0,5534.0,811840,607824,5514.0
豆油,Y,DCE,油脂,2015-12-21,5552.0,5622.0,5530.0,5620.0,825378,624642,5574.0
豆油,Y,DCE,油脂,2015-12-22,5614.0,5656.0,5598.0,5630.0,708270,634094,5626.0
豆油,Y,DCE,油脂,2015-12-23,5636.0,5648.0,5582.0,5624.0,595254,609306,5612.0
豆油,Y,DCE,油脂,2015-12-24,5636.0,5674.0,5612.0,5622.0,633484,588942,5638.0
豆油,Y,DCE,油脂,2015-12-25,5620.0,5648.0,5612.0,5640.0,377530,571906,5628.0
豆油,Y,DCE,油脂,2015-12-28,5628.0,5654.0,5576.0,5584.0,434798,558348,5614.0
豆油,Y,DCE,油脂,2015-12-29,5562.0,5662.0,5548.0,5658.0,628456,554354,5586.0
豆油,Y,DCE,油脂,2015-12-30,5646.0,5730.0,5640.0,5718.0,1132472,603926,5690.0
豆油,Y,DCE,油脂,2015-12-31,5702.0,5732.0,5686.0,5724.0,640058,616008,5706.0
豆油,Y,DCE,油脂,2016-01-04,5716.0,5760.0,5634.0,5658.0,534146,592242,5674.0
豆油,Y,DCE,油脂,2016-01-05,5658.0,5706.0,5644.0,5702.0,521010,595294,5672.0
豆油,Y,DCE,油脂,2016-01-06,5692.0,5706.0,5616.0,5620.0,681138,576836,5650.0
豆油,Y,DCE,油脂,2016-01-07,5606.0,5658.0,5598.0,5626.0,694042,595048,5628.0
豆油,Y,DCE,油脂,2016-01-08,5618.0,5666.0,5606.0,5624.0,573404,590408,5638.0
豆油,Y,DCE,油脂,2016-01-11,5634.0,5642.0,5566.0,5576.0,685554,587668,5598.0
豆油,Y,DCE,油脂,2016-01-12,5570.0,5582.0,5522.0,5530.0,552676,587762,5550.0
豆油,Y,DCE,油脂,2016-01-13,5532.0,5574.0,5530.0,5542.0,506316,594986,5552.0
豆油,Y,DCE,油脂,2016-01-14,5560.0,5586.0,5512.0,5526.0,763510,645506,5546.0
豆油,Y,DCE,油脂,2016-01-15,5520.0,5556.0,5504.0,5532.0,542842,649560,5532.0
豆油,Y,DCE,油脂,2016-01-18,5518.0,5594.0,5500.0,5576.0,697838,628310,5550.0
豆油,Y,DCE,油脂,2016-01-19,5580.0,5628.0,5564.0,5612.0,533498,653068,5590.0
豆油,Y,DCE,油脂,2016-01-20,5620.0,5646.0,5550.0,5568.0,634436,645684,5598.0
豆油,Y,DCE,油脂,2016-01-21,5560.0,5598.0,5518.0,5526.0,739728,642114,5558.0
豆油,Y,DCE,油脂,2016-01-22,5530.0,5606.0,5526.0,5590.0,650236,643464,5576.0
豆油,Y,DCE,油脂,2016-01-25,5612.0,5630.0,5570.0,5584.0,502394,621572,5604.0
豆油,Y,DCE,油脂,2016-01-26,5572.0,5638.0,5568.0,5608.0,656944,636010,5606.0
豆油,Y,DCE,油脂,2016-01-27,5622.0,5644.0,5586.0,5642.0,617330,624342,5618.0
豆油,Y,DCE,油脂,2016-01-28,5640.0,5660.0,5620.0,5630.0,532372,622402,5638.0
豆油,Y,DCE,油脂,2016-01-29,5626.0,5668.0,5576.0,5578.0,632654,603136,5620.0
豆油,Y,DCE,油脂,2016-02-01,5580.0,5610.0,5572.0,5610.0,347236,594878,5592.0
豆油,Y,DCE,油脂,2016-02-02,5606.0,5662.0,5592.0,5660.0,394286,599682,5624.0
豆油,Y,DCE,油脂,2016-02-03,5656.0,5662.0,5608.0,5642.0,337542,582938,5634.0
豆油,Y,DCE,油脂,2016-02-04,5646.0,5692.0,5626.0,5682.0,377912,588342,5666.0
豆油,Y,DCE,油脂,2016-02-05,5674.0,5750.0,5666.0,5736.0,408818,594188,5706.0
豆油,Y,DCE,油脂,2016-02-15,5840.0,5872.0,5756.0,5818.0,427458,613668,5830.0
豆油,Y,DCE,油脂,2016-02-16,5808.0,5844.0,5772.0,5788.0,377194,620084,5810.0
豆油,Y,DCE,油脂,2016-02-17,5784.0,5788.0,5748.0,5754.0,360270,628170,5766.0
豆油,Y,DCE,油脂,2016-02-18,5774.0,5814.0,5756.0,5766.0,420704,608982,5784.0
豆油,Y,DCE,油脂,2016-02-19,5776.0,5778.0,5736.0,5776.0,487938,606790,5756.0
豆油,Y,DCE,油脂,2016-02-22,5750.0,5808.0,5742.0,5784.0,494360,611862,5772.0
豆油,Y,DCE,油脂,2016-02-23,5774.0,5776.0,5712.0,5740.0,437638,596416,5740.0
豆油,Y,DCE,油脂,2016-02-24,5740.0,5766.0,5658.0,5670.0,517310,574108,5696.0
豆油,Y,DCE,油脂,2016-02-25,5654.0,5698.0,5648.0,5658.0,357440,571644,5670.0
豆油,Y,DCE,油脂,2016-02-26,5664.0,5674.0,5616.0,5662.0,368222,554578,5650.0
豆油,Y,DCE,油脂,2016-02-29,5662.0,5690.0,5620.0,5672.0,377956,535786,5660.0
豆油,Y,DCE,油脂,2016-03-01,5672.0,5696.0,5638.0,5680.0,357870,525524,5666.0
豆油,Y,DCE,油脂,2016-03-02,5680.0,5732.0,5594.0,5608.0,714842,555438,5660.0
豆油,Y,DCE,油脂,2016-03-03,5600.0,5640.0,5576.0,5630.0,621732,506226,5606.0
豆油,Y,DCE,油脂,2016-03-04,5648.0,5686.0,5632.0,5672.0,549120,498512,5656.0
豆油,Y,DCE,油脂,2016-03-07,5672.0,5760.0,5660.0,5728.0,541190,478018,5710.0
豆油,Y,DCE,油脂,2016-03-08,5778.0,5860.0,5738.0,5776.0,467768,547464,5796.0
豆油,Y,DCE,油脂,2016-03-09,5800.0,5806.0,5714.0,5804.0,264068,566232,5756.0
豆油,Y,DCE,油脂,2016-03-10,5820.0,5872.0,5780.0,5790.0,478830,593404,5820.0
豆油,Y,DCE,油脂,2016-03-11,5790.0,5974.0,5770.0,5928.0,1110758,788722,5902.0
豆油,Y,DCE,油脂,2016-03-14,5926.0,5992.0,5882.0,5884.0,956272,837238,5936.0
豆油,Y,DCE,油脂,2016-03-15,5880.0,5920.0,5850.0,5870.0,651146,782374,5884.0
豆油,Y,DCE,油脂,2016-03-16,5872.0,5918.0,5858.0,5866.0,597590,784448,5886.0
豆油,Y,DCE,油脂,2016-03-17,5858.0,5978.0,5858.0,5976.0,667650,860638,5926.0
豆油,Y,DCE,油脂,2016-03-18,5986.0,6076.0,5978.0,6020.0,943752,938024,6028.0
豆油,Y,DCE,油脂,2016-03-21,6020.0,6056.0,5972.0,6040.0,757116,949930,6012.0
豆油,Y,DCE,油脂,2016-03-22,6038.0,6108.0,6026.0,6062.0,882500,920140,6070.0
豆油,Y,DCE,油脂,2016-03-23,6066.0,6094.0,6012.0,6018.0,850026,879038,6054.0
豆油,Y,DCE,油脂,2016-03-24,6000.0,6010.0,5924.0,5930.0,675006,830796,5960.0
豆油,Y,DCE,油脂,2016-03-25,5916.0,6010.0,5912.0,6006.0,708526,825620,5966.0
豆油,Y,DCE,油脂,2016-03-28,6012.0,6044.0,5980.0,5994.0,725118,827016,6010.0
豆油,Y,DCE,油脂,2016-03-29,6012.0,6058.0,5984.0,6008.0,742552,838434,6018.0
豆油,Y,DCE,油脂,2016-03-30,6058.0,6058.0,5972.0,6002.0,730310,833184,6016.0
豆油,Y,DCE,油脂,2016-03-31,5994.0,6040.0,5976.0,6040.0,561038,859242,6006.0
豆油,Y,DCE,油脂,2016-04-01,6018.0,6182.0,6006.0,6170.0,1194436,993988,6108.0
豆油,Y,DCE,油脂,2016-04-06,6148.0,6152.0,6044.0,6058.0,740424,932570,6092.0
豆油,Y,DCE,油脂,2016-04-07,6038.0,6094.0,6034.0,6078.0,484644,927472,6072.0
豆油,Y,DCE,油脂,2016-04-08,6060.0,6066.0,6012.0,6036.0,481016,907030,6032.0
豆油,Y,DCE,油脂,2016-04-11,6038.0,6130.0,6024.0,6046.0,878452,936046,6070.0
豆油,Y,DCE,油脂,2016-04-12,6040.0,6094.0,6030.0,6072.0,667982,960840,6064.0
豆油,Y,DCE,油脂,2016-04-13,6068.0,6268.0,6062.0,6130.0,1265764,990026,6144.0
豆油,Y,DCE,油脂,2016-04-14,6120.0,6188.0,6118.0,6166.0,646408,981704,6154.0
豆油,Y,DCE,油脂,2016-04-15,6172.0,6222.0,6120.0,6120.0,847348,1018848,6164.0
豆油,Y,DCE,油脂,2016-04-18,6098.0,6156.0,6078.0,6150.0,795482,1015900,6116.0
豆油,Y,DCE,油脂,2016-04-19,6176.0,6240.0,6156.0,6200.0,839470,1013040,6198.0
豆油,Y,DCE,油脂,2016-04-20,6220.0,6358.0,6202.0,6296.0,1173082,994338,6274.0
豆油,Y,DCE,油脂,2016-04-21,6266.0,6486.0,6242.0,6400.0,1239600,982142,6364.0
豆油,Y,DCE,油脂,2016-04-22,6402.0,6426.0,6252.0,6302.0,999016,886858,6322.0
豆油,Y,DCE,油脂,2016-04-25,6280.0,6392.0,6238.0,6290.0,832192,864600,6308.0
豆油,Y,DCE,油脂,2016-04-26,6288.0,6372.0,6250.0,6296.0,801950,892510,6314.0
豆油,Y,DCE,油脂,2016-04-27,6360.0,6360.0,6278.0,6300.0,637692,881628,6314.0
豆油,Y,DCE,油脂,2016-04-28,6278.0,6290.0,6136.0,6190.0,864360,829376,6214.0
豆油,Y,DCE,油脂,2016-04-29,6200.0,6252.0,6136.0,6142.0,650746,824434,6186.0
豆油,Y,DCE,油脂,2016-05-03,6100.0,6178.0,6082.0,6172.0,495396,827796,6132.0
豆油,Y,DCE,油脂,2016-05-04,6142.0,6186.0,6094.0,6170.0,784514,834072,6148.0
豆油,Y,DCE,油脂,2016-05-05,6196.0,6214.0,6156.0,6198.0,503414,837574,6186.0
豆油,Y,DCE,油脂,2016-05-06,6216.0,6234.0,6044.0,6104.0,744504,798056,6140.0
豆油,Y,DCE,油脂,2016-05-09,6120.0,6272.0,6108.0,6236.0,974500,826252,6204.0
豆油,Y,DCE,油脂,2016-05-10,6226.0,6248.0,6122.0,6226.0,738870,801290,6182.0
豆油,Y,DCE,油脂,2016-05-11,6214.0,6424.0,6200.0,6384.0,1125284,842234,6336.0
豆油,Y,DCE,油脂,2016-05-12,6356.0,6370.0,6238.0,6244.0,1033786,818122,6294.0
豆油,Y,DCE,油脂,2016-05-13,6238.0,6260.0,6044.0,6044.0,1050096,804678,6102.0
豆油,Y,DCE,油脂,2016-05-16,6000.0,6064.0,5938.0,5974.0,840246,766298,6008.0
豆油,Y,DCE,油脂,2016-05-17,6012.0,6076.0,5998.0,6068.0,527728,738688,6034.0
豆油,Y,DCE,油脂,2016-05-18,6058.0,6148.0,5924.0,6000.0,1029326,725332,6054.0
豆油,Y,DCE,油脂,2016-05-19,5996.0,6042.0,5902.0,5912.0,783540,708912,5978.0
豆油,Y,DCE,油脂,2016-05-20,5856.0,5932.0,5814.0,5902.0,678872,709664,5878.0
豆油,Y,DCE,油脂,2016-05-23,5902.0,5930.0,5680.0,5738.0,874884,660394,5792.0
豆油,Y,DCE,油脂,2016-05-24,5744.0,5842.0,5712.0,5806.0,675760,639468,5778.0
豆油,Y,DCE,油脂,2016-05-25,5828.0,5848.0,5782.0,5828.0,499658,637652,5818.0
豆油,Y,DCE,油脂,2016-05-26,5870.0,5934.0,5862.0,5922.0,599138,626432,5896.0
豆油,Y,DCE,油脂,2016-05-27,5938.0,5958.0,5832.0,5890.0,571734,629520,5884.0
豆油,Y,DCE,油脂,2016-05-30,5880.0,5994.0,5862.0,5984.0,521442,606582,5942.0
豆油,Y,DCE,油脂,2016-05-31,6008.0,6020.0,5888.0,5890.0,550944,649446,5954.0
豆油,Y,DCE,油脂,2016-06-01,5920.0,5956.0,5886.0,5914.0,510404,631838,5924.0
豆油,Y,DCE,油脂,2016-06-02,5896.0,6024.0,5866.0,6016.0,602582,621656,5964.0
豆油,Y,DCE,油脂,2016-06-03,6030.0,6118.0,6022.0,6118.0,663800,609146,6066.0
豆油,Y,DCE,油脂,2016-06-06,6140.0,6184.0,6070.0,6174.0,495524,621872,6130.0
豆油,Y,DCE,油脂,2016-06-07,6196.0,6240.0,6106.0,6232.0,656206,660266,6174.0
豆油,Y,DCE,油脂,2016-06-08,6196.0,6224.0,6138.0,6168.0,531432,665816,6176.0
豆油,Y,DCE,油脂,2016-06-13,6276.0,6280.0,6122.0,6132.0,473150,654534,6212.0
豆油,Y,DCE,油脂,2016-06-14,6114.0,6172.0,6038.0,6076.0,557338,623034,6110.0
豆油,Y,DCE,油脂,2016-06-15,6098.0,6122.0,5996.0,6000.0,507696,606496,6056.0
豆油,Y,DCE,油脂,2016-06-16,6000.0,6032.0,5902.0,5912.0,528742,600862,5962.0
豆油,Y,DCE,油脂,2016-06-17,5910.0,5952.0,5828.0,5946.0,566880,575506,5894.0
豆油,Y,DCE,油脂,2016-06-20,5966.0,5986.0,5906.0,5944.0,486024,592994,5938.0
豆油,Y,DCE,油脂,2016-06-21,5928.0,6044.0,5914.0,5958.0,694908,571924,5988.0
豆油,Y,DCE,油脂,2016-06-22,5940.0,6030.0,5916.0,6012.0,432888,565370,5980.0
豆油,Y,DCE,油脂,2016-06-23,5998.0,6054.0,5958.0,5988.0,488782,562494,6006.0
豆油,Y,DCE,油脂,2016-06-24,6006.0,6034.0,5898.0,5910.0,590776,537290,5982.0
豆油,Y,DCE,油脂,2016-06-27,5906.0,6044.0,5888.0,6034.0,413602,521812,5984.0
豆油,Y,DCE,油脂,2016-06-28,6020.0,6130.0,6012.0,6100.0,619484,518904,6080.0
豆油,Y,DCE,油脂,2016-06-29,6100.0,6142.0,6036.0,6072.0,490330,541512,6090.0
豆油,Y,DCE,油脂,2016-06-30,6080.0,6166.0,6042.0,6162.0,577512,539578,6108.0
豆油,Y,DCE,油脂,2016-07-01,6150.0,6296.0,6136.0,6226.0,765168,559082,6222.0
豆油,Y,DCE,油脂,2016-07-04,6234.0,6470.0,6230.0,6390.0,1015202,581930,6376.0
豆油,Y,DCE,油脂,2016-07-05,6420.0,6498.0,6126.0,6310.0,1035318,524724,6352.0
豆油,Y,DCE,油脂,2016-07-06,6500.0,6514.0,6246.0,6246.0,422410,596088,6342.0
豆油,Y,DCE,油脂,2016-07-07,6190.0,6210.0,6060.0,6112.0,521000,571232,6140.0
豆油,Y,DCE,油脂,2016-07-08,6150.0,6200.0,6028.0,6106.0,401040,589792,6106.0
豆油,Y,DCE,油脂,2016-07-11,6132.0,6232.0,6122.0,6192.0,310234,603356,6172.0
豆油,Y,DCE,油脂,2016-07-12,6228.0,6234.0,6126.0,6172.0,324492,621510,6186.0
豆油,Y,DCE,油脂,2016-07-13,6160.0,6320.0,6154.0,6280.0,415434,637902,6248.0
豆油,Y,DCE,油脂,2016-07-14,6312.0,6340.0,6234.0,6328.0,423268,663826,6292.0
豆油,Y,DCE,油脂,2016-07-15,6332.0,6354.0,6222.0,6302.0,476538,669610,6286.0
豆油,Y,DCE,油脂,2016-07-18,6280.0,6346.0,6246.0,6282.0,601716,678958,6296.0
豆油,Y,DCE,油脂,2016-07-19,6270.0,6284.0,6172.0,6224.0,601126,695754,6226.0
豆油,Y,DCE,油脂,2016-07-20,6222.0,6336.0,6188.0,6324.0,646134,713818,6248.0
豆油,Y,DCE,油脂,2016-07-21,6308.0,6352.0,6274.0,6288.0,778844,727036,6310.0
豆油,Y,DCE,油脂,2016-07-22,6296.0,6318.0,6148.0,6182.0,710566,742880,6244.0
豆油,Y,DCE,油脂,2016-07-25,6170.0,6190.0,6084.0,6128.0,542228,742620,6136.0
豆油,Y,DCE,油脂,2016-07-26,6088.0,6112.0,6022.0,6088.0,557420,746964,6064.0
豆油,Y,DCE,油脂,2016-07-27,6084.0,6132.0,6072.0,6084.0,463556,755780,6096.0
豆油,Y,DCE,油脂,2016-07-28,6106.0,6118.0,6054.0,6064.0,521748,774432,6084.0
豆油,Y,DCE,油脂,2016-07-29,6052.0,6108.0,6018.0,6036.0,649766,750014,6062.0
豆油,Y,DCE,油脂,2016-08-01,6062.0,6178.0,6044.0,6154.0,604934,753840,6128.0
豆油,Y,DCE,油脂,2016-08-02,6138.0,6166.0,6072.0,6124.0,511454,755244,6114.0
豆油,Y,DCE,油脂,2016-08-03,6130.0,6172.0,6112.0,6156.0,567872,775526,6144.0
豆油,Y,DCE,油脂,2016-08-04,6210.0,6218.0,6124.0,6178.0,575860,760230,6172.0
豆油,Y,DCE,油脂,2016-08-05,6200.0,6204.0,6134.0,6136.0,545866,770692,6162.0
豆油,Y,DCE,油脂,2016-08-08,6124.0,6210.0,6106.0,6196.0,558432,749152,6162.0
豆油,Y,DCE,油脂,2016-08-09,6208.0,6272.0,6176.0,6254.0,558164,757196,6230.0
豆油,Y,DCE,油脂,2016-08-10,6244.0,6278.0,6208.0,6226.0,446690,768660,6240.0
豆油,Y,DCE,油脂,2016-08-11,6262.0,6274.0,6144.0,6148.0,550676,800408,6204.0
豆油,Y,DCE,油脂,2016-08-12,6150.0,6214.0,6140.0,6204.0,504490,794958,6168.0
豆油,Y,DCE,油脂,2016-08-15,6198.0,6368.0,6160.0,6342.0,837174,832916,6268.0
豆油,Y,DCE,油脂,2016-08-16,6352.0,6390.0,6324.0,6376.0,661766,840016,6352.0
豆油,Y,DCE,油脂,2016-08-17,6382.0,6416.0,6330.0,6382.0,588618,841488,6378.0
豆油,Y,DCE,油脂,2016-08-18,6400.0,6468.0,6370.0,6418.0,823048,856366,6424.0
豆油,Y,DCE,油脂,2016-08-19,6392.0,6446.0,6372.0,6416.0,538506,847148,6410.0
豆油,Y,DCE,油脂,2016-08-22,6380.0,6442.0,6348.0,6354.0,512310,823948,6392.0
豆油,Y,DCE,油脂,2016-08-23,6330.0,6390.0,6320.0,6372.0,370886,836448,6364.0
豆油,Y,DCE,油脂,2016-08-24,6400.0,6444.0,6384.0,6418.0,516328,856728,6418.0
豆油,Y,DCE,油脂,2016-08-25,6416.0,6420.0,6264.0,6326.0,715824,798920,6340.0
豆油,Y,DCE,油脂,2016-08-26,6316.0,6324.0,6242.0,6280.0,456384,769006,6282.0
豆油,Y,DCE,油脂,2016-08-29,6300.0,6320.0,6258.0,6276.0,404890,783498,6292.0
豆油,Y,DCE,油脂,2016-08-30,6266.0,6314.0,6246.0,6290.0,410350,800530,6286.0
豆油,Y,DCE,油脂,2016-08-31,6284.0,6322.0,6176.0,6186.0,654472,788576,6234.0
豆油,Y,DCE,油脂,2016-09-01,6180.0,6204.0,6152.0,6180.0,374076,778056,6176.0
豆油,Y,DCE,油脂,2016-09-02,6182.0,6236.0,6164.0,6196.0,450896,772880,6198.0
豆油,Y,DCE,油脂,2016-09-05,6226.0,6296.0,6216.0,6264.0,546498,791482,6252.0
豆油,Y,DCE,油脂,2016-09-06,6268.0,6340.0,6258.0,6322.0,454730,787686,6306.0
豆油,Y,DCE,油脂,2016-09-07,6302.0,6318.0,6262.0,6284.0,434782,790206,6290.0
豆油,Y,DCE,油脂,2016-09-08,6280.0,6308.0,6246.0,6296.0,462020,796684,6282.0
豆油,Y,DCE,油脂,2016-09-09,6302.0,6348.0,6296.0,6342.0,519486,799046,6320.0
豆油,Y,DCE,油脂,2016-09-12,6330.0,6336.0,6220.0,6224.0,496116,777396,6272.0
豆油,Y,DCE,油脂,2016-09-13,6222.0,6262.0,6186.0,6260.0,514900,748370,6218.0
豆油,Y,DCE,油脂,2016-09-14,6218.0,6222.0,6098.0,6106.0,543394,762512,6146.0
豆油,Y,DCE,油脂,2016-09-19,6156.0,6218.0,6150.0,6206.0,267624,739372,6188.0
豆油,Y,DCE,油脂,2016-09-20,6224.0,6394.0,6224.0,6380.0,1062300,769760,6336.0
豆油,Y,DCE,油脂,2016-09-21,6358.0,6388.0,6330.0,6354.0,669088,755888,6356.0
豆油,Y,DCE,油脂,2016-09-22,6338.0,6440.0,6326.0,6372.0,682972,779378,6378.0
豆油,Y,DCE,油脂,2016-09-23,6400.0,6448.0,6360.0,6394.0,511508,780702,6404.0
豆油,Y,DCE,油脂,2016-09-26,6360.0,6478.0,6352.0,6458.0,565816,825624,6410.0
豆油,Y,DCE,油脂,2016-09-27,6454.0,6460.0,6342.0,6384.0,518184,792470,6392.0
豆油,Y,DCE,油脂,2016-09-28,6348.0,6374.0,6294.0,6318.0,555188,752358,6326.0
豆油,Y,DCE,油脂,2016-09-29,6290.0,6356.0,6272.0,6282.0,509340,718320,6310.0
豆油,Y,DCE,油脂,2016-09-30,6282.0,6322.0,6250.0,6310.0,442128,671678,6288.0
豆油,Y,DCE,油脂,2016-10-10,6298.0,6344.0,6262.0,6334.0,339394,657510,6312.0
豆油,Y,DCE,油脂,2016-10-11,6320.0,6452.0,6316.0,6438.0,611290,716444,6402.0
豆油,Y,DCE,油脂,2016-10-12,6446.0,6456.0,6362.0,6394.0,600766,709544,6410.0
豆油,Y,DCE,油脂,2016-10-13,6410.0,6462.0,6302.0,6314.0,815948,706632,6384.0
豆油,Y,DCE,油脂,2016-10-14,6320.0,6386.0,6238.0,6382.0,627662,683912,6306.0
豆油,Y,DCE,油脂,2016-10-17,6376.0,6620.0,6376.0,6620.0,1348414,808866,6572.0
豆油,Y,DCE,油脂,2016-10-18,6642.0,6666.0,6566.0,6624.0,815342,796764,6606.0
豆油,Y,DCE,油脂,2016-10-19,6570.0,6718.0,6514.0,6686.0,952176,864882,6600.0
豆油,Y,DCE,油脂,2016-10-20,6680.0,6738.0,6630.0,6630.0,859546,867084,6678.0
豆油,Y,DCE,油脂,2016-10-21,6624.0,6664.0,6516.0,6572.0,826544,811580,6584.0
豆油,Y,DCE,油脂,2016-10-24,6586.0,6718.0,6546.0,6714.0,721524,828244,6624.0
豆油,Y,DCE,油脂,2016-10-25,6760.0,6880.0,6698.0,6710.0,1012550,832774,6772.0
豆油,Y,DCE,油脂,2016-10-26,6710.0,6810.0,6682.0,6806.0,876254,824006,6758.0
豆油,Y,DCE,油脂,2016-10-27,6810.0,6824.0,6710.0,6710.0,650130,821008,6762.0
豆油,Y,DCE,油脂,2016-10-28,6706.0,6770.0,6666.0,6758.0,627524,800636,6714.0
豆油,Y,DCE,油脂,2016-10-31,6748.0,6764.0,6656.0,6700.0,632136,779430,6706.0
豆油,Y,DCE,油脂,2016-11-01,6680.0,6760.0,6650.0,6664.0,634972,757484,6704.0
豆油,Y,DCE,油脂,2016-11-02,6648.0,6694.0,6578.0,6616.0,689622,729828,6632.0
豆油,Y,DCE,油脂,2016-11-03,6642.0,6652.0,6588.0,6612.0,415776,728348,6624.0
豆油,Y,DCE,油脂,2016-11-04,6638.0,6680.0,6562.0,6564.0,590736,715314,6626.0
豆油,Y,DCE,油脂,2016-11-07,6556.0,6682.0,6534.0,6654.0,511476,693630,6606.0
豆油,Y,DCE,油脂,2016-11-08,6678.0,6754.0,6626.0,6742.0,620364,678476,6684.0
豆油,Y,DCE,油脂,2016-11-09,6756.0,6772.0,6614.0,6654.0,573954,666300,6708.0
豆油,Y,DCE,油脂,2016-11-10,6682.0,6796.0,6614.0,6724.0,936620,668710,6700.0
豆油,Y,DCE,油脂,2016-11-11,6722.0,6950.0,6684.0,6808.0,1394688,682686,6826.0
豆油,Y,DCE,油脂,2016-11-14,6800.0,6878.0,6486.0,6534.0,1228308,565936,6632.0
豆油,Y,DCE,油脂,2016-11-15,6500.0,6624.0,6498.0,6578.0,478862,537274,6574.0
豆油,Y,DCE,油脂,2016-11-16,6550.0,6678.0,6550.0,6666.0,423476,523080,6632.0
豆油,Y,DCE,油脂,2016-11-17,6666.0,6686.0,6602.0,6638.0,372762,530968,6648.0
豆油,Y,DCE,油脂,2016-11-18,6650.0,6674.0,6604.0,6632.0,316552,513860,6630.0
豆油,Y,DCE,油脂,2016-11-21,6640.0,6742.0,6630.0,6726.0,461014,488824,6696.0
豆油,Y,DCE,油脂,2016-11-22,6732.0,6782.0,6708.0,6734.0,372892,451346,6742.0
豆油,Y,DCE,油脂,2016-11-23,6800.0,6864.0,6786.0,6824.0,325426,542112,6828.0
豆油,Y,DCE,油脂,2016-11-24,6820.0,7168.0,6762.0,7042.0,936824,640382,7026.0
豆油,Y,DCE,油脂,2016-11-25,7040.0,7190.0,7024.0,7162.0,803704,715402,7110.0
豆油,Y,DCE,油脂,2016-11-28,7164.0,7244.0,7084.0,7200.0,924786,784658,7160.0
豆油,Y,DCE,油脂,2016-11-29,7210.0,7220.0,7108.0,7120.0,698022,793462,7164.0
豆油,Y,DCE,油脂,2016-11-30,7098.0,7214.0,7036.0,7154.0,1091496,791402,7116.0
豆油,Y,DCE,油脂,2016-12-01,7210.0,7276.0,7126.0,7162.0,965830,804740,7194.0
豆油,Y,DCE,油脂,2016-12-02,7162.0,7246.0,7102.0,7192.0,773626,805334,7168.0
豆油,Y,DCE,油脂,2016-12-05,7186.0,7218.0,7110.0,7184.0,712660,823666,7174.0
豆油,Y,DCE,油脂,2016-12-06,7202.0,7236.0,7148.0,7160.0,545012,822474,7186.0
豆油,Y,DCE,油脂,2016-12-07,7240.0,7260.0,7146.0,7200.0,673148,848544,7204.0
豆油,Y,DCE,油脂,2016-12-08,7178.0,7204.0,7128.0,7148.0,575682,843120,7158.0
豆油,Y,DCE,油脂,2016-12-09,7158.0,7160.0,7052.0,7112.0,612696,780580,7090.0
豆油,Y,DCE,油脂,2016-12-12,7100.0,7268.0,7074.0,7202.0,673634,803496,7188.0
豆油,Y,DCE,油脂,2016-12-13,7190.0,7220.0,7106.0,7148.0,511146,820050,7164.0
豆油,Y,DCE,油脂,2016-12-14,7168.0,7180.0,7084.0,7112.0,542304,785916,7126.0
豆油,Y,DCE,油脂,2016-12-15,7104.0,7198.0,7050.0,7160.0,645422,756186,7128.0
豆油,Y,DCE,油脂,2016-12-16,7162.0,7258.0,7140.0,7158.0,672178,745212,7204.0
豆油,Y,DCE,油脂,2016-12-19,7166.0,7348.0,7150.0,7216.0,1041710,767452,7264.0
豆油,Y,DCE,油脂,2016-12-20,7192.0,7196.0,7030.0,7082.0,889560,711590,7122.0
豆油,Y,DCE,油脂,2016-12-21,7090.0,7132.0,7038.0,7098.0,490106,701134,7088.0
豆油,Y,DCE,油脂,2016-12-22,7100.0,7126.0,6978.0,6978.0,552314,699990,7060.0
豆油,Y,DCE,油脂,2016-12-23,6972.0,6984.0,6858.0,6890.0,690344,684246,6916.0
豆油,Y,DCE,油脂,2016-12-26,6930.0,6938.0,6786.0,6870.0,556200,704594,6870.0
豆油,Y,DCE,油脂,2016-12-27,6876.0,7000.0,6854.0,6994.0,438944,687270,6928.0
豆油,Y,DCE,油脂,2016-12-28,6990.0,7048.0,6968.0,6996.0,479984,690996,7010.0
豆油,Y,DCE,油脂,2016-12-29,6990.0,7036.0,6950.0,6996.0,409550,688054,6994.0
豆油,Y,DCE,油脂,2016-12-30,7016.0,7038.0,6962.0,6980.0,263246,683198,6992.0
豆油,Y,DCE,油脂,2017-01-02,7016.0,7038.0,6962.0,7016.0,0,683198,0.0
豆油,Y,DCE,油脂,2017-01-03,6988.0,7058.0,6940.0,6950.0,365268,690910,7008.0
豆油,Y,DCE,油脂,2017-01-04,6972.0,6998.0,6822.0,6880.0,582356,731594,6898.0
豆油,Y,DCE,油脂,2017-01-05,6900.0,6930.0,6852.0,6874.0,393544,730618,6892.0
豆油,Y,DCE,油脂,2017-01-06,6874.0,6900.0,6794.0,6800.0,359944,749254,6852.0
豆油,Y,DCE,油脂,2017-01-09,6822.0,6848.0,6782.0,6824.0,408540,729550,6818.0
豆油,Y,DCE,油脂,2017-01-10,6816.0,6898.0,6812.0,6878.0,409104,713350,6852.0
豆油,Y,DCE,油脂,2017-01-11,6860.0,6952.0,6850.0,6950.0,467120,702340,6908.0
豆油,Y,DCE,油脂,2017-01-12,6958.0,6964.0,6902.0,6932.0,330464,711234,6936.0
豆油,Y,DCE,油脂,2017-01-13,6926.0,6994.0,6896.0,6936.0,370210,715642,6950.0
豆油,Y,DCE,油脂,2017-01-16,6926.0,7020.0,6908.0,7000.0,370910,694024,6968.0
豆油,Y,DCE,油脂,2017-01-17,7014.0,7064.0,6970.0,7024.0,405022,695316,7014.0
豆油,Y,DCE,油脂,2017-01-18,7038.0,7052.0,6974.0,7020.0,374022,681198,7006.0
豆油,Y,DCE,油脂,2017-01-19,7008.0,7070.0,6992.0,7010.0,355212,668934,7028.0
豆油,Y,DCE,油脂,2017-01-20,7016.0,7036.0,6976.0,7000.0,264832,648028,7004.0
豆油,Y,DCE,油脂,2017-01-23,6998.0,6998.0,6944.0,6972.0,256178,637806,6970.0
豆油,Y,DCE,油脂,2017-01-24,6970.0,7084.0,6956.0,7066.0,338142,642812,7022.0
豆油,Y,DCE,油脂,2017-01-25,7070.0,7072.0,6962.0,6982.0,261372,637712,7012.0
豆油,Y,DCE,油脂,2017-01-26,6990.0,7022.0,6926.0,6936.0,236768,639586,6970.0
豆油,Y,DCE,油脂,2017-02-03,6926.0,6960.0,6836.0,6854.0,228264,654040,6884.0
豆油,Y,DCE,油脂,2017-02-06,6858.0,6910.0,6842.0,6864.0,343954,683186,6870.0
豆油,Y,DCE,油脂,2017-02-07,6868.0,6906.0,6830.0,6844.0,271606,715812,6868.0
豆油,Y,DCE,油脂,2017-02-08,6832.0,6934.0,6832.0,6906.0,366640,710038,6890.0
豆油,Y,DCE,油脂,2017-02-09,6904.0,6932.0,6882.0,6884.0,243498,700542,6910.0
豆油,Y,DCE,油脂,2017-02-10,6888.0,6958.0,6874.0,6956.0,332846,697962,6926.0
豆油,Y,DCE,油脂,2017-02-13,6926.0,6978.0,6860.0,6868.0,500438,701168,6928.0
豆油,Y,DCE,油脂,2017-02-14,6878.0,6910.0,6822.0,6828.0,360880,703786,6872.0
豆油,Y,DCE,油脂,2017-02-15,6852.0,6882.0,6812.0,6830.0,363660,696142,6842.0
豆油,Y,DCE,油脂,2017-02-16,6832.0,6872.0,6800.0,6800.0,404834,711570,6836.0
豆油,Y,DCE,油脂,2017-02-17,6792.0,6826.0,6684.0,6690.0,559224,674438,6752.0
豆油,Y,DCE,油脂,2017-02-20,6688.0,6718.0,6672.0,6698.0,246048,661152,6692.0
豆油,Y,DCE,油脂,2017-02-21,6690.0,6722.0,6632.0,6670.0,453510,684604,6688.0
豆油,Y,DCE,油脂,2017-02-22,6652.0,6668.0,6606.0,6654.0,340086,686626,6636.0
豆油,Y,DCE,油脂,2017-02-23,6666.0,6676.0,6560.0,6584.0,396318,698940,6616.0
豆油,Y,DCE,油脂,2017-02-24,6600.0,6604.0,6518.0,6588.0,309544,674262,6576.0
豆油,Y,DCE,油脂,2017-02-27,6598.0,6624.0,6562.0,6578.0,331488,680246,6596.0
豆油,Y,DCE,油脂,2017-02-28,6570.0,6598.0,6534.0,6572.0,298660,676220,6568.0
豆油,Y,DCE,油脂,2017-03-01,6616.0,6712.0,6594.0,6652.0,567856,654728,6656.0
豆油,Y,DCE,油脂,2017-03-02,6688.0,6716.0,6648.0,6688.0,335560,611066,6680.0
豆油,Y,DCE,油脂,2017-03-03,6680.0,6694.0,6634.0,6672.0,271558,600346,6668.0
豆油,Y,DCE,油脂,2017-03-06,6672.0,6728.0,6636.0,6686.0,326362,587368,6676.0
豆油,Y,DCE,油脂,2017-03-07,6686.0,6688.0,6568.0,6586.0,409912,608580,6616.0
豆油,Y,DCE,油脂,2017-03-08,6572.0,6596.0,6486.0,6538.0,364530,592516,6536.0
豆油,Y,DCE,油脂,2017-03-09,6548.0,6564.0,6470.0,6536.0,334204,592816,6530.0
豆油,Y,DCE,油脂,2017-03-10,6510.0,6514.0,6388.0,6414.0,414058,592592,6448.0
豆油,Y,DCE,油脂,2017-03-13,6420.0,6462.0,6408.0,6436.0,305690,574732,6434.0
豆油,Y,DCE,油脂,2017-03-14,6400.0,6408.0,6334.0,6354.0,418912,589072,6370.0
豆油,Y,DCE,油脂,2017-03-15,6366.0,6390.0,6294.0,6348.0,369382,552050,6350.0
豆油,Y,DCE,油脂,2017-03-16,6378.0,6392.0,6300.0,6340.0,374026,580150,6340.0
豆油,Y,DCE,油脂,2017-03-17,6356.0,6398.0,6324.0,6374.0,295404,550432,6362.0
豆油,Y,DCE,油脂,2017-03-20,6386.0,6398.0,6350.0,6396.0,296168,500860,6372.0
豆油,Y,DCE,油脂,2017-03-21,6532.0,6550.0,6460.0,6498.0,368332,626086,6504.0
豆油,Y,DCE,油脂,2017-03-22,6510.0,6540.0,6476.0,6486.0,387230,641030,6510.0
豆油,Y,DCE,油脂,2017-03-23,6484.0,6498.0,6398.0,6402.0,527282,672938,6442.0
豆油,Y,DCE,油脂,2017-03-24,6400.0,6446.0,6352.0,6362.0,398264,682588,6394.0
豆油,Y,DCE,油脂,2017-03-27,6352.0,6366.0,6196.0,6210.0,505232,705668,6266.0
豆油,Y,DCE,油脂,2017-03-28,6200.0,6240.0,6158.0,6200.0,482584,709384,6202.0
豆油,Y,DCE,油脂,2017-03-29,6220.0,6236.0,6186.0,6206.0,375492,714094,6206.0
豆油,Y,DCE,油脂,2017-03-30,6210.0,6214.0,6102.0,6122.0,566156,780276,6154.0
豆油,Y,DCE,油脂,2017-03-31,6100.0,6144.0,6024.0,6034.0,408756,775188,6084.0
豆油,Y,DCE,油脂,2017-04-05,5980.0,6068.0,5956.0,6040.0,443066,813142,6018.0
豆油,Y,DCE,油脂,2017-04-06,6056.0,6080.0,6018.0,6034.0,383256,835108,6044.0
豆油,Y,DCE,油脂,2017-04-07,6044.0,6050.0,5894.0,5946.0,589768,844360,5972.0
豆油,Y,DCE,油脂,2017-04-10,5946.0,6044.0,5940.0,5968.0,765434,868732,5990.0
豆油,Y,DCE,油脂,2017-04-11,5950.0,6034.0,5950.0,6004.0,547510,870594,5996.0
豆油,Y,DCE,油脂,2017-04-12,6008.0,6028.0,5888.0,5898.0,726862,899804,5950.0
豆油,Y,DCE,油脂,2017-04-13,5902.0,5962.0,5890.0,5956.0,431608,876898,5936.0
豆油,Y,DCE,油脂,2017-04-14,5942.0,5980.0,5914.0,5944.0,413540,872344,5946.0
豆油,Y,DCE,油脂,2017-04-17,5946.0,6028.0,5942.0,5952.0,577462,893606,5986.0
豆油,Y,DCE,油脂,2017-04-18,5952.0,6010.0,5896.0,5902.0,623694,921552,5952.0
豆油,Y,DCE,油脂,2017-04-19,5892.0,5894.0,5770.0,5794.0,824890,963156,5814.0
豆油,Y,DCE,油脂,2017-04-20,5762.0,5832.0,5742.0,5816.0,689060,973242,5800.0
豆油,Y,DCE,油脂,2017-04-21,5838.0,5846.0,5782.0,5820.0,533580,964490,5814.0
豆油,Y,DCE,油脂,2017-04-24,5822.0,5888.0,5816.0,5874.0,565566,929628,5854.0
豆油,Y,DCE,油脂,2017-04-25,5878.0,5878.0,5794.0,5814.0,502008,948828,5840.0
豆油,Y,DCE,油脂,2017-04-26,5824.0,5862.0,5806.0,5830.0,419808,926608,5834.0
豆油,Y,DCE,油脂,2017-04-27,5848.0,5898.0,5838.0,5846.0,541650,909018,5868.0
豆油,Y,DCE,油脂,2017-04-28,5838.0,5844.0,5804.0,5820.0,463372,917322,5824.0
豆油,Y,DCE,油脂,2017-05-02,5864.0,5910.0,5838.0,5894.0,367600,914208,5882.0
豆油,Y,DCE,油脂,2017-05-03,5894.0,5918.0,5874.0,5886.0,375182,913730,5890.0
豆油,Y,DCE,油脂,2017-05-04,5870.0,5894.0,5810.0,5848.0,615870,918878,5846.0
豆油,Y,DCE,油脂,2017-05-05,5840.0,5860.0,5782.0,5810.0,577336,909082,5824.0
豆油,Y,DCE,油脂,2017-05-08,5856.0,5954.0,5848.0,5898.0,791376,926890,5902.0
豆油,Y,DCE,油脂,2017-05-09,5912.0,5928.0,5868.0,5924.0,405108,898460,5890.0
豆油,Y,DCE,油脂,2017-05-10,5910.0,5948.0,5888.0,5908.0,418914,884056,5922.0
豆油,Y,DCE,油脂,2017-05-11,5900.0,6008.0,5850.0,6004.0,823286,867602,5924.0
豆油,Y,DCE,油脂,2017-05-12,5998.0,6002.0,5940.0,5976.0,412878,857152,5964.0
豆油,Y,DCE,油脂,2017-05-15,5954.0,6022.0,5930.0,5984.0,458734,857884,5982.0
豆油,Y,DCE,油脂,2017-05-16,6014.0,6052.0,6010.0,6024.0,495214,828300,6030.0
豆油,Y,DCE,油脂,2017-05-17,6026.0,6060.0,5976.0,6048.0,505778,815280,6018.0
豆油,Y,DCE,油脂,2017-05-18,6058.0,6066.0,5984.0,5994.0,401006,803190,6018.0
豆油,Y,DCE,油脂,2017-05-19,5950.0,5990.0,5912.0,5938.0,554150,814964,5956.0
豆油,Y,DCE,油脂,2017-05-22,5952.0,6044.0,5950.0,6000.0,450176,788544,6006.0
豆油,Y,DCE,油脂,2017-05-23,6006.0,6022.0,5950.0,5952.0,390548,797068,5990.0
豆油,Y,DCE,油脂,2017-05-24,5942.0,5974.0,5878.0,5910.0,500930,794188,5922.0
豆油,Y,DCE,油脂,2017-05-25,5928.0,5948.0,5906.0,5916.0,309736,794468,5926.0
豆油,Y,DCE,油脂,2017-05-26,5922.0,5934.0,5812.0,5822.0,496570,787764,5866.0
豆油,Y,DCE,油脂,2017-05-31,5760.0,5778.0,5662.0,5670.0,437292,817252,5728.0
豆油,Y,DCE,油脂,2017-06-01,5686.0,5698.0,5638.0,5658.0,428642,827798,5674.0
豆油,Y,DCE,油脂,2017-06-02,5676.0,5724.0,5660.0,5660.0,440508,862586,5686.0
豆油,Y,DCE,油脂,2017-06-05,5650.0,5740.0,5624.0,5712.0,442794,843496,5696.0
豆油,Y,DCE,油脂,2017-06-06,5712.0,5750.0,5686.0,5742.0,442610,837236,5714.0
豆油,Y,DCE,油脂,2017-06-07,5750.0,5788.0,5704.0,5728.0,436114,839068,5740.0
豆油,Y,DCE,油脂,2017-06-08,5732.0,5752.0,5696.0,5728.0,340462,829654,5722.0
豆油,Y,DCE,油脂,2017-06-09,5732.0,5792.0,5724.0,5778.0,404264,798222,5770.0
豆油,Y,DCE,油脂,2017-06-12,5780.0,5860.0,5774.0,5856.0,452916,783674,5820.0
豆油,Y,DCE,油脂,2017-06-13,5850.0,5850.0,5802.0,5816.0,258926,764010,5826.0
豆油,Y,DCE,油脂,2017-06-14,5804.0,5848.0,5800.0,5832.0,278286,780758,5828.0
豆油,Y,DCE,油脂,2017-06-15,5832.0,5884.0,5812.0,5840.0,341054,793578,5842.0
豆油,Y,DCE,油脂,2017-06-16,5848.0,5930.0,5818.0,5884.0,453988,795688,5886.0
豆油,Y,DCE,油脂,2017-06-19,5896.0,5944.0,5874.0,5914.0,365674,794648,5914.0
豆油,Y,DCE,油脂,2017-06-20,5910.0,5922.0,5820.0,5838.0,368694,792090,5866.0
豆油,Y,DCE,油脂,2017-06-21,5812.0,5828.0,5770.0,5814.0,392304,788544,5802.0
豆油,Y,DCE,油脂,2017-06-22,5826.0,5838.0,5764.0,5778.0,300572,769472,5796.0
豆油,Y,DCE,油脂,2017-06-23,5778.0,5808.0,5748.0,5780.0,307244,763900,5778.0
豆油,Y,DCE,油脂,2017-06-26,5792.0,5824.0,5768.0,5786.0,245210,752238,5794.0
豆油,Y,DCE,油脂,2017-06-27,5786.0,5848.0,5770.0,5836.0,274848,748988,5804.0
豆油,Y,DCE,油脂,2017-06-28,5854.0,5914.0,5848.0,5886.0,440960,773184,5878.0
豆油,Y,DCE,油脂,2017-06-29,5852.0,5978.0,5852.0,5940.0,638358,778030,5942.0
豆油,Y,DCE,油脂,2017-06-30,5948.0,5974.0,5896.0,5940.0,436240,759780,5934.0
豆油,Y,DCE,油脂,2017-07-03,5930.0,6094.0,5926.0,6012.0,480590,741098,6002.0
豆油,Y,DCE,油脂,2017-07-04,6024.0,6034.0,5912.0,5922.0,398096,718576,5964.0
豆油,Y,DCE,油脂,2017-07-05,5932.0,5974.0,5924.0,5944.0,249944,701178,5946.0
豆油,Y,DCE,油脂,2017-07-06,5960.0,6026.0,5952.0,5994.0,434484,671890,5992.0
豆油,Y,DCE,油脂,2017-07-07,5988.0,6014.0,5946.0,6000.0,296130,651114,5986.0
豆油,Y,DCE,油脂,2017-07-10,5994.0,6126.0,5990.0,6110.0,467312,651128,6074.0
豆油,Y,DCE,油脂,2017-07-11,6118.0,6188.0,6092.0,6152.0,468486,625216,6142.0
豆油,Y,DCE,油脂,2017-07-12,6142.0,6186.0,6118.0,6140.0,298518,605586,6150.0
豆油,Y,DCE,油脂,2017-07-13,6134.0,6160.0,6070.0,6100.0,319246,607766,6110.0
豆油,Y,DCE,油脂,2017-07-14,6086.0,6094.0,6018.0,6048.0,314084,591116,6054.0
豆油,Y,DCE,油脂,2017-07-17,6070.0,6116.0,6060.0,6078.0,284336,585662,6086.0
豆油,Y,DCE,油脂,2017-07-18,6088.0,6136.0,6032.0,6048.0,336066,573178,6084.0
豆油,Y,DCE,油脂,2017-07-19,6072.0,6096.0,6030.0,6078.0,264976,572888,6064.0
豆油,Y,DCE,油脂,2017-07-20,6088.0,6164.0,6072.0,6132.0,307384,575598,6120.0
豆油,Y,DCE,油脂,2017-07-21,6156.0,6190.0,6098.0,6136.0,345396,561978,6148.0
豆油,Y,DCE,油脂,2017-07-24,6132.0,6146.0,6046.0,6074.0,308090,560612,6082.0
豆油,Y,DCE,油脂,2017-07-25,6092.0,6176.0,6074.0,6174.0,285684,553946,6130.0
豆油,Y,DCE,油脂,2017-07-26,6180.0,6198.0,6070.0,6084.0,323094,530428,6126.0
豆油,Y,DCE,油脂,2017-07-27,6242.0,6314.0,6238.0,6306.0,210586,559090,6286.0
豆油,Y,DCE,油脂,2017-07-28,6326.0,6384.0,6216.0,6236.0,488842,593688,6296.0
豆油,Y,DCE,油脂,2017-07-31,6248.0,6332.0,6234.0,6318.0,355790,598646,6290.0
豆油,Y,DCE,油脂,2017-08-01,6308.0,6368.0,6292.0,6322.0,447064,648094,6334.0
豆油,Y,DCE,油脂,2017-08-02,6292.0,6314.0,6242.0,6264.0,435526,666774,6266.0
豆油,Y,DCE,油脂,2017-08-03,6276.0,6306.0,6142.0,6162.0,537868,705764,6232.0
豆油,Y,DCE,油脂,2017-08-04,6152.0,6190.0,6132.0,6178.0,406390,720234,6160.0
豆油,Y,DCE,油脂,2017-08-07,6188.0,6226.0,6162.0,6164.0,378386,723440,6188.0
豆油,Y,DCE,油脂,2017-08-08,6152.0,6272.0,6140.0,6272.0,454292,712712,6218.0
豆油,Y,DCE,油脂,2017-08-09,6280.0,6316.0,6262.0,6308.0,372812,699652,6284.0
豆油,Y,DCE,油脂,2017-08-10,6306.0,6326.0,6230.0,6324.0,528000,720454,6280.0
豆油,Y,DCE,油脂,2017-08-11,6328.0,6426.0,6218.0,6266.0,865902,731094,6306.0
豆油,Y,DCE,油脂,2017-08-14,6302.0,6328.0,6232.0,6292.0,477444,740400,6286.0
豆油,Y,DCE,油脂,2017-08-15,6270.0,6304.0,6250.0,6266.0,453146,736666,6274.0
豆油,Y,DCE,油脂,2017-08-16,6236.0,6248.0,6170.0,6184.0,404702,743536,6206.0
豆油,Y,DCE,油脂,2017-08-17,6210.0,6232.0,6182.0,6224.0,349788,750672,6208.0
豆油,Y,DCE,油脂,2017-08-18,6224.0,6284.0,6204.0,6280.0,372908,743474,6238.0
豆油,Y,DCE,油脂,2017-08-21,6272.0,6320.0,6266.0,6296.0,455954,750946,6296.0
豆油,Y,DCE,油脂,2017-08-22,6316.0,6398.0,6284.0,6394.0,545276,748800,6338.0
豆油,Y,DCE,油脂,2017-08-23,6386.0,6434.0,6332.0,6412.0,561140,766438,6394.0
豆油,Y,DCE,油脂,2017-08-24,6416.0,6424.0,6360.0,6408.0,408538,754900,6388.0
豆油,Y,DCE,油脂,2017-08-25,6432.0,6444.0,6352.0,6358.0,378130,747922,6396.0
豆油,Y,DCE,油脂,2017-08-28,6350.0,6418.0,6342.0,6364.0,367084,743714,6380.0
豆油,Y,DCE,油脂,2017-08-29,6370.0,6374.0,6306.0,6316.0,357900,733808,6336.0
豆油,Y,DCE,油脂,2017-08-30,6302.0,6348.0,6282.0,6284.0,349288,742350,6314.0
豆油,Y,DCE,油脂,2017-08-31,6280.0,6322.0,6274.0,6296.0,287658,739746,6298.0
豆油,Y,DCE,油脂,2017-09-01,6282.0,6360.0,6282.0,6350.0,353116,746112,6338.0
豆油,Y,DCE,油脂,2017-09-04,6352.0,6404.0,6320.0,6388.0,381784,748970,6370.0
豆油,Y,DCE,油脂,2017-09-05,6382.0,6402.0,6332.0,6398.0,369522,753344,6370.0
豆油,Y,DCE,油脂,2017-09-06,6404.0,6420.0,6360.0,6384.0,410226,768022,6388.0
豆油,Y,DCE,油脂,2017-09-07,6380.0,6398.0,6340.0,6388.0,410396,749616,6368.0
豆油,Y,DCE,油脂,2017-09-08,6412.0,6416.0,6312.0,6320.0,512100,745964,6356.0
豆油,Y,DCE,油脂,2017-09-11,6320.0,6400.0,6250.0,6388.0,573664,705288,6334.0
豆油,Y,DCE,油脂,2017-09-12,6384.0,6392.0,6326.0,6350.0,410228,709194,6356.0
豆油,Y,DCE,油脂,2017-09-13,6358.0,6456.0,6328.0,6332.0,713260,686174,6378.0
豆油,Y,DCE,油脂,2017-09-14,6354.0,6424.0,6342.0,6410.0,514298,683666,6388.0
豆油,Y,DCE,油脂,2017-09-15,6390.0,6426.0,6380.0,6410.0,445806,689308,6402.0
豆油,Y,DCE,油脂,2017-09-18,6404.0,6410.0,6322.0,6354.0,405732,679324,6358.0
豆油,Y,DCE,油脂,2017-09-19,6324.0,6378.0,6316.0,6332.0,341018,692432,6342.0
豆油,Y,DCE,油脂,2017-09-20,6324.0,6356.0,6294.0,6324.0,344534,676516,6324.0
豆油,Y,DCE,油脂,2017-09-21,6332.0,6350.0,6276.0,6276.0,388122,694452,6316.0
豆油,Y,DCE,油脂,2017-09-22,6262.0,6272.0,6216.0,6232.0,444062,715532,6240.0
豆油,Y,DCE,油脂,2017-09-25,6236.0,6268.0,6158.0,6174.0,423306,739976,6206.0
豆油,Y,DCE,油脂,2017-09-26,6178.0,6202.0,6172.0,6180.0,216712,716146,6188.0
豆油,Y,DCE,油脂,2017-09-27,6198.0,6212.0,6140.0,6166.0,327324,727222,6174.0
豆油,Y,DCE,油脂,2017-09-28,6162.0,6164.0,6026.0,6074.0,444316,705546,6084.0
豆油,Y,DCE,油脂,2017-09-29,6072.0,6112.0,6058.0,6088.0,289670,674548,6074.0
豆油,Y,DCE,油脂,2017-10-09,6104.0,6104.0,6104.0,6104.0,2,28,6104.0
豆油,Y,DCE,油脂,2017-10-10,6112.0,6120.0,6060.0,6066.0,258154,691892,6088.0
豆油,Y,DCE,油脂,2017-10-11,6062.0,6070.0,6022.0,6038.0,279978,712964,6048.0
豆油,Y,DCE,油脂,2017-10-12,6038.0,6082.0,6036.0,6072.0,206076,706010,6058.0
豆油,Y,DCE,油脂,2017-10-13,6074.0,6092.0,6008.0,6084.0,378488,718238,6058.0
豆油,Y,DCE,油脂,2017-10-16,6098.0,6124.0,6070.0,6104.0,326258,721444,6100.0
豆油,Y,DCE,油脂,2017-10-17,6128.0,6128.0,6074.0,6098.0,242794,732808,6100.0
豆油,Y,DCE,油脂,2017-10-18,6080.0,6092.0,6042.0,6064.0,265214,735732,6066.0
豆油,Y,DCE,油脂,2017-10-19,6066.0,6080.0,5966.0,5974.0,363018,776480,6036.0
豆油,Y,DCE,油脂,2017-10-20,5978.0,6058.0,5972.0,6050.0,335988,759666,6014.0
豆油,Y,DCE,油脂,2017-10-23,6080.0,6090.0,6036.0,6066.0,314102,735680,6060.0
豆油,Y,DCE,油脂,2017-10-24,6080.0,6096.0,6054.0,6074.0,241960,723300,6074.0
豆油,Y,DCE,油脂,2017-10-25,6058.0,6158.0,6056.0,6134.0,392262,719108,6100.0
豆油,Y,DCE,油脂,2017-10-26,6126.0,6138.0,6098.0,6130.0,245984,717868,6116.0
豆油,Y,DCE,油脂,2017-10-27,6142.0,6146.0,6110.0,6128.0,220800,685310,6128.0
豆油,Y,DCE,油脂,2017-10-30,6110.0,6182.0,6096.0,6152.0,283530,673374,6146.0
豆油,Y,DCE,油脂,2017-10-31,6150.0,6156.0,6108.0,6128.0,221632,671840,6126.0
豆油,Y,DCE,油脂,2017-11-01,6128.0,6142.0,6094.0,6102.0,246554,677984,0.0
豆油,Y,DCE,油脂,2017-11-02,6110.0,6150.0,6088.0,6134.0,244714,665202,0.0
豆油,Y,DCE,油脂,2017-11-03,6112.0,6124.0,6090.0,6118.0,221854,659944,0.0
豆油,Y,DCE,油脂,2017-11-06,6112.0,6134.0,6060.0,6108.0,312640,648830,0.0
豆油,Y,DCE,油脂,2017-11-07,6098.0,6156.0,6090.0,6144.0,211616,633794,0.0
豆油,Y,DCE,油脂,2017-11-08,6134.0,6158.0,6112.0,6118.0,189914,626830,0.0
豆油,Y,DCE,油脂,2017-11-09,6142.0,6168.0,6114.0,6150.0,277504,602958,0.0
豆油,Y,DCE,油脂,2017-11-10,6142.0,6152.0,6074.0,6078.0,251956,617234,0.0
豆油,Y,DCE,油脂,2017-11-13,6086.0,6098.0,6066.0,6074.0,173800,611292,0.0
豆油,Y,DCE,油脂,2017-11-14,6060.0,6064.0,6020.0,6026.0,216028,626330,0.0
豆油,Y,DCE,油脂,2017-11-15,6014.0,6036.0,5968.0,5970.0,260296,640550,0.0
豆油,Y,DCE,油脂,2017-11-16,5974.0,6026.0,5950.0,5988.0,240148,651274,0.0
豆油,Y,DCE,油脂,2017-11-17,5988.0,6008.0,5958.0,5958.0,198022,645352,0.0
豆油,Y,DCE,油脂,2017-11-20,5974.0,5974.0,5884.0,5914.0,345548,664108,0.0
豆油,Y,DCE,油脂,2017-11-21,5888.0,5922.0,5864.0,5906.0,230774,638842,0.0
豆油,Y,DCE,油脂,2017-11-22,5914.0,5936.0,5908.0,5918.0,179868,633870,0.0
豆油,Y,DCE,油脂,2017-11-23,5928.0,5944.0,5896.0,5910.0,186670,612316,0.0
豆油,Y,DCE,油脂,2017-11-24,5904.0,5948.0,5896.0,5928.0,191076,568162,0.0
豆油,Y,DCE,油脂,2017-11-27,5940.0,5944.0,5868.0,5882.0,215216,551820,0.0
豆油,Y,DCE,油脂,2017-11-28,5880.0,5896.0,5860.0,5870.0,123602,534328,0.0
豆油,Y,DCE,油脂,2017-11-29,5870.0,5884.0,5816.0,5824.0,196598,528736,0.0
豆油,Y,DCE,油脂,2017-11-30,5824.0,5874.0,5806.0,5854.0,157602,472438,0.0
豆油,Y,DCE,油脂,2017-12-01,6052.0,6074.0,6006.0,6046.0,256608,553710,0.0
豆油,Y,DCE,油脂,2017-12-04,6046.0,6066.0,6010.0,6056.0,299140,581190,0.0
豆油,Y,DCE,油脂,2017-12-05,6042.0,6064.0,5954.0,5978.0,326096,619406,0.0
豆油,Y,DCE,油脂,2017-12-06,5976.0,6012.0,5964.0,5996.0,242468,635926,0.0
豆油,Y,DCE,油脂,2017-12-07,5990.0,5990.0,5860.0,5880.0,379818,672790,0.0
豆油,Y,DCE,油脂,2017-12-08,5860.0,5902.0,5860.0,5872.0,242682,678450,0.0
豆油,Y,DCE,油脂,2017-12-11,5870.0,5908.0,5834.0,5890.0,336974,702548,0.0
豆油,Y,DCE,油脂,2017-12-12,5884.0,5936.0,5874.0,5914.0,295804,725044,0.0
豆油,Y,DCE,油脂,2017-12-13,5906.0,5918.0,5874.0,5896.0,225554,748678,0.0
豆油,Y,DCE,油脂,2017-12-14,5890.0,5896.0,5794.0,5806.0,337080,791526,0.0
豆油,Y,DCE,油脂,2017-12-15,5818.0,5828.0,5790.0,5802.0,242042,807398,0.0
豆油,Y,DCE,油脂,2017-12-18,5836.0,5848.0,5814.0,5834.0,248990,821312,0.0
豆油,Y,DCE,油脂,2017-12-19,5822.0,5828.0,5760.0,5782.0,277182,847482,0.0
豆油,Y,DCE,油脂,2017-12-20,5780.0,5800.0,5772.0,5778.0,210902,857912,0.0
豆油,Y,DCE,油脂,2017-12-21,5794.0,5806.0,5674.0,5690.0,439454,899944,0.0
豆油,Y,DCE,油脂,2017-12-22,5680.0,5686.0,5602.0,5622.0,372202,924442,0.0
豆油,Y,DCE,油脂,2017-12-25,5634.0,5670.0,5616.0,5660.0,255536,907568,0.0
豆油,Y,DCE,油脂,2017-12-26,5652.0,5680.0,5652.0,5662.0,143882,909902,0.0
豆油,Y,DCE,油脂,2017-12-27,5690.0,5718.0,5656.0,5706.0,284632,911116,0.0
豆油,Y,DCE,油脂,2017-12-28,5702.0,5734.0,5680.0,5694.0,246336,900738,0.0
豆油,Y,DCE,油脂,2017-12-29,5690.0,5702.0,5644.0,5668.0,284374,905954,0.0
豆油,Y,DCE,油脂,2018-01-02,5686.0,5798.0,5686.0,5780.0,277724,856442,0.0
豆油,Y,DCE,油脂,2018-01-03,5780.0,5792.0,5760.0,5778.0,213594,865796,0.0
豆油,Y,DCE,油脂,2018-01-04,5802.0,5826.0,5784.0,5824.0,270204,845190,0.0
豆油,Y,DCE,油脂,2018-01-05,5806.0,5850.0,5788.0,5824.0,275408,831646,0.0
豆油,Y,DCE,油脂,2018-01-08,5808.0,5822.0,5740.0,5756.0,325582,893520,0.0
豆油,Y,DCE,油脂,2018-01-09,5778.0,5794.0,5754.0,5794.0,232778,894226,0.0
豆油,Y,DCE,油脂,2018-01-10,5770.0,5822.0,5766.0,5798.0,305102,892236,0.0
豆油,Y,DCE,油脂,2018-01-11,5816.0,5816.0,5772.0,5786.0,191020,890528,0.0
豆油,Y,DCE,油脂,2018-01-12,5776.0,5794.0,5722.0,5738.0,311992,890050,0.0
豆油,Y,DCE,油脂,2018-01-15,5732.0,5760.0,5712.0,5740.0,219440,883952,0.0
豆油,Y,DCE,油脂,2018-01-16,5750.0,5770.0,5706.0,5728.0,243662,893726,0.0
豆油,Y,DCE,油脂,2018-01-17,5724.0,5764.0,5692.0,5708.0,317692,898874,0.0
豆油,Y,DCE,油脂,2018-01-18,5700.0,5726.0,5684.0,5722.0,234116,904182,0.0
豆油,Y,DCE,油脂,2018-01-19,5718.0,5722.0,5666.0,5678.0,276368,919542,0.0
豆油,Y,DCE,油脂,2018-01-22,5680.0,5756.0,5674.0,5744.0,310314,904396,0.0
豆油,Y,DCE,油脂,2018-01-23,5750.0,5782.0,5734.0,5760.0,318072,892696,0.0
豆油,Y,DCE,油脂,2018-01-24,5772.0,5796.0,5768.0,5780.0,262322,885944,0.0
豆油,Y,DCE,油脂,2018-01-25,5788.0,5796.0,5758.0,5778.0,257942,891698,0.0
豆油,Y,DCE,油脂,2018-01-26,5766.0,5816.0,5764.0,5796.0,316358,903008,0.0
豆油,Y,DCE,油脂,2018-01-29,5792.0,5832.0,5782.0,5814.0,271988,914702,0.0
豆油,Y,DCE,油脂,2018-01-30,5820.0,5822.0,5716.0,5728.0,365214,914082,0.0
豆油,Y,DCE,油脂,2018-01-31,5734.0,5764.0,5712.0,5758.0,233698,889970,0.0
豆油,Y,DCE,油脂,2018-02-01,5752.0,5752.0,5682.0,5696.0,299166,900930,0.0
豆油,Y,DCE,油脂,2018-02-02,5696.0,5714.0,5622.0,5630.0,301644,899222,0.0
豆油,Y,DCE,油脂,2018-02-05,5626.0,5640.0,5572.0,5610.0,345028,892292,0.0
豆油,Y,DCE,油脂,2018-02-06,5612.0,5628.0,5562.0,5600.0,289826,872796,0.0
豆油,Y,DCE,油脂,2018-02-07,5596.0,5670.0,5590.0,5632.0,291750,876086,0.0
豆油,Y,DCE,油脂,2018-02-08,5620.0,5650.0,5566.0,5640.0,291390,852408,0.0
豆油,Y,DCE,油脂,2018-02-09,5636.0,5664.0,5620.0,5620.0,219880,845198,0.0
豆油,Y,DCE,油脂,2018-02-12,5636.0,5660.0,5600.0,5644.0,224226,832166,0.0
豆油,Y,DCE,油脂,2018-02-13,5644.0,5680.0,5622.0,5650.0,225802,816008,0.0
豆油,Y,DCE,油脂,2018-02-14,5650.0,5662.0,5592.0,5634.0,226118,775180,0.0
豆油,Y,DCE,油脂,2018-02-22,5676.0,5686.0,5640.0,5658.0,176562,761346,0.0
豆油,Y,DCE,油脂,2018-02-23,5660.0,5754.0,5652.0,5748.0,352360,786828,0.0
豆油,Y,DCE,油脂,2018-02-26,5748.0,5798.0,5716.0,5784.0,282168,757754,0.0
豆油,Y,DCE,油脂,2018-02-27,5788.0,5794.0,5748.0,5766.0,263050,762622,0.0
豆油,Y,DCE,油脂,2018-02-28,5762.0,5810.0,5744.0,5796.0,294106,744110,0.0
豆油,Y,DCE,油脂,2018-03-01,5798.0,5808.0,5766.0,5798.0,283866,731200,0.0
豆油,Y,DCE,油脂,2018-03-02,5780.0,5892.0,5752.0,5854.0,731412,696474,0.0
豆油,Y,DCE,油脂,2018-03-05,5850.0,5886.0,5808.0,5854.0,375922,674636,0.0
豆油,Y,DCE,油脂,2018-03-06,5886.0,5890.0,5826.0,5832.0,288640,654782,0.0
豆油,Y,DCE,油脂,2018-03-07,5850.0,5852.0,5752.0,5766.0,374348,662022,0.0
豆油,Y,DCE,油脂,2018-03-08,5752.0,5764.0,5716.0,5732.0,320630,635612,0.0
豆油,Y,DCE,油脂,2018-03-09,5722.0,5760.0,5664.0,5670.0,381720,614118,0.0
豆油,Y,DCE,油脂,2018-03-12,5670.0,5696.0,5654.0,5672.0,244776,599760,5676.0
豆油,Y,DCE,油脂,2018-03-13,5684.0,5720.0,5640.0,5708.0,323562,594762,5690.0
豆油,Y,DCE,油脂,2018-03-14,5716.0,5742.0,5708.0,5710.0,241012,571046,5724.0
豆油,Y,DCE,油脂,2018-03-15,5718.0,5728.0,5664.0,5684.0,209526,578304,5688.0
豆油,Y,DCE,油脂,2018-03-16,5696.0,5720.0,5672.0,5684.0,271678,554440,5698.0
豆油,Y,DCE,油脂,2018-03-19,5666.0,5702.0,5646.0,5686.0,308694,553856,5674.0
豆油,Y,DCE,油脂,2018-03-20,5690.0,5692.0,5606.0,5660.0,330320,532542,5644.0
豆油,Y,DCE,油脂,2018-03-21,5650.0,5682.0,5626.0,5628.0,208280,538050,5650.0
豆油,Y,DCE,油脂,2018-03-22,5636.0,5702.0,5636.0,5678.0,228664,517352,5670.0
豆油,Y,DCE,油脂,2018-03-23,5678.0,5720.0,5634.0,5654.0,453182,447560,5674.0
豆油,Y,DCE,油脂,2018-03-26,5816.0,5874.0,5690.0,5856.0,624266,546080,5808.0
豆油,Y,DCE,油脂,2018-03-27,5856.0,5902.0,5790.0,5796.0,512236,612778,5840.0
豆油,Y,DCE,油脂,2018-03-28,5800.0,5816.0,5772.0,5792.0,290836,609578,5796.0
豆油,Y,DCE,油脂,2018-03-29,5780.0,5788.0,5710.0,5722.0,407162,637318,5748.0
豆油,Y,DCE,油脂,2018-03-30,5722.0,5848.0,5692.0,5820.0,495434,650552,5790.0
豆油,Y,DCE,油脂,2018-04-02,5820.0,5916.0,5810.0,5904.0,576086,727622,5872.0
豆油,Y,DCE,油脂,2018-04-03,5900.0,5906.0,5862.0,5888.0,365930,750224,5886.0
豆油,Y,DCE,油脂,2018-04-04,5882.0,5962.0,5872.0,5954.0,680344,771880,5936.0
豆油,Y,DCE,油脂,2018-04-09,6176.0,6198.0,5972.0,5976.0,729918,808230,6050.0
豆油,Y,DCE,油脂,2018-04-10,5976.0,5992.0,5926.0,5950.0,632712,815192,5960.0
豆油,Y,DCE,油脂,2018-04-11,5940.0,5986.0,5888.0,5900.0,493598,823156,5934.0
豆油,Y,DCE,油脂,2018-04-12,5900.0,5914.0,5824.0,5830.0,475848,836706,5874.0
豆油,Y,DCE,油脂,2018-04-13,5840.0,5852.0,5808.0,5844.0,384518,853580,5834.0
豆油,Y,DCE,油脂,2018-04-16,5836.0,5856.0,5796.0,5808.0,329442,851044,5832.0
豆油,Y,DCE,油脂,2018-04-17,5800.0,5830.0,5746.0,5820.0,421488,874096,5782.0
豆油,Y,DCE,油脂,2018-04-18,5816.0,5830.0,5778.0,5802.0,327766,865516,5800.0
豆油,Y,DCE,油脂,2018-04-19,5808.0,5832.0,5790.0,5820.0,377638,895314,5808.0
豆油,Y,DCE,油脂,2018-04-20,5822.0,5846.0,5800.0,5810.0,382256,894666,5826.0
豆油,Y,DCE,油脂,2018-04-23,5818.0,5862.0,5806.0,5824.0,398120,916398,5828.0
豆油,Y,DCE,油脂,2018-04-24,5824.0,5824.0,5760.0,5762.0,360764,918532,5786.0
豆油,Y,DCE,油脂,2018-04-25,5762.0,5794.0,5756.0,5766.0,286454,932916,5772.0
豆油,Y,DCE,油脂,2018-04-26,5772.0,5772.0,5710.0,5736.0,402734,954406,5742.0
豆油,Y,DCE,油脂,2018-04-27,5738.0,5754.0,5720.0,5734.0,285904,932574,5736.0
豆油,Y,DCE,油脂,2018-05-02,5704.0,5768.0,5682.0,5758.0,265454,937150,5742.0
豆油,Y,DCE,油脂,2018-05-03,5750.0,5792.0,5750.0,5778.0,283444,930530,5772.0
豆油,Y,DCE,油脂,2018-05-04,5768.0,5770.0,5728.0,5766.0,291602,946866,5752.0
豆油,Y,DCE,油脂,2018-05-07,5770.0,5824.0,5762.0,5806.0,361888,936930,5792.0
豆油,Y,DCE,油脂,2018-05-08,5812.0,5830.0,5766.0,5782.0,273684,932646,5794.0
豆油,Y,DCE,油脂,2018-05-09,5782.0,5832.0,5770.0,5824.0,424376,932618,5806.0
豆油,Y,DCE,油脂,2018-05-10,5826.0,5856.0,5822.0,5842.0,293144,929600,5838.0
豆油,Y,DCE,油脂,2018-05-11,5846.0,5860.0,5810.0,5830.0,297032,927918,5836.0
豆油,Y,DCE,油脂,2018-05-14,5826.0,5834.0,5774.0,5780.0,354660,948782,5808.0
豆油,Y,DCE,油脂,2018-05-15,5782.0,5812.0,5748.0,5766.0,323488,927860,5784.0
豆油,Y,DCE,油脂,2018-05-16,5768.0,5778.0,5720.0,5740.0,379490,930718,5742.0
豆油,Y,DCE,油脂,2018-05-17,5740.0,5752.0,5708.0,5744.0,321092,919522,5732.0
豆油,Y,DCE,油脂,2018-05-18,5750.0,5826.0,5750.0,5810.0,519696,924634,5788.0
豆油,Y,DCE,油脂,2018-05-21,5810.0,5886.0,5782.0,5794.0,728906,958470,5824.0
豆油,Y,DCE,油脂,2018-05-22,5794.0,5826.0,5762.0,5812.0,428760,954952,5798.0
豆油,Y,DCE,油脂,2018-05-23,5844.0,5848.0,5782.0,5798.0,400406,953812,5808.0
豆油,Y,DCE,油脂,2018-05-24,5800.0,5840.0,5772.0,5824.0,460952,968416,5808.0
豆油,Y,DCE,油脂,2018-05-25,5836.0,5858.0,5786.0,5794.0,431826,961710,5818.0
豆油,Y,DCE,油脂,2018-05-28,5790.0,5806.0,5744.0,5750.0,351836,978104,5770.0
豆油,Y,DCE,油脂,2018-05-29,5746.0,5810.0,5746.0,5806.0,314912,956146,5780.0
豆油,Y,DCE,油脂,2018-05-30,5802.0,5962.0,5782.0,5838.0,1256058,947150,5864.0
豆油,Y,DCE,油脂,2018-05-31,5842.0,5888.0,5822.0,5844.0,659558,952934,5850.0
豆油,Y,DCE,油脂,2018-06-01,5848.0,5882.0,5830.0,5862.0,469634,947294,5856.0
豆油,Y,DCE,油脂,2018-06-04,5868.0,5954.0,5854.0,5884.0,787286,954064,5906.0
豆油,Y,DCE,油脂,2018-06-05,5876.0,5888.0,5754.0,5832.0,693504,911722,5830.0
豆油,Y,DCE,油脂,2018-06-06,5836.0,5848.0,5798.0,5814.0,283298,908788,5822.0
豆油,Y,DCE,油脂,2018-06-07,5806.0,5834.0,5778.0,5822.0,337154,924154,5802.0
豆油,Y,DCE,油脂,2018-06-08,5826.0,5838.0,5722.0,5734.0,544240,910786,5774.0
豆油,Y,DCE,油脂,2018-06-11,5730.0,5760.0,5708.0,5738.0,288084,892790,5738.0
豆油,Y,DCE,油脂,2018-06-12,5738.0,5768.0,5692.0,5700.0,451228,915054,5732.0
豆油,Y,DCE,油脂,2018-06-13,5684.0,5692.0,5612.0,5632.0,609414,871866,5640.0
豆油,Y,DCE,油脂,2018-06-14,5648.0,5680.0,5630.0,5656.0,325834,831948,5654.0
豆油,Y,DCE,油脂,2018-06-15,5646.0,5694.0,5634.0,5664.0,332216,831558,5660.0
豆油,Y,DCE,油脂,2018-06-19,5758.0,5772.0,5436.0,5458.0,851696,788732,5586.0
豆油,Y,DCE,油脂,2018-06-20,5482.0,5524.0,5452.0,5494.0,490632,761486,5492.0
豆油,Y,DCE,油脂,2018-06-21,5492.0,5518.0,5478.0,5490.0,303802,739984,5498.0
豆油,Y,DCE,油脂,2018-06-22,5488.0,5512.0,5474.0,5492.0,222882,716724,5490.0
豆油,Y,DCE,油脂,2018-06-25,5500.0,5530.0,5496.0,5508.0,202658,712694,5508.0
豆油,Y,DCE,油脂,2018-06-26,5514.0,5520.0,5414.0,5502.0,377166,733168,5478.0
豆油,Y,DCE,油脂,2018-06-27,5502.0,5586.0,5500.0,5558.0,363358,711110,5544.0
豆油,Y,DCE,油脂,2018-06-28,5574.0,5582.0,5526.0,5554.0,241598,689874,5558.0
豆油,Y,DCE,油脂,2018-06-29,5564.0,5604.0,5550.0,5570.0,277130,687762,5580.0
豆油,Y,DCE,油脂,2018-07-02,5580.0,5622.0,5554.0,5596.0,294218,667928,5586.0
豆油,Y,DCE,油脂,2018-07-03,5608.0,5614.0,5562.0,5596.0,225980,661150,5594.0
豆油,Y,DCE,油脂,2018-07-04,5608.0,5620.0,5568.0,5580.0,215432,648922,5592.0
豆油,Y,DCE,油脂,2018-07-05,5580.0,5598.0,5542.0,5592.0,187666,643500,5574.0
豆油,Y,DCE,油脂,2018-07-06,5588.0,5644.0,5564.0,5614.0,426448,646094,5608.0
豆油,Y,DCE,油脂,2018-07-09,5612.0,5652.0,5602.0,5614.0,250902,639128,5620.0
豆油,Y,DCE,油脂,2018-07-10,5622.0,5622.0,5512.0,5524.0,291072,637038,5560.0
豆油,Y,DCE,油脂,2018-07-11,5524.0,5546.0,5490.0,5500.0,257506,620518,5520.0
豆油,Y,DCE,油脂,2018-07-12,5488.0,5524.0,5474.0,5512.0,200138,611922,5500.0
豆油,Y,DCE,油脂,2018-07-13,5506.0,5516.0,5450.0,5470.0,208230,601062,5478.0
豆油,Y,DCE,油脂,2018-07-16,5452.0,5472.0,5410.0,5456.0,242378,600104,5442.0
豆油,Y,DCE,油脂,2018-07-17,5458.0,5494.0,5448.0,5478.0,156108,589080,5470.0
豆油,Y,DCE,油脂,2018-07-18,5478.0,5498.0,5462.0,5490.0,136120,578288,5484.0
豆油,Y,DCE,油脂,2018-07-19,5504.0,5522.0,5484.0,5514.0,151368,565782,5504.0
豆油,Y,DCE,油脂,2018-07-20,5516.0,5526.0,5484.0,5488.0,146936,560838,5508.0
豆油,Y,DCE,油脂,2018-07-23,5488.0,5554.0,5484.0,5504.0,148182,545340,5522.0
豆油,Y,DCE,油脂,2018-07-24,5504.0,5518.0,5474.0,5508.0,138380,548994,5498.0
豆油,Y,DCE,油脂,2018-07-25,5498.0,5532.0,5498.0,5508.0,122720,530492,5514.0
豆油,Y,DCE,油脂,2018-07-26,5700.0,5762.0,5696.0,5754.0,199118,551294,5734.0
豆油,Y,DCE,油脂,2018-07-27,5756.0,5780.0,5722.0,5780.0,220080,568118,5750.0
豆油,Y,DCE,油脂,2018-07-30,5782.0,5826.0,5768.0,5814.0,233198,593980,5798.0
豆油,Y,DCE,油脂,2018-07-31,5814.0,5836.0,5790.0,5820.0,269976,626314,5814.0
豆油,Y,DCE,油脂,2018-08-01,5830.0,5860.0,5782.0,5814.0,402496,649862,5818.0
豆油,Y,DCE,油脂,2018-08-02,5818.0,5856.0,5804.0,5824.0,311588,663370,5830.0
豆油,Y,DCE,油脂,2018-08-03,5810.0,5840.0,5772.0,5800.0,334692,699176,5804.0
豆油,Y,DCE,油脂,2018-08-06,5810.0,5876.0,5792.0,5844.0,387592,715164,5840.0
豆油,Y,DCE,油脂,2018-08-07,5842.0,5894.0,5832.0,5878.0,337878,738008,5860.0
豆油,Y,DCE,油脂,2018-08-08,5886.0,5910.0,5854.0,5888.0,331110,755500,5880.0
豆油,Y,DCE,油脂,2018-08-09,5910.0,5930.0,5872.0,5914.0,394270,786338,5902.0
豆油,Y,DCE,油脂,2018-08-10,5918.0,5918.0,5874.0,5896.0,327426,798930,5894.0
豆油,Y,DCE,油脂,2018-08-13,5894.0,5908.0,5758.0,5842.0,374904,814516,5834.0
豆油,Y,DCE,油脂,2018-08-14,5832.0,5882.0,5822.0,5864.0,317412,819120,5856.0
豆油,Y,DCE,油脂,2018-08-15,5874.0,5902.0,5858.0,5882.0,314136,819668,5880.0
豆油,Y,DCE,油脂,2018-08-16,5878.0,5878.0,5778.0,5834.0,454906,808094,5830.0
豆油,Y,DCE,油脂,2018-08-17,5848.0,5922.0,5820.0,5882.0,462838,820944,5876.0
豆油,Y,DCE,油脂,2018-08-20,5888.0,5938.0,5848.0,5876.0,474976,824198,5888.0
豆油,Y,DCE,油脂,2018-08-21,5888.0,5896.0,5848.0,5884.0,325684,833078,5872.0
豆油,Y,DCE,油脂,2018-08-22,5886.0,5938.0,5870.0,5874.0,476390,843218,5894.0
豆油,Y,DCE,油脂,2018-08-23,5886.0,5904.0,5840.0,5864.0,444114,845186,5868.0
豆油,Y,DCE,油脂,2018-08-24,5864.0,5924.0,5852.0,5860.0,546096,856112,5884.0
豆油,Y,DCE,油脂,2018-08-27,5866.0,5876.0,5782.0,5786.0,498842,855878,5826.0
豆油,Y,DCE,油脂,2018-08-28,5786.0,5836.0,5786.0,5828.0,302418,841122,5812.0
豆油,Y,DCE,油脂,2018-08-29,5832.0,5842.0,5774.0,5782.0,341848,843230,5804.0
豆油,Y,DCE,油脂,2018-08-30,5790.0,5802.0,5752.0,5798.0,361304,847754,5782.0
豆油,Y,DCE,油脂,2018-08-31,5800.0,5826.0,5766.0,5768.0,307444,870704,5800.0
豆油,Y,DCE,油脂,2018-09-03,5768.0,5824.0,5730.0,5822.0,366428,857424,5776.0
豆油,Y,DCE,油脂,2018-09-04,5828.0,5878.0,5818.0,5874.0,411598,862402,5850.0
豆油,Y,DCE,油脂,2018-09-05,5880.0,5890.0,5854.0,5856.0,294938,876052,5872.0
豆油,Y,DCE,油脂,2018-09-06,5852.0,5882.0,5850.0,5874.0,229326,879356,5864.0
豆油,Y,DCE,油脂,2018-09-07,5878.0,5912.0,5832.0,5872.0,469758,895716,5866.0
豆油,Y,DCE,油脂,2018-09-10,5868.0,5946.0,5832.0,5916.0,714508,912690,5890.0
豆油,Y,DCE,油脂,2018-09-11,5920.0,5926.0,5882.0,5906.0,359884,907636,5904.0
豆油,Y,DCE,油脂,2018-09-12,5896.0,5932.0,5882.0,5892.0,519184,904660,5906.0
豆油,Y,DCE,油脂,2018-09-13,5874.0,5900.0,5810.0,5828.0,526584,890274,5856.0
豆油,Y,DCE,油脂,2018-09-14,5838.0,5866.0,5830.0,5836.0,322484,889898,5846.0
豆油,Y,DCE,油脂,2018-09-17,5836.0,5880.0,5826.0,5850.0,267280,883696,5852.0
豆油,Y,DCE,油脂,2018-09-18,5862.0,5876.0,5812.0,5822.0,432130,892918,5848.0
豆油,Y,DCE,油脂,2018-09-19,5820.0,5828.0,5764.0,5778.0,320676,905608,5790.0
豆油,Y,DCE,油脂,2018-09-20,5774.0,5796.0,5744.0,5750.0,308064,900316,5772.0
豆油,Y,DCE,油脂,2018-09-21,5752.0,5780.0,5732.0,5734.0,311808,901190,5754.0
豆油,Y,DCE,油脂,2018-09-25,5790.0,5818.0,5770.0,5816.0,259124,884266,5798.0
豆油,Y,DCE,油脂,2018-09-26,5824.0,5880.0,5822.0,5874.0,389356,866328,5862.0
豆油,Y,DCE,油脂,2018-09-27,5866.0,5874.0,5826.0,5866.0,252746,855668,5852.0
豆油,Y,DCE,油脂,2018-09-28,5860.0,5880.0,5830.0,5854.0,285784,837602,5850.0
豆油,Y,DCE,油脂,2018-10-08,5904.0,5920.0,5868.0,5882.0,231188,819870,5892.0
豆油,Y,DCE,油脂,2018-10-09,5886.0,5988.0,5886.0,5964.0,636550,833562,5932.0
豆油,Y,DCE,油脂,2018-10-10,5966.0,6010.0,5942.0,5980.0,536972,865400,5974.0
豆油,Y,DCE,油脂,2018-10-11,5982.0,5986.0,5836.0,5874.0,562528,870168,5914.0
豆油,Y,DCE,油脂,2018-10-12,5884.0,5924.0,5864.0,5918.0,437254,875196,5894.0
豆油,Y,DCE,油脂,2018-10-15,5926.0,5944.0,5906.0,5916.0,318912,880346,5926.0
豆油,Y,DCE,油脂,2018-10-16,5904.0,5926.0,5866.0,5870.0,374556,875414,5892.0
豆油,Y,DCE,油脂,2018-10-17,5868.0,5890.0,5852.0,5878.0,239038,885110,5870.0
豆油,Y,DCE,油脂,2018-10-18,5882.0,5884.0,5782.0,5788.0,360928,873602,5834.0
豆油,Y,DCE,油脂,2018-10-19,5788.0,5806.0,5762.0,5774.0,257226,869738,5780.0
豆油,Y,DCE,油脂,2018-10-22,5782.0,5802.0,5762.0,5784.0,253824,851706,5782.0
豆油,Y,DCE,油脂,2018-10-23,5790.0,5796.0,5744.0,5752.0,263042,839770,5770.0
豆油,Y,DCE,油脂,2018-10-24,5742.0,5764.0,5684.0,5696.0,354774,818640,5720.0
豆油,Y,DCE,油脂,2018-10-25,5696.0,5722.0,5654.0,5670.0,306240,811476,5680.0
豆油,Y,DCE,油脂,2018-10-26,5686.0,5706.0,5658.0,5674.0,246810,796814,5678.0
豆油,Y,DCE,油脂,2018-10-29,5670.0,5708.0,5650.0,5700.0,284384,783602,5680.0
豆油,Y,DCE,油脂,2018-10-30,5710.0,5736.0,5638.0,5648.0,346370,783520,5684.0
豆油,Y,DCE,油脂,2018-10-31,5636.0,5668.0,5626.0,5652.0,190738,771218,5646.0
豆油,Y,DCE,油脂,2018-11-01,5650.0,5672.0,5622.0,5634.0,300310,748014,5646.0
豆油,Y,DCE,油脂,2018-11-02,5640.0,5658.0,5426.0,5458.0,781698,718728,5528.0
豆油,Y,DCE,油脂,2018-11-05,5474.0,5544.0,5468.0,5538.0,310816,668904,5520.0
豆油,Y,DCE,油脂,2018-11-06,5534.0,5550.0,5512.0,5536.0,230538,639252,5534.0
豆油,Y,DCE,油脂,2018-11-07,5540.0,5548.0,5490.0,5518.0,204818,633000,5518.0
豆油,Y,DCE,油脂,2018-11-08,5528.0,5538.0,5460.0,5472.0,238982,631358,5496.0
豆油,Y,DCE,油脂,2018-11-09,5472.0,5480.0,5410.0,5452.0,322758,613018,5442.0
豆油,Y,DCE,油脂,2018-11-12,5440.0,5468.0,5400.0,5464.0,296814,591824,5432.0
豆油,Y,DCE,油脂,2018-11-13,5454.0,5462.0,5418.0,5436.0,182908,591212,5442.0
豆油,Y,DCE,油脂,2018-11-14,5426.0,5460.0,5326.0,5356.0,327544,582422,5374.0
豆油,Y,DCE,油脂,2018-11-15,5368.0,5408.0,5364.0,5386.0,209208,565528,5382.0
豆油,Y,DCE,油脂,2018-11-16,5392.0,5480.0,5380.0,5444.0,270048,555214,5432.0
豆油,Y,DCE,油脂,2018-11-19,5402.0,5428.0,5392.0,5416.0,215814,545702,5412.0
豆油,Y,DCE,油脂,2018-11-20,5416.0,5430.0,5362.0,5402.0,242216,531212,5396.0
豆油,Y,DCE,油脂,2018-11-21,5406.0,5454.0,5342.0,5436.0,323044,527888,5404.0
豆油,Y,DCE,油脂,2018-11-22,5430.0,5434.0,5386.0,5412.0,199538,525404,5410.0
豆油,Y,DCE,油脂,2018-11-23,5426.0,5438.0,5370.0,5398.0,192080,509872,5404.0
豆油,Y,DCE,油脂,2018-11-26,5394.0,5444.0,5370.0,5428.0,252378,491088,5410.0
豆油,Y,DCE,油脂,2018-11-27,5410.0,5426.0,5370.0,5374.0,218310,483266,5398.0
豆油,Y,DCE,油脂,2018-11-28,5366.0,5400.0,5366.0,5388.0,182766,481428,5384.0
豆油,Y,DCE,油脂,2018-11-29,5400.0,5418.0,5378.0,5390.0,166738,469766,5396.0
豆油,Y,DCE,油脂,2018-11-30,5396.0,5450.0,5390.0,5442.0,140886,445030,5418.0
豆油,Y,DCE,油脂,2018-12-03,5556.0,5588.0,5514.0,5530.0,229068,487702,5548.0
豆油,Y,DCE,油脂,2018-12-04,5516.0,5574.0,5504.0,5534.0,219950,512056,5536.0
豆油,Y,DCE,油脂,2018-12-05,5544.0,5564.0,5518.0,5526.0,204472,526944,5540.0
豆油,Y,DCE,油脂,2018-12-06,5528.0,5550.0,5472.0,5530.0,421770,573520,5514.0
豆油,Y,DCE,油脂,2018-12-07,5514.0,5526.0,5438.0,5444.0,375798,622606,5482.0
豆油,Y,DCE,油脂,2018-12-10,5436.0,5478.0,5436.0,5450.0,256012,638810,5458.0
豆油,Y,DCE,油脂,2018-12-11,5468.0,5472.0,5364.0,5376.0,493674,634236,5408.0
豆油,Y,DCE,油脂,2018-12-12,5378.0,5408.0,5378.0,5394.0,253780,627228,5394.0
豆油,Y,DCE,油脂,2018-12-13,5398.0,5412.0,5356.0,5376.0,295138,650318,5386.0
豆油,Y,DCE,油脂,2018-12-14,5370.0,5384.0,5340.0,5354.0,320458,662770,5364.0
豆油,Y,DCE,油脂,2018-12-17,5354.0,5368.0,5316.0,5352.0,245854,673932,5340.0
豆油,Y,DCE,油脂,2018-12-18,5356.0,5404.0,5338.0,5398.0,333684,652024,5366.0
豆油,Y,DCE,油脂,2018-12-19,5406.0,5446.0,5400.0,5440.0,354410,632610,5426.0
豆油,Y,DCE,油脂,2018-12-20,5452.0,5462.0,5410.0,5440.0,327292,632782,5440.0
豆油,Y,DCE,油脂,2018-12-21,5450.0,5458.0,5420.0,5442.0,207110,632940,5440.0
豆油,Y,DCE,油脂,2018-12-24,5436.0,5468.0,5406.0,5462.0,346500,648810,5436.0
豆油,Y,DCE,油脂,2018-12-25,5456.0,5470.0,5394.0,5402.0,359906,644532,5428.0
豆油,Y,DCE,油脂,2018-12-26,5402.0,5424.0,5380.0,5410.0,228532,644812,5402.0
豆油,Y,DCE,油脂,2018-12-27,5418.0,5428.0,5382.0,5388.0,282980,662198,5402.0
豆油,Y,DCE,油脂,2018-12-28,5384.0,5394.0,5362.0,5376.0,265304,674372,5374.0
豆油,Y,DCE,油脂,2019-01-02,5376.0,5458.0,5376.0,5456.0,212120,660794,5422.0
豆油,Y,DCE,油脂,2019-01-03,5460.0,5526.0,5442.0,5522.0,367822,688042,5490.0
豆油,Y,DCE,油脂,2019-01-04,5518.0,5540.0,5502.0,5540.0,280622,688042,5518.0
豆油,Y,DCE,油脂,2019-01-07,5552.0,5558.0,5506.0,5536.0,300912,697724,5528.0
豆油,Y,DCE,油脂,2019-01-08,5540.0,5610.0,5514.0,5598.0,437316,713178,5558.0
豆油,Y,DCE,油脂,2019-01-09,5592.0,5620.0,5576.0,5598.0,316368,718504,5596.0
豆油,Y,DCE,油脂,2019-01-10,5600.0,5646.0,5586.0,5586.0,471188,722630,5612.0
豆油,Y,DCE,油脂,2019-01-11,5596.0,5604.0,5536.0,5568.0,372380,698128,5564.0
豆油,Y,DCE,油脂,2019-01-14,5576.0,5624.0,5550.0,5580.0,475148,710446,5584.0
豆油,Y,DCE,油脂,2019-01-15,5570.0,5574.0,5538.0,5566.0,271762,713196,5558.0
豆油,Y,DCE,油脂,2019-01-16,5568.0,5578.0,5532.0,5554.0,283280,710676,5556.0
豆油,Y,DCE,油脂,2019-01-17,5550.0,5552.0,5494.0,5504.0,378056,712994,5520.0
豆油,Y,DCE,油脂,2019-01-18,5512.0,5598.0,5512.0,5580.0,332344,701816,5562.0
豆油,Y,DCE,油脂,2019-01-21,5592.0,5694.0,5574.0,5678.0,489884,691352,5630.0
豆油,Y,DCE,油脂,2019-01-22,5680.0,5704.0,5650.0,5676.0,371354,686048,5672.0
豆油,Y,DCE,油脂,2019-01-23,5680.0,5714.0,5636.0,5674.0,390900,717016,5676.0
豆油,Y,DCE,油脂,2019-01-24,5680.0,5714.0,5660.0,5690.0,330770,721340,5688.0
豆油,Y,DCE,油脂,2019-01-25,5680.0,5710.0,5662.0,5692.0,318266,711450,5688.0
豆油,Y,DCE,油脂,2019-01-28,5690.0,5806.0,5682.0,5790.0,479930,745932,5754.0
豆油,Y,DCE,油脂,2019-01-29,5804.0,5814.0,5764.0,5790.0,372160,746256,5788.0
豆油,Y,DCE,油脂,2019-01-30,5784.0,5796.0,5740.0,5762.0,367148,726712,5762.0
豆油,Y,DCE,油脂,2019-01-31,5780.0,5782.0,5730.0,5732.0,314168,710258,5750.0
豆油,Y,DCE,油脂,2019-02-01,5730.0,5752.0,5702.0,5726.0,259072,711248,5726.0
豆油,Y,DCE,油脂,2019-02-11,5778.0,5804.0,5722.0,5746.0,262112,715720,5752.0
豆油,Y,DCE,油脂,2019-02-12,5746.0,5758.0,5684.0,5708.0,333206,730452,5716.0
豆油,Y,DCE,油脂,2019-02-13,5720.0,5726.0,5692.0,5712.0,224030,724238,5712.0
豆油,Y,DCE,油脂,2019-02-14,5702.0,5724.0,5668.0,5712.0,315154,718432,5692.0
豆油,Y,DCE,油脂,2019-02-15,5720.0,5724.0,5674.0,5680.0,211068,715232,5692.0
豆油,Y,DCE,油脂,2019-02-18,5682.0,5738.0,5678.0,5736.0,263040,728078,5714.0
豆油,Y,DCE,油脂,2019-02-19,5736.0,5786.0,5728.0,5784.0,329760,716126,5760.0
豆油,Y,DCE,油脂,2019-02-20,5770.0,5772.0,5710.0,5712.0,361142,704542,5728.0
豆油,Y,DCE,油脂,2019-02-21,5712.0,5714.0,5662.0,5692.0,332160,696204,5688.0
豆油,Y,DCE,油脂,2019-02-22,5708.0,5758.0,5700.0,5714.0,352112,676934,5724.0
豆油,Y,DCE,油脂,2019-02-25,5712.0,5766.0,5712.0,5732.0,362450,667268,5736.0
豆油,Y,DCE,油脂,2019-02-26,5718.0,5736.0,5644.0,5644.0,448262,674920,5684.0
豆油,Y,DCE,油脂,2019-02-27,5648.0,5684.0,5640.0,5656.0,262050,675942,5664.0
豆油,Y,DCE,油脂,2019-02-28,5636.0,5708.0,5624.0,5674.0,313750,666548,5676.0
豆油,Y,DCE,油脂,2019-03-01,5672.0,5802.0,5662.0,5760.0,617460,647718,5738.0
豆油,Y,DCE,油脂,2019-03-04,5780.0,5872.0,5712.0,5792.0,628410,682980,5792.0
豆油,Y,DCE,油脂,2019-03-05,5792.0,5802.0,5754.0,5780.0,359046,662214,5776.0
豆油,Y,DCE,油脂,2019-03-06,5790.0,5864.0,5776.0,5798.0,612296,686822,5820.0
豆油,Y,DCE,油脂,2019-03-07,5816.0,5838.0,5714.0,5718.0,510364,660870,5766.0
豆油,Y,DCE,油脂,2019-03-08,5720.0,5748.0,5698.0,5724.0,377916,657494,5724.0
豆油,Y,DCE,油脂,2019-03-11,5724.0,5762.0,5708.0,5724.0,295380,656870,5730.0
豆油,Y,DCE,油脂,2019-03-12,5718.0,5742.0,5664.0,5676.0,419836,640008,5706.0
豆油,Y,DCE,油脂,2019-03-13,5692.0,5718.0,5632.0,5634.0,383948,613058,5674.0
豆油,Y,DCE,油脂,2019-03-14,5634.0,5650.0,5584.0,5596.0,433924,577894,5618.0
豆油,Y,DCE,油脂,2019-03-15,5602.0,5604.0,5518.0,5532.0,362932,550360,5552.0
豆油,Y,DCE,油脂,2019-03-18,5532.0,5578.0,5532.0,5566.0,246336,532720,5560.0
豆油,Y,DCE,油脂,2019-03-19,5564.0,5568.0,5520.0,5524.0,226936,533422,5536.0
豆油,Y,DCE,油脂,2019-03-20,5536.0,5564.0,5506.0,5558.0,289882,528546,5532.0
豆油,Y,DCE,油脂,2019-03-21,5568.0,5572.0,5530.0,5550.0,158422,520574,5550.0
豆油,Y,DCE,油脂,2019-03-22,5546.0,5552.0,5474.0,5498.0,355432,517058,5506.0
豆油,Y,DCE,油脂,2019-03-25,5496.0,5496.0,5438.0,5440.0,275596,516170,5464.0
豆油,Y,DCE,油脂,2019-03-26,5442.0,5478.0,5440.0,5444.0,208432,501504,5456.0
豆油,Y,DCE,油脂,2019-03-27,5458.0,5486.0,5450.0,5480.0,229648,483056,5466.0
豆油,Y,DCE,油脂,2019-03-28,5486.0,5490.0,5376.0,5420.0,326030,466862,5442.0
豆油,Y,DCE,油脂,2019-03-29,5426.0,5430.0,5360.0,5376.0,277150,447564,5394.0
豆油,Y,DCE,油脂,2019-04-01,5380.0,5406.0,5378.0,5390.0,163976,433482,5392.0
豆油,Y,DCE,油脂,2019-04-02,5560.0,5582.0,5534.0,5566.0,187340,470220,5558.0
豆油,Y,DCE,油脂,2019-04-03,5570.0,5630.0,5566.0,5598.0,232688,502738,5600.0
豆油,Y,DCE,油脂,2019-04-04,5606.0,5618.0,5570.0,5598.0,250658,525220,5590.0
豆油,Y,DCE,油脂,2019-04-08,5624.0,5628.0,5594.0,5602.0,150584,546338,5608.0
豆油,Y,DCE,油脂,2019-04-09,5602.0,5644.0,5574.0,5632.0,349486,574854,5606.0
豆油,Y,DCE,油脂,2019-04-10,5630.0,5642.0,5606.0,5610.0,344340,595480,5622.0
豆油,Y,DCE,油脂,2019-04-11,5608.0,5622.0,5590.0,5598.0,259442,618492,5604.0
豆油,Y,DCE,油脂,2019-04-12,5592.0,5604.0,5572.0,5602.0,285978,620632,5588.0
豆油,Y,DCE,油脂,2019-04-15,5606.0,5626.0,5576.0,5578.0,381826,653532,5604.0
豆油,Y,DCE,油脂,2019-04-16,5570.0,5580.0,5522.0,5550.0,407222,688858,5550.0
豆油,Y,DCE,油脂,2019-04-17,5544.0,5570.0,5544.0,5568.0,263362,700144,5556.0
豆油,Y,DCE,油脂,2019-04-18,5566.0,5578.0,5492.0,5494.0,410236,722268,5532.0
豆油,Y,DCE,油脂,2019-04-19,5500.0,5524.0,5494.0,5510.0,295048,734156,5510.0
豆油,Y,DCE,油脂,2019-04-23,5510.0,5534.0,5482.0,5504.0,289976,754078,5510.0
豆油,Y,DCE,油脂,2019-04-24,5506.0,5510.0,5432.0,5454.0,473400,794912,5458.0
豆油,Y,DCE,油脂,2019-04-25,5460.0,5468.0,5438.0,5446.0,290158,774322,5452.0
豆油,Y,DCE,油脂,2019-04-26,5446.0,5448.0,5332.0,5360.0,648936,835048,5384.0
豆油,Y,DCE,油脂,2019-04-29,5350.0,5374.0,5348.0,5358.0,244004,826102,5356.0
豆油,Y,DCE,油脂,2019-04-30,5358.0,5382.0,5338.0,5378.0,272222,800388,5362.0
豆油,Y,DCE,油脂,2019-05-06,5300.0,5372.0,5266.0,5346.0,431036,763610,5328.0
豆油,Y,DCE,油脂,2019-05-07,5336.0,5412.0,5330.0,5406.0,422052,768184,5382.0
豆油,Y,DCE,油脂,2019-05-08,5410.0,5418.0,5382.0,5386.0,283846,755114,5402.0
豆油,Y,DCE,油脂,2019-05-09,5392.0,5436.0,5382.0,5424.0,437000,760880,5406.0
豆油,Y,DCE,油脂,2019-05-10,5414.0,5426.0,5350.0,5380.0,505708,779904,5388.0
豆油,Y,DCE,油脂,2019-05-13,5378.0,5404.0,5362.0,5380.0,31439,775474,5382.0
豆油,Y,DCE,油脂,2019-05-14,5382.0,5442.0,5362.0,5374.0,55299,767136,5402.0
豆油,Y,DCE,油脂,2019-05-15,5392.0,5434.0,5384.0,5420.0,40781,790528,5414.0
豆油,Y,DCE,油脂,2019-05-16,5430.0,5470.0,5428.0,5464.0,467382,789196,5448.0
豆油,Y,DCE,油脂,2019-05-17,5474.0,5504.0,5458.0,5470.0,485578,759024,5478.0
豆油,Y,DCE,油脂,2019-05-20,5470.0,5504.0,5458.0,5464.0,308584,757646,5478.0
豆油,Y,DCE,油脂,2019-05-21,5474.0,5494.0,5448.0,5484.0,338318,763158,5474.0
豆油,Y,DCE,油脂,2019-05-22,5476.0,5484.0,5380.0,5402.0,499570,761184,5428.0
豆油,Y,DCE,油脂,2019-05-23,5400.0,5422.0,5348.0,5350.0,372194,769984,5382.0
豆油,Y,DCE,油脂,2019-05-24,5340.0,5368.0,5332.0,5356.0,264082,773646,5354.0
豆油,Y,DCE,油脂,2019-05-27,5364.0,5394.0,5354.0,5384.0,327160,776650,5372.0
豆油,Y,DCE,油脂,2019-05-28,5380.0,5402.0,5372.0,5400.0,242682,774562,5386.0
豆油,Y,DCE,油脂,2019-05-29,5406.0,5584.0,5404.0,5552.0,1039190,795216,5508.0
豆油,Y,DCE,油脂,2019-05-30,5552.0,5552.0,5456.0,5476.0,625844,790538,5504.0
豆油,Y,DCE,油脂,2019-05-31,5490.0,5520.0,5480.0,5482.0,315132,788528,5498.0
豆油,Y,DCE,油脂,2019-06-03,5474.0,5478.0,5388.0,5390.0,501498,789936,5430.0
豆油,Y,DCE,油脂,2019-06-04,5392.0,5462.0,5390.0,5454.0,437388,827004,5426.0
豆油,Y,DCE,油脂,2019-06-05,5460.0,5478.0,5442.0,5454.0,375308,837742,5454.0
豆油,Y,DCE,油脂,2019-06-06,5450.0,5490.0,5414.0,5440.0,468570,787646,5446.0
豆油,Y,DCE,油脂,2019-06-10,5446.0,5474.0,5434.0,5460.0,245094,784172,5456.0
豆油,Y,DCE,油脂,2019-06-11,5440.0,5482.0,5440.0,5466.0,355256,780028,5460.0
豆油,Y,DCE,油脂,2019-06-12,5474.0,5480.0,5400.0,5408.0,400048,767328,5432.0
豆油,Y,DCE,油脂,2019-06-13,5404.0,5466.0,5400.0,5460.0,350342,769036,5442.0
豆油,Y,DCE,油脂,2019-06-14,5466.0,5526.0,5456.0,5474.0,538296,764426,5486.0
豆油,Y,DCE,油脂,2019-06-17,5478.0,5518.0,5462.0,5514.0,361136,759356,5488.0
豆油,Y,DCE,油脂,2019-06-18,5530.0,5530.0,5488.0,5506.0,274416,754640,5502.0
豆油,Y,DCE,油脂,2019-06-19,5500.0,5506.0,5428.0,5436.0,465904,738398,5460.0
豆油,Y,DCE,油脂,2019-06-20,5446.0,5460.0,5422.0,5432.0,247056,736340,5444.0
豆油,Y,DCE,油脂,2019-06-21,5434.0,5462.0,5402.0,5418.0,321762,731828,5432.0
豆油,Y,DCE,油脂,2019-06-24,5416.0,5424.0,5376.0,5386.0,309550,729880,5396.0
豆油,Y,DCE,油脂,2019-06-25,5392.0,5414.0,5386.0,5402.0,227954,723624,5400.0
豆油,Y,DCE,油脂,2019-06-26,5390.0,5406.0,5354.0,5372.0,326880,726150,5380.0
豆油,Y,DCE,油脂,2019-06-27,5378.0,5426.0,5366.0,5420.0,331574,720720,5398.0
豆油,Y,DCE,油脂,2019-06-28,5418.0,5426.0,5382.0,5392.0,267944,726674,5402.0
豆油,Y,DCE,油脂,2019-07-01,5392.0,5460.0,5342.0,5438.0,606928,727058,5412.0
豆油,Y,DCE,油脂,2019-07-02,5438.0,5446.0,5392.0,5430.0,377094,712946,5422.0
豆油,Y,DCE,油脂,2019-07-03,5438.0,5452.0,5370.0,5410.0,387600,741952,5400.0
豆油,Y,DCE,油脂,2019-07-04,5414.0,5438.0,5402.0,5428.0,322160,728454,5422.0
豆油,Y,DCE,油脂,2019-07-05,5422.0,5442.0,5408.0,5430.0,281202,705544,5426.0
豆油,Y,DCE,油脂,2019-07-08,5434.0,5474.0,5410.0,5456.0,396892,688086,5438.0
豆油,Y,DCE,油脂,2019-07-09,5450.0,5486.0,5406.0,5408.0,517386,661880,5452.0
豆油,Y,DCE,油脂,2019-07-10,5420.0,5462.0,5410.0,5442.0,322210,644476,5442.0
豆油,Y,DCE,油脂,2019-07-11,5460.0,5470.0,5420.0,5440.0,346342,651850,5446.0
豆油,Y,DCE,油脂,2019-07-12,5440.0,5450.0,5390.0,5400.0,339178,682448,5416.0
豆油,Y,DCE,油脂,2019-07-15,5406.0,5476.0,5404.0,5468.0,386228,678770,5442.0
豆油,Y,DCE,油脂,2019-07-16,5460.0,5462.0,5424.0,5440.0,277338,651642,5440.0
豆油,Y,DCE,油脂,2019-07-17,5430.0,5440.0,5408.0,5426.0,300698,655206,5422.0
豆油,Y,DCE,油脂,2019-07-18,5432.0,5444.0,5384.0,5420.0,332058,657724,5412.0
豆油,Y,DCE,油脂,2019-07-19,5420.0,5428.0,5394.0,5402.0,188716,659614,5406.0
豆油,Y,DCE,油脂,2019-07-22,5402.0,5438.0,5392.0,5432.0,293662,643324,5414.0
豆油,Y,DCE,油脂,2019-07-23,5432.0,5454.0,5420.0,5452.0,355666,625094,5438.0
豆油,Y,DCE,油脂,2019-07-24,5456.0,5506.0,5440.0,5492.0,442862,616474,5474.0
豆油,Y,DCE,油脂,2019-07-25,5494.0,5550.0,5490.0,5526.0,424624,601242,5524.0
豆油,Y,DCE,油脂,2019-07-26,5538.0,5554.0,5506.0,5530.0,328852,578730,5524.0
豆油,Y,DCE,油脂,2019-07-29,5530.0,5618.0,5516.0,5574.0,539910,550282,5570.0
豆油,Y,DCE,油脂,2019-07-30,5580.0,5600.0,5556.0,5572.0,287638,523738,5576.0
豆油,Y,DCE,油脂,2019-07-31,5568.0,5588.0,5538.0,5554.0,224548,502172,5562.0
豆油,Y,DCE,油脂,2019-08-01,5552.0,5564.0,5508.0,5518.0,255044,467680,5528.0
豆油,Y,DCE,油脂,2019-08-02,5520.0,5578.0,5506.0,5558.0,291844,436252,5546.0
豆油,Y,DCE,油脂,2019-08-05,5718.0,5864.0,5718.0,5850.0,713534,691444,5802.0
豆油,Y,DCE,油脂,2019-08-06,5850.0,5904.0,5830.0,5874.0,603568,724906,5864.0
豆油,Y,DCE,油脂,2019-08-07,5874.0,5896.0,5822.0,5888.0,479442,748258,5864.0
豆油,Y,DCE,油脂,2019-08-08,5882.0,5976.0,5860.0,5966.0,769696,806816,5926.0
豆油,Y,DCE,油脂,2019-08-09,5982.0,6162.0,5968.0,6150.0,1455676,907422,6068.0
豆油,Y,DCE,油脂,2019-08-12,6160.0,6230.0,6110.0,6160.0,1259218,929124,6170.0
豆油,Y,DCE,油脂,2019-08-13,6160.0,6218.0,6124.0,6206.0,939764,949740,6166.0
豆油,Y,DCE,油脂,2019-08-14,6190.0,6200.0,6024.0,6144.0,1242854,929542,6114.0
豆油,Y,DCE,油脂,2019-08-15,6140.0,6188.0,6112.0,6134.0,907520,951468,6148.0
豆油,Y,DCE,油脂,2019-08-16,6150.0,6300.0,6112.0,6182.0,1485596,987712,6198.0
豆油,Y,DCE,油脂,2019-08-19,6180.0,6218.0,6110.0,6150.0,869812,950082,6170.0
豆油,Y,DCE,油脂,2019-08-20,6144.0,6190.0,6094.0,6184.0,875058,972502,6142.0
豆油,Y,DCE,油脂,2019-08-21,6180.0,6230.0,6126.0,6150.0,1034496,986778,6168.0
豆油,Y,DCE,油脂,2019-08-22,6170.0,6222.0,6150.0,6194.0,1114112,991144,6186.0
豆油,Y,DCE,油脂,2019-08-23,6222.0,6232.0,6140.0,6186.0,883006,1012048,6182.0
豆油,Y,DCE,油脂,2019-08-26,6220.0,6328.0,6170.0,6262.0,1100182,1013740,6244.0
豆油,Y,DCE,油脂,2019-08-27,6254.0,6256.0,6112.0,6128.0,1010256,938824,6190.0
豆油,Y,DCE,油脂,2019-08-28,6140.0,6146.0,6076.0,6124.0,724514,951770,6118.0
豆油,Y,DCE,油脂,2019-08-29,6128.0,6154.0,6092.0,6130.0,716298,956100,6122.0
豆油,Y,DCE,油脂,2019-08-30,6106.0,6148.0,6042.0,6056.0,901668,927458,6092.0
豆油,Y,DCE,油脂,2019-09-02,6078.0,6130.0,6056.0,6090.0,708890,965194,6090.0
豆油,Y,DCE,油脂,2019-09-03,6086.0,6092.0,6032.0,6052.0,652612,947626,6060.0
豆油,Y,DCE,油脂,2019-09-04,6030.0,6180.0,6020.0,6170.0,1098020,956086,6116.0
豆油,Y,DCE,油脂,2019-09-05,6156.0,6184.0,6104.0,6116.0,770138,945504,6144.0
豆油,Y,DCE,油脂,2019-09-06,6118.0,6138.0,5990.0,6076.0,1022196,903716,6072.0
豆油,Y,DCE,油脂,2019-09-09,6084.0,6126.0,6036.0,6058.0,679696,910136,6076.0
豆油,Y,DCE,油脂,2019-09-10,6062.0,6098.0,6020.0,6066.0,743898,896074,6060.0
豆油,Y,DCE,油脂,2019-09-11,6090.0,6148.0,6042.0,6066.0,1006376,894124,6092.0
豆油,Y,DCE,油脂,2019-09-12,6062.0,6102.0,6034.0,6054.0,597822,887378,6062.0
豆油,Y,DCE,油脂,2019-09-16,6100.0,6148.0,6074.0,6114.0,559972,884220,6114.0
豆油,Y,DCE,油脂,2019-09-17,6110.0,6244.0,6098.0,6218.0,1043830,920762,6180.0
豆油,Y,DCE,油脂,2019-09-18,6198.0,6208.0,6136.0,6138.0,625922,899952,6166.0
豆油,Y,DCE,油脂,2019-09-19,6140.0,6146.0,6062.0,6066.0,713676,900094,6110.0
豆油,Y,DCE,油脂,2019-09-20,6074.0,6086.0,6022.0,6034.0,571080,883848,6054.0
豆油,Y,DCE,油脂,2019-09-23,6034.0,6096.0,6032.0,6068.0,542332,866426,6060.0
豆油,Y,DCE,油脂,2019-09-24,6064.0,6064.0,5976.0,5986.0,834426,859964,6016.0
豆油,Y,DCE,油脂,2019-09-25,5984.0,6038.0,5976.0,6014.0,688074,804592,6008.0
豆油,Y,DCE,油脂,2019-09-26,6014.0,6026.0,5986.0,6016.0,426348,777898,6006.0
豆油,Y,DCE,油脂,2019-09-27,6026.0,6030.0,5880.0,5900.0,881792,706890,5930.0
豆油,Y,DCE,油脂,2019-09-30,5906.0,5914.0,5850.0,5864.0,419374,667542,5882.0
豆油,Y,DCE,油脂,2019-10-08,5950.0,5970.0,5900.0,5938.0,353656,668852,5932.0
豆油,Y,DCE,油脂,2019-10-09,5940.0,6012.0,5934.0,5998.0,517420,688428,5978.0
豆油,Y,DCE,油脂,2019-10-10,5998.0,6016.0,5962.0,5990.0,406486,691036,5986.0
豆油,Y,DCE,油脂,2019-10-11,5986.0,6058.0,5972.0,6044.0,563242,712236,6010.0
豆油,Y,DCE,油脂,2019-10-14,6030.0,6034.0,5910.0,5914.0,658274,706190,5958.0
豆油,Y,DCE,油脂,2019-10-15,5920.0,5946.0,5892.0,5926.0,394306,703994,5918.0
豆油,Y,DCE,油脂,2019-10-16,5938.0,6012.0,5932.0,6000.0,570530,697436,5974.0
豆油,Y,DCE,油脂,2019-10-17,5994.0,6050.0,5994.0,6032.0,595192,688984,6022.0
豆油,Y,DCE,油脂,2019-10-18,6032.0,6064.0,6002.0,6034.0,587118,674682,6034.0
豆油,Y,DCE,油脂,2019-10-21,6046.0,6098.0,6030.0,6074.0,638190,701520,6066.0
豆油,Y,DCE,油脂,2019-10-22,6068.0,6076.0,6016.0,6042.0,398612,697180,6044.0
豆油,Y,DCE,油脂,2019-10-23,6068.0,6136.0,6046.0,6084.0,706922,718688,6094.0
豆油,Y,DCE,油脂,2019-10-24,6078.0,6146.0,6038.0,6136.0,611448,749570,6090.0
豆油,Y,DCE,油脂,2019-10-25,6146.0,6300.0,6144.0,6186.0,1258950,792310,6218.0
豆油,Y,DCE,油脂,2019-10-28,6184.0,6248.0,6172.0,6236.0,715436,804758,6206.0
豆油,Y,DCE,油脂,2019-10-29,6244.0,6268.0,6180.0,6202.0,617536,774800,6222.0
豆油,Y,DCE,油脂,2019-10-30,6200.0,6290.0,6194.0,6256.0,896132,793732,6254.0
豆油,Y,DCE,油脂,2019-10-31,6282.0,6304.0,6200.0,6230.0,765184,790020,6252.0
豆油,Y,DCE,油脂,2019-11-01,6228.0,6336.0,6216.0,6268.0,901618,803090,6278.0
豆油,Y,DCE,油脂,2019-11-04,6262.0,6368.0,6236.0,6336.0,1154586,855688,6306.0
豆油,Y,DCE,油脂,2019-11-05,6346.0,6490.0,6340.0,6378.0,1618836,858394,6410.0
豆油,Y,DCE,油脂,2019-11-06,6350.0,6380.0,6296.0,6350.0,1135610,816578,6342.0
豆油,Y,DCE,油脂,2019-11-07,6382.0,6410.0,6324.0,6342.0,1187106,822562,6368.0
豆油,Y,DCE,油脂,2019-11-08,6352.0,6436.0,6284.0,6388.0,1244064,858182,6358.0
豆油,Y,DCE,油脂,2019-11-11,6404.0,6514.0,6366.0,6484.0,1442176,875774,6440.0
豆油,Y,DCE,油脂,2019-11-12,6470.0,6514.0,6438.0,6464.0,1007364,851976,6470.0
豆油,Y,DCE,油脂,2019-11-13,6440.0,6458.0,6366.0,6384.0,897814,808294,6422.0
豆油,Y,DCE,油脂,2019-11-14,6364.0,6372.0,6298.0,6348.0,925830,775736,6326.0
豆油,Y,DCE,油脂,2019-11-15,6350.0,6362.0,6236.0,6254.0,1057718,721868,6290.0
豆油,Y,DCE,油脂,2019-11-18,6248.0,6290.0,6202.0,6284.0,827338,706330,6246.0
豆油,Y,DCE,油脂,2019-11-19,6270.0,6318.0,6240.0,6278.0,737546,672618,6274.0
豆油,Y,DCE,油脂,2019-11-20,6290.0,6428.0,6282.0,6370.0,1122154,643850,6366.0
豆油,Y,DCE,油脂,2019-11-21,6370.0,6436.0,6334.0,6358.0,866698,599386,6390.0
豆油,Y,DCE,油脂,2019-11-22,6338.0,6384.0,6304.0,6340.0,541036,586222,6346.0
豆油,Y,DCE,油脂,2019-11-25,6402.0,6420.0,6334.0,6340.0,696010,553530,6370.0
豆油,Y,DCE,油脂,2019-11-26,6322.0,6330.0,6156.0,6232.0,1294238,473664,6242.0
豆油,Y,DCE,油脂,2019-11-27,6220.0,6256.0,6192.0,6212.0,624206,415544,6218.0
豆油,Y,DCE,油脂,2019-11-28,6232.0,6250.0,6196.0,6228.0,512548,391500,6220.0
豆油,Y,DCE,油脂,2019-11-29,6250.0,6316.0,6230.0,6294.0,733546,823306,6270.0
豆油,Y,DCE,油脂,2019-12-02,6276.0,6294.0,6180.0,6204.0,867172,858338,6232.0
豆油,Y,DCE,油脂,2019-12-03,6224.0,6248.0,6156.0,6236.0,802138,875386,6202.0
豆油,Y,DCE,油脂,2019-12-04,6232.0,6278.0,6208.0,6240.0,819568,888784,6238.0
豆油,Y,DCE,油脂,2019-12-05,6242.0,6316.0,6224.0,6294.0,816134,952816,6278.0
豆油,Y,DCE,油脂,2019-12-06,6308.0,6348.0,6266.0,6324.0,1027558,994498,6310.0
豆油,Y,DCE,油脂,2019-12-09,6338.0,6448.0,6320.0,6378.0,1143848,1005890,6390.0
豆油,Y,DCE,油脂,2019-12-10,6394.0,6422.0,6332.0,6378.0,1102310,1034242,0.0
豆油,Y,DCE,油脂,2019-12-11,6372.0,6384.0,6300.0,6324.0,807454,1018230,6340.0
豆油,Y,DCE,油脂,2019-12-12,6312.0,6404.0,6302.0,6386.0,838530,1062370,6348.0
豆油,Y,DCE,油脂,2019-12-13,6386.0,6506.0,6376.0,6464.0,1860564,1157782,6454.0
豆油,Y,DCE,油脂,2019-12-16,6434.0,6504.0,6408.0,6478.0,1399862,1179198,6460.0
豆油,Y,DCE,油脂,2019-12-17,6498.0,6594.0,6484.0,6586.0,1449308,1270092,6550.0
豆油,Y,DCE,油脂,2019-12-18,6592.0,6614.0,6546.0,6552.0,1250346,1236486,6580.0
豆油,Y,DCE,油脂,2019-12-19,6560.0,6612.0,6530.0,6558.0,1452530,1280860,6572.0
豆油,Y,DCE,油脂,2019-12-20,6576.0,6656.0,6560.0,6622.0,1346430,1290436,6610.0
豆油,Y,DCE,油脂,2019-12-23,6626.0,6632.0,6538.0,6578.0,1151348,1263306,0.0
豆油,Y,DCE,油脂,2019-12-24,6572.0,6600.0,6518.0,6576.0,970088,1245402,6568.0
豆油,Y,DCE,油脂,2019-12-25,6586.0,6590.0,6542.0,6568.0,600380,1227886,6564.0
豆油,Y,DCE,油脂,2019-12-26,6570.0,6642.0,6552.0,6606.0,1026396,1264308,6604.0
豆油,Y,DCE,油脂,2019-12-27,6648.0,6780.0,6646.0,6768.0,1392892,1311608,0.0
豆油,Y,DCE,油脂,2019-12-30,6774.0,6792.0,6730.0,6764.0,943040,1323102,6760.0
豆油,Y,DCE,油脂,2019-12-31,6802.0,6856.0,6754.0,6808.0,1248576,1334992,6808.0
豆油,Y,DCE,油脂,2020-01-02,6722.0,6804.0,6712.0,6800.0,324793,650936,6768.0
豆油,Y,DCE,油脂,2020-01-03,6820.0,6900.0,6802.0,6812.0,638026,653413,6852.0
豆油,Y,DCE,油脂,2020-01-06,6850.0,6898.0,6796.0,6826.0,467983,644747,6848.0
豆油,Y,DCE,油脂,2020-01-07,6800.0,6886.0,6746.0,6886.0,513150,654620,6816.0
豆油,Y,DCE,油脂,2020-01-08,6864.0,6918.0,6828.0,6848.0,538303,656170,6872.0
豆油,Y,DCE,油脂,2020-01-09,6850.0,6928.0,6836.0,6926.0,610057,689672,6892.0
豆油,Y,DCE,油脂,2020-01-10,6924.0,6950.0,6856.0,6938.0,598893,684654,6902.0
豆油,Y,DCE,油脂,2020-01-13,6930.0,6938.0,6780.0,6872.0,598584,664583,0.0
豆油,Y,DCE,油脂,2020-01-14,6850.0,6850.0,6740.0,6758.0,554460,626683,6786.0
豆油,Y,DCE,油脂,2020-01-15,6730.0,6788.0,6654.0,6670.0,508975,596585,6724.0
豆油,Y,DCE,油脂,2020-01-16,6670.0,6698.0,6578.0,6586.0,618302,578231,6630.0
豆油,Y,DCE,油脂,2020-01-17,6584.0,6620.0,6576.0,6596.0,286862,565669,6598.0
豆油,Y,DCE,油脂,2020-01-20,6560.0,6628.0,6534.0,6626.0,362024,562737,6584.0
豆油,Y,DCE,油脂,2020-01-21,6648.0,6656.0,6424.0,6442.0,538557,532312,6518.0
豆油,Y,DCE,油脂,2020-01-22,6452.0,6548.0,6378.0,6530.0,428484,523769,6460.0
豆油,Y,DCE,油脂,2020-01-23,6580.0,6618.0,6374.0,6440.0,530026,503283,6494.0
豆油,Y,DCE,油脂,2020-02-03,6040.0,6102.0,6040.0,6040.0,337234,448002,6060.0
豆油,Y,DCE,油脂,2020-02-04,6000.0,6116.0,5982.0,6050.0,371756,402222,6048.0
豆油,Y,DCE,油脂,2020-02-05,6050.0,6172.0,6038.0,6158.0,375082,390778,0.0
豆油,Y,DCE,油脂,2020-02-06,6180.0,6262.0,6180.0,6250.0,317750,403568,0.0
豆油,Y,DCE,油脂,2020-02-07,6216.0,6242.0,6170.0,6236.0,297153,401159,0.0
豆油,Y,DCE,油脂,2020-02-10,6190.0,6232.0,6166.0,6174.0,253907,406931,0.0
豆油,Y,DCE,油脂,2020-02-11,6162.0,6188.0,6088.0,6096.0,352664,397387,6146.0
豆油,Y,DCE,油脂,2020-02-12,6106.0,6120.0,5996.0,6044.0,434520,368280,6048.0
豆油,Y,DCE,油脂,2020-02-13,6074.0,6076.0,5942.0,5974.0,516731,378744,0.0
豆油,Y,DCE,油脂,2020-02-14,5968.0,5974.0,5900.0,5904.0,390280,381351,5926.0
豆油,Y,DCE,油脂,2020-02-17,5910.0,5974.0,5888.0,5962.0,371195,388368,5940.0
豆油,Y,DCE,油脂,2020-02-18,5960.0,5980.0,5856.0,5864.0,430240,405403,0.0
豆油,Y,DCE,油脂,2020-02-19,5864.0,5922.0,5852.0,5868.0,526223,388944,0.0
豆油,Y,DCE,油脂,2020-02-20,5862.0,5966.0,5810.0,5950.0,709899,386899,0.0
豆油,Y,DCE,油脂,2020-02-21,5928.0,5968.0,5928.0,5942.0,423227,373262,0.0
豆油,Y,DCE,油脂,2020-02-24,5942.0,5958.0,5858.0,5896.0,435872,367679,5906.0
豆油,Y,DCE,油脂,2020-02-25,5832.0,5846.0,5790.0,5826.0,395307,361912,0.0
豆油,Y,DCE,油脂,2020-02-26,5778.0,5826.0,5738.0,5798.0,381824,355346,0.0
豆油,Y,DCE,油脂,2020-02-27,5770.0,5828.0,5762.0,5796.0,421932,359777,0.0
豆油,Y,DCE,油脂,2020-02-28,5770.0,5790.0,5564.0,5566.0,731307,352179,0.0
豆油,Y,DCE,油脂,2020-03-02,5600.0,5692.0,5592.0,5678.0,398879,355134,0.0
豆油,Y,DCE,油脂,2020-03-03,5702.0,5726.0,5634.0,5666.0,434826,354232,0.0
豆油,Y,DCE,油脂,2020-03-04,5680.0,5742.0,5656.0,5726.0,411770,339052,0.0
豆油,Y,DCE,油脂,2020-03-05,5762.0,5832.0,5714.0,5776.0,550254,332331,0.0
豆油,Y,DCE,油脂,2020-03-06,5702.0,5726.0,5658.0,5678.0,389655,323148,0.0
豆油,Y,DCE,油脂,2020-03-09,5466.0,5482.0,5466.0,5466.0,186210,318857,0.0
豆油,Y,DCE,油脂,2020-03-10,5370.0,5542.0,5350.0,5474.0,443822,288564,5464.0
豆油,Y,DCE,油脂,2020-03-11,5492.0,5528.0,5422.0,5422.0,350190,297275,0.0
豆油,Y,DCE,油脂,2020-03-12,5396.0,5406.0,5252.0,5282.0,510227,296078,0.0
豆油,Y,DCE,油脂,2020-03-13,5190.0,5286.0,5114.0,5280.0,470791,276990,0.0
豆油,Y,DCE,油脂,2020-03-16,5220.0,5322.0,5188.0,5244.0,386874,278040,0.0
豆油,Y,DCE,油脂,2020-03-17,5218.0,5270.0,5148.0,5234.0,467372,283306,0.0
豆油,Y,DCE,油脂,2020-03-18,5220.0,5346.0,5204.0,5234.0,582987,257379,5272.0
豆油,Y,DCE,油脂,2020-03-19,5262.0,5374.0,5178.0,5350.0,740728,250371,0.0
豆油,Y,DCE,油脂,2020-03-20,5450.0,5452.0,5328.0,5398.0,452643,229172,0.0
豆油,Y,DCE,油脂,2020-03-23,5400.0,5456.0,5338.0,5414.0,439681,224326,0.0
豆油,Y,DCE,油脂,2020-03-24,5490.0,5528.0,5444.0,5488.0,306391,210444,0.0
豆油,Y,DCE,油脂,2020-03-25,5502.0,5606.0,5494.0,5602.0,281022,203605,0.0
豆油,Y,DCE,油脂,2020-03-26,5640.0,5646.0,5492.0,5516.0,448658,368647,0.0
豆油,Y,DCE,油脂,2020-03-27,5538.0,5566.0,5488.0,5510.0,461105,384684,0.0
豆油,Y,DCE,油脂,2020-03-30,5540.0,5628.0,5522.0,5558.0,478383,406313,0.0
豆油,Y,DCE,油脂,2020-03-31,5568.0,5606.0,5456.0,5468.0,412702,419707,0.0
豆油,Y,DCE,油脂,2020-04-01,5504.0,5510.0,5414.0,5446.0,399400,420922,0.0
豆油,Y,DCE,油脂,2020-04-02,5384.0,5512.0,5352.0,5496.0,408145,423708,0.0
豆油,Y,DCE,油脂,2020-04-03,5500.0,5532.0,5424.0,5458.0,336906,425013,0.0
豆油,Y,DCE,油脂,2020-04-07,5520.0,5574.0,5510.0,5548.0,385911,444685,0.0
豆油,Y,DCE,油脂,2020-04-08,5568.0,5620.0,5540.0,5600.0,357852,459381,0.0
豆油,Y,DCE,油脂,2020-04-09,5584.0,5696.0,5584.0,5672.0,525697,449471,0.0
豆油,Y,DCE,油脂,2020-04-10,5630.0,5654.0,5572.0,5580.0,426149,430200,0.0
豆油,Y,DCE,油脂,2020-04-13,5618.0,5652.0,5554.0,5564.0,312309,425182,0.0
豆油,Y,DCE,油脂,2020-04-14,5542.0,5564.0,5470.0,5492.0,343522,440182,0.0
豆油,Y,DCE,油脂,2020-04-15,5480.0,5546.0,5456.0,5524.0,333039,456875,0.0
豆油,Y,DCE,油脂,2020-04-16,5506.0,5662.0,5504.0,5526.0,727467,457062,0.0
豆油,Y,DCE,油脂,2020-04-17,5528.0,5568.0,5470.0,5558.0,437495,452752,0.0
豆油,Y,DCE,油脂,2020-04-20,5558.0,5588.0,5472.0,5476.0,443339,466463,0.0
豆油,Y,DCE,油脂,2020-04-21,5434.0,5456.0,5304.0,5340.0,532624,470560,0.0
豆油,Y,DCE,油脂,2020-04-22,5310.0,5398.0,5304.0,5386.0,398741,459518,0.0
豆油,Y,DCE,油脂,2020-04-23,5426.0,5522.0,5394.0,5514.0,446458,457173,0.0
豆油,Y,DCE,油脂,2020-04-24,5498.0,5504.0,5434.0,5444.0,319306,448158,0.0
豆油,Y,DCE,油脂,2020-04-27,5394.0,5412.0,5326.0,5352.0,360159,448040,0.0
豆油,Y,DCE,油脂,2020-04-28,5400.0,5406.0,5308.0,5352.0,262058,437258,0.0
豆油,Y,DCE,油脂,2020-04-29,5374.0,5388.0,5336.0,5344.0,210783,425522,0.0
豆油,Y,DCE,油脂,2020-04-30,5384.0,5412.0,5358.0,5378.0,217245,418409,0.0
豆油,Y,DCE,油脂,2020-05-06,5358.0,5380.0,5310.0,5314.0,237581,427326,0.0
豆油,Y,DCE,油脂,2020-05-07,5300.0,5388.0,5284.0,5356.0,302539,421628,0.0
豆油,Y,DCE,油脂,2020-05-08,5362.0,5418.0,5356.0,5370.0,310737,424804,0.0
豆油,Y,DCE,油脂,2020-05-11,5398.0,5426.0,5352.0,5364.0,365987,428538,0.0
豆油,Y,DCE,油脂,2020-05-12,5370.0,5382.0,5310.0,5320.0,288554,450677,0.0
豆油,Y,DCE,油脂,2020-05-13,5338.0,5406.0,5312.0,5392.0,321714,426184,0.0
豆油,Y,DCE,油脂,2020-05-14,5392.0,5404.0,5302.0,5324.0,352469,451987,0.0
豆油,Y,DCE,油脂,2020-05-15,5332.0,5418.0,5332.0,5416.0,409194,423593,0.0
豆油,Y,DCE,油脂,2020-05-18,5412.0,5448.0,5384.0,5420.0,386568,413337,0.0
豆油,Y,DCE,油脂,2020-05-19,5442.0,5470.0,5402.0,5422.0,326124,414268,0.0
豆油,Y,DCE,油脂,2020-05-20,5446.0,5462.0,5410.0,5448.0,277827,405894,0.0
豆油,Y,DCE,油脂,2020-05-21,5466.0,5500.0,5442.0,5458.0,356517,413068,0.0
豆油,Y,DCE,油脂,2020-05-22,5470.0,5490.0,5380.0,5392.0,427197,414770,0.0
豆油,Y,DCE,油脂,2020-05-25,5422.0,5474.0,5408.0,5466.0,319288,405803,0.0
豆油,Y,DCE,油脂,2020-05-26,5480.0,5486.0,5446.0,5484.0,226659,406498,0.0
豆油,Y,DCE,油脂,2020-05-27,5480.0,5534.0,5462.0,5522.0,394309,413710,0.0
豆油,Y,DCE,油脂,2020-05-28,5540.0,5576.0,5504.0,5542.0,413255,407712,0.0
豆油,Y,DCE,油脂,2020-05-29,5544.0,5664.0,5532.0,5646.0,498886,419212,0.0
豆油,Y,DCE,油脂,2020-06-01,5656.0,5684.0,5620.0,5660.0,419663,411829,0.0
豆油,Y,DCE,油脂,2020-06-02,5650.0,5680.0,5630.0,5638.0,325103,415833,0.0
豆油,Y,DCE,油脂,2020-06-03,5676.0,5722.0,5644.0,5684.0,391600,422844,0.0
豆油,Y,DCE,油脂,2020-06-04,5710.0,5714.0,5622.0,5644.0,365996,405048,0.0
豆油,Y,DCE,油脂,2020-06-05,5630.0,5694.0,5622.0,5682.0,315455,404448,0.0
豆油,Y,DCE,油脂,2020-06-08,5696.0,5704.0,5638.0,5686.0,312540,401261,0.0
豆油,Y,DCE,油脂,2020-06-09,5684.0,5784.0,5646.0,5772.0,522405,421510,0.0
豆油,Y,DCE,油脂,2020-06-10,5750.0,5766.0,5698.0,5704.0,417832,407137,0.0
豆油,Y,DCE,油脂,2020-06-11,5700.0,5722.0,5652.0,5694.0,453797,368506,0.0
豆油,Y,DCE,油脂,2020-06-12,5672.0,5682.0,5588.0,5660.0,412333,357787,0.0
豆油,Y,DCE,油脂,2020-06-15,5672.0,5708.0,5564.0,5572.0,435754,358652,0.0
豆油,Y,DCE,油脂,2020-06-16,5572.0,5668.0,5572.0,5660.0,326225,352430,0.0
豆油,Y,DCE,油脂,2020-06-17,5666.0,5694.0,5610.0,5652.0,374959,369903,0.0
豆油,Y,DCE,油脂,2020-06-18,5642.0,5710.0,5634.0,5668.0,309927,376952,0.0
豆油,Y,DCE,油脂,2020-06-19,5680.0,5808.0,5666.0,5804.0,455982,398564,0.0
豆油,Y,DCE,油脂,2020-06-22,5828.0,5830.0,5754.0,5784.0,328764,378829,0.0
豆油,Y,DCE,油脂,2020-06-23,5786.0,5802.0,5742.0,5754.0,303534,359900,0.0
豆油,Y,DCE,油脂,2020-06-24,5780.0,5780.0,5738.0,5756.0,194492,349990,0.0
豆油,Y,DCE,油脂,2020-06-29,5680.0,5692.0,5578.0,5586.0,288670,338954,0.0
豆油,Y,DCE,油脂,2020-06-30,5606.0,5664.0,5598.0,5644.0,230088,331382,0.0
豆油,Y,DCE,油脂,2020-07-01,5622.0,5674.0,5592.0,5662.0,301120,330870,0.0
豆油,Y,DCE,油脂,2020-07-02,5662.0,5754.0,5652.0,5736.0,374273,323865,0.0
豆油,Y,DCE,油脂,2020-07-03,5722.0,5798.0,5722.0,5778.0,296525,326190,0.0
豆油,Y,DCE,油脂,2020-07-06,5766.0,5876.0,5762.0,5840.0,397432,326987,0.0
豆油,Y,DCE,油脂,2020-07-07,5824.0,5856.0,5736.0,5746.0,337070,323496,0.0
豆油,Y,DCE,油脂,2020-07-08,5756.0,5816.0,5750.0,5792.0,276323,318870,0.0
豆油,Y,DCE,油脂,2020-07-09,5800.0,5852.0,5798.0,5838.0,298459,321126,0.0
豆油,Y,DCE,油脂,2020-07-10,5838.0,5880.0,5764.0,5776.0,410154,300623,0.0
豆油,Y,DCE,油脂,2020-07-13,5808.0,5846.0,5754.0,5816.0,353659,295707,0.0
豆油,Y,DCE,油脂,2020-07-14,5800.0,5886.0,5772.0,5884.0,436692,300927,0.0
豆油,Y,DCE,油脂,2020-07-15,5892.0,5948.0,5876.0,5914.0,479074,291431,0.0
豆油,Y,DCE,油脂,2020-07-16,5922.0,6028.0,5880.0,5952.0,497693,292799,0.0
豆油,Y,DCE,油脂,2020-07-17,5942.0,6162.0,5934.0,6124.0,567910,307434,0.0
豆油,Y,DCE,油脂,2020-07-20,6134.0,6288.0,6118.0,6228.0,524509,308978,6206.0
豆油,Y,DCE,油脂,2020-07-21,6246.0,6252.0,6112.0,6196.0,443144,296921,6174.0
豆油,Y,DCE,油脂,2020-07-22,6194.0,6320.0,6172.0,6180.0,546759,298136,6248.0
豆油,Y,DCE,油脂,2020-07-23,6180.0,6276.0,6130.0,6268.0,483096,289426,6220.0
豆油,Y,DCE,油脂,2020-07-24,6268.0,6324.0,6186.0,6230.0,556362,286212,6270.0
豆油,Y,DCE,油脂,2020-07-27,6270.0,6284.0,6162.0,6198.0,476081,274326,6226.0
豆油,Y,DCE,油脂,2020-07-28,6168.0,6234.0,6054.0,6078.0,492949,255235,6132.0
豆油,Y,DCE,油脂,2020-07-29,6076.0,6180.0,6070.0,6166.0,354936,236172,6128.0
豆油,Y,DCE,油脂,2020-07-30,6164.0,6272.0,6164.0,6272.0,409919,233326,6220.0
豆油,Y,DCE,油脂,2020-07-31,6280.0,6304.0,6170.0,6262.0,393321,221461,6252.0
豆油,Y,DCE,油脂,2020-08-03,6278.0,6488.0,6266.0,6464.0,439708,230847,6410.0
豆油,Y,DCE,油脂,2020-08-04,6456.0,6520.0,6408.0,6492.0,360056,229300,6466.0
豆油,Y,DCE,油脂,2020-08-05,6468.0,6480.0,6320.0,6332.0,393615,205009,6396.0
豆油,Y,DCE,油脂,2020-08-06,6282.0,6306.0,6206.0,6256.0,235287,459939,6258.0
豆油,Y,DCE,油脂,2020-08-07,6330.0,6378.0,6228.0,6264.0,537224,464524,6304.0
豆油,Y,DCE,油脂,2020-08-10,6270.0,6272.0,6092.0,6196.0,625344,484123,6190.0
豆油,Y,DCE,油脂,2020-08-11,6190.0,6270.0,6138.0,6188.0,498615,501064,6220.0
豆油,Y,DCE,油脂,2020-08-12,6172.0,6206.0,6104.0,6130.0,473162,498202,6148.0
豆油,Y,DCE,油脂,2020-08-13,6200.0,6422.0,6182.0,6418.0,913936,555146,6346.0
豆油,Y,DCE,油脂,2020-08-14,6400.0,6428.0,6350.0,6362.0,526567,560458,6378.0
豆油,Y,DCE,油脂,2020-08-17,6362.0,6508.0,6312.0,6472.0,625060,588830,6434.0
豆油,Y,DCE,油脂,2020-08-18,6468.0,6506.0,6422.0,6474.0,521434,602678,6470.0
豆油,Y,DCE,油脂,2020-08-19,6526.0,6580.0,6460.0,6528.0,713490,632162,6524.0
豆油,Y,DCE,油脂,2020-08-20,6546.0,6550.0,6366.0,6406.0,647094,602262,6460.0
豆油,Y,DCE,油脂,2020-08-21,6400.0,6420.0,6328.0,6380.0,500696,597310,6378.0
豆油,Y,DCE,油脂,2020-08-24,6358.0,6412.0,6332.0,6374.0,484428,607918,6368.0
豆油,Y,DCE,油脂,2020-08-25,6410.0,6468.0,6334.0,6344.0,589222,622914,6394.0
豆油,Y,DCE,油脂,2020-08-26,6334.0,6486.0,6306.0,6484.0,675266,593576,6386.0
豆油,Y,DCE,油脂,2020-08-27,6476.0,6546.0,6470.0,6540.0,616787,578322,6510.0
豆油,Y,DCE,油脂,2020-08-28,6578.0,6684.0,6560.0,6648.0,762311,585973,6626.0
豆油,Y,DCE,油脂,2020-08-31,6630.0,6726.0,6598.0,6682.0,594367,576567,6672.0
豆油,Y,DCE,油脂,2020-09-01,6690.0,6716.0,6570.0,6710.0,678190,585418,6662.0
豆油,Y,DCE,油脂,2020-09-02,6690.0,6720.0,6626.0,6700.0,505137,587150,6676.0
豆油,Y,DCE,油脂,2020-09-03,6694.0,6840.0,6672.0,6772.0,706636,586342,6770.0
豆油,Y,DCE,油脂,2020-09-04,6818.0,6830.0,6712.0,6742.0,785636,575258,6770.0
豆油,Y,DCE,油脂,2020-09-07,6726.0,6814.0,6712.0,6786.0,617385,585909,6766.0
豆油,Y,DCE,油脂,2020-09-08,6786.0,6922.0,6756.0,6906.0,724175,629312,6872.0
豆油,Y,DCE,油脂,2020-09-09,6852.0,6878.0,6766.0,6802.0,881722,611080,6830.0
豆油,Y,DCE,油脂,2020-09-10,6804.0,6836.0,6750.0,6798.0,760418,600080,6792.0
豆油,Y,DCE,油脂,2020-09-11,6802.0,6838.0,6720.0,6832.0,620904,603388,6774.0
豆油,Y,DCE,油脂,2020-09-14,6832.0,7008.0,6808.0,6998.0,672826,634792,6914.0
豆油,Y,DCE,油脂,2020-09-15,6978.0,7054.0,6954.0,6968.0,567970,641664,6990.0
豆油,Y,DCE,油脂,2020-09-16,6990.0,7044.0,6940.0,7040.0,705716,655632,6990.0
豆油,Y,DCE,油脂,2020-09-17,7046.0,7218.0,7022.0,7180.0,1005345,675964,7140.0
豆油,Y,DCE,油脂,2020-09-18,7152.0,7382.0,7150.0,7330.0,1128697,688756,7286.0
豆油,Y,DCE,油脂,2020-09-21,7324.0,7472.0,7282.0,7446.0,1067025,709665,7400.0
豆油,Y,DCE,油脂,2020-09-22,7380.0,7398.0,7160.0,7172.0,1440163,643334,7278.0
豆油,Y,DCE,油脂,2020-09-23,7214.0,7264.0,6990.0,7012.0,1420051,595587,7116.0
豆油,Y,DCE,油脂,2020-09-24,6988.0,7042.0,6858.0,6876.0,1112164,568792,6942.0
豆油,Y,DCE,油脂,2020-09-25,6870.0,6930.0,6812.0,6914.0,902315,560719,6874.0
豆油,Y,DCE,油脂,2020-09-28,6946.0,7018.0,6882.0,6924.0,836337,554398,6944.0
豆油,Y,DCE,油脂,2020-09-29,6940.0,6976.0,6858.0,6926.0,604136,542075,6922.0
豆油,Y,DCE,油脂,2020-09-30,6882.0,6886.0,6724.0,6752.0,754139,510394,6776.0
豆油,Y,DCE,油脂,2020-10-09,6900.0,7072.0,6890.0,7036.0,450376,518625,7010.0
豆油,Y,DCE,油脂,2020-10-12,7070.0,7240.0,7046.0,7210.0,710851,545140,7158.0
豆油,Y,DCE,油脂,2020-10-13,7198.0,7212.0,7064.0,7162.0,678293,547415,7148.0
豆油,Y,DCE,油脂,2020-10-14,7180.0,7190.0,7084.0,7158.0,656158,545338,7138.0
豆油,Y,DCE,油脂,2020-10-15,7144.0,7190.0,7054.0,7088.0,700147,537791,7120.0
豆油,Y,DCE,油脂,2020-10-16,7020.0,7042.0,6860.0,6992.0,817746,522702,6968.0
豆油,Y,DCE,油脂,2020-10-19,7024.0,7044.0,6788.0,6846.0,790836,518093,6910.0
豆油,Y,DCE,油脂,2020-10-20,6816.0,6940.0,6790.0,6938.0,621155,519909,6864.0
豆油,Y,DCE,油脂,2020-10-21,6950.0,7088.0,6912.0,7038.0,767938,526288,7000.0
豆油,Y,DCE,油脂,2020-10-22,7020.0,7158.0,6884.0,7156.0,922725,558978,7030.0
豆油,Y,DCE,油脂,2020-10-23,7158.0,7198.0,7092.0,7108.0,787293,547643,7148.0
豆油,Y,DCE,油脂,2020-10-26,7112.0,7312.0,7058.0,7258.0,813715,547191,7214.0
豆油,Y,DCE,油脂,2020-10-27,7322.0,7358.0,7254.0,7290.0,697338,538871,7296.0
豆油,Y,DCE,油脂,2020-10-28,7276.0,7324.0,7194.0,7260.0,817929,536775,7260.0
豆油,Y,DCE,油脂,2020-10-29,7162.0,7246.0,7070.0,7214.0,799426,526359,7172.0
豆油,Y,DCE,油脂,2020-10-30,7180.0,7350.0,7116.0,7166.0,1116735,526423,7226.0
豆油,Y,DCE,油脂,2020-11-02,7200.0,7256.0,7100.0,7116.0,869553,527387,7166.0
豆油,Y,DCE,油脂,2020-11-03,7138.0,7356.0,7118.0,7346.0,884425,565260,7260.0
豆油,Y,DCE,油脂,2020-11-04,7370.0,7434.0,7328.0,7400.0,929955,573131,7378.0
豆油,Y,DCE,油脂,2020-11-05,7418.0,7480.0,7294.0,7406.0,1045568,554500,7384.0
豆油,Y,DCE,油脂,2020-11-06,7440.0,7574.0,7426.0,7508.0,904035,564636,7500.0
豆油,Y,DCE,油脂,2020-11-09,7490.0,7596.0,7360.0,7388.0,1014786,535262,7504.0
豆油,Y,DCE,油脂,2020-11-10,7510.0,7532.0,7350.0,7430.0,870730,520829,7454.0
豆油,Y,DCE,油脂,2020-11-11,7468.0,7628.0,7450.0,7600.0,733585,524581,7558.0
豆油,Y,DCE,油脂,2020-11-12,7550.0,7662.0,7524.0,7546.0,686292,509441,7590.0
豆油,Y,DCE,油脂,2020-11-13,7566.0,7636.0,7526.0,7612.0,643870,515804,7586.0
豆油,Y,DCE,油脂,2020-11-16,7640.0,7780.0,7620.0,7742.0,983871,549174,7716.0
豆油,Y,DCE,油脂,2020-11-17,7766.0,7870.0,7700.0,7856.0,769716,557475,7774.0
豆油,Y,DCE,油脂,2020-11-18,7826.0,7848.0,7766.0,7832.0,688672,534073,7816.0
豆油,Y,DCE,油脂,2020-11-19,7880.0,8002.0,7880.0,7984.0,748072,521374,7958.0
豆油,Y,DCE,油脂,2020-11-20,7926.0,8036.0,7876.0,7916.0,891639,514804,7966.0
豆油,Y,DCE,油脂,2020-11-23,7938.0,7974.0,7720.0,7724.0,945653,451025,7844.0
豆油,Y,DCE,油脂,2020-11-24,7800.0,7810.0,7616.0,7712.0,895297,397579,7706.0
豆油,Y,DCE,油脂,2020-11-25,7660.0,7824.0,7620.0,7794.0,747976,404901,7754.0
豆油,Y,DCE,油脂,2020-11-26,7806.0,7828.0,7742.0,7790.0,537239,400683,7792.0
豆油,Y,DCE,油脂,2020-11-27,7782.0,7836.0,7672.0,7760.0,608705,387221,7748.0
豆油,Y,DCE,油脂,2020-11-30,7812.0,7910.0,7666.0,7726.0,765272,374234,7790.0
豆油,Y,DCE,油脂,2020-12-01,7746.0,7770.0,7600.0,7724.0,522334,349367,7706.0
豆油,Y,DCE,油脂,2020-12-02,7736.0,7778.0,7642.0,7676.0,558889,347327,7714.0
豆油,Y,DCE,油脂,2020-12-03,7642.0,7868.0,7620.0,7858.0,595022,367561,7768.0
豆油,Y,DCE,油脂,2020-12-04,7910.0,7954.0,7846.0,7942.0,521427,363323,7906.0
豆油,Y,DCE,油脂,2020-12-07,7972.0,8056.0,7924.0,7948.0,543772,339757,7988.0
豆油,Y,DCE,油脂,2020-12-08,7900.0,7936.0,7768.0,7768.0,532014,277011,7868.0
豆油,Y,DCE,油脂,2020-12-09,7772.0,7826.0,7734.0,7818.0,367716,241904,7778.0
豆油,Y,DCE,油脂,2020-12-10,7800.0,7844.0,7752.0,7778.0,298334,232535,7788.0
豆油,Y,DCE,油脂,2020-12-11,7810.0,7966.0,7806.0,7952.0,363121,225666,7882.0
豆油,Y,DCE,油脂,2020-12-14,7394.0,7520.0,7332.0,7504.0,504455,430312,7442.0
豆油,Y,DCE,油脂,2020-12-15,7520.0,7570.0,7424.0,7458.0,535065,444222,7498.0
豆油,Y,DCE,油脂,2020-12-16,7480.0,7584.0,7444.0,7558.0,469691,451848,7518.0
豆油,Y,DCE,油脂,2020-12-17,7560.0,7614.0,7524.0,7572.0,477284,458231,7566.0
豆油,Y,DCE,油脂,2020-12-18,7554.0,7760.0,7544.0,7720.0,688424,497654,7664.0
豆油,Y,DCE,油脂,2020-12-21,7736.0,7772.0,7676.0,7700.0,601341,492975,7716.0
豆油,Y,DCE,油脂,2020-12-22,7644.0,7778.0,7482.0,7506.0,830078,480553,7638.0
豆油,Y,DCE,油脂,2020-12-23,7560.0,7680.0,7516.0,7660.0,669046,488263,7598.0
豆油,Y,DCE,油脂,2020-12-24,7762.0,7918.0,7730.0,7860.0,837293,510333,7812.0
豆油,Y,DCE,油脂,2020-12-25,7860.0,7954.0,7844.0,7940.0,517172,511313,7888.0
豆油,Y,DCE,油脂,2020-12-28,7940.0,7948.0,7700.0,7740.0,730309,506402,7832.0
豆油,Y,DCE,油脂,2020-12-29,7740.0,7776.0,7688.0,7712.0,567963,501243,7732.0
豆油,Y,DCE,油脂,2020-12-30,7720.0,7966.0,7710.0,7840.0,650802,496190,7824.0
豆油,Y,DCE,油脂,2020-12-31,7842.0,7952.0,7836.0,7894.0,567661,490617,7886.0
豆油,Y,DCE,油脂,2021-01-04,7950.0,8086.0,7900.0,7984.0,540823,490290,8006.0
豆油,Y,DCE,油脂,2021-01-05,8012.0,8034.0,7880.0,7960.0,521537,492926,7962.0
豆油,Y,DCE,油脂,2021-01-06,8000.0,8146.0,7962.0,8134.0,673126,504929,8058.0
豆油,Y,DCE,油脂,2021-01-07,8150.0,8196.0,8094.0,8162.0,679328,498709,8150.0
豆油,Y,DCE,油脂,2021-01-08,8138.0,8184.0,8080.0,8150.0,569985,499514,8128.0
豆油,Y,DCE,油脂,2021-01-11,8164.0,8250.0,8024.0,8058.0,956043,508099,8148.0
豆油,Y,DCE,油脂,2021-01-12,8070.0,8098.0,7866.0,8008.0,740961,508626,7984.0
豆油,Y,DCE,油脂,2021-01-13,7942.0,8102.0,7904.0,7978.0,711408,502460,8004.0
豆油,Y,DCE,油脂,2021-01-14,7978.0,7984.0,7730.0,7748.0,738111,494917,7838.0
豆油,Y,DCE,油脂,2021-01-15,7714.0,7868.0,7626.0,7666.0,824105,477298,7730.0
豆油,Y,DCE,油脂,2021-01-18,7652.0,7778.0,7594.0,7744.0,662954,471928,7694.0
豆油,Y,DCE,油脂,2021-01-19,7752.0,7784.0,7620.0,7688.0,507222,469533,7692.0
豆油,Y,DCE,油脂,2021-01-20,7620.0,7704.0,7502.0,7542.0,705663,477040,7596.0
豆油,Y,DCE,油脂,2021-01-21,7552.0,7670.0,7522.0,7640.0,510160,456685,7594.0
豆油,Y,DCE,油脂,2021-01-22,7676.0,7712.0,7536.0,7552.0,610846,437270,7604.0
豆油,Y,DCE,油脂,2021-01-25,7560.0,7630.0,7430.0,7590.0,716447,412807,7532.0
豆油,Y,DCE,油脂,2021-01-26,7540.0,7680.0,7538.0,7604.0,553298,421494,7616.0
豆油,Y,DCE,油脂,2021-01-27,7700.0,7826.0,7656.0,7818.0,608878,446800,7752.0
豆油,Y,DCE,油脂,2021-01-28,7830.0,7882.0,7754.0,7806.0,602630,449615,7822.0
豆油,Y,DCE,油脂,2021-01-29,7880.0,7886.0,7774.0,7854.0,577071,452318,7838.0
豆油,Y,DCE,油脂,2021-02-01,7882.0,7904.0,7758.0,7782.0,563753,449755,7828.0
豆油,Y,DCE,油脂,2021-02-02,7800.0,7802.0,7662.0,7708.0,592483,435755,7724.0
豆油,Y,DCE,油脂,2021-02-03,7666.0,7692.0,7514.0,7538.0,618835,427296,7574.0
豆油,Y,DCE,油脂,2021-02-04,7530.0,7644.0,7506.0,7620.0,547771,428297,7564.0
豆油,Y,DCE,油脂,2021-02-05,7618.0,7730.0,7588.0,7722.0,485994,421283,7664.0
豆油,Y,DCE,油脂,2021-02-08,7698.0,7784.0,7694.0,7760.0,410805,419676,7738.0
豆油,Y,DCE,油脂,2021-02-09,7770.0,7996.0,7762.0,7986.0,445044,437866,7892.0
豆油,Y,DCE,油脂,2021-02-10,7986.0,7996.0,7930.0,7988.0,344097,428575,7964.0
豆油,Y,DCE,油脂,2021-02-18,8206.0,8224.0,8144.0,8194.0,301029,448681,8188.0
豆油,Y,DCE,油脂,2021-02-19,8168.0,8330.0,8132.0,8282.0,543614,464492,8216.0
豆油,Y,DCE,油脂,2021-02-22,8298.0,8458.0,8276.0,8390.0,501232,485338,8374.0
豆油,Y,DCE,油脂,2021-02-23,8380.0,8526.0,8338.0,8466.0,476367,486473,8426.0
豆油,Y,DCE,油脂,2021-02-24,8500.0,8612.0,8438.0,8590.0,513599,486096,8532.0
豆油,Y,DCE,油脂,2021-02-25,8616.0,8806.0,8546.0,8748.0,593122,477445,8684.0
豆油,Y,DCE,油脂,2021-02-26,8796.0,8816.0,8532.0,8660.0,751337,464076,8662.0
豆油,Y,DCE,油脂,2021-03-01,8636.0,8972.0,8586.0,8858.0,776777,476018,8828.0
豆油,Y,DCE,油脂,2021-03-02,8840.0,8888.0,8714.0,8754.0,686864,469129,8796.0
豆油,Y,DCE,油脂,2021-03-03,8824.0,8886.0,8640.0,8816.0,765089,455751,8770.0
豆油,Y,DCE,油脂,2021-03-04,8832.0,9018.0,8756.0,8972.0,738319,491027,8894.0
豆油,Y,DCE,油脂,2021-03-05,8982.0,9052.0,8858.0,8978.0,845151,499843,8966.0
豆油,Y,DCE,油脂,2021-03-08,9002.0,9492.0,9002.0,9388.0,996592,504794,9280.0
豆油,Y,DCE,油脂,2021-03-09,9386.0,9522.0,9332.0,9348.0,806803,498279,9430.0
豆油,Y,DCE,油脂,2021-03-10,9430.0,9456.0,9232.0,9362.0,973234,484530,9354.0
豆油,Y,DCE,油脂,2021-03-11,9338.0,9338.0,9058.0,9250.0,955172,461550,9214.0
豆油,Y,DCE,油脂,2021-03-12,9324.0,9460.0,9200.0,9280.0,920648,435186,9350.0
豆油,Y,DCE,油脂,2021-03-15,9300.0,9496.0,9222.0,9402.0,794943,434770,9350.0
豆油,Y,DCE,油脂,2021-03-16,9396.0,9534.0,9314.0,9320.0,712264,430233,9424.0
豆油,Y,DCE,油脂,2021-03-17,9268.0,9294.0,9164.0,9280.0,784690,424676,9238.0
豆油,Y,DCE,油脂,2021-03-18,9250.0,9256.0,8962.0,9080.0,922614,408614,9108.0
豆油,Y,DCE,油脂,2021-03-19,9026.0,9060.0,8840.0,8862.0,798330,387109,8944.0
豆油,Y,DCE,油脂,2021-03-22,8864.0,9036.0,8864.0,8940.0,597920,377381,8938.0
豆油,Y,DCE,油脂,2021-03-23,8984.0,9468.0,8982.0,9238.0,811741,364023,9208.0
豆油,Y,DCE,油脂,2021-03-24,9128.0,9280.0,9128.0,9268.0,560353,361940,9202.0
豆油,Y,DCE,油脂,2021-03-25,9260.0,9304.0,9170.0,9228.0,540960,347183,9238.0
豆油,Y,DCE,油脂,2021-03-26,9180.0,9180.0,8656.0,8726.0,1194651,317397,8864.0
豆油,Y,DCE,油脂,2021-03-29,8768.0,8784.0,8520.0,8680.0,718836,300784,8696.0
豆油,Y,DCE,油脂,2021-03-30,8726.0,8772.0,8504.0,8540.0,662082,291479,8636.0
豆油,Y,DCE,油脂,2021-03-31,8508.0,8508.0,8250.0,8338.0,668634,274612,8364.0
豆油,Y,DCE,油脂,2021-04-01,8450.0,8678.0,8184.0,8628.0,1224265,237559,8448.0
豆油,Y,DCE,油脂,2021-04-02,8620.0,8672.0,8460.0,8660.0,611901,222599,8572.0
豆油,Y,DCE,油脂,2021-04-06,8634.0,8864.0,8634.0,8804.0,379327,222487,8744.0
豆油,Y,DCE,油脂,2021-04-07,8848.0,8962.0,8810.0,8834.0,455003,214779,8886.0
豆油,Y,DCE,油脂,2021-04-08,8834.0,8870.0,8606.0,8638.0,508658,209412,8718.0
豆油,Y,DCE,油脂,2021-04-09,8652.0,8744.0,8590.0,8612.0,421285,195491,8660.0
豆油,Y,DCE,油脂,2021-04-12,8060.0,8100.0,7900.0,7946.0,707487,383669,7996.0
豆油,Y,DCE,油脂,2021-04-13,7946.0,8048.0,7852.0,8028.0,647928,402625,7942.0
豆油,Y,DCE,油脂,2021-04-14,8052.0,8100.0,8004.0,8070.0,541657,414109,8050.0
豆油,Y,DCE,油脂,2021-04-15,8050.0,8174.0,8014.0,8096.0,735957,433428,8108.0
豆油,Y,DCE,油脂,2021-04-16,8102.0,8296.0,8074.0,8248.0,673205,443831,8196.0
豆油,Y,DCE,油脂,2021-04-19,8256.0,8340.0,8208.0,8232.0,603869,449851,8258.0
豆油,Y,DCE,油脂,2021-04-20,8232.0,8366.0,8176.0,8362.0,738324,466838,8248.0
豆油,Y,DCE,油脂,2021-04-21,8440.0,8506.0,8378.0,8488.0,630930,479743,8444.0
豆油,Y,DCE,油脂,2021-04-22,8432.0,8650.0,8406.0,8586.0,785322,488783,8554.0
豆油,Y,DCE,油脂,2021-04-23,8608.0,8732.0,8556.0,8708.0,779133,524462,8654.0
豆油,Y,DCE,油脂,2021-04-26,8654.0,8806.0,8490.0,8524.0,944072,519458,8628.0
豆油,Y,DCE,油脂,2021-04-27,8500.0,8700.0,8374.0,8636.0,1062392,506847,8540.0
豆油,Y,DCE,油脂,2021-04-28,8686.0,8712.0,8394.0,8458.0,994418,509502,8532.0
豆油,Y,DCE,油脂,2021-04-29,8488.0,8592.0,8464.0,8506.0,727515,510902,8530.0
豆油,Y,DCE,油脂,2021-04-30,8570.0,8580.0,8350.0,8446.0,740994,494921,8452.0
豆油,Y,DCE,油脂,2021-05-06,8750.0,8942.0,8684.0,8896.0,568892,524353,8814.0
豆油,Y,DCE,油脂,2021-05-07,8896.0,9030.0,8826.0,8980.0,702405,545194,8942.0
豆油,Y,DCE,油脂,2021-05-10,9012.0,9040.0,8802.0,8850.0,872050,538256,8928.0
豆油,Y,DCE,油脂,2021-05-11,8900.0,8914.0,8712.0,8850.0,752483,526189,8806.0
豆油,Y,DCE,油脂,2021-05-12,8870.0,9184.0,8816.0,9172.0,983930,538900,9030.0
豆油,Y,DCE,油脂,2021-05-13,9150.0,9278.0,9050.0,9188.0,1003380,546345,9144.0
豆油,Y,DCE,油脂,2021-05-14,9100.0,9150.0,8854.0,8964.0,1099503,526756,8990.0
豆油,Y,DCE,油脂,2021-05-17,9000.0,9208.0,8858.0,8892.0,1145990,517267,9020.0
豆油,Y,DCE,油脂,2021-05-18,8920.0,9140.0,8884.0,9120.0,851336,523276,9026.0
豆油,Y,DCE,油脂,2021-05-19,9170.0,9196.0,8924.0,8970.0,951008,532550,9038.0
豆油,Y,DCE,油脂,2021-05-20,8808.0,8902.0,8662.0,8880.0,1053438,515020,8768.0
豆油,Y,DCE,油脂,2021-05-21,8748.0,8770.0,8500.0,8512.0,1194292,494852,8642.0
豆油,Y,DCE,油脂,2021-05-24,8500.0,8548.0,8300.0,8486.0,1061017,481669,8456.0
豆油,Y,DCE,油脂,2021-05-25,8508.0,8606.0,8486.0,8576.0,884936,485690,8544.0
豆油,Y,DCE,油脂,2021-05-26,8602.0,8664.0,8452.0,8640.0,989496,489389,8590.0
豆油,Y,DCE,油脂,2021-05-27,8606.0,8632.0,8420.0,8432.0,1082469,477095,8518.0
豆油,Y,DCE,油脂,2021-05-28,8450.0,8696.0,8450.0,8606.0,946734,483874,8594.0
豆油,Y,DCE,油脂,2021-05-31,8568.0,8698.0,8478.0,8546.0,949631,483714,8570.0
豆油,Y,DCE,油脂,2021-06-01,8550.0,8658.0,8516.0,8636.0,674684,482723,8606.0
豆油,Y,DCE,油脂,2021-06-02,8690.0,8844.0,8642.0,8834.0,915733,514441,8726.0
豆油,Y,DCE,油脂,2021-06-03,8888.0,9160.0,8864.0,9112.0,981868,532275,9024.0
豆油,Y,DCE,油脂,2021-06-04,9110.0,9122.0,8902.0,8932.0,885456,512291,8986.0
豆油,Y,DCE,油脂,2021-06-07,8988.0,9222.0,8926.0,9006.0,935099,514790,9048.0
豆油,Y,DCE,油脂,2021-06-08,9006.0,9056.0,8712.0,8736.0,994908,500207,8884.0
豆油,Y,DCE,油脂,2021-06-09,8766.0,8864.0,8694.0,8722.0,853930,490537,8792.0
豆油,Y,DCE,油脂,2021-06-10,8670.0,8848.0,8612.0,8812.0,933253,487638,8710.0
豆油,Y,DCE,油脂,2021-06-11,8788.0,8822.0,8590.0,8628.0,979516,463811,8692.0
豆油,Y,DCE,油脂,2021-06-15,8154.0,8298.0,8090.0,8254.0,730123,461093,8190.0
豆油,Y,DCE,油脂,2021-06-16,8274.0,8330.0,8006.0,8038.0,953366,473617,8168.0
豆油,Y,DCE,油脂,2021-06-17,8056.0,8120.0,7876.0,8032.0,1069426,465907,8032.0
豆油,Y,DCE,油脂,2021-06-18,7852.0,7970.0,7678.0,7790.0,1251287,453894,7830.0
豆油,Y,DCE,油脂,2021-06-21,7890.0,7974.0,7810.0,7920.0,1155655,456363,7878.0
豆油,Y,DCE,油脂,2021-06-22,7900.0,8180.0,7882.0,8038.0,1043705,460045,8008.0
豆油,Y,DCE,油脂,2021-06-23,8026.0,8232.0,8010.0,8166.0,959796,437359,8120.0
豆油,Y,DCE,油脂,2021-06-24,8134.0,8248.0,8072.0,8078.0,926343,444439,8156.0
豆油,Y,DCE,油脂,2021-06-25,8030.0,8218.0,8022.0,8204.0,977352,431606,8126.0
豆油,Y,DCE,油脂,2021-06-28,8248.0,8254.0,7966.0,8152.0,1297144,425198,8090.0
豆油,Y,DCE,油脂,2021-06-29,8184.0,8188.0,8026.0,8130.0,923011,419871,8118.0
豆油,Y,DCE,油脂,2021-06-30,8244.0,8292.0,8178.0,8282.0,925060,396928,8238.0
豆油,Y,DCE,油脂,2021-07-01,8250.0,8534.0,8232.0,8514.0,1070642,413365,8394.0
豆油,Y,DCE,油脂,2021-07-02,8580.0,8622.0,8464.0,8594.0,885566,419514,8556.0
豆油,Y,DCE,油脂,2021-07-05,8608.0,8684.0,8502.0,8542.0,916555,408344,8568.0
豆油,Y,DCE,油脂,2021-07-06,8542.0,8666.0,8542.0,8626.0,745214,409021,8608.0
豆油,Y,DCE,油脂,2021-07-07,8576.0,8604.0,8360.0,8490.0,1202360,398377,8460.0
豆油,Y,DCE,油脂,2021-07-08,8460.0,8554.0,8374.0,8528.0,933156,406595,8458.0
豆油,Y,DCE,油脂,2021-07-09,8458.0,8650.0,8440.0,8634.0,939353,411123,8526.0
豆油,Y,DCE,油脂,2021-07-12,8628.0,8774.0,8600.0,8644.0,807356,406520,8670.0
豆油,Y,DCE,油脂,2021-07-13,8636.0,8790.0,8632.0,8772.0,722578,414537,8726.0
豆油,Y,DCE,油脂,2021-07-14,8800.0,8870.0,8732.0,8850.0,799275,416098,8796.0
豆油,Y,DCE,油脂,2021-07-15,8850.0,8954.0,8802.0,8902.0,793820,416230,8888.0
豆油,Y,DCE,油脂,2021-07-16,8922.0,9018.0,8852.0,8912.0,838134,417151,8926.0
豆油,Y,DCE,油脂,2021-07-19,8956.0,9128.0,8950.0,8950.0,800570,402650,9028.0
豆油,Y,DCE,油脂,2021-07-20,8888.0,9064.0,8798.0,9044.0,860908,403904,8908.0
豆油,Y,DCE,油脂,2021-07-21,9044.0,9076.0,8870.0,8936.0,731155,392095,8976.0
豆油,Y,DCE,油脂,2021-07-22,8940.0,8996.0,8824.0,8884.0,719986,386986,8904.0
豆油,Y,DCE,油脂,2021-07-23,8812.0,9024.0,8810.0,8988.0,887887,394326,8910.0
豆油,Y,DCE,油脂,2021-07-26,9024.0,9028.0,8832.0,8968.0,779134,375043,8926.0
豆油,Y,DCE,油脂,2021-07-27,8998.0,9186.0,8964.0,9156.0,738332,395965,9096.0
豆油,Y,DCE,油脂,2021-07-28,9196.0,9196.0,8938.0,8942.0,710975,372601,9096.0
豆油,Y,DCE,油脂,2021-07-29,8960.0,9018.0,8926.0,8986.0,691222,358857,8974.0
豆油,Y,DCE,油脂,2021-07-30,9010.0,9026.0,8886.0,8978.0,821607,337945,8958.0
豆油,Y,DCE,油脂,2021-08-02,8946.0,8950.0,8632.0,8636.0,903252,307990,8756.0
豆油,Y,DCE,油脂,2021-08-03,8588.0,8682.0,8526.0,8646.0,715802,283654,8614.0
豆油,Y,DCE,油脂,2021-08-04,8582.0,8848.0,8556.0,8820.0,746954,268584,8670.0
豆油,Y,DCE,油脂,2021-08-05,8810.0,8886.0,8788.0,8868.0,660970,269785,8840.0
豆油,Y,DCE,油脂,2021-08-06,8872.0,8926.0,8808.0,8906.0,622338,269549,8874.0
豆油,Y,DCE,油脂,2021-08-09,8910.0,9050.0,8890.0,8980.0,644301,251073,8960.0
豆油,Y,DCE,油脂,2021-08-10,8888.0,9054.0,8858.0,9040.0,547323,248620,8976.0
豆油,Y,DCE,油脂,2021-08-11,9040.0,9292.0,9008.0,9290.0,646196,235988,9114.0
豆油,Y,DCE,油脂,2021-08-12,9300.0,9320.0,9204.0,9218.0,468053,209167,9242.0
豆油,Y,DCE,油脂,2021-08-13,9228.0,9288.0,9136.0,9202.0,456712,188451,9208.0
豆油,Y,DCE,油脂,2021-08-16,9214.0,9504.0,9214.0,9320.0,506283,158091,9384.0
豆油,Y,DCE,油脂,2021-08-17,9076.0,9260.0,9050.0,9188.0,597169,445838,9174.0
豆油,Y,DCE,油脂,2021-08-18,9160.0,9188.0,8962.0,9024.0,787799,434509,9074.0
豆油,Y,DCE,油脂,2021-08-19,8988.0,9096.0,8926.0,9024.0,688909,445012,9020.0
豆油,Y,DCE,油脂,2021-08-20,8966.0,8994.0,8834.0,8976.0,768428,434634,8912.0
豆油,Y,DCE,油脂,2021-08-23,8912.0,9012.0,8740.0,8936.0,930648,439165,8884.0
豆油,Y,DCE,油脂,2021-08-24,8978.0,9028.0,8854.0,8990.0,742060,439284,8922.0
豆油,Y,DCE,油脂,2021-08-25,9032.0,9124.0,8986.0,9110.0,629429,457046,9062.0
豆油,Y,DCE,油脂,2021-08-26,9110.0,9246.0,9064.0,9104.0,703760,459278,9160.0
豆油,Y,DCE,油脂,2021-08-27,9144.0,9160.0,8980.0,9074.0,816958,471667,9090.0
豆油,Y,DCE,油脂,2021-08-30,9090.0,9224.0,9006.0,9012.0,815022,468940,9092.0
豆油,Y,DCE,油脂,2021-08-31,8990.0,9144.0,8966.0,9120.0,699981,476103,9058.0
豆油,Y,DCE,油脂,2021-09-01,9060.0,9086.0,8924.0,8940.0,759009,449607,8984.0
豆油,Y,DCE,油脂,2021-09-02,8922.0,8968.0,8850.0,8910.0,701597,443895,8910.0
豆油,Y,DCE,油脂,2021-09-03,8964.0,9206.0,8920.0,9152.0,845342,471591,9046.0
豆油,Y,DCE,油脂,2021-09-06,9152.0,9202.0,9098.0,9162.0,633533,481417,9152.0
豆油,Y,DCE,油脂,2021-09-07,9198.0,9258.0,9122.0,9206.0,637933,496728,9174.0
豆油,Y,DCE,油脂,2021-09-08,9206.0,9244.0,9076.0,9192.0,786411,502132,9168.0
豆油,Y,DCE,油脂,2021-09-09,9280.0,9290.0,9052.0,9168.0,931483,474095,9160.0
豆油,Y,DCE,油脂,2021-09-10,9126.0,9204.0,8950.0,8958.0,1042954,466380,9078.0
豆油,Y,DCE,油脂,2021-09-13,8960.0,9124.0,8944.0,9004.0,750037,469571,9026.0
豆油,Y,DCE,油脂,2021-09-14,9002.0,9022.0,8912.0,8978.0,777092,476348,8966.0
豆油,Y,DCE,油脂,2021-09-15,9002.0,9048.0,8880.0,9030.0,993851,485190,8970.0
豆油,Y,DCE,油脂,2021-09-16,9050.0,9200.0,9008.0,9110.0,776504,497640,9094.0
豆油,Y,DCE,油脂,2021-09-17,9094.0,9130.0,8830.0,8864.0,900884,459420,8970.0
豆油,Y,DCE,油脂,2021-09-22,8786.0,8952.0,8784.0,8930.0,543083,462646,8882.0
豆油,Y,DCE,油脂,2021-09-23,8964.0,9180.0,8916.0,9176.0,870372,483632,9022.0
豆油,Y,DCE,油脂,2021-09-24,9176.0,9234.0,9090.0,9222.0,698220,507804,9166.0
豆油,Y,DCE,油脂,2021-09-27,9210.0,9254.0,9080.0,9090.0,831560,506048,9190.0
豆油,Y,DCE,油脂,2021-09-28,9090.0,9184.0,8908.0,9174.0,889913,466662,9044.0
豆油,Y,DCE,油脂,2021-09-29,9174.0,9224.0,9034.0,9142.0,727553,452768,9132.0
豆油,Y,DCE,油脂,2021-09-30,9152.0,9398.0,9112.0,9356.0,726737,461166,9276.0
豆油,Y,DCE,油脂,2021-10-08,9702.0,9826.0,9622.0,9714.0,511371,458182,9718.0
豆油,Y,DCE,油脂,2021-10-11,9736.0,9928.0,9690.0,9762.0,794534,481437,9790.0
豆油,Y,DCE,油脂,2021-10-12,9788.0,9852.0,9630.0,9672.0,730557,478127,9720.0
豆油,Y,DCE,油脂,2021-10-13,9640.0,9746.0,9464.0,9694.0,917276,475979,9638.0
豆油,Y,DCE,油脂,2021-10-14,9740.0,9756.0,9456.0,9580.0,832987,445516,9586.0
豆油,Y,DCE,油脂,2021-10-15,9592.0,9740.0,9542.0,9716.0,640937,450512,9638.0
豆油,Y,DCE,油脂,2021-10-18,9718.0,9912.0,9668.0,9872.0,901584,461462,9792.0
豆油,Y,DCE,油脂,2021-10-19,9870.0,10016.0,9792.0,10002.0,800393,482049,9906.0
豆油,Y,DCE,油脂,2021-10-20,9960.0,10158.0,9808.0,10120.0,921094,495743,9954.0
豆油,Y,DCE,油脂,2021-10-21,10160.0,10406.0,10120.0,10128.0,1038517,481552,10278.0
豆油,Y,DCE,油脂,2021-10-22,10030.0,10110.0,9710.0,9806.0,1182256,422977,9886.0
豆油,Y,DCE,油脂,2021-10-25,9806.0,9948.0,9756.0,9892.0,791861,426566,9872.0
豆油,Y,DCE,油脂,2021-10-26,9924.0,10100.0,9864.0,9998.0,804106,432809,9990.0
豆油,Y,DCE,油脂,2021-10-27,9998.0,10034.0,9826.0,9896.0,898235,432309,9940.0
豆油,Y,DCE,油脂,2021-10-28,9880.0,9890.0,9610.0,9772.0,1078283,404641,9764.0
豆油,Y,DCE,油脂,2021-10-29,9796.0,9984.0,9768.0,9984.0,766269,425502,9872.0
豆油,Y,DCE,油脂,2021-11-01,9962.0,9972.0,9766.0,9770.0,825917,422952,9882.0
豆油,Y,DCE,油脂,2021-11-02,9830.0,9938.0,9690.0,9886.0,890737,418819,9862.0
豆油,Y,DCE,油脂,2021-11-03,9902.0,10112.0,9808.0,10094.0,761239,445483,9932.0
豆油,Y,DCE,油脂,2021-11-04,10098.0,10100.0,9686.0,9700.0,820324,417860,9882.0
豆油,Y,DCE,油脂,2021-11-05,9760.0,9792.0,9502.0,9614.0,951270,407250,9630.0
豆油,Y,DCE,油脂,2021-11-08,9512.0,9572.0,8970.0,9404.0,1520891,390714,9290.0
豆油,Y,DCE,油脂,2021-11-09,9420.0,9442.0,9032.0,9112.0,886995,387015,9218.0
豆油,Y,DCE,油脂,2021-11-10,9150.0,9408.0,9082.0,9390.0,775694,381237,9216.0
豆油,Y,DCE,油脂,2021-11-11,9390.0,9540.0,9340.0,9472.0,739889,377365,9462.0
豆油,Y,DCE,油脂,2021-11-12,9472.0,9580.0,9374.0,9498.0,705239,375348,9494.0
豆油,Y,DCE,油脂,2021-11-15,9450.0,9686.0,9392.0,9508.0,775804,369551,9536.0
豆油,Y,DCE,油脂,2021-11-16,9508.0,9644.0,9452.0,9466.0,728451,371517,9532.0
豆油,Y,DCE,油脂,2021-11-17,9500.0,9600.0,9454.0,9582.0,595568,368355,9522.0
豆油,Y,DCE,油脂,2021-11-18,9630.0,9672.0,9522.0,9644.0,726282,369791,9598.0
豆油,Y,DCE,油脂,2021-11-19,9666.0,9722.0,9592.0,9698.0,678196,359751,9660.0
豆油,Y,DCE,油脂,2021-11-22,9586.0,9708.0,9440.0,9470.0,952591,350017,9532.0
豆油,Y,DCE,油脂,2021-11-23,9494.0,9656.0,9362.0,9368.0,764403,342339,9532.0
豆油,Y,DCE,油脂,2021-11-24,9376.0,9502.0,9310.0,9468.0,622678,327977,9414.0
豆油,Y,DCE,油脂,2021-11-25,9500.0,9606.0,9424.0,9560.0,568539,333349,9528.0
豆油,Y,DCE,油脂,2021-11-26,9544.0,9554.0,9406.0,9452.0,557607,325014,9490.0
豆油,Y,DCE,油脂,2021-11-29,9384.0,9548.0,9302.0,9382.0,698188,308795,9408.0
豆油,Y,DCE,油脂,2021-11-30,9382.0,9416.0,9028.0,9054.0,762909,310314,9214.0
豆油,Y,DCE,油脂,2021-12-01,8998.0,9158.0,8922.0,9124.0,631540,288888,9042.0
豆油,Y,DCE,油脂,2021-12-02,9118.0,9140.0,8878.0,8956.0,594354,279305,9010.0
豆油,Y,DCE,油脂,2021-12-03,8960.0,9198.0,8890.0,9178.0,598466,251823,9032.0
豆油,Y,DCE,油脂,2021-12-06,9180.0,9380.0,9158.0,9276.0,509303,226020,9284.0
豆油,Y,DCE,油脂,2021-12-07,9276.0,9426.0,9272.0,9360.0,371235,217370,9342.0
豆油,Y,DCE,油脂,2021-12-08,9390.0,9420.0,9168.0,9198.0,410515,200946,9286.0
豆油,Y,DCE,油脂,2021-12-09,9200.0,9280.0,9096.0,9118.0,317257,184021,9192.0
豆油,Y,DCE,油脂,2021-12-10,8412.0,8554.0,8362.0,8394.0,591571,362130,8444.0
豆油,Y,DCE,油脂,2021-12-13,8432.0,8476.0,8292.0,8380.0,662769,385767,8382.0
豆油,Y,DCE,油脂,2021-12-14,8370.0,8410.0,8224.0,8264.0,635936,405912,8312.0
豆油,Y,DCE,油脂,2021-12-15,8248.0,8296.0,8106.0,8190.0,696447,427059,8224.0
豆油,Y,DCE,油脂,2021-12-16,8188.0,8398.0,8168.0,8286.0,610821,424904,8270.0
豆油,Y,DCE,油脂,2021-12-17,8292.0,8448.0,8276.0,8410.0,619384,429558,8382.0
豆油,Y,DCE,油脂,2021-12-20,8368.0,8438.0,8220.0,8222.0,623074,442669,8340.0
豆油,Y,DCE,油脂,2021-12-21,8202.0,8400.0,8200.0,8376.0,567950,446553,8310.0
豆油,Y,DCE,油脂,2021-12-22,8396.0,8494.0,8374.0,8470.0,567313,461309,8440.0
豆油,Y,DCE,油脂,2021-12-23,8500.0,8620.0,8460.0,8566.0,713509,478290,8560.0
豆油,Y,DCE,油脂,2021-12-24,8554.0,8792.0,8530.0,8792.0,633269,510938,8652.0
豆油,Y,DCE,油脂,2021-12-27,8800.0,8826.0,8738.0,8776.0,543431,517194,8780.0
豆油,Y,DCE,油脂,2021-12-28,8776.0,8936.0,8748.0,8878.0,684817,525043,8832.0
豆油,Y,DCE,油脂,2021-12-29,8938.0,8950.0,8742.0,8764.0,643369,517031,8832.0
豆油,Y,DCE,油脂,2021-12-30,8770.0,8894.0,8758.0,8844.0,599173,517081,0.0
豆油,Y,DCE,油脂,2021-12-31,8816.0,8898.0,8784.0,8880.0,649902,521073,8840.0
豆油,Y,DCE,油脂,2022-01-04,8906.0,8998.0,8852.0,8914.0,620773,533897,8934.0
豆油,Y,DCE,油脂,2022-01-05,8950.0,9142.0,8914.0,9044.0,738718,544263,9040.0
豆油,Y,DCE,油脂,2022-01-06,9064.0,9110.0,8898.0,8930.0,695799,533481,8994.0
豆油,Y,DCE,油脂,2022-01-07,8972.0,9074.0,8950.0,9046.0,599370,526227,9024.0
豆油,Y,DCE,油脂,2022-01-10,9054.0,9188.0,8908.0,9162.0,795378,548565,9046.0
豆油,Y,DCE,油脂,2022-01-11,9120.0,9130.0,9002.0,9114.0,600858,533334,9070.0
豆油,Y,DCE,油脂,2022-01-12,9122.0,9152.0,9018.0,9058.0,622376,538118,9076.0
豆油,Y,DCE,油脂,2022-01-13,9070.0,9188.0,9050.0,9118.0,671440,545628,9118.0
豆油,Y,DCE,油脂,2022-01-14,9156.0,9168.0,8982.0,9164.0,777444,544248,9074.0
豆油,Y,DCE,油脂,2022-01-17,9186.0,9200.0,8988.0,9124.0,738636,539223,9100.0
豆油,Y,DCE,油脂,2022-01-18,9160.0,9218.0,9116.0,9196.0,558625,567132,9172.0
豆油,Y,DCE,油脂,2022-01-19,9158.0,9372.0,9136.0,9234.0,726514,560739,9248.0
豆油,Y,DCE,油脂,2022-01-20,9240.0,9446.0,9236.0,9416.0,590615,566451,9352.0
豆油,Y,DCE,油脂,2022-01-21,9416.0,9562.0,9404.0,9550.0,606872,572427,9470.0
豆油,Y,DCE,油脂,2022-01-24,9590.0,9652.0,9432.0,9436.0,634673,557180,9556.0
豆油,Y,DCE,油脂,2022-01-25,9414.0,9434.0,9302.0,9322.0,587411,532974,9348.0
豆油,Y,DCE,油脂,2022-01-26,9322.0,9414.0,9264.0,9388.0,500421,530428,9348.0
豆油,Y,DCE,油脂,2022-01-27,9416.0,9600.0,9364.0,9556.0,510252,514153,9518.0
豆油,Y,DCE,油脂,2022-01-28,9576.0,9840.0,9576.0,9836.0,581690,485987,9692.0
豆油,Y,DCE,油脂,2022-02-07,10000.0,10356.0,10000.0,10042.0,617285,488003,10196.0
豆油,Y,DCE,油脂,2022-02-08,10050.0,10144.0,9850.0,9930.0,689531,502874,9998.0
豆油,Y,DCE,油脂,2022-02-09,9850.0,9882.0,9688.0,9864.0,684277,495351,9794.0
豆油,Y,DCE,油脂,2022-02-10,9950.0,9992.0,9794.0,9870.0,585391,486461,9882.0
豆油,Y,DCE,油脂,2022-02-11,9900.0,9956.0,9736.0,9754.0,745414,476181,9830.0
豆油,Y,DCE,油脂,2022-02-14,9820.0,10000.0,9792.0,9894.0,586966,476660,9890.0
豆油,Y,DCE,油脂,2022-02-15,9852.0,9972.0,9788.0,9950.0,582757,495851,9886.0
豆油,Y,DCE,油脂,2022-02-16,9860.0,9948.0,9708.0,9942.0,727486,481720,9808.0
豆油,Y,DCE,油脂,2022-02-17,9900.0,10038.0,9866.0,9946.0,727490,472999,9934.0
豆油,Y,DCE,油脂,2022-02-18,10080.0,10128.0,9962.0,10116.0,741688,481624,10036.0
豆油,Y,DCE,油脂,2022-02-21,10116.0,10294.0,10020.0,10182.0,704980,483856,10166.0
豆油,Y,DCE,油脂,2022-02-22,10192.0,10352.0,10142.0,10216.0,626741,499150,10260.0
豆油,Y,DCE,油脂,2022-02-23,10000.0,10392.0,9886.0,10296.0,1165138,498392,10160.0
豆油,Y,DCE,油脂,2022-02-24,10334.0,10778.0,10276.0,10724.0,1051065,470362,10512.0
豆油,Y,DCE,油脂,2022-02-25,10708.0,10928.0,10328.0,10458.0,1298795,436125,10564.0
豆油,Y,DCE,油脂,2022-02-28,10200.0,10624.0,10110.0,10590.0,1051857,425191,10346.0
豆油,Y,DCE,油脂,2022-03-01,10574.0,11036.0,10478.0,10880.0,822197,442725,10752.0
豆油,Y,DCE,油脂,2022-03-02,11044.0,11400.0,10880.0,11016.0,1142771,428234,11134.0
豆油,Y,DCE,油脂,2022-03-03,11016.0,11338.0,10974.0,11224.0,690924,416493,11164.0
豆油,Y,DCE,油脂,2022-03-04,11116.0,11188.0,10656.0,10798.0,904168,385601,10932.0
豆油,Y,DCE,油脂,2022-03-07,10850.0,11154.0,10738.0,10830.0,774170,362558,10874.0
豆油,Y,DCE,油脂,2022-03-08,10830.0,10928.0,10554.0,10834.0,793867,349971,10720.0
豆油,Y,DCE,油脂,2022-03-09,10742.0,11236.0,10632.0,11118.0,753976,355149,10900.0
豆油,Y,DCE,油脂,2022-03-10,10950.0,11008.0,10550.0,10694.0,702421,329123,10754.0
豆油,Y,DCE,油脂,2022-03-11,10818.0,10922.0,10538.0,10590.0,563544,320863,10708.0
豆油,Y,DCE,油脂,2022-03-14,10550.0,10594.0,10280.0,10402.0,629361,307783,10436.0
豆油,Y,DCE,油脂,2022-03-15,10454.0,10490.0,10188.0,10230.0,464349,287815,10348.0
豆油,Y,DCE,油脂,2022-03-16,10200.0,10534.0,10188.0,10466.0,336795,284400,10380.0
豆油,Y,DCE,油脂,2022-03-17,10480.0,10530.0,10226.0,10294.0,360137,277566,10362.0
豆油,Y,DCE,油脂,2022-03-18,10410.0,10574.0,10400.0,10436.0,327805,285459,10460.0
豆油,Y,DCE,油脂,2022-03-21,10204.0,10426.0,10150.0,10290.0,302452,294458,10298.0
豆油,Y,DCE,油脂,2022-03-22,10250.0,10470.0,10234.0,10408.0,248869,286628,10364.0
豆油,Y,DCE,油脂,2022-03-23,10378.0,10424.0,10208.0,10304.0,267174,273918,10288.0
豆油,Y,DCE,油脂,2022-03-24,10400.0,10722.0,10344.0,10348.0,367452,267697,10498.0
豆油,Y,DCE,油脂,2022-03-25,10140.0,10216.0,10066.0,10102.0,397820,300201,10132.0
豆油,Y,DCE,油脂,2022-03-28,10108.0,10300.0,10060.0,10130.0,447935,316177,10182.0
豆油,Y,DCE,油脂,2022-03-29,10096.0,10174.0,10002.0,10122.0,415390,323165,10080.0
豆油,Y,DCE,油脂,2022-03-30,9950.0,10044.0,9890.0,10028.0,432427,323998,9980.0
豆油,Y,DCE,油脂,2022-03-31,10068.0,10196.0,9950.0,10174.0,464243,338034,10080.0
豆油,Y,DCE,油脂,2022-04-01,10150.0,10250.0,9880.0,9904.0,560884,282980,10068.0
豆油,Y,DCE,油脂,2022-04-06,10068.0,10388.0,9996.0,10370.0,371259,303677,10236.0
豆油,Y,DCE,油脂,2022-04-07,10290.0,10446.0,10230.0,10322.0,418307,303117,10342.0
豆油,Y,DCE,油脂,2022-04-08,10366.0,10500.0,10330.0,10496.0,372341,319960,10418.0
豆油,Y,DCE,油脂,2022-04-11,10514.0,10610.0,10434.0,10482.0,398223,319849,10518.0
豆油,Y,DCE,油脂,2022-04-12,10460.0,10752.0,10430.0,10708.0,432749,362398,10604.0
豆油,Y,DCE,油脂,2022-04-13,10708.0,10790.0,10638.0,10664.0,402712,368083,10708.0
豆油,Y,DCE,油脂,2022-04-14,10704.0,10968.0,10652.0,10818.0,474877,389690,10802.0
豆油,Y,DCE,油脂,2022-04-15,10818.0,10956.0,10754.0,10942.0,401312,406884,10854.0
豆油,Y,DCE,油脂,2022-04-18,10960.0,11056.0,10848.0,10916.0,459911,400403,10940.0
豆油,Y,DCE,油脂,2022-04-19,10962.0,11114.0,10932.0,11090.0,406922,426167,11032.0
豆油,Y,DCE,油脂,2022-04-20,11002.0,11092.0,10886.0,10940.0,546102,415970,10982.0
豆油,Y,DCE,油脂,2022-04-21,10976.0,11088.0,10928.0,11038.0,391822,432555,11008.0
豆油,Y,DCE,油脂,2022-04-22,11016.0,11166.0,10958.0,11072.0,629370,444427,11062.0
豆油,Y,DCE,油脂,2022-04-25,11360.0,11556.0,10936.0,10942.0,904360,420832,11266.0
豆油,Y,DCE,油脂,2022-04-26,10830.0,11138.0,10806.0,11130.0,608576,423982,10938.0
豆油,Y,DCE,油脂,2022-04-27,11150.0,11298.0,11086.0,11286.0,570516,431355,11212.0
豆油,Y,DCE,油脂,2022-04-28,11550.0,11630.0,11230.0,11418.0,682689,437813,11382.0
豆油,Y,DCE,油脂,2022-04-29,11418.0,11580.0,11372.0,11524.0,569598,433314,11482.0
豆油,Y,DCE,油脂,2022-05-05,11540.0,11540.0,11236.0,11278.0,368479,422427,11326.0
豆油,Y,DCE,油脂,2022-05-06,11250.0,11348.0,11084.0,11112.0,522688,400329,11200.0
豆油,Y,DCE,油脂,2022-05-09,11112.0,11168.0,11040.0,11088.0,453565,392496,11096.0
豆油,Y,DCE,油脂,2022-05-10,11050.0,11094.0,10826.0,10998.0,593513,378388,10960.0
豆油,Y,DCE,油脂,2022-05-11,10998.0,11088.0,10876.0,11024.0,531830,375938,10978.0
豆油,Y,DCE,油脂,2022-05-12,11030.0,11230.0,10986.0,11052.0,642472,378265,11124.0
豆油,Y,DCE,油脂,2022-05-13,11014.0,11342.0,11012.0,11326.0,531876,409755,11222.0
豆油,Y,DCE,油脂,2022-05-16,11326.0,11472.0,11246.0,11372.0,498057,413407,11352.0
豆油,Y,DCE,油脂,2022-05-17,11372.0,11414.0,11206.0,11286.0,484616,403730,11312.0
豆油,Y,DCE,油脂,2022-05-18,11312.0,11356.0,11256.0,11276.0,384561,406593,11306.0
豆油,Y,DCE,油脂,2022-05-19,11298.0,11316.0,11160.0,11296.0,469883,400289,11240.0
豆油,Y,DCE,油脂,2022-05-20,11150.0,11442.0,11092.0,11428.0,696427,426775,11268.0
豆油,Y,DCE,油脂,2022-05-23,11360.0,11512.0,11356.0,11454.0,386488,427678,11428.0
豆油,Y,DCE,油脂,2022-05-24,11490.0,11508.0,11380.0,11480.0,388251,438091,11450.0
豆油,Y,DCE,油脂,2022-05-25,11550.0,11610.0,11460.0,11572.0,468653,454236,11544.0
豆油,Y,DCE,油脂,2022-05-26,11532.0,11586.0,11450.0,11550.0,423329,444514,11518.0
豆油,Y,DCE,油脂,2022-05-27,11570.0,11814.0,11530.0,11740.0,551292,456813,11684.0
豆油,Y,DCE,油脂,2022-05-30,11700.0,11792.0,11590.0,11604.0,467047,428636,11686.0
豆油,Y,DCE,油脂,2022-05-31,11590.0,11796.0,11572.0,11776.0,392047,449441,11712.0
豆油,Y,DCE,油脂,2022-06-01,11776.0,11790.0,11608.0,11706.0,406689,435996,11694.0
豆油,Y,DCE,油脂,2022-06-02,11736.0,11788.0,11634.0,11770.0,373123,439955,11730.0
豆油,Y,DCE,油脂,2022-06-06,11900.0,11952.0,11794.0,11906.0,314071,454989,11872.0
豆油,Y,DCE,油脂,2022-06-07,11906.0,12004.0,11846.0,11998.0,392763,479096,11916.0
豆油,Y,DCE,油脂,2022-06-08,11966.0,12280.0,11952.0,12122.0,623508,486878,12112.0
豆油,Y,DCE,油脂,2022-06-09,12176.0,12188.0,11768.0,11794.0,747862,428796,11992.0
豆油,Y,DCE,油脂,2022-06-10,11780.0,11994.0,11770.0,11886.0,480717,416963,11892.0
豆油,Y,DCE,油脂,2022-06-13,11820.0,11852.0,11654.0,11718.0,610602,385377,11734.0
豆油,Y,DCE,油脂,2022-06-14,11720.0,11820.0,11680.0,11798.0,454652,386471,11756.0
豆油,Y,DCE,油脂,2022-06-15,11798.0,11816.0,11558.0,11566.0,528186,364515,11686.0
豆油,Y,DCE,油脂,2022-06-16,11570.0,11626.0,11352.0,11380.0,563528,358045,11506.0
豆油,Y,DCE,油脂,2022-06-17,11374.0,11452.0,11288.0,11354.0,488681,354546,11354.0
豆油,Y,DCE,油脂,2022-06-20,11350.0,11396.0,11036.0,11088.0,681717,351928,11218.0
豆油,Y,DCE,油脂,2022-06-21,11002.0,11074.0,10800.0,10806.0,691543,338916,10924.0
豆油,Y,DCE,油脂,2022-06-22,10836.0,10864.0,10342.0,10372.0,844983,342139,10650.0
豆油,Y,DCE,油脂,2022-06-23,10152.0,10374.0,10082.0,10238.0,930004,333566,10226.0
豆油,Y,DCE,油脂,2022-06-24,10288.0,10440.0,9824.0,9888.0,1106578,333356,10122.0
豆油,Y,DCE,油脂,2022-06-27,9964.0,10294.0,9860.0,10176.0,850536,321098,10096.0
豆油,Y,DCE,油脂,2022-06-28,10298.0,10398.0,10186.0,10374.0,672221,317841,10282.0
豆油,Y,DCE,油脂,2022-06-29,10374.0,10492.0,10198.0,10276.0,736164,306431,10340.0
豆油,Y,DCE,油脂,2022-06-30,10336.0,10380.0,10214.0,10280.0,534243,300286,10292.0
豆油,Y,DCE,油脂,2022-07-01,10250.0,10266.0,9642.0,9746.0,809683,323357,9930.0
豆油,Y,DCE,油脂,2022-07-04,9784.0,9820.0,9614.0,9740.0,572508,318418,9722.0
豆油,Y,DCE,油脂,2022-07-05,9680.0,9712.0,9192.0,9234.0,865397,325161,9442.0
豆油,Y,DCE,油脂,2022-07-06,9220.0,9232.0,8688.0,8924.0,1069887,309585,8934.0
豆油,Y,DCE,油脂,2022-07-07,9002.0,9116.0,8712.0,8916.0,1219444,301739,8898.0
豆油,Y,DCE,油脂,2022-07-08,9068.0,9348.0,9054.0,9174.0,898491,297328,9188.0
豆油,Y,DCE,油脂,2022-07-11,9130.0,9394.0,9050.0,9244.0,879441,301051,9212.0
豆油,Y,DCE,油脂,2022-07-12,9222.0,9374.0,9128.0,9238.0,776311,302549,9238.0
豆油,Y,DCE,油脂,2022-07-13,9128.0,9160.0,8568.0,8830.0,1090107,292867,8836.0
豆油,Y,DCE,油脂,2022-07-14,8600.0,9066.0,8544.0,9002.0,1106626,296795,8834.0
豆油,Y,DCE,油脂,2022-07-15,8890.0,9182.0,8782.0,8960.0,1157635,289040,8982.0
豆油,Y,DCE,油脂,2022-07-18,9046.0,9340.0,9042.0,9310.0,927057,280360,9198.0
豆油,Y,DCE,油脂,2022-07-19,9408.0,9518.0,9214.0,9276.0,817543,274142,9356.0
豆油,Y,DCE,油脂,2022-07-20,9200.0,9442.0,9152.0,9332.0,865542,263987,9298.0
豆油,Y,DCE,油脂,2022-07-21,9350.0,9392.0,9088.0,9246.0,767171,261501,9244.0
豆油,Y,DCE,油脂,2022-07-22,9152.0,9246.0,9062.0,9112.0,732353,259051,9150.0
豆油,Y,DCE,油脂,2022-07-25,9114.0,9296.0,9106.0,9122.0,613838,253981,9174.0
豆油,Y,DCE,油脂,2022-07-26,9500.0,9500.0,9174.0,9458.0,607491,253606,9366.0
豆油,Y,DCE,油脂,2022-07-27,9502.0,9548.0,9286.0,9376.0,567071,242331,9396.0
豆油,Y,DCE,油脂,2022-07-28,9450.0,9882.0,9410.0,9880.0,639710,262450,9646.0
豆油,Y,DCE,油脂,2022-07-29,9880.0,10084.0,9806.0,10062.0,629141,253865,9956.0
豆油,Y,DCE,油脂,2022-08-01,10150.0,10306.0,9902.0,9960.0,765570,241252,10094.0
豆油,Y,DCE,油脂,2022-08-02,9930.0,9988.0,9722.0,9860.0,663653,234266,9856.0
豆油,Y,DCE,油脂,2022-08-03,9856.0,10078.0,9748.0,10010.0,689164,229597,9896.0
豆油,Y,DCE,油脂,2022-08-04,10050.0,10096.0,9468.0,9524.0,781156,224358,9744.0
豆油,Y,DCE,油脂,2022-08-05,9582.0,9708.0,9442.0,9658.0,722215,215135,9586.0
豆油,Y,DCE,油脂,2022-08-08,9618.0,9948.0,9460.0,9946.0,623378,204206,9714.0
豆油,Y,DCE,油脂,2022-08-09,9898.0,9982.0,9804.0,9924.0,510752,194264,9902.0
豆油,Y,DCE,油脂,2022-08-10,9960.0,10062.0,9890.0,9934.0,457571,179430,9974.0
豆油,Y,DCE,油脂,2022-08-11,9996.0,10098.0,9936.0,10006.0,415661,165791,10002.0
豆油,Y,DCE,油脂,2022-08-12,10066.0,10166.0,9998.0,10154.0,368300,163747,10090.0
豆油,Y,DCE,油脂,2022-08-15,10100.0,10228.0,9956.0,9968.0,431263,150152,10084.0
豆油,Y,DCE,油脂,2022-08-16,9834.0,10050.0,9814.0,9974.0,363654,135328,9928.0
豆油,Y,DCE,油脂,2022-08-17,9998.0,10094.0,9918.0,10048.0,267044,124481,10006.0
豆油,Y,DCE,油脂,2022-08-18,9678.0,9694.0,9446.0,9466.0,505733,290731,9574.0
豆油,Y,DCE,油脂,2022-08-19,9494.0,9636.0,9406.0,9546.0,580044,299021,9518.0
豆油,Y,DCE,油脂,2022-08-22,9518.0,9778.0,9450.0,9746.0,564058,319979,9648.0
豆油,Y,DCE,油脂,2022-08-23,9736.0,9882.0,9658.0,9732.0,509388,325388,9752.0
豆油,Y,DCE,油脂,2022-08-24,9780.0,10066.0,9758.0,10020.0,547437,360100,9902.0
豆油,Y,DCE,油脂,2022-08-25,9966.0,10062.0,9910.0,9986.0,565945,366937,9986.0
豆油,Y,DCE,油脂,2022-08-26,9932.0,10018.0,9870.0,9928.0,529688,371050,9946.0
豆油,Y,DCE,油脂,2022-08-29,9928.0,10028.0,9826.0,9982.0,610895,384037,9932.0
豆油,Y,DCE,油脂,2022-08-30,9968.0,9976.0,9772.0,9824.0,544493,379360,9872.0
豆油,Y,DCE,油脂,2022-08-31,9800.0,9942.0,9732.0,9918.0,496482,400153,9828.0
豆油,Y,DCE,油脂,2022-09-01,9850.0,9884.0,9502.0,9514.0,778681,421544,9714.0
豆油,Y,DCE,油脂,2022-09-02,9460.0,9474.0,9220.0,9326.0,777260,413977,9342.0
豆油,Y,DCE,油脂,2022-09-05,9360.0,9528.0,9314.0,9520.0,576545,413932,9432.0
豆油,Y,DCE,油脂,2022-09-06,9510.0,9624.0,9446.0,9558.0,635523,415183,9526.0
豆油,Y,DCE,油脂,2022-09-07,9576.0,9592.0,9174.0,9202.0,838826,434850,9358.0
豆油,Y,DCE,油脂,2022-09-08,9210.0,9278.0,9114.0,9120.0,737527,440394,9182.0
豆油,Y,DCE,油脂,2022-09-09,9060.0,9266.0,9030.0,9136.0,760188,430428,9160.0
豆油,Y,DCE,油脂,2022-09-13,9400.0,9514.0,9326.0,9438.0,490858,416708,9420.0
豆油,Y,DCE,油脂,2022-09-14,9420.0,9470.0,9340.0,9404.0,540356,417060,9406.0
豆油,Y,DCE,油脂,2022-09-15,9410.0,9484.0,9236.0,9264.0,625473,437021,9354.0
豆油,Y,DCE,油脂,2022-09-16,9238.0,9268.0,9102.0,9170.0,588209,446660,9184.0
豆油,Y,DCE,油脂,2022-09-19,9170.0,9296.0,9116.0,9130.0,602712,440621,9202.0
豆油,Y,DCE,油脂,2022-09-20,9094.0,9130.0,8952.0,9092.0,681324,457214,9042.0
豆油,Y,DCE,油脂,2022-09-21,9088.0,9290.0,9012.0,9258.0,653554,440438,9138.0
豆油,Y,DCE,油脂,2022-09-22,9280.0,9320.0,9122.0,9220.0,683948,426147,9228.0
豆油,Y,DCE,油脂,2022-09-23,9228.0,9260.0,9060.0,9124.0,641625,435806,9146.0
豆油,Y,DCE,油脂,2022-09-26,9016.0,9036.0,8738.0,8808.0,746253,456401,8884.0
豆油,Y,DCE,油脂,2022-09-27,8810.0,8910.0,8708.0,8868.0,718356,440655,8826.0
豆油,Y,DCE,油脂,2022-09-28,8900.0,8930.0,8702.0,8794.0,702066,438569,8816.0
豆油,Y,DCE,油脂,2022-09-29,8790.0,8928.0,8716.0,8906.0,661680,427400,8828.0
豆油,Y,DCE,油脂,2022-09-30,8928.0,8966.0,8750.0,8894.0,638902,411621,8850.0
豆油,Y,DCE,油脂,2022-10-10,9350.0,9350.0,9076.0,9142.0,411333,400910,9140.0
豆油,Y,DCE,油脂,2022-10-11,9172.0,9250.0,9090.0,9232.0,590296,414939,9186.0
豆油,Y,DCE,油脂,2022-10-12,9186.0,9430.0,9168.0,9396.0,715145,442611,9300.0
豆油,Y,DCE,油脂,2022-10-13,9392.0,9550.0,9362.0,9428.0,808850,472317,9464.0
豆油,Y,DCE,油脂,2022-10-14,9360.0,9596.0,9338.0,9566.0,772349,494333,9488.0
豆油,Y,DCE,油脂,2022-10-17,9520.0,9570.0,9316.0,9368.0,755200,485223,9452.0
豆油,Y,DCE,油脂,2022-10-18,9412.0,9520.0,9388.0,9480.0,632005,473223,9448.0
豆油,Y,DCE,油脂,2022-10-19,9500.0,9618.0,9424.0,9540.0,744257,478733,9524.0
豆油,Y,DCE,油脂,2022-10-20,9528.0,9728.0,9510.0,9584.0,679472,484174,9586.0
豆油,Y,DCE,油脂,2022-10-21,9614.0,9656.0,9488.0,9594.0,637688,479011,9578.0
豆油,Y,DCE,油脂,2022-10-24,9550.0,9688.0,9460.0,9488.0,710184,461788,9582.0
豆油,Y,DCE,油脂,2022-10-25,9514.0,9594.0,9448.0,9550.0,674210,460188,9526.0
豆油,Y,DCE,油脂,2022-10-26,9516.0,9626.0,9460.0,9544.0,599356,463078,9534.0
豆油,Y,DCE,油脂,2022-10-27,9564.0,9602.0,9408.0,9424.0,684725,473375,9510.0
豆油,Y,DCE,油脂,2022-10-28,9460.0,9476.0,9104.0,9154.0,893317,447336,9258.0
豆油,Y,DCE,油脂,2022-10-31,9122.0,9194.0,9018.0,9072.0,788615,434959,9106.0
豆油,Y,DCE,油脂,2022-11-01,9072.0,9342.0,8976.0,9322.0,879433,427608,9176.0
豆油,Y,DCE,油脂,2022-11-02,9350.0,9606.0,9286.0,9528.0,906306,428122,9440.0
豆油,Y,DCE,油脂,2022-11-03,9494.0,9594.0,9460.0,9560.0,643786,439553,9542.0
豆油,Y,DCE,油脂,2022-11-04,9500.0,9668.0,9448.0,9654.0,763043,457960,9566.0
豆油,Y,DCE,油脂,2022-11-07,9678.0,9752.0,9474.0,9566.0,642759,439163,9596.0
豆油,Y,DCE,油脂,2022-11-08,9570.0,9630.0,9438.0,9498.0,601702,428873,9526.0
豆油,Y,DCE,油脂,2022-11-09,9484.0,9510.0,9268.0,9298.0,643464,424356,9376.0
豆油,Y,DCE,油脂,2022-11-10,9254.0,9346.0,9160.0,9264.0,666258,408282,9256.0
豆油,Y,DCE,油脂,2022-11-11,9238.0,9402.0,9146.0,9350.0,997877,415607,9248.0
豆油,Y,DCE,油脂,2022-11-14,9306.0,9368.0,9078.0,9110.0,706187,428750,9222.0
豆油,Y,DCE,油脂,2022-11-15,9122.0,9192.0,9044.0,9150.0,627888,419006,9128.0
豆油,Y,DCE,油脂,2022-11-16,9108.0,9298.0,9100.0,9188.0,665281,406012,9206.0
豆油,Y,DCE,油脂,2022-11-17,9160.0,9190.0,9088.0,9174.0,589328,397704,9138.0
豆油,Y,DCE,油脂,2022-11-18,9100.0,9282.0,9090.0,9202.0,624161,400999,9190.0
豆油,Y,DCE,油脂,2022-11-21,9214.0,9232.0,9006.0,9072.0,718022,399383,9080.0
豆油,Y,DCE,油脂,2022-11-22,9070.0,9084.0,8912.0,9032.0,622677,393626,9018.0
豆油,Y,DCE,油脂,2022-11-23,9052.0,9136.0,8988.0,9068.0,506712,388276,9062.0
豆油,Y,DCE,油脂,2022-11-24,9030.0,9232.0,9002.0,9218.0,552362,380177,9120.0
豆油,Y,DCE,油脂,2022-11-25,9202.0,9316.0,9188.0,9232.0,449255,374152,9248.0
豆油,Y,DCE,油脂,2022-11-28,9256.0,9278.0,9004.0,9118.0,559900,368203,9118.0
豆油,Y,DCE,油脂,2022-11-29,9130.0,9432.0,9108.0,9392.0,540491,358605,9310.0
豆油,Y,DCE,油脂,2022-11-30,9400.0,9504.0,9368.0,9502.0,504822,361617,9444.0
豆油,Y,DCE,油脂,2022-12-01,9520.0,9572.0,9416.0,9456.0,484839,352350,9490.0
豆油,Y,DCE,油脂,2022-12-02,9442.0,9498.0,9190.0,9242.0,600401,321483,9322.0
豆油,Y,DCE,油脂,2022-12-05,9202.0,9418.0,9186.0,9300.0,536407,306426,9298.0
豆油,Y,DCE,油脂,2022-12-06,9334.0,9356.0,9150.0,9262.0,404652,296767,9278.0
豆油,Y,DCE,油脂,2022-12-07,9276.0,9348.0,9220.0,9232.0,410605,281220,9276.0
豆油,Y,DCE,油脂,2022-12-08,9262.0,9346.0,9214.0,9298.0,387796,255879,9274.0
豆油,Y,DCE,油脂,2022-12-09,9320.0,9378.0,9234.0,9252.0,387529,234008,9304.0
豆油,Y,DCE,油脂,2022-12-12,9256.0,9306.0,8934.0,8962.0,477554,212566,9112.0
豆油,Y,DCE,油脂,2022-12-13,8942.0,9208.0,8942.0,9170.0,312206,167658,9068.0
豆油,Y,DCE,油脂,2022-12-14,8770.0,8858.0,8724.0,8774.0,417477,369126,8780.0
豆油,Y,DCE,油脂,2022-12-15,8800.0,8842.0,8672.0,8718.0,460291,382381,8762.0
豆油,Y,DCE,油脂,2022-12-16,8712.0,8740.0,8510.0,8536.0,643893,425588,8628.0
豆油,Y,DCE,油脂,2022-12-19,8518.0,8542.0,8428.0,8468.0,493852,445830,8486.0
豆油,Y,DCE,油脂,2022-12-20,8480.0,8558.0,8410.0,8428.0,498807,460668,8480.0
豆油,Y,DCE,油脂,2022-12-21,8444.0,8516.0,8368.0,8502.0,531001,450383,8442.0
豆油,Y,DCE,油脂,2022-12-22,8480.0,8514.0,8360.0,8386.0,441478,476898,8450.0
豆油,Y,DCE,油脂,2022-12-23,8390.0,8412.0,8248.0,8276.0,510245,486707,8314.0
豆油,Y,DCE,油脂,2022-12-26,8280.0,8530.0,8278.0,8514.0,545934,444959,8424.0
豆油,Y,DCE,油脂,2022-12-27,8516.0,8824.0,8510.0,8794.0,606936,443449,8690.0
豆油,Y,DCE,油脂,2022-12-28,8836.0,8850.0,8752.0,8838.0,481704,450571,8806.0
豆油,Y,DCE,油脂,2022-12-29,8832.0,8840.0,8764.0,8826.0,427097,453697,8802.0
豆油,Y,DCE,油脂,2022-12-30,8856.0,8906.0,8788.0,8900.0,528327,460772,8844.0
豆油,Y,DCE,油脂,2023-01-03,8866.0,8922.0,8730.0,8894.0,419597,456891,8844.0
豆油,Y,DCE,油脂,2023-01-04,8894.0,8912.0,8756.0,8808.0,416759,461946,8822.0
豆油,Y,DCE,油脂,2023-01-05,8766.0,8782.0,8654.0,8742.0,529921,456091,8732.0
豆油,Y,DCE,油脂,2023-01-06,8772.0,8786.0,8638.0,8748.0,447922,459928,8708.0
豆油,Y,DCE,油脂,2023-01-09,8718.0,8740.0,8602.0,8636.0,540321,452948,8666.0
豆油,Y,DCE,油脂,2023-01-10,8678.0,8688.0,8454.0,8502.0,537008,442661,8540.0
豆油,Y,DCE,油脂,2023-01-11,8522.0,8556.0,8474.0,8510.0,398349,442069,8514.0
豆油,Y,DCE,油脂,2023-01-12,8540.0,8594.0,8484.0,8548.0,513711,447495,8536.0
豆油,Y,DCE,油脂,2023-01-13,8548.0,8658.0,8452.0,8534.0,598136,444930,8552.0
豆油,Y,DCE,油脂,2023-01-16,8488.0,8592.0,8410.0,8560.0,413062,431004,8512.0
豆油,Y,DCE,油脂,2023-01-17,8560.0,8598.0,8486.0,8548.0,392226,421062,8548.0
豆油,Y,DCE,油脂,2023-01-18,8560.0,8772.0,8552.0,8736.0,506536,415964,8662.0
豆油,Y,DCE,油脂,2023-01-19,8730.0,8790.0,8670.0,8756.0,409922,411519,8736.0
豆油,Y,DCE,油脂,2023-01-20,8756.0,8812.0,8724.0,8788.0,281968,403675,8778.0
豆油,Y,DCE,油脂,2023-01-30,8900.0,8958.0,8806.0,8912.0,426024,423121,8902.0
豆油,Y,DCE,油脂,2023-01-31,8916.0,8946.0,8824.0,8856.0,399138,435161,8888.0
豆油,Y,DCE,油脂,2023-02-01,8846.0,8910.0,8744.0,8774.0,476819,436431,8816.0
豆油,Y,DCE,油脂,2023-02-02,8774.0,8790.0,8508.0,8534.0,541765,437717,8630.0
豆油,Y,DCE,油脂,2023-02-03,8512.0,8632.0,8502.0,8606.0,427959,425581,8568.0
豆油,Y,DCE,油脂,2023-02-06,8600.0,8672.0,8528.0,8642.0,450676,415312,8610.0
豆油,Y,DCE,油脂,2023-02-07,8676.0,8740.0,8594.0,8738.0,375389,416785,8664.0
豆油,Y,DCE,油脂,2023-02-08,8738.0,8832.0,8738.0,8768.0,433914,423790,8772.0
豆油,Y,DCE,油脂,2023-02-09,8774.0,8804.0,8706.0,8762.0,370776,425503,8764.0
豆油,Y,DCE,油脂,2023-02-10,8762.0,8788.0,8562.0,8604.0,498803,421747,8670.0
豆油,Y,DCE,油脂,2023-02-13,8630.0,8766.0,8612.0,8636.0,506948,409814,8676.0
豆油,Y,DCE,油脂,2023-02-14,8658.0,8736.0,8652.0,8680.0,369255,417171,8692.0
豆油,Y,DCE,油脂,2023-02-15,8688.0,8716.0,8592.0,8624.0,494684,423774,8654.0
豆油,Y,DCE,油脂,2023-02-16,8644.0,8744.0,8564.0,8738.0,502250,424541,8662.0
豆油,Y,DCE,油脂,2023-02-17,8758.0,8904.0,8756.0,8888.0,530804,467277,8832.0
豆油,Y,DCE,油脂,2023-02-20,8850.0,8940.0,8840.0,8908.0,374105,481548,8888.0
豆油,Y,DCE,油脂,2023-02-21,8908.0,8988.0,8844.0,8878.0,433989,485879,8904.0
豆油,Y,DCE,油脂,2023-02-22,8876.0,8962.0,8850.0,8900.0,410549,491229,8902.0
豆油,Y,DCE,油脂,2023-02-23,8888.0,8932.0,8818.0,8844.0,431340,483488,8878.0
豆油,Y,DCE,油脂,2023-02-24,8878.0,8950.0,8828.0,8950.0,478444,507371,8894.0
豆油,Y,DCE,油脂,2023-02-27,8940.0,8944.0,8846.0,8882.0,552636,487647,8896.0
豆油,Y,DCE,油脂,2023-02-28,8902.0,8914.0,8804.0,8848.0,461416,474979,8854.0
豆油,Y,DCE,油脂,2023-03-01,8850.0,8880.0,8766.0,8864.0,444158,471573,8828.0
豆油,Y,DCE,油脂,2023-03-02,8852.0,8914.0,8810.0,8892.0,488235,472256,8868.0
豆油,Y,DCE,油脂,2023-03-03,8888.0,9042.0,8852.0,9040.0,493416,507920,8954.0
豆油,Y,DCE,油脂,2023-03-06,9026.0,9052.0,8876.0,8892.0,606729,486495,8974.0
豆油,Y,DCE,油脂,2023-03-07,8864.0,8900.0,8854.0,8882.0,359085,476053,8874.0
豆油,Y,DCE,油脂,2023-03-08,8862.0,8878.0,8728.0,8746.0,527535,455083,8792.0
豆油,Y,DCE,油脂,2023-03-09,8740.0,8786.0,8722.0,8748.0,366592,452539,8750.0
豆油,Y,DCE,油脂,2023-03-10,8762.0,8812.0,8556.0,8560.0,613899,446588,8660.0
豆油,Y,DCE,油脂,2023-03-13,8556.0,8604.0,8508.0,8544.0,448991,434512,8554.0
豆油,Y,DCE,油脂,2023-03-14,8450.0,8486.0,8322.0,8370.0,595024,415463,8414.0
豆油,Y,DCE,油脂,2023-03-15,8394.0,8456.0,8366.0,8370.0,428350,420666,8404.0
豆油,Y,DCE,油脂,2023-03-16,8302.0,8360.0,8126.0,8166.0,691857,415653,8240.0
豆油,Y,DCE,油脂,2023-03-17,8198.0,8230.0,8060.0,8182.0,596341,409154,8170.0
豆油,Y,DCE,油脂,2023-03-20,8148.0,8248.0,8088.0,8124.0,549810,396347,8164.0
豆油,Y,DCE,油脂,2023-03-21,8184.0,8228.0,8104.0,8116.0,473512,398448,8166.0
豆油,Y,DCE,油脂,2023-03-22,8162.0,8184.0,7856.0,7924.0,719708,421774,8004.0
豆油,Y,DCE,油脂,2023-03-23,7950.0,7954.0,7830.0,7852.0,522498,403081,7884.0
豆油,Y,DCE,油脂,2023-03-24,7828.0,7872.0,7564.0,7848.0,988249,384997,7748.0
豆油,Y,DCE,油脂,2023-03-27,7792.0,7918.0,7752.0,7838.0,719554,369365,7830.0
豆油,Y,DCE,油脂,2023-03-28,7872.0,8018.0,7846.0,8000.0,581688,353367,7942.0
豆油,Y,DCE,油脂,2023-03-29,8006.0,8090.0,7988.0,8026.0,458521,338590,8036.0
豆油,Y,DCE,油脂,2023-03-30,8054.0,8154.0,7996.0,8144.0,469682,326109,8064.0
豆油,Y,DCE,油脂,2023-03-31,8192.0,8230.0,8122.0,8138.0,581994,320069,8174.0
豆油,Y,DCE,油脂,2023-04-03,8140.0,8388.0,8140.0,8292.0,576541,298632,8288.0
豆油,Y,DCE,油脂,2023-04-04,8306.0,8412.0,8292.0,8410.0,466101,271662,8354.0
豆油,Y,DCE,油脂,2023-04-06,8298.0,8418.0,8266.0,8306.0,311393,265413,8358.0
豆油,Y,DCE,油脂,2023-04-07,8264.0,8372.0,8222.0,8274.0,511365,245337,8286.0
豆油,Y,DCE,油脂,2023-04-10,8270.0,8288.0,8138.0,8156.0,430132,229737,8200.0
豆油,Y,DCE,油脂,2023-04-11,8150.0,8282.0,8132.0,8274.0,403748,215402,8200.0
豆油,Y,DCE,油脂,2023-04-12,8240.0,8318.0,8172.0,8216.0,385902,198234,8246.0
豆油,Y,DCE,油脂,2023-04-13,8216.0,8218.0,8124.0,8184.0,383576,176047,8174.0
豆油,Y,DCE,油脂,2023-04-14,8188.0,8264.0,8090.0,8110.0,352870,165084,8194.0
豆油,Y,DCE,油脂,2023-04-17,8130.0,8130.0,8002.0,8082.0,298666,145074,8066.0
豆油,Y,DCE,油脂,2023-04-18,7852.0,8012.0,7806.0,8010.0,601719,428190,7904.0
豆油,Y,DCE,油脂,2023-04-19,7990.0,8028.0,7886.0,7914.0,682528,442054,7968.0
豆油,Y,DCE,油脂,2023-04-20,7882.0,7928.0,7714.0,7744.0,731205,472602,7822.0
豆油,Y,DCE,油脂,2023-04-21,7744.0,7754.0,7544.0,7550.0,705055,518082,7650.0
豆油,Y,DCE,油脂,2023-04-24,7560.0,7646.0,7476.0,7528.0,752660,515740,7556.0
豆油,Y,DCE,油脂,2023-04-25,7538.0,7630.0,7488.0,7546.0,656216,523820,7550.0
豆油,Y,DCE,油脂,2023-04-26,7536.0,7618.0,7422.0,7596.0,891526,538497,7522.0
豆油,Y,DCE,油脂,2023-04-27,7580.0,7644.0,7458.0,7470.0,840271,560359,7558.0
豆油,Y,DCE,油脂,2023-04-28,7452.0,7510.0,7434.0,7468.0,599479,541127,7470.0
豆油,Y,DCE,油脂,2023-05-04,7470.0,7606.0,7352.0,7604.0,653847,545721,7498.0
豆油,Y,DCE,油脂,2023-05-05,7616.0,7636.0,7472.0,7596.0,895825,555666,7550.0
豆油,Y,DCE,油脂,2023-05-08,7596.0,7710.0,7584.0,7676.0,886001,551354,7646.0
豆油,Y,DCE,油脂,2023-05-09,7704.0,7724.0,7548.0,7552.0,764268,576187,7626.0
豆油,Y,DCE,油脂,2023-05-10,7576.0,7622.0,7514.0,7524.0,808926,577572,7570.0
豆油,Y,DCE,油脂,2023-05-11,7542.0,7554.0,7326.0,7326.0,934941,611905,7442.0
豆油,Y,DCE,油脂,2023-05-12,7272.0,7394.0,7262.0,7328.0,845317,583243,7330.0
豆油,Y,DCE,油脂,2023-05-15,7348.0,7414.0,7190.0,7346.0,971426,582732,7298.0
豆油,Y,DCE,油脂,2023-05-16,7368.0,7378.0,7224.0,7238.0,793149,607971,7310.0
豆油,Y,DCE,油脂,2023-05-17,7218.0,7244.0,7096.0,7148.0,949708,630404,7160.0
豆油,Y,DCE,油脂,2023-05-18,7156.0,7214.0,7096.0,7142.0,877184,635793,7146.0
豆油,Y,DCE,油脂,2023-05-19,7120.0,7238.0,7102.0,7182.0,965622,629383,7168.0
豆油,Y,DCE,油脂,2023-05-22,7226.0,7256.0,7010.0,7040.0,931771,634742,7116.0
豆油,Y,DCE,油脂,2023-05-23,7060.0,7142.0,7018.0,7076.0,835857,615857,7074.0
豆油,Y,DCE,油脂,2023-05-24,7102.0,7108.0,6966.0,6988.0,753051,630513,7050.0
豆油,Y,DCE,油脂,2023-05-25,7000.0,7090.0,6944.0,7074.0,835083,622772,7008.0
豆油,Y,DCE,油脂,2023-05-26,7092.0,7208.0,7056.0,7198.0,935386,601819,7144.0
豆油,Y,DCE,油脂,2023-05-29,7212.0,7228.0,7084.0,7098.0,737192,611132,7164.0
豆油,Y,DCE,油脂,2023-05-30,7106.0,7112.0,6984.0,7020.0,724537,622816,7054.0
豆油,Y,DCE,油脂,2023-05-31,6976.0,6988.0,6748.0,6780.0,904397,633759,6854.0
豆油,Y,DCE,油脂,2023-06-01,6728.0,6926.0,6710.0,6926.0,848879,582466,6822.0
豆油,Y,DCE,油脂,2023-06-02,6950.0,6992.0,6880.0,6974.0,735376,571518,6934.0
豆油,Y,DCE,油脂,2023-06-05,6994.0,7092.0,6976.0,7030.0,818449,563193,7030.0
豆油,Y,DCE,油脂,2023-06-06,7030.0,7090.0,6930.0,7040.0,846917,547561,7014.0
豆油,Y,DCE,油脂,2023-06-07,7010.0,7122.0,6968.0,7016.0,792869,550109,7038.0
豆油,Y,DCE,油脂,2023-06-08,7010.0,7066.0,6964.0,7006.0,772524,555751,7010.0
豆油,Y,DCE,油脂,2023-06-09,6992.0,7220.0,6988.0,7206.0,980582,567705,7108.0
豆油,Y,DCE,油脂,2023-06-12,7204.0,7298.0,7152.0,7176.0,868996,566272,7228.0
豆油,Y,DCE,油脂,2023-06-13,7188.0,7246.0,7126.0,7224.0,708106,564851,7190.0
豆油,Y,DCE,油脂,2023-06-14,7254.0,7358.0,7254.0,7310.0,808568,563541,7302.0
豆油,Y,DCE,油脂,2023-06-15,7318.0,7408.0,7268.0,7382.0,750599,554721,7322.0
豆油,Y,DCE,油脂,2023-06-16,7412.0,7706.0,7382.0,7688.0,1033435,556585,7572.0
豆油,Y,DCE,油脂,2023-06-19,7704.0,7804.0,7660.0,7722.0,1006527,567627,7732.0
豆油,Y,DCE,油脂,2023-06-20,7714.0,7808.0,7708.0,7770.0,735759,556349,7762.0
豆油,Y,DCE,油脂,2023-06-21,7716.0,7772.0,7498.0,7630.0,1081043,537043,7618.0
豆油,Y,DCE,油脂,2023-06-26,7650.0,7724.0,7556.0,7658.0,676924,538192,7644.0
豆油,Y,DCE,油脂,2023-06-27,7676.0,7740.0,7630.0,7652.0,795729,543315,7690.0
豆油,Y,DCE,油脂,2023-06-28,7574.0,7784.0,7530.0,7754.0,989287,552545,7654.0
豆油,Y,DCE,油脂,2023-06-29,7680.0,7700.0,7588.0,7682.0,857276,544502,7650.0
豆油,Y,DCE,油脂,2023-06-30,7650.0,7804.0,7640.0,7742.0,792558,554644,7734.0
豆油,Y,DCE,油脂,2023-07-03,7734.0,8198.0,7730.0,8198.0,1229940,555114,8032.0
豆油,Y,DCE,油脂,2023-07-04,8204.0,8226.0,8044.0,8094.0,1137069,558383,8110.0
豆油,Y,DCE,油脂,2023-07-05,8062.0,8164.0,8016.0,8116.0,887549,557626,8100.0
豆油,Y,DCE,油脂,2023-07-06,8102.0,8148.0,8038.0,8106.0,886126,559317,8098.0
豆油,Y,DCE,油脂,2023-07-07,8096.0,8120.0,7968.0,8014.0,1014998,542736,8036.0
豆油,Y,DCE,油脂,2023-07-10,8024.0,8078.0,7938.0,8028.0,1003661,537884,8000.0
豆油,Y,DCE,油脂,2023-07-11,8066.0,8210.0,8008.0,8028.0,1059271,542890,8100.0
豆油,Y,DCE,油脂,2023-07-12,8046.0,8144.0,7998.0,8068.0,880885,529936,8072.0
豆油,Y,DCE,油脂,2023-07-13,8080.0,8150.0,7898.0,7958.0,989756,527498,8000.0
豆油,Y,DCE,油脂,2023-07-14,8028.0,8212.0,7990.0,8060.0,1226699,504906,8096.0
豆油,Y,DCE,油脂,2023-07-17,8102.0,8126.0,7954.0,8012.0,1141361,481729,8052.0
豆油,Y,DCE,油脂,2023-07-18,8028.0,8118.0,7992.0,8054.0,1022001,481920,8052.0
豆油,Y,DCE,油脂,2023-07-19,8090.0,8176.0,8052.0,8174.0,923464,481618,8116.0
豆油,Y,DCE,油脂,2023-07-20,8230.0,8310.0,8188.0,8252.0,919784,474748,8250.0
豆油,Y,DCE,油脂,2023-07-21,8264.0,8288.0,8122.0,8128.0,873580,466972,8214.0
豆油,Y,DCE,油脂,2023-07-24,8096.0,8106.0,7968.0,8030.0,814630,451950,8034.0
豆油,Y,DCE,油脂,2023-07-25,8130.0,8198.0,8062.0,8096.0,787195,426205,8130.0
豆油,Y,DCE,油脂,2023-07-26,8064.0,8240.0,8052.0,8232.0,713013,428948,8156.0
豆油,Y,DCE,油脂,2023-07-27,8182.0,8318.0,8180.0,8230.0,829395,416751,8242.0
豆油,Y,DCE,油脂,2023-07-28,8250.0,8278.0,8126.0,8198.0,780365,405778,8198.0
豆油,Y,DCE,油脂,2023-07-31,8198.0,8226.0,7982.0,8024.0,896489,403322,8084.0
豆油,Y,DCE,油脂,2023-08-01,8018.0,8130.0,7998.0,8126.0,596174,386721,8042.0
豆油,Y,DCE,油脂,2023-08-02,8106.0,8230.0,8072.0,8216.0,658606,358424,8154.0
豆油,Y,DCE,油脂,2023-08-03,8182.0,8232.0,8024.0,8032.0,789567,330501,8150.0
豆油,Y,DCE,油脂,2023-08-04,8060.0,8220.0,8030.0,8194.0,662209,306515,8142.0
豆油,Y,DCE,油脂,2023-08-07,8194.0,8272.0,8076.0,8088.0,791866,284492,8172.0
豆油,Y,DCE,油脂,2023-08-08,8062.0,8106.0,7970.0,7986.0,569782,275400,8034.0
豆油,Y,DCE,油脂,2023-08-09,7944.0,8182.0,7872.0,8170.0,726869,256697,8012.0
豆油,Y,DCE,油脂,2023-08-10,8174.0,8222.0,8122.0,8168.0,670230,230557,8176.0
豆油,Y,DCE,油脂,2023-08-11,8132.0,8226.0,8108.0,8146.0,553040,202406,8152.0
豆油,Y,DCE,油脂,2023-08-14,8148.0,8262.0,8132.0,8220.0,449066,195313,8188.0
豆油,Y,DCE,油脂,2023-08-15,8218.0,8426.0,8188.0,8360.0,515079,187063,8302.0
豆油,Y,DCE,油脂,2023-08-16,8020.0,8068.0,7948.0,8002.0,656751,513722,8010.0
豆油,Y,DCE,油脂,2023-08-17,8044.0,8080.0,7974.0,8076.0,740586,526930,8026.0
豆油,Y,DCE,油脂,2023-08-18,8076.0,8148.0,8052.0,8084.0,779433,555603,8104.0
豆油,Y,DCE,油脂,2023-08-21,8070.0,8242.0,8028.0,8168.0,854813,557196,8142.0
豆油,Y,DCE,油脂,2023-08-22,8184.0,8208.0,8054.0,8130.0,786931,552447,8138.0
豆油,Y,DCE,油脂,2023-08-23,8108.0,8176.0,8014.0,8134.0,819758,567026,8120.0
豆油,Y,DCE,油脂,2023-08-24,8122.0,8374.0,8112.0,8290.0,1126991,598574,8278.0
豆油,Y,DCE,油脂,2023-08-25,8280.0,8490.0,8268.0,8486.0,1033518,665697,8400.0
豆油,Y,DCE,油脂,2023-08-28,8510.0,8660.0,8366.0,8416.0,1289598,625162,8514.0
豆油,Y,DCE,油脂,2023-08-29,8422.0,8534.0,8346.0,8438.0,1030940,644116,8456.0
豆油,Y,DCE,油脂,2023-08-30,8438.0,8570.0,8412.0,8460.0,1077596,654422,8486.0
豆油,Y,DCE,油脂,2023-08-31,8510.0,8546.0,8460.0,8470.0,1034429,651606,8502.0
豆油,Y,DCE,油脂,2023-09-01,8500.0,8590.0,8408.0,8590.0,1016746,672998,8484.0
豆油,Y,DCE,油脂,2023-09-04,8590.0,8610.0,8360.0,8402.0,1000507,644998,8460.0
豆油,Y,DCE,油脂,2023-09-05,8400.0,8444.0,8320.0,8388.0,698158,639007,8392.0
豆油,Y,DCE,油脂,2023-09-06,8388.0,8500.0,8382.0,8410.0,942616,638024,8438.0
豆油,Y,DCE,油脂,2023-09-07,8422.0,8454.0,8272.0,8320.0,867164,623205,8364.0
豆油,Y,DCE,油脂,2023-09-08,8320.0,8338.0,8168.0,8252.0,929459,601689,8246.0
豆油,Y,DCE,油脂,2023-09-11,8266.0,8388.0,8210.0,8258.0,1016669,597615,8310.0
豆油,Y,DCE,油脂,2023-09-12,8200.0,8310.0,8198.0,8274.0,690592,598525,8268.0
豆油,Y,DCE,油脂,2023-09-13,8280.0,8360.0,8154.0,8160.0,1101621,607535,8252.0
豆油,Y,DCE,油脂,2023-09-14,8176.0,8298.0,8132.0,8290.0,800123,598262,8236.0
豆油,Y,DCE,油脂,2023-09-15,8312.0,8402.0,8284.0,8310.0,796213,596632,8328.0
豆油,Y,DCE,油脂,2023-09-18,8286.0,8288.0,8164.0,8216.0,893870,604599,8214.0
豆油,Y,DCE,油脂,2023-09-19,8198.0,8208.0,8050.0,8050.0,847897,631742,8118.0
豆油,Y,DCE,油脂,2023-09-20,8078.0,8134.0,8040.0,8090.0,678237,617723,8086.0
豆油,Y,DCE,油脂,2023-09-21,8084.0,8092.0,7840.0,7844.0,1026969,645377,7964.0
豆油,Y,DCE,油脂,2023-09-22,7856.0,7940.0,7844.0,7938.0,749399,610210,7890.0
豆油,Y,DCE,油脂,2023-09-25,7958.0,8006.0,7908.0,7962.0,747841,587859,7960.0
豆油,Y,DCE,油脂,2023-09-26,7984.0,8034.0,7912.0,7946.0,687056,570409,7968.0
豆油,Y,DCE,油脂,2023-09-27,7946.0,8056.0,7922.0,8052.0,650446,556838,7986.0
豆油,Y,DCE,油脂,2023-09-28,8074.0,8150.0,8052.0,8150.0,544785,520042,8098.0
豆油,Y,DCE,油脂,2023-10-09,8020.0,8060.0,7898.0,7932.0,520162,512035,7932.0
豆油,Y,DCE,油脂,2023-10-10,7906.0,7956.0,7708.0,7756.0,821333,544262,7802.0
豆油,Y,DCE,油脂,2023-10-11,7750.0,7842.0,7726.0,7790.0,655098,544011,7774.0
豆油,Y,DCE,油脂,2023-10-12,7760.0,7878.0,7740.0,7878.0,648116,546923,7806.0
豆油,Y,DCE,油脂,2023-10-13,7906.0,8036.0,7856.0,8022.0,635603,548557,7948.0
豆油,Y,DCE,油脂,2023-10-16,8060.0,8080.0,7988.0,8040.0,648372,544881,8042.0
豆油,Y,DCE,油脂,2023-10-17,8060.0,8098.0,8038.0,8068.0,559784,549397,8070.0
豆油,Y,DCE,油脂,2023-10-18,8068.0,8186.0,8050.0,8066.0,857439,543770,8120.0
豆油,Y,DCE,油脂,2023-10-19,8090.0,8126.0,8036.0,8088.0,631900,543698,8082.0
豆油,Y,DCE,油脂,2023-10-20,8066.0,8096.0,7930.0,7972.0,824124,536355,7998.0
豆油,Y,DCE,油脂,2023-10-23,7972.0,8006.0,7874.0,7892.0,654563,524351,7932.0
豆油,Y,DCE,油脂,2023-10-24,7888.0,7924.0,7754.0,7806.0,686254,530248,7834.0
豆油,Y,DCE,油脂,2023-10-25,7822.0,7854.0,7730.0,7756.0,630346,539223,7790.0
豆油,Y,DCE,油脂,2023-10-26,7766.0,7998.0,7758.0,7990.0,819425,525351,7874.0
豆油,Y,DCE,油脂,2023-10-27,7976.0,8010.0,7866.0,7974.0,835788,518507,7938.0
豆油,Y,DCE,油脂,2023-10-30,8004.0,8054.0,7984.0,8020.0,584395,520277,8018.0
豆油,Y,DCE,油脂,2023-10-31,8014.0,8036.0,7878.0,7926.0,635102,509584,7948.0
豆油,Y,DCE,油脂,2023-11-01,7948.0,8026.0,7902.0,7986.0,780815,509714,7966.0
豆油,Y,DCE,油脂,2023-11-02,7998.0,8146.0,7920.0,8124.0,959992,554539,8048.0
豆油,Y,DCE,油脂,2023-11-03,8120.0,8198.0,8104.0,8178.0,720059,569390,8156.0
豆油,Y,DCE,油脂,2023-11-06,8200.0,8228.0,8126.0,8208.0,858601,583202,8172.0
豆油,Y,DCE,油脂,2023-11-07,8220.0,8268.0,8144.0,8150.0,802477,560007,8206.0
豆油,Y,DCE,油脂,2023-11-08,8146.0,8268.0,8128.0,8240.0,977668,593588,8212.0
豆油,Y,DCE,油脂,2023-11-09,8218.0,8268.0,8128.0,8192.0,947179,576196,8208.0
豆油,Y,DCE,油脂,2023-11-10,8210.0,8242.0,8132.0,8232.0,1015404,563334,8198.0
豆油,Y,DCE,油脂,2023-11-13,8246.0,8290.0,8178.0,8240.0,846510,546284,8238.0
豆油,Y,DCE,油脂,2023-11-14,8210.0,8386.0,8180.0,8360.0,841683,581063,8294.0
豆油,Y,DCE,油脂,2023-11-15,8370.0,8494.0,8362.0,8474.0,761847,596444,8440.0
豆油,Y,DCE,油脂,2023-11-16,8474.0,8526.0,8412.0,8454.0,788616,595994,8470.0
豆油,Y,DCE,油脂,2023-11-17,8440.0,8454.0,8262.0,8310.0,833993,569992,8346.0
豆油,Y,DCE,油脂,2023-11-20,8326.0,8364.0,8262.0,8324.0,658140,543008,8314.0
豆油,Y,DCE,油脂,2023-11-21,8348.0,8426.0,8274.0,8280.0,807832,526455,8358.0
豆油,Y,DCE,油脂,2023-11-22,8280.0,8394.0,8236.0,8360.0,548920,523816,8328.0
豆油,Y,DCE,油脂,2023-11-23,8310.0,8322.0,8202.0,8230.0,557533,494739,8256.0
豆油,Y,DCE,油脂,2023-11-24,8230.0,8242.0,8146.0,8172.0,422665,470784,8190.0
豆油,Y,DCE,油脂,2023-11-27,8150.0,8212.0,8082.0,8208.0,512359,455246,8144.0
豆油,Y,DCE,油脂,2023-11-28,8208.0,8262.0,8178.0,8226.0,476103,428899,8224.0
豆油,Y,DCE,油脂,2023-11-29,8248.0,8306.0,8160.0,8172.0,500735,419567,8226.0
豆油,Y,DCE,油脂,2023-11-30,8200.0,8278.0,8184.0,8260.0,400812,409718,8236.0
豆油,Y,DCE,油脂,2023-12-01,8258.0,8276.0,8080.0,8106.0,559688,387898,8166.0
豆油,Y,DCE,油脂,2023-12-04,8118.0,8176.0,8058.0,8116.0,439501,366059,8118.0
豆油,Y,DCE,油脂,2023-12-05,8118.0,8138.0,8060.0,8084.0,449668,351639,8100.0
豆油,Y,DCE,油脂,2023-12-06,8078.0,8084.0,7930.0,7970.0,484918,319179,8008.0
豆油,Y,DCE,油脂,2023-12-07,7970.0,8012.0,7814.0,7936.0,487986,287235,7910.0
豆油,Y,DCE,油脂,2023-12-08,7936.0,8096.0,7924.0,8094.0,327529,252404,8022.0
豆油,Y,DCE,油脂,2023-12-11,8076.0,8116.0,8006.0,8082.0,294800,230623,8076.0
豆油,Y,DCE,油脂,2023-12-12,8062.0,8136.0,8052.0,8098.0,198217,208402,8086.0
豆油,Y,DCE,油脂,2023-12-13,7736.0,7738.0,7594.0,7610.0,417084,478818,7670.0
豆油,Y,DCE,油脂,2023-12-14,7616.0,7650.0,7570.0,7580.0,348356,503156,7610.0
豆油,Y,DCE,油脂,2023-12-15,7616.0,7670.0,7552.0,7572.0,397966,527267,7612.0
豆油,Y,DCE,油脂,2023-12-18,7570.0,7628.0,7512.0,7626.0,506376,531468,7564.0
豆油,Y,DCE,油脂,2023-12-19,7630.0,7658.0,7592.0,7612.0,395652,535792,7624.0
豆油,Y,DCE,油脂,2023-12-20,7592.0,7650.0,7592.0,7612.0,392955,541525,7624.0
豆油,Y,DCE,油脂,2023-12-21,7634.0,7688.0,7566.0,7644.0,563053,549870,7632.0
豆油,Y,DCE,油脂,2023-12-22,7616.0,7626.0,7468.0,7576.0,628552,567129,7546.0
豆油,Y,DCE,油脂,2023-12-25,7576.0,7618.0,7462.0,7592.0,597280,574788,7552.0
豆油,Y,DCE,油脂,2023-12-26,7600.0,7644.0,7590.0,7616.0,377720,580756,7616.0
豆油,Y,DCE,油脂,2023-12-27,7616.0,7720.0,7612.0,7714.0,500654,599788,7674.0
豆油,Y,DCE,油脂,2023-12-28,7676.0,7708.0,7630.0,7656.0,441947,589704,7668.0
豆油,Y,DCE,油脂,2023-12-29,7646.0,7666.0,7520.0,7522.0,555930,597840,7584.0
豆油,Y,DCE,油脂,2024-01-02,7522.0,7558.0,7440.0,7468.0,362541,620865,7488.0
豆油,Y,DCE,油脂,2024-01-03,7450.0,7468.0,7328.0,7372.0,479823,654572,7400.0
豆油,Y,DCE,油脂,2024-01-04,7386.0,7426.0,7346.0,7392.0,345931,652414,7384.0
豆油,Y,DCE,油脂,2024-01-05,7396.0,7424.0,7340.0,7392.0,418609,643439,7392.0
豆油,Y,DCE,油脂,2024-01-08,7390.0,7448.0,7340.0,7370.0,484575,633111,7394.0
豆油,Y,DCE,油脂,2024-01-09,7350.0,7452.0,7286.0,7420.0,598722,612987,7378.0
豆油,Y,DCE,油脂,2024-01-10,7458.0,7578.0,7432.0,7548.0,592485,585302,7498.0
豆油,Y,DCE,油脂,2024-01-11,7532.0,7566.0,7486.0,7536.0,427284,575492,7530.0
豆油,Y,DCE,油脂,2024-01-12,7526.0,7538.0,7462.0,7508.0,501146,585982,7494.0
豆油,Y,DCE,油脂,2024-01-15,7538.0,7544.0,7416.0,7494.0,461631,578709,7480.0
豆油,Y,DCE,油脂,2024-01-16,7480.0,7526.0,7444.0,7516.0,427043,583864,7488.0
豆油,Y,DCE,油脂,2024-01-17,7520.0,7574.0,7402.0,7410.0,535918,594916,7490.0
豆油,Y,DCE,油脂,2024-01-18,7394.0,7516.0,7378.0,7484.0,562898,574915,7448.0
豆油,Y,DCE,油脂,2024-01-19,7498.0,7624.0,7454.0,7612.0,580181,580024,7540.0
豆油,Y,DCE,油脂,2024-01-22,7618.0,7662.0,7560.0,7576.0,462140,569080,7610.0
豆油,Y,DCE,油脂,2024-01-23,7560.0,7646.0,7532.0,7608.0,496879,539623,7596.0
豆油,Y,DCE,油脂,2024-01-24,7570.0,7684.0,7564.0,7674.0,411516,531678,7644.0
豆油,Y,DCE,油脂,2024-01-25,7668.0,7694.0,7628.0,7652.0,356713,534902,7658.0
豆油,Y,DCE,油脂,2024-01-26,7650.0,7654.0,7530.0,7588.0,548277,545310,7588.0
豆油,Y,DCE,油脂,2024-01-29,7564.0,7578.0,7394.0,7400.0,583116,569635,7486.0
豆油,Y,DCE,油脂,2024-01-30,7400.0,7418.0,7200.0,7204.0,677567,621077,7306.0
豆油,Y,DCE,油脂,2024-01-31,7200.0,7302.0,7182.0,7212.0,576269,603114,7232.0
豆油,Y,DCE,油脂,2024-02-01,7200.0,7256.0,7180.0,7214.0,489845,595877,7212.0
豆油,Y,DCE,油脂,2024-02-02,7212.0,7230.0,7104.0,7144.0,530846,606531,7178.0
豆油,Y,DCE,油脂,2024-02-05,7174.0,7174.0,7096.0,7124.0,449190,609034,7130.0
豆油,Y,DCE,油脂,2024-02-06,7124.0,7162.0,7100.0,7132.0,373221,620472,7128.0
豆油,Y,DCE,油脂,2024-02-07,7150.0,7172.0,7044.0,7112.0,431342,608647,7114.0
豆油,Y,DCE,油脂,2024-02-08,7104.0,7200.0,7060.0,7182.0,335031,568676,7132.0
豆油,Y,DCE,油脂,2024-02-19,7162.0,7270.0,7094.0,7254.0,344486,560568,7194.0
豆油,Y,DCE,油脂,2024-02-20,7276.0,7348.0,7258.0,7264.0,419448,538569,7300.0
豆油,Y,DCE,油脂,2024-02-21,7266.0,7324.0,7246.0,7284.0,423880,563783,7286.0
豆油,Y,DCE,油脂,2024-02-22,7250.0,7314.0,7234.0,7304.0,395239,570869,7278.0
豆油,Y,DCE,油脂,2024-02-23,7284.0,7292.0,7220.0,7262.0,402968,572646,7254.0
豆油,Y,DCE,油脂,2024-02-26,7252.0,7266.0,7172.0,7198.0,426584,596554,7226.0
豆油,Y,DCE,油脂,2024-02-27,7182.0,7298.0,7182.0,7294.0,359007,579958,7252.0
豆油,Y,DCE,油脂,2024-02-28,7302.0,7344.0,7278.0,7288.0,393060,577128,7310.0
豆油,Y,DCE,油脂,2024-02-29,7266.0,7360.0,7262.0,7358.0,360917,576298,7322.0
豆油,Y,DCE,油脂,2024-03-01,7342.0,7444.0,7330.0,7438.0,405919,575196,7390.0
豆油,Y,DCE,油脂,2024-03-04,7438.0,7440.0,7376.0,7418.0,376406,571853,7406.0
豆油,Y,DCE,油脂,2024-03-05,7398.0,7440.0,7378.0,7424.0,372292,574379,7408.0
豆油,Y,DCE,油脂,2024-03-06,7420.0,7536.0,7408.0,7508.0,426988,570055,7474.0
豆油,Y,DCE,油脂,2024-03-07,7522.0,7550.0,7470.0,7508.0,379187,579577,7502.0
豆油,Y,DCE,油脂,2024-03-08,7548.0,7658.0,7506.0,7646.0,500654,585491,7584.0
豆油,Y,DCE,油脂,2024-03-11,7606.0,7650.0,7586.0,7614.0,390687,580930,7612.0
豆油,Y,DCE,油脂,2024-03-12,7624.0,7700.0,7620.0,7682.0,392829,589570,7658.0
豆油,Y,DCE,油脂,2024-03-13,7664.0,7710.0,7632.0,7704.0,394667,582628,7672.0
豆油,Y,DCE,油脂,2024-03-14,7720.0,7858.0,7680.0,7770.0,624273,597928,7770.0
豆油,Y,DCE,油脂,2024-03-15,7748.0,7872.0,7748.0,7818.0,536331,606690,7806.0
豆油,Y,DCE,油脂,2024-03-18,7792.0,7952.0,7780.0,7844.0,602546,614635,7860.0
豆油,Y,DCE,油脂,2024-03-19,7860.0,7898.0,7772.0,7820.0,520504,601089,7834.0
豆油,Y,DCE,油脂,2024-03-20,7760.0,7912.0,7756.0,7890.0,433928,602414,7822.0
豆油,Y,DCE,油脂,2024-03-21,7898.0,8030.0,7884.0,7928.0,565991,604370,7950.0
豆油,Y,DCE,油脂,2024-03-22,7908.0,7958.0,7846.0,7866.0,471362,607825,7904.0
豆油,Y,DCE,油脂,2024-03-25,7878.0,7886.0,7758.0,7838.0,508934,592056,7826.0
豆油,Y,DCE,油脂,2024-03-26,7850.0,7938.0,7776.0,7784.0,532651,568077,7852.0
豆油,Y,DCE,油脂,2024-03-27,7786.0,7800.0,7662.0,7684.0,535445,520524,7728.0
豆油,Y,DCE,油脂,2024-03-28,7684.0,7712.0,7624.0,7678.0,415602,495895,7666.0
豆油,Y,DCE,油脂,2024-03-29,7702.0,7792.0,7630.0,7790.0,481082,463681,7710.0
豆油,Y,DCE,油脂,2024-04-01,7780.0,7836.0,7698.0,7832.0,385973,430041,7778.0
豆油,Y,DCE,油脂,2024-04-02,7830.0,7854.0,7794.0,7818.0,307389,388779,7822.0
豆油,Y,DCE,油脂,2024-04-03,7872.0,7930.0,7836.0,7908.0,405855,320907,7884.0
豆油,Y,DCE,油脂,2024-04-08,7814.0,7838.0,7690.0,7698.0,427315,656750,7762.0
豆油,Y,DCE,油脂,2024-04-09,7726.0,7758.0,7654.0,7720.0,472097,686509,7710.0
豆油,Y,DCE,油脂,2024-04-10,7716.0,7742.0,7654.0,7724.0,448343,698281,7694.0
豆油,Y,DCE,油脂,2024-04-11,7742.0,7742.0,7672.0,7722.0,426946,715622,7710.0
豆油,Y,DCE,油脂,2024-04-12,7702.0,7716.0,7560.0,7646.0,705913,719210,7626.0
豆油,Y,DCE,油脂,2024-04-15,7660.0,7816.0,7630.0,7644.0,760834,707156,7704.0
豆油,Y,DCE,油脂,2024-04-16,7650.0,7658.0,7560.0,7570.0,517668,705605,7598.0
豆油,Y,DCE,油脂,2024-04-17,7548.0,7578.0,7440.0,7486.0,589343,707476,7514.0
豆油,Y,DCE,油脂,2024-04-18,7502.0,7522.0,7444.0,7508.0,466447,711001,7486.0
豆油,Y,DCE,油脂,2024-04-19,7476.0,7524.0,7394.0,7440.0,624562,712075,7466.0
豆油,Y,DCE,油脂,2024-04-22,7402.0,7504.0,7402.0,7488.0,467877,721504,7462.0
豆油,Y,DCE,油脂,2024-04-23,7520.0,7684.0,7480.0,7618.0,728986,702962,7600.0
豆油,Y,DCE,油脂,2024-04-24,7600.0,7694.0,7586.0,7668.0,494201,703797,7654.0
豆油,Y,DCE,油脂,2024-04-25,7634.0,7696.0,7530.0,7558.0,614355,699747,7620.0
豆油,Y,DCE,油脂,2024-04-26,7544.0,7630.0,7514.0,7618.0,427604,706643,7578.0
豆油,Y,DCE,油脂,2024-04-29,7614.0,7692.0,7592.0,7650.0,504944,710308,7638.0
豆油,Y,DCE,油脂,2024-04-30,7662.0,7732.0,7566.0,7628.0,524891,689462,7638.0
豆油,Y,DCE,油脂,2024-05-06,7650.0,7730.0,7648.0,7696.0,376696,713794,7694.0
豆油,Y,DCE,油脂,2024-05-07,7700.0,7842.0,7700.0,7810.0,539635,750254,7790.0
豆油,Y,DCE,油脂,2024-05-08,7794.0,7852.0,7760.0,7780.0,470097,768305,7804.0
豆油,Y,DCE,油脂,2024-05-09,7746.0,7768.0,7682.0,7698.0,454369,759045,7728.0
豆油,Y,DCE,油脂,2024-05-10,7684.0,7714.0,7542.0,7570.0,557160,772377,7610.0
豆油,Y,DCE,油脂,2024-05-13,7570.0,7746.0,7562.0,7736.0,475517,750656,7662.0
豆油,Y,DCE,油脂,2024-05-14,7748.0,7808.0,7720.0,7756.0,573103,768473,7768.0
豆油,Y,DCE,油脂,2024-05-15,7658.0,7820.0,7602.0,7810.0,739339,771858,7706.0
豆油,Y,DCE,油脂,2024-05-16,7792.0,7838.0,7754.0,7788.0,624391,768788,7804.0
豆油,Y,DCE,油脂,2024-05-17,7810.0,7972.0,7792.0,7966.0,661487,794507,7868.0
豆油,Y,DCE,油脂,2024-05-20,7966.0,8028.0,7944.0,7986.0,580955,802100,7980.0
豆油,Y,DCE,油脂,2024-05-21,7990.0,8096.0,7936.0,8010.0,698116,793195,8020.0
豆油,Y,DCE,油脂,2024-05-22,8000.0,8062.0,7960.0,8042.0,517936,783287,8014.0
豆油,Y,DCE,油脂,2024-05-23,8024.0,8098.0,7942.0,8008.0,683914,772471,8026.0
豆油,Y,DCE,油脂,2024-05-24,8066.0,8110.0,7956.0,7978.0,664161,777668,8026.0
豆油,Y,DCE,油脂,2024-05-27,7978.0,8034.0,7916.0,7944.0,525695,777075,7974.0
豆油,Y,DCE,油脂,2024-05-28,7948.0,8142.0,7944.0,8106.0,715026,824079,8072.0
豆油,Y,DCE,油脂,2024-05-29,8120.0,8156.0,8050.0,8154.0,668372,805081,8114.0
豆油,Y,DCE,油脂,2024-05-30,8150.0,8188.0,8024.0,8030.0,625071,783786,8114.0
豆油,Y,DCE,油脂,2024-05-31,8012.0,8158.0,8012.0,8140.0,509597,786507,8090.0
豆油,Y,DCE,油脂,2024-06-03,8154.0,8168.0,7876.0,7902.0,709005,752510,7990.0
豆油,Y,DCE,油脂,2024-06-04,7928.0,7930.0,7832.0,7864.0,533473,731453,7870.0
豆油,Y,DCE,油脂,2024-06-05,7838.0,7874.0,7810.0,7826.0,423069,731227,7840.0
豆油,Y,DCE,油脂,2024-06-06,7838.0,7938.0,7812.0,7936.0,452865,714583,7864.0
豆油,Y,DCE,油脂,2024-06-07,7956.0,8034.0,7948.0,8008.0,509695,704999,7994.0
豆油,Y,DCE,油脂,2024-06-11,7978.0,8028.0,7856.0,7858.0,420663,691249,7940.0
豆油,Y,DCE,油脂,2024-06-12,7872.0,7968.0,7846.0,7942.0,416447,691438,7906.0
豆油,Y,DCE,油脂,2024-06-13,7954.0,7990.0,7866.0,7912.0,528184,692769,7928.0
豆油,Y,DCE,油脂,2024-06-14,7912.0,7960.0,7828.0,7884.0,518486,686940,7880.0
豆油,Y,DCE,油脂,2024-06-17,7892.0,7910.0,7728.0,7764.0,552714,676899,7814.0
豆油,Y,DCE,油脂,2024-06-18,7778.0,7880.0,7758.0,7840.0,416965,663055,7830.0
豆油,Y,DCE,油脂,2024-06-19,7840.0,7940.0,7814.0,7916.0,468254,663070,7886.0
豆油,Y,DCE,油脂,2024-06-20,7914.0,7942.0,7866.0,7890.0,402379,667207,7904.0
豆油,Y,DCE,油脂,2024-06-21,7890.0,7930.0,7808.0,7826.0,502026,668484,7858.0
豆油,Y,DCE,油脂,2024-06-24,7828.0,7884.0,7782.0,7832.0,544550,664536,7838.0
豆油,Y,DCE,油脂,2024-06-25,7810.0,7818.0,7720.0,7748.0,580143,674995,7760.0
豆油,Y,DCE,油脂,2024-06-26,7754.0,7810.0,7674.0,7800.0,489261,656454,7746.0
豆油,Y,DCE,油脂,2024-06-27,7800.0,7842.0,7758.0,7770.0,403926,642523,7792.0
豆油,Y,DCE,油脂,2024-06-28,7818.0,7850.0,7780.0,7834.0,419479,646914,7824.0
豆油,Y,DCE,油脂,2024-07-01,7818.0,7918.0,7810.0,7882.0,478804,651503,7874.0
豆油,Y,DCE,油脂,2024-07-02,7874.0,8046.0,7846.0,8040.0,575461,655964,7948.0
豆油,Y,DCE,油脂,2024-07-03,8074.0,8090.0,7990.0,8020.0,411037,652363,8034.0
豆油,Y,DCE,油脂,2024-07-04,8060.0,8080.0,7962.0,7994.0,440615,649533,8030.0
豆油,Y,DCE,油脂,2024-07-05,7976.0,8034.0,7938.0,7952.0,354105,633973,7986.0
豆油,Y,DCE,油脂,2024-07-08,7966.0,8002.0,7870.0,7892.0,435629,623750,7932.0
豆油,Y,DCE,油脂,2024-07-09,7872.0,7888.0,7750.0,7776.0,465826,626369,7816.0
豆油,Y,DCE,油脂,2024-07-10,7750.0,7762.0,7560.0,7572.0,595722,645736,7638.0
豆油,Y,DCE,油脂,2024-07-11,7606.0,7628.0,7570.0,7582.0,364432,632615,7598.0
豆油,Y,DCE,油脂,2024-07-12,7620.0,7710.0,7594.0,7638.0,440646,609768,7652.0
豆油,Y,DCE,油脂,2024-07-15,7628.0,7660.0,7538.0,7592.0,408867,594287,7608.0
豆油,Y,DCE,油脂,2024-07-16,7570.0,7652.0,7534.0,7612.0,363392,591292,7594.0
豆油,Y,DCE,油脂,2024-07-17,7590.0,7682.0,7584.0,7630.0,389827,586307,7634.0
豆油,Y,DCE,油脂,2024-07-18,7642.0,7708.0,7556.0,7692.0,435140,578877,7624.0
豆油,Y,DCE,油脂,2024-07-19,7688.0,7722.0,7644.0,7688.0,404753,556730,7686.0
豆油,Y,DCE,油脂,2024-07-22,7728.0,7800.0,7658.0,7776.0,475967,537517,7736.0
豆油,Y,DCE,油脂,2024-07-23,7778.0,7866.0,7772.0,7804.0,406616,520462,7818.0
豆油,Y,DCE,油脂,2024-07-24,7820.0,7856.0,7690.0,7710.0,510000,519602,7788.0
豆油,Y,DCE,油脂,2024-07-25,7732.0,7762.0,7662.0,7700.0,399298,504179,7710.0
豆油,Y,DCE,油脂,2024-07-26,7702.0,7830.0,7702.0,7794.0,382114,492187,7772.0
豆油,Y,DCE,油脂,2024-07-29,7758.0,7778.0,7552.0,7688.0,573227,481163,7662.0
豆油,Y,DCE,油脂,2024-07-30,7610.0,7684.0,7576.0,7616.0,510721,463667,7622.0
豆油,Y,DCE,油脂,2024-07-31,7586.0,7668.0,7546.0,7636.0,435575,464297,7614.0
豆油,Y,DCE,油脂,2024-08-01,7640.0,7680.0,7530.0,7560.0,424518,469357,7606.0
豆油,Y,DCE,油脂,2024-08-02,7554.0,7696.0,7520.0,7668.0,516733,436170,7608.0
豆油,Y,DCE,油脂,2024-08-05,7630.0,7650.0,7530.0,7578.0,430352,417610,7592.0
豆油,Y,DCE,油脂,2024-08-06,7482.0,7600.0,7398.0,7408.0,525545,425485,7486.0
豆油,Y,DCE,油脂,2024-08-07,7362.0,7434.0,7354.0,7406.0,347207,404335,7400.0
豆油,Y,DCE,油脂,2024-08-08,7444.0,7540.0,7442.0,7458.0,400251,346124,7480.0
豆油,Y,DCE,油脂,2024-08-09,7458.0,7534.0,7458.0,7504.0,285575,324618,7502.0
豆油,Y,DCE,油脂,2024-08-12,7526.0,7546.0,7456.0,7480.0,228883,297912,7494.0
豆油,Y,DCE,油脂,2024-08-13,7496.0,7526.0,7312.0,7348.0,482941,524905,7430.0
豆油,Y,DCE,油脂,2024-08-14,7366.0,7366.0,7222.0,7306.0,510728,550001,7286.0
豆油,Y,DCE,油脂,2024-08-15,7314.0,7378.0,7314.0,7364.0,388984,561992,7344.0
豆油,Y,DCE,油脂,2024-08-16,7336.0,7424.0,7328.0,7328.0,392335,572381,7376.0
豆油,Y,DCE,油脂,2024-08-19,7294.0,7400.0,7272.0,7368.0,473577,579550,7342.0
豆油,Y,DCE,油脂,2024-08-20,7358.0,7412.0,7334.0,7408.0,332646,591998,7378.0
豆油,Y,DCE,油脂,2024-08-21,7396.0,7456.0,7384.0,7436.0,444948,599727,7416.0
豆油,Y,DCE,油脂,2024-08-22,7460.0,7492.0,7366.0,7424.0,559515,613869,7442.0
豆油,Y,DCE,油脂,2024-08-23,7456.0,7474.0,7398.0,7426.0,377808,620923,7440.0
豆油,Y,DCE,油脂,2024-08-26,7468.0,7566.0,7434.0,7566.0,649448,631256,7500.0
豆油,Y,DCE,油脂,2024-08-27,7564.0,7668.0,7540.0,7632.0,534636,628667,7608.0
豆油,Y,DCE,油脂,2024-08-28,7632.0,7678.0,7610.0,7652.0,443576,640783,7648.0
豆油,Y,DCE,油脂,2024-08-29,7620.0,7688.0,7604.0,7658.0,450894,642736,7652.0
豆油,Y,DCE,油脂,2024-08-30,7688.0,7808.0,7666.0,7784.0,485292,666501,7748.0
豆油,Y,DCE,油脂,2024-09-02,7802.0,7816.0,7650.0,7652.0,525410,657428,7718.0
豆油,Y,DCE,油脂,2024-09-03,7652.0,7878.0,7638.0,7798.0,822694,630620,7752.0
豆油,Y,DCE,油脂,2024-09-04,7780.0,7794.0,7656.0,7682.0,588300,609283,7730.0
豆油,Y,DCE,油脂,2024-09-05,7710.0,7758.0,7652.0,7662.0,502773,612018,7702.0
豆油,Y,DCE,油脂,2024-09-06,7684.0,7780.0,7660.0,7704.0,488583,611055,7714.0
豆油,Y,DCE,油脂,2024-09-09,7726.0,7732.0,7588.0,7706.0,595991,608394,7656.0
豆油,Y,DCE,油脂,2024-09-10,7700.0,7762.0,7660.0,7670.0,422886,605779,7700.0
豆油,Y,DCE,油脂,2024-09-11,7690.0,7716.0,7604.0,7708.0,479375,605855,7654.0
豆油,Y,DCE,油脂,2024-09-12,7700.0,7704.0,7568.0,7660.0,589773,596022,7638.0
豆油,Y,DCE,油脂,2024-09-13,7670.0,7792.0,7618.0,7638.0,642364,596488,7692.0
豆油,Y,DCE,油脂,2024-09-18,7684.0,7824.0,7674.0,7802.0,486881,633737,7772.0
豆油,Y,DCE,油脂,2024-09-19,7802.0,7892.0,7782.0,7866.0,569707,642782,7838.0
豆油,Y,DCE,油脂,2024-09-20,7854.0,7922.0,7814.0,7902.0,463361,643137,7872.0
豆油,Y,DCE,油脂,2024-09-23,7878.0,7938.0,7836.0,7890.0,459640,652119,7892.0
豆油,Y,DCE,油脂,2024-09-24,7908.0,8016.0,7900.0,7976.0,514050,654183,7970.0
豆油,Y,DCE,油脂,2024-09-25,8020.0,8112.0,8002.0,8018.0,524307,656187,0.0
豆油,Y,DCE,油脂,2024-09-26,8000.0,8204.0,7988.0,8148.0,694417,659155,8124.0
豆油,Y,DCE,油脂,2024-09-27,8212.0,8248.0,8068.0,8142.0,539722,641200,8150.0
豆油,Y,DCE,油脂,2024-09-30,8086.0,8194.0,8070.0,8148.0,450264,621008,8114.0
豆油,Y,DCE,油脂,2024-10-08,8400.0,8438.0,8170.0,8180.0,430942,635866,8292.0
豆油,Y,DCE,油脂,2024-10-09,8196.0,8260.0,8118.0,8168.0,449719,647762,8198.0
豆油,Y,DCE,油脂,2024-10-10,8138.0,8286.0,8082.0,8214.0,506664,654058,8202.0
豆油,Y,DCE,油脂,2024-10-11,8218.0,8332.0,8216.0,8266.0,443722,666539,8274.0
豆油,Y,DCE,油脂,2024-10-14,8278.0,8354.0,8194.0,8222.0,614334,677628,8270.0
豆油,Y,DCE,油脂,2024-10-15,8208.0,8244.0,8110.0,8144.0,463895,672910,8178.0
豆油,Y,DCE,油脂,2024-10-16,8150.0,8304.0,8150.0,8272.0,434923,691164,8248.0
豆油,Y,DCE,油脂,2024-10-17,8296.0,8340.0,8196.0,8206.0,481693,699224,8282.0
豆油,Y,DCE,油脂,2024-10-18,8224.0,8388.0,8186.0,8244.0,626389,696365,8282.0
豆油,Y,DCE,油脂,2024-10-21,8212.0,8250.0,8146.0,8206.0,504013,690182,8206.0
豆油,Y,DCE,油脂,2024-10-22,8226.0,8298.0,8220.0,8290.0,405571,699120,8262.0
豆油,Y,DCE,油脂,2024-10-23,8330.0,8474.0,8312.0,8466.0,550123,732739,8404.0
豆油,Y,DCE,油脂,2024-10-24,8430.0,8466.0,8356.0,8464.0,466468,722683,8428.0
豆油,Y,DCE,油脂,2024-10-25,8504.0,8606.0,8496.0,8518.0,641793,710129,8558.0
豆油,Y,DCE,油脂,2024-10-28,8538.0,8610.0,8332.0,8428.0,640550,679585,8464.0
豆油,Y,DCE,油脂,2024-10-29,8340.0,8412.0,8340.0,8378.0,437360,669316,8380.0
豆油,Y,DCE,油脂,2024-10-30,8456.0,8480.0,8348.0,8422.0,415122,657780,8408.0
豆油,Y,DCE,油脂,2024-10-31,8476.0,8478.0,8390.0,8460.0,366120,654223,8440.0
豆油,Y,DCE,油脂,2024-11-01,8512.0,8618.0,8462.0,8588.0,536901,664778,8548.0
豆油,Y,DCE,油脂,2024-11-04,8612.0,8746.0,8594.0,8670.0,610287,662107,8676.0
豆油,Y,DCE,油脂,2024-11-05,8670.0,8686.0,8596.0,8612.0,409743,649539,8640.0
豆油,Y,DCE,油脂,2024-11-06,8644.0,8716.0,8612.0,8684.0,517462,667632,8662.0
豆油,Y,DCE,油脂,2024-11-07,8684.0,8914.0,8664.0,8816.0,709467,680615,8796.0
豆油,Y,DCE,油脂,2024-11-08,8816.0,9024.0,8770.0,8840.0,694438,673910,8880.0
豆油,Y,DCE,油脂,2024-11-11,8880.0,8954.0,8796.0,8838.0,660112,631621,8876.0
豆油,Y,DCE,油脂,2024-11-12,8850.0,8860.0,8624.0,8636.0,619508,571737,8744.0
豆油,Y,DCE,油脂,2024-11-13,8602.0,8626.0,8286.0,8292.0,709452,534052,8456.0
豆油,Y,DCE,油脂,2024-11-14,8340.0,8354.0,8244.0,8320.0,550973,522405,8312.0
豆油,Y,DCE,油脂,2024-11-15,8350.0,8356.0,8226.0,8274.0,437237,500942,8286.0
豆油,Y,DCE,油脂,2024-11-18,8352.0,8366.0,8118.0,8120.0,591702,486277,8228.0
豆油,Y,DCE,油脂,2024-11-19,8126.0,8306.0,8070.0,8266.0,587247,468058,8188.0
豆油,Y,DCE,油脂,2024-11-20,8238.0,8276.0,8166.0,8240.0,423477,457091,8228.0
豆油,Y,DCE,油脂,2024-11-21,8200.0,8208.0,8086.0,8112.0,515412,446176,8142.0
豆油,Y,DCE,油脂,2024-11-22,8188.0,8190.0,7988.0,8018.0,482244,423259,8060.0
豆油,Y,DCE,油脂,2024-11-25,8000.0,8106.0,7972.0,8058.0,392132,407083,8044.0
豆油,Y,DCE,油脂,2024-11-26,8050.0,8128.0,7986.0,8040.0,439816,396307,8058.0
豆油,Y,DCE,油脂,2024-11-27,8062.0,8124.0,8032.0,8110.0,303744,389430,8070.0
豆油,Y,DCE,油脂,2024-11-28,8082.0,8126.0,8020.0,8078.0,304817,382653,8076.0
豆油,Y,DCE,油脂,2024-11-29,8126.0,8270.0,8098.0,8196.0,374650,370170,8180.0
豆油,Y,DCE,油脂,2024-12-02,8196.0,8268.0,8088.0,8100.0,378969,345027,8172.0
豆油,Y,DCE,油脂,2024-12-03,8068.0,8116.0,8002.0,8058.0,310447,327180,8058.0
豆油,Y,DCE,油脂,2024-12-04,7934.0,7992.0,7888.0,7900.0,507697,553367,7938.0
豆油,Y,DCE,油脂,2024-12-05,7862.0,7940.0,7762.0,7914.0,579037,568242,7868.0
豆油,Y,DCE,油脂,2024-12-06,7914.0,7932.0,7832.0,7896.0,482423,568337,7890.0
豆油,Y,DCE,油脂,2024-12-09,7912.0,7938.0,7816.0,7834.0,460161,589567,7870.0
豆油,Y,DCE,油脂,2024-12-10,7856.0,7994.0,7852.0,7872.0,618411,593406,7912.0
豆油,Y,DCE,油脂,2024-12-11,7876.0,8050.0,7848.0,8048.0,529499,623070,7962.0
豆油,Y,DCE,油脂,2024-12-12,8026.0,8072.0,7952.0,7954.0,502187,628723,8006.0
豆油,Y,DCE,油脂,2024-12-13,7974.0,7992.0,7886.0,7910.0,406201,631900,7934.0
豆油,Y,DCE,油脂,2024-12-16,7934.0,7954.0,7862.0,7928.0,494897,629279,7912.0
豆油,Y,DCE,油脂,2024-12-17,7888.0,7940.0,7834.0,7894.0,468915,632103,7886.0
豆油,Y,DCE,油脂,2024-12-18,7872.0,7882.0,7570.0,7590.0,730716,681379,7706.0
豆油,Y,DCE,油脂,2024-12-19,7558.0,7584.0,7414.0,7438.0,681077,682211,7496.0
豆油,Y,DCE,油脂,2024-12-20,7488.0,7574.0,7434.0,7570.0,582343,671167,7496.0
豆油,Y,DCE,油脂,2024-12-23,7562.0,7590.0,7514.0,7578.0,467702,675030,7554.0
豆油,Y,DCE,油脂,2024-12-24,7612.0,7648.0,7572.0,7634.0,360685,674200,7610.0
豆油,Y,DCE,油脂,2024-12-25,7644.0,7712.0,7634.0,7672.0,437771,682701,7678.0
豆油,Y,DCE,油脂,2024-12-26,7640.0,7692.0,7616.0,7682.0,327307,683910,7656.0
豆油,Y,DCE,油脂,2024-12-27,7682.0,7772.0,7656.0,7716.0,396813,677609,7714.0
豆油,Y,DCE,油脂,2024-12-30,7730.0,7750.0,7658.0,7700.0,377586,685903,7700.0
豆油,Y,DCE,油脂,2024-12-31,7702.0,7760.0,7670.0,7712.0,460515,667652,7714.0
豆油,Y,DCE,油脂,2025-01-02,7734.0,7894.0,7712.0,7724.0,566122,649476,7812.0
豆油,Y,DCE,油脂,2025-01-03,7730.0,7758.0,7590.0,7612.0,537549,656822,7670.0
豆油,Y,DCE,油脂,2025-01-06,7600.0,7658.0,7552.0,7560.0,444319,667454,7590.0
豆油,Y,DCE,油脂,2025-01-07,7602.0,7632.0,7524.0,7596.0,472949,668424,7580.0
豆油,Y,DCE,油脂,2025-01-08,7582.0,7602.0,7520.0,7552.0,463855,665638,7562.0
豆油,Y,DCE,油脂,2025-01-09,7574.0,7582.0,7456.0,7474.0,450371,667531,7514.0
豆油,Y,DCE,油脂,2025-01-10,7484.0,7584.0,7470.0,7580.0,410647,637396,7532.0
豆油,Y,DCE,油脂,2025-01-13,7584.0,7790.0,7576.0,7744.0,536489,630142,7698.0
豆油,Y,DCE,油脂,2025-01-14,7726.0,7822.0,7710.0,7790.0,438339,617493,7772.0
豆油,Y,DCE,油脂,2025-01-15,7800.0,7818.0,7728.0,7738.0,352360,609750,7776.0
豆油,Y,DCE,油脂,2025-01-16,7742.0,7820.0,7566.0,7606.0,607995,614947,7708.0
豆油,Y,DCE,油脂,2025-01-17,7580.0,7632.0,7494.0,7618.0,516670,617001,7560.0
豆油,Y,DCE,油脂,2025-01-20,7602.0,7724.0,7562.0,7710.0,444910,597950,7652.0
豆油,Y,DCE,油脂,2025-01-21,7710.0,7808.0,7642.0,7784.0,436463,598471,7724.0
豆油,Y,DCE,油脂,2025-01-22,7772.0,7800.0,7706.0,7726.0,372463,604229,7752.0
豆油,Y,DCE,油脂,2025-01-23,7726.0,7766.0,7610.0,7626.0,386177,595760,7680.0
豆油,Y,DCE,油脂,2025-01-24,7642.0,7676.0,7590.0,7616.0,268465,588271,7628.0
豆油,Y,DCE,油脂,2025-01-27,7628.0,7758.0,7598.0,7752.0,298598,569726,7668.0
豆油,Y,DCE,油脂,2025-02-05,7850.0,7904.0,7798.0,7896.0,315795,597055,7864.0
豆油,Y,DCE,油脂,2025-02-06,7862.0,8032.0,7852.0,8022.0,445782,654510,7942.0
豆油,Y,DCE,油脂,2025-02-07,8050.0,8208.0,8026.0,8200.0,490679,724077,8102.0
豆油,Y,DCE,油脂,2025-02-10,8188.0,8194.0,8088.0,8114.0,526723,714457,8154.0
豆油,Y,DCE,油脂,2025-02-11,8142.0,8172.0,8068.0,8098.0,452762,723723,8110.0
豆油,Y,DCE,油脂,2025-02-12,8116.0,8142.0,8048.0,8062.0,482972,714816,8094.0
豆油,Y,DCE,油脂,2025-02-13,8008.0,8064.0,7874.0,7914.0,513073,678192,7954.0
豆油,Y,DCE,油脂,2025-02-14,7880.0,7984.0,7864.0,7964.0,435468,663269,7928.0
豆油,Y,DCE,油脂,2025-02-17,7966.0,7978.0,7816.0,7854.0,401886,658329,7886.0
豆油,Y,DCE,油脂,2025-02-18,7842.0,7892.0,7824.0,7866.0,330911,642822,7860.0
豆油,Y,DCE,油脂,2025-02-19,7880.0,7966.0,7880.0,7926.0,399299,649381,7912.0
豆油,Y,DCE,油脂,2025-02-20,7944.0,7984.0,7886.0,7948.0,451482,645112,7938.0
豆油,Y,DCE,油脂,2025-02-21,7966.0,8022.0,7914.0,7932.0,472100,645733,7954.0
豆油,Y,DCE,油脂,2025-02-24,7926.0,7972.0,7860.0,7966.0,526438,638420,7922.0
豆油,Y,DCE,油脂,2025-02-25,7942.0,7994.0,7886.0,7920.0,548583,627635,7950.0
豆油,Y,DCE,油脂,2025-02-26,7900.0,7906.0,7832.0,7890.0,423346,617256,7872.0
豆油,Y,DCE,油脂,2025-02-27,7888.0,7954.0,7842.0,7944.0,515399,621312,7904.0
豆油,Y,DCE,油脂,2025-02-28,7966.0,7996.0,7940.0,7988.0,413098,626038,7964.0
豆油,Y,DCE,油脂,2025-03-03,7986.0,8042.0,7894.0,7984.0,659530,627701,7972.0
豆油,Y,DCE,油脂,2025-03-04,7994.0,8028.0,7852.0,7900.0,678284,603490,7934.0
豆油,Y,DCE,油脂,2025-03-05,7900.0,7906.0,7770.0,7814.0,560401,592933,7844.0
豆油,Y,DCE,油脂,2025-03-06,7826.0,7932.0,7774.0,7916.0,579109,583090,7864.0
豆油,Y,DCE,油脂,2025-03-07,7920.0,7988.0,7886.0,7980.0,418466,603586,7946.0
豆油,Y,DCE,油脂,2025-03-10,7992.0,8118.0,7914.0,8002.0,620006,593990,8008.0
豆油,Y,DCE,油脂,2025-03-11,7986.0,7992.0,7832.0,7854.0,489098,551444,7914.0
豆油,Y,DCE,油脂,2025-03-12,7854.0,7892.0,7820.0,7856.0,363645,538517,7856.0
豆油,Y,DCE,油脂,2025-03-13,7854.0,7998.0,7838.0,7988.0,478821,534810,7908.0
豆油,Y,DCE,油脂,2025-03-14,7998.0,8084.0,7974.0,8068.0,506106,580799,8022.0
豆油,Y,DCE,油脂,2025-03-17,8076.0,8134.0,8040.0,8062.0,438675,590283,8090.0
豆油,Y,DCE,油脂,2025-03-18,8060.0,8106.0,8034.0,8092.0,352973,582134,8066.0
豆油,Y,DCE,油脂,2025-03-19,8108.0,8138.0,8036.0,8042.0,408560,565264,8094.0
豆油,Y,DCE,油脂,2025-03-20,8070.0,8086.0,7982.0,8044.0,430489,550671,8032.0
豆油,Y,DCE,油脂,2025-03-21,8022.0,8072.0,7990.0,8022.0,341922,522943,8022.0
豆油,Y,DCE,油脂,2025-03-24,8002.0,8008.0,7902.0,7940.0,368929,493801,7940.0
豆油,Y,DCE,油脂,2025-03-25,7928.0,7962.0,7858.0,7872.0,388711,461011,7906.0
豆油,Y,DCE,油脂,2025-03-26,7878.0,7904.0,7854.0,7882.0,294687,439928,7880.0
豆油,Y,DCE,油脂,2025-03-27,7908.0,7924.0,7868.0,7918.0,259191,417181,7900.0
豆油,Y,DCE,油脂,2025-03-28,7990.0,8036.0,7952.0,7986.0,399399,405985,7992.0
豆油,Y,DCE,油脂,2025-03-31,7930.0,7966.0,7882.0,7954.0,162944,416176,7926.0
豆油,Y,DCE,油脂,2025-04-01,7948.0,7950.0,7862.0,7888.0,188498,433225,7906.0
豆油,Y,DCE,油脂,2025-04-02,7918.0,8034.0,7896.0,7968.0,291574,465819,7978.0
豆油,Y,DCE,油脂,2025-04-03,7968.0,8010.0,7852.0,7894.0,352120,480790,7942.0
豆油,Y,DCE,油脂,2025-04-07,7798.0,7798.0,7608.0,7620.0,387990,497348,7688.0
豆油,Y,DCE,油脂,2025-04-08,7650.0,7684.0,7600.0,7628.0,337425,522570,7644.0
豆油,Y,DCE,油脂,2025-04-09,7650.0,7668.0,7518.0,7576.0,463537,550270,7582.0
豆油,Y,DCE,油脂,2025-04-10,7560.0,7680.0,7544.0,7646.0,413180,555542,7616.0
豆油,Y,DCE,油脂,2025-04-11,7622.0,7698.0,7614.0,7680.0,332903,553729,7652.0
豆油,Y,DCE,油脂,2025-04-14,7700.0,7720.0,7680.0,7698.0,261775,564508,7694.0
豆油,Y,DCE,油脂,2025-04-15,7700.0,7700.0,7646.0,7676.0,307382,572150,7670.0
豆油,Y,DCE,油脂,2025-04-16,7660.0,7742.0,7640.0,7652.0,366326,569307,7684.0
豆油,Y,DCE,油脂,2025-04-17,7678.0,7756.0,7668.0,7748.0,358430,566637,7708.0
豆油,Y,DCE,油脂,2025-04-18,7740.0,7782.0,7686.0,7704.0,367613,560026,7732.0
豆油,Y,DCE,油脂,2025-04-21,7698.0,7750.0,7676.0,7722.0,343658,576914,7706.0
豆油,Y,DCE,油脂,2025-04-22,7700.0,7820.0,7680.0,7808.0,467395,584533,7746.0
豆油,Y,DCE,油脂,2025-04-23,7808.0,7844.0,7758.0,7838.0,362368,586103,7800.0
豆油,Y,DCE,油脂,2025-04-24,7822.0,7876.0,7806.0,7846.0,339642,599005,7834.0
豆油,Y,DCE,油脂,2025-04-25,7858.0,7998.0,7840.0,7934.0,536090,646754,7936.0
豆油,Y,DCE,油脂,2025-04-28,7930.0,7930.0,7788.0,7814.0,439783,609636,7846.0
豆油,Y,DCE,油脂,2025-04-29,7822.0,7852.0,7776.0,7780.0,303370,605113,7818.0
豆油,Y,DCE,油脂,2025-04-30,7780.0,7836.0,7764.0,7832.0,286750,581982,7798.0
豆油,Y,DCE,油脂,2025-05-06,7778.0,7798.0,7714.0,7760.0,299059,583917,7752.0
豆油,Y,DCE,油脂,2025-05-07,7728.0,7814.0,7726.0,7786.0,356383,602826,7770.0
豆油,Y,DCE,油脂,2025-05-08,7782.0,7782.0,7712.0,7760.0,342797,607347,7746.0
豆油,Y,DCE,油脂,2025-05-09,7790.0,7852.0,7764.0,7780.0,370509,603826,7812.0
豆油,Y,DCE,油脂,2025-05-12,7802.0,7820.0,7744.0,7814.0,394521,612753,7786.0
豆油,Y,DCE,油脂,2025-05-13,7850.0,7866.0,7770.0,7792.0,355676,608752,7824.0
豆油,Y,DCE,油脂,2025-05-14,7816.0,7920.0,7808.0,7914.0,355602,628153,7876.0
豆油,Y,DCE,油脂,2025-05-15,7882.0,7912.0,7780.0,7796.0,391609,605333,7840.0
豆油,Y,DCE,油脂,2025-05-16,7776.0,7792.0,7706.0,7754.0,378133,602914,7752.0
豆油,Y,DCE,油脂,2025-05-19,7750.0,7810.0,7740.0,7776.0,275821,594526,7782.0
豆油,Y,DCE,油脂,2025-05-20,7786.0,7840.0,7746.0,7820.0,315179,591405,7796.0
豆油,Y,DCE,油脂,2025-05-21,7820.0,7836.0,7786.0,7814.0,246018,596379,7812.0
豆油,Y,DCE,油脂,2025-05-22,7810.0,7816.0,7722.0,7760.0,332622,587480,7760.0
豆油,Y,DCE,油脂,2025-05-23,7770.0,7832.0,7758.0,7774.0,309077,577946,7788.0
豆油,Y,DCE,油脂,2025-05-26,7752.0,7762.0,7682.0,7704.0,392931,598708,7724.0
豆油,Y,DCE,油脂,2025-05-27,7716.0,7744.0,7694.0,7740.0,260394,586409,7720.0
豆油,Y,DCE,油脂,2025-05-28,7764.0,7770.0,7704.0,7712.0,277577,589435,7734.0
豆油,Y,DCE,油脂,2025-05-29,7720.0,7750.0,7656.0,7724.0,438716,591439,7704.0
豆油,Y,DCE,油脂,2025-05-30,7694.0,7710.0,7622.0,7638.0,379525,615062,7662.0
豆油,Y,DCE,油脂,2025-06-03,7612.0,7720.0,7612.0,7692.0,352902,599418,7678.0
豆油,Y,DCE,油脂,2025-06-04,7706.0,7722.0,7658.0,7688.0,356149,579312,7690.0
豆油,Y,DCE,油脂,2025-06-05,7690.0,7698.0,7650.0,7676.0,259908,590741,7668.0
豆油,Y,DCE,油脂,2025-06-06,7690.0,7748.0,7666.0,7738.0,379290,572787,7714.0
豆油,Y,DCE,油脂,2025-06-09,7720.0,7782.0,7720.0,7766.0,275475,573193,7762.0
豆油,Y,DCE,油脂,2025-06-10,7772.0,7796.0,7744.0,7758.0,254649,564657,7766.0
豆油,Y,DCE,油脂,2025-06-11,7746.0,7772.0,7682.0,7694.0,303002,556540,7722.0
豆油,Y,DCE,油脂,2025-06-12,7708.0,7718.0,7680.0,7688.0,238752,559414,7702.0
豆油,Y,DCE,油脂,2025-06-13,7720.0,7838.0,7704.0,7786.0,492232,549287,7770.0
豆油,Y,DCE,油脂,2025-06-16,7788.0,7998.0,7780.0,7960.0,697940,555830,7926.0
豆油,Y,DCE,油脂,2025-06-17,8000.0,8010.0,7932.0,7972.0,411768,565869,7968.0
豆油,Y,DCE,油脂,2025-06-18,7994.0,8086.0,7980.0,8084.0,423025,587966,8036.0
豆油,Y,DCE,油脂,2025-06-19,8092.0,8168.0,8070.0,8152.0,463250,615911,8120.0
豆油,Y,DCE,油脂,2025-06-20,8144.0,8198.0,8126.0,8156.0,374523,619103,8162.0
豆油,Y,DCE,油脂,2025-06-23,8168.0,8188.0,8084.0,8126.0,391600,608427,8130.0
豆油,Y,DCE,油脂,2025-06-24,8100.0,8108.0,7942.0,7950.0,475135,583177,8004.0
豆油,Y,DCE,油脂,2025-06-25,7948.0,7988.0,7920.0,7984.0,345424,567232,7954.0
豆油,Y,DCE,油脂,2025-06-26,7956.0,8026.0,7948.0,8000.0,366491,570152,7982.0
豆油,Y,DCE,油脂,2025-06-27,8012.0,8024.0,7984.0,8002.0,270622,564645,8002.0
豆油,Y,DCE,油脂,2025-06-30,7994.0,8008.0,7938.0,7984.0,333072,557523,7974.0
豆油,Y,DCE,油脂,2025-07-01,7996.0,8000.0,7948.0,7972.0,255064,550375,7968.0
豆油,Y,DCE,油脂,2025-07-02,8004.0,8034.0,7930.0,8018.0,363901,560808,7982.0
豆油,Y,DCE,油脂,2025-07-03,8046.0,8058.0,7990.0,7994.0,325320,553962,8020.0
豆油,Y,DCE,油脂,2025-07-04,8010.0,8010.0,7940.0,7944.0,303880,544238,7968.0
豆油,Y,DCE,油脂,2025-07-07,7936.0,7940.0,7862.0,7894.0,308543,521913,7896.0
豆油,Y,DCE,油脂,2025-07-08,7888.0,7966.0,7866.0,7946.0,310808,526424,7908.0
豆油,Y,DCE,油脂,2025-07-09,7938.0,7942.0,7906.0,7920.0,234243,516283,7922.0
豆油,Y,DCE,油脂,2025-07-10,7912.0,7958.0,7898.0,7944.0,289906,501637,7928.0
豆油,Y,DCE,油脂,2025-07-11,7942.0,8018.0,7922.0,7986.0,332924,503257,7970.0
豆油,Y,DCE,油脂,2025-07-14,7986.0,8026.0,7958.0,7994.0,275664,507072,7988.0
豆油,Y,DCE,油脂,2025-07-15,8010.0,8038.0,7984.0,8012.0,273196,513627,8012.0
豆油,Y,DCE,油脂,2025-07-16,8020.0,8064.0,7998.0,8042.0,293898,529187,8032.0
豆油,Y,DCE,油脂,2025-07-17,8034.0,8086.0,8022.0,8072.0,282385,536560,8052.0
豆油,Y,DCE,油脂,2025-07-18,8096.0,8176.0,8076.0,8160.0,341179,558184,8130.0
豆油,Y,DCE,油脂,2025-07-21,8156.0,8180.0,8086.0,8092.0,321474,535817,8124.0
豆油,Y,DCE,油脂,2025-07-22,8086.0,8108.0,8040.0,8076.0,296786,521320,8072.0
豆油,Y,DCE,油脂,2025-07-23,8066.0,8108.0,8042.0,8074.0,334309,500647,8072.0
豆油,Y,DCE,油脂,2025-07-24,8094.0,8174.0,8050.0,8166.0,400160,522027,8112.0
豆油,Y,DCE,油脂,2025-07-25,8166.0,8206.0,8112.0,8144.0,382038,504638,8160.0
豆油,Y,DCE,油脂,2025-07-28,8160.0,8160.0,8062.0,8120.0,281245,490324,8114.0
豆油,Y,DCE,油脂,2025-07-29,8130.0,8260.0,8098.0,8226.0,420108,511323,8174.0
豆油,Y,DCE,油脂,2025-07-30,8236.0,8280.0,8216.0,8240.0,279490,506250,8244.0
豆油,Y,DCE,油脂,2025-07-31,8220.0,8250.0,8172.0,8192.0,288782,477190,8206.0
豆油,Y,DCE,油脂,2025-08-01,8190.0,8290.0,8168.0,8274.0,417594,499756,8228.0
豆油,Y,DCE,油脂,2025-08-04,8274.0,8296.0,8210.0,8250.0,310265,474605,8246.0
豆油,Y,DCE,油脂,2025-08-05,8226.0,8352.0,8222.0,8344.0,303060,469009,8294.0
豆油,Y,DCE,油脂,2025-08-06,8320.0,8392.0,8272.0,8380.0,277499,551672,8334.0
豆油,Y,DCE,油脂,2025-08-07,8396.0,8466.0,8340.0,8378.0,403098,595690,8404.0
豆油,Y,DCE,油脂,2025-08-08,8400.0,8430.0,8366.0,8388.0,353641,642331,8396.0
豆油,Y,DCE,油脂,2025-08-11,8376.0,8460.0,8334.0,8440.0,452116,663157,8400.0
豆油,Y,DCE,油脂,2025-08-12,8440.0,8510.0,8410.0,8476.0,408640,682979,8450.0
豆油,Y,DCE,油脂,2025-08-13,8440.0,8676.0,8426.0,8576.0,612206,709799,8560.0
豆油,Y,DCE,油脂,2025-08-14,8596.0,8616.0,8502.0,8520.0,530688,705833,8550.0
豆油,Y,DCE,油脂,2025-08-15,8500.0,8548.0,8482.0,8534.0,330582,719596,8512.0
豆油,Y,DCE,油脂,2025-08-18,8558.0,8602.0,8512.0,8516.0,421894,734861,8562.0
豆油,Y,DCE,油脂,2025-08-19,8544.0,8592.0,8526.0,8526.0,384755,750406,8552.0
豆油,Y,DCE,油脂,2025-08-20,8500.0,8514.0,8358.0,8414.0,551445,706817,8408.0
豆油,Y,DCE,油脂,2025-08-21,8400.0,8440.0,8362.0,8394.0,371030,689873,8404.0
豆油,Y,DCE,油脂,2025-08-22,8394.0,8488.0,8386.0,8458.0,377345,692686,8440.0
豆油,Y,DCE,油脂,2025-08-25,8466.0,8520.0,8412.0,8488.0,417356,686571,8472.0
豆油,Y,DCE,油脂,2025-08-26,8504.0,8534.0,8454.0,8456.0,365053,698607,8492.0
豆油,Y,DCE,油脂,2025-08-27,8432.0,8452.0,8384.0,8390.0,329134,683735,8418.0
豆油,Y,DCE,油脂,2025-08-28,8408.0,8420.0,8368.0,8372.0,308404,668446,8390.0
豆油,Y,DCE,油脂,2025-08-29,8392.0,8394.0,8330.0,8358.0,309414,649889,8358.0
豆油,Y,DCE,油脂,2025-09-01,8360.0,8360.0,8296.0,8348.0,285870,641642,8330.0
豆油,Y,DCE,油脂,2025-09-02,8360.0,8404.0,8324.0,8356.0,291256,627965,8364.0
豆油,Y,DCE,油脂,2025-09-03,8350.0,8418.0,8328.0,8366.0,304466,622425,8368.0
豆油,Y,DCE,油脂,2025-09-04,8366.0,8384.0,8312.0,8356.0,294552,619115,8348.0
豆油,Y,DCE,油脂,2025-09-05,8340.0,8460.0,8330.0,8450.0,327469,644187,8400.0
豆油,Y,DCE,油脂,2025-09-08,8450.0,8454.0,8376.0,8416.0,293801,629190,8408.0
豆油,Y,DCE,油脂,2025-09-09,8424.0,8454.0,8392.0,8408.0,238015,631743,8418.0
豆油,Y,DCE,油脂,2025-09-10,8388.0,8408.0,8250.0,8256.0,448885,611919,8322.0
豆油,Y,DCE,油脂,2025-09-11,8272.0,8342.0,8262.0,8336.0,304700,599383,8292.0
豆油,Y,DCE,油脂,2025-09-12,8340.0,8378.0,8302.0,8322.0,263630,597294,8336.0
豆油,Y,DCE,油脂,2025-09-15,8350.0,8390.0,8328.0,8376.0,267406,596432,8356.0
豆油,Y,DCE,油脂,2025-09-16,8398.0,8448.0,8384.0,8418.0,297563,597762,8418.0
豆油,Y,DCE,油脂,2025-09-17,8448.0,8480.0,8358.0,8366.0,347820,588445,8422.0
豆油,Y,DCE,油脂,2025-09-18,8352.0,8366.0,8262.0,8284.0,348953,574844,8306.0
豆油,Y,DCE,油脂,2025-09-19,8298.0,8382.0,8282.0,8328.0,331651,571426,8336.0
豆油,Y,DCE,油脂,2025-09-22,8320.0,8396.0,8294.0,8366.0,290066,569350,8348.0
豆油,Y,DCE,油脂,2025-09-23,8310.0,8320.0,8018.0,8086.0,817864,545909,8136.0
豆油,Y,DCE,油脂,2025-09-24,8100.0,8120.0,8064.0,8100.0,310807,549420,8096.0
豆油,Y,DCE,油脂,2025-09-25,8166.0,8218.0,8142.0,8192.0,361847,527444,8180.0
豆油,Y,DCE,油脂,2025-09-26,8208.0,8222.0,8156.0,8162.0,278742,535857,8192.0
豆油,Y,DCE,油脂,2025-09-29,8150.0,8184.0,8128.0,8150.0,236751,528401,8154.0
豆油,Y,DCE,油脂,2025-09-30,8136.0,8142.0,8080.0,8140.0,200234,514364,8114.0
豆油,Y,DCE,油脂,2025-10-09,8212.0,8340.0,8212.0,8332.0,336990,506255,8294.0
豆油,Y,DCE,油脂,2025-10-10,8324.0,8378.0,8252.0,8302.0,396802,504294,8324.0
豆油,Y,DCE,油脂,2025-10-13,8282.0,8330.0,8236.0,8268.0,302787,490481,8282.0
豆油,Y,DCE,油脂,2025-10-14,8280.0,8316.0,8220.0,8240.0,258935,493960,8270.0
豆油,Y,DCE,油脂,2025-10-15,8224.0,8282.0,8210.0,8252.0,206030,497389,8244.0
豆油,Y,DCE,油脂,2025-10-16,8250.0,8280.0,8232.0,8256.0,206748,498180,8252.0
豆油,Y,DCE,油脂,2025-10-17,8276.0,8320.0,8248.0,8256.0,295513,499960,8286.0
豆油,Y,DCE,油脂,2025-10-20,8272.0,8344.0,8272.0,8298.0,257692,499076,8312.0
豆油,Y,DCE,油脂,2025-10-21,8298.0,8348.0,8278.0,8294.0,249004,506908,8320.0
豆油,Y,DCE,油脂,2025-10-22,8294.0,8298.0,8202.0,8238.0,328762,498613,8246.0
豆油,Y,DCE,油脂,2025-10-23,8242.0,8248.0,8174.0,8188.0,313134,499230,8206.0
豆油,Y,DCE,油脂,2025-10-24,8218.0,8224.0,8156.0,8194.0,282362,497592,8186.0
豆油,Y,DCE,油脂,2025-10-27,8192.0,8258.0,8180.0,8234.0,271266,478094,8226.0
豆油,Y,DCE,油脂,2025-10-28,8254.0,8254.0,8162.0,8182.0,257069,489097,8204.0
豆油,Y,DCE,油脂,2025-10-29,8150.0,8160.0,8020.0,8132.0,438857,493147,8094.0
豆油,Y,DCE,油脂,2025-10-30,8124.0,8184.0,8100.0,8168.0,286316,489700,8148.0
豆油,Y,DCE,油脂,2025-10-31,8166.0,8190.0,8118.0,8128.0,228921,493021,8152.0
豆油,Y,DCE,油脂,2025-11-03,8108.0,8140.0,8066.0,8110.0,260988,483323,8108.0
豆油,Y,DCE,油脂,2025-11-04,8074.0,8202.0,8062.0,8108.0,282360,480655,8142.0
豆油,Y,DCE,油脂,2025-11-05,8094.0,8158.0,8078.0,8138.0,248485,482137,8120.0
豆油,Y,DCE,油脂,2025-11-06,8138.0,8190.0,8120.0,8188.0,206896,476111,8160.0
豆油,Y,DCE,油脂,2025-11-07,8200.0,8230.0,8114.0,8184.0,314709,471543,8170.0
豆油,Y,DCE,油脂,2025-11-10,8186.0,8248.0,8178.0,8228.0,251903,462461,8210.0
豆油,Y,DCE,油脂,2025-11-11,8230.0,8286.0,8216.0,8238.0,274118,445960,8252.0
豆油,Y,DCE,油脂,2025-11-12,8246.0,8298.0,8230.0,8288.0,236707,455420,8266.0
豆油,Y,DCE,油脂,2025-11-13,8272.0,8326.0,8240.0,8316.0,278949,464244,8284.0
豆油,Y,DCE,油脂,2025-11-14,8330.0,8334.0,8246.0,8256.0,246440,459743,8294.0
豆油,Y,DCE,油脂,2025-11-17,8262.0,8308.0,8224.0,8282.0,275749,452776,8270.0
豆油,Y,DCE,油脂,2025-11-18,8288.0,8336.0,8268.0,8320.0,255582,462665,8306.0
豆油,Y,DCE,油脂,2025-11-19,8352.0,8402.0,8352.0,8356.0,375221,462799,8378.0
豆油,Y,DCE,油脂,2025-11-20,8336.0,8390.0,8222.0,8224.0,373740,440644,8298.0
豆油,Y,DCE,油脂,2025-11-21,8234.0,8248.0,8174.0,8190.0,320656,420191,8206.0
豆油,Y,DCE,油脂,2025-11-24,8180.0,8204.0,8140.0,8168.0,200500,413151,8174.0
豆油,Y,DCE,油脂,2025-11-25,8152.0,8194.0,8130.0,8144.0,193598,400254,8160.0
豆油,Y,DCE,油脂,2025-11-26,8118.0,8160.0,8080.0,8150.0,234139,383439,8118.0
豆油,Y,DCE,油脂,2025-11-27,7938.0,8012.0,7930.0,8002.0,105900,404896,7976.0
豆油,Y,DCE,油脂,2025-11-28,8022.0,8048.0,7998.0,8040.0,93976,416581,8022.0
豆油,Y,DCE,油脂,2025-12-01,8050.0,8096.0,8024.0,8086.0,135151,447922,8070.0
豆油,Y,DCE,油脂,2025-12-02,8070.0,8118.0,8050.0,8096.0,131471,466589,8084.0
豆油,Y,DCE,油脂,2025-12-03,8082.0,8124.0,8058.0,8094.0,131997,490717,8092.0
豆油,Y,DCE,油脂,2025-12-04,8096.0,8110.0,8038.0,8070.0,144351,500223,8066.0
豆油,Y,DCE,油脂,2025-12-05,8068.0,8106.0,8046.0,8080.0,139503,517582,8082.0
豆油,Y,DCE,油脂,2025-12-08,8092.0,8114.0,8026.0,8032.0,168698,524774,8062.0
豆油,Y,DCE,油脂,2025-12-09,8032.0,8042.0,7968.0,7984.0,231924,543372,8008.0
豆油,Y,DCE,油脂,2025-12-10,7984.0,8046.0,7968.0,8000.0,271713,561793,7996.0
豆油,Y,DCE,油脂,2025-12-11,8036.0,8050.0,8014.0,8036.0,234281,586387,8034.0
豆油,Y,DCE,油脂,2025-12-12,8032.0,8050.0,7990.0,7994.0,219215,592514,8016.0
豆油,Y,DCE,油脂,2025-12-15,7960.0,7986.0,7904.0,7940.0,288029,610259,7938.0
豆油,Y,DCE,油脂,2025-12-16,7926.0,7940.0,7858.0,7872.0,249246,631943,7892.0
豆油,Y,DCE,油脂,2025-12-17,7852.0,7852.0,7814.0,7822.0,251763,642768,7832.0
豆油,Y,DCE,油脂,2025-12-18,7820.0,7862.0,7794.0,7802.0,262058,656778,7822.0
豆油,Y,DCE,油脂,2025-12-19,7786.0,7792.0,7672.0,7712.0,340002,668423,7728.0
豆油,Y,DCE,油脂,2025-12-22,7714.0,7776.0,7680.0,7772.0,238786,658590,7734.0
豆油,Y,DCE,油脂,2025-12-23,7786.0,7796.0,7740.0,7772.0,204327,656874,7768.0
豆油,Y,DCE,油脂,2025-12-24,7772.0,7808.0,7752.0,7764.0,216243,658436,7778.0
豆油,Y,DCE,油脂,2025-12-25,7766.0,7832.0,7760.0,7824.0,202686,642712,7784.0
豆油,Y,DCE,油脂,2025-12-26,7838.0,7858.0,7822.0,7836.0,212384,632600,7840.0
豆油,Y,DCE,油脂,2025-12-29,7856.0,7870.0,7810.0,7818.0,207149,636368,7838.0
豆油,Y,DCE,油脂,2025-12-30,7802.0,7890.0,7796.0,7878.0,209400,619542,7850.0
豆油,Y,DCE,油脂,2025-12-31,7880.0,7896.0,7832.0,7862.0,197076,607561,7866.0
豆油,Y,DCE,油脂,2026-01-05,7898.0,7904.0,7824.0,7856.0,188953,619119,7856.0
豆油,Y,DCE,油脂,2026-01-06,7868.0,7928.0,7866.0,7912.0,263014,621847,7900.0
豆油,Y,DCE,油脂,2026-01-07,7930.0,7960.0,7882.0,7958.0,297201,643998,7928.0
豆油,Y,DCE,油脂,2026-01-08,7974.0,7998.0,7930.0,7944.0,258818,664893,7968.0
豆油,Y,DCE,油脂,2026-01-09,7968.0,7996.0,7932.0,7994.0,203820,681661,7970.0
豆油,Y,DCE,油脂,2026-01-12,7970.0,8016.0,7928.0,7994.0,256642,689448,7972.0
豆油,Y,DCE,油脂,2026-01-13,8008.0,8038.0,7976.0,7986.0,279777,709684,8010.0
豆油,Y,DCE,油脂,2026-01-14,7992.0,8026.0,7956.0,8000.0,237784,708384,7992.0
豆油,Y,DCE,油脂,2026-01-15,8010.0,8018.0,7924.0,7938.0,241830,712266,7966.0
豆油,Y,DCE,油脂,2026-01-16,7930.0,8048.0,7874.0,8016.0,364708,716141,7978.0
豆油,Y,DCE,油脂,2026-01-19,8014.0,8024.0,7964.0,7996.0,209449,716725,7998.0
豆油,Y,DCE,油脂,2026-01-20,8000.0,8066.0,7994.0,8032.0,227271,722999,8024.0
豆油,Y,DCE,油脂,2026-01-21,8040.0,8066.0,8010.0,8044.0,228261,727245,8040.0
豆油,Y,DCE,油脂,2026-01-22,8060.0,8118.0,8060.0,8084.0,262334,755020,8088.0
豆油,Y,DCE,油脂,2026-01-23,8080.0,8118.0,8066.0,8094.0,205388,765235,8092.0
豆油,Y,DCE,油脂,2026-01-26,8124.0,8234.0,8114.0,8226.0,364906,810901,8174.0
豆油,Y,DCE,油脂,2026-01-27,8222.0,8274.0,8158.0,8258.0,384372,816319,8208.0
豆油,Y,DCE,油脂,2026-01-28,8272.0,8344.0,8266.0,8326.0,334458,824789,8308.0
豆油,Y,DCE,油脂,2026-01-29,8346.0,8398.0,8312.0,8382.0,297714,839796,8352.0
豆油,Y,DCE,油脂,2026-01-30,8390.0,8410.0,8224.0,8282.0,389740,823062,8310.0
豆油,Y,DCE,油脂,2026-02-02,8278.0,8326.0,8052.0,8092.0,459873,755956,8174.0
豆油,Y,DCE,油脂,2026-02-03,8090.0,8148.0,8082.0,8086.0,249073,724478,8106.0
豆油,Y,DCE,油脂,2026-02-04,8150.0,8174.0,8112.0,8140.0,239979,714532,8146.0
豆油,Y,DCE,油脂,2026-02-05,8140.0,8198.0,8096.0,8104.0,303624,701522,8138.0
豆油,Y,DCE,油脂,2026-02-06,8090.0,8136.0,8078.0,8102.0,163630,686836,8108.0
豆油,Y,DCE,油脂,2026-02-09,8102.0,8154.0,8092.0,8114.0,192708,678475,8122.0
豆油,Y,DCE,油脂,2026-02-10,8134.0,8146.0,8086.0,8098.0,216231,670976,8114.0
豆油,Y,DCE,油脂,2026-02-11,8096.0,8122.0,8072.0,8110.0,191275,663315,8100.0
豆油,Y,DCE,油脂,2026-02-12,8136.0,8140.0,8080.0,8082.0,209635,651133,8106.0
豆油,Y,DCE,油脂,2026-02-13,8072.0,8118.0,8010.0,8054.0,231582,625533,8062.0
豆油,Y,DCE,油脂,2026-02-24,8130.0,8176.0,8110.0,8140.0,188039,630648,8150.0
豆油,Y,DCE,油脂,2026-02-25,8136.0,8256.0,8124.0,8228.0,282255,664529,8206.0
豆油,Y,DCE,油脂,2026-02-26,8220.0,8246.0,8176.0,8198.0,243734,659168,8212.0
豆油,Y,DCE,油脂,2026-02-27,8206.0,8266.0,8198.0,8226.0,242046,666610,8226.0
豆油,Y,DCE,油脂,2026-03-02,8246.0,8304.0,8208.0,8260.0,328276,656400,8254.0
豆油,Y,DCE,油脂,2026-03-03,8280.0,8400.0,8270.0,8350.0,375074,657129,8332.0
豆油,Y,DCE,油脂,2026-03-04,8370.0,8422.0,8322.0,8370.0,291264,658889,8370.0
豆油,Y,DCE,油脂,2026-03-05,8360.0,8404.0,8292.0,8370.0,275271,659855,8346.0
豆油,Y,DCE,油脂,2026-03-06,8360.0,8448.0,8354.0,8412.0,350299,668943,8406.0
豆油,Y,DCE,油脂,2026-03-09,8500.0,8910.0,8466.0,8672.0,936143,656575,8718.0
豆油,Y,DCE,油脂,2026-03-10,8654.0,8676.0,8388.0,8444.0,504504,611399,8512.0
豆油,Y,DCE,油脂,2026-03-11,8484.0,8602.0,8432.0,8570.0,396105,617170,8508.0
豆油,Y,DCE,油脂,2026-03-12,8670.0,8708.0,8572.0,8632.0,396192,618982,8644.0
豆油,Y,DCE,油脂,2026-03-13,8650.0,8790.0,8628.0,8690.0,360145,626137,8708.0
豆油,Y,DCE,油脂,2026-03-16,8660.0,8758.0,8646.0,8716.0,364146,627140,8712.0
豆油,Y,DCE,油脂,2026-03-17,8652.0,8686.0,8570.0,8644.0,310175,604542,8620.0
豆油,Y,DCE,油脂,2026-03-18,8690.0,8692.0,8534.0,8540.0,280668,584784,8606.0
豆油,Y,DCE,油脂,2026-03-19,8606.0,8678.0,8588.0,8616.0,251021,594494,8626.0
豆油,Y,DCE,油脂,2026-03-20,8618.0,8656.0,8550.0,8628.0,225724,594096,8598.0
豆油,Y,DCE,油脂,2026-03-23,8646.0,8756.0,8608.0,8740.0,270684,612272,8678.0
豆油,Y,DCE,油脂,2026-03-24,8632.0,8680.0,8544.0,8594.0,296544,579282,8608.0
豆油,Y,DCE,油脂,2026-03-25,8632.0,8634.0,8510.0,8550.0,210840,554748,8556.0
豆油,Y,DCE,油脂,2026-03-26,8556.0,8648.0,8540.0,8646.0,185973,545392,8602.0
豆油,Y,DCE,油脂,2026-03-27,8672.0,8704.0,8606.0,8688.0,201453,537668,8656.0
豆油,Y,DCE,油脂,2026-03-30,8746.0,8770.0,8614.0,8714.0,298200,498900,8678.0
豆油,Y,DCE,油脂,2026-03-31,8712.0,8782.0,8644.0,8668.0,272706,464075,8704.0
豆油,Y,DCE,油脂,2026-04-01,8724.0,8818.0,8616.0,8624.0,367271,422459,8728.0
豆油,Y,DCE,油脂,2026-04-02,8620.0,8700.0,8548.0,8664.0,242522,489453,8628.0
豆油,Y,DCE,油脂,2026-04-03,8702.0,8720.0,8620.0,8674.0,218945,511262,8674.0
豆油,Y,DCE,油脂,2026-04-07,8720.0,8774.0,8676.0,8748.0,254186,563943,8728.0
豆油,Y,DCE,油脂,2026-04-08,8748.0,8762.0,8438.0,8460.0,441419,549956,8554.0
豆油,Y,DCE,油脂,2026-04-09,8460.0,8514.0,8420.0,8496.0,213517,555300,8472.0
豆油,Y,DCE,油脂,2026-04-10,8522.0,8552.0,8501.0,8506.0,263164,564867,8520.0
豆油,Y,DCE,油脂,2026-04-13,8482.0,8539.0,8460.0,8487.0,256778,565685,8499.0
豆油,Y,DCE,油脂,2026-04-14,8496.0,8516.0,8426.0,8458.0,247780,573351,8460.0
豆油,Y,DCE,油脂,2026-04-15,8446.0,8447.0,8358.0,8425.0,278660,583854,8400.0
豆油,Y,DCE,油脂,2026-04-16,8435.0,8470.0,8393.0,8448.0,215153,600039,8427.0
豆油,Y,DCE,油脂,2026-04-17,8464.0,8494.0,8421.0,8466.0,237273,615090,8459.0
豆油,Y,DCE,油脂,2026-04-20,8397.0,8479.0,8374.0,8473.0,270871,620243,8427.0
豆油,Y,DCE,油脂,2026-04-21,8465.0,8597.0,8442.0,8587.0,367351,657569,8524.0
豆油,Y,DCE,油脂,2026-04-22,8600.0,8643.0,8573.0,8626.0,333192,695720,8610.0
豆油,Y,DCE,油脂,2026-04-23,8626.0,8663.0,8569.0,8618.0,274838,712738,8617.0
豆油,Y,DCE,油脂,2026-04-24,8600.0,8633.0,8492.0,8527.0,366933,706493,8572.0
豆油,Y,DCE,油脂,2026-04-27,8520.0,8596.0,8513.0,8533.0,248370,709773,8547.0
豆油,Y,DCE,油脂,2026-04-28,8530.0,8574.0,8513.0,8559.0,238718,704780,8540.0
豆油,Y,DCE,油脂,2026-04-29,8559.0,8585.0,8509.0,8573.0,260677,705584,8550.0
豆油,Y,DCE,油脂,2026-04-30,8605.0,8626.0,8557.0,8605.0,250083,698800,8597.0
豆油,Y,DCE,油脂,2026-05-06,8630.0,8727.0,8620.0,8664.0,249289,727948,8675.0
豆油,Y,DCE,油脂,2026-05-07,8606.0,8643.0,8542.0,8581.0,264273,716060,8595.0
豆油,Y,DCE,油脂,2026-05-08,8520.0,8562.0,8470.0,8487.0,323254,705743,8515.0
豆油,Y,DCE,油脂,2026-05-11,8487.0,8578.0,8480.0,8562.0,266728,705928,8537.0
豆油,Y,DCE,油脂,2026-05-12,8567.0,8592.0,8510.0,8551.0,273825,706792,8547.0
豆油,Y,DCE,油脂,2026-05-13,8565.0,8585.0,8527.0,8544.0,232295,711594,8558.0
豆油,Y,DCE,油脂,2026-05-14,8560.0,8586.0,8502.0,8514.0,285900,709354,8549.0
豆油,Y,DCE,油脂,2026-05-15,8490.0,8503.0,8432.0,8435.0,324654,697795,8468.0
豆油,Y,DCE,油脂,2026-05-18,8430.0,8484.0,8402.0,8475.0,260785,689543,8447.0
豆油,Y,DCE,油脂,2026-05-19,8475.0,8610.0,8450.0,8588.0,328489,689995,8524.0
豆油,Y,DCE,油脂,2026-05-20,8600.0,8682.0,8559.0,8636.0,395267,697221,8621.0
豆油,Y,DCE,油脂,2026-05-21,8610.0,8641.0,8524.0,8537.0,320237,671870,8578.0
豆油,Y,DCE,油脂,2026-05-22,8556.0,8556.0,8484.0,8505.0,232524,656984,8514.0
豆油,Y,DCE,油脂,2026-05-25,8495.0,8502.0,8421.0,8440.0,265922,657748,8454.0
豆油,Y,DCE,油脂,2026-05-26,8460.0,8467.0,8406.0,8415.0,232053,657074,8439.0
豆油,Y,DCE,油脂,2026-05-27,8433.0,8475.0,8423.0,8442.0,195489,655916,8448.0
豆油,Y,DCE,油脂,2026-05-28,8422.0,8546.0,8413.0,8538.0,247004,654730,8489.0
豆油,Y,DCE,油脂,2026-05-29,8560.0,8566.0,8512.0,8553.0,231848,653777,8541.0
豆油,Y,DCE,油脂,2026-06-01,8573.0,8608.0,8545.0,8596.0,250996,656006,8581.0
豆油,Y,DCE,油脂,2026-06-02,8583.0,8603.0,8532.0,8558.0,244808,653266,8569.0
豆油,Y,DCE,油脂,2026-06-03,8539.0,8600.0,8513.0,8590.0,319579,642196,8553.0
豆油,Y,DCE,油脂,2026-06-04,8600.0,8630.0,8485.0,8499.0,358314,631155,8553.0
豆油,Y,DCE,油脂,2026-06-05,8472.0,8505.0,8415.0,8440.0,325051,630791,8445.0
豆油,Y,DCE,油脂,2026-06-08,8440.0,8457.0,8343.0,8376.0,345186,634037,8389.0
豆油,Y,DCE,油脂,2026-06-09,8356.0,8366.0,8272.0,8318.0,314321,631453,8324.0
豆油,Y,DCE,油脂,2026-06-10,8336.0,8342.0,8283.0,8320.0,238460,630599,8315.0
豆油,Y,DCE,油脂,2026-06-11,8343.0,8383.0,8329.0,8361.0,224259,621283,8354.0
豆油,Y,DCE,油脂,2026-06-12,8376.0,8380.0,8322.0,8357.0,203614,619423,8352.0
豆油,Y,DCE,油脂,2026-06-15,8343.0,8362.0,8297.0,8328.0,248108,617533,8325.0
豆油,Y,DCE,油脂,2026-06-16,8298.0,8354.0,8270.0,8345.0,253780,611524,8312.0
豆油,Y,DCE,油脂,2026-06-17,8325.0,8412.0,8325.0,8384.0,270551,598249,8378.0
豆油,Y,DCE,油脂,2026-06-18,8410.0,8415.0,8321.0,8353.0,227116,587653,8369.0
豆油,Y,DCE,油脂,2026-06-22,8371.0,8410.0,8341.0,8363.0,164123,592477,8376.0
豆油,Y,DCE,油脂,2026-06-23,8320.0,8408.0,8320.0,8353.0,265835,592722,8362.0
豆油,Y,DCE,油脂,2026-06-24,8356.0,8408.0,8344.0,8393.0,226000,592242,8382.0
豆油,Y,DCE,油脂,2026-06-25,8375.0,8422.0,8302.0,8351.0,423159,574660,8345.0
豆油,Y,DCE,油脂,2026-06-26,8336.0,8456.0,8334.0,8441.0,358471,566384,8414.0
豆油,Y,DCE,油脂,2026-06-29,8440.0,8484.0,8433.0,8469.0,242065,558457,8459.0
豆油,Y,DCE,油脂,2026-06-30,8491.0,8491.0,8433.0,8447.0,194838,556287,8457.0
豆油,Y,DCE,油脂,2026-07-01,8447.0,8452.0,8362.0,8430.0,282666,539576,8407.0
豆油,Y,DCE,油脂,2026-07-02,8406.0,8465.0,8403.0,8425.0,201558,540352,8442.0
豆油,Y,DCE,油脂,2026-07-03,8435.0,8455.0,8403.0,8406.0,201709,543510,8423.0
豆油,Y,DCE,油脂,2026-07-06,8403.0,8523.0,8393.0,8510.0,282430,556757,8476.0
豆油,Y,DCE,油脂,2026-07-07,8532.0,8598.0,8518.0,8587.0,273230,586044,8564.0
豆油,Y,DCE,油脂,2026-07-08,8637.0,8650.0,8562.0,8616.0,276244,609524,8611.0
豆油,Y,DCE,油脂,2026-07-09,8642.0,8657.0,8580.0,8610.0,235968,608488,8623.0
豆油,Y,DCE,油脂,2026-07-10,8594.0,8616.0,8527.0,8543.0,252745,600233,8570.0
豆油,Y,DCE,油脂,2026-07-13,8566.0,8619.0,8533.0,8568.0,207523,583124,8574.0
豆油,Y,DCE,油脂,2026-07-14,8600.0,8614.0,8557.0,8608.0,218464,577068,8591.0
豆油,Y,DCE,油脂,2026-07-15,8598.0,8624.0,8574.0,8598.0,207302,567780,8599.0
豆油,Y,DCE,油脂,2026-07-16,8598.0,8625.0,8552.0,8570.0,213806,552024,8584.0
豆油,Y,DCE,油脂,2026-07-17,8590.0,8590.0,8511.0,8535.0,229203,526645,8549.0
豆油,Y,DCE,油脂,2026-07-20,8545.0,8631.0,8545.0,8599.0,268924,509318,8589.0
豆油,Y,DCE,油脂,2026-07-21,8608.0,8608.0,8524.0,8542.0,230863,487550,8562.0
豆油,Y,DCE,油脂,2026-07-22,8542.0,8550.0,8430.0,8442.0,328530,452912,8481.0
豆油,Y,DCE,油脂,2026-07-23,8453.0,8552.0,8445.0,8545.0,276971,424410,8507.0
豆油,Y,DCE,油脂,2026-07-24,8575.0,8644.0,8550.0,8620.0,278712,428160,8593.0
豆油,Y,DCE,油脂,2026-07-27,8589.0,8610.0,8465.0,8471.0,291740,404651,8522.0
豆油,Y,DCE,油脂,2026-07-28,8500.0,8504.0,8394.0,8419.0,262870,398990,8431.0
豆油,Y,DCE,油脂,2026-07-29,8430.0,8450.0,8403.0,8412.0,189225,387088,8422.0
豆油,Y,DCE,油脂,2026-07-30,8430.0,8430.0,8368.0,8407.0,179609,373851,8394.0
豆油,Y,DCE,油脂,2026-07-31,8425.0,8441.0,8391.0,8406.0,117091,405480,8412.0
豆油,Y,DCE,油脂,2026-08-03,8428.0,8430.0,8380.0,8388.0,130363,430569,8398.0
豆油,Y,DCE,油脂,2026-08-04,8371.0,8466.0,8371.0,8440.0,145028,439770,8430.0
豆油,Y,DCE,油脂,2026-08-05,8406.0,8438.0,8394.0,8424.0,203571,479880,8417.0
豆油,Y,DCE,油脂,2026-08-06,8411.0,8442.0,8404.0,8441.0,162776,490699,8420.0
豆油,Y,DCE,油脂,2026-08-07,8470.0,8473.0,8410.0,8443.0,185278,495228,8434.0
豆油,Y,DCE,油脂,2026-08-10,8439.0,8480.0,8432.0,8445.0,193344,512098,8456.0
豆油,Y,DCE,油脂,2026-08-11,8459.0,8479.0,8444.0,8468.0,159652,515994,8460.0
豆油,Y,DCE,油脂,2026-08-12,8448.0,8462.0,8422.0,8442.0,193827,526321,8443.0
豆油,Y,DCE,油脂,2026-08-13,8442.0,8495.0,8424.0,8485.0,249282,539598,8453.0
豆油,Y,DCE,油脂,2026-08-14,8492.0,8547.0,8460.0,8541.0,247475,547314,8500.0
豆油,Y,DCE,油脂,2026-08-17,8527.0,8570.0,8519.0,8561.0,216972,554305,8547.0
豆油,Y,DCE,油脂,2026-08-18,8578.0,8700.0,8562.0,8694.0,432667,637164,8644.0
豆油,Y,DCE,油脂,2026-08-19,8689.0,8771.0,8672.0,8747.0,391065,687796,8722.0
豆油,Y,DCE,油脂,2026-08-20,8750.0,8866.0,8743.0,8847.0,408024,722956,8809.0
豆油,Y,DCE,油脂,2026-08-21,8899.0,8899.0,8765.0,8824.0,418926,722921,8836.0
豆油,Y,DCE,油脂,2026-08-24,8830.0,8890.0,8730.0,8805.0,375321,729973,8811.0
豆油,Y,DCE,油脂,2026-08-25,8790.0,8798.0,8686.0,8764.0,325763,710920,8748.0
豆油,Y,DCE,油脂,2026-08-26,8738.0,8795.0,8710.0,8765.0,287047,712275,8760.0
豆油,Y,DCE,油脂,2026-08-27,8786.0,8856.0,8757.0,8828.0,325173,728748,8818.0
豆油,Y,DCE,油脂,2026-08-28,8824.0,9017.0,8776.0,8965.0,499122,772448,8908.0
豆油,Y,DCE,油脂,2026-08-31,8972.0,9076.0,8946.0,9045.0,389306,792984,9013.0
豆油,Y,DCE,油脂,2026-09-01,9000.0,9164.0,8967.0,9098.0,459934,805280,9072.0
豆油,Y,DCE,油脂,2026-09-02,9098.0,9250.0,9053.0,9113.0,596652,794654,9135.0
豆油,Y,DCE,油脂,2026-09-03,9128.0,9263.0,9093.0,9123.0,595560,786239,9182.0
豆油,Y,DCE,油脂,2026-09-04,9110.0,9228.0,9057.0,9165.0,420097,782668,9144.0
豆油,Y,DCE,油脂,2026-09-07,9134.0,9206.0,9080.0,9172.0,385896,770643,9142.0
豆油,Y,DCE,油脂,2026-09-08,9170.0,9286.0,9153.0,9189.0,465004,779125,9210.0
豆油,Y,DCE,油脂,2026-09-09,9150.0,9173.0,9081.0,9143.0,405565,747657,9122.0
豆油,Y,DCE,油脂,2026-09-10,9153.0,9155.0,8995.0,9064.0,479349,709732,9054.0
豆油,Y,DCE,油脂,2026-09-11,9128.0,9177.0,9023.0,9026.0,466529,704648,9103.0
豆油,Y,DCE,油脂,2026-09-14,9010.0,9074.0,8974.0,9005.0,365317,690270,9024.0
豆油,Y,DCE,油脂,2026-09-15,9009.0,9048.0,8902.0,8927.0,360438,668201,8960.0
豆油,Y,DCE,油脂,2026-09-16,8927.0,9063.0,8914.0,9036.0,276011,677423,9000.0
豆油,Y,DCE,油脂,2026-09-17,9060.0,9078.0,8956.0,8969.0,305377,670497,9017.0
豆油,Y,DCE,油脂,2026-09-18,8956.0,8974.0,8856.0,8875.0,336178,644379,8905.0
豆油,Y,DCE,油脂,2026-09-21,8880.0,8930.0,8868.0,8895.0,229244,642305,8897.0
豆油,Y,DCE,油脂,2026-09-22,8900.0,8975.0,8900.0,8945.0,203998,645142,8946.0
豆油,Y,DCE,油脂,2026-09-23,8925.0,8980.0,8868.0,8922.0,258252,637005,8927.0
豆油,Y,DCE,油脂,2026-09-24,8922.0,8987.0,8901.0,8962.0,208735,628824,8943.0
