代码,日期,收盘,开盘,最高,最低,成交量,成交额
801015,1999-12-30,1000.0,1000.0,1000.0,1000.0,0.0008415,0.0082472044
801015,2000-01-04,1022.49,1002.04,1032.72,981.6,0.00290914,0.0287934186
801015,2000-01-05,1031.7,920.25,1068.51,920.25,0.0034505,0.0348990075
801015,2000-01-06,1063.39,1022.49,1065.44,1018.4,0.00365452,0.0372393695
801015,2000-01-07,1105.32,1074.64,1119.63,1058.28,0.0092245,0.09817343699999999
801015,2000-01-10,1134.97,1104.29,1145.19,1083.84,0.01044781,0.1137438446
801015,2000-01-11,1106.34,1157.46,1170.76,1092.02,0.0213632,0.23936895600000002
801015,2000-01-12,1064.42,1087.93,1118.61,1061.35,0.0061565,0.0649839
801015,2000-01-13,1041.92,1064.42,1076.69,1040.9,0.0037668,0.038808973
801015,2000-01-14,1021.47,1043.97,1060.33,1012.27,0.003004,0.03023075
801015,2000-01-17,1033.74,1017.38,1040.9,997.96,0.00278851,0.027743407999999997
801015,2000-01-18,1036.81,1037.83,1042.94,1022.49,0.00275739,0.0278429206
801015,2000-01-19,1054.19,1042.94,1065.44,1034.76,0.00238548,0.024536313799999997
801015,2000-01-20,1058.28,1058.28,1063.39,1040.9,0.00332954,0.0341828596
801015,2000-01-21,1037.83,1058.28,1058.28,1025.56,0.0073646,0.07471689
801015,2000-01-24,1022.49,1030.67,1037.83,1002.04,0.00773986,0.07658898900000001
801015,2000-01-25,1029.65,1014.31,1040.9,1009.2,0.00544012,0.0546146704
801015,2000-01-26,1040.9,1032.72,1050.1,1019.43,0.00305499,0.0309238597
801015,2000-01-27,1024.54,1063.39,1063.39,1022.49,0.00635003,0.0638131359
801015,2000-01-28,1025.56,1021.47,1032.72,1002.04,0.01173403,0.11629626970000001
801015,2000-02-14,1109.41,1042.94,1112.47,1042.94,0.01881892,0.19961614739999997
801015,2000-02-15,1064.42,1119.63,1121.68,1053.17,0.02148007,0.228909453
801015,2000-02-16,1048.06,1053.17,1073.62,1025.56,0.0182564,0.1865922084
801015,2000-02-17,1030.67,1051.12,1089.98,1020.45,0.01853871,0.1905327075
801015,2000-02-18,1053.17,1022.49,1081.8,1020.45,0.01093441,0.1124115014
801015,2000-02-21,1132.92,1073.62,1134.97,1032.72,0.02118569,0.22363521190000002
801015,2000-02-22,1066.46,1135.99,1153.37,1064.42,0.0156167,0.1675876484
801015,2000-02-23,1073.62,1053.17,1096.11,1044.99,0.0083456,0.08771374859999999
801015,2000-02-24,1103.27,1078.73,1124.74,1078.73,0.01538329,0.1665768716
801015,2000-02-25,1112.47,1123.72,1123.72,1101.23,0.01282167,0.13911562630000002
801015,2000-02-28,1150.31,1122.7,1165.64,1114.52,0.02647747,0.2978144447
801015,2000-02-29,1114.52,1155.42,1160.53,1094.07,0.0133827,0.1465037847
801015,2000-03-01,1122.7,1112.47,1124.74,1099.18,0.01025068,0.1104181326
801015,2000-03-02,1097.14,1124.74,1134.97,1081.8,0.01025068,0.1104181326
801015,2000-03-03,1107.36,1104.29,1118.61,1087.93,0.01106845,0.11936180960000001
801015,2000-03-06,1073.62,1109.41,1117.59,1073.62,0.01005151,0.1071159284
801015,2000-03-07,1061.35,1063.39,1066.46,1042.94,0.0067693,0.06980629599999999
801015,2000-03-08,1068.51,1061.35,1080.78,1053.17,0.00621406,0.0647747724
801015,2000-03-09,1067.48,1063.39,1073.62,1049.08,0.00749067,0.0772046541
801015,2000-03-10,1050.1,1072.6,1073.62,1042.94,0.005395,0.0555600208
801015,2000-03-13,1065.44,1042.94,1069.53,1032.72,0.00483607,0.049760646900000004
801015,2000-03-14,1043.97,1027.61,1061.35,1027.61,0.00860622,0.08748060369999999
801015,2000-03-15,1077.71,1042.94,1091.0,1040.9,0.01169954,0.1224028066
801015,2000-03-16,1032.72,1073.62,1073.62,1025.56,0.00900637,0.09139079060000001
801015,2000-03-17,1044.99,1025.56,1046.01,1025.56,0.00485972,0.0493461235
801015,2000-03-20,1079.75,1053.17,1087.93,1040.9,0.00854002,0.0895922495
801015,2000-03-21,1101.23,1082.82,1109.41,1074.64,0.01185257,0.1269949857
801015,2000-03-22,1098.16,1101.23,1112.47,1075.66,0.00694472,0.0739665584
801015,2000-03-23,1124.74,1101.23,1130.88,1079.75,0.01796463,0.1955853667
801015,2000-03-24,1098.16,1129.86,1132.92,1094.07,0.0176351,0.1932633062
801015,2000-03-27,1148.26,1083.84,1155.42,1083.84,0.01851184,0.2061835414
801015,2000-03-28,1198.36,1155.42,1224.95,1155.42,0.04156961,0.48765978950000005
801015,2000-03-29,1171.78,1201.43,1207.57,1150.31,0.01769704,0.2021323892
801015,2000-03-30,1228.02,1226.99,1286.3,1194.27,0.04110234,0.4939239952
801015,2000-03-31,1236.2,1228.02,1257.67,1208.59,0.0326649,0.3955499841
801015,2000-04-03,1228.02,1236.2,1278.12,1226.99,0.02435762,0.299872404
801015,2000-04-04,1168.71,1215.75,1216.77,1166.67,0.02113758,0.2462020891
801015,2000-04-05,1174.85,1161.55,1191.21,1146.22,0.01254425,0.14306877
801015,2000-04-06,1199.39,1171.78,1200.41,1171.78,0.01236235,0.143544402
801015,2000-04-07,1225.97,1207.57,1225.97,1185.07,0.01775648,0.2100565981
801015,2000-04-10,1247.44,1237.22,1255.62,1228.02,0.01891488,0.2303783954
801015,2000-04-11,1222.9,1249.49,1258.69,1216.77,0.01433914,0.17234822530000002
801015,2000-04-12,1198.36,1224.95,1224.95,1187.12,0.01027785,0.1206820265
801015,2000-04-13,1224.95,1198.36,1232.11,1192.23,0.01070061,0.1273765808
801015,2000-04-14,1221.88,1226.99,1232.11,1202.45,0.00863085,0.1024520625
801015,2000-04-17,1183.03,1221.88,1232.11,1170.76,0.01293448,0.1509706192
801015,2000-04-19,1241.31,1221.88,1269.94,1220.86,0.02449251,0.2993942927
801015,2000-04-20,1267.89,1243.35,1276.07,1242.33,0.02831898,0.34990330909999995
801015,2000-04-21,1242.33,1276.07,1286.3,1232.11,0.01748439,0.21488968719999998
801015,2000-04-24,1325.15,1242.33,1327.2,1237.22,0.04661877,0.5924430002000001
801015,2000-04-25,1314.93,1328.22,1337.42,1289.37,0.02124095,0.2720017711
801015,2000-04-26,1309.82,1329.24,1380.37,1308.79,0.05231573,0.6900785528
801015,2000-04-27,1230.06,1306.75,1306.75,1224.95,0.02447129,0.3031762337
801015,2000-04-28,1266.87,1232.11,1276.07,1228.02,0.01569647,0.19276151789999998
801015,2000-05-08,1264.83,1267.89,1281.19,1226.99,0.00851567,0.104571007
801015,2000-05-09,1244.38,1257.67,1260.74,1237.22,0.00686647,0.0835708284
801015,2000-05-10,1176.89,1226.99,1240.29,1175.87,0.01033781,0.1216693843
801015,2000-05-11,1176.89,1226.99,1240.29,1175.87,0.0,0.0
801015,2000-05-12,1146.22,1161.55,1186.09,1140.08,0.0062432,0.070166714
801015,2000-05-15,1158.49,1149.28,1163.6,1148.26,0.00479703,0.0542384428
801015,2000-05-16,1163.6,1155.42,1174.85,1150.31,0.0045956,0.052139618
801015,2000-05-17,1151.33,1165.64,1168.71,1150.31,0.00502843,0.0568446121
801015,2000-05-18,1196.32,1151.33,1196.32,1151.33,0.00719467,0.0829794107
801015,2000-05-19,1206.54,1196.32,1219.84,1184.05,0.0092579,0.1089145492
801015,2000-05-22,1251.53,1206.54,1277.1,1206.54,0.01312151,0.15918400230000002
801015,2000-05-23,1240.29,1252.56,1257.67,1226.99,0.01042233,0.1263013938
801015,2000-05-24,1253.58,1240.29,1283.23,1240.29,0.01220104,0.150817059
801015,2000-05-25,1288.34,1262.78,1303.68,1257.67,0.0172934,0.21664317510000003
801015,2000-05-26,1274.03,1289.37,1299.59,1267.89,0.0138915,0.1742737792
801015,2000-05-29,1314.93,1279.14,1338.45,1278.12,0.02427919,0.3123237273
801015,2000-05-30,1277.1,1308.79,1327.2,1265.85,0.01421604,0.1807274531
801015,2000-05-31,1287.32,1268.92,1298.57,1262.78,0.00986206,0.1237812908
801015,2000-06-01,1325.15,1288.34,1327.2,1267.89,0.01452253,0.18463113239999998
801015,2000-06-02,1309.82,1327.2,1329.24,1298.57,0.00889105,0.11417477779999999
801015,2000-06-05,1265.85,1303.68,1321.06,1257.67,0.012864,0.1621157884
801015,2000-06-06,1303.68,1262.78,1308.79,1258.69,0.01184977,0.1492819409
801015,2000-06-07,1337.42,1308.79,1368.1,1296.52,0.03217818,0.4212939732
801015,2000-06-08,1329.24,1337.42,1341.51,1310.84,0.01162517,0.15022288279999998
801015,2000-06-09,1370.14,1329.24,1416.16,1309.82,0.04957445,0.6634772715999999
801015,2000-06-12,1389.57,1371.17,1409.0,1359.92,0.03306833,0.44910094520000005
801015,2000-06-13,1400.82,1390.59,1446.83,1390.59,0.02508346,0.347120151
801015,2000-06-14,1374.23,1400.82,1400.82,1359.92,0.01839922,0.2476794973
801015,2000-06-15,1379.35,1375.26,1390.59,1354.81,0.01052405,0.1408083094
801015,2000-06-16,1346.63,1379.35,1390.59,1339.47,0.01306297,0.17353918829999998
801015,2000-06-19,1347.82,1341.81,1383.5,1329.39,0.03921137,0.7405178105
801015,2000-06-20,1380.4,1350.95,1400.54,1330.3,0.0632592,1.2711906952
801015,2000-06-21,1393.29,1379.14,1409.71,1367.03,0.04794777,0.990124495
801015,2000-06-22,1379.13,1393.29,1410.2,1369.2,0.04230507,0.8528895044
801015,2000-06-23,1394.73,1383.44,1405.26,1368.56,0.03710744,0.7120852053
801015,2000-06-26,1398.58,1399.84,1417.48,1393.09,0.02815427,0.5308379289999999
801015,2000-06-27,1386.36,1401.9,1412.06,1381.63,0.02446717,0.4355639864
801015,2000-06-28,1425.83,1389.13,1434.39,1387.77,0.03146921,0.5481097783
801015,2000-06-29,1404.86,1432.88,1440.69,1400.55,0.02070028,0.3649765224
801015,2000-06-30,1379.21,1401.88,1402.87,1373.11,0.02686167,0.4895533814
801015,2000-07-03,1341.5,1368.66,1373.68,1338.8,0.02245175,0.39363508909999995
801015,2000-07-04,1355.18,1335.49,1356.5,1329.15,0.01573067,0.27736438539999997
801015,2000-07-05,1358.82,1356.69,1390.81,1350.17,0.01182916,0.2078743388
801015,2000-07-06,1350.72,1361.05,1372.63,1333.22,0.01081025,0.17876804359999998
801015,2000-07-07,1368.8,1349.07,1377.6,1345.42,0.01269248,0.22695116
801015,2000-07-10,1399.43,1369.33,1410.73,1367.67,0.01656725,0.2990584181
801015,2000-07-11,1384.01,1402.64,1408.84,1377.05,0.01476209,0.2631494146
801015,2000-07-12,1393.14,1386.95,1403.93,1380.08,0.01354858,0.232501873
801015,2000-07-13,1385.82,1397.78,1421.71,1367.05,0.03102538,0.5746570986
801015,2000-07-14,1409.91,1399.39,1442.03,1383.67,0.05710084,1.1649361869
801015,2000-07-17,1401.12,1411.23,1435.99,1395.91,0.02028612,0.390521295
801015,2000-07-18,1409.74,1399.56,1420.1,1392.18,0.01345214,0.254064287
801015,2000-07-19,1416.08,1415.04,1422.52,1405.67,0.01313589,0.2368989895
801015,2000-07-20,1418.71,1417.12,1445.47,1397.45,0.02002423,0.3662076405
801015,2000-07-21,1416.08,1420.8,1435.9,1397.09,0.01973448,0.3355135206
801015,2000-07-24,1425.79,1420.16,1440.75,1400.23,0.02007822,0.3178175219
801015,2000-07-25,1393.01,1391.14,1408.35,1380.2,0.02232212,0.41043361
801015,2000-07-26,1390.3,1392.49,1412.18,1384.01,0.0153047,0.2693893158
801015,2000-07-27,1410.51,1395.47,1431.8,1377.97,0.04064603,0.6565201502
801015,2000-07-28,1425.73,1411.83,1429.71,1398.39,0.01981497,0.3113304386
801015,2000-07-31,1444.74,1428.06,1459.28,1418.46,0.03108763,0.4747043453
801015,2000-08-01,1454.39,1443.94,1461.78,1428.65,0.01939453,0.3105674787
801015,2000-08-02,1438.47,1450.56,1457.18,1425.17,0.01652152,0.2585107056
801015,2000-08-03,1439.24,1440.22,1450.64,1428.87,0.0151299,0.2488414898
801015,2000-08-04,1409.93,1438.25,1445.17,1400.84,0.02280158,0.36824262469999997
801015,2000-08-07,1386.15,1398.51,1410.11,1378.06,0.0191134,0.2974048131
801015,2000-08-08,1409.09,1388.52,1421.03,1382.6,0.01849242,0.2984578214
801015,2000-08-09,1421.21,1410.65,1434.17,1401.05,0.01660209,0.2827311177
801015,2000-08-10,1408.16,1424.34,1433.89,1395.09,0.01339228,0.22406782760000002
801015,2000-08-11,1387.14,1408.49,1419.04,1380.74,0.01579127,0.2438694145
801015,2000-08-14,1401.43,1389.78,1412.52,1386.61,0.01081198,0.18043995440000002
801015,2000-08-15,1411.16,1403.66,1423.76,1387.14,0.01158253,0.20633977280000002
801015,2000-08-16,1420.02,1412.81,1422.67,1400.23,0.00907937,0.1523058146
801015,2000-08-17,1425.83,1422.08,1448.03,1411.71,0.06312203,1.1293851997
801015,2000-08-18,1424.46,1425.46,1441.42,1413.55,0.04410672,0.782217402
801015,2000-08-21,1427.8,1428.37,1443.76,1403.65,0.05332242,0.9200041134
801015,2000-08-22,1398.39,1428.1,1437.82,1395.45,0.04148485,0.7305915587999999
801015,2000-08-23,1389.81,1388.37,1407.98,1336.32,0.06402061,1.080738875
801015,2000-08-24,1385.65,1386.46,1398.39,1367.24,0.03529282,0.60498729
801015,2000-08-25,1404.21,1382.2,1418.04,1375.38,0.0369833,0.6778905395999999
801015,2000-08-28,1412.64,1405.35,1425.16,1398.41,0.03384146,0.6452326252
801015,2000-08-29,1428.86,1414.17,1439.97,1397.86,0.04310278,0.8243802345
801015,2000-08-30,1402.02,1433.32,1439.92,1401.35,0.03446936,0.6648517322999999
801015,2000-08-31,1365.94,1394.03,1406.94,1360.68,0.04985796,0.8705112705
801015,2000-09-01,1369.48,1360.82,1397.74,1348.01,0.05294571,1.049974258
801015,2000-09-04,1401.0,1369.01,1410.56,1360.88,0.05418585,1.1555617083
801015,2000-09-05,1360.13,1407.74,1414.21,1354.25,0.04505025,0.9185580411
801015,2000-09-06,1345.66,1357.5,1369.72,1330.19,0.04491737,0.8758830688
801015,2000-09-07,1368.25,1351.85,1387.51,1344.19,0.04083073,0.8583463447
801015,2000-09-08,1362.23,1368.05,1379.93,1354.71,0.02733148,0.5580468820000001
801015,2000-09-11,1373.2,1364.72,1389.47,1354.15,0.0163342,0.3215437156
801015,2000-09-12,1368.33,1376.84,1382.18,1351.17,0.01819694,0.37317396270000003
801015,2000-09-13,1372.7,1366.52,1380.93,1353.62,0.01532211,0.28694606699999997
801015,2000-09-14,1371.47,1373.37,1386.76,1354.58,0.01925136,0.3634158
801015,2000-09-15,1364.59,1367.5,1373.66,1346.03,0.0161357,0.31108851
801015,2000-09-18,1359.14,1360.03,1380.09,1335.33,0.03676234,0.8012908620999999
801015,2000-09-19,1302.02,1351.82,1361.96,1294.11,0.05263659,1.138842002
801015,2000-09-20,1293.59,1298.9,1321.08,1274.83,0.03460865,0.6870423406
801015,2000-09-21,1284.05,1296.7,1314.13,1275.64,0.02070708,0.39003282200000006
801015,2000-09-22,1275.94,1277.77,1289.82,1263.56,0.01310465,0.23034560839999998
801015,2000-09-25,1274.97,1266.5,1286.6,1264.8,0.0091889,0.15649111
801015,2000-09-26,1270.75,1276.51,1293.09,1257.4,0.01103216,0.17254435199999998
801015,2000-09-27,1301.6,1274.64,1310.34,1266.53,0.02809255,0.39470522420000004
801015,2000-09-28,1281.64,1302.37,1311.12,1276.13,0.01730639,0.2543567466
801015,2000-09-29,1296.69,1279.01,1305.03,1271.69,0.01261106,0.19685508370000002
801015,2000-10-09,1312.34,1301.89,1318.56,1283.97,0.01251189,0.218341168
801015,2000-10-10,1328.29,1316.12,1331.85,1304.88,0.01798821,0.2809795749
801015,2000-10-11,1310.37,1331.28,1338.49,1305.88,0.01478889,0.23746532239999998
801015,2000-10-12,1311.81,1309.22,1327.36,1295.76,0.01901023,0.2908156391
801015,2000-10-13,1305.16,1312.65,1332.74,1296.88,0.01227352,0.2018527618
801015,2000-10-16,1290.83,1299.14,1315.51,1283.99,0.01064821,0.201218795
801015,2000-10-17,1295.34,1290.86,1307.25,1280.46,0.00818611,0.1335696504
801015,2000-10-18,1307.49,1298.49,1313.89,1291.21,0.00844515,0.1368291959
801015,2000-10-19,1292.41,1313.68,1314.25,1287.97,0.00809257,0.13069768
801015,2000-10-20,1323.79,1299.17,1327.21,1291.21,0.01745406,0.2989686091
801015,2000-10-23,1341.62,1332.44,1351.37,1315.65,0.02511306,0.4281942029
801015,2000-10-24,1345.81,1347.44,1351.87,1322.93,0.01718741,0.3046488973
801015,2000-10-25,1376.86,1347.99,1400.16,1345.55,0.05695703,1.1057166018
801015,2000-10-26,1358.15,1378.87,1379.2,1353.75,0.01669555,0.29391148359999997
801015,2000-10-27,1353.66,1358.34,1366.01,1344.46,0.01319111,0.2318716976
801015,2000-10-30,1365.06,1351.39,1377.31,1343.73,0.01198841,0.21607168100000002
801015,2000-10-31,1336.34,1372.13,1376.44,1330.82,0.01103503,0.1949461382
801015,2000-11-01,1340.65,1345.05,1353.01,1322.83,0.01257966,0.22755023
801015,2000-11-02,1335.75,1342.9,1356.16,1334.47,0.01248368,0.215469093
801015,2000-11-03,1332.48,1337.18,1344.26,1327.16,0.01036557,0.16635477199999998
801015,2000-11-06,1351.87,1332.43,1364.95,1332.43,0.01024759,0.1805740362
801015,2000-11-07,1374.79,1353.75,1386.56,1351.84,0.01844142,0.3551398325
801015,2000-11-08,1378.82,1376.16,1386.09,1367.01,0.01771015,0.3266893039
801015,2000-11-09,1381.11,1382.13,1390.59,1368.84,0.02230498,0.383270856
801015,2000-11-10,1399.39,1385.9,1408.43,1377.34,0.0375984,0.6571950575
801015,2000-11-13,1402.05,1405.78,1429.12,1388.28,0.03379779,0.6107805754
801015,2000-11-14,1404.77,1412.75,1414.66,1387.14,0.02148521,0.3821009511
801015,2000-11-15,1387.61,1401.63,1411.72,1382.77,0.02447119,0.4346229795
801015,2000-11-16,1399.32,1386.54,1406.16,1380.78,0.02225609,0.37383368200000006
801015,2000-11-17,1388.23,1399.32,1410.15,1384.69,0.01954194,0.34461216479999995
801015,2000-11-20,1400.88,1389.74,1408.08,1377.04,0.02498063,0.41028054119999996
801015,2000-11-21,1393.45,1403.12,1409.67,1390.01,0.01784278,0.2993611578
801015,2000-11-22,1404.36,1393.25,1417.62,1390.17,0.01891712,0.3335442034
801015,2000-11-23,1426.32,1415.9,1438.81,1404.53,0.02784749,0.46594379119999996
801015,2000-11-24,1376.79,1427.41,1442.19,1368.79,0.0345505,0.584076445
801015,2000-11-27,1372.09,1373.14,1386.39,1359.34,0.02111611,0.36183257399999996
801015,2000-11-28,1390.19,1376.11,1392.72,1374.6,0.01383869,0.2267222045
801015,2000-11-29,1374.18,1390.19,1393.3,1365.2,0.01359176,0.22241277210000002
801015,2000-11-30,1376.01,1382.74,1391.72,1366.02,0.01388235,0.261110692
801015,2000-12-01,1401.83,1379.02,1407.09,1374.12,0.01395701,0.22983258620000002
801015,2000-12-04,1409.51,1403.17,1416.2,1394.49,0.0173778,0.2951242243
801015,2000-12-05,1412.88,1411.62,1423.7,1401.02,0.01650349,0.28071221350000003
801015,2000-12-06,1399.87,1411.37,1432.11,1395.38,0.02217021,0.3680175858
801015,2000-12-07,1411.92,1398.29,1422.17,1390.43,0.0335518,0.505490301
801015,2000-12-08,1413.95,1414.74,1430.67,1405.39,0.0170524,0.2844417125
801015,2000-12-11,1387.22,1413.21,1420.44,1384.33,0.02017669,0.3222833057
801015,2000-12-12,1415.3,1390.45,1417.45,1380.34,0.01657351,0.3048372908
801015,2000-12-13,1435.23,1418.61,1451.44,1406.71,0.04218844,0.9058310102
801015,2000-12-14,1422.3,1437.85,1446.43,1413.85,0.04297921,0.750453563
801015,2000-12-15,1428.63,1424.66,1447.87,1407.17,0.05697564,1.0196480265
801015,2000-12-18,1439.84,1427.62,1446.59,1413.53,0.04237136,0.7953839314
801015,2000-12-19,1429.9,1442.77,1454.79,1426.38,0.03943536,0.7061805945999999
801015,2000-12-20,1442.18,1429.9,1445.48,1411.38,0.05726005,0.9682182734999999
801015,2000-12-21,1444.44,1447.0,1466.36,1433.71,0.05183122,0.9212715162
801015,2000-12-22,1439.55,1445.78,1460.23,1424.81,0.04554824,0.7585702765000001
801015,2000-12-25,1436.72,1440.64,1453.9,1421.12,0.04769498,0.7932232213
801015,2000-12-26,1455.01,1436.68,1474.91,1432.62,0.03530095,0.5904453968
801015,2000-12-27,1457.11,1460.2,1482.75,1446.78,0.04098501,0.7005540357
801015,2000-12-28,1453.1,1455.42,1474.89,1441.57,0.03249624,0.5516785599
801015,2000-12-29,1471.68,1454.72,1484.88,1441.59,0.04861928,0.8302118745999999
801015,2001-01-02,1502.82,1476.4,1513.93,1456.24,0.04972483,0.8922065176999999
801015,2001-01-03,1510.84,1512.23,1531.24,1489.94,0.07443776,1.2709540867
801015,2001-01-04,1510.27,1512.85,1524.74,1494.52,0.05287176,0.9364116759000001
801015,2001-01-05,1518.8,1509.88,1537.52,1497.98,0.05708087,1.0041251131
801015,2001-01-08,1498.18,1522.31,1537.7,1487.84,0.06269887,1.1104162085
801015,2001-01-09,1489.61,1496.54,1513.14,1470.39,0.03314498,0.5961973011999999
801015,2001-01-10,1512.48,1492.21,1523.33,1490.92,0.03453974,0.6008729962
801015,2001-01-11,1502.84,1515.57,1522.08,1496.48,0.03227127,0.5601726502000001
801015,2001-01-12,1481.08,1498.97,1503.02,1474.41,0.03344339,0.598096335
801015,2001-01-15,1412.64,1471.03,1472.08,1403.62,0.04946035,0.8641566518000001
801015,2001-01-16,1437.27,1401.42,1444.83,1392.37,0.03185343,0.5368330433
801015,2001-01-17,1423.51,1437.42,1441.64,1416.43,0.0166721,0.287150122
801015,2001-01-18,1429.77,1417.52,1439.15,1415.72,0.01907614,0.3328213191
801015,2001-01-19,1438.67,1436.38,1448.21,1431.65,0.01735355,0.3003152503
801015,2001-02-05,1389.09,1441.06,1446.15,1387.43,0.0237467,0.41780163
801015,2001-02-06,1371.1,1370.33,1382.46,1342.41,0.02032572,0.3458179301
801015,2001-02-07,1358.96,1371.55,1379.35,1351.09,0.01673073,0.269147877
801015,2001-02-08,1330.13,1350.24,1368.05,1325.95,0.01765219,0.297747456
801015,2001-02-09,1352.54,1335.82,1362.08,1333.17,0.01553356,0.249933839
801015,2001-02-12,1349.34,1345.74,1361.57,1308.87,0.01864173,0.29594280230000003
801015,2001-02-13,1359.69,1353.12,1370.44,1347.98,0.01256963,0.2309046634
801015,2001-02-14,1361.01,1358.42,1369.06,1349.9,0.00856671,0.1368334538
801015,2001-02-15,1353.06,1360.93,1368.53,1345.39,0.00882705,0.143343428
801015,2001-02-16,1346.04,1339.96,1348.88,1312.39,0.01579268,0.24540434
801015,2001-02-19,1349.18,1344.87,1362.12,1326.0,0.01174756,0.18119392
801015,2001-02-20,1351.81,1357.49,1377.87,1343.45,0.02143189,0.3264396209
801015,2001-02-21,1314.93,1346.14,1348.22,1306.93,0.01921321,0.3039075591
801015,2001-02-22,1327.07,1314.95,1339.35,1309.73,0.01044226,0.1561501826
801015,2001-02-23,1355.18,1328.42,1357.9,1323.13,0.01872587,0.2920510172
801015,2001-02-26,1367.45,1356.88,1370.79,1349.47,0.01417723,0.21858290030000002
801015,2001-02-27,1361.19,1369.34,1373.66,1341.69,0.01119004,0.1776779044
801015,2001-02-28,1355.0,1361.99,1365.19,1347.86,0.0077722,0.12392354
801015,2001-03-01,1366.06,1354.64,1368.89,1347.12,0.00862753,0.1395744848
801015,2001-03-02,1372.51,1367.34,1380.38,1363.52,0.01409318,0.2268215103
801015,2001-03-05,1363.79,1374.31,1376.87,1359.93,0.00954124,0.15184176300000002
801015,2001-03-06,1364.16,1361.21,1369.56,1348.58,0.01118381,0.19014562920000003
801015,2001-03-07,1368.95,1363.44,1375.87,1357.76,0.01195019,0.211908855
801015,2001-03-08,1370.47,1368.71,1374.76,1364.54,0.00966852,0.1609122797
801015,2001-03-09,1371.18,1371.46,1383.82,1361.74,0.01170869,0.19487689960000001
801015,2001-03-12,1377.67,1375.69,1387.95,1362.86,0.01138762,0.1672017916
801015,2001-03-13,1380.46,1372.65,1392.43,1360.95,0.01156606,0.18694708219999998
801015,2001-03-14,1396.75,1379.49,1400.35,1372.58,0.01347093,0.22877153879999998
801015,2001-03-15,1395.86,1397.18,1405.29,1383.35,0.01582337,0.2618615385
801015,2001-03-16,1385.83,1394.24,1399.09,1378.05,0.01067127,0.18933033
801015,2001-03-19,1402.55,1387.18,1404.79,1379.86,0.01595882,0.25668562429999997
801015,2001-03-20,1405.14,1403.97,1415.64,1395.55,0.01534313,0.2539102398
801015,2001-03-21,1405.03,1404.55,1415.56,1394.4,0.02028262,0.3242841905
801015,2001-03-22,1413.32,1409.61,1420.6,1404.52,0.02270072,0.3741110708
801015,2001-03-23,1401.44,1416.61,1432.76,1400.02,0.02785513,0.4623909354
801015,2001-03-26,1420.56,1402.85,1422.91,1398.33,0.02016735,0.33604244590000004
801015,2001-03-27,1422.1,1423.82,1434.1,1416.86,0.01882168,0.3142217282
801015,2001-03-28,1437.87,1424.51,1442.94,1415.66,0.027671,0.4533190696
801015,2001-03-29,1425.81,1434.79,1441.13,1419.5,0.01600468,0.2629116733
801015,2001-03-30,1430.37,1422.15,1435.71,1413.64,0.01984204,0.3319773709
801015,2001-04-02,1441.27,1424.13,1451.91,1420.98,0.02135763,0.37423800799999996
801015,2001-04-03,1427.61,1440.16,1444.94,1419.79,0.01571726,0.2618053205
801015,2001-04-04,1394.25,1424.78,1432.44,1387.81,0.02694519,0.4400999506
801015,2001-04-05,1404.93,1388.15,1407.71,1383.67,0.02027746,0.32907068489999997
801015,2001-04-06,1401.7,1406.65,1414.87,1395.63,0.01657156,0.28265592359999997
801015,2001-04-09,1412.75,1398.07,1415.55,1389.59,0.01361048,0.2030552648
801015,2001-04-10,1416.83,1415.32,1425.42,1405.68,0.01366896,0.2231120848
801015,2001-04-11,1415.45,1419.96,1423.58,1406.01,0.01639738,0.2768041436
801015,2001-04-12,1425.33,1418.04,1433.6,1412.86,0.04820044,0.8011453006
801015,2001-04-13,1427.58,1425.45,1433.3,1415.24,0.02253024,0.38130123969999996
801015,2001-04-16,1446.88,1431.52,1454.09,1422.5,0.03177697,0.5436633334000001
801015,2001-04-17,1456.25,1454.34,1463.26,1436.84,0.02934777,0.5171216371
801015,2001-04-18,1446.52,1454.96,1463.49,1435.63,0.03346822,0.5674791122
801015,2001-04-19,1434.4,1445.03,1449.23,1421.98,0.02109431,0.3546431
801015,2001-04-20,1428.83,1434.03,1457.21,1421.27,0.03315092,0.5645182456000001
801015,2001-04-23,1427.98,1426.61,1444.13,1407.26,0.0273949,0.4623003746
801015,2001-04-24,1430.71,1423.07,1437.39,1419.84,0.01592367,0.26230350539999997
801015,2001-04-25,1403.27,1428.52,1435.96,1398.85,0.01860677,0.33010897
801015,2001-04-26,1391.87,1393.69,1407.73,1384.59,0.01721561,0.28663214789999997
801015,2001-04-27,1398.27,1394.22,1408.39,1392.25,0.01155039,0.19079930039999998
801015,2001-04-30,1396.04,1396.65,1404.68,1387.5,0.01102692,0.1893066574
801015,2001-05-08,1414.61,1397.68,1420.39,1370.63,0.01187719,0.1965405974
801015,2001-05-09,1413.29,1416.5,1424.26,1405.62,0.01922612,0.2968120897
801015,2001-05-10,1419.5,1413.29,1427.31,1402.16,0.00958208,0.1621457726
801015,2001-05-11,1443.61,1424.03,1451.38,1416.88,0.0152939,0.30307237
801015,2001-05-14,1458.03,1445.89,1461.91,1431.39,0.02565074,0.4670906453
801015,2001-05-15,1456.5,1461.95,1468.8,1447.91,0.02813418,0.523884742
801015,2001-05-16,1457.17,1457.9,1470.05,1444.61,0.03102122,0.5330055163
801015,2001-05-17,1473.05,1460.03,1487.08,1451.17,0.10239581,1.7933261828
801015,2001-05-18,1482.51,1472.75,1488.05,1459.66,0.03674528,0.6660095975
801015,2001-05-21,1499.96,1485.97,1508.57,1475.15,0.04520759,0.7958908023000001
801015,2001-05-22,1484.72,1498.45,1500.75,1476.32,0.02623759,0.4549540509
801015,2001-05-23,1461.18,1480.04,1489.23,1444.49,0.03030351,0.5284084996
801015,2001-05-24,1488.34,1465.39,1502.98,1461.24,0.05086149,0.9012557951000001
801015,2001-05-25,1492.06,1491.15,1502.71,1473.3,0.03895095,0.6549223605
801015,2001-05-28,1485.3,1495.92,1506.15,1476.19,0.03878211,0.6430515282
801015,2001-05-29,1482.61,1484.12,1500.46,1476.28,0.02125746,0.3706387103
801015,2001-05-30,1508.14,1483.69,1509.61,1480.59,0.02406668,0.4160542987
801015,2001-05-31,1518.06,1513.05,1523.1,1498.16,0.02844733,0.5215099988
801015,2001-06-01,1510.31,1522.72,1526.29,1498.15,0.02607078,0.4507128453
801015,2001-06-04,1532.39,1511.34,1544.68,1506.41,0.04994793,0.8569571826000001
801015,2001-06-05,1540.56,1536.87,1545.9,1524.87,0.03956859,0.6974358324
801015,2001-06-06,1548.38,1541.17,1553.54,1529.1,0.03926942,0.6992456276000001
801015,2001-06-07,1540.43,1549.06,1562.8,1530.55,0.03305314,0.5898570863
801015,2001-06-08,1539.36,1538.28,1556.53,1484.28,0.05738456,0.9795247748999999
801015,2001-06-11,1546.22,1542.0,1559.6,1533.49,0.03534316,0.6196748746999999
801015,2001-06-12,1569.44,1547.52,1576.77,1539.12,0.04232258,0.7437539163
801015,2001-06-13,1586.93,1568.77,1602.18,1555.63,0.11325748,1.9931853175999998
801015,2001-06-14,1560.93,1587.29,1626.79,1545.12,0.15262761,2.7467079662000002
801015,2001-06-15,1614.35,1556.49,1632.42,1548.45,0.17359347,3.2285391929
801015,2001-06-18,1592.09,1616.86,1639.57,1569.67,0.14503465,2.8291087044
801015,2001-06-19,1580.42,1582.67,1601.7,1565.93,0.05846787,1.1027902496
801015,2001-06-20,1549.92,1571.04,1596.32,1539.28,0.0790572,1.4701205927
801015,2001-06-21,1575.52,1548.18,1581.44,1542.68,0.04948956,0.9325021349
801015,2001-06-22,1580.92,1577.27,1592.6,1567.13,0.03772638,0.7537767543
801015,2001-06-25,1617.02,1586.62,1638.53,1580.26,0.05125458,0.9818476939
801015,2001-06-26,1627.14,1624.04,1644.98,1611.78,0.04533505,0.9026877324
801015,2001-06-27,1643.47,1638.2,1659.23,1618.1,0.04139251,0.8184787628
801015,2001-06-28,1607.83,1644.77,1652.69,1600.69,0.04422326,0.900089725
801015,2001-06-29,1595.83,1607.57,1624.57,1588.62,0.03672534,0.7402696386
801015,2001-07-02,1576.79,1598.75,1611.98,1567.05,0.0294265,0.56135196
801015,2001-07-03,1581.09,1574.22,1586.58,1561.43,0.01846076,0.34680078299999995
801015,2001-07-04,1565.1,1585.01,1592.91,1562.39,0.01661129,0.327972825
801015,2001-07-05,1544.78,1564.27,1570.07,1540.49,0.02501775,0.4890430995
801015,2001-07-06,1535.35,1540.56,1556.13,1528.27,0.01945327,0.3809134617
801015,2001-07-09,1536.71,1535.15,1549.35,1522.07,0.01451837,0.26362069
801015,2001-07-10,1568.98,1540.01,1575.01,1539.79,0.01530476,0.281755953
801015,2001-07-11,1536.72,1568.97,1571.77,1533.27,0.01196014,0.221363318
801015,2001-07-12,1528.75,1531.04,1541.1,1520.69,0.0140015,0.2560028741
801015,2001-07-13,1529.16,1531.42,1549.6,1524.66,0.0102201,0.1855082431
801015,2001-07-16,1503.55,1534.74,1555.35,1498.37,0.018466,0.33593276
801015,2001-07-17,1500.46,1503.55,1513.7,1463.69,0.02369129,0.4245929115
801015,2001-07-18,1490.77,1501.28,1507.36,1481.39,0.00773724,0.13929768
801015,2001-07-19,1503.26,1492.33,1507.88,1482.31,0.00995271,0.18694447399999997
801015,2001-07-20,1537.41,1502.22,1541.69,1501.97,0.0153595,0.284225281
801015,2001-07-23,1526.42,1537.54,1545.45,1518.39,0.01417838,0.253452565
801015,2001-07-24,1491.78,1502.7,1521.75,1481.28,0.01824447,0.32639519699999997
801015,2001-07-25,1476.18,1479.63,1503.63,1464.55,0.02422728,0.3981089173
801015,2001-07-26,1466.19,1472.17,1483.55,1460.4,0.01414466,0.2339831119
801015,2001-07-27,1451.15,1466.98,1482.4,1445.16,0.01791952,0.3156261089
801015,2001-07-30,1351.62,1447.13,1448.82,1346.79,0.03241107,0.5383336159000001
801015,2001-07-31,1331.81,1341.81,1385.94,1318.14,0.03102864,0.5040660449000001
801015,2001-08-01,1383.36,1340.14,1388.43,1332.99,0.02565936,0.4108025728
801015,2001-08-02,1362.45,1381.32,1388.36,1319.4,0.0209409,0.3536795807
801015,2001-08-03,1365.81,1361.42,1376.06,1345.75,0.01240532,0.201345435
801015,2001-08-06,1329.05,1363.23,1363.68,1314.14,0.01426523,0.23237730899999998
801015,2001-08-07,1359.41,1337.68,1371.76,1308.08,0.01060051,0.17828855440000002
801015,2001-08-08,1353.78,1356.17,1374.19,1338.77,0.01092365,0.171570315
801015,2001-08-09,1363.47,1349.95,1378.2,1345.85,0.01174871,0.1905274595
801015,2001-08-10,1396.68,1375.02,1408.71,1370.53,0.02658943,0.44400728149999996
801015,2001-08-13,1402.03,1399.3,1408.6,1382.34,0.01760893,0.28890810079999996
801015,2001-08-14,1386.7,1400.93,1416.06,1374.63,0.01624739,0.27235405
801015,2001-08-15,1393.1,1383.81,1398.19,1374.82,0.00600906,0.10225000199999999
801015,2001-08-16,1371.41,1393.31,1398.84,1370.69,0.00961383,0.159725977
801015,2001-08-17,1373.84,1361.92,1392.47,1349.66,0.0074724,0.1233139
801015,2001-08-20,1384.78,1374.73,1390.84,1368.28,0.00496498,0.08074962620000001
801015,2001-08-21,1390.07,1386.62,1406.08,1380.34,0.00799342,0.1285783664
801015,2001-08-22,1368.18,1382.38,1388.17,1348.42,0.0095355,0.1604203584
801015,2001-08-23,1373.65,1355.45,1381.79,1343.09,0.00984851,0.1673573455
801015,2001-08-24,1355.75,1400.34,1405.83,1353.02,0.00631061,0.10861781039999999
801015,2001-08-27,1312.19,1344.8,1350.69,1309.16,0.01495995,0.2548998826
801015,2001-08-28,1338.45,1296.55,1339.65,1288.84,0.01227956,0.194156377
801015,2001-08-29,1339.37,1343.23,1355.52,1329.4,0.00765978,0.12642904630000001
801015,2001-08-30,1331.34,1337.67,1343.0,1322.53,0.00339196,0.05447219
801015,2001-08-31,1329.61,1339.12,1344.47,1324.96,0.00301396,0.052439478399999996
801015,2001-09-03,1321.7,1332.0,1337.53,1314.08,0.0045575,0.07257572
801015,2001-09-04,1352.8,1316.69,1358.12,1315.33,0.00696178,0.1106929185
801015,2001-09-05,1354.38,1361.27,1375.7,1347.47,0.00791639,0.1318887125
801015,2001-09-06,1351.15,1354.1,1370.11,1338.45,0.0054255,0.09091277199999999
801015,2001-09-07,1314.65,1346.01,1349.56,1309.14,0.0085473,0.13692169
801015,2001-09-10,1348.44,1297.36,1352.69,1288.79,0.00889365,0.143950772
801015,2001-09-11,1346.92,1350.84,1360.11,1337.85,0.006142,0.10394043
801015,2001-09-12,1322.76,1313.73,1340.79,1303.81,0.00954014,0.1529675956
801015,2001-09-13,1328.51,1325.07,1346.06,1319.83,0.00472755,0.075061665
801015,2001-09-14,1317.57,1328.29,1338.41,1309.92,0.00579918,0.09439535
801015,2001-09-17,1290.15,1306.44,1322.57,1286.41,0.01154721,0.18110088
801015,2001-09-18,1298.7,1295.63,1312.23,1282.82,0.00568008,0.09413142
801015,2001-09-19,1312.27,1299.44,1312.56,1291.15,0.00366915,0.05836479
801015,2001-09-20,1313.89,1317.57,1329.59,1304.45,0.00675163,0.11301975
801015,2001-09-21,1306.14,1311.13,1321.24,1299.17,0.0038522,0.06200257
801015,2001-09-24,1299.93,1307.41,1317.83,1291.49,0.00299134,0.04663585
801015,2001-09-25,1296.31,1298.33,1313.74,1281.63,0.00677702,0.105176735
801015,2001-09-26,1278.87,1293.26,1296.83,1269.37,0.00641212,0.1079429714
801015,2001-09-27,1279.34,1274.04,1289.35,1255.65,0.00888489,0.146248922
801015,2001-09-28,1250.48,1287.01,1296.6,1233.86,0.01916558,0.28461122
801015,2001-10-08,1190.55,1249.05,1249.94,1186.7,0.02128474,0.28169157149999996
801015,2001-10-09,1216.59,1189.85,1223.61,1184.57,0.0138154,0.1972679867
801015,2001-10-10,1171.59,1214.51,1216.38,1158.15,0.01435528,0.2103371395
801015,2001-10-11,1149.89,1175.56,1181.71,1130.75,0.02470765,0.37169668
801015,2001-10-12,1189.71,1152.1,1202.01,1123.03,0.03371354,0.49561755
801015,2001-10-15,1179.41,1188.87,1196.55,1158.7,0.01459454,0.21331690920000002
801015,2001-10-16,1154.15,1178.36,1188.76,1131.91,0.01982601,0.29717039
801015,2001-10-17,1135.14,1148.43,1159.59,1126.22,0.00740319,0.107070395
801015,2001-10-18,1078.17,1136.48,1143.74,1059.67,0.02461071,0.337989755
801015,2001-10-19,1015.12,1053.7,1071.74,1000.83,0.02057629,0.2669180497
801015,2001-10-22,971.08,994.33,1013.84,957.23,0.01377974,0.16574401589999999
801015,2001-10-23,1068.34,1068.11,1068.34,1051.13,0.0288103,0.3754441753
801015,2001-10-24,1162.15,1140.77,1174.25,1117.3,0.07613854,1.043917225
801015,2001-10-25,1134.67,1156.1,1160.13,1118.83,0.02378427,0.308887472
801015,2001-10-26,1141.55,1125.54,1151.28,1106.76,0.01757487,0.23584325
801015,2001-10-29,1167.6,1140.47,1169.7,1132.48,0.01521471,0.2194780396
801015,2001-10-30,1165.19,1163.76,1178.07,1147.92,0.01307105,0.19505313300000002
801015,2001-10-31,1161.64,1159.49,1168.07,1136.06,0.01352656,0.2020879225
801015,2001-11-01,1176.09,1168.14,1193.93,1160.13,0.01533788,0.219215155
801015,2001-11-02,1170.58,1169.45,1188.68,1158.6,0.01138096,0.1474537584
801015,2001-11-05,1149.23,1168.61,1171.99,1144.32,0.00547869,0.07432096099999999
801015,2001-11-06,1146.1,1143.36,1157.25,1139.44,0.00476022,0.06367632599999999
801015,2001-11-07,1066.23,1143.06,1146.44,1061.98,0.01826473,0.23422073399999999
801015,2001-11-08,1089.77,1043.71,1096.57,1029.53,0.0113839,0.1457675515
801015,2001-11-09,1102.73,1083.03,1110.85,1066.69,0.0122941,0.1686616925
801015,2001-11-12,1099.5,1100.26,1112.82,1082.76,0.00714407,0.096071404
801015,2001-11-13,1086.72,1086.4,1095.47,1074.03,0.00330359,0.041967973
801015,2001-11-14,1091.86,1086.72,1101.32,1081.53,0.00388667,0.0498345
801015,2001-11-15,1094.25,1091.28,1108.95,1083.77,0.0030891,0.04143727
801015,2001-11-16,1117.43,1167.84,1198.0,1113.48,0.02726793,0.3687662217
801015,2001-11-19,1139.99,1123.2,1141.68,1115.48,0.00698675,0.095144647
801015,2001-11-20,1163.56,1152.12,1174.56,1141.37,0.01748427,0.24393883940000002
801015,2001-11-21,1177.62,1159.84,1182.02,1149.01,0.0182218,0.2559184249
801015,2001-11-22,1184.91,1169.58,1188.92,1158.35,0.02203191,0.33202669
801015,2001-11-23,1181.82,1185.45,1193.9,1164.39,0.02589725,0.3948725638
801015,2001-11-26,1169.58,1177.32,1188.0,1160.27,0.01464412,0.2149421145
801015,2001-11-27,1182.3,1169.89,1185.98,1161.67,0.0115779,0.16329338
801015,2001-11-28,1186.53,1183.42,1197.16,1178.45,0.01221569,0.17194210570000001
801015,2001-11-29,1198.1,1185.02,1205.46,1177.65,0.01615798,0.2075429685
801015,2001-11-30,1212.92,1193.78,1215.82,1187.17,0.01727593,0.2423622972
801015,2001-12-03,1214.78,1215.38,1229.36,1206.1,0.02178059,0.30240903059999996
801015,2001-12-04,1219.75,1216.98,1226.77,1204.29,0.01098962,0.1438904
801015,2001-12-05,1209.99,1213.07,1235.13,1199.78,0.03395344,0.497652084
801015,2001-12-06,1224.02,1199.19,1228.88,1195.7,0.0364702,0.573737232
801015,2001-12-07,1227.47,1224.48,1240.1,1209.59,0.04246828,0.6950795133
801015,2001-12-10,1224.71,1225.9,1232.36,1209.55,0.01590401,0.2489250512
801015,2001-12-11,1204.91,1229.28,1232.37,1199.38,0.0185998,0.28759211
801015,2001-12-12,1206.05,1199.2,1215.49,1193.27,0.01738664,0.2696174259
801015,2001-12-13,1180.96,1199.54,1209.07,1173.71,0.01813547,0.2614465008
801015,2001-12-14,1175.29,1179.47,1196.57,1162.15,0.02885018,0.45236645630000005
801015,2001-12-17,1157.49,1172.73,1181.4,1148.23,0.01314956,0.1945889941
801015,2001-12-18,1177.71,1161.42,1182.63,1149.88,0.01636526,0.250826909
801015,2001-12-19,1167.44,1176.25,1184.74,1162.23,0.0105212,0.157026905
801015,2001-12-20,1129.99,1160.88,1167.93,1121.28,0.01410621,0.19750976850000002
801015,2001-12-21,1152.31,1126.78,1157.94,1124.12,0.01302692,0.1874937652
801015,2001-12-24,1152.9,1153.64,1187.41,1132.11,0.0197379,0.2823833274
801015,2001-12-25,1156.94,1149.31,1165.76,1135.12,0.0126401,0.1906147642
801015,2001-12-26,1175.12,1154.65,1177.77,1146.76,0.01641757,0.266039081
801015,2001-12-27,1180.61,1173.05,1203.16,1162.35,0.02357328,0.39178017
801015,2001-12-28,1192.07,1179.09,1202.63,1168.69,0.03493009,0.5512247637
801015,2001-12-31,1191.81,1196.48,1209.99,1180.42,0.03280549,0.548246772
801015,2002-01-04,1156.57,1187.78,1197.62,1149.71,0.01903499,0.30666989
801015,2002-01-07,1149.01,1147.69,1162.28,1124.46,0.01539555,0.23582909600000002
801015,2002-01-08,1130.59,1143.97,1159.59,1122.19,0.00953506,0.141628198
801015,2002-01-09,1107.61,1117.5,1132.75,1102.93,0.01144575,0.15632069839999999
801015,2002-01-10,1095.17,1103.92,1130.73,1050.66,0.02921022,0.4202569005
801015,2002-01-11,1053.35,1092.17,1106.12,1043.01,0.0280907,0.4339936
801015,2002-01-14,1026.24,1024.81,1055.41,1009.76,0.01920283,0.2753705675
801015,2002-01-15,1018.26,1022.97,1048.63,1006.9,0.0113836,0.13098636460000002
801015,2002-01-16,1008.0,1009.04,1032.07,975.2,0.02301895,0.3360490114
801015,2002-01-17,945.6,1001.81,1007.42,938.8,0.01676107,0.21731109899999998
801015,2002-01-18,949.84,935.78,974.42,906.86,0.01854329,0.227946258
801015,2002-01-21,904.29,942.47,948.69,898.7,0.01196856,0.1322882458
801015,2002-01-22,872.82,894.2,933.15,866.5,0.0167487,0.169773095
801015,2002-01-23,934.37,862.58,938.7,821.11,0.04275241,0.4445193578
801015,2002-01-24,933.59,919.31,964.04,882.23,0.03722996,0.40328899840000004
801015,2002-01-25,931.95,921.0,944.61,913.22,0.01736651,0.18887906710000002
801015,2002-01-28,852.51,928.47,935.19,850.1,0.02670891,0.275445533
801015,2002-01-29,873.26,832.92,885.27,826.4,0.02042827,0.18610804
801015,2002-01-30,875.77,872.18,894.23,861.46,0.01672602,0.156719385
801015,2002-01-31,958.09,882.01,963.39,882.01,0.03964274,0.4211218133
801015,2002-02-01,971.51,957.18,991.83,951.84,0.0693121,0.7238300963
801015,2002-02-04,996.24,967.11,1002.98,950.18,0.03447319,0.39266613759999996
801015,2002-02-05,990.41,995.43,1009.35,981.16,0.02323363,0.25739037649999996
801015,2002-02-06,957.32,990.02,994.59,955.26,0.02095384,0.22381648140000002
801015,2002-02-07,983.23,955.05,991.51,952.27,0.0184853,0.2061722788
801015,2002-02-08,974.56,986.12,1008.2,972.4,0.0218892,0.2605586848
801015,2002-02-25,991.16,1008.58,1014.72,980.07,0.01563687,0.1725190628
801015,2002-02-26,996.38,991.3,999.21,971.33,0.01247608,0.13654632220000001
801015,2002-02-27,1003.05,996.56,1012.57,989.3,0.01936217,0.1996012284
801015,2002-02-28,997.23,999.51,1008.97,989.94,0.01265316,0.1397964349
801015,2002-03-01,985.21,991.52,1000.24,974.89,0.01621873,0.1699407163
801015,2002-03-04,1007.02,983.87,1010.59,973.66,0.0277596,0.27225244670000004
801015,2002-03-05,1043.23,1009.02,1050.45,1004.87,0.03893801,0.4313119065
801015,2002-03-06,1040.89,1040.15,1065.42,1032.89,0.04721342,0.5600797522
801015,2002-03-07,1082.6,1036.46,1084.98,1034.45,0.05209579,0.6086723228
801015,2002-03-08,1094.03,1091.26,1106.09,1071.85,0.07386234,0.8725084296
801015,2002-03-11,1119.21,1094.27,1123.29,1079.76,0.05269675,0.6746978908
801015,2002-03-12,1094.93,1116.91,1122.7,1087.78,0.0367979,0.4707099436
801015,2002-03-13,1067.46,1078.73,1098.5,1063.22,0.02538373,0.3098513897
801015,2002-03-14,1100.34,1064.32,1105.8,1062.56,0.02163685,0.26150893989999996
801015,2002-03-15,1070.44,1097.21,1113.28,1063.99,0.0286226,0.36704308399999996
801015,2002-03-18,1070.84,1070.47,1102.49,1060.81,0.02403344,0.3141427947
801015,2002-03-19,1115.68,1073.12,1120.4,1053.72,0.05016825,0.6553799536
801015,2002-03-20,1127.32,1130.91,1146.25,1107.95,0.06699817,0.9269788538
801015,2002-03-21,1125.81,1129.19,1136.84,1108.8,0.05580732,0.8030577174
801015,2002-03-22,1119.39,1122.08,1133.22,1099.62,0.04982883,0.73299403
801015,2002-03-25,1131.75,1110.51,1139.47,1107.59,0.03640796,0.547673368
801015,2002-03-26,1109.52,1111.76,1134.71,1094.15,0.03554085,0.45351287840000004
801015,2002-03-27,1123.7,1105.09,1137.04,1099.13,0.04356011,0.5103567909000001
801015,2002-03-28,1123.99,1121.74,1140.09,1110.28,0.02846801,0.37595399869999996
801015,2002-03-29,1093.74,1120.45,1125.56,1075.93,0.03532184,0.4578998838
801015,2002-04-01,1091.55,1084.92,1108.64,1063.74,0.0223774,0.2620311128
801015,2002-04-02,1075.71,1088.0,1104.05,1063.01,0.02156648,0.2579476892
801015,2002-04-03,1088.56,1092.89,1106.76,1072.63,0.03367681,0.3815979893
801015,2002-04-04,1129.47,1085.92,1131.06,1069.01,0.03863683,0.5080857536
801015,2002-04-05,1133.55,1125.75,1152.56,1112.42,0.05821004,0.6975624320999999
801015,2002-04-08,1143.01,1132.91,1155.74,1120.8,0.05106453,0.6042031788000001
801015,2002-04-09,1163.78,1149.48,1178.6,1133.9,0.06231584,0.7965299392
801015,2002-04-10,1163.79,1164.92,1178.24,1152.31,0.0358383,0.4841570869
801015,2002-04-11,1131.62,1166.65,1174.35,1127.95,0.03379104,0.41451503450000005
801015,2002-04-12,1135.02,1129.82,1149.06,1125.92,0.01741869,0.2154340322
801015,2002-04-15,1122.8,1131.52,1143.3,1113.55,0.01998809,0.23497001050000002
801015,2002-04-16,1120.13,1121.26,1134.13,1113.43,0.01263421,0.1499166708
801015,2002-04-17,1135.17,1123.18,1146.41,1116.73,0.01761121,0.21704794579999998
801015,2002-04-18,1121.05,1134.72,1141.29,1119.86,0.0104146,0.1285275502
801015,2002-04-19,1120.34,1118.32,1139.79,1091.08,0.01905359,0.23808215670000002
801015,2002-04-22,1123.21,1120.22,1137.33,1098.25,0.00783642,0.0981362168
801015,2002-04-23,1127.72,1122.17,1140.41,1108.18,0.01091195,0.138590617
801015,2002-04-24,1102.73,1127.84,1129.68,1099.65,0.01057493,0.12661127
801015,2002-04-25,1109.47,1098.71,1114.63,1095.0,0.00713075,0.08657963169999999
801015,2002-04-26,1126.48,1106.87,1134.95,1104.05,0.01283301,0.1545788768
801015,2002-04-29,1149.95,1129.43,1158.26,1126.05,0.0209641,0.2662968332
801015,2002-04-30,1152.5,1153.1,1164.82,1130.07,0.02543389,0.3518193117
801015,2002-05-08,1138.88,1153.51,1157.0,1135.17,0.00828519,0.10903974599999999
801015,2002-05-09,1139.96,1134.94,1157.5,1132.28,0.0154236,0.2256449146
801015,2002-05-10,1135.11,1141.55,1150.81,1122.87,0.02873908,0.4272921225
801015,2002-05-13,1129.85,1131.46,1142.9,1116.67,0.03940287,0.5969122712
801015,2002-05-14,1131.81,1125.24,1152.47,1119.8,0.03677479,0.46503956520000006
801015,2002-05-15,1106.75,1125.07,1138.29,1102.44,0.01647867,0.20012147
801015,2002-05-16,1061.39,1100.58,1109.14,1060.25,0.02096434,0.23787197
801015,2002-05-17,1081.6,1062.26,1090.95,1059.29,0.0148556,0.164590386
801015,2002-05-20,1056.53,1078.88,1080.03,1040.64,0.00951185,0.1044259301
801015,2002-05-21,1094.19,1093.81,1113.88,1073.82,0.02353894,0.2730571274
801015,2002-05-22,1065.99,1093.25,1100.1,1062.16,0.01085773,0.12019772
801015,2002-05-23,1083.17,1071.88,1099.66,1067.43,0.01619467,0.18919552050000002
801015,2002-05-24,1070.89,1080.58,1086.9,1056.68,0.01173894,0.1313382954
801015,2002-05-27,1067.61,1072.67,1085.06,1056.4,0.00552721,0.0561966054
801015,2002-05-28,1077.19,1072.14,1089.45,1063.19,0.01194984,0.1399182236
801015,2002-05-29,1062.06,1084.46,1084.9,1053.62,0.01146627,0.13102169130000002
801015,2002-05-30,1067.42,1059.28,1078.63,1050.12,0.019281,0.2244859275
801015,2002-05-31,1057.97,1061.79,1072.3,1053.48,0.00760158,0.0861737083
801015,2002-06-03,1027.88,1048.16,1054.38,1021.43,0.01131403,0.1225912553
801015,2002-06-04,1041.38,1030.73,1060.48,1009.97,0.01397705,0.1641326967
801015,2002-06-05,1007.83,1034.85,1038.23,1004.75,0.0091024,0.0975791532
801015,2002-06-06,1053.74,1014.59,1071.96,993.74,0.01512708,0.1607281194
801015,2002-06-07,1063.64,1056.13,1076.87,1039.33,0.02613495,0.3025138135
801015,2002-06-10,1054.31,1061.74,1068.31,1047.73,0.00684425,0.07380578230000001
801015,2002-06-11,1067.0,1054.8,1073.15,1050.29,0.00778237,0.09704894
801015,2002-06-12,1069.04,1065.33,1090.95,1054.47,0.02314185,0.2531040562
801015,2002-06-13,1051.02,1039.05,1089.38,1029.4,0.00794319,0.0865919427
801015,2002-06-14,1045.09,1041.7,1062.96,1037.35,0.01503617,0.1742539756
801015,2002-06-17,1038.83,1038.02,1046.65,1023.31,0.00414952,0.046872794
801015,2002-06-18,1059.61,1045.35,1066.97,1041.4,0.00723326,0.0783177322
801015,2002-06-19,1048.15,1058.37,1059.27,1044.49,0.00628954,0.07029853400000001
801015,2002-06-20,1060.65,1052.82,1071.73,1048.42,0.00937788,0.10404835
801015,2002-06-21,1096.12,1065.28,1099.56,1059.71,0.03097917,0.3545413229
801015,2002-06-24,1201.14,1200.71,1206.11,1144.12,0.12110892,1.5707259606
801015,2002-06-25,1168.94,1189.87,1232.05,1144.13,0.11171825,1.4004347543
801015,2002-06-26,1180.45,1158.08,1187.09,1144.68,0.0448333,0.5487551824
801015,2002-06-27,1164.93,1178.9,1188.52,1155.96,0.02598229,0.3225897853
801015,2002-06-28,1164.07,1165.24,1191.36,1145.2,0.07273758,0.881292305
801015,2002-07-01,1154.2,1172.19,1178.7,1143.04,0.01003962,0.1220888327
801015,2002-07-02,1156.33,1142.5,1162.6,1125.83,0.01899312,0.2273216089
801015,2002-07-03,1162.38,1155.93,1174.64,1139.45,0.02075363,0.2546881445
801015,2002-07-04,1153.38,1159.79,1174.84,1146.51,0.02041537,0.253735249
801015,2002-07-05,1149.57,1149.35,1159.02,1140.19,0.01552154,0.1859817678
801015,2002-07-08,1156.69,1154.57,1167.65,1146.36,0.01727813,0.2147680878
801015,2002-07-09,1159.08,1157.77,1170.75,1148.5,0.02139354,0.265892837
801015,2002-07-10,1137.51,1157.69,1163.28,1129.93,0.02276176,0.2718254986
801015,2002-07-11,1134.83,1131.81,1145.03,1122.27,0.01436164,0.17157892600000002
801015,2002-07-12,1123.89,1131.28,1144.28,1113.05,0.02171825,0.2626326787
801015,2002-07-15,1106.53,1120.3,1130.78,1094.41,0.01928617,0.2271549302
801015,2002-07-16,1112.06,1110.56,1122.9,1104.13,0.01022205,0.12449058939999999
801015,2002-07-17,1118.38,1111.41,1120.3,1098.11,0.01054355,0.1252047054
801015,2002-07-18,1134.41,1118.06,1139.29,1111.9,0.02151736,0.2558870036
801015,2002-07-19,1141.81,1132.53,1146.72,1122.93,0.01152136,0.1410573724
801015,2002-07-22,1116.16,1140.45,1145.21,1111.46,0.01269942,0.16080418
801015,2002-07-23,1108.67,1111.89,1122.25,1096.24,0.00816606,0.09444499
801015,2002-07-24,1108.82,1108.96,1119.99,1097.63,0.011348,0.12661530710000002
801015,2002-07-25,1103.84,1108.44,1117.43,1097.82,0.01097874,0.1366292674
801015,2002-07-26,1110.04,1111.62,1129.25,1102.18,0.00659567,0.0802140434
801015,2002-07-29,1110.82,1108.61,1118.01,1087.88,0.0090527,0.1040368549
801015,2002-07-30,1113.02,1116.24,1120.65,1099.49,0.00771619,0.08705581970000001
801015,2002-07-31,1108.13,1109.34,1124.68,1100.46,0.01073675,0.126960832
801015,2002-08-01,1122.09,1109.39,1135.67,1102.07,0.03926616,0.478194158
801015,2002-08-02,1119.34,1122.76,1129.08,1110.9,0.02305071,0.2779396354
801015,2002-08-05,1116.52,1116.18,1128.31,1101.35,0.04125547,0.5110562617000001
801015,2002-08-06,1130.04,1114.35,1142.98,1106.07,0.03357111,0.42049914130000005
801015,2002-08-07,1138.0,1130.66,1140.76,1123.7,0.03472107,0.4345764285
801015,2002-08-08,1139.09,1141.36,1153.33,1130.09,0.04104889,0.4810332597
801015,2002-08-09,1130.12,1137.35,1144.2,1116.6,0.02245685,0.2828829276
801015,2002-08-12,1129.98,1127.51,1138.39,1117.82,0.02243253,0.275665425
801015,2002-08-13,1130.45,1127.81,1139.49,1120.69,0.02836075,0.35396147
801015,2002-08-14,1144.59,1130.95,1148.15,1127.2,0.05859696,0.7343372788
801015,2002-08-15,1138.82,1141.53,1146.44,1131.07,0.02832486,0.3502367
801015,2002-08-16,1148.25,1136.31,1161.99,1129.07,0.06798069,0.8689119023
801015,2002-08-19,1140.16,1142.79,1156.68,1130.94,0.0256432,0.3241978373
801015,2002-08-20,1151.17,1142.77,1156.97,1135.44,0.04603516,0.5838265738
801015,2002-08-21,1155.13,1155.13,1167.98,1142.43,0.06492697,0.8421647776000001
801015,2002-08-22,1156.3,1153.73,1171.74,1144.87,0.03698723,0.4709809703
801015,2002-08-23,1151.67,1156.73,1165.17,1146.0,0.0212656,0.2661614412
801015,2002-08-26,1157.93,1149.63,1167.3,1140.52,0.03425226,0.446421946
801015,2002-08-27,1172.38,1157.5,1180.11,1155.28,0.05612081,0.7525917355
801015,2002-08-28,1170.02,1173.38,1185.53,1159.17,0.05211648,0.6854752322
801015,2002-08-29,1162.87,1171.11,1187.72,1157.55,0.0193328,0.25888260609999997
801015,2002-08-30,1167.21,1163.1,1180.36,1162.01,0.02750437,0.3704426914
801015,2002-09-02,1167.53,1161.81,1172.69,1158.65,0.01299699,0.17068708920000003
801015,2002-09-03,1178.08,1168.26,1184.24,1164.92,0.04425545,0.58507851
801015,2002-09-04,1173.81,1177.7,1198.99,1165.0,0.05243766,0.7109065022
801015,2002-09-05,1160.48,1168.45,1175.48,1151.2,0.02514078,0.33099601359999997
801015,2002-09-06,1156.73,1155.99,1172.5,1145.43,0.02219703,0.3043041051
801015,2002-09-09,1159.62,1161.96,1169.42,1135.27,0.02894837,0.35996362130000004
801015,2002-09-10,1160.66,1156.33,1170.76,1150.78,0.0342615,0.4036186761
801015,2002-09-11,1162.63,1161.68,1172.17,1146.37,0.01654919,0.216026555
801015,2002-09-12,1175.71,1166.03,1182.73,1152.87,0.03139702,0.3983996402
801015,2002-09-13,1175.03,1175.75,1184.81,1164.72,0.02107186,0.26102045809999996
801015,2002-09-16,1158.65,1173.88,1177.9,1147.43,0.01718587,0.2280969071
801015,2002-09-17,1158.02,1155.87,1166.44,1142.76,0.0168372,0.2173301925
801015,2002-09-18,1147.96,1156.53,1169.02,1138.47,0.0191518,0.24948914
801015,2002-09-19,1156.17,1145.2,1158.65,1126.91,0.02828954,0.3592951315
801015,2002-09-20,1145.02,1155.67,1159.52,1135.41,0.0139119,0.1755139227
801015,2002-09-23,1150.18,1144.53,1157.8,1132.3,0.034235,0.4389574384
801015,2002-09-24,1142.72,1148.63,1154.97,1135.07,0.01665311,0.211511122
801015,2002-09-25,1148.0,1141.58,1155.89,1131.09,0.02858384,0.383150524
801015,2002-09-26,1138.05,1144.72,1156.11,1127.82,0.00594169,0.0702351746
801015,2002-09-27,1130.91,1139.88,1144.96,1119.02,0.02047881,0.2715560814
801015,2002-10-08,1115.44,1127.1,1130.78,1102.18,0.00452726,0.058164329199999996
801015,2002-10-09,1098.87,1114.88,1118.12,1085.39,0.00903839,0.11494152
801015,2002-10-10,1094.25,1089.68,1108.73,1084.44,0.00512644,0.06767532
801015,2002-10-11,1087.76,1097.98,1105.96,1071.18,0.00665601,0.0834107033
801015,2002-10-14,1079.34,1082.58,1086.16,1064.43,0.00780544,0.0906932247
801015,2002-10-15,1082.98,1077.53,1087.94,1064.95,0.01170153,0.14960485
801015,2002-10-16,1086.42,1081.93,1098.18,1077.23,0.01065902,0.1323766128
801015,2002-10-17,1069.06,1083.8,1089.63,1062.05,0.00921553,0.11837945
801015,2002-10-18,1070.25,1066.86,1081.62,1053.16,0.01482363,0.1887281603
801015,2002-10-21,1073.42,1065.65,1080.12,1055.5,0.01029146,0.1263201465
801015,2002-10-22,1085.9,1074.73,1092.96,1069.36,0.014891,0.1812246503
801015,2002-10-23,1086.11,1089.88,1098.15,1074.89,0.01019776,0.1296888424
801015,2002-10-24,1079.03,1077.85,1089.68,1069.94,0.01037696,0.13348123
801015,2002-10-25,1060.68,1077.96,1088.06,1053.88,0.0062937,0.07783375
801015,2002-10-28,1040.31,1057.54,1066.22,1030.85,0.00824738,0.0992079016
801015,2002-10-29,1052.85,1039.83,1057.05,1024.89,0.01477311,0.18014764879999998
801015,2002-10-30,1047.36,1050.86,1058.52,1037.25,0.00830112,0.10120234
801015,2002-10-31,1048.26,1047.98,1061.92,1044.69,0.00544907,0.0661226712
801015,2002-11-01,1046.75,1048.12,1053.98,1036.94,0.00465696,0.05672416
801015,2002-11-04,1062.06,1062.77,1075.22,1038.45,0.00768457,0.0936508985
801015,2002-11-05,1077.91,1062.49,1084.6,1055.65,0.01987817,0.2464735123
801015,2002-11-06,1070.08,1074.28,1084.15,1056.0,0.01538737,0.1946318951
801015,2002-11-07,1060.77,1068.88,1077.8,1055.17,0.00635305,0.0770719875
801015,2002-11-08,1041.88,1073.01,1082.74,1037.07,0.02371327,0.2913995165
801015,2002-11-11,1034.31,1038.71,1059.34,1026.57,0.00816915,0.104820895
801015,2002-11-12,1020.18,1033.47,1054.07,1012.0,0.01624918,0.19356190350000002
801015,2002-11-13,1024.59,1023.41,1029.45,999.75,0.00860867,0.1016827324
801015,2002-11-14,995.44,1019.01,1027.31,991.82,0.0070233,0.08124684
801015,2002-11-15,992.2,995.78,1010.73,972.06,0.01636835,0.191131857
801015,2002-11-18,992.2,988.72,1013.38,967.46,0.01995689,0.22951443
801015,2002-11-19,993.61,988.92,1004.78,972.9,0.00983159,0.1132865547
801015,2002-11-20,972.81,993.84,1001.98,956.61,0.01309292,0.14781617060000002
801015,2002-11-21,949.87,968.39,978.71,942.15,0.01197443,0.1181381384
801015,2002-11-22,949.87,959.14,971.61,935.58,0.0098607,0.1080810296
801015,2002-11-25,953.52,955.92,966.1,941.22,0.003905,0.039033494700000004
801015,2002-11-26,933.99,935.5,966.22,921.79,0.00624344,0.06777852
801015,2002-11-27,945.98,923.63,961.79,915.78,0.01678882,0.19388370300000002
801015,2002-11-28,967.39,935.28,968.65,928.52,0.01275843,0.1426428531
801015,2002-11-29,978.08,963.1,996.71,948.95,0.03125933,0.3579133757
801015,2002-12-02,949.62,974.96,976.85,938.52,0.01107299,0.1277491323
801015,2002-12-03,956.22,942.29,965.43,936.54,0.00992758,0.11104548119999999
801015,2002-12-04,964.67,962.5,990.32,934.63,0.02235624,0.269169321
801015,2002-12-05,960.43,955.73,970.05,938.01,0.01281634,0.15616929
801015,2002-12-06,962.79,958.3,970.14,952.9,0.00706742,0.082433958
801015,2002-12-09,957.05,956.97,967.98,951.7,0.00342928,0.03759054
801015,2002-12-10,951.32,955.2,963.21,943.15,0.00489492,0.05735572
801015,2002-12-11,956.19,950.84,968.56,929.2,0.01922023,0.24101032600000002
801015,2002-12-12,962.79,957.22,974.04,946.23,0.02497538,0.2981330197
801015,2002-12-13,971.29,964.89,979.04,943.5,0.02764596,0.29123936440000003
801015,2002-12-16,978.2,968.88,985.74,962.46,0.02160522,0.2375155131
801015,2002-12-17,979.67,974.17,985.63,966.69,0.01445251,0.1602080819
801015,2002-12-18,983.7,986.22,997.6,973.85,0.02408889,0.2634891951
801015,2002-12-19,987.64,985.57,997.99,972.73,0.02651472,0.29226820859999997
801015,2002-12-20,995.29,987.21,1003.02,978.99,0.01755345,0.19449424350000002
801015,2002-12-23,993.28,996.24,1006.17,987.02,0.00643938,0.064174463
801015,2002-12-24,989.95,990.54,997.4,978.25,0.01453195,0.1700732304
801015,2002-12-25,979.01,990.93,994.12,975.5,0.007524,0.0815350001
801015,2002-12-26,956.18,976.64,984.46,947.46,0.01759212,0.20335565579999998
801015,2002-12-27,945.3,950.6,961.43,931.92,0.0154373,0.16778007760000002
801015,2002-12-30,939.68,940.07,963.91,919.65,0.01833958,0.203304275
801015,2002-12-31,919.63,941.72,948.01,904.61,0.00722615,0.07566132
801015,2003-01-02,886.49,912.99,922.53,881.87,0.0074976,0.07962017
801015,2003-01-03,886.08,880.58,901.41,869.69,0.00904176,0.10697107
801015,2003-01-06,894.45,876.89,903.73,865.29,0.00712966,0.078106309
801015,2003-01-07,890.67,894.24,902.83,877.08,0.00669509,0.0662006378
801015,2003-01-08,909.4,892.32,913.33,879.45,0.01104114,0.1133971308
801015,2003-01-09,925.7,915.85,939.31,889.71,0.02910887,0.317591732
801015,2003-01-10,914.22,922.62,930.16,903.09,0.02667571,0.2891844444
801015,2003-01-13,920.45,910.19,927.73,899.29,0.0169365,0.1855811862
801015,2003-01-14,963.39,916.47,976.12,908.02,0.05897194,0.646158561
801015,2003-01-15,952.86,969.71,976.37,937.51,0.03386935,0.36885490060000004
801015,2003-01-16,982.89,955.14,987.66,941.42,0.03466338,0.392267744
801015,2003-01-17,978.84,983.86,994.87,968.52,0.02938575,0.3177817478
801015,2003-01-20,965.6,974.97,981.94,950.13,0.02430335,0.26273223149999997
801015,2003-01-21,950.54,964.18,968.53,942.49,0.01800733,0.195532045
801015,2003-01-22,961.34,926.42,966.41,917.21,0.02681285,0.29720509359999997
801015,2003-01-23,951.04,959.74,977.84,947.26,0.02725421,0.2683519803
801015,2003-01-24,962.46,954.21,968.35,947.61,0.01730673,0.18726859920000002
801015,2003-01-27,971.93,962.46,974.7,960.08,0.01755734,0.1846691285
801015,2003-01-28,981.93,977.39,991.38,966.84,0.01777546,0.21602957
801015,2003-01-29,989.99,982.36,1001.01,974.05,0.0273919,0.31231572399999996
801015,2003-02-10,980.57,993.82,997.41,971.29,0.0098756,0.11677067
801015,2003-02-11,988.03,977.9,990.28,972.36,0.01055155,0.1288457125
801015,2003-02-12,994.8,986.21,1000.06,978.57,0.01515071,0.17663271739999997
801015,2003-02-13,997.45,997.01,1009.37,985.85,0.02217851,0.2406856286
801015,2003-02-14,998.93,995.6,1003.68,988.69,0.01188226,0.124087214
801015,2003-02-17,979.34,999.71,1005.6,972.01,0.01407862,0.150654803
801015,2003-02-18,974.98,979.27,985.82,968.21,0.0085078,0.096689994
801015,2003-02-19,982.94,971.62,986.28,965.77,0.02408358,0.265985189
801015,2003-02-20,982.03,980.97,990.85,974.84,0.01783959,0.19084826010000003
801015,2003-02-21,961.99,980.58,984.95,954.32,0.01396652,0.149770499
801015,2003-02-24,964.0,956.81,968.25,953.13,0.00664749,0.0698360185
801015,2003-02-25,977.9,963.89,980.8,960.61,0.02270587,0.25132469329999996
801015,2003-02-26,983.66,977.89,990.11,964.86,0.02434615,0.260887715
801015,2003-02-27,979.04,978.45,990.32,967.67,0.02662248,0.2704868874
801015,2003-02-28,979.87,978.53,983.78,965.2,0.01891333,0.2008174232
801015,2003-03-03,985.47,985.93,992.76,976.13,0.02656973,0.25842524829999997
801015,2003-03-04,987.38,986.22,995.17,976.82,0.02869407,0.3083948117
801015,2003-03-05,990.28,984.47,1000.73,973.94,0.01847154,0.2254074636
801015,2003-03-06,975.98,989.0,993.96,969.08,0.01285127,0.1407894844
801015,2003-03-07,970.3,974.23,979.67,960.95,0.01033111,0.109712951
801015,2003-03-10,950.12,966.62,970.64,943.28,0.01406608,0.1482974786
801015,2003-03-11,954.16,956.48,966.04,941.9,0.00902925,0.09037788640000001
801015,2003-03-12,956.38,950.76,962.35,937.65,0.00938963,0.1019233184
801015,2003-03-13,953.97,951.98,960.55,943.5,0.00960697,0.110834965
801015,2003-03-14,952.39,953.47,960.25,946.47,0.01022033,0.1090116456
801015,2003-03-17,948.67,948.91,957.2,933.59,0.01211999,0.1293343269
801015,2003-03-18,952.97,946.7,961.92,941.66,0.02651006,0.2930084221
801015,2003-03-19,951.61,953.05,965.04,941.14,0.01533359,0.1739606605
801015,2003-03-20,950.28,950.93,956.84,940.64,0.00558334,0.0676006456
801015,2003-03-21,954.49,946.82,957.34,941.76,0.00904682,0.100885095
801015,2003-03-24,952.55,953.03,958.66,947.26,0.00632693,0.06764956
801015,2003-03-25,943.38,952.72,956.72,933.32,0.00984463,0.12440991800000001
801015,2003-03-26,941.04,936.95,949.0,929.2,0.01139816,0.123014913
801015,2003-03-27,966.19,939.0,969.83,927.9,0.02125755,0.2220831459
801015,2003-03-28,951.89,955.01,966.72,941.31,0.02548177,0.303691088
801015,2003-03-31,953.79,949.61,959.89,941.03,0.01662249,0.1929925011
801015,2003-04-01,969.09,945.53,972.18,940.1,0.0300638,0.3449319076
801015,2003-04-02,962.84,968.08,972.39,956.2,0.01662974,0.205997795
801015,2003-04-03,955.26,961.46,968.37,948.76,0.01563101,0.18931250989999998
801015,2003-04-04,957.84,951.01,960.81,943.73,0.01069943,0.110260261
801015,2003-04-07,951.52,957.16,966.91,945.03,0.01314106,0.1358037895
801015,2003-04-08,941.52,949.89,951.77,935.92,0.01342516,0.1323053472
801015,2003-04-09,955.2,941.92,958.83,928.96,0.04491297,0.47291224439999996
801015,2003-04-10,946.27,958.94,965.34,933.27,0.03019892,0.306023648
801015,2003-04-11,945.83,946.01,952.35,930.94,0.03153921,0.33093206350000004
801015,2003-04-14,957.19,945.21,961.52,933.87,0.05270209,0.5424464677
801015,2003-04-15,1013.9,962.69,1019.29,950.6,0.10871411,1.1562584809999998
801015,2003-04-16,980.19,1020.45,1024.58,972.1,0.09491334,0.9867062136
801015,2003-04-17,967.49,977.64,988.65,958.68,0.02999944,0.3168335619
801015,2003-04-18,969.16,962.64,977.96,957.26,0.01951867,0.203940681
801015,2003-04-21,962.84,969.95,974.68,945.71,0.02316374,0.24371961949999998
801015,2003-04-22,964.81,964.7,982.37,953.09,0.01989937,0.2184008841
801015,2003-04-23,948.1,965.22,969.96,946.98,0.01271431,0.1252698147
801015,2003-04-24,928.7,948.83,955.61,919.95,0.01650161,0.16967692420000002
801015,2003-04-25,914.0,928.05,938.83,909.77,0.01136904,0.1075794216
801015,2003-04-28,922.17,909.79,923.88,892.61,0.01810315,0.1759236187
801015,2003-04-29,898.39,916.51,933.78,896.13,0.01091343,0.10137907
801015,2003-04-30,892.41,902.77,914.63,887.0,0.01287573,0.11723400619999999
801015,2003-05-12,882.69,892.95,902.46,871.89,0.00888583,0.0856281113
801015,2003-05-13,838.06,882.05,883.03,829.57,0.01633535,0.14747299
801015,2003-05-14,847.76,837.6,850.84,830.6,0.01011849,0.087624121
801015,2003-05-15,872.38,847.2,880.02,840.46,0.0193037,0.18333174800000002
801015,2003-05-16,865.73,866.9,878.38,856.6,0.00857175,0.08046199379999999
801015,2003-05-19,873.37,867.13,879.74,859.91,0.00688398,0.0608253142
801015,2003-05-20,859.86,871.04,873.77,852.64,0.00998181,0.08674370199999999
801015,2003-05-21,866.16,858.69,875.65,856.24,0.00646875,0.056931009299999995
801015,2003-05-22,866.6,867.1,874.86,857.54,0.00630379,0.0560660466
801015,2003-05-23,873.51,871.18,879.29,860.37,0.01554099,0.1427442516
801015,2003-05-26,880.3,876.26,885.32,866.64,0.01457976,0.1390027837
801015,2003-05-27,883.27,882.83,888.4,871.6,0.0141743,0.1345583649
801015,2003-05-28,879.43,884.13,889.17,870.64,0.0078133,0.075605282
801015,2003-05-29,884.95,876.37,887.09,870.25,0.01830661,0.1817284602
801015,2003-05-30,891.49,884.64,899.87,878.37,0.01699151,0.1620350643
801015,2003-06-02,899.38,890.98,905.72,884.34,0.01720872,0.1697223174
801015,2003-06-03,893.93,897.8,902.5,886.53,0.01513217,0.1381674706
801015,2003-06-04,888.78,892.4,895.38,878.42,0.01499195,0.1368789867
801015,2003-06-05,885.06,889.26,896.1,878.91,0.00794981,0.07567877
801015,2003-06-06,873.82,879.78,885.96,869.08,0.0070373,0.06538688200000001
801015,2003-06-09,868.32,868.91,877.24,860.45,0.00714364,0.0662715828
801015,2003-06-10,874.75,869.41,879.77,863.57,0.00779069,0.0834607956
801015,2003-06-11,884.1,874.44,885.98,872.95,0.01026731,0.1080034
801015,2003-06-12,884.49,884.98,892.26,877.42,0.00958827,0.0914035142
801015,2003-06-13,888.03,883.9,892.01,872.18,0.01051689,0.10863899119999999
801015,2003-06-16,889.37,889.74,897.92,880.31,0.01018431,0.0919481458
801015,2003-06-17,886.25,890.32,893.84,879.37,0.00916125,0.0916803574
801015,2003-06-18,886.31,889.67,898.53,880.91,0.00685756,0.06322075
801015,2003-06-19,885.03,885.78,893.3,871.64,0.01365458,0.1331956033
801015,2003-06-20,886.47,879.25,890.2,873.51,0.01421297,0.1333554515
801015,2003-06-23,874.44,884.48,888.74,867.28,0.01343097,0.12804811
801015,2003-06-24,864.67,871.67,877.45,857.78,0.00717293,0.068470878
801015,2003-06-25,861.66,863.1,869.87,854.95,0.00749933,0.0667871312
801015,2003-06-26,867.49,857.09,869.81,851.49,0.00968694,0.0866778337
801015,2003-06-27,869.66,868.75,889.81,853.28,0.02207499,0.22218977
801015,2003-06-30,851.34,865.02,869.62,848.15,0.0079819,0.080423492
801015,2003-07-01,854.1,849.63,860.55,849.05,0.00834499,0.0789455134
801015,2003-07-02,855.56,857.52,866.17,844.89,0.01501168,0.1382419473
801015,2003-07-03,846.74,853.0,857.31,842.86,0.00956457,0.072440485
801015,2003-07-04,848.05,845.97,856.42,841.48,0.00748678,0.057128429
801015,2003-07-07,837.3,849.57,851.6,830.82,0.0060534,0.04745309
801015,2003-07-08,847.43,836.59,855.81,828.53,0.01113244,0.0843709432
801015,2003-07-09,849.05,843.56,857.05,835.37,0.03167205,0.2938443616
801015,2003-07-10,858.01,852.97,865.05,845.85,0.0329711,0.272008821
801015,2003-07-11,852.51,856.72,861.97,842.26,0.0157385,0.1274615679
801015,2003-07-14,848.36,850.18,859.15,841.07,0.00866963,0.0695173216
801015,2003-07-15,836.91,845.05,848.49,832.75,0.0063984,0.0516705606
801015,2003-07-16,830.11,840.0,842.43,820.07,0.00795625,0.06020763
801015,2003-07-17,838.25,826.2,845.21,814.35,0.01468932,0.1077139022
801015,2003-07-18,812.62,830.42,839.13,812.02,0.00921954,0.0726823784
801015,2003-07-21,788.68,813.53,816.47,780.67,0.00948218,0.074737236
801015,2003-07-22,786.28,797.98,802.19,778.64,0.00705226,0.050886256
801015,2003-07-23,790.71,785.5,792.72,781.93,0.00424063,0.0303436936
801015,2003-07-24,781.52,789.92,795.89,778.94,0.00526949,0.0388762
801015,2003-07-25,773.65,781.19,788.27,770.46,0.00775593,0.06075077
801015,2003-07-28,771.16,770.92,781.6,764.61,0.00501382,0.0391512394
801015,2003-07-29,773.47,773.32,781.41,761.53,0.00777165,0.0637048449
801015,2003-07-30,771.58,774.78,781.42,765.28,0.0069885,0.058550415300000005
801015,2003-07-31,764.2,772.66,775.68,762.01,0.00788694,0.0626471599
801015,2003-08-01,766.02,766.42,772.11,758.99,0.00751147,0.054842414000000006
801015,2003-08-04,777.05,765.03,777.48,757.35,0.01076482,0.0757502855
801015,2003-08-05,774.62,775.42,780.65,769.3,0.0092582,0.065809138
801015,2003-08-06,776.81,774.84,784.43,767.13,0.01088937,0.0728537336
801015,2003-08-07,781.72,774.13,783.76,770.82,0.01336154,0.08858410900000001
801015,2003-08-08,774.75,779.75,785.27,767.87,0.02486866,0.1642874614
801015,2003-08-11,781.18,770.5,786.06,765.79,0.0349517,0.2280544
801015,2003-08-12,790.74,780.93,793.8,778.05,0.04464979,0.29995121
801015,2003-08-13,788.77,791.03,794.58,781.94,0.03903986,0.26496881
801015,2003-08-14,786.73,788.01,803.74,779.92,0.11018785,0.7532177925
801015,2003-08-15,773.27,785.64,792.77,761.96,0.0605653,0.401906915
801015,2003-08-18,763.26,767.08,772.73,751.29,0.02956219,0.1876018608
801015,2003-08-19,766.29,760.7,771.09,753.64,0.03874027,0.24932164
801015,2003-08-20,764.23,766.36,771.41,755.21,0.02819158,0.192208425
801015,2003-08-21,762.03,765.09,767.45,753.33,0.01587423,0.10472048800000001
801015,2003-08-22,763.9,761.67,768.39,753.46,0.01714845,0.1166369549
801015,2003-08-25,752.45,762.37,768.79,749.08,0.01297629,0.114786105
801015,2003-08-26,749.82,753.03,762.37,718.16,0.02031782,0.138081024
801015,2003-08-27,744.22,746.79,754.87,735.46,0.03057533,0.1937720352
801015,2003-08-28,739.22,750.14,754.05,736.18,0.01634439,0.1049650265
801015,2003-08-29,731.06,736.2,741.43,720.21,0.01353081,0.0859004083
801015,2003-09-01,740.45,729.24,743.9,723.94,0.02930864,0.17827257
801015,2003-09-02,739.56,741.42,748.98,730.12,0.03737712,0.241193943
801015,2003-09-03,741.49,738.06,746.56,731.67,0.03023733,0.18597286
801015,2003-09-04,748.92,746.89,754.08,739.79,0.0510445,0.3177427395
801015,2003-09-05,733.21,744.75,749.21,726.69,0.01460329,0.0927068016
801015,2003-09-08,731.36,733.65,735.78,722.12,0.01144056,0.07340432200000001
801015,2003-09-09,728.88,728.44,736.86,722.62,0.0178349,0.111920289
801015,2003-09-10,729.75,725.95,735.45,722.09,0.01122648,0.0696909304
801015,2003-09-11,729.23,731.13,735.91,724.92,0.010511,0.06521223
801015,2003-09-12,718.53,728.77,733.43,713.84,0.0084838,0.05681085599999999
801015,2003-09-15,707.43,714.92,723.15,703.62,0.00574187,0.038430310499999995
801015,2003-09-16,710.73,704.46,712.6,700.59,0.00702137,0.045472646900000004
801015,2003-09-17,695.74,706.56,709.76,685.18,0.01449776,0.088971365
801015,2003-09-18,679.27,690.27,695.07,674.25,0.00866284,0.055664915499999995
801015,2003-09-19,665.93,679.49,682.53,658.69,0.01341165,0.078517113
801015,2003-09-22,659.23,665.91,667.51,653.04,0.00778978,0.045379317999999995
801015,2003-09-23,666.12,659.23,668.76,653.66,0.00920107,0.0537378198
801015,2003-09-24,674.18,665.95,676.05,663.24,0.01367139,0.0820262237
801015,2003-09-25,669.31,675.78,686.59,664.52,0.00900021,0.0633914285
801015,2003-09-26,662.93,668.42,672.65,656.5,0.00431577,0.02839819
801015,2003-09-29,646.12,660.88,664.64,641.43,0.00527142,0.03301507
801015,2003-09-30,647.78,645.43,655.55,637.08,0.00488949,0.0305382452
801015,2003-10-08,649.27,649.04,654.04,640.18,0.00228266,0.0145748334
801015,2003-10-09,646.26,646.19,653.59,644.2,0.00246524,0.01485923
801015,2003-10-10,659.9,644.26,664.07,639.45,0.00706182,0.0425665282
801015,2003-10-13,663.43,663.55,671.12,651.94,0.01570147,0.086285815
801015,2003-10-14,660.85,663.44,665.98,650.4,0.0091041,0.050022485
801015,2003-10-15,656.08,660.85,668.48,650.59,0.01171071,0.06362285
801015,2003-10-16,648.82,652.56,658.73,638.55,0.02542076,0.1357651957
801015,2003-10-17,646.04,644.6,653.12,637.63,0.01267841,0.06727892
801015,2003-10-20,633.74,641.19,646.65,627.49,0.00696968,0.03788958
801015,2003-10-21,622.7,630.85,641.5,614.14,0.01068484,0.055732788
801015,2003-10-22,634.12,623.6,639.64,615.86,0.01454697,0.0786905929
801015,2003-10-23,627.53,635.32,639.8,621.17,0.01150053,0.07369872
801015,2003-10-24,622.79,632.5,634.71,616.87,0.0108456,0.0730774235
801015,2003-10-27,603.45,621.69,629.61,594.42,0.01662091,0.096220123
801015,2003-10-28,600.24,601.58,613.91,594.61,0.01600995,0.09448913029999999
801015,2003-10-29,573.65,596.31,604.69,564.33,0.01687493,0.0927320225
801015,2003-10-30,564.77,570.83,578.78,553.48,0.02772511,0.13225663099999999
801015,2003-10-31,570.91,560.78,582.23,552.24,0.04318027,0.19676394260000002
801015,2003-11-03,570.0,568.42,576.23,560.66,0.02618327,0.119944879
801015,2003-11-04,578.03,570.41,582.77,562.86,0.0570482,0.2682689585
801015,2003-11-05,569.6,576.24,580.09,562.01,0.03800353,0.1724727551
801015,2003-11-06,529.59,568.04,569.81,528.48,0.03418004,0.1481541905
801015,2003-11-07,513.69,526.66,531.23,497.2,0.04594225,0.18251225510000002
801015,2003-11-10,513.92,508.94,519.48,503.45,0.02157207,0.0854844532
801015,2003-11-11,526.53,512.74,529.32,507.18,0.07307287,0.286357692
801015,2003-11-12,516.0,523.22,528.85,510.98,0.03996092,0.162061186
801015,2003-11-13,524.9,513.64,530.93,510.04,0.07074759,0.28451038300000003
801015,2003-11-14,534.0,522.43,541.63,518.06,0.05685294,0.2388643616
801015,2003-11-17,532.64,533.81,541.19,522.26,0.0374631,0.1562792852
801015,2003-11-18,523.74,530.67,532.98,513.6,0.03810212,0.1564919059
801015,2003-11-19,535.78,521.51,542.83,516.11,0.04803845,0.2040891344
801015,2003-11-20,561.08,536.65,565.77,532.36,0.08810683,0.38901674729999997
801015,2003-11-21,566.07,561.2,591.38,552.22,0.15093637,0.7047364075
801015,2003-11-24,587.89,565.61,591.33,558.31,0.11573359,0.5490449093
801015,2003-11-25,603.37,588.16,622.81,578.72,0.16511153,0.8398152779000001
801015,2003-11-26,607.52,601.33,626.14,595.24,0.09761103,0.5247600495
801015,2003-11-27,584.15,605.56,608.57,578.08,0.06483758,0.320570325
801015,2003-11-28,581.16,583.67,591.1,574.91,0.04170344,0.20657058190000002
801015,2003-12-01,609.86,583.25,615.18,580.82,0.10469979,0.5232129728
801015,2003-12-02,607.23,611.6,621.99,598.12,0.09212382,0.4800629332
801015,2003-12-03,634.8,606.09,640.33,598.83,0.12355991,0.6798949483
801015,2003-12-04,633.89,640.69,648.1,620.87,0.10875009,0.6096352624
801015,2003-12-05,632.56,630.34,643.23,622.3,0.0582291,0.3160733474
801015,2003-12-08,613.57,633.52,635.23,610.61,0.03926842,0.2109429989
801015,2003-12-09,615.25,611.02,615.97,600.09,0.03748908,0.19220931800000002
801015,2003-12-10,630.69,613.22,634.8,607.93,0.08726704,0.456386081
801015,2003-12-11,640.07,631.67,645.59,618.79,0.10620432,0.5684414784
801015,2003-12-12,633.42,639.41,644.35,625.58,0.07736726,0.40834271
801015,2003-12-15,622.38,631.79,636.4,617.33,0.0675597,0.351250926
801015,2003-12-16,617.45,620.37,624.59,600.52,0.0590377,0.3015122454
801015,2003-12-17,604.04,615.18,619.95,600.71,0.05465641,0.2815112595
801015,2003-12-18,578.4,599.3,605.96,570.24,0.06100646,0.297874385
801015,2003-12-19,534.05,578.63,584.74,526.88,0.1236905,0.5440638958
801015,2003-12-22,546.66,531.07,551.3,502.81,0.12211601,0.5119271457
801015,2003-12-23,541.86,543.44,551.67,525.98,0.09926721,0.4264854505
801015,2003-12-24,558.72,543.69,563.24,538.36,0.09689804,0.43900044159999996
801015,2003-12-25,551.56,559.87,565.02,543.38,0.07341083,0.3363050678
801015,2003-12-26,553.14,550.38,558.8,540.23,0.06062781,0.2638045391
801015,2003-12-29,549.46,550.45,557.96,539.84,0.04482875,0.2178897277
801015,2003-12-30,546.14,549.04,555.8,538.51,0.04838878,0.23428693109999998
801015,2003-12-31,535.34,546.75,554.48,528.95,0.09458111,0.418128736
801015,2004-01-02,536.0,533.97,544.22,529.17,0.03563963,0.1515604473
801015,2004-01-05,533.35,535.61,547.82,526.78,0.06720559,0.28106337800000003
801015,2004-01-06,535.51,533.61,545.02,515.57,0.1018358,0.4207259602
801015,2004-01-07,547.0,535.96,550.16,526.66,0.06421735,0.2881191311
801015,2004-01-08,566.26,545.97,572.34,540.4,0.07942527,0.3860311742
801015,2004-01-09,563.54,564.62,574.29,556.35,0.06763618,0.323357497
801015,2004-01-12,572.91,567.18,580.5,559.29,0.05380821,0.3485890107
801015,2004-01-13,582.42,571.29,587.05,561.64,0.08559273,0.4154240967
801015,2004-01-14,594.81,583.33,600.02,573.76,0.09105902,0.42203741219999996
801015,2004-01-15,577.4,597.44,600.39,574.56,0.07898361,0.3731453545
801015,2004-01-16,580.32,576.27,588.89,568.22,0.04669301,0.2209064198
801015,2004-01-29,610.39,580.23,612.16,574.77,0.06368029,0.3149366164
801015,2004-01-30,613.94,616.03,642.74,604.53,0.16540608,0.8451337084
801015,2004-02-02,632.8,622.24,641.68,607.37,0.12612626,0.6355850386999999
801015,2004-02-03,644.85,634.4,650.89,622.83,0.13110249,0.6810912043999999
801015,2004-02-04,661.1,646.6,662.68,638.71,0.1383275,0.7427467671
801015,2004-02-05,697.05,661.89,708.68,655.35,0.29791155,1.6673157778
801015,2004-02-06,667.49,693.99,693.99,664.16,0.16774819,0.9392228531999999
801015,2004-02-09,675.91,664.18,679.28,660.21,0.09581269,0.536569985
801015,2004-02-10,686.76,677.64,700.88,674.82,0.1532419,0.8839917705
801015,2004-02-11,695.9,692.92,704.46,679.44,0.08881642,0.5275116056
801015,2004-02-12,704.11,696.68,716.49,685.94,0.12417137,0.7511313759
801015,2004-02-13,684.84,704.27,708.6,681.54,0.09822855,0.5596183782999999
801015,2004-02-16,703.09,686.25,708.47,678.75,0.09610231,0.5702530763
801015,2004-02-17,716.15,705.05,722.06,694.58,0.11023435,0.6765403294
801015,2004-02-18,709.74,717.12,721.29,696.38,0.07726652,0.46390864579999996
801015,2004-02-19,713.29,708.6,722.33,698.35,0.11659084,0.6860183347
801015,2004-02-20,730.21,713.0,736.81,709.27,0.15452411,0.9330119852
801015,2004-02-23,700.55,733.17,740.1,697.06,0.10571676,0.6432273304
801015,2004-02-24,677.51,695.96,698.6,661.69,0.09966914,0.5692502083
801015,2004-02-25,662.76,677.52,693.67,658.59,0.07317582,0.41454573
801015,2004-02-26,659.4,659.06,667.39,646.03,0.06237968,0.3451375966
801015,2004-02-27,669.73,660.51,670.81,654.78,0.03870173,0.21973909190000002
801015,2004-03-01,671.73,666.55,675.15,650.16,0.0695884,0.3756781636
801015,2004-03-02,693.67,669.88,711.45,660.96,0.14365141,0.8285755376999999
801015,2004-03-03,685.67,695.23,707.12,676.05,0.17315093,0.997792149
801015,2004-03-04,708.41,684.38,711.23,673.19,0.14267,0.8406715140000001
801015,2004-03-05,700.12,713.17,730.69,695.89,0.18511894,1.1609388381
801015,2004-03-08,668.19,695.8,703.06,665.42,0.07616509,0.4360151269
801015,2004-03-09,659.81,666.74,676.57,657.33,0.054211,0.3033137157
801015,2004-03-10,678.28,662.99,679.38,657.9,0.03728123,0.20864287620000002
801015,2004-03-11,683.81,678.21,688.8,668.17,0.0490815,0.2887055007
801015,2004-03-12,675.05,682.03,686.95,669.56,0.03390219,0.19375658
801015,2004-03-15,688.14,675.26,691.65,672.68,0.04493434,0.264660749
801015,2004-03-16,698.61,692.45,704.22,684.41,0.06505324,0.3838754052
801015,2004-03-17,694.57,698.17,703.06,686.21,0.05074351,0.3033009688
801015,2004-03-18,684.45,695.66,706.7,682.81,0.05210884,0.307202137
801015,2004-03-19,694.21,684.02,697.99,678.82,0.04158904,0.243283672
801015,2004-03-22,702.17,697.21,708.89,682.93,0.06921873,0.4161585639
801015,2004-03-23,700.21,701.01,705.93,688.3,0.03664513,0.239482685
801015,2004-03-24,696.24,699.45,706.92,689.77,0.05355218,0.3213959488
801015,2004-03-25,688.04,692.22,700.02,681.55,0.0370442,0.22012084629999998
801015,2004-03-26,687.02,689.63,693.89,680.31,0.03415757,0.20278404519999998
801015,2004-03-29,675.86,688.0,690.91,674.3,0.04616138,0.26523792
801015,2004-03-30,680.88,674.48,682.81,670.91,0.02442995,0.16466689
801015,2004-03-31,691.85,682.42,693.67,675.64,0.03040499,0.1905315597
801015,2004-04-01,692.59,692.85,695.99,685.44,0.03289575,0.20441321989999997
801015,2004-04-02,698.59,693.93,702.39,689.87,0.04280834,0.2835995159
801015,2004-04-05,703.06,700.12,710.67,690.09,0.0560025,0.4045915966
801015,2004-04-06,718.89,703.22,720.48,696.61,0.06383566,0.40533495189999996
801015,2004-04-07,717.99,719.58,727.52,708.56,0.05434727,0.41216959770000006
801015,2004-04-08,725.02,719.24,738.04,709.39,0.06336094,0.53127723
801015,2004-04-09,718.09,724.59,750.25,703.32,0.10289136,0.8933832466
801015,2004-04-12,730.2,719.26,739.17,711.87,0.12219201,1.063996397
801015,2004-04-13,714.51,731.55,740.99,711.1,0.09119169,0.8600320070999999
801015,2004-04-14,697.58,713.33,724.33,687.49,0.13064139,1.0052501175
801015,2004-04-15,681.56,696.15,709.07,675.34,0.08330769,0.7699773015000001
801015,2004-04-16,673.28,679.74,689.06,642.04,0.09190457,0.6769350017
801015,2004-04-19,662.95,674.53,679.85,656.01,0.04780694,0.38733159759999997
801015,2004-04-20,664.82,662.69,680.96,654.56,0.04994868,0.45086986869999995
801015,2004-04-21,665.4,664.59,675.74,657.88,0.03373681,0.2923174308
801015,2004-04-22,670.23,680.93,688.22,661.05,0.04050766,0.38505404200000004
801015,2004-04-23,648.79,667.71,674.59,641.3,0.04377198,0.3611354478
801015,2004-04-26,640.09,650.72,660.34,630.17,0.04393236,0.36255999369999997
801015,2004-04-27,623.19,640.67,646.59,621.16,0.04210162,0.310781463
801015,2004-04-28,628.85,618.77,636.96,606.31,0.03745861,0.25645164
801015,2004-04-29,615.93,626.67,632.6,613.54,0.02709309,0.197633842
801015,2004-04-30,624.08,622.66,633.08,609.51,0.02260171,0.16672985769999998
801015,2004-05-10,611.48,629.82,635.72,609.79,0.01516684,0.10927845
801015,2004-05-11,610.52,611.7,619.82,601.48,0.01906141,0.14014861
801015,2004-05-12,628.24,610.43,630.24,607.54,0.02231794,0.158318164
801015,2004-05-13,631.01,628.12,635.42,618.4,0.02541109,0.18831177440000002
801015,2004-05-14,616.92,630.38,631.35,611.69,0.02103277,0.14931170259999998
801015,2004-05-17,619.81,613.56,626.66,610.01,0.01812974,0.13003983
801015,2004-05-18,636.03,621.91,636.17,616.7,0.03381706,0.28439181280000003
801015,2004-05-19,631.01,636.33,639.92,626.72,0.02908633,0.221093454
801015,2004-05-20,627.5,633.65,645.79,622.64,0.03164158,0.2144220396
801015,2004-05-21,629.37,626.52,633.16,620.63,0.01471619,0.1021095608
801015,2004-05-24,619.19,627.58,632.34,616.07,0.01578621,0.1030494606
801015,2004-05-25,594.65,613.38,619.48,589.65,0.03025308,0.18867606
801015,2004-05-26,591.14,599.42,606.72,582.46,0.01297257,0.109414325
801015,2004-05-27,603.71,593.03,609.58,580.4,0.02674055,0.1846072104
801015,2004-05-28,597.22,602.74,607.58,593.85,0.01565159,0.110659725
801015,2004-05-31,596.88,597.67,604.08,588.65,0.01356913,0.10069700320000001
801015,2004-06-01,616.05,599.96,618.22,592.51,0.03924168,0.32705651469999997
801015,2004-06-02,615.65,615.14,624.82,606.93,0.05019629,0.4262460064
801015,2004-06-03,605.9,611.1,619.04,597.82,0.03522064,0.257430918
801015,2004-06-04,605.05,606.45,614.82,601.42,0.03776745,0.31842804
801015,2004-06-07,595.37,600.35,605.76,589.55,0.0211413,0.15529337
801015,2004-06-08,584.94,593.34,597.11,581.94,0.01801453,0.1274221146
801015,2004-06-09,568.3,583.73,592.39,566.56,0.02364485,0.1628801145
801015,2004-06-10,561.16,567.93,572.82,555.53,0.02536073,0.18347623719999998
801015,2004-06-11,563.83,561.84,579.85,559.55,0.02028504,0.1392620498
801015,2004-06-14,543.56,563.93,568.5,536.96,0.0245918,0.15463752
801015,2004-06-15,557.34,544.21,560.96,536.96,0.02268228,0.1351963334
801015,2004-06-16,562.33,556.08,574.25,547.0,0.02218129,0.12298932900000001
801015,2004-06-17,546.42,560.5,565.16,544.57,0.0174962,0.106904246
801015,2004-06-18,544.41,545.31,552.35,537.05,0.0187664,0.12166509980000001
801015,2004-06-21,556.85,545.54,558.99,540.57,0.01845542,0.1073713506
801015,2004-06-22,558.77,557.73,564.73,551.96,0.01995194,0.12640119560000002
801015,2004-06-23,548.75,557.33,559.79,543.9,0.01497527,0.09736607
801015,2004-06-24,542.32,550.59,556.01,540.12,0.01995423,0.142936
801015,2004-06-25,524.22,541.67,544.82,522.84,0.0197198,0.1297343
801015,2004-06-28,513.01,524.85,526.79,507.88,0.01712526,0.11003549060000001
801015,2004-06-29,513.56,510.51,518.47,498.38,0.01945621,0.10790577
801015,2004-06-30,504.1,515.38,516.36,501.03,0.01257115,0.066180207
801015,2004-07-01,519.26,502.34,523.89,497.46,0.02140102,0.1185353
801015,2004-07-02,515.85,516.91,521.4,509.48,0.01610724,0.080664345
801015,2004-07-05,520.25,515.78,527.31,506.17,0.02611229,0.1181410545
801015,2004-07-06,527.95,520.7,531.71,516.97,0.02411077,0.119186915
801015,2004-07-07,525.91,526.97,530.87,516.17,0.01705748,0.09666992
801015,2004-07-08,528.01,522.21,531.28,517.31,0.01224754,0.06991017
801015,2004-07-09,523.77,527.43,540.22,521.87,0.01558656,0.0894600222
801015,2004-07-12,509.05,521.1,524.27,506.2,0.01972432,0.108063121
801015,2004-07-13,514.9,512.37,519.3,505.09,0.01354199,0.073463952
801015,2004-07-14,498.55,514.53,518.26,486.91,0.02558926,0.1275139918
801015,2004-07-15,496.98,497.01,507.51,488.65,0.02311394,0.11292332
801015,2004-07-16,516.1,499.32,517.97,496.94,0.03496072,0.1795799485
801015,2004-07-19,515.52,516.89,522.76,510.14,0.01937912,0.0965950148
801015,2004-07-20,510.54,514.82,516.77,505.14,0.01409523,0.07102493900000001
801015,2004-07-21,516.67,510.07,518.4,503.9,0.01662975,0.0803335995
801015,2004-07-22,502.51,515.21,519.46,499.43,0.02018513,0.101521349
801015,2004-07-23,501.23,499.8,504.74,493.91,0.01510512,0.0732401492
801015,2004-07-26,497.07,502.9,508.11,488.65,0.04238141,0.1673268792
801015,2004-07-27,490.86,494.72,499.52,484.86,0.01881287,0.087162642
801015,2004-07-28,490.15,492.07,499.27,481.06,0.02655649,0.12021014960000001
801015,2004-07-29,496.54,492.47,498.36,485.74,0.01668925,0.0822802722
801015,2004-07-30,490.91,494.7,499.66,484.33,0.01472547,0.0717454422
801015,2004-08-02,488.63,491.41,494.64,482.97,0.01019509,0.0493546123
801015,2004-08-03,490.05,489.6,497.38,481.35,0.01834653,0.0969717132
801015,2004-08-04,505.95,490.89,510.57,488.66,0.0550669,0.2841915029
801015,2004-08-05,497.77,504.02,506.31,495.83,0.02350511,0.1244679422
801015,2004-08-06,495.95,495.32,501.92,490.73,0.01669337,0.09155161839999999
801015,2004-08-09,498.18,496.7,502.23,489.7,0.01326958,0.073678334
801015,2004-08-10,500.75,495.99,503.29,491.8,0.0108047,0.059687280499999995
801015,2004-08-11,493.16,499.61,503.63,490.88,0.01005872,0.05264834
801015,2004-08-12,484.06,491.34,493.55,476.64,0.01826806,0.0887560369
801015,2004-08-13,486.03,484.02,491.44,479.97,0.00997427,0.0460609642
801015,2004-08-16,477.43,486.21,489.39,471.13,0.01506423,0.06635293
801015,2004-08-17,479.19,475.91,484.12,471.57,0.01185308,0.0597777182
801015,2004-08-18,476.86,475.13,483.51,471.5,0.01308345,0.06746408200000001
801015,2004-08-19,465.67,475.16,479.24,460.46,0.02576288,0.14012137
801015,2004-08-20,468.13,465.14,479.94,452.27,0.0287807,0.12478849
801015,2004-08-23,464.65,464.45,473.09,458.02,0.01505657,0.06503651
801015,2004-08-24,477.53,465.26,482.2,460.79,0.02703485,0.1222366686
801015,2004-08-25,473.83,476.99,479.95,468.29,0.01431419,0.06633145
801015,2004-08-26,467.04,469.13,477.82,464.27,0.02837658,0.12165553779999999
801015,2004-08-27,459.18,465.7,468.59,454.86,0.01939558,0.0916503427
801015,2004-08-30,462.83,455.75,466.25,453.71,0.00893808,0.0428924295
801015,2004-08-31,475.67,474.18,485.04,469.42,0.03221875,0.1421143392
801015,2004-09-01,465.78,474.18,475.15,461.79,0.01508919,0.069348896
801015,2004-09-02,475.88,462.14,479.65,460.7,0.02616279,0.10167193470000001
801015,2004-09-03,481.39,477.4,487.08,471.76,0.03158598,0.130358861
801015,2004-09-06,480.21,479.92,484.12,473.86,0.01297171,0.05501466
801015,2004-09-07,468.17,478.34,482.67,462.92,0.04626827,0.3019800352
801015,2004-09-08,465.91,468.06,470.48,460.96,0.02027645,0.1049756957
801015,2004-09-09,456.31,464.29,466.5,452.58,0.01732953,0.080895265
801015,2004-09-10,459.27,453.15,461.24,449.46,0.01376757,0.057119817
801015,2004-09-13,450.24,457.2,461.03,447.52,0.01571265,0.070987563
801015,2004-09-14,469.13,455.01,473.33,453.01,0.03683774,0.1515145652
801015,2004-09-15,492.46,469.2,506.55,465.5,0.09480113,0.4177563707
801015,2004-09-16,503.12,494.43,507.54,488.15,0.06601966,0.3181531066
801015,2004-09-17,517.39,501.5,517.89,493.64,0.08018744,0.39591265600000003
801015,2004-09-20,535.37,519.9,536.98,511.18,0.1088372,0.5652412095
801015,2004-09-21,526.91,534.16,538.08,518.88,0.0936059,0.48763639880000004
801015,2004-09-22,526.9,524.41,544.77,515.29,0.10039633,0.5242880012
801015,2004-09-23,542.86,526.48,544.61,518.78,0.087443,0.4903474607
801015,2004-09-24,523.6,545.3,550.17,516.59,0.10813785,0.5462345926
801015,2004-09-27,512.04,523.84,532.65,506.26,0.05609655,0.27249964579999997
801015,2004-09-28,516.38,513.16,523.59,505.43,0.11569576,0.4719094145
801015,2004-09-29,505.07,515.63,522.04,502.11,0.07057643,0.33717362100000003
801015,2004-09-30,493.79,504.2,510.52,491.99,0.03856463,0.17686754
801015,2004-10-08,504.13,496.07,506.92,482.66,0.02757406,0.1523375329
801015,2004-10-11,505.48,504.26,517.14,496.36,0.05502102,0.3247628875
801015,2004-10-12,497.37,504.27,505.64,492.38,0.03210343,0.1678625716
801015,2004-10-13,488.31,491.54,497.94,481.7,0.03592564,0.16246384490000002
801015,2004-10-14,471.33,489.26,497.86,468.59,0.08100542,0.37597052700000005
801015,2004-10-15,460.81,468.89,478.07,454.59,0.04910539,0.21576628850000001
801015,2004-10-18,459.6,461.38,468.16,452.17,0.02540027,0.104907604
801015,2004-10-19,463.49,464.79,473.31,457.69,0.02566621,0.112902995
801015,2004-10-20,459.42,463.3,466.5,449.19,0.02718895,0.11140406
801015,2004-10-21,443.94,458.54,468.27,437.13,0.0570826,0.2945351384
801015,2004-10-22,456.22,440.62,464.36,431.23,0.08474286,0.5576340447
801015,2004-10-25,447.4,457.34,462.33,442.84,0.06143123,0.40223535850000003
801015,2004-10-26,465.7,449.43,470.12,443.49,0.0799253,0.48996560780000004
801015,2004-10-27,474.18,462.64,478.41,453.87,0.06507045,0.3686766447
801015,2004-10-28,462.11,473.7,477.6,459.91,0.05338387,0.3121270329
801015,2004-10-29,461.01,450.31,473.86,440.58,0.05699629,0.3588640685
801015,2004-11-01,462.0,457.09,472.26,452.01,0.04353151,0.262035885
801015,2004-11-02,450.02,458.71,461.5,446.04,0.03111541,0.19819639
801015,2004-11-03,464.65,452.04,466.3,447.07,0.04024515,0.204987589
801015,2004-11-04,456.66,464.45,472.31,454.33,0.05334751,0.402780088
801015,2004-11-05,463.83,458.41,466.57,450.87,0.03495351,0.2363991325
801015,2004-11-08,458.35,462.96,466.68,453.46,0.02311602,0.13731215759999998
801015,2004-11-09,459.88,460.83,464.31,453.03,0.0230224,0.142904435
801015,2004-11-10,480.78,460.89,483.56,453.16,0.07791446,0.4523414716
801015,2004-11-11,475.63,480.29,490.98,471.66,0.08897332,0.447694628
801015,2004-11-12,472.98,472.54,481.42,467.22,0.03977465,0.2286559068
801015,2004-11-15,477.08,472.06,479.57,469.76,0.02599736,0.1439723798
801015,2004-11-16,472.32,477.31,478.62,466.37,0.035805,0.178590749
801015,2004-11-17,468.76,471.92,474.87,464.21,0.0203967,0.11072826599999999
801015,2004-11-18,476.04,467.61,477.07,465.14,0.02756702,0.16927276530000002
801015,2004-11-19,482.99,476.09,487.44,472.76,0.04641787,0.2069069718
801015,2004-11-22,489.8,486.12,494.82,479.39,0.05298012,0.2829535175
801015,2004-11-23,488.68,490.95,495.41,482.56,0.0467477,0.22056964780000002
801015,2004-11-24,475.01,491.58,493.25,474.01,0.04333747,0.2409216992
801015,2004-11-25,472.05,472.81,476.11,462.75,0.02836897,0.1522716852
801015,2004-11-26,487.39,471.1,497.56,469.21,0.09543331,0.3558774522
801015,2004-11-29,476.69,488.99,493.99,468.36,0.09860022,0.4083772
801015,2004-11-30,487.74,476.86,490.87,471.48,0.10880807,0.4191452525
801015,2004-12-01,497.57,486.39,504.65,478.46,0.15110443,0.5745086882
801015,2004-12-02,503.97,495.75,514.65,486.99,0.18815067,0.7749680098
801015,2004-12-03,504.78,502.15,512.04,493.16,0.10915102,0.45093198170000004
801015,2004-12-06,504.58,501.35,509.43,487.89,0.10129661,0.39363458409999996
801015,2004-12-07,486.29,504.3,505.63,482.5,0.06978836,0.3066723952
801015,2004-12-08,486.31,489.52,498.26,480.38,0.05314076,0.21615632280000002
801015,2004-12-09,483.53,489.25,496.78,476.18,0.04350948,0.1667834038
801015,2004-12-10,461.84,482.03,484.4,461.21,0.07434227,0.274724878
801015,2004-12-13,457.59,456.88,464.43,449.09,0.03437778,0.1305231669
801015,2004-12-14,455.89,454.68,463.82,450.31,0.02838563,0.1100441
801015,2004-12-15,453.46,457.85,461.89,443.43,0.04288255,0.1572403513
801015,2004-12-16,452.45,453.74,461.31,447.63,0.02517477,0.09561785199999999
801015,2004-12-17,453.88,453.82,460.66,446.82,0.02918034,0.11953173539999999
801015,2004-12-20,454.63,451.31,463.51,445.11,0.02611038,0.11272242939999999
801015,2004-12-21,457.86,462.94,466.71,453.71,0.03314557,0.1290123728
801015,2004-12-22,471.69,457.36,473.46,456.57,0.04576701,0.1871282413
801015,2004-12-23,463.76,474.95,477.77,460.12,0.04582828,0.18337949
801015,2004-12-24,460.9,462.37,468.4,457.69,0.02581294,0.11458113
801015,2004-12-27,459.66,457.14,464.95,451.99,0.02030483,0.0910591198
801015,2004-12-28,451.92,457.59,462.21,449.99,0.02107684,0.08609176
801015,2004-12-29,448.55,457.9,461.65,446.72,0.02133754,0.0815672275
801015,2004-12-30,432.06,446.63,451.54,429.32,0.03051687,0.16393128
801015,2004-12-31,425.84,430.59,438.71,413.96,0.05010214,0.22945089510000002
801015,2005-01-04,422.63,422.32,427.03,414.81,0.01574761,0.0658757301
801015,2005-01-05,432.89,425.31,436.19,420.84,0.02465705,0.09434976369999999
801015,2005-01-06,426.27,430.89,432.73,423.06,0.01504874,0.06364517
801015,2005-01-07,428.5,424.2,432.37,420.48,0.02109911,0.1022097292
801015,2005-01-10,430.26,421.66,430.97,418.94,0.02051006,0.077202085
801015,2005-01-11,433.76,430.62,438.84,424.17,0.02127216,0.0831063186
801015,2005-01-12,432.88,432.27,435.78,425.97,0.01610077,0.06267923
801015,2005-01-13,432.36,432.74,437.18,427.61,0.01628665,0.0679850835
801015,2005-01-14,427.54,433.99,439.1,425.39,0.03191153,0.1380981415
801015,2005-01-17,415.3,420.92,424.52,410.61,0.02922742,0.11748219039999999
801015,2005-01-18,424.92,415.94,427.88,410.25,0.02646481,0.1009277875
801015,2005-01-19,425.13,421.39,428.76,416.4,0.02190845,0.0807773238
801015,2005-01-20,419.72,423.26,425.48,412.67,0.021653,0.09890608599999999
801015,2005-01-21,428.55,417.29,431.53,411.25,0.03863229,0.14915930759999999
801015,2005-01-24,436.17,439.53,444.64,429.53,0.05270141,0.1977912473
801015,2005-01-25,433.09,434.0,436.97,427.47,0.03016311,0.11187357099999999
801015,2005-01-26,430.73,432.72,438.96,425.11,0.03056207,0.118601358
801015,2005-01-27,422.84,432.06,433.94,420.27,0.01868721,0.075983936
801015,2005-01-28,412.22,419.88,423.18,407.85,0.01895343,0.072130526
801015,2005-01-31,399.26,410.5,411.49,394.88,0.01401668,0.0599564945
801015,2005-02-01,390.51,394.16,399.83,385.31,0.02964829,0.0985958461
801015,2005-02-02,410.89,389.32,416.26,383.09,0.03799699,0.1426849879
801015,2005-02-03,401.65,409.47,413.23,397.72,0.02586799,0.10226229
801015,2005-02-04,406.29,400.14,410.17,396.73,0.02424203,0.1002876315
801015,2005-02-16,411.26,407.92,416.48,405.95,0.02294415,0.0923189984
801015,2005-02-17,413.86,411.16,416.05,404.21,0.01629908,0.0679637908
801015,2005-02-18,408.22,413.31,415.57,406.7,0.01487482,0.051181344000000004
801015,2005-02-21,413.23,410.22,417.67,406.05,0.0180323,0.05728974059999999
801015,2005-02-22,432.56,414.15,433.73,413.51,0.05071898,0.2500753414
801015,2005-02-23,437.09,432.25,442.1,424.44,0.05028835,0.2449090667
801015,2005-02-24,437.91,438.72,442.93,428.17,0.03871492,0.165438315
801015,2005-02-25,436.36,436.08,444.11,432.57,0.04367811,0.18902145920000002
801015,2005-02-28,437.85,435.64,444.02,432.11,0.03194223,0.173412735
801015,2005-03-01,440.68,434.68,443.11,422.07,0.03978237,0.18557906359999998
801015,2005-03-02,430.97,439.33,444.25,428.34,0.03807019,0.159491845
801015,2005-03-03,434.06,426.63,435.63,423.85,0.0251281,0.09578062550000001
801015,2005-03-04,433.41,435.37,439.14,428.33,0.038364,0.14182399
801015,2005-03-07,445.0,434.68,456.05,433.16,0.08011094,0.42365344979999997
801015,2005-03-08,450.27,443.81,451.95,434.81,0.05984101,0.2824166049
801015,2005-03-09,448.19,449.64,454.15,443.22,0.03994073,0.18048435440000002
801015,2005-03-10,434.3,447.95,448.97,430.98,0.03089546,0.1444994918
801015,2005-03-11,432.6,434.04,438.58,427.51,0.02525458,0.11239385
801015,2005-03-14,430.86,430.58,438.84,420.54,0.03952577,0.1914898531
801015,2005-03-15,428.96,430.37,435.54,424.78,0.02893346,0.1467288078
801015,2005-03-16,423.92,425.29,432.07,419.26,0.02146002,0.10321783279999999
801015,2005-03-17,418.89,426.04,429.01,417.83,0.02702548,0.12655267
801015,2005-03-18,402.99,415.52,418.22,400.36,0.03093475,0.12655052
801015,2005-03-21,404.18,402.26,410.13,397.16,0.01560635,0.0687801349
801015,2005-03-22,384.48,405.37,406.87,382.66,0.02436865,0.08976659
801015,2005-03-23,387.68,384.93,395.64,380.18,0.02344968,0.09343575890000001
801015,2005-03-24,392.23,385.46,393.39,381.25,0.01774681,0.06247536
801015,2005-03-25,389.65,391.14,393.67,386.99,0.01348176,0.049651195999999995
801015,2005-03-28,383.48,387.15,389.21,377.27,0.01339075,0.0487657253
801015,2005-03-29,383.86,382.71,388.52,380.19,0.01341205,0.05674926
801015,2005-03-30,370.86,381.02,383.91,369.3,0.0240608,0.092851006
801015,2005-03-31,373.15,372.33,378.66,367.31,0.0110999,0.0315477075
801015,2005-04-01,387.03,375.69,391.27,369.04,0.03208896,0.13147593470000002
801015,2005-04-04,386.25,383.5,394.29,376.3,0.03617624,0.1166929431
801015,2005-04-05,376.89,382.76,390.32,373.74,0.02531248,0.0821249092
801015,2005-04-06,384.44,374.64,389.16,370.53,0.03040931,0.10825368369999999
801015,2005-04-07,390.23,384.38,397.25,381.7,0.05561643,0.24798224079999998
801015,2005-04-08,395.56,388.87,396.86,385.43,0.03037307,0.1171432427
801015,2005-04-11,395.66,396.51,401.37,388.34,0.03474417,0.1261004661
801015,2005-04-12,385.59,394.87,399.16,384.36,0.02671743,0.10357799359999999
801015,2005-04-13,398.59,389.51,405.33,387.72,0.05388126,0.2212664278
801015,2005-04-14,389.21,397.15,400.97,386.08,0.02910756,0.12071425640000001
801015,2005-04-15,377.5,386.18,392.54,371.5,0.04094792,0.128644263
801015,2005-04-18,377.86,376.07,382.48,366.59,0.04089694,0.1507308224
801015,2005-04-19,389.19,379.37,400.57,374.52,0.06860572,0.26941165440000003
801015,2005-04-20,379.56,387.15,390.89,375.22,0.04088913,0.1573960264
801015,2005-04-21,376.68,377.92,386.25,368.39,0.03996657,0.17276212
801015,2005-04-22,368.52,376.99,380.71,364.93,0.04239561,0.17169050989999998
801015,2005-04-25,365.58,366.7,375.49,356.86,0.04519567,0.17043601120000001
801015,2005-04-26,371.79,366.47,376.31,362.05,0.03069344,0.1202070398
801015,2005-04-27,368.72,367.69,377.19,362.55,0.03400259,0.16908623120000002
801015,2005-04-28,379.02,367.57,384.31,362.47,0.04087649,0.17804822120000002
801015,2005-04-29,380.37,381.6,386.75,375.27,0.04163046,0.14894901
801015,2005-05-09,363.09,381.5,383.99,356.04,0.0576612,0.1809495
801015,2005-05-10,363.26,358.85,365.19,350.68,0.04243726,0.13556772
801015,2005-05-11,359.11,362.34,366.14,354.25,0.02876336,0.09060193400000001
801015,2005-05-12,351.61,353.08,361.56,340.18,0.04093995,0.1606343948
801015,2005-05-13,355.04,348.36,358.99,342.69,0.04492166,0.1409733211
801015,2005-05-16,355.85,353.49,357.1,346.5,0.02725605,0.0750571944
801015,2005-05-17,357.99,355.01,363.25,352.75,0.02977072,0.09026407
801015,2005-05-18,364.66,356.9,366.84,352.73,0.04785007,0.1274882156
801015,2005-05-19,368.15,363.17,371.32,357.48,0.04080881,0.1073951742
801015,2005-05-20,364.97,367.53,371.16,361.6,0.02555673,0.07855041
801015,2005-05-23,357.59,362.03,362.95,351.4,0.02721861,0.07384308860000001
801015,2005-05-24,365.43,350.71,369.06,349.47,0.04292356,0.1105511624
801015,2005-05-25,366.59,365.45,373.7,359.42,0.05098812,0.12944543
801015,2005-05-26,364.78,362.26,369.58,359.29,0.03258965,0.1185899662
801015,2005-05-27,360.39,366.67,372.52,356.87,0.02640078,0.0733780289
801015,2005-05-30,364.55,358.28,368.6,354.13,0.02308705,0.0801236134
801015,2005-05-31,363.25,365.55,367.6,359.85,0.01127599,0.033017367
801015,2005-06-01,358.29,360.55,363.58,352.68,0.02769147,0.07054942
801015,2005-06-02,350.91,357.52,362.82,345.25,0.02686849,0.09224891800000001
801015,2005-06-03,348.16,352.03,353.77,337.51,0.02315127,0.0886972372
801015,2005-06-06,355.58,346.26,357.55,337.27,0.03390617,0.0959203494
801015,2005-06-07,355.01,355.72,361.43,347.22,0.03484657,0.10249391960000001
801015,2005-06-08,383.46,354.21,385.64,352.82,0.08643033,0.27838741440000003
801015,2005-06-09,383.64,381.1,389.41,372.65,0.08083054,0.2724597732
801015,2005-06-10,375.24,382.75,384.03,370.83,0.03942863,0.12989591
801015,2005-06-13,377.29,376.34,380.51,368.08,0.02383444,0.0755864852
801015,2005-06-14,371.28,378.49,381.9,368.4,0.02967195,0.09975902880000001
801015,2005-06-15,359.75,371.34,373.49,355.68,0.02414973,0.08087394
801015,2005-06-16,361.44,359.93,363.6,351.59,0.02017004,0.0620678911
801015,2005-06-17,356.75,361.32,363.14,351.7,0.02168458,0.06027304
801015,2005-06-20,367.18,357.46,369.28,348.55,0.03162463,0.1148075855
801015,2005-06-21,365.22,368.2,369.61,361.53,0.0277485,0.0976405592
801015,2005-06-22,369.26,363.48,372.8,359.8,0.03848204,0.1066452232
801015,2005-06-23,367.22,366.13,373.26,362.72,0.0297257,0.08517842119999999
801015,2005-06-24,372.51,365.13,374.55,362.91,0.04941041,0.14873624
801015,2005-06-27,383.45,374.63,386.2,373.63,0.08415496,0.2854705393
801015,2005-06-28,374.95,380.75,381.06,370.51,0.04120762,0.15564467
801015,2005-06-29,377.41,373.65,381.79,371.01,0.03523929,0.18596252
801015,2005-06-30,366.97,375.51,378.8,364.41,0.0265496,0.11507236
801015,2005-07-01,357.01,364.73,368.7,351.69,0.03565391,0.14740766
801015,2005-07-04,351.89,353.11,359.03,334.53,0.02876919,0.1048613124
801015,2005-07-05,349.01,352.08,355.15,344.89,0.01584402,0.083582916
801015,2005-07-06,345.57,350.55,353.23,339.03,0.0225814,0.119915205
801015,2005-07-07,347.79,345.68,352.05,341.84,0.02460605,0.081910325
801015,2005-07-08,343.7,347.13,351.34,338.73,0.02264755,0.0777092658
801015,2005-07-11,341.58,347.79,356.5,339.28,0.02301238,0.09409473
801015,2005-07-12,352.27,342.01,353.99,335.41,0.03356659,0.137293618
801015,2005-07-13,353.12,350.83,356.57,345.75,0.03477804,0.16905786
801015,2005-07-14,350.88,351.8,357.67,343.99,0.05202038,0.202647135
801015,2005-07-15,337.53,356.4,360.11,331.16,0.0809844,0.318020425
801015,2005-07-18,320.68,332.94,336.56,317.29,0.07098539,0.20665726010000002
801015,2005-07-19,321.37,319.16,324.81,313.26,0.02472556,0.08133114
801015,2005-07-20,313.28,321.93,324.97,307.95,0.02943118,0.1581471
801015,2005-07-21,311.37,311.93,316.02,304.04,0.02917113,0.113052561
801015,2005-07-22,319.38,310.38,325.98,307.51,0.04257888,0.1445506761
801015,2005-07-25,319.27,317.52,323.05,314.17,0.03046432,0.0960676356
801015,2005-07-26,330.76,319.46,331.97,318.69,0.0667274,0.1778751148
801015,2005-07-27,334.75,332.03,336.84,325.07,0.04167264,0.12597706960000002
801015,2005-07-28,337.72,336.77,342.02,331.36,0.05168667,0.1587479158
801015,2005-07-29,332.92,336.67,336.97,328.68,0.03264067,0.10012523640000001
801015,2005-08-01,333.43,332.9,337.3,327.81,0.01967195,0.0676472992
801015,2005-08-02,339.86,333.48,341.46,327.52,0.04068353,0.10782030599999999
801015,2005-08-03,344.6,338.97,349.36,337.79,0.07493805,0.21608089219999999
801015,2005-08-04,335.9,342.62,344.75,333.17,0.04827401,0.132625102
801015,2005-08-05,345.85,337.23,349.17,333.77,0.07407267,0.224974032
801015,2005-08-08,351.74,347.05,355.46,343.51,0.09229253,0.3686711076
801015,2005-08-09,360.64,350.74,362.67,347.04,0.07297076,0.2403513927
801015,2005-08-10,362.04,361.51,367.06,354.14,0.12101717,0.3324324609
801015,2005-08-11,375.0,365.94,378.4,361.67,0.26283513,0.7324060202
801015,2005-08-12,359.58,372.78,376.89,356.46,0.18096341,0.5383336024
801015,2005-08-15,370.32,356.9,371.25,354.25,0.09304178,0.3511083316
801015,2005-08-16,368.58,370.46,373.35,363.05,0.11644013,0.4883760492
801015,2005-08-17,380.71,367.01,382.71,361.36,0.1769508,0.7533004284999999
801015,2005-08-18,363.21,380.1,386.36,359.93,0.15437578,0.6471126061
801015,2005-08-19,365.82,365.17,374.01,354.8,0.10008145,0.478630409
801015,2005-08-22,371.16,368.59,376.6,362.24,0.07256477,0.37597398
801015,2005-08-23,365.89,372.02,374.26,361.56,0.06359197,0.2796066585
801015,2005-08-24,367.89,365.9,370.57,361.37,0.04735151,0.21541780440000002
801015,2005-08-25,367.92,367.93,371.85,362.12,0.06353002,0.23289868600000002
801015,2005-08-26,372.43,367.42,376.79,363.13,0.08349041,0.2842057812
801015,2005-08-29,372.14,371.56,378.6,364.57,0.05693431,0.2030058928
801015,2005-08-30,364.07,370.63,376.23,362.9,0.07643284,0.2943727211
801015,2005-08-31,370.42,361.84,372.85,356.64,0.09852854,0.35888204240000005
801015,2005-09-01,380.93,371.62,383.51,368.86,0.13457176,0.4180826878
801015,2005-09-02,386.35,380.79,392.38,375.87,0.18392596,0.50438899
801015,2005-09-05,392.34,387.21,396.76,382.99,0.12818066,0.4328741353
801015,2005-09-06,380.1,391.84,397.6,375.83,0.12790991,0.4392970297
801015,2005-09-07,389.55,377.69,390.85,375.83,0.09278512,0.3006113716
801015,2005-09-08,388.24,389.46,395.08,383.74,0.08657918,0.2866628601
801015,2005-09-09,379.8,389.64,392.26,376.02,0.07511766,0.3333824283
801015,2005-09-12,380.58,380.91,384.38,376.37,0.04271159,0.17094336
801015,2005-09-13,391.49,381.92,391.79,378.97,0.08109508,0.2696160643
801015,2005-09-14,395.39,392.61,397.98,388.77,0.14215328,0.43154406359999997
801015,2005-09-15,402.52,394.44,408.74,388.96,0.18098705,0.5610384045
801015,2005-09-16,405.8,400.6,410.14,397.68,0.11901274,0.4733283433
801015,2005-09-19,420.9,405.77,422.0,402.85,0.20710319,0.7250768297
801015,2005-09-20,416.87,420.9,425.54,409.48,0.17205975,0.5954933365
801015,2005-09-21,407.02,422.65,426.03,401.19,0.20291667,0.6818313764
801015,2005-09-22,387.66,404.66,407.37,381.76,0.12148453,0.3865781331
801015,2005-09-23,376.91,386.3,393.26,374.29,0.08305922,0.272450752
801015,2005-09-26,377.54,375.99,380.73,370.68,0.04800203,0.171862231
801015,2005-09-27,369.27,378.2,382.77,366.84,0.05714029,0.1963622744
801015,2005-09-28,365.22,368.75,375.95,361.08,0.04759809,0.15369706
801015,2005-09-29,374.89,364.18,376.61,362.86,0.07825674,0.23087482410000001
801015,2005-09-30,374.22,376.62,379.72,371.28,0.04549011,0.13890386
801015,2005-10-10,383.1,375.26,389.29,372.36,0.10123893,0.303649984
801015,2005-10-11,389.59,381.02,391.0,373.79,0.0862844,0.2884046849
801015,2005-10-12,390.38,387.59,393.98,380.46,0.05981325,0.239653525
801015,2005-10-13,383.48,389.24,393.46,380.27,0.05847576,0.20304053
801015,2005-10-14,380.14,383.16,388.21,373.88,0.04149606,0.170534985
801015,2005-10-17,379.06,377.26,383.4,369.7,0.03661782,0.1730081344
801015,2005-10-18,385.16,377.71,387.29,373.81,0.05808625,0.2619459738
801015,2005-10-19,380.8,384.47,389.26,376.06,0.05556585,0.2165442755
801015,2005-10-20,381.6,379.66,388.15,366.96,0.08492582,0.2907168709
801015,2005-10-21,377.5,380.25,385.88,372.29,0.07570823,0.369141173
801015,2005-10-24,384.5,378.07,389.79,375.89,0.09458007,0.3461012895
801015,2005-10-25,366.87,383.72,384.32,365.93,0.06489598,0.2789449164
801015,2005-10-26,353.65,366.05,370.34,353.19,0.04755789,0.20126701
801015,2005-10-27,347.31,351.97,357.73,342.69,0.05482856,0.1689804362
801015,2005-10-28,335.28,342.95,351.42,328.37,0.05736202,0.18137829170000003
801015,2005-10-31,337.48,334.68,340.81,329.92,0.03653987,0.10630604269999999
801015,2005-11-01,331.53,336.72,338.75,325.0,0.0269517,0.09476989
801015,2005-11-02,347.83,337.54,350.97,335.17,0.09668379,0.3011205139
801015,2005-11-03,343.11,346.54,353.33,339.35,0.06101849,0.1904640359
801015,2005-11-04,347.93,337.72,350.42,332.51,0.03877105,0.1213710201
801015,2005-11-07,349.27,347.5,352.02,340.62,0.04231023,0.1419497956
801015,2005-11-08,352.72,349.82,354.08,344.38,0.05057338,0.169363551
801015,2005-11-09,347.37,352.52,354.32,345.94,0.03563844,0.1154203445
801015,2005-11-10,330.89,343.73,345.48,328.11,0.06102184,0.21310631300000002
801015,2005-11-11,330.14,330.1,337.01,324.23,0.04146541,0.1489331237
801015,2005-11-14,336.31,329.69,337.08,325.58,0.02910069,0.105252524
801015,2005-11-15,333.33,335.72,339.28,329.67,0.03489578,0.1069045082
801015,2005-11-16,334.05,331.58,335.93,321.29,0.0341551,0.1168859179
801015,2005-11-17,337.91,334.19,341.72,330.22,0.04009028,0.141193935
801015,2005-11-18,344.33,336.8,347.01,334.94,0.06439826,0.2090518151
801015,2005-11-21,350.43,343.98,353.96,339.7,0.06991865,0.1885637943
801015,2005-11-22,345.39,350.49,356.79,341.95,0.22091948,0.54061135
801015,2005-11-23,343.6,340.43,347.34,336.01,0.1082402,0.26120908
801015,2005-11-24,343.14,340.72,346.49,339.22,0.05974625,0.1510241184
801015,2005-11-25,343.79,345.37,347.29,339.47,0.05419141,0.1308350404
801015,2005-11-28,340.86,343.78,345.38,337.47,0.04424588,0.11041746599999999
801015,2005-11-29,335.04,341.72,344.15,333.37,0.04993178,0.1568695074
801015,2005-11-30,334.9,335.23,338.27,328.31,0.05579032,0.173171143
801015,2005-12-01,335.38,335.36,338.62,330.99,0.05511076,0.13613082
801015,2005-12-02,331.52,334.25,336.68,326.49,0.06004918,0.17506544920000003
801015,2005-12-05,325.22,331.06,335.72,322.97,0.08829255,0.21727317
801015,2005-12-06,326.84,324.18,329.63,320.15,0.04444735,0.11054065
801015,2005-12-07,329.03,325.59,330.13,323.35,0.04513156,0.1048095517
801015,2005-12-08,329.18,329.27,336.99,323.69,0.07401644,0.18511897
801015,2005-12-09,330.94,328.33,333.21,324.67,0.05166938,0.1357038301
801015,2005-12-12,331.58,330.42,333.47,326.72,0.04990282,0.1314696786
801015,2005-12-13,328.83,330.67,330.89,323.42,0.02856856,0.083532259
801015,2005-12-14,331.65,328.04,332.94,325.12,0.03133778,0.0967474044
801015,2005-12-15,329.45,332.04,335.42,327.89,0.034109,0.1170098516
801015,2005-12-16,331.6,328.67,333.12,327.11,0.02661001,0.0968440316
801015,2005-12-19,336.33,332.73,338.81,329.68,0.04348833,0.1415710151
801015,2005-12-20,334.33,333.51,336.62,330.65,0.02701042,0.0838834654
801015,2005-12-21,333.59,333.5,338.93,329.3,0.05474405,0.2031749288
801015,2005-12-22,334.05,332.47,336.34,328.77,0.04631149,0.1872203793
801015,2005-12-23,336.1,334.03,336.78,331.18,0.0314957,0.1016656609
801015,2005-12-26,337.76,336.73,340.8,333.5,0.04419774,0.136925813
801015,2005-12-27,335.41,337.22,339.06,332.64,0.0307202,0.10141288150000001
801015,2005-12-28,334.84,335.09,338.13,332.56,0.02866095,0.10685406
801015,2005-12-29,338.93,335.91,340.39,334.06,0.04000824,0.129007378
801015,2005-12-30,333.94,339.7,339.92,332.34,0.03502976,0.111053075
801015,2006-01-04,336.12,334.74,338.15,332.2,0.03718659,0.1425821874
801015,2006-01-05,339.94,336.13,340.48,333.15,0.06700482,0.23319593
801015,2006-01-06,343.59,340.88,346.36,336.73,0.07947401,0.2934247602
801015,2006-01-09,348.69,343.75,350.67,341.45,0.07096747,0.23339833210000002
801015,2006-01-10,348.3,348.79,350.28,343.45,0.0590235,0.204312745
801015,2006-01-11,343.69,347.92,349.95,341.13,0.05788863,0.2103102015
801015,2006-01-12,351.88,343.49,353.16,341.55,0.08931017,0.2788027023
801015,2006-01-13,355.3,359.24,361.8,350.2,0.14568353,0.39177646
801015,2006-01-16,353.13,356.06,360.41,350.85,0.08405845,0.3100618034
801015,2006-01-17,351.58,351.24,354.7,347.73,0.04358694,0.13726218
801015,2006-01-18,356.91,351.44,359.26,349.82,0.06141652,0.1910035176
801015,2006-01-19,359.08,358.03,361.13,351.66,0.07676477,0.2446813949
801015,2006-01-20,355.83,359.16,360.13,352.84,0.06793667,0.22399377
801015,2006-01-23,358.41,356.57,362.37,349.99,0.08039625,0.27115832100000004
801015,2006-01-24,357.65,358.06,361.04,353.8,0.05539629,0.19414569199999998
801015,2006-01-25,350.6,355.78,357.02,346.12,0.05795106,0.19570258850000002
801015,2006-02-06,356.88,350.77,358.03,347.84,0.0469068,0.1723928957
801015,2006-02-07,361.95,357.48,364.77,352.0,0.09628362,0.30633719260000003
801015,2006-02-08,363.55,362.19,367.86,357.5,0.06355702,0.1984728841
801015,2006-02-09,365.3,364.98,378.51,361.52,0.15834477,0.5157688536
801015,2006-02-10,365.38,362.63,366.99,359.58,0.06676713,0.21595874
801015,2006-02-13,367.58,365.22,370.07,360.09,0.06426939,0.24071664239999999
801015,2006-02-14,373.98,366.84,376.41,364.7,0.08822485,0.2898362148
801015,2006-02-15,372.35,373.76,376.28,368.86,0.06774517,0.2255484024
801015,2006-02-16,355.74,371.87,373.11,354.69,0.07001837,0.2532330604
801015,2006-02-17,354.11,353.98,361.89,349.01,0.07938152,0.280718722
801015,2006-02-20,354.93,353.32,359.68,347.07,0.07191083,0.23845108
801015,2006-02-21,357.37,352.75,359.12,347.05,0.06388646,0.1826008
801015,2006-02-22,360.23,356.95,366.8,354.6,0.089933,0.26910567
801015,2006-02-23,360.35,358.66,362.63,352.99,0.04747062,0.13751719
801015,2006-02-24,360.66,359.03,362.8,356.18,0.0372156,0.11806624
801015,2006-02-27,365.57,359.86,366.04,354.65,0.0654117,0.20241654
801015,2006-02-28,364.87,362.67,367.62,355.64,0.06018677,0.22294864
801015,2006-03-01,364.47,363.32,366.6,359.45,0.05207944,0.17961507
801015,2006-03-02,355.86,362.6,364.83,351.47,0.06186668,0.1953335
801015,2006-03-03,357.72,353.14,359.08,349.74,0.05182583,0.18053905
801015,2006-03-06,355.14,355.54,359.01,349.11,0.02625062,0.07610468
801015,2006-03-07,347.49,352.49,355.91,342.13,0.04011881,0.12066302
801015,2006-03-08,347.33,344.23,349.26,340.46,0.02008664,0.0714676
801015,2006-03-09,345.5,345.32,348.96,341.14,0.01846092,0.05471339
801015,2006-03-10,341.08,341.25,345.05,336.44,0.02655484,0.080986855
801015,2006-03-13,342.6,341.17,344.15,337.35,0.02566921,0.0811015011
801015,2006-03-14,344.28,341.06,346.06,338.02,0.02451459,0.0841400661
801015,2006-03-15,345.2,341.93,346.05,339.42,0.02014016,0.06641668049999999
801015,2006-03-16,343.41,344.06,345.46,339.04,0.03597947,0.1077439505
801015,2006-03-17,339.25,343.12,344.06,337.65,0.03216225,0.1124008
801015,2006-03-20,343.3,339.3,345.75,336.42,0.03986683,0.1201011891
801015,2006-03-21,345.53,341.38,348.66,338.87,0.04623698,0.156677545
801015,2006-03-22,348.58,345.02,350.48,342.37,0.06120832,0.18291384510000003
801015,2006-03-23,350.4,348.35,352.97,345.78,0.03253049,0.1104036152
801015,2006-03-24,350.87,350.52,356.11,346.99,0.04549413,0.1803077877
801015,2006-03-27,353.26,351.74,355.31,346.88,0.03264185,0.123567115
801015,2006-03-28,353.3,356.65,358.12,349.73,0.03151105,0.1004445201
801015,2006-03-29,353.65,353.49,359.12,349.95,0.05753364,0.1754195586
801015,2006-03-30,350.65,354.29,356.81,348.07,0.05388421,0.1597694976
801015,2006-03-31,355.18,352.84,360.16,350.0,0.05279215,0.17740200379999999
801015,2006-04-03,358.1,355.67,361.25,352.39,0.09101475,0.21591875649999998
801015,2006-04-04,363.88,361.26,365.92,356.1,0.07048014,0.27845553559999997
801015,2006-04-05,374.25,365.0,376.84,360.68,0.13058465,0.42124469840000006
801015,2006-04-06,375.36,375.82,385.33,367.73,0.12653178,0.5151504047
801015,2006-04-07,379.83,374.73,386.29,371.32,0.09146681,0.3886016897
801015,2006-04-10,383.76,379.6,390.34,376.99,0.08200221,0.227606693
801015,2006-04-11,383.44,381.86,391.3,377.33,0.04180236,0.08830207
801015,2006-04-12,390.56,381.54,396.7,377.97,0.12926668,0.31199197
801015,2006-04-13,384.67,390.89,399.47,379.96,0.09008773,0.21530413
801015,2006-04-14,383.52,380.22,389.76,374.09,0.06318151,0.1400622
801015,2006-04-17,384.57,380.66,393.9,377.82,0.049909,0.11366388
801015,2006-04-18,382.86,382.77,391.13,377.38,0.03663785,0.08047503
801015,2006-04-19,361.46,360.9,368.86,357.13,0.03410038,0.07176255
801015,2006-04-20,357.37,358.74,366.48,353.58,0.03673045,0.07329469
801015,2006-04-21,358.23,354.2,365.5,352.6,0.02804101,0.05602408
801015,2006-04-24,350.97,355.28,364.2,347.4,0.04899577,0.09273144
801015,2006-04-25,346.96,345.54,358.25,340.61,0.07617827,0.14203373
801015,2006-04-26,354.67,343.77,360.25,339.6,0.07306329,0.14184476
801015,2006-04-27,355.98,353.28,365.96,347.81,0.11789736,0.2970737166
801015,2006-04-28,350.15,354.63,358.52,346.44,0.06429922,0.14875464060000002
801015,2006-05-08,358.92,351.91,363.56,347.66,0.10502919,0.2383894098
801015,2006-05-09,366.06,357.86,367.91,353.44,0.18706491,0.399127499
801015,2006-05-10,387.67,378.39,391.51,371.46,0.23476305,0.5495511453
801015,2006-05-11,384.72,390.7,405.89,381.62,0.31149585,1.1912350928
801015,2006-05-12,399.46,382.12,402.1,375.94,0.29907553,0.9853583698999999
801015,2006-05-15,421.36,407.32,426.84,397.91,0.37639718,1.2992644063
801015,2006-05-16,417.89,422.39,439.81,402.06,0.32030645,1.3120985472
801015,2006-05-17,422.48,412.83,431.64,403.23,0.19525911,0.4632845728
801015,2006-05-18,425.45,414.51,431.3,403.44,0.16441662,0.41816990950000005
801015,2006-05-19,436.23,422.61,443.19,413.6,0.23730239,0.6213099903
801015,2006-05-22,446.24,429.42,453.07,420.75,0.28536992,0.7355804848999999
801015,2006-05-23,428.2,440.14,449.85,416.97,0.21938904,0.5651829434000001
801015,2006-05-24,420.63,422.07,437.31,398.59,0.15503821,0.37888164979999994
801015,2006-05-25,425.12,413.49,430.76,402.92,0.11490699,0.2906956295
801015,2006-05-26,429.02,418.23,434.79,409.69,0.06120959,0.1865809868
801015,2006-05-29,447.58,426.02,453.29,419.48,0.20246216,0.5660080085
801015,2006-05-30,459.77,445.01,465.13,434.34,0.40926356,1.1321371059
801015,2006-05-31,455.14,453.46,468.58,437.67,0.2072454,0.5817594291
801015,2006-06-01,473.74,449.54,478.43,443.42,0.2839467,0.8083998287
801015,2006-06-02,482.93,469.83,492.07,456.17,0.33993933,1.0131258172
801015,2006-06-05,493.92,477.33,498.41,462.86,0.26115451,0.7700504001999999
801015,2006-06-06,491.87,491.77,506.5,481.79,0.3470725,1.5311468555
801015,2006-06-07,456.29,495.66,505.68,452.56,0.32056014,1.2115761973
801015,2006-06-08,455.59,450.97,459.71,432.0,0.21537875,0.7879830398000001
801015,2006-06-09,450.87,454.27,466.2,438.68,0.21217557,0.7608888093
801015,2006-06-12,453.63,451.67,462.91,438.62,0.17697275,0.7292027893999999
801015,2006-06-13,453.74,453.63,463.12,443.88,0.12890048,0.4579904275
801015,2006-06-14,454.72,452.12,461.09,439.11,0.12530787,0.45754546799999996
801015,2006-06-15,457.22,456.68,466.83,445.83,0.14226027,0.5146557346
801015,2006-06-16,471.46,457.77,476.59,453.33,0.20444703,0.7857466079000001
801015,2006-06-19,475.93,467.4,481.43,460.64,0.17980871,0.6907292678
801015,2006-06-20,483.33,475.88,489.54,466.73,0.17996033,0.7380262648
801015,2006-06-21,475.86,481.92,486.57,471.91,0.13960891,0.5516107934000001
801015,2006-06-22,478.88,472.77,486.71,462.77,0.13566826,0.5748245654999999
801015,2006-06-23,493.65,476.21,499.06,469.3,0.18100366,0.8950106081999999
801015,2006-06-26,500.02,497.43,512.15,489.61,0.17731848,0.7718531067000001
801015,2006-06-27,510.11,502.34,521.92,494.96,0.22329804,1.0037528981000001
801015,2006-06-28,504.62,509.63,515.92,498.05,0.1150736,0.5163834835
801015,2006-06-29,507.26,504.72,522.73,502.07,0.16182142,0.6727136672
801015,2006-06-30,499.1,507.81,515.23,493.96,0.12181378,0.54505311
801015,2006-07-03,506.78,498.28,511.47,492.48,0.12923282,0.5347748123
801015,2006-07-04,502.72,507.48,516.85,497.62,0.12566963,0.5565178082
801015,2006-07-05,503.55,501.42,512.26,488.95,0.11898627,0.5402318475
801015,2006-07-06,509.69,503.11,515.79,498.62,0.10444192,0.4396068715
801015,2006-07-07,512.33,510.13,524.06,504.98,0.14521033,0.5771377895
801015,2006-07-10,524.47,518.61,528.03,512.03,0.11495699,0.4872965953
801015,2006-07-11,542.98,536.33,547.84,532.43,0.15511648,0.8167816487
801015,2006-07-12,537.56,542.66,551.55,531.26,0.25640799,1.0439639982
801015,2006-07-13,495.35,534.27,539.79,493.96,0.23920736,1.0489237470000001
801015,2006-07-14,508.2,491.35,516.46,488.96,0.18510614,0.6976547268000001
801015,2006-07-17,523.24,503.6,528.6,500.41,0.22615664,0.9005362232999999
801015,2006-07-18,518.68,523.54,526.09,509.37,0.1661408,0.6248328196
801015,2006-07-19,508.55,523.45,526.41,504.07,0.07674497,0.2880266395
801015,2006-07-20,514.83,511.92,522.44,503.16,0.06176021,0.2357423086
801015,2006-07-21,522.1,519.53,530.71,512.51,0.06857374,0.2583601609
801015,2006-07-24,531.08,523.91,539.18,511.31,0.09004098,0.5320133278
801015,2006-07-25,556.79,535.84,565.67,528.56,0.28449711,1.3233041944
801015,2006-07-26,566.04,563.61,585.87,552.51,0.49160876,1.8805091183000002
801015,2006-07-27,562.91,568.51,580.26,549.12,0.27868753,1.2358971989
801015,2006-07-28,559.99,565.46,572.27,544.11,0.17749212,0.7202291131999999
801015,2006-07-31,551.67,563.12,575.18,545.4,0.15506127,0.7265467543
801015,2006-08-01,546.83,556.01,566.61,534.04,0.13629714,0.5843904628000001
801015,2006-08-02,530.01,550.92,556.33,522.39,0.13398469,0.5871992272
801015,2006-08-03,541.61,539.93,549.7,524.37,0.12699352,0.801106445
801015,2006-08-04,533.0,546.63,556.82,528.5,0.13751301,0.8911674231000001
801015,2006-08-07,521.4,534.05,544.4,512.3,0.14398218,0.8709968018
801015,2006-08-08,532.02,533.45,541.92,519.58,0.11391148,0.7311978749
801015,2006-08-09,551.21,541.68,560.8,527.43,0.16299968,1.2998023722
801015,2006-08-10,554.6,551.71,561.33,543.12,0.09977027,0.6812917895
801015,2006-08-11,554.58,559.6,569.05,547.7,0.08530793,0.5364147866
801015,2006-08-14,547.4,560.5,566.72,540.51,0.09235783,0.5369874779
801015,2006-08-15,553.16,550.52,562.42,535.92,0.1093686,0.6226995878
801015,2006-08-16,559.34,555.5,568.14,544.28,0.10533718,0.6558053107999999
801015,2006-08-17,554.68,562.4,566.24,545.46,0.08647746,0.4562651644
801015,2006-08-18,555.07,557.67,570.92,548.75,0.09255085,0.47499541100000003
801015,2006-08-21,554.99,542.75,561.43,529.01,0.08608314,0.4347467124
801015,2006-08-22,556.7,559.38,565.31,546.78,0.07123308,0.3834488386
801015,2006-08-23,546.82,561.17,566.51,540.98,0.11373447,0.7064517687999999
801015,2006-08-24,549.87,550.77,557.31,538.92,0.10870836,0.5979821867
801015,2006-08-25,550.33,556.94,560.65,543.32,0.10346204,0.4359635725
801015,2006-08-28,566.95,556.02,575.69,547.93,0.1916535,0.8615255929000001
801015,2006-08-29,564.26,571.07,578.1,557.02,0.17082423,0.7762152564
801015,2006-08-30,563.44,567.34,573.04,556.72,0.08327143,0.38186831479999994
801015,2006-08-31,572.92,569.07,586.94,559.29,0.1112609,0.7334432146
801015,2006-09-01,578.22,579.99,591.14,568.1,0.17702855,0.7758496448000001
801015,2006-09-04,598.91,588.18,606.0,580.94,0.21440921,1.1275542151
801015,2006-09-05,598.4,601.49,612.23,588.19,0.16105282,0.7607503473
801015,2006-09-06,598.18,603.35,611.49,588.11,0.07867327,0.20506547809999998
801015,2006-09-07,598.24,609.08,621.32,590.6,0.14365149,1.1044382981
801015,2006-09-08,599.68,599.65,610.04,588.01,0.08779199,0.5057085999
801015,2006-09-11,611.67,613.06,623.74,595.9,0.22169985,0.9125200224
801015,2006-09-12,618.67,617.92,630.89,607.62,0.20095563,1.020085474
801015,2006-09-13,605.59,622.84,630.59,597.05,0.20101964,1.1063243276999999
801015,2006-09-14,600.63,613.15,616.8,587.88,0.17006086,1.1233472520999999
801015,2006-09-15,610.32,604.17,626.42,595.87,0.16711805,0.7185020548000001
801015,2006-09-18,618.06,611.32,626.9,599.41,0.1723246,0.7439997026
801015,2006-09-19,630.0,622.32,648.8,609.9,0.2751417,1.5267935083000002
801015,2006-09-20,649.4,632.87,660.09,618.58,0.30726731,1.7851054083000002
801015,2006-09-21,678.56,651.62,691.91,644.02,0.51865465,3.2144667383999996
801015,2006-09-22,657.88,667.53,685.6,645.82,0.33280521,1.9801284699000001
801015,2006-09-25,654.14,659.25,674.83,646.3,0.20648661,1.1981852992
801015,2006-09-26,669.59,658.57,680.37,631.0,0.29922656,1.6574915381
801015,2006-09-27,665.78,668.91,681.56,654.46,0.24090537,1.4146311462999999
801015,2006-09-28,655.04,678.41,690.3,652.15,0.31523213,1.8790805192
801015,2006-09-29,656.12,664.56,673.21,647.76,0.28013091,1.5346576159
801015,2006-10-09,659.44,664.49,669.64,643.89,0.2140654,1.0262542389
801015,2006-10-10,663.26,664.59,674.46,648.16,0.26793681,1.2800582317
801015,2006-10-11,654.17,666.0,668.14,646.75,0.18065049,0.9075349826000001
801015,2006-10-12,653.8,655.87,670.22,645.18,0.24847655,2.1047150305
801015,2006-10-13,651.48,655.89,665.24,638.41,0.23374511,2.2642240396
801015,2006-10-16,654.26,652.76,665.95,640.46,0.24583772,1.9550418411000001
801015,2006-10-17,647.97,653.73,660.43,640.39,0.16743587,1.2230375665
801015,2006-10-18,658.33,651.19,664.42,642.1,0.21214334,1.3938056932
801015,2006-10-19,672.54,661.47,689.79,652.0,0.45646681,3.6965976033
801015,2006-10-20,659.11,673.68,684.66,646.28,0.46665023,3.5847164868
801015,2006-10-23,649.02,657.99,675.28,630.93,0.53973537,3.1953694114999998
801015,2006-10-24,654.91,646.28,663.47,637.9,0.35950824,2.089759571
801015,2006-10-25,648.36,657.07,664.61,636.88,0.34152713,1.8870561418
801015,2006-10-26,645.16,651.58,659.22,635.51,0.32494725,1.7690292495
801015,2006-10-27,628.85,643.99,649.25,617.08,0.31836894,1.4365357158
801015,2006-10-30,622.48,626.45,633.5,603.84,0.20116953,1.0987139109000001
801015,2006-10-31,625.38,626.24,633.44,613.37,0.17458633,0.8589329004999999
801015,2006-11-01,615.99,626.18,631.13,606.03,0.1589588,1.2140519877
801015,2006-11-02,611.78,617.69,622.63,601.01,0.1355914,1.0403723048
801015,2006-11-03,617.93,610.92,625.27,603.38,0.16072343,1.107219358
801015,2006-11-06,604.44,617.08,618.56,600.89,0.22818725,1.1014203597
801015,2006-11-07,595.42,601.43,606.37,584.78,0.33120438,1.5938543106999998
801015,2006-11-08,604.37,591.46,612.7,582.98,0.23951373,1.3528430111
801015,2006-11-09,618.56,603.1,623.6,595.82,0.29285604,1.3521782136000002
801015,2006-11-10,598.12,616.71,619.13,592.02,0.22791778,1.0485700155
801015,2006-11-13,578.82,595.57,602.76,571.39,0.19042564,0.9078878179000001
801015,2006-11-14,588.9,578.25,592.38,566.53,0.26180512,0.9234720338
801015,2006-11-15,603.87,585.61,610.92,580.64,0.23374404,1.1818115325
801015,2006-11-16,601.38,602.27,612.88,590.63,0.2339387,1.2129674033
801015,2006-11-17,611.1,599.42,619.28,593.1,0.165211,1.1017389063
801015,2006-11-20,602.6,610.48,615.75,591.88,0.2197333,1.0217054584
801015,2006-11-21,609.76,601.96,615.47,590.02,0.305579,1.2703128789
801015,2006-11-22,617.66,609.44,631.84,602.58,0.4282063,1.7262802387
801015,2006-11-23,614.99,613.99,625.15,603.85,0.25341068,1.2139677296
801015,2006-11-24,614.97,612.02,621.01,601.3,0.28206773,1.3697128263
801015,2006-11-27,629.59,612.97,630.87,606.56,0.30214798,1.4560152216
801015,2006-11-28,635.11,631.23,645.79,621.65,0.35975704,1.8296651454
801015,2006-11-29,640.87,628.33,647.26,614.01,0.28479265,1.7426025065000001
801015,2006-11-30,650.85,639.51,659.42,634.5,0.32896104,1.9991063169
801015,2006-12-01,643.88,651.12,662.77,637.73,0.34263252,1.800491421
801015,2006-12-04,667.59,644.49,675.5,639.85,0.45403365,2.6520183283
801015,2006-12-05,664.4,667.37,677.23,652.51,0.43752682,2.3778283013
801015,2006-12-06,647.65,662.56,667.51,625.37,0.44749421,2.9010011669
801015,2006-12-07,638.19,643.2,656.79,634.95,0.29492591,1.8734788908000002
801015,2006-12-08,623.12,634.72,642.96,617.38,0.27397058,1.5404626779
801015,2006-12-11,638.98,620.51,642.79,617.06,0.21547726,1.1507600525
801015,2006-12-12,644.63,644.12,653.3,627.07,0.33245882,2.0045768408
801015,2006-12-13,670.3,643.31,678.0,635.71,0.35998456,3.4608220293
801015,2006-12-14,670.27,671.84,682.44,659.44,0.23075815,1.8912972238999999
801015,2006-12-15,671.35,669.08,682.64,660.16,0.2409677,1.8571462877
801015,2006-12-18,677.94,671.53,688.53,664.14,0.38148468,2.4269788529
801015,2006-12-19,708.17,678.88,721.18,662.07,0.54769365,3.9391516301
801015,2006-12-20,735.41,705.91,741.11,691.66,0.84050018,4.7775373225
801015,2006-12-21,730.46,732.82,759.06,718.21,0.60518705,3.6898418366000003
801015,2006-12-22,727.35,722.22,746.07,706.33,0.36681933,2.420326024
801015,2006-12-25,736.63,724.65,752.85,718.92,0.37339204,2.6288202376
801015,2006-12-26,734.04,738.72,751.04,722.4,0.39901933,2.8603144649
801015,2006-12-27,740.55,733.89,753.89,718.38,0.46973581,2.1932066271
801015,2006-12-28,706.78,738.09,745.29,695.13,0.45352093,4.0421630010000005
801015,2006-12-29,707.3,705.07,725.03,698.89,0.3436183,2.7344965014
801015,2007-01-04,699.66,713.19,724.78,683.43,0.45275818,2.6615847266
801015,2007-01-05,735.45,697.5,737.69,689.04,0.53657004,3.2757689361
801015,2007-01-08,753.21,731.13,762.22,722.77,0.52365202,2.9440332295999996
801015,2007-01-09,756.8,753.15,772.96,742.46,0.43220393,2.6979942396
801015,2007-01-10,756.68,757.08,770.86,737.39,0.47918928,2.8212643137
801015,2007-01-11,776.03,755.16,796.45,742.96,0.58692634,3.6352980138
801015,2007-01-12,769.99,769.57,809.39,751.09,0.52313771,3.7147057626
801015,2007-01-15,809.92,769.13,815.98,761.41,0.45521232,3.1208048319999997
801015,2007-01-16,819.02,815.11,838.21,793.84,0.56783219,3.5425045219999998
801015,2007-01-17,823.05,819.56,850.22,785.03,0.69337315,4.3112411477
801015,2007-01-18,826.71,817.9,847.9,789.74,0.48145241,3.2194466630000003
801015,2007-01-19,876.73,827.97,885.54,823.14,0.61422814,4.6328551251
801015,2007-01-22,923.49,886.41,934.36,878.53,0.76925214,5.1081047703
801015,2007-01-23,922.83,923.31,940.56,890.88,0.69233329,4.7172045887000005
801015,2007-01-24,917.55,917.93,946.01,898.13,0.47298692,3.1585172265
801015,2007-01-25,872.06,908.69,916.84,857.8,0.44675856,3.4387328888
801015,2007-01-26,858.22,858.97,872.4,809.02,0.43738462,3.0952097948
801015,2007-01-29,872.02,859.09,884.26,843.07,0.44004159,3.1548565812000002
801015,2007-01-30,899.45,884.76,915.24,870.43,0.6628087,4.2341787376
801015,2007-01-31,843.63,894.56,908.85,837.88,0.54358778,3.5109822054000004
801015,2007-02-01,846.15,835.51,859.77,807.15,0.57496815,3.2599809868
801015,2007-02-02,837.78,847.31,855.83,814.0,0.36112402,2.2180404598
801015,2007-02-05,839.59,829.69,848.98,815.23,0.25009821,1.8261230284
801015,2007-02-06,868.06,839.7,874.06,825.1,0.27867939,2.0909604104
801015,2007-02-07,872.03,869.02,890.76,854.51,0.4845628,3.0479195982
801015,2007-02-08,892.79,877.2,898.67,862.14,0.62244581,3.6457896736
801015,2007-02-09,888.57,896.6,908.3,873.06,0.51469035,2.8610113444
801015,2007-02-12,918.77,890.06,922.57,879.8,0.49459371,3.6138107919999998
801015,2007-02-13,941.5,922.53,947.57,909.2,0.34263801,2.3119828863
801015,2007-02-14,961.61,941.81,972.18,930.95,0.55192562,3.6623849339
801015,2007-02-15,983.52,967.0,993.78,950.29,0.65751789,4.471120036
801015,2007-02-16,966.77,982.99,998.91,953.3,0.4859712,3.6889277013
801015,2007-02-26,992.78,958.98,998.03,944.41,0.44541531,3.2465357841
801015,2007-02-27,909.01,997.56,1015.36,903.02,0.85461165,5.5585537699000005
801015,2007-02-28,955.61,900.48,960.77,890.8,0.54402512,3.7825033188
801015,2007-03-01,966.2,961.38,981.7,919.57,0.71549174,4.5701968473
801015,2007-03-02,972.41,959.92,997.36,940.66,0.62765321,4.7939727647
801015,2007-03-05,956.16,968.08,989.49,926.88,0.50140106,3.6011387338
801015,2007-03-06,948.12,953.06,968.99,931.77,0.48684461,2.9424296779000003
801015,2007-03-07,960.87,947.73,973.44,941.49,0.4467286,2.7931357423
801015,2007-03-08,969.95,958.62,980.52,942.6,0.55693831,3.8937632251
801015,2007-03-09,966.58,969.18,986.74,941.85,0.57362948,3.9978944557
801015,2007-03-12,988.92,964.31,1003.99,946.61,0.7188248,5.1396837756
801015,2007-03-13,991.47,991.91,1017.26,967.01,0.61668843,4.7308477598000005
801015,2007-03-14,987.74,986.3,1006.68,946.49,0.56100474,4.8224560512
801015,2007-03-15,997.26,988.07,1021.26,981.76,0.47018675,4.1465583418000005
801015,2007-03-16,980.68,999.19,1011.05,962.42,0.60534747,4.6319020527
801015,2007-03-19,972.06,951.51,993.82,939.07,0.47643026,3.2392005579000003
801015,2007-03-20,991.9,970.51,1005.87,958.74,0.45485038,3.5867157119999997
801015,2007-03-21,1009.19,991.36,1019.82,980.2,0.53454991,4.2520769841
801015,2007-03-22,1009.67,1012.87,1035.24,995.55,0.61373837,5.0026068048
801015,2007-03-23,1021.94,1002.95,1027.14,977.19,0.67198803,5.2189843004
801015,2007-03-26,1048.32,1020.29,1061.16,1012.62,0.72246956,6.2046027059
801015,2007-03-27,1057.94,1050.88,1078.92,1037.5,0.81962334,7.5886223974
801015,2007-03-28,1047.57,1057.56,1072.27,999.56,0.7880629,6.794260980800001
801015,2007-03-29,1012.36,1045.23,1058.03,1007.36,0.56166745,4.8952735568
801015,2007-03-30,1012.9,1004.83,1027.34,993.65,0.40381553,2.8701056197000003
801015,2007-04-02,1031.68,1008.76,1038.15,1005.23,0.37525019,2.9508286122000005
801015,2007-04-03,1033.27,1034.57,1049.2,1017.62,0.45462366,3.7576755988999997
801015,2007-04-04,1036.35,1035.16,1052.33,1016.04,0.51198777,4.4231899937
801015,2007-04-05,1061.01,1036.04,1068.74,1023.73,0.5781598,5.0018558873000005
801015,2007-04-06,1110.23,1057.36,1123.65,1046.34,1.02500407,9.6007216843
801015,2007-04-09,1133.19,1115.21,1152.11,1098.6,0.9729331,9.0385887037
801015,2007-04-10,1137.48,1135.27,1154.06,1098.95,0.72088596,6.8265031690999995
801015,2007-04-11,1130.26,1141.51,1149.9,1108.37,0.59177602,5.886474077000001
801015,2007-04-12,1148.68,1131.97,1161.15,1113.08,0.64079654,6.268473172999999
801015,2007-04-13,1152.15,1141.76,1189.48,1119.64,0.56799405,4.794942159800001
801015,2007-04-16,1179.03,1134.24,1199.31,1118.55,0.7630002,6.843438991699999
801015,2007-04-17,1204.27,1198.53,1235.25,1158.8,0.79214602,8.9583057582
801015,2007-04-18,1217.1,1211.92,1248.88,1175.54,0.76971215,8.7780558604
801015,2007-04-19,1159.2,1209.25,1236.18,1123.34,1.11428605,9.9362607689
801015,2007-04-20,1204.3,1159.73,1218.57,1155.59,0.83264637,7.7723350417
801015,2007-04-23,1222.7,1205.36,1249.98,1191.82,0.94669538,9.4701066
801015,2007-04-24,1218.59,1228.0,1253.74,1189.45,0.98475784,10.4566755065
801015,2007-04-25,1178.35,1205.25,1214.89,1147.92,0.67956274,6.850301260599999
801015,2007-04-26,1203.44,1180.73,1217.58,1165.48,0.51953941,5.8809194727
801015,2007-04-27,1178.94,1204.03,1220.32,1166.87,0.66786589,6.2599682915
801015,2007-04-30,1165.79,1169.64,1198.82,1142.54,0.51042319,5.3316352787
801015,2007-05-08,1210.93,1180.58,1221.98,1163.85,0.77901596,8.23853326
801015,2007-05-09,1228.28,1212.98,1248.07,1167.36,0.97608964,10.6539552613
801015,2007-05-10,1248.27,1233.82,1270.95,1214.45,0.82080848,9.0089534346
801015,2007-05-11,1214.61,1238.35,1242.07,1194.71,0.54603823,5.919975537899999
801015,2007-05-14,1198.15,1200.57,1216.35,1177.29,0.48603199,5.2031621576
801015,2007-05-15,1163.82,1201.39,1217.97,1155.88,0.48672174,5.0825754842
801015,2007-05-16,1186.0,1160.46,1193.48,1130.72,0.44741741,5.403966249
801015,2007-05-17,1230.44,1196.85,1241.95,1189.07,0.75252893,8.1827679128
801015,2007-05-18,1254.46,1247.59,1272.43,1217.33,0.60093583,7.3286254022
801015,2007-05-21,1314.63,1242.8,1323.2,1217.06,0.78199266,9.3529594238
801015,2007-05-22,1351.63,1352.62,1390.35,1309.96,1.59142878,19.4966165984
801015,2007-05-23,1414.73,1349.99,1431.12,1327.26,1.3837487,16.5455356883
801015,2007-05-24,1397.15,1394.7,1430.75,1345.82,0.67261545,8.6864203391
801015,2007-05-25,1397.81,1370.27,1420.3,1345.49,0.41909996,5.639894727300001
801015,2007-05-28,1424.05,1397.06,1446.23,1378.7,0.53331155,7.4319921872000005
801015,2007-05-29,1437.33,1404.85,1448.75,1381.11,0.52839169,7.3460315867
801015,2007-05-30,1334.77,1328.9,1408.44,1310.56,0.5218793,6.8711900112999995
801015,2007-05-31,1310.61,1298.42,1358.25,1257.26,0.29718944,3.6133130204
801015,2007-06-01,1303.18,1263.68,1347.91,1246.2,0.5364349,7.4913622859
801015,2007-06-04,1213.81,1256.14,1292.54,1190.54,0.39206015,5.3682782465
801015,2007-06-05,1238.96,1156.11,1248.57,1127.56,0.52923908,5.6138934165
801015,2007-06-06,1302.71,1239.31,1311.29,1197.07,0.7534883,9.0076486679
801015,2007-06-07,1335.08,1298.42,1371.46,1277.83,0.80516214,10.565037459400001
801015,2007-06-08,1355.05,1316.5,1386.86,1287.93,0.57809281,7.5805196886
801015,2007-06-11,1364.22,1327.37,1401.0,1308.41,0.57736443,7.4407488598
801015,2007-06-12,1402.38,1395.03,1427.52,1325.28,0.68362499,8.5234197393
801015,2007-06-13,1401.52,1428.93,1459.95,1355.36,1.13452056,14.3314398676
801015,2007-06-14,1400.89,1402.96,1456.33,1361.06,0.84727597,10.551206025499999
801015,2007-06-15,1397.58,1379.76,1448.98,1354.35,0.66601981,8.0635827022
801015,2007-06-18,1421.98,1424.29,1465.59,1395.72,0.62541342,8.5634719884
801015,2007-06-19,1424.91,1420.52,1453.39,1383.16,0.54181116,6.318119154600001
801015,2007-06-20,1380.03,1420.06,1469.82,1364.62,0.59880765,8.0025403872
801015,2007-06-21,1372.78,1375.6,1420.48,1344.36,0.46800817,5.757079007000001
801015,2007-06-22,1268.02,1368.25,1386.32,1250.0,0.55290367,6.4457842284
801015,2007-06-25,1178.89,1282.94,1305.26,1175.25,0.36664209,4.1444549603
801015,2007-06-26,1163.39,1131.29,1177.46,1116.63,0.4978251,4.7209380024000005
801015,2007-06-27,1207.53,1164.98,1217.86,1136.5,0.44526721,4.4326457412
801015,2007-06-28,1134.71,1205.04,1235.63,1131.13,0.45914233,4.6692601791
801015,2007-06-29,1070.28,1103.82,1126.9,1061.82,0.40793759,3.7451273847000004
801015,2007-07-02,1110.06,1067.76,1118.01,1049.66,0.34211052,3.2832063917000003
801015,2007-07-03,1122.04,1116.38,1140.23,1081.11,0.3558325,3.2070383533999998
801015,2007-07-04,1071.69,1116.14,1122.56,1065.65,0.24278865,2.1701750919
801015,2007-07-05,995.69,1053.37,1076.01,987.24,0.3817949,3.4323029233999995
801015,2007-07-06,1058.33,987.34,1066.46,963.32,0.43943047,3.8261782813
801015,2007-07-09,1097.06,1069.18,1112.19,1040.04,0.57914156,4.973481795
801015,2007-07-10,1091.95,1086.05,1124.8,1058.03,0.52213788,4.5384687384
801015,2007-07-11,1107.19,1095.87,1144.55,1075.91,0.45442903,4.8138204133
801015,2007-07-12,1094.24,1101.17,1125.82,1074.57,0.2539463,2.323196819
801015,2007-07-13,1091.44,1099.84,1118.2,1074.55,0.18831351,1.6458753499
801015,2007-07-16,1038.53,1090.1,1103.14,1030.79,0.26636922,2.3534072071
801015,2007-07-17,1070.36,1040.91,1083.6,1027.13,0.30178404,3.4136590505
801015,2007-07-18,1062.15,1081.81,1097.43,1047.17,0.33477794,3.1245172464
801015,2007-07-19,1058.14,1055.21,1076.44,1043.97,0.1848688,1.7178217569
801015,2007-07-20,1099.87,1054.15,1114.31,1051.67,0.29395434,3.0983086538999998
801015,2007-07-23,1154.49,1096.83,1170.53,1095.39,0.42272469,4.3955249382
801015,2007-07-24,1150.11,1163.26,1194.56,1142.31,0.42211001,4.2714251791
801015,2007-07-25,1197.17,1147.31,1211.04,1139.31,0.42354392,4.8048010222
801015,2007-07-26,1215.86,1200.83,1229.27,1173.96,0.50269011,5.3950393001
801015,2007-07-27,1230.98,1217.7,1249.02,1192.91,0.50334191,5.3138853899
801015,2007-07-30,1238.22,1228.05,1260.77,1209.47,0.47287918,5.7563247613
801015,2007-07-31,1318.9,1238.1,1328.92,1232.48,0.72471022,8.9112594965
801015,2007-08-01,1262.96,1328.24,1360.13,1232.22,0.83262598,9.532058536000001
801015,2007-08-02,1339.63,1260.48,1348.2,1245.14,0.71744609,9.5205218275
801015,2007-08-03,1376.74,1351.16,1427.9,1330.93,0.71258514,9.7046554385
801015,2007-08-06,1372.21,1378.72,1405.65,1323.16,0.52160692,6.7738311045
801015,2007-08-07,1408.86,1368.27,1435.09,1337.57,0.47924654,6.8289325855
801015,2007-08-08,1381.89,1393.22,1417.5,1334.51,0.38517005,5.237774733399999
801015,2007-08-09,1404.54,1432.07,1462.98,1382.51,0.49079251,8.825870539
801015,2007-08-10,1355.21,1404.65,1429.85,1320.07,0.41766181,6.0855358845000005
801015,2007-08-13,1318.39,1353.32,1371.09,1294.98,0.36460389,4.4583919512
801015,2007-08-14,1357.76,1316.62,1372.16,1299.16,0.3038223,4.2449577782
801015,2007-08-15,1333.66,1365.35,1368.68,1307.66,0.22910787,2.9163028213
801015,2007-08-16,1376.47,1335.15,1395.08,1318.12,0.44780744,5.6924099659000005
801015,2007-08-17,1379.89,1382.63,1424.33,1361.94,0.42357248,4.9499933334
801015,2007-08-20,1455.19,1409.51,1470.0,1397.55,0.4200864,6.1353647054
801015,2007-08-21,1498.96,1473.44,1524.87,1445.5,0.41203155,5.9529572563
801015,2007-08-22,1498.46,1468.15,1524.71,1459.23,0.41629412,5.4817841304999995
801015,2007-08-23,1504.06,1505.49,1532.85,1475.26,0.47955465,5.6044762203
801015,2007-08-24,1521.22,1507.7,1561.25,1475.54,0.47930569,5.9794467586
801015,2007-08-27,1491.16,1530.16,1552.59,1467.76,0.47350935,6.377183732200001
801015,2007-08-28,1519.6,1485.96,1553.73,1434.81,0.55802535,7.076227293600001
801015,2007-08-29,1495.2,1508.49,1554.95,1463.06,0.48139134,6.1120302892
801015,2007-08-30,1532.81,1515.08,1585.05,1488.0,0.50585178,5.5099058559000005
801015,2007-08-31,1551.01,1553.23,1596.14,1521.59,0.48218385,6.4348037079
801015,2007-09-03,1566.33,1553.67,1595.27,1534.67,0.44437433,5.8806690692
801015,2007-09-04,1589.11,1566.52,1644.49,1537.88,0.48098309,7.0635922109000004
801015,2007-09-05,1569.16,1603.52,1631.95,1536.15,0.45452214,6.2837363953
801015,2007-09-06,1572.91,1582.57,1604.53,1554.79,0.4471903,5.777140130399999
801015,2007-09-07,1554.38,1566.39,1598.63,1514.51,0.63845877,8.3216516183
801015,2007-09-10,1559.76,1538.7,1574.25,1514.36,0.40173392,5.3470122901
801015,2007-09-11,1455.27,1568.3,1596.87,1450.08,0.41175733,4.978334217
801015,2007-09-12,1458.04,1452.5,1489.2,1366.97,0.40886462,4.674346295
801015,2007-09-13,1455.04,1457.46,1480.83,1420.54,0.27457806,3.1881564388
801015,2007-09-14,1466.33,1458.84,1493.16,1415.32,0.36991358,4.1240630265
801015,2007-09-17,1531.53,1462.9,1554.46,1445.61,0.59238804,6.9579420799000005
801015,2007-09-18,1557.21,1536.99,1574.69,1490.41,0.64958295,7.742013265700001
801015,2007-09-19,1515.0,1559.03,1572.26,1496.71,0.40429054,4.999748815
801015,2007-09-20,1516.92,1521.44,1542.05,1499.54,0.3259244,3.9133114282
801015,2007-09-21,1491.46,1515.02,1534.7,1444.5,0.35470059,4.310012255899999
801015,2007-09-24,1456.94,1490.64,1498.39,1435.39,0.27407768,3.3007932939999995
801015,2007-09-25,1460.76,1457.91,1501.08,1425.58,0.32601115,3.6581565058999996
801015,2007-09-26,1430.43,1469.61,1479.37,1420.26,0.21162999,2.5092041749000003
801015,2007-09-27,1425.75,1430.32,1446.74,1405.14,0.19065631,2.1712062777
801015,2007-09-28,1470.99,1433.95,1499.78,1433.07,0.27553878,3.7482163037
801015,2007-10-08,1486.25,1488.11,1528.7,1457.37,0.42496365,4.7988901055
801015,2007-10-09,1528.52,1487.62,1547.53,1460.01,0.54942214,7.0877605517
801015,2007-10-10,1497.28,1539.28,1545.85,1486.95,0.52243379,6.760192405800001
801015,2007-10-11,1449.74,1497.57,1513.16,1433.84,0.4011691,4.7313188621
801015,2007-10-12,1469.91,1444.02,1491.42,1336.22,0.55951805,6.2337392328
801015,2007-10-15,1472.09,1460.35,1502.53,1419.48,0.50838143,5.9007258425
801015,2007-10-16,1464.8,1474.6,1492.14,1431.63,0.31257779,3.5238371543
801015,2007-10-17,1455.94,1465.91,1493.29,1429.92,0.32377662,3.8433592835000003
801015,2007-10-18,1452.01,1461.27,1504.99,1429.65,0.43066877,4.8932869960000005
801015,2007-10-19,1445.24,1475.74,1486.85,1420.71,0.23367026,2.6088373443
801015,2007-10-22,1409.02,1433.59,1485.07,1386.46,0.33117581,3.6809483845999997
801015,2007-10-23,1410.78,1432.04,1455.02,1376.59,0.28590076,2.8758194712000003
801015,2007-10-24,1377.02,1420.91,1440.6,1364.76,0.2733055,3.0356931775
801015,2007-10-25,1278.05,1386.57,1388.98,1272.53,0.2242843,2.7950424991000005
801015,2007-10-26,1249.62,1279.94,1298.24,1215.83,0.1626585,1.8254338159999999
801015,2007-10-29,1275.16,1246.93,1295.41,1219.17,0.25729493,2.565784003
801015,2007-10-30,1296.62,1278.71,1313.49,1258.97,0.19175441,1.9581188279
801015,2007-10-31,1355.16,1304.23,1364.38,1286.42,0.24261127,2.6211835161000003
801015,2007-11-01,1328.7,1349.05,1369.07,1295.96,0.25478997,2.5924528806000002
801015,2007-11-02,1308.4,1305.59,1336.23,1278.48,0.2794449,2.773419226
801015,2007-11-05,1338.48,1308.68,1361.12,1280.35,0.2053094,2.4252547012
801015,2007-11-06,1349.41,1333.71,1369.14,1317.32,0.26980309,2.8379058237
801015,2007-11-07,1354.06,1352.5,1386.48,1297.92,0.39075027,3.4046713126999997
801015,2007-11-08,1315.05,1329.81,1373.28,1296.71,0.44675517,4.2920189944
801015,2007-11-09,1290.01,1301.2,1335.11,1264.68,0.29154414,2.8606442004000003
801015,2007-11-12,1280.82,1262.44,1307.78,1243.17,0.24502457,2.8702744847000004
801015,2007-11-13,1310.19,1294.15,1327.19,1278.0,0.1951146,1.9031166735
801015,2007-11-14,1338.54,1319.1,1345.39,1300.93,0.19701564,2.1658486861000004
801015,2007-11-15,1324.93,1335.23,1368.56,1302.96,0.28937706,3.0134289984
801015,2007-11-16,1313.29,1315.52,1331.62,1289.47,0.16445216,1.6620349219
801015,2007-11-19,1340.48,1319.39,1355.36,1306.16,0.16008788,1.5403771172
801015,2007-11-20,1349.84,1346.01,1365.66,1323.46,0.20627547,2.1924109533
801015,2007-11-21,1340.35,1346.37,1375.04,1327.57,0.18594029,2.0779768883000003
801015,2007-11-22,1274.28,1325.35,1335.07,1268.39,0.1869122,1.771779599
801015,2007-11-23,1293.81,1268.95,1300.38,1250.54,0.11586796,1.1410563927
801015,2007-11-26,1286.73,1306.7,1330.1,1281.28,0.12040092,1.2296858426000001
801015,2007-11-27,1272.63,1282.56,1299.98,1263.11,0.10408144,1.1217151958
801015,2007-11-28,1239.38,1267.32,1285.61,1231.09,0.09119303,1.0310113199
801015,2007-11-29,1295.38,1244.68,1300.98,1233.47,0.13527855,2.0575580534
801015,2007-11-30,1274.53,1289.12,1308.98,1256.23,0.11521237,1.3815691890000001
801015,2007-12-03,1286.21,1274.44,1296.82,1255.86,0.10600639,1.0584304643
801015,2007-12-04,1291.68,1288.23,1306.68,1268.61,0.11479466,1.0734079204
801015,2007-12-05,1311.17,1287.97,1321.54,1280.22,0.17620469,1.6022040485
801015,2007-12-06,1309.15,1314.06,1323.38,1286.59,0.16119859,1.4481594913
801015,2007-12-07,1349.02,1307.46,1359.61,1298.99,0.31828523,3.3919235891
801015,2007-12-10,1412.2,1338.88,1422.81,1325.39,0.3904205,4.5551758719
801015,2007-12-11,1418.29,1413.06,1428.01,1385.71,0.3289014,3.7656652725999997
801015,2007-12-12,1456.49,1411.95,1486.91,1398.54,0.50868696,5.8541669103
801015,2007-12-13,1407.28,1452.04,1493.22,1402.58,0.4415692,5.0555959874
801015,2007-12-14,1448.03,1387.96,1454.75,1369.47,0.29481145,3.4083712971
801015,2007-12-17,1470.93,1462.67,1500.45,1446.79,0.39870262,5.1235990584
801015,2007-12-18,1452.33,1466.52,1485.68,1429.07,0.22392683,2.8200731432
801015,2007-12-19,1468.95,1462.11,1494.59,1444.49,0.31485949,4.5148536064
801015,2007-12-20,1513.7,1476.92,1545.36,1469.1,0.39233754,5.3982126548
801015,2007-12-21,1522.96,1505.77,1541.56,1495.2,0.32299306,4.1223914324
801015,2007-12-24,1542.46,1529.5,1566.15,1509.8,0.71605772,7.213438229099999
801015,2007-12-25,1570.77,1541.38,1587.26,1530.2,0.50221722,6.0487313261
801015,2007-12-26,1610.48,1574.19,1633.49,1558.79,0.51019911,6.8057168134
801015,2007-12-27,1623.55,1615.53,1650.03,1596.08,0.45654561,5.5783325838
801015,2007-12-28,1644.71,1626.69,1684.43,1593.93,0.4224816,5.991772624199999
801015,2008-01-02,1705.56,1648.53,1720.98,1621.63,0.66759544,8.787948334700001
801015,2008-01-03,1731.44,1705.87,1774.77,1680.25,0.94965025,11.2605220161
801015,2008-01-04,1709.83,1718.92,1746.93,1674.14,0.70652498,8.5371747797
801015,2008-01-07,1749.05,1708.24,1782.23,1676.34,0.79279954,9.2500698204
801015,2008-01-08,1730.46,1744.59,1807.65,1670.74,0.72721675,9.708625230900001
801015,2008-01-09,1847.79,1726.12,1870.05,1710.41,0.95971672,11.5991792351
801015,2008-01-10,1882.63,1857.62,1953.33,1826.25,1.28605081,17.665058456
801015,2008-01-11,1897.62,1878.33,1928.31,1820.6,0.70976068,9.7217244667
801015,2008-01-14,1991.28,1882.23,2012.61,1850.23,0.81121879,12.6850619257
801015,2008-01-15,2021.45,1912.89,2041.02,1884.52,0.83647727,11.1872810129
801015,2008-01-16,2011.32,2011.43,2114.45,1953.95,0.95894322,14.2854648988
801015,2008-01-17,1928.27,1975.91,2070.44,1835.74,0.8301477,12.441589920799998
801015,2008-01-18,1906.94,1935.09,1983.67,1850.7,0.53441068,8.1519506578
801015,2008-01-21,1867.73,1922.69,1983.1,1831.89,0.49143717,7.3764919397
801015,2008-01-22,1747.26,1823.5,1919.63,1728.84,0.65038951,10.0131616937
801015,2008-01-23,1903.3,1770.69,1905.65,1754.65,0.66198624,10.1744945164
801015,2008-01-24,2066.17,1964.72,2083.02,1911.2,0.89303014,14.526333406400001
801015,2008-01-25,1962.21,2066.11,2102.15,1942.31,0.81740481,16.985755926
801015,2008-01-28,1795.26,1905.35,1962.7,1766.71,0.47866214,6.965498498
801015,2008-01-29,1834.04,1777.68,1874.75,1732.24,0.34026299,5.0272789764
801015,2008-01-30,1878.84,1844.87,1909.68,1764.7,0.41884362,6.794467544
801015,2008-01-31,1734.13,1850.3,1868.62,1713.4,0.29405583,4.3276174249
801015,2008-02-01,1621.62,1725.29,1744.91,1568.1,0.37712516,5.6505585079
801015,2008-02-04,1761.4,1669.27,1769.76,1662.39,0.31935453,4.6330372311
801015,2008-02-05,1756.51,1746.89,1795.03,1698.64,0.26465456,3.3841770173000003
801015,2008-02-13,1760.49,1748.06,1815.35,1700.74,0.21875197,2.731827141
801015,2008-02-14,1737.1,1779.1,1800.79,1706.63,0.1679485,2.8401483389999997
801015,2008-02-15,1744.97,1713.06,1763.99,1676.9,0.28460938,4.0423009753
801015,2008-02-18,1852.33,1765.2,1875.74,1759.19,0.47278455,7.0541472949
801015,2008-02-19,1863.73,1864.26,1901.73,1841.13,0.37629269,5.788782407799999
801015,2008-02-20,1893.84,1858.46,1961.83,1818.83,0.64031229,9.099109434099999
801015,2008-02-21,1868.45,1870.69,1911.08,1835.43,0.3961363,5.7890262912
801015,2008-02-22,1829.55,1866.98,1904.0,1770.79,0.33066517,4.5551479614999995
801015,2008-02-25,1739.45,1823.94,1842.2,1721.11,0.32119145,4.5674642798
801015,2008-02-26,1731.82,1774.43,1821.43,1669.2,0.33992022,4.3718448762
801015,2008-02-27,1761.37,1740.94,1781.49,1708.71,0.14021164,2.0057666741999998
801015,2008-02-28,1792.82,1765.55,1833.99,1740.99,0.42007555,5.1407979407
801015,2008-02-29,1780.09,1793.18,1810.17,1752.61,0.28489058,3.5873868154000004
801015,2008-03-03,1851.68,1775.19,1867.44,1742.72,0.41564855,5.4377520216
801015,2008-03-04,1869.02,1867.62,1954.22,1835.07,0.77696825,10.5472668999
801015,2008-03-05,1858.47,1854.76,1890.47,1802.1,0.46961086,6.3613945327999994
801015,2008-03-06,1841.2,1863.34,1902.94,1821.33,0.49373745,7.0086409231
801015,2008-03-07,1810.99,1834.82,1865.87,1786.5,0.30109157,4.1490172939
801015,2008-03-10,1759.65,1795.07,1823.7,1721.01,0.29108308,3.9373007913999998
801015,2008-03-11,1762.28,1744.15,1807.19,1694.07,0.32220111,4.262516145
801015,2008-03-12,1685.92,1792.65,1822.9,1676.44,0.30570135,4.2101131874
801015,2008-03-13,1586.27,1659.78,1674.33,1537.98,0.35610737,4.8111922319
801015,2008-03-14,1605.75,1582.32,1631.74,1555.17,0.15613159,1.9633971278
801015,2008-03-17,1463.2,1601.58,1608.98,1449.06,0.25529935,3.3585369369999998
801015,2008-03-18,1331.04,1435.36,1461.78,1317.04,0.31582682,3.7770981189999997
801015,2008-03-19,1405.02,1356.04,1424.4,1299.62,0.31121893,3.6313795476
801015,2008-03-20,1463.16,1386.26,1490.22,1319.84,0.3367415,4.0169246854
801015,2008-03-21,1435.42,1463.66,1491.07,1410.02,0.35770898,4.7506330126
801015,2008-03-24,1401.9,1448.2,1466.04,1396.31,0.26565706,3.3307392462
801015,2008-03-25,1406.59,1370.66,1427.67,1353.48,0.19561931,2.43350592
801015,2008-03-26,1379.26,1409.88,1432.72,1358.46,0.15677985,2.0136983926
801015,2008-03-27,1351.58,1364.87,1422.85,1326.68,0.29957758,3.4892586010000004
801015,2008-03-28,1366.19,1328.56,1378.18,1264.84,0.25652648,2.783092059
801015,2008-03-31,1317.88,1336.12,1378.37,1306.13,0.18086317,2.165123181
801015,2008-04-01,1189.18,1310.05,1329.55,1186.46,0.29047615,3.2619036981
801015,2008-04-02,1100.43,1190.23,1219.66,1083.87,0.35262059,3.5637084829
801015,2008-04-03,1135.37,1095.83,1149.57,1060.25,0.22592822,2.0551808119999997
801015,2008-04-07,1237.15,1125.63,1241.08,1098.32,0.35218856,3.6085303909
801015,2008-04-08,1281.36,1251.77,1308.75,1233.95,0.40597668,4.5155616671
801015,2008-04-09,1200.4,1280.32,1298.3,1190.2,0.32450224,4.4905072751
801015,2008-04-10,1220.41,1197.71,1245.45,1146.35,0.17957636,2.3272531009
801015,2008-04-11,1247.03,1240.79,1286.67,1215.16,0.32052291,3.6279598092
801015,2008-04-14,1178.38,1231.62,1258.2,1167.43,0.45448307,4.6682504819999995
801015,2008-04-15,1216.21,1174.01,1223.21,1126.36,0.2564936,2.6821214966999998
801015,2008-04-16,1211.92,1220.6,1250.58,1188.69,0.27459032,3.1867115241
801015,2008-04-17,1176.89,1205.73,1239.26,1144.91,0.20197493,2.1355919021000003
801015,2008-04-18,1161.04,1170.23,1213.98,1118.5,0.19011093,2.2901420955000003
801015,2008-04-21,1175.59,1238.9,1267.95,1143.33,0.32042358,3.7298285601
801015,2008-04-22,1125.58,1149.69,1163.73,1068.48,0.25370059,2.8797673607
801015,2008-04-23,1166.3,1113.24,1178.98,1085.0,0.21938691,2.5081568185
801015,2008-04-24,1279.53,1278.3,1282.94,1224.95,0.62923194,8.2061175123
801015,2008-04-25,1282.99,1267.73,1341.2,1242.59,0.50688441,6.4626922438
801015,2008-04-28,1308.99,1231.84,1336.04,1216.49,0.50471764,6.0416615683
801015,2008-04-29,1286.86,1277.09,1321.83,1252.05,0.35011842,3.4273619363
801015,2008-04-30,1300.45,1292.31,1328.43,1258.04,0.3753752,5.6578135139
801015,2008-05-05,1363.1,1297.06,1371.38,1266.42,0.71341059,7.9055504814
801015,2008-05-06,1374.67,1353.54,1408.51,1330.45,0.50354148,5.7330508547
801015,2008-05-07,1295.18,1357.86,1382.76,1288.41,0.58933485,6.3277432793
801015,2008-05-08,1325.13,1268.86,1338.6,1259.72,0.34562587,3.7255526488
801015,2008-05-09,1315.36,1311.35,1357.24,1269.62,0.28668093,2.8586479110000003
801015,2008-05-12,1367.54,1282.92,1391.81,1258.84,0.49072811,5.2532262996
801015,2008-05-13,1388.9,1332.58,1419.13,1314.88,0.93636498,10.5944030424
801015,2008-05-14,1382.92,1391.71,1404.89,1339.64,0.53589244,6.249288459400001
801015,2008-05-15,1374.41,1389.35,1420.86,1355.5,0.4621458,5.6031926362
801015,2008-05-16,1401.19,1367.38,1440.41,1350.0,0.44175982,6.2431562294
801015,2008-05-19,1390.82,1402.35,1425.56,1362.18,0.2821582,3.8285144466000003
801015,2008-05-20,1276.31,1384.7,1401.3,1263.24,0.41665654,4.3149651077
801015,2008-05-21,1294.16,1258.67,1308.17,1188.12,0.50966327,4.6844053039
801015,2008-05-22,1261.43,1269.37,1310.95,1242.07,0.44300207,4.0629899016
801015,2008-05-23,1200.77,1251.92,1266.7,1175.52,0.31596814,3.0178254321
801015,2008-05-26,1137.19,1185.34,1190.15,1121.86,0.2590922,2.6777388557
801015,2008-05-27,1143.53,1130.9,1166.15,1117.26,0.18194292,1.6043834503999999
801015,2008-05-28,1187.37,1144.54,1200.6,1136.23,0.27427835,3.0338983963
801015,2008-05-29,1176.29,1179.07,1224.06,1153.35,0.36717487,3.3964609056
801015,2008-05-30,1170.45,1166.19,1196.73,1145.68,0.28661741,2.5206606067
801015,2008-06-02,1152.94,1164.74,1176.71,1134.99,0.25974308,2.402573339
801015,2008-06-03,1118.07,1153.55,1156.85,1105.81,0.32218471,2.9771104994
801015,2008-06-04,1091.59,1111.38,1117.64,1076.23,0.25076314,1.988033068
801015,2008-06-05,1092.31,1087.87,1113.15,1075.98,0.17506834,1.5279576511000001
801015,2008-06-06,1071.7,1091.47,1105.47,1060.01,0.20276268,1.6413961487
801015,2008-06-10,970.37,1028.21,1037.68,970.1,0.19323829,1.6181721084
801015,2008-06-11,961.08,939.82,986.66,906.88,0.2505306,2.2450087165
801015,2008-06-12,943.58,942.33,978.67,920.89,0.24250134,1.8741208715
801015,2008-06-13,885.36,947.56,960.51,879.12,0.20670201,1.6164519240000002
801015,2008-06-16,847.79,883.37,899.32,833.09,0.19756325,1.4411249818
801015,2008-06-17,793.3,849.82,864.9,785.97,0.24775269,1.8790103206
801015,2008-06-18,840.28,785.5,852.13,752.76,0.35406741,2.56982257
801015,2008-06-19,765.57,826.86,831.13,760.95,0.25402932,1.8731620683
801015,2008-06-20,761.98,755.9,807.1,710.08,0.34059048,2.367314522
801015,2008-06-23,743.12,753.11,774.63,727.91,0.17944633,1.3094150641
801015,2008-06-24,769.92,740.73,776.2,729.14,0.20810682,1.3402485059
801015,2008-06-25,837.4,772.63,840.53,764.88,0.42626074,3.0034991336
801015,2008-06-26,867.81,847.77,888.44,837.38,0.52581051,5.0742966583
801015,2008-06-27,805.87,832.96,844.87,789.5,0.31618282,2.8165990376
801015,2008-06-30,818.09,794.24,838.77,779.76,0.22576327,1.9175942803000001
801015,2008-07-01,790.83,816.89,829.69,780.22,0.16597894,1.3935985212
801015,2008-07-02,806.44,793.14,824.55,780.23,0.18646892,1.4599964282
801015,2008-07-03,849.2,794.17,867.99,778.7,0.36749865,2.9965321472000004
801015,2008-07-04,856.22,847.87,877.83,828.63,0.36872411,2.7520357343
801015,2008-07-07,895.5,858.74,909.12,854.09,0.40435004,3.2805656418
801015,2008-07-08,910.24,894.68,928.85,867.04,0.43948048,3.4367649511000002
801015,2008-07-09,941.1,914.14,956.79,903.82,0.44237143,3.3444140622000003
801015,2008-07-10,933.52,937.03,980.88,920.6,0.56309437,6.053242135
801015,2008-07-11,902.69,916.94,937.91,880.88,0.38747579,3.5023199507
801015,2008-07-14,929.0,898.65,935.88,883.12,0.25538086,2.5883209595
801015,2008-07-15,920.04,932.27,958.63,889.7,0.38026855,3.4136085232999998
801015,2008-07-16,865.11,907.55,921.37,846.3,0.31513844,2.8731571597000003
801015,2008-07-17,839.99,876.79,897.94,835.35,0.22255889,2.2760716628999997
801015,2008-07-18,865.94,844.73,874.76,802.12,0.19845549,1.7712522778
801015,2008-07-21,901.35,863.92,906.68,849.9,0.24145587,2.0317264581
801015,2008-07-22,894.07,900.29,917.09,884.84,0.24261547,2.1430594511
801015,2008-07-23,901.95,894.76,924.65,888.05,0.24604985,2.0626847561000003
801015,2008-07-24,938.95,905.66,948.53,903.05,0.53484725,3.7347133958999996
801015,2008-07-25,1011.37,937.4,1025.62,929.06,1.27352013,10.8148917647
801015,2008-07-28,1072.38,1021.83,1099.68,991.43,1.9853333,16.882233146
801015,2008-07-29,1033.68,1037.29,1085.25,1009.9,0.8807291,8.214133950399999
801015,2008-07-30,1037.9,1040.21,1065.67,1012.8,0.89543514,7.1010802636
801015,2008-07-31,986.94,1031.43,1048.89,980.44,0.77653459,6.1685069048
801015,2008-08-01,984.44,977.34,1004.93,938.68,0.63643683,4.8274616632
801015,2008-08-04,988.59,975.41,1031.06,955.89,0.64973025,5.0177102115
801015,2008-08-05,945.41,981.7,996.75,937.25,0.45832211,3.5201360147000003
801015,2008-08-06,945.13,951.67,968.6,919.58,0.38763677,2.9343798356999997
801015,2008-08-07,940.24,946.22,959.22,910.5,0.44845553,3.2508800023
801015,2008-08-08,913.65,938.4,986.43,895.06,0.85509778,6.1515094370000005
801015,2008-08-11,826.67,892.37,899.73,826.32,0.46565572,3.2161915144999997
801015,2008-08-12,777.78,778.49,810.32,764.06,0.4716762,2.8705440375999998
801015,2008-08-13,793.62,766.9,810.92,745.19,0.46775941,2.8731976887
801015,2008-08-14,791.99,783.78,804.36,765.67,0.3847106,2.196420856
801015,2008-08-15,821.49,781.92,845.15,772.24,0.62292434,3.8947635673
801015,2008-08-18,748.8,814.3,822.12,747.71,0.44600733,2.8263257816000005
801015,2008-08-19,766.28,726.67,782.16,713.16,0.40956923,2.3426421609
801015,2008-08-20,829.99,759.14,834.48,739.45,0.62504718,3.9549979463
801015,2008-08-21,815.18,810.28,861.35,799.61,0.73152884,4.7957483622
801015,2008-08-22,788.26,799.25,823.54,765.06,0.41711423,2.6542235571
801015,2008-08-25,787.89,789.84,810.47,772.31,0.27778519,1.5749867611000001
801015,2008-08-26,748.69,776.85,786.33,733.13,0.44093363,2.223637089
801015,2008-08-27,749.0,741.02,766.38,725.92,0.22931564,1.3338776109000001
801015,2008-08-28,759.25,749.31,773.42,738.11,0.27583267,1.4287330522
801015,2008-08-29,775.84,758.7,786.64,753.36,0.31833692,1.7642297947
801015,2008-09-01,745.84,770.8,772.9,736.7,0.20859035,1.1943827611
801015,2008-09-02,751.94,740.9,766.77,723.69,0.30768827,1.7124087457
801015,2008-09-03,749.52,751.58,770.41,734.87,0.39517068,2.0912335503999997
801015,2008-09-04,752.48,739.57,761.75,731.41,0.21932823,1.2418088625
801015,2008-09-05,711.1,727.2,742.67,703.83,0.27107972,1.5392248457
801015,2008-09-08,655.97,713.21,722.52,650.35,0.23034686,1.2626269575
801015,2008-09-09,653.92,659.8,670.52,637.72,0.2246808,1.1624362353
801015,2008-09-10,651.23,645.43,671.56,635.26,0.19181548,0.9562658852
801015,2008-09-11,621.65,647.0,656.66,619.39,0.18035177,0.911469327
801015,2008-09-12,616.3,616.78,632.3,609.77,0.19886041,0.8692788389
801015,2008-09-16,608.7,616.66,626.21,592.06,0.21932957,1.080354139
801015,2008-09-17,624.07,611.96,647.86,605.74,0.49898704,2.1603659415000003
801015,2008-09-18,629.64,611.14,645.03,572.01,0.64993957,2.9071923732
801015,2008-09-19,690.28,686.84,690.28,670.68,0.4282419,2.2085912299
801015,2008-09-22,719.79,734.28,755.58,684.39,0.86737688,4.9342007524
801015,2008-09-23,668.37,689.28,706.61,659.05,0.52865086,2.8861318545
801015,2008-09-24,672.99,648.2,678.06,638.2,0.38367529,2.0024474619999997
801015,2008-09-25,689.26,677.7,702.15,667.71,0.69425044,3.4728644510000004
801015,2008-09-26,673.25,690.2,695.21,663.1,0.33144487,1.9748648137
801015,2008-10-06,690.01,667.51,712.81,646.38,0.5251438,3.0926725592
801015,2008-10-07,693.01,677.41,702.63,659.9,0.39697681,2.3127727928
801015,2008-10-08,690.08,681.59,706.55,671.99,0.39406029,2.0954461212999997
801015,2008-10-09,669.61,704.68,709.03,667.1,0.33787826,1.7925397124
801015,2008-10-10,615.94,649.3,652.75,610.86,0.31911086,1.5316563693
801015,2008-10-13,631.86,614.06,636.54,598.24,0.34957617,1.5866681497
801015,2008-10-14,619.09,655.27,661.98,618.12,0.35398024,1.7144923890000001
801015,2008-10-15,601.73,611.95,623.64,591.29,0.23041326,0.9679801952
801015,2008-10-16,604.92,582.3,620.4,559.59,0.39147719,1.729624754
801015,2008-10-17,599.06,606.76,617.03,584.59,0.35135346,1.6458289626
801015,2008-10-20,626.15,595.11,632.27,590.94,0.42727459,2.118922199
801015,2008-10-21,637.8,631.0,656.18,615.63,0.44162178,2.6049074603999998
801015,2008-10-22,608.1,626.4,641.28,604.85,0.31095392,1.8000760157
801015,2008-10-23,609.78,596.23,620.35,586.12,0.1473891,0.9372269256999999
801015,2008-10-24,601.65,611.15,622.04,593.31,0.20638393,1.0964744736
801015,2008-10-27,555.15,590.06,602.23,551.31,0.29557233,1.4594289599
801015,2008-10-28,560.08,545.08,567.57,527.35,0.33307908,1.4692750125999998
801015,2008-10-29,528.58,567.47,572.77,525.27,0.28260202,1.2493347795
801015,2008-10-30,526.42,532.72,541.06,516.39,0.25431952,1.0826920868
801015,2008-10-31,516.65,525.17,535.59,511.59,0.19872873,0.7648333506
801015,2008-11-03,507.72,512.06,522.05,502.26,0.17243253,0.6230584768
801015,2008-11-04,517.18,506.42,522.67,493.48,0.27179592,0.9858830212
801015,2008-11-05,524.4,517.68,535.61,508.88,0.32225518,1.2875494582
801015,2008-11-06,502.91,512.33,514.0,499.66,0.19577248,0.7131614884
801015,2008-11-07,506.75,494.75,512.99,487.04,0.16941551,0.6441341175
801015,2008-11-10,543.94,513.69,545.28,511.53,0.47138257,1.8928034691
801015,2008-11-11,540.2,540.58,560.9,529.77,0.49350481,1.9899745782
801015,2008-11-12,553.19,535.3,559.26,532.56,0.32003601,1.3519635766999998
801015,2008-11-13,579.35,545.82,591.09,542.33,0.59883961,2.9210759076999997
801015,2008-11-14,612.4,589.22,619.48,583.06,0.76187704,3.8240341500999997
801015,2008-11-17,634.11,611.68,637.33,597.28,0.76148337,3.5310234727
801015,2008-11-18,593.21,639.91,669.66,587.54,0.87456352,4.7761330172
801015,2008-11-19,639.54,588.49,642.71,575.23,0.80593704,3.9249283156
801015,2008-11-20,628.07,628.91,649.44,613.33,0.65474599,3.4008567181
801015,2008-11-21,607.1,609.47,628.56,584.37,0.50272503,2.4535845847
801015,2008-11-24,597.08,608.99,628.77,591.94,0.40412084,1.9772910443
801015,2008-11-25,608.3,607.24,622.48,579.69,0.6579547,2.8978886344999997
801015,2008-11-26,598.02,603.41,612.18,585.98,0.41421011,1.7928304788999998
801015,2008-11-27,611.47,635.37,644.08,605.64,0.69970551,3.1532759863
801015,2008-11-28,595.27,606.6,614.61,587.13,0.50456985,2.1396055147
801015,2008-12-01,618.43,597.99,621.5,587.16,0.49802863,2.3637252163999998
801015,2008-12-02,635.94,603.78,643.36,597.7,0.68528739,3.7963499257
801015,2008-12-03,661.35,638.91,667.38,627.74,1.07804827,5.5674337813
801015,2008-12-04,669.78,663.44,688.37,649.79,1.34835892,6.7269143169
801015,2008-12-05,691.69,658.34,701.13,652.38,1.25527952,6.158932038400001
801015,2008-12-08,710.74,698.83,718.27,684.12,1.08973864,5.715183433099999
801015,2008-12-09,681.26,711.66,715.88,675.55,0.87270789,4.1569039585
801015,2008-12-10,718.02,677.57,721.67,673.9,1.11793849,5.3528964656
801015,2008-12-11,692.24,721.06,731.2,689.74,0.70597188,3.9544881856
801015,2008-12-12,652.35,689.93,697.44,638.84,0.79242296,3.3484665135
801015,2008-12-15,660.14,662.73,671.89,639.97,0.46340255,1.9979084143999999
801015,2008-12-16,678.9,656.06,684.04,639.25,0.59848754,2.7903786291
801015,2008-12-17,678.7,680.46,691.87,663.4,0.56355673,2.6947152712999998
801015,2008-12-18,690.66,678.83,697.25,670.72,0.66844084,3.1180316092
801015,2008-12-19,695.6,689.26,712.95,686.06,0.69219795,3.3105853202
801015,2008-12-22,708.07,695.22,716.8,684.56,0.60922704,3.1286606495
801015,2008-12-23,658.84,709.61,719.87,655.78,0.71281747,3.5065639412
801015,2008-12-24,630.63,647.22,661.24,618.67,0.57142556,2.4355342719
801015,2008-12-25,633.91,631.9,647.38,616.93,0.43383835,1.8413284050999998
801015,2008-12-26,635.34,640.92,650.26,630.03,0.53364168,1.9672375485
801015,2008-12-29,632.24,638.46,644.54,616.26,0.32940425,1.2635578616
801015,2008-12-30,627.94,632.22,646.82,621.32,0.40462729,1.6507878316999998
801015,2008-12-31,609.13,628.08,634.87,607.06,0.33207679,1.35288308
801015,2009-01-05,638.18,616.61,641.42,613.35,0.36945814,1.7941576894
801015,2009-01-06,654.98,636.3,659.91,628.65,0.54901586,2.615393716
801015,2009-01-07,655.63,653.72,669.92,646.12,0.43713185,2.3180008197
801015,2009-01-08,631.95,644.61,653.58,622.48,0.34447781,1.7374269088999998
801015,2009-01-09,656.89,629.81,661.28,627.71,0.43702929,2.3177242286
801015,2009-01-12,664.04,653.86,675.29,645.8,0.44852701,2.6927742116
801015,2009-01-13,635.69,655.93,660.23,632.48,0.35119514,1.9203813440000002
801015,2009-01-14,656.19,637.1,657.25,631.32,0.4156103,1.8468451908
801015,2009-01-15,661.85,650.61,671.73,645.72,0.58566676,2.7683106902
801015,2009-01-16,667.89,664.89,683.76,660.31,0.71146861,3.2012455474
801015,2009-01-19,678.83,672.77,684.48,660.94,0.54592882,2.5950068311
801015,2009-01-20,677.54,679.29,685.88,661.59,0.33935379,1.8933137827000002
801015,2009-01-21,664.88,668.0,678.15,655.97,0.32969892,1.7792595222999998
801015,2009-01-22,678.51,668.99,682.71,658.94,0.52463024,2.58330063
801015,2009-01-23,668.26,674.71,685.14,662.03,0.44295508,2.1033594489
801015,2009-02-02,720.06,685.14,723.09,679.24,1.16986011,6.173434687
801015,2009-02-03,736.35,724.98,751.25,717.34,1.34339849,7.625918755700001
801015,2009-02-04,744.76,735.95,755.69,722.65,0.92792435,5.3921943236
801015,2009-02-05,742.21,742.24,755.23,727.0,1.08049926,5.9997976671
801015,2009-02-06,768.5,740.73,776.06,737.6,1.10155909,6.3868101559
801015,2009-02-09,779.48,774.41,794.17,759.37,1.17323413,7.1766757961000005
801015,2009-02-10,800.07,774.71,805.01,763.16,1.0644617,6.5495928591
801015,2009-02-11,787.45,784.64,810.13,772.81,1.12578583,6.4652229538
801015,2009-02-12,787.34,790.64,800.29,756.99,0.86498458,4.7694301762
801015,2009-02-13,820.09,790.94,828.18,784.74,1.13473473,6.9171724062
801015,2009-02-16,864.44,828.82,867.37,819.36,1.00228951,7.0870477183
801015,2009-02-17,856.05,863.66,906.46,827.22,1.54001567,9.498440946699999
801015,2009-02-18,820.3,836.44,868.45,811.75,1.1469975,7.1330028074000005
801015,2009-02-19,831.03,822.15,845.81,798.91,0.88812806,5.3314606938999995
801015,2009-02-20,865.73,828.54,871.23,809.89,1.14985826,7.1780410898
801015,2009-02-23,907.42,865.22,917.28,858.45,1.4327314,9.414245604500001
801015,2009-02-24,852.78,894.28,914.31,848.91,1.13918996,7.886905355900001
801015,2009-02-25,870.48,863.97,887.38,840.44,0.8804029,6.0323229664
801015,2009-02-26,799.73,870.36,885.59,789.75,0.86121432,6.0676086552
801015,2009-02-27,728.89,789.1,799.52,726.25,0.65929879,4.356104069700001
801015,2009-03-02,745.08,723.69,750.79,713.81,0.50783451,2.7926039606999997
801015,2009-03-03,743.29,726.75,753.2,714.2,0.49496118,2.7994911351
801015,2009-03-04,784.61,747.4,789.0,744.03,0.69533511,4.2700021652
801015,2009-03-05,786.9,792.6,805.16,761.01,0.75445389,4.7576121348000004
801015,2009-03-06,774.34,767.71,782.84,759.49,0.48124005,2.7758409497000005
801015,2009-03-09,739.65,778.79,789.86,732.07,0.53792279,3.2022214116
801015,2009-03-10,756.53,732.33,764.06,724.97,0.31879761,1.8061862621
801015,2009-03-11,759.63,770.2,778.22,751.25,0.47700069,2.9292453226
801015,2009-03-12,757.53,757.79,770.42,730.27,0.40080794,2.3417584287
801015,2009-03-13,759.92,758.97,772.22,744.14,0.54199418,3.0218190531999998
801015,2009-03-16,767.34,758.21,772.84,744.57,0.55349682,2.7016497116000004
801015,2009-03-17,792.25,768.12,797.56,758.77,0.77693013,4.1971139325
801015,2009-03-18,793.05,792.32,811.0,785.01,0.71476878,3.9369355858999997
801015,2009-03-19,814.89,792.97,818.82,788.6,0.72619108,4.3366998055
801015,2009-03-20,802.17,815.14,820.1,787.16,0.58924192,3.6956940311
801015,2009-03-23,832.97,799.59,839.18,795.63,0.8426373,5.4944984065
801015,2009-03-24,831.94,839.74,853.98,819.82,0.77869002,5.4321112324000005
801015,2009-03-25,805.98,827.29,837.16,804.64,0.70053507,4.6433478856
801015,2009-03-26,823.12,802.2,825.49,788.04,0.62543957,3.9284619179000004
801015,2009-03-27,825.6,823.96,837.04,811.01,0.92156736,5.2701236749
801015,2009-03-30,838.29,831.36,850.28,823.21,1.0954521,5.7052376501
801015,2009-03-31,836.9,826.52,846.78,806.51,0.7138897,4.2614073865
801015,2009-04-01,851.66,837.57,861.16,832.86,0.85773234,5.3301243081
801015,2009-04-02,865.05,855.87,881.6,848.24,0.98124564,6.7831783788
801015,2009-04-03,881.91,872.96,902.76,847.96,1.16959467,8.4697827126
801015,2009-04-07,884.81,882.0,897.83,867.8,0.70651112,5.541585146699999
801015,2009-04-08,838.84,881.27,890.82,831.25,0.72647502,5.473886668
801015,2009-04-09,855.82,842.89,868.08,827.57,0.67185028,5.628897247699999
801015,2009-04-10,870.84,858.16,879.86,845.05,0.82977612,6.426976878
801015,2009-04-13,891.04,873.82,899.36,864.43,0.87057051,7.2982775512
801015,2009-04-14,910.66,891.56,919.95,876.45,0.96072983,8.1922218203
801015,2009-04-15,916.02,903.68,926.8,886.46,0.98004426,7.6167581326
801015,2009-04-16,923.67,919.6,938.67,899.03,0.89683251,7.2848499985
801015,2009-04-17,895.51,921.92,932.72,890.21,0.96520484,6.7964435082
801015,2009-04-20,921.09,892.88,926.34,885.89,0.84325801,5.9338007626
801015,2009-04-21,922.76,910.46,936.17,894.76,0.91394272,6.4447492328
801015,2009-04-22,870.64,926.97,936.82,861.82,1.15401027,8.0729504621
801015,2009-04-23,877.66,867.95,894.06,857.55,0.66636152,4.5891814187
801015,2009-04-24,861.57,878.85,890.41,852.25,0.63316793,4.0782486102
801015,2009-04-27,829.2,862.03,871.22,819.88,0.53870506,3.4880458132
801015,2009-04-28,835.98,821.8,842.16,816.38,0.4260495,2.6114285938
801015,2009-04-29,858.94,840.11,862.02,830.27,0.5208181,3.4062661916000003
801015,2009-04-30,856.54,863.32,869.16,847.0,0.53317869,3.4153847314999997
801015,2009-05-04,884.18,858.45,889.75,853.48,0.77937193,4.7181121731
801015,2009-05-05,900.12,884.26,910.46,875.72,0.51698605,4.3824101488
801015,2009-05-06,901.27,889.3,906.06,883.25,0.44177998,3.7201033457
801015,2009-05-07,894.3,897.35,914.09,873.11,0.53589025,4.5065344102
801015,2009-05-08,887.58,883.75,897.31,862.21,0.48197706,3.8697887764
801015,2009-05-11,857.64,896.96,906.67,855.79,0.926896,5.6420715162
801015,2009-05-12,867.97,848.14,870.36,843.29,0.53110851,3.0281522327999997
801015,2009-05-13,878.39,866.8,886.79,858.21,0.73977133,4.5252573825
801015,2009-05-14,875.87,871.93,882.98,857.11,0.54800592,3.2548038625
801015,2009-05-15,879.51,878.53,890.27,865.27,0.29063029,1.8862943030000001
801015,2009-05-18,883.05,876.42,889.96,857.27,0.46438985,3.0096489472
801015,2009-05-19,908.93,904.9,928.03,894.11,1.37153312,9.572176410700001
801015,2009-05-20,891.53,897.35,912.03,886.51,0.64113288,4.6780737182
801015,2009-05-21,873.2,886.08,902.51,865.51,0.71665795,4.5113406346
801015,2009-05-22,868.4,872.99,882.29,859.51,0.4214068,2.8943670448
801015,2009-05-25,860.09,851.85,869.74,838.97,0.31599157,1.9499821811000002
801015,2009-05-26,869.45,861.73,881.59,855.01,0.42629366,3.118830597
801015,2009-05-27,871.51,873.55,889.03,862.29,0.45560148,3.3526644956
801015,2009-06-01,886.94,878.24,895.03,870.26,0.46419552,2.9863506772000004
801015,2009-06-02,887.16,886.41,902.83,879.93,0.46835759,3.1943978652999996
801015,2009-06-03,895.26,886.76,900.51,878.3,0.59259444,3.665780425
801015,2009-06-04,887.6,893.78,902.56,871.07,0.49957329,3.4961104397000002
801015,2009-06-05,887.39,885.91,904.78,875.88,0.57752518,4.0863786495
801015,2009-06-08,890.44,892.61,908.43,874.27,0.65011054,4.2301597351
801015,2009-06-09,895.23,891.52,902.88,869.44,0.64524459,3.8388074448
801015,2009-06-10,913.31,898.84,917.65,890.63,0.72938615,4.678453376499999
801015,2009-06-11,902.02,918.77,922.53,899.98,0.58072165,3.807925058
801015,2009-06-12,872.15,907.62,912.41,862.69,0.80777434,4.9425033264
801015,2009-06-15,893.38,866.93,895.58,862.9,0.59890859,3.5554787025
801015,2009-06-16,881.36,885.79,893.51,872.16,0.41485407,2.5524736381
801015,2009-06-17,891.61,882.33,893.98,870.83,0.44809361,2.7829938825
801015,2009-06-18,897.89,893.38,909.15,883.42,0.51087248,3.5517945214999997
801015,2009-06-19,902.62,895.29,913.49,887.9,0.61184177,4.087837112
801015,2009-06-22,909.18,909.22,925.38,897.58,0.7139765,4.868143279
801015,2009-06-23,914.61,896.48,924.71,889.16,0.56018243,3.7257206151999998
801015,2009-06-24,923.11,915.81,933.14,904.16,0.73033471,4.8781618196
801015,2009-06-25,927.02,934.93,954.59,911.52,1.05356515,6.9629427434
801015,2009-06-26,930.1,925.94,944.21,914.73,0.92128327,5.6494195861000005
801015,2009-06-29,929.85,929.02,943.35,919.43,0.63979623,3.9927431189999996
801015,2009-06-30,910.08,930.12,936.31,906.15,0.56913092,3.7412775931
801015,2009-07-01,912.91,909.35,923.28,900.53,0.51303777,3.4290456936
801015,2009-07-02,928.42,913.63,936.0,909.52,0.60351244,4.452474281000001
801015,2009-07-03,945.03,924.74,958.01,916.3,0.7982625,6.3899206198
801015,2009-07-06,941.35,948.54,958.02,924.46,0.63390246,4.8402003013
801015,2009-07-07,954.13,940.97,968.06,932.38,1.00136869,6.911117963500001
801015,2009-07-08,984.53,951.33,998.63,944.06,1.28098911,9.343987391499999
801015,2009-07-09,1002.53,982.3,1014.2,971.01,1.05728274,8.2831122751
801015,2009-07-10,1004.69,1005.15,1014.18,984.69,0.77870847,6.138917063099999
801015,2009-07-13,1020.89,999.37,1041.85,988.2,1.20176551,8.9542485791
801015,2009-07-14,1042.25,1023.63,1054.16,1014.88,1.18458944,8.6251495983
801015,2009-07-15,1048.17,1048.58,1067.79,1030.72,1.24887688,9.3968509846
801015,2009-07-16,1041.45,1048.32,1063.06,1020.83,0.91175738,7.206175025
801015,2009-07-17,1053.31,1038.52,1067.87,1025.13,0.96189492,7.325309418200001
801015,2009-07-20,1075.25,1057.94,1079.1,1050.54,1.06803229,8.47697016
801015,2009-07-21,1061.95,1080.43,1101.68,1045.61,1.22022925,9.6490607177
801015,2009-07-22,1057.77,1055.54,1090.41,1046.23,1.11331236,8.6406635383
801015,2009-07-23,1055.57,1053.04,1075.72,1040.56,0.86273311,6.470577113099999
801015,2009-07-24,1027.48,1055.25,1065.81,1010.21,0.86067897,6.484437880900001
801015,2009-07-27,1039.35,1027.52,1052.91,1019.91,0.67212851,5.111375252799999
801015,2009-07-28,1083.51,1040.86,1088.94,1025.86,1.09254257,8.8508599135
801015,2009-07-29,1023.49,1079.41,1103.33,991.63,1.12729171,9.020762122799999
801015,2009-07-30,1027.58,1026.63,1050.48,986.23,0.6732338,5.242085750899999
801015,2009-07-31,1056.83,1030.61,1062.29,1020.22,0.64900394,5.1145051471
801015,2009-08-03,1091.9,1058.83,1101.67,1049.34,0.87722582,7.5460984825
801015,2009-08-04,1177.0,1094.14,1180.95,1084.27,1.94029838,16.5266222664
801015,2009-08-05,1145.98,1179.92,1199.87,1125.73,1.58827809,13.8279004721
801015,2009-08-06,1137.84,1131.72,1170.3,1105.7,0.97524063,8.2246510112
801015,2009-08-07,1096.11,1141.52,1160.76,1085.06,0.73819444,5.9510860943
801015,2009-08-10,1093.0,1100.85,1119.37,1067.77,0.60662018,4.9989357129
801015,2009-08-11,1096.02,1093.05,1113.0,1078.7,0.55273892,4.353325285
801015,2009-08-12,1021.9,1083.84,1091.95,1013.6,0.59474033,4.8396873019
801015,2009-08-13,1012.17,1017.8,1033.92,982.7,0.61614566,4.4989039068
801015,2009-08-14,975.01,1009.38,1024.13,963.57,0.57684954,4.15202317
801015,2009-08-17,936.27,964.26,980.77,927.78,0.47087249,3.4108321307
801015,2009-08-18,962.0,921.45,969.45,909.69,0.50127302,3.3275880807
801015,2009-08-19,932.34,958.11,983.86,902.13,0.65293151,4.292208474700001
801015,2009-08-20,960.48,928.16,970.95,912.28,0.53522019,3.6514232655
801015,2009-08-21,983.34,954.85,992.76,940.89,0.68389636,4.7465048096
801015,2009-08-24,984.42,984.6,998.43,962.12,0.6582181,4.585598812200001
801015,2009-08-25,953.27,981.07,987.52,924.84,0.76037766,4.8054983548
801015,2009-08-26,1013.44,943.52,1027.21,938.16,0.9737271,7.111452159400001
801015,2009-08-27,1028.14,1017.02,1052.74,990.94,1.00616476,7.7022472355
801015,2009-08-28,996.08,1018.98,1025.52,978.17,0.54375561,4.0329072263
801015,2009-08-31,938.53,983.83,993.56,934.63,0.47755588,3.6504052451
801015,2009-09-01,928.29,921.35,950.93,906.74,0.3969096,2.8566959352
801015,2009-09-02,920.76,924.34,937.09,905.4,0.36218715,2.2489374036000003
801015,2009-09-03,960.54,923.31,963.61,917.33,0.48044567,3.1545261057
801015,2009-09-04,988.14,956.24,1004.7,949.38,0.63076093,4.5113582046
801015,2009-09-07,1009.65,994.99,1023.58,984.0,0.77302617,5.9000366474
801015,2009-09-08,1018.82,1008.09,1036.94,993.81,0.73620332,5.1078884321
801015,2009-09-09,1027.37,1016.68,1042.79,997.39,0.65162128,5.0004440018
801015,2009-09-10,1011.08,1021.65,1030.4,995.6,0.51695121,4.0533597987
801015,2009-09-11,1020.16,1004.56,1033.4,1000.45,0.45297745,3.5575081188
801015,2009-09-14,1059.58,1023.99,1071.62,1022.58,0.79666804,6.189005577300001
801015,2009-09-15,1062.96,1058.92,1074.77,1041.63,0.75316014,5.5348862484
801015,2009-09-16,1048.24,1061.61,1068.86,1034.81,0.69432657,4.9797513866
801015,2009-09-17,1070.37,1050.29,1077.99,1046.55,0.7259247,5.1274441705000005
801015,2009-09-18,1033.6,1071.26,1089.73,1014.94,0.78421527,5.7562008174
801015,2009-09-21,1041.71,1015.17,1044.63,997.69,0.4627559,3.3442671372
801015,2009-09-22,1005.45,1043.77,1050.14,1004.9,0.45033659,3.2604772253
801015,2009-09-23,977.8,1003.75,1017.48,960.3,0.42120176,3.0892984585
801015,2009-09-24,969.03,969.24,986.91,941.53,0.40831707,2.7548209092000002
801015,2009-09-25,975.68,967.75,987.9,955.63,0.27038153,1.8088508680000002
801015,2009-09-28,949.45,977.31,991.36,936.55,0.23025135,1.5877262553
801015,2009-09-29,930.28,949.02,961.53,914.38,0.23886823,1.5781838836000002
801015,2009-09-30,935.21,939.03,956.59,929.64,0.18694468,1.2497216886
801015,2009-10-09,976.31,950.99,981.06,946.5,0.29819788,2.0366149978
801015,2009-10-12,1003.21,979.17,1025.01,972.53,0.5476676,3.768734738
801015,2009-10-13,1031.39,1000.49,1037.83,995.51,0.80058918,5.0074197221
801015,2009-10-14,1039.81,1036.13,1058.11,1025.29,0.85529917,6.153815124199999
801015,2009-10-15,1033.79,1046.23,1062.29,1018.17,0.66617204,4.5626148971
801015,2009-10-16,1031.29,1036.01,1042.87,1010.13,0.52508571,3.5646932451
801015,2009-10-19,1050.73,1030.33,1053.85,1016.32,0.65008167,4.4271651865
801015,2009-10-20,1066.4,1052.87,1074.0,1040.24,1.03749981,7.1709154853
801015,2009-10-21,1045.54,1068.19,1078.62,1039.81,0.84001778,6.0606332963
801015,2009-10-22,1061.45,1041.23,1077.69,1036.12,0.62264217,4.6895298078
801015,2009-10-23,1072.16,1062.83,1081.0,1055.88,0.70712794,5.4311260859
801015,2009-10-26,1066.04,1070.19,1080.68,1038.1,0.50213053,3.9889594086
801015,2009-10-27,1035.4,1053.49,1066.45,1027.93,0.7229939,5.2060925633999995
801015,2009-10-28,1045.4,1029.67,1051.46,1018.66,0.51106498,3.5771387471
801015,2009-10-29,1019.01,1031.82,1041.01,1011.89,0.51739127,3.4879165762
801015,2009-10-30,1041.07,1031.86,1064.69,1021.69,0.67005699,4.8129592279
801015,2009-11-02,1096.44,1023.84,1101.95,1013.29,0.76206097,6.352386556799999
801015,2009-11-03,1121.98,1096.9,1128.94,1087.38,0.71654467,6.3996739907
801015,2009-11-04,1135.89,1123.11,1148.74,1112.58,0.78285926,6.889429278400001
801015,2009-11-05,1146.51,1133.73,1155.43,1122.0,0.90121826,6.9103855409
801015,2009-11-06,1146.78,1148.51,1171.8,1133.63,0.96003724,7.3590894091
801015,2009-11-09,1169.18,1151.33,1183.94,1130.32,1.07005019,8.6099173464
801015,2009-11-10,1178.35,1168.86,1197.28,1155.64,0.94191211,7.7509256832
801015,2009-11-11,1220.54,1177.06,1241.79,1164.2,1.69250552,12.775554107
801015,2009-11-12,1221.63,1221.36,1265.33,1203.94,1.52290128,11.6732570323
801015,2009-11-13,1219.59,1217.57,1238.37,1186.81,1.18732898,9.1500439402
801015,2009-11-16,1225.16,1220.93,1250.9,1208.24,1.28289558,10.0723908088
801015,2009-11-17,1217.71,1224.34,1241.74,1201.71,0.90777558,7.3744810534
801015,2009-11-18,1243.28,1221.15,1250.94,1200.97,0.98779625,8.7102883362
801015,2009-11-19,1274.12,1240.11,1296.38,1228.83,1.60215013,14.8780362004
801015,2009-11-20,1282.49,1265.07,1313.32,1253.19,1.51253897,14.9784817446
801015,2009-11-23,1344.51,1278.54,1351.21,1262.58,1.66263617,15.2672962522
801015,2009-11-24,1299.01,1345.31,1396.63,1271.61,2.25309638,22.6210144994
801015,2009-11-25,1374.4,1293.66,1383.03,1271.37,1.6637794,16.6774499196
801015,2009-11-26,1300.98,1369.37,1396.89,1270.55,1.89805525,18.512943593299998
801015,2009-11-27,1228.32,1273.81,1293.37,1208.8,1.26770013,11.684274909700001
801015,2009-11-30,1295.15,1243.49,1302.91,1236.56,1.29880709,11.6317924527
801015,2009-12-01,1342.62,1296.03,1358.15,1282.49,1.45159143,13.5770288057
801015,2009-12-02,1339.67,1340.69,1361.4,1316.72,1.1431407,11.1543543141
801015,2009-12-03,1349.78,1335.44,1373.7,1315.9,0.9388995,9.5985413252
801015,2009-12-04,1303.52,1351.52,1376.68,1269.74,1.11781499,11.262972196
801015,2009-12-07,1327.21,1301.97,1346.24,1295.0,0.62498012,6.2694954034000006
801015,2009-12-08,1311.03,1329.09,1338.88,1295.36,0.64795964,6.5200385038999995
801015,2009-12-09,1301.11,1297.23,1323.63,1282.03,0.48906549,4.9191214679
801015,2009-12-10,1306.41,1307.07,1321.89,1283.63,0.35680836,3.5379128708999996
801015,2009-12-11,1341.71,1311.29,1359.48,1298.66,0.79992656,8.9955820976
801015,2009-12-14,1319.57,1331.9,1347.45,1291.08,0.50469975,4.9326461244
801015,2009-12-15,1315.74,1309.31,1341.24,1293.6,0.4763122,4.2634306826
801015,2009-12-16,1308.24,1304.1,1332.22,1288.14,0.45615176,4.0608778313
801015,2009-12-17,1264.63,1299.29,1320.1,1250.71,0.51163486,4.4143539099
801015,2009-12-18,1208.17,1245.99,1254.12,1191.04,0.41427001,3.9702575452999995
801015,2009-12-21,1260.42,1212.05,1284.57,1202.62,0.39851818,4.4160516838
801015,2009-12-22,1242.52,1263.38,1279.32,1221.56,0.47487495,4.4532584041000005
801015,2009-12-23,1299.29,1243.64,1316.07,1231.21,0.53590164,6.238224406900001
801015,2009-12-24,1319.93,1283.71,1334.65,1277.02,0.51765502,6.0287803472000006
801015,2009-12-25,1329.66,1312.89,1352.35,1298.47,0.43114995,3.7732867339
801015,2009-12-28,1343.03,1339.53,1353.55,1317.04,0.43118016,4.9070442245
801015,2009-12-29,1370.52,1341.06,1387.01,1321.02,0.49579048,6.4980150462
801015,2009-12-30,1345.98,1375.79,1383.43,1325.99,0.55156724,6.141781743099999
801015,2009-12-31,1351.07,1343.08,1363.64,1322.36,0.40456906,4.2459853534
801015,2010-01-04,1367.44,1366.52,1416.45,1357.66,0.85641543,9.0591284121
801015,2010-01-05,1378.0,1363.84,1390.09,1327.73,0.70071669,7.216249546499999
801015,2010-01-06,1349.83,1369.99,1386.2,1344.13,0.44035027,4.8056060115
801015,2010-01-07,1319.26,1346.82,1360.76,1293.95,0.57433069,6.1401103628
801015,2010-01-08,1325.37,1309.52,1335.39,1299.37,0.32536783,3.5880277527
801015,2010-01-11,1320.57,1329.49,1344.62,1300.04,0.47970655,4.8412071328
801015,2010-01-12,1364.17,1321.05,1369.88,1312.62,0.74337737,7.679985867
801015,2010-01-13,1357.68,1335.45,1390.88,1327.23,0.73922374,7.6339257075999996
801015,2010-01-14,1389.96,1357.04,1400.93,1346.64,0.71678253,7.870855569
801015,2010-01-15,1392.05,1395.42,1408.96,1373.26,0.57818902,6.0985109168
801015,2010-01-18,1435.47,1394.11,1446.99,1378.51,0.87907506,10.1505169765
801015,2010-01-19,1455.29,1442.12,1482.7,1421.49,0.97071109,11.336290348699999
801015,2010-01-20,1422.69,1459.9,1489.01,1403.69,1.16632677,11.8682376451
801015,2010-01-21,1426.17,1421.75,1449.42,1390.96,0.6259527,6.2655138377999995
801015,2010-01-22,1383.92,1412.65,1429.69,1344.1,0.6494531,6.7548079712
801015,2010-01-25,1385.48,1366.36,1411.9,1356.7,0.45438696,4.5141831352
801015,2010-01-26,1327.03,1389.28,1403.14,1316.82,0.48431313,4.7174187354
801015,2010-01-27,1317.79,1325.32,1350.15,1287.79,0.39304686,3.9148357759
801015,2010-01-28,1327.58,1324.93,1338.82,1301.43,0.27590732,2.7999947349000003
801015,2010-01-29,1346.01,1316.47,1367.56,1307.81,0.41647936,4.33589881
801015,2010-02-01,1349.88,1361.45,1389.63,1333.72,0.47824274,4.8284987507
801015,2010-02-02,1323.72,1358.19,1377.44,1319.36,0.36769404,3.7096361107
801015,2010-02-03,1317.39,1328.01,1342.06,1264.26,0.39559219,3.9889184845
801015,2010-02-04,1317.54,1313.5,1339.48,1288.73,0.4826541,4.6541266477
801015,2010-02-05,1274.82,1295.77,1303.47,1260.48,0.40509895,4.2401394372
801015,2010-02-08,1314.36,1275.59,1334.92,1268.74,0.35405969,3.9467127805
801015,2010-02-09,1312.46,1317.82,1329.35,1288.53,0.25755582,2.7722468097000004
801015,2010-02-10,1320.19,1312.69,1330.02,1301.15,0.21984475,2.4130440466
801015,2010-02-11,1332.98,1320.35,1349.23,1310.24,0.26429008,3.2760643604000004
801015,2010-02-12,1348.36,1335.32,1360.58,1322.6,0.26262789,3.1947098914999996
801015,2010-02-22,1379.37,1350.32,1394.13,1344.48,0.40515077,5.016468219
801015,2010-02-23,1448.28,1414.77,1456.22,1388.67,0.68828378,12.4546978645
801015,2010-02-24,1457.64,1444.03,1469.53,1422.19,0.5790878,9.287799526
801015,2010-02-25,1479.32,1457.51,1495.4,1446.36,0.61745255,8.7621316005
801015,2010-02-26,1471.18,1475.49,1496.65,1452.6,0.6889303,8.5732952622
801015,2010-03-01,1487.74,1475.77,1503.34,1466.85,0.57721336,7.2343223405999995
801015,2010-03-02,1498.44,1480.71,1514.35,1463.12,0.49845601,7.0727000385
801015,2010-03-03,1560.1,1492.04,1571.95,1479.98,1.10798591,13.9709239475
801015,2010-03-04,1502.29,1562.41,1590.35,1488.83,1.02792401,13.458757365
801015,2010-03-05,1500.33,1494.47,1532.83,1479.2,0.57159861,7.6634796748000005
801015,2010-03-08,1493.01,1492.59,1514.04,1475.22,0.40173408,4.9414526919
801015,2010-03-09,1496.83,1479.92,1508.31,1470.65,0.47474717,4.9888758943000004
801015,2010-03-10,1471.36,1490.18,1508.75,1450.12,0.41394489,4.965581229800001
801015,2010-03-11,1471.59,1463.82,1484.78,1439.4,0.32553666,3.8129808799
801015,2010-03-12,1456.88,1463.89,1487.05,1443.06,0.29768649,3.5149400756
801015,2010-03-15,1451.06,1451.33,1469.94,1429.83,0.37039154,3.8876666654000003
801015,2010-03-16,1466.97,1447.44,1471.79,1435.68,0.46966835,4.5290473892000005
801015,2010-03-17,1491.83,1466.79,1505.84,1457.41,0.62132486,6.7482510965
801015,2010-03-18,1498.74,1484.79,1507.77,1474.66,0.57040318,5.7031002028
801015,2010-03-19,1508.51,1490.06,1519.52,1480.9,0.41774672,4.8928545708
801015,2010-03-22,1511.22,1501.9,1524.39,1489.12,0.43581853,4.9266381185000006
801015,2010-03-23,1512.9,1498.51,1528.74,1493.17,0.44200993,4.1193708905
801015,2010-03-24,1577.77,1531.75,1588.6,1520.43,0.65126148,10.5337432082
801015,2010-03-25,1565.47,1569.07,1609.97,1531.02,0.53513989,9.6820519772
801015,2010-03-26,1556.47,1550.45,1563.94,1516.72,0.32264663,5.2485594019
801015,2010-03-29,1544.28,1543.86,1563.52,1514.54,0.3464383,5.6427442355999995
801015,2010-03-30,1545.61,1539.26,1563.16,1525.51,0.31395643,4.43513825
801015,2010-03-31,1549.96,1536.06,1562.62,1524.99,0.34499464,5.1139832044
801015,2010-04-01,1565.19,1544.08,1574.96,1534.3,0.47292147,6.0662750983
801015,2010-04-02,1572.85,1564.59,1586.48,1545.15,0.60710467,7.1579508288
801015,2010-04-06,1599.81,1585.12,1632.08,1554.19,1.50430866,15.9166024603
801015,2010-04-07,1578.83,1586.33,1600.64,1556.44,0.83565058,9.8366341318
801015,2010-04-08,1587.74,1575.85,1605.87,1560.36,0.69823305,7.967046002999999
801015,2010-04-09,1660.25,1606.07,1676.6,1594.7,1.02158824,15.0070045379
801015,2010-04-12,1661.61,1658.91,1686.78,1620.13,0.93716778,12.497058759000002
801015,2010-04-13,1632.17,1663.19,1682.88,1562.11,0.79519641,11.281849284200002
801015,2010-04-14,1679.06,1631.57,1697.27,1611.46,0.62913938,9.4780849355
801015,2010-04-15,1694.01,1678.66,1748.11,1656.58,0.76082848,13.11373819
801015,2010-04-16,1721.88,1676.8,1753.72,1643.06,1.01589326,14.1247517899
801015,2010-04-19,1653.34,1701.23,1737.18,1645.55,1.05258112,12.945267232
801015,2010-04-20,1648.19,1652.19,1696.95,1596.29,0.89972147,11.850662928199998
801015,2010-04-21,1727.19,1645.23,1738.85,1623.94,0.9378595,12.77326621
801015,2010-04-22,1726.2,1726.67,1759.97,1682.41,1.13910998,14.4233147725
801015,2010-04-23,1710.21,1719.19,1755.66,1691.23,0.85390956,10.9071273462
801015,2010-04-26,1702.3,1710.82,1738.6,1676.33,0.5245478,6.7584158136
801015,2010-04-27,1660.65,1703.59,1717.35,1619.48,0.51884124,6.7084457484
801015,2010-04-28,1649.32,1637.12,1680.83,1610.09,0.62360212,6.9365120924
801015,2010-04-29,1620.5,1654.9,1699.22,1611.02,0.57221609,7.1704575987
801015,2010-04-30,1577.08,1620.43,1635.91,1531.89,0.55982878,6.5398306681
801015,2010-05-04,1581.11,1553.0,1616.74,1533.08,0.34105164,4.0335759894
801015,2010-05-05,1619.57,1564.41,1642.19,1547.84,0.46867322,4.3604719478
801015,2010-05-06,1614.82,1643.48,1692.19,1607.56,0.59485495,7.9847044999
801015,2010-05-07,1631.08,1568.7,1664.98,1543.4,0.65666103,7.757215753300001
801015,2010-05-10,1612.42,1607.0,1665.26,1547.12,0.48894009,5.555206329600001
801015,2010-05-11,1541.02,1632.02,1645.12,1533.29,0.59647935,6.3852639476999995
801015,2010-05-12,1454.45,1524.58,1549.44,1427.58,0.43255164,4.8585254343
801015,2010-05-13,1475.92,1439.42,1486.28,1384.49,0.52770785,5.706828632000001
801015,2010-05-14,1467.52,1463.47,1499.28,1433.59,0.36438163,4.1138469618
801015,2010-05-17,1381.43,1443.47,1465.23,1371.77,0.39059101,4.0906390028
801015,2010-05-18,1373.24,1371.31,1398.96,1299.2,0.44813095,4.4131243117
801015,2010-05-19,1372.51,1366.31,1408.78,1328.36,0.31188852,3.5810150512
801015,2010-05-20,1339.46,1370.52,1395.55,1327.42,0.33914077,3.3757364758999997
801015,2010-05-21,1366.48,1292.84,1376.95,1276.68,0.34084742,3.5795726394
801015,2010-05-24,1425.7,1381.25,1443.4,1370.94,0.48295017,5.3244016631
801015,2010-05-25,1402.35,1419.06,1437.31,1382.99,0.38839588,4.2849525421
801015,2010-05-26,1407.48,1400.68,1432.48,1389.8,0.27697517,2.7356087352999996
801015,2010-05-27,1436.89,1409.34,1442.17,1382.41,0.51717847,4.913434254599999
801015,2010-05-28,1446.21,1456.41,1476.96,1422.84,0.4832217,4.6660612086
801015,2010-05-31,1406.19,1433.99,1462.26,1392.08,0.51129926,4.7386454518
801015,2010-06-01,1363.24,1383.06,1412.75,1337.31,0.2635518,2.9555944672
801015,2010-06-02,1384.59,1360.46,1396.1,1339.27,0.19962833,2.0889224003
801015,2010-06-03,1395.8,1389.59,1444.88,1375.59,0.30941436,3.5989691519
801015,2010-06-04,1403.92,1384.99,1423.88,1368.1,0.19922988,2.4685385115000003
801015,2010-06-07,1386.0,1370.43,1413.68,1346.15,0.27634772,3.101838986
801015,2010-06-08,1437.83,1373.31,1443.47,1366.84,0.44043695,7.3743130411
801015,2010-06-09,1471.48,1444.63,1500.87,1429.28,0.48112138,8.046222004199999
801015,2010-06-10,1494.89,1452.18,1516.71,1442.71,0.50134541,7.323432921
801015,2010-06-11,1483.27,1491.54,1526.29,1460.96,0.59459502,6.397228411
801015,2010-06-17,1472.14,1486.27,1517.32,1466.59,0.3216878,4.170218059100001
801015,2010-06-18,1393.3,1462.91,1474.86,1378.04,0.34925989,4.4672607318
801015,2010-06-21,1482.93,1392.68,1486.95,1385.09,0.37010764,5.1451369483
801015,2010-06-22,1482.08,1481.03,1499.82,1458.93,0.36513056,4.7887623001
801015,2010-06-23,1494.28,1477.66,1509.37,1450.15,0.43250004,6.4213291012000004
801015,2010-06-24,1484.28,1487.22,1507.19,1470.11,0.29346657,4.087502445899999
801015,2010-06-25,1459.89,1476.7,1500.12,1448.07,0.29557519,3.7839718951999997
801015,2010-06-28,1435.33,1459.59,1485.0,1421.11,0.27395043,3.3170114043
801015,2010-06-29,1357.3,1435.45,1455.13,1351.56,0.37297954,4.688526746
801015,2010-06-30,1350.52,1345.52,1375.18,1299.43,0.2869713,3.6319316588
801015,2010-07-01,1339.54,1341.68,1374.85,1320.47,0.25130031,2.9840271960000004
801015,2010-07-02,1313.51,1319.18,1346.8,1260.15,0.30517462,3.5119735435000003
801015,2010-07-05,1301.58,1302.33,1326.37,1268.04,0.27401287,2.77544616
801015,2010-07-06,1347.64,1297.35,1365.38,1294.61,0.3621997,4.045370038500001
801015,2010-07-07,1362.48,1353.89,1368.84,1333.17,0.27434096,3.1900439981999997
801015,2010-07-08,1390.03,1377.27,1426.25,1365.64,0.31172385,4.6471878197
801015,2010-07-09,1415.44,1386.26,1433.6,1372.36,0.36956961,4.8005391312
801015,2010-07-12,1423.61,1414.44,1440.83,1400.62,0.36069046,4.6638705742
801015,2010-07-13,1438.84,1412.8,1465.49,1390.94,0.4994427,8.365632227
801015,2010-07-14,1435.49,1435.76,1463.25,1414.71,0.43750105,5.912519430900001
801015,2010-07-15,1389.6,1426.57,1447.19,1379.69,0.39896988,5.3768636259
801015,2010-07-16,1396.52,1379.81,1409.33,1351.61,0.38725003,4.5983068401
801015,2010-07-19,1412.2,1368.59,1429.36,1341.55,0.46276895,6.4321937053
801015,2010-07-20,1440.83,1404.05,1452.13,1390.35,0.64695276,9.7835399137
801015,2010-07-21,1445.93,1441.62,1479.91,1418.74,0.58547893,8.9315374758
801015,2010-07-22,1456.56,1442.41,1474.23,1422.59,0.59429794,9.0423336812
801015,2010-07-23,1454.66,1452.44,1469.65,1427.51,0.51130747,7.1871603877
801015,2010-07-26,1529.98,1451.18,1541.74,1437.96,0.9330496,14.786212487
801015,2010-07-27,1518.59,1524.33,1545.68,1495.03,0.69282288,9.9873087735
801015,2010-07-28,1553.49,1514.69,1585.75,1509.44,0.70928807,11.354717206099998
801015,2010-07-29,1567.08,1557.33,1585.92,1536.59,0.66919473,10.5157266857
801015,2010-07-30,1556.44,1565.69,1581.16,1538.84,0.46576187,6.641899145
801015,2010-08-02,1615.44,1562.5,1634.05,1554.88,0.79236968,11.801278182799999
801015,2010-08-03,1587.33,1609.63,1633.04,1579.24,0.72271571,11.4436847042
801015,2010-08-04,1653.26,1583.6,1666.12,1574.91,0.88738204,14.559710239200001
801015,2010-08-05,1700.47,1656.23,1743.05,1640.11,1.07594897,17.6856136355
801015,2010-08-06,1782.88,1686.31,1802.6,1677.9,1.1171237,17.8568084371
801015,2010-08-09,1783.91,1785.66,1860.14,1754.75,1.22466831,21.975903227199996
801015,2010-08-10,1771.38,1781.47,1819.41,1726.04,1.00510012,17.8719336306
801015,2010-08-11,1755.4,1752.1,1783.51,1713.6,0.72311763,11.995532125499999
801015,2010-08-12,1723.04,1733.3,1773.15,1707.09,0.71687317,11.4981378986
801015,2010-08-13,1747.79,1723.07,1758.55,1698.6,0.55240188,8.893158241
801015,2010-08-16,1787.6,1743.03,1805.16,1727.25,0.70705143,12.129981286300001
801015,2010-08-17,1786.58,1787.69,1818.49,1763.78,0.68649101,9.562305653500001
801015,2010-08-18,1798.25,1788.18,1821.85,1765.13,0.66068146,10.323121520199999
801015,2010-08-19,1872.55,1799.5,1901.43,1785.53,1.10110727,20.2563783871
801015,2010-08-20,1811.35,1865.78,1880.43,1801.65,0.80391926,15.1353639739
801015,2010-08-23,1805.19,1796.11,1849.2,1783.21,0.61375111,10.5566450571
801015,2010-08-24,1819.83,1804.47,1850.56,1772.59,0.66375182,9.8764277766
801015,2010-08-25,1786.47,1810.46,1835.11,1775.32,0.5588995,8.7881207081
801015,2010-08-26,1816.36,1783.11,1841.44,1776.22,0.66570139,10.321140975599999
801015,2010-08-27,1856.73,1810.41,1873.89,1792.75,0.63831477,12.7711879507
801015,2010-08-30,1907.51,1864.38,1924.21,1844.25,0.77430453,14.1127014871
801015,2010-08-31,1926.52,1897.09,1952.35,1871.98,0.83956893,14.0815565344
801015,2010-09-01,1902.11,1930.07,1974.55,1861.69,0.89393804,16.6307045498
801015,2010-09-02,1940.13,1910.24,1970.51,1883.19,0.93602471,16.8434608632
801015,2010-09-03,1932.82,1940.91,1997.94,1906.22,1.05167552,22.5202765885
801015,2010-09-06,1884.4,1931.38,1944.94,1867.62,0.86873386,14.725364868800002
801015,2010-09-07,1975.7,1878.1,1989.79,1861.93,1.15668559,20.289482670199998
801015,2010-09-08,1970.71,1963.92,1997.93,1932.78,1.00927022,17.7735737789
801015,2010-09-09,1947.42,1967.87,2014.59,1931.02,0.90683044,15.661027369400001
801015,2010-09-10,1957.7,1941.09,1990.04,1902.37,0.6701557,13.760750361500001
801015,2010-09-13,2028.03,1967.21,2069.34,1949.46,0.96341445,18.5614482945
801015,2010-09-14,2017.23,2027.28,2049.46,1997.19,0.61756653,12.2727238398
801015,2010-09-15,2000.22,2015.01,2063.07,1979.43,0.6947197,11.121659935999999
801015,2010-09-16,1940.09,1995.24,2017.38,1892.48,0.76743361,13.51500597
801015,2010-09-17,1954.34,1936.27,1980.23,1904.84,0.51210098,8.4790458044
801015,2010-09-20,1963.18,1956.1,2014.92,1929.39,0.62437726,10.6520256934
801015,2010-09-21,1942.78,1963.28,1983.89,1910.1,0.44411112,7.0940414333
801015,2010-09-27,1993.82,1947.8,2007.84,1935.04,0.57858803,8.882927169
801015,2010-09-28,2006.64,1993.46,2038.4,1957.68,0.76422215,12.0123306471
801015,2010-09-29,2035.75,2006.73,2102.81,1980.18,0.73181021,15.271917262799999
801015,2010-09-30,2062.69,2030.32,2085.13,2000.05,0.50725379,9.6779581432
801015,2010-10-08,2121.9,2075.92,2147.86,2054.22,0.75487325,14.284118358599999
801015,2010-10-11,2202.48,2131.41,2289.82,2126.89,1.17540322,21.9612465744
801015,2010-10-12,2175.72,2191.0,2234.95,2146.74,0.80996855,16.0226111545
801015,2010-10-13,2133.19,2172.94,2186.83,2091.91,0.81743254,15.753943664300001
801015,2010-10-14,2032.28,2130.77,2157.73,2004.58,0.94125308,16.625475385
801015,2010-10-15,1998.37,2015.81,2091.95,1962.16,0.98349121,16.1533409845
801015,2010-10-18,1902.98,1990.2,2008.95,1851.55,1.03472648,15.839865304000002
801015,2010-10-19,1995.83,1905.56,2004.4,1897.07,0.67766588,10.9838501544
801015,2010-10-20,2045.99,1964.06,2067.99,1939.34,0.7731905,12.6616579096
801015,2010-10-21,2058.3,2053.48,2097.57,2010.27,0.60628134,11.0175951966
801015,2010-10-22,2068.83,2052.94,2087.43,2014.3,0.63118507,10.6050453806
801015,2010-10-25,2121.38,2071.73,2141.04,2049.29,0.96330256,15.311501343
801015,2010-10-26,2101.65,2117.7,2143.89,2066.43,0.92641768,12.544379933599998
801015,2010-10-27,2107.34,2101.2,2156.25,2076.74,0.81758573,15.387249253399998
801015,2010-10-28,2079.42,2098.34,2126.5,2041.63,0.8445774,16.865178253
801015,2010-10-29,2123.79,2086.57,2140.91,2058.5,0.99664714,15.8484433651
801015,2010-11-01,2154.86,2128.63,2184.38,2106.33,1.12656239,17.986641672
801015,2010-11-02,2154.34,2166.24,2243.92,2141.01,1.19145046,20.7622137678
801015,2010-11-03,2271.31,2148.74,2316.86,2117.86,2.16319317,36.538218934899994
801015,2010-11-04,2309.27,2266.1,2365.48,2223.18,1.77770144,30.933965126700002
801015,2010-11-05,2306.41,2306.53,2358.94,2262.8,1.23956218,20.104505651300002
801015,2010-11-08,2423.85,2318.08,2446.94,2308.11,1.47759604,25.346558411999997
801015,2010-11-09,2407.88,2426.6,2446.47,2367.77,0.96441311,15.3405587757
801015,2010-11-10,2392.71,2404.18,2497.29,2361.9,1.11263076,19.6567403029
801015,2010-11-11,2367.05,2386.22,2436.23,2348.47,1.13572664,18.6955399912
801015,2010-11-12,2229.28,2363.16,2407.82,2210.21,1.09728048,18.694908880899998
801015,2010-11-15,2318.61,2230.09,2325.7,2218.01,0.6969862,11.526995715899998
801015,2010-11-16,2261.5,2326.91,2382.88,2222.44,1.06373146,16.505729398499998
801015,2010-11-17,2106.05,2232.51,2271.88,2089.58,0.82889731,12.5502999909
801015,2010-11-18,2132.29,2115.78,2162.34,2019.02,0.53449842,8.7174497613
801015,2010-11-19,2162.88,2142.89,2188.25,2086.66,0.5363048,8.7099128929
801015,2010-11-22,2222.2,2157.32,2253.47,2127.27,0.74311445,12.194428318900002
801015,2010-11-23,2204.81,2211.8,2238.4,2131.03,0.65420901,9.6003396935
801015,2010-11-24,2231.37,2179.85,2247.83,2165.82,0.57436471,9.1534762867
801015,2010-11-25,2241.1,2241.22,2269.2,2211.14,0.52885746,8.284396912
801015,2010-11-26,2223.55,2237.2,2271.87,2191.25,0.55972982,8.529738069
801015,2010-11-29,2166.3,2223.96,2230.22,2147.3,0.53285263,8.5651609888
801015,2010-11-30,2100.12,2157.84,2196.73,2019.0,0.67289624,9.8061053952
801015,2010-12-01,2112.84,2097.54,2130.05,2056.19,0.36398407,5.2600007606
801015,2010-12-02,2113.2,2131.11,2144.52,2079.56,0.35333118,4.670714698399999
801015,2010-12-03,2118.18,2112.81,2144.19,2085.36,0.25042991,4.3153682954
801015,2010-12-06,2082.04,2133.76,2149.99,2058.94,0.36557316,4.6912707611
801015,2010-12-07,2086.24,2066.42,2099.82,2018.74,0.32300642,4.775699185400001
801015,2010-12-08,2088.66,2089.85,2126.05,2072.45,0.32193653,4.809538483
801015,2010-12-09,2028.81,2087.86,2099.04,2022.15,0.28884225,4.0384553041
801015,2010-12-10,2045.39,2022.47,2062.81,1998.48,0.21397066,3.2720482066
801015,2010-12-13,2099.84,2057.6,2118.95,2052.68,0.39247808,5.9792544303
801015,2010-12-14,2196.56,2100.23,2206.45,2081.98,0.58450439,10.3977133664
801015,2010-12-15,2181.93,2198.83,2242.55,2173.13,0.50862501,8.949831377699999
801015,2010-12-16,2164.4,2172.75,2200.83,2145.32,0.35078495,5.368237129
801015,2010-12-17,2175.61,2156.48,2198.04,2144.88,0.27341539,4.633569866499999
801015,2010-12-20,2214.79,2194.67,2227.05,2131.17,0.68055459,13.3824834942
801015,2010-12-21,2206.59,2222.68,2234.52,2163.34,0.43426883,8.4604828498
801015,2010-12-22,2166.74,2202.25,2218.82,2150.9,0.37614138,7.144703215700001
801015,2010-12-23,2099.06,2163.45,2180.29,2090.52,0.29972633,6.1928923549
801015,2010-12-24,2029.16,2080.97,2100.95,2006.33,0.32966402,6.3191417264
801015,2010-12-27,1965.86,2025.25,2068.92,1945.34,0.33231616,5.4927390424
801015,2010-12-28,1913.77,1964.37,1974.53,1887.58,0.31254106,4.7811081514
801015,2010-12-29,1977.33,1912.12,1985.32,1899.78,0.23526912,3.9489311769
801015,2010-12-30,1967.74,1975.92,1990.86,1932.55,0.21772357,3.9270250257
801015,2010-12-31,2033.07,1979.68,2038.44,1975.11,0.25017213,4.4547934531
801015,2011-01-04,2053.13,2030.07,2064.91,2011.87,0.35398528,5.8253055838
801015,2011-01-05,2036.54,2047.73,2063.02,2009.99,0.26590738,4.4289215076
801015,2011-01-06,1998.15,2038.29,2042.81,1984.1,0.25613066,4.3236792999
801015,2011-01-07,1998.3,2004.68,2034.19,1966.59,0.32542022,5.0845812511
801015,2011-01-10,1967.05,2001.97,2026.46,1947.8,0.30610228,4.6295077327
801015,2011-01-11,1943.73,1954.67,1980.92,1908.75,0.30268408,4.1794967158
801015,2011-01-12,1964.38,1946.54,1975.78,1929.39,0.2615862,3.1698134822000004
801015,2011-01-13,1982.63,1966.18,2001.03,1949.12,0.20589057,3.5823523176
801015,2011-01-14,1916.3,1982.56,1989.37,1904.36,0.29680415,4.1054699924
801015,2011-01-17,1809.42,1893.14,1903.87,1796.86,0.29024845,4.1960798655
801015,2011-01-18,1802.84,1807.07,1831.49,1777.24,0.15786877,2.3754661996
801015,2011-01-19,1844.12,1808.39,1847.95,1797.66,0.17700322,2.8014181393
801015,2011-01-20,1826.21,1847.77,1887.19,1807.85,0.27790852,4.2787122958
801015,2011-01-21,1818.02,1819.21,1841.99,1785.03,0.24475481,3.4629900319
801015,2011-01-24,1750.52,1815.4,1831.79,1740.89,0.2473396,3.5754651224000003
801015,2011-01-25,1738.08,1752.4,1772.16,1694.02,0.19837921,2.6968183667
801015,2011-01-26,1754.58,1737.73,1777.92,1728.84,0.2093328,2.5484168939
801015,2011-01-27,1802.13,1757.81,1812.52,1736.3,0.26099907,3.4857377714999997
801015,2011-01-28,1842.09,1798.37,1853.84,1788.73,0.3606081,3.9623342187
801015,2011-01-31,1852.18,1839.41,1863.37,1819.81,0.26958315,3.2038589588999997
801015,2011-02-01,1850.58,1851.1,1883.73,1830.36,0.22693687,3.0488697019999997
801015,2011-02-09,1869.92,1834.86,1930.46,1823.18,0.38157301,5.4762177373
801015,2011-02-10,1916.18,1879.31,1934.47,1872.71,0.42191822,5.6649675308
801015,2011-02-11,1920.12,1916.16,1943.97,1891.84,0.39341934,5.2039784085
801015,2011-02-14,1942.79,1924.35,1951.01,1909.96,0.5077508,6.6920974608
801015,2011-02-15,1936.85,1945.43,1971.92,1924.55,0.51788684,6.872508019
801015,2011-02-16,1965.65,1930.54,1974.09,1914.71,0.50583593,7.5844952672
801015,2011-02-17,1975.56,1973.32,1996.02,1942.99,0.4489364,6.8688477703999995
801015,2011-02-18,1947.09,1975.67,1985.46,1935.32,0.42655399,6.194701945
801015,2011-02-21,1969.53,1937.26,1986.04,1923.2,0.51581482,7.647004244800001
801015,2011-02-22,1974.8,1971.21,2027.29,1940.84,0.78683703,12.0248179101
801015,2011-02-23,1970.61,1970.68,1998.7,1937.44,0.50131761,7.1151083424
801015,2011-02-24,1965.95,1961.02,1988.77,1941.06,0.37181785,4.9726486507
801015,2011-02-25,2009.65,1969.44,2031.68,1950.03,0.60434381,8.6784943598
801015,2011-02-28,2021.81,2015.1,2043.36,1989.19,0.49478146,6.452462774400001
801015,2011-03-01,2020.53,2023.19,2047.38,1996.48,0.51589797,7.5247737216
801015,2011-03-02,2016.37,2021.57,2043.45,1982.12,0.56901881,8.1010233321
801015,2011-03-03,1977.3,2018.52,2055.3,1960.16,0.82548617,10.1411823331
801015,2011-03-04,1997.79,1976.44,2011.27,1960.06,0.50578756,6.6399281499
801015,2011-03-07,2009.33,1991.15,2024.8,1975.77,0.37171086,4.7193677202
801015,2011-03-08,2028.47,2022.54,2062.7,1989.79,0.68437964,10.3614102883
801015,2011-03-09,2028.38,2029.52,2057.48,2000.19,0.64188259,8.987511804
801015,2011-03-10,2034.42,2034.22,2075.36,2013.11,0.60110314,8.2139907822
801015,2011-03-11,2018.56,2022.61,2054.58,2008.39,0.44766253,6.255753031799999
801015,2011-03-14,1979.49,2001.54,2018.62,1942.3,0.61965865,9.7378158544
801015,2011-03-15,1928.2,1977.56,1990.6,1891.1,0.78902937,11.8339626341
801015,2011-03-16,1957.85,1922.41,1966.21,1910.8,0.57769628,9.6799877882
801015,2011-03-17,1927.8,1945.06,1985.65,1853.86,1.40468682,17.412610865
801015,2011-03-18,1930.2,1926.78,1952.2,1885.07,0.89499327,10.909181862899999
801015,2011-03-21,1934.69,1929.23,1971.59,1905.66,0.64877894,8.1804874625
801015,2011-03-22,1926.0,1934.46,1952.73,1893.92,0.3981915,5.282957236600001
801015,2011-03-23,1935.55,1924.56,1953.25,1899.13,0.442136,5.7110788451
801015,2011-03-24,1930.51,1936.03,1953.54,1912.27,0.40277499,5.2427701228
801015,2011-03-25,1931.62,1932.81,1951.92,1913.65,0.33106869,4.4052292642
801015,2011-03-28,1912.24,1934.88,1956.73,1886.94,0.67443783,9.6860228273
801015,2011-03-29,1864.67,1889.08,1916.57,1839.22,0.91984534,12.1168045983
801015,2011-03-30,1851.33,1863.75,1894.17,1837.69,0.58041187,7.342631988200001
801015,2011-03-31,1854.57,1850.06,1885.27,1830.82,0.53626628,6.5264853215
801015,2011-04-01,1884.97,1860.99,1895.33,1835.04,0.47261585,5.9997356276
801015,2011-04-06,1866.52,1889.22,1924.17,1799.98,1.34073035,16.9803164027
801015,2011-04-07,1890.77,1860.76,1925.48,1812.6,1.03569276,11.1386214801
801015,2011-04-08,1886.16,1892.62,1910.55,1852.26,0.87846329,10.4488747728
801015,2011-04-11,1894.89,1885.46,1933.93,1850.77,0.96533548,12.3204349105
801015,2011-04-12,1893.07,1883.75,1920.86,1863.82,0.67565716,8.2119010862
801015,2011-04-13,1900.36,1885.36,1916.5,1867.86,0.55706881,6.7272712489
801015,2011-04-14,1966.01,1909.57,1993.18,1897.76,0.86159718,12.834234201600001
801015,2011-04-15,1973.78,1982.21,2012.42,1925.39,1.26679385,17.8101980704
801015,2011-04-18,1955.18,1959.79,1985.47,1924.38,0.68697133,8.9694088258
801015,2011-04-19,1963.76,1936.18,1987.04,1915.14,0.71873415,9.7787150183
801015,2011-04-20,1973.83,1964.89,2007.8,1946.3,0.61929432,9.3270129164
801015,2011-04-21,1961.06,1975.34,1988.26,1942.3,0.49447489,7.0069480051
801015,2011-04-22,1984.76,1957.04,2011.37,1922.47,0.9626497,11.5966514378
801015,2011-04-25,1949.05,1974.59,1993.44,1924.06,0.70194298,8.845036024
801015,2011-04-26,1897.4,1931.07,1961.9,1871.08,0.54791495,6.63789813
801015,2011-04-27,1887.33,1892.33,1935.62,1859.11,0.62538971,7.217733765599999
801015,2011-04-28,1803.16,1893.03,1915.1,1785.17,0.68286358,7.5586843143
801015,2011-04-29,1820.29,1806.52,1842.15,1777.09,0.37734185,4.0861086384
801015,2011-05-03,1839.75,1827.14,1851.99,1798.83,0.32036755,3.6186932830000003
801015,2011-05-04,1810.61,1839.71,1867.83,1792.71,0.37521471,4.7712822044
801015,2011-05-05,1848.48,1809.39,1871.75,1792.32,0.44118323,6.5826115407
801015,2011-05-06,1843.82,1833.25,1864.71,1809.74,0.28724148,4.0580708403
801015,2011-05-09,1849.67,1838.61,1874.07,1825.88,0.3084493,4.1970291701999995
801015,2011-05-10,1877.04,1853.51,1891.5,1836.84,0.40582068,6.1028678983
801015,2011-05-11,1876.93,1877.27,1903.0,1846.66,0.46672213,5.6165698674
801015,2011-05-12,1837.71,1866.97,1882.73,1832.01,0.42749179,5.4783590934
801015,2011-05-13,1851.49,1833.66,1870.44,1815.5,0.37047283,4.5195953782
801015,2011-05-16,1833.0,1843.48,1859.02,1819.3,0.24013242,3.0068630475
801015,2011-05-17,1821.57,1828.28,1848.76,1798.1,0.33560421,4.0964027956999995
801015,2011-05-18,1844.68,1817.69,1860.4,1806.39,0.42126791,4.4895664393
801015,2011-05-19,1869.29,1840.3,1904.81,1832.02,0.47829238,6.4081295166
801015,2011-05-20,1871.25,1862.66,1893.09,1837.52,0.50391518,6.0888347686
801015,2011-05-23,1794.82,1863.07,1879.21,1787.8,0.6252916,7.0564448977
801015,2011-05-24,1799.59,1786.49,1822.63,1746.06,0.58472129,7.3003153651
801015,2011-05-25,1779.33,1798.91,1819.38,1764.09,0.42868869,5.6224124701
801015,2011-05-26,1777.95,1785.58,1826.89,1753.38,0.62029364,7.2942883128
801015,2011-05-27,1744.2,1783.5,1809.62,1726.54,0.86311742,9.587401851900001
801015,2011-05-30,1758.3,1729.51,1792.37,1694.78,0.79154386,8.9598155541
801015,2011-05-31,1780.36,1752.58,1792.54,1723.24,0.8153483,9.4446442379
801015,2011-06-01,1786.59,1777.06,1818.53,1745.05,0.83876457,9.8301168588
801015,2011-06-02,1748.56,1757.36,1776.58,1714.34,0.55131102,6.410889672200001
801015,2011-06-03,1792.8,1749.51,1813.88,1735.74,0.6244158,7.554108288099999
801015,2011-06-07,1800.2,1785.87,1818.74,1771.83,0.60187421,7.2793824166
801015,2011-06-08,1810.21,1804.37,1827.2,1770.1,0.61623289,7.432407218400001
801015,2011-06-09,1756.47,1801.27,1814.25,1747.55,0.57496149,6.7646003964
801015,2011-06-10,1756.86,1753.87,1774.28,1722.62,0.47100054,5.3332490216
801015,2011-06-13,1753.17,1742.71,1767.42,1721.9,0.32461135,3.5511500475
801015,2011-06-14,1777.31,1753.87,1790.6,1745.72,0.39946739,4.8902264329000005
801015,2011-06-15,1766.43,1771.41,1809.19,1749.39,0.56244674,6.007208049500001
801015,2011-06-16,1722.06,1747.44,1767.0,1710.58,0.44325641,4.6492942735
801015,2011-06-17,1700.75,1717.08,1743.84,1691.0,0.28303556,3.0021244826999998
801015,2011-06-20,1666.85,1695.08,1711.64,1646.96,0.32392359,3.4712151553
801015,2011-06-21,1676.85,1674.95,1695.46,1640.76,0.28440388,3.2442040775
801015,2011-06-22,1678.6,1677.83,1698.5,1657.49,0.29730618,3.2157933383999997
801015,2011-06-23,1699.15,1675.13,1707.21,1640.31,0.29728083,3.1386262052999996
801015,2011-06-24,1744.53,1693.63,1768.76,1684.33,0.52407256,5.941158099299999
801015,2011-06-27,1773.1,1749.56,1785.11,1736.69,0.48613721,5.4687138861
801015,2011-06-28,1765.84,1771.27,1788.78,1742.93,0.27837509,3.4542109783
801015,2011-06-29,1736.73,1763.14,1782.34,1732.01,0.32197522,3.4582253386
801015,2011-06-30,1759.63,1740.12,1773.87,1733.18,0.23513159,2.9549981679000004
801015,2011-07-01,1767.17,1764.49,1793.77,1752.76,0.34554659,4.2130335614
801015,2011-07-04,1814.44,1771.88,1823.8,1762.03,0.40451361,5.7243572203
801015,2011-07-05,1832.83,1816.67,1853.11,1795.41,0.4923484,6.617383674400001
801015,2011-07-06,1818.97,1820.72,1838.89,1797.87,0.44541535,5.5687036161000005
801015,2011-07-07,1846.88,1818.15,1870.47,1802.65,0.59777632,8.6470655045
801015,2011-07-08,1839.87,1832.63,1865.46,1805.41,0.40504968,4.847460504
801015,2011-07-11,1881.44,1847.32,1895.96,1820.96,0.79191799,9.0366705512
801015,2011-07-12,1869.01,1872.13,1903.54,1847.82,1.00050389,11.806842552
801015,2011-07-13,1912.19,1863.1,1934.2,1859.22,0.83761408,12.0202555767
801015,2011-07-14,1934.73,1910.05,1951.99,1892.98,0.82663057,11.225291518099999
801015,2011-07-15,1949.95,1929.2,1975.34,1913.8,0.92423809,12.2983789234
801015,2011-07-18,1995.3,1954.94,2014.23,1940.21,1.03708,14.1593646154
801015,2011-07-19,1973.44,1987.44,2006.39,1950.63,0.89694727,12.4711460318
801015,2011-07-20,2012.5,1976.15,2038.85,1963.02,1.11026269,15.440009573
801015,2011-07-21,1997.37,2008.14,2045.85,1976.44,0.88116258,12.3879858278
801015,2011-07-22,1982.98,1992.25,2024.95,1963.88,0.72219791,10.0146510728
801015,2011-07-25,1923.41,1971.79,1995.15,1880.88,0.92725636,12.305291253399998
801015,2011-07-26,1917.55,1917.36,1942.51,1868.99,0.73527474,9.509031951
801015,2011-07-27,1956.32,1901.97,1968.29,1877.02,0.71784194,9.4751094142
801015,2011-07-28,1971.09,1935.71,2006.65,1914.87,0.89630643,12.7502013332
801015,2011-07-29,1957.54,1960.89,2011.31,1927.76,0.81976137,11.649095784000002
801015,2011-08-01,1960.53,1947.86,1985.74,1925.38,0.63747665,8.639137442300001
801015,2011-08-02,1962.97,1954.91,1979.34,1905.71,0.65786623,8.792333103099999
801015,2011-08-03,1991.09,1935.78,2021.37,1926.47,0.82409592,11.605422383099999
801015,2011-08-04,1986.52,1985.24,2016.79,1968.69,0.53577753,7.3627498496
801015,2011-08-05,1948.02,1921.63,1988.81,1895.75,0.65773564,9.4468333601
801015,2011-08-08,1879.51,1910.23,1945.39,1816.97,0.87860348,12.135751850799998
801015,2011-08-09,1910.48,1824.11,1934.47,1769.14,0.80822346,11.6831734275
801015,2011-08-10,1967.42,1934.7,2015.04,1919.0,1.03272196,17.540277468499998
801015,2011-08-11,2005.36,1922.47,2015.7,1913.22,0.83516103,13.950836116
801015,2011-08-12,2008.04,2009.16,2068.51,1983.03,0.71288476,12.6912328905
801015,2011-08-15,2021.73,2014.28,2057.79,1986.31,0.53724244,9.0074562275
801015,2011-08-16,2000.05,2023.63,2050.27,1976.41,0.57776797,8.2208496692
801015,2011-08-17,1995.65,1990.07,2018.49,1969.02,0.43780522,6.2879845525
801015,2011-08-18,1986.41,1997.27,2039.95,1967.86,0.55303771,8.2713497204
801015,2011-08-19,1959.39,1947.59,1984.34,1902.97,0.47186892,6.8052144225
801015,2011-08-22,1936.28,1948.72,1989.46,1915.54,0.36973881,4.4967751893
801015,2011-08-23,1955.99,1937.0,1964.29,1901.45,0.36867998,5.420021199600001
801015,2011-08-24,1942.16,1965.29,1993.77,1929.7,0.39010067,5.2927083027999995
801015,2011-08-25,1991.79,1943.71,2005.06,1935.8,0.4520146,5.8628665639
801015,2011-08-26,1994.19,1990.51,2010.9,1970.39,0.32630133,4.4576796337
801015,2011-08-29,1995.82,1984.5,2023.36,1957.06,0.40102024,5.8237876574000005
801015,2011-08-30,1971.18,2005.07,2028.77,1965.04,0.36764496,5.1374908791000005
801015,2011-08-31,1962.24,1968.03,1994.1,1929.25,0.4358023,5.4486095901
801015,2011-09-01,1941.05,1961.56,1981.63,1923.12,0.36836607,4.7689300844
801015,2011-09-02,1899.32,1935.64,1951.84,1882.78,0.28031781,3.819279457
801015,2011-09-05,1832.8,1878.35,1887.7,1821.11,0.27427291,3.3579285963
801015,2011-09-06,1820.74,1820.14,1853.85,1794.58,0.25596841,3.280314988
801015,2011-09-07,1862.5,1821.43,1876.31,1813.23,0.22740552,2.6304672709
801015,2011-09-08,1862.7,1879.74,1906.37,1848.24,0.26894117,3.2955857033999996
801015,2011-09-09,1876.8,1862.16,1910.92,1848.04,0.23681175,2.9135577145
801015,2011-09-13,1850.53,1860.08,1880.14,1810.53,0.47798998,4.1907520324
801015,2011-09-14,1836.05,1850.94,1876.57,1762.39,0.54544954,6.5198884449
801015,2011-09-15,1837.28,1842.36,1862.2,1817.79,0.66833386,5.9094738487
801015,2011-09-16,1839.85,1844.06,1864.98,1811.09,0.2814921,3.9715630125
801015,2011-09-19,1825.86,1824.68,1860.76,1790.69,0.23289487,3.1667474251999996
801015,2011-09-20,1835.77,1821.24,1855.44,1792.29,0.31473576,3.7475461269999997
801015,2011-09-21,1885.79,1834.29,1899.03,1818.61,0.74800392,7.4568217192
801015,2011-09-22,1846.54,1864.61,1907.51,1837.35,0.51779562,5.9549085240999995
801015,2011-09-23,1823.51,1807.58,1857.0,1789.44,0.39471685,4.2368153173000005
801015,2011-09-26,1795.48,1814.72,1845.55,1777.84,0.281339,3.4329105838
801015,2011-09-27,1785.61,1806.01,1822.84,1761.92,0.26659162,2.8044833832
801015,2011-09-28,1761.56,1791.94,1811.97,1751.43,0.34749523,3.4781533782
801015,2011-09-29,1695.93,1752.96,1772.33,1685.28,0.36160531,3.9846115857999997
801015,2011-09-30,1692.42,1697.79,1728.13,1668.5,0.22282495,2.2413854753
801015,2011-10-10,1674.45,1703.7,1720.79,1655.39,0.13049209,1.4699612742
801015,2011-10-11,1673.6,1712.62,1728.5,1655.03,0.15273135,1.8213741923
801015,2011-10-12,1743.21,1663.22,1757.95,1651.93,0.2839533,3.5277098456
801015,2011-10-13,1760.47,1729.44,1782.28,1717.15,0.26571041,3.7081365149
801015,2011-10-14,1744.59,1766.96,1775.99,1728.86,0.19411412,2.5772122583000003
801015,2011-10-17,1766.38,1749.37,1779.56,1735.29,0.25538507,3.2312538148
801015,2011-10-18,1763.75,1754.71,1807.58,1728.28,0.51521654,6.127738258200001
801015,2011-10-19,1736.85,1764.2,1777.52,1720.57,0.30228891,3.6113663469999997
801015,2011-10-20,1674.83,1725.69,1738.76,1661.08,0.24205601,2.8291331220999996
801015,2011-10-21,1657.94,1679.92,1692.97,1634.58,0.19665177,2.2287587005000002
801015,2011-10-24,1696.88,1662.25,1703.76,1628.47,0.22714572,2.5736518061
801015,2011-10-25,1738.06,1694.82,1750.59,1681.79,0.25072441,3.1227281098
801015,2011-10-26,1752.55,1728.83,1771.57,1716.1,0.31427636,3.7561033630000003
801015,2011-10-27,1748.02,1758.7,1779.78,1738.48,0.2468497,2.8764846407999998
801015,2011-10-28,1792.15,1768.54,1802.41,1750.87,0.35002364,4.2587049068
801015,2011-10-31,1818.67,1794.78,1844.54,1786.1,0.33565514,4.322474635
801015,2011-11-01,1807.87,1802.81,1839.64,1766.94,0.2784254,3.7788359569
801015,2011-11-02,1836.12,1779.06,1839.26,1754.63,0.3367273,4.3165544707
801015,2011-11-03,1862.49,1838.56,1919.21,1832.54,0.59614689,7.9662638264
801015,2011-11-04,1868.56,1869.21,1898.97,1844.0,0.36960788,4.7030581295
801015,2011-11-07,1852.94,1863.47,1887.59,1834.17,0.37926732,4.6096286397
801015,2011-11-08,1829.78,1852.83,1875.73,1820.29,0.33533148,3.9656366639
801015,2011-11-09,1852.09,1837.37,1858.41,1815.12,0.38076509,4.3526831936
801015,2011-11-10,1832.06,1831.7,1862.6,1816.84,0.36579595,4.3675550774000005
801015,2011-11-11,1867.65,1830.3,1889.4,1822.22,0.61076431,6.670946604
801015,2011-11-14,1907.21,1877.88,1920.44,1861.64,0.60934174,7.3472801895
801015,2011-11-15,1911.9,1906.84,1928.2,1874.47,0.39685561,5.038351608
801015,2011-11-16,1863.87,1907.93,1933.75,1850.83,0.5096946,5.8460167349
801015,2011-11-17,1870.54,1863.17,1903.04,1850.56,0.39272664,4.287743979
801015,2011-11-18,1816.83,1858.51,1873.56,1802.01,0.3340651,3.6535402560000003
801015,2011-11-21,1863.16,1817.97,1883.83,1798.68,0.39626825,5.365785794
801015,2011-11-22,1881.2,1844.32,1914.28,1823.99,0.5463342,8.4225311462
801015,2011-11-23,1891.62,1882.2,1915.88,1849.9,0.40466687,6.8195640473
801015,2011-11-24,1901.49,1872.2,1925.03,1859.25,0.40781225,6.055435226
801015,2011-11-25,1893.39,1893.81,1924.34,1869.58,0.34807847,5.082334956
801015,2011-11-28,1898.21,1893.21,1929.57,1871.06,0.3124545,4.8863230381000005
801015,2011-11-29,1928.42,1913.75,1942.16,1886.56,0.46498504,6.1931394447
801015,2011-11-30,1846.22,1928.66,1937.62,1800.65,0.61522877,7.2321289521
801015,2011-12-01,1865.48,1891.57,1928.1,1851.73,0.50488576,7.0621071927
801015,2011-12-02,1810.15,1848.18,1866.26,1794.49,0.32905124,3.9592943906999998
801015,2011-12-05,1746.67,1809.77,1822.7,1736.57,0.20847852,2.7894758976999996
801015,2011-12-06,1749.54,1743.4,1770.03,1724.23,0.19051421,2.6834597688999997
801015,2011-12-07,1750.18,1748.63,1772.56,1726.79,0.15994996,1.8383728843
801015,2011-12-08,1756.02,1745.24,1776.53,1712.9,0.19343648,2.6337299735
801015,2011-12-09,1726.02,1738.83,1759.13,1710.16,0.15917777,2.0678465972
801015,2011-12-12,1710.81,1725.02,1743.65,1702.55,0.12922048,1.7208243877
801015,2011-12-13,1642.58,1703.19,1715.77,1620.89,0.22436251,2.6670017625
801015,2011-12-14,1613.56,1636.17,1668.52,1593.64,0.19911972,2.6100842806
801015,2011-12-15,1594.52,1605.99,1638.15,1551.47,0.25489952,3.379245304
801015,2011-12-16,1620.87,1590.92,1627.36,1559.83,0.20918029,2.9108796381
801015,2011-12-19,1626.19,1618.01,1634.56,1580.11,0.20288045,2.7016902282
801015,2011-12-20,1614.99,1619.47,1651.82,1602.72,0.1624293,2.0367279261
801015,2011-12-21,1543.27,1626.02,1640.14,1540.29,0.24143831,2.6392751026
801015,2011-12-22,1489.28,1531.24,1540.87,1443.84,0.34307081,3.2508974656
801015,2011-12-23,1494.52,1481.29,1518.6,1466.57,0.2217291,2.2445894309
801015,2011-12-26,1515.61,1494.52,1543.46,1480.74,0.26855465,3.2520287070999996
801015,2011-12-27,1450.95,1504.18,1522.73,1444.78,0.21963752,2.8405916873000003
801015,2011-12-28,1451.31,1430.1,1471.64,1382.87,0.21874909,2.7656436836
801015,2011-12-29,1444.37,1440.95,1469.27,1432.77,0.13988155,1.562463889
801015,2011-12-30,1506.09,1454.83,1513.7,1447.17,0.18621236,2.270203906
801015,2012-01-04,1454.03,1510.36,1528.45,1449.96,0.18213035,2.2241990638
801015,2012-01-05,1383.41,1445.65,1459.99,1364.88,0.20752765,2.2084421431
801015,2012-01-06,1363.99,1379.79,1391.76,1316.55,0.24652656,2.5791775328
801015,2012-01-09,1415.3,1364.25,1421.68,1329.96,0.315924,3.1766460377
801015,2012-01-10,1485.75,1417.44,1495.73,1409.43,0.47079673,4.9302323624
801015,2012-01-11,1496.49,1483.63,1509.68,1461.68,0.35207185,3.5864917616
801015,2012-01-12,1483.95,1489.36,1513.98,1468.7,0.24229918,2.7691351774
801015,2012-01-13,1416.3,1486.33,1495.6,1402.52,0.28063917,2.7697369724
801015,2012-01-16,1360.89,1410.18,1433.83,1353.95,0.16492571,1.7731072521
801015,2012-01-17,1434.81,1355.46,1440.46,1324.09,0.33951627,3.5795202880000003
801015,2012-01-18,1366.6,1434.77,1450.64,1360.87,0.28709812,3.0753464201
801015,2012-01-19,1380.76,1367.79,1399.66,1354.5,0.18593832,1.9873412761000002
801015,2012-01-20,1419.85,1386.53,1431.43,1372.93,0.23320956,2.6695498208
801015,2012-01-30,1434.88,1425.36,1453.86,1401.24,0.22451681,2.3742604999
801015,2012-01-31,1428.02,1425.02,1439.34,1403.76,0.20273229,1.7876269107
801015,2012-02-01,1440.67,1426.14,1475.32,1414.24,0.27141173,2.8509989497
801015,2012-02-02,1474.11,1457.51,1493.08,1444.42,0.46602238,4.4826231671
801015,2012-02-03,1476.47,1473.91,1487.64,1449.74,0.45952101,4.4064250952999995
801015,2012-02-06,1488.04,1476.82,1502.42,1460.56,0.43280905,4.204316371
801015,2012-02-07,1449.52,1479.84,1482.39,1438.26,0.30382031,2.8942337485
801015,2012-02-08,1492.17,1444.4,1499.53,1437.92,0.41062707,3.8182093875
801015,2012-02-09,1512.0,1489.63,1540.3,1477.93,0.81862046,7.0396059788
801015,2012-02-10,1520.04,1507.05,1542.87,1495.19,0.77467228,6.7766937122
801015,2012-02-13,1535.27,1511.56,1555.1,1501.38,0.57574306,5.378603084500001
801015,2012-02-14,1539.1,1531.85,1552.73,1518.15,0.36611479,3.8587593076999998
801015,2012-02-15,1564.29,1536.72,1578.55,1521.34,0.53417977,5.468758457100001
801015,2012-02-16,1553.13,1572.02,1585.43,1532.46,0.46330437,4.8604754813
801015,2012-02-17,1541.9,1553.96,1565.81,1527.92,0.27100536,2.8502144294
801015,2012-02-20,1539.37,1560.47,1568.36,1524.4,0.44325454,4.7705005116
801015,2012-02-21,1541.05,1540.13,1548.13,1507.91,0.41545012,3.9762903088
801015,2012-02-22,1573.12,1544.67,1576.5,1529.41,0.62701957,6.5186184264
801015,2012-02-23,1606.8,1572.55,1633.55,1566.68,0.83745782,9.7651479064
801015,2012-02-24,1607.22,1602.97,1615.02,1583.74,0.60064915,6.7750759326
801015,2012-02-27,1606.08,1608.79,1634.96,1596.45,0.7767316,8.352423079400001
801015,2012-02-28,1624.02,1600.52,1635.92,1575.93,0.6844858,7.477292855499999
801015,2012-02-29,1603.74,1621.93,1636.39,1588.94,0.52729513,5.5941903347
801015,2012-03-01,1600.25,1593.87,1623.84,1583.4,0.47679875,4.9687214984
801015,2012-03-02,1624.16,1601.48,1629.02,1596.72,0.4263048,4.6385206687
801015,2012-03-05,1622.14,1628.84,1641.6,1609.02,0.51431235,5.6494110824
801015,2012-03-06,1586.45,1618.76,1626.85,1575.37,0.45187181,5.061850064100001
801015,2012-03-07,1573.85,1565.78,1599.07,1556.43,0.40843732,4.5762173837
801015,2012-03-08,1591.84,1583.92,1602.53,1573.05,0.35756581,3.7907262704000004
801015,2012-03-09,1619.86,1594.99,1624.33,1591.61,0.50209919,5.3829190302
801015,2012-03-12,1641.74,1622.83,1660.68,1610.03,0.59297994,6.7007242091
801015,2012-03-13,1693.89,1643.01,1708.46,1632.73,0.87495414,10.3481396472
801015,2012-03-14,1634.79,1695.31,1737.57,1620.96,1.26377672,13.8119225707
801015,2012-03-15,1645.11,1636.56,1680.38,1607.86,0.72385142,8.2223521327
801015,2012-03-16,1710.5,1646.29,1727.42,1637.44,0.88781214,10.065225009299999
801015,2012-03-19,1709.51,1712.69,1748.3,1684.95,0.77996117,8.873351875800001
801015,2012-03-20,1651.12,1700.08,1712.39,1644.18,0.53855782,6.0565013123
801015,2012-03-21,1642.96,1659.27,1672.49,1603.38,0.43319981,5.0758834784
801015,2012-03-22,1644.71,1643.8,1663.97,1615.29,0.39398363,4.1216813875
801015,2012-03-23,1624.4,1632.05,1661.34,1604.11,0.34244727,3.6572202481000002
801015,2012-03-26,1630.27,1623.34,1645.91,1611.64,0.21500692,2.2830601805
801015,2012-03-27,1584.22,1642.29,1652.86,1579.8,0.2938859,3.4577678226999997
801015,2012-03-28,1508.43,1579.14,1585.76,1493.87,0.39813538,4.2927542948
801015,2012-03-29,1492.11,1500.95,1518.01,1456.16,0.30968358,3.0901313574000002
801015,2012-03-30,1473.98,1491.22,1510.51,1456.42,0.18129048,1.8690086535
801015,2012-04-05,1525.55,1476.25,1535.39,1471.03,0.32559572,3.1777674043
801015,2012-04-06,1539.3,1522.95,1563.14,1507.37,0.34163385,3.2324987301
801015,2012-04-09,1473.48,1537.58,1549.72,1457.22,0.55937729,8.1390747033
801015,2012-04-10,1471.76,1457.6,1481.61,1414.34,0.53321074,6.2399375257
801015,2012-04-11,1464.96,1448.53,1480.11,1436.38,0.26854209,3.0853177097000004
801015,2012-04-12,1492.92,1467.87,1497.87,1456.65,0.37168471,4.1733007863
801015,2012-04-13,1509.11,1489.81,1524.94,1485.71,0.44977898,5.1602168331
801015,2012-04-16,1500.67,1501.37,1516.27,1482.88,0.35705221,4.117379494200001
801015,2012-04-17,1473.43,1504.59,1511.53,1469.97,0.28780457,2.5237242784
801015,2012-04-18,1505.68,1461.53,1513.2,1452.42,0.44978541,5.1672277134
801015,2012-04-19,1510.55,1499.05,1526.23,1485.99,0.41711992,4.4027466812
801015,2012-04-20,1534.58,1525.05,1550.58,1504.79,0.62546732,7.431045420299999
801015,2012-04-23,1520.25,1527.47,1568.79,1499.04,0.76747856,8.6292721438
801015,2012-04-24,1490.61,1510.54,1530.51,1444.75,0.56396737,6.097731695
801015,2012-04-25,1543.06,1485.38,1561.11,1473.31,0.92308945,10.8243483503
801015,2012-04-26,1522.53,1534.53,1553.96,1503.04,0.79299095,8.5720538237
801015,2012-04-27,1514.74,1532.78,1557.36,1497.72,0.29371344,2.7502060176
801015,2012-05-02,1506.45,1522.41,1537.95,1487.6,0.70443353,7.118856501000001
801015,2012-05-03,1528.15,1500.85,1543.22,1492.67,0.54894937,5.706521477999999
801015,2012-05-04,1563.08,1526.59,1576.09,1519.39,0.67057139,7.4701217198
801015,2012-05-07,1564.66,1558.59,1575.7,1536.27,0.52294224,5.591151795499999
801015,2012-05-08,1552.26,1562.21,1571.36,1538.89,0.43590137,4.6347519277
801015,2012-05-09,1522.67,1543.62,1556.55,1505.25,0.53409524,5.4627620588
801015,2012-05-10,1521.99,1514.45,1537.37,1504.13,0.33333952,3.4409800238
801015,2012-05-11,1517.55,1525.94,1545.8,1501.06,0.55715919,5.3578224318
801015,2012-05-14,1498.84,1523.85,1534.43,1491.46,0.45391596,4.9707873043
801015,2012-05-15,1508.33,1489.37,1523.92,1472.35,0.45299145,4.4342801476
801015,2012-05-16,1486.78,1504.81,1517.94,1478.43,0.33905461,3.4345882099000002
801015,2012-05-17,1504.44,1492.11,1515.54,1476.3,0.41180852,4.3184805746
801015,2012-05-18,1492.26,1497.62,1528.22,1464.82,0.54161885,5.6039916992
801015,2012-05-21,1476.67,1479.03,1514.93,1444.42,0.56492101,5.5768173913
801015,2012-05-22,1506.22,1478.9,1522.59,1471.72,0.57885907,5.9550682946
801015,2012-05-23,1492.35,1507.35,1522.07,1474.5,0.58222396,5.868230415
801015,2012-05-24,1468.09,1485.26,1509.21,1460.82,0.44517053,4.67899548
801015,2012-05-25,1449.22,1470.49,1484.15,1436.61,0.43005511,4.2485966136
801015,2012-05-28,1467.85,1439.69,1474.67,1421.01,0.45670185,4.9550402801999995
801015,2012-05-29,1488.66,1465.25,1500.69,1458.6,0.48945767,5.542377416900001
801015,2012-05-30,1491.07,1487.39,1514.96,1473.28,0.47661617,5.2692989721
801015,2012-05-31,1498.75,1486.54,1515.09,1473.71,0.43422887,5.0272816051
801015,2012-06-01,1536.28,1498.73,1549.79,1496.15,0.67729973,7.541706886699999
801015,2012-06-04,1495.88,1508.52,1541.63,1483.99,0.61058693,6.478223085
801015,2012-06-05,1487.86,1500.54,1515.66,1472.36,0.39464698,4.1783993559
801015,2012-06-06,1474.65,1493.5,1512.17,1465.78,0.3535032,3.5964451932999997
801015,2012-06-07,1463.96,1489.35,1500.92,1454.67,0.30007271,2.9828876881
801015,2012-06-08,1447.57,1478.27,1486.91,1435.8,0.39169042,4.1113732927
801015,2012-06-11,1466.68,1438.07,1470.93,1427.31,0.28168678,2.5666466123
801015,2012-06-12,1448.58,1455.39,1470.58,1437.79,0.23595972,2.1616610267
801015,2012-06-13,1496.3,1452.77,1506.19,1439.96,0.44895816,5.1142655142
801015,2012-06-14,1507.24,1491.24,1528.96,1476.71,0.4225792,5.095564706
801015,2012-06-15,1492.17,1502.21,1516.37,1474.16,0.27964002,3.3948250693
801015,2012-06-18,1506.18,1505.9,1521.85,1487.17,0.27452883,3.0338587457
801015,2012-06-19,1495.62,1502.78,1514.0,1482.67,0.24305214,2.6270464815
801015,2012-06-20,1481.3,1500.14,1510.59,1477.04,0.22233514,2.3047451751
801015,2012-06-21,1445.53,1476.83,1481.76,1437.11,0.2881803,2.7804093417
801015,2012-06-25,1421.84,1450.11,1460.81,1416.55,0.1400496,1.7002584693
801015,2012-06-26,1424.52,1412.32,1435.57,1390.8,0.25048874,2.4596691632
801015,2012-06-27,1422.58,1419.8,1449.07,1404.01,0.27735436,2.6886448120999997
801015,2012-06-28,1411.76,1424.99,1441.98,1401.0,0.30135301,2.8014316096
801015,2012-06-29,1424.24,1402.27,1431.06,1385.74,0.27598573,2.7429095627
801015,2012-07-02,1477.37,1431.63,1494.26,1423.43,0.43234916,4.889131755
801015,2012-07-03,1483.53,1473.4,1503.96,1461.75,0.48115393,5.0628147463
801015,2012-07-04,1523.66,1484.22,1544.35,1474.43,0.63065984,7.3967768012
801015,2012-07-05,1504.53,1514.85,1536.96,1490.31,0.45068699,5.2663077494
801015,2012-07-06,1538.56,1512.3,1551.45,1494.26,0.55903181,6.2315186177
801015,2012-07-09,1535.24,1532.19,1573.13,1511.19,0.51218711,6.0732421921
801015,2012-07-10,1529.62,1529.09,1569.05,1507.94,0.46838989,4.991608809100001
801015,2012-07-11,1496.15,1525.85,1539.84,1462.4,0.55664399,6.066855361699999
801015,2012-07-12,1575.57,1495.22,1590.8,1479.52,0.86216425,9.3422501594
801015,2012-07-13,1581.12,1571.78,1599.4,1551.93,0.65535733,7.1819537974
801015,2012-07-16,1559.3,1573.64,1620.83,1543.07,0.90807811,9.588331784500001
801015,2012-07-17,1578.32,1558.32,1592.99,1523.3,0.70589184,7.6198560239
801015,2012-07-18,1601.62,1572.12,1636.52,1557.43,0.77310503,9.3939237594
801015,2012-07-19,1614.8,1604.77,1645.51,1586.72,0.84576228,9.3452234051
801015,2012-07-20,1575.61,1598.47,1637.28,1546.86,1.05443292,13.2692601997
801015,2012-07-23,1566.77,1557.38,1598.46,1535.68,0.6097023,7.1302950589
801015,2012-07-24,1582.47,1554.81,1599.82,1538.34,0.5872204,6.8299235773
801015,2012-07-25,1548.05,1578.69,1594.6,1536.38,0.60089674,6.5346916691
801015,2012-07-26,1518.85,1541.22,1561.26,1507.29,0.52844998,5.5863622898
801015,2012-07-27,1498.04,1521.85,1533.96,1476.0,0.45650952,4.785218951
801015,2012-07-30,1463.83,1494.58,1509.15,1440.55,0.34358357,3.7920672067
801015,2012-07-31,1455.8,1454.96,1485.95,1427.12,0.33648614,3.5500777379
801015,2012-08-01,1473.49,1453.25,1493.4,1447.31,0.3287744,3.5249797538
801015,2012-08-02,1482.48,1470.85,1503.59,1457.14,0.33392917,3.5756142664999997
801015,2012-08-03,1506.54,1481.78,1510.57,1470.92,0.31076672,3.3419591831
801015,2012-08-06,1535.78,1502.54,1547.49,1493.1,0.37717701,4.1400247688
801015,2012-08-07,1551.47,1532.66,1560.81,1522.78,0.38636201,4.6053060858
801015,2012-08-08,1531.42,1550.14,1557.58,1515.93,0.31524775,3.4578285671
801015,2012-08-09,1555.61,1527.15,1566.34,1513.94,0.39370418,4.4350274968
801015,2012-08-10,1553.73,1553.13,1570.15,1532.33,0.36364959,3.9711990147000003
801015,2012-08-13,1533.84,1549.74,1573.76,1525.19,0.38595789,4.1575835015
801015,2012-08-14,1523.92,1528.17,1549.81,1479.98,0.48571071,4.8543261055
801015,2012-08-15,1518.47,1517.26,1537.49,1503.87,0.23073516,2.7411103064
801015,2012-08-16,1501.65,1514.11,1527.26,1490.69,0.19586033,2.07474348
801015,2012-08-17,1496.28,1501.75,1519.22,1475.8,0.2531411,2.6226753225
801015,2012-08-20,1502.8,1491.99,1510.7,1467.59,0.2317533,2.5208415661
801015,2012-08-21,1517.21,1501.69,1540.7,1494.26,0.32392219,3.334252273
801015,2012-08-22,1504.15,1513.86,1535.28,1485.47,0.36559705,4.1854467692
801015,2012-08-23,1501.55,1505.47,1519.37,1483.87,0.27633912,2.949281596
801015,2012-08-24,1471.33,1501.6,1507.15,1460.17,0.29492346,3.3456999453
801015,2012-08-27,1421.62,1467.75,1475.82,1409.7,0.23432651,2.9673443727
801015,2012-08-28,1406.54,1418.48,1443.66,1381.94,0.23100527,2.663554847
801015,2012-08-29,1380.01,1405.57,1425.22,1376.66,0.19494823,2.3677396032
801015,2012-08-30,1343.86,1378.52,1393.24,1314.84,0.23937409,2.6123431011
801015,2012-08-31,1348.19,1338.35,1360.09,1326.49,0.18777082,1.8347327961000002
801015,2012-09-03,1388.52,1350.16,1401.86,1344.56,0.24611476,2.8005415663999997
801015,2012-09-04,1384.33,1390.15,1416.85,1370.54,0.26768709,2.9695842477
801015,2012-09-05,1388.67,1381.54,1399.84,1370.67,0.15635717,1.6056439233000002
801015,2012-09-06,1399.23,1394.0,1410.99,1383.85,0.16515655,1.7146456929
801015,2012-09-07,1445.31,1411.05,1462.67,1400.47,0.47322979,5.025975428
801015,2012-09-10,1458.64,1450.14,1477.13,1438.51,0.48275887,5.1115326707
801015,2012-09-11,1449.82,1458.03,1469.25,1434.16,0.4160206,4.4652635244
801015,2012-09-12,1465.62,1455.84,1479.06,1442.88,0.4136055,5.4447141475
801015,2012-09-13,1439.83,1463.9,1479.11,1436.11,0.40345989,5.2615611298000005
801015,2012-09-14,1424.95,1449.61,1459.66,1407.22,0.434026,5.81875743
801015,2012-09-17,1399.7,1423.14,1443.88,1394.57,0.44798326,5.156164184800001
801015,2012-09-18,1394.45,1396.86,1416.21,1380.18,0.31459902,3.6354919723
801015,2012-09-19,1415.92,1395.51,1424.66,1384.82,0.38764064,4.6477090611000005
801015,2012-09-20,1378.81,1414.23,1424.74,1362.28,0.49000821,5.7005911489
801015,2012-09-21,1383.04,1374.46,1405.81,1347.01,0.58299961,6.0502348599
801015,2012-09-24,1383.13,1372.41,1393.0,1346.83,0.3206362,3.4016491502
801015,2012-09-25,1371.78,1376.04,1396.08,1359.86,0.27094246,3.1649577733
801015,2012-09-26,1317.84,1368.0,1376.1,1304.03,0.3937866,4.0235882469
801015,2012-09-27,1351.34,1314.42,1361.93,1296.53,0.42179286,4.5853268752
801015,2012-09-28,1383.5,1348.14,1389.59,1338.93,0.44652871,5.1423640874
801015,2012-10-08,1379.16,1380.61,1401.03,1367.04,0.32015376,3.743556793
801015,2012-10-09,1407.98,1383.07,1414.89,1377.55,0.44878105,5.2347625392
801015,2012-10-10,1432.37,1404.35,1440.35,1399.28,0.55567838,6.4109160438999995
801015,2012-10-11,1421.06,1431.29,1445.73,1407.78,0.52320521,6.070699417899999
801015,2012-10-12,1421.76,1421.11,1438.89,1397.0,0.4057676,4.8500066471
801015,2012-10-15,1417.97,1424.1,1444.02,1393.61,0.51387196,5.5188858524
801015,2012-10-16,1445.38,1417.9,1465.31,1405.67,0.6500885,7.0616218041
801015,2012-10-17,1444.99,1469.32,1502.85,1432.41,0.87458667,9.7759003519
801015,2012-10-18,1444.57,1436.96,1457.94,1417.17,0.5987979,6.3128028801
801015,2012-10-19,1436.55,1442.61,1455.89,1423.41,0.32559572,3.3736847722000003
801015,2012-10-22,1446.33,1431.75,1453.74,1421.26,0.2900854,3.0570596952
801015,2012-10-23,1435.06,1447.99,1461.85,1431.64,0.28524285,3.1582446487
801015,2012-10-24,1405.76,1422.78,1429.41,1393.41,0.28675673,2.9956594996
801015,2012-10-25,1391.47,1409.16,1423.54,1385.78,0.29187381,3.057552757
801015,2012-10-26,1361.33,1387.15,1399.41,1341.24,0.34027835,3.395263262
801015,2012-10-29,1370.35,1360.22,1379.17,1345.24,0.17515927,1.8285266358
801015,2012-10-30,1371.53,1367.15,1382.92,1359.48,0.16821291,1.7731879761000002
801015,2012-10-31,1372.48,1370.4,1381.89,1351.57,0.20586161,2.1890647919
801015,2012-11-01,1396.99,1375.55,1404.64,1362.32,0.38113502,4.1725244874000005
801015,2012-11-02,1395.57,1394.27,1409.98,1380.99,0.28466783,3.0842907688
801015,2012-11-05,1380.64,1394.64,1406.25,1371.76,0.26738036,2.7491948202999996
801015,2012-11-06,1415.74,1380.83,1424.33,1354.79,0.41196811,4.9635384058
801015,2012-11-07,1422.19,1424.3,1463.04,1401.44,0.57976815,7.636022764500001
801015,2012-11-08,1385.66,1400.2,1420.19,1370.68,0.4187577,5.1293662008
801015,2012-11-09,1391.18,1378.89,1420.28,1367.22,0.41520866,4.6908689318
801015,2012-11-12,1410.58,1391.01,1429.1,1373.52,0.57703986,6.3306869703999995
801015,2012-11-13,1372.61,1403.64,1409.67,1361.29,0.39970209,4.3258712376999995
801015,2012-11-14,1373.81,1370.08,1391.83,1346.94,0.35529007,3.6899626622
801015,2012-11-15,1345.66,1368.33,1377.81,1340.51,0.2738164,3.0135433985000004
801015,2012-11-16,1335.64,1341.43,1356.83,1316.91,0.26047381,2.7671583704000002
801015,2012-11-19,1338.31,1335.82,1350.63,1312.43,0.23465941,2.6393741616999997
801015,2012-11-20,1345.67,1344.58,1361.69,1325.58,0.30721742,3.2156797492
801015,2012-11-21,1354.63,1345.1,1364.82,1319.62,0.29692967,3.116381898
801015,2012-11-22,1341.54,1343.97,1365.44,1330.37,0.33536436,3.4816833314999998
801015,2012-11-23,1360.61,1345.32,1374.37,1338.1,0.48169886,4.3159229739
801015,2012-11-26,1336.06,1358.28,1376.63,1321.31,0.55113756,4.6104335525
801015,2012-11-27,1242.31,1326.5,1333.01,1228.45,0.552744,5.1863805498
801015,2012-11-28,1206.77,1235.5,1243.26,1173.04,0.48384496,3.9818261197000004
801015,2012-11-29,1177.49,1203.14,1219.69,1168.73,0.37087291,2.9740179162000002
801015,2012-11-30,1160.15,1173.2,1189.99,1128.4,0.40393727,3.4553828535
801015,2012-12-03,1105.59,1154.49,1172.09,1099.49,0.42326322,3.3899131024
801015,2012-12-04,1122.64,1100.9,1131.91,1064.44,0.46920039,3.7911396254
801015,2012-12-05,1157.02,1117.16,1182.45,1104.87,0.58338231,5.196624497
801015,2012-12-06,1156.32,1156.82,1180.64,1142.83,0.42511452,3.6021991734
801015,2012-12-07,1204.98,1156.73,1218.33,1149.16,0.75535227,6.4127703078
801015,2012-12-10,1231.8,1212.41,1251.15,1204.37,0.71642128,6.3520913814
801015,2012-12-11,1223.03,1232.07,1246.94,1214.59,0.48666963,4.3546362256
801015,2012-12-12,1224.77,1222.77,1242.57,1195.0,0.56464056,4.917379681
801015,2012-12-13,1207.62,1217.59,1233.5,1200.17,0.41346213,3.5949498004000002
801015,2012-12-14,1268.57,1207.17,1273.96,1204.05,0.75179557,7.0501789776
801015,2012-12-17,1290.24,1269.04,1299.61,1251.48,0.93163613,7.8342817164
801015,2012-12-18,1281.26,1289.03,1312.4,1267.04,0.83018414,7.396755720700001
801015,2012-12-19,1290.81,1279.55,1315.54,1260.81,0.78784947,6.5721912111
801015,2012-12-20,1286.34,1277.63,1298.46,1261.4,0.69902729,6.1803069062
801015,2012-12-21,1301.1,1288.12,1334.2,1277.43,0.77702961,7.9700436867999995
801015,2012-12-24,1312.25,1300.79,1340.32,1278.72,0.94236818,9.7259736711
801015,2012-12-25,1339.23,1307.04,1351.84,1289.16,1.27485164,13.0741532069
801015,2012-12-26,1365.65,1332.84,1377.54,1323.12,0.98799641,10.8405278649
801015,2012-12-27,1330.07,1363.59,1372.18,1324.48,0.69494359,8.2935769211
801015,2012-12-28,1338.22,1325.05,1346.36,1307.92,0.55973644,7.6978607926
801015,2012-12-31,1337.26,1335.89,1348.33,1324.2,0.52680964,6.4658456483
801015,2013-01-04,1322.79,1347.79,1356.73,1310.22,0.61451843,6.621441154199999
801015,2013-01-07,1351.05,1322.58,1354.77,1311.26,0.57429502,6.627520341
801015,2013-01-08,1394.91,1350.26,1415.24,1338.53,1.03557455,11.488037006199999
801015,2013-01-09,1415.67,1393.29,1444.35,1375.01,1.05100994,11.7601521947
801015,2013-01-10,1412.98,1413.55,1431.84,1390.55,0.63667078,7.4753906986
801015,2013-01-11,1379.27,1419.75,1431.14,1372.54,0.63484826,7.603997759199999
801015,2013-01-14,1427.76,1373.72,1433.48,1367.64,0.67457875,8.1071227282
801015,2013-01-15,1480.57,1430.62,1506.84,1418.82,1.01835033,12.8655229066
801015,2013-01-16,1485.95,1480.27,1510.92,1445.63,0.86274952,10.6512321827
801015,2013-01-17,1428.9,1459.03,1464.42,1411.68,0.65901345,7.7077658383
801015,2013-01-18,1446.33,1434.58,1447.13,1421.46,0.6519689,6.9195813741
801015,2013-01-21,1453.29,1454.01,1456.78,1444.18,0.59456385,7.6431032420000005
801015,2013-01-22,1425.12,1452.96,1452.96,1403.24,0.71928541,8.0903013584
801015,2013-01-23,1407.57,1413.75,1415.35,1384.02,0.50018356,5.425554332999999
801015,2013-01-24,1360.43,1407.01,1421.46,1352.84,0.63266236,6.8725912248
801015,2013-01-25,1355.23,1358.31,1366.94,1349.81,0.36534307,3.7735515267000004
801015,2013-01-28,1391.77,1362.79,1391.77,1362.79,0.47451079,5.4584590612
801015,2013-01-29,1400.12,1393.22,1402.54,1385.12,0.45921882,5.5729016837
801015,2013-01-30,1379.21,1400.71,1401.15,1368.99,0.48014969,5.216039679
801015,2013-01-31,1370.32,1378.39,1379.62,1360.86,0.47972816,4.7763412324
801015,2013-02-01,1397.39,1377.67,1411.63,1372.1,0.70698385,7.7522571183
801015,2013-02-04,1367.97,1395.22,1396.25,1364.06,0.55520384,5.9735848738
801015,2013-02-05,1399.05,1362.57,1403.07,1362.57,0.71745729,7.4445052762
801015,2013-02-06,1407.97,1397.16,1412.35,1397.08,0.59246326,6.2194535990999995
801015,2013-02-07,1406.4,1411.5,1411.5,1395.22,0.73748329,7.368875018300001
801015,2013-02-08,1412.42,1406.3,1415.85,1401.15,0.51539766,5.4146513904999996
801015,2013-02-18,1430.84,1416.99,1434.6,1416.99,0.65717751,6.6153353171000004
801015,2013-02-19,1399.51,1429.59,1431.04,1394.22,0.53939778,5.6518181390999995
801015,2013-02-20,1414.61,1398.85,1414.61,1386.45,0.47261339,4.8042222592
801015,2013-02-21,1377.49,1404.41,1404.76,1368.24,0.68570316,6.9635249899
801015,2013-02-22,1376.46,1370.37,1389.14,1370.37,0.60799119,6.104717731
801015,2013-02-25,1382.72,1372.69,1389.38,1371.95,0.5040575,5.1712721735
801015,2013-02-26,1342.77,1377.47,1387.04,1342.77,0.54335477,5.7242095924
801015,2013-02-27,1337.72,1345.33,1361.23,1326.91,0.44086206,4.2902789238
801015,2013-02-28,1366.17,1341.91,1366.25,1339.36,0.45522136,5.0688632089
801015,2013-03-01,1377.81,1366.62,1378.02,1360.29,0.44534567,5.100372548399999
801015,2013-03-04,1357.55,1372.83,1383.93,1345.41,0.57423005,6.1257332015
801015,2013-03-05,1382.4,1358.74,1382.75,1358.26,0.45460115,4.7965622519
801015,2013-03-06,1387.44,1384.81,1390.86,1377.66,0.52477034,5.5349455254999995
801015,2013-03-07,1374.0,1388.42,1397.35,1362.75,0.53564836,5.6521670004999995
801015,2013-03-08,1373.12,1373.12,1388.86,1370.55,0.5265368,5.0232149262
801015,2013-03-11,1367.47,1373.2,1378.21,1364.22,0.48345385,4.6089526088
801015,2013-03-12,1319.46,1365.99,1368.77,1305.88,0.5949658,6.097046204600001
801015,2013-03-13,1290.79,1316.62,1316.91,1272.27,0.38414151,4.1215566508
801015,2013-03-14,1290.81,1287.38,1300.19,1284.41,0.24167284,2.3670108302
801015,2013-03-15,1287.85,1292.85,1308.31,1280.92,0.3281199,3.2613156666000003
801015,2013-03-18,1267.36,1286.63,1287.69,1264.97,0.25271746,2.3250762483000003
801015,2013-03-19,1277.42,1270.19,1277.65,1252.0,0.29660306,2.7858151439
801015,2013-03-20,1305.73,1278.91,1305.99,1274.68,0.3515532,3.4108939873
801015,2013-03-21,1312.54,1305.99,1323.31,1304.58,0.34915331,3.5823466789999996
801015,2013-03-22,1303.19,1312.9,1317.08,1298.58,0.31010226,3.214329585
801015,2013-03-25,1312.48,1303.79,1318.98,1296.45,0.51060005,4.3051128938
801015,2013-03-26,1302.28,1306.98,1307.28,1288.97,0.46357753,4.2476586496
801015,2013-03-27,1300.11,1297.85,1312.24,1292.75,0.48681851,4.4880970314
801015,2013-03-28,1273.17,1292.94,1292.94,1267.8,0.73507473,6.250560994700001
801015,2013-03-29,1322.36,1276.35,1327.49,1275.17,1.06738492,9.5464667645
801015,2013-04-01,1350.56,1317.34,1355.25,1312.76,1.3063915,11.928682138
801015,2013-04-02,1345.8,1349.51,1361.19,1342.96,0.59006348,6.891018926699999
801015,2013-04-03,1310.38,1337.45,1339.31,1309.12,1.02319511,9.0362122467
801015,2013-04-08,1384.63,1304.84,1384.71,1300.89,1.48208402,13.554893928699999
801015,2013-04-09,1367.95,1375.7,1378.49,1358.22,1.0957252,10.4973704594
801015,2013-04-10,1347.15,1360.36,1362.13,1339.94,0.96475128,8.5439438591
801015,2013-04-11,1351.13,1342.92,1363.88,1341.84,1.13788742,10.027996725
801015,2013-04-12,1323.67,1338.2,1338.58,1321.54,0.84365892,7.2248290026
801015,2013-04-15,1326.47,1325.44,1355.01,1323.81,0.70187216,6.3858602802
801015,2013-04-16,1302.06,1304.07,1308.28,1280.96,0.78406648,6.7605863065
801015,2013-04-17,1308.59,1298.92,1311.97,1293.2,0.6525932,5.5058032313
801015,2013-04-18,1295.92,1300.72,1305.91,1290.08,0.55716503,4.7593240025
801015,2013-04-19,1318.05,1291.07,1320.44,1291.07,0.65716737,6.0713650633
801015,2013-04-22,1312.5,1302.56,1312.62,1301.17,0.74577025,7.0706272124
801015,2013-04-23,1282.83,1309.86,1311.27,1278.63,0.66198716,6.393849478099999
801015,2013-04-24,1312.98,1281.85,1312.98,1272.36,1.06120825,9.4147620498
801015,2013-04-25,1290.21,1312.37,1312.86,1283.89,1.15333206,10.6251564919
801015,2013-04-26,1249.06,1282.93,1287.59,1244.02,0.86250807,8.091231057
801015,2013-05-02,1240.68,1241.86,1244.86,1227.73,0.5037896,4.4602606748
801015,2013-05-03,1256.49,1244.53,1264.12,1244.21,0.60700613,5.2361534699000005
801015,2013-05-06,1266.24,1258.09,1268.04,1253.36,0.61340459,5.4182107652
801015,2013-05-07,1262.25,1264.25,1267.27,1254.29,0.49832594,4.3322497205
801015,2013-05-08,1268.85,1265.56,1273.58,1258.43,0.49467752,4.2646105771
801015,2013-05-09,1249.37,1265.73,1266.48,1242.46,0.55192775,4.9483070914
801015,2013-05-10,1252.84,1250.32,1262.2,1243.44,0.50391809,4.3421877388
801015,2013-05-13,1253.82,1249.19,1256.93,1243.36,0.35618267,3.2733804868000003
801015,2013-05-14,1253.03,1255.46,1258.57,1237.82,0.44003892,3.8451463258999996
801015,2013-05-15,1250.23,1248.66,1257.72,1245.64,0.41132083,3.6062152737
801015,2013-05-16,1256.71,1249.44,1258.27,1240.17,0.46722071,4.3027662236
801015,2013-05-17,1273.53,1256.66,1273.53,1256.04,0.50669302,4.7723125804
801015,2013-05-20,1309.51,1275.33,1311.99,1275.33,0.71694836,7.138863634600001
801015,2013-05-21,1309.62,1312.27,1312.27,1294.85,0.61667734,5.9611273627
801015,2013-05-22,1313.45,1308.87,1324.66,1303.83,0.66391255,6.4672944776
801015,2013-05-23,1294.18,1307.74,1318.52,1292.85,0.51841094,5.2048902255
801015,2013-05-24,1310.6,1295.06,1315.9,1294.55,0.47157284,4.4577125199
801015,2013-05-27,1331.39,1310.72,1331.39,1308.96,0.58051616,5.8583043883000006
801015,2013-05-28,1334.95,1338.16,1341.02,1322.91,0.60997215,6.094849872
801015,2013-05-29,1326.02,1335.11,1341.5,1324.71,0.49725324,4.778021369
801015,2013-05-30,1316.93,1322.11,1323.67,1312.46,0.49034878,4.719007152
801015,2013-05-31,1304.17,1315.01,1320.97,1303.65,0.47779563,4.6505365567000005
801015,2013-06-03,1300.29,1303.74,1309.15,1297.4,0.46857698,4.3368283372
801015,2013-06-04,1272.98,1298.71,1299.77,1266.06,0.44816801,4.3081939404
801015,2013-06-05,1276.21,1266.96,1276.52,1265.69,0.27855128,2.6402893500999998
801015,2013-06-06,1254.71,1271.48,1276.07,1253.67,0.29368041,2.6955249027
801015,2013-06-07,1220.98,1254.66,1259.12,1215.67,0.29996612,2.8477889798000002
801015,2013-06-13,1169.51,1212.46,1212.5,1151.61,0.28309425,2.5000938993
801015,2013-06-14,1180.44,1171.68,1185.02,1171.68,0.22345731,2.0014471471
801015,2013-06-17,1171.65,1180.37,1184.47,1168.25,0.22856138,2.0789794555000003
801015,2013-06-18,1182.27,1171.87,1182.96,1168.96,0.18189014,1.6307798346
801015,2013-06-19,1172.13,1181.35,1181.35,1154.14,0.24404761,2.1006884652
801015,2013-06-20,1128.69,1165.98,1166.16,1126.77,0.26738889,2.3464443647
801015,2013-06-21,1118.81,1111.3,1125.4,1093.95,0.19107085,1.6559284418
801015,2013-06-24,1041.72,1115.99,1116.62,1029.34,0.32830261,2.6023719638
801015,2013-06-25,1058.67,1036.24,1058.67,966.89,0.49629943,3.6163343608
801015,2013-06-26,1061.78,1059.7,1072.54,1043.66,0.3328413,2.4991630567
801015,2013-06-27,1045.81,1062.65,1068.43,1038.48,0.34010378,2.6712741125
801015,2013-06-28,1045.93,1044.86,1061.15,1029.6,0.26429806,1.9347534298
801015,2013-07-01,1049.54,1042.57,1050.9,1030.59,0.19813604,1.5501543087
801015,2013-07-02,1067.46,1048.64,1067.46,1045.8,0.31025576,2.3663578706
801015,2013-07-03,1053.16,1062.95,1063.44,1035.19,0.29063232,2.2313413479
801015,2013-07-04,1062.28,1049.38,1070.86,1041.28,0.33277353,2.6297253384
801015,2013-07-05,1055.27,1059.72,1069.87,1053.63,0.25812191,1.9950993444
801015,2013-07-08,1003.32,1044.08,1044.34,1003.08,0.26976739,2.0015113047
801015,2013-07-09,998.68,1003.18,1011.87,994.17,0.18749557,1.4582091531999999
801015,2013-07-10,1024.16,999.0,1024.62,994.87,0.24253041,1.7892245406
801015,2013-07-11,1050.5,1023.5,1062.03,1019.14,0.43567683,3.2194039296
801015,2013-07-12,1043.57,1053.44,1061.42,1042.65,0.33407341,2.5546971819
801015,2013-07-15,1064.41,1051.76,1070.37,1050.83,0.41003472,3.0452320567
801015,2013-07-16,1084.98,1067.66,1085.27,1064.18,0.38190749,3.0812160385
801015,2013-07-17,1058.42,1082.8,1083.0,1057.82,0.31247159,2.4817465805000003
801015,2013-07-18,1044.88,1059.04,1059.32,1042.15,0.24819908,1.9312059113999998
801015,2013-07-19,1023.5,1046.34,1054.32,1022.43,0.36607214,2.7202083283999996
801015,2013-07-22,1034.72,1016.45,1034.98,1009.66,0.22460478,1.6884488441
801015,2013-07-23,1054.78,1036.99,1057.21,1034.43,0.31584227,2.3592256308
801015,2013-07-24,1046.07,1052.35,1057.02,1036.59,0.28777714,2.1854122677000003
801015,2013-07-25,1051.4,1047.73,1060.33,1041.2,0.38436027,2.8136210917
801015,2013-07-26,1036.7,1045.46,1047.93,1030.45,0.29020334,2.1402636041
801015,2013-07-29,1012.46,1031.04,1032.06,1011.9,0.23647437,1.7903814291999998
801015,2013-07-30,1017.93,1016.61,1024.96,1001.9,0.22095113,1.6593593353
801015,2013-07-31,1037.2,1020.38,1037.58,1019.55,0.3124514,2.2376688701
801015,2013-08-01,1064.41,1064.35,1072.99,1059.58,0.58813696,4.624412245
801015,2013-08-02,1062.41,1059.6,1074.88,1059.6,0.39576974,3.2167329951
801015,2013-08-05,1110.62,1063.12,1110.62,1062.24,0.57043028,4.9109704015
801015,2013-08-06,1133.75,1111.76,1134.61,1102.95,0.84411705,7.5477731478
801015,2013-08-07,1110.49,1126.33,1129.44,1106.99,0.55200572,4.6605545196
801015,2013-08-08,1112.04,1105.54,1118.95,1105.38,0.36788895,3.1608980107
801015,2013-08-09,1107.21,1110.59,1120.13,1091.89,0.3751855,3.0635325766
801015,2013-08-12,1129.85,1107.99,1131.51,1102.82,0.64068778,4.7794746493
801015,2013-08-13,1140.84,1127.89,1146.95,1123.01,0.5674444,4.7058224348
801015,2013-08-14,1120.6,1138.3,1141.63,1117.35,0.44337788,3.5865991518
801015,2013-08-15,1097.67,1116.65,1123.32,1096.55,0.4814915,3.8632766132
801015,2013-08-16,1075.03,1095.36,1118.61,1075.03,0.40547898,3.2228469394999997
801015,2013-08-19,1116.94,1080.8,1119.4,1080.8,0.42716795,3.5792337155
801015,2013-08-20,1153.0,1117.74,1155.42,1114.42,1.04354633,8.1944930398
801015,2013-08-21,1181.65,1144.91,1189.8,1140.4,1.16068246,9.140109022799999
801015,2013-08-22,1169.33,1176.42,1202.37,1168.78,0.86881183,7.4911304076
801015,2013-08-23,1229.17,1169.1,1229.17,1167.01,1.34282995,11.7596696672
801015,2013-08-26,1242.73,1228.94,1249.1,1218.32,1.07340096,10.1481329023
801015,2013-08-27,1243.04,1244.04,1244.04,1229.69,0.76429399,7.4904877869
801015,2013-08-28,1211.97,1227.47,1229.39,1210.94,0.7435609,6.7072270534000005
801015,2013-08-29,1227.89,1206.33,1227.89,1204.33,0.69065282,5.8091553644000005
801015,2013-08-30,1184.95,1221.01,1221.08,1181.48,0.71269347,6.1488860493
801015,2013-09-02,1215.98,1189.61,1226.51,1174.07,0.76830918,6.6278524176
801015,2013-09-03,1239.69,1211.15,1251.19,1208.84,0.93730372,8.2828894028
801015,2013-09-04,1218.45,1238.95,1238.95,1213.11,0.67162599,5.650249795800001
801015,2013-09-05,1198.12,1212.6,1212.6,1194.67,0.43856163,3.7377663683
801015,2013-09-06,1228.89,1195.42,1234.98,1195.42,0.73810142,6.3056464655
801015,2013-09-09,1236.17,1224.7,1243.96,1221.94,0.69750296,6.2519273749
801015,2013-09-10,1251.3,1246.26,1256.34,1238.52,0.83467984,7.6638211756
801015,2013-09-11,1243.24,1249.83,1258.14,1222.86,0.77891062,6.7058886853
801015,2013-09-12,1239.04,1240.08,1248.55,1233.64,0.51104332,4.4984526265
801015,2013-09-13,1236.91,1238.47,1247.24,1234.27,0.42290151,3.8972341244999997
801015,2013-09-16,1247.76,1240.98,1247.86,1236.35,0.4292055,4.4461850558
801015,2013-09-17,1202.32,1245.57,1245.97,1200.1,0.48331671,4.4112608229
801015,2013-09-18,1203.27,1203.1,1208.64,1193.0,0.23999731,2.1496793427000003
801015,2013-09-23,1225.91,1206.04,1226.02,1202.11,0.39457841,3.5779869688
801015,2013-09-24,1204.88,1228.47,1228.47,1196.02,0.47319225,4.3772879887
801015,2013-09-25,1201.98,1204.7,1209.88,1199.37,0.43355099,3.6964205343
801015,2013-09-26,1180.79,1200.81,1204.44,1180.08,0.44528756,3.6670980124
801015,2013-09-27,1169.09,1179.59,1184.03,1167.29,0.33958524,2.7630406118
801015,2013-09-30,1181.06,1170.15,1183.03,1169.98,0.25251112,2.1344074635
801015,2013-10-08,1209.44,1180.71,1209.47,1178.5,0.39704593,3.4450964194
801015,2013-10-09,1213.89,1209.01,1214.66,1197.15,0.45918037,3.7763417839
801015,2013-10-10,1197.01,1213.18,1213.18,1187.58,0.56323474,4.8522319937
801015,2013-10-11,1215.59,1199.21,1217.08,1199.21,0.54416277,4.9979840352
801015,2013-10-14,1250.34,1216.34,1250.34,1215.1,0.87413389,8.049140575
801015,2013-10-15,1351.8,1325.18,1363.68,1325.18,1.63252148,16.5037981057
801015,2013-10-16,1391.47,1362.34,1432.45,1353.51,2.76998967,27.8410513856
801015,2013-10-17,1354.85,1364.88,1391.48,1338.27,2.11969519,20.5204088281
801015,2013-10-18,1314.75,1337.95,1337.95,1307.28,1.07625798,10.1250019691
801015,2013-10-21,1345.71,1316.89,1348.7,1298.91,1.20187977,11.0171158934
801015,2013-10-22,1361.82,1336.21,1391.81,1328.3,1.42458643,14.062067926900001
801015,2013-10-23,1291.14,1354.26,1355.22,1285.64,1.12523855,10.1438344324
801015,2013-10-24,1291.99,1285.88,1296.86,1271.65,0.6094239,5.5430186258
801015,2013-10-25,1263.43,1293.32,1293.32,1251.29,0.53664648,4.9047200902
801015,2013-10-28,1310.94,1274.74,1319.87,1274.74,0.84705822,8.5866107668
801015,2013-10-29,1264.82,1305.78,1313.85,1219.97,0.89940726,8.9279656873
801015,2013-10-30,1265.77,1255.95,1265.82,1235.39,0.59779876,5.7411703043
801015,2013-10-31,1225.67,1261.37,1261.37,1225.17,0.55416302,5.1829464185
801015,2013-11-01,1201.01,1213.12,1214.94,1191.04,0.4393723,3.7514278613
801015,2013-11-04,1213.81,1209.16,1226.03,1205.89,0.31983944,2.8560031871
801015,2013-11-05,1243.94,1213.67,1246.54,1200.08,0.52418253,4.7163343978
801015,2013-11-06,1258.45,1240.63,1276.02,1232.35,0.79469836,7.252803892699999
801015,2013-11-07,1231.9,1250.31,1271.13,1229.64,0.58495729,5.3302942627
801015,2013-11-08,1199.92,1216.59,1216.59,1183.76,0.49619487,4.4659452656
801015,2013-11-11,1206.5,1199.49,1216.78,1195.49,0.33290651,3.0074564656000002
801015,2013-11-12,1203.22,1201.61,1206.78,1183.52,0.38766048,3.6556102886
801015,2013-11-13,1197.27,1199.25,1230.55,1188.97,0.53851817,5.2487851302
801015,2013-11-14,1211.76,1191.63,1215.33,1189.83,0.43916469,4.8059031717
801015,2013-11-15,1241.35,1210.13,1247.47,1210.13,0.70215165,7.716273069600001
801015,2013-11-18,1277.7,1257.41,1279.93,1247.27,0.96482663,9.6426609727
801015,2013-11-19,1305.22,1278.91,1333.6,1265.37,1.11371655,11.1466921942
801015,2013-11-20,1307.75,1304.26,1310.86,1283.32,0.74531993,7.9172184349
801015,2013-11-21,1311.1,1301.12,1323.29,1291.4,0.72585002,7.4637693482000005
801015,2013-11-22,1283.75,1313.22,1327.02,1282.78,0.65242791,6.9218695730999995
801015,2013-11-25,1294.81,1283.59,1310.84,1277.35,0.57006035,6.3724115266
801015,2013-11-26,1289.37,1298.05,1305.65,1282.3,0.4974498,5.485456157000001
801015,2013-11-27,1295.54,1288.71,1304.28,1287.6,0.46000176,4.7624405938
801015,2013-11-28,1309.06,1300.03,1326.16,1297.59,0.58386583,6.359563799299999
801015,2013-11-29,1311.03,1309.27,1321.14,1308.91,0.58666857,7.0224559113
801015,2013-12-02,1230.8,1282.06,1293.01,1229.22,0.68547189,6.805067131
801015,2013-12-03,1254.82,1219.7,1259.38,1215.15,0.37295464,3.9021101444
801015,2013-12-04,1284.76,1258.31,1304.34,1258.21,0.57958878,6.0535045133
801015,2013-12-05,1304.1,1287.24,1319.2,1284.31,0.68746841,6.427463060599999
801015,2013-12-06,1301.59,1295.19,1306.24,1292.67,0.40118342,4.1318786269
801015,2013-12-09,1323.96,1307.94,1325.47,1305.23,0.62403404,6.4562694712
801015,2013-12-10,1315.47,1329.08,1333.92,1311.08,0.55224498,7.1803069685
801015,2013-12-11,1312.02,1308.31,1312.02,1291.57,0.55034555,7.0348589059
801015,2013-12-12,1308.73,1310.16,1320.12,1301.39,0.39980859,5.2453051401
801015,2013-12-13,1312.01,1299.77,1314.7,1295.2,0.61281364,6.9916934874
801015,2013-12-16,1276.79,1310.12,1317.31,1276.41,0.50925102,5.648106015700001
801015,2013-12-17,1259.9,1280.84,1285.08,1257.54,0.34750809,3.7951992032
801015,2013-12-18,1264.26,1260.02,1272.06,1256.9,0.27254672,3.2453206735
801015,2013-12-19,1255.78,1273.59,1284.14,1255.62,0.34351058,3.4648016977999996
801015,2013-12-20,1236.31,1252.78,1256.73,1232.55,0.2784418,2.7562090158999997
801015,2013-12-23,1237.61,1238.6,1243.51,1219.43,0.31360475,3.0905352397000003
801015,2013-12-24,1243.22,1243.54,1253.6,1231.29,0.28058516,2.8987052441000003
801015,2013-12-25,1252.56,1245.18,1252.56,1237.37,0.30122004,3.3783108622
801015,2013-12-26,1221.88,1254.36,1254.76,1217.25,0.34386635,3.801229202
801015,2013-12-27,1236.79,1220.13,1241.26,1218.99,0.29913056,3.3592419659
801015,2013-12-30,1243.65,1241.69,1251.3,1240.03,0.34287941,3.4582967766
801015,2013-12-31,1242.39,1239.0,1244.31,1228.72,0.31533768,3.4814849885
801015,2014-01-02,1262.43,1242.21,1265.23,1237.15,0.42619761,4.2003003031
801015,2014-01-03,1248.29,1258.64,1258.64,1235.49,0.52705897,5.1794178669
801015,2014-01-06,1193.69,1242.83,1243.62,1191.67,0.43047507,4.2674958199
801015,2014-01-07,1196.76,1187.82,1204.1,1186.78,0.28562801,2.5843814809
801015,2014-01-08,1187.6,1196.62,1207.92,1184.61,0.34635336,3.2247738116000004
801015,2014-01-09,1167.81,1187.27,1196.92,1166.53,0.4184625,3.8758484255
801015,2014-01-10,1136.94,1161.36,1165.61,1128.89,0.4663388,3.8737162647
801015,2014-01-13,1130.46,1138.31,1144.19,1121.12,0.28016958,2.4499854153
801015,2014-01-14,1155.05,1130.33,1157.85,1123.65,0.28864384,2.4835340667
801015,2014-01-15,1158.94,1154.17,1159.24,1142.84,0.26913603,2.3775693708000003
801015,2014-01-16,1156.74,1162.26,1164.87,1153.43,0.28352359,2.4621639088
801015,2014-01-17,1144.57,1158.86,1161.83,1143.98,0.23521451,2.1315650278000002
801015,2014-01-20,1141.81,1151.76,1156.91,1134.88,0.23840867,2.1785337455000002
801015,2014-01-21,1152.46,1141.82,1156.74,1141.25,0.30830064,2.5014926322999997
801015,2014-01-22,1178.63,1154.92,1178.7,1149.57,0.41389273,3.5970016268
801015,2014-01-23,1188.39,1178.56,1198.26,1175.92,0.4567999,4.3560542579
801015,2014-01-24,1207.24,1186.59,1209.71,1185.94,0.54451429,5.1861204521
801015,2014-01-27,1193.67,1203.01,1204.69,1189.21,0.35680465,3.3312218402999996
801015,2014-01-28,1205.38,1192.9,1208.41,1182.46,0.37612102,3.4961014322
801015,2014-01-29,1205.71,1208.17,1209.51,1199.04,0.30614632,3.0787809397
801015,2014-01-30,1187.17,1204.14,1205.33,1186.4,0.2805677,2.6324656159999997
801015,2014-02-07,1202.36,1183.28,1202.58,1175.4,0.25036826,2.3790592487
801015,2014-02-10,1233.56,1201.22,1235.45,1201.22,0.57970518,5.7044860013
801015,2014-02-11,1244.2,1229.69,1250.23,1224.25,0.70853166,6.9487055033
801015,2014-02-12,1268.94,1243.22,1268.94,1243.13,0.76851791,7.6280543862
801015,2014-02-13,1239.32,1264.27,1268.08,1239.09,0.59467583,6.154986460499999
801015,2014-02-14,1264.32,1242.21,1264.41,1241.5,0.53581532,5.6894466759
801015,2014-02-17,1277.32,1269.81,1279.39,1258.48,0.63604205,6.7533743262
801015,2014-02-18,1268.46,1276.96,1280.39,1265.03,0.6334709,6.9964575483
801015,2014-02-19,1265.39,1264.78,1272.63,1254.02,0.56216557,5.6491912888
801015,2014-02-20,1247.54,1265.85,1267.42,1239.49,0.57334143,5.1767298555000005
801015,2014-02-21,1243.3,1239.6,1251.77,1229.15,0.6626579,5.6212083883
801015,2014-02-24,1238.96,1237.9,1240.55,1223.41,0.57567565,4.8721659837999995
801015,2014-02-25,1190.56,1235.46,1250.78,1188.41,0.6282299,5.5465014822
801015,2014-02-26,1198.42,1185.45,1198.61,1168.89,0.61957978,4.7432637574
801015,2014-02-27,1175.9,1192.3,1202.75,1174.17,0.61831826,4.8355228716
801015,2014-02-28,1184.83,1173.15,1187.7,1159.08,0.36672446,2.96645843
801015,2014-03-03,1206.73,1183.68,1206.73,1179.74,0.38273964,3.3068009082
801015,2014-03-04,1195.44,1201.72,1201.95,1186.04,0.32926014,2.7939356704000002
801015,2014-03-05,1195.7,1198.03,1207.06,1194.43,0.36408547,3.0077660404000004
801015,2014-03-06,1197.41,1192.48,1201.1,1177.46,0.35472845,2.9608001656
801015,2014-03-07,1184.17,1193.91,1201.41,1180.76,0.31273341,2.7656746348000003
801015,2014-03-10,1142.81,1180.31,1180.31,1141.11,0.34830917,3.0753709961
801015,2014-03-11,1146.43,1142.06,1151.55,1135.92,0.29031755,2.8084180125
801015,2014-03-12,1143.97,1142.92,1152.77,1126.83,0.24574826,2.2675869038
801015,2014-03-13,1158.89,1141.53,1160.43,1140.51,0.25860433,2.1697757616
801015,2014-03-14,1161.44,1156.89,1169.33,1151.31,0.31688103,2.6706701764
801015,2014-03-17,1189.11,1163.39,1189.11,1163.27,0.40040533,3.3893594606
801015,2014-03-18,1192.64,1188.47,1200.35,1182.33,0.48688727,4.034959719700001
801015,2014-03-19,1199.63,1189.57,1199.63,1181.63,0.42783561,3.3948362357999997
801015,2014-03-20,1171.52,1197.36,1203.39,1171.32,0.51663035,3.9039382587
801015,2014-03-21,1193.95,1166.78,1195.25,1161.08,0.54678339,3.9930492895999996
801015,2014-03-24,1200.57,1193.64,1204.66,1189.62,0.50744604,3.8172925189
801015,2014-03-25,1203.7,1197.47,1205.12,1194.38,0.44930343,3.4433352297
801015,2014-03-26,1200.04,1205.49,1208.4,1195.64,0.40510669,3.1247956508
801015,2014-03-27,1180.13,1198.48,1201.06,1178.82,0.42218228,3.2426808543
801015,2014-03-28,1170.76,1177.89,1183.97,1167.14,0.4926159,3.9088604688
801015,2014-03-31,1159.0,1171.94,1176.03,1152.07,0.25861512,2.1966908252
801015,2014-04-01,1179.59,1159.6,1179.59,1159.58,0.38398024,2.811349873
801015,2014-04-02,1174.77,1178.99,1180.86,1171.78,0.27263736,1.9890391997999999
801015,2014-04-03,1170.77,1176.4,1179.18,1165.04,0.27358247,2.1234076343
801015,2014-04-04,1178.17,1169.23,1178.83,1166.29,0.20476282,1.7229591395
801015,2014-04-08,1190.5,1173.85,1190.5,1173.19,0.24326039,2.1741695608000002
801015,2014-04-09,1197.99,1190.01,1198.59,1189.16,0.32243976,2.7620960837
801015,2014-04-10,1196.37,1198.15,1200.66,1193.03,0.38022438,3.4415042544
801015,2014-04-11,1192.61,1194.9,1198.21,1191.15,0.32419288,2.8242333813
801015,2014-04-14,1204.65,1192.64,1204.87,1192.54,0.26301671,2.5669528918
801015,2014-04-15,1188.11,1203.6,1203.79,1187.11,0.26829189,2.3706321321
801015,2014-04-16,1198.76,1185.83,1201.62,1185.83,0.31518162,2.6423569422
801015,2014-04-17,1199.22,1200.02,1206.73,1197.62,0.26595048,2.4126510737
801015,2014-04-18,1199.93,1196.13,1201.59,1193.3,0.19300476,1.7151497641999998
801015,2014-04-21,1174.01,1197.43,1199.66,1171.42,0.24387138,2.1659824013
801015,2014-04-22,1190.9,1171.09,1191.71,1166.95,0.39125456,3.3846250475999997
801015,2014-04-23,1181.1,1186.98,1199.37,1178.25,0.33809928,2.888935502
801015,2014-04-24,1167.25,1181.72,1184.64,1167.16,0.22123591,2.014398433
801015,2014-04-25,1181.62,1167.74,1195.22,1163.76,0.37249712,3.9818340467
801015,2014-04-28,1168.58,1176.85,1192.59,1164.96,0.41851762,3.9847301456
801015,2014-04-29,1178.18,1169.44,1178.18,1156.66,0.26846187,2.4558847277
801015,2014-04-30,1152.99,1166.87,1167.59,1149.1,0.4179323,3.4233753432
801015,2014-05-05,1158.84,1153.01,1162.93,1142.97,0.29803568,2.6989348394999997
801015,2014-05-06,1169.14,1157.3,1172.7,1156.6,0.26006036,2.6271362159000002
801015,2014-05-07,1149.82,1164.77,1167.65,1147.92,0.38229778,3.3426759085000004
801015,2014-05-08,1150.65,1147.69,1161.86,1143.91,0.23085218,2.0878980497999997
801015,2014-05-09,1146.53,1147.61,1150.06,1132.86,0.28790929,2.4726720103999997
801015,2014-05-12,1170.16,1152.14,1170.42,1147.41,0.41847644,3.6150608217
801015,2014-05-13,1181.61,1167.49,1189.21,1164.44,0.4007478,3.7100065955000003
801015,2014-05-14,1171.12,1177.92,1180.1,1170.63,0.25185485,2.4607855142
801015,2014-05-15,1156.46,1170.61,1172.31,1151.53,0.2887205,2.7398536951
801015,2014-05-16,1154.26,1155.74,1161.56,1142.97,0.22420613,2.3777040447
801015,2014-05-19,1140.43,1151.61,1152.3,1132.9,0.16807975,1.5834002081
801015,2014-05-20,1156.29,1148.89,1158.51,1141.71,0.22981387,2.3774442511
801015,2014-05-21,1177.65,1154.68,1178.95,1149.55,0.3368525,3.8220160958999996
801015,2014-05-22,1168.62,1175.27,1179.31,1165.27,0.23954206,2.5048467138
801015,2014-05-23,1173.47,1166.73,1173.47,1162.87,0.18230861,1.8580688605000002
801015,2014-05-26,1175.63,1173.56,1179.9,1168.48,0.22893529,2.2946785099
801015,2014-05-27,1168.14,1171.61,1173.32,1162.36,0.19699584,2.0685090195
801015,2014-05-28,1174.17,1167.1,1174.17,1162.41,0.22918835,2.197115123
801015,2014-05-29,1158.81,1173.77,1174.62,1157.86,0.19904419,1.9548514037
801015,2014-05-30,1172.36,1157.87,1173.12,1151.72,0.19566516,1.887660736
801015,2014-06-03,1180.56,1171.39,1182.55,1169.25,0.3325992,2.5661554049
801015,2014-06-04,1173.96,1176.29,1177.71,1169.78,0.20669144,1.8669655244999999
801015,2014-06-05,1177.87,1171.38,1178.0,1168.57,0.2382389,1.8663880589
801015,2014-06-06,1181.71,1177.28,1183.02,1173.73,0.26001989,2.298324748
801015,2014-06-09,1182.28,1182.13,1184.01,1179.39,0.35406236,2.9626598677
801015,2014-06-10,1187.34,1183.24,1188.34,1180.22,0.42288707,3.2722838334
801015,2014-06-11,1189.36,1186.73,1190.8,1183.82,0.44935694,3.4463936318
801015,2014-06-12,1191.58,1187.81,1191.63,1184.21,0.40069706,3.0733069309
801015,2014-06-13,1196.45,1190.37,1200.32,1187.86,0.4378758,3.4720392759
801015,2014-06-16,1196.45,1196.51,1197.99,1190.62,0.36937869,2.849153284
801015,2014-06-17,1188.19,1196.01,1196.01,1185.98,0.34803974,2.6504391569
801015,2014-06-18,1189.76,1185.33,1199.57,1184.87,0.50303125,3.7187711756
801015,2014-06-19,1162.93,1188.19,1191.64,1158.23,0.39307122,2.9377771536000004
801015,2014-06-20,1172.63,1162.07,1172.63,1161.7,0.18490237,1.4139372922
801015,2014-06-23,1173.68,1172.14,1179.01,1171.43,0.17621734,1.3714432297999999
801015,2014-06-24,1183.74,1179.28,1187.32,1179.03,0.53756343,4.7923380995
801015,2014-06-25,1174.81,1181.77,1181.96,1173.44,0.44911089,3.8509427780000003
801015,2014-06-26,1182.91,1173.92,1184.58,1170.21,0.5804226,4.4462752682
801015,2014-06-27,1199.57,1184.36,1200.58,1184.36,0.59127897,4.6918066682
801015,2014-06-30,1198.87,1200.54,1202.35,1193.07,0.41979602,3.7323534556
801015,2014-07-01,1218.54,1197.98,1219.12,1196.22,0.65612383,5.3380595444
801015,2014-07-02,1219.74,1218.31,1220.9,1206.28,0.49036582,4.1146561594
801015,2014-07-03,1257.03,1220.01,1258.85,1219.04,0.93090249,7.916550067
801015,2014-07-04,1231.27,1251.15,1251.15,1230.07,0.54532027,4.8478036394
801015,2014-07-07,1235.09,1231.51,1236.73,1221.74,0.60252608,4.8234648871
801015,2014-07-08,1240.62,1232.4,1245.53,1227.67,0.48831086,4.1853701037
801015,2014-07-09,1214.58,1240.7,1240.7,1212.3,0.43198129,3.6264830795
801015,2014-07-10,1217.68,1213.59,1224.4,1212.88,0.35030637,2.8366234163999997
801015,2014-07-11,1222.86,1219.19,1229.43,1216.28,0.47012124,3.8251164469
801015,2014-07-14,1240.73,1221.64,1240.73,1215.79,0.50022733,4.2236122813999994
801015,2014-07-15,1230.21,1237.2,1237.2,1224.3,0.49566984,4.72507612
801015,2014-07-16,1219.29,1227.67,1230.71,1216.03,0.34114921,3.1675405081
801015,2014-07-17,1205.66,1218.27,1218.27,1199.36,0.27523133,2.441494388
801015,2014-07-18,1220.06,1204.58,1224.22,1203.17,0.25814214,2.4682350874
801015,2014-07-21,1215.21,1220.54,1224.17,1214.6,0.24740667,2.3522018133
801015,2014-07-22,1226.99,1213.84,1227.53,1210.13,0.26224282,2.4035479169
801015,2014-07-23,1218.1,1224.09,1225.49,1212.96,0.31421775,2.8877834444999997
801015,2014-07-24,1215.52,1217.23,1220.39,1207.99,0.33272911,2.8578405231
801015,2014-07-25,1218.28,1215.01,1220.14,1212.22,0.30473387,2.5523239694
801015,2014-07-28,1240.36,1221.7,1242.18,1220.02,0.5309819,4.5073517702
801015,2014-07-29,1249.33,1244.55,1252.88,1239.43,0.54502525,4.6874874331
801015,2014-07-30,1259.36,1248.01,1262.67,1246.79,0.44494985,4.2849310030000005
801015,2014-07-31,1260.36,1257.27,1260.95,1251.79,0.47950968,4.2966466625
801015,2014-08-01,1250.28,1260.34,1267.88,1249.15,0.55385325,4.7452892421
801015,2014-08-04,1278.87,1249.01,1278.87,1248.81,0.6282823,5.9982353884
801015,2014-08-05,1281.5,1280.36,1284.05,1269.7,0.54215973,4.5870625589
801015,2014-08-06,1280.42,1278.3,1283.5,1269.76,0.39924787,3.6465388902
801015,2014-08-07,1263.78,1277.47,1289.29,1262.62,0.55627759,5.3097067286
801015,2014-08-08,1268.99,1266.05,1272.33,1260.11,0.45906916,4.2398263899
801015,2014-08-11,1285.08,1268.25,1285.08,1268.25,0.51405683,4.641015366
801015,2014-08-12,1292.03,1284.71,1295.43,1281.68,0.49219819,4.4185493197
801015,2014-08-13,1310.3,1295.44,1310.75,1281.98,0.80991767,6.9473730205
801015,2014-08-14,1293.99,1313.21,1313.99,1293.7,0.79216705,6.5270849186
801015,2014-08-15,1324.67,1303.25,1330.52,1303.25,0.65828121,6.0227218524
801015,2014-08-18,1343.33,1333.97,1343.33,1332.45,0.60339951,5.4109847225
801015,2014-08-19,1352.45,1351.86,1352.7,1342.36,0.69663327,6.213659044400001
801015,2014-08-20,1361.13,1360.56,1369.54,1351.12,0.91120069,8.6311929244
801015,2014-08-21,1352.11,1362.47,1363.34,1336.07,0.77756244,7.2354722163
801015,2014-08-22,1359.54,1351.43,1360.83,1343.99,0.52940912,4.9870085076
801015,2014-08-25,1360.09,1361.16,1370.31,1354.72,0.63692279,6.1481539862
801015,2014-08-26,1326.87,1355.92,1360.09,1319.3,0.60991675,5.5106762338
801015,2014-08-27,1336.01,1324.42,1339.57,1319.02,0.49262635,4.7722152444
801015,2014-08-28,1323.6,1336.23,1337.13,1318.54,0.38021338,3.4589576588999997
801015,2014-08-29,1327.86,1321.39,1328.57,1316.2,0.28683568,2.6102510327
801015,2014-09-01,1350.32,1328.1,1351.79,1328.1,0.42816279,3.8721034384
801015,2014-09-02,1365.02,1354.58,1366.31,1352.82,0.54505501,4.9237972921
801015,2014-09-03,1366.69,1371.07,1371.5,1358.7,0.53243234,4.7448617431999995
801015,2014-09-04,1371.09,1367.95,1372.38,1353.68,0.5324073,4.8576170291
801015,2014-09-05,1381.55,1377.85,1382.67,1373.12,0.54313914,5.2282468091
801015,2014-09-09,1392.76,1380.21,1392.76,1374.81,0.67120675,6.0042234347
801015,2014-09-10,1386.01,1386.29,1388.46,1374.6,0.59656791,5.5078577595
801015,2014-09-11,1394.28,1386.14,1403.58,1380.08,0.88661966,8.6212040103
801015,2014-09-12,1405.0,1394.5,1405.72,1391.06,0.70954362,6.4343659075
801015,2014-09-15,1412.27,1405.96,1414.51,1401.68,0.7458159,6.703763381900001
801015,2014-09-16,1358.49,1421.26,1421.53,1357.27,0.99989674,9.5397941764
801015,2014-09-17,1394.69,1360.53,1394.69,1357.49,1.27653892,11.1266388488
801015,2014-09-18,1404.47,1387.64,1404.47,1385.12,1.08641711,9.5888790749
801015,2014-09-19,1440.96,1403.1,1453.49,1400.43,1.2711523,11.879588716099999
801015,2014-09-22,1419.45,1438.7,1438.74,1408.47,0.98905451,9.8244517815
801015,2014-09-23,1435.66,1419.15,1438.08,1419.15,0.84425554,8.333312533600001
801015,2014-09-24,1446.05,1438.5,1446.37,1427.36,0.7903963,7.858451873300001
801015,2014-09-25,1438.59,1448.45,1455.09,1433.93,0.89016684,9.0073326777
801015,2014-09-26,1478.24,1430.78,1479.17,1428.48,1.1678933,11.6273726343
801015,2014-09-29,1487.68,1477.89,1492.16,1477.11,1.08527179,10.6302856781
801015,2014-09-30,1478.43,1485.17,1491.66,1474.18,0.74006574,7.334027155
801015,2014-10-08,1501.14,1482.15,1501.14,1471.39,0.97023373,9.4082558357
801015,2014-10-09,1501.87,1501.63,1502.18,1472.72,0.95576967,9.9307720926
801015,2014-10-10,1477.58,1494.57,1496.15,1473.65,0.75933285,8.1455539352
801015,2014-10-13,1474.33,1473.04,1476.09,1451.21,0.70173795,7.2497434841
801015,2014-10-14,1472.88,1469.94,1486.21,1462.92,0.63218425,6.0479538148000005
801015,2014-10-15,1475.49,1469.07,1475.92,1457.5,0.63012782,6.098430371599999
801015,2014-10-16,1467.48,1469.01,1482.45,1462.28,0.7327627,7.5493556623
801015,2014-10-17,1438.22,1461.36,1473.63,1426.69,0.77239718,7.5877417997
801015,2014-10-20,1455.35,1444.61,1457.57,1440.61,0.51196198,5.0886804888
801015,2014-10-21,1445.29,1454.09,1458.49,1440.5,0.44595923,4.5108306543
801015,2014-10-22,1431.72,1444.4,1453.1,1431.53,0.47895424,4.8864577458
801015,2014-10-23,1418.71,1429.2,1434.09,1409.63,0.54909729,5.623748806799999
801015,2014-10-24,1416.55,1417.05,1431.63,1411.85,0.37784113,3.8480663979000003
801015,2014-10-27,1427.56,1412.57,1427.85,1404.91,0.38173488,3.9237670145
801015,2014-10-28,1448.09,1426.69,1448.09,1426.69,0.4712351,4.7056865362
801015,2014-10-29,1461.87,1448.96,1468.85,1446.86,0.6476038,6.5347942776
801015,2014-10-30,1459.41,1458.65,1471.45,1456.85,0.54552173,5.4220804259
801015,2014-10-31,1457.41,1454.71,1458.82,1442.4,0.61967498,5.9694301672000005
801015,2014-11-03,1457.59,1455.4,1458.94,1444.38,0.67951303,6.481396495499999
801015,2014-11-04,1457.68,1452.94,1463.79,1450.15,0.55084573,5.4492600115
801015,2014-11-05,1463.03,1456.52,1467.51,1450.39,0.60992535,5.8820840215
801015,2014-11-06,1460.63,1459.86,1463.36,1447.71,0.56057356,5.5384839965
801015,2014-11-07,1440.41,1460.47,1464.89,1439.27,0.49847825,4.8518877238
801015,2014-11-10,1443.49,1439.95,1446.82,1436.11,0.38124543,3.6389394224
801015,2014-11-11,1399.7,1442.75,1445.34,1388.24,0.71672826,6.7890460288
801015,2014-11-12,1417.02,1394.83,1417.02,1392.48,0.35332986,3.2195690649
801015,2014-11-13,1413.41,1416.04,1422.69,1407.14,0.57335882,4.5983955804
801015,2014-11-14,1408.06,1412.75,1414.78,1399.99,0.56740521,4.4154179469
801015,2014-11-17,1418.8,1409.08,1420.96,1402.19,0.46730494,4.1135636165
801015,2014-11-18,1430.68,1414.34,1430.68,1414.34,0.43035974,4.014046937200001
801015,2014-11-19,1431.86,1428.82,1436.3,1425.15,0.43970603,4.2963219883
801015,2014-11-20,1425.97,1428.43,1430.85,1423.22,0.35522259,3.1913070568
801015,2014-11-21,1440.34,1429.62,1440.95,1427.15,0.45391295,4.5898052714999995
801015,2014-11-24,1448.45,1446.3,1449.26,1433.95,0.66522907,6.2676518212
801015,2014-11-25,1466.49,1446.69,1466.9,1443.77,0.76307308,7.127853531
801015,2014-11-26,1475.04,1465.87,1475.04,1459.38,0.74103171,7.391554458200001
801015,2014-11-27,1489.01,1476.8,1489.24,1475.06,0.77208249,7.8329895314
801015,2014-11-28,1481.56,1487.96,1487.96,1470.34,0.68228577,6.6841418894
801015,2014-12-01,1465.23,1481.82,1481.82,1456.45,0.83988337,7.5165945652
801015,2014-12-02,1474.76,1464.62,1476.45,1460.1,0.80173304,7.0725803028
801015,2014-12-03,1475.71,1471.26,1475.78,1462.02,0.81792025,7.1842233726
801015,2014-12-04,1487.15,1477.25,1490.48,1476.41,0.84340207,7.6185594331
801015,2014-12-05,1452.49,1488.27,1488.66,1433.65,0.86478478,7.5865454194
801015,2014-12-08,1432.68,1420.45,1452.49,1414.36,0.72964625,6.8441227926999995
801015,2014-12-09,1379.8,1406.22,1410.08,1377.32,0.99290554,9.0435608657
801015,2014-12-10,1400.42,1354.9,1400.72,1349.79,1.30542323,13.533539550599999
801015,2014-12-11,1447.51,1397.59,1447.51,1391.33,1.82818577,20.0794845197
801015,2014-12-12,1441.34,1436.41,1441.86,1427.4,1.1362307,12.4835015705
801015,2014-12-15,1444.15,1436.86,1444.31,1420.05,0.92164848,9.6052263933
801015,2014-12-16,1445.8,1441.17,1446.58,1434.46,0.77789086,8.2057205892
801015,2014-12-17,1435.65,1445.83,1445.83,1419.85,0.85873423,8.9372123293
801015,2014-12-18,1417.8,1427.98,1430.67,1416.21,0.58464547,5.9649040796
801015,2014-12-19,1398.74,1416.66,1419.11,1384.47,0.69036609,6.733834933
801015,2014-12-22,1362.51,1397.96,1398.48,1333.88,0.84994164,7.8808971254
801015,2014-12-23,1341.64,1347.4,1361.35,1338.05,0.53155832,5.0041336154
801015,2014-12-24,1357.76,1344.91,1358.96,1339.85,0.53500153,4.9408941282
801015,2014-12-25,1365.41,1360.47,1366.85,1354.45,0.52042881,4.6560878429
801015,2014-12-26,1365.21,1364.03,1365.21,1350.23,0.48273601,4.5060379494
801015,2014-12-29,1343.45,1360.12,1360.87,1324.94,0.64131086,5.9422037502
801015,2014-12-30,1318.81,1339.35,1340.82,1316.81,0.4670193,4.3690245444
801015,2014-12-31,1332.8,1319.25,1333.77,1317.6,0.44053939,4.3187970875
801015,2015-01-05,1344.13,1333.97,1345.9,1321.04,0.6086275,5.462998971699999
801015,2015-01-06,1356.59,1338.88,1356.59,1332.08,0.58063446,5.557365035399999
801015,2015-01-07,1366.96,1359.38,1372.28,1358.54,0.73308879,7.0068629562
801015,2015-01-08,1365.51,1363.66,1374.41,1359.72,0.54550203,5.2778853674
801015,2015-01-09,1352.92,1360.12,1371.25,1352.68,0.57187372,5.2281337656
801015,2015-01-12,1317.64,1347.48,1348.02,1314.43,0.47342812,4.2578495313
801015,2015-01-13,1333.28,1319.42,1333.91,1318.93,0.34364517,3.2786839782999997
801015,2015-01-14,1351.02,1332.33,1353.57,1330.49,0.46847972,4.7846052266
801015,2015-01-15,1351.16,1350.15,1352.92,1344.99,0.36350012,3.4765248704
801015,2015-01-16,1385.99,1350.08,1385.99,1349.07,0.71245097,6.8583059963999995
801015,2015-01-19,1369.85,1367.69,1412.73,1354.45,1.04757811,10.9561917404
801015,2015-01-20,1405.46,1372.21,1405.71,1371.12,0.78508113,8.294799081399999
801015,2015-01-21,1422.39,1404.25,1422.76,1402.84,0.9196862,9.2581829538
801015,2015-01-22,1455.2,1422.93,1455.2,1421.17,1.29547001,12.117112098900002
801015,2015-01-23,1432.45,1449.95,1451.2,1426.15,0.87283369,8.625135350499999
801015,2015-01-26,1456.38,1430.22,1456.38,1427.08,0.76621031,8.1161827894
801015,2015-01-27,1460.05,1459.31,1462.24,1432.63,0.84833241,9.384827579400001
801015,2015-01-28,1477.69,1453.59,1481.9,1445.68,0.87905599,9.9262904559
801015,2015-01-29,1474.12,1468.54,1480.99,1462.77,0.63673872,6.5723806234
801015,2015-01-30,1444.9,1472.87,1476.3,1444.4,0.72607193,7.166618701699999
801015,2015-02-02,1426.43,1431.55,1439.05,1418.96,0.47770123,4.8004513124
801015,2015-02-03,1450.72,1428.11,1450.72,1428.11,0.51785522,5.1615060381
801015,2015-02-04,1442.9,1449.28,1456.88,1440.0,0.52008883,5.2790128611
801015,2015-02-05,1430.79,1453.07,1453.61,1430.79,0.47184873,4.717769743
801015,2015-02-06,1403.4,1428.01,1436.88,1400.41,0.44196234,4.3980078388
801015,2015-02-09,1393.9,1399.04,1406.41,1389.82,0.30938606,3.0557181786000003
801015,2015-02-10,1401.36,1393.96,1401.36,1392.23,0.23324343,2.2355046281999997
801015,2015-02-11,1420.27,1403.88,1420.27,1401.66,0.32787395,3.1674587097000004
801015,2015-02-12,1431.33,1414.66,1432.81,1398.13,0.51296292,5.5443051925
801015,2015-02-13,1447.85,1429.92,1447.85,1427.23,0.73423114,7.2459603925
801015,2015-02-16,1467.26,1446.57,1467.74,1446.27,0.81474963,8.0278861283
801015,2015-02-17,1478.93,1465.87,1482.83,1461.05,0.76580028,7.735179726699999
801015,2015-02-25,1479.79,1478.18,1491.23,1467.3,0.59503212,6.4586145547000005
801015,2015-02-26,1488.94,1480.11,1491.4,1480.1,0.72141835,7.3678909359
801015,2015-02-27,1505.11,1494.47,1505.11,1488.04,0.83085623,8.3012127971
801015,2015-03-02,1532.74,1507.22,1532.74,1502.63,1.08455607,11.073199537
801015,2015-03-03,1519.38,1527.62,1540.45,1518.45,1.0372747,11.383898557
801015,2015-03-04,1550.45,1518.28,1557.85,1518.1,1.00528721,10.4150487459
801015,2015-03-05,1564.7,1550.68,1564.82,1535.69,0.95233661,10.0774903242
801015,2015-03-06,1550.59,1560.58,1568.33,1541.23,0.72371433,7.790168852000001
801015,2015-03-09,1570.94,1549.28,1572.68,1536.53,0.7627285,8.088071923200001
801015,2015-03-10,1574.6,1574.99,1582.6,1569.95,0.80923423,8.8820921582
801015,2015-03-11,1560.95,1570.98,1577.99,1549.77,0.85380787,9.4829533925
801015,2015-03-12,1554.86,1561.46,1575.3,1548.42,0.71428653,7.7361882684
801015,2015-03-13,1565.01,1556.69,1568.39,1555.32,0.69607708,7.1999662899
801015,2015-03-16,1632.0,1571.92,1633.42,1571.92,1.30915477,14.463931618699998
801015,2015-03-17,1639.08,1640.86,1650.58,1619.7,1.27327194,14.227287365899999
801015,2015-03-18,1661.51,1633.68,1661.51,1632.69,1.10586214,12.4379969775
801015,2015-03-19,1688.99,1663.85,1689.13,1650.67,1.06369234,12.762548134500001
801015,2015-03-20,1699.09,1692.81,1703.06,1684.06,1.04383402,13.7443045674
801015,2015-03-23,1718.53,1698.13,1722.33,1697.56,1.0213246,12.2700976679
801015,2015-03-24,1721.69,1720.7,1724.56,1671.81,1.30268223,15.390121411199999
801015,2015-03-25,1740.83,1718.96,1745.84,1706.53,1.21114784,14.72075616
801015,2015-03-26,1731.19,1731.02,1753.26,1716.12,1.03802972,12.0229790929
801015,2015-03-27,1764.88,1733.77,1768.83,1729.52,0.95848912,11.6102826491
801015,2015-03-30,1767.6,1763.8,1776.66,1760.26,0.99793801,12.280471439400001
801015,2015-03-31,1779.08,1776.13,1800.51,1758.34,1.13136403,14.2777533852
801015,2015-04-01,1823.12,1785.13,1824.05,1785.13,1.18810786,16.7246893787
801015,2015-04-02,1853.8,1826.42,1854.98,1822.44,1.27564547,17.1783205636
801015,2015-04-03,1870.83,1840.47,1872.74,1831.1,1.07014026,14.6904358679
801015,2015-04-07,1907.9,1871.35,1907.96,1864.61,1.18773785,16.340984607
801015,2015-04-08,1884.98,1908.71,1928.3,1859.93,1.28001412,17.9161183437
801015,2015-04-09,1868.79,1883.4,1892.29,1790.17,1.40476452,19.053987347
801015,2015-04-10,1919.81,1864.33,1925.58,1850.29,1.11688327,16.005953277
801015,2015-04-13,1982.11,1957.59,1992.13,1933.52,1.48652071,22.3588302545
801015,2015-04-14,2021.18,1974.95,2036.44,1960.5,1.44097819,20.9238811873
801015,2015-04-15,1966.8,2016.76,2016.76,1944.18,1.25391676,18.8284986874
801015,2015-04-16,1983.63,1936.5,2009.32,1911.08,1.02618374,15.268703348299999
801015,2015-04-17,1982.26,1985.31,2003.36,1957.9,1.26195037,18.220728173
801015,2015-04-20,1925.33,1978.62,1978.62,1915.23,1.29753158,18.336999752
801015,2015-04-21,1986.91,1920.49,1987.11,1918.9,1.11983992,15.8413255805
801015,2015-04-22,2024.33,1994.54,2027.51,1992.97,1.22605231,17.5850970749
801015,2015-04-23,2061.1,2027.81,2082.07,2015.54,1.38268103,20.1713652225
801015,2015-04-24,2054.16,2034.94,2078.31,2017.69,1.29129982,19.7191163528
801015,2015-04-27,2066.55,2059.25,2094.47,2050.29,1.14845576,16.8652585313
801015,2015-04-28,2008.27,2064.42,2075.56,1982.57,1.28618612,18.588460176199998
801015,2015-04-29,2080.32,1991.36,2080.52,1991.06,0.99383067,14.9329667102
801015,2015-04-30,2087.7,2078.36,2104.17,2076.63,1.0156545,15.392912533599999
801015,2015-05-04,2126.55,2085.95,2126.55,2058.06,1.07132876,15.461973092300001
801015,2015-05-05,2032.56,2118.61,2118.61,2025.02,1.01149832,15.268820868399999
801015,2015-05-06,2006.48,2044.81,2078.17,1987.37,1.03126316,14.8426707375
801015,2015-05-07,1972.57,2000.98,2009.52,1957.84,0.77994667,11.1951927501
801015,2015-05-08,2048.73,1986.93,2048.73,1977.53,0.87145197,13.0124665709
801015,2015-05-11,2158.72,2058.83,2159.81,2058.83,1.19899382,18.6383143754
801015,2015-05-12,2196.18,2166.68,2203.39,2160.33,1.1254114,18.3060456598
801015,2015-05-13,2200.4,2188.34,2215.75,2139.35,1.29398932,19.9316227794
801015,2015-05-14,2238.49,2206.83,2260.88,2194.02,1.64807038,21.6210557918
801015,2015-05-15,2313.94,2239.22,2326.74,2234.75,1.61640043,24.059207673400003
801015,2015-05-18,2412.48,2330.71,2417.24,2324.06,1.51075956,22.2028661105
801015,2015-05-19,2502.14,2418.45,2502.14,2402.29,1.32914603,21.8524348655
801015,2015-05-20,2480.72,2507.38,2563.18,2455.45,1.36910108,24.6689585519
801015,2015-05-21,2527.45,2462.92,2535.0,2462.92,1.1492579,20.0511496462
801015,2015-05-22,2568.39,2533.21,2580.63,2512.8,1.31120143,23.839947164
801015,2015-05-25,2604.87,2554.95,2608.44,2526.44,1.37880115,25.074945459600002
801015,2015-05-26,2720.54,2617.24,2720.54,2590.91,1.39662045,25.798378056399997
801015,2015-05-27,2779.6,2738.09,2793.09,2694.7,1.56497488,30.0595292585
801015,2015-05-28,2634.51,2773.27,2811.82,2618.73,1.68526321,30.763207500500002
801015,2015-05-29,2722.66,2645.52,2750.28,2518.23,1.46007125,25.6130828942
801015,2015-06-01,2917.05,2790.97,2922.26,2790.97,1.42435806,24.7165006405
801015,2015-06-02,3090.09,2989.89,3093.28,2980.58,1.38660791,26.839870636599997
801015,2015-06-03,3114.53,3122.46,3127.89,3004.46,1.27932436,26.620136532800004
801015,2015-06-04,3105.28,3147.52,3147.52,2935.86,2.02490221,40.6449609021
801015,2015-06-05,3113.13,3122.78,3162.73,3071.75,1.73187841,34.023060259699996
801015,2015-06-08,3051.61,3105.23,3116.58,3028.87,1.23127273,23.5618698629
801015,2015-06-09,3036.75,3035.69,3087.15,3009.54,1.00883618,19.8974048937
801015,2015-06-10,3198.85,3030.45,3210.07,3005.48,1.39038582,28.5374775712
801015,2015-06-11,3292.2,3222.63,3295.24,3033.45,1.49917843,31.3850633013
801015,2015-06-12,3300.14,3287.98,3353.2,3280.81,1.30884233,26.9641924273
801015,2015-06-15,3265.2,3329.11,3330.34,3254.14,1.44914962,29.798167656500002
801015,2015-06-16,3110.2,3223.3,3223.3,3051.52,1.02716775,20.2358157016
801015,2015-06-17,3133.15,3109.24,3137.08,2974.74,0.88657681,17.7455154721
801015,2015-06-18,3060.33,3125.61,3155.88,3039.46,0.86310341,17.0730714999
801015,2015-06-19,2858.35,2969.08,3066.04,2779.42,0.93046232,17.233704319
801015,2015-06-23,2795.89,2815.9,2909.8,2606.57,1.03347144,18.2213783461
801015,2015-06-24,2872.98,2797.87,2910.65,2706.55,0.9291914,16.3034161196
801015,2015-06-25,2803.24,2842.91,2950.81,2699.94,0.96996954,17.0373699642
801015,2015-06-26,2596.39,2713.39,2784.24,2534.86,1.02042067,16.0952336633
801015,2015-06-29,2468.05,2603.72,2685.84,2382.64,1.33969203,18.1536167338
801015,2015-06-30,2558.66,2418.13,2626.61,2271.62,1.49648463,19.9720850873
801015,2015-07-01,2439.98,2533.41,2658.19,2375.0,1.33242003,19.319346902
801015,2015-07-02,2310.76,2422.39,2496.46,2243.6,1.1148502,14.142739601099999
801015,2015-07-03,2182.7,2218.72,2356.79,2125.97,1.10275567,12.703305826400001
801015,2015-07-06,2073.97,2286.51,2331.26,2010.41,1.51494316,16.3623826364
801015,2015-07-07,1997.67,2073.82,2114.07,1939.03,0.26326837,2.01836227
801015,2015-07-08,1978.86,2040.54,2080.79,1920.22,0.037948,0.22275476
801015,2015-07-09,1978.86,2040.54,2080.79,1920.22,0.0,0.0
801015,2015-07-10,1978.86,2040.54,2080.79,1920.22,0.0,0.0
801015,2015-07-13,2035.96,2118.71,2137.41,2000.04,0.04109726,0.420361282
801015,2015-07-14,2137.14,2173.65,2192.35,2103.28,0.37672004,4.9529247363
801015,2015-07-16,2133.9,2102.82,2235.31,1994.01,1.48900557,15.596240769400001
801015,2015-07-17,2244.84,2189.95,2303.54,2120.03,1.39946234,14.8653848768
801015,2015-07-20,2337.01,2302.42,2405.0,2210.62,1.78110532,22.218894581100002
801015,2015-07-21,2464.82,2367.89,2525.83,2261.39,2.27362728,29.186277014499996
801015,2015-07-22,2459.76,2509.37,2575.12,2380.0,2.09537502,28.3756651846
801015,2015-07-23,2517.74,2498.9,2600.14,2398.89,1.87201957,27.8802535879
801015,2015-07-24,2473.47,2550.92,2633.96,2422.78,2.06775303,31.829639186399998
801015,2015-07-27,2320.33,2464.74,2563.57,2295.22,1.5616854,21.675789789499998
801015,2015-07-28,2226.71,2238.51,2361.3,2158.04,1.66189103,20.1364969425
801015,2015-07-29,2315.85,2284.81,2380.37,2133.33,1.50795905,18.469627959
801015,2015-07-30,2262.83,2334.88,2425.22,2213.37,1.38368662,17.8775904626
801015,2015-07-31,2200.4,2269.02,2318.79,2130.77,1.0371035,12.5814392824
801015,2015-08-03,2109.13,2217.86,2252.3,2057.28,1.11818654,12.3307306475
801015,2015-08-04,2204.7,2149.93,2264.79,2080.41,1.1586395,13.1753294319
801015,2015-08-05,2182.82,2245.94,2287.39,2136.8,1.06149705,12.8102255104
801015,2015-08-06,2162.97,2184.66,2244.53,2105.14,0.73734053,8.5165103862
801015,2015-08-07,2239.22,2214.04,2299.3,2147.77,1.10867299,13.4093705096
801015,2015-08-10,2322.27,2293.01,2397.98,2218.09,1.25405578,15.3818533102
801015,2015-08-11,2346.94,2357.43,2432.98,2278.1,1.42354262,18.3369746063
801015,2015-08-12,2331.05,2363.4,2425.96,2280.48,1.08627107,13.7683370867
801015,2015-08-13,2387.19,2359.8,2461.43,2273.72,1.28940888,16.1313852301
801015,2015-08-14,2420.93,2428.12,2504.75,2343.16,1.69818849,21.703493322800004
801015,2015-08-17,2479.52,2432.64,2557.85,2346.03,1.61916156,21.0656313036
801015,2015-08-18,2343.9,2515.75,2573.68,2300.88,1.78375009,23.8899721059
801015,2015-08-19,2441.68,2306.25,2496.33,2234.28,1.71592487,21.831269759899996
801015,2015-08-20,2416.91,2450.5,2550.4,2363.87,1.54849257,20.8456634408
801015,2015-08-21,2296.45,2417.78,2479.19,2257.15,1.69094782,23.875674106399998
801015,2015-08-24,2153.49,2213.11,2266.17,2128.42,0.68973248,7.6284325026
801015,2015-08-25,2025.95,2050.0,2104.8,1999.71,0.6780529,6.3337376926
801015,2015-08-26,1933.51,1989.07,2105.0,1894.97,2.32906983,23.5226105105
801015,2015-08-27,1972.77,1964.34,2028.03,1854.51,1.5642731,15.1171724113
801015,2015-08-28,2060.09,2004.78,2105.06,1940.6,1.70458841,16.9221039395
801015,2015-08-31,1975.95,2059.74,2094.69,1944.98,1.43653153,14.166162863299999
801015,2015-09-01,1869.26,1975.28,2002.15,1841.84,1.29339374,11.4426781525
801015,2015-09-07,1840.58,1851.62,1919.32,1798.27,1.05088792,8.9656536091
801015,2015-09-08,1875.38,1829.23,1912.89,1788.68,0.92452845,7.9317897098
801015,2015-09-09,1890.86,1879.39,1937.67,1842.96,1.40146356,13.100147796199998
801015,2015-09-10,1850.52,1868.57,1920.99,1828.86,1.20287488,11.662858361700001
801015,2015-09-11,1856.79,1853.15,1903.57,1810.43,1.7267312,18.9474925666
801015,2015-09-14,1727.11,1874.31,1892.0,1726.8,1.51477817,14.865421686800001
801015,2015-09-15,1630.75,1705.57,1747.42,1619.17,1.3874783,11.9031426567
801015,2015-09-16,1727.59,1661.45,1763.8,1619.43,1.58788401,14.2237404669
801015,2015-09-17,1681.63,1753.83,1794.19,1677.54,1.64646986,15.3252739281
801015,2015-09-18,1710.76,1719.73,1754.58,1670.09,1.14228598,10.2797864998
801015,2015-09-21,1766.98,1717.96,1800.81,1682.19,1.27188345,11.867576091300002
801015,2015-09-22,1763.08,1790.32,1816.44,1742.42,1.25272961,11.9414020179
801015,2015-09-23,1727.9,1766.6,1785.9,1708.37,0.97332664,8.7015678344
801015,2015-09-24,1780.04,1764.03,1811.29,1728.35,1.1431694,10.907018548
801015,2015-09-25,1741.54,1800.6,1821.4,1705.55,1.19059841,11.9564585241
801015,2015-09-28,1773.5,1766.58,1807.61,1709.59,0.77346756,7.7506333532000005
801015,2015-09-29,1744.07,1770.17,1806.94,1725.06,0.81688507,8.052234815599999
801015,2015-09-30,1744.07,1777.71,1797.56,1730.39,0.61464613,5.891235238099999
801015,2015-10-08,1808.77,1815.35,1848.29,1765.79,1.19624029,11.3504433617
801015,2015-10-09,1833.36,1829.28,1875.59,1791.05,1.36733106,13.847045161099999
801015,2015-10-12,1898.12,1866.91,1945.74,1834.92,1.73320693,17.6857861926
801015,2015-10-13,1908.52,1915.48,1951.8,1872.94,1.27264137,13.4448607019
801015,2015-10-14,1899.78,1928.59,1976.23,1876.91,1.21341144,12.996032254100001
801015,2015-10-15,1946.28,1920.99,1983.5,1888.02,1.21116971,12.8168604899
801015,2015-10-16,1960.17,1984.41,2013.81,1919.49,1.42222863,15.1502838081
801015,2015-10-19,1982.22,1987.81,2032.5,1936.41,1.35410514,14.9801670406
801015,2015-10-20,2015.69,2015.93,2069.9,1966.51,1.49346301,16.6307759825
801015,2015-10-21,1895.64,2043.33,2063.05,1879.33,1.74481105,19.1641459334
801015,2015-10-22,1970.67,1921.41,2005.61,1878.33,1.36327456,14.993513413599999
801015,2015-10-23,2049.23,2023.37,2083.97,1964.87,1.66628851,19.8500667595
801015,2015-10-26,2054.68,2098.37,2125.44,2014.35,1.63302016,19.7526187438
801015,2015-10-27,2058.66,2071.94,2103.98,1966.66,1.453075,17.376324102999998
801015,2015-10-28,2014.36,2060.0,2110.43,1995.06,1.37876309,16.3948901806
801015,2015-10-29,2024.99,2019.91,2058.82,1997.94,1.04397411,13.1973520953
801015,2015-10-30,2029.95,2021.69,2060.95,1988.59,1.22112313,14.052767483199998
801015,2015-11-02,1988.46,1985.8,2045.11,1962.32,0.99111444,11.338980378299999
801015,2015-11-03,2035.82,1996.12,2054.67,1978.25,1.27892138,15.0981004221
801015,2015-11-04,2120.82,2044.84,2130.88,2027.66,1.87866653,22.0935114846
801015,2015-11-05,2112.38,2114.34,2154.18,2080.3,1.74167564,20.5362741898
801015,2015-11-06,2148.96,2112.44,2186.19,2103.51,1.639844,19.5606491757
801015,2015-11-09,2141.11,2132.36,2166.37,2098.58,1.31532765,15.0568897206
801015,2015-11-10,2159.62,2127.77,2190.23,2114.83,1.4496965,16.2917235771
801015,2015-11-11,2202.66,2159.65,2233.99,2139.92,1.37411423,16.906168914000002
801015,2015-11-12,2209.98,2205.62,2246.19,2165.3,1.22496013,14.8703867224
801015,2015-11-13,2163.39,2187.66,2215.52,2143.57,1.06673025,12.983742936199999
801015,2015-11-16,2207.37,2141.41,2211.3,2120.09,0.85136367,10.970874831400002
801015,2015-11-17,2211.88,2216.51,2302.25,2188.46,1.60052314,21.6850481335
801015,2015-11-18,2207.54,2200.22,2282.4,2173.22,1.07312376,13.600378646700001
801015,2015-11-19,2242.91,2201.3,2267.96,2175.43,0.84625025,10.8525190624
801015,2015-11-20,2275.52,2231.76,2312.49,2213.2,1.12756383,14.1278727928
801015,2015-11-23,2293.26,2271.21,2354.96,2234.17,1.20966616,15.837137178199999
801015,2015-11-24,2317.8,2283.77,2344.95,2252.09,0.89145092,12.4326618478
801015,2015-11-25,2385.98,2320.08,2422.55,2293.64,1.34307099,18.073376801600002
801015,2015-11-26,2391.47,2369.06,2462.51,2341.34,1.43590485,21.630749125100003
801015,2015-11-27,2278.07,2370.22,2435.37,2239.84,1.83626999,27.3127535685
801015,2015-11-30,2247.29,2267.02,2321.69,2132.24,1.73825015,26.9373613403
801015,2015-12-01,2227.83,2226.4,2297.89,2159.71,1.512382,23.171666975999997
801015,2015-12-02,2201.04,2218.77,2249.29,2124.42,1.01879542,14.111461970599999
801015,2015-12-03,2245.32,2152.98,2265.08,2142.81,1.24767228,20.9256417506
801015,2015-12-04,2314.2,2214.62,2336.62,2175.84,1.51842327,26.0023941178
801015,2015-12-07,2342.06,2307.64,2391.35,2231.84,1.78499846,33.6793544231
801015,2015-12-08,2268.79,2318.53,2379.67,2233.91,1.57850259,25.2056592077
801015,2015-12-09,2228.34,2236.21,2298.49,2181.31,1.2583431,19.412695866900002
801015,2015-12-10,2218.14,2209.34,2274.63,2179.49,1.11003398,16.0897264854
801015,2015-12-11,2162.36,2201.13,2231.75,2127.34,0.99525849,13.8287240436
801015,2015-12-14,2234.7,2133.99,2243.32,2107.75,1.10714749,14.8766281204
801015,2015-12-15,2280.08,2229.63,2303.44,2208.81,1.2019774,16.5952289707
801015,2015-12-16,2306.0,2281.38,2363.37,2251.01,1.36216064,21.2517939301
801015,2015-12-17,2348.66,2307.01,2389.29,2277.97,1.55261434,24.682657393400003
801015,2015-12-18,2330.66,2333.04,2385.21,2268.12,1.39593691,21.6282489171
801015,2015-12-21,2411.48,2315.71,2430.02,2296.07,1.74715521,24.587392085
801015,2015-12-22,2458.6,2431.42,2502.97,2371.33,1.94278945,28.2355948164
801015,2015-12-23,2385.22,2443.52,2487.49,2361.71,1.54921623,23.882249555300003
801015,2015-12-24,2398.05,2376.44,2433.46,2304.21,1.40896652,20.3922514268
801015,2015-12-25,2425.31,2389.95,2457.34,2356.75,1.01208368,15.1860821833
801015,2015-12-28,2339.77,2430.86,2466.33,2307.57,1.38715178,21.1560958171
801015,2015-12-29,2364.29,2319.63,2387.84,2258.55,1.09799731,17.7207388749
801015,2015-12-30,2393.17,2358.85,2416.17,2313.3,1.18059178,17.461587560199998
801015,2015-12-31,2362.28,2391.38,2443.73,2317.06,1.0428599,17.5712687985
801015,2016-01-04,2148.56,2354.26,2378.66,2138.05,0.8818082,12.7611737775
801015,2016-01-05,2059.26,2003.46,2162.99,1949.77,1.42900738,19.6614353174
801015,2016-01-06,2148.88,2066.8,2162.83,2026.99,1.31980948,18.6203021123
801015,2016-01-07,1951.1,2096.85,2111.38,1938.94,0.31767856,4.1722431342
801015,2016-01-08,1947.29,1981.9,2053.45,1815.39,1.45398572,20.7142670698
801015,2016-01-11,1773.83,1878.33,1931.76,1761.75,1.39427022,15.7122228223
801015,2016-01-12,1716.04,1712.38,1787.23,1645.6,1.49179019,17.2086349237
801015,2016-01-13,1644.63,1706.43,1757.32,1623.47,1.2626118,14.453728271800001
801015,2016-01-14,1712.56,1565.98,1728.91,1542.95,1.33891088,14.811827288599998
801015,2016-01-15,1628.02,1689.73,1726.58,1594.87,1.16998139,12.960349564500001
801015,2016-01-18,1692.99,1584.19,1718.12,1565.19,1.29104224,14.7801582216
801015,2016-01-19,1778.88,1670.45,1796.13,1657.41,1.46932334,17.825529515699998
801015,2016-01-20,1774.06,1751.41,1834.44,1722.76,1.39314417,17.836378347
801015,2016-01-21,1669.88,1728.25,1782.28,1654.72,1.09661197,13.194725836300002
801015,2016-01-22,1699.46,1681.76,1727.46,1618.69,0.85417411,9.7648627454
801015,2016-01-25,1735.75,1710.36,1765.09,1669.19,0.93039149,11.1833401844
801015,2016-01-26,1601.69,1703.21,1745.24,1576.02,1.19214436,14.097219422
801015,2016-01-27,1551.55,1592.48,1627.62,1465.06,1.14481012,11.2357460683
801015,2016-01-28,1489.07,1520.54,1571.67,1453.56,0.93404732,9.957779475499999
801015,2016-01-29,1543.57,1472.47,1569.73,1457.02,0.83109621,8.8138935602
801015,2016-02-01,1509.38,1529.33,1567.82,1467.49,0.6837693,7.514270541799999
801015,2016-02-02,1560.89,1490.69,1585.29,1488.06,0.88291029,9.4285376383
801015,2016-02-03,1564.32,1527.72,1577.34,1507.19,0.67662386,7.074950433200001
801015,2016-02-04,1584.99,1560.73,1613.0,1554.68,0.77401865,8.4193598032
801015,2016-02-05,1569.13,1578.81,1615.89,1549.03,0.65205424,6.9173157243
801015,2016-02-15,1551.12,1494.28,1571.13,1481.12,0.52885118,5.3941320349
801015,2016-02-16,1640.64,1553.27,1651.24,1549.5,0.85353527,9.4413414723
801015,2016-02-17,1694.32,1634.32,1706.24,1610.05,1.17303691,14.8112723613
801015,2016-02-18,1705.93,1690.03,1755.29,1655.55,1.35735452,17.704127150399998
801015,2016-02-19,1701.3,1686.32,1724.63,1658.98,0.91827348,11.621428542
801015,2016-02-22,1745.88,1711.89,1764.06,1686.28,1.10512467,13.2102645845
801015,2016-02-23,1726.9,1733.46,1762.36,1671.12,1.08836578,12.9178439813
801015,2016-02-24,1726.1,1710.75,1756.3,1661.51,1.08884797,12.7829907862
801015,2016-02-25,1569.23,1711.28,1724.93,1557.88,1.07687751,11.7256609528
801015,2016-02-26,1558.32,1562.69,1603.4,1503.12,0.90944979,9.5220434294
801015,2016-02-29,1451.52,1534.8,1550.6,1421.07,0.93935707,9.000848212200001
801015,2016-03-01,1487.51,1444.54,1501.53,1408.69,0.8416933,8.7115521459
801015,2016-03-02,1567.0,1470.53,1578.74,1460.37,1.00234523,10.8419199324
801015,2016-03-03,1573.28,1562.92,1622.47,1548.0,1.09358738,11.984183061700001
801015,2016-03-04,1508.36,1554.69,1589.03,1472.66,1.03688071,10.4209170607
801015,2016-03-07,1564.21,1510.9,1588.96,1504.65,0.88583179,9.1836995303
801015,2016-03-08,1585.78,1555.51,1598.58,1474.67,1.13455502,11.447217411099999
801015,2016-03-09,1551.27,1538.06,1577.94,1504.93,0.55061105,6.2982154325
801015,2016-03-10,1523.39,1536.25,1569.06,1487.49,0.48900042,5.282740982
801015,2016-03-11,1526.54,1494.7,1540.04,1465.37,0.36575616,3.981353589
801015,2016-03-14,1572.07,1526.94,1597.99,1511.29,0.68983474,7.810057734
801015,2016-03-15,1559.29,1552.36,1583.61,1517.68,0.45207345,5.1715110303
801015,2016-03-16,1542.82,1548.51,1581.66,1500.91,0.42097977,4.8042820206
801015,2016-03-17,1591.01,1535.1,1606.18,1512.69,0.76370236,9.119169584
801015,2016-03-18,1657.31,1581.63,1674.91,1564.2,1.23251809,14.6750484476
801015,2016-03-21,1693.64,1652.79,1713.0,1620.27,1.30652322,15.911693315199999
801015,2016-03-22,1706.46,1655.23,1742.92,1630.98,1.17825809,14.725124803900002
801015,2016-03-23,1713.63,1680.41,1733.48,1653.39,0.87672463,10.9865712797
801015,2016-03-24,1688.39,1680.33,1740.16,1643.43,1.01990469,13.146142163299999
801015,2016-03-25,1696.32,1668.97,1718.11,1634.32,0.82836667,10.3221472945
801015,2016-03-28,1714.8,1682.12,1761.92,1658.8,1.41399531,16.9859579831
801015,2016-03-29,1666.17,1689.69,1716.67,1616.58,0.88144131,10.4468281703
801015,2016-03-30,1719.19,1665.36,1730.87,1644.77,0.92212149,11.2078930696
801015,2016-03-31,1719.92,1701.27,1760.24,1674.05,1.01362948,12.8540192297
801015,2016-04-01,1728.93,1698.43,1754.8,1655.79,0.96645387,12.7492095058
801015,2016-04-05,1769.08,1711.3,1782.99,1683.62,1.08526025,15.069242199000001
801015,2016-04-06,1791.09,1754.8,1818.64,1726.39,1.23969734,16.967365744400002
801015,2016-04-07,1745.2,1772.68,1804.72,1710.86,0.96768896,12.7520494748
801015,2016-04-08,1744.73,1717.17,1769.02,1681.43,0.91107719,11.097985801400002
801015,2016-04-11,1772.29,1736.65,1795.73,1718.99,0.94851806,12.608286946
801015,2016-04-12,1756.22,1746.89,1790.56,1693.5,0.93615197,11.660257570699999
801015,2016-04-13,1777.75,1744.03,1810.24,1727.81,1.16663513,14.8378405752
801015,2016-04-14,1824.21,1772.28,1843.68,1742.71,1.37512611,16.5052186774
801015,2016-04-15,1812.93,1804.86,1847.14,1769.56,0.92520398,12.0202069428
801015,2016-04-20,1710.65,1787.83,1822.05,1657.78,1.42251773,17.7238311821
801015,2016-04-21,1684.53,1682.23,1728.78,1646.24,0.78242339,9.283143575499999
801015,2016-04-22,1711.76,1659.65,1727.38,1638.26,0.73649848,8.5302684386
801015,2016-04-25,1709.47,1687.21,1736.26,1657.12,0.95050984,10.632545441900001
801015,2016-04-26,1734.58,1685.58,1742.86,1666.45,0.66901525,8.1964367381
801015,2016-04-27,1721.65,1713.57,1754.23,1684.18,0.55284454,6.9460410107
801015,2016-04-28,1704.07,1708.99,1739.03,1641.43,0.73350351,8.8789974271
801015,2016-04-29,1701.73,1675.11,1719.18,1654.93,0.53597936,6.112377295700001
801015,2016-05-03,1739.72,1674.76,1749.38,1660.6,0.66232435,7.734320567999999
801015,2016-05-04,1744.81,1708.9,1763.08,1689.36,1.05041992,11.261035539100002
801015,2016-05-05,1755.8,1723.94,1767.64,1700.25,0.80267111,8.661526158300001
801015,2016-05-06,1705.66,1740.35,1778.63,1665.67,1.04652204,11.879119233099999
801015,2016-05-09,1621.2,1668.2,1687.53,1583.3,0.78350922,8.6263504363
801015,2016-05-10,1600.65,1604.7,1630.16,1568.16,0.49846577,5.4867345492999995
801015,2016-05-11,1589.29,1591.89,1627.89,1555.27,0.75192217,9.0450059987
801015,2016-05-12,1560.81,1567.24,1586.12,1501.92,0.71640829,8.227773150099999
801015,2016-05-13,1568.12,1549.7,1593.54,1523.3,0.55893758,6.9393423925999995
801015,2016-05-16,1597.48,1565.81,1611.24,1536.2,0.58727868,7.039903214
801015,2016-05-17,1591.75,1591.71,1620.04,1560.02,0.5761259,7.0244931275
801015,2016-05-18,1555.78,1579.05,1603.19,1518.75,0.60023958,7.0939741977
801015,2016-05-19,1552.86,1551.81,1588.89,1523.57,0.58507613,7.0272807279
801015,2016-05-20,1571.83,1535.93,1582.69,1506.82,0.62418587,7.4121184073
801015,2016-05-23,1582.78,1569.47,1603.44,1547.17,0.57896729,6.7782718896
801015,2016-05-24,1575.65,1574.06,1613.98,1535.04,0.88725532,11.413830230799999
801015,2016-05-25,1584.65,1574.11,1612.18,1541.75,0.77279167,9.6402419204
801015,2016-05-26,1593.57,1571.54,1610.49,1518.88,1.00419236,13.1103331043
801015,2016-05-27,1578.52,1583.0,1608.29,1545.57,0.79876033,10.5827242676
801015,2016-05-30,1579.63,1569.8,1607.62,1531.96,0.76604674,10.296508319299999
801015,2016-05-31,1624.14,1569.8,1639.34,1546.46,1.35542918,17.8246554215
801015,2016-06-01,1632.01,1612.47,1660.99,1588.65,1.2499034,14.5940130396
801015,2016-06-02,1656.87,1627.81,1668.59,1602.2,1.11143929,12.460288351800001
801015,2016-06-03,1650.66,1638.31,1682.79,1610.49,1.40981095,13.8946104942
801015,2016-06-06,1641.81,1638.96,1670.86,1600.88,1.47449949,12.0426067649
801015,2016-06-07,1658.3,1636.37,1676.18,1604.21,1.10644508,10.6033636907
801015,2016-06-08,1643.06,1647.47,1667.58,1610.72,0.8641342,8.3881925167
801015,2016-06-13,1573.99,1621.6,1654.2,1549.68,0.96365807,8.6079337264
801015,2016-06-14,1588.15,1570.16,1613.65,1535.77,0.75387258,6.9335557925
801015,2016-06-15,1637.21,1569.07,1660.05,1548.94,1.14335099,10.7947389925
801015,2016-06-16,1635.67,1629.06,1675.76,1599.62,1.03924089,9.7951434478
801015,2016-06-17,1638.32,1629.62,1667.64,1606.48,0.78505942,7.1587568428
801015,2016-06-20,1638.61,1629.35,1661.39,1589.51,0.83425688,8.1979415536
801015,2016-06-21,1627.07,1641.09,1665.9,1599.43,0.83031744,8.0141542343
801015,2016-06-22,1645.41,1628.35,1658.35,1596.19,0.8018918,7.471123718099999
801015,2016-06-23,1624.67,1637.7,1656.88,1595.67,0.72611614,6.8793043234
801015,2016-06-24,1593.58,1615.49,1639.66,1534.36,1.12114491,9.5588268756
801015,2016-06-27,1635.31,1574.92,1643.43,1559.22,1.08729382,9.6956740795
801015,2016-06-28,1644.33,1621.66,1660.92,1602.15,1.07987999,10.284437069700001
801015,2016-06-29,1652.94,1637.97,1678.22,1614.68,1.16903539,10.691424593999999
801015,2016-06-30,1654.78,1649.66,1680.07,1620.53,0.9403197,9.5097358829
801015,2016-07-01,1657.5,1646.41,1673.82,1622.1,0.82077501,8.1636522399
801015,2016-07-05,1683.58,1687.77,1706.19,1667.05,1.07739391,10.647219892
801015,2016-07-06,1720.75,1686.74,1731.89,1676.12,2.52240749,18.6978132625
801015,2016-07-07,1754.22,1735.4,1772.39,1711.03,2.054146,16.785540401800002
801015,2016-07-08,1750.25,1738.2,1770.73,1717.76,0.78579357,9.1739664094
801015,2016-07-11,1748.82,1738.69,1775.09,1715.12,0.77800167,10.306169390900001
801015,2016-07-12,1769.34,1737.3,1775.84,1711.03,0.84066693,11.2729037279
801015,2016-07-13,1765.36,1762.28,1793.95,1729.1,3.04637431,23.2885713382
801015,2016-07-14,1747.86,1765.56,1776.36,1733.16,1.9495101,14.3379423857
801015,2016-07-15,1740.49,1750.19,1768.28,1724.27,1.84794114,12.944303500999998
801015,2016-07-18,1739.72,1740.98,1771.92,1708.97,1.71431374,13.4115047559
801015,2016-07-19,1742.78,1730.93,1753.91,1710.43,1.24674746,10.1272792637
801015,2016-07-20,1742.0,1738.59,1763.01,1726.92,1.1154866,9.3567124276
801015,2016-07-21,1730.68,1741.98,1755.63,1722.22,1.14241669,10.4782132097
801015,2016-07-22,1713.6,1727.73,1744.45,1707.22,1.04368489,8.3379340609
801015,2016-07-25,1715.26,1708.74,1731.08,1697.44,0.73316903,6.3168078788
801015,2016-07-26,1733.03,1713.13,1741.19,1707.7,1.13977903,8.8919451265
801015,2016-07-27,1662.41,1735.6,1751.85,1619.93,1.8480261,16.2261615341
801015,2016-07-28,1671.38,1667.81,1690.37,1632.1,1.2930736,15.1874966127
801015,2016-07-29,1655.3,1667.67,1680.96,1641.83,0.90745555,10.4710155678
801015,2016-08-01,1630.93,1646.38,1664.2,1596.31,1.14852565,11.5791141868
801015,2016-08-02,1654.59,1629.03,1659.18,1618.63,0.8271889,9.9435694649
801015,2016-08-03,1663.37,1652.62,1680.22,1634.61,1.04564535,12.801458934400001
801015,2016-08-04,1666.69,1657.21,1683.51,1643.57,0.97437895,10.127705560599999
801015,2016-08-05,1661.88,1662.79,1684.89,1653.34,0.69887979,8.0276422613
801015,2016-08-08,1694.29,1657.94,1710.94,1648.65,1.05809898,12.306590688399998
801015,2016-08-09,1707.59,1691.76,1722.28,1678.29,1.06978649,12.2116888396
801015,2016-08-10,1695.11,1704.93,1719.79,1679.52,0.99200192,10.500297911699999
801015,2016-08-11,1680.91,1692.15,1715.31,1669.96,0.98640189,9.6595384752
801015,2016-08-12,1690.26,1676.26,1699.13,1666.7,0.67190076,6.5283732252
801015,2016-08-15,1713.44,1690.65,1727.6,1675.6,1.14708746,10.7564851519
801015,2016-08-16,1732.59,1717.05,1752.68,1706.62,1.35487754,12.075445070699999
801015,2016-08-17,1736.71,1730.12,1749.02,1713.68,1.03616222,10.488251981
801015,2016-08-18,1729.02,1732.99,1749.65,1716.66,1.04009474,10.129051815499999
801015,2016-08-19,1729.04,1726.58,1741.28,1712.44,0.79192125,7.718870999500001
801015,2016-08-22,1717.66,1728.09,1747.76,1700.33,0.82116527,8.285298615
801015,2016-08-23,1724.83,1715.15,1748.27,1701.13,0.84075892,8.4925845935
801015,2016-08-24,1724.87,1723.8,1738.8,1708.37,0.70785528,6.6596089478
801015,2016-08-25,1722.49,1715.74,1742.85,1685.14,1.0254714,9.873922651900001
801015,2016-08-26,1730.11,1725.97,1756.95,1712.51,1.00111177,10.661841562200001
801015,2016-08-29,1764.04,1751.06,1786.13,1741.31,0.79302045,7.2407910193
801015,2016-08-30,1787.67,1790.48,1808.43,1761.34,1.17639557,10.5518484812
801015,2016-08-31,1782.46,1785.93,1804.76,1753.45,1.47465433,13.126970652699999
801015,2016-09-01,1774.41,1769.79,1806.41,1752.22,1.18629312,10.7734652129
801015,2016-09-02,1754.99,1765.96,1787.09,1739.21,0.89766129,7.7972539309
801015,2016-09-05,1769.13,1764.69,1794.21,1747.84,1.10559552,10.897298376300002
801015,2016-09-06,1784.43,1760.21,1792.77,1741.07,1.04673085,9.8235926493
801015,2016-09-07,1814.03,1782.54,1838.04,1769.46,1.91437934,18.0236259655
801015,2016-09-08,1817.48,1806.68,1831.77,1789.13,1.29956146,11.9152833531
801015,2016-09-09,1817.28,1815.44,1857.06,1797.9,1.3947078,13.485447295899998
801015,2016-09-12,1791.19,1774.69,1839.34,1744.22,1.81900468,15.880524060399999
801015,2016-09-13,1821.8,1796.79,1835.98,1777.35,1.64500243,14.7016505404
801015,2016-09-14,1801.61,1806.83,1854.4,1784.91,1.42891789,13.4338107202
801015,2016-09-19,1806.33,1799.86,1827.4,1783.29,0.9863405,9.0184199977
801015,2016-09-20,1813.87,1806.19,1830.61,1787.01,0.88082923,9.4100071657
801015,2016-09-21,1820.26,1809.78,1843.92,1791.52,1.067379,9.9842938551
801015,2016-09-22,1836.02,1823.39,1858.37,1804.31,1.29086443,12.4244574457
801015,2016-09-23,1822.92,1831.27,1856.69,1804.44,1.20145289,12.8413767861
801015,2016-09-26,1771.19,1820.66,1837.05,1757.3,1.02789683,10.4831253102
801015,2016-09-27,1768.53,1769.12,1789.18,1731.93,1.00679685,9.5019469574
801015,2016-09-28,1775.59,1767.31,1797.16,1750.8,0.94244533,9.3220049585
801015,2016-09-29,1774.3,1774.67,1795.03,1760.91,0.82836087,7.8393591851
801015,2016-09-30,1779.1,1776.49,1798.44,1757.58,0.71130786,7.1866561971000005
801015,2016-10-10,1846.45,1793.97,1857.13,1781.86,1.56886497,14.542224873699999
801015,2016-10-11,1877.02,1844.3,1898.29,1835.59,1.53838584,15.8323537724
801015,2016-10-12,1890.96,1864.76,1908.42,1849.48,1.58090575,15.486177339500001
801015,2016-10-13,1881.03,1891.15,1913.37,1866.85,1.19854577,11.5146986234
801015,2016-10-14,1872.26,1882.87,1898.55,1851.25,1.03360004,9.8398219104
801015,2016-10-17,1841.77,1875.53,1887.27,1833.69,1.09311317,10.0070821075
801015,2016-10-18,1872.38,1842.41,1882.63,1833.74,1.07372189,9.7728811699
801015,2016-10-19,1861.88,1871.03,1890.29,1848.72,1.00043022,9.5488904339
801015,2016-10-20,1876.87,1862.3,1897.35,1845.03,1.19946432,10.7085183843
801015,2016-10-21,1873.92,1868.95,1896.3,1842.88,1.10091194,10.4987300372
801015,2016-10-24,1883.93,1872.7,1898.66,1859.97,0.95475799,8.9319732721
801015,2016-10-25,1904.07,1885.53,1934.08,1874.4,1.46573802,12.747039301700001
801015,2016-10-26,1906.29,1905.03,1930.46,1882.16,1.110865,10.8635590105
801015,2016-10-27,1911.89,1907.75,1950.72,1885.1,1.25008119,12.627833338
801015,2016-10-28,1905.32,1913.83,1948.41,1890.32,1.26297267,13.1615093239
801015,2016-10-31,1907.78,1903.31,1925.27,1868.99,1.08920828,10.3114799283
801015,2016-11-01,1935.51,1905.34,1957.1,1893.1,1.57911756,16.0245118562
801015,2016-11-02,1913.93,1929.16,1957.3,1903.82,1.27291915,12.831696458699998
801015,2016-11-03,1923.35,1906.54,1955.05,1888.92,1.58315148,14.5251445624
801015,2016-11-04,1938.63,1920.29,1973.78,1905.14,2.17860913,15.0094669882
801015,2016-11-07,1943.18,1936.95,1979.55,1905.21,2.21258183,15.3783447314
801015,2016-11-08,1946.76,1947.71,1969.15,1917.09,1.88351925,14.6608030928
801015,2016-11-09,1945.34,1942.74,1975.12,1898.6,2.00763169,16.9690457412
801015,2016-11-10,1974.07,1954.2,1993.74,1939.88,1.94341324,16.2677969548
801015,2016-11-11,1983.24,1970.63,2012.15,1949.72,1.79041313,15.505633208099999
801015,2016-11-14,1992.98,1976.29,2018.5,1959.46,1.47188154,14.144042645399999
801015,2016-11-15,2031.38,1994.82,2049.64,1975.8,1.78739209,17.0835753474
801015,2016-11-16,2012.39,2031.14,2054.41,1995.51,1.4692248,14.139923738599999
801015,2016-11-17,2017.66,2007.57,2038.09,1985.22,1.34306155,12.930281238900001
801015,2016-11-18,2019.28,2016.03,2051.02,1991.17,1.26567132,13.064470892100001
801015,2016-11-21,2020.11,2015.54,2044.86,1999.28,1.05403043,10.949581606199999
801015,2016-11-22,2059.63,2021.59,2068.67,2010.88,1.18824712,13.1376471146
801015,2016-11-23,2056.2,2057.48,2095.98,2030.88,1.69704533,18.5748708914
801015,2016-11-24,2042.05,2051.78,2076.53,2007.68,1.40999775,14.619620588599998
801015,2016-11-25,2037.42,2038.36,2055.82,1985.09,1.07859586,11.056444558399999
801015,2016-11-28,2023.11,2039.29,2062.21,2000.7,1.2410235,12.8525955282
801015,2016-11-29,1996.98,2018.74,2043.58,1972.16,1.27756635,13.1318529984
801015,2016-11-30,1992.13,1987.67,2030.94,1961.12,1.15481536,11.6612615324
801015,2016-12-01,2002.1,1993.2,2020.56,1972.29,0.84672999,8.802235298
801015,2016-12-02,1957.72,1998.55,2015.73,1935.91,1.0357022,9.921558854
801015,2016-12-05,1947.14,1929.75,1976.06,1911.35,0.72621874,7.1513772187
801015,2016-12-06,1957.13,1947.04,1983.32,1929.72,0.7830873,7.173663028099999
801015,2016-12-07,1987.77,1954.19,2001.64,1940.49,0.99411945,9.4819116207
801015,2016-12-08,1982.02,1987.87,2006.48,1962.22,0.75732178,7.2573584163
801015,2016-12-09,1983.13,1980.26,2003.28,1960.48,0.67276927,6.8741987515
801015,2016-12-12,1894.67,1985.88,2019.89,1883.28,1.35246181,13.3760833885
801015,2016-12-13,1936.12,1883.87,1956.66,1866.26,1.0582136,10.0960951423
801015,2016-12-14,1922.91,1932.77,1968.91,1900.13,0.92423528,9.2699270248
801015,2016-12-15,1956.65,1915.5,1972.64,1901.19,1.06560308,11.034334146600001
801015,2016-12-16,2011.65,1956.57,2036.13,1943.6,1.95906369,15.6063174444
801015,2016-12-19,2031.1,2006.9,2056.52,1976.58,1.84413622,14.8119300856
801015,2016-12-20,2029.15,2020.37,2057.63,1996.24,1.43447726,12.045109184200001
801015,2016-12-21,2034.52,2033.28,2071.36,2007.97,1.50068513,13.120831333599998
801015,2016-12-22,2009.52,2028.32,2043.56,1989.39,0.9854598,8.5352765709
801015,2016-12-23,1982.31,2004.84,2026.6,1963.99,0.98868344,8.8144745449
801015,2016-12-26,1990.84,1978.52,2020.65,1934.62,1.18510626,10.6523362601
801015,2016-12-27,2015.75,1990.99,2039.04,1964.7,1.20140993,12.666970781099998
801015,2016-12-28,1998.3,2007.93,2052.59,1979.06,1.23492856,12.4818726355
801015,2016-12-29,1987.86,1995.16,2014.68,1965.56,0.89649111,9.3883370519
801015,2016-12-30,1981.65,1984.59,2009.15,1958.48,0.76180559,8.2333275652
801015,2017-01-03,2011.82,1982.6,2033.22,1967.66,1.33687339,11.480679645699999
801015,2017-01-04,2054.0,2009.56,2068.65,1992.07,1.49668368,14.7200639205
801015,2017-01-05,2044.97,2049.15,2085.13,2030.91,1.23057161,11.970674611700002
801015,2017-01-06,2044.34,2038.81,2072.31,2016.68,1.4935618,12.5595522371
801015,2017-01-09,2062.64,2039.63,2088.17,2021.86,1.2920235,12.507670561300001
801015,2017-01-10,2054.07,2054.66,2084.67,2032.69,0.99223448,9.5905439202
801015,2017-01-11,2027.81,2044.53,2074.36,2012.0,1.08403486,10.3164644182
801015,2017-01-12,1997.35,2024.28,2045.05,1982.75,0.80451937,7.280384251699999
801015,2017-01-13,1979.0,1992.72,2025.38,1961.85,0.80927847,7.2862692759000005
801015,2017-01-16,1909.37,1975.2,1991.22,1850.83,1.27273246,11.8581760399
801015,2017-01-17,1923.52,1901.6,1937.21,1865.85,0.75792954,7.0249149363
801015,2017-01-18,1943.5,1915.58,1964.55,1901.18,0.75954701,7.1641770749
801015,2017-01-19,1933.92,1940.35,1972.34,1912.9,0.92507461,10.0911725419
801015,2017-01-20,1957.13,1930.01,1974.32,1916.59,0.73900715,7.8220707497
801015,2017-01-23,1958.38,1949.77,1986.73,1917.81,0.96156373,9.990189875599999
801015,2017-01-24,1941.24,1950.04,1968.03,1922.98,0.69465645,6.8650273233000005
801015,2017-01-25,1961.18,1936.46,1979.63,1922.85,0.60801088,6.284015671900001
801015,2017-01-26,1980.6,1962.79,1999.39,1944.91,0.68854666,6.7877427782
801015,2017-02-03,1973.57,1976.23,1997.7,1953.11,0.4623668,4.4190230396
801015,2017-02-06,1989.65,1975.12,2005.48,1961.28,0.71607254,6.7317885533
801015,2017-02-07,1979.74,1981.31,2009.28,1954.29,0.75903216,7.9415656543
801015,2017-02-08,2012.22,1975.0,2018.24,1958.24,0.95037368,12.9870478456
801015,2017-02-09,2044.33,2020.0,2059.26,2009.1,1.14497158,16.750175584100003
801015,2017-02-10,2024.23,2045.99,2077.16,2002.14,1.65726292,27.6557624757
801015,2017-02-13,2011.35,2003.35,2036.36,1985.49,1.18835626,17.0268783367
801015,2017-02-14,2015.22,2009.4,2039.08,1983.74,1.20508914,12.8722624263
801015,2017-02-15,1975.32,2005.29,2025.15,1966.93,1.16768458,13.5979319343
801015,2017-02-16,1968.38,1970.53,1990.93,1948.69,0.92293757,10.4470259579
801015,2017-02-17,1960.75,1964.68,1985.96,1941.09,0.85000331,9.1609043424
801015,2017-02-20,1964.52,1956.97,1980.9,1930.88,0.81256617,9.1806588188
801015,2017-02-21,1973.83,1964.56,1988.26,1950.36,0.74712106,7.3422827544
801015,2017-02-22,1976.1,1974.02,1987.34,1949.48,0.77379024,7.8796724386
801015,2017-02-23,1958.06,1973.55,1986.34,1935.66,0.84658191,8.7228272501
801015,2017-02-24,1974.52,1955.46,1988.18,1944.27,0.86110157,8.2692769784
801015,2017-02-27,1963.79,1971.99,1997.56,1948.88,0.83738849,8.3941621293
801015,2017-02-28,1970.04,1966.45,1986.91,1949.91,0.78562847,7.4722596433
801015,2017-03-01,1978.32,1969.2,1994.1,1951.79,0.83335065,8.8906039257
801015,2017-03-02,1957.04,1977.18,1988.5,1941.38,0.64763213,6.9607878322
801015,2017-03-03,1951.19,1951.94,1966.19,1927.54,0.59790413,6.1118239074
801015,2017-03-06,1975.29,1948.18,1980.19,1942.16,0.70074046,6.6970350747000005
801015,2017-03-07,1979.6,1973.29,1993.9,1959.49,0.60531684,6.2156413263
801015,2017-03-08,1971.98,1985.49,2001.61,1960.85,0.61200973,6.2034869528
801015,2017-03-09,1947.72,1971.77,1977.18,1931.27,0.70210734,6.6446219753
801015,2017-03-10,1937.59,1944.59,1960.17,1928.96,0.55299345,4.9363543712
801015,2017-03-13,1944.3,1932.73,1956.38,1914.77,0.55768658,5.526115104
801015,2017-03-14,1935.51,1941.9,1958.12,1924.99,0.46228293,4.8214061028
801015,2017-03-15,1937.15,1930.32,1951.91,1915.06,0.47037637,4.7679471477
801015,2017-03-16,1950.38,1937.03,1957.77,1928.65,0.59378296,5.7527665364
801015,2017-03-17,1949.25,1948.84,1982.91,1933.55,0.8164359,8.2427936233
801015,2017-03-20,1965.16,1941.26,1973.34,1930.43,0.67208321,7.028191520599999
801015,2017-03-21,1980.03,1963.31,1996.39,1948.33,0.88003448,9.8097155766
801015,2017-03-22,1964.93,1969.41,1983.65,1941.53,0.81445904,9.1201520603
801015,2017-03-23,1952.8,1958.1,1979.14,1928.11,0.76358321,8.5816959655
801015,2017-03-24,1960.04,1963.11,1974.57,1932.48,0.83656096,8.4360891932
801015,2017-03-27,1953.17,1956.02,1985.16,1920.32,1.01083467,12.9844214128
801015,2017-03-28,1975.19,1948.68,2004.76,1929.72,1.22484127,13.850240181099998
801015,2017-03-29,1942.26,1972.47,1982.98,1929.39,0.94151507,10.484243206
801015,2017-03-30,1905.69,1942.37,1968.76,1883.39,1.24416566,12.784543481400002
801015,2017-03-31,1909.12,1915.74,1940.44,1881.78,0.79362742,8.6546511061
801015,2017-04-06,1946.62,1940.43,1965.09,1925.96,0.7230475,8.0611229439
801015,2017-04-07,1942.39,1944.1,1970.7,1921.7,0.75329023,8.0675745796
801015,2017-04-10,1922.77,1936.82,1953.43,1906.93,0.70988896,7.765508029099999
801015,2017-04-11,1886.32,1921.47,1935.94,1850.65,1.11812464,11.227377450999999
801015,2017-04-12,1882.16,1887.12,1909.65,1857.69,0.70215506,6.775576849199999
801015,2017-04-13,1880.2,1881.63,1910.46,1859.89,0.64076127,6.4991734698000005
801015,2017-04-14,1844.34,1879.49,1890.86,1830.14,0.68931701,6.7193241248
801015,2017-04-17,1816.97,1840.88,1853.62,1784.18,0.6069938,5.7278123214
801015,2017-04-18,1786.76,1816.93,1835.28,1774.26,0.57535272,5.474908005800001
801015,2017-04-19,1762.92,1776.74,1797.3,1719.87,0.76797926,6.5218767161
801015,2017-04-20,1753.05,1753.53,1777.57,1724.68,0.46692583,3.6933419353
801015,2017-04-21,1746.18,1754.64,1770.41,1731.73,0.41986519,3.7050867811000003
801015,2017-04-24,1691.83,1740.28,1752.06,1672.52,0.67187878,6.2141254659000005
801015,2017-04-25,1674.43,1696.47,1718.04,1649.15,0.68796901,6.1452485682
801015,2017-04-26,1683.39,1668.78,1704.56,1657.36,0.55766982,4.5537979639
801015,2017-04-27,1704.95,1686.2,1718.29,1650.08,0.68184937,5.2953712959
801015,2017-04-28,1731.18,1705.57,1742.01,1696.98,0.51964425,4.4008186601
801015,2017-05-02,1733.99,1720.47,1748.03,1707.97,0.32299909,2.6305910232
801015,2017-05-03,1726.65,1717.92,1746.65,1697.85,0.34726268,3.0198293423
801015,2017-05-04,1719.98,1712.42,1739.48,1693.51,0.31066712,2.7338351726999996
801015,2017-05-05,1700.48,1704.18,1726.17,1676.05,0.35815524,2.8328718064999996
801015,2017-05-08,1689.08,1686.53,1716.97,1665.5,0.36712702,4.0092376732999995
801015,2017-05-09,1699.47,1672.74,1710.59,1657.34,0.30031607,2.993846862
801015,2017-05-10,1666.08,1683.96,1710.74,1648.38,0.32849443,3.1502258063
801015,2017-05-11,1649.76,1648.66,1670.7,1601.08,0.42300986,3.7339595706999997
801015,2017-05-12,1640.81,1626.41,1663.37,1590.49,0.46590288,3.9040255614999997
801015,2017-05-15,1658.03,1630.55,1674.53,1620.86,0.37228731,3.3724716025
801015,2017-05-16,1686.54,1643.56,1695.4,1624.23,0.54995179,4.6735542673
801015,2017-05-17,1690.53,1673.77,1712.85,1665.12,0.41311746,3.6435219802999996
801015,2017-05-18,1679.7,1667.79,1704.51,1653.97,0.31043498,2.7329508951999997
801015,2017-05-19,1680.69,1663.77,1698.52,1657.86,0.25939522,2.2869635299
801015,2017-05-22,1652.36,1667.46,1691.84,1630.25,0.32897226,2.9016588397000005
801015,2017-05-23,1611.51,1638.51,1657.96,1590.13,0.45069157,3.4728533477999997
801015,2017-05-24,1618.56,1596.51,1628.49,1557.07,0.34036718,2.5718244378
801015,2017-05-25,1628.8,1602.32,1641.41,1576.57,0.34453958,2.7492625176
801015,2017-05-26,1636.59,1614.44,1651.14,1604.52,0.32413097,2.9657076894
801015,2017-05-31,1631.2,1630.48,1665.93,1612.37,0.41116761,3.5746649435
801015,2017-06-01,1606.61,1615.01,1645.22,1578.76,0.37661322,3.4104439498000003
801015,2017-06-02,1620.96,1582.87,1629.21,1573.53,0.33379295,2.3781643359
801015,2017-06-05,1633.82,1610.31,1647.83,1604.22,0.30318328,2.617294158
801015,2017-06-06,1659.43,1617.33,1674.42,1611.99,0.43421467,4.3270619843
801015,2017-06-07,1686.7,1652.22,1697.7,1641.34,0.5119666,4.8023173954
801015,2017-06-08,1681.52,1670.32,1694.69,1657.14,0.43211675,4.1023294952
801015,2017-06-09,1690.25,1665.3,1705.62,1654.85,0.48046173,5.1590645367
801015,2017-06-12,1675.13,1671.99,1705.42,1644.6,0.42054479,3.8469990485000003
801015,2017-06-13,1685.52,1654.74,1697.0,1646.27,0.34849264,3.4997451366
801015,2017-06-14,1686.51,1673.88,1703.48,1657.1,0.38704378,3.7236881589
801015,2017-06-15,1712.76,1671.44,1731.28,1664.81,0.5897892,4.9481577822
801015,2017-06-16,1707.24,1699.29,1731.6,1684.97,0.36882543,3.5566526451
801015,2017-06-19,1707.45,1697.51,1722.75,1673.03,0.38102913,3.7048166429
801015,2017-06-20,1709.61,1696.72,1724.74,1683.61,0.35262849,3.2968682136000003
801015,2017-06-21,1707.18,1702.12,1722.33,1681.33,0.25453318,2.3782995722
801015,2017-06-22,1684.68,1693.34,1720.65,1666.25,0.34638989,3.1519092217
801015,2017-06-23,1685.39,1671.67,1696.08,1647.44,0.29752893,2.5748937201
801015,2017-06-26,1696.53,1669.21,1702.22,1663.57,0.27632009,2.3040819941999997
801015,2017-06-27,1706.74,1686.19,1722.9,1677.42,0.36925309,3.4179469413
801015,2017-06-28,1700.0,1694.2,1721.0,1677.63,0.38547566,3.9496174319
801015,2017-06-29,1701.53,1685.89,1713.55,1675.45,0.33122035,3.2082388642
801015,2017-06-30,1702.36,1685.9,1711.72,1674.74,0.26400963,2.5189887136
801015,2017-07-03,1705.04,1693.94,1724.36,1667.66,0.44349201,4.5749811305
801015,2017-07-04,1698.83,1691.29,1714.62,1669.43,0.33372423,3.2486571327999996
801015,2017-07-05,1706.26,1684.44,1712.0,1672.76,0.31948428,2.8580428337
801015,2017-07-06,1710.79,1698.19,1723.91,1682.5,0.40104176,3.4627136326
801015,2017-07-07,1713.39,1693.76,1721.18,1684.2,0.34212245,3.0938269212000002
801015,2017-07-10,1713.43,1699.51,1729.31,1685.9,0.37906596,3.0833003126
801015,2017-07-11,1709.26,1710.69,1727.52,1693.22,0.53308081,4.5642692637
801015,2017-07-12,1690.62,1703.65,1712.56,1672.75,0.41163033,3.4274877701
801015,2017-07-13,1692.16,1693.18,1706.8,1677.59,0.41878644,4.1016424076
801015,2017-07-14,1680.55,1693.11,1699.94,1671.29,0.31376977,2.9193783111
801015,2017-07-17,1604.18,1677.34,1681.72,1590.46,0.76239135,6.052568988200001
801015,2017-07-18,1589.93,1599.92,1613.95,1548.07,0.660635,5.930631576900001
801015,2017-07-19,1586.88,1580.41,1597.64,1552.66,0.57211472,4.9329389164999995
801015,2017-07-20,1606.58,1588.19,1623.33,1578.09,0.60574896,5.0851586604
801015,2017-07-24,1609.61,1604.25,1621.14,1590.56,0.44202508,3.5075834332999998
801015,2017-07-25,1613.83,1606.24,1626.35,1594.31,0.42926154,3.3352482894
801015,2017-07-26,1609.45,1613.48,1623.07,1594.83,0.3786786,2.9635910386
801015,2017-07-27,1630.29,1607.51,1648.85,1600.8,0.62481774,5.4346382538
801015,2017-07-28,1636.46,1627.35,1651.72,1618.77,0.42032016,3.7467785647000005
801015,2017-07-31,1638.17,1632.3,1645.2,1620.1,0.43046305,3.546137844
801015,2017-08-01,1634.34,1634.77,1647.21,1619.98,0.5028676,3.8690995827999997
801015,2017-08-02,1620.05,1636.94,1649.7,1612.29,0.49782815,3.8397641875999997
801015,2017-08-03,1616.32,1617.86,1631.61,1600.93,0.47310635,4.1382360389
801015,2017-08-04,1610.81,1617.38,1629.72,1598.08,0.54510248,3.8665390474000003
801015,2017-08-07,1615.82,1609.06,1621.57,1599.91,0.36875737,2.6994516261
801015,2017-08-08,1652.9,1613.15,1666.39,1608.51,1.08774829,6.7718787186
801015,2017-08-09,1637.22,1645.32,1653.69,1625.75,0.64352892,4.4770551577
801015,2017-08-10,1626.71,1638.43,1646.83,1612.48,0.48242447,3.4519875415
801015,2017-08-11,1614.05,1619.43,1632.3,1606.4,0.48287794,3.6943533052999995
801015,2017-08-14,1631.29,1613.67,1636.39,1609.58,0.38117507,2.7423514212
801015,2017-08-15,1632.3,1631.85,1641.82,1622.05,0.32839904,2.4005121009
801015,2017-08-16,1642.33,1632.05,1650.28,1626.85,0.36179092,2.8170705739999997
801015,2017-08-17,1650.14,1641.27,1656.95,1630.32,0.40100372,3.1222675669
801015,2017-08-18,1647.9,1647.5,1655.75,1635.61,0.33622864,2.8417886861
801015,2017-08-21,1669.37,1653.2,1682.07,1645.83,0.40143355,3.626635133
801015,2017-08-22,1667.33,1666.78,1683.03,1652.46,0.44632515,3.9853325211
801015,2017-08-23,1661.27,1667.6,1674.93,1650.81,0.33706342,2.8924441447
801015,2017-08-24,1650.61,1661.44,1676.24,1641.33,0.3999064,3.7282649602999998
801015,2017-08-25,1657.41,1649.21,1666.11,1638.67,0.3404973,3.1209894302
801015,2017-08-28,1668.69,1659.32,1676.88,1651.97,0.48155977,3.7729255731999998
801015,2017-08-29,1654.14,1664.57,1673.58,1649.15,0.48931097,3.8655983022000004
801015,2017-08-30,1656.19,1658.86,1667.43,1645.38,0.4664672,3.7765970407
801015,2017-08-31,1655.93,1654.82,1665.41,1644.19,0.39323852,3.2648450141
801015,2017-09-01,1664.26,1656.22,1668.9,1647.31,0.42481379,3.3126628808999996
801015,2017-09-04,1663.76,1660.55,1672.88,1648.62,0.48936619,3.8934329432
801015,2017-09-05,1669.9,1663.45,1676.96,1653.79,0.40827128,3.3238583281
801015,2017-09-06,1671.35,1666.34,1679.78,1657.99,0.47399036,3.2600632083999996
801015,2017-09-07,1667.67,1679.7,1696.29,1661.57,0.9419807,5.4430756446
801015,2017-09-08,1677.38,1666.58,1685.1,1658.14,0.67033194,5.039949753
801015,2017-09-11,1688.66,1674.42,1701.22,1667.64,0.62976188,4.8394503218
801015,2017-09-12,1675.86,1690.27,1700.4,1671.76,0.54488757,4.208475028600001
801015,2017-09-13,1674.29,1676.78,1688.47,1665.09,0.41554918,3.3540253033
801015,2017-09-14,1667.42,1673.82,1684.24,1661.25,0.50468009,3.8967278744
801015,2017-09-15,1661.21,1666.87,1671.92,1653.02,0.36683949,2.9581878991000004
801015,2017-09-18,1661.56,1660.16,1671.26,1645.15,0.48527204,4.2397621105
801015,2017-09-19,1670.59,1660.54,1685.46,1648.25,0.67401786,4.5538524645
801015,2017-09-20,1670.27,1664.73,1678.58,1651.84,0.67499513,5.2162749965
801015,2017-09-21,1673.01,1704.34,1727.09,1659.91,1.52988678,11.4339050637
801015,2017-09-22,1639.4,1660.86,1694.51,1623.86,0.83752203,6.1170169693
801015,2017-09-25,1629.75,1637.2,1658.26,1609.72,0.56206004,3.8982537561000004
801015,2017-09-26,1632.8,1623.05,1646.08,1606.06,0.46932047,3.3787852313999998
801015,2017-09-27,1632.48,1633.86,1644.86,1613.6,0.39680369,2.7426881441
801015,2017-09-28,1628.91,1631.6,1648.49,1612.69,0.47736828,3.4322240296
801015,2017-09-29,1637.53,1631.42,1655.52,1621.23,0.38925367,2.5950913429
801015,2017-10-09,1657.14,1647.11,1670.76,1637.29,0.58920901,3.9983587560000005
801015,2017-10-10,1687.54,1658.47,1699.2,1646.24,0.72925563,5.8944197367
801015,2017-10-11,1682.18,1687.5,1709.59,1668.89,0.61427739,5.2459191160000005
801015,2017-10-12,1667.48,1681.72,1694.23,1649.0,0.66179839,4.7211414812
801015,2017-10-13,1683.29,1665.58,1692.63,1655.57,0.48537874,3.7768064486
801015,2017-10-16,1683.12,1682.38,1722.79,1662.51,0.92388745,8.1377759446
801015,2017-10-17,1679.7,1677.07,1700.72,1653.64,0.55321381,4.8949864541000006
801015,2017-10-18,1667.89,1677.39,1699.26,1658.34,0.46194512,3.9210239175
801015,2017-10-19,1645.09,1664.14,1678.61,1637.02,0.50766293,4.14543796
801015,2017-10-20,1658.94,1639.31,1672.54,1631.52,0.50437377,4.6111606979
801015,2017-10-23,1664.94,1661.88,1683.52,1640.66,0.52848279,4.4187355129000006
801015,2017-10-24,1675.29,1663.81,1689.3,1637.54,0.72903153,7.4243965674000005
801015,2017-10-25,1685.75,1671.71,1700.91,1657.15,0.62941843,6.1091135464
801015,2017-10-26,1690.19,1680.02,1703.34,1669.56,0.52679343,4.6075928401
801015,2017-10-27,1696.54,1686.75,1721.7,1672.62,0.77038764,6.6803527829
801015,2017-10-30,1690.18,1696.67,1720.36,1654.55,0.94038951,8.1888795407
801015,2017-10-31,1688.48,1691.59,1708.41,1671.79,0.54202783,4.4904775657
801015,2017-11-01,1673.58,1679.14,1696.29,1658.67,0.58267847,5.030576211600001
801015,2017-11-02,1647.16,1671.9,1686.14,1636.09,0.62784425,5.3142724243
801015,2017-11-03,1641.36,1643.98,1660.57,1622.32,0.48181463,3.8158370713
801015,2017-11-06,1641.8,1641.69,1665.32,1622.57,0.45657814,3.670051721
801015,2017-11-07,1638.64,1642.07,1655.58,1624.05,0.43887654,3.4042200246
801015,2017-11-08,1639.5,1640.23,1657.47,1624.49,0.46651051,4.3075273748
801015,2017-11-09,1646.88,1635.98,1660.24,1625.29,0.37777184,3.2952362729000004
801015,2017-11-10,1643.28,1647.13,1660.41,1628.18,0.45444811,3.7445099694999997
801015,2017-11-13,1633.69,1646.63,1659.58,1621.99,0.51515786,4.1049696789
801015,2017-11-14,1621.4,1632.67,1647.15,1601.74,0.57044873,5.0139240028
801015,2017-11-15,1623.88,1621.03,1637.97,1588.9,0.54358205,5.1903033508
801015,2017-11-16,1627.51,1623.46,1641.55,1607.06,0.45463373,3.9684035576
801015,2017-11-17,1587.18,1623.54,1637.9,1565.41,0.64963276,5.3261407005
801015,2017-11-20,1569.4,1585.95,1597.03,1527.21,0.48576984,3.6876821747000004
801015,2017-11-21,1589.3,1566.71,1612.1,1538.03,0.64323367,4.825953364
801015,2017-11-22,1576.97,1588.98,1599.63,1546.73,0.66072015,5.1656888625
801015,2017-11-23,1568.93,1572.36,1609.17,1543.31,0.63085282,4.9828907698
801015,2017-11-24,1585.04,1565.2,1592.44,1543.82,0.42102662,3.486166035
801015,2017-11-27,1564.35,1576.77,1594.96,1550.06,0.35097441,2.7889716587
801015,2017-11-28,1575.52,1565.0,1584.27,1548.81,0.36313263,3.2739730461
801015,2017-11-29,1582.45,1576.81,1596.15,1559.15,0.43346398,3.9258332211
801015,2017-11-30,1575.03,1579.29,1594.17,1564.28,0.27741699,2.4181783672
801015,2017-12-01,1591.14,1574.91,1608.39,1564.76,0.3598118,3.1303211559
801015,2017-12-04,1594.03,1587.47,1616.03,1570.04,0.47865107,4.7290373962
801015,2017-12-05,1558.06,1593.32,1603.49,1543.24,0.40437762,3.0664072427
801015,2017-12-06,1560.06,1554.64,1575.82,1534.05,0.4028397,3.5070464347000003
801015,2017-12-07,1556.24,1559.65,1577.73,1539.85,0.39194529,3.1864769323
801015,2017-12-08,1589.51,1557.55,1594.46,1547.31,0.46409499,3.6240705892
801015,2017-12-11,1608.14,1589.51,1622.02,1576.94,0.46241532,4.2917011318
801015,2017-12-12,1594.1,1605.01,1615.94,1584.33,0.38209457,3.2914903513
801015,2017-12-13,1603.07,1596.1,1612.34,1577.73,0.30637535,2.4178538805
801015,2017-12-14,1588.78,1601.52,1612.24,1577.73,0.35951001,2.9645956545
801015,2017-12-15,1592.54,1589.96,1606.87,1570.2,0.35119234,2.8721057248000004
801015,2017-12-18,1591.39,1590.13,1608.31,1576.5,0.37206453,3.3610356695
801015,2017-12-19,1588.33,1594.94,1607.45,1579.12,0.20520707,1.6394940865
801015,2017-12-20,1564.84,1586.48,1593.64,1557.22,0.26868246,2.0372656115
801015,2017-12-21,1563.58,1564.44,1576.97,1549.8,0.3038783,2.4139881715000002
801015,2017-12-22,1563.32,1561.46,1574.98,1547.98,0.23585234,1.8886974128
801015,2017-12-25,1545.94,1558.54,1573.34,1531.69,0.28478985,2.3125351283
801015,2017-12-26,1547.1,1546.43,1555.32,1524.35,0.27721777,2.2194172082
801015,2017-12-27,1538.36,1545.97,1556.0,1523.91,0.26666907,2.1278638936000003
801015,2017-12-28,1540.18,1537.21,1561.98,1519.01,0.39542104,3.2489925311000003
801015,2017-12-29,1555.76,1535.75,1566.71,1528.66,0.34618204,3.0125241396
801015,2018-01-02,1573.5,1556.63,1585.37,1547.56,0.32523966,2.3192016144
801015,2018-01-03,1586.61,1573.78,1598.1,1566.78,0.40017534,3.1387350626
801015,2018-01-04,1589.49,1585.16,1601.13,1573.78,0.36960336,2.7297861639
801015,2018-01-05,1635.96,1621.25,1661.11,1592.74,1.31745948,8.7187648118
801015,2018-01-08,1664.99,1667.52,1680.76,1647.64,0.75842119,5.5404762326
801015,2018-01-09,1679.38,1697.26,1706.46,1649.77,2.48355891,17.9337538775
801015,2018-01-10,1682.34,1720.62,1728.04,1657.78,2.7437207,20.7421353303
801015,2018-01-11,1726.12,1669.4,1735.23,1651.31,2.23145198,16.6802074652
801015,2018-01-12,1717.49,1760.28,1786.3,1701.66,4.34675866,36.4529744714
801015,2018-01-15,1650.81,1671.36,1698.2,1643.11,3.15369995,22.109064646
801015,2018-01-16,1654.89,1651.97,1679.08,1624.36,2.36001615,16.5332867796
801015,2018-01-17,1614.19,1627.2,1646.19,1584.99,2.51738856,16.491860093099998
801015,2018-01-18,1616.49,1612.8,1633.8,1595.34,1.28039612,8.4371897931
801015,2018-01-19,1613.83,1627.12,1640.77,1601.05,1.35036748,8.6666099378
801015,2018-01-22,1616.1,1611.4,1624.08,1581.49,0.9770464,6.4411931355
801015,2018-01-23,1607.6,1614.73,1625.89,1591.79,0.82702371,5.3700213173
801015,2018-01-24,1616.46,1604.14,1626.95,1588.85,0.99138185,6.8468958223000005
801015,2018-01-25,1605.56,1611.83,1635.84,1592.22,1.08533964,7.348507495700001
801015,2018-01-26,1603.43,1602.32,1620.7,1584.6,0.88565082,5.8037273976
801015,2018-01-29,1599.93,1599.09,1624.78,1575.12,1.06711633,6.930170304400001
801015,2018-01-30,1599.96,1608.72,1619.39,1592.06,0.69669805,4.6404688094
801015,2018-01-31,1583.11,1606.32,1618.75,1561.68,1.11541312,8.5624840945
801015,2018-02-01,1528.76,1582.34,1599.86,1514.48,1.00458466,6.6691282449000004
801015,2018-02-02,1492.63,1487.72,1533.8,1447.26,1.58145283,12.4608337203
801015,2018-02-05,1471.85,1456.38,1496.68,1408.71,0.94370479,5.38507147
801015,2018-02-06,1415.73,1423.8,1461.94,1398.72,0.64246749,3.7442425162
801015,2018-02-07,1420.19,1406.83,1442.12,1387.67,0.56352201,3.1853685849
801015,2018-02-08,1418.54,1405.34,1433.63,1394.61,0.38388113,2.1680899234
801015,2018-02-09,1379.13,1379.33,1410.66,1356.85,1.03034343,5.2816625933
801015,2018-02-12,1387.68,1353.84,1422.18,1348.51,1.50214731,10.569290324199999
801015,2018-02-13,1392.01,1394.49,1416.95,1369.73,1.08852069,6.9567550315
801015,2018-02-14,1395.6,1389.82,1410.67,1366.19,0.65182817,3.9791397776
801015,2018-02-22,1414.28,1399.41,1425.77,1383.81,0.69028609,3.6841139449
801015,2018-02-23,1411.05,1407.84,1424.29,1394.54,0.65003558,3.5417415531
801015,2018-02-26,1429.23,1415.17,1436.8,1401.47,0.78777576,4.4824267701
801015,2018-02-27,1451.56,1431.57,1474.49,1422.54,1.15417034,6.6440155433
801015,2018-02-28,1457.42,1438.06,1471.78,1424.12,1.05298908,6.2623838456
801015,2018-03-01,1477.45,1454.93,1491.74,1442.67,0.90083459,5.6188147465
801015,2018-03-02,1457.08,1470.45,1493.08,1447.86,0.76964882,4.780345344700001
801015,2018-03-05,1467.35,1456.53,1482.05,1442.95,0.77087852,4.8601296819
801015,2018-03-06,1476.11,1465.17,1492.1,1457.17,0.64755611,4.4446769808
801015,2018-03-07,1458.03,1471.17,1482.02,1444.6,0.93064196,5.884820191499999
801015,2018-03-08,1459.81,1452.66,1474.16,1438.03,0.76184512,4.9180195248
801015,2018-03-09,1479.99,1460.5,1490.65,1446.8,1.14032234,7.2007389583000005
801015,2018-03-12,1494.26,1489.7,1513.91,1472.63,1.27414896,8.2981402223
801015,2018-03-13,1502.87,1492.15,1521.46,1479.49,0.88746781,5.1073144569
801015,2018-03-14,1486.54,1503.26,1515.44,1475.15,0.655466,3.9492799987000002
801015,2018-03-15,1492.39,1484.91,1514.04,1463.06,0.60983815,4.6159914333
801015,2018-03-16,1485.67,1489.48,1514.71,1475.34,0.42796958,3.2078684267
801015,2018-03-19,1483.13,1484.38,1508.16,1464.67,0.40203295,2.7979695407
801015,2018-03-20,1448.29,1441.11,1457.3,1427.02,0.51144882,3.3874642947000004
801015,2018-03-21,1437.94,1448.38,1480.65,1422.6,1.52681784,9.291775914199999
801015,2018-03-22,1443.45,1446.49,1465.05,1423.62,1.00795092,6.3289687222
801015,2018-03-23,1375.56,1400.07,1450.67,1352.81,1.69893561,9.2388610501
801015,2018-03-26,1350.86,1348.36,1375.57,1295.09,1.02020823,5.3721620822
801015,2018-03-27,1374.69,1344.69,1390.08,1336.57,1.19175222,7.670594750499999
801015,2018-03-28,1366.59,1350.91,1392.68,1337.83,0.8843354,5.574170715299999
801015,2018-03-29,1392.07,1368.62,1411.74,1356.59,0.56081378,4.2671172320999995
801015,2018-03-30,1402.28,1384.73,1414.6,1373.3,0.60191322,4.701000081
801015,2018-04-02,1400.03,1395.07,1419.24,1380.6,0.47675222,3.7221531602999995
801015,2018-04-03,1389.5,1383.98,1415.24,1364.25,0.46038751,3.466286867
801015,2018-04-04,1393.16,1387.55,1416.93,1371.3,0.41110025,3.2025696307
801015,2018-04-09,1387.75,1382.57,1405.71,1364.44,0.41379602,3.0623063595
801015,2018-04-10,1393.99,1381.53,1409.7,1364.68,0.51483143,3.6222644982
801015,2018-04-11,1395.15,1386.35,1410.2,1373.63,0.47002138,3.4832677857
801015,2018-04-12,1395.12,1388.6,1420.79,1376.37,0.47986526,3.5850410152
801015,2018-04-13,1389.53,1391.82,1416.85,1375.86,0.39277986,3.0874467602999998
801015,2018-04-16,1382.13,1380.08,1408.07,1361.01,0.330029,2.4821473857
801015,2018-04-17,1365.46,1377.22,1400.55,1345.5,0.39536339,2.7268970364
801015,2018-04-18,1372.41,1366.29,1388.63,1340.06,0.30813212,2.1220746557
801015,2018-04-19,1371.74,1368.6,1390.9,1354.31,0.27385848,2.0001474191999997
801015,2018-04-20,1350.67,1363.91,1381.15,1330.18,0.36204836,2.3812423534000002
801015,2018-04-23,1336.29,1340.69,1363.02,1317.77,0.23519483,1.5680600758
801015,2018-04-24,1350.23,1328.47,1362.4,1320.32,0.39766339,2.8889663283
801015,2018-04-25,1357.15,1337.88,1372.3,1332.52,0.35585988,2.5638548975999997
801015,2018-04-26,1343.06,1351.11,1374.36,1322.52,0.5224544,3.3878690519
801015,2018-04-27,1342.75,1335.98,1363.81,1320.07,0.37173014,2.574940672
801015,2018-05-02,1358.3,1338.1,1373.28,1319.86,0.40343356,2.9455088531
801015,2018-05-03,1368.96,1348.79,1379.86,1335.8,0.35937449,2.8696695769
801015,2018-05-04,1364.69,1360.85,1385.19,1344.62,0.328046,2.5883638678
801015,2018-05-07,1365.14,1359.9,1387.78,1337.58,0.60636401,4.3163620421
801015,2018-05-08,1361.97,1355.25,1381.52,1343.43,0.42470321,3.0262243277999996
801015,2018-05-09,1363.68,1356.9,1378.6,1344.64,0.33621453,2.4158772697999997
801015,2018-05-10,1358.3,1355.55,1376.82,1341.53,0.41577038,2.8429351302
801015,2018-05-11,1349.36,1350.49,1372.81,1335.16,0.32967879,2.6206402675
801015,2018-05-14,1339.67,1338.58,1360.97,1326.32,0.31291466,2.252656623
801015,2018-05-15,1349.72,1336.04,1362.94,1322.63,0.45155279,3.0195902007999997
801015,2018-05-16,1357.13,1342.69,1382.09,1333.42,0.59271564,3.4246817566
801015,2018-05-17,1355.97,1349.79,1373.5,1338.44,0.37990119,2.6037188491
801015,2018-05-18,1363.24,1353.44,1386.95,1338.96,0.44936358,3.3933786561000003
801015,2018-05-21,1387.27,1359.92,1404.46,1351.87,0.48016187,4.1970160491
801015,2018-05-22,1399.63,1378.36,1414.85,1367.75,0.55073752,3.8981729639999996
801015,2018-05-23,1402.19,1391.27,1423.15,1373.48,0.50364434,4.3981176399
801015,2018-05-24,1402.42,1393.05,1418.81,1380.45,0.42229043,3.5861406738
801015,2018-05-25,1386.65,1395.63,1418.36,1365.5,0.44368295,3.8203451213
801015,2018-05-28,1388.42,1379.22,1413.68,1357.3,0.42597412,3.8132135752
801015,2018-05-29,1383.9,1382.12,1410.25,1359.25,0.37363986,3.5826141301
801015,2018-05-30,1350.3,1369.13,1390.18,1324.71,0.50347971,4.3499685775
801015,2018-05-31,1386.06,1350.86,1411.45,1336.21,0.66367646,4.8637123486
801015,2018-06-01,1377.44,1374.18,1411.4,1354.95,0.59013326,4.5911535933
801015,2018-06-04,1362.16,1373.4,1400.58,1339.18,0.46416904,4.0581795479
801015,2018-06-05,1379.06,1356.06,1395.17,1338.77,0.45276904,3.8867617447000002
801015,2018-06-06,1389.82,1369.75,1403.5,1358.99,0.40622923,3.4842673410000002
801015,2018-06-07,1367.86,1381.35,1405.62,1349.73,0.55360612,4.8156674094
801015,2018-06-08,1367.51,1366.88,1395.14,1339.28,0.60471898,4.2765526212000005
801015,2018-06-11,1332.33,1357.17,1375.46,1317.42,0.43323162,3.07692205
801015,2018-06-12,1329.81,1325.42,1350.94,1306.16,0.40513301,2.9769850518000003
801015,2018-06-13,1295.18,1324.62,1341.59,1283.88,0.51119711,3.8237105272000003
801015,2018-06-14,1276.29,1286.06,1320.79,1256.94,0.42039236,3.1281163527999998
801015,2018-06-15,1250.46,1290.81,1314.68,1233.37,0.4047659,2.8450726999000002
801015,2018-06-19,1185.23,1257.48,1296.03,1164.83,0.70568902,4.061328556
801015,2018-06-20,1174.39,1190.52,1218.81,1140.65,0.69510234,4.1101509082
801015,2018-06-21,1167.9,1185.71,1219.18,1149.84,0.46699659,3.0018099432
801015,2018-06-22,1180.32,1174.55,1209.52,1144.68,0.335584,2.2056694107
801015,2018-06-25,1155.5,1171.21,1191.81,1145.08,0.32385357,2.2724113361000002
801015,2018-06-26,1131.01,1139.28,1170.72,1107.78,1.13155538,5.3227883579
801015,2018-06-27,1120.81,1144.09,1171.4,1099.1,1.029079,4.9507674342
801015,2018-06-28,1090.24,1129.96,1145.91,1076.34,0.92466937,4.2149115414
801015,2018-06-29,1109.36,1104.82,1139.29,1080.12,1.00605324,4.2967981433
801015,2018-07-02,1099.88,1122.81,1144.12,1086.27,0.81171794,3.5275163238
801015,2018-07-03,1114.61,1114.58,1135.74,1080.26,0.61632852,2.8707762783999997
801015,2018-07-04,1086.23,1119.36,1130.78,1076.06,0.74210653,3.0919102964
801015,2018-07-05,1050.85,1101.54,1112.69,1047.1,0.62548283,2.6419071251
801015,2018-07-06,1057.17,1066.17,1092.04,1030.48,0.7238178,2.9279747114999997
801015,2018-07-09,1076.44,1075.03,1102.35,1053.38,0.58043435,2.5055732833
801015,2018-07-10,1079.77,1091.82,1104.75,1066.13,0.47378437,2.1506762191999997
801015,2018-07-11,1052.54,1083.92,1094.68,1035.66,0.68470421,2.772503323
801015,2018-07-12,1071.74,1070.12,1098.23,1043.11,0.64187057,2.981977604
801015,2018-07-13,1071.65,1087.62,1101.94,1056.41,0.61247502,2.7394900479000004
801015,2018-07-16,1069.99,1091.85,1102.07,1060.75,0.19582043,1.0649754675
801015,2018-07-17,1075.99,1089.59,1105.09,1059.09,0.24033993,1.1788956801000001
801015,2018-07-18,1082.73,1094.02,1123.12,1068.39,0.31152462,1.6583426711000002
801015,2018-07-19,1069.32,1100.27,1111.11,1059.8,0.22329689,1.2067426093
801015,2018-07-20,1069.16,1086.37,1101.44,1048.5,0.21176843,1.0517206367
801015,2018-07-23,1075.68,1086.25,1102.38,1058.72,0.27923939,1.3379728327
801015,2018-07-24,1085.15,1093.06,1117.85,1070.11,0.3578549,1.7302400001
801015,2018-07-25,1090.63,1104.42,1122.82,1074.93,0.34098919,1.7080581824
801015,2018-07-26,1098.69,1107.07,1133.45,1078.16,0.49695002,2.0792871886
801015,2018-07-27,1100.94,1117.91,1143.04,1089.63,0.35071632,1.8010890318000001
801015,2018-07-30,1079.21,1115.51,1124.85,1067.47,0.32126113,1.5434143066
801015,2018-07-31,1079.77,1096.68,1113.71,1063.37,0.22699574,1.1796684303
801015,2018-08-01,1073.84,1101.96,1119.11,1064.72,0.26203946,1.2893334182
801015,2018-08-02,1048.58,1089.68,1097.9,1022.5,0.31966294,1.4973058269
801015,2018-08-03,1040.58,1066.75,1080.9,1034.5,0.21415312,0.9763937426
801015,2018-08-06,1045.27,1063.26,1093.84,1024.71,0.74580964,2.7557268982
801015,2018-08-07,1053.16,1059.63,1080.66,1025.12,0.60584411,2.2979830723
801015,2018-08-08,1046.13,1068.96,1089.11,1034.32,0.46050953,1.9978860817
801015,2018-08-09,1060.83,1061.15,1097.2,1035.95,0.41041259,1.7958945975999998
801015,2018-08-10,1090.23,1081.88,1131.94,1057.27,0.7622339,3.34137381
801015,2018-08-13,1088.92,1107.42,1133.49,1068.08,1.25111598,4.2713401674
801015,2018-08-14,1086.41,1099.36,1127.42,1070.96,0.77506135,2.6503074996000002
801015,2018-08-15,1074.7,1105.29,1119.04,1066.36,0.61267817,2.4075555277
801015,2018-08-16,1076.4,1086.35,1124.35,1051.79,0.73198584,3.0334488082999997
801015,2018-08-17,1062.83,1105.63,1119.9,1049.66,0.54637633,2.2838393124
801015,2018-08-20,1059.98,1079.01,1106.27,1029.75,0.68898566,3.3173948287
801015,2018-08-21,1063.77,1080.37,1099.85,1047.94,0.61482649,2.7837348992
801015,2018-08-22,1056.29,1080.31,1093.68,1040.15,0.45817425,1.9804421615999999
801015,2018-08-23,1051.55,1070.81,1084.57,1035.3,0.35279382,1.6086056221
801015,2018-08-24,1051.53,1070.26,1088.77,1039.42,0.31652442,1.5153771738
801015,2018-08-27,1058.25,1071.44,1088.91,1038.7,0.48448859,2.0563579646
801015,2018-08-28,1062.33,1078.88,1096.51,1047.58,0.49365905,2.1474888571
801015,2018-08-29,1055.92,1079.93,1090.32,1044.88,0.4292695,1.6711938368
801015,2018-08-30,1044.17,1075.49,1090.47,1040.33,0.48671854,1.8433905231999999
801015,2018-08-31,1029.68,1062.08,1072.18,1020.3,0.33459598,1.3407933803
801015,2018-09-03,1035.52,1046.97,1067.26,1013.36,0.35541808,1.5074709175999998
801015,2018-09-04,1047.04,1054.67,1082.48,1028.19,0.45330024,2.0247357308000002
801015,2018-09-05,1043.63,1063.11,1085.62,1032.45,0.52888909,2.3222918568
801015,2018-09-06,1028.2,1059.47,1073.56,1021.26,0.34772146,1.5767288882
801015,2018-09-07,1030.35,1048.23,1065.5,1019.07,0.31811634,1.3948400523
801015,2018-09-10,1010.07,1026.29,1027.98,1007.81,0.31644663,1.3359142769
801015,2018-09-11,1009.8,1029.76,1042.73,997.66,0.27131197,1.1390745802
801015,2018-09-12,1005.38,1032.6,1046.23,997.81,0.33371051,1.5939034119
801015,2018-09-13,1018.56,1029.26,1048.2,996.65,0.30489226,1.329258799
801015,2018-09-14,1008.49,1038.74,1048.8,1002.74,0.27404763,1.2328387939
801015,2018-09-17,974.79,981.39,990.65,969.18,0.2610528,1.160214618
801015,2018-09-18,971.16,956.61,975.19,948.83,0.26040337,1.0750036268
801015,2018-09-19,958.28,951.01,965.99,947.22,0.52081241,2.2341120879
801015,2018-09-20,952.28,948.43,973.98,933.05,1.55269182,7.2125447861000005
801015,2018-09-21,963.73,946.12,968.04,937.11,1.23712887,5.798102675700001
801015,2018-09-25,966.58,959.55,980.67,946.01,1.02385479,5.0038792624
801015,2018-09-26,979.74,965.29,991.09,958.51,1.04221308,5.3647717762000005
801015,2018-09-27,948.5,976.76,982.09,944.84,0.85576353,4.2183971671
801015,2018-09-28,950.56,949.78,961.48,937.78,0.57783055,2.8224395152999997
801015,2018-10-08,925.6,938.94,956.82,915.71,0.63691011,3.0885160863
801015,2018-10-09,925.25,929.8,938.86,915.96,0.45126316,2.2875552399
801015,2018-10-10,924.87,923.79,935.37,914.31,0.41772671,1.9914171299
801015,2018-10-11,853.54,905.73,908.11,840.05,0.75921968,3.2651467054000003
801015,2018-10-12,850.03,837.94,860.19,801.94,0.73296094,2.7993669764999995
801015,2018-10-15,841.93,849.91,865.69,828.28,0.47027267,1.8698566123
801015,2018-10-16,832.05,842.42,855.88,815.69,0.40647981,1.7389457721000001
801015,2018-10-17,830.17,842.72,847.22,808.54,0.34182647,1.3995035581
801015,2018-10-18,795.74,822.25,825.89,786.65,0.43933614,1.6915728965
801015,2018-10-19,804.97,781.42,812.37,768.71,0.46783633,1.8268908816999998
801015,2018-10-22,851.79,816.32,861.75,813.26,0.64135136,2.6673386578
801015,2018-10-23,865.95,855.69,882.58,845.73,0.8020008,3.7133682414999996
801015,2018-10-24,861.27,863.0,876.3,848.77,0.58118802,2.2612253763
801015,2018-10-25,857.87,838.05,864.52,827.19,0.53127103,2.2562035402
801015,2018-10-26,867.94,860.46,877.23,853.47,0.46971516,1.8815551189
801015,2018-10-29,864.71,867.72,880.27,852.62,0.50611268,1.8503062054
801015,2018-10-30,877.86,860.44,889.95,847.97,0.50747367,1.9929061113
801015,2018-10-31,891.28,882.52,913.71,876.12,0.59532285,2.37200072
801015,2018-11-01,893.07,891.0,917.24,885.1,0.59874012,2.5585237938
801015,2018-11-02,914.07,903.58,922.27,895.67,0.67992975,2.8764473698
801015,2018-11-05,942.63,935.23,972.7,917.41,1.34493384,5.3595025838
801015,2018-11-06,946.07,937.48,957.66,917.77,0.77499079,3.1537480544
801015,2018-11-07,963.34,945.99,989.69,933.93,1.23640599,4.8993318867
801015,2018-11-08,990.16,964.63,1015.47,955.17,1.67547554,6.9188015946000005
801015,2018-11-09,994.18,984.78,1016.79,967.88,1.44593766,6.893434749600001
801015,2018-11-12,1022.37,985.38,1034.05,974.58,1.09507342,5.1400488595
801015,2018-11-13,1036.0,1006.89,1055.99,999.24,1.25611257,6.0651624219
801015,2018-11-14,1039.74,1032.59,1072.71,1018.27,1.54272954,7.2968375549
801015,2018-11-15,1038.74,1031.84,1053.64,1021.92,1.00492856,4.7208832696
801015,2018-11-16,1052.29,1040.08,1065.22,1023.5,0.9790469,4.7691464198
801015,2018-11-19,1042.84,1047.83,1064.95,1026.35,0.88946111,4.260372757
801015,2018-11-20,1001.57,1035.45,1049.75,992.64,0.99257519,4.3820954373
801015,2018-11-21,1020.15,991.51,1025.22,986.02,0.70556371,3.1227167349
801015,2018-11-22,1014.99,1025.2,1039.06,1005.97,0.61794003,2.7974475189
801015,2018-11-23,966.49,1019.89,1026.57,955.77,0.74140071,3.3957834952
801015,2018-11-26,969.2,964.51,989.85,955.46,0.54723149,2.5596378267
801015,2018-11-27,980.91,975.54,998.87,962.56,0.61389842,2.9968771954
801015,2018-11-28,982.83,980.61,993.42,956.62,0.55338955,2.6339556776
801015,2018-11-29,962.09,986.95,999.47,955.26,0.58243296,2.7105902994999997
801015,2018-11-30,957.62,955.86,968.27,932.36,0.56149915,2.6874797643
801015,2018-12-03,986.74,975.7,995.78,967.77,0.65331016,3.2087142182
801015,2018-12-04,994.98,988.88,1003.68,976.6,0.48674236,2.3836671541
801015,2018-12-05,988.18,980.84,1000.36,969.51,0.46444223,2.2067303065
801015,2018-12-06,980.59,986.42,1000.39,969.1,0.56693884,2.6256116791
801015,2018-12-07,983.76,978.26,993.34,967.13,0.4270121,1.8667300563
801015,2018-12-10,968.97,973.28,985.67,953.76,0.39538098,1.7767945019
801015,2018-12-11,970.36,969.94,981.18,958.54,0.31961626,1.4370580129
801015,2018-12-12,974.3,971.46,989.95,957.65,0.45083308,2.1045789808
801015,2018-12-13,975.06,976.45,990.04,962.13,0.48612795,2.1627737928
801015,2018-12-14,950.78,976.45,984.1,946.01,0.45407567,2.0740082415
801015,2018-12-17,942.81,952.47,960.17,925.19,0.39334652,1.7546979933000002
801015,2018-12-18,938.99,937.24,951.85,926.08,0.31617399,1.3860260888
801015,2018-12-19,927.59,938.15,955.07,915.1,0.38075762,1.7544576974000001
801015,2018-12-20,938.78,926.65,945.85,915.71,0.36131425,1.8135463213999998
801015,2018-12-21,926.24,936.6,944.21,914.2,0.38421608,1.8337181699
801015,2018-12-24,934.2,924.49,946.94,917.74,0.30495229,1.5340761895
801015,2018-12-25,919.75,927.24,935.63,891.42,0.47921398,2.1200666084999997
801015,2018-12-26,919.28,919.45,930.61,906.66,0.28263905,1.379572121
801015,2018-12-27,899.26,931.34,936.39,895.45,0.37077835,1.6933948588999999
801015,2018-12-28,898.0,900.32,913.68,885.61,0.27555772,1.3353877152
801015,2019-01-02,893.5,900.23,910.66,887.02,0.28078257,1.2146018109
801015,2019-01-03,888.78,895.51,907.8,881.45,0.3285579,1.40148921
801015,2019-01-04,915.47,881.61,922.51,873.81,0.50512401,2.1032205397999997
801015,2019-01-07,929.15,918.49,938.2,911.51,0.47299316,2.0549131886
801015,2019-01-08,931.8,927.32,936.97,920.39,0.35047337,1.476492315
801015,2019-01-09,927.74,932.9,945.01,923.79,0.44882333,1.9251590350999999
801015,2019-01-10,929.15,928.38,941.24,918.65,0.35223912,1.5957622390000001
801015,2019-01-11,944.59,929.6,960.61,919.49,0.70551922,2.9949408247000004
801015,2019-01-14,943.69,944.23,957.05,930.79,0.54190711,2.3983184831
801015,2019-01-15,932.55,928.63,941.42,919.69,0.84195061,3.4629008447000005
801015,2019-01-16,932.4,931.89,946.41,922.94,0.60179275,2.5236455923
801015,2019-01-17,923.59,933.68,945.3,915.9,0.58594357,2.4802243008000002
801015,2019-01-18,930.38,927.89,939.1,916.35,0.46292996,2.0609347918000003
801015,2019-01-21,939.06,933.12,947.87,926.08,0.46532971,2.2106552980000003
801015,2019-01-22,935.86,936.9,947.28,923.72,0.55082205,2.4446661345
801015,2019-01-23,946.55,937.9,962.64,925.58,0.72397326,3.4139619963
801015,2019-01-24,951.14,943.01,976.3,926.97,0.83163838,3.537225147
801015,2019-01-25,929.54,947.52,956.34,922.32,0.60486652,2.6596581813999998
801015,2019-01-28,913.84,929.3,939.18,909.0,0.50280024,2.2080140556
801015,2019-01-29,901.03,912.06,922.07,874.07,0.50066369,2.1365149056
801015,2019-01-30,888.15,896.4,907.04,880.71,0.32324341,1.3788935518
801015,2019-01-31,862.15,875.19,888.61,854.83,0.43374113,1.7273568471
801015,2019-02-01,875.3,856.19,881.25,852.65,0.53922807,2.6804428869
801015,2019-02-11,900.32,876.53,904.89,873.1,0.6249376,3.0396038106
801015,2019-02-12,911.62,901.12,923.42,894.85,0.70151547,3.3121569025
801015,2019-02-13,921.74,911.17,926.44,903.31,0.73502047,3.4110195529
801015,2019-02-14,930.2,918.22,942.88,910.72,0.82525954,3.9524123619
801015,2019-02-15,954.21,926.11,982.42,919.52,1.06109196,5.0660646112
801015,2019-02-18,964.12,951.53,970.23,942.88,1.04629254,5.132254874
801015,2019-02-19,966.56,966.04,982.87,950.66,1.50823553,6.8233705315
801015,2019-02-20,977.08,975.94,1001.8,954.19,1.423113,6.6708204785000005
801015,2019-02-21,966.85,970.85,988.27,956.69,1.122487,5.2583091658
801015,2019-02-22,1002.13,964.69,1016.16,957.1,1.5039007,6.8869662879
801015,2019-02-25,1040.86,994.81,1050.47,989.26,2.06188622,9.726731949
801015,2019-02-26,1043.53,1033.56,1078.59,1016.21,1.85477566,8.727444050399999
801015,2019-02-27,1035.32,1041.56,1064.86,1020.72,1.37655331,6.479692930700001
801015,2019-02-28,1038.61,1036.18,1049.87,1023.94,0.91321103,4.257911275400001
801015,2019-03-01,1044.91,1043.29,1053.89,1026.53,0.92980948,4.283040869200001
801015,2019-03-04,1057.97,1055.35,1077.76,1043.69,1.53646493,7.1906016055999995
801015,2019-03-05,1081.6,1055.57,1088.81,1044.2,1.20660706,6.0478124611
801015,2019-03-06,1104.93,1082.22,1109.52,1067.65,1.49856618,7.396208617899999
801015,2019-03-07,1124.04,1104.0,1148.33,1088.58,1.79576254,8.8470299201
801015,2019-03-08,1062.7,1102.86,1130.42,1056.29,1.54235307,7.5469587322
801015,2019-03-11,1103.12,1068.86,1108.42,1061.66,1.30494413,6.3390126835
801015,2019-03-12,1153.78,1106.94,1171.15,1096.56,2.21988078,11.015460170899999
801015,2019-03-13,1141.62,1158.85,1195.12,1113.05,2.570604,13.5043518795
801015,2019-03-14,1085.28,1128.12,1149.82,1069.67,1.77120468,8.9364879413
801015,2019-03-15,1101.5,1090.78,1126.91,1072.36,1.25918737,7.0400432187
801015,2019-03-18,1113.67,1100.67,1119.94,1078.88,1.17901049,6.430790526900001
801015,2019-03-19,1112.91,1112.41,1122.57,1097.47,0.93003209,4.7740945386
801015,2019-03-20,1119.32,1109.64,1135.46,1089.72,1.26213534,6.6874977855
801015,2019-03-21,1126.16,1118.66,1138.0,1108.96,1.18416134,6.2184462399000004
801015,2019-03-22,1121.6,1125.37,1135.15,1101.5,0.99906347,5.009761325
801015,2019-03-25,1115.12,1101.2,1129.7,1089.79,1.09903222,5.517300178999999
801015,2019-03-26,1095.77,1123.35,1136.92,1085.88,1.3703405,7.0293058362
801015,2019-03-27,1087.71,1097.87,1109.75,1070.18,1.00613099,4.8633497532
801015,2019-03-28,1066.02,1085.11,1095.02,1057.81,0.89869966,4.5384502512000005
801015,2019-03-29,1095.75,1066.53,1100.64,1055.73,0.93778437,4.8084839128
801015,2019-04-01,1126.28,1092.91,1131.28,1090.47,1.26839037,6.6103628067999995
801015,2019-04-02,1129.14,1129.31,1144.92,1113.83,1.17719506,6.1714928165
801015,2019-04-03,1153.87,1126.35,1162.94,1121.57,1.27534424,6.5487446045
801015,2019-04-04,1157.93,1156.55,1182.02,1138.18,1.33579674,7.4204987441
801015,2019-04-08,1162.37,1164.26,1187.14,1134.02,1.30111399,6.7818455222
801015,2019-04-09,1173.89,1160.44,1189.41,1148.46,1.14295854,5.9376986087
801015,2019-04-10,1162.9,1168.62,1180.23,1140.67,1.00113257,5.3986627997
801015,2019-04-11,1144.43,1161.63,1179.1,1137.78,1.0810286,5.7056250849
801015,2019-04-12,1169.09,1141.99,1186.77,1128.2,1.54465789,7.3174333655999995
801015,2019-04-15,1159.27,1174.85,1194.59,1149.74,1.24273892,6.320211401799999
801015,2019-04-16,1173.23,1154.32,1177.37,1126.46,1.11820845,5.623843883099999
801015,2019-04-17,1191.21,1174.18,1191.21,1172.83,1.09932318,5.9834361722
801015,2019-04-18,1174.81,1194.41,1216.28,1162.94,1.47627175,7.7521009185
801015,2019-04-19,1174.59,1165.94,1183.16,1145.17,1.22267836,6.2415728433
801015,2019-04-22,1162.23,1173.47,1192.95,1150.3,0.98786778,5.2586861157
801015,2019-04-23,1154.96,1157.31,1195.34,1126.18,1.3888198,7.3467101053
801015,2019-04-24,1131.51,1151.81,1159.78,1114.23,1.09861508,5.7927906545
801015,2019-04-25,1102.41,1124.26,1167.62,1086.72,1.54794225,7.7756223108
801015,2019-04-26,1050.93,1082.69,1091.01,1041.34,1.02595873,4.6081820291
801015,2019-04-29,996.54,1042.12,1047.15,988.65,0.80081894,3.4857351099000002
801015,2019-04-30,996.43,989.42,1008.27,973.05,0.54200933,2.5063362279
801015,2019-05-06,927.23,969.63,983.03,915.56,0.75075243,3.2133457969999997
801015,2019-05-07,948.32,922.97,961.77,914.89,0.84832838,3.3394547706999997
801015,2019-05-08,929.58,924.48,956.6,908.86,1.23298048,5.1690003507
801015,2019-05-09,924.32,917.31,938.17,905.9,0.75677574,3.1552188685000004
801015,2019-05-10,947.35,928.73,951.46,913.2,0.9196678,3.9553596338
801015,2019-05-13,928.0,938.33,946.5,919.18,0.69079948,3.0473123744999997
801015,2019-05-14,916.69,912.01,938.53,905.02,0.67849288,2.8360757741000002
801015,2019-05-15,941.15,924.42,946.01,917.22,0.69883237,3.0048645431
801015,2019-05-16,960.07,942.5,965.36,936.09,0.78582502,3.3836781435
801015,2019-05-17,934.12,960.44,984.42,925.03,1.16081645,5.1777185839
801015,2019-05-20,899.17,926.83,934.55,874.33,0.86954559,3.8160570924
801015,2019-05-21,922.15,896.22,929.91,888.13,0.64089554,2.8194262411
801015,2019-05-22,910.37,920.32,929.01,899.49,0.54986156,2.3420238247
801015,2019-05-23,886.12,908.97,921.16,877.78,0.57481181,2.4946786045
801015,2019-05-24,876.43,878.87,899.25,865.17,0.52077087,2.1222681761
801015,2019-05-27,896.79,879.87,903.16,867.84,0.58516549,2.4558677396
801015,2019-05-28,902.36,895.31,923.81,889.29,0.75155097,3.2317904478
801015,2019-05-29,906.39,899.88,915.4,892.98,0.50406233,2.2374929795
801015,2019-05-30,918.37,906.87,929.37,893.21,0.67516079,2.9679597062000003
801015,2019-05-31,917.29,923.58,931.93,905.8,0.83599095,4.5294966394
801015,2019-06-03,896.36,912.67,922.53,888.57,0.81443935,4.0265194106
801015,2019-06-04,865.43,889.81,896.72,854.02,0.68221547,3.1496488808
801015,2019-06-05,889.51,872.96,900.44,863.68,0.71555469,3.6743624665
801015,2019-06-06,863.92,887.76,898.01,856.04,0.74275251,3.5002036704000004
801015,2019-06-10,853.88,856.39,870.74,839.94,0.58399027,2.6126931414
801015,2019-06-11,875.17,848.63,883.19,840.45,0.90909911,3.9814236264
801015,2019-06-12,882.0,870.46,892.32,862.72,0.98693305,4.350509257200001
801015,2019-06-13,884.29,876.11,897.49,863.74,0.86216056,3.9764255389999996
801015,2019-06-14,867.48,883.94,898.69,861.55,0.78930703,3.3877039644
801015,2019-06-17,858.94,866.66,877.27,850.71,0.54665561,2.3059554599000003
801015,2019-06-18,858.86,857.48,874.84,848.99,0.56871842,2.4147939412
801015,2019-06-19,868.13,869.21,880.79,858.17,0.65472457,2.7719165008999997
801015,2019-06-20,875.96,867.07,881.43,853.83,0.73492937,3.1061725216000005
801015,2019-06-21,891.26,888.73,900.65,880.28,0.83055019,3.687853995
801015,2019-06-24,900.71,891.76,905.26,877.64,0.85122443,3.8939651194
801015,2019-06-25,885.4,900.44,911.8,875.79,0.77760986,3.8411989449
801015,2019-06-26,885.94,881.34,897.64,873.35,0.49952112,2.2635854167
801015,2019-06-27,882.46,886.3,895.86,875.26,0.54696892,2.4656279183
801015,2019-06-28,865.7,881.32,884.22,854.59,0.52787089,2.2510652222
801015,2019-07-01,886.73,876.09,889.11,869.39,0.62770278,2.6945792904
801015,2019-07-02,903.86,887.54,914.67,883.12,0.92293102,3.88536702
801015,2019-07-03,922.37,901.28,955.33,882.98,1.50991789,6.6893276874000005
801015,2019-07-04,898.13,920.28,929.16,891.62,1.17241084,6.00150467
801015,2019-07-05,903.62,898.91,908.81,884.18,0.64432693,3.1575717581
801015,2019-07-08,867.36,897.0,898.95,862.29,0.70915483,3.1947309291000003
801015,2019-07-09,868.19,865.71,876.47,850.97,0.4923285,2.1618750311
801015,2019-07-10,860.59,867.55,881.51,851.92,0.48730584,2.2508560084
801015,2019-07-11,851.05,856.57,872.75,841.85,0.68796786,2.7058047849
801015,2019-07-12,842.27,847.32,854.74,831.96,0.63398847,2.4517471631
801015,2019-07-15,850.19,836.33,855.2,825.37,0.54944666,2.127272405
801015,2019-07-16,851.23,849.85,861.89,841.93,0.4604027,1.7665275591
801015,2019-07-17,853.31,849.78,861.36,844.03,0.43267536,1.7045035455000002
801015,2019-07-18,836.11,851.44,852.68,833.72,0.42366995,1.7323239875
801015,2019-07-19,837.66,837.8,847.71,833.2,0.3330884,1.3729619069
801015,2019-07-22,805.28,839.37,841.96,796.58,0.57115741,2.1584945114
801015,2019-07-23,815.34,804.62,819.07,801.73,0.31462049,1.2063490949
801015,2019-07-24,819.53,817.23,830.56,813.98,0.39804749,1.478160146
801015,2019-07-25,821.38,821.94,826.64,813.9,0.33774905,1.2422843171
801015,2019-07-26,825.62,819.43,836.94,813.37,0.36724394,1.7233495318
801015,2019-07-29,820.69,821.21,829.5,811.6,0.40504738,1.6039308338999998
801015,2019-07-30,826.47,819.57,832.04,817.55,0.32131876,1.3012878416
801015,2019-07-31,819.54,825.21,827.51,812.6,0.34277666,1.2845211968999999
801015,2019-08-01,817.75,813.52,827.09,808.24,0.38181711,1.3374098051999999
801015,2019-08-02,808.74,806.24,817.11,797.1,0.48427458,1.7557666462000001
801015,2019-08-05,799.8,807.2,818.08,794.64,0.3830573,1.5196745396
801015,2019-08-06,762.69,787.33,791.4,744.66,0.69841018,2.4619913845
801015,2019-08-07,764.39,765.15,778.5,753.93,0.43675566,1.4558135155
801015,2019-08-08,760.6,766.04,771.29,756.45,0.34877081,1.209173215
801015,2019-08-09,750.1,765.56,769.95,745.98,0.35426036,1.2821240326999999
801015,2019-08-12,761.7,750.35,766.47,742.67,0.34628181,1.3001089146
801015,2019-08-13,753.26,755.59,761.96,746.93,0.26824657,0.9407306081
801015,2019-08-14,766.67,766.16,783.18,760.03,0.39574863,1.5114282931999998
801015,2019-08-15,763.06,754.5,768.22,742.76,0.48495655,2.0623127618
801015,2019-08-16,768.47,762.53,779.65,756.69,0.43654967,1.6983425534
801015,2019-08-19,795.93,770.39,800.65,768.27,0.61073785,2.4132279047
801015,2019-08-20,793.7,793.9,804.06,787.01,0.46764948,1.7845849688
801015,2019-08-21,797.73,792.53,805.57,787.58,0.4292827,1.7614373919
801015,2019-08-22,803.73,800.49,810.54,791.08,0.44654088,1.7001418403
801015,2019-08-23,797.16,802.7,808.06,791.31,0.37536146,1.4988376261
801015,2019-08-26,789.06,783.06,797.82,773.17,0.44449292,1.6566875044999998
801015,2019-08-27,803.29,791.11,808.99,789.23,0.46383222,1.7147311431
801015,2019-08-28,816.04,803.02,823.33,797.29,0.56367026,2.1267563819
801015,2019-08-29,808.24,816.34,821.63,803.59,0.42468342,1.5953773603999999
801015,2019-08-30,796.66,813.1,819.63,791.47,0.49782545,1.8793248255000001
801015,2019-09-02,811.25,797.84,814.33,791.23,0.48062971,1.7592972808
801015,2019-09-03,813.78,811.38,822.55,805.05,0.42689869,1.653110256
801015,2019-09-04,818.81,812.0,819.75,806.96,0.38082525,1.4427834127
801015,2019-09-05,827.39,820.96,842.29,817.1,0.70725245,2.8725172042000002
801015,2019-09-06,831.72,828.57,839.84,820.09,0.53532211,2.1151797009
801015,2019-09-09,838.54,836.77,843.77,827.85,0.59889016,2.5896492301
801015,2019-09-10,847.44,839.73,855.82,832.58,0.60511742,2.4492223363
801015,2019-09-11,840.44,847.02,854.74,837.75,0.51158996,2.061626258
801015,2019-09-12,850.65,844.21,854.0,838.04,0.51486892,1.8410011013999998
801015,2019-09-16,852.48,853.43,864.19,841.45,0.63552763,2.3621284526
801015,2019-09-17,830.53,852.02,857.37,823.27,0.70961908,2.672519147
801015,2019-09-18,833.22,830.68,846.34,823.25,0.49811461,2.0286892558000003
801015,2019-09-19,835.98,835.25,842.43,820.96,0.50847139,1.9815809106
801015,2019-09-20,840.42,841.85,848.21,832.1,0.38814676,1.5664260306
801015,2019-09-23,824.57,837.26,843.73,815.1,0.49954718,1.961423045
801015,2019-09-24,827.2,828.68,839.61,819.15,0.44127527,1.7877163266999998
801015,2019-09-25,802.91,822.13,827.0,797.63,0.55376923,2.0636370633000003
801015,2019-09-26,788.68,807.14,815.96,783.69,0.46218634,1.8420288933000002
801015,2019-09-27,797.82,789.13,805.89,783.51,0.36106239,1.4738532754
801015,2019-09-30,793.95,797.66,808.61,787.33,0.34019232,1.4022912788
801015,2019-10-08,798.23,794.89,807.54,787.83,0.354769,1.3230730317000001
801015,2019-10-09,804.77,796.31,808.45,787.61,0.31506415,1.217295898
801015,2019-10-10,809.82,804.77,815.04,798.14,0.30048806,1.1516018348000001
801015,2019-10-11,808.85,810.21,816.94,801.13,0.33490407,1.2697472605
801015,2019-10-14,816.54,811.48,821.65,807.91,0.41238111,1.5531922804
801015,2019-10-15,810.35,813.7,821.45,802.16,0.36149869,1.4086433636000002
801015,2019-10-16,800.96,812.03,822.14,793.81,0.4266823,1.6802862897
801015,2019-10-17,801.33,800.95,809.92,794.34,0.30725919,1.2117014269
801015,2019-10-18,792.06,800.77,810.01,785.46,0.38868711,1.4564063532
801015,2019-10-21,799.6,792.75,806.37,783.01,0.38374601,1.391895647
801015,2019-10-22,805.09,798.21,810.26,788.77,0.39875582,1.4740832861000002
801015,2019-10-23,843.66,819.99,857.95,819.05,1.29567899,5.1751321074000005
801015,2019-10-24,860.5,833.12,867.72,824.87,2.41668656,7.8600902811
801015,2019-10-25,883.54,858.21,907.44,837.82,2.79298355,10.185907500499999
801015,2019-10-28,869.95,864.91,880.28,853.82,1.8060129,6.451877058200001
801015,2019-10-29,854.05,863.15,878.95,846.11,1.45293644,5.1918504379
801015,2019-10-30,845.63,846.55,872.85,817.18,1.68585863,5.9322840696000005
801015,2019-10-31,828.91,837.96,854.83,819.6,1.11111044,4.1465787781
801015,2019-11-01,828.52,820.47,835.68,811.19,0.71797904,2.5071138678000002
801015,2019-11-04,829.85,828.38,838.46,814.68,0.65662648,2.4990554801
801015,2019-11-05,827.11,829.04,841.54,815.7,0.79538847,2.8842257341
801015,2019-11-06,810.35,826.94,831.94,804.65,0.63222806,2.1889550763999996
801015,2019-11-07,828.42,809.95,836.15,804.3,0.66013739,2.7289776963
801015,2019-11-08,820.48,827.73,837.07,813.08,0.62858953,2.5530691147
801015,2019-11-11,797.63,815.17,821.0,793.27,0.5710733,2.2187379704
801015,2019-11-12,801.23,791.64,803.78,783.89,0.47220872,1.7919320456999999
801015,2019-11-13,793.28,794.63,806.99,780.81,0.66541437,2.225184548
801015,2019-11-14,797.08,790.17,803.88,785.29,0.47751635,1.7905336265
801015,2019-11-15,780.79,794.54,798.89,774.48,0.52361138,1.8872544216
801015,2019-11-18,778.14,778.36,786.31,766.93,0.37974752,1.3538904431
801015,2019-11-19,791.74,779.85,794.81,774.78,0.4962399,1.6989825225
801015,2019-11-20,789.64,790.09,801.36,778.77,0.58135661,1.9093178265000001
801015,2019-11-21,789.89,786.33,794.95,779.95,0.40001701,1.3521103933
801015,2019-11-22,778.98,789.24,795.78,774.88,0.46133117,1.585413652
801015,2019-11-25,780.31,780.16,787.35,768.79,0.37232789,1.2459494446
801015,2019-11-26,778.91,780.27,786.27,770.88,0.3178831,1.0277119056
801015,2019-11-27,776.09,778.48,784.54,770.91,0.35661881,1.1526601075
801015,2019-11-28,773.33,775.48,782.31,767.34,0.28622443,0.9293432520999999
801015,2019-11-29,774.86,771.91,779.33,763.4,0.347656,1.1642152722
801015,2019-12-02,773.4,776.69,783.43,767.11,0.28732784,1.0077777598
801015,2019-12-03,779.09,770.18,782.93,763.75,0.30331239,1.0802918958
801015,2019-12-04,780.51,776.13,785.67,770.04,0.31832611,1.0892699240000001
801015,2019-12-05,784.49,780.34,788.59,776.34,0.35888283,1.2268711140000002
801015,2019-12-06,785.5,782.92,789.34,773.21,0.35112598,1.2658230116
801015,2019-12-09,782.46,783.83,788.71,776.57,0.31378524,1.1610454288
801015,2019-12-10,780.12,782.69,786.08,774.67,0.32564144,1.1879104207
801015,2019-12-11,774.23,779.25,781.94,770.64,0.27865264,0.9863115686
801015,2019-12-12,772.18,773.34,781.81,767.94,0.34946944,1.2332612284
801015,2019-12-13,781.65,774.33,785.37,769.75,0.39611473,1.4190327213
801015,2019-12-16,790.63,784.38,793.34,778.5,0.45581958,1.6706770011
801015,2019-12-17,799.16,790.24,804.62,787.5,0.55884063,1.9437362863999998
801015,2019-12-18,797.89,798.82,805.33,791.93,0.46746888,1.6171725903
801015,2019-12-19,805.35,794.83,809.38,790.97,0.51850462,1.9140545381
801015,2019-12-20,805.63,805.09,817.88,798.32,0.54565742,2.0058419925999997
801015,2019-12-23,789.58,805.85,812.78,786.49,0.59107636,2.2427183087
801015,2019-12-24,810.25,797.99,813.66,792.08,0.64077265,2.5868999573
801015,2019-12-25,804.43,809.16,817.26,798.17,0.78429183,3.6049395573000003
801015,2019-12-26,809.51,801.28,815.75,792.48,0.70897141,3.3348907983
801015,2019-12-27,804.99,808.68,819.0,800.83,0.65947344,2.8540851076
801015,2019-12-30,801.65,798.36,808.98,787.51,0.63984667,2.5113973149
801015,2019-12-31,807.67,800.08,818.51,795.82,0.75853897,2.7693130513999997
801015,2020-01-02,818.79,812.2,823.17,804.1,0.83751064,3.0738178766
801015,2020-01-03,829.65,819.76,838.72,815.17,1.07530908,3.8525760986
801015,2020-01-06,827.64,824.82,837.42,816.35,0.92791499,3.4004356558999995
801015,2020-01-07,837.34,827.54,841.04,822.4,0.75995936,2.9412990588
801015,2020-01-08,814.73,832.54,838.65,812.05,0.84955497,3.1539591926
801015,2020-01-09,827.98,819.62,832.7,817.82,0.59781993,2.1800321391999997
801015,2020-01-10,822.53,829.51,832.49,815.31,0.47754533,1.7519212033000002
801015,2020-01-13,820.76,822.61,825.15,810.63,0.44275772,1.581412831
801015,2020-01-14,826.66,820.47,832.17,817.03,0.60139336,2.2522008514
801015,2020-01-15,827.03,828.11,838.58,817.51,0.57467514,2.4456392541
801015,2020-01-16,815.86,830.77,839.39,813.68,0.81137668,4.287485828
801015,2020-01-17,808.59,814.65,824.79,805.61,0.53526982,2.5187896687
801015,2020-01-20,809.36,806.57,813.84,793.93,0.47630015,2.0567485759
801015,2020-01-21,797.26,805.7,810.58,791.56,0.47759694,1.8797388891
801015,2020-01-22,789.89,792.6,798.56,776.76,0.4429262,1.7184689802000002
801015,2020-01-23,760.89,783.91,789.39,752.34,0.65193521,2.3852414522
801015,2020-02-03,692.6,692.6,694.29,692.6,0.162793,0.51639859
801015,2020-02-04,663.28,633.88,679.53,633.88,1.22665433,3.8192861771
801015,2020-02-05,686.66,667.0,695.95,659.66,0.87154016,2.9565740107
801015,2020-02-06,707.83,685.86,713.17,681.76,0.8099614,2.7386295096
801015,2020-02-07,710.11,706.69,722.37,694.36,0.70850367,2.4249482103
801015,2020-02-10,754.39,709.7,761.73,704.54,1.11967378,4.0171171099
801015,2020-02-11,732.71,751.94,758.52,727.41,0.76762513,2.7118133288
801015,2020-02-12,740.56,729.67,746.09,726.43,0.50105859,1.8133244998
801015,2020-02-13,728.12,741.3,746.01,723.62,0.56377208,2.0149196819
801015,2020-02-14,723.02,726.6,733.92,716.45,0.44613057,1.5860695647
801015,2020-02-17,749.21,726.65,754.85,724.83,0.70775584,2.4446123588999997
801015,2020-02-18,752.28,746.57,758.84,739.02,0.62873985,2.1893940375
801015,2020-02-19,747.94,751.13,763.87,744.34,0.64466137,2.2343181532
801015,2020-02-20,753.56,746.37,757.55,739.55,0.65379512,2.2860656294
801015,2020-02-21,759.78,752.23,765.82,747.58,0.76384103,2.7028338167
801015,2020-02-24,753.82,756.41,761.88,741.24,0.7695502,2.6690380993000002
801015,2020-02-25,747.11,743.57,755.0,720.56,0.95643425,3.6142257881999997
801015,2020-02-26,762.88,739.88,777.4,735.2,1.19741621,4.3326666535000005
801015,2020-02-27,757.08,763.76,771.34,748.78,0.74503808,2.6314477853000002
801015,2020-02-28,715.33,738.67,745.36,712.8,0.91633312,3.1569568679000004
801015,2020-03-02,729.29,712.55,732.1,710.29,0.51648016,1.770370866
801015,2020-03-03,728.53,729.09,741.3,722.1,1.08111591,3.4510354225
801015,2020-03-04,746.56,722.72,757.23,717.24,1.06208422,3.5034787231999998
801015,2020-03-05,768.94,749.3,784.33,743.14,1.39511239,4.7569415851
801015,2020-03-06,772.22,758.47,783.72,751.38,1.24353314,4.0715450543000005
801015,2020-03-09,749.25,763.44,773.54,743.11,0.98996563,3.2680281175
801015,2020-03-10,767.59,747.0,771.63,735.09,0.94440315,3.0607946719
801015,2020-03-11,782.88,775.5,804.78,769.7,1.22745095,4.282074829
801015,2020-03-12,786.45,779.72,800.97,766.66,1.51790248,5.4304712587
801015,2020-03-13,776.9,743.56,793.04,736.46,1.7240199,5.8612682353
801015,2020-03-16,752.38,776.61,791.48,743.61,1.46919213,5.2914339604
801015,2020-03-17,733.11,749.25,759.14,713.99,1.15276648,3.7603136551999996
801015,2020-03-18,719.97,735.74,749.45,713.63,0.97617961,3.4728685718
801015,2020-03-19,719.48,717.46,731.3,695.7,0.94097506,3.390140275
801015,2020-03-20,722.39,720.8,731.31,707.44,0.69788737,2.5246869575
801015,2020-03-23,691.48,706.72,717.81,687.64,0.66035708,2.3837712391999997
801015,2020-03-24,700.89,700.78,708.69,681.8,0.60613913,2.2372821538
801015,2020-03-25,753.28,715.6,759.61,713.08,1.23229423,3.9197010787
801015,2020-03-26,776.36,755.45,795.1,746.45,2.01980308,6.6294781616
801015,2020-03-27,746.17,780.45,788.26,742.29,1.6092346,7.2259372039
801015,2020-03-30,750.97,732.74,773.56,727.26,1.57810254,5.826280379299999
801015,2020-03-31,806.87,750.75,811.14,741.61,2.72581763,9.972636704
801015,2020-04-01,776.62,802.4,815.71,767.2,2.52444244,9.1194412535
801015,2020-04-02,770.15,772.67,787.87,748.59,1.64987641,5.9771769801
801015,2020-04-03,812.45,767.53,826.3,763.42,2.57048347,9.9831216972
801015,2020-04-07,875.82,822.56,882.54,810.76,3.22660717,13.809334216099998
801015,2020-04-08,877.38,890.79,920.46,848.81,4.87126572,21.001212101500002
801015,2020-04-09,858.71,891.16,911.87,840.7,4.56626354,17.6311705424
801015,2020-04-10,810.6,842.55,855.42,803.69,3.17723539,11.374188678800001
801015,2020-04-13,782.97,802.44,810.65,769.2,1.86989721,6.5794133238
801015,2020-04-14,795.08,781.7,803.31,771.44,1.89707717,6.4239666974
801015,2020-04-15,780.73,798.89,805.5,773.71,1.53230456,5.513068242799999
801015,2020-04-16,777.13,775.54,789.33,765.23,1.50976186,4.9457998851
801015,2020-04-17,763.62,780.06,785.18,759.04,1.40030068,4.6570575167
801015,2020-04-20,769.7,763.68,779.54,755.47,1.04077804,3.5682696557
801015,2020-04-21,771.19,769.27,780.07,750.75,1.48320528,4.7184969507
801015,2020-04-22,798.76,762.94,807.87,756.68,2.32739867,7.717106301599999
801015,2020-04-23,800.93,793.13,828.08,782.73,2.53686207,8.637130278899999
801015,2020-04-24,762.37,791.12,800.23,754.66,1.59630504,5.39284986
801015,2020-04-27,749.76,754.37,769.45,740.4,1.18518309,3.8376841223000002
801015,2020-04-28,726.72,747.4,751.98,696.74,1.2756142,3.989683709
801015,2020-04-29,716.52,720.75,736.22,706.14,0.83942295,2.7132165913
801015,2020-04-30,726.42,714.8,733.25,710.45,0.97226803,2.9762253387
801015,2020-05-06,731.89,716.12,737.16,709.56,0.86302945,2.6251488705
801015,2020-05-07,738.04,729.94,752.71,724.79,1.08775815,3.3663243231
801015,2020-05-08,736.0,738.69,746.5,727.68,1.01663261,3.0263773957
801015,2020-05-11,727.44,733.49,742.39,721.78,0.82857546,2.5635805665
801015,2020-05-12,739.74,725.02,747.49,717.13,1.24492455,4.3750449731
801015,2020-05-13,739.24,738.5,750.57,726.83,1.43202218,4.749988345299999
801015,2020-05-14,721.75,732.94,738.25,716.22,0.98806859,3.2805199899
801015,2020-05-15,723.02,722.92,733.53,716.38,0.74416725,2.493076104
801015,2020-05-18,733.58,725.74,741.56,716.58,1.02492583,3.3271713983
801015,2020-05-19,739.51,736.3,751.64,723.06,1.27558882,3.849441982
801015,2020-05-20,726.54,733.69,743.07,719.31,1.01842654,3.1648920302
801015,2020-05-21,714.18,725.97,733.87,708.49,0.80623987,2.5217026326
801015,2020-05-22,704.22,711.01,721.63,695.35,0.84575214,2.4250417692
801015,2020-05-25,713.66,702.33,724.72,695.39,0.67260743,2.0322649349
801015,2020-05-26,719.82,713.3,723.92,708.21,0.62118836,1.9570426388
801015,2020-05-27,726.97,720.54,735.26,710.84,1.14277343,3.4447041376
801015,2020-05-28,723.27,727.1,738.82,707.7,1.04109833,3.5672069472000003
801015,2020-05-29,725.74,717.18,734.64,713.01,0.91900488,3.1500908908999996
801015,2020-06-01,738.39,723.99,741.26,717.85,1.10779312,3.6985774492
801015,2020-06-02,737.86,739.58,752.26,728.86,1.12034441,3.8933161808
801015,2020-06-03,746.52,734.71,758.24,728.52,1.16992739,3.9757996264999997
801015,2020-06-04,795.96,758.1,805.54,751.34,2.54850144,8.6367289638
801015,2020-06-05,774.78,809.52,818.72,768.91,2.86380424,10.3344709073
801015,2020-06-08,747.96,759.76,770.47,741.3,1.7790146,5.796512882999999
801015,2020-06-09,744.69,747.94,752.81,737.22,0.95515726,3.0643007864
801015,2020-06-10,751.32,744.85,764.11,738.12,1.13887428,3.6850126439
801015,2020-06-11,738.46,748.22,757.57,732.19,1.09141938,3.4384254950999997
801015,2020-06-12,736.76,725.23,742.73,715.84,0.88429317,2.718689743
801015,2020-06-15,746.41,727.98,765.26,722.49,1.23701992,4.0143538306
801015,2020-06-16,757.59,749.37,771.4,741.09,1.42980226,4.7747064498
801015,2020-06-17,756.04,755.83,765.69,741.92,1.30637281,4.192651565799999
801015,2020-06-18,749.17,749.44,763.71,742.21,1.04375065,3.4140572381
801015,2020-06-19,744.05,747.05,757.32,736.03,0.9763994,3.0661010249
801015,2020-06-22,737.89,742.04,747.92,730.3,0.76272207,2.4813159875
801015,2020-06-23,736.37,736.43,744.2,726.17,0.72059634,2.1567694366
801015,2020-06-24,735.4,736.44,746.29,724.79,0.7247738,2.3421441384
801015,2020-06-29,726.55,727.49,741.72,717.63,0.93865363,2.7583972225
801015,2020-06-30,728.34,726.45,735.98,719.63,0.55051377,1.7866185135
801015,2020-07-01,741.67,727.28,750.15,720.25,1.10714433,3.3056987622000005
801015,2020-07-02,741.02,740.98,749.0,730.44,1.05317284,3.34648217
801015,2020-07-03,747.2,740.94,752.95,735.3,0.99865131,3.2086109654
801015,2020-07-06,768.64,749.99,772.05,746.06,1.63452033,5.523822654299999
801015,2020-07-07,773.77,772.87,791.85,762.46,1.88895672,6.326652113
801015,2020-07-08,781.44,770.43,785.2,763.32,1.42440822,4.8158325691
801015,2020-07-09,802.1,784.03,811.24,777.43,2.00231222,7.012441254700001
801015,2020-07-10,790.79,805.84,814.47,781.65,1.86155259,6.5334134309000005
801015,2020-07-13,833.74,794.51,839.61,789.73,2.28958065,8.4208624625
801015,2020-07-14,827.3,838.04,850.54,805.31,2.41773501,8.4851640627
801015,2020-07-15,813.55,827.41,841.34,806.09,1.71532543,5.8954249073
801015,2020-07-16,797.86,815.31,839.55,786.1,2.24335579,7.7568131578
801015,2020-07-17,788.06,792.55,809.44,774.07,1.45911033,4.889540928
801015,2020-07-20,813.01,787.5,816.16,781.19,1.23702535,4.3650217598
801015,2020-07-21,825.8,814.22,835.47,802.86,1.37931845,4.8860953743
801015,2020-07-22,818.22,824.36,834.08,810.35,1.2152644,4.3399842025
801015,2020-07-23,824.63,813.15,831.72,794.9,1.32485953,5.0212356851
801015,2020-07-24,808.53,819.23,845.18,798.17,1.76238725,6.7370586896
801015,2020-07-27,833.63,809.93,843.67,799.35,1.50816539,5.7301560444
801015,2020-07-28,873.44,835.64,884.66,828.28,2.50807974,10.2948968177
801015,2020-07-29,890.65,867.85,903.11,860.28,2.053431,8.5334937742
801015,2020-07-30,914.36,903.35,944.07,875.34,3.37765903,15.817593321199999
801015,2020-07-31,981.15,899.74,990.85,882.48,4.67929365,22.0454174699
801015,2020-08-03,989.18,971.47,1024.3,962.83,4.74675636,23.2474007016
801015,2020-08-04,945.81,976.52,997.71,937.7,3.77187525,19.857862889
801015,2020-08-05,947.64,925.52,957.87,906.78,2.47540407,12.5858678073
801015,2020-08-06,920.59,940.99,946.71,906.99,1.91606132,9.377728868
801015,2020-08-07,920.81,919.99,938.24,900.63,1.57191719,7.570715699400001
801015,2020-08-10,909.29,919.71,927.65,895.78,1.36255196,6.2297628489
801015,2020-08-11,933.66,907.61,957.58,899.13,2.2504148,10.613718357
801015,2020-08-12,952.9,931.75,989.51,914.44,3.27825091,15.5624196584
801015,2020-08-13,973.83,941.25,991.06,917.86,3.08130368,14.9115561692
801015,2020-08-14,935.66,957.79,974.95,925.19,2.17273926,10.5512901987
801015,2020-08-17,963.96,928.07,994.32,921.25,2.79180237,13.709587409100001
801015,2020-08-18,975.99,950.09,1002.63,944.22,2.83961365,14.2497715007
801015,2020-08-19,997.84,970.44,1026.76,953.58,3.45937059,17.6157932323
801015,2020-08-20,948.16,984.78,1000.12,936.47,2.3981587,12.3039831449
801015,2020-08-21,942.54,945.2,969.17,930.09,1.52523519,7.9319843676
801015,2020-08-24,980.59,947.31,1002.83,932.32,2.20539692,11.3241250227
801015,2020-08-25,962.7,978.88,1008.27,943.27,2.85396595,15.022064236199999
801015,2020-08-26,915.94,962.21,975.77,903.95,2.14333387,10.4981910657
801015,2020-08-27,923.77,915.1,933.81,898.62,1.33202842,6.3445571202
801015,2020-08-28,941.41,918.89,953.95,901.68,1.46346048,7.0369222548
801015,2020-08-31,930.03,934.86,958.98,924.95,1.36150502,6.261863226799999
801015,2020-09-01,933.01,926.03,938.59,906.08,1.165578,5.2607868047
801015,2020-09-02,943.08,930.01,965.68,923.31,1.40082146,6.7921060675
801015,2020-09-03,924.04,936.93,943.42,910.18,1.10329516,5.3302913607999995
801015,2020-09-04,919.37,914.42,928.61,900.75,0.97465612,4.4887817208
801015,2020-09-07,906.5,917.13,940.02,898.4,1.3071443,6.099936080700001
801015,2020-09-08,919.31,904.99,925.73,881.59,1.33098487,6.001267900299999
801015,2020-09-09,893.76,909.85,936.27,877.58,1.60250587,6.9208567927999995
801015,2020-09-10,859.63,892.69,909.73,848.74,1.4186345,5.975517229099999
801015,2020-09-11,860.13,855.03,868.95,842.02,0.7810419,3.1290610593
801015,2020-09-14,869.84,854.9,887.41,845.27,1.05794195,4.6709674365
801015,2020-09-15,865.14,869.15,879.56,852.82,0.74497471,3.1831238419
801015,2020-09-16,874.99,863.06,890.83,854.21,0.93731292,3.8128542231
801015,2020-09-17,880.19,876.24,891.01,861.46,1.21014115,5.0179647261
801015,2020-09-18,881.52,881.16,891.82,863.62,0.98262212,4.2430184855
801015,2020-09-21,885.38,882.06,895.48,872.24,0.82305155,3.610869082
801015,2020-09-22,866.89,879.17,889.38,859.99,0.761923,3.1643361209
801015,2020-09-23,865.6,868.94,876.93,857.44,0.60851455,2.4678520325
801015,2020-09-24,845.82,861.17,876.19,839.91,0.78950998,3.2666439138
801015,2020-09-25,825.75,849.54,854.03,819.28,0.6774827,2.763505578
801015,2020-09-28,825.95,828.3,849.28,813.32,0.76213185,2.9415695674
801015,2020-09-29,835.85,826.19,849.8,817.64,0.69442785,2.9606529233999996
801015,2020-09-30,830.46,839.44,847.62,821.75,0.50868097,2.0818481204
801015,2020-10-09,849.4,838.65,861.87,834.42,0.62674854,2.6015200166
801015,2020-10-12,859.89,847.32,862.79,842.12,0.66686795,2.8493608185
801015,2020-10-13,854.66,855.56,862.33,846.31,0.64769476,2.6921358246
801015,2020-10-14,841.31,849.87,857.37,834.93,0.68112716,2.761972978
801015,2020-10-15,825.96,842.78,846.85,822.51,0.56765317,2.2978369266
801015,2020-10-16,824.36,827.01,833.5,812.09,0.53926438,2.164906651
801015,2020-10-19,827.3,830.45,843.87,817.0,0.52945336,2.1730731729
801015,2020-10-20,827.7,823.64,833.9,809.17,0.56759205,2.3221128594
801015,2020-10-21,825.76,831.37,843.98,813.39,0.71796668,3.1163643056
801015,2020-10-22,817.17,821.88,827.28,806.93,0.53202229,2.2142166978
801015,2020-10-23,817.17,820.08,839.4,808.01,0.6788341,3.0457842673
801015,2020-10-26,816.81,820.34,830.15,802.05,0.77781438,2.9656700007
801015,2020-10-27,804.26,804.25,820.66,794.45,0.76519006,2.8868354313999998
801015,2020-10-28,797.28,803.59,813.41,783.98,0.57487137,2.1282501782
801015,2020-10-29,790.93,789.02,801.69,778.63,0.61220565,2.174053546
801015,2020-10-30,754.0,781.15,788.21,748.05,1.01295532,3.8036579788
801015,2020-11-02,740.16,752.23,761.89,732.52,0.7285805,2.4678768728000002
801015,2020-11-03,766.34,741.78,770.59,737.27,0.7344867,2.6305799628999997
801015,2020-11-04,754.03,766.94,773.44,742.89,0.7459395,2.6599877781
801015,2020-11-05,770.82,758.58,780.87,751.03,0.97207812,3.6512774185000003
801015,2020-11-06,759.32,772.94,777.33,751.79,0.87365077,2.8709432911
801015,2020-11-09,776.33,771.19,789.79,759.93,1.11842619,3.9265527951
801015,2020-11-10,784.99,782.44,804.67,770.91,1.29184406,4.8097593475
801015,2020-11-11,794.54,782.54,806.87,773.6,1.16213197,4.2393965888
801015,2020-11-12,837.42,794.92,848.59,786.87,2.46327098,9.095965680700001
801015,2020-11-13,815.29,829.94,839.56,800.62,1.68658641,6.0670476395
801015,2020-11-16,832.33,813.83,842.2,805.39,1.58835403,5.4814118157000005
801015,2020-11-17,827.95,828.42,850.07,812.58,1.35535038,5.1180954749000005
801015,2020-11-18,825.85,826.67,840.51,811.63,1.07971717,3.9817832414
801015,2020-11-19,819.63,824.69,836.33,810.01,1.05563037,4.086509917
801015,2020-11-20,830.33,818.87,848.3,812.04,1.16830501,4.8404371776
801015,2020-11-23,834.15,836.25,854.36,820.56,1.30085374,5.332888361
801015,2020-11-24,822.71,833.02,840.94,815.9,0.96396445,3.8885005487999997
801015,2020-11-25,796.61,824.69,828.87,794.12,0.93837275,3.6956662016000004
801015,2020-11-26,807.29,799.26,827.07,790.73,0.99025293,3.9367973293
801015,2020-11-27,879.06,805.72,883.85,799.41,2.7191128,11.5137371149
801015,2020-11-30,905.49,902.77,947.18,878.35,3.83439792,19.1042805905
801015,2020-12-01,906.6,895.88,936.53,880.89,3.00216069,15.6467374945
801015,2020-12-02,918.74,893.2,945.15,870.0,3.61344055,18.8532812099
801015,2020-12-03,962.43,892.09,986.57,872.19,4.47231392,23.376207565900003
801015,2020-12-04,933.77,957.6,979.09,918.98,3.44357693,19.9560519751
801015,2020-12-07,1036.41,923.94,1038.16,912.22,5.05063289,27.008944754
801015,2020-12-08,1015.32,1049.78,1073.37,990.48,6.42244095,39.0971126894
801015,2020-12-09,1041.21,978.67,1087.11,973.46,5.17066512,31.096298014899997
801015,2020-12-10,977.49,1011.14,1043.25,962.59,4.90432591,29.1093359614
801015,2020-12-11,979.45,955.44,1033.82,935.67,4.66991688,26.3614461575
801015,2020-12-14,964.41,938.4,989.38,925.39,3.88551345,21.9486812108
801015,2020-12-15,938.57,958.22,978.65,920.74,3.54902946,19.1999770085
801015,2020-12-16,958.82,933.84,985.77,924.82,3.61790278,20.8026828326
801015,2020-12-17,993.05,945.64,1029.82,927.98,4.53832894,25.624039366799998
801015,2020-12-18,969.2,985.46,999.34,953.54,3.62002254,21.6416306549
801015,2020-12-21,984.4,961.37,998.78,943.48,3.22270395,18.619866581500002
801015,2020-12-22,1013.45,972.96,1049.04,960.33,5.00836132,29.745961918200003
801015,2020-12-23,1039.55,986.17,1072.47,977.56,4.96980401,30.492003535
801015,2020-12-24,1017.32,1028.99,1063.72,979.54,4.41051958,27.993113702600002
801015,2020-12-25,975.86,992.19,1021.19,949.04,3.68771162,23.68954737
801015,2020-12-28,960.25,958.47,1001.15,940.08,2.71007492,17.5407505666
801015,2020-12-29,898.45,956.4,962.0,891.5,3.01740561,16.6344014035
801015,2020-12-30,923.04,893.66,937.87,878.86,2.63206333,15.7558816045
801015,2020-12-31,917.37,917.97,940.19,899.74,2.49322787,15.0889259717
801015,2021-01-04,968.42,915.74,975.93,908.77,2.97977975,17.2850140212
801015,2021-01-05,1027.18,977.93,1042.4,969.36,3.6544347,20.2469609022
801015,2021-01-06,978.37,1035.28,1057.73,960.43,3.93102219,26.4692771471
801015,2021-01-07,1017.31,973.6,1064.32,968.01,4.06103535,24.485002833899998
801015,2021-01-08,961.49,989.02,1001.13,940.44,3.71717068,21.4547803779
801015,2021-01-11,890.44,953.92,965.28,885.16,2.98103176,15.9857344499
801015,2021-01-12,904.67,885.7,934.45,879.02,2.00294,11.7621447065
801015,2021-01-13,873.21,893.47,915.8,861.75,2.04251518,11.317758886099998
801015,2021-01-14,832.54,859.04,865.66,822.48,1.86769195,9.8784345035
801015,2021-01-15,856.11,830.31,870.7,821.47,1.68943323,9.4534289772
801015,2021-01-18,895.66,853.64,906.49,848.04,1.99533249,11.906539618900002
801015,2021-01-19,890.94,887.27,917.13,874.76,1.90770865,11.658854946300002
801015,2021-01-20,875.95,886.34,891.67,856.66,1.40234195,7.9249040405999995
801015,2021-01-21,880.5,876.98,906.03,855.7,1.85514416,10.3376667195
801015,2021-01-22,850.29,871.88,883.44,843.89,1.5491156,8.1695297001
801015,2021-01-25,835.56,844.84,861.98,817.54,1.48969441,7.8931770756
801015,2021-01-26,818.11,827.56,843.84,805.78,1.23569794,6.6307837414
801015,2021-01-27,799.36,811.74,822.28,786.18,1.19654646,6.0600474794000005
801015,2021-01-28,788.33,790.22,814.6,780.29,1.02418839,5.3033552644
801015,2021-01-29,774.89,789.86,801.81,765.81,1.11468697,5.1854381323
801015,2021-02-01,772.31,771.09,791.1,751.83,1.09850831,4.7530873084
801015,2021-02-02,766.22,771.22,784.09,752.28,1.14045055,5.3057297785
801015,2021-02-03,800.47,770.52,821.56,765.66,1.76488015,8.0067882913
801015,2021-02-04,760.04,786.06,796.88,748.23,1.53088576,7.6012093914
801015,2021-02-05,738.76,755.02,772.33,731.79,1.09733151,5.3174484338
801015,2021-02-08,741.51,736.69,759.78,718.38,1.04776033,4.610532393
801015,2021-02-09,738.13,738.95,750.86,725.97,0.85881617,3.727553762
801015,2021-02-10,731.77,735.56,749.4,724.21,0.86323451,3.6297233152999997
801015,2021-02-18,755.32,736.28,763.45,734.27,1.03644866,4.4824304474000005
801015,2021-02-19,794.04,756.49,800.36,748.58,1.40508433,6.271645726900001
801015,2021-02-22,816.53,804.45,833.15,797.34,1.71483991,8.2902398588
801015,2021-02-23,793.08,814.71,818.42,783.64,1.21047447,6.004735617200001
801015,2021-02-24,790.62,791.22,804.0,777.81,0.90773347,4.3920396921
801015,2021-02-25,775.12,791.79,795.12,769.42,0.82955334,3.8952826613
801015,2021-02-26,813.61,768.65,824.77,759.03,1.70951239,8.284239927
801015,2021-03-01,816.83,814.33,829.6,797.65,1.60600378,8.6550390224
801015,2021-03-02,797.63,815.9,819.18,790.02,1.12240321,5.7033334763
801015,2021-03-03,806.42,794.59,816.31,789.83,1.08864815,5.4214898015
801015,2021-03-04,806.88,801.17,819.84,791.31,1.24729582,5.6695448512999995
801015,2021-03-05,834.34,807.95,855.05,801.45,1.97732568,9.2795309916
801015,2021-03-08,808.08,827.47,839.06,803.9,1.54427604,7.9344045679
801015,2021-03-09,777.94,803.27,808.66,760.43,1.22002336,5.699078531900001
801015,2021-03-10,779.51,781.5,795.96,761.57,0.95806966,4.2865463808
801015,2021-03-11,796.02,780.3,800.12,766.84,1.05839024,4.9772524561
801015,2021-03-12,803.75,790.12,827.11,780.72,1.49730041,6.931297982
801015,2021-03-15,805.28,795.49,817.06,782.15,1.14531976,5.2063210313
801015,2021-03-16,811.3,800.82,816.47,795.64,0.99633165,4.6315489314
801015,2021-03-17,839.97,812.32,859.7,807.89,2.0842054,10.3829494679
801015,2021-03-18,842.34,830.43,861.48,814.58,2.09914262,11.6631769447
801015,2021-03-19,832.17,828.67,852.82,816.43,1.53524203,8.5576171259
801015,2021-03-22,843.0,827.46,852.41,819.57,1.38180686,7.2641000514
801015,2021-03-23,835.87,840.78,852.55,820.89,1.28223891,7.0064450662
801015,2021-03-24,832.01,832.16,849.18,816.61,1.39812158,7.5960601495
801015,2021-03-25,826.67,830.38,864.02,817.38,1.45674237,8.375640882799999
801015,2021-03-26,827.1,817.56,841.66,806.82,1.22079774,6.281930709400001
801015,2021-03-29,817.33,824.9,835.17,810.53,0.96679136,4.8091047468
801015,2021-03-30,800.77,815.47,821.67,796.82,0.87216767,4.3722051762000005
801015,2021-03-31,800.56,800.11,810.64,791.32,0.60198725,2.8760969518
801015,2021-04-01,799.17,800.73,808.59,789.34,0.63675933,3.0701318141000002
801015,2021-04-02,803.21,799.38,812.32,790.37,0.6957753,3.1413963235000004
801015,2021-04-06,816.25,808.24,824.39,799.14,0.89640543,4.3683875018
801015,2021-04-07,825.07,813.22,830.99,806.79,0.92082896,4.3965773375
801015,2021-04-08,817.38,820.89,830.09,808.86,0.87858291,4.790592482
801015,2021-04-09,847.4,818.01,860.32,805.99,1.85104834,9.5768287593
801015,2021-04-12,881.56,902.58,929.38,877.05,2.94778662,15.5667454466
801015,2021-04-13,977.71,906.98,977.92,894.38,5.51070029,26.302567990900002
801015,2021-04-14,957.18,984.63,1001.21,938.29,5.21695775,25.305468184699997
801015,2021-04-15,917.03,945.98,958.25,901.52,5.55105269,31.2253316729
801015,2021-04-16,940.72,902.07,956.24,890.65,3.99158197,23.0403361173
801015,2021-04-19,909.09,907.3,924.89,891.39,2.49122054,12.343333590799999
801015,2021-04-20,895.01,897.01,931.39,881.39,3.81625518,22.115629599200002
801015,2021-04-21,874.51,885.38,900.85,862.55,2.76740243,14.8820325859
801015,2021-04-22,870.69,871.98,886.31,861.04,2.12732195,11.221958503800002
801015,2021-04-23,834.79,867.22,872.09,828.93,2.40650153,12.4595264858
801015,2021-04-26,830.03,831.54,842.7,818.87,1.42983532,7.3240893996
801015,2021-04-27,805.09,824.64,827.25,797.62,1.45271899,6.9534522249
801015,2021-04-28,804.46,801.96,817.72,791.12,1.42481042,7.1425860576
801015,2021-04-29,802.42,797.98,818.57,791.31,1.46494539,6.9605389149
801015,2021-04-30,797.27,796.78,811.71,784.82,1.19369222,5.7299183083
801015,2021-05-06,813.7,801.51,825.26,796.44,1.32048683,6.531296460499999
801015,2021-05-07,819.74,814.56,827.2,800.41,1.24421645,6.0269924685000005
801015,2021-05-10,841.89,824.43,853.9,816.67,1.86668138,9.0614153184
801015,2021-05-11,861.53,836.39,878.78,825.67,2.4414445,12.6247113698
801015,2021-05-12,872.28,854.94,892.22,849.22,2.82045182,16.2767643446
801015,2021-05-13,850.25,858.62,868.53,844.76,1.82245174,9.732864509
801015,2021-05-14,847.13,851.38,863.2,839.86,1.47241954,7.8137754895
801015,2021-05-17,839.43,844.8,858.75,828.23,1.46144209,7.7350277782
801015,2021-05-18,849.06,838.95,868.01,835.59,1.56038279,7.788432147000001
801015,2021-05-19,853.16,843.6,865.38,832.44,1.70403709,9.1347196172
801015,2021-05-20,841.41,847.13,856.48,832.97,1.49311671,7.8306696729
801015,2021-05-21,841.4,841.31,854.69,831.57,1.17794715,6.44314114
801015,2021-05-24,859.9,856.94,876.15,843.29,1.72500032,9.7961450552
801015,2021-05-25,848.24,854.21,857.9,836.64,1.31677051,7.1297712852999995
801015,2021-05-26,897.18,847.09,911.53,840.38,4.13257942,19.013171712200002
801015,2021-05-27,880.06,889.95,900.56,870.54,2.91105094,14.799310082
801015,2021-05-28,885.11,882.88,909.41,872.92,2.790877,14.772054006300001
801015,2021-05-31,897.01,890.5,915.77,878.49,2.6223769,14.4025308598
801015,2021-06-01,905.92,890.14,921.55,877.57,2.40835486,13.850550594000001
801015,2021-06-02,895.35,901.31,925.41,888.45,2.12837489,12.690780644
801015,2021-06-03,899.07,894.31,919.87,886.02,1.93468905,10.938062801900001
801015,2021-06-04,931.99,895.35,947.49,892.21,2.53264786,14.177861371199999
801015,2021-06-07,935.17,941.77,960.49,911.7,2.58722502,17.2631497875
801015,2021-06-08,901.3,929.42,934.57,896.11,2.04309597,12.8311502066
801015,2021-06-09,912.01,896.93,931.02,890.9,2.22119716,11.948146731700001
801015,2021-06-10,888.14,903.74,910.79,881.82,1.93039672,10.721884789299999
801015,2021-06-11,883.84,889.16,900.74,873.99,1.3260535,7.248338785900001
801015,2021-06-15,869.89,878.82,892.11,861.98,1.24492812,6.4421772609
801015,2021-06-16,870.72,867.99,886.96,856.12,1.23288841,6.7808573989
801015,2021-06-17,877.56,871.71,888.81,857.86,1.28958465,7.7192912429
801015,2021-06-18,881.53,872.83,887.48,858.32,1.19187358,6.752118523200001
801015,2021-06-21,886.36,877.74,901.31,868.39,1.16912786,6.8237041432000005
801015,2021-06-22,902.49,886.16,917.62,879.97,1.44663112,8.4649654063
801015,2021-06-23,893.34,898.32,906.27,880.76,1.33384135,7.3635843265
801015,2021-06-24,885.24,890.05,903.39,872.51,1.35432633,6.9113372478
801015,2021-06-25,881.09,883.05,893.46,869.05,1.12504284,5.730463526
801015,2021-06-28,896.74,882.63,909.02,876.65,1.53468991,7.7599480981
801015,2021-06-29,886.64,891.92,907.22,876.77,1.31965361,6.701902658200001
801015,2021-06-30,883.56,883.77,899.97,874.33,1.17515268,5.2419140431
801015,2021-07-01,868.82,882.73,893.08,863.89,1.140695,5.4294780892
801015,2021-07-02,857.96,868.44,879.28,850.57,0.95587316,4.90355472
801015,2021-07-05,869.05,857.79,880.92,847.66,1.00316608,4.5416881172000005
801015,2021-07-06,878.81,872.45,887.83,861.49,1.32152645,6.11130669
801015,2021-07-07,884.3,872.04,893.95,869.17,1.38952779,6.9060443708
801015,2021-07-08,886.01,881.27,897.24,872.36,1.3197573,6.4443659788
801015,2021-07-09,889.93,882.13,899.78,872.62,1.26354521,6.1641033223
801015,2021-07-12,877.88,888.61,894.14,873.67,1.13621205,5.4146037733000005
801015,2021-07-13,881.66,877.98,891.28,870.11,0.92637541,4.4370966846
801015,2021-07-14,871.02,877.68,888.84,863.57,1.03272154,5.1304850964
801015,2021-07-15,857.94,869.53,873.13,847.21,0.9594997,4.6531235948
801015,2021-07-16,855.81,858.0,865.22,850.47,0.74903939,3.4990107911000004
801015,2021-07-19,863.01,856.28,871.62,844.97,0.9640405,4.2604486801
801015,2021-07-20,864.57,856.27,873.73,847.43,0.86876016,4.7017875546
801015,2021-07-21,864.31,861.97,876.74,857.3,0.8147692,3.9394426752
801015,2021-07-22,872.19,865.56,879.07,859.41,0.90296666,4.670216888
801015,2021-07-23,848.03,872.33,876.8,842.78,1.27008816,6.4836909604
801015,2021-07-26,827.49,844.95,850.76,818.7,0.97018553,4.4158720632
801015,2021-07-27,810.95,827.52,835.05,803.14,1.09096047,4.3193812013
801015,2021-07-28,786.16,806.88,812.06,769.24,0.94386206,3.4881551837
801015,2021-07-29,796.07,787.88,803.77,784.58,0.6271366,2.5244945762
801015,2021-07-30,791.38,792.33,802.26,781.28,0.64482427,2.6070244989
801015,2021-08-02,810.54,791.79,818.05,781.35,0.94875542,4.0439034716
801015,2021-08-03,813.12,808.44,828.7,801.01,1.04567099,4.509593776
801015,2021-08-04,810.11,810.21,819.4,800.66,0.72645626,3.0279493860000004
801015,2021-08-05,800.22,806.0,814.47,795.06,0.6536487,2.7643861552
801015,2021-08-09,812.79,797.28,819.14,794.05,0.75405213,3.3156770562
801015,2021-08-10,829.87,812.25,836.87,806.17,1.10616085,5.3336542528
801015,2021-08-11,831.36,830.77,841.5,821.74,1.00378671,4.7794356893000005
801015,2021-08-12,827.43,829.07,842.34,819.85,0.91666308,4.170105158
801015,2021-08-13,824.67,825.96,832.87,815.08,0.74726399,3.2524909957999997
801015,2021-08-16,825.62,827.18,839.23,820.57,0.81467588,3.5837081952
801015,2021-08-17,803.33,826.9,830.62,800.84,0.8842547,3.7777545942
801015,2021-08-18,806.54,805.03,814.79,794.67,0.58828766,2.489379939
801015,2021-08-19,800.66,806.77,812.8,794.83,0.59103934,2.4687277812
801015,2021-08-20,793.76,801.09,803.8,780.86,0.59269408,2.3873958896
801015,2021-08-23,799.24,793.16,806.97,788.95,0.65665409,2.7313049768
801015,2021-08-24,799.11,797.7,807.06,792.72,0.57757831,2.3789663818
801015,2021-08-25,852.73,804.85,868.8,800.89,2.53015875,11.500034084400001
801015,2021-08-26,839.22,838.49,853.21,818.33,2.45045747,12.0216216474
801015,2021-08-27,816.64,828.33,840.19,807.82,1.99056814,8.7620351598
801015,2021-08-30,831.16,814.0,847.27,808.15,1.64821264,8.1347074085
801015,2021-08-31,829.69,826.88,845.63,815.52,1.31973539,6.7502518403
801015,2021-09-01,840.56,826.68,852.13,817.84,1.67526789,8.2506923957
801015,2021-09-02,841.86,833.21,851.56,828.41,1.07752995,5.3618667304
801015,2021-09-03,846.99,838.64,859.33,831.26,1.42475208,6.8306576367
801015,2021-09-06,852.02,844.71,860.82,836.36,1.13021769,5.7650119052
801015,2021-09-07,854.44,849.51,861.96,842.44,1.15448759,5.523728144
801015,2021-09-08,869.44,855.6,874.74,848.3,1.66043035,7.869646744600001
801015,2021-09-09,860.12,869.69,882.16,854.51,1.51518571,6.9468006365
801015,2021-09-10,853.51,862.06,873.81,847.89,1.18708003,5.475016574800001
801015,2021-09-13,856.46,850.87,861.55,841.91,0.96873813,4.2931558807
801015,2021-09-14,840.66,856.76,864.92,835.58,1.10159485,4.836815547900001
801015,2021-09-15,846.87,839.03,855.9,828.88,0.96107997,4.1689778696
801015,2021-09-16,870.74,852.45,896.06,848.83,2.93362191,14.0116246494
801015,2021-09-17,855.35,868.27,879.3,842.08,1.92338503,9.2652063278
801015,2021-09-22,832.77,845.49,853.4,822.66,1.3205826,6.4406867819
801015,2021-09-23,865.43,834.52,869.82,829.95,2.04143004,10.0255470695
801015,2021-09-24,853.08,861.37,874.5,842.79,1.96441482,10.3126730435
801015,2021-09-27,840.0,852.86,871.54,827.23,2.12516032,10.552754633400001
801015,2021-09-28,833.97,837.62,847.18,812.1,1.33785637,6.5857721625
801015,2021-09-29,810.19,833.4,840.89,806.81,1.24094183,6.0146604879
801015,2021-09-30,839.43,813.49,847.43,809.72,1.17650265,6.3177218722
801015,2021-10-11,875.21,871.48,891.5,858.98,1.81727834,8.6954658365
801015,2021-10-12,872.41,874.58,895.23,854.55,1.60937981,7.6166423736
801015,2021-10-13,848.35,872.38,878.52,832.01,1.4001514,6.9251638659
801015,2021-10-14,847.85,843.27,857.21,830.94,0.99531392,4.5225247752
801015,2021-10-15,829.41,843.76,854.01,823.99,1.09819081,5.0187639315
801015,2021-10-18,845.66,825.29,849.66,812.01,1.03916936,4.5944317258
801015,2021-10-19,871.09,846.8,876.99,836.81,1.86138744,8.7335672434
801015,2021-10-20,856.43,869.25,876.23,848.58,1.34875029,6.0240564030999995
801015,2021-10-21,846.37,853.98,868.64,839.79,1.03761544,4.6634901778
801015,2021-10-25,823.21,826.65,837.55,813.38,0.87665815,3.9422657157999996
801015,2021-10-26,810.61,819.89,825.05,805.25,0.97262219,4.1812263047
801015,2021-10-27,804.99,812.0,818.28,788.0,1.01409262,4.229551116600001
801015,2021-10-28,786.2,801.68,813.91,776.25,0.99218657,4.166074313399999
801015,2021-10-29,799.51,786.31,808.59,780.14,0.88180209,3.8127366489999996
801015,2021-11-01,808.74,802.86,819.32,795.87,0.90910823,4.215737306
801015,2021-11-02,801.61,806.62,821.71,789.33,1.27908109,5.6283321508
801015,2021-11-03,825.93,803.51,839.9,792.72,2.03524588,8.459204662000001
801015,2021-11-04,841.45,821.74,848.07,815.52,2.44073589,9.8015989584
801015,2021-11-05,841.73,838.98,869.44,827.86,2.53835719,10.4602882301
801015,2021-11-08,843.42,839.89,853.27,827.46,1.49756675,5.989915903200001
801015,2021-11-09,860.4,846.91,867.49,837.42,1.54707671,6.4162829933
801015,2021-11-10,862.45,856.18,881.68,846.91,1.74008798,7.3961753851
801015,2021-11-11,866.49,861.92,883.87,852.68,1.61410059,6.7335109522000005
801015,2021-11-12,864.29,867.26,883.32,853.95,1.49622519,6.3336295401
801015,2021-11-15,865.5,871.03,890.32,852.26,1.75350349,7.7814557814
801015,2021-11-16,853.09,865.72,875.1,846.28,1.33623556,5.5485808426
801015,2021-11-17,858.36,852.97,862.91,838.77,1.13172811,4.7394547045
801015,2021-11-18,841.41,857.22,866.48,837.47,1.10354204,4.5108752841
801015,2021-11-19,847.44,841.57,853.14,831.71,0.85852589,3.5847750063
801015,2021-11-22,837.58,843.08,848.88,828.26,1.18534917,4.3101480411
801015,2021-11-23,833.52,834.91,842.36,827.38,0.98098236,3.9632148954
801015,2021-11-24,832.28,835.22,840.9,819.35,1.1750316,4.7713149177
801015,2021-11-25,833.1,835.1,844.57,827.74,1.22268888,5.3901186889999995
801015,2021-11-26,822.72,830.23,838.42,814.2,1.38109893,5.4625039596
801015,2021-11-29,817.79,813.63,827.27,808.08,1.05076052,3.9766594726999998
801015,2021-11-30,824.54,820.61,830.58,814.73,1.08367351,4.025242523999999
801015,2021-12-01,840.85,825.93,842.44,820.08,1.23253054,5.2242916567
801015,2021-12-02,831.74,842.53,851.36,828.29,1.60511978,5.8636101694
801015,2021-12-03,849.31,832.53,865.1,828.66,1.74746031,7.8536239539
801015,2021-12-06,837.59,851.65,855.57,832.11,1.42939153,6.1644811677
801015,2021-12-07,842.72,841.95,850.81,833.54,0.87591199,3.9868295874
801015,2021-12-08,852.79,845.32,859.69,833.59,1.65022093,6.2761971224
801015,2021-12-09,859.59,855.04,866.45,849.97,1.18929798,5.633215647899999
801015,2021-12-10,864.9,861.06,876.24,852.12,1.6213606,6.260877679199999
801015,2021-12-13,858.68,867.45,877.82,852.19,1.65101247,6.2226800816
801015,2021-12-14,869.26,855.72,875.04,848.0,1.55450709,6.697480431900001
801015,2021-12-15,877.77,867.91,886.07,856.43,1.81055989,7.9805723401
801015,2021-12-16,875.1,878.09,892.54,866.9,1.67833228,8.147348431900001
801015,2021-12-17,872.88,873.84,884.06,860.07,1.45447849,6.475836360900001
801015,2021-12-20,895.75,867.14,910.29,858.91,2.60069237,13.2636704605
801015,2021-12-21,901.52,890.4,916.81,873.46,2.62718714,12.885226382899999
801015,2021-12-22,900.87,903.79,918.29,889.37,2.04542242,9.4083243622
801015,2021-12-23,905.48,897.75,930.02,891.93,2.26045995,11.3709056394
801015,2021-12-24,883.67,897.32,911.02,875.9,1.623197,8.254769858
801015,2021-12-27,899.9,888.37,912.39,885.49,1.33120529,6.6243260489999995
801015,2021-12-28,902.7,904.06,912.99,892.57,1.17204489,5.625246871900001
801015,2021-12-29,907.11,911.94,924.15,889.49,2.19242719,9.2646361248
801015,2021-12-30,920.86,901.61,933.58,892.76,2.25630053,10.3301746934
801015,2021-12-31,942.63,927.33,967.86,920.6,2.58860563,12.784509397599999
801015,2022-01-04,1016.22,950.31,1024.26,937.38,4.62664878,24.596519106
801015,2022-01-05,1024.71,1036.99,1074.7,1008.51,5.49836449,33.6636361169
801015,2022-01-06,1028.92,1014.66,1067.41,1002.13,4.62414629,25.321956503000003
801015,2022-01-07,988.11,1033.72,1046.75,976.09,3.99816901,21.6039851154
801015,2022-01-10,1007.15,992.47,1019.35,980.48,2.46513926,13.8524472121
801015,2022-01-11,1000.33,1014.54,1026.53,990.82,2.26565625,12.226513078699998
801015,2022-01-12,1086.85,1019.05,1095.8,1005.15,4.75252521,26.564353723299998
801015,2022-01-13,1149.61,1142.19,1172.65,1129.92,4.99503685,31.239249198400003
801015,2022-01-14,1215.4,1199.73,1262.11,1174.4,8.75786984,60.0114815216
801015,2022-01-17,1223.86,1219.72,1257.2,1168.4,7.69865786,55.2734122489
801015,2022-01-18,1170.12,1179.05,1202.96,1133.39,5.49525451,37.5960058585
801015,2022-01-19,1138.58,1123.47,1163.47,1099.41,5.65716945,37.8283591358
801015,2022-01-20,1125.12,1113.55,1202.45,1098.65,6.24907486,41.2327566654
801015,2022-01-21,1061.25,1088.01,1110.31,1034.23,4.73855195,30.959360437199997
801015,2022-01-24,1024.61,1050.53,1062.44,1012.95,3.34978829,20.8956227255
801015,2022-01-25,960.01,1005.99,1015.62,956.67,3.3489388,18.4637406489
801015,2022-01-26,934.45,957.95,976.23,924.18,2.43224642,13.968000929
801015,2022-01-27,896.14,938.58,943.83,893.6,2.26634707,12.1849724025
801015,2022-01-28,918.42,894.5,933.27,888.07,2.85478062,14.0446584887
801015,2022-02-07,918.96,923.48,940.82,893.33,2.58766619,12.367327081300001
801015,2022-02-08,953.62,925.72,962.65,912.07,3.09002645,16.0897785111
801015,2022-02-09,968.74,952.57,986.41,946.19,3.44792253,18.4064198236
801015,2022-02-10,969.11,967.08,985.52,948.72,3.71028571,18.063047491
801015,2022-02-11,926.64,958.75,967.47,920.49,3.24524141,16.5680183122
801015,2022-02-14,924.8,922.9,944.31,909.46,2.21938451,10.3855447219
801015,2022-02-15,915.71,929.64,941.15,904.49,2.04846432,9.2496396168
801015,2022-02-16,937.37,918.57,943.69,905.97,2.89335105,12.4141510731
801015,2022-02-17,935.2,937.34,972.68,918.62,3.91532624,17.0969663771
801015,2022-02-18,929.2,926.51,947.62,916.14,2.96122986,12.7433530995
801015,2022-02-21,939.92,927.8,951.49,916.39,2.68204317,12.1888709068
801015,2022-02-22,927.09,934.94,956.24,910.94,2.89846144,13.2188603229
801015,2022-02-23,930.1,937.65,949.76,917.44,2.47601274,11.1723247508
801015,2022-02-24,905.21,924.22,954.36,891.5,3.38956111,15.6941738009
801015,2022-02-25,919.58,906.36,936.36,896.18,2.60298629,11.2527331572
801015,2022-02-28,933.12,922.31,945.23,897.46,2.81538683,13.6426202471
801015,2022-03-01,942.36,930.63,951.55,917.51,2.73404349,13.3580429697
801015,2022-03-02,963.42,938.21,980.06,931.29,3.33569992,16.920951042000002
801015,2022-03-04,939.09,940.16,954.9,923.01,2.06257044,9.9567459692
801015,2022-03-07,934.72,936.61,958.7,916.26,2.64463483,13.212997093399999
801015,2022-03-08,922.05,930.56,954.1,894.95,3.13285197,16.4061936772
801015,2022-03-09,894.59,922.01,933.49,849.52,2.88438484,13.877804041700001
801015,2022-03-10,909.72,909.74,925.93,888.79,2.26607691,11.243875640599999
801015,2022-03-11,956.36,903.08,976.5,883.31,4.12477177,22.587656819
801015,2022-03-14,949.16,961.01,991.71,943.72,3.61380263,21.1388282086
801015,2022-03-15,907.99,940.35,970.99,903.25,3.7767304,19.007089518599997
801015,2022-03-16,915.18,916.02,937.71,869.57,3.56515587,16.8499011351
801015,2022-03-17,962.78,930.2,982.9,916.55,3.93638969,22.2402853617
801015,2022-03-18,968.27,950.98,988.49,941.53,3.43705836,18.4412545948
801015,2022-03-21,1023.19,972.94,1050.41,964.83,4.98089644,30.086624163000003
801015,2022-03-22,996.59,1003.85,1026.84,984.18,3.53865842,20.6682137204
801015,2022-03-24,987.29,1000.76,1026.16,979.96,2.61574567,14.810361345999999
801015,2022-03-25,1016.25,983.27,1041.38,973.21,3.819171,20.8481397461
801015,2022-03-28,1037.58,1038.05,1057.35,1006.0,3.43239469,20.789040513699998
801015,2022-03-29,1085.83,1038.13,1126.4,1032.54,4.55295265,27.2513635411
801015,2022-03-30,1068.24,1101.53,1126.1,1042.28,5.95175539,36.4001429039
801015,2022-04-01,1013.65,1020.82,1051.92,1000.35,3.46121502,19.963647421300003
801015,2022-04-06,1030.88,1020.65,1054.43,1004.59,3.40257356,19.1041602629
801015,2022-04-07,987.97,1018.74,1039.12,979.49,3.06459622,17.214869953599997
801015,2022-04-08,949.98,988.12,996.25,935.92,2.61275548,13.733980490499999
801015,2022-04-11,980.82,953.46,1014.77,945.39,3.68191923,19.962334597
801015,2022-04-12,988.01,966.97,995.46,941.19,3.0543331,16.194757941600002
801015,2022-04-13,994.03,983.15,1025.98,956.07,3.79945623,21.9747035543
801015,2022-04-15,981.04,998.29,1027.28,972.87,3.65265129,20.3835060714
801015,2022-04-18,1005.46,964.31,1028.83,956.59,3.65633963,19.817902058599998
801015,2022-04-19,1028.55,995.96,1049.8,978.3,4.38002047,25.472553232600003
801015,2022-04-20,1048.2,1012.96,1082.36,998.4,5.48207886,34.2214773856
801015,2022-04-21,987.27,1029.03,1049.38,974.6,4.27187967,24.786619879699998
801015,2022-04-22,906.32,972.02,979.93,897.06,3.5913567,19.4061974072
801015,2022-04-25,822.22,881.91,894.86,821.4,2.87391488,13.756651608199999
801015,2022-04-26,797.85,815.82,838.84,783.94,2.51525707,11.2175709002
801015,2022-04-27,805.86,781.47,811.04,749.67,2.55124521,11.016939329300001
801015,2022-04-28,761.59,790.6,804.17,750.5,2.1567754,9.3266044123
801015,2022-04-29,788.28,765.05,799.53,762.86,1.88697385,8.424182463
801015,2022-05-06,793.7,795.42,810.95,783.11,1.60508566,7.3854679479
801015,2022-05-10,809.05,793.36,812.26,781.6,1.71290713,8.035870838400001
801015,2022-05-11,803.77,810.26,831.21,796.65,2.93750585,12.1518312327
801015,2022-05-12,796.79,797.22,818.9,780.09,1.95180998,8.1765257305
801015,2022-05-13,810.3,796.78,829.11,788.29,2.07198818,9.6908073666
801015,2022-05-16,828.7,815.26,838.05,802.87,2.54420291,12.2059681717
801015,2022-05-17,815.09,824.38,841.88,796.49,2.29472421,10.9686454852
801015,2022-05-18,836.77,812.1,858.54,808.57,2.59302467,12.7092334986
801015,2022-05-19,835.42,824.29,850.64,812.99,2.30568131,10.1731488905
801015,2022-05-20,847.32,833.6,859.13,827.54,1.94365056,8.8275081206
801015,2022-05-23,861.11,840.88,872.95,837.82,2.28686023,10.9803781388
801015,2022-05-24,856.15,855.2,888.79,830.44,3.22214506,16.586981838499998
801015,2022-05-25,889.01,843.92,898.27,835.26,3.16310618,17.365977571800002
801015,2022-05-26,878.91,890.27,903.86,859.21,2.42290302,14.314412539200001
801015,2022-05-27,883.5,876.96,904.07,859.12,2.22045398,13.470560965899999
801015,2022-05-30,874.65,884.14,911.82,863.91,2.29681393,14.541982413
801015,2022-05-31,892.22,870.13,907.5,858.28,2.38712383,14.7314524981
801015,2022-06-01,884.8,882.67,903.61,870.84,1.9949409,11.639813224300001
801015,2022-06-02,878.14,882.08,894.03,856.52,1.90399775,10.6341699638
801015,2022-06-06,877.93,874.52,889.22,863.11,1.56805619,8.5327915637
801015,2022-06-07,858.29,879.29,888.06,851.35,1.785942,9.4451840977
801015,2022-06-08,858.1,859.09,865.35,837.03,1.53386622,7.612226204
801015,2022-06-09,843.47,858.31,866.5,837.03,1.25535497,6.4527705733000005
801015,2022-06-10,846.02,838.77,854.65,830.71,1.15415654,5.4773158101999995
801015,2022-06-13,852.98,843.15,861.3,835.44,1.34581495,6.979641443999999
801015,2022-06-14,856.45,849.86,864.59,835.25,1.75653187,9.1332578719
801015,2022-06-15,851.17,859.85,871.5,846.19,1.64278313,7.7415618653
801015,2022-06-16,867.45,851.12,881.39,845.41,2.10391652,10.844222938699998
801015,2022-06-17,864.84,879.43,908.1,858.31,2.6903083,14.4620045799
801015,2022-06-20,875.63,860.25,888.53,853.37,2.06966995,10.815921875
801015,2022-06-21,854.96,872.4,877.34,845.81,1.55009066,8.051541805800001
801015,2022-06-22,850.34,854.39,869.29,840.55,1.27513737,6.172684489600001
801015,2022-06-23,859.79,850.24,869.16,841.02,1.27569103,6.7638302674
801015,2022-06-24,859.05,856.0,867.61,848.89,1.23969094,6.005706616
801015,2022-06-27,859.35,860.61,871.62,853.16,1.16517617,5.924860669
801015,2022-06-28,859.53,859.57,869.4,847.38,1.2093198,6.0447617536000005
801015,2022-06-29,835.81,858.34,861.98,834.12,1.31092202,6.3227614
801015,2022-06-30,864.04,839.94,882.24,837.46,2.39461161,10.022530847
801015,2022-07-01,860.66,868.86,879.76,853.43,1.60639014,6.674677297300001
801015,2022-07-04,894.24,872.57,899.4,860.88,2.03108956,10.0906031196
801015,2022-07-05,901.75,900.6,914.9,872.12,2.29264612,12.283554576099998
801015,2022-07-06,881.45,889.44,910.41,869.22,2.07723768,11.900097579
801015,2022-07-07,879.57,871.88,894.67,863.03,1.67538588,9.3218690339
801015,2022-07-08,876.3,874.31,889.69,866.62,1.26737127,6.9093012714999995
801015,2022-07-11,880.33,874.69,890.75,864.84,1.10047025,5.8713119061
801015,2022-07-12,862.89,879.08,888.86,857.84,1.22776771,6.4593129955999995
801015,2022-07-13,880.31,863.99,895.39,856.19,1.25271676,7.205668407799999
801015,2022-07-14,874.11,875.82,890.47,861.01,1.28337231,7.345016498300001
801015,2022-07-15,844.85,873.87,878.03,842.32,1.53320423,7.081116916799999
801015,2022-07-18,875.08,853.4,884.87,846.57,1.58001981,8.2083654671
801015,2022-07-19,882.86,878.05,894.66,868.01,1.2875079,7.0771506538999995
801015,2022-07-20,882.19,882.17,890.65,870.96,1.06136458,5.2532447368
801015,2022-07-21,885.36,879.2,904.67,871.31,1.40935043,7.2573396211
801015,2022-07-22,913.26,879.16,933.03,874.6,2.69157581,14.9549137666
801015,2022-07-25,902.76,904.55,927.51,892.1,1.89824943,10.34530422
801015,2022-07-26,899.61,901.71,912.5,880.81,1.27934482,6.5865278418
801015,2022-07-27,898.53,899.84,911.16,888.38,1.07160117,5.645259776900001
801015,2022-07-28,894.44,897.73,910.04,886.23,1.11211381,5.761116511
801015,2022-07-29,888.87,892.55,905.86,883.12,1.11057361,5.743350872300001
801015,2022-08-01,879.4,884.54,890.81,872.31,0.73054664,3.8108859492000002
801015,2022-08-02,841.14,875.0,878.87,827.37,1.31010495,6.121340132699999
801015,2022-08-03,842.83,850.67,871.81,839.42,1.00920066,5.0605884402
801015,2022-08-04,859.43,844.48,864.54,835.91,0.75229908,3.8597286024
801015,2022-08-05,860.79,855.23,864.91,846.89,0.65345608,3.4333494639
801015,2022-08-08,865.84,858.89,871.17,844.49,0.59244428,3.007585038
801015,2022-08-09,868.7,863.62,876.65,855.26,0.61511441,3.2481735548
801015,2022-08-10,864.57,868.76,875.05,857.21,0.57881909,3.034405594
801015,2022-08-11,872.75,868.15,879.19,861.51,0.7666279,3.8084762385000004
801015,2022-08-12,881.31,873.52,887.97,868.63,0.78237105,4.5357913718
801015,2022-08-15,881.31,882.15,890.79,871.58,0.81499856,4.1426909435
801015,2022-08-16,898.03,881.36,903.06,875.29,1.06480771,5.834617757899999
801015,2022-08-17,897.76,897.88,902.23,889.32,0.75479285,3.7457094897000003
801015,2022-08-18,888.21,897.75,902.67,881.53,0.6923442,3.6906705783
801015,2022-08-19,894.36,887.67,905.65,885.85,0.97589856,5.3657572721
801015,2022-08-22,902.74,895.12,914.79,889.77,0.88593255,4.6582052748
801015,2022-08-23,912.52,898.69,919.82,890.11,1.06834258,5.687394585599999
801015,2022-08-24,917.16,913.03,938.77,904.08,1.8189945,10.043534439
801015,2022-08-25,925.63,927.15,941.84,908.16,1.48311301,8.0426299319
801015,2022-08-26,926.15,920.51,944.99,908.35,1.43770754,7.9785067141
801015,2022-08-29,954.31,915.09,969.52,910.32,1.96992637,11.059157454000001
801015,2022-08-30,966.65,952.24,986.78,937.33,1.97091901,12.984110834400001
801015,2022-08-31,938.88,955.53,967.51,926.38,1.77474309,10.5403494089
801015,2022-09-01,949.82,934.23,964.89,927.3,1.74674221,11.064944891600001
801015,2022-09-02,948.32,940.01,959.46,928.08,1.34648063,8.0340088297
801015,2022-09-05,939.9,946.18,954.93,924.85,1.10597272,6.454557883400001
801015,2022-09-06,937.07,936.23,949.77,923.84,1.02036856,6.005703887
801015,2022-09-07,930.02,933.05,944.15,919.19,1.08518664,6.4731175558
801015,2022-09-08,909.85,929.38,939.0,902.82,1.06668381,6.021080968300001
801015,2022-09-09,911.29,912.19,920.6,900.84,0.67282791,3.6692615537999997
801015,2022-09-13,925.26,912.63,940.38,908.39,1.28360925,6.9860847207
801015,2022-09-14,899.53,911.08,920.24,895.47,0.9853493,5.5741716103
801015,2022-09-15,876.24,902.06,906.9,865.45,1.04899037,5.3805356771
801015,2022-09-16,856.41,875.71,886.53,854.64,0.78984155,3.8731823188999996
801015,2022-09-19,849.95,854.44,863.61,832.75,0.65111272,3.1780699268
801015,2022-09-20,858.87,855.18,868.98,849.97,0.62901123,3.0338244101
801015,2022-09-21,864.61,856.44,867.81,844.08,0.54371473,2.6128168804
801015,2022-09-22,853.97,859.56,868.15,849.3,0.57223565,2.87797793
801015,2022-09-23,833.42,855.71,858.26,826.68,0.73925022,3.6166057439999997
801015,2022-09-26,803.14,832.58,834.15,800.16,0.81448424,3.5593496456000002
801015,2022-09-27,831.83,806.65,833.75,800.7,0.81592331,3.9365302098000003
801015,2022-09-28,813.39,826.88,841.66,811.79,0.7604106,3.5922091454
801015,2022-09-29,798.97,824.07,830.46,792.22,0.64305721,2.9953293133999996
801015,2022-09-30,792.58,799.1,805.66,786.85,0.422542,1.95533741
801015,2022-10-10,787.37,796.45,810.86,782.5,0.63824743,2.9341854269
801015,2022-10-11,789.83,789.16,795.18,774.55,0.46641253,2.0631333332
801015,2022-10-12,820.66,791.5,825.62,785.26,0.97492366,5.3024658417
801015,2022-10-13,832.35,811.77,849.75,804.17,1.01185509,5.7367812828
801015,2022-10-14,838.7,831.46,845.82,827.48,0.76781508,4.0706668796
801015,2022-10-17,846.32,836.43,849.74,828.93,0.6253321,3.1606374082
801015,2022-10-18,843.66,846.89,857.75,839.71,0.56462481,2.9860935131
801015,2022-10-19,831.14,843.75,853.14,825.4,0.59591879,3.0564232434
801015,2022-10-20,826.99,827.62,836.96,820.6,0.50487078,2.5675038350999997
801015,2022-10-21,817.15,825.94,832.62,812.06,0.50969348,2.6595797077000003
801015,2022-10-24,795.17,819.19,824.71,790.55,0.63760031,3.0280422818
801015,2022-10-25,799.07,795.29,808.38,779.42,0.65009708,3.2202604151
801015,2022-10-26,812.81,798.32,817.87,795.51,0.63487234,3.1006057426
801015,2022-10-27,820.28,813.91,828.97,809.96,0.80980799,3.915798058
801015,2022-10-28,782.22,818.61,819.52,778.92,0.79030836,3.5205297283999997
801015,2022-10-31,793.08,781.79,800.41,777.39,0.58991669,2.6373790106
801015,2022-11-01,817.93,791.39,820.29,789.2,0.80925981,3.7595807089999997
801015,2022-11-02,828.5,814.51,838.3,811.43,0.93989637,4.6812185769
801015,2022-11-03,844.87,823.35,855.88,818.23,1.32550182,6.835593455900001
801015,2022-11-04,849.09,841.14,857.14,836.39,1.037385,5.3818178688
801015,2022-11-07,856.15,848.39,862.15,843.32,0.92274004,4.6938590387
801015,2022-11-08,858.01,859.04,870.35,848.33,0.84818351,4.5427591785
801015,2022-11-09,863.08,855.84,874.3,851.73,0.78298804,4.0191881424
801015,2022-11-10,870.87,861.7,887.32,853.93,0.9337799,4.7815156464
801015,2022-11-11,870.23,883.33,893.01,866.05,1.11992193,5.8383672724
801015,2022-11-14,877.04,871.75,891.59,863.72,1.02103138,5.4179503785000005
801015,2022-11-15,877.31,879.58,888.79,867.39,0.79544911,4.2180394969
801015,2022-11-16,887.54,876.73,898.82,870.32,0.91886589,5.330289506600001
801015,2022-11-17,901.69,889.58,910.1,884.67,1.21761072,6.9692463068
801015,2022-11-18,893.61,898.61,913.03,882.99,1.21267754,6.798143727699999
801015,2022-11-21,886.32,892.1,896.04,871.81,0.89648308,4.9282847964
801015,2022-11-22,873.01,886.12,894.21,864.95,1.0464534,5.7366965649
801015,2022-11-23,875.38,878.36,894.64,855.45,1.08194541,6.7202646657
801015,2022-11-24,870.72,869.52,886.59,863.37,0.89370713,5.8538032686
801015,2022-11-25,874.48,872.84,881.77,862.15,0.76617369,4.5576139702
801015,2022-11-28,880.88,867.16,890.93,853.51,1.05091214,6.5055816729
801015,2022-11-29,896.07,876.47,901.96,873.52,1.13366999,6.5997060019000005
801015,2022-11-30,896.88,897.26,912.36,889.76,1.06610072,6.3686757728
801015,2022-12-01,907.44,907.73,925.11,898.75,1.16802265,7.374523004299999
801015,2022-12-02,914.22,904.76,921.06,900.56,0.85918222,5.2455107565
801015,2022-12-05,927.78,915.49,941.36,912.53,1.15543782,7.2847314846
801015,2022-12-06,925.81,925.9,949.27,915.43,1.05546157,6.749248415199999
801015,2022-12-07,932.29,924.5,938.82,913.13,1.12499318,6.9467016654
801015,2022-12-08,920.15,931.2,935.73,913.08,0.86939623,5.2314166494
801015,2022-12-09,922.67,916.22,932.02,897.42,0.93272819,5.535768384
801015,2022-12-12,910.09,921.15,934.8,905.08,0.80960206,4.9362249854
801015,2022-12-13,951.33,909.98,963.03,907.65,1.79535049,10.3113618795
801015,2022-12-14,950.04,941.96,960.87,931.9,1.50444305,8.22099693
801015,2022-12-15,929.1,950.18,961.55,922.28,1.32568452,7.2899705123
801015,2022-12-16,925.46,923.38,937.9,914.44,0.91535685,4.6965145605
801015,2022-12-19,937.04,931.71,970.15,903.15,2.06703259,11.945866668199999
801015,2022-12-20,914.45,930.49,946.58,907.29,1.50596273,8.7762845251
801015,2022-12-21,951.46,914.39,975.96,909.54,2.66701381,17.0494931012
801015,2022-12-22,949.21,953.34,981.47,934.01,2.3812937,15.0555357774
801015,2022-12-23,971.61,948.66,999.42,934.48,2.77964032,15.7702609693
801015,2022-12-26,961.52,975.56,998.11,949.47,3.04502157,17.9060053753
801015,2022-12-27,956.64,952.28,971.47,907.93,2.91796771,17.1341468223
801015,2022-12-28,924.65,942.44,962.11,916.14,2.08279225,12.4820833862
801015,2022-12-29,929.17,925.09,951.8,910.94,1.89176323,10.921526330899999
801015,2022-12-30,950.02,928.9,957.34,903.84,2.38955521,13.1669184876
801015,2023-01-03,940.14,950.68,955.11,922.79,1.76869784,9.8608167394
801015,2023-01-04,946.34,936.15,955.36,927.24,1.59424247,9.275801922100001
801015,2023-01-05,938.4,942.23,960.04,923.95,1.64794873,9.093375042
801015,2023-01-06,909.49,933.73,936.47,905.97,1.6186082,8.692454640700001
801015,2023-01-09,915.15,909.07,921.68,901.04,1.03721504,5.6500651852
801015,2023-01-10,900.61,914.24,916.8,892.49,0.96910572,5.2384333207
801015,2023-01-11,886.67,901.95,904.45,882.57,0.83841232,4.172336344800001
801015,2023-01-12,869.44,886.57,892.12,865.47,0.982087,4.9415664669999995
801015,2023-01-13,876.46,870.95,885.55,862.52,1.04945935,6.396771201900001
801015,2023-01-16,876.46,876.35,884.72,869.73,0.85223628,4.6983749156
801015,2023-01-17,869.88,878.59,886.39,861.57,0.6970349,3.5884628077999996
801015,2023-01-18,870.95,870.5,876.97,865.62,0.51911734,2.6567684575
801015,2023-01-19,870.72,869.64,876.04,862.67,0.56752538,2.9144769286
801015,2023-01-20,878.63,870.65,881.34,869.46,0.63208881,3.3270878887
801015,2023-01-30,893.15,887.4,897.51,880.88,0.9494304,5.0002797805000005
801015,2023-01-31,893.76,888.04,898.23,882.88,0.74078354,3.9437368845
801015,2023-02-01,905.33,894.52,905.48,889.17,0.86240711,4.565313028399999
801015,2023-02-02,918.43,905.0,921.62,895.43,1.36302531,7.7302549636
801015,2023-02-03,909.73,913.6,918.61,899.63,1.00551202,5.564503577999999
801015,2023-02-06,916.7,904.6,930.79,898.8,1.01107996,6.3377673165
801015,2023-02-07,915.74,918.14,924.19,908.95,0.74432632,4.8201560058999995
801015,2023-02-08,919.94,916.26,933.11,908.3,1.00273686,5.722876304400001
801015,2023-02-09,923.24,915.1,927.26,911.99,0.80399981,4.409284581700001
801015,2023-02-10,946.55,923.75,957.33,921.58,1.76656813,9.886107667100001
801015,2023-02-13,962.56,948.74,971.67,939.87,1.82590572,10.6901963283
801015,2023-02-14,955.23,963.81,969.31,945.11,1.33812847,7.7964145971
801015,2023-02-15,946.1,954.89,959.66,938.49,1.11312081,6.4716730098
801015,2023-02-16,926.81,947.77,956.84,916.6,1.36479554,7.399603654400001
801015,2023-02-17,930.48,927.05,946.53,924.35,0.93615682,5.1023301325
801015,2023-02-20,940.43,929.72,947.86,923.71,0.82576183,4.8841235459
801015,2023-02-21,942.68,941.53,951.58,932.38,0.80490148,4.5998005025
801015,2023-02-22,950.33,938.9,953.91,933.67,0.8341063,4.6364974187
801015,2023-02-23,953.2,949.43,964.56,944.01,1.02425433,5.5484983526
801015,2023-02-24,944.81,952.89,955.25,936.27,0.66809793,3.7912009522
801015,2023-02-27,941.61,944.43,955.55,933.9,0.62799744,3.7534004558999996
801015,2023-02-28,953.8,943.31,956.64,937.22,0.72379251,3.9942455657
801015,2023-03-01,957.85,951.7,961.37,943.79,0.83846795,4.4692140337
801015,2023-03-02,956.35,957.05,961.99,945.7,0.72725581,4.1518972024
801015,2023-03-03,957.68,955.63,966.28,945.96,0.83406087,4.9712108978
801015,2023-03-06,969.58,959.05,976.42,952.73,1.05933235,6.2332153341
801015,2023-03-07,946.51,968.85,974.9,944.18,1.00211576,5.9725500617
801015,2023-03-08,951.24,944.3,956.21,938.22,0.57199396,3.3620015687
801015,2023-03-09,937.02,952.6,953.7,929.78,0.66984689,3.8927619975
801015,2023-03-10,924.29,931.7,939.49,919.62,0.59140786,3.0077439243
801015,2023-03-13,923.63,922.94,931.05,908.2,0.59871755,3.1909591093
801015,2023-03-14,909.3,922.55,932.27,901.26,0.62560357,3.3059661806
801015,2023-03-15,913.1,911.94,920.84,907.26,0.45637864,2.4917746454
801015,2023-03-16,896.48,910.98,913.45,892.61,0.53903904,2.8487169070999996
801015,2023-03-17,893.09,901.26,907.29,888.88,0.55837738,2.8463913234
801015,2023-03-20,889.48,894.45,904.52,878.58,0.69874959,3.6219010475
801015,2023-03-21,907.53,890.51,910.26,885.73,0.52054915,3.1003790847
801015,2023-03-22,909.77,906.34,924.1,901.18,0.56500367,3.1613148456999998
801015,2023-03-23,900.14,906.75,910.99,892.74,0.50990798,2.7918899879000003
801015,2023-03-24,911.83,900.87,917.18,895.23,0.62294812,3.4861039405
801015,2023-03-27,896.63,911.24,914.15,889.24,0.69210042,3.6466472725
801015,2023-03-28,886.83,897.84,901.29,884.04,0.53974248,2.8524956784
801015,2023-03-29,880.5,888.71,893.59,872.62,0.53553068,2.6974375293
801015,2023-03-30,873.87,882.53,885.61,861.24,0.59505881,2.9892141463999997
801015,2023-03-31,891.88,875.43,896.71,874.15,0.66472954,4.0183673268
801015,2023-04-03,897.43,891.32,905.14,885.39,0.65034167,4.0489443809
801015,2023-04-04,890.21,895.44,911.64,884.52,0.83306149,4.8253972587
801015,2023-04-06,874.83,888.31,891.33,869.81,0.6854401,3.795392547
801015,2023-04-07,877.07,876.32,883.97,871.02,0.44664199,2.444846805
801015,2023-04-10,858.84,876.28,881.46,854.7,0.73349321,3.6768455797
801015,2023-04-11,871.24,858.98,877.9,850.63,0.74138145,3.8828559736000003
801015,2023-04-12,866.92,865.04,875.43,860.36,0.5394947,2.960036887
801015,2023-04-13,874.22,865.34,881.06,862.25,0.53531904,3.0039761849
801015,2023-04-14,866.13,874.32,879.14,862.13,0.47219489,2.658874915
801015,2023-04-17,886.6,864.69,890.75,858.54,0.74924001,4.4341986685000006
801015,2023-04-18,883.56,882.98,894.42,872.96,0.6103217,3.5177444977
801015,2023-04-19,877.37,876.25,891.69,864.96,0.74802342,4.4585247339
801015,2023-04-20,867.23,876.41,881.71,854.03,0.68974007,3.6886570422000005
801015,2023-04-21,853.76,866.76,875.32,851.26,0.53967238,2.8485076494
801015,2023-04-24,846.14,849.15,856.99,834.45,0.5192252,2.6385897462
801015,2023-04-25,845.7,845.03,856.16,821.0,0.58655334,3.1219589585
801015,2023-04-26,853.67,843.29,861.4,838.74,0.48834072,2.5033485716
801015,2023-04-27,840.09,849.45,854.22,834.61,0.43726771,2.2007364673
801015,2023-04-28,867.48,840.73,871.05,838.86,0.57187414,3.0619724891000004
801015,2023-05-04,871.73,862.89,881.56,854.44,0.75867676,4.1379503864
801015,2023-05-05,866.39,871.36,876.13,856.51,0.48630945,2.7181294235
801015,2023-05-08,870.03,868.25,878.52,862.15,0.48008079,2.8334302929
801015,2023-05-09,861.92,868.45,878.66,857.54,0.63409898,3.5577687697000004
801015,2023-05-10,864.28,862.11,870.34,854.0,0.39955483,2.2343016704
801015,2023-05-11,873.45,865.0,880.47,860.16,0.47904344,2.5904838457
801015,2023-05-12,876.16,873.69,890.56,866.88,0.57958326,3.6087724047000003
801015,2023-05-15,874.18,874.35,877.92,857.49,0.48311745,2.7918844579
801015,2023-05-16,865.52,875.07,882.8,862.51,0.4141232,2.4450813819
801015,2023-05-17,872.99,864.63,877.14,855.62,0.42394244,2.2192367954
801015,2023-05-18,860.06,869.99,873.74,856.17,0.6346078,3.2001976269
801015,2023-05-19,860.27,861.72,866.8,849.51,0.43984348,2.3729753281
801015,2023-05-22,874.09,860.09,880.85,853.77,0.52574067,3.4340935489
801015,2023-05-23,865.25,878.44,900.17,860.27,0.74672063,6.6047155051
801015,2023-05-24,847.74,857.87,865.1,842.67,0.54277115,3.9303719448
801015,2023-05-25,830.11,840.56,847.82,819.14,0.65966377,4.1293756219999995
801015,2023-05-26,830.06,830.12,835.5,816.47,0.47411124,2.5620666898
801015,2023-05-29,821.98,828.28,832.83,816.01,0.36480506,1.9428706012
801015,2023-05-30,838.03,830.79,840.77,822.21,0.48220981,2.478242086
801015,2023-05-31,840.17,847.65,855.93,833.19,1.29255992,6.5399466653
801015,2023-06-01,837.64,833.48,850.83,820.06,1.09244646,5.2101600635
801015,2023-06-02,837.05,837.92,844.1,831.59,0.65766925,3.1408616465
801015,2023-06-05,831.67,834.39,840.23,824.0,0.54525203,2.5435353466999997
801015,2023-06-06,857.0,830.37,864.29,821.48,1.68951685,8.7200578461
801015,2023-06-07,857.18,847.87,871.91,839.89,1.56803157,8.1597116271
801015,2023-06-08,866.07,854.24,880.94,847.54,1.42608869,7.6001783076
801015,2023-06-09,858.25,861.85,870.92,850.62,1.05499443,5.5881369173
801015,2023-06-12,842.19,857.91,865.68,832.12,1.78548042,8.9750566766
801015,2023-06-13,878.49,845.53,889.51,841.17,2.2844191,11.1547328697
801015,2023-06-14,961.08,910.54,975.99,902.87,5.04417493,27.467843396
801015,2023-06-15,911.26,961.01,966.36,901.52,4.77113053,26.3733294606
801015,2023-06-16,907.87,914.37,938.55,903.94,3.10572511,17.3619728814
801015,2023-06-19,889.46,903.15,912.36,882.23,2.44180022,13.243480854300001
801015,2023-06-20,886.29,884.73,895.98,867.0,2.33482794,12.5159412349
801015,2023-06-21,885.25,882.0,908.83,874.21,2.16663753,12.2195642442
801015,2023-06-26,871.06,873.54,894.54,862.86,1.59019497,8.6836290986
801015,2023-06-27,883.26,871.92,891.34,868.88,1.15471088,6.2559301228
801015,2023-06-28,880.98,879.73,888.92,868.2,1.16434897,6.2023762454
801015,2023-06-29,880.52,877.12,889.0,872.84,1.11900256,5.983236194500001
801015,2023-06-30,886.18,881.92,897.21,877.11,1.23750026,6.7011823603
801015,2023-07-03,898.87,887.78,905.33,884.69,1.30037956,7.228576675599999
801015,2023-07-04,894.7,895.26,902.74,886.55,1.11375612,6.140648911
801015,2023-07-05,877.24,896.24,900.66,873.64,1.37908802,7.561799397000001
801015,2023-07-06,880.14,875.9,887.98,867.41,1.14077022,5.9666435411
801015,2023-07-07,919.49,875.15,929.26,869.32,2.82654368,15.3415008671
801015,2023-07-10,915.55,924.79,933.06,905.05,2.41932068,14.2534848648
801015,2023-07-11,900.43,910.57,917.17,895.35,1.38807579,8.0240888677
801015,2023-07-12,887.99,900.43,905.3,885.96,1.11038265,6.1389388512
801015,2023-07-13,892.58,887.22,897.43,883.73,0.89711144,4.9114589849
801015,2023-07-14,899.16,890.37,905.41,886.06,1.13100282,6.110550056699999
801015,2023-07-17,894.51,890.79,903.98,878.36,0.93576613,5.0503722553
801015,2023-07-18,899.89,896.89,909.09,889.1,0.86703201,4.5729016354
801015,2023-07-19,895.99,896.95,906.77,889.58,0.75524777,3.922880438
801015,2023-07-20,895.08,897.11,909.23,889.84,0.97335265,5.2427260448
801015,2023-07-21,924.23,892.64,932.6,889.71,2.43925937,13.5649544812
801015,2023-07-24,891.62,907.35,913.16,890.0,1.60568966,8.6394650309
801015,2023-07-25,903.71,889.85,909.1,884.29,1.3709065,7.2949207887
801015,2023-07-26,914.33,905.51,922.7,899.35,1.3514367,7.2203208749000005
801015,2023-07-27,908.18,910.14,928.43,903.29,1.26620997,6.9725366494
801015,2023-07-28,913.56,909.69,919.92,902.2,1.11642796,5.8383355745
801015,2023-07-31,946.86,912.69,952.83,910.55,2.61067721,13.226315428
801015,2023-08-01,944.78,960.37,986.07,936.94,3.14127278,15.1805129428
801015,2023-08-02,933.85,936.71,955.13,928.55,1.97245002,9.3419265437
801015,2023-08-03,959.82,936.03,976.47,931.23,3.09542245,15.935537867
801015,2023-08-04,945.43,961.43,973.94,943.27,2.73122625,14.1818585398
801015,2023-08-07,944.66,949.44,960.62,930.0,1.78162008,9.3776385603
801015,2023-08-08,954.52,948.12,966.86,930.11,2.36609913,13.1619232171
801015,2023-08-09,937.19,947.07,954.53,927.81,1.6105332,9.1325480429
801015,2023-08-10,925.76,933.08,942.69,918.46,1.36869391,7.4639004838
801015,2023-08-11,903.9,926.18,932.46,901.72,1.1753985,6.1306784017
801015,2023-08-14,909.11,896.58,912.86,887.71,0.81149888,4.2256473581
801015,2023-08-15,917.26,907.94,933.19,901.53,1.41373152,7.947394412
801015,2023-08-16,913.93,916.8,927.76,904.58,1.03482522,5.7639062895
801015,2023-08-17,925.68,911.97,928.14,904.57,1.12191301,6.1700839742
801015,2023-08-18,914.46,924.25,933.02,910.08,1.18468884,6.3284249686
801015,2023-08-21,908.93,916.57,930.7,906.64,1.14617796,6.4098331296
801015,2023-08-22,935.15,920.82,964.34,908.71,3.07049937,17.636975113
801015,2023-08-23,997.99,945.07,1032.72,940.98,5.42572303,31.3194388412
801015,2023-08-24,1128.52,977.02,1128.52,943.69,8.8334809,52.493117806099995
801015,2023-08-25,1126.49,1188.74,1260.44,1116.5,10.97887902,69.9888923181
801015,2023-08-28,1188.33,1139.82,1217.64,1097.12,9.06481095,58.7654030462
801015,2023-08-29,1107.85,1154.47,1167.7,1084.79,8.8033489,60.6556727384
801015,2023-08-30,1048.65,1084.74,1112.58,1038.37,6.59573307,43.2564786597
801015,2023-08-31,1062.97,1040.33,1094.56,998.05,7.27634469,47.8882532772
801015,2023-09-01,1012.1,1029.7,1062.18,1004.78,4.93844338,32.411519690300004
801015,2023-09-04,1040.44,1011.18,1071.34,1005.89,4.87033513,32.1451306494
801015,2023-09-05,1004.78,1037.32,1043.77,979.0,4.7701291,31.288188000399998
801015,2023-09-06,969.08,990.75,997.55,963.97,3.41548543,20.2852180262
801015,2023-09-07,967.0,964.9,986.93,954.85,3.16216989,19.0833411359
801015,2023-09-11,940.6,932.27,946.26,925.94,1.95731843,11.1901383724
801015,2023-09-12,951.18,938.88,962.48,930.79,2.55693379,15.282705030799999
801015,2023-09-13,962.14,946.0,974.05,933.48,3.43962077,20.7729334681
801015,2023-09-14,932.41,950.69,954.67,927.52,2.40069052,14.3746747425
801015,2023-09-15,932.45,931.94,948.9,923.28,1.8537825,10.302047785700001
801015,2023-09-18,933.64,929.35,942.13,921.18,1.58415953,8.8184567251
801015,2023-09-19,925.41,931.34,942.22,923.39,1.37669757,7.7843100106
801015,2023-09-20,937.63,930.67,951.41,925.88,2.23744254,12.6697791928
801015,2023-09-21,912.75,930.65,938.68,911.14,1.77223376,10.1859703072
801015,2023-09-22,926.46,909.82,929.31,906.17,1.5415521,8.7439159504
801015,2023-09-25,926.14,927.22,943.51,918.69,1.54198299,9.2912684109
801015,2023-09-26,918.68,925.7,936.65,914.48,1.60708041,9.6196070739
801015,2023-09-27,912.84,918.54,931.55,911.04,1.48082013,8.287328751
801015,2023-09-28,921.08,917.13,930.57,912.77,1.48844805,8.304293752000001
801015,2023-10-09,888.26,920.15,920.88,882.27,2.0239687,11.1053121328
801015,2023-10-10,886.48,889.01,899.34,881.78,1.21141924,6.787674116900001
801015,2023-10-11,873.67,887.42,891.05,870.53,1.46940578,8.0590425761
801015,2023-10-12,876.25,873.91,881.07,869.25,1.06261926,5.6046174442
801015,2023-10-13,856.5,868.44,874.56,852.07,1.41475753,7.1718084974
801015,2023-10-16,851.69,858.83,863.88,844.64,1.04849397,5.4047010461000005
801015,2023-10-17,844.6,850.16,855.32,839.35,0.87626223,4.3758151912
801015,2023-10-18,834.22,844.14,853.79,832.36,1.22840719,6.2245392176
801015,2023-10-19,826.0,832.56,843.58,823.96,0.98207487,4.7332838674
801015,2023-10-20,820.4,825.33,830.57,816.4,0.81547899,3.8148928551
801015,2023-10-23,797.54,818.42,821.06,791.98,1.05450504,4.760911859
801015,2023-10-24,816.32,797.49,818.78,796.63,1.00349223,4.729185022
801015,2023-10-25,828.77,819.07,833.25,815.71,0.93252633,4.3933280717
801015,2023-10-26,824.57,827.38,830.33,815.47,0.7813645,3.69020593
801015,2023-10-27,835.74,823.04,838.92,817.95,1.02462752,4.8308707812
801015,2023-10-30,848.38,836.03,857.26,832.32,1.3353061,7.0950259653
801015,2023-10-31,846.34,844.54,861.38,839.17,1.16585029,6.042813345
801015,2023-11-01,863.12,849.0,871.93,847.29,1.61873095,9.0361698728
801015,2023-11-02,849.64,853.97,871.45,843.43,1.82813037,9.586266504600001
801015,2023-11-03,854.24,847.53,862.9,843.72,1.31912337,6.9190265404
801015,2023-11-06,865.61,854.95,868.04,849.06,1.38666025,6.918970385800001
801015,2023-11-07,865.75,863.88,871.7,853.79,1.15202506,5.8314347865
801015,2023-11-08,861.58,864.73,868.65,855.27,0.93930062,4.6395396083
801015,2023-11-09,854.7,861.97,868.65,853.35,0.83231671,4.1103641148
801015,2023-11-10,853.22,851.91,859.11,845.09,0.64244175,3.1865046600999998
801015,2023-11-13,860.84,854.68,863.55,848.84,0.80546098,3.7901479845
801015,2023-11-14,858.19,859.25,864.44,853.19,0.69949983,3.3740335856
801015,2023-11-15,862.34,861.0,866.78,856.87,0.89815703,4.376915632799999
801015,2023-11-16,855.91,862.88,866.8,853.82,0.63736478,3.121663168
801015,2023-11-17,856.36,855.86,860.27,848.51,0.65178813,3.1804094232
801015,2023-11-20,876.02,857.44,878.17,854.48,1.43111807,7.0137867136
801015,2023-11-21,879.63,875.91,897.59,871.67,1.97254125,9.60175508
801015,2023-11-22,882.84,878.5,892.65,874.99,1.53829737,7.436908816900001
801015,2023-11-23,881.07,889.05,898.12,873.1,1.46526425,7.20402026
801015,2023-11-24,931.4,884.9,955.7,881.99,5.43729881,29.1583902195
801015,2023-11-27,953.24,912.53,981.18,905.82,5.75466789,30.953870442600003
801015,2023-11-28,931.45,940.6,948.56,912.72,3.24696875,16.8720628048
801015,2023-11-29,952.53,925.69,979.25,908.0,4.33951189,24.054947380500003
801015,2023-11-30,969.05,932.32,1003.37,926.62,4.97717529,29.108828312600004
801015,2023-12-01,946.26,959.86,993.03,936.84,4.13656094,23.8163462644
801015,2023-12-04,942.09,937.9,962.58,920.99,3.25963337,18.4007106705
801015,2023-12-05,951.1,933.74,980.48,932.43,3.86901217,22.8246397636
801015,2023-12-06,959.47,938.74,983.31,924.55,3.98247729,23.233048154099997
801015,2023-12-07,937.31,952.14,957.21,927.56,2.6488374,15.326523913599999
801015,2023-12-08,904.47,936.92,943.58,902.96,2.68547739,14.4679249682
801015,2023-12-11,893.94,897.98,902.69,879.41,1.83521487,9.6371571884
801015,2023-12-12,912.18,894.46,916.47,888.83,1.76609516,9.4465877427
801015,2023-12-13,906.06,909.18,924.99,898.48,1.56341049,8.934789629700001
801015,2023-12-14,889.99,907.0,915.16,886.35,1.66859213,9.580298632
801015,2023-12-15,880.68,890.89,896.33,874.86,1.33923719,7.2874110507
801015,2023-12-18,867.05,880.36,891.25,862.62,1.10885935,5.912634365900001
801015,2023-12-19,868.89,869.24,879.33,857.44,1.17690828,6.1454530252
801015,2023-12-20,853.97,867.99,881.13,849.79,1.08687595,5.822512326900001
801015,2023-12-21,858.58,847.03,862.22,834.52,1.11453191,5.7865928647
801015,2023-12-22,842.16,857.53,863.63,838.18,0.97177644,4.8200765179000005
801015,2023-12-25,835.36,840.75,848.5,829.88,0.69413395,3.3993991700999997
801015,2023-12-26,836.66,835.24,855.18,830.62,1.03062954,4.7685678067
801015,2023-12-27,857.14,837.9,860.47,827.98,1.5210475,7.2631514003
801015,2023-12-28,861.91,853.75,870.68,842.76,1.49877749,7.477490872200001
801015,2023-12-29,866.51,860.42,877.72,855.27,1.24445192,6.1723059264
801015,2024-01-02,908.88,880.77,916.71,873.31,2.93592607,15.71660318
801015,2024-01-03,886.92,894.24,903.32,881.62,2.0756055,11.233938511300002
801015,2024-01-04,880.27,889.93,894.66,873.83,1.22262673,6.613379312799999
801015,2024-01-05,860.29,877.64,884.77,855.19,1.15276369,5.7503650947
801015,2024-01-08,845.76,860.24,867.0,844.64,0.81052562,4.0092547683
801015,2024-01-09,853.4,850.04,861.47,842.31,0.8236255,4.0958967181
801015,2024-01-10,861.06,852.96,869.49,835.04,1.35542363,6.2574737183
801015,2024-01-11,873.37,857.22,881.86,853.03,1.43629368,6.8998151112
801015,2024-01-12,859.55,870.89,890.77,859.0,1.25493566,6.2806151019000005
801015,2024-01-15,856.55,855.95,869.5,851.18,0.7815026,3.8299803977999995
801015,2024-01-16,853.1,856.38,864.74,837.65,0.96854608,4.6782949096
801015,2024-01-17,824.53,850.92,856.82,823.9,0.98573815,4.686943701000001
801015,2024-01-18,812.9,820.95,825.4,790.52,1.18829221,5.1952013994
801015,2024-01-19,812.41,811.47,827.67,801.95,1.02075411,4.7231267109
801015,2024-01-22,760.3,808.34,809.42,752.14,1.24785932,5.3664411179
801015,2024-01-23,759.65,761.98,767.61,744.53,0.87926895,3.6101913352999997
801015,2024-01-24,792.5,760.85,802.41,755.26,1.52937623,7.1570354082000005
801015,2024-01-25,824.37,788.44,830.32,783.28,1.68211776,9.1871664603
801015,2024-01-26,826.22,825.87,850.06,812.89,1.46624008,9.1942358508
801015,2024-01-29,810.15,826.77,841.49,803.98,1.27903966,7.792166562999999
801015,2024-01-30,789.18,801.72,817.77,781.91,1.00850178,5.682688751000001
801015,2024-01-31,753.1,775.99,803.75,742.04,1.80952832,10.1203119976
801015,2024-02-01,743.34,745.87,762.95,722.64,1.34961605,7.3008952546
801015,2024-02-02,702.83,744.4,760.14,679.96,1.59497885,7.830064536799999
801015,2024-02-05,635.34,686.32,689.57,627.26,1.4974554,4.8118759798
801015,2024-02-06,626.98,603.94,651.76,579.97,1.86981207,7.042172082
801015,2024-02-07,593.76,627.08,633.46,585.65,1.81212837,6.6462920801
801015,2024-02-08,635.09,598.79,639.13,581.63,1.80256585,6.8040989419
801015,2024-02-19,651.86,637.12,657.7,634.04,1.43667822,5.5729931225
801015,2024-02-20,651.47,652.25,655.15,635.3,0.92969985,3.5969199243000003
801015,2024-02-21,668.63,647.78,683.66,642.32,1.50604739,5.9227025992
801015,2024-02-22,686.08,666.67,693.74,663.15,1.22298993,4.8814930419
801015,2024-02-23,698.31,684.17,699.87,677.03,1.29551917,5.163249227900001
801015,2024-02-26,709.32,697.16,723.96,690.71,1.48271548,6.129486391
801015,2024-02-27,730.69,710.7,740.03,705.81,1.67023401,7.118259892799999
801015,2024-02-28,678.52,728.75,748.1,675.43,2.26477076,9.5022064311
801015,2024-02-29,697.32,673.54,697.65,668.2,1.33956622,5.4581968555
801015,2024-03-01,697.98,697.38,707.99,683.42,1.31674099,5.3767893236
801015,2024-03-04,686.65,696.34,700.91,677.69,1.01986014,4.1238683027
801015,2024-03-05,670.65,686.16,693.04,668.7,0.96159429,3.7789897998
801015,2024-03-06,675.74,669.42,683.09,662.92,0.78961892,3.1082534230000003
801015,2024-03-07,674.07,674.89,689.2,670.43,0.90744906,3.4997821869
801015,2024-03-08,671.15,674.62,679.14,660.65,0.75971838,3.0762824715
801015,2024-03-11,689.98,672.31,691.47,669.69,1.03272689,4.167501551
801015,2024-03-12,705.57,691.78,705.64,687.28,1.15523143,4.707671446
801015,2024-03-13,699.05,706.05,710.91,692.02,0.92306761,3.8520390292
801015,2024-03-14,694.29,697.83,704.73,685.9,0.81313918,3.3258893158999996
801015,2024-03-15,705.2,691.65,706.25,689.23,0.85585576,3.514385136
801015,2024-03-18,715.93,706.85,717.96,699.78,1.06520735,4.436829519
801015,2024-03-19,726.24,716.18,735.59,713.14,1.52451804,6.610986384099999
801015,2024-03-20,749.09,725.42,768.76,719.92,3.05516986,14.2177310134
801015,2024-03-21,747.25,738.01,754.0,732.27,1.9923357,9.066838184
801015,2024-03-22,748.94,750.66,774.84,731.51,2.81248116,12.874910189100001
801015,2024-03-25,722.4,741.97,758.35,720.1,1.99595958,9.0274177834
801015,2024-03-26,770.65,721.54,773.2,715.88,2.91254161,13.1727200669
801015,2024-03-27,750.58,756.37,791.88,742.03,3.46372219,17.0755053747
801015,2024-03-28,769.17,735.74,782.52,727.07,2.85056609,13.9464812401
801015,2024-03-29,794.43,770.27,814.15,765.82,3.27441905,16.7872130309
801015,2024-04-01,839.74,790.07,850.63,788.45,3.38824038,17.3062465221
801015,2024-04-02,817.17,844.71,873.68,808.92,3.61803131,20.8073264227
801015,2024-04-03,858.97,807.08,878.98,805.04,3.81409855,22.090556867100002
801015,2024-04-08,838.28,849.68,878.96,820.0,3.5630889,21.789300289499998
801015,2024-04-09,819.56,820.03,840.37,790.07,2.96060214,17.6141300799
801015,2024-04-10,816.18,809.07,844.49,785.44,3.05135391,18.5176578943
801015,2024-04-11,812.64,799.56,838.76,792.89,2.35340556,14.7546250577
801015,2024-04-12,781.83,808.49,825.13,775.8,2.29142527,13.2896563887
801015,2024-04-15,719.79,758.73,766.14,707.77,1.97892034,8.1673529047
801015,2024-04-16,654.98,697.88,702.3,652.86,1.55844537,5.490910331799999
801015,2024-04-17,687.41,645.4,700.25,644.89,2.19699689,10.4703723227
801015,2024-04-18,703.14,687.6,728.12,680.18,2.46382745,12.3476828327
801015,2024-04-19,698.98,696.68,720.11,678.36,2.13832257,10.6830750449
801015,2024-04-22,676.31,682.51,694.92,654.67,1.72208329,8.0175881295
801015,2024-04-23,667.56,675.23,682.85,662.25,1.2208487,5.6036348525
801015,2024-04-24,677.37,668.59,682.44,665.07,1.07200488,4.9094502404
801015,2024-04-25,675.55,676.13,687.69,668.56,1.09802815,4.937552091000001
801015,2024-04-26,673.91,668.36,678.54,659.18,1.43930211,6.0013846662
801015,2024-04-29,698.25,671.17,699.97,667.79,1.78195807,7.3667385899
801015,2024-04-30,685.34,696.5,706.04,679.1,1.47082251,6.514314539299999
801015,2024-05-06,705.37,691.68,712.27,688.63,1.56215605,6.898091758600001
801015,2024-05-07,703.95,706.49,712.74,696.45,1.09550923,5.0035897787
801015,2024-05-08,705.25,703.61,717.28,697.09,1.4998698,7.2231202567
801015,2024-05-09,711.9,704.8,717.24,700.24,1.3216031,6.0443275362
801015,2024-05-10,701.91,713.82,723.19,699.63,1.36698144,6.2593687324000005
801015,2024-05-13,677.91,697.01,700.53,673.21,1.36844318,5.935310325
801015,2024-05-14,692.78,682.17,698.95,676.96,0.9835796,4.1166943525
801015,2024-05-15,683.73,693.88,698.95,680.86,0.77745675,3.5450322969999997
801015,2024-05-16,698.42,685.03,709.05,683.66,1.29405861,5.7519912710000005
801015,2024-05-17,701.37,697.82,704.71,688.9,0.90645323,3.85672933
801015,2024-05-20,700.54,698.18,710.21,694.32,1.00821407,4.38108661
801015,2024-05-21,691.41,699.58,702.78,685.08,0.87967535,3.7794837385
801015,2024-05-22,691.15,689.91,698.32,685.73,0.68162057,2.8367058536000003
801015,2024-05-23,672.03,689.82,691.1,666.85,0.9367334,3.6655146815
801015,2024-05-24,677.13,671.09,686.66,668.88,0.88880823,3.4371482356
801015,2024-05-27,671.5,676.3,679.99,659.42,0.77415,3.0552601536000004
801015,2024-05-28,655.95,669.41,671.03,653.43,0.70107155,2.5822114149
801015,2024-05-29,653.15,655.06,663.62,646.99,0.60560516,2.2153203674
801015,2024-05-30,644.22,651.93,656.25,642.07,0.62952199,2.2849600389
801015,2024-05-31,647.96,646.38,654.62,642.5,0.64973021,2.4784231538999997
801015,2024-06-03,638.97,650.74,665.52,628.74,1.34765874,5.0137084307999995
801015,2024-06-04,619.04,634.18,637.01,608.03,1.08992212,4.0174266389
801015,2024-06-05,597.68,617.89,618.08,596.5,0.99378103,3.4952777904000003
801015,2024-06-06,554.21,597.76,601.89,549.91,1.91121633,5.547813152200001
801015,2024-06-07,581.2,557.48,589.17,557.0,1.45816518,4.3026102398
801015,2024-06-11,578.31,579.39,587.85,564.12,0.9029894,2.7832226025
801015,2024-06-12,590.44,577.85,593.1,575.22,0.7045724,2.2496105966999997
801015,2024-06-13,575.51,590.84,591.74,573.16,0.65830939,2.12956282
801015,2024-06-14,575.39,576.28,580.42,568.82,0.5046308,1.5837254168000001
801015,2024-06-17,567.27,574.09,576.03,562.77,0.52636762,1.635150694
801015,2024-06-18,573.7,569.75,577.34,565.84,0.51319191,1.6756644059
801015,2024-06-19,567.9,573.63,580.07,566.04,0.6187938,1.9549028819999998
801015,2024-06-20,549.84,568.15,570.88,547.63,0.78221504,2.3084544654
801015,2024-06-21,547.6,549.89,558.46,541.67,0.532084,1.529578756
801015,2024-06-24,527.34,546.4,552.09,520.3,1.18462111,3.2902857898
801015,2024-06-25,529.57,523.17,534.9,517.53,0.80911757,2.3097857379
801015,2024-06-26,544.13,527.02,545.87,520.89,0.76739959,2.223246437
801015,2024-06-27,533.18,544.64,551.45,531.95,0.66943743,2.0072748199
801015,2024-06-28,532.07,532.86,545.46,528.79,0.63224263,1.9268848746
801015,2024-07-01,540.52,531.73,541.97,525.96,0.59270404,1.8246276436000002
801015,2024-07-02,555.6,540.79,558.81,536.24,0.90795073,2.8045186750999997
801015,2024-07-03,563.0,556.89,573.6,552.59,1.01795343,3.1039338694
801015,2024-07-04,534.68,560.76,562.09,533.78,0.9482612,2.81385736
801015,2024-07-05,542.16,532.78,544.64,526.93,0.64047622,1.9133758836
801015,2024-07-08,525.0,540.36,543.83,520.55,0.66214324,1.9656388168
801015,2024-07-09,524.5,524.6,532.07,505.72,0.8465179,2.3488231478
801015,2024-07-10,510.18,518.91,521.11,504.81,0.66011174,2.1459631815
801015,2024-07-11,534.82,519.1,538.48,515.28,1.00451174,2.9604959197000005
801015,2024-07-12,531.34,534.15,543.42,526.44,0.64150769,1.8816724916999998
801015,2024-07-15,525.83,533.92,537.22,520.5,0.56917077,1.7797885896
801015,2024-07-16,525.36,524.51,532.88,516.88,0.54804405,1.6163046534
801015,2024-07-17,529.52,524.45,534.88,519.52,0.57005561,1.7744574798
801015,2024-07-18,524.19,526.37,527.96,514.3,0.56981908,1.7178331938999998
801015,2024-07-19,523.13,522.07,527.85,513.69,0.54885365,1.5879700019999998
801015,2024-07-22,530.82,522.37,533.05,517.21,0.61580504,1.8256073472
801015,2024-07-23,526.11,531.75,543.83,524.28,0.84456746,2.466226439
801015,2024-07-24,515.09,525.07,530.58,512.61,0.66375001,1.9306907384
801015,2024-07-25,518.81,512.01,523.35,506.37,0.4262045,1.262137464
801015,2024-07-26,525.98,517.63,528.59,514.95,0.47371551,1.3628845598
801015,2024-07-29,526.96,527.28,531.09,519.98,0.40079331,1.2030745003
801015,2024-07-30,539.46,528.31,542.21,525.65,0.76726076,2.1035339205000003
801015,2024-07-31,553.1,539.11,554.42,536.28,0.82658112,2.4230994874
801015,2024-08-01,550.38,553.33,559.57,546.28,0.67626207,2.0699854494
801015,2024-08-02,554.56,547.98,569.87,544.61,1.10815962,3.7376640126
801015,2024-08-05,542.69,550.3,563.59,541.09,0.9162198,2.9404345681999997
801015,2024-08-06,561.22,547.44,562.69,545.3,0.94269836,3.1047585410000003
801015,2024-08-07,553.73,559.36,561.04,547.94,0.69429515,2.150686491
801015,2024-08-08,575.15,552.74,586.34,549.61,1.75252377,5.5304318542
801015,2024-08-09,561.24,569.8,574.55,557.65,1.26336366,3.8711368144
801015,2024-08-12,548.83,560.75,565.16,545.1,0.8110066,2.4560024702
801015,2024-08-13,548.89,548.26,553.3,539.44,0.62382565,1.93195348
801015,2024-08-14,551.27,551.11,560.48,544.43,0.74574373,2.3711758026
801015,2024-08-15,556.89,547.29,561.68,543.68,0.8998204,2.6725643379
801015,2024-08-16,544.05,557.69,558.77,543.62,0.76165,2.35551735
801015,2024-08-19,555.86,542.05,560.84,536.93,1.17323961,3.5260628568
801015,2024-08-20,542.01,553.64,555.4,538.14,0.7782089,2.3508271168
801015,2024-08-21,536.59,541.52,545.19,531.45,0.58422487,1.7688725369999998
801015,2024-08-22,546.4,536.71,555.05,530.16,1.18647854,3.4842893426
801015,2024-08-23,542.08,537.21,553.83,530.48,1.3263128,3.9980271338
801015,2024-08-26,546.65,539.84,555.37,534.71,0.97685107,2.99424045
801015,2024-08-27,535.73,546.02,553.62,533.34,0.72928107,2.2122091061
801015,2024-08-28,530.31,535.24,542.51,517.71,0.75725428,2.0656968214
801015,2024-08-29,528.57,528.72,534.27,521.07,0.58361851,1.6806907955000001
801015,2024-08-30,564.04,534.25,576.09,531.86,2.43306312,7.3682800279
801015,2024-09-02,551.89,561.73,568.37,549.52,1.52730244,4.5399348162
801015,2024-09-03,553.81,553.74,557.26,546.44,0.85752874,2.5592238368
801015,2024-09-04,544.72,550.65,557.87,542.5,0.76645365,2.3691389651
801015,2024-09-05,557.21,544.2,563.77,541.79,1.041802,2.6510127293
801015,2024-09-06,544.23,554.39,558.16,541.35,0.88083802,2.2534219204
801015,2024-09-09,550.6,540.44,555.12,534.51,0.81983452,2.5350564211
801015,2024-09-10,565.99,550.39,571.3,542.74,1.49359375,3.7744608655
801015,2024-09-11,551.93,565.63,568.51,547.66,1.42080187,3.23131455
801015,2024-09-12,551.26,554.7,560.55,547.83,0.81875256,2.163610954
801015,2024-09-13,549.53,550.71,558.81,543.66,0.82388752,2.17293068
801015,2024-09-18,542.87,549.15,559.16,533.09,0.94117806,2.79497863
801015,2024-09-19,562.66,545.1,567.54,543.08,1.27301017,3.902106438
801015,2024-09-20,560.58,561.33,568.07,550.93,1.16009099,3.6036114671
801015,2024-09-23,555.25,556.94,559.6,550.49,0.79566974,2.4468538276
801015,2024-09-24,573.91,556.85,575.23,555.16,1.36389067,3.97908026
801015,2024-09-25,579.43,577.25,594.19,575.89,1.58149392,4.7758834659
801015,2024-09-26,609.46,579.81,613.62,577.28,2.4367549,7.195868003999999
801015,2024-09-27,630.95,615.29,638.97,605.57,2.42322942,7.6553349938999995
801015,2024-09-30,695.23,651.89,700.71,633.86,3.7510873,13.521756007999999
801015,2024-10-08,730.76,776.61,779.43,690.61,4.20694337,16.9627026847
801015,2024-10-09,648.29,712.09,713.14,646.78,2.74432095,10.3342815132
801015,2024-10-10,663.23,650.23,683.13,647.66,2.09907575,8.157468776
801015,2024-10-11,636.3,660.51,664.04,626.18,1.57107786,5.7816913022000005
801015,2024-10-14,649.41,638.28,652.29,631.2,1.27560481,4.6953761456
801015,2024-10-15,643.03,645.3,662.41,637.04,1.44458483,5.4082216392
801015,2024-10-16,639.62,635.15,647.13,630.17,1.06096144,3.7532410837
801015,2024-10-17,629.14,642.9,649.08,627.52,0.98891022,3.3823176794
801015,2024-10-18,640.55,629.01,649.18,622.05,1.36542823,4.8782444727
801015,2024-10-21,666.72,647.34,674.0,643.31,2.0747309,7.3480421996
801015,2024-10-22,683.58,662.99,688.92,659.45,1.9183675,7.5063589914
801015,2024-10-23,681.26,680.56,697.56,675.13,1.68140963,6.7734019084
801015,2024-10-24,678.21,676.84,691.72,670.27,1.13221207,4.322671666000001
801015,2024-10-25,683.84,676.96,692.04,672.25,1.41053488,5.1828376211
801015,2024-10-28,714.42,683.34,714.99,681.53,2.08311609,7.9655144404
801015,2024-10-29,683.44,709.69,713.52,680.46,2.06520795,7.6854363909000005
801015,2024-10-30,695.47,677.98,699.67,674.26,1.62271064,5.5740384187
801015,2024-10-31,713.19,693.69,718.57,689.43,1.88884287,6.7638007311
801015,2024-11-01,738.66,712.88,775.53,702.87,4.95976795,17.345600609
801015,2024-11-04,734.45,732.41,750.58,699.38,3.79290662,12.753974400799999
801015,2024-11-05,758.85,731.0,764.51,727.76,4.41892081,14.661146224300001
801015,2024-11-06,763.73,754.56,777.5,740.31,4.09735252,14.8366842725
801015,2024-11-07,855.88,764.47,859.31,750.4,4.69840993,18.7495883468
801015,2024-11-08,877.92,892.65,933.74,854.4,9.02584642,41.5581302665
801015,2024-11-11,841.14,846.37,874.5,817.82,5.27509373,21.555735457199997
801015,2024-11-12,834.92,835.69,870.57,816.65,4.195418,17.8875087911
801015,2024-11-13,807.48,822.93,836.41,790.03,3.18414551,13.158844259
801015,2024-11-14,774.14,803.03,808.64,771.01,2.3492852,9.2864660746
801015,2024-11-15,763.27,773.48,792.15,759.83,2.04897736,8.5425396251
801015,2024-11-18,764.64,766.42,795.01,742.92,2.56354325,9.7739236058
801015,2024-11-19,766.88,762.65,772.72,740.72,1.90050854,7.4158745333
801015,2024-11-20,786.69,764.96,795.48,755.88,2.22418674,8.7995909708
801015,2024-11-21,785.17,780.97,796.53,773.52,1.71415553,6.911637980599999
801015,2024-11-22,746.25,784.83,789.7,744.71,1.98338173,7.6428202378
801015,2024-11-25,771.44,753.24,777.77,739.44,1.65672794,6.6003109276
801015,2024-11-26,804.53,779.7,821.92,775.01,3.07038675,12.5028479707
801015,2024-11-27,800.7,805.43,823.75,755.86,3.48669727,13.9664782774
801015,2024-11-28,819.92,793.39,830.58,787.81,3.50230839,14.6601399726
801015,2024-11-29,828.85,810.94,840.69,802.1,3.43322494,13.8916133059
801015,2024-12-02,858.06,831.27,879.09,823.63,4.02301324,16.6630046181
801015,2024-12-03,841.45,847.92,863.62,829.73,3.11056235,12.7481690169
801015,2024-12-04,844.09,833.57,887.41,823.3,3.64011033,15.4583367865
801015,2024-12-05,856.65,836.58,875.04,816.96,3.76114099,15.629030291400001
801015,2024-12-06,875.93,846.22,900.96,838.85,4.59316518,18.2589823124
801015,2024-12-09,886.99,871.73,910.65,855.96,4.332706,19.123998862
801015,2024-12-10,876.18,918.12,946.04,871.93,4.90795891,22.479798232199997
801015,2024-12-11,916.36,882.67,931.18,876.07,4.47946647,19.519980493
801015,2024-12-12,958.55,917.42,982.39,902.62,5.94253228,29.735543968400002
801015,2024-12-13,914.61,941.75,955.54,909.25,4.65602319,22.1090560011
801015,2024-12-16,913.41,910.07,937.76,895.38,3.04767756,14.2086736814
801015,2024-12-17,845.32,908.98,911.61,841.35,3.28435761,14.2929856876
801015,2024-12-18,831.03,846.37,854.57,819.95,2.1552943,9.264663559
801015,2024-12-19,817.69,822.16,834.43,800.85,1.83885876,7.4307745146
801015,2024-12-20,826.4,821.08,842.42,817.47,1.58690928,6.9392170937
801015,2024-12-23,768.31,823.0,825.12,763.36,2.18553838,9.0176483766
801015,2024-12-24,762.95,766.73,778.02,740.23,1.760193,6.8271641599
801015,2024-12-25,739.53,761.23,766.67,725.01,1.5338567,5.8002833986
801015,2024-12-26,749.06,743.93,760.6,736.24,1.2366147,4.6548725412000005
801015,2024-12-27,780.33,750.1,792.79,741.99,1.99802137,8.212833420199999
801015,2024-12-30,753.47,775.37,777.99,745.29,1.42594748,5.688983791599999
801015,2024-12-31,741.87,753.18,774.8,738.89,1.31395281,5.5367653257
801015,2025-01-02,749.63,738.98,774.44,734.56,1.92497688,7.5727037178
801015,2025-01-03,695.97,749.69,757.16,692.21,1.90759059,6.9366455806
801015,2025-01-06,693.84,693.08,704.87,663.0,1.23378203,4.2443003498000005
801015,2025-01-07,705.93,695.42,706.89,686.74,0.9752322,3.486911019
801015,2025-01-08,727.19,704.17,747.45,695.39,2.19705607,8.7962417388
801015,2025-01-09,721.31,717.3,731.37,708.12,1.55415602,6.164333618400001
801015,2025-01-10,694.95,722.82,726.5,694.65,1.19795203,4.5126872985
801015,2025-01-13,707.56,709.24,725.68,689.74,1.49464679,5.9539489650999995
801015,2025-01-14,739.61,704.08,741.27,701.96,1.78327214,6.8491562564
801015,2025-01-15,737.83,737.7,751.21,728.46,1.4019304,5.5580843887
801015,2025-01-16,751.39,740.42,763.56,733.75,1.77094448,6.941017596799999
801015,2025-01-17,732.99,740.85,746.92,726.52,1.34614698,5.3730305288
801015,2025-01-20,738.32,737.69,747.85,719.51,1.17573101,4.65125553
801015,2025-01-21,722.1,737.24,743.35,716.64,1.00223268,3.7535641436000002
801015,2025-01-22,710.29,719.01,721.09,705.58,0.63816319,2.3822099841999997
801015,2025-01-23,706.46,716.39,733.64,705.31,0.96488871,3.5836299444
801015,2025-01-24,714.22,709.0,718.7,700.58,0.92905935,3.2857663510000004
801015,2025-01-27,703.66,719.51,729.93,702.48,0.82722082,3.0613831409
801015,2025-02-05,700.79,702.84,708.15,690.99,0.87289258,3.1969413319
801015,2025-02-06,710.4,701.68,711.11,688.63,1.13143771,3.997355017
801015,2025-02-07,721.25,707.54,730.67,705.97,1.34641952,4.871178269800001
801015,2025-02-10,739.59,721.65,740.13,720.37,1.25853619,4.5638683946
801015,2025-02-11,727.7,741.26,746.59,722.52,0.98894474,3.6593323061
801015,2025-02-12,725.87,726.56,730.87,714.23,0.99987398,3.7075190624000003
801015,2025-02-13,729.88,724.49,744.36,720.09,1.68957551,6.2839168996
801015,2025-02-14,716.59,728.24,732.37,713.38,1.29437001,4.6481318592
801015,2025-02-17,733.18,717.71,738.65,711.96,1.52488893,5.6907139677
801015,2025-02-18,707.84,730.85,737.28,705.74,1.45316367,5.3779738051
801015,2025-02-19,715.09,705.18,716.62,702.57,0.90535195,3.3324613681999997
801015,2025-02-20,718.24,714.1,722.51,708.99,0.87660151,3.373411123
801015,2025-02-21,709.33,717.78,720.8,702.04,1.08518253,4.1109951376
801015,2025-02-24,727.67,719.08,743.08,717.19,2.45972524,8.7656328826
801015,2025-02-25,714.59,720.26,730.11,711.39,1.33043191,4.8869142512
801015,2025-02-26,720.89,713.21,726.3,711.37,1.08696383,3.9138485472
801015,2025-02-27,731.45,721.26,740.09,715.75,1.8616746,6.674973846
801015,2025-02-28,710.57,727.83,737.28,708.82,1.66279762,5.995566495299999
801015,2025-03-03,708.66,713.35,719.73,702.89,1.08736742,3.8767020968
801015,2025-03-04,711.14,705.59,712.23,696.12,0.83718572,3.0405489898
801015,2025-03-05,710.67,711.88,722.34,701.06,0.96200332,3.5300863376
801015,2025-03-06,713.2,710.8,716.31,701.25,1.1109667,4.0701754068
801015,2025-03-07,702.75,711.22,713.36,699.85,0.9264755,3.3638975257
801015,2025-03-10,709.19,706.6,714.01,700.59,0.71362753,2.8657454677999996
801015,2025-03-11,713.81,702.12,714.44,696.99,0.90991341,3.7441403068
801015,2025-03-12,729.54,713.42,740.81,709.21,1.92110357,8.309925364
801015,2025-03-13,738.69,726.53,741.72,712.68,1.99971462,7.8801387672
801015,2025-03-14,762.65,746.04,776.84,739.48,3.40553016,13.5484183095
801015,2025-03-17,784.81,765.56,806.05,759.7,3.56987696,14.4691014652
801015,2025-03-18,781.56,787.56,804.14,769.49,4.12154372,14.1681549174
801015,2025-03-19,763.13,777.92,783.97,756.72,2.40920843,8.0769060294
801015,2025-03-20,794.56,763.01,811.68,755.57,3.6590551,14.1566562099
801015,2025-03-21,830.75,797.32,854.24,792.27,6.24577096,23.667027929699998
801015,2025-03-24,785.3,827.89,832.21,772.23,4.66268448,20.6434694195
801015,2025-03-25,760.17,776.77,786.42,751.76,2.67575297,11.435793716600001
801015,2025-03-26,760.66,752.04,773.55,746.68,2.06324393,8.7535546693
801015,2025-03-27,745.12,757.57,763.92,736.77,1.86990891,7.2936926717
801015,2025-03-28,722.41,745.65,748.12,720.79,1.68868531,6.230385416
801015,2025-03-31,712.92,718.25,721.1,701.39,1.29636993,4.713630505899999
801015,2025-04-01,721.99,715.22,729.14,711.97,1.0955968,4.1539325639
801015,2025-04-02,711.94,721.22,723.87,710.59,0.85986209,3.0899388156
801015,2025-04-03,722.97,704.96,727.66,704.51,1.13340601,4.2395692014
801015,2025-04-07,657.18,700.27,722.06,641.06,3.14376572,10.1614841323
801015,2025-04-08,726.01,656.44,730.93,655.92,3.86644753,13.182282134200001
801015,2025-04-09,728.73,712.02,740.35,675.76,3.48549658,12.1365129211
801015,2025-04-10,760.08,717.05,781.54,711.74,4.07649007,15.204267444500001
801015,2025-04-11,737.13,747.45,758.02,732.56,2.62626887,10.1602047323
801015,2025-04-14,753.04,738.53,767.59,735.35,2.4495132,9.3836881716
801015,2025-04-15,741.97,747.98,755.3,732.86,1.72514985,6.312977902899999
801015,2025-04-16,736.43,737.89,748.52,715.99,1.94944656,7.1254009369
801015,2025-04-17,735.55,730.8,746.43,720.73,1.46776718,5.631294619
801015,2025-04-18,717.34,730.77,739.78,712.37,1.43205403,5.298768926
801015,2025-04-21,716.92,716.47,722.34,707.66,1.03574626,3.7675086616000004
801015,2025-04-22,717.0,716.85,728.92,709.01,1.11101654,3.97403086
801015,2025-04-23,708.25,717.73,722.66,701.92,1.29502197,4.6240543452
801015,2025-04-24,718.82,707.64,737.2,703.36,2.58505214,7.46616137
801015,2025-04-25,707.96,711.8,720.11,703.35,1.85392484,5.469164317000001
801015,2025-04-28,687.92,705.59,710.08,682.08,1.41254779,4.5524919782
801015,2025-04-29,697.51,692.92,706.2,688.69,1.04852326,3.7529931881
801015,2025-04-30,700.56,696.09,709.48,693.86,0.87700825,3.2055602183
801015,2025-05-06,716.86,705.08,717.82,702.68,1.05423399,3.7951627149
801015,2025-05-07,727.41,722.75,730.87,716.58,1.37243285,4.9340892583
801015,2025-05-08,734.56,724.65,736.56,716.9,1.32993083,4.646750759
801015,2025-05-09,727.67,734.95,738.89,723.83,0.96325109,3.6499624632999996
801015,2025-05-12,728.56,730.77,734.83,720.52,0.84919851,3.1924068226999998
801015,2025-05-13,729.1,733.17,743.81,725.33,1.10228982,3.8982377807999997
801015,2025-05-14,733.48,727.99,735.66,721.28,0.93732259,3.3538571561
801015,2025-05-15,751.29,732.96,759.31,729.24,2.33768095,8.471520334800001
801015,2025-05-16,734.27,751.13,752.28,728.62,1.53030642,5.6048219292
801015,2025-05-19,747.86,732.74,749.3,728.94,1.2843183,4.9207818667000005
801015,2025-05-20,754.99,748.43,757.9,742.88,1.20244348,4.5630276472
801015,2025-05-21,745.41,753.31,763.39,742.31,1.00532594,3.6391064548000003
801015,2025-05-22,733.59,743.62,749.04,730.81,1.01079468,3.6871115356999997
801015,2025-05-23,722.62,734.47,741.52,719.05,1.00423704,3.8015999351
801015,2025-05-26,731.91,722.31,738.59,717.82,0.78818754,3.0580202830000003
801015,2025-05-27,744.08,731.68,747.77,730.02,1.10051188,4.138062196
801015,2025-05-28,742.07,743.46,748.43,733.65,0.89721403,3.4921501526
801015,2025-05-29,745.61,739.86,748.39,734.46,0.88997408,3.404202002
801015,2025-05-30,741.37,743.95,759.36,736.25,1.56599807,5.94686294
801015,2025-06-03,755.32,733.63,759.03,729.27,1.4705535,5.8689940044
801015,2025-06-04,767.67,753.98,769.76,748.76,1.71672253,6.5309691737
801015,2025-06-05,751.56,769.03,772.71,746.49,1.39980184,5.4793478245000005
801015,2025-06-06,751.33,752.69,758.38,744.97,0.89500418,3.5770312458999998
801015,2025-06-09,761.11,753.52,764.83,749.12,0.977483,4.0132737894999995
801015,2025-06-10,756.31,761.96,766.73,743.93,1.20893454,4.8253767134
801015,2025-06-11,760.0,753.92,765.59,751.64,1.05253446,4.0885163941
801015,2025-06-12,753.33,756.66,759.78,744.15,0.89524731,3.4838652098000003
801015,2025-06-13,740.93,750.85,756.32,737.59,1.11357276,4.369125998
801015,2025-06-16,746.03,738.32,749.11,732.59,0.78245338,3.3020511666
801015,2025-06-17,751.73,754.0,775.26,745.93,1.6805617,8.1504355811
801015,2025-06-18,734.61,749.03,753.26,731.72,1.24053543,5.7703533584
801015,2025-06-19,720.34,733.6,739.94,716.76,1.04491206,4.2959248785
801015,2025-06-20,717.18,721.32,731.31,714.77,0.69665768,2.8141678783999997
801015,2025-06-23,728.23,714.37,731.26,707.42,0.6902847,2.9063456
801015,2025-06-24,738.79,727.97,740.08,724.31,0.77921301,3.2450440684
801015,2025-06-25,742.62,738.83,750.42,732.18,0.8953849,4.0408234952
801015,2025-06-26,749.17,743.07,755.13,739.1,1.150156,4.6578435877999995
801015,2025-06-27,752.31,750.72,761.31,745.26,1.0070132,4.1436747065
801015,2025-06-30,754.88,768.2,772.35,750.96,1.06951325,4.3092744544
801015,2025-07-01,754.12,754.0,760.53,746.99,0.86410178,3.6008752482
801015,2025-07-02,845.04,780.7,849.41,771.71,7.67232182,31.9805582047
801015,2025-07-03,803.6,834.36,843.0,793.69,6.9538514,29.7285213251
801015,2025-07-04,790.93,802.19,814.6,781.89,4.36281446,18.182018124200003
801015,2025-07-07,784.51,784.14,790.83,771.49,2.49612195,9.9203212866
801015,2025-07-08,791.9,786.28,793.32,778.76,2.19500678,8.9127692922
801015,2025-07-09,782.59,790.09,793.14,779.34,2.00336366,8.202110166
801015,2025-07-10,785.59,782.34,792.68,777.16,1.58699538,6.2033777363
801015,2025-07-11,787.98,787.07,793.41,781.54,1.55427013,6.219867708
801015,2025-07-14,790.2,789.54,795.62,783.3,1.28410733,6.013688116
801015,2025-07-15,781.3,791.03,803.64,772.95,2.07374181,8.7750618088
801015,2025-07-16,787.81,784.73,794.61,779.51,1.26987494,5.6570102649
801015,2025-07-17,789.15,787.16,799.38,783.89,1.29399117,5.7814879971
801015,2025-07-18,797.19,790.96,801.41,785.79,1.69819599,7.483763729600001
801015,2025-07-21,807.67,797.32,811.3,791.38,1.80387925,7.4898547621
801015,2025-07-22,806.97,809.26,813.24,795.53,1.65297312,6.641333729099999
801015,2025-07-23,799.24,806.79,813.45,796.75,1.40898153,5.5765596386
801015,2025-07-24,812.79,799.47,814.52,796.86,1.92474339,7.531693378300001
801015,2025-07-25,811.82,816.79,824.1,805.93,1.46313542,6.2307546995
801015,2025-07-28,814.93,811.91,822.16,806.03,1.3136242,5.5102862430999995
801015,2025-07-29,811.95,815.46,819.62,799.85,1.34341239,5.4610146801
801015,2025-07-30,844.95,810.74,857.99,805.81,3.60153807,16.4569294997
801015,2025-07-31,805.25,830.91,834.81,801.77,2.99231975,14.2957527144
801015,2025-08-01,806.05,802.24,813.39,799.34,1.37561189,6.7274121062
801015,2025-08-04,807.0,802.85,811.34,793.71,1.07915335,5.001460278500001
801015,2025-08-05,815.18,808.01,819.09,806.22,1.12709715,5.4282394162
801015,2025-08-06,814.81,818.21,822.39,807.85,1.09420829,4.956049406
801015,2025-08-07,812.43,815.59,818.92,807.8,0.92257812,4.2368957402
801015,2025-08-08,818.94,812.7,823.03,806.36,1.2111401,5.559162626699999
801015,2025-08-11,824.9,820.62,830.71,815.03,1.25533984,5.3993719389
801015,2025-08-12,819.81,825.11,833.12,815.62,1.10197448,4.9401696331
801015,2025-08-13,815.85,824.03,824.96,810.57,1.09937172,4.882575521600001
801015,2025-08-14,800.13,816.08,819.67,800.05,1.37029531,5.8330003186
801015,2025-08-15,815.99,807.68,830.43,802.16,1.87427192,8.6601500244
801015,2025-08-18,824.22,817.97,835.29,813.65,1.96898893,8.8480378393
801015,2025-08-19,836.41,824.64,852.27,820.67,2.20566685,10.2212295589
801015,2025-08-20,843.98,835.03,846.99,829.71,1.7610867,7.861802429400001
801015,2025-08-21,851.71,845.36,860.4,834.48,2.18123195,9.921302499500001
801015,2025-08-22,841.74,851.36,857.74,832.25,1.85245467,8.4718362871
801015,2025-08-25,842.22,841.11,848.13,830.02,1.7801627,7.793654213200001
801015,2025-08-26,844.35,841.29,854.31,835.27,1.52148064,6.747666494500001
801015,2025-08-27,817.99,846.91,849.33,817.72,1.81575679,7.809050590599999
801015,2025-08-28,798.05,802.4,819.58,774.22,2.80991447,11.066647854200001
801015,2025-08-29,798.37,797.42,810.36,789.92,1.50018212,6.113559909299999
801015,2025-09-01,807.16,801.58,815.12,791.13,1.4163217,6.1901051847
801015,2025-09-02,803.23,807.06,811.75,791.99,1.41364275,5.6638410543
801015,2025-09-03,782.11,803.18,807.07,777.31,1.22390563,5.0014007428
801015,2025-09-04,800.26,784.18,813.65,779.23,2.46583354,9.023294896
801015,2025-09-05,804.8,803.4,808.85,782.29,1.81988634,6.660681336100001
801015,2025-09-08,814.16,803.37,820.89,800.65,1.40827074,5.4429497936
801015,2025-09-09,816.77,814.43,823.17,807.9,1.62640819,5.901330430700001
801015,2025-09-10,826.49,816.13,828.48,810.15,1.46699134,5.566630159
801015,2025-09-11,824.44,826.11,831.47,812.7,1.41530595,5.6307053158
801015,2025-09-12,827.96,824.06,837.75,818.18,1.50411859,6.5933177757
801015,2025-09-15,844.71,847.08,874.65,834.39,2.99037208,12.368955998199999
801015,2025-09-16,846.72,844.37,853.09,830.12,2.10357715,8.8602133224
801015,2025-09-17,831.05,844.27,848.2,826.64,1.61629261,6.9250194695000005
801015,2025-09-18,813.59,830.84,838.14,806.19,1.759819,7.243786406799999
801015,2025-09-19,800.81,815.2,816.77,795.06,1.31382099,5.0836142939
801015,2025-09-22,791.89,802.3,808.84,785.59,1.08087601,4.3119438874
801015,2025-09-23,773.19,789.08,789.65,754.63,1.46150946,5.6498448488
801015,2025-09-24,779.14,770.5,783.25,764.49,1.00586251,3.8274182942
801015,2025-09-25,768.97,778.49,783.88,765.04,1.01007814,3.8509348446
801015,2025-09-26,771.45,766.98,781.82,760.0,0.98865561,3.8209114913
801015,2025-09-29,774.76,771.74,777.89,751.29,1.04067281,3.9084832130000002
801015,2025-09-30,773.81,779.21,783.68,770.4,0.86582457,3.4092170977999996
801015,2025-10-09,769.62,772.55,775.73,760.76,0.97165989,3.6959920497000005
801015,2025-10-10,778.83,772.06,789.0,767.23,1.1963503,4.4450549516
801015,2025-10-13,782.96,764.29,786.17,754.27,1.05574798,4.2493228658
801015,2025-10-14,790.87,782.47,797.42,780.31,1.27807518,5.2087732928
801015,2025-10-15,791.47,790.29,797.08,780.31,0.94607033,3.9828844023000003
801015,2025-10-16,778.71,792.94,801.24,775.18,1.1436957,4.7751175901
801015,2025-10-17,770.08,778.03,785.03,767.34,0.97496858,3.9758985998000003
801015,2025-10-20,778.57,774.56,780.67,767.88,0.77777213,3.1310346187
801015,2025-10-21,798.76,777.65,800.81,773.68,1.29945458,5.331383465
801015,2025-10-22,797.54,797.6,806.93,791.83,1.00750449,4.1700472534
801015,2025-10-23,800.17,794.89,805.47,788.34,0.8944231,4.2066414059
801015,2025-10-24,790.29,801.9,804.03,786.5,0.97178848,4.2827846054
801015,2025-10-27,784.57,790.25,795.24,778.3,1.02056576,4.36931264
801015,2025-10-28,787.92,785.33,794.14,779.65,0.77545986,3.4308129556
801015,2025-10-29,782.51,785.12,788.43,768.2,0.97679302,3.9541765502999997
801015,2025-10-30,769.22,779.28,783.74,765.71,0.9398644,3.6580222866
801015,2025-10-31,780.37,770.86,786.38,764.86,1.12617522,4.6931370352999995
801015,2025-11-03,788.89,782.17,792.2,779.02,0.99422541,4.23580349
801015,2025-11-04,795.26,789.5,798.92,783.81,1.08580076,4.2905583648
801015,2025-11-05,803.31,793.45,807.39,788.89,1.11049326,4.4420895839
801015,2025-11-06,800.18,803.04,807.73,791.65,1.00008464,4.22620311
801015,2025-11-07,806.78,799.53,812.26,795.08,0.94130573,4.2634026204
801015,2025-11-10,818.65,807.8,824.97,801.29,1.35651719,5.716502033099999
801015,2025-11-11,830.29,819.99,833.0,811.77,1.36817129,5.4450427333
801015,2025-11-12,825.66,829.47,834.99,819.5,1.08123026,4.4265924252
801015,2025-11-13,831.69,824.85,833.68,812.72,1.26789363,4.951577198
801015,2025-11-14,856.79,829.48,877.57,827.84,3.02823141,13.917039615699998
801015,2025-11-17,912.24,961.67,964.22,905.17,9.19300716,41.1353236461
801015,2025-11-18,930.63,910.81,942.48,872.71,7.96688158,38.6434344456
801015,2025-11-19,1049.43,964.06,1049.43,943.97,9.26248952,44.600728911400005
801015,2025-11-20,987.81,1094.47,1123.52,972.4,11.99495585,65.1923222783
801015,2025-11-21,1003.13,937.68,1063.67,929.38,10.8081437,60.8180972866
801015,2025-11-24,1059.72,957.54,1077.28,954.0,9.2817387,49.221408525600005
801015,2025-11-25,978.36,1030.59,1036.19,946.84,8.10795336,45.712537419499995
801015,2025-11-26,910.93,944.33,952.96,904.91,6.07862193,29.2915455275
801015,2025-11-27,897.27,892.26,913.3,872.14,4.61731232,26.7181145602
801015,2025-11-28,894.96,885.68,901.36,871.42,3.57810856,19.9320989823
801015,2025-12-01,904.96,891.24,915.91,878.56,3.95199542,22.455876266500002
801015,2025-12-02,917.33,895.01,934.11,879.93,4.6693961,26.6623637456
801015,2025-12-03,933.47,906.86,949.5,896.9,6.1090957,29.6185582226
801015,2025-12-04,902.75,927.85,957.85,896.05,7.44314678,32.9294047799
801015,2025-12-05,918.37,900.75,928.75,872.23,6.10949739,26.639959653400002
801015,2025-12-08,919.1,918.67,933.16,905.53,3.95201362,18.6675262669
801015,2025-12-09,919.14,939.93,959.26,907.28,4.50708596,23.506401369299997
801015,2025-12-10,905.22,911.93,931.54,894.26,3.70399842,18.3465918722
801015,2025-12-11,863.51,903.39,905.14,859.99,3.73784329,16.3471503051
801015,2025-12-12,866.04,860.92,882.53,853.01,2.60948672,11.9295575697
801015,2025-12-15,876.89,861.31,886.06,856.25,2.28212546,11.654009651500001
801015,2025-12-16,855.07,872.64,889.06,846.73,2.51413086,12.348934762899999
801015,2025-12-17,845.63,855.59,861.09,828.21,2.38400424,10.715475550299999
801015,2025-12-18,848.59,839.91,865.72,835.92,1.90109779,8.778083624199999
801015,2025-12-19,873.47,849.77,877.78,843.13,2.69670837,11.6138352984
801015,2025-12-22,876.66,872.56,882.15,862.59,1.79980142,8.6653120789
801015,2025-12-23,860.78,874.09,894.0,857.89,1.8414857,8.6996178355
801015,2025-12-24,872.01,885.03,900.69,856.72,4.587431,19.6972909499
801015,2025-12-25,876.96,863.1,889.56,851.72,4.01527565,19.1168771382
801015,2025-12-26,863.53,872.56,876.69,857.58,2.92578731,14.208594648599998
801015,2025-12-29,840.06,858.27,860.64,835.38,2.42572261,11.2855744622
801015,2025-12-30,827.26,839.19,842.44,820.63,1.86485729,8.6539924051
801015,2025-12-31,834.05,829.6,842.79,815.24,1.8565618,8.574243099
801015,2026-01-05,846.96,831.58,854.91,825.9,2.04321874,10.0131676305
801015,2026-01-06,857.45,849.01,867.19,841.37,2.02975889,9.469180401100001
801015,2026-01-07,894.72,867.68,900.94,858.31,4.64784449,23.2555571544
801015,2026-01-08,890.57,884.09,900.04,872.0,3.24004664,17.706415938499998
801015,2026-01-09,924.71,892.85,933.98,883.75,4.82996717,25.808542231999997
801015,2026-01-12,932.05,914.36,937.28,902.95,4.03349257,21.854102077199997
801015,2026-01-13,898.14,925.0,929.02,893.28,3.15716545,16.3081615799
801015,2026-01-14,896.53,910.44,926.7,882.44,3.62071062,19.0613971143
801015,2026-01-15,872.34,891.63,899.47,866.66,2.4086531,12.001969196500001
801015,2026-01-16,880.94,875.86,896.79,862.3,2.30915104,12.8533831001
801015,2026-01-19,895.21,877.39,899.23,872.42,1.84089885,9.8918453898
801015,2026-01-20,889.92,893.4,906.78,881.12,1.86140001,9.9344091362
801015,2026-01-21,894.3,886.92,898.88,877.61,1.50193502,8.1602304591
801015,2026-01-22,903.13,894.67,909.49,888.23,1.82377557,8.4929680036
801015,2026-01-23,906.52,912.69,920.68,893.84,2.243321,12.026917058399999
801015,2026-01-26,886.17,900.88,905.15,874.37,2.0085902,9.992283386
801015,2026-01-27,870.27,884.94,887.09,855.07,1.68556455,8.157589802
801015,2026-01-28,873.69,867.56,881.19,862.99,1.38168898,6.5919331174
801015,2026-01-29,888.18,871.78,891.02,862.61,2.20121465,10.0016069038
801015,2026-01-30,917.91,888.68,935.69,881.85,5.49635173,26.5421885498
801015,2026-02-02,879.88,908.46,917.59,869.63,3.68733197,18.8244908725
801015,2026-02-03,884.76,888.71,895.49,871.93,2.08371063,10.5939687099
801015,2026-02-04,903.0,890.1,908.3,880.27,2.36328375,12.9856931998
801015,2026-02-05,900.46,898.67,915.14,887.62,2.10708533,12.2470707918
801015,2026-02-06,902.65,896.92,917.92,884.66,2.22371362,11.689907106500002
801015,2026-02-09,921.91,915.62,938.84,911.3,2.75918843,15.385299268599999
801015,2026-02-10,928.67,921.88,947.26,904.93,2.92669125,16.2997775309
801015,2026-02-11,907.25,924.15,926.54,903.14,1.92016486,10.7053361286
801015,2026-02-12,890.59,908.19,914.84,884.73,2.1089105,10.08004184
801015,2026-02-13,912.83,896.45,933.92,889.82,2.89816063,16.0651814124
801015,2026-02-24,922.66,909.09,935.3,898.1,2.81703327,17.7104735677
801015,2026-02-25,926.55,921.43,945.15,916.19,2.48847187,13.628946768199999
801015,2026-02-26,903.69,927.7,934.31,901.33,2.17014252,11.2050235097
801015,2026-02-27,905.63,904.76,915.04,891.51,1.72042759,9.3748519035
801015,2026-03-02,875.85,892.74,899.73,862.92,2.38947489,11.830214774100002
801015,2026-03-03,867.25,879.95,895.03,860.49,2.4719526,13.6305256002
801015,2026-03-04,877.65,872.43,896.18,860.03,2.65525715,16.1436550225
801015,2026-03-05,864.03,875.64,883.52,855.53,2.05724675,11.783553030799998
801015,2026-03-06,878.05,858.86,880.43,842.06,2.07514834,10.6533354892
801015,2026-03-09,870.09,875.72,887.7,858.66,1.7609049,8.813369907
801015,2026-03-10,874.32,869.69,883.09,863.62,1.50288206,7.677062406
801015,2026-03-11,868.3,871.93,877.63,859.62,1.30892747,6.559141949
801015,2026-03-12,857.15,864.38,870.9,852.22,1.53027392,6.956612550700001
801015,2026-03-13,852.75,854.24,870.89,846.91,1.64946249,7.4411996737
801015,2026-03-16,888.28,877.91,915.63,875.78,4.478546,22.3266926819
801015,2026-03-17,855.13,877.09,890.21,852.22,3.02149902,15.1673505114
801015,2026-03-18,841.28,854.87,862.49,827.06,2.39193104,10.239303699099999
801015,2026-03-19,820.53,833.03,843.04,816.71,1.70302137,7.37866613
801015,2026-03-20,794.18,822.93,830.16,792.92,1.73041,7.2462940694
801015,2026-03-23,741.82,779.88,780.79,735.7,1.88285905,7.6956446483
801015,2026-03-24,780.45,758.01,782.04,744.85,1.68056558,7.2084859809
801015,2026-03-25,798.03,793.85,804.71,780.51,1.33144698,6.0725017928
801015,2026-03-26,802.1,797.06,818.83,785.27,1.47124251,7.0255297282
801015,2026-03-27,813.98,795.81,820.36,787.77,1.3693667,6.6580102576
801015,2026-03-30,815.6,806.86,822.04,793.66,1.25458427,6.2974550339999995
801015,2026-03-31,801.2,815.82,827.72,799.35,1.14499101,5.3489234185
801015,2026-04-01,817.46,810.48,824.63,799.94,1.05373474,5.2084777318
801015,2026-04-02,811.17,814.18,824.07,803.39,0.97107512,4.613065644
801015,2026-04-03,781.74,811.58,814.38,777.95,1.15130479,5.0963184867
801015,2026-04-07,810.16,783.19,816.07,777.92,1.22940078,5.7038931309
801015,2026-04-08,826.65,820.35,830.15,813.03,1.23412327,5.943189975499999
801015,2026-04-09,807.18,822.53,830.35,801.17,1.10309165,5.1962407113
801015,2026-04-10,801.82,809.82,818.05,797.55,1.05757121,5.1292663349000005
801015,2026-04-13,804.59,799.6,807.22,791.29,0.8221036,3.8476374951
801015,2026-04-14,803.9,806.83,812.93,788.7,1.02193,4.59966653
801015,2026-04-15,793.08,806.89,808.24,788.14,0.96134161,4.1986238201
801015,2026-04-16,797.67,793.11,801.16,782.24,0.98163002,4.360853287099999
801015,2026-04-17,789.67,797.45,802.68,782.9,1.01070748,4.2210706734
801015,2026-04-20,798.71,792.36,804.54,787.32,0.85076167,4.1603908862
801015,2026-04-21,794.98,806.11,819.03,787.6,1.29250771,6.1383976125
801015,2026-04-22,782.81,789.28,794.72,778.37,1.01749354,4.5840377496
801015,2026-04-23,777.11,782.27,788.12,768.69,0.90513486,4.0376798156
801015,2026-04-24,767.52,772.04,777.11,756.82,1.08415878,5.0298289543
801015,2026-04-27,771.21,766.7,774.54,746.99,1.0472682,4.3925733784
801015,2026-04-28,762.6,768.56,774.5,755.33,0.85196206,3.7097782084
801015,2026-04-29,768.57,755.81,777.01,750.25,1.17128895,5.0124696197
801015,2026-04-30,781.42,773.25,792.28,768.3,1.66380781,6.280031709199999
801015,2026-05-06,786.17,785.23,792.34,776.08,1.44284238,5.7075077839
801015,2026-05-07,780.52,785.83,793.53,775.61,1.18747143,5.0558106083
801015,2026-05-08,792.3,781.82,796.93,779.38,1.00815892,4.572859777
801015,2026-05-11,788.53,796.09,798.94,781.33,1.03256363,4.3465858055
801015,2026-05-12,768.41,788.93,791.29,766.1,0.99438644,4.1776332169999995
801015,2026-05-13,770.56,771.06,778.04,763.49,0.97356315,3.8859601067000002
801015,2026-05-14,760.08,770.2,774.57,755.87,0.9836578,4.108358844800001
801015,2026-05-15,750.44,760.7,762.79,745.06,0.88140509,3.6522963754
801015,2026-05-18,752.42,750.98,759.08,739.0,0.91695601,3.7066459407
801015,2026-05-19,754.26,752.08,761.02,742.84,0.85720132,3.3866561145999996
801015,2026-05-20,742.26,752.89,757.9,732.97,0.98254086,3.6929461592000004
801015,2026-05-21,721.66,744.63,753.02,718.95,1.04485896,4.0256139630000005
801015,2026-05-22,727.58,726.8,733.72,713.3,0.7706856,3.0588686912000003
801015,2026-05-25,723.44,728.5,735.14,715.83,0.71803284,2.8108331407
801015,2026-05-26,712.62,720.79,725.41,704.49,0.71293143,2.8151050702999996
801015,2026-05-27,701.82,713.08,715.89,693.33,0.79984952,3.0951701277
801015,2026-05-28,706.52,699.66,712.56,688.06,0.83198012,3.1052063239
801015,2026-05-29,707.38,705.89,720.93,700.03,1.00004889,3.8513007811
801015,2026-06-01,730.83,703.52,735.88,696.05,1.21643981,4.5806090342
801015,2026-06-02,707.16,729.31,732.37,700.12,1.05664127,3.8758814822000005
801015,2026-06-03,696.44,708.98,711.72,690.69,0.75500573,2.886575391
801015,2026-06-04,696.49,698.44,722.5,690.33,1.21283349,4.5143598675
801015,2026-06-05,694.18,690.23,705.28,683.33,0.96892389,3.631121
801015,2026-06-08,674.83,686.36,700.64,665.56,1.02856851,3.7774973852
801015,2026-06-09,672.1,678.38,682.71,663.08,0.73516044,2.7224770562000002
801015,2026-06-10,663.78,668.51,675.5,654.96,0.69791473,2.5777436648
801015,2026-06-11,659.16,662.03,667.93,650.39,0.61720986,2.1104596341
801015,2026-06-12,670.86,663.13,675.77,653.07,0.83310546,2.9960092320999996
801015,2026-06-15,663.33,675.56,686.25,657.2,0.81500021,3.0550311989
801015,2026-06-16,663.84,662.4,666.1,648.35,0.71077773,2.6192394467
801015,2026-06-17,649.75,667.88,675.08,645.71,0.75449773,2.8555119932
801015,2026-06-18,639.31,646.4,649.28,632.96,0.64774842,2.3274099039
801015,2026-06-22,639.39,635.37,641.18,617.31,0.86764852,2.9870992726999996
801015,2026-06-23,650.15,636.52,661.01,632.99,0.99443952,3.43141553
801015,2026-06-24,620.59,649.66,653.3,616.27,0.97557937,3.3132067639
801015,2026-06-25,614.9,617.41,623.14,606.26,0.78245031,2.6908108215
801015,2026-06-26,600.55,611.42,613.57,594.94,0.76273576,2.4688290698
801015,2026-06-29,603.19,597.73,608.28,577.7,0.97422321,3.0810683114999997
801015,2026-06-30,593.54,601.37,608.78,587.02,0.76436393,2.5112710499
801015,2026-07-01,617.16,594.63,627.25,591.4,1.32938627,4.2561980918
801015,2026-07-02,619.91,617.49,637.34,612.52,1.10496023,3.6761504652999997
801015,2026-07-03,626.16,623.66,631.88,614.74,0.84670402,2.9373726
801015,2026-07-06,628.01,629.73,639.69,623.14,0.73804051,2.523766605
801015,2026-07-07,610.73,625.8,630.33,606.23,0.67110507,2.2039806506999997
801015,2026-07-08,611.35,610.08,616.89,598.12,0.63942325,2.1419357704
801015,2026-07-09,609.29,608.48,618.09,596.58,0.70060346,2.2908955866
801015,2026-07-10,625.84,607.96,634.61,596.46,1.13244096,3.60484208
801015,2026-07-13,612.0,625.7,629.62,607.02,0.83800684,2.6581288736
801015,2026-07-14,627.39,611.08,628.97,604.3,0.94071154,3.0123739079000003
801015,2026-07-15,651.52,638.25,658.94,629.51,1.17301943,4.1985910688
801015,2026-07-16,661.49,652.88,670.59,644.38,1.63358204,6.8822965974
801015,2026-07-17,645.32,654.68,674.59,638.07,1.49202617,5.966731536799999
801015,2026-07-20,641.94,649.2,662.41,629.62,1.34787639,5.49358312
801015,2026-07-21,623.55,639.59,641.76,608.6,1.39943297,5.3577887238
801015,2026-07-22,623.2,618.96,632.15,612.7,0.88619922,3.5107171256
801015,2026-07-23,639.74,620.31,641.11,616.2,0.93701496,3.4546499391000003
801015,2026-07-24,617.44,635.52,641.4,614.61,0.8061276,2.8525105688
801015,2026-07-27,631.58,617.07,634.02,612.11,0.82508278,2.8546275444
801015,2026-07-28,642.49,628.38,648.37,626.09,0.96706961,3.482864666
801015,2026-07-29,651.47,644.61,657.98,640.69,0.99322644,3.6446151652
801015,2026-07-30,653.67,649.2,672.53,646.61,1.18536262,4.5213074011000005
801015,2026-07-31,661.57,646.86,662.59,645.06,0.97952722,3.5793470746
801015,2026-08-03,678.48,663.54,679.99,660.53,1.10298563,3.8640352699
801015,2026-08-04,676.29,681.4,686.94,671.17,0.84386472,3.166207268
801015,2026-08-05,672.21,676.91,681.0,664.32,0.86478489,3.1760594799
801015,2026-08-06,679.76,671.4,681.89,663.12,1.02895341,3.7383068604000003
801015,2026-08-07,678.71,680.81,686.54,663.54,1.13328224,3.9310515319999997
801015,2026-08-10,702.87,679.58,713.06,676.68,1.50249353,5.6901690262999995
801015,2026-08-11,694.16,698.77,707.22,690.3,1.02308984,3.7977873576
801015,2026-08-12,702.69,692.6,708.01,687.48,0.97506984,3.4689293839
801015,2026-08-13,705.64,703.11,715.37,692.77,1.34604187,5.222168472
801015,2026-08-14,701.44,705.04,709.72,690.52,0.93243401,3.7601376977
801015,2026-08-17,711.23,700.55,715.22,691.66,1.01928747,4.1489750038999995
801015,2026-08-18,734.44,711.84,757.83,707.12,3.0145144,12.4366713894
801015,2026-08-19,705.04,728.97,734.02,702.01,2.26954105,9.1319474063
801015,2026-08-20,708.53,704.74,718.75,694.95,1.47583986,5.7203752122000004
801015,2026-08-21,704.55,708.12,714.13,689.49,1.21749856,4.9376124885
801015,2026-08-24,704.34,705.8,712.49,692.7,1.08973743,4.5354944302
801015,2026-08-25,723.63,699.64,726.39,698.4,1.25133043,5.1995894771
801015,2026-08-26,727.75,718.14,737.03,717.14,1.11883882,5.0218285542
801015,2026-08-27,737.55,727.2,740.95,721.21,1.198992,5.0481329795
801015,2026-08-28,771.13,742.36,775.9,737.01,2.39627405,10.5177228733
801015,2026-08-31,752.43,761.74,771.76,743.49,2.02269929,10.1305631482
801015,2026-09-01,778.95,748.38,787.82,746.62,2.70664457,12.2430922237
801015,2026-09-02,753.31,773.64,776.73,747.92,1.9155108,8.5532105986
801015,2026-09-03,741.69,753.46,763.6,737.69,1.33621148,5.8067781495
801015,2026-09-04,771.07,742.14,781.12,734.99,2.00237845,8.4681953548
801015,2026-09-07,806.49,783.87,812.97,777.31,2.76891724,11.7556869814
801015,2026-09-08,822.42,811.73,844.99,804.22,3.7359984,21.267230993800002
801015,2026-09-09,849.45,816.59,860.32,812.62,4.27911491,23.990679169899998
801015,2026-09-10,809.59,831.77,856.98,804.98,3.29283576,19.1314863397
801015,2026-09-11,774.42,812.9,819.95,765.32,2.57455963,14.3069141898
801015,2026-09-14,760.71,774.99,779.24,749.67,1.99522828,9.7756521287
801015,2026-09-15,726.34,761.44,765.54,722.61,1.95965274,8.6135257404
801015,2026-09-16,738.94,723.33,745.82,711.71,1.61976031,7.0570869699
801015,2026-09-17,747.87,740.86,755.8,721.24,1.72651538,8.5166210813
801015,2026-09-18,741.66,740.8,752.6,732.11,1.49090743,6.8649733168
801015,2026-09-21,769.61,740.64,774.14,736.04,1.85735303,7.777857367899999
801015,2026-09-22,760.86,767.99,775.37,746.74,1.53889424,6.7435539273
801015,2026-09-23,744.87,758.33,760.19,740.14,1.16089589,5.0063749329
801015,2026-09-24,736.68,744.73,750.72,731.24,1.0916576,4.471090541000001
