代码,日期,收盘,开盘,最高,最低,成交量,成交额
850122,2000-06-29,1000.0,1000.0,1000.0,1000.0,0.01072838,0.2311552
850122,2000-06-30,978.53,995.8,997.2,974.34,0.0171282,0.36105737
850122,2000-07-03,949.6,967.33,972.93,947.27,0.01360746,0.27909842
850122,2000-07-04,955.67,942.6,957.53,940.27,0.01002472,0.20377614
850122,2000-07-05,960.8,957.07,984.6,950.07,0.00691734,0.14354602
850122,2000-07-06,958.93,956.6,972.93,943.07,0.00518451,0.10640735
850122,2000-07-07,968.27,956.6,979.93,956.6,0.00793998,0.16530486
850122,2000-07-10,986.46,968.27,1000.93,965.93,0.00991594,0.21026418
850122,2000-07-11,970.6,993.93,995.33,965.93,0.00879141,0.18331612
850122,2000-07-12,977.6,971.06,986.93,968.73,0.00679187,0.14190732
850122,2000-07-13,993.0,979.0,1009.79,968.73,0.02031638,0.43220778
850122,2000-07-14,1038.72,1012.13,1068.59,1004.66,0.04476115,1.00515504
850122,2000-07-17,1021.93,1040.59,1052.72,1021.93,0.01372892,0.30513369
850122,2000-07-18,1023.79,1021.93,1035.46,1014.46,0.00886214,0.19420387
850122,2000-07-19,1031.26,1031.26,1035.92,1020.99,0.00725474,0.15968172
850122,2000-07-20,1015.86,1031.26,1049.92,1007.92,0.01154511,0.25359572
850122,2000-07-21,1001.86,1015.86,1020.99,998.59,0.0085112,0.18409459
850122,2000-07-24,1002.32,999.52,1011.66,988.32,0.00561296,0.11976153
850122,2000-07-25,971.53,955.66,979.92,955.66,0.01488822,0.30966622
850122,2000-07-26,974.32,971.53,984.59,970.59,0.008468,0.17707409
850122,2000-07-27,963.12,975.72,979.92,954.73,0.01357753,0.28050257
850122,2000-07-28,979.46,964.99,979.92,957.06,0.00508997,0.1055027
850122,2000-07-31,972.46,977.59,978.99,964.06,0.00412197,0.08571455
850122,2000-08-01,984.59,970.59,986.92,965.92,0.00463553,0.09706107
850122,2000-08-02,987.85,979.92,989.25,975.72,0.0034855,0.07337897
850122,2000-08-03,975.72,987.39,987.39,974.32,0.004886,0.10250542
850122,2000-08-04,969.65,974.32,975.25,961.26,0.0070736,0.14632968
850122,2000-08-07,964.05,968.25,974.32,957.05,0.0053144,0.10974007
850122,2000-08-08,988.32,965.92,989.72,961.25,0.00644611,0.13463739
850122,2000-08-09,994.38,988.32,1006.05,979.92,0.00729327,0.15530072
850122,2000-08-10,975.25,994.38,1004.18,971.52,0.0055278,0.11674887
850122,2000-08-11,970.59,975.72,986.92,969.65,0.00416863,0.08716335
850122,2000-08-14,978.98,974.32,979.92,970.59,0.0045872,0.09584145
850122,2000-08-15,998.58,979.92,1000.92,970.58,0.00651553,0.13779626
850122,2000-08-16,998.58,1000.92,1002.32,988.32,0.0037697,0.08044128
850122,2000-08-17,1004.18,995.78,1021.91,993.92,0.05356031,0.9963452
850122,2000-08-18,1005.52,1003.51,1017.63,997.65,0.03893202,0.71075083
850122,2000-08-21,998.93,1008.52,1013.05,987.77,0.0426336,0.76959588
850122,2000-08-22,983.72,998.93,1007.42,983.19,0.03441385,0.63176316
850122,2000-08-23,984.48,976.13,993.59,946.75,0.04983798,0.89250999
850122,2000-08-24,982.43,983.24,990.63,967.07,0.02661738,0.48951469
850122,2000-08-25,1000.65,978.99,1009.33,975.8,0.03023348,0.58824072
850122,2000-08-28,1002.75,1002.08,1013.43,995.16,0.02917844,0.58246632
850122,2000-08-29,1022.83,1004.27,1027.6,995.21,0.03554378,0.72306876
850122,2000-08-30,1000.26,1026.97,1030.55,999.6,0.02898279,0.5916637
850122,2000-08-31,982.0,993.49,1006.37,978.56,0.0340859,0.66832004
850122,2000-09-01,992.44,976.89,1009.52,971.93,0.04624966,0.96568497
850122,2000-09-04,1018.77,991.68,1028.31,987.77,0.04936656,1.09554912
850122,2000-09-05,991.53,1025.49,1029.55,987.77,0.04079411,0.86554922
850122,2000-09-06,983.71,988.91,999.59,968.88,0.04012773,0.81835569
850122,2000-09-07,1002.93,987.48,1014.33,980.13,0.03727114,0.81540595
850122,2000-09-08,995.73,1000.93,1011.28,990.63,0.02361738,0.51328851
850122,2000-09-11,998.26,997.3,1013.28,986.76,0.0137804,0.29019001
850122,2000-09-12,993.39,1001.88,1005.41,981.09,0.01618765,0.34841157
850122,2000-09-13,996.25,993.39,1002.36,982.33,0.01262891,0.25366874
850122,2000-09-14,1000.74,996.92,1010.28,985.09,0.01611436,0.32494814
850122,2000-09-15,994.77,998.88,1001.12,980.47,0.0135427,0.27968797
850122,2000-09-18,997.44,992.63,1011.13,974.6,0.03380034,0.76570812
850122,2000-09-19,945.89,991.05,1001.16,940.4,0.05082359,1.11758426
850122,2000-09-20,933.87,943.98,960.38,921.47,0.03198421,0.65624722
850122,2000-09-21,923.75,937.87,947.75,917.17,0.01806408,0.35855871
850122,2000-09-22,915.36,919.89,925.9,905.73,0.01177133,0.2144409
850122,2000-09-25,913.5,906.25,922.99,906.06,0.0076491,0.13813941
850122,2000-09-26,915.6,913.83,927.66,902.58,0.00737316,0.12934592
850122,2000-09-27,926.23,919.17,932.24,911.68,0.00882375,0.16416169
850122,2000-09-28,920.75,927.9,936.63,915.55,0.00787639,0.14071679
850122,2000-09-29,930.05,921.13,935.96,913.83,0.0066815,0.12611491
850122,2000-10-09,941.45,932.53,946.45,921.27,0.00883619,0.17388173
850122,2000-10-10,950.75,946.12,952.8,934.91,0.00918327,0.17200445
850122,2000-10-11,936.48,952.22,954.61,932.91,0.00811889,0.15402336
850122,2000-10-12,926.8,934.43,939.3,922.51,0.00942889,0.16950647
850122,2000-10-13,925.28,926.13,941.97,917.31,0.00731302,0.13909804
850122,2000-10-16,916.69,919.27,935.29,909.87,0.00729271,0.15958719
850122,2000-10-17,920.89,917.02,930.66,908.15,0.0053071,0.09801412
850122,2000-10-18,926.99,923.13,930.38,916.16,0.00579319,0.10359478
850122,2000-10-19,919.17,931.66,932.24,915.64,0.00532657,0.09623432
850122,2000-10-20,945.35,924.7,948.17,919.17,0.01307947,0.24489079
850122,2000-10-23,960.14,950.98,968.96,939.34,0.01996801,0.36381205
850122,2000-10-24,966.72,965.34,967.05,947.5,0.01347944,0.25829355
850122,2000-10-25,988.37,967.39,1010.41,967.05,0.04884441,1.00229076
850122,2000-10-26,973.01,990.37,990.71,970.72,0.01275731,0.24384389
850122,2000-10-27,963.43,973.2,975.44,961.76,0.0094797,0.18459235
850122,2000-10-30,976.3,960.56,986.41,956.22,0.00851266,0.17148174
850122,2000-10-31,954.27,981.55,982.84,950.26,0.00805303,0.15699688
850122,2000-11-01,958.56,965.95,969.39,947.4,0.01032466,0.19925641
850122,2000-11-02,956.08,960.8,971.63,955.7,0.00918353,0.17401317
850122,2000-11-03,955.22,956.6,963.66,951.12,0.00637487,0.11663741
850122,2000-11-06,970.05,955.17,978.59,955.17,0.00759525,0.14727169
850122,2000-11-07,986.6,971.63,997.14,970.62,0.01460992,0.30643827
850122,2000-11-08,989.42,987.37,994.57,981.55,0.0125993,0.26099805
850122,2000-11-09,987.79,991.51,993.95,979.16,0.01319259,0.26514767
850122,2000-11-10,997.62,991.37,1006.63,983.74,0.02128518,0.44303614
850122,2000-11-13,1001.77,1002.48,1020.66,991.04,0.02257336,0.4619801
850122,2000-11-14,1003.58,1011.55,1012.55,992.61,0.0145051,0.2905752
850122,2000-11-15,990.37,1000.15,1007.2,987.65,0.01639423,0.32846108
850122,2000-11-16,995.14,988.7,998.95,985.36,0.0133719,0.25609298
850122,2000-11-17,988.89,995.14,1004.44,986.55,0.01353166,0.26518711
850122,2000-11-20,987.98,988.89,994.56,976.82,0.01147721,0.22780907
850122,2000-11-21,985.98,989.32,994.95,983.45,0.01014678,0.19507328
850122,2000-11-22,992.66,986.98,1005.58,985.41,0.01179585,0.23750748
850122,2000-11-23,1010.35,1002.96,1018.6,995.23,0.01655375,0.31126141
850122,2000-11-24,976.87,1011.73,1018.36,972.19,0.01851391,0.36648042
850122,2000-11-27,970.38,973.53,981.64,961.27,0.01260969,0.24937261
850122,2000-11-28,981.83,971.38,982.54,970.48,0.00777456,0.1452555
850122,2000-11-29,972.76,981.83,984.93,966.52,0.00783468,0.14608796
850122,2000-11-30,971.29,981.3,985.45,965.23,0.01021995,0.21247287
850122,2000-12-01,994.04,974.29,995.37,970.9,0.00830663,0.15367474
850122,2000-12-04,994.18,995.37,999.95,988.22,0.01018262,0.19698609
850122,2000-12-05,999.04,994.18,1005.62,991.12,0.01198957,0.21919153
850122,2000-12-06,986.07,999.04,1010.11,984.59,0.01086652,0.21261741
850122,2000-12-07,988.17,984.49,995.08,978.15,0.00709514,0.13734941
850122,2000-12-08,992.6,988.88,1004.76,986.16,0.00726484,0.1479728
850122,2000-12-11,971.04,993.36,993.36,969.66,0.00721534,0.14167307
850122,2000-12-12,994.84,972.76,996.08,968.09,0.01059337,0.22248299
850122,2000-12-13,1007.81,996.94,1020.98,989.88,0.030026,0.73525797
850122,2000-12-14,1005.09,1010.15,1013.01,996.18,0.03629977,0.65646306
850122,2000-12-15,1015.14,1007.24,1026.88,997.1,0.05066622,0.93253803
850122,2000-12-18,1021.84,1014.23,1027.75,1003.08,0.03722056,0.72437453
850122,2000-12-19,1013.22,1023.88,1033.77,1011.47,0.0338544,0.62829998
850122,2000-12-20,1025.8,1013.22,1027.36,1002.56,0.04669448,0.82315591
850122,2000-12-21,1027.85,1029.15,1044.27,1021.8,0.04488122,0.82486555
850122,2000-12-22,1015.43,1028.66,1034.0,1012.7,0.03085693,0.55182514
850122,2000-12-25,1007.53,1014.78,1022.71,1001.16,0.03292403,0.58202964
850122,2000-12-26,1027.82,1007.5,1039.33,1007.5,0.02292529,0.4117773
850122,2000-12-27,1030.55,1030.48,1049.92,1022.81,0.03350714,0.59381595
850122,2000-12-28,1028.95,1029.21,1045.86,1020.53,0.02586068,0.45763545
850122,2000-12-29,1044.59,1029.6,1053.5,1018.09,0.0436375,0.75913353
850122,2001-01-02,1044.59,1026.89,1053.07,1009.55,0.04019431,0.75361209
850122,2001-01-03,1047.11,1051.96,1058.85,1034.93,0.05064753,0.91607335
850122,2001-01-04,1043.19,1047.49,1054.06,1034.99,0.04037882,0.74949852
850122,2001-01-05,1050.78,1042.84,1062.22,1035.06,0.04442311,0.8133723
850122,2001-01-08,1035.44,1053.9,1064.39,1031.45,0.05096239,0.93589481
850122,2001-01-09,1028.01,1033.97,1045.74,1014.71,0.02536282,0.48109437
850122,2001-01-10,1037.32,1029.31,1045.77,1028.17,0.02241339,0.41621314
850122,2001-01-11,1031.55,1037.86,1042.64,1026.89,0.02454927,0.44156431
850122,2001-01-12,1017.2,1028.1,1029.7,1012.86,0.02511059,0.47273575
850122,2001-01-15,972.94,1011.27,1011.39,966.11,0.035967,0.66890559
850122,2001-01-16,993.66,966.37,998.38,964.74,0.02178028,0.39546961
850122,2001-01-17,987.64,993.79,997.55,981.74,0.01213245,0.22340303
850122,2001-01-18,992.01,984.51,997.14,982.92,0.0140333,0.26221205
850122,2001-01-19,998.32,997.49,1003.8,993.28,0.0123873,0.23024069
850122,2001-02-05,965.03,999.85,1002.37,963.75,0.0186557,0.34756427
850122,2001-02-06,948.41,950.74,958.52,930.91,0.01618987,0.29068071
850122,2001-02-07,941.01,951.82,956.96,935.82,0.01285649,0.21729715
850122,2001-02-08,922.58,934.86,948.51,920.07,0.0139216,0.24861779
850122,2001-02-09,937.32,925.04,943.6,922.68,0.01227931,0.20687814
850122,2001-02-12,936.07,930.65,944.74,914.1,0.01436037,0.24012779
850122,2001-02-13,942.07,938.43,950.83,934.86,0.00993031,0.19573262
850122,2001-02-14,937.22,939.13,942.58,933.55,0.00620012,0.10484222
850122,2001-02-15,934.16,937.95,942.7,928.13,0.00559785,0.09953105
850122,2001-02-16,929.92,927.72,931.64,905.59,0.01372618,0.21797472
850122,2001-02-19,936.93,930.07,939.0,917.7,0.00640956,0.11025255
850122,2001-02-20,929.02,934.28,945.79,925.2,0.00915594,0.1578321
850122,2001-02-21,903.22,924.17,925.83,898.31,0.01319413,0.22322626
850122,2001-02-22,908.8,901.63,915.72,899.4,0.00616242,0.09800961
850122,2001-02-23,927.2,910.21,928.41,906.51,0.0106854,0.18112695
850122,2001-02-26,937.12,927.71,939.29,923.12,0.00786493,0.13060051
850122,2001-02-27,932.75,937.6,941.04,919.01,0.0073499,0.12438565
850122,2001-02-28,927.04,933.26,935.11,923.69,0.0053042,0.08980167
850122,2001-03-01,935.08,926.72,937.6,922.03,0.00599455,0.10297524
850122,2001-03-02,940.02,935.01,945.22,933.42,0.00877872,0.15226263
850122,2001-03-05,935.27,940.21,942.09,932.43,0.00623864,0.10580847
850122,2001-03-06,937.4,934.98,940.4,926.15,0.00799281,0.14619333
850122,2001-03-07,942.47,936.76,945.82,933.51,0.00917319,0.17366997
850122,2001-03-08,943.62,941.45,946.84,939.95,0.0067224,0.12049346
850122,2001-03-09,941.64,944.1,950.89,937.05,0.00813781,0.14550777
850122,2001-03-12,941.19,945.66,949.13,936.44,0.00661396,0.09998135
850122,2001-03-13,948.5,938.32,954.33,931.53,0.00806818,0.13785245
850122,2001-03-14,961.19,947.63,963.39,944.89,0.01120225,0.19705415
850122,2001-03-15,960.2,961.57,967.79,953.28,0.01245894,0.21492063
850122,2001-03-16,951.27,958.95,962.27,948.56,0.01067127,0.18933033
850122,2001-03-19,962.33,950.06,962.71,947.15,0.00828207,0.14780071
850122,2001-03-20,964.44,963.8,970.97,957.1,0.00940598,0.16895389
850122,2001-03-21,962.33,964.31,969.7,960.1,0.01104408,0.19308158
850122,2001-03-22,968.71,965.81,972.37,963.48,0.01444483,0.25522197
850122,2001-03-23,962.74,971.83,981.59,962.49,0.01687716,0.30437406
850122,2001-03-26,974.54,963.6,975.43,959.78,0.01540933,0.2674959
850122,2001-03-27,977.12,977.44,983.79,974.06,0.01344918,0.2368757
850122,2001-03-28,984.33,977.86,987.84,972.6,0.0179822,0.31269634
850122,2001-03-29,976.8,980.98,985.83,971.99,0.01078973,0.18671512
850122,2001-03-30,980.66,973.55,983.21,969.18,0.01467767,0.25694655
850122,2001-04-02,988.76,982.54,995.42,979.74,0.01567209,0.29100767
850122,2001-04-03,981.62,989.78,991.02,976.87,0.01066674,0.18892989
850122,2001-04-04,962.17,981.11,985.92,958.24,0.01555281,0.27962574
850122,2001-04-05,969.47,957.54,970.93,955.57,0.01194453,0.2137377
850122,2001-04-06,970.01,971.0,977.31,965.61,0.01042619,0.1974627
850122,2001-04-09,975.62,966.37,977.92,960.64,0.0079558,0.12408229
850122,2001-04-10,978.65,978.71,983.69,970.14,0.00997292,0.17109735
850122,2001-04-11,979.03,979.83,983.05,971.64,0.01258862,0.2234318
850122,2001-04-12,988.63,981.14,993.99,978.94,0.04280414,0.72594613
850122,2001-04-13,990.03,989.14,994.72,982.06,0.01880641,0.32948843
850122,2001-04-16,1000.78,993.54,1005.59,986.11,0.02307576,0.42041585
850122,2001-04-17,1009.32,1004.41,1012.35,993.25,0.02343217,0.43252096
850122,2001-04-18,1005.69,1008.17,1015.57,996.79,0.02647322,0.46881351
850122,2001-04-19,997.3,1005.56,1007.09,988.66,0.01537976,0.27499421
850122,2001-04-20,992.55,997.78,1013.59,988.02,0.02460444,0.44583675
850122,2001-04-23,994.4,990.57,1006.16,978.96,0.02154191,0.38189622
850122,2001-04-24,996.02,990.63,1000.17,987.96,0.01106567,0.19567344
850122,2001-04-25,971.6,995.48,998.89,969.27,0.01860677,0.33010897
850122,2001-04-26,968.28,968.7,977.97,962.0,0.01249733,0.22273026
850122,2001-04-27,972.17,969.97,978.96,968.22,0.00850232,0.14944581
850122,2001-04-30,970.38,970.93,976.67,964.39,0.00560753,0.11372503
850122,2001-05-08,975.87,970.03,980.81,966.84,0.0064578,0.12095897
850122,2001-05-09,970.67,975.74,977.62,967.86,0.0074274,0.12839208
850122,2001-05-10,976.6,970.67,980.75,963.97,0.00668013,0.12051102
850122,2001-05-11,998.06,980.24,1002.17,977.08,0.0152939,0.30307237
850122,2001-05-14,1006.48,997.48,1008.93,988.59,0.01301305,0.2842331
850122,2001-05-15,1006.13,1008.17,1014.26,999.69,0.02246795,0.44194802
850122,2001-05-16,1010.33,1006.76,1015.98,1001.57,0.02433814,0.43731725
850122,2001-05-17,1026.88,1012.88,1036.96,1008.61,0.09501435,1.68881269
850122,2001-05-18,1031.89,1026.82,1035.01,1016.97,0.03167575,0.59362042
850122,2001-05-21,1039.99,1034.57,1046.65,1026.95,0.02945982,0.56690613
850122,2001-05-22,1029.43,1038.65,1040.69,1022.96,0.01916132,0.35172898
850122,2001-05-23,1013.3,1025.67,1030.83,1001.05,0.02375376,0.43389539
850122,2001-05-24,1025.22,1013.23,1035.04,1009.53,0.02493046,0.51529562
850122,2001-05-25,1023.91,1026.72,1032.59,1012.44,0.01417145,0.28204732
850122,2001-05-28,1017.09,1024.74,1031.44,1012.59,0.01513826,0.28301383
850122,2001-05-29,1016.71,1016.04,1028.38,1012.88,0.01101506,0.21559445
850122,2001-05-30,1034.01,1017.66,1035.32,1015.11,0.01240531,0.23827327
850122,2001-05-31,1042.44,1037.78,1045.12,1028.13,0.01844943,0.36843196
850122,2001-06-01,1034.93,1045.18,1047.35,1030.34,0.01294032,0.24952151
850122,2001-06-04,1044.74,1036.05,1053.67,1032.67,0.02384534,0.44483701
850122,2001-06-05,1051.41,1048.73,1054.76,1041.06,0.0278651,0.51152583
850122,2001-06-06,1060.98,1052.56,1062.96,1046.84,0.0288034,0.5344486
850122,2001-06-07,1052.91,1061.59,1066.19,1047.32,0.02083528,0.39516641
850122,2001-06-08,1039.86,1050.99,1052.14,1034.3,0.01651807,0.31603569
850122,2001-06-11,1041.14,1041.21,1051.85,1035.64,0.01382226,0.26265883
850122,2001-06-12,1063.84,1042.9,1066.14,1040.06,0.02950356,0.53136185
850122,2001-06-13,1075.79,1061.02,1086.76,1052.14,0.10138688,1.79423851
850122,2001-06-14,1069.14,1077.52,1108.88,1056.07,0.13081218,2.39123883
850122,2001-06-15,1113.7,1066.2,1126.78,1060.45,0.15523494,2.93404727
850122,2001-06-18,1109.39,1115.94,1136.18,1092.03,0.12726768,2.55259581
850122,2001-06-19,1097.78,1102.61,1113.51,1090.11,0.04842391,0.94826254
850122,2001-06-20,1077.26,1097.08,1110.54,1070.8,0.06746213,1.29480529
850122,2001-06-21,1093.82,1076.72,1098.49,1072.02,0.04304501,0.83448971
850122,2001-06-22,1098.23,1092.76,1106.41,1088.16,0.03239238,0.67171481
850122,2001-06-25,1117.7,1102.1,1135.24,1097.24,0.04126335,0.82427822
850122,2001-06-26,1126.71,1123.55,1139.98,1115.84,0.03712366,0.77090768
850122,2001-06-27,1139.24,1129.11,1147.84,1122.68,0.03452428,0.70819646
850122,2001-06-28,1114.18,1140.39,1145.83,1111.65,0.03804726,0.801928
850122,2001-06-29,1102.7,1114.75,1127.06,1099.31,0.03182232,0.66345211
850122,2001-07-02,1093.62,1104.49,1116.06,1085.76,0.02464234,0.48746841
850122,2001-07-03,1095.03,1091.13,1099.51,1082.37,0.01453606,0.28664794
850122,2001-07-04,1084.23,1098.51,1104.33,1082.02,0.01345894,0.27951005
850122,2001-07-05,1070.38,1083.49,1086.43,1068.18,0.01856672,0.39156804
850122,2001-07-06,1062.2,1068.24,1076.65,1057.31,0.01594595,0.32793388
850122,2001-07-09,1060.19,1062.42,1069.01,1050.79,0.01228084,0.22966952
850122,2001-07-10,1082.85,1062.71,1087.8,1062.52,0.01209601,0.23217219
850122,2001-07-11,1060.79,1083.84,1084.93,1059.74,0.00928414,0.18036951
850122,2001-07-12,1053.5,1057.75,1062.68,1048.55,0.01182973,0.22296979
850122,2001-07-13,1054.27,1057.08,1070.64,1051.68,0.0080712,0.15283683
850122,2001-07-16,1035.31,1059.03,1070.92,1030.71,0.0146625,0.27837386
850122,2001-07-17,1035.18,1035.31,1043.34,1007.92,0.01929931,0.35979727
850122,2001-07-18,1028.98,1035.31,1038.7,1022.05,0.00623924,0.11707864
850122,2001-07-19,1037.07,1029.37,1040.17,1022.46,0.00785288,0.15583666
850122,2001-07-20,1060.6,1038.16,1064.21,1037.93,0.01227043,0.23766575
850122,2001-07-23,1054.04,1060.91,1067.95,1047.9,0.01143798,0.21205957
850122,2001-07-24,1030.48,1032.94,1049.89,1021.95,0.01377872,0.2603686
850122,2001-07-25,1030.1,1024.51,1045.86,1020.76,0.01295864,0.23854092
850122,2001-07-26,1023.23,1028.34,1034.64,1019.49,0.00910159,0.1636037
850122,2001-07-27,1011.46,1023.93,1035.63,1007.34,0.01514053,0.27695322
850122,2001-07-30,943.47,1007.88,1009.38,940.18,0.02781707,0.47734415
850122,2001-07-31,931.48,936.76,967.35,920.13,0.02624814,0.44284098
850122,2001-08-01,965.46,938.9,969.97,932.54,0.02189496,0.3621315
850122,2001-08-02,948.26,963.64,967.28,919.85,0.01786118,0.31406079
850122,2001-08-03,955.49,948.36,959.16,941.26,0.01019187,0.17269009
850122,2001-08-06,930.84,953.19,953.19,917.58,0.01151723,0.19768871
850122,2001-08-07,952.0,939.12,962.39,914.6,0.00832423,0.14969821
850122,2001-08-08,946.6,951.14,960.92,937.07,0.00948565,0.15314646
850122,2001-08-09,952.8,942.99,964.09,939.34,0.00939862,0.1601666
850122,2001-08-10,978.31,962.87,987.8,958.87,0.02186768,0.38225602
850122,2001-08-13,981.86,980.64,987.1,968.18,0.01534855,0.25929148
850122,2001-08-14,973.87,981.28,993.94,963.73,0.01413789,0.24487777
850122,2001-08-15,978.95,971.69,981.66,964.5,0.00507496,0.0901623
850122,2001-08-16,964.69,979.94,984.86,964.05,0.00812933,0.14077622
850122,2001-08-17,963.03,957.66,971.34,946.76,0.0065514,0.11149081
850122,2001-08-20,969.74,964.02,973.51,959.29,0.00403646,0.06868756
850122,2001-08-21,975.04,971.37,986.87,966.99,0.00561082,0.09756553
850122,2001-08-22,961.01,968.2,973.35,944.04,0.00781437,0.13847959
850122,2001-08-23,964.46,951.9,971.3,942.92,0.00848392,0.15009583
850122,2001-08-24,953.18,988.4,992.69,950.75,0.0052394,0.09507177
850122,2001-08-27,925.3,944.64,948.67,922.81,0.01189495,0.21733241
850122,2001-08-28,946.24,915.62,946.91,909.16,0.00941732,0.16012069
850122,2001-08-29,948.67,950.49,960.02,940.61,0.00642615,0.11145159
850122,2001-08-30,941.12,949.37,949.88,936.71,0.00241296,0.04273088
850122,2001-08-31,941.0,947.04,949.79,937.86,0.00234717,0.04441336
850122,2001-09-03,936.78,939.49,944.42,933.23,0.0037555,0.06305489
850122,2001-09-04,958.0,934.54,962.73,934.54,0.00558858,0.09428901
850122,2001-09-05,958.8,963.11,974.33,954.87,0.00616239,0.11038928
850122,2001-09-06,955.12,959.15,966.95,946.84,0.0046555,0.08149736
850122,2001-09-07,931.92,951.96,952.69,927.22,0.0070283,0.11861597
850122,2001-09-10,955.73,918.55,958.7,914.75,0.00742657,0.1264533
850122,2001-09-11,954.58,956.66,964.3,947.51,0.005059,0.09083663
850122,2001-09-12,937.92,930.89,950.93,924.08,0.00720047,0.12526752
850122,2001-09-13,942.43,939.78,955.82,936.32,0.00370405,0.06285874
850122,2001-09-14,938.34,942.24,949.62,931.53,0.00448118,0.07894265
850122,2001-09-17,921.4,930.25,942.78,918.68,0.00898221,0.15195564
850122,2001-09-18,926.99,925.26,936.61,915.48,0.00478508,0.08402208
850122,2001-09-19,936.64,927.24,936.9,923.09,0.00297515,0.05052387
850122,2001-09-20,938.08,940.35,948.02,930.7,0.00568018,0.10064668
850122,2001-09-21,933.6,935.43,943.61,928.01,0.0032977,0.05568745
850122,2001-09-24,929.9,934.53,943.8,923.6,0.00219084,0.03764746
850122,2001-09-25,927.88,928.27,939.36,916.44,0.00517802,0.08727264
850122,2001-09-26,914.58,925.77,927.95,906.34,0.0055711,0.09860409
850122,2001-09-27,915.61,910.49,922.1,895.34,0.00814779,0.13809207
850122,2001-09-28,887.92,916.18,924.72,875.55,0.01834158,0.27545553
850122,2001-10-08,841.06,883.83,884.22,837.84,0.02001069,0.26775921
850122,2001-10-09,860.59,840.84,866.64,836.14,0.0131597,0.19010025
850122,2001-10-10,832.66,858.55,860.21,822.71,0.01331936,0.19944495
850122,2001-10-11,819.39,831.15,836.62,803.38,0.02301115,0.35441931
850122,2001-10-12,847.36,817.54,856.69,801.14,0.03000824,0.45768474
850122,2001-10-15,840.01,846.82,851.23,825.02,0.01249605,0.19138653
850122,2001-10-16,824.18,839.08,848.13,804.81,0.01896851,0.28842572
850122,2001-10-17,806.47,819.1,827.41,801.36,0.00653769,0.09838666
850122,2001-10-18,759.42,805.45,811.91,744.17,0.02361001,0.32801955
850122,2001-10-19,711.6,739.48,752.9,702.11,0.0185232,0.24726658
850122,2001-10-22,686.92,695.52,712.27,676.22,0.01163824,0.14623181
850122,2001-10-23,755.71,755.71,755.71,743.63,0.02357715,0.32498718
850122,2001-10-24,820.03,809.67,830.38,792.22,0.06592629,0.93759887
850122,2001-10-25,805.45,814.85,818.43,791.96,0.01831587,0.25273933
850122,2001-10-26,811.97,799.34,818.81,783.84,0.01542687,0.21420612
850122,2001-10-29,829.9,811.01,831.37,805.51,0.01346873,0.20160767
850122,2001-10-30,830.38,826.29,839.01,815.42,0.01213055,0.18538276
850122,2001-10-31,825.81,829.13,831.53,808.9,0.01293731,0.1961187
850122,2001-11-01,834.63,831.59,849.49,824.47,0.01260787,0.19068
850122,2001-11-02,827.12,828.52,840.8,821.49,0.00724252,0.10340639
850122,2001-11-05,810.34,823.95,826.96,806.37,0.00396069,0.05827532
850122,2001-11-06,807.55,805.32,815.86,802.44,0.0038428,0.05400705
850122,2001-11-07,748.2,805.25,808.26,745.22,0.01516673,0.20292562
850122,2001-11-08,768.52,731.99,772.36,722.4,0.00974665,0.12964642
850122,2001-11-09,777.63,762.93,783.45,753.44,0.01096095,0.15539035
850122,2001-11-12,777.38,777.25,784.6,763.7,0.00635407,0.08813708
850122,2001-11-13,765.01,768.75,772.39,757.75,0.002549,0.03446555
850122,2001-11-14,769.58,764.4,777.19,761.4,0.00340406,0.04500925
850122,2001-11-15,771.3,769.07,780.96,764.4,0.0025421,0.03596926
850122,2001-11-16,787.29,826.28,844.25,784.98,0.02307693,0.32454681
850122,2001-11-19,803.52,790.61,805.03,786.36,0.00624717,0.08747183
850122,2001-11-20,821.07,813.3,830.25,804.36,0.01475068,0.21496621
850122,2001-11-21,833.57,818.16,835.87,810.14,0.01609274,0.23327864
850122,2001-11-22,840.06,826.82,842.01,818.45,0.02203191,0.33202669
850122,2001-11-23,835.9,836.51,843.22,821.2,0.02389575,0.37339986
850122,2001-11-26,827.43,832.1,841.59,821.36,0.01335248,0.20134571
850122,2001-11-27,835.52,826.7,838.59,821.81,0.0098349,0.14482147
850122,2001-11-28,836.86,835.1,844.31,832.1,0.00947669,0.14226789
850122,2001-11-29,845.14,834.72,851.69,830.37,0.01255532,0.16833759
850122,2001-11-30,855.91,841.3,857.48,835.42,0.0138104,0.20409146
850122,2001-12-03,857.16,856.48,868.31,851.05,0.01699096,0.24929701
850122,2001-12-04,861.37,858.91,866.01,851.05,0.00752559,0.10578299
850122,2001-12-05,859.14,861.47,876.46,850.06,0.03010489,0.45584441
850122,2001-12-06,871.41,851.15,873.52,848.84,0.03416,0.54890588
850122,2001-12-07,872.46,871.22,882.69,860.19,0.04007038,0.66915383
850122,2001-12-10,869.81,872.08,876.62,859.55,0.01494745,0.23857973
850122,2001-12-11,856.83,873.07,875.82,851.91,0.0168968,0.2692966
850122,2001-12-12,858.05,851.75,864.03,847.08,0.01616414,0.25654728
850122,2001-12-13,843.98,851.65,860.13,838.55,0.015326,0.23222127
850122,2001-12-14,841.36,843.47,854.85,832.09,0.02661397,0.4296113
850122,2001-12-17,825.73,838.68,845.39,817.9,0.01212156,0.18414179
850122,2001-12-18,841.91,825.6,844.46,819.56,0.01495762,0.23652722
850122,2001-12-19,835.38,839.8,847.15,830.75,0.0094652,0.14627927
850122,2001-12-20,808.12,829.15,835.42,800.57,0.01059571,0.16299902
850122,2001-12-21,822.53,804.25,826.53,802.49,0.01014922,0.15879904
850122,2001-12-24,828.29,822.5,849.93,814.03,0.01567204,0.24195074
850122,2001-12-25,832.89,824.9,838.32,816.3,0.01079592,0.1726966
850122,2001-12-26,845.83,830.65,846.98,824.64,0.01528571,0.25495392
850122,2001-12-27,852.74,842.99,869.17,837.3,0.02237828,0.37998995
850122,2001-12-28,858.3,850.98,866.48,842.73,0.02951657,0.49797518
850122,2002-01-04,858.3,883.78,892.37,854.08,0.01784799,0.29516501
850122,2002-01-07,856.55,856.39,866.43,835.52,0.01395845,0.22225999
850122,2002-01-08,846.32,851.32,865.21,841.11,0.00793306,0.12678028
850122,2002-01-09,831.7,835.78,848.92,828.24,0.00872549,0.13218387
850122,2002-01-10,815.53,828.74,846.45,784.1,0.02728067,0.40328104
850122,2002-01-11,784.06,813.82,826.6,775.01,0.0268187,0.42270124
850122,2002-01-14,766.91,765.59,788.44,752.23,0.0168661,0.2557158
850122,2002-01-15,763.12,768.88,786.79,754.17,0.00968429,0.11692524
850122,2002-01-16,751.44,755.09,772.24,728.03,0.02099895,0.31959517
850122,2002-01-17,704.03,747.22,752.36,700.08,0.01459307,0.20007144
850122,2002-01-18,707.29,694.62,725.66,672.69,0.01588579,0.20709857
850122,2002-01-21,672.82,700.54,706.24,668.74,0.00904856,0.11001292
850122,2002-01-22,652.08,666.9,693.04,647.54,0.0143922,0.1524058
850122,2002-01-23,697.68,644.77,700.61,616.33,0.03654404,0.40114715
850122,2002-01-24,694.68,690.73,716.15,660.9,0.03137495,0.35789242
850122,2002-01-25,690.07,686.06,701.46,679.34,0.01455123,0.16712708
850122,2002-01-28,633.68,685.43,691.59,631.47,0.02360149,0.2525308
850122,2002-01-29,648.95,619.89,658.3,614.95,0.01773717,0.16668855
850122,2002-01-30,649.18,648.59,663.6,639.6,0.01502802,0.14420761
850122,2002-01-31,710.28,652.41,714.1,652.41,0.03227015,0.36232228
850122,2002-02-01,720.29,710.48,736.42,706.0,0.06476889,0.68695043
850122,2002-02-04,739.42,716.47,744.55,704.49,0.03150032,0.36820135
850122,2002-02-05,736.98,739.71,749.36,730.79,0.01926864,0.22462544
850122,2002-02-06,711.24,737.87,740.6,709.56,0.01795248,0.19959786
850122,2002-02-07,728.75,709.36,735.5,707.02,0.0139434,0.16892462
850122,2002-02-08,725.16,730.56,750.38,723.38,0.01930909,0.2393119
850122,2002-02-25,735.6,747.61,751.99,726.68,0.01181985,0.14039344
850122,2002-02-26,738.1,733.85,740.27,721.57,0.00975487,0.11399908
850122,2002-02-27,740.47,737.64,747.12,732.44,0.01375794,0.15165858
850122,2002-02-28,735.14,738.26,744.65,730.95,0.00959189,0.11356117
850122,2002-03-01,722.26,731.78,733.75,717.79,0.00974109,0.1140308
850122,2002-03-04,732.7,719.17,734.94,709.82,0.00655781,0.08039376
850122,2002-03-05,761.3,734.11,765.85,732.6,0.02489056,0.30140726
850122,2002-03-06,761.24,758.28,777.9,754.33,0.03314708,0.4281984
850122,2002-03-07,794.88,759.46,796.86,757.62,0.04334692,0.52675052
850122,2002-03-08,803.28,801.56,813.28,787.31,0.06228609,0.76248378
850122,2002-03-11,820.33,803.08,823.65,793.1,0.04037883,0.5554908
850122,2002-03-12,804.1,818.85,824.15,798.17,0.02807167,0.38618137
850122,2002-03-13,785.37,793.2,807.16,782.11,0.02006616,0.25974505
850122,2002-03-14,810.71,784.77,815.09,783.16,0.01592058,0.20819559
850122,2002-03-15,790.17,807.85,819.67,784.67,0.0225146,0.30927904
850122,2002-03-18,788.46,790.4,813.51,782.8,0.01979537,0.27503288
850122,2002-03-19,821.44,789.51,825.56,774.43,0.04468496,0.60329216
850122,2002-03-20,832.11,834.15,847.58,817.89,0.05972281,0.85673886
850122,2002-03-21,830.1,833.82,839.58,817.43,0.05146861,0.76116571
850122,2002-03-22,828.16,826.48,836.68,812.13,0.04629293,0.69925078
850122,2002-03-25,838.86,820.03,844.68,819.63,0.03361386,0.52102756
850122,2002-03-26,815.38,819.3,832.87,803.17,0.02037442,0.30494037
850122,2002-03-27,817.59,808.64,824.21,803.17,0.01383999,0.20679314
850122,2002-03-28,816.4,816.21,827.63,810.48,0.01647949,0.25340273
850122,2002-03-29,798.23,814.82,819.5,784.41,0.02363334,0.34118407
850122,2002-04-01,788.55,791.19,803.17,778.22,0.01254519,0.16555536
850122,2002-04-02,778.81,787.17,799.38,768.83,0.01301558,0.17240935
850122,2002-04-03,785.19,777.13,789.84,772.26,0.00902561,0.12361365
850122,2002-04-04,816.86,783.19,818.31,770.81,0.02590421,0.37688897
850122,2002-04-05,805.87,815.94,819.76,803.73,0.01742523,0.25003568
850122,2002-04-08,802.51,805.08,810.64,796.06,0.00516417,0.07337911
850122,2002-04-09,825.68,808.43,832.83,804.32,0.02579163,0.37374415
850122,2002-04-10,828.38,826.94,838.72,820.15,0.02025651,0.3058711
850122,2002-04-11,808.66,831.21,833.91,806.13,0.01171738,0.16595182
850122,2002-04-12,809.91,807.84,818.84,804.48,0.00739287,0.10378786
850122,2002-04-15,804.94,807.74,817.29,798.95,0.00775814,0.10292747
850122,2002-04-16,804.78,804.15,811.79,800.5,0.00438361,0.06159971
850122,2002-04-17,814.19,807.77,823.25,803.53,0.01156125,0.15186809
850122,2002-04-18,805.21,815.44,818.77,804.32,0.00598876,0.08071294
850122,2002-04-19,805.8,802.08,820.09,784.8,0.01153087,0.15889397
850122,2002-04-22,807.18,805.9,818.04,790.33,0.00375622,0.05498041
850122,2002-04-23,806.13,806.22,816.92,796.32,0.00483755,0.07270246
850122,2002-04-24,791.11,806.65,806.88,789.53,0.00500243,0.06661476
850122,2002-04-25,796.87,788.68,799.11,786.11,0.0036198,0.04949386
850122,2002-04-26,810.17,794.08,816.06,792.53,0.00631377,0.08497551
850122,2002-04-29,824.0,812.87,828.71,809.78,0.01169089,0.16455982
850122,2002-04-30,829.23,826.47,835.12,810.14,0.01974865,0.28952692
850122,2002-05-08,819.45,829.96,831.7,816.89,0.0060664,0.08499784
850122,2002-05-09,821.69,817.71,834.43,815.27,0.0134861,0.20479579
850122,2002-05-10,820.77,821.69,829.76,812.05,0.0237096,0.37419454
850122,2002-05-13,823.83,820.54,830.19,813.0,0.03150775,0.51610146
850122,2002-05-14,825.21,820.43,841.65,816.08,0.0341879,0.43860509
850122,2002-05-15,805.99,818.62,829.49,802.46,0.01315567,0.16641026
850122,2002-05-16,774.6,800.75,808.6,773.97,0.01527526,0.18221924
850122,2002-05-17,787.51,776.02,794.42,773.3,0.00980078,0.11546293
850122,2002-05-20,770.77,785.02,786.07,758.71,0.006967,0.08027619
850122,2002-05-21,796.56,798.08,810.45,782.46,0.01846071,0.22277886
850122,2002-05-22,777.37,795.7,800.93,774.27,0.00802823,0.09265916
850122,2002-05-23,792.06,779.64,800.74,778.06,0.01404542,0.16823021
850122,2002-05-24,783.93,787.82,793.61,772.98,0.00922193,0.10744035
850122,2002-05-27,783.0,784.52,793.8,776.67,0.00246514,0.02746555
850122,2002-05-28,791.16,787.15,800.32,779.37,0.00918214,0.11381926
850122,2002-05-29,782.69,797.82,798.22,774.96,0.0082159,0.10108268
850122,2002-05-30,789.27,781.18,797.25,777.36,0.01578815,0.19294208
850122,2002-05-31,782.06,783.89,792.29,778.36,0.00552658,0.06737137
850122,2002-06-03,758.22,777.02,780.02,753.15,0.00871154,0.09958001
850122,2002-06-04,767.27,759.18,783.11,742.64,0.01178804,0.14452889
850122,2002-06-18,773.59,763.84,778.26,761.06,0.00432882,0.05078214
850122,2002-06-19,764.75,772.45,773.28,761.82,0.00410503,0.04966563
850122,2002-06-20,772.88,770.07,779.5,766.25,0.00533913,0.06518859
850122,2002-06-21,797.7,775.88,799.81,772.44,0.02219803,0.26746683
850122,2002-06-24,873.15,872.76,877.71,830.05,0.09721923,1.31162522
850122,2002-06-25,836.37,860.54,887.97,824.03,0.08378756,1.08598446
850122,2002-06-26,848.79,829.33,853.42,820.17,0.03586442,0.44858178
850122,2002-06-27,837.28,847.17,853.27,829.89,0.02167018,0.27448622
850122,2002-06-28,827.76,836.93,844.46,818.78,0.0326183,0.41691259
850122,2002-07-01,824.33,835.61,841.16,816.8,0.001487,0.02576408
850122,2002-07-02,822.32,815.26,827.45,800.61,0.0135218,0.16551014
850122,2002-07-03,827.87,821.34,837.44,810.39,0.01689514,0.21081041
850122,2002-07-04,824.2,824.88,838.46,818.94,0.01591051,0.20308327
850122,2002-07-05,825.9,820.3,829.16,818.54,0.00756432,0.09891852
850122,2002-07-08,829.3,829.86,836.86,822.33,0.0139109,0.17734787
850122,2002-07-09,832.95,830.29,840.11,823.25,0.01756274,0.22332204
850122,2002-07-10,820.45,830.22,833.68,814.14,0.01548529,0.19308685
850122,2002-07-11,817.58,815.85,823.81,807.11,0.00870476,0.11094043
850122,2002-07-12,807.98,814.74,824.16,799.7,0.01686175,0.210682
850122,2002-07-15,796.84,804.68,811.79,786.36,0.01473461,0.17914305
850122,2002-07-16,800.46,798.04,809.35,794.22,0.0063638,0.0839262
850122,2002-07-17,805.83,800.06,807.38,790.99,0.00849319,0.10379735
850122,2002-07-18,819.28,804.91,821.66,801.76,0.01573636,0.19453369
850122,2002-07-19,821.06,817.55,825.36,809.17,0.00726825,0.0954014
850122,2002-07-22,803.38,820.24,824.6,800.11,0.00965642,0.12848372
850122,2002-07-23,797.15,798.64,806.88,787.85,0.00559156,0.06749874
850122,2002-07-24,802.9,801.16,810.21,793.48,0.00567746,0.06850582
850122,2002-07-25,796.67,800.67,807.45,791.57,0.00777508,0.10358567
850122,2002-07-26,802.97,803.59,818.07,795.99,0.00386453,0.05204783
850122,2002-07-29,802.23,800.83,808.81,787.68,0.00642425,0.07724271
850122,2002-07-30,802.99,805.74,807.7,792.48,0.00480856,0.05679052
850122,2002-07-31,798.72,799.63,811.8,793.37,0.00941152,0.11319418
850122,2002-08-01,811.51,800.51,823.32,796.3,0.03844389,0.4696926
850122,2002-08-02,812.53,811.71,817.49,805.42,0.02119451,0.25895168
850122,2002-08-05,811.4,809.42,820.54,797.92,0.03980863,0.49637721
850122,2002-08-06,818.79,809.42,830.43,802.67,0.03136905,0.39787394
850122,2002-08-07,825.66,818.52,827.77,814.23,0.03241691,0.4106966
850122,2002-08-08,822.71,828.53,831.37,818.42,0.0205498,0.26401012
850122,2002-08-09,816.99,822.57,827.59,805.65,0.01736185,0.22949584
850122,2002-08-12,817.69,816.26,824.36,809.05,0.02049453,0.2555499
850122,2002-08-13,819.37,815.71,825.15,810.64,0.02717375,0.34157992
850122,2002-08-14,832.94,820.04,835.37,819.31,0.055941,0.70697464
850122,2002-08-15,829.53,832.01,834.63,823.68,0.02559936,0.32233159
850122,2002-08-16,838.58,828.27,848.04,823.72,0.06556173,0.84425844
850122,2002-08-19,829.71,833.17,839.02,822.32,0.02371803,0.30415362
850122,2002-08-20,836.25,833.14,840.12,826.43,0.04356651,0.55800536
850122,2002-08-21,839.26,839.89,850.2,831.17,0.06296667,0.82174006
850122,2002-08-22,838.05,838.6,849.48,830.49,0.03262635,0.42455929
850122,2002-08-23,833.39,838.64,842.83,828.82,0.01873431,0.23914068
850122,2002-08-26,841.62,833.39,847.7,825.67,0.03275926,0.43066345
850122,2002-08-27,853.81,841.22,859.43,840.23,0.05390535,0.72924342
850122,2002-08-28,852.9,854.51,864.6,842.95,0.05031541,0.66646144
850122,2002-08-29,849.26,853.89,868.06,844.6,0.01781669,0.24306815
850122,2002-08-30,852.61,849.26,863.4,848.26,0.02669099,0.36199702
850122,2002-09-02,852.9,847.46,856.38,845.39,0.01237399,0.16420693
850122,2002-09-03,861.94,853.36,865.7,850.72,0.04346745,0.5768357
850122,2002-09-04,854.69,862.0,877.34,850.37,0.05008141,0.68609555
850122,2002-09-05,846.44,850.2,856.22,838.78,0.02333002,0.31209411
850122,2002-09-06,841.56,842.54,854.54,834.12,0.01955444,0.27668382
850122,2002-09-09,838.59,844.26,847.35,826.27,0.01835346,0.24719424
850122,2002-09-10,839.95,835.15,844.83,832.56,0.01367825,0.1807854
850122,2002-09-11,842.58,840.68,848.62,831.23,0.01159306,0.1635166
850122,2002-09-12,849.15,844.86,854.75,835.11,0.01989245,0.27333371
850122,2002-09-13,848.74,849.81,854.99,840.75,0.01169999,0.15841089
850122,2002-09-16,837.27,847.68,851.15,828.88,0.01311579,0.18438283
850122,2002-09-17,838.15,834.73,842.54,826.27,0.01302085,0.1765951
850122,2002-09-18,831.43,838.46,847.81,823.99,0.0165314,0.22178906
850122,2002-09-19,839.16,830.58,841.22,820.07,0.02171067,0.29114059
850122,2002-09-20,834.98,838.7,842.23,827.02,0.01030284,0.13827248
850122,2002-09-23,837.84,834.12,843.56,823.75,0.03334335,0.4297331
850122,2002-09-24,832.67,837.04,842.22,825.87,0.01522651,0.19682427
850122,2002-09-25,837.51,832.67,842.65,823.06,0.02724839,0.3694346
850122,2002-09-26,832.55,834.92,844.1,823.39,0.00281735,0.03848953
850122,2002-09-27,825.4,832.36,836.59,815.13,0.01812083,0.24772315
850122,2002-10-08,815.6,822.32,825.69,809.27,0.00357752,0.04874194
850122,2002-10-09,804.58,815.08,817.64,792.45,0.00755039,0.10039402
850122,2002-10-10,801.4,797.0,811.53,792.62,0.00413844,0.05808536
850122,2002-10-11,796.49,801.06,808.37,781.94,0.00554301,0.07267606
850122,2002-10-14,789.61,792.16,795.44,779.92,0.00566244,0.07043962
850122,2002-10-15,794.19,787.96,797.27,779.56,0.01092253,0.14220081
850122,2002-10-16,796.51,794.06,804.16,789.76,0.00937363,0.1200755
850122,2002-10-17,783.52,794.53,799.45,777.31,0.00826777,0.10942054
850122,2002-10-18,786.28,781.93,794.61,772.92,0.01328804,0.17442708
850122,2002-10-21,790.43,783.11,796.36,777.14,0.00848455,0.10976311
850122,2002-10-22,797.07,791.42,802.08,786.5,0.0126007,0.1595924
850122,2002-10-23,797.05,797.6,805.16,788.03,0.0089088,0.11746249
850122,2002-10-24,791.19,788.87,799.49,783.08,0.00941896,0.12438529
850122,2002-10-25,778.14,789.8,798.22,772.12,0.0050757,0.066364
850122,2002-10-28,765.73,774.64,782.59,758.52,0.00626394,0.0812118
850122,2002-10-29,775.34,764.87,779.18,755.35,0.01304819,0.16475198
850122,2002-10-30,773.01,773.93,780.52,765.42,0.00734612,0.09265837
850122,2002-10-31,773.42,773.37,783.01,770.36,0.0047036,0.05940414
850122,2002-11-01,772.04,773.29,777.82,764.3,0.00414956,0.0521858
850122,2002-11-04,781.69,783.8,793.73,763.4,0.0066886,0.08458708
850122,2002-11-05,792.87,781.46,796.92,775.82,0.0177783,0.22689928
850122,2002-11-06,785.91,789.55,796.71,773.43,0.01455137,0.18683839
850122,2002-11-07,776.97,783.77,791.11,774.13,0.00496292,0.06409839
850122,2002-11-08,767.37,785.26,792.72,763.38,0.0215673,0.27176436
850122,2002-11-11,762.73,768.83,780.44,757.72,0.00729665,0.09704738
850122,2002-11-12,755.4,761.12,778.94,748.75,0.01437841,0.17737143
850122,2002-11-13,758.61,758.57,762.86,740.44,0.00666125,0.08511656
850122,2002-11-14,740.45,756.2,761.72,737.55,0.0056933,0.07001337
850122,2002-11-15,735.4,740.34,748.62,719.04,0.01409605,0.17221071
850122,2002-11-18,739.15,730.55,753.13,719.41,0.01853339,0.21794376
850122,2002-11-19,739.19,736.35,747.75,724.38,0.00847669,0.10229718
850122,2002-11-20,728.05,739.81,745.6,713.22,0.01034066,0.12580404
850122,2002-11-21,707.25,722.96,730.33,703.51,0.0065517,0.07591918
850122,2002-11-22,707.25,712.83,724.24,696.25,0.00805014,0.09390199
850122,2002-11-25,710.8,715.91,720.65,702.45,0.00261226,0.02898449
850122,2002-11-26,696.66,694.3,720.35,685.91,0.00529944,0.0604734
850122,2002-11-27,705.97,688.84,717.95,684.57,0.01516512,0.18163027
850122,2002-11-28,719.33,698.05,720.49,692.07,0.01119318,0.13035031
850122,2002-11-29,727.46,715.41,740.98,704.53,0.02788997,0.33051536
850122,2002-12-02,708.06,724.18,725.09,697.89,0.0099002,0.1184533
850122,2002-12-03,711.19,701.55,719.62,696.92,0.00876409,0.10195452
850122,2002-12-04,719.34,714.02,739.08,692.87,0.02129774,0.26073645
850122,2002-12-05,718.58,714.69,723.44,700.34,0.01186242,0.14880688
850122,2002-12-06,718.87,716.01,723.93,711.27,0.00628686,0.07631254
850122,2002-12-09,714.23,715.83,723.41,711.01,0.00278178,0.03255224
850122,2002-12-10,708.99,714.2,719.05,703.17,0.00489492,0.05735572
850122,2002-12-11,716.98,709.38,725.61,695.18,0.01826963,0.23378284
850122,2002-12-12,721.78,716.06,730.0,707.04,0.02414647,0.29173125
850122,2002-12-13,726.23,724.32,732.08,708.9,0.02644493,0.28196592
850122,2002-12-16,730.27,724.65,734.06,718.77,0.01926771,0.21896299
850122,2002-12-17,731.2,727.21,735.82,722.02,0.01332039,0.15122462
850122,2002-12-18,734.68,737.61,745.96,727.75,0.02199386,0.24677456
850122,2002-12-19,737.25,736.4,742.36,726.31,0.02019374,0.24133242
850122,2002-12-20,740.92,736.86,746.54,729.33,0.01393744,0.16500661
850122,2002-12-23,738.87,742.01,748.39,733.56,0.00366567,0.04130723
850122,2002-12-24,736.87,736.37,742.65,727.61,0.01260995,0.15446268
850122,2002-12-25,729.97,737.56,738.82,726.75,0.00516484,0.06247392
850122,2002-12-26,715.09,729.25,734.96,708.36,0.01601598,0.19100452
850122,2002-12-27,706.18,710.2,718.45,696.01,0.01359809,0.15371157
850122,2002-12-30,701.24,702.43,721.76,683.94,0.01693408,0.19255327
850122,2002-12-31,684.96,701.03,705.53,671.2,0.00575115,0.06432967
850122,2003-01-02,659.61,680.34,687.4,655.8,0.0061036,0.06928799
850122,2003-01-03,659.03,654.41,671.61,647.97,0.00820626,0.10087235
850122,2003-01-06,664.61,653.94,673.11,643.53,0.0065003,0.07346479
850122,2003-01-07,659.28,664.21,670.2,649.54,0.00514735,0.05465116
850122,2003-01-08,672.06,660.99,675.45,651.29,0.00934175,0.10051271
850122,2003-01-09,684.69,676.51,695.7,656.32,0.02620497,0.29505429
850122,2003-01-10,675.43,681.87,687.11,665.45,0.02473676,0.27401066
850122,2003-01-13,681.96,673.82,685.3,665.09,0.01573158,0.17627547
850122,2003-01-14,713.38,678.53,721.5,671.84,0.05148589,0.58602037
850122,2003-01-15,704.77,715.21,721.31,691.35,0.02941933,0.33266788
850122,2003-01-16,729.57,706.03,733.93,694.72,0.03166958,0.36794115
850122,2003-01-17,725.65,729.21,736.38,716.62,0.02420221,0.27493242
850122,2003-01-20,714.36,723.98,727.45,701.65,0.02251334,0.24814073
850122,2003-01-21,700.78,712.86,715.17,694.66,0.01560828,0.17595949
850122,2003-01-22,709.83,679.53,714.27,672.13,0.02023385,0.24369915
850122,2003-01-23,700.2,704.42,714.75,696.73,0.01338621,0.15069481
850122,2003-01-24,708.57,703.1,713.55,699.13,0.01349227,0.15599058
850122,2003-01-27,716.2,709.82,718.32,707.64,0.01464259,0.16039068
850122,2003-01-28,725.36,722.44,733.17,713.2,0.01558896,0.1978431
850122,2003-01-29,732.74,725.96,741.37,719.39,0.0238659,0.28286298
850122,2003-02-10,729.1,736.24,739.53,720.82,0.0081121,0.10232976
850122,2003-02-11,733.65,726.66,735.7,721.59,0.0094656,0.11996385
850122,2003-02-12,736.72,733.22,741.33,726.23,0.01248561,0.15465833
850122,2003-02-13,734.99,737.5,745.48,729.78,0.01555025,0.18464172
850122,2003-02-14,736.55,733.71,739.24,728.84,0.00820626,0.09261551
850122,2003-02-17,723.19,736.85,741.41,718.35,0.01092662,0.12409172
850122,2003-02-18,718.99,723.13,727.67,713.62,0.0068868,0.0831389
850122,2003-02-19,725.24,716.33,727.67,711.81,0.02117557,0.24164283
850122,2003-02-20,724.41,723.43,728.73,718.45,0.01503224,0.16714044
850122,2003-02-21,710.22,724.54,726.04,703.19,0.01161442,0.1302342
850122,2003-02-24,711.64,705.47,714.91,703.14,0.004808,0.05477009
850122,2003-02-25,721.04,712.17,723.69,709.16,0.02067075,0.23439423
850122,2003-02-26,722.15,721.03,727.85,709.1,0.0200206,0.22414748
850122,2003-02-27,719.79,717.59,727.42,710.22,0.02401248,0.24820718
850122,2003-02-28,721.18,720.15,723.92,709.2,0.01756342,0.18940757
850122,2003-03-03,725.89,726.73,730.69,718.59,0.02455021,0.24133827
850122,2003-03-04,725.76,726.78,732.28,718.18,0.02588108,0.28431868
850122,2003-03-05,730.29,725.6,737.57,716.16,0.01722239,0.21482438
850122,2003-03-06,722.19,728.7,732.2,716.08,0.01099127,0.12527708
850122,2003-03-07,716.16,719.54,724.32,709.68,0.00783024,0.08912201
850122,2003-03-10,700.18,713.2,716.05,694.12,0.01220108,0.13298671
850122,2003-03-11,704.71,707.04,712.88,695.98,0.00713272,0.0750176
850122,2003-03-12,708.61,703.25,712.2,693.34,0.00767246,0.08819297
850122,2003-03-13,708.69,705.41,713.26,699.52,0.0079984,0.09803882
850122,2003-03-14,706.83,708.03,713.2,703.28,0.00744443,0.08708344
850122,2003-03-17,705.09,705.51,710.4,693.57,0.00817619,0.09854838
850122,2003-03-18,710.69,703.7,716.59,700.33,0.02492065,0.28052037
850122,2003-03-19,708.4,708.68,719.65,701.94,0.01388309,0.16273296
850122,2003-03-20,708.22,707.77,713.19,700.23,0.0049911,0.06300719
850122,2003-03-21,710.41,706.51,712.4,701.88,0.00824752,0.09462605
850122,2003-03-24,708.22,709.28,713.4,704.2,0.00534013,0.05988524
850122,2003-03-25,701.9,708.58,711.62,692.9,0.00849323,0.11381584
850122,2003-03-26,699.97,697.68,705.6,690.59,0.01028116,0.11434173
850122,2003-03-27,716.13,699.35,719.05,689.81,0.01720668,0.18995374
850122,2003-03-28,703.04,706.31,714.33,694.39,0.02152951,0.2715129
850122,2003-03-31,702.69,700.95,707.66,693.72,0.01483412,0.17837169
850122,2003-04-01,713.37,696.8,715.79,691.83,0.02454492,0.2991675
850122,2003-04-02,709.53,712.45,716.4,703.86,0.01441031,0.18756226
850122,2003-04-03,704.05,705.77,712.1,698.5,0.01267501,0.16478353
850122,2003-04-04,704.53,700.56,707.04,694.32,0.00682954,0.07839458
850122,2003-04-08,689.59,696.42,698.15,686.13,0.00912798,0.0967775
850122,2003-04-09,695.67,689.96,698.16,678.5,0.02806496,0.32998537
850122,2003-04-10,693.11,695.14,701.0,681.83,0.01692033,0.19375401
850122,2003-04-11,690.21,690.79,694.72,680.32,0.02340942,0.26288909
850122,2003-04-14,698.12,689.02,700.83,680.3,0.04124757,0.44471501
850122,2003-04-15,740.88,697.74,742.91,690.21,0.08449728,0.94090629
850122,2003-04-16,717.71,747.71,751.28,711.76,0.08004189,0.85552355
850122,2003-04-17,706.09,716.21,724.0,700.72,0.02372592,0.26279863
850122,2003-04-18,706.78,703.31,712.55,698.59,0.01396429,0.15588325
850122,2003-04-21,705.99,707.5,711.42,691.76,0.01801379,0.19996043
850122,2003-04-22,708.83,708.53,723.66,700.39,0.01664145,0.19117237
850122,2003-04-23,696.03,708.99,712.3,695.83,0.0089633,0.09414093
850122,2003-04-24,683.88,697.53,701.65,676.5,0.0135632,0.14583362
850122,2003-04-25,675.2,683.29,691.08,672.78,0.0069134,0.07279253
850122,2003-04-28,680.82,672.8,682.38,660.19,0.01345454,0.14019453
850122,2003-04-29,664.44,676.88,691.65,662.79,0.00695173,0.07100627
850122,2003-04-30,658.15,668.46,676.41,655.06,0.0092445,0.0895549
850122,2003-05-12,648.41,659.47,665.05,640.19,0.00749047,0.07496251
850122,2003-05-13,617.53,647.61,648.52,611.84,0.01141635,0.11171331
850122,2003-05-14,623.71,617.11,626.12,612.79,0.00646279,0.06107852
850122,2003-05-15,643.96,624.24,650.75,619.52,0.01526471,0.15366591
850122,2003-05-16,639.12,637.69,648.21,631.39,0.00639413,0.06432366
850122,2003-05-19,643.21,639.99,648.21,633.79,0.00482107,0.04535036
850122,2003-05-20,634.58,641.49,643.99,630.46,0.00518346,0.05163921
850122,2003-05-21,638.68,633.92,647.17,632.1,0.003374,0.03413747
850122,2003-05-22,639.08,639.54,646.24,632.66,0.00397315,0.03887203
850122,2003-05-23,642.91,641.82,647.37,634.84,0.01073048,0.10682256
850122,2003-05-26,646.01,645.43,649.36,638.5,0.00813512,0.08994541
850122,2003-05-27,650.61,647.7,652.8,641.79,0.01094173,0.10994736
850122,2003-05-28,647.5,650.14,653.93,640.07,0.00532966,0.0567322
850122,2003-05-29,650.69,646.16,652.65,640.97,0.01533241,0.15922707
850122,2003-05-30,655.43,652.27,662.05,646.53,0.01203233,0.1239443
850122,2003-06-02,662.44,656.62,666.79,650.54,0.01352765,0.14141052
850122,2003-06-03,660.57,661.61,665.51,654.0,0.01160817,0.11119926
850122,2003-06-04,656.06,659.17,661.69,649.28,0.0120806,0.11499618
850122,2003-06-05,653.9,656.3,662.34,649.11,0.00597371,0.06078078
850122,2003-06-06,647.36,650.11,655.76,643.02,0.004992,0.05023436
850122,2003-06-09,641.91,643.48,649.66,635.95,0.0051972,0.05200877
850122,2003-06-10,646.54,642.9,650.51,637.55,0.00708528,0.07824786
850122,2003-06-11,655.1,647.5,656.2,646.14,0.01026731,0.1080034
850122,2003-06-12,651.09,653.62,658.0,647.11,0.00577336,0.06246935
850122,2003-06-13,654.95,650.55,657.98,641.49,0.00902212,0.0972885
850122,2003-06-16,652.86,655.48,658.81,647.68,0.00579961,0.05789035
850122,2003-06-17,652.29,652.89,656.11,646.61,0.00778216,0.08109573
850122,2003-06-18,650.68,653.34,659.37,646.57,0.00377616,0.03921946
850122,2003-06-19,649.09,650.19,654.99,637.86,0.00951868,0.10101181
850122,2003-06-20,646.86,645.04,649.87,639.79,0.00790142,0.0839935
850122,2003-06-23,638.76,645.66,649.57,633.24,0.01031407,0.10378393
850122,2003-06-24,630.02,636.23,640.48,625.17,0.00600923,0.05944913
850122,2003-06-25,630.18,629.63,634.78,626.54,0.00520139,0.04921992
850122,2003-06-26,635.73,627.67,637.02,623.37,0.00800557,0.07395314
850122,2003-06-27,640.84,636.88,655.54,626.26,0.02055199,0.21075586
850122,2003-06-30,626.77,637.01,640.18,624.27,0.0068436,0.07202156
850122,2003-07-01,628.46,625.2,632.29,624.67,0.00618398,0.06292196
850122,2003-07-02,623.97,629.72,632.23,618.16,0.00951172,0.09637047
850122,2003-07-03,616.93,622.46,625.57,614.43,0.00804107,0.06086208
850122,2003-07-04,618.34,617.06,624.76,613.78,0.00480388,0.03685011
850122,2003-07-07,609.33,619.73,621.59,604.64,0.0050239,0.03967936
850122,2003-07-08,616.94,609.31,624.4,601.92,0.00999704,0.0757191
850122,2003-07-09,618.0,615.06,624.5,607.56,0.02891069,0.27280655
850122,2003-07-10,623.08,618.67,627.66,613.19,0.02456274,0.20626837
850122,2003-07-11,614.91,621.69,622.96,610.74,0.00977705,0.08042206
850122,2003-07-14,610.91,613.61,620.16,607.15,0.00577776,0.04663012
850122,2003-07-15,603.13,610.38,611.44,600.56,0.00373803,0.03077845
850122,2003-07-16,598.77,606.58,607.97,590.2,0.00575825,0.04314676
850122,2003-07-17,605.4,596.24,610.94,585.38,0.01264064,0.09182252
850122,2003-07-18,587.97,604.27,605.16,587.42,0.00532533,0.04312529
850122,2003-07-21,567.08,590.05,590.45,561.2,0.00812878,0.06465905
850122,2003-07-22,561.54,571.43,575.28,557.67,0.00618706,0.04438959
850122,2003-07-23,565.6,561.45,567.24,559.86,0.00347079,0.02452837
850122,2003-07-24,559.89,566.13,569.92,557.95,0.00421049,0.03089985
850122,2003-07-25,552.26,559.59,563.57,550.38,0.00582137,0.04619362
850122,2003-07-28,549.78,551.23,556.42,545.86,0.00355565,0.02810619
850122,2003-07-29,548.55,551.13,555.62,540.96,0.005762,0.04840958
850122,2003-07-30,548.28,549.33,553.13,543.14,0.00453759,0.03975517
850122,2003-07-31,543.61,549.27,551.0,542.02,0.00595894,0.04813745
850122,2003-08-01,544.23,544.18,549.18,540.09,0.00628712,0.04568496
850122,2003-08-04,553.71,544.37,554.1,540.46,0.00839387,0.05804615
850122,2003-08-05,552.11,552.85,557.01,548.7,0.0075856,0.05324779
850122,2003-08-06,553.49,552.31,559.64,546.29,0.0101014,0.06689683
850122,2003-08-07,557.57,552.5,559.03,549.46,0.01290224,0.08510246
850122,2003-08-08,554.74,557.01,561.23,548.85,0.02235166,0.14558518
850122,2003-08-11,560.83,551.26,564.04,550.71,0.0341587,0.22222752
850122,2003-08-12,569.37,561.23,571.75,558.8,0.04414079,0.29619027
850122,2003-08-13,569.24,569.63,572.89,563.4,0.03863886,0.26202622
850122,2003-08-14,569.24,567.91,582.1,563.22,0.10884385,0.74341229
850122,2003-08-15,556.09,568.04,573.52,547.2,0.0596983,0.39562341
850122,2003-08-18,546.51,551.89,554.35,537.44,0.02892907,0.18302166
850122,2003-08-19,550.95,544.38,552.63,539.59,0.03788727,0.24313174
850122,2003-08-20,549.48,551.02,554.8,543.52,0.02624713,0.17832274
850122,2003-08-21,547.26,550.28,551.81,541.39,0.01522723,0.1000925
850122,2003-08-22,549.19,547.35,553.08,541.08,0.01636268,0.11099959
850122,2003-08-25,539.54,548.61,553.45,537.08,0.01223179,0.10944983
850122,2003-08-26,531.49,541.11,542.15,516.5,0.01782708,0.11990776
850122,2003-08-27,531.49,528.44,535.8,525.39,0.02465053,0.15196493
850122,2003-08-28,531.49,540.67,543.42,530.38,0.01302912,0.0817668
850122,2003-08-29,524.01,529.77,532.89,516.15,0.0116055,0.07251096
850122,2003-09-01,532.62,523.39,535.16,519.57,0.02930864,0.17827257
850122,2003-09-02,530.76,529.33,535.01,523.57,0.03359278,0.21443651
850122,2003-09-03,533.16,530.43,536.55,525.62,0.02880806,0.1759547
850122,2003-09-04,539.76,537.48,543.24,532.43,0.04973045,0.30853039
850122,2003-09-05,539.76,549.09,551.99,534.49,0.01329685,0.08366333
850122,2003-09-08,539.94,540.16,542.17,533.2,0.01019882,0.06494521
850122,2003-09-09,539.11,536.99,544.46,534.52,0.016782,0.10476884
850122,2003-09-10,539.93,536.36,543.78,535.09,0.01008,0.06196012
850122,2003-09-11,539.65,541.22,545.06,536.68,0.009769,0.06019822
850122,2003-09-12,531.11,539.65,542.95,527.56,0.0075878,0.05082079
850122,2003-09-15,523.69,529.86,534.8,521.19,0.00476887,0.03200956
850122,2003-09-16,525.5,521.12,526.61,517.7,0.00603002,0.03895453
850122,2003-09-17,514.01,522.24,524.81,504.95,0.01364376,0.08338691
850122,2003-09-18,500.48,508.87,513.16,496.62,0.00758769,0.04879268
850122,2003-09-19,490.09,500.26,503.11,484.38,0.01184935,0.06864686
850122,2003-09-22,482.95,488.37,489.86,478.0,0.00671208,0.03855649
850122,2003-09-23,488.13,482.95,490.61,479.0,0.00843452,0.04886041
850122,2003-09-24,494.42,488.4,496.16,486.5,0.01277141,0.07625144
850122,2003-09-25,488.99,494.42,500.92,484.93,0.00652188,0.04709508
850122,2003-09-26,485.14,488.58,492.12,479.53,0.00354427,0.02344615
850122,2003-09-29,473.0,483.64,487.17,469.03,0.00445882,0.02791841
850122,2003-09-30,472.85,473.0,477.15,465.16,0.00440497,0.02750283
850122,2003-10-08,473.82,472.53,477.23,467.43,0.00182782,0.01170909
850122,2003-10-09,471.85,472.86,477.02,470.99,0.00199254,0.01188269
850122,2003-10-10,482.08,471.04,485.35,469.31,0.0057382,0.03413845
850122,2003-10-13,486.68,486.36,491.12,475.9,0.01494617,0.08144161
850122,2003-10-14,484.26,486.48,488.64,475.52,0.0084216,0.0457025
850122,2003-10-15,480.0,484.26,490.34,475.7,0.01108671,0.05965132
850122,2003-10-16,476.61,477.55,481.41,467.19,0.02465743,0.13100228
850122,2003-10-17,473.79,472.65,478.71,468.67,0.01247641,0.06603411
850122,2003-10-20,463.95,470.09,474.14,460.23,0.00609168,0.03255079
850122,2003-10-21,453.81,462.53,468.46,448.77,0.00954386,0.04882071
850122,2003-10-22,462.6,455.08,467.14,449.53,0.01290134,0.06857251
850122,2003-10-23,458.56,462.87,467.07,454.09,0.00974253,0.06297565
850122,2003-10-24,453.25,462.36,463.58,449.62,0.00925055,0.06337196
850122,2003-10-27,436.81,452.44,456.02,429.2,0.01515661,0.0872956
850122,2003-10-28,434.87,436.14,443.85,430.88,0.01420395,0.08360156
850122,2003-10-29,421.26,432.9,437.13,414.01,0.01158723,0.06313317
850122,2003-10-30,418.7,418.61,425.86,411.32,0.02125172,0.09871587
850122,2003-10-31,423.39,415.17,430.59,408.45,0.03995093,0.17985235
850122,2003-11-03,422.54,421.48,427.74,415.49,0.02522447,0.11492863
850122,2003-11-04,428.15,422.07,431.95,416.91,0.05331293,0.24852715
850122,2003-11-05,424.3,426.47,430.09,417.61,0.03567257,0.16028336
850122,2003-11-06,392.11,422.62,423.64,391.07,0.03092259,0.13192691
850122,2003-11-07,376.55,389.36,392.15,363.65,0.04433089,0.17461658
850122,2003-11-10,378.48,371.88,381.77,369.72,0.02048522,0.08020369
850122,2003-11-11,389.24,377.37,391.85,372.58,0.07150417,0.27871453
850122,2003-11-12,379.36,385.7,390.56,375.72,0.03861512,0.15546647
850122,2003-11-13,386.43,378.21,391.65,375.91,0.06947418,0.2782701
850122,2003-11-14,393.04,383.89,399.99,380.87,0.05406012,0.22486536
850122,2003-11-17,388.77,392.86,396.58,382.67,0.03287722,0.13287918
850122,2003-11-18,379.77,387.77,388.45,373.25,0.0346067,0.13842968
850122,2003-11-19,392.57,377.69,395.98,375.19,0.04222108,0.17373274
850122,2003-11-20,412.25,392.32,415.79,389.57,0.08037888,0.34827315
850122,2003-11-21,417.97,412.16,437.92,406.03,0.14626852,0.67980771
850122,2003-11-24,435.67,417.36,437.87,411.81,0.11159916,0.52692102
850122,2003-11-25,446.8,434.97,463.29,427.27,0.15827018,0.80201827
850122,2003-11-26,451.38,446.09,467.68,441.08,0.09465316,0.50848131
850122,2003-11-27,434.35,449.39,451.76,428.98,0.06158128,0.30305839
850122,2003-11-28,431.8,433.71,439.19,426.26,0.03903944,0.19247235
850122,2003-12-01,453.52,433.71,458.4,431.48,0.10044154,0.49995006
850122,2003-12-02,449.19,454.93,461.58,443.91,0.08374471,0.4332987
850122,2003-12-03,471.22,447.96,475.72,443.8,0.11338622,0.62189863
850122,2003-12-04,472.49,477.38,482.26,461.51,0.1025438,0.57413563
850122,2003-12-05,468.4,469.24,476.85,462.25,0.05282702,0.28496415
850122,2003-12-08,454.81,469.66,471.24,452.49,0.03667342,0.19613646
850122,2003-12-09,455.98,453.43,456.63,443.99,0.03606608,0.18421376
850122,2003-12-10,469.75,455.45,472.94,450.6,0.08435715,0.44001906
850122,2003-12-11,477.77,470.64,482.64,459.98,0.10395097,0.55569353
850122,2003-12-12,472.63,477.16,481.69,466.4,0.07559326,0.3983309
850122,2003-12-15,463.27,471.9,474.98,459.03,0.06640839,0.34478414
850122,2003-12-16,461.24,462.01,465.88,448.59,0.05611871,0.2856031
850122,2003-12-17,450.48,459.16,462.96,447.62,0.05193646,0.26671609
850122,2003-12-18,430.99,446.52,451.67,423.7,0.05779046,0.28084764
850122,2003-12-19,396.07,430.82,435.66,391.22,0.11864662,0.5189055
850122,2003-12-22,404.38,393.53,408.25,369.15,0.11722512,0.48793685
850122,2003-12-23,399.79,401.62,407.82,386.19,0.0964854,0.41235987
850122,2003-12-24,405.5,399.93,409.64,396.0,0.08375947,0.36773646
850122,2003-12-25,399.89,404.26,408.21,393.15,0.05741037,0.24655505
850122,2003-12-26,403.44,399.38,406.52,392.94,0.05525216,0.23473085
850122,2003-12-29,400.06,401.36,407.28,393.54,0.04164882,0.20075695
850122,2003-12-30,397.98,400.06,405.49,391.56,0.04456111,0.21365654
850122,2003-12-31,391.71,398.54,405.62,386.23,0.09074411,0.3980389
850122,2004-01-02,392.51,391.41,398.32,387.59,0.03312834,0.13858485
850122,2004-01-05,390.27,392.15,401.43,384.63,0.06321647,0.26037251
850122,2004-01-06,392.63,390.12,400.59,376.45,0.09715734,0.39688026
850122,2004-01-07,401.25,393.04,403.96,386.04,0.05932486,0.26306582
850122,2004-01-08,417.95,400.3,422.76,397.3,0.07406711,0.35799349
850122,2004-01-09,415.64,417.22,423.59,410.77,0.0621294,0.2943815
850122,2004-01-12,424.24,419.36,431.0,415.0,0.05058121,0.33172071
850122,2004-01-13,431.23,423.89,434.52,415.44,0.0804896,0.38822393
850122,2004-01-14,440.87,431.69,445.64,424.06,0.08629526,0.39628909
850122,2004-01-15,426.82,442.52,444.84,424.79,0.07454553,0.34908206
850122,2004-01-16,426.25,426.17,433.15,419.37,0.04037041,0.18652127
850122,2004-01-29,443.3,425.21,444.92,421.16,0.05093742,0.24067076
850122,2004-01-30,445.79,448.09,467.22,437.93,0.13165718,0.63620461
850122,2004-02-02,460.02,451.87,465.87,440.53,0.11317372,0.55514009
850122,2004-02-03,472.03,460.92,474.88,454.14,0.12403504,0.63723519
850122,2004-02-04,484.24,473.24,485.5,466.78,0.12987152,0.68950118
850122,2004-02-05,513.37,484.78,520.02,481.07,0.28706543,1.59619714
850122,2004-02-06,491.24,510.95,510.95,488.77,0.1590707,0.8837642
850122,2004-02-09,498.58,487.83,500.9,485.72,0.08671755,0.47928878
850122,2004-02-10,506.42,499.59,519.36,497.58,0.13983613,0.7982389
850122,2004-02-11,517.48,512.08,521.51,503.54,0.07884785,0.46468438
850122,2004-02-12,520.99,517.24,530.62,509.69,0.10555356,0.63208506
850122,2004-02-13,505.43,521.14,524.53,502.79,0.08778402,0.49236787
850122,2004-02-16,516.43,506.53,520.4,499.85,0.07721741,0.44499213
850122,2004-02-17,527.06,516.69,529.99,510.16,0.08620857,0.51446816
850122,2004-02-18,521.56,527.95,531.2,511.23,0.0686139,0.40562807
850122,2004-02-19,525.2,520.52,532.15,512.84,0.10755193,0.62525175
850122,2004-02-20,538.41,524.93,542.94,521.9,0.14425296,0.86287773
850122,2004-02-23,516.58,540.18,546.33,513.58,0.0982795,0.59311771
850122,2004-02-24,499.09,512.75,514.98,489.94,0.09064971,0.51185353
850122,2004-02-25,488.82,499.48,512.0,485.58,0.06690382,0.37478879
850122,2004-02-26,486.13,487.15,491.73,475.4,0.05730044,0.31390288
850122,2004-02-27,493.3,487.14,494.1,482.08,0.03441068,0.19293344
850122,2004-03-01,494.36,489.43,496.55,476.7,0.06563404,0.35073615
850122,2004-03-02,511.23,492.67,525.04,486.79,0.13048236,0.7429158
850122,2004-03-03,507.91,513.05,523.75,500.04,0.16805426,0.96543998
850122,2004-03-04,527.04,506.73,529.24,498.57,0.13825868,0.81274803
850122,2004-03-05,518.87,529.87,543.06,516.71,0.17877504,1.11962633
850122,2004-03-08,494.37,515.48,520.79,492.02,0.07191087,0.40931646
850122,2004-03-09,489.56,492.85,501.1,487.47,0.050895,0.28294995
850122,2004-03-10,503.05,492.47,503.68,487.81,0.03509357,0.19528721
850122,2004-03-11,507.55,503.36,511.35,495.88,0.04477764,0.26206935
850122,2004-03-12,500.85,506.68,509.85,496.58,0.03104269,0.17608114
850122,2004-03-15,510.56,500.09,513.78,498.49,0.04155635,0.24353368
850122,2004-03-16,516.9,512.59,520.32,505.8,0.05462284,0.31660792
850122,2004-03-17,511.29,515.74,516.78,506.3,0.04153451,0.24268293
850122,2004-03-18,505.26,512.48,520.88,503.95,0.0473514,0.27635785
850122,2004-03-19,511.54,504.87,514.81,501.25,0.03659894,0.21106265
850122,2004-03-22,517.49,513.9,523.27,502.15,0.06278202,0.37392769
850122,2004-03-23,517.41,517.19,521.7,508.6,0.03254858,0.21294515
850122,2004-03-24,514.35,517.49,522.81,509.94,0.04907718,0.29240736
850122,2004-03-25,509.32,510.86,517.81,504.33,0.03204619,0.18824082
850122,2004-03-26,508.38,510.77,513.53,503.0,0.03138769,0.18517013
850122,2004-03-29,498.72,509.47,510.81,497.68,0.04359478,0.24893416
850122,2004-03-30,503.52,497.66,505.29,495.91,0.02109578,0.14373477
850122,2004-03-31,510.33,504.17,511.81,498.53,0.02633232,0.1643465
850122,2004-04-01,510.62,511.06,513.16,505.02,0.02897958,0.17898013
850122,2004-04-02,514.6,511.66,517.5,508.13,0.03592218,0.23845434
850122,2004-04-05,517.35,515.23,524.32,507.94,0.0487889,0.35709522
850122,2004-04-06,531.48,517.89,532.74,513.54,0.05620478,0.35482909
850122,2004-04-07,531.61,532.11,539.2,523.73,0.04824158,0.37175607
850122,2004-04-08,539.2,531.61,548.84,526.03,0.05656634,0.48675887
850122,2004-04-09,527.88,539.95,552.96,520.45,0.07030202,0.67339742
850122,2004-04-12,532.26,527.95,538.92,523.72,0.06218733,0.63743556
850122,2004-04-13,521.82,532.08,540.22,519.28,0.06963473,0.70692276
850122,2004-04-14,511.8,521.34,528.81,503.76,0.11583146,0.90401588
850122,2004-04-15,499.99,509.88,519.56,495.16,0.07491929,0.71396449
850122,2004-04-16,492.16,497.61,505.11,468.84,0.08248924,0.61561204
850122,2004-04-19,485.13,493.25,496.76,480.36,0.04298124,0.35587423
850122,2004-04-20,485.54,484.91,498.12,477.89,0.04494653,0.4180877
850122,2004-04-21,487.25,485.47,494.15,480.76,0.02928183,0.26321578
850122,2004-04-22,493.18,500.12,506.41,485.66,0.03528401,0.35184651
850122,2004-04-23,477.37,491.0,495.86,471.58,0.03953512,0.33459858
850122,2004-04-26,469.32,478.76,484.09,461.69,0.04142247,0.34704557
850122,2004-04-27,456.75,469.41,473.84,455.13,0.03866762,0.2897213
850122,2004-04-28,462.31,453.2,468.91,447.45,0.03345161,0.23284787
850122,2004-04-29,452.51,460.56,464.6,450.71,0.02492343,0.18481805
850122,2004-04-30,457.38,455.75,464.75,446.97,0.02034372,0.1532022
850122,2004-05-10,448.94,462.48,466.76,448.15,0.01382684,0.10135938
850122,2004-05-11,447.71,448.05,454.92,441.24,0.01815541,0.13484917
850122,2004-05-12,460.97,447.89,462.43,446.07,0.02059718,0.14803288
850122,2004-05-13,463.1,461.27,466.5,454.24,0.02393791,0.17943769
850122,2004-05-14,453.09,463.23,463.79,448.85,0.01916279,0.13823241
850122,2004-05-17,456.53,451.14,460.28,448.34,0.01723024,0.12478075
850122,2004-05-18,468.51,458.62,468.64,454.11,0.03242488,0.27624715
850122,2004-05-19,463.91,468.37,470.38,460.74,0.02720433,0.20975693
850122,2004-05-20,460.07,466.32,474.51,456.81,0.02986547,0.20365309
850122,2004-05-21,461.28,459.08,464.15,454.54,0.01368301,0.09584669
850122,2004-05-24,453.57,459.59,463.3,451.42,0.01506321,0.09868846
850122,2004-05-25,435.89,448.95,454.22,432.11,0.02886508,0.18059625
850122,2004-05-26,432.72,440.55,444.82,425.91,0.01143657,0.10056844
850122,2004-05-27,443.31,434.36,447.03,425.75,0.02478531,0.17334559
850122,2004-05-28,437.43,442.61,445.03,434.93,0.01406137,0.10138286
850122,2004-05-31,438.08,437.82,443.36,432.33,0.01218177,0.09279813
850122,2004-06-01,452.34,440.75,453.95,434.31,0.03769681,0.31801793
850122,2004-06-02,452.27,452.37,459.77,445.28,0.04853633,0.4165202
850122,2004-06-03,445.74,448.6,455.46,439.85,0.03373944,0.24891827
850122,2004-06-04,445.14,445.26,452.49,442.54,0.03660045,0.31175762
850122,2004-06-07,438.4,441.62,446.3,434.46,0.0196977,0.14721298
850122,2004-06-08,430.75,437.46,439.91,428.16,0.01699554,0.12177214
850122,2004-06-09,418.68,430.38,436.91,417.31,0.02191496,0.15352448
850122,2004-06-10,413.05,418.76,422.31,409.14,0.02411974,0.17691015
850122,2004-06-11,415.36,413.64,426.76,412.34,0.01911694,0.13301662
850122,2004-06-14,399.88,415.58,417.64,394.32,0.0234618,0.14877021
850122,2004-06-15,410.7,400.31,413.28,395.4,0.02138479,0.12847979
850122,2004-06-16,414.47,409.47,424.35,402.58,0.02044609,0.11391128
850122,2004-06-17,401.95,412.75,416.37,400.89,0.015819,0.09819023
850122,2004-06-18,398.73,400.99,405.04,394.12,0.01695932,0.11219787
850122,2004-06-21,407.31,398.36,408.35,395.14,0.01303341,0.07802202
850122,2004-06-22,408.83,408.61,413.97,404.57,0.01710812,0.11102913
850122,2004-06-23,402.61,408.26,410.38,398.69,0.01327827,0.08836359
850122,2004-06-24,397.06,402.44,407.12,395.43,0.01995423,0.142936
850122,2004-06-25,383.6,396.36,399.08,382.53,0.0182878,0.12233677
850122,2004-06-28,375.81,384.81,386.08,373.67,0.01546726,0.10178735
850122,2004-06-29,376.14,373.1,379.98,364.39,0.01811821,0.10125882
850122,2004-06-30,368.11,377.72,377.89,366.41,0.0110924,0.05884245
850122,2004-07-01,379.17,366.73,382.9,362.51,0.01959252,0.10936747
850122,2004-07-02,376.23,377.55,380.89,371.94,0.01473074,0.07368097
850122,2004-07-05,379.49,374.01,383.96,368.14,0.0251853,0.11337895
850122,2004-07-06,386.0,379.6,388.84,377.47,0.02291287,0.11300392
850122,2004-07-07,385.99,385.42,388.79,377.58,0.01574348,0.09001724
850122,2004-07-08,387.81,382.94,390.23,379.11,0.01128054,0.06504517
850122,2004-07-09,384.01,385.96,396.46,382.91,0.01482214,0.08559401
850122,2004-07-12,373.47,382.38,385.12,371.28,0.01848622,0.10199975
850122,2004-07-13,377.98,376.33,381.5,370.32,0.01267719,0.06922855
850122,2004-07-14,365.89,378.2,381.14,356.92,0.02411696,0.12045727
850122,2004-07-15,364.12,364.55,371.59,357.47,0.02192194,0.10716337
850122,2004-07-16,378.07,366.28,379.55,364.23,0.03279376,0.16888618
850122,2004-07-19,377.03,378.89,382.87,373.05,0.01747863,0.08701011
850122,2004-07-20,373.0,376.82,377.97,369.28,0.01314033,0.06626502
850122,2004-07-21,378.29,372.45,379.51,368.61,0.01561994,0.07529175
850122,2004-07-22,368.76,377.83,380.56,366.37,0.01866112,0.0940708
850122,2004-07-23,367.52,367.1,369.87,362.29,0.0135722,0.06589561
850122,2004-07-26,365.01,369.64,373.46,357.75,0.04142099,0.16273539
850122,2004-07-27,360.87,363.39,366.45,355.82,0.01724167,0.07974405
850122,2004-07-28,360.12,361.78,366.91,352.4,0.02557896,0.11562485
850122,2004-07-29,364.42,360.77,365.85,356.31,0.01546458,0.07649797
850122,2004-07-30,358.88,362.97,365.09,355.91,0.01281994,0.06273332
850122,2004-08-02,357.32,359.86,361.83,354.86,0.00840556,0.04090327
850122,2004-08-03,358.55,358.29,364.61,351.98,0.01749103,0.09290545
850122,2004-08-04,370.79,359.0,373.97,357.75,0.05269174,0.27261463
850122,2004-08-05,364.8,369.13,371.1,363.27,0.02222951,0.11831444
850122,2004-08-06,362.97,363.23,367.71,359.53,0.01536485,0.08516824
850122,2004-08-09,364.75,363.34,368.12,358.78,0.01247868,0.06988868
850122,2004-08-10,366.44,365.02,368.35,361.41,0.00959912,0.05382992
850122,2004-08-11,360.28,365.99,367.71,358.72,0.00906722,0.0478385
850122,2004-08-12,352.98,359.25,360.62,348.75,0.01586398,0.07755733
850122,2004-08-13,354.54,352.68,359.08,350.26,0.00856927,0.03938649
850122,2004-08-16,347.81,354.57,356.5,343.19,0.01380523,0.06036519
850122,2004-08-17,349.32,347.04,353.17,344.1,0.0103047,0.05255115
850122,2004-08-18,347.45,345.42,352.24,343.37,0.01188929,0.06183841
850122,2004-08-19,339.56,345.44,348.96,335.07,0.02496388,0.13643591
850122,2004-08-20,342.09,339.1,351.32,330.44,0.0272607,0.11799771
850122,2004-08-23,339.76,339.32,346.09,334.59,0.01424307,0.06138515
850122,2004-08-24,348.29,340.56,352.19,336.98,0.02454315,0.11074312
850122,2004-08-25,345.92,349.05,350.11,341.55,0.01315569,0.06093582
850122,2004-08-26,340.88,342.14,349.22,338.49,0.0272861,0.11663186
850122,2004-08-27,334.64,339.86,341.94,331.19,0.01878429,0.08888057
850122,2004-08-30,337.52,332.9,340.06,331.14,0.00830933,0.04005219
850122,2004-08-31,346.97,345.95,353.96,342.66,0.02989685,0.13133332
850122,2004-09-01,340.06,346.62,347.19,336.62,0.01436627,0.06604504
850122,2004-09-02,347.42,337.6,350.12,336.35,0.02531759,0.09777768
850122,2004-09-03,351.09,348.73,354.77,343.87,0.02950325,0.1204994
850122,2004-09-06,351.01,349.14,352.76,345.81,0.01204071,0.05063543
850122,2004-09-07,340.09,349.54,351.65,336.38,0.04535084,0.29768749
850122,2004-09-08,338.15,339.73,341.81,334.55,0.01983163,0.10289037
850122,2004-09-09,332.03,336.75,338.66,329.36,0.0164361,0.07677873
850122,2004-09-10,334.17,329.71,335.47,326.67,0.01288562,0.05311483
850122,2004-09-13,326.26,332.93,334.88,324.86,0.01499895,0.06772908
850122,2004-09-14,340.92,330.78,344.0,329.05,0.03532125,0.1444142
850122,2004-09-15,358.33,340.58,369.13,337.79,0.08771902,0.38307598
850122,2004-09-16,367.25,359.89,370.25,355.96,0.06172162,0.29707409
850122,2004-09-17,377.66,367.34,377.96,360.56,0.07387659,0.36444546
850122,2004-09-20,391.14,380.1,392.38,372.98,0.09972592,0.51870007
850122,2004-09-21,385.46,390.09,393.47,378.95,0.08719497,0.45480913
850122,2004-09-22,386.94,383.98,399.64,376.93,0.09588752,0.50149671
850122,2004-09-23,397.05,386.58,397.88,380.35,0.07716344,0.43730273
850122,2004-09-24,383.56,399.16,402.68,377.52,0.10064355,0.50757541
850122,2004-09-27,374.4,383.36,389.6,370.23,0.05323539,0.25817961
850122,2004-09-28,378.41,374.82,383.81,369.51,0.11359576,0.46150759
850122,2004-09-29,369.47,377.76,382.21,367.46,0.06832858,0.32617573
850122,2004-09-30,360.56,369.13,373.36,359.14,0.03753368,0.17187028
850122,2004-10-08,368.26,362.79,369.72,352.05,0.02648202,0.14706302
850122,2004-10-11,369.56,367.69,378.66,364.4,0.05241903,0.31204729
850122,2004-10-12,364.18,369.73,370.37,360.16,0.03035527,0.15947555
850122,2004-10-13,357.86,359.97,364.27,352.44,0.034415,0.15533857
850122,2004-10-14,346.2,358.68,365.69,343.84,0.07860588,0.36506596
850122,2004-10-15,338.21,344.09,349.44,333.25,0.04730075,0.2078101
850122,2004-10-18,337.3,338.29,343.46,331.57,0.02445617,0.10079651
850122,2004-10-19,339.3,340.69,347.23,335.52,0.02337621,0.10277054
850122,2004-10-20,335.53,338.6,340.95,327.65,0.02442199,0.09905751
850122,2004-10-21,324.47,334.5,342.61,319.42,0.0535956,0.27934481
850122,2004-10-22,333.17,323.1,340.19,315.54,0.08087309,0.5409455
850122,2004-10-25,326.38,334.14,338.44,323.67,0.05804019,0.3875212
850122,2004-10-26,338.1,326.64,341.1,321.53,0.05713239,0.38458284
850122,2004-10-27,346.08,337.36,349.46,330.47,0.05780905,0.33547142
850122,2004-10-28,336.76,345.53,348.63,335.4,0.04984278,0.2959576
850122,2004-10-29,338.11,328.08,348.37,322.53,0.05353905,0.34374902
850122,2004-11-01,340.58,336.21,348.22,332.1,0.04172051,0.25424876
850122,2004-11-02,330.25,337.88,339.07,327.37,0.02960341,0.19173255
850122,2004-11-03,341.65,330.91,342.8,327.72,0.03745505,0.19297555
850122,2004-11-04,335.71,341.61,347.72,333.84,0.05154151,0.39497558
850122,2004-11-05,342.43,337.35,343.45,331.66,0.03317486,0.22882787
850122,2004-11-08,337.71,342.22,343.67,334.03,0.02201553,0.13263315
850122,2004-11-09,339.02,339.17,341.77,333.25,0.0220669,0.13882197
850122,2004-11-10,355.15,339.63,357.41,333.1,0.0753567,0.44117457
850122,2004-11-11,350.98,354.6,362.59,347.7,0.08549494,0.43229092
850122,2004-11-12,348.16,348.32,354.89,343.87,0.03762237,0.21917382
850122,2004-11-15,351.15,347.36,352.63,345.79,0.0228507,0.12997273
850122,2004-11-16,347.05,351.08,351.8,342.87,0.0334909,0.16835729
850122,2004-11-17,345.46,346.71,349.24,341.81,0.0188514,0.10396652
850122,2004-11-18,350.66,345.01,351.55,342.88,0.02572308,0.16122011
850122,2004-11-19,355.43,350.3,358.87,348.11,0.04303194,0.19172134
850122,2004-11-22,360.77,358.27,364.15,353.01,0.04790587,0.25990616
850122,2004-11-23,359.8,362.3,365.46,355.74,0.04371952,0.20691512
850122,2004-11-24,349.23,362.16,363.06,348.5,0.04054467,0.22832587
850122,2004-11-25,346.82,347.88,350.18,339.48,0.02658211,0.14436954
850122,2004-11-26,358.82,346.0,366.24,345.04,0.09211433,0.34083121
850122,2004-11-29,350.95,360.47,364.51,344.17,0.09656922,0.39931876
850122,2004-11-30,360.61,351.5,363.04,347.14,0.10758052,0.41372163
850122,2004-12-01,368.68,359.45,374.37,352.88,0.14967123,0.56814205
850122,2004-12-02,371.9,367.38,380.97,359.83,0.18167012,0.7453612
850122,2004-12-03,373.14,370.6,378.99,363.93,0.10538963,0.43370342
850122,2004-12-06,372.83,370.32,376.61,359.12,0.09889426,0.38258759
850122,2004-12-07,358.82,372.45,373.46,355.69,0.06760236,0.29674381
850122,2004-12-08,358.57,360.92,368.19,353.86,0.05166952,0.20952459
850122,2004-12-09,355.63,360.83,366.51,350.24,0.04168969,0.1585585
850122,2004-12-10,338.69,354.88,356.51,338.15,0.07173027,0.26310607
850122,2004-12-13,336.51,334.41,340.92,329.32,0.0324452,0.12216763
850122,2004-12-14,333.97,334.0,340.66,330.65,0.02627645,0.10095518
850122,2004-12-15,331.73,335.12,337.92,324.03,0.03982529,0.14380655
850122,2004-12-16,331.0,331.03,337.56,328.06,0.02362126,0.08887964
850122,2004-12-17,331.42,330.83,336.73,326.42,0.02388899,0.09623098
850122,2004-12-20,333.29,329.34,339.86,325.89,0.02412392,0.10415214
850122,2004-12-21,336.61,339.78,343.02,333.3,0.03195856,0.1238788
850122,2004-12-22,346.78,336.18,348.16,335.5,0.04425263,0.18049341
850122,2004-12-23,341.56,349.99,352.42,338.42,0.04475828,0.1787206
850122,2004-12-24,339.36,340.36,345.15,336.87,0.02487274,0.11054284
850122,2004-12-27,339.24,336.12,342.86,332.9,0.01882145,0.08477869
850122,2004-12-28,333.11,337.59,341.44,331.72,0.01960484,0.07992643
850122,2004-12-29,330.61,338.27,340.96,329.03,0.02006809,0.0762566
850122,2004-12-30,317.48,329.36,333.19,315.51,0.02883187,0.15702425
850122,2004-12-31,314.28,316.21,322.81,304.17,0.04720414,0.21797568
850122,2005-01-04,312.04,311.51,314.76,305.58,0.01408372,0.05942536
850122,2005-01-05,319.27,313.68,321.57,310.37,0.02190425,0.08344602
850122,2005-01-06,314.1,317.95,319.4,312.28,0.01346724,0.05746414
850122,2005-01-07,315.75,312.99,318.69,309.79,0.02000009,0.09784058
850122,2005-01-10,317.41,309.72,317.75,308.46,0.01915777,0.07186012
850122,2005-01-11,319.08,317.32,323.18,312.43,0.01802239,0.07009386
850122,2005-01-12,318.99,318.33,320.95,313.85,0.01484177,0.05765714
850122,2005-01-13,318.14,318.47,322.03,314.72,0.01420214,0.05959193
850122,2005-01-14,313.31,317.93,320.44,311.59,0.01898071,0.08348715
850122,2005-01-17,305.32,308.81,311.52,301.95,0.02478829,0.10008797
850122,2005-01-18,312.94,305.88,315.22,301.24,0.02434316,0.09258245
850122,2005-01-19,312.98,309.63,315.84,306.95,0.01893787,0.06916401
850122,2005-01-20,309.4,311.92,313.7,303.86,0.02034005,0.09380763
850122,2005-01-21,315.8,307.04,318.23,302.51,0.0359924,0.13878851
850122,2005-01-24,321.43,323.51,327.92,316.51,0.04963201,0.18542899
850122,2005-01-25,318.37,319.83,321.57,314.6,0.02809031,0.10352399
850122,2005-01-26,317.68,318.04,323.42,312.97,0.02802567,0.10845879
850122,2005-01-27,311.14,318.29,319.9,308.94,0.01729421,0.07045309
850122,2005-01-28,303.62,308.86,311.71,299.98,0.01649585,0.06259339
850122,2005-01-31,295.55,302.26,303.12,292.85,0.01116869,0.04961637
850122,2005-02-01,288.27,291.42,295.37,284.74,0.02826548,0.09361388
850122,2005-02-02,303.69,287.79,308.04,282.42,0.03610855,0.13571926
850122,2005-02-03,296.53,302.46,305.02,293.41,0.02415769,0.09589046
850122,2005-02-04,300.25,295.9,303.2,292.96,0.02201444,0.09208217
850122,2005-02-16,303.6,300.04,307.42,299.7,0.02074306,0.08403191
850122,2005-02-17,304.76,303.24,306.51,297.92,0.0131167,0.05581547
850122,2005-02-18,301.11,303.88,305.55,299.8,0.01299492,0.04399834
850122,2005-02-21,304.62,302.83,308.31,299.64,0.01652286,0.05157061
850122,2005-02-22,319.66,305.68,320.67,305.13,0.0465986,0.23409939
850122,2005-02-23,322.9,319.26,326.67,313.2,0.04465119,0.22249823
850122,2005-02-24,323.46,324.43,327.65,316.15,0.03585642,0.15410241
850122,2005-02-25,320.78,322.02,327.45,319.13,0.03691575,0.16168762
850122,2005-02-28,323.55,321.1,327.65,319.14,0.02942323,0.16322436
850122,2005-03-01,325.58,320.95,327.67,310.62,0.0372647,0.17559591
850122,2005-03-02,318.02,324.82,327.98,315.89,0.03567128,0.14989325
850122,2005-03-03,320.69,315.36,321.77,312.97,0.02404805,0.09152169
850122,2005-03-04,320.12,321.95,324.39,316.15,0.037317,0.13768081
850122,2005-03-07,329.58,321.36,336.67,320.31,0.07581027,0.40611201
850122,2005-03-08,332.9,328.55,334.35,321.47,0.05713534,0.27155221
850122,2005-03-09,331.65,332.9,336.38,327.77,0.03831754,0.17391269
850122,2005-03-10,321.3,331.45,331.92,318.43,0.0286262,0.13541563
850122,2005-03-11,319.56,321.08,324.44,315.72,0.02398758,0.10739505
850122,2005-03-14,318.87,317.82,324.94,311.19,0.0374238,0.18335578
850122,2005-03-15,318.45,318.72,322.77,314.84,0.0254731,0.13345297
850122,2005-03-16,313.83,315.96,320.59,311.03,0.02007099,0.0979733
850122,2005-03-17,310.58,315.79,318.36,309.8,0.02616948,0.12333252
850122,2005-03-18,297.96,308.62,310.41,297.17,0.02979835,0.12241466
850122,2005-03-21,298.98,297.18,303.97,293.74,0.01452676,0.06485825
850122,2005-03-22,284.43,300.41,301.44,283.13,0.02162315,0.08014411
850122,2005-03-23,287.05,285.49,292.83,281.53,0.02229933,0.08941967
850122,2005-03-24,290.57,285.27,291.57,282.32,0.01562353,0.05511127
850122,2005-03-25,288.48,289.49,291.41,286.59,0.01220631,0.04516484
850122,2005-03-28,284.38,286.32,288.1,280.1,0.01223942,0.04485763
850122,2005-03-29,284.57,283.72,288.05,281.81,0.01261905,0.05402638
850122,2005-03-30,275.12,282.52,285.02,273.77,0.0223395,0.08711912
850122,2005-03-31,275.88,276.38,280.62,272.06,0.0094393,0.02595186
850122,2005-04-01,286.63,277.66,289.6,272.87,0.02972395,0.12334101
850122,2005-04-04,286.22,283.59,292.62,278.19,0.0345003,0.1108899
850122,2005-04-05,279.1,283.21,289.46,276.38,0.02389105,0.07725171
850122,2005-04-06,284.26,277.7,288.19,274.16,0.02837054,0.1012364
850122,2005-04-07,288.71,284.07,294.08,281.89,0.05269691,0.23763534
850122,2005-04-08,291.55,287.4,292.54,285.25,0.02605016,0.10164258
850122,2005-04-11,291.09,292.5,295.48,286.54,0.02776225,0.10038022
850122,2005-04-12,282.68,290.96,294.12,282.02,0.0228022,0.08921862
850122,2005-04-13,292.0,285.39,296.05,283.84,0.03748401,0.15829499
850122,2005-04-14,285.67,290.89,294.18,283.1,0.02415756,0.10210918
850122,2005-04-15,276.79,283.33,285.69,272.29,0.03878211,0.12078111
850122,2005-04-18,278.18,274.6,280.13,269.82,0.03857292,0.14262242
850122,2005-04-19,287.69,280.3,297.36,276.12,0.067199,0.26448459
850122,2005-04-20,281.14,287.15,289.97,277.8,0.03849135,0.14920022
850122,2005-04-21,278.93,280.54,286.37,272.32,0.03846257,0.16767126
850122,2005-04-22,273.92,279.06,282.27,271.37,0.04013461,0.16430403
850122,2005-04-25,272.2,272.63,279.12,265.08,0.04338075,0.16465647
850122,2005-04-26,276.2,272.56,279.83,268.88,0.02948972,0.11628402
850122,2005-04-27,273.55,272.67,280.45,268.64,0.03282647,0.16524065
850122,2005-04-28,281.35,273.38,285.64,268.98,0.0382939,0.16946022
850122,2005-04-29,283.46,283.99,288.02,279.2,0.04034946,0.14468858
850122,2005-05-09,269.78,283.77,285.91,264.24,0.0560872,0.17584526
850122,2005-05-10,270.34,266.12,271.45,260.44,0.04101426,0.13107238
850122,2005-05-11,266.62,269.27,272.55,263.52,0.0271131,0.08540637
850122,2005-05-12,259.88,261.97,268.32,251.38,0.03907896,0.1547466
850122,2005-05-13,262.3,257.21,265.16,252.46,0.04384037,0.13749027
850122,2005-05-16,263.4,261.23,264.21,256.56,0.02568394,0.07004127
850122,2005-05-17,264.44,262.82,268.56,261.27,0.02849572,0.08610335
850122,2005-05-18,268.83,262.27,269.63,259.35,0.0422263,0.10855109
850122,2005-05-19,271.84,267.82,274.3,263.59,0.03847759,0.09961107
850122,2005-05-20,269.78,271.85,274.3,267.41,0.02428144,0.07430836
850122,2005-05-23,265.86,267.78,268.57,260.65,0.02557462,0.06862413
850122,2005-05-24,271.66,259.92,274.11,258.85,0.04004488,0.10132267
850122,2005-05-25,271.17,271.68,277.31,266.89,0.04769762,0.11867962
850122,2005-05-26,270.02,267.57,273.76,265.82,0.03150178,0.11502194
850122,2005-05-27,265.69,271.65,275.88,263.74,0.02319378,0.06275883
850122,2005-05-30,267.79,263.2,270.47,259.62,0.00969807,0.03395292
850122,2005-05-31,267.75,269.06,270.41,265.09,0.00842649,0.02336901
850122,2005-06-01,265.1,265.56,268.17,260.81,0.02424947,0.05925135
850122,2005-06-02,258.46,264.84,268.33,254.39,0.0249945,0.08616599
850122,2005-06-03,256.09,259.29,260.66,247.58,0.02153157,0.08343105
850122,2005-06-06,261.95,254.46,263.65,248.19,0.03180635,0.08916073
850122,2005-06-07,261.19,262.34,266.05,255.41,0.03235857,0.09424341
850122,2005-06-08,282.88,260.22,284.49,259.84,0.0791439,0.2532495
850122,2005-06-09,283.71,281.25,287.6,274.91,0.0695262,0.23313352
850122,2005-06-10,277.69,283.35,284.05,273.88,0.03613663,0.1186047
850122,2005-06-13,278.77,279.04,281.28,271.92,0.02163972,0.06806461
850122,2005-06-14,274.82,279.41,281.94,272.47,0.02533867,0.08490176
850122,2005-06-15,265.69,274.32,276.17,262.31,0.02191873,0.07348095
850122,2005-06-16,266.87,265.97,268.73,259.59,0.017403,0.05306102
850122,2005-06-17,263.63,267.04,268.06,259.28,0.01990618,0.05442745
850122,2005-06-20,270.6,263.98,272.14,256.7,0.02680058,0.0986526
850122,2005-06-21,267.95,271.34,271.47,265.59,0.01740228,0.06187524
850122,2005-06-22,272.26,267.13,274.77,264.51,0.03612226,0.09858414
850122,2005-06-23,270.5,269.01,274.75,267.02,0.02767896,0.07813516
850122,2005-06-24,275.06,268.69,276.82,267.73,0.04759141,0.14259508
850122,2005-06-27,283.68,276.89,285.51,276.02,0.08063594,0.27322816
850122,2005-06-28,277.16,281.89,281.89,273.47,0.03997942,0.15144555
850122,2005-06-29,279.28,275.77,282.52,273.9,0.03523929,0.18596252
850122,2005-06-30,272.05,278.73,280.62,270.24,0.0249586,0.10980951
850122,2005-07-01,265.9,269.97,273.4,261.98,0.03203791,0.13604109
850122,2005-07-04,263.1,263.75,267.9,249.9,0.02590857,0.09646665
850122,2005-07-05,260.76,263.0,264.97,257.48,0.01479434,0.08045241
850122,2005-07-06,258.33,261.95,263.99,252.97,0.0213509,0.11627067
850122,2005-07-07,260.66,257.62,263.11,255.52,0.0237522,0.07941754
850122,2005-07-08,257.13,260.09,263.31,253.38,0.02103177,0.07302816
850122,2005-07-11,255.43,260.66,267.35,253.85,0.02076788,0.08753959
850122,2005-07-12,263.44,254.85,264.78,250.24,0.03184099,0.13221375
850122,2005-07-13,264.98,262.32,267.14,258.76,0.03352304,0.16537037
850122,2005-07-14,262.77,264.11,268.36,257.52,0.05092788,0.19945068
850122,2005-07-15,251.8,267.4,269.65,246.58,0.0794434,0.31349359
850122,2005-07-18,240.53,248.39,251.51,238.01,0.06829139,0.19934771
850122,2005-07-19,241.12,239.22,243.54,235.48,0.02310056,0.07704145
850122,2005-07-20,234.01,241.06,243.69,230.36,0.02815518,0.15475568
850122,2005-07-21,232.77,232.84,236.37,227.26,0.02732923,0.10823102
850122,2005-07-22,238.87,232.46,243.87,230.11,0.038837,0.13455121
850122,2005-07-25,238.9,237.94,241.9,235.04,0.0286904,0.09131206
850122,2005-07-26,247.45,238.93,248.37,238.27,0.0629764,0.16749038
850122,2005-07-27,250.08,248.55,251.89,242.95,0.03798406,0.11558715
850122,2005-07-28,251.42,251.0,254.98,247.43,0.0449543,0.13953967
850122,2005-07-29,248.11,250.52,250.78,244.86,0.0268819,0.08380719
850122,2005-08-01,248.54,248.49,251.73,244.79,0.01761057,0.06186477
850122,2005-08-02,252.99,248.45,254.23,244.13,0.03659053,0.09609134
850122,2005-08-03,256.93,252.08,260.21,251.34,0.06845905,0.19702886
850122,2005-08-04,250.26,255.36,256.66,248.05,0.04503655,0.12331499
850122,2005-08-05,257.6,251.54,260.45,248.56,0.06893657,0.20997493
850122,2005-08-08,262.26,258.5,265.06,255.86,0.08698062,0.35291734
850122,2005-08-09,269.38,261.54,270.99,259.03,0.06883074,0.22799975
850122,2005-08-10,269.77,270.27,273.68,264.33,0.11396977,0.31087102
850122,2005-08-11,280.24,273.13,282.49,269.86,0.25357529,0.70368143
850122,2005-08-12,268.74,278.88,281.87,266.19,0.1742279,0.51766437
850122,2005-08-15,276.89,266.43,277.56,264.83,0.08734067,0.33395853
850122,2005-08-16,275.13,277.15,279.09,271.32,0.11072211,0.47078104
850122,2005-08-17,284.07,274.05,285.52,269.45,0.16832959,0.72612019
850122,2005-08-18,270.78,283.68,288.12,268.23,0.14656335,0.6221589
850122,2005-08-19,274.11,272.73,279.39,265.17,0.09499805,0.46321442
850122,2005-08-22,277.76,276.5,282.03,271.03,0.0696699,0.3671749
850122,2005-08-23,273.35,277.95,279.74,270.44,0.0599392,0.26844134
850122,2005-08-24,274.53,273.09,276.7,270.28,0.04419302,0.20573969
850122,2005-08-25,274.29,274.84,277.67,270.25,0.0594765,0.22039547
850122,2005-08-26,276.4,273.72,280.15,270.7,0.07170187,0.24663383
850122,2005-08-29,276.97,275.12,281.03,271.14,0.04983259,0.18023956
850122,2005-08-30,270.84,276.21,280.08,270.1,0.07065404,0.27612662
850122,2005-08-31,275.21,268.92,276.9,264.45,0.09317761,0.34175111
850122,2005-09-01,283.31,276.25,285.26,274.41,0.12536654,0.38814687
850122,2005-09-02,287.98,284.14,292.89,280.45,0.18392596,0.50438899
850122,2005-09-05,291.09,287.22,292.45,283.59,0.09508204,0.31615322
850122,2005-09-06,281.38,291.48,295.35,278.65,0.11081568,0.3816047
850122,2005-09-07,288.01,279.71,288.99,278.52,0.08221288,0.26485592
850122,2005-09-08,287.84,288.07,292.64,284.37,0.07849857,0.25895856
850122,2005-09-09,281.11,289.18,291.03,278.4,0.07058915,0.31811141
850122,2005-09-12,281.79,282.07,284.92,278.71,0.03989709,0.16149856
850122,2005-09-13,289.96,282.94,290.22,280.4,0.07564757,0.25096579
850122,2005-09-14,293.04,290.65,294.59,288.02,0.13633151,0.41136727
850122,2005-09-15,297.28,292.49,302.22,288.19,0.16384937,0.5001478
850122,2005-09-16,299.55,296.17,302.34,293.79,0.10087285,0.40718743
850122,2005-09-19,311.19,300.07,311.87,297.83,0.19545649,0.68201103
850122,2005-09-20,307.46,311.19,314.78,302.18,0.16213157,0.55849523
850122,2005-09-21,300.06,307.27,310.18,295.86,0.16354388,0.53212924
850122,2005-09-22,287.61,299.39,301.72,283.34,0.10348303,0.32448076
850122,2005-09-23,279.58,286.71,292.02,277.33,0.07694673,0.25197248
850122,2005-09-26,279.85,278.78,282.06,274.9,0.04510721,0.16231327
850122,2005-09-27,273.28,279.6,283.53,271.46,0.05419256,0.18664119
850122,2005-09-28,270.2,272.83,278.61,266.63,0.04359609,0.14059722
850122,2005-09-29,277.7,269.3,278.64,268.17,0.07488126,0.21968531
850122,2005-09-30,276.72,279.06,281.18,274.59,0.04385511,0.13344853
850122,2005-10-10,283.68,277.62,288.33,275.26,0.09564309,0.28463411
850122,2005-10-11,288.46,282.03,289.67,276.48,0.08232536,0.27493282
850122,2005-10-12,288.46,286.87,291.28,281.68,0.05540025,0.224445
850122,2005-10-13,283.06,288.15,290.29,280.57,0.05593276,0.19419467
850122,2005-10-14,281.41,282.79,285.91,276.16,0.03803756,0.1585703
850122,2005-10-17,281.43,279.07,284.35,274.06,0.03351007,0.16280533
850122,2005-10-18,286.0,280.41,287.56,277.05,0.05566041,0.25385546
850122,2005-10-19,281.98,285.68,288.85,278.44,0.0517558,0.20366363
850122,2005-10-20,283.48,280.86,288.17,271.42,0.08268657,0.28330566
850122,2005-10-21,279.14,282.32,285.67,275.47,0.0727697,0.35925122
850122,2005-10-24,283.13,278.95,286.32,277.07,0.08032517,0.29588342
850122,2005-10-25,269.44,282.72,283.24,269.04,0.05962697,0.26086593
850122,2005-10-26,260.1,269.42,272.7,259.84,0.04422889,0.19017778
850122,2005-10-27,253.69,258.12,262.67,251.49,0.05048784,0.15483618
850122,2005-10-28,245.65,250.49,257.23,240.52,0.05281346,0.1669301
850122,2005-10-31,247.95,245.13,250.27,242.8,0.03388631,0.09801645
850122,2005-11-01,242.29,247.84,248.5,238.17,0.0242347,0.0862757
850122,2005-11-02,251.98,244.74,254.67,243.39,0.05725922,0.16550453
850122,2005-11-03,247.77,251.4,256.16,245.89,0.0401959,0.11817657
850122,2005-11-04,252.06,242.73,253.65,240.01,0.03108105,0.09468546
850122,2005-11-07,252.67,251.69,254.36,246.44,0.03191813,0.10535819
850122,2005-11-08,256.18,253.41,257.08,250.5,0.04210808,0.14003271
850122,2005-11-09,253.21,256.01,257.55,252.11,0.02881989,0.09211475
850122,2005-11-10,241.6,250.89,251.98,240.03,0.0478888,0.1709958
850122,2005-11-11,241.09,240.65,245.91,236.68,0.0366174,0.13355745
850122,2005-11-14,245.86,240.98,246.52,237.71,0.02617389,0.09592583
850122,2005-11-15,243.7,245.21,248.0,240.69,0.03138679,0.09565166
850122,2005-11-16,243.51,242.33,244.99,235.1,0.03107511,0.1070892
850122,2005-11-17,247.1,243.77,249.57,241.02,0.03737328,0.13240196
850122,2005-11-18,251.81,245.74,253.71,244.54,0.05951205,0.19308783
850122,2005-11-21,256.79,250.97,259.42,247.96,0.06687979,0.17853599
850122,2005-11-22,253.94,257.25,262.53,250.98,0.21807348,0.53141085
850122,2005-11-23,252.13,249.81,255.22,246.69,0.1059657,0.25394984
850122,2005-11-24,251.88,250.2,254.35,249.04,0.05763891,0.1442787
850122,2005-11-25,252.29,253.12,254.76,249.12,0.05221743,0.12453716
850122,2005-11-28,249.37,252.16,253.26,247.4,0.04210028,0.10352622
850122,2005-11-29,244.36,249.29,250.7,243.05,0.04195629,0.13061393
850122,2005-11-30,244.78,245.06,247.68,239.79,0.05311142,0.16466021
850122,2005-12-01,245.47,245.18,247.85,241.82,0.05348576,0.13096146
850122,2005-12-02,242.96,244.9,246.31,238.9,0.05815918,0.1691231
850122,2005-12-05,238.76,242.02,246.03,236.96,0.08594455,0.21009121
850122,2005-12-06,239.75,238.0,241.74,234.53,0.04302435,0.10618085
850122,2005-12-07,241.36,238.94,242.3,237.02,0.04365945,0.10029712
850122,2005-12-08,241.62,241.7,248.21,237.17,0.07263944,0.18089724
850122,2005-12-09,242.73,241.3,244.42,238.15,0.05027279,0.13140106
850122,2005-12-12,242.47,242.15,243.96,239.23,0.04634096,0.12028973
850122,2005-12-13,240.51,241.82,242.01,236.8,0.02646707,0.07699928
850122,2005-12-14,242.8,240.1,243.63,237.72,0.02987236,0.0921422
850122,2005-12-15,240.23,242.87,245.36,239.7,0.02926802,0.101709
850122,2005-12-16,242.21,240.1,243.38,238.89,0.02446271,0.09005072
850122,2005-12-19,244.66,243.32,246.66,240.83,0.03083992,0.10030397
850122,2005-12-20,243.61,243.32,245.17,241.13,0.02085838,0.06402884
850122,2005-12-21,244.2,243.04,247.7,240.64,0.05054887,0.18977952
850122,2005-12-22,244.73,243.5,246.42,240.73,0.04292433,0.17657082
850122,2005-12-23,246.36,244.99,246.8,242.94,0.02587171,0.08396725
850122,2005-12-26,246.84,246.63,249.18,244.12,0.03958243,0.12211792
850122,2005-12-27,245.22,246.37,247.68,243.38,0.02697435,0.08944427
850122,2005-12-28,244.73,245.22,247.29,243.04,0.02687895,0.10115752
850122,2005-12-29,248.11,245.65,248.97,244.19,0.03667606,0.11826774
850122,2005-12-30,243.69,248.37,248.56,242.44,0.03170326,0.10031509
850122,2006-01-04,245.29,243.97,246.9,242.73,0.03477108,0.13477474
850122,2006-01-05,248.03,245.29,248.5,243.0,0.06214802,0.21741731
850122,2006-01-06,250.9,248.84,253.02,245.81,0.07227733,0.26971581
850122,2006-01-09,254.21,250.9,255.5,249.47,0.06073207,0.19916154
850122,2006-01-10,253.87,253.75,255.03,250.1,0.0512045,0.17787617
850122,2006-01-11,248.95,253.14,254.07,247.97,0.04621253,0.17047384
850122,2006-01-12,255.32,248.38,256.43,247.93,0.06403167,0.19203882
850122,2006-01-13,258.68,261.79,263.86,254.83,0.13883533,0.36808741
850122,2006-01-16,258.02,259.32,263.07,256.07,0.07967949,0.29511828
850122,2006-01-17,256.56,256.67,259.1,253.78,0.04066384,0.12741693
850122,2006-01-18,260.73,256.57,262.49,255.32,0.05710424,0.17630881
850122,2006-01-19,262.19,261.7,263.96,256.76,0.07168732,0.22734618
850122,2006-01-20,259.67,262.26,263.1,257.51,0.06472567,0.21301058
850122,2006-01-23,261.89,260.45,265.03,256.01,0.07483419,0.25238847
850122,2006-01-24,261.92,262.27,264.16,258.88,0.05132089,0.18029304
850122,2006-01-25,257.75,261.26,262.32,254.44,0.04989177,0.16959081
850122,2006-02-06,262.34,257.77,263.19,255.79,0.04230445,0.15732032
850122,2006-02-07,265.62,262.86,267.91,258.82,0.08928478,0.28307715
850122,2006-02-08,266.59,265.82,269.89,262.6,0.05848728,0.18129229
850122,2006-02-09,268.77,267.95,278.78,265.65,0.15254955,0.49598191
850122,2006-02-10,268.71,266.61,269.69,264.39,0.06281513,0.20267381
850122,2006-02-13,269.92,268.71,272.07,264.56,0.06027458,0.22724831
850122,2006-02-14,272.31,269.28,274.39,267.44,0.05853174,0.18382899
850122,2006-02-15,271.71,272.12,273.88,269.39,0.05050065,0.16356539
850122,2006-02-16,258.78,271.84,272.1,258.01,0.0621956,0.22544714
850122,2006-02-17,256.97,257.81,263.25,253.94,0.07436502,0.26325728
850122,2006-02-20,257.67,257.24,261.35,252.27,0.07191083,0.23845108
850122,2006-02-21,259.77,256.74,260.87,252.25,0.06388646,0.1826008
850122,2006-02-22,262.24,260.36,267.49,258.75,0.089933,0.26910567
850122,2006-02-23,262.34,261.83,263.89,257.36,0.04747062,0.13751719
850122,2006-02-24,262.61,262.15,264.04,260.11,0.0372156,0.11806624
850122,2006-02-27,266.83,262.87,266.83,258.79,0.0654117,0.20241654
850122,2006-02-28,266.23,265.29,268.19,259.65,0.06018677,0.22294864
850122,2006-03-01,265.89,265.85,267.32,262.92,0.05207944,0.17961507
850122,2006-03-02,258.47,265.22,265.79,256.05,0.06186668,0.1953335
850122,2006-03-03,260.07,257.09,260.84,254.57,0.05182583,0.18053905
850122,2006-03-06,257.85,259.15,260.78,254.03,0.02625062,0.07610468
850122,2006-03-07,251.28,256.53,258.11,248.02,0.04011881,0.12066302
850122,2006-03-08,251.13,249.42,252.39,246.58,0.02008664,0.0714676
850122,2006-03-09,249.55,250.35,252.13,247.17,0.01846092,0.05471339
850122,2006-03-10,248.88,248.89,251.07,246.11,0.01602978,0.04630812
850122,2006-03-13,250.6,248.82,251.11,246.62,0.02081946,0.06528492
850122,2006-03-14,252.04,249.27,253.16,247.47,0.01647452,0.05810312
850122,2006-03-15,252.7,250.42,253.29,248.26,0.01497915,0.04961003
850122,2006-03-16,250.88,251.85,252.52,248.07,0.03167232,0.09367539
850122,2006-03-17,247.84,250.64,251.17,246.47,0.02985225,0.10484868
850122,2006-03-20,249.97,246.94,251.27,244.74,0.03277856,0.0963752
850122,2006-03-21,252.16,248.73,254.18,248.2,0.04148198,0.14089831
850122,2006-03-22,253.98,252.4,255.61,250.12,0.05488872,0.16168462
850122,2006-03-23,255.41,253.77,257.21,251.97,0.02770267,0.09406917
850122,2006-03-24,256.08,255.65,259.91,253.15,0.04037389,0.16294487
850122,2006-03-27,257.19,257.11,258.82,252.92,0.02613285,0.10126958
850122,2006-03-28,257.23,260.11,260.96,254.69,0.02679198,0.08419381
850122,2006-03-29,257.93,257.38,261.96,254.88,0.05185939,0.15586108
850122,2006-03-30,256.16,258.48,260.52,254.08,0.04926812,0.14414674
850122,2006-03-31,257.61,256.96,260.55,254.52,0.03584752,0.11705649
850122,2006-04-03,258.5,258.04,261.08,255.22,0.07891819,0.17201153
850122,2006-04-04,263.2,261.08,264.96,257.6,0.06319113,0.25193955
850122,2006-04-05,267.1,264.17,269.33,260.45,0.09821345,0.29307614
850122,2006-04-06,268.47,268.45,275.83,263.26,0.10681632,0.43581695
850122,2006-04-07,270.01,268.74,274.21,265.94,0.07444763,0.31843636
850122,2006-04-10,271.76,269.95,276.34,267.7,0.0578236,0.12401844
850122,2006-04-11,271.48,271.89,277.16,267.99,0.04180236,0.08830207
850122,2006-04-12,277.61,271.61,281.81,268.54,0.12926668,0.31199197
850122,2006-04-13,272.54,279.66,284.2,270.25,0.09008773,0.21530413
850122,2006-04-14,271.55,270.48,275.83,265.2,0.06318151,0.1400622
850122,2006-04-17,272.46,270.85,279.4,268.42,0.049909,0.11366388
850122,2006-04-18,270.98,272.67,277.02,268.04,0.03663785,0.08047503
850122,2006-04-19,252.57,253.85,257.85,250.61,0.03410038,0.07176255
850122,2006-04-20,249.04,251.99,255.8,247.55,0.03673045,0.07329469
850122,2006-04-21,249.78,248.09,254.96,246.7,0.02804101,0.05602408
850122,2006-04-24,243.54,249.02,253.84,242.23,0.04899577,0.09273144
850122,2006-04-25,239.89,240.88,248.76,236.4,0.07617827,0.14203373
850122,2006-04-26,246.44,238.84,250.17,235.29,0.07306329,0.14184476
850122,2006-04-27,247.35,245.48,254.28,241.68,0.06118586,0.12025955
850122,2006-04-28,245.06,246.56,249.68,242.64,0.0333076,0.05883284
850122,2006-05-08,251.96,246.73,255.71,243.84,0.0857245,0.18243552
850122,2006-05-09,254.11,250.89,255.33,248.38,0.15932049,0.31663767
850122,2006-05-10,273.28,263.66,274.06,260.8,0.20730614,0.46409785
850122,2006-05-11,270.79,276.03,286.58,268.87,0.27098785,1.06367243
850122,2006-05-12,282.2,268.94,283.72,264.59,0.27178217,0.89947167
850122,2006-05-15,295.61,288.5,299.9,281.24,0.32604804,1.13417934
850122,2006-05-16,297.08,296.83,311.22,284.58,0.28572798,1.19796052
850122,2006-05-17,300.09,293.69,307.13,285.57,0.17374929,0.39400266
850122,2006-05-18,300.84,293.34,305.61,285.21,0.1382898,0.33227565
850122,2006-05-19,309.25,298.26,313.9,291.34,0.20746959,0.519971
850122,2006-05-22,315.43,303.49,321.03,296.15,0.24932791,0.61038891
850122,2006-05-23,303.51,310.61,318.83,294.02,0.19381622,0.47786948
850122,2006-05-24,299.58,298.86,310.34,281.82,0.13615745,0.31763
850122,2006-05-25,301.61,293.72,306.21,285.13,0.10092002,0.24548829
850122,2006-05-26,303.68,295.79,307.5,289.27,0.04361876,0.12771819
850122,2006-05-29,317.44,301.14,321.92,295.78,0.17640994,0.47682666
850122,2006-05-30,327.05,314.73,329.47,306.24,0.36561525,0.97726015
850122,2006-05-31,325.08,321.71,334.16,310.82,0.17966459,0.48672482
850122,2006-06-01,337.46,320.34,341.25,315.16,0.24760347,0.67944796
850122,2006-06-02,342.94,333.8,348.56,324.18,0.29159031,0.83542776
850122,2006-06-05,349.94,338.03,353.74,326.84,0.22680167,0.64009021
850122,2006-06-06,349.39,347.97,359.6,341.49,0.32333321,1.44017796
850122,2006-06-07,322.97,350.84,357.56,319.99,0.27917267,1.05394517
850122,2006-06-08,321.33,319.0,324.64,305.06,0.191753,0.70395181
850122,2006-06-09,319.97,320.39,329.43,309.66,0.19557765,0.70115911
850122,2006-06-12,321.96,320.83,329.28,310.48,0.16744127,0.69571042
850122,2006-06-13,321.35,321.96,328.58,314.06,0.12094545,0.42976727
850122,2006-06-14,323.06,320.68,327.74,310.9,0.11476609,0.420785
850122,2006-06-15,323.06,324.19,330.84,315.53,0.12685929,0.45942852
850122,2006-06-16,333.17,323.87,336.64,320.29,0.1816711,0.70092914
850122,2006-06-19,335.9,330.79,339.85,325.25,0.16056799,0.61811568
850122,2006-06-20,342.16,336.21,346.9,329.7,0.1631329,0.67442038
850122,2006-06-21,336.02,341.67,344.2,334.08,0.12132551,0.48234402
850122,2006-06-22,338.93,333.58,345.02,326.52,0.12419595,0.53170596
850122,2006-06-23,348.96,337.02,352.66,331.53,0.15658976,0.80031114
850122,2006-06-26,354.17,350.75,362.33,345.72,0.15136457,0.66931271
850122,2006-06-27,360.78,354.9,370.78,350.07,0.19185161,0.87857688
850122,2006-06-28,354.9,360.37,363.41,351.63,0.08682144,0.40124685
850122,2006-06-29,356.43,355.52,367.94,353.27,0.12772931,0.53079266
850122,2006-06-30,349.53,358.13,361.59,346.41,0.12181378,0.54505311
850122,2006-07-03,355.67,347.95,358.76,344.98,0.10751086,0.44485871
850122,2006-07-04,354.35,356.27,364.2,350.39,0.09989557,0.45128874
850122,2006-07-05,354.52,353.6,361.72,343.58,0.10458658,0.48215164
850122,2006-07-06,358.66,354.15,363.3,350.35,0.09142606,0.38590189
850122,2006-07-07,360.72,359.21,369.42,355.04,0.12516875,0.49369121
850122,2006-07-10,369.59,366.74,372.07,361.17,0.09807925,0.41630198
850122,2006-07-11,383.49,379.45,387.61,376.68,0.13315842,0.72314706
850122,2006-07-12,379.79,382.87,389.69,374.45,0.23765819,0.96296053
850122,2006-07-13,350.75,377.0,381.32,349.57,0.20318085,0.90289737
850122,2006-07-14,359.34,348.07,366.16,346.92,0.16750448,0.62791666
850122,2006-07-17,372.07,355.8,375.54,354.16,0.21061995,0.83834575
850122,2006-07-18,368.56,372.32,374.13,361.91,0.15712384,0.58902799
850122,2006-07-19,361.92,372.42,374.93,358.84,0.06528101,0.24306084
850122,2006-07-20,364.95,365.3,371.21,358.59,0.04814288,0.1823325
850122,2006-07-21,370.93,369.1,377.51,363.69,0.06051096,0.22589881
850122,2006-07-24,379.05,373.34,385.73,364.08,0.08201805,0.50028439
850122,2006-07-25,398.17,383.6,405.69,377.45,0.26655422,1.24951528
850122,2006-07-26,403.18,403.76,415.57,395.43,0.43430699,1.63023983
850122,2006-07-27,402.64,405.98,413.99,391.68,0.2562889,1.14102743
850122,2006-07-28,401.76,405.16,410.04,389.55,0.1574212,0.63784729
850122,2006-07-31,395.95,405.11,413.91,390.99,0.14040093,0.66684003
850122,2006-08-01,391.85,399.97,407.71,381.74,0.12748969,0.54889718
850122,2006-08-02,378.85,394.96,399.54,373.46,0.12477406,0.55074607
850122,2006-08-03,389.02,386.54,394.28,375.14,0.11949335,0.77141922
850122,2006-08-04,382.26,393.26,400.48,378.63,0.12820172,0.85439866
850122,2006-08-07,377.54,384.03,392.26,370.19,0.12672658,0.80673444
850122,2006-08-08,383.54,387.39,391.74,375.65,0.10302857,0.69059737
850122,2006-08-09,397.14,388.37,404.55,378.95,0.13632713,1.19578697
850122,2006-08-10,399.84,398.62,405.36,391.35,0.08852316,0.6370149
850122,2006-08-11,399.64,404.07,411.71,395.05,0.07783328,0.50705247
850122,2006-08-14,393.57,404.12,408.15,388.62,0.0740854,0.46407957
850122,2006-08-15,395.98,396.2,402.23,385.25,0.05906276,0.41869007
850122,2006-08-16,402.53,399.54,409.17,391.38,0.07645606,0.57909062
850122,2006-08-17,398.05,405.9,406.25,392.37,0.04816283,0.35284259
850122,2006-08-18,400.24,401.9,412.05,395.15,0.07260733,0.42244958
850122,2006-08-21,401.48,392.98,406.67,383.47,0.06632783,0.38507434
850122,2006-08-22,402.67,405.72,408.37,395.59,0.05491823,0.34128061
850122,2006-08-23,395.89,405.92,410.43,391.22,0.09809107,0.66669755
850122,2006-08-24,396.36,398.97,402.66,389.21,0.08879716,0.54691781
850122,2006-08-25,396.49,401.81,404.15,391.62,0.07428563,0.35985005
850122,2006-08-28,408.16,401.3,415.56,394.73,0.14998593,0.74991065
850122,2006-08-29,406.68,410.33,415.75,401.09,0.11082937,0.61317965
850122,2006-08-30,405.72,410.34,413.05,401.36,0.0613303,0.3229761
850122,2006-08-31,414.27,410.22,425.33,403.01,0.09551748,0.69147268
850122,2006-09-01,417.69,419.72,426.78,409.93,0.14438854,0.68708484
850122,2006-09-04,432.03,425.07,438.02,419.47,0.15462061,0.96050696
850122,2006-09-05,432.39,434.47,442.76,424.81,0.13135559,0.67824759
850122,2006-09-06,432.2,436.57,442.92,425.53,0.05775243,0.14737611
850122,2006-09-07,434.1,440.62,450.98,427.9,0.12645982,1.05734241
850122,2006-09-08,434.52,435.82,443.02,426.5,0.06898385,0.45474907
850122,2006-09-11,441.5,445.04,451.7,431.33,0.14894276,0.70685694
850122,2006-09-12,447.68,446.26,456.16,438.59,0.14510071,0.8586577
850122,2006-09-13,438.47,451.2,457.23,432.03,0.16653006,1.00964617
850122,2006-09-14,434.27,444.86,447.68,425.07,0.1532461,1.07693602
850122,2006-09-15,442.2,437.79,455.29,431.3,0.14905833,0.6681002
850122,2006-09-18,447.17,443.05,454.64,433.5,0.14027521,0.65342194
850122,2006-09-19,458.05,451.03,472.63,441.32,0.2458389,1.44353473
850122,2006-09-20,473.4,461.01,482.44,449.72,0.2736955,1.69027143
850122,2006-09-21,497.79,475.54,507.23,469.38,0.46475011,3.05808506
850122,2006-09-22,481.89,488.99,503.74,471.95,0.31191854,1.92078841
850122,2006-09-25,479.52,483.57,495.17,473.94,0.18109043,1.12714638
850122,2006-09-26,493.11,482.47,500.91,461.01,0.28520683,1.6186344
850122,2006-09-27,486.98,492.0,499.27,480.31,0.20260309,1.30489104
850122,2006-09-28,478.43,496.87,506.14,476.25,0.27916564,1.77524408
850122,2006-09-29,478.82,485.95,491.42,472.81,0.24431349,1.43094734
850122,2006-10-09,479.78,485.1,488.41,469.01,0.16020623,0.86940107
850122,2006-10-10,481.16,483.61,489.05,470.5,0.18103551,1.01793227
850122,2006-10-11,475.32,483.74,485.29,469.84,0.14085551,0.78966667
850122,2006-10-12,474.87,476.68,486.55,468.62,0.20459152,1.9729469627
850122,2006-10-13,473.33,476.53,483.68,463.22,0.21176663,2.1994530631
850122,2006-10-16,475.55,474.51,484.56,465.18,0.21743386,1.8718806794999998
850122,2006-10-17,470.69,475.45,480.32,465.12,0.14894098,1.1689886002
850122,2006-10-18,477.85,473.26,482.71,466.33,0.1824926,1.3055242776
850122,2006-10-19,489.66,480.2,502.47,473.75,0.42885547,3.6144840652999997
850122,2006-10-20,478.79,490.41,499.01,469.66,0.44704354,3.5267836999
850122,2006-10-23,471.21,477.89,490.27,456.94,0.47611894,3.0033824741000004
850122,2006-10-24,473.7,469.35,479.58,462.82,0.28606667,1.8654025397
850122,2006-10-25,467.37,474.96,480.34,460.43,0.27743047,1.6883282454
850122,2006-10-26,464.83,470.42,473.21,457.76,0.20142412,1.3694337134999999
850122,2006-10-27,454.02,464.68,468.09,444.95,0.25415717,1.24029497
850122,2006-10-30,451.94,452.74,457.73,438.8,0.1455822,0.9396084606999999
850122,2006-10-31,454.09,455.25,459.89,446.24,0.14729534,0.7820430352
850122,2006-11-01,447.39,455.05,458.68,440.08,0.12906717,1.1308601429
850122,2006-11-02,443.09,448.74,451.27,436.23,0.11294569,0.9770584757999999
850122,2006-11-03,448.15,442.72,453.53,437.18,0.14495545,1.0625144547
850122,2006-11-06,438.34,447.47,448.65,435.66,0.21044541,1.0515897258
850122,2006-11-07,432.31,435.9,439.53,424.44,0.30932746,1.5341271879
850122,2006-11-08,439.45,429.31,445.31,423.01,0.22532888,1.3145233298
850122,2006-11-09,449.67,438.29,453.54,433.1,0.27904624,1.3141999712
850122,2006-11-10,435.1,448.51,450.13,430.71,0.21076206,1.0022729471
850122,2006-11-13,421.75,433.38,438.8,416.3,0.17075383,0.8574310359999999
850122,2006-11-14,429.0,421.45,431.62,412.74,0.24951275,0.8923284548999999
850122,2006-11-15,439.69,426.38,445.31,422.89,0.21606209,1.135555739
850122,2006-11-16,437.7,438.41,446.4,429.91,0.21770107,1.1697320619
850122,2006-11-17,445.14,436.14,451.35,431.73,0.15603156,1.0771928718000001
850122,2006-11-20,438.2,444.49,448.54,430.75,0.2074921,0.9890676008
850122,2006-11-21,443.12,437.85,447.68,428.95,0.28949005,1.2267686811
850122,2006-11-22,448.96,442.87,459.64,438.18,0.40342957,1.6575250741
850122,2006-11-23,445.72,446.18,453.04,438.09,0.21658523,1.1088990076
850122,2006-11-24,446.18,443.66,450.52,436.22,0.26308314,1.3166910751
850122,2006-11-27,456.1,444.73,457.12,440.26,0.26797618,1.3580690662000001
850122,2006-11-28,460.66,456.78,468.08,451.03,0.27075662,1.5704410244999998
850122,2006-11-29,466.05,456.2,471.0,445.89,0.26301165,1.6805619397
850122,2006-11-30,473.85,464.97,480.38,461.28,0.30571748,1.9324771955000002
850122,2006-12-01,469.72,474.23,483.52,464.97,0.31170837,1.7133592238
850122,2006-12-04,488.0,470.36,494.16,466.82,0.43065736,2.5864675997
850122,2006-12-05,484.75,487.68,494.77,476.78,0.40108998,2.2739233463
850122,2006-12-06,472.34,483.58,487.36,455.86,0.40823662,2.7906238101
850122,2006-12-07,464.85,468.82,478.87,462.58,0.26093222,1.7768309894
850122,2006-12-08,454.65,462.25,468.49,450.24,0.24503726,1.4608388015
850122,2006-12-11,466.2,452.73,468.64,450.28,0.19645154,1.0984386778
850122,2006-12-12,469.37,470.13,476.24,457.49,0.2963575,1.9038372341999998
850122,2006-12-13,489.28,468.62,494.66,462.74,0.28525639,3.2444335807
850122,2006-12-14,489.69,490.65,499.05,481.84,0.20122018,1.8074618472
850122,2006-12-15,490.84,488.9,499.21,482.7,0.2127188,1.7776141565
850122,2006-12-18,495.33,490.98,503.44,485.56,0.33837159,2.3035194864
850122,2006-12-19,519.44,496.08,529.61,484.21,0.51045037,3.8338050004000004
850122,2006-12-20,538.56,517.5,542.07,506.5,0.69846768,4.3463851067000006
850122,2006-12-21,535.22,536.94,556.0,525.8,0.52576851,3.4464362288
850122,2006-12-22,532.32,528.98,546.86,516.82,0.33293904,2.3181909819
850122,2006-12-25,540.55,529.89,551.95,526.8,0.33690713,2.5190399093
850122,2006-12-26,538.93,542.2,551.68,530.57,0.36642624,2.7649859994
850122,2006-12-27,542.49,539.1,552.48,527.67,0.41164497,2.0197918943
850122,2006-12-28,518.29,540.95,546.23,509.79,0.4196374,3.9421680518
850122,2006-12-29,518.44,516.28,531.46,512.35,0.31688941,2.65681822
850122,2007-01-04,511.35,522.54,530.47,500.43,0.40150594,2.5116793855
850122,2007-01-05,535.55,508.99,537.31,502.46,0.38380405,2.7873718200999997
850122,2007-01-08,545.14,530.82,552.24,526.09,0.39821228,2.5233796553
850122,2007-01-09,549.57,545.36,560.42,539.47,0.3156693,2.2910927481
850122,2007-01-10,549.2,549.78,559.57,535.61,0.39195989,2.5197494836
850122,2007-01-11,565.38,548.14,580.12,540.13,0.50699605,3.3584519329000004
850122,2007-01-12,563.02,561.08,591.65,548.27,0.4595697,3.5021356135
850122,2007-01-15,592.07,562.21,596.17,556.12,0.40098556,2.9378016149
850122,2007-01-16,599.23,595.62,613.55,580.73,0.51651744,3.3671653758999995
850122,2007-01-17,602.01,599.52,622.34,573.27,0.61593674,4.0428498993
850122,2007-01-18,604.89,598.22,620.91,578.7,0.41917122,3.0084153648000003
850122,2007-01-19,642.55,605.88,649.09,602.21,0.50361048,4.2410480786
850122,2007-01-22,676.98,649.91,683.95,643.7,0.66167081,4.7016778156
850122,2007-01-23,675.79,676.57,689.63,653.17,0.61773687,4.4378803805
850122,2007-01-24,671.11,672.07,692.19,657.68,0.40213765,2.8846049329000003
850122,2007-01-25,635.28,664.79,669.22,625.91,0.44675856,3.4387328888
850122,2007-01-26,627.31,628.03,638.21,590.82,0.35811822,2.8137081187
850122,2007-01-29,636.98,628.26,646.35,615.64,0.38229043,2.9412446275
850122,2007-01-30,656.72,646.35,668.09,635.19,0.56601137,3.8589600783999995
850122,2007-01-31,617.02,652.86,663.59,613.29,0.48102293,3.2789694229000004
850122,2007-02-01,620.6,611.42,629.46,591.74,0.52358779,3.0832642125
850122,2007-02-02,614.27,621.77,626.76,595.81,0.32690096,2.0989585509
850122,2007-02-05,614.9,607.9,621.63,596.78,0.22635035,1.7433718068000001
850122,2007-02-06,633.86,614.85,637.65,603.36,0.22428273,1.8925276261000001
850122,2007-02-07,633.12,634.48,646.81,623.86,0.33386887,2.4492951157
850122,2007-02-08,648.01,636.93,651.31,626.67,0.48568907,3.0833495596
850122,2007-02-09,643.23,649.55,655.04,631.14,0.35991216,2.1874740225
850122,2007-02-12,666.48,644.4,668.67,637.38,0.41354471,3.2695624964
850122,2007-02-13,682.78,669.17,687.16,660.14,0.26809634,1.9903661419999998
850122,2007-02-14,699.02,682.89,706.41,675.27,0.48889972,3.3856415223000003
850122,2007-02-15,715.08,703.26,722.22,690.37,0.58011738,4.1265159437
850122,2007-02-16,701.88,713.86,724.93,692.08,0.40924188,3.3414756238999996
850122,2007-02-26,718.77,695.48,722.11,684.81,0.37189338,2.9042603952999997
850122,2007-02-27,656.66,722.14,731.1,652.87,0.7276412,4.9439229171
850122,2007-02-28,687.41,649.29,691.47,641.68,0.4411977,3.2914254872
850122,2007-03-01,693.11,688.54,703.34,658.41,0.56211559,3.7908154343000002
850122,2007-03-02,696.95,688.17,716.45,674.6,0.53397613,4.3166570832
850122,2007-03-05,682.2,693.67,706.84,663.23,0.40574002,3.0980213735000004
850122,2007-03-06,678.63,678.97,691.5,666.16,0.42227339,2.6086531491
850122,2007-03-07,688.13,678.32,696.44,674.73,0.38739817,2.4892028230000003
850122,2007-03-08,693.18,686.36,700.44,675.21,0.4768168,3.4745364533
850122,2007-03-09,690.78,691.91,705.59,673.69,0.50211377,3.6227378768
850122,2007-03-12,705.35,689.0,715.62,676.39,0.63153683,4.6693442949
850122,2007-03-13,705.77,708.09,724.09,689.42,0.53894712,4.2902342626
850122,2007-03-14,704.42,702.36,717.73,674.85,0.49668657,4.469091433
850122,2007-03-15,711.51,704.28,728.29,699.71,0.40346594,3.7737396698000003
850122,2007-03-16,702.27,712.77,721.57,690.01,0.52376352,4.1932981901
850122,2007-03-19,695.36,681.56,710.64,672.69,0.42624285,2.9759885252999996
850122,2007-03-20,708.15,694.4,718.72,685.68,0.39898877,3.2851645505000002
850122,2007-03-21,720.57,707.23,728.15,699.24,0.47168274,3.9014744854
850122,2007-03-22,720.7,723.08,738.35,710.89,0.52338999,4.4921619276
850122,2007-03-23,726.69,715.07,730.15,696.27,0.56403289,4.5947278708
850122,2007-03-26,744.99,725.16,753.92,720.02,0.64286277,5.7221168153
850122,2007-03-27,751.52,746.74,766.33,736.63,0.73790146,7.085407137200001
850122,2007-03-28,745.64,751.47,761.99,711.66,0.70072498,6.2732792771
850122,2007-03-29,723.06,744.68,754.58,719.39,0.48678963,4.4664606909
850122,2007-03-30,723.23,717.28,732.79,709.4,0.35828329,2.6133898006
850122,2007-04-02,735.57,719.99,740.63,718.22,0.31854288,2.6286331391999997
850122,2007-04-03,734.32,737.21,746.17,724.81,0.37121725,3.2633422939999996
850122,2007-04-04,737.48,736.3,748.25,722.32,0.44641669,4.0313729511
850122,2007-04-05,753.55,737.74,758.98,728.97,0.47938838,4.4049791338999995
850122,2007-04-06,789.6,751.94,799.23,744.3,0.8983516,8.8074754404
850122,2007-04-09,803.84,794.49,814.92,781.49,0.81705944,8.0010318205
850122,2007-04-10,805.95,805.59,816.94,779.52,0.57441304,5.834373534199999
850122,2007-04-11,800.42,807.49,814.06,785.27,0.50867729,5.3265956144999995
850122,2007-04-12,814.47,801.89,823.24,788.34,0.56389627,5.746717074099999
850122,2007-04-13,816.69,808.68,841.44,792.11,0.45712549,4.0138496742
850122,2007-04-16,829.14,802.67,845.03,790.38,0.64040866,5.953143386
850122,2007-04-17,839.44,838.81,863.7,808.94,0.67661581,8.003117761799999
850122,2007-04-18,850.11,841.82,870.13,819.56,0.63231205,7.633204009
850122,2007-04-19,795.56,844.46,854.71,779.93,0.84167016,7.5198625005999995
850122,2007-04-20,819.66,796.22,830.83,794.59,0.650416,6.0569156067
850122,2007-04-23,832.82,820.49,844.21,809.89,0.72314015,7.1863162846
850122,2007-04-24,826.24,836.97,851.52,810.52,0.84060745,9.0152803605
850122,2007-04-25,800.98,818.47,825.62,780.4,0.58527555,5.9293772611
850122,2007-04-26,822.06,802.36,831.05,795.25,0.44040066,5.125420548
850122,2007-04-27,802.16,822.28,832.23,795.62,0.57386453,5.3505831689
850122,2007-04-30,792.4,793.49,812.87,776.21,0.4167326,4.4151275006
850122,2007-05-08,821.47,802.25,829.71,791.37,0.63639268,6.8164142351
850122,2007-05-09,841.75,822.94,850.02,797.31,0.86667051,9.5865384743
850122,2007-05-10,853.62,845.23,869.01,830.99,0.72371048,8.0527064174
850122,2007-05-11,831.35,847.21,850.11,818.6,0.45956786,5.0905264143
850122,2007-05-14,821.87,821.37,833.06,806.82,0.38492648,4.2525424604
850122,2007-05-15,795.39,824.39,833.25,791.35,0.37991377,4.073267914200001
850122,2007-05-16,808.84,792.77,814.66,771.77,0.36736082,4.6495589369
850122,2007-05-17,838.91,816.69,845.13,811.23,0.61143441,6.7836518961
850122,2007-05-18,858.68,852.26,868.02,830.25,0.48833697,6.1974019842
850122,2007-05-21,905.41,853.66,909.7,834.46,0.66195793,8.1774054896
850122,2007-05-22,932.19,933.8,957.21,900.58,1.45664351,18.1151593261
850122,2007-05-23,969.26,929.36,982.03,912.74,1.20642565,14.6446784195
850122,2007-05-24,951.76,949.97,975.53,922.53,0.45215126,6.200055046
850122,2007-05-25,955.75,931.97,971.11,916.3,0.31992112,4.5346506934
850122,2007-05-28,975.9,950.7,985.45,941.54,0.43383292,6.3071318049
850122,2007-05-29,985.92,961.13,992.13,946.64,0.41978512,6.1489403547000006
850122,2007-05-30,919.57,912.12,967.9,900.62,0.43584441,5.9835385841
850122,2007-05-31,913.18,901.16,943.02,871.44,0.20210676,2.7429694043
850122,2007-06-01,918.52,880.55,942.73,873.94,0.45472721,6.8101836758
850122,2007-06-04,858.64,889.27,914.65,840.44,0.361146,5.1379154386
850122,2007-06-05,885.26,822.55,890.54,800.21,0.39052787,4.6908041415
850122,2007-06-06,932.6,884.32,937.61,857.62,0.62471447,8.1210208789
850122,2007-06-07,954.25,928.4,982.04,915.83,0.69574367,9.7897247476
850122,2007-06-08,968.75,939.5,989.72,919.01,0.46759165,6.7559524525
850122,2007-06-11,977.84,945.82,1002.44,934.88,0.48246516,6.7474950741
850122,2007-06-12,1010.03,1002.0,1026.75,956.12,0.54585014,7.5820274999
850122,2007-06-13,1000.92,1029.9,1046.52,973.45,1.00631808,13.3751523318
850122,2007-06-14,1001.51,1000.24,1039.12,971.99,0.68246043,9.2636879837
850122,2007-06-15,1001.34,986.46,1037.84,970.25,0.58783826,7.4823579744
850122,2007-06-18,1015.8,1019.89,1048.88,999.53,0.53086552,7.8423832333000005
850122,2007-06-19,1017.49,1014.54,1038.14,987.91,0.45600246,5.6486546285
850122,2007-06-20,986.56,1013.82,1048.32,974.65,0.4886508,7.1269596037000005
850122,2007-06-21,977.28,984.19,1011.26,959.8,0.37120198,5.0078328509
850122,2007-06-22,904.32,973.63,986.4,890.86,0.46456945,5.793603284
850122,2007-06-25,834.76,907.04,923.14,832.51,0.36664209,4.1444549603
850122,2007-06-26,829.65,806.16,838.46,794.72,0.41094016,4.1651635242000005
850122,2007-06-27,858.07,831.73,866.13,814.93,0.34506392,3.7913356875999997
850122,2007-06-28,807.51,858.78,880.97,806.88,0.38386489,4.1741795887
850122,2007-06-29,765.06,786.77,804.55,758.45,0.35404993,3.4230536420999997
850122,2007-07-02,793.69,763.45,799.78,750.77,0.29665703,3.0144643894
850122,2007-07-03,804.49,798.39,815.91,776.28,0.31781546,2.9844745857
850122,2007-07-04,769.53,800.12,804.77,765.66,0.21385961,2.0057526551
850122,2007-07-05,714.32,757.64,774.47,709.77,0.32533676,3.1387445489999997
850122,2007-07-06,758.38,708.28,764.24,689.77,0.38016318,3.5061640902999995
850122,2007-07-09,781.86,761.06,793.67,741.82,0.45721253,4.2271294106
850122,2007-07-10,776.3,771.93,796.51,750.67,0.36163493,3.5026842957
850122,2007-07-11,790.36,782.98,815.54,768.48,0.40106868,4.4845989625
850122,2007-07-12,779.42,784.71,800.57,766.35,0.21717211,2.0960143489
850122,2007-07-13,778.92,784.39,798.72,768.15,0.16026915,1.4774908857
850122,2007-07-16,741.24,778.48,788.65,735.92,0.23404343,2.1655325404
850122,2007-07-17,764.28,743.7,772.31,733.91,0.26395064,3.189507064
850122,2007-07-18,759.07,773.21,783.47,748.35,0.30467799,2.9479003538
850122,2007-07-19,755.46,753.29,768.65,746.09,0.16312501,1.592094654
850122,2007-07-20,784.05,753.67,795.2,751.73,0.24679539,2.8143638026
850122,2007-07-23,822.22,782.52,834.01,782.25,0.35068683,3.9354211870999998
850122,2007-07-24,820.97,828.34,851.08,815.0,0.3410831,3.7413921937
850122,2007-07-25,849.98,819.03,860.81,813.15,0.33004655,4.175614594
850122,2007-07-26,862.52,851.03,870.45,831.87,0.36418704,4.4020356431
850122,2007-07-27,872.4,864.2,884.18,848.11,0.40341338,4.5872622009
850122,2007-07-30,879.01,871.31,893.59,858.14,0.39521879,5.1882449215
850122,2007-07-31,933.78,879.52,940.99,875.98,0.56557724,7.6982498076
850122,2007-08-01,899.28,939.86,962.95,875.53,0.68049739,8.3493919549
850122,2007-08-02,956.35,897.23,961.23,885.37,0.64852522,9.0132342187
850122,2007-08-03,983.63,965.35,1021.87,949.56,0.65143667,9.2440133093
850122,2007-08-06,979.01,985.18,1003.66,944.58,0.45610399,6.279910280499999
850122,2007-08-07,1010.63,976.89,1028.81,955.34,0.43114766,6.4708118164999995
850122,2007-08-08,993.56,999.27,1018.1,958.99,0.3256209,4.818038175
850122,2007-08-09,1011.12,1033.45,1054.08,994.76,0.45998684,8.6072288235
850122,2007-08-10,976.72,1011.21,1029.43,951.58,0.37247895,5.777895861
850122,2007-08-13,946.41,975.72,984.53,930.18,0.32504532,4.1836648143
850122,2007-08-14,973.52,944.67,984.51,931.03,0.26555454,3.9735238736
850122,2007-08-15,956.63,978.96,981.56,939.6,0.19407977,2.6719797869999997
850122,2007-08-16,987.03,957.8,1000.23,946.2,0.38013847,5.2040962429
850122,2007-08-17,985.61,991.6,1017.64,975.93,0.31462755,4.1293306863
850122,2007-08-20,1042.57,1006.31,1052.2,999.75,0.33604812,5.485056762
850122,2007-08-21,1075.89,1057.18,1092.86,1037.18,0.32825275,5.2968807038
850122,2007-08-22,1070.67,1053.65,1091.16,1047.53,0.31460749,4.6798942224
850122,2007-08-23,1073.96,1075.19,1089.19,1053.41,0.31528223,4.215007260299999
850122,2007-08-24,1084.57,1076.8,1110.63,1061.71,0.34600291,4.8489798889
850122,2007-08-27,1059.54,1090.59,1102.79,1044.3,0.37366423,5.5077202579
850122,2007-08-28,1087.05,1055.49,1108.38,1022.08,0.49238222,6.531724969500001
850122,2007-08-29,1066.32,1078.74,1110.06,1048.11,0.40924999,5.5293946937000005
850122,2007-08-30,1089.28,1081.83,1127.16,1062.39,0.38729381,4.4728408829
850122,2007-08-31,1104.45,1105.22,1135.57,1082.69,0.40792472,5.7725361269
850122,2007-09-03,1111.1,1105.32,1131.88,1092.3,0.33880841,4.933063969
850122,2007-09-04,1133.46,1112.94,1172.95,1094.2,0.4118785,6.4420467339
850122,2007-09-05,1120.42,1145.31,1166.06,1097.08,0.38970998,5.7232786229
850122,2007-09-06,1122.75,1130.54,1143.45,1109.45,0.38864742,5.2630824682999995
850122,2007-09-07,1113.71,1118.87,1142.82,1083.2,0.56956128,7.7448398987000004
850122,2007-09-10,1116.71,1103.29,1127.29,1086.58,0.35364936,4.9557047977
850122,2007-09-11,1039.86,1123.26,1141.33,1036.41,0.34263993,4.3947743917
850122,2007-09-12,1041.05,1038.9,1063.44,975.27,0.36477282,4.3234254352
850122,2007-09-13,1036.54,1041.08,1054.74,1013.22,0.23382412,2.8539631669
850122,2007-09-14,1044.02,1039.14,1063.15,1006.99,0.323847,3.7397409567
850122,2007-09-17,1092.26,1041.71,1107.74,1028.21,0.53095248,6.4306352367
850122,2007-09-18,1101.92,1096.04,1115.57,1060.52,0.47113251,6.1133388188
850122,2007-09-19,1074.65,1102.26,1112.59,1061.1,0.29185471,3.9761782396
850122,2007-09-20,1073.25,1079.19,1090.45,1064.15,0.23635587,3.0960684970999997
850122,2007-09-21,1055.67,1072.85,1087.13,1023.72,0.29250736,3.7576376088
850122,2007-09-24,1028.12,1054.79,1057.34,1015.29,0.21334489,2.7521081024000003
850122,2007-09-25,1026.15,1029.6,1053.76,1006.3,0.20595211,2.5320385083000003
850122,2007-09-26,1004.65,1033.06,1037.42,997.44,0.14143926,1.8440197928
850122,2007-09-27,1002.57,1004.33,1016.06,987.44,0.1531834,1.8277339934999999
850122,2007-09-28,1035.74,1008.78,1054.04,1008.11,0.20229621,3.0579873174000003
850122,2007-10-08,1047.39,1047.04,1077.06,1025.36,0.36313654,4.2185712635
850122,2007-10-09,1082.67,1048.56,1094.7,1031.47,0.48856639,6.5369197084
850122,2007-10-10,1060.18,1090.97,1094.77,1052.64,0.47706867,6.3544101234
850122,2007-10-11,1025.24,1060.4,1070.74,1013.62,0.36032437,4.368929780899999
850122,2007-10-12,1037.53,1021.25,1053.57,946.9,0.45556191,5.3598236155
850122,2007-10-15,1029.68,1030.16,1053.13,998.89,0.25350882,3.4203548799
850122,2007-10-16,1028.04,1031.61,1045.13,1003.33,0.21490531,2.5773860275
850122,2007-10-17,1016.19,1028.8,1042.66,1003.27,0.21425772,2.7605378752
850122,2007-10-18,1012.75,1020.93,1044.45,998.56,0.27229043,3.2453701520999996
850122,2007-10-19,1008.68,1029.46,1036.97,993.87,0.16115675,1.8856350431
850122,2007-10-22,990.94,1004.63,1040.31,973.88,0.27577263,3.1566120758999996
850122,2007-10-23,995.54,1007.73,1023.96,971.3,0.24415253,2.5054442336
850122,2007-10-24,973.83,1001.56,1015.68,964.8,0.22874683,2.6540130019999997
850122,2007-10-25,906.28,982.23,984.09,902.03,0.16555201,2.3402430156
850122,2007-10-26,887.63,907.74,921.51,866.1,0.12407141,1.550842492
850122,2007-10-29,904.47,884.3,919.54,867.31,0.22924408,2.3658132829
850122,2007-10-30,918.18,907.31,930.75,894.09,0.16250751,1.7374084458
850122,2007-10-31,959.39,922.99,966.18,910.32,0.20447983,2.3213000056
850122,2007-11-01,945.4,955.42,970.84,921.01,0.22012114,2.3262217726
850122,2007-11-02,932.8,929.48,952.24,911.21,0.25126415,2.5710150274
850122,2007-11-05,952.73,933.12,969.33,912.76,0.18165769,2.2508329321000002
850122,2007-11-06,960.3,949.04,973.41,937.26,0.24904831,2.6799548636000003
850122,2007-11-07,963.48,962.67,987.34,922.9,0.37314616,3.2734086345
850122,2007-11-08,935.54,944.91,976.75,921.69,0.42673229,4.1405733712
850122,2007-11-09,913.86,925.41,948.2,900.35,0.2647865,2.6636625391999997
850122,2007-11-12,907.59,894.29,925.24,881.46,0.19621618,2.4977439943
850122,2007-11-13,929.6,917.6,940.68,906.4,0.15329572,1.5823777929
850122,2007-11-14,949.37,935.94,953.94,922.7,0.15995524,1.8773350527000001
850122,2007-11-15,942.04,948.09,971.88,925.51,0.26528254,2.8283597258
850122,2007-11-16,934.67,935.32,947.26,918.26,0.13675284,1.4601310721
850122,2007-11-19,952.6,939.34,963.89,929.6,0.14043138,1.3925056137
850122,2007-11-20,959.09,956.45,970.05,940.05,0.1749913,1.9507755986000002
850122,2007-11-21,954.14,957.59,977.52,944.64,0.16691293,1.932517562
850122,2007-11-22,908.18,943.9,950.39,903.87,0.16374993,1.6043645219999998
850122,2007-11-23,921.4,904.2,926.33,890.87,0.10027587,1.0311972312
850122,2007-11-26,917.33,931.07,947.64,913.25,0.10476388,1.1170219769
850122,2007-11-27,906.34,914.52,926.51,900.59,0.0887915,1.0142788176000002
850122,2007-11-28,881.3,902.0,915.42,875.33,0.08087494,0.9582074785
850122,2007-11-29,922.6,885.06,926.41,876.96,0.11814776,1.9353675200999998
850122,2007-11-30,907.79,917.81,932.81,894.27,0.10344029,1.29779046
850122,2007-12-03,916.53,907.53,923.89,894.27,0.08509996,0.9109374095999999
850122,2007-12-04,917.6,917.89,929.06,902.98,0.07828636,0.8076233698
850122,2007-12-05,932.5,914.67,939.77,910.07,0.15489251,1.4447235246
850122,2007-12-06,930.01,934.7,940.51,915.03,0.13694215,1.2684735581
850122,2007-12-07,959.17,927.39,966.98,922.34,0.27272543,3.0461153505
850122,2007-12-10,1005.21,951.89,1012.75,942.52,0.34134445,4.1712275059
850122,2007-12-11,1009.58,1005.96,1017.01,987.69,0.29148572,3.4739960789
850122,2007-12-12,1031.33,1003.51,1054.59,993.35,0.31014783,4.1500972323
850122,2007-12-13,995.79,1029.16,1058.28,992.57,0.33234168,4.1122132751
850122,2007-12-14,1027.41,982.43,1032.17,972.35,0.23212694,2.8916101856
850122,2007-12-17,1045.49,1038.23,1064.19,1027.03,0.35458721,4.7447010441
850122,2007-12-18,1033.72,1042.87,1056.2,1016.41,0.19536751,2.5858055447
850122,2007-12-19,1044.54,1040.16,1062.92,1027.25,0.2914702,4.3201056982
850122,2007-12-20,1077.34,1050.07,1099.85,1044.37,0.36421232,5.1589503208
850122,2007-12-21,1083.75,1071.93,1097.51,1064.32,0.2929654,3.8682272351
850122,2007-12-24,1097.62,1088.19,1114.98,1073.79,0.67143323,6.8278901459000005
850122,2007-12-25,1118.8,1096.8,1129.52,1088.25,0.46101695,5.6868939514
850122,2007-12-26,1147.27,1121.41,1164.77,1109.64,0.46112619,6.374525704600001
850122,2007-12-27,1158.21,1150.37,1176.57,1137.48,0.40378855,5.1101843649
850122,2007-12-28,1175.52,1159.19,1203.34,1137.45,0.38674579,5.680875724
850122,2008-01-02,1217.32,1178.35,1226.56,1158.53,0.58848672,8.0633031633
850122,2008-01-03,1235.97,1217.56,1267.78,1199.1,0.89363217,10.7404541909
850122,2008-01-04,1219.83,1226.4,1247.54,1194.72,0.65307236,8.0458241042
850122,2008-01-07,1244.72,1218.71,1269.14,1195.74,0.7148761,8.503508906699999
850122,2008-01-08,1235.22,1241.68,1289.61,1191.65,0.66182919,9.086154601
850122,2008-01-09,1317.47,1232.29,1333.26,1221.03,0.83181327,10.332078593099999
850122,2008-01-10,1344.58,1325.84,1394.29,1302.7,1.16159181,16.398315868599997
850122,2008-01-11,1353.96,1341.2,1376.86,1301.59,0.64084118,9.040283403
850122,2008-01-14,1423.21,1342.76,1436.78,1320.09,0.71531926,11.6784016298
850122,2008-01-15,1444.48,1363.18,1458.03,1343.1,0.75771333,10.3527917113
850122,2008-01-16,1434.76,1437.29,1508.13,1395.24,0.8187313,12.728278946
850122,2008-01-17,1377.96,1409.2,1477.97,1309.77,0.72402553,11.3297586475
850122,2008-01-18,1360.34,1383.18,1417.58,1321.49,0.4727361,7.5223816506
850122,2008-01-21,1337.06,1372.56,1417.52,1309.94,0.42621312,6.7249015822
850122,2008-01-22,1254.02,1304.94,1376.17,1239.93,0.57236565,9.3138879709
850122,2008-01-23,1367.84,1272.59,1369.54,1262.12,0.59298152,9.5546310213
850122,2008-01-24,1486.23,1414.7,1498.17,1375.2,0.81379525,13.7585905697
850122,2008-01-25,1408.82,1486.18,1509.49,1394.92,0.74880076,16.3059617309
850122,2008-01-28,1290.15,1364.88,1408.72,1268.41,0.43147783,6.5402603796
850122,2008-01-29,1317.15,1276.71,1346.58,1241.96,0.31458574,4.7966735346
850122,2008-01-30,1349.14,1325.06,1371.96,1266.12,0.38068377,6.4455144031
850122,2008-01-31,1243.69,1327.79,1340.67,1228.32,0.27064296,4.1174712833
850122,2008-02-01,1163.34,1236.93,1250.14,1124.87,0.34530954,5.389049641000001
850122,2008-02-04,1262.75,1198.54,1268.95,1193.28,0.29775401,4.4461134245
850122,2008-02-05,1257.88,1251.94,1285.91,1217.51,0.24009871,3.1636348177999998
850122,2008-02-13,1257.24,1252.46,1295.59,1217.22,0.17680193,2.3387271722
850122,2008-02-14,1239.54,1271.56,1285.4,1217.19,0.13804976,2.5570804387
850122,2008-02-15,1241.5,1220.97,1256.05,1194.56,0.22744492,3.4934507211000003
850122,2008-02-18,1321.22,1255.36,1336.38,1251.43,0.38801087,6.191349139500001
850122,2008-02-19,1330.13,1329.12,1357.76,1314.17,0.31650153,5.1870530273
850122,2008-02-20,1351.83,1326.2,1399.94,1297.12,0.55314517,8.2071937443
850122,2008-02-21,1333.93,1334.41,1363.97,1309.53,0.34450896,5.2672590608
850122,2008-02-22,1306.27,1332.24,1358.56,1263.7,0.28776653,4.1300950229
850122,2008-02-25,1241.53,1301.88,1314.52,1227.6,0.28871151,4.257181404100001
850122,2008-02-26,1234.94,1266.86,1299.48,1191.12,0.30547212,4.0447726808999995
850122,2008-02-27,1255.08,1241.82,1269.99,1218.69,0.11353906,1.7507763632
850122,2008-02-28,1272.61,1258.28,1301.82,1240.82,0.29225975,3.8280466495
850122,2008-02-29,1262.98,1273.26,1283.43,1243.66,0.19808366,2.6829873911
850122,2008-03-03,1314.31,1259.98,1325.98,1235.16,0.33352352,4.5645965875
850122,2008-03-04,1327.38,1325.65,1388.36,1303.78,0.68254967,9.513051327000001
850122,2008-03-05,1322.15,1317.04,1344.34,1282.25,0.39528788,5.5881734361
850122,2008-03-06,1307.69,1325.67,1350.22,1294.64,0.40570939,6.0591566774
850122,2008-03-07,1286.47,1302.83,1326.51,1270.9,0.24460105,3.5668578171
850122,2008-03-10,1248.04,1276.25,1294.34,1222.4,0.23389154,3.3484133198
850122,2008-03-11,1242.0,1237.4,1275.44,1200.66,0.17351873,2.6557895951
850122,2008-03-12,1188.32,1264.26,1285.51,1181.08,0.19831557,3.0202500074
850122,2008-03-13,1121.35,1171.12,1180.39,1085.24,0.25047649,3.7589530663
850122,2008-03-14,1137.94,1118.88,1155.21,1102.1,0.11487075,1.571932845
850122,2008-03-17,1037.88,1136.77,1140.69,1027.1,0.21412876,2.9929011319
850122,2008-03-18,942.92,1019.93,1034.69,934.25,0.27273114,3.4270945424
850122,2008-03-19,994.23,958.7,1007.83,919.13,0.27198188,3.3044876631
850122,2008-03-20,1034.01,981.66,1052.37,934.37,0.28290813,3.5539985104
850122,2008-03-21,1014.41,1034.12,1053.38,995.57,0.3115672,4.3361446129
850122,2008-03-24,990.76,1022.7,1035.84,986.58,0.23276773,3.0403071441000002
850122,2008-03-25,991.87,970.4,1007.21,957.29,0.16723565,2.19061692
850122,2008-03-26,972.93,994.92,1010.42,958.62,0.13619481,1.8328458308000002
850122,2008-03-27,955.93,962.41,1003.9,936.93,0.25794723,3.1305266154000004
850122,2008-03-28,966.43,939.47,975.04,895.88,0.22110728,2.4985762511000003
850122,2008-03-31,934.06,948.44,975.73,925.56,0.16124409,2.008667795
850122,2008-04-01,843.01,928.09,941.87,840.94,0.26058457,3.0453268609
850122,2008-04-02,781.82,843.52,863.83,769.12,0.31880813,3.3403360092
850122,2008-04-03,806.65,777.77,816.21,754.64,0.19896486,1.8850523718
850122,2008-04-07,880.28,799.41,883.28,780.22,0.32951877,3.45458407
850122,2008-04-08,912.28,891.53,931.9,879.03,0.37366848,4.2866013387
850122,2008-04-09,856.44,911.48,923.83,848.66,0.29557454,4.2868572008
850122,2008-04-10,867.52,854.39,885.98,816.77,0.14687265,2.1059769531
850122,2008-04-11,887.37,883.06,914.33,864.15,0.27565397,3.3090688224
850122,2008-04-14,839.38,879.35,896.16,831.29,0.4225081,4.4555075679
850122,2008-04-15,866.41,836.5,871.66,801.33,0.23782635,2.5597560202
850122,2008-04-16,865.42,870.49,892.17,848.42,0.26190357,3.1030748244999997
850122,2008-04-17,842.34,861.06,884.81,819.22,0.18161717,2.0088719300999998
850122,2008-04-18,835.26,837.26,870.63,803.36,0.16289238,2.1365390271
850122,2008-04-21,847.36,891.1,912.34,823.85,0.29743159,3.5999379349000002
850122,2008-04-22,811.12,827.88,838.31,770.58,0.22992464,2.759267395
850122,2008-04-23,840.09,801.71,849.4,781.18,0.19764902,2.3924126161
850122,2008-04-24,921.54,920.6,924.14,881.55,0.57303733,7.873101888200001
850122,2008-04-25,922.81,911.45,965.12,894.28,0.46386448,6.1973596166
850122,2008-04-28,938.82,884.25,958.18,874.09,0.45315148,5.7146858526
850122,2008-04-29,926.58,916.77,950.89,900.4,0.28981168,3.0561140310000003
850122,2008-04-30,934.95,930.2,955.93,904.97,0.31393119,5.2787737375
850122,2008-05-05,980.1,932.0,986.23,910.0,0.65065264,7.5054538027
850122,2008-05-06,983.82,973.17,1008.72,956.56,0.39207064,4.9686729377
850122,2008-05-07,921.45,971.27,985.53,919.93,0.43669065,5.2008898344
850122,2008-05-08,943.47,904.1,951.84,898.57,0.26799369,3.1612092444999997
850122,2008-05-09,937.73,933.15,966.06,903.96,0.23113883,2.4514741240999998
850122,2008-05-12,975.34,913.37,991.5,897.36,0.43028525,4.8068355575
850122,2008-05-13,989.01,951.04,1009.99,938.72,0.83471825,9.8220449447
850122,2008-05-14,987.51,991.6,1001.65,956.23,0.45360102,5.6395224419000005
850122,2008-05-15,981.03,989.81,1013.82,968.32,0.4621458,5.6031926362
850122,2008-05-16,1003.68,977.56,1030.07,965.48,0.39339017,5.891434650800001
850122,2008-05-19,997.58,1004.57,1022.26,977.01,0.25044525,3.6088778842
850122,2008-05-20,914.71,992.91,1003.95,906.11,0.3913063,4.1422368754
850122,2008-05-21,926.79,901.9,936.84,851.55,0.46805183,4.4210033784
850122,2008-05-22,900.86,909.61,935.36,889.16,0.39796496,3.7549103992000004
850122,2008-05-23,856.24,893.52,904.24,838.35,0.29085061,2.8522930233999997
850122,2008-05-26,809.68,845.02,847.79,799.25,0.23511862,2.5245897669999997
850122,2008-05-27,813.07,804.88,830.31,795.02,0.16679682,1.5074017544
850122,2008-05-28,844.14,813.48,853.86,808.31,0.25465613,2.9032254223000002
850122,2008-05-29,834.62,837.9,870.57,819.11,0.33067265,3.1471384357999996
850122,2008-05-30,829.91,826.93,849.57,813.19,0.25255611,2.2874636304
850122,2008-06-02,817.28,824.67,833.25,804.32,0.20688006,2.0390662862999998
850122,2008-06-03,793.05,817.75,820.27,784.78,0.29196596,2.7774289933999996
850122,2008-06-04,775.01,788.39,793.16,763.58,0.2324602,1.8714830209
850122,2008-06-05,775.12,772.18,789.83,763.57,0.16241009,1.4468078499
850122,2008-06-06,759.62,774.39,784.52,751.08,0.19480258,1.5907830421
850122,2008-06-10,688.14,729.68,735.84,687.93,0.17742212,1.5250711979
850122,2008-06-11,681.42,667.25,697.66,644.55,0.22921123,2.1267001959000003
850122,2008-06-12,669.25,667.77,693.84,653.9,0.22468422,1.7740747435
850122,2008-06-13,628.88,672.88,681.24,624.14,0.19221734,1.5392755994999998
850122,2008-06-16,601.62,628.24,638.11,590.96,0.18313604,1.3686007731999998
850122,2008-06-17,563.84,602.12,613.5,558.87,0.23198727,1.8040334194
850122,2008-06-18,597.04,558.94,605.01,535.44,0.33008619,2.4590993222
850122,2008-06-19,544.4,587.36,590.34,540.89,0.23756413,1.7980734822
850122,2008-06-20,541.5,537.05,573.29,505.07,0.32408067,2.2946090851
850122,2008-06-23,527.77,534.75,550.07,517.67,0.17142322,1.2743386928
850122,2008-06-24,546.84,525.95,551.27,518.09,0.19640577,1.2890416807
850122,2008-06-25,594.93,548.38,597.23,543.27,0.39782465,2.8699880422
850122,2008-06-26,617.54,602.82,631.91,596.05,0.49414583,4.9199310477
850122,2008-06-27,574.0,594.25,601.14,562.07,0.29718274,2.7301412469999997
850122,2008-06-30,582.16,565.24,597.36,555.45,0.21629498,1.8745465524
850122,2008-07-01,562.22,581.25,590.29,554.93,0.15748128,1.3553316717
850122,2008-07-02,573.13,563.28,586.38,554.07,0.17403884,1.4028250421000001
850122,2008-07-03,603.99,563.89,617.32,553.0,0.34284194,2.8794783998
850122,2008-07-04,607.24,603.24,623.33,589.65,0.3321973,2.5720713518
850122,2008-07-07,635.21,609.68,644.43,606.41,0.36307102,3.0652307519999997
850122,2008-07-08,646.06,635.02,659.35,615.38,0.39776149,3.2190266468
850122,2008-07-09,669.26,649.03,680.59,641.96,0.40643801,3.1546409860000004
850122,2008-07-10,665.24,667.13,699.33,655.67,0.5331843,5.8961472695
850122,2008-07-11,643.71,653.68,668.66,627.99,0.36705342,3.4015360555000003
850122,2008-07-14,662.24,640.29,667.29,629.6,0.23847913,2.5035094627000003
850122,2008-07-15,655.25,664.29,683.2,633.92,0.35528124,3.2859384789
850122,2008-07-16,616.27,645.84,656.35,603.09,0.29835981,2.791436824
850122,2008-07-17,598.64,625.06,640.01,595.2,0.21080776,2.2200433988
850122,2008-07-18,616.55,602.15,622.99,570.71,0.18663038,1.7160390936
850122,2008-07-21,641.91,615.01,645.96,604.96,0.22847988,1.9680089508
850122,2008-07-22,636.54,641.01,653.18,629.96,0.22734228,2.0665595736
850122,2008-07-23,638.2,636.46,655.46,631.36,0.12841269,1.4221510263
850122,2008-07-24,661.56,640.41,668.84,638.86,0.37436105,2.7960108113
850122,2008-07-25,711.41,658.9,722.25,653.08,1.08008302,9.5656422851
850122,2008-07-28,753.46,718.5,772.83,696.25,1.70745091,14.922478467000001
850122,2008-07-29,724.04,730.25,761.86,710.29,0.8807291,8.214133950399999
850122,2008-07-30,727.07,732.04,747.32,711.29,0.68527724,5.6234543436
850122,2008-07-31,687.72,722.24,731.96,685.04,0.54135376,4.4610341163
850122,2008-08-01,687.81,682.5,702.01,655.8,0.47409267,3.7076412965
850122,2008-08-04,690.37,682.16,718.57,667.76,0.47173608,3.7366360667
850122,2008-08-05,660.92,686.6,696.74,655.32,0.33234143,2.6676005993
850122,2008-08-06,660.36,665.59,676.9,642.58,0.27691525,2.1928698224
850122,2008-08-07,655.43,661.96,668.64,637.07,0.28644737,2.1658605299
850122,2008-08-08,632.26,654.81,684.55,623.85,0.55041086,3.9604632310000003
850122,2008-08-11,572.38,617.9,622.54,572.11,0.2743692,1.9551886259
850122,2008-08-12,540.84,540.17,562.98,530.41,0.33435909,2.064536852
850122,2008-08-13,553.06,534.91,563.79,520.06,0.32643147,2.0603382214
850122,2008-08-14,552.17,547.14,560.01,536.41,0.24746829,1.4253806257
850122,2008-08-15,569.56,545.99,587.55,539.24,0.39795721,2.5248306021
850122,2008-08-18,519.76,564.88,569.61,518.94,0.28175889,1.8411513984
850122,2008-08-19,530.46,506.5,540.96,497.01,0.25518629,1.4376188247
850122,2008-08-20,574.47,526.15,577.36,513.53,0.42629654,2.7146397000999998
850122,2008-08-21,564.25,561.39,592.84,554.15,0.49055036,3.1880267283999997
850122,2008-08-22,545.77,553.87,568.43,529.44,0.26968973,1.7194962887
850122,2008-08-25,547.23,547.06,561.45,536.6,0.18734925,1.0237179855
850122,2008-08-26,522.63,539.62,546.57,510.8,0.32405465,1.5771588643
850122,2008-08-27,522.61,517.67,534.26,508.53,0.12633858,0.7836491699
850122,2008-08-28,530.4,523.71,539.78,515.98,0.19742032,1.0044191324
850122,2008-08-29,542.4,530.24,549.31,527.05,0.22224468,1.237540147
850122,2008-09-01,522.63,539.18,540.35,516.55,0.13862634,0.8306377556
850122,2008-09-02,524.84,519.05,535.25,506.57,0.21112296,1.1945246334000001
850122,2008-09-03,524.48,524.57,537.15,514.47,0.32031699,1.6892535497
850122,2008-09-04,526.55,518.04,532.38,512.18,0.17318812,1.0006091949
850122,2008-09-05,499.43,508.72,519.79,494.08,0.18458939,1.1145470036
850122,2008-09-08,461.51,501.04,507.51,457.32,0.17375462,1.0109496967
850122,2008-09-09,458.99,465.12,470.83,448.33,0.17034134,0.9254054751
850122,2008-09-10,457.38,453.41,471.45,446.55,0.13862698,0.7229067779999999
850122,2008-09-11,437.06,454.26,460.99,435.69,0.13096488,0.7036019181000001
850122,2008-09-12,432.82,433.88,443.95,428.55,0.15939854,0.7062513652
850122,2008-09-16,427.22,433.44,440.18,416.21,0.17442339,0.8990846053
850122,2008-09-17,435.34,429.61,453.43,424.96,0.35455574,1.5114810705000001
850122,2008-09-18,435.68,425.25,447.38,398.02,0.43333617,1.9070269211000002
850122,2008-09-19,477.44,474.83,477.44,462.54,0.38673936,1.9819873615
850122,2008-09-22,498.4,508.82,522.58,473.4,0.63886868,3.6287324587
850122,2008-09-23,460.35,476.59,485.95,456.13,0.35247973,1.9062347191
850122,2008-09-24,462.65,447.44,466.24,440.02,0.26092469,1.3318268988
850122,2008-09-25,473.89,466.75,481.78,459.85,0.51496007,2.4396111899
850122,2008-09-26,464.84,474.44,478.24,457.73,0.21441236,1.3276934444
850122,2008-10-06,476.28,461.69,491.45,446.32,0.39875544,2.3786157577
850122,2008-10-07,478.74,468.18,484.66,455.48,0.30800816,1.8186676446
850122,2008-10-08,475.81,470.92,486.69,464.49,0.29742228,1.5483636943999999
850122,2008-10-09,463.72,485.88,489.19,461.81,0.24588503,1.293293091
850122,2008-10-10,427.43,450.28,452.21,423.57,0.24473321,1.1731820564
850122,2008-10-13,437.45,427.3,440.57,415.27,0.27597604,1.2350073651
850122,2008-10-14,429.74,453.95,458.35,429.26,0.27521949,1.3236256018
850122,2008-10-15,418.62,424.31,433.19,411.38,0.17900221,0.7357176918
850122,2008-10-16,417.14,405.76,428.91,388.75,0.29605215,1.2877360767000001
850122,2008-10-17,411.47,417.94,423.57,402.3,0.21603083,0.9564152256999999
850122,2008-10-20,430.68,409.08,433.42,405.91,0.30650143,1.4901420009
850122,2008-10-21,440.4,434.71,451.78,423.81,0.33427664,2.0432052676
850122,2008-10-22,421.03,432.87,442.62,418.56,0.23239912,1.411402562
850122,2008-10-23,421.44,414.01,428.7,406.58,0.08541093,0.6418410286999999
850122,2008-10-24,417.09,422.58,430.08,411.18,0.1598318,0.8762184369
850122,2008-10-27,381.21,409.23,414.92,380.55,0.19385001,0.9778872048999999
850122,2008-10-28,384.53,374.08,389.01,362.07,0.25339965,1.0947022531000001
850122,2008-10-29,364.05,389.8,393.05,361.62,0.20298442,0.8778973445999999
850122,2008-10-30,362.06,367.46,372.24,355.3,0.19573226,0.8246560894
850122,2008-10-31,355.15,361.02,367.73,351.57,0.16003095,0.5938207897
850122,2008-11-03,348.79,352.01,358.73,344.99,0.14055326,0.4851539395
850122,2008-11-04,354.77,348.07,358.77,338.58,0.21556006,0.7403734203
850122,2008-11-05,359.39,355.76,367.74,349.16,0.25069284,0.967598117
850122,2008-11-06,345.14,350.91,352.18,342.84,0.14980098,0.5136453685
850122,2008-11-07,348.06,339.72,352.19,334.11,0.13711251,0.5055216106
850122,2008-11-10,373.47,352.72,374.22,351.09,0.39558878,1.5504397156
850122,2008-11-11,371.23,370.83,384.46,363.73,0.40191126,1.5617339908
850122,2008-11-12,380.67,367.94,384.94,365.86,0.27514836,1.1468215483
850122,2008-11-13,398.83,375.94,406.45,373.46,0.48600469,2.3805210246
850122,2008-11-14,422.14,405.9,426.82,401.47,0.62787837,3.1570055076
850122,2008-11-17,437.25,421.33,439.0,410.98,0.64165714,2.9191040737000002
850122,2008-11-18,406.24,440.96,461.5,403.15,0.68730663,3.7890598817
850122,2008-11-19,439.39,402.31,441.19,395.26,0.63097909,3.0043194827999997
850122,2008-11-20,433.09,432.6,447.17,422.49,0.53710358,2.7912885199
850122,2008-11-21,419.23,420.08,433.64,403.68,0.41003729,1.9999612941
850122,2008-11-24,410.66,421.02,433.71,408.31,0.32871985,1.6013703359
850122,2008-11-25,417.11,418.12,427.54,399.0,0.53106235,2.2552993279
850122,2008-11-26,411.11,414.26,420.58,402.4,0.34639071,1.4497907309
850122,2008-11-27,420.91,437.09,443.1,416.56,0.58847964,2.5736537145
850122,2008-11-28,410.58,417.81,423.47,404.65,0.44769943,1.8607788954
850122,2008-12-01,427.24,413.17,429.49,405.64,0.44723989,2.1160317452
850122,2008-12-02,439.77,416.96,444.89,412.78,0.60628628,3.4002664757
850122,2008-12-03,457.44,442.02,461.15,433.62,0.95495617,4.9292874645
850122,2008-12-04,461.51,458.5,474.34,448.91,1.16121042,5.7187717735
850122,2008-12-05,476.95,453.68,482.74,449.84,1.06803715,5.1226671655
850122,2008-12-08,490.82,481.6,496.12,472.23,0.93909331,4.8626595456
850122,2008-12-09,471.19,491.27,494.47,467.2,0.77555298,3.6192422159
850122,2008-12-10,496.01,468.3,498.18,465.51,0.9696301,4.5116378677
850122,2008-12-11,479.02,498.24,505.77,477.2,0.61756102,3.4595942228
850122,2008-12-12,451.12,477.69,481.84,441.62,0.71700771,2.9446236138
850122,2008-12-15,456.26,458.05,464.59,442.31,0.41485102,1.7447394388
850122,2008-12-16,467.92,453.16,471.14,440.64,0.49533538,2.2286376256000002
850122,2008-12-17,467.25,468.93,475.79,456.66,0.46040429,2.1115144112
850122,2008-12-18,475.3,467.0,478.49,461.27,0.53803743,2.3613252958
850122,2008-12-19,479.49,475.01,491.03,472.93,0.58881657,2.7187670325999997
850122,2008-12-22,490.53,479.64,495.43,473.61,0.54182222,2.7552972172000003
850122,2008-12-23,453.28,491.53,496.99,451.65,0.58028297,2.7597676260000004
850122,2008-12-24,433.65,443.92,453.54,425.95,0.48523682,1.976449774
850122,2008-12-25,436.75,434.79,445.69,424.53,0.38030274,1.5613586407
850122,2008-12-26,438.01,441.3,448.06,434.32,0.4921494,1.7497904163
850122,2008-12-29,435.74,440.47,444.84,425.93,0.28003214,1.0132238997
850122,2008-12-30,433.52,435.12,445.78,428.56,0.36649082,1.4542677116
850122,2008-12-31,420.69,433.45,438.61,419.37,0.29867031,1.1865761527
850122,2009-01-05,438.78,426.12,440.99,423.64,0.30008243,1.4366472819999998
850122,2009-01-06,451.38,437.79,454.0,432.67,0.45583997,2.1145925411
850122,2009-01-07,451.36,450.69,461.79,445.69,0.35177005,1.8571556375
850122,2009-01-08,435.69,443.58,450.4,429.01,0.29224691,1.4647833094
850122,2009-01-09,453.79,434.5,456.44,433.16,0.38698754,2.0555243472
850122,2009-01-12,458.44,451.66,466.65,446.22,0.38618702,2.3623922681
850122,2009-01-13,438.28,452.37,455.63,436.44,0.31032812,1.7071698672
850122,2009-01-14,452.91,439.35,453.46,435.48,0.37038597,1.6091893247
850122,2009-01-15,456.87,449.02,463.16,445.55,0.51480442,2.3873844092
850122,2009-01-16,461.37,459.0,471.88,455.7,0.63467673,2.7841151010000003
850122,2009-01-19,469.69,464.21,472.77,456.43,0.50156418,2.3559166274
850122,2009-01-20,469.22,469.87,474.36,457.71,0.29587201,1.6627238152000001
850122,2009-01-21,459.86,462.49,469.09,453.61,0.29792427,1.6113184773
850122,2009-01-22,470.57,463.07,473.07,456.39,0.47945814,2.3481520084
850122,2009-01-23,462.95,467.86,474.92,458.39,0.4125727,1.9441416392
850122,2009-02-02,497.82,474.48,500.12,470.43,1.01580193,5.3066337417
850122,2009-02-03,510.03,500.95,520.06,496.54,1.1644456,6.5964356962
850122,2009-02-04,516.25,509.73,523.96,500.4,0.8242707,4.7989919823000005
850122,2009-02-05,513.19,514.43,522.31,503.45,0.91507319,5.0374988125
850122,2009-02-06,532.31,512.32,537.45,510.12,0.97554447,5.6375017272
850122,2009-02-09,540.65,536.63,550.17,526.23,1.0395166,6.3758403140999995
850122,2009-02-10,554.57,537.03,557.98,529.38,0.91160377,5.6219248779
850122,2009-02-11,546.89,544.41,562.4,536.37,0.98773837,5.6329308753
850122,2009-02-12,546.19,548.88,555.35,525.47,0.76679185,4.186737932
850122,2009-02-13,569.36,549.11,575.16,544.57,0.9918247,6.0369797897
850122,2009-02-16,601.43,575.3,603.57,569.32,0.86742724,6.237461504500001
850122,2009-02-17,594.62,601.61,630.16,576.34,1.35699402,8.318615084400001
850122,2009-02-18,566.57,580.57,600.75,562.94,0.93008828,5.688221642999999
850122,2009-02-19,574.38,567.98,584.5,553.0,0.74748421,4.4150314811
850122,2009-02-20,598.51,573.1,601.74,560.39,0.97477539,5.9955210674
850122,2009-02-23,624.4,597.69,631.72,592.54,1.16154965,7.4096185574
850122,2009-02-24,586.5,615.28,629.98,584.69,0.94929707,6.5055846892
850122,2009-02-25,598.48,594.31,609.6,577.98,0.73853412,5.000214614
850122,2009-02-26,550.59,598.39,609.36,543.44,0.7197114,5.085964831
850122,2009-02-27,502.46,544.42,550.43,500.45,0.54416126,3.6490447304000004
850122,2009-03-02,513.72,499.45,517.55,492.8,0.43151148,2.3352325331
850122,2009-03-03,511.25,501.35,518.35,492.67,0.40892822,2.2770822109
850122,2009-03-04,540.32,514.46,542.88,511.9,0.58507944,3.5670164159
850122,2009-03-05,542.91,546.21,555.32,524.71,0.63596973,4.0031381504
850122,2009-03-06,534.65,529.7,540.68,524.57,0.42167607,2.40704725
850122,2009-03-09,511.22,537.43,545.58,506.31,0.46722972,2.7758081983
850122,2009-03-10,522.75,505.83,528.21,500.84,0.2765378,1.5555332726
850122,2009-03-11,525.28,532.19,537.94,519.09,0.42950958,2.6407991395
850122,2009-03-12,523.85,523.79,532.95,504.95,0.35772476,2.0856197535
850122,2009-03-13,524.81,524.77,533.3,514.28,0.46955645,2.5822312794999998
850122,2009-03-16,530.19,523.78,533.34,514.52,0.49907434,2.3688238487
850122,2009-03-17,548.07,531.21,551.68,524.2,0.6987174,3.711862682
850122,2009-03-18,548.68,549.57,561.88,544.11,0.71476878,3.9369355858999997
850122,2009-03-19,563.3,548.19,566.28,545.73,0.61917979,3.6562543432999997
850122,2009-03-20,555.35,563.4,567.08,544.55,0.5074512,3.1796060843
850122,2009-03-23,576.59,554.07,580.88,551.07,0.72087524,4.7156619585
850122,2009-03-24,576.06,581.82,591.09,567.29,0.67416642,4.7461138783
850122,2009-03-25,558.32,572.62,580.12,557.39,0.62310554,4.1513137676
850122,2009-03-26,567.67,555.88,569.05,545.3,0.5071648,3.164132796
850122,2009-03-27,570.24,568.65,576.53,559.93,0.77124527,4.2573494195
850122,2009-03-30,577.57,574.18,585.99,569.61,0.97080989,4.8673793703
850122,2009-03-31,577.36,568.55,583.33,555.92,0.58785537,3.4027956841000004
850122,2009-04-01,588.91,578.21,595.18,575.15,0.74502651,4.5650074113
850122,2009-04-02,599.89,592.09,611.26,587.44,0.89499218,6.2069228197
850122,2009-04-03,612.37,605.78,626.36,587.47,1.06128417,7.7362807104
850122,2009-04-07,615.44,612.36,623.99,603.08,0.6388064,5.0956649503
850122,2009-04-08,583.78,612.92,619.58,578.53,0.66013389,5.050967534100001
850122,2009-04-09,595.64,586.83,604.57,575.35,0.62356323,5.326231988
850122,2009-04-10,606.17,597.32,612.34,588.06,0.76434628,6.0114680767
850122,2009-04-13,619.66,608.42,625.94,601.66,0.77777751,6.696807585499999
850122,2009-04-14,633.83,620.06,639.65,609.29,0.84553276,7.4231116141
850122,2009-04-15,638.03,628.72,645.54,616.76,0.89357262,7.0409486825
850122,2009-04-16,641.34,640.66,651.86,626.25,0.74381035,6.235462301799999
850122,2009-04-17,621.52,640.89,646.81,617.6,0.79389872,5.6007204523
850122,2009-04-20,640.27,618.98,642.63,615.77,0.73621965,5.1987827298000004
850122,2009-04-21,642.32,633.52,651.65,622.31,0.84950757,6.0093748022
850122,2009-04-22,605.54,645.26,651.74,598.89,1.07296985,7.5251195663
850122,2009-04-23,609.17,603.6,620.5,595.98,0.59585371,4.1219587383
850122,2009-04-24,597.27,608.79,617.51,590.94,0.54884146,3.5120372168
850122,2009-04-27,574.03,598.01,604.39,568.51,0.47831035,3.0989148885000004
850122,2009-04-28,578.51,569.17,582.29,565.08,0.34870408,2.1039405672
850122,2009-04-29,595.2,581.54,597.13,574.91,0.45533671,2.9738478975
850122,2009-04-30,592.35,598.27,601.64,586.75,0.45141661,2.8665161029000004
850122,2009-05-04,612.25,594.11,616.3,590.6,0.68503099,4.0717629568
850122,2009-05-05,624.2,612.31,631.29,606.66,0.42400439,3.7404499075
850122,2009-05-06,625.31,616.04,628.2,612.11,0.36177589,3.1691083286
850122,2009-05-07,618.61,622.03,633.23,604.7,0.41480637,3.6616267816000003
850122,2009-05-08,614.66,611.13,620.64,596.47,0.40293018,3.3226149326
850122,2009-05-11,594.7,621.5,628.19,593.53,0.85269088,5.1359475757999995
850122,2009-05-12,601.77,588.33,603.42,584.74,0.49557524,2.79258937
850122,2009-05-13,608.76,601.29,614.54,594.81,0.68722446,4.1705643305
850122,2009-05-14,607.81,604.76,612.47,594.46,0.50099599,2.9417201247
850122,2009-05-15,610.56,609.74,617.97,600.61,0.29063029,1.8862943030000001
850122,2009-05-18,612.27,608.39,617.01,594.18,0.41652374,2.686332063
850122,2009-05-19,630.21,628.29,644.15,620.62,1.24832388,8.7174136137
850122,2009-05-20,618.5,621.88,632.16,614.8,0.56701215,4.1635850096
850122,2009-05-21,606.32,614.87,626.61,601.16,0.65115052,4.0758826965
850122,2009-05-22,602.56,606.25,612.55,596.49,0.39055476,2.6904720172000003
850122,2009-05-25,597.23,591.42,604.34,583.18,0.26335794,1.614151463
850122,2009-05-26,604.28,598.7,612.56,593.95,0.38661527,2.8601612516
850122,2009-05-27,606.21,607.05,618.31,599.43,0.42681825,3.1658386649
850122,2009-06-01,616.57,610.97,621.78,605.02,0.41415284,2.6544004085
850122,2009-06-02,616.41,616.17,627.52,611.92,0.40562327,2.7756461569
850122,2009-06-03,621.8,615.86,625.68,609.87,0.54626967,3.3554688149
850122,2009-06-04,615.51,620.84,626.17,605.47,0.43814355,3.0850154718000002
850122,2009-06-05,614.78,613.82,627.11,607.88,0.46524095,3.3146683106
850122,2009-06-08,615.19,619.02,626.96,605.61,0.47358441,2.9682485537
850122,2009-06-09,619.32,616.76,624.47,601.59,0.56053593,3.246000017
850122,2009-06-10,631.64,622.08,634.6,616.92,0.61894307,3.8914258488
850122,2009-06-11,623.9,635.57,637.75,622.93,0.49230448,3.1709842988
850122,2009-06-12,603.27,628.29,631.38,596.62,0.74256986,4.4882392852
850122,2009-06-15,615.87,599.37,617.43,596.44,0.51038154,2.918836603
850122,2009-06-16,607.52,610.89,615.13,600.92,0.34220391,2.0198095866999997
850122,2009-06-17,613.99,607.47,615.69,600.34,0.38438446,2.316427497
850122,2009-06-18,619.71,615.58,626.87,608.98,0.45609241,3.1497014374
850122,2009-06-19,622.34,617.28,629.42,612.53,0.52283888,3.4249584475
850122,2009-06-22,626.89,627.05,636.97,618.66,0.64362172,4.3337926116
850122,2009-06-23,629.88,618.24,636.6,613.45,0.47822714,3.10756189
850122,2009-06-24,634.89,630.31,641.43,622.64,0.64045255,4.1807491258
850122,2009-06-25,637.33,642.89,656.52,627.19,0.97073083,6.310647904700001
850122,2009-06-26,638.7,636.66,647.56,628.79,0.83527561,4.9569709685
850122,2009-06-29,639.24,638.23,646.65,631.95,0.56510988,3.386232031
850122,2009-06-30,625.2,639.83,642.6,622.74,0.51240554,3.2915455522
850122,2009-07-01,624.48,623.67,631.53,617.97,0.43489935,2.7975512051
850122,2009-07-02,635.55,625.15,640.6,622.68,0.5418483,3.9405783095999998
850122,2009-07-03,648.62,633.14,656.43,628.05,0.72753779,5.8047821713
850122,2009-07-06,646.35,651.5,657.82,634.71,0.57350865,4.3514197876
850122,2009-07-07,657.1,645.93,666.07,641.39,0.92918761,6.3308353178
850122,2009-07-08,678.65,655.41,689.07,650.14,1.21919,8.8460214936
850122,2009-07-09,692.16,676.99,700.52,669.58,1.01077477,7.908323447999999
850122,2009-07-10,691.93,694.11,698.4,678.9,0.70717747,5.5455382242999995
850122,2009-07-13,706.87,687.97,717.78,682.63,1.03269444,7.5661206354
850122,2009-07-14,722.29,709.1,730.75,702.92,1.07193123,7.7259492556
850122,2009-07-15,726.42,727.39,740.81,714.77,1.11106945,8.2998090577
850122,2009-07-16,721.96,726.47,737.3,707.21,0.82231209,6.4926271612
850122,2009-07-17,730.25,719.58,740.55,710.28,0.88520576,6.708893216900001
850122,2009-07-20,745.18,733.49,747.84,728.06,0.96090034,7.599758329299999
850122,2009-07-21,737.59,748.96,764.63,725.44,1.13913732,8.9964920738
850122,2009-07-22,735.14,732.96,757.7,726.69,1.02972045,7.9822311613
850122,2009-07-23,732.59,731.36,747.31,722.35,0.80241146,5.993926993500001
850122,2009-07-24,712.49,732.28,739.74,700.37,0.79818393,5.9918219555
850122,2009-07-27,720.72,712.51,730.34,706.93,0.61566151,4.6642001157
850122,2009-07-28,752.05,721.85,755.75,711.41,0.99518045,8.071513595299999
850122,2009-07-29,712.41,749.33,766.46,689.05,1.03496094,8.3066438799
850122,2009-07-30,714.93,714.35,731.56,686.75,0.60955943,4.7754182133
850122,2009-07-31,734.18,716.98,738.24,709.92,0.5754607,4.5525055823
850122,2009-08-03,760.18,735.73,766.86,729.4,0.81928662,7.0924360145000005
850122,2009-08-04,818.27,762.25,821.2,755.43,1.7222571,14.7206375973
850122,2009-08-05,797.31,820.77,835.07,782.97,1.40641447,12.2899875728
850122,2009-08-06,793.95,786.77,815.45,770.51,0.8751373,7.424377702899999
850122,2009-08-07,764.83,796.82,810.07,756.94,0.67480672,5.4541645636
850122,2009-08-10,761.47,767.63,780.48,743.96,0.56624782,4.6863664684
850122,2009-08-11,763.77,761.04,775.15,750.96,0.51874049,4.0860993412
850122,2009-08-12,711.49,754.46,760.36,705.98,0.54737936,4.483539376
850122,2009-08-13,704.13,708.24,719.9,683.33,0.58026804,4.2357348054
850122,2009-08-14,679.2,701.99,712.49,670.76,0.53811626,3.8738425912
850122,2009-08-17,652.96,671.6,682.82,646.97,0.43359079,3.154942684
850122,2009-08-18,671.42,642.46,676.57,633.85,0.47238233,3.1359843948000004
850122,2009-08-19,652.2,667.94,687.09,630.0,0.61792452,4.0634404319
850122,2009-08-20,671.42,648.7,679.13,637.15,0.50757017,3.4743465827999995
850122,2009-08-21,686.77,667.36,693.24,657.31,0.64114827,4.462513219
850122,2009-08-24,687.63,687.51,697.79,671.98,0.62389359,4.3556844163
850122,2009-08-25,666.32,685.21,690.0,646.89,0.70883263,4.4749565861
850122,2009-08-26,708.55,659.46,718.0,655.61,0.88966222,6.5392778598
850122,2009-08-27,716.73,711.15,733.31,691.83,0.8756717,6.75242834
850122,2009-08-28,695.25,711.56,715.24,682.53,0.48328779,3.6120289499
850122,2009-08-31,654.3,686.21,692.53,651.47,0.42542395,3.2945920368
850122,2009-09-01,647.08,642.25,662.74,632.44,0.35389215,2.5741017731999998
850122,2009-09-02,641.55,644.22,653.43,631.31,0.33302484,2.0591673816
850122,2009-09-03,669.48,643.78,671.31,639.4,0.4341863,2.8439486556
850122,2009-09-04,688.3,666.35,700.02,661.71,0.5415868,3.8878423294999997
850122,2009-09-07,703.31,693.39,713.07,685.62,0.7060335,5.4222351086
850122,2009-09-08,710.71,702.48,723.79,693.04,0.68285533,4.7294224154
850122,2009-09-09,716.88,709.06,727.68,695.5,0.59750967,4.6153426313
850122,2009-09-10,705.82,712.82,719.32,695.16,0.46202078,3.6690752982999997
850122,2009-09-11,712.37,700.96,721.95,698.37,0.40004544,3.1865127508
850122,2009-09-14,740.23,715.28,748.26,714.23,0.71933919,5.630896398099999
850122,2009-09-15,742.22,739.48,750.08,727.81,0.65925059,4.8548474868
850122,2009-09-16,732.06,741.61,746.74,722.41,0.63630148,4.5609104097
850122,2009-09-17,747.34,733.45,752.74,730.81,0.64901828,4.5640129879
850122,2009-09-18,721.7,747.8,760.87,708.16,0.70485371,5.1746776930000005
850122,2009-09-21,727.61,708.73,729.71,696.52,0.42445049,3.0739098887000003
850122,2009-09-22,702.22,729.33,733.48,701.81,0.41608361,3.0185404764999997
850122,2009-09-23,682.85,700.82,710.57,670.42,0.39314146,2.8982014339999997
850122,2009-09-24,676.45,676.67,689.16,657.06,0.38602389,2.6055383789
850122,2009-09-25,681.21,675.37,689.57,666.88,0.25287033,1.691012819
850122,2009-09-28,662.77,682.18,691.92,653.94,0.21027623,1.4544119854
850122,2009-09-29,649.37,662.18,670.95,638.33,0.2189767,1.4491855927000001
850122,2009-09-30,652.84,655.93,667.81,649.01,0.17449913,1.1688193185
850122,2009-10-09,681.67,664.02,685.05,660.83,0.27560184,1.8864064318
850122,2009-10-12,701.03,683.77,716.25,679.27,0.50642466,3.4870444906
850122,2009-10-13,720.56,699.3,724.7,695.63,0.76292267,4.745325669
850122,2009-10-14,727.14,724.22,739.68,716.73,0.81318674,5.8584978999
850122,2009-10-15,722.44,731.81,743.15,711.43,0.63608096,4.352166175
850122,2009-10-16,720.21,724.08,728.46,705.29,0.47708465,3.2258742793
850122,2009-10-19,734.2,719.73,736.38,709.63,0.61222386,4.1584993675
850122,2009-10-20,744.9,735.77,750.44,726.64,0.97037947,6.687278904299999
850122,2009-10-21,730.32,746.11,753.79,726.37,0.78705968,5.6803975306
850122,2009-10-22,741.92,727.31,753.55,723.77,0.58558638,4.423910309
850122,2009-10-23,749.59,742.88,755.76,738.04,0.64318027,4.9694694211
850122,2009-10-26,745.63,748.19,755.91,725.55,0.46676608,3.7375027693000002
850122,2009-10-27,722.41,736.17,743.28,717.57,0.56419133,4.0409381693
850122,2009-10-28,730.66,719.3,734.78,712.35,0.44469606,3.1126047149000002
850122,2009-10-29,711.61,721.27,727.26,706.98,0.4835602,3.2513323418
850122,2009-10-30,727.52,720.46,744.03,713.97,0.62706651,4.5076401086
850122,2009-11-02,767.68,715.33,771.63,708.45,0.7078078,5.9698531724
850122,2009-11-03,785.82,768.02,790.89,761.29,0.64930144,5.9130579427
850122,2009-11-04,795.62,786.32,804.69,779.12,0.71792965,6.411274429
850122,2009-11-05,803.27,794.2,809.62,786.0,0.84225008,6.4756905543
850122,2009-11-06,803.14,804.64,820.9,794.12,0.86562164,6.654056876
850122,2009-11-09,818.65,806.64,829.28,791.27,0.97751984,7.9105050059
850122,2009-11-10,825.95,818.47,839.23,809.49,0.8806146,7.2881287565
850122,2009-11-11,856.3,824.64,870.7,815.83,1.56565795,11.797867057000001
850122,2009-11-12,857.77,857.16,888.76,844.89,1.44482337,11.0789449892
850122,2009-11-13,855.6,855.0,869.18,832.42,1.13162779,8.7272073948
850122,2009-11-16,859.07,856.53,877.39,847.27,1.19323589,9.3744041157
850122,2009-11-17,853.55,858.47,870.82,842.11,0.84616312,6.894530026799999
850122,2009-11-18,871.54,855.76,876.9,841.42,0.89760471,8.0002349362
850122,2009-11-19,892.99,869.16,907.31,861.19,1.42471657,13.4232479671
850122,2009-11-20,899.13,886.6,920.83,878.35,1.39492933,14.016822814500001
850122,2009-11-23,943.67,896.18,948.12,885.09,1.54751883,14.318430008599998
850122,2009-11-24,913.22,944.21,981.72,893.63,2.08619005,21.2720097009
850122,2009-11-25,966.54,909.14,972.83,893.46,1.55837801,15.8380436352
850122,2009-11-26,911.72,963.21,979.79,891.04,1.61780939,16.1596253343
850122,2009-11-27,861.7,892.71,906.81,847.94,1.14642098,10.7313888115
850122,2009-11-30,908.58,872.72,914.02,867.63,1.20588704,10.890485978
850122,2009-12-01,941.12,909.32,952.5,899.9,1.32467787,12.5205409772
850122,2009-12-02,938.71,940.06,954.49,923.24,1.00790435,10.000113366699999
850122,2009-12-03,946.07,936.21,962.35,922.19,0.80939789,8.4721711837
850122,2009-12-04,914.32,947.54,965.28,890.56,0.99029703,10.1975014485
850122,2009-12-07,930.73,913.18,943.98,908.07,0.55212409,5.6574751572
850122,2009-12-08,919.77,932.05,939.03,908.83,0.5892244,6.0367631404
850122,2009-12-09,912.6,909.9,928.0,898.97,0.43796307,4.496866637799999
850122,2009-12-10,916.09,917.22,927.28,900.04,0.3215896,3.2483186148
850122,2009-12-11,941.4,919.56,953.93,910.61,0.7174621,8.3034223766
850122,2009-12-14,926.28,934.51,945.81,906.34,0.43911281,4.400743428999999
850122,2009-12-15,923.52,919.25,941.46,907.75,0.43985933,3.9638632391
850122,2009-12-16,918.07,914.99,935.3,903.59,0.41999583,3.7659194931
850122,2009-12-17,887.96,911.52,926.61,877.91,0.46454496,4.0424590628
850122,2009-12-18,847.73,874.5,880.45,835.48,0.37830666,3.6962132466
850122,2009-12-21,884.97,850.18,902.17,843.71,0.36439581,4.1518359548
850122,2009-12-22,872.8,887.14,898.77,857.54,0.43991621,4.1860913136
850122,2009-12-23,912.81,873.52,925.06,864.47,0.49775709,5.9421600041
850122,2009-12-24,927.39,901.39,937.92,896.94,0.4727682,5.6723703663
850122,2009-12-25,934.66,922.33,950.79,912.41,0.39638236,3.4958325595999997
850122,2009-12-28,943.91,941.5,951.48,925.47,0.39274376,4.5987049392
850122,2009-12-29,964.01,942.17,975.6,928.29,0.46122449,6.2182425719
850122,2009-12-30,946.98,967.82,973.27,932.42,0.51100486,5.819689557699999
850122,2009-12-31,950.16,944.85,959.07,929.86,0.36435329,3.9247530845
850122,2010-01-04,961.46,960.98,996.33,954.54,0.76150556,8.279469815599999
850122,2010-01-05,968.35,958.77,977.21,933.25,0.62011418,6.5576862251
850122,2010-01-06,948.3,962.77,974.26,944.47,0.39210284,4.4083199188
850122,2010-01-07,927.19,946.14,956.21,909.29,0.51050098,5.6288708087
850122,2010-01-08,931.72,920.25,938.82,913.62,0.28335753,3.2579157703
850122,2010-01-11,928.1,934.59,945.53,913.96,0.43953281,4.5245194015
850122,2010-01-12,958.66,928.46,962.54,922.53,0.68012689,7.167056649
850122,2010-01-13,954.8,938.66,978.09,932.63,0.68632943,7.2043583714
850122,2010-01-14,977.11,954.38,985.0,946.76,0.63070405,7.1585244192
850122,2010-01-15,978.24,981.12,990.24,965.32,0.47926998,5.2703135242000005
850122,2010-01-18,1009.81,980.21,1018.01,968.77,0.78987301,9.3989359828
850122,2010-01-19,1024.59,1014.64,1043.92,1000.32,0.88874437,10.646745429800001
850122,2010-01-20,1001.75,1027.72,1048.6,988.17,1.07423198,11.0968647741
850122,2010-01-21,1003.3,1001.45,1020.14,978.89,0.56993452,5.800068720900001
850122,2010-01-22,973.09,993.84,1004.43,944.55,0.52962827,5.7447437713
850122,2010-01-25,972.93,960.32,991.84,953.44,0.33602397,3.5174444041000004
850122,2010-01-26,932.59,975.42,985.12,926.06,0.37524273,3.8156626953
850122,2010-01-27,926.67,931.83,948.78,905.58,0.31535199,3.3003749014999997
850122,2010-01-28,933.64,931.75,941.23,915.73,0.22547647,2.4065478986
850122,2010-01-29,946.5,925.85,961.54,920.15,0.35361607,3.834080994
850122,2010-02-01,949.78,957.46,977.52,938.49,0.42294529,4.3849430865
850122,2010-02-02,931.86,955.97,969.23,928.66,0.31301134,3.2795005416
850122,2010-02-03,926.97,934.81,944.85,889.98,0.35035352,3.6458997354
850122,2010-02-04,926.04,924.12,941.46,906.37,0.42484827,4.1998336645
850122,2010-02-05,894.03,911.08,914.77,885.57,0.33622061,3.6922464496
850122,2010-02-08,922.71,894.64,936.12,890.07,0.27578727,3.3025540831
850122,2010-02-09,922.11,925.44,933.49,905.43,0.20304573,2.3386992502
850122,2010-02-10,927.58,922.33,934.68,914.32,0.19452112,2.2114969475999997
850122,2010-02-11,937.85,927.75,948.76,921.23,0.24002084,3.0842508563999997
850122,2010-02-12,948.87,939.51,957.57,930.29,0.24074061,3.0224846025
850122,2010-02-22,970.59,950.4,981.21,946.12,0.35867254,4.6448376282999995
850122,2010-02-23,1019.84,996.48,1025.52,977.81,0.61001981,11.8139355004
850122,2010-02-24,1026.4,1016.78,1034.86,1001.47,0.50445473,8.665823987000001
850122,2010-02-25,1041.94,1026.46,1053.23,1018.49,0.5174065,7.9179274364
850122,2010-02-26,1035.48,1039.08,1052.95,1022.61,0.5335138,7.2307762632
850122,2010-03-01,1046.87,1038.6,1057.55,1032.46,0.44255231,6.0625202065999995
850122,2010-03-02,1054.21,1041.72,1065.82,1029.53,0.39847076,6.2048338959
850122,2010-03-03,1098.99,1049.52,1105.44,1041.53,0.90299951,12.135127983299999
850122,2010-03-04,1058.87,1100.83,1120.81,1049.26,0.8963583,12.322827628199999
850122,2010-03-05,1057.89,1053.24,1081.0,1042.85,0.50519413,7.1072026610000005
850122,2010-03-08,1052.22,1052.11,1067.38,1039.49,0.35871327,4.5800520014999995
850122,2010-03-09,1054.92,1042.88,1063.14,1036.83,0.42214272,4.5503015197000005
850122,2010-03-10,1036.86,1050.15,1063.41,1021.54,0.3709343,4.6068974861
850122,2010-03-11,1037.27,1031.48,1046.19,1014.48,0.2814377,3.4496624827
850122,2010-03-12,1027.24,1031.78,1048.41,1017.11,0.26554541,3.2516725444
850122,2010-03-15,1022.88,1023.13,1036.36,1007.82,0.34862318,3.7113874788
850122,2010-03-16,1033.79,1020.28,1037.32,1011.9,0.43643695,4.2569378867
850122,2010-03-17,1051.31,1033.71,1061.43,1026.98,0.56686639,6.2917693951
850122,2010-03-18,1056.17,1046.15,1062.69,1039.02,0.5253193,5.3234564425999995
850122,2010-03-19,1063.18,1049.66,1071.05,1043.5,0.36914647,4.4821504332
850122,2010-03-22,1064.97,1058.34,1074.47,1049.27,0.3908302,4.5448631468
850122,2010-03-23,1065.75,1055.65,1076.42,1051.74,0.31832405,3.046491318
850122,2010-03-24,1112.99,1079.22,1120.08,1071.57,0.55798049,9.7211377598
850122,2010-03-25,1105.72,1106.71,1136.68,1080.62,0.45558009,9.0140454567
850122,2010-03-26,1098.37,1094.71,1103.75,1070.3,0.28380103,4.9219932775
850122,2010-03-29,1089.74,1089.18,1103.39,1068.34,0.30473575,5.2919951066
850122,2010-03-30,1090.21,1085.92,1103.08,1076.14,0.2683979,4.0500240885
850122,2010-03-31,1093.75,1083.32,1102.13,1075.56,0.29337693,4.6741273167
850122,2010-04-01,1104.27,1089.45,1111.08,1082.33,0.40998291,5.5276155243
850122,2010-04-02,1108.64,1103.78,1118.47,1089.83,0.48251695,6.0664360439
850122,2010-04-06,1128.05,1117.23,1151.44,1095.56,1.40441322,15.0358724888
850122,2010-04-07,1112.22,1118.42,1127.61,1096.96,0.72269442,8.8268253238
850122,2010-04-08,1118.65,1110.19,1131.69,1099.24,0.60738395,7.1532839994
850122,2010-04-09,1171.63,1130.59,1181.28,1123.75,0.81271289,13.095388997799999
850122,2010-04-12,1173.23,1170.75,1191.17,1143.38,0.83574572,11.596238395699999
850122,2010-04-13,1152.25,1174.49,1188.17,1101.86,0.71420588,10.5668550182
850122,2010-04-14,1185.72,1151.96,1198.56,1137.28,0.56337126,8.8898051454
850122,2010-04-15,1195.62,1185.03,1234.72,1168.85,0.63309907,11.941496644
850122,2010-04-16,1217.0,1183.36,1239.48,1159.39,0.95088471,13.537042095699999
850122,2010-04-19,1168.72,1202.31,1228.31,1163.26,0.99014465,12.3985429392
850122,2010-04-20,1163.94,1167.67,1199.48,1127.16,0.84741776,11.3950834379
850122,2010-04-21,1220.79,1161.58,1229.28,1146.27,0.86426918,12.1156066073
850122,2010-04-22,1218.67,1220.51,1242.52,1188.53,0.99553828,13.094365461199999
850122,2010-04-23,1207.9,1214.03,1239.76,1193.99,0.76483823,10.0858761118
850122,2010-04-26,1201.6,1208.3,1227.71,1183.07,0.44151558,5.9956079993
850122,2010-04-27,1172.43,1202.45,1212.33,1143.41,0.45657518,6.1543451286
850122,2010-04-28,1160.98,1155.63,1183.17,1136.02,0.47288876,5.526863087000001
850122,2010-04-29,1141.21,1165.41,1197.25,1134.31,0.45855431,6.0952091417
850122,2010-04-30,1112.58,1142.6,1152.94,1080.16,0.45840803,5.6463652971
850122,2010-05-04,1114.98,1095.68,1140.2,1081.59,0.29826593,3.6600516982999998
850122,2010-05-05,1140.47,1102.89,1157.0,1091.1,0.38420148,3.5934529389
850122,2010-05-06,1138.49,1158.0,1193.19,1133.37,0.49591446,7.0710488436
850122,2010-05-07,1149.41,1105.54,1171.86,1087.4,0.50647943,6.3546475645000005
850122,2010-05-10,1137.93,1132.01,1172.96,1090.82,0.35689,4.3580535284
850122,2010-05-11,1089.1,1151.19,1160.75,1083.68,0.49582855,5.5319574342
850122,2010-05-12,1027.95,1077.6,1095.82,1008.76,0.36612563,4.3477159589
850122,2010-05-13,1042.44,1017.19,1049.88,977.18,0.48660157,5.3905417021
850122,2010-05-14,1036.33,1033.57,1058.81,1012.26,0.32449479,3.8005810962
850122,2010-05-17,976.68,1019.31,1034.36,969.61,0.34600824,3.7527338975
850122,2010-05-18,969.93,969.47,988.44,916.92,0.4106258,4.1427948535
850122,2010-05-19,969.35,965.0,995.38,937.65,0.27914555,3.3414121809
850122,2010-05-20,947.38,968.14,986.03,938.85,0.29833956,3.0860498758999997
850122,2010-05-21,966.78,914.26,974.1,903.11,0.30256076,3.3211579812
850122,2010-05-24,1008.83,977.55,1021.65,969.99,0.43523706,4.9828943031
850122,2010-05-25,991.84,1004.46,1016.66,977.92,0.34730137,3.9896165108
850122,2010-05-26,995.18,990.68,1013.8,982.55,0.24902469,2.5355042245
850122,2010-05-27,1016.58,996.73,1020.03,977.85,0.4806374,4.6504538997000004
850122,2010-05-28,1021.68,1031.12,1044.48,1006.02,0.43058822,4.2781859944
850122,2010-05-31,995.41,1012.63,1034.39,984.55,0.4721752,4.4553871637
850122,2010-06-01,965.65,977.94,1000.29,946.93,0.21575691,2.4836223809
850122,2010-06-02,979.97,964.46,989.33,948.01,0.16845936,1.8013514819
850122,2010-06-03,987.51,983.21,1023.95,973.12,0.252931,3.0228674106
850122,2010-06-04,994.3,980.23,1008.28,968.36,0.1605193,2.0772383173
850122,2010-06-07,981.34,970.78,1001.62,952.73,0.24001779,2.7517648529
850122,2010-06-08,1022.17,972.01,1025.68,967.39,0.41398711,7.1333855248
850122,2010-06-09,1045.35,1026.8,1068.22,1016.23,0.43123756,7.609332176100001
850122,2010-06-10,1064.11,1030.08,1080.45,1024.51,0.44778172,6.8299063335
850122,2010-06-11,1055.81,1061.0,1087.7,1038.72,0.58427653,6.239050431
850122,2010-06-17,1048.21,1057.18,1081.49,1044.94,0.29254981,3.9058567453
850122,2010-06-18,990.03,1041.89,1049.69,979.51,0.31614725,4.15109656
850122,2010-06-21,1053.45,989.4,1056.56,984.86,0.29330365,4.5270767744
850122,2010-06-22,1053.7,1051.67,1066.09,1036.45,0.29779914,4.2368664323
850122,2010-06-23,1060.71,1051.61,1070.21,1030.36,0.32270203,5.5425445361
850122,2010-06-24,1053.06,1056.73,1069.41,1043.81,0.23959198,3.6389800436
850122,2010-06-25,1033.93,1047.33,1062.35,1026.89,0.22130446,3.1710682416000004
850122,2010-06-28,1017.78,1033.35,1053.18,1006.69,0.24436171,3.0929886966000004
850122,2010-06-29,963.38,1018.79,1032.43,959.02,0.33183734,4.3280803575
850122,2010-06-30,959.36,954.13,976.53,922.41,0.25584181,3.3653156438
850122,2010-07-01,952.53,952.45,977.63,938.19,0.23097891,2.8117042117
850122,2010-07-02,927.66,936.54,954.23,890.02,0.26217656,3.1636440199
850122,2010-07-05,917.0,919.59,936.12,894.68,0.23346889,2.4640449774
850122,2010-07-06,953.1,915.9,966.83,914.03,0.31732076,3.6858955728
850122,2010-07-07,963.91,958.26,968.85,943.05,0.24323699,2.9302684494
850122,2010-07-08,987.13,975.93,1014.59,969.65,0.28529324,4.4334957983
850122,2010-07-09,1005.71,983.69,1017.9,974.92,0.31754261,4.3579180905
850122,2010-07-12,1010.57,1005.27,1022.78,994.78,0.29392887,4.1081961997
850122,2010-07-13,1025.84,1003.66,1045.85,989.12,0.44831262,7.9608634096
850122,2010-07-14,1019.85,1022.4,1041.35,1006.65,0.37409646,5.3801675384
850122,2010-07-15,987.42,1013.07,1028.78,979.67,0.35817536,5.033990084
850122,2010-07-16,994.23,978.65,1002.66,961.33,0.33899676,4.2138346257
850122,2010-07-19,1004.59,973.55,1017.89,951.54,0.43132866,6.1470601716
850122,2010-07-20,1022.82,996.43,1031.08,987.09,0.56269123,9.0265490896
850122,2010-07-21,1023.71,1024.12,1049.57,1006.46,0.49572002,8.091307665
850122,2010-07-22,1032.21,1022.55,1045.53,1007.54,0.52913656,8.435600603200001
850122,2010-07-23,1032.84,1029.26,1042.55,1012.71,0.45366815,6.6528247505
850122,2010-07-26,1089.3,1030.06,1098.16,1020.38,0.84234301,13.980070581400001
850122,2010-07-27,1080.96,1085.47,1099.79,1064.52,0.60366998,9.2280761485
850122,2010-07-28,1105.71,1078.96,1128.92,1074.7,0.61375769,10.4387172195
850122,2010-07-29,1115.26,1108.64,1127.87,1093.32,0.56946395,9.533696453
850122,2010-07-30,1104.87,1114.23,1122.19,1093.69,0.38444001,5.8500971239999995
850122,2010-08-02,1150.92,1110.77,1164.41,1104.63,0.71718401,11.0694563529
850122,2010-08-03,1133.14,1146.83,1164.79,1126.89,0.63030437,10.5993545133
850122,2010-08-04,1183.1,1131.43,1193.38,1124.61,0.80715597,13.8322240679
850122,2010-08-05,1220.0,1185.36,1250.87,1173.8,0.96035916,16.608012856400002
850122,2010-08-06,1283.19,1209.07,1298.32,1203.03,0.98643827,16.6250571264
850122,2010-08-09,1277.44,1285.22,1337.53,1261.15,1.08197789,20.405045154
850122,2010-08-10,1269.69,1276.34,1304.53,1234.97,0.83873549,16.2367129689
850122,2010-08-11,1255.02,1255.04,1275.26,1227.18,0.56988696,10.5530781999
850122,2010-08-12,1232.33,1238.87,1267.83,1221.92,0.5836313,10.2440212523
850122,2010-08-13,1252.67,1231.9,1258.7,1218.88,0.44275328,7.8953181601999995
850122,2010-08-16,1282.76,1249.57,1296.23,1238.42,0.6146745,11.23824329
850122,2010-08-17,1279.9,1283.12,1302.65,1264.97,0.55952161,8.3359698542
850122,2010-08-18,1290.07,1281.55,1305.89,1265.24,0.58357466,9.5761335077
850122,2010-08-19,1353.44,1291.36,1370.31,1283.73,0.99541391,19.2496991944
850122,2010-08-20,1309.3,1347.91,1359.79,1301.6,0.73165171,14.4123959831
850122,2010-08-23,1300.59,1297.27,1335.53,1287.05,0.56086691,10.0123873792
850122,2010-08-24,1308.63,1299.52,1329.53,1276.0,0.55658045,8.7156197074
850122,2010-08-25,1285.26,1302.0,1319.52,1277.09,0.50971076,8.2793042374
850122,2010-08-26,1309.29,1281.93,1326.73,1278.19,0.61246497,9.7770656627
850122,2010-08-27,1342.91,1306.04,1354.95,1295.14,0.57129245,11.9730015831
850122,2010-08-30,1380.97,1348.93,1394.19,1334.53,0.69275242,13.2656209401
850122,2010-08-31,1394.94,1373.44,1414.26,1355.22,0.73543915,13.047296248599999
850122,2010-09-01,1379.42,1397.65,1431.57,1348.37,0.80752615,15.7526236457
850122,2010-09-02,1408.47,1384.27,1430.17,1363.86,0.82806437,15.667297614
850122,2010-09-03,1397.22,1408.86,1446.92,1382.52,0.83244561,20.2754903527
850122,2010-09-06,1357.99,1396.62,1405.4,1348.17,0.74272443,13.3439708977
850122,2010-09-07,1426.05,1353.53,1435.86,1341.96,0.97174253,18.2281147908
850122,2010-09-08,1424.71,1418.14,1444.06,1396.24,0.90302305,16.6083639374
850122,2010-09-09,1411.47,1422.88,1458.83,1398.68,0.80057409,14.5473566169
850122,2010-09-10,1419.97,1406.9,1444.25,1377.87,0.56747749,12.7237761174
850122,2010-09-13,1474.65,1427.19,1506.14,1416.98,0.85326491,17.3949888968
850122,2010-09-14,1466.83,1474.41,1490.32,1452.26,0.5413753,11.488589666500001
850122,2010-09-15,1451.4,1464.8,1499.74,1437.62,0.57322588,9.9821129153
850122,2010-09-16,1409.61,1448.81,1463.44,1374.05,0.62053067,12.0770757978
850122,2010-09-17,1419.18,1406.78,1437.65,1383.61,0.39934485,7.4227765486
850122,2010-09-20,1423.76,1421.11,1462.52,1401.32,0.438941,8.8744054593
850122,2010-09-21,1411.95,1424.76,1438.74,1387.29,0.31762585,5.8579941464
850122,2010-09-27,1450.01,1415.77,1460.9,1406.86,0.46915145,7.8241245463
850122,2010-09-28,1465.14,1450.83,1485.71,1426.43,0.66565653,11.0626005798
850122,2010-09-29,1493.46,1464.88,1542.08,1449.54,0.63864177,14.4062042252
850122,2010-09-30,1513.42,1489.4,1530.36,1466.04,0.45865674,9.2022938699
850122,2010-10-08,1557.52,1522.39,1577.18,1505.99,0.69122992,13.5847119273
850122,2010-10-11,1616.49,1563.82,1683.42,1561.61,1.00370092,20.0702184799
850122,2010-10-12,1596.23,1607.76,1641.56,1573.91,0.72118135,15.069747343800001
850122,2010-10-13,1562.82,1593.75,1603.39,1531.41,0.73147208,14.8556960926
850122,2010-10-14,1483.01,1560.61,1579.83,1462.33,0.82820185,15.465629531700001
850122,2010-10-15,1461.34,1471.2,1531.15,1432.68,0.87303863,15.0644446272
850122,2010-10-18,1384.97,1454.72,1466.49,1347.75,0.93639773,14.916889275499999
850122,2010-10-19,1455.0,1387.56,1461.9,1382.29,0.59572619,10.14872605
850122,2010-10-20,1491.91,1430.63,1507.75,1412.74,0.64625011,11.3994009834
850122,2010-10-21,1502.69,1497.73,1530.78,1466.53,0.50084485,9.903238776
850122,2010-10-22,1508.46,1498.35,1523.03,1469.7,0.50667379,9.2759217416
850122,2010-10-25,1544.22,1511.06,1555.87,1495.29,0.66606612,12.181121418599998
850122,2010-10-26,1524.73,1543.01,1555.86,1504.66,0.67642319,9.882795974299999
850122,2010-10-27,1528.05,1525.85,1563.73,1506.95,0.60311757,12.934433444200002
850122,2010-10-28,1495.77,1521.07,1533.52,1476.36,0.57747101,13.3337471626
850122,2010-10-29,1525.1,1502.09,1538.11,1483.45,0.68290708,11.649584709
850122,2010-11-01,1549.53,1529.6,1561.3,1514.2,0.78412743,13.4150589402
850122,2010-11-02,1555.0,1560.39,1614.81,1545.33,0.91335955,17.1928992065
850122,2010-11-03,1647.41,1551.52,1678.17,1530.6,1.98378027,34.30124793
850122,2010-11-04,1672.78,1641.96,1717.81,1610.06,1.64300123,29.268010591
850122,2010-11-05,1667.49,1669.65,1707.89,1638.45,1.09722776,18.2953763646
850122,2010-11-08,1757.41,1676.14,1773.78,1671.96,1.32611092,23.2864415524
850122,2010-11-09,1748.23,1759.94,1775.29,1718.01,0.84572887,13.709914706
850122,2010-11-10,1737.85,1746.65,1814.84,1716.98,0.97283889,17.7257345669
850122,2010-11-11,1718.07,1733.71,1765.71,1707.03,0.92188116,15.6175963458
850122,2010-11-12,1617.86,1716.59,1750.19,1605.15,0.95796928,16.8574426822
850122,2010-11-15,1683.6,1617.66,1688.36,1611.36,0.61510701,10.493549312799999
850122,2010-11-16,1644.86,1690.16,1730.2,1615.47,0.9554838,15.0998522569
850122,2010-11-17,1530.13,1624.25,1653.84,1518.36,0.75749897,11.724770906400002
850122,2010-11-18,1552.26,1537.27,1571.25,1464.21,0.46879202,7.973753825299999
850122,2010-11-19,1576.13,1558.95,1592.44,1519.43,0.51364744,8.390178152899999
850122,2010-11-22,1617.94,1570.47,1642.95,1547.98,0.66287904,11.259228016
850122,2010-11-23,1605.88,1610.55,1631.07,1552.97,0.60629924,9.0533656402
850122,2010-11-24,1621.35,1586.92,1633.45,1576.68,0.48737912,8.140759876
850122,2010-11-25,1628.2,1630.22,1646.98,1606.87,0.44092321,7.302006650499999
850122,2010-11-26,1611.45,1625.47,1646.98,1593.61,0.40948606,6.7245730592
850122,2010-11-29,1567.75,1611.17,1616.2,1553.46,0.47993039,7.9241503482
850122,2010-11-30,1525.09,1561.71,1587.27,1462.53,0.54286172,8.288888565
850122,2010-12-01,1537.07,1524.29,1547.64,1492.85,0.30750735,4.6217937974000005
850122,2010-12-02,1536.22,1549.78,1558.57,1509.94,0.29497105,4.0072672032
850122,2010-12-03,1541.43,1537.18,1559.69,1517.57,0.19284821,3.6824545829
850122,2010-12-06,1515.25,1554.05,1566.17,1499.21,0.32081794,4.2091951099000005
850122,2010-12-07,1517.97,1501.41,1526.97,1465.72,0.25955245,4.078891184
850122,2010-12-08,1516.98,1520.62,1545.71,1507.23,0.26451001,4.1867483
850122,2010-12-09,1474.34,1516.91,1525.32,1469.14,0.25236404,3.6253421526999996
850122,2010-12-10,1486.55,1469.81,1499.52,1451.51,0.19245088,3.0322129447000004
850122,2010-12-13,1523.76,1495.55,1538.6,1491.72,0.33356747,5.3242173765
850122,2010-12-14,1599.98,1524.96,1606.19,1511.09,0.5118798,9.5649150819
850122,2010-12-15,1589.34,1601.17,1634.41,1582.53,0.44613069,8.2442895941
850122,2010-12-16,1576.69,1582.16,1602.98,1561.35,0.31145549,4.9228369233
850122,2010-12-17,1584.57,1571.2,1601.87,1562.37,0.24363497,4.288101478
850122,2010-12-20,1613.2,1598.59,1620.95,1551.28,0.60584267,12.502454638900002
850122,2010-12-21,1605.75,1619.32,1627.07,1573.74,0.37969696,7.8370147121
850122,2010-12-22,1577.58,1602.94,1615.78,1565.53,0.32385605,6.517639786599999
850122,2010-12-23,1526.93,1574.88,1587.11,1521.21,0.26372392,5.7872338662
850122,2010-12-24,1474.08,1513.93,1527.82,1456.56,0.2972492,5.9569134107
850122,2010-12-27,1427.66,1471.04,1503.27,1411.85,0.30386724,5.1770604195
850122,2010-12-28,1391.63,1427.12,1435.35,1370.88,0.28515131,4.5000284128
850122,2010-12-29,1439.96,1388.97,1446.2,1380.75,0.21527961,3.7349148716000005
850122,2010-12-30,1431.35,1438.82,1448.63,1405.4,0.19608809,3.6916718038
850122,2010-12-31,1480.95,1440.77,1485.22,1437.88,0.22935056,4.2188565432
850122,2011-01-04,1495.42,1478.07,1503.66,1463.64,0.32340687,5.4831300348
850122,2011-01-05,1480.19,1491.01,1500.57,1462.37,0.23895029,4.11155287
850122,2011-01-06,1448.21,1481.81,1483.38,1439.65,0.22796718,3.9962710935000003
850122,2011-01-07,1448.43,1453.6,1474.26,1426.24,0.28587279,4.6413278255
850122,2011-01-10,1425.73,1450.74,1469.07,1410.94,0.27633006,4.3019236058
850122,2011-01-11,1406.23,1416.84,1434.23,1381.59,0.28160291,3.9460174807
850122,2011-01-12,1421.78,1408.27,1430.1,1396.85,0.23852208,2.9247642754000003
850122,2011-01-13,1437.99,1423.0,1450.8,1411.94,0.1930646,3.4414772401
850122,2011-01-14,1388.11,1438.2,1442.75,1379.3,0.27887351,3.9160892968
850122,2011-01-17,1308.05,1370.12,1376.0,1298.49,0.26960678,3.9815220785000003
850122,2011-01-18,1299.83,1306.14,1322.34,1282.93,0.14744351,2.2702730231
850122,2011-01-19,1331.75,1304.27,1333.38,1296.17,0.16203229,2.6325114043999998
850122,2011-01-20,1322.58,1335.47,1365.53,1308.0,0.26412485,4.1350104697
850122,2011-01-21,1314.2,1315.78,1332.44,1289.19,0.23409522,3.3512698085
850122,2011-01-24,1258.6,1311.6,1322.49,1252.72,0.23595022,3.4572220669
850122,2011-01-25,1253.24,1259.5,1274.97,1218.63,0.18423809,2.5550897602
850122,2011-01-26,1264.0,1251.55,1281.93,1246.02,0.19858166,2.4341887492
850122,2011-01-27,1299.42,1266.65,1306.85,1250.79,0.23917995,3.2465313936
850122,2011-01-28,1327.98,1295.58,1337.26,1289.36,0.33519119,3.682862053
850122,2011-01-31,1337.49,1326.22,1345.03,1313.92,0.24932563,2.9794101925
850122,2011-02-01,1333.66,1336.52,1358.42,1320.91,0.20051733,2.7725680297000004
850122,2011-02-09,1345.31,1321.46,1391.76,1312.34,0.33857924,5.0124897
850122,2011-02-10,1378.01,1352.76,1390.81,1348.32,0.3654341,5.042148703600001
850122,2011-02-11,1382.68,1378.17,1400.28,1363.06,0.35836434,4.8190227365
850122,2011-02-14,1398.68,1386.23,1404.48,1375.4,0.46733746,6.23477847
850122,2011-02-15,1395.08,1401.02,1420.48,1385.69,0.47107946,6.3420053585
850122,2011-02-16,1416.34,1390.74,1422.94,1378.63,0.46990261,7.1811518384
850122,2011-02-17,1422.88,1423.1,1439.28,1400.52,0.40823402,6.402704750700001
850122,2011-02-18,1402.09,1423.66,1428.93,1393.58,0.39293799,5.7896538973
850122,2011-02-21,1418.71,1395.22,1431.82,1384.88,0.47250038,7.1485773267
850122,2011-02-22,1424.34,1421.04,1461.39,1399.65,0.69376368,10.9846101598
850122,2011-02-23,1416.71,1421.58,1438.23,1394.88,0.40876812,6.0728735015
850122,2011-02-24,1413.3,1409.2,1430.89,1395.86,0.32661152,4.4591379354
850122,2011-02-25,1444.42,1413.32,1458.18,1400.24,0.5132967,7.4846742672
850122,2011-02-28,1451.5,1450.78,1467.91,1431.35,0.4109203,5.4324635507000005
850122,2011-03-01,1451.44,1452.63,1469.97,1433.48,0.45161019,6.7398150159000005
850122,2011-03-02,1446.85,1450.96,1465.63,1423.36,0.49225615,7.1338411914
850122,2011-03-03,1421.04,1449.43,1475.65,1407.83,0.76754822,9.4457704072
850122,2011-03-04,1434.61,1420.59,1444.54,1407.98,0.47282087,6.2451520014
850122,2011-03-07,1442.22,1428.58,1452.61,1418.34,0.32285856,4.1224993323
850122,2011-03-08,1453.97,1453.08,1479.93,1426.8,0.6115324,9.4929975428
850122,2011-03-09,1450.64,1454.12,1472.48,1431.81,0.53551258,7.6990691705
850122,2011-03-10,1454.62,1455.31,1483.99,1440.83,0.52427153,7.2051471221000005
850122,2011-03-11,1444.65,1445.89,1468.63,1437.28,0.37152326,5.3054363944
850122,2011-03-14,1411.74,1432.04,1441.64,1387.11,0.54603095,8.8434533377
850122,2011-03-15,1371.64,1409.76,1417.23,1346.75,0.69488556,10.6852962283
850122,2011-03-16,1394.8,1368.12,1400.73,1361.19,0.51650175,8.934445716499999
850122,2011-03-17,1380.34,1385.24,1417.15,1328.86,1.25649368,15.733814165
850122,2011-03-18,1382.69,1380.65,1399.24,1349.37,0.82865083,10.1680447548
850122,2011-03-21,1386.22,1381.82,1414.78,1367.12,0.60383308,7.676185006799999
850122,2011-03-22,1376.33,1386.74,1397.28,1355.7,0.35409165,4.7851547757
850122,2011-03-23,1384.46,1375.67,1397.54,1357.03,0.4105273,5.3439723082
850122,2011-03-24,1379.34,1384.72,1395.58,1368.74,0.34074141,4.5053794953
850122,2011-03-25,1380.51,1381.03,1395.08,1367.15,0.29205697,3.9450175958
850122,2011-03-28,1366.63,1379.7,1397.29,1346.3,0.62671345,9.1266186743
850122,2011-03-29,1332.58,1349.88,1370.46,1314.1,0.87399117,11.5976373414
850122,2011-03-30,1323.12,1332.05,1354.1,1313.9,0.55541261,7.0483315311000005
850122,2011-03-31,1324.38,1322.76,1346.71,1307.32,0.50887779,6.217886935
850122,2011-04-01,1347.17,1328.45,1354.84,1309.69,0.45596673,5.8101207074
850122,2011-04-06,1337.59,1352.43,1377.15,1285.62,1.28959731,16.4186531283
850122,2011-04-07,1355.74,1332.63,1383.33,1297.62,1.00265435,10.7868129749
850122,2011-04-08,1351.59,1357.26,1371.07,1327.27,0.84883929,10.1216225533
850122,2011-04-11,1356.65,1350.79,1387.91,1326.42,0.92838432,11.8929857621
850122,2011-04-12,1354.72,1348.75,1376.27,1333.63,0.63942361,7.7855017473000006
850122,2011-04-13,1356.39,1348.68,1367.3,1336.94,0.47020516,5.5881318828
850122,2011-04-14,1403.17,1364.36,1422.86,1355.46,0.73740425,11.361022304
850122,2011-04-15,1408.54,1417.31,1436.94,1374.78,1.14862265,16.2144565635
850122,2011-04-18,1393.79,1397.84,1416.58,1372.24,0.62889903,8.2360008472
850122,2011-04-19,1402.99,1379.55,1419.3,1366.2,0.66825231,9.1529048379
850122,2011-04-20,1406.02,1404.42,1430.46,1389.84,0.51847721,7.964708373400001
850122,2011-04-21,1396.73,1407.42,1416.27,1383.72,0.43082983,6.148140050299999
850122,2011-04-22,1412.92,1394.43,1433.26,1368.61,0.88452747,10.653487952999999
850122,2011-04-25,1387.06,1404.91,1420.15,1369.02,0.63657804,7.9705366192
850122,2011-04-26,1352.29,1374.39,1397.29,1336.46,0.50638322,6.1310723537000005
850122,2011-04-27,1346.87,1348.2,1379.65,1324.82,0.59211596,6.801711768300001
850122,2011-04-28,1281.22,1351.45,1362.47,1274.41,0.6218952,6.7793081238
850122,2011-04-29,1295.61,1278.99,1304.69,1261.28,0.35658004,3.7790420883999998
850122,2011-05-03,1308.4,1299.17,1316.88,1280.96,0.28324474,3.1519710442
850122,2011-05-04,1285.81,1310.95,1329.56,1274.26,0.33615235,4.2820215316
850122,2011-05-05,1316.09,1285.72,1332.16,1272.72,0.40550474,6.1332855237
850122,2011-05-06,1311.8,1303.51,1327.35,1289.48,0.22959888,3.2768106728
850122,2011-05-09,1314.4,1307.59,1331.26,1298.38,0.25109707,3.4357945342000002
850122,2011-05-10,1336.02,1316.75,1346.05,1305.77,0.37017409,5.6237564221000005
850122,2011-05-11,1334.64,1335.8,1353.95,1313.5,0.41815554,4.9682928151
850122,2011-05-12,1305.32,1328.43,1336.8,1301.61,0.38145394,4.8528933604
850122,2011-05-13,1317.96,1302.64,1328.68,1290.92,0.32698393,3.9349105272000005
850122,2011-05-16,1304.53,1312.01,1322.22,1293.99,0.21637492,2.7197139601
850122,2011-05-17,1296.44,1300.54,1316.56,1280.96,0.29150852,3.5371750248000002
850122,2011-05-18,1309.64,1293.34,1321.65,1285.1,0.33061788,3.1666869762
850122,2011-05-19,1324.83,1306.18,1348.74,1300.83,0.32778573,4.2251057417
850122,2011-05-20,1320.6,1320.51,1336.74,1302.76,0.34848823,3.7695056979
850122,2011-05-23,1262.88,1314.73,1323.48,1259.32,0.50350858,5.2060012067
850122,2011-05-24,1257.32,1255.82,1274.81,1227.99,0.38063393,4.2088112073
850122,2011-05-25,1241.94,1257.08,1269.42,1233.76,0.24903278,2.7223988899
850122,2011-05-26,1242.01,1246.07,1274.39,1228.79,0.4443453,4.6468470449
850122,2011-05-27,1222.48,1248.19,1261.78,1210.05,0.69249599,7.046239744
850122,2011-05-30,1226.86,1213.23,1248.89,1192.41,0.54681925,5.6431291681
850122,2011-05-31,1239.77,1221.43,1248.1,1203.9,0.52852766,5.5217730362
850122,2011-06-01,1248.61,1236.77,1265.33,1217.73,0.59694428,6.6175053892
850122,2011-06-02,1225.38,1228.98,1244.34,1203.22,0.37787244,4.1651375738
850122,2011-06-03,1251.85,1223.77,1265.72,1217.48,0.41618464,5.1467289394
850122,2011-06-07,1256.04,1244.07,1267.38,1237.48,0.36588625,4.2178921097
850122,2011-06-08,1263.11,1258.79,1273.96,1234.92,0.40582834,4.6732277818
850122,2011-06-09,1230.5,1258.09,1267.8,1224.13,0.41672631,4.7511927191000005
850122,2011-06-10,1231.67,1228.8,1242.87,1209.93,0.35146719,3.8692289419
850122,2011-06-13,1231.94,1224.08,1240.67,1210.95,0.25006106,2.6500906413
850122,2011-06-14,1249.41,1232.38,1257.02,1227.3,0.30549781,3.69860813
850122,2011-06-15,1240.86,1244.21,1268.4,1229.22,0.44899686,4.6191049452
850122,2011-06-16,1219.04,1228.03,1243.58,1210.5,0.33333237,3.3773083319
850122,2011-06-17,1207.57,1215.14,1234.55,1200.71,0.21079458,2.1964577726
850122,2011-06-20,1179.3,1202.81,1214.89,1167.86,0.26859759,2.8838588936000003
850122,2011-06-21,1184.95,1185.71,1199.24,1159.4,0.23944018,2.7446161458
850122,2011-06-22,1187.34,1184.62,1200.66,1171.56,0.25571037,2.7359336547
850122,2011-06-23,1203.57,1184.74,1208.84,1160.55,0.2528145,2.642727213
850122,2011-06-24,1236.84,1198.06,1255.18,1192.4,0.45723991,5.182415037
850122,2011-06-27,1256.93,1237.67,1264.91,1230.51,0.42113178,4.7019088434
850122,2011-06-28,1252.9,1256.78,1269.2,1236.37,0.23877299,2.9986076358
850122,2011-06-29,1233.13,1250.13,1264.08,1229.5,0.27923875,2.9599190575
850122,2011-06-30,1250.15,1235.7,1259.89,1230.27,0.1957743,2.4997469186
850122,2011-07-01,1254.84,1253.99,1274.97,1245.11,0.30429043,3.7380232719
850122,2011-07-04,1289.6,1258.56,1296.74,1251.05,0.34237443,4.9960992279
850122,2011-07-05,1300.16,1291.25,1314.46,1274.34,0.41628596,5.6844511383
850122,2011-07-06,1290.29,1291.94,1305.21,1275.25,0.39832777,4.9936077125
850122,2011-07-07,1311.8,1290.12,1327.73,1278.98,0.52247427,7.7525969834
850122,2011-07-08,1306.99,1299.61,1325.34,1281.54,0.34662731,4.156408896
850122,2011-07-11,1338.1,1313.93,1347.35,1293.67,0.70977063,8.0768265689
850122,2011-07-12,1329.86,1332.27,1354.28,1316.96,0.91155356,10.7658776897
850122,2011-07-13,1363.44,1325.75,1378.64,1322.76,0.76076094,11.110278387300001
850122,2011-07-14,1374.1,1361.85,1385.78,1348.32,0.69929109,9.6221523074
850122,2011-07-15,1387.03,1370.74,1405.07,1359.69,0.83808202,11.2213740506
850122,2011-07-18,1410.95,1388.67,1424.61,1378.17,0.83153915,11.4982789214
850122,2011-07-19,1392.64,1403.28,1414.81,1376.69,0.61476859,8.726383495599999
850122,2011-07-20,1416.03,1395.34,1430.83,1385.21,0.81849051,11.374384511099999
850122,2011-07-21,1405.51,1412.87,1440.12,1393.29,0.68071301,9.6100322722
850122,2011-07-22,1393.61,1402.81,1425.14,1382.45,0.55530763,7.6866036058
850122,2011-07-25,1355.02,1386.31,1403.04,1324.16,0.71981203,9.5055118207
850122,2011-07-26,1348.1,1348.88,1367.11,1312.61,0.58384064,7.4696037765
850122,2011-07-27,1378.99,1337.48,1388.18,1322.61,0.56976989,7.5117405918
850122,2011-07-28,1394.79,1365.14,1416.35,1351.11,0.75245213,10.8130871195
850122,2011-07-29,1379.85,1387.91,1415.13,1363.14,0.53767283,7.750659421799999
850122,2011-08-01,1377.62,1372.37,1393.95,1356.74,0.39431618,5.2621626778
850122,2011-08-02,1384.18,1373.4,1393.0,1343.66,0.53681668,7.1589735501
850122,2011-08-03,1407.58,1365.61,1425.9,1360.27,0.66467411,9.4449171486
850122,2011-08-04,1403.24,1403.57,1424.85,1390.92,0.44073023,6.0775433872
850122,2011-08-05,1388.1,1358.49,1411.58,1346.5,0.47886033,7.2073071726
850122,2011-08-08,1345.81,1361.39,1388.8,1300.28,0.72137598,10.323461718899999
850122,2011-08-09,1370.67,1307.99,1387.22,1267.43,0.69266237,10.3702542733
850122,2011-08-10,1414.41,1387.54,1446.5,1376.33,0.90073057,15.980654123599999
850122,2011-08-11,1443.36,1384.28,1450.76,1377.84,0.72837642,12.722735224900001
850122,2011-08-12,1442.49,1445.64,1489.07,1425.38,0.59073701,11.2384427841
850122,2011-08-15,1451.14,1446.32,1478.12,1425.68,0.44246842,7.863857445700001
850122,2011-08-16,1437.51,1452.27,1473.0,1419.67,0.50415672,7.3468500853
850122,2011-08-17,1433.14,1430.51,1448.66,1414.49,0.38142786,5.6153610877
850122,2011-08-18,1427.26,1433.88,1464.53,1414.44,0.44768665,7.0109918837
850122,2011-08-19,1410.41,1400.43,1427.81,1367.43,0.40882998,6.0783067203
850122,2011-08-22,1396.52,1402.37,1432.71,1380.54,0.3130905,3.8600608558999996
850122,2011-08-23,1407.78,1396.06,1414.39,1368.51,0.32761063,4.9584742092
850122,2011-08-24,1398.58,1414.33,1435.76,1388.86,0.33762012,4.694164735
850122,2011-08-25,1431.71,1398.74,1440.59,1393.53,0.37970605,5.0001354637
850122,2011-08-26,1434.51,1431.09,1446.5,1416.71,0.27929678,3.9011745268999998
850122,2011-08-29,1437.59,1427.79,1456.74,1407.38,0.34255929,5.1530005538
850122,2011-08-30,1419.0,1443.93,1460.54,1414.54,0.30450731,4.398798427
850122,2011-08-31,1408.95,1415.72,1432.79,1386.4,0.35802687,4.5538896144
850122,2011-09-01,1394.05,1408.64,1422.97,1380.33,0.30728929,4.0638633088
850122,2011-09-02,1366.4,1389.49,1401.67,1354.25,0.21449948,3.0852190972000004
850122,2011-09-05,1320.04,1352.14,1358.58,1312.56,0.21756906,2.7534821249
850122,2011-09-06,1311.49,1311.58,1335.51,1292.12,0.21328564,2.8306711218
850122,2011-09-07,1341.49,1310.01,1351.09,1305.15,0.19792157,2.3114177011000003
850122,2011-09-08,1341.38,1353.99,1374.65,1330.74,0.23293788,2.9089054581
850122,2011-09-09,1351.06,1341.76,1376.96,1330.68,0.20310801,2.5361704311
850122,2011-09-13,1330.42,1339.27,1352.84,1302.06,0.44191748,3.7903385787
850122,2011-09-14,1319.13,1330.88,1349.16,1263.93,0.50908923,6.1272219024000005
850122,2011-09-15,1320.69,1324.03,1337.89,1305.05,0.64031016,5.603498274800001
850122,2011-09-16,1325.61,1325.63,1341.76,1302.65,0.24695609,3.6023499649
850122,2011-09-19,1315.94,1314.25,1340.09,1288.62,0.20717795,2.8940108603
850122,2011-09-20,1321.32,1311.0,1334.0,1290.89,0.26987714,3.2739889807
850122,2011-09-21,1356.6,1321.27,1366.49,1309.34,0.68406259,6.766509448300001
850122,2011-09-22,1331.37,1340.56,1374.82,1324.23,0.47546317,5.5030642335
850122,2011-09-23,1314.96,1303.0,1340.24,1290.37,0.3549132,3.8276322583
850122,2011-09-26,1296.6,1307.72,1331.24,1282.98,0.24707406,3.0796948518000002
850122,2011-09-27,1288.22,1303.6,1316.25,1270.43,0.23841226,2.5077604356
850122,2011-09-28,1272.83,1292.84,1307.79,1265.11,0.29854439,2.9904827537
850122,2011-09-29,1225.99,1265.95,1279.19,1218.57,0.31116489,3.5032883727999997
850122,2011-09-30,1224.26,1226.22,1248.44,1207.45,0.18743724,1.916161812
850122,2011-10-10,1210.23,1231.38,1244.99,1195.65,0.10637991,1.2426362571
850122,2011-10-11,1209.85,1237.51,1249.49,1195.94,0.11982202,1.5110261903
850122,2011-10-12,1258.47,1201.65,1269.54,1193.87,0.1951726,2.5637855395
850122,2011-10-13,1268.65,1247.37,1285.28,1238.77,0.17333175,2.6889347504
850122,2011-10-14,1258.98,1274.28,1281.16,1248.57,0.1421347,2.0144307291
850122,2011-10-17,1274.56,1262.9,1284.83,1252.62,0.19990559,2.6634564894999997
850122,2011-10-18,1273.63,1264.58,1302.57,1246.14,0.39287256,4.8889160086
850122,2011-10-19,1254.35,1272.24,1280.67,1242.82,0.22515397,2.7617019156000002
850122,2011-10-20,1212.41,1247.08,1257.43,1202.84,0.18163624,2.2376057328
850122,2011-10-21,1204.19,1217.21,1226.63,1185.74,0.15784127,1.8626426431999998
850122,2011-10-24,1232.77,1205.77,1237.82,1184.15,0.18368577,2.1634525929
850122,2011-10-25,1262.6,1231.19,1271.86,1222.3,0.20090345,2.6325208565000002
850122,2011-10-26,1274.32,1256.56,1287.48,1247.34,0.26354504,3.2572750819
850122,2011-10-27,1270.55,1278.06,1293.87,1264.3,0.19457972,2.3746565611
850122,2011-10-28,1302.35,1286.0,1310.03,1272.67,0.28496243,3.6357356575
850122,2011-10-31,1322.01,1304.09,1340.77,1297.69,0.27018008,3.6577168186
850122,2011-11-01,1312.08,1309.87,1337.01,1282.39,0.21645963,3.1909650077999996
850122,2011-11-02,1333.55,1290.85,1335.89,1273.73,0.28149682,3.7663528920999996
850122,2011-11-03,1352.3,1334.66,1392.6,1330.93,0.46653645,6.6768090464
850122,2011-11-04,1356.58,1357.66,1379.6,1339.44,0.29413379,3.9494277317
850122,2011-11-07,1343.53,1352.97,1368.64,1331.26,0.28739175,3.7334101738
850122,2011-11-08,1329.45,1344.15,1361.15,1322.52,0.26972164,3.3095166061000003
850122,2011-11-09,1345.6,1334.89,1350.41,1319.14,0.33538227,3.8983352743
850122,2011-11-10,1331.65,1330.86,1353.86,1320.84,0.31475659,3.8602099173
850122,2011-11-11,1352.12,1329.66,1367.83,1323.28,0.44842772,4.9705399225999995
850122,2011-11-14,1382.82,1358.8,1391.87,1349.35,0.50833839,6.2886984427999995
850122,2011-11-15,1386.97,1383.08,1398.73,1359.28,0.33541293,4.3868130233
850122,2011-11-16,1352.9,1383.49,1403.48,1342.8,0.4327747,5.0585848603
850122,2011-11-17,1358.62,1352.77,1382.41,1343.29,0.35323579,3.8828127326999997
850122,2011-11-18,1320.49,1350.35,1361.67,1310.18,0.27450517,3.0669642272
850122,2011-11-21,1356.55,1321.54,1372.91,1307.71,0.36234978,5.0379709501
850122,2011-11-22,1368.45,1343.05,1395.04,1327.38,0.49660731,7.9379218089
850122,2011-11-23,1379.83,1369.28,1395.88,1347.39,0.36438973,6.4261431674
850122,2011-11-24,1390.23,1366.23,1406.5,1357.67,0.37205538,5.7117331375
850122,2011-11-25,1387.77,1384.41,1407.86,1369.45,0.31255672,4.7214262276
850122,2011-11-28,1390.63,1387.67,1415.12,1371.5,0.28379383,4.6112589581
850122,2011-11-29,1410.68,1402.28,1421.34,1380.51,0.41323194,5.694442694199999
850122,2011-11-30,1352.07,1410.55,1416.82,1316.29,0.57171808,6.8073344308
850122,2011-12-01,1365.59,1384.82,1412.18,1354.95,0.46888711,6.705881370499999
850122,2011-12-02,1324.56,1352.55,1365.95,1312.99,0.30101463,3.7004912352
850122,2011-12-05,1279.42,1325.47,1334.44,1271.82,0.18340023,2.5668059704
850122,2011-12-06,1279.9,1276.57,1295.97,1262.24,0.16877297,2.4876877063
850122,2011-12-07,1280.7,1279.33,1297.87,1264.6,0.1336775,1.6081131214
850122,2011-12-08,1282.93,1277.77,1297.82,1253.99,0.15901301,2.3383289527
850122,2011-12-09,1259.64,1272.39,1284.43,1249.1,0.12866162,1.8097739662
850122,2011-12-12,1248.52,1259.4,1271.37,1243.35,0.09749805,1.4455722126
850122,2011-12-13,1196.87,1243.8,1251.67,1182.67,0.1857831,2.3197467435
850122,2011-12-14,1175.48,1192.84,1215.97,1161.32,0.16150026,2.2464208216
850122,2011-12-15,1169.19,1169.77,1195.9,1134.84,0.21231842,3.0170502545
850122,2011-12-16,1188.16,1166.1,1193.19,1144.15,0.16631688,2.5699761547
850122,2011-12-19,1193.87,1186.38,1199.82,1159.96,0.17336615,2.4646831705000003
850122,2011-12-20,1185.19,1189.3,1212.2,1176.24,0.13242245,1.8016491659
850122,2011-12-21,1128.55,1192.86,1202.32,1127.18,0.20817932,2.3806403839
850122,2011-12-22,1086.62,1118.96,1125.21,1054.43,0.3061121,2.97643873
850122,2011-12-23,1090.94,1081.97,1108.67,1070.57,0.18732215,1.9862871182
850122,2011-12-26,1106.24,1090.88,1127.01,1080.84,0.23006716,2.9564555766000002
850122,2011-12-27,1060.07,1096.86,1111.84,1055.62,0.19119122,2.6224214918
850122,2011-12-28,1061.77,1043.87,1075.99,1010.84,0.18621111,2.5252098052000003
850122,2011-12-29,1057.11,1054.75,1075.12,1048.55,0.11704993,1.4000082088999999
850122,2011-12-30,1105.32,1064.79,1111.09,1059.16,0.15737521,2.0724863217
850122,2012-01-04,1067.91,1107.77,1121.77,1064.88,0.15357475,2.0198573701
850122,2012-01-05,1016.68,1061.7,1072.46,1002.89,0.16979148,1.9630837979
850122,2012-01-06,998.84,1013.67,1021.41,964.71,0.22393824,2.4282473826
850122,2012-01-09,1036.35,999.4,1041.1,972.72,0.28688804,2.9783945676999997
850122,2012-01-10,1086.49,1037.59,1093.92,1031.76,0.39848777,4.4279477997
850122,2012-01-11,1094.43,1084.68,1102.86,1070.2,0.27935818,3.0865273945
850122,2012-01-12,1085.48,1089.8,1107.09,1074.22,0.20705158,2.517986028
850122,2012-01-13,1034.88,1086.69,1093.91,1024.81,0.23997122,2.487529119
850122,2012-01-16,994.62,1031.82,1049.62,989.24,0.1446099,1.6353032585
850122,2012-01-17,1047.62,990.08,1051.64,965.47,0.30571339,3.3337677272
850122,2012-01-18,995.57,1048.15,1058.8,991.57,0.25914719,2.8786772273000003
850122,2012-01-19,1004.27,995.15,1018.71,985.61,0.16093488,1.8067541885
850122,2012-01-20,1033.5,1008.5,1041.78,998.12,0.20047375,2.4216085907
850122,2012-01-30,1042.0,1036.89,1055.12,1019.41,0.17437598,2.0171324143000002
850122,2012-01-31,1037.62,1035.34,1045.13,1020.45,0.16701023,1.5273601750999999
850122,2012-02-01,1046.18,1036.13,1070.49,1027.85,0.20072417,2.3370350449
850122,2012-02-02,1069.18,1058.63,1081.55,1048.83,0.37614512,3.7654382305
850122,2012-02-03,1071.55,1068.73,1079.61,1051.92,0.40688385,3.987500653
850122,2012-02-06,1080.13,1071.75,1091.31,1061.23,0.37149723,3.7242009745
850122,2012-02-07,1052.79,1074.56,1075.87,1044.86,0.25773779,2.5391074881
850122,2012-02-08,1084.6,1049.2,1090.12,1044.67,0.36745355,3.4776317804000003
850122,2012-02-09,1100.51,1082.31,1120.39,1074.77,0.7519265,6.503029912200001
850122,2012-02-10,1106.79,1096.92,1123.49,1088.28,0.7243302,6.3673749885
850122,2012-02-13,1117.69,1100.02,1132.01,1092.83,0.5252812,4.951716209700001
850122,2012-02-14,1121.51,1115.64,1131.44,1105.81,0.32725902,3.5388481359
850122,2012-02-15,1139.38,1120.49,1150.59,1108.61,0.46838509,4.9420517718
850122,2012-02-16,1129.15,1145.01,1153.88,1114.73,0.39860453,4.3130882684
850122,2012-02-17,1121.85,1129.51,1138.34,1111.28,0.23448541,2.549060809
850122,2012-02-20,1120.5,1135.32,1141.38,1108.52,0.40116412,4.3881714154
850122,2012-02-21,1121.33,1120.4,1126.65,1097.58,0.37206054,3.59675929
850122,2012-02-22,1144.74,1123.96,1147.2,1112.64,0.56277428,5.9785555463
850122,2012-02-23,1168.77,1144.08,1187.97,1140.31,0.74142252,8.931978793899999
850122,2012-02-24,1167.91,1165.48,1174.07,1151.43,0.52616011,6.0922582506
850122,2012-02-27,1168.71,1168.68,1188.09,1161.01,0.68364117,7.5347873463
850122,2012-02-28,1181.22,1164.1,1190.2,1147.16,0.5931535,6.699098094299999
850122,2012-02-29,1164.09,1180.01,1188.81,1155.58,0.44763107,4.8093298781
850122,2012-03-01,1158.07,1156.32,1175.08,1148.8,0.38175286,3.9288169081
850122,2012-03-02,1176.05,1159.48,1179.08,1156.5,0.35178712,3.8918016554
850122,2012-03-05,1174.79,1179.69,1188.18,1165.7,0.41955523,4.7418097721
850122,2012-03-06,1145.68,1172.83,1176.96,1141.82,0.36103067,4.1510838527
850122,2012-03-07,1137.72,1131.42,1153.85,1124.45,0.34766076,3.9378154466
850122,2012-03-08,1150.98,1145.27,1157.81,1138.09,0.30312354,3.2834898281
850122,2012-03-09,1171.27,1154.07,1174.47,1151.7,0.43599846,4.7928261227
850122,2012-03-12,1188.67,1173.9,1202.71,1164.74,0.53281707,6.1394528136
850122,2012-03-13,1229.92,1189.0,1241.07,1183.03,0.8039158,9.7320386748
850122,2012-03-14,1190.53,1231.23,1262.88,1181.59,1.13412251,12.6761594025
850122,2012-03-15,1201.59,1192.26,1226.24,1174.18,0.65275193,7.6338034512
850122,2012-03-16,1250.19,1202.97,1263.25,1196.17,0.82733426,9.5328511377
850122,2012-03-19,1247.95,1251.44,1278.51,1230.26,0.7226625,8.3592155449
850122,2012-03-20,1206.39,1241.25,1250.86,1201.13,0.48868303,5.6382559044
850122,2012-03-21,1198.05,1212.45,1220.26,1168.23,0.39820769,4.7815586937
850122,2012-03-22,1200.26,1199.15,1214.18,1177.52,0.37105254,3.9212811811000003
850122,2012-03-23,1187.56,1190.09,1213.59,1171.61,0.31456119,3.4146732101999997
850122,2012-03-26,1192.49,1187.17,1203.77,1178.76,0.20047378,2.1576648606
850122,2012-03-27,1155.56,1201.2,1208.7,1152.2,0.27688991,3.3153366085000004
850122,2012-03-28,1101.09,1151.24,1156.59,1090.06,0.36466219,4.026736837
850122,2012-03-29,1090.84,1094.65,1108.36,1063.79,0.27832902,2.8626826239999996
850122,2012-03-30,1077.01,1090.29,1104.15,1064.44,0.16227049,1.7241968478999998
850122,2012-04-05,1115.03,1078.31,1122.15,1074.99,0.29666148,2.9513952588
850122,2012-04-06,1119.66,1112.58,1136.84,1100.77,0.27996899,2.7318172712
850122,2012-04-09,1067.97,1118.77,1125.75,1055.61,0.52339053,7.8181007201999995
850122,2012-04-10,1066.12,1055.5,1073.14,1024.74,0.50366883,5.990113613099999
850122,2012-04-11,1060.33,1048.88,1070.99,1040.41,0.2378711,2.8463214941
850122,2012-04-12,1080.74,1063.49,1084.21,1055.94,0.30537586,3.6418155079
850122,2012-04-13,1089.51,1078.32,1100.12,1075.33,0.37230188,4.447303125
850122,2012-04-16,1081.98,1084.84,1093.94,1070.93,0.30221975,3.6307481435000004
850122,2012-04-17,1062.92,1085.4,1090.49,1060.36,0.25219036,2.208853057
850122,2012-04-18,1085.81,1052.7,1091.45,1046.51,0.39746582,4.7183319816000004
850122,2012-04-19,1087.04,1079.58,1097.37,1070.28,0.2424971,3.0321565567
850122,2012-04-20,1106.68,1100.77,1118.02,1085.14,0.54341896,6.7490326842999995
850122,2012-04-23,1096.9,1101.62,1132.99,1081.25,0.67849227,7.9046878326
850122,2012-04-24,1076.49,1090.56,1104.13,1043.52,0.4987942,5.5729433295
850122,2012-04-25,1109.11,1071.81,1122.86,1063.35,0.69469106,8.9017188293
850122,2012-04-26,1092.89,1100.58,1110.96,1078.85,0.49755498,6.1125009574
850122,2012-04-27,1089.13,1099.34,1114.25,1076.3,0.27528894,2.5411550575999997
850122,2012-05-02,1092.57,1097.5,1108.43,1080.24,0.49086915,5.4168175151
850122,2012-05-03,1110.84,1089.93,1122.44,1085.18,0.45066422,4.9440718304
850122,2012-05-04,1139.44,1109.7,1148.87,1105.77,0.59806465,6.8937421703999995
850122,2012-05-07,1141.97,1136.55,1149.78,1120.36,0.44743639,5.0104267194
850122,2012-05-08,1129.68,1139.8,1144.57,1121.82,0.36522868,4.0537636481
850122,2012-05-09,1108.19,1123.69,1132.94,1094.49,0.48452356,5.0697501732
850122,2012-05-10,1108.33,1101.99,1119.04,1094.69,0.29785667,3.1545746594
850122,2012-05-11,1105.83,1111.22,1126.84,1092.63,0.52621214,5.1107438834
850122,2012-05-14,1090.59,1110.19,1117.5,1084.84,0.4210164,4.712669980199999
850122,2012-05-15,1100.41,1083.81,1111.65,1073.32,0.41508547,4.1518603037
850122,2012-05-16,1082.03,1097.51,1106.22,1076.86,0.29911055,3.1023185942000002
850122,2012-05-17,1094.31,1086.18,1102.89,1074.5,0.36528641,3.9265970548
850122,2012-05-18,1086.13,1089.85,1112.7,1065.57,0.51877313,5.4508174014
850122,2012-05-21,1074.25,1076.18,1103.13,1051.13,0.51917008,5.1758570552
850122,2012-05-22,1094.43,1075.65,1106.91,1070.5,0.5117958,5.2951123677
850122,2012-05-23,1080.4,1095.89,1103.32,1069.67,0.50468647,5.0965485626
850122,2012-05-24,1061.03,1074.59,1091.66,1056.31,0.37885676,3.9991878918
850122,2012-05-25,1046.22,1060.79,1071.56,1036.63,0.37947222,3.7966566202
850122,2012-05-28,1058.36,1039.51,1062.55,1025.71,0.30670581,3.3617001389
850122,2012-05-29,1073.9,1057.09,1082.25,1052.31,0.33091791,3.8946184078
850122,2012-05-30,1074.47,1072.95,1092.8,1062.97,0.33386486,3.7396962014999997
850122,2012-05-31,1082.33,1071.05,1093.35,1062.62,0.31876135,3.803269302
850122,2012-06-01,1109.31,1082.38,1119.48,1080.84,0.54635046,6.254586485599999
850122,2012-06-04,1077.91,1088.58,1111.92,1070.07,0.47294658,5.142855409
850122,2012-06-05,1072.42,1081.96,1091.26,1063.5,0.26336574,3.008398104
850122,2012-06-06,1061.51,1077.35,1089.52,1056.69,0.23645984,2.6072738626
850122,2012-06-07,1054.53,1072.5,1080.52,1048.37,0.22456554,2.3315365422
850122,2012-06-08,1044.72,1065.33,1071.46,1035.88,0.32408453,3.5372823713
850122,2012-06-11,1058.63,1037.98,1060.72,1030.59,0.21342541,1.9978287565000001
850122,2012-06-12,1044.62,1050.15,1060.07,1037.42,0.16864981,1.625634691
850122,2012-06-13,1079.99,1047.96,1087.15,1038.52,0.37912089,4.5065601592
850122,2012-06-14,1091.59,1076.67,1106.2,1067.53,0.34938132,4.5022518229
850122,2012-06-15,1079.29,1087.05,1097.87,1065.87,0.24417214,3.0896771954
850122,2012-06-18,1089.04,1089.67,1101.21,1075.61,0.23871108,2.7219032442
850122,2012-06-19,1082.64,1086.24,1094.95,1072.35,0.20457397,2.310573267
850122,2012-06-20,1074.08,1084.87,1093.31,1071.17,0.18391995,1.9834562677
850122,2012-06-21,1047.39,1070.53,1074.52,1042.27,0.24859307,2.458473944
850122,2012-06-25,1029.79,1051.6,1058.31,1026.26,0.11494852,1.5035840409999999
850122,2012-06-26,1030.15,1022.66,1038.16,1006.44,0.21116666,2.0926076836000003
850122,2012-06-27,1025.9,1026.22,1042.94,1014.4,0.20068935,2.0353254649
850122,2012-06-28,1016.4,1028.79,1038.67,1009.71,0.23848236,2.2668196161000003
850122,2012-06-29,1026.25,1010.31,1030.14,1000.38,0.23259877,2.3722065437
850122,2012-07-02,1066.92,1031.62,1079.46,1026.92,0.37547449,4.4254151117000005
850122,2012-07-03,1070.09,1064.13,1085.99,1055.5,0.40087404,4.2965060518
850122,2012-07-04,1101.85,1070.65,1116.65,1064.77,0.52679715,6.4470784765
850122,2012-07-05,1088.15,1094.89,1112.77,1078.92,0.39113714,4.6933152761
850122,2012-07-06,1115.91,1094.05,1124.97,1084.09,0.50882593,5.8026550742
850122,2012-07-09,1114.77,1111.32,1143.43,1096.59,0.4819277,5.80750164
850122,2012-07-10,1111.05,1109.8,1139.66,1095.61,0.42403557,4.5521617586000005
850122,2012-07-11,1084.89,1107.62,1117.96,1060.32,0.51452554,5.6779554511
850122,2012-07-12,1145.89,1084.46,1157.46,1073.09,0.79243789,8.7590675303
850122,2012-07-13,1151.18,1142.99,1164.55,1129.43,0.61708976,6.873730956699999
850122,2012-07-16,1131.34,1144.99,1179.61,1121.65,0.79908303,8.7048904288
850122,2012-07-17,1145.54,1130.41,1156.72,1109.73,0.56217494,6.287291631
850122,2012-07-18,1164.56,1142.04,1192.23,1133.73,0.6961792,8.725874169299999
850122,2012-07-19,1165.31,1163.64,1187.07,1149.7,0.51768393,6.1335266416
850122,2012-07-20,1127.53,1148.01,1175.53,1108.45,0.66150463,8.4611978112
850122,2012-07-23,1125.87,1115.81,1147.06,1103.28,0.38141426,4.497996515
850122,2012-07-24,1138.2,1117.07,1150.96,1105.26,0.43644752,5.107594539
850122,2012-07-25,1112.72,1135.65,1147.35,1106.0,0.45650945,4.9668719716
850122,2012-07-26,1092.99,1108.64,1122.8,1084.42,0.41265304,4.3479125602
850122,2012-07-27,1079.85,1094.2,1103.49,1063.22,0.34949166,3.6774609557
850122,2012-07-30,1057.02,1077.04,1087.64,1038.99,0.25784648,2.9359692571
850122,2012-07-31,1051.26,1050.5,1072.16,1031.07,0.24534343,2.6065077675999997
850122,2012-08-01,1063.59,1049.39,1078.57,1045.63,0.25626991,2.7459802302
850122,2012-08-02,1069.52,1062.42,1085.2,1052.22,0.26026387,2.8049470154000002
850122,2012-08-03,1086.98,1069.86,1088.98,1061.86,0.21438215,2.2783103625
850122,2012-08-06,1109.26,1084.54,1117.86,1077.6,0.28520582,3.1249497065
850122,2012-08-07,1121.79,1107.26,1127.97,1100.94,0.30385186,3.7067531263999998
850122,2012-08-08,1107.0,1121.66,1124.86,1095.68,0.23133388,2.551026232
850122,2012-08-09,1127.03,1104.23,1135.1,1096.94,0.31571403,3.618198932
850122,2012-08-10,1122.23,1125.77,1133.56,1109.87,0.23010937,2.4729334202
850122,2012-08-13,1105.02,1119.6,1133.28,1100.95,0.23008338,2.6472055462
850122,2012-08-14,1098.03,1101.53,1116.66,1067.78,0.38854659,3.9112567797000004
850122,2012-08-15,1095.66,1093.92,1108.13,1084.6,0.1665317,2.1721881553999998
850122,2012-08-16,1082.07,1092.75,1100.87,1074.59,0.13486242,1.5407743165999999
850122,2012-08-17,1074.09,1081.27,1089.97,1062.54,0.14227217,1.5823531925999998
850122,2012-08-20,1079.01,1072.13,1083.9,1054.5,0.13968254,1.5798181737
850122,2012-08-21,1088.84,1078.92,1105.52,1073.69,0.18305852,2.0169692469
850122,2012-08-22,1081.12,1086.08,1101.97,1067.55,0.26809759,3.2366202038
850122,2012-08-23,1079.62,1082.64,1092.5,1067.77,0.21089915,2.3157963585
850122,2012-08-24,1057.5,1079.93,1083.71,1049.32,0.24012432,2.8431696775999997
850122,2012-08-27,1018.84,1055.39,1060.42,1011.05,0.17991971,2.4812402559
850122,2012-08-28,1006.87,1016.68,1034.23,988.96,0.17954989,2.2364245813
850122,2012-08-29,985.91,1005.97,1019.78,984.46,0.15128213,1.9666775683000002
850122,2012-08-30,961.74,984.43,995.54,939.59,0.19339448,2.2178443278
850122,2012-08-31,964.08,958.83,972.2,949.31,0.15773791,1.5834163437
850122,2012-09-03,993.06,965.72,1002.89,961.95,0.20206175,2.39009519
850122,2012-09-04,990.25,994.44,1013.01,979.38,0.22133467,2.5124667597999997
850122,2012-09-05,992.42,987.83,1000.82,980.64,0.12936985,1.3631421136000001
850122,2012-09-06,998.94,997.38,1006.95,989.18,0.11552518,1.2309624583
850122,2012-09-07,1032.89,1007.33,1045.08,1000.15,0.38054098,4.1442613449
850122,2012-09-10,1042.93,1036.77,1055.98,1028.67,0.39156491,4.3085880389
850122,2012-09-11,1038.05,1043.24,1052.01,1026.84,0.36532059,3.9983547659
850122,2012-09-12,1047.39,1042.81,1057.39,1032.89,0.33644987,4.761147577
850122,2012-09-13,1030.82,1045.66,1056.55,1028.12,0.33450408,4.6032070531
850122,2012-09-14,1019.49,1037.57,1044.39,1006.45,0.36430223,5.1507651118
850122,2012-09-17,1001.73,1017.68,1033.68,998.03,0.39954983,4.727568171600001
850122,2012-09-18,998.22,999.88,1013.03,988.06,0.27089378,3.2230396820999996
850122,2012-09-19,1014.34,998.77,1020.97,992.02,0.35416915,4.3465300354
850122,2012-09-20,984.19,1013.66,1018.56,974.54,0.38729132,4.8811624919
850122,2012-09-21,983.47,981.64,997.45,960.98,0.3633125,4.2467640627
850122,2012-09-24,985.73,977.05,991.56,959.07,0.20445616,2.4636960334999998
850122,2012-09-25,979.78,981.62,995.95,971.12,0.18533685,2.4928114326
850122,2012-09-26,941.56,977.42,982.66,931.49,0.31521006,3.4087339021
850122,2012-09-27,966.17,939.31,972.96,925.63,0.36352959,4.1180715875
850122,2012-09-28,989.64,963.93,994.3,957.35,0.38238868,4.6342919774
850122,2012-10-08,986.56,987.54,1002.3,978.02,0.28428808,3.4405830279000003
850122,2012-10-09,1006.61,989.4,1011.89,985.2,0.38304773,4.685326112699999
850122,2012-10-10,1025.35,1003.54,1030.16,999.97,0.47411985,5.7306223994000005
850122,2012-10-11,1016.95,1022.58,1033.05,1006.87,0.43653084,5.3634943955
850122,2012-10-12,1018.15,1018.05,1029.58,1000.74,0.34606961,4.3644380978
850122,2012-10-15,1014.24,1020.14,1032.46,998.49,0.39699564,4.5636373728
850122,2012-10-16,1033.74,1014.24,1048.81,1005.59,0.55225492,6.2174143375
850122,2012-10-17,1031.66,1049.04,1070.35,1024.08,0.62766953,7.339177124
850122,2012-10-18,1031.43,1028.7,1041.09,1014.12,0.43929241,4.8014114424
850122,2012-10-19,1025.84,1030.77,1039.39,1016.91,0.23663574,2.5122043291
850122,2012-10-22,1032.63,1023.21,1038.38,1015.7,0.2293382,2.51814113
850122,2012-10-23,1024.48,1034.39,1043.58,1022.07,0.22248266,2.5714757395
850122,2012-10-24,1001.57,1015.88,1018.55,993.72,0.22144337,2.3974004828
850122,2012-10-25,989.17,1004.17,1011.96,986.62,0.18053616,2.1090789471
850122,2012-10-26,967.78,986.86,993.93,954.93,0.24015542,2.527702051
850122,2012-10-29,976.18,967.62,982.71,958.71,0.13403091,1.4791522428
850122,2012-10-30,974.51,973.79,983.22,968.36,0.11745263,1.2865314199
850122,2012-10-31,975.52,974.2,982.58,961.59,0.14717294,1.6334377099000001
850122,2012-11-01,993.26,977.93,998.51,968.04,0.30060575,3.3891265585
850122,2012-11-02,991.31,990.95,1002.61,981.56,0.22837718,2.5394895428
850122,2012-11-05,979.8,991.19,997.72,973.68,0.1984912,2.1484562808
850122,2012-11-06,1009.22,980.75,1014.75,963.45,0.3524911,4.4186774238
850122,2012-11-07,1010.63,1015.19,1041.41,997.49,0.45720391,6.47650385
850122,2012-11-08,985.18,995.14,1006.88,973.83,0.29937812,4.0686995608
850122,2012-11-09,984.63,981.6,1003.73,972.92,0.22987518,3.0135358137
850122,2012-11-12,991.6,985.25,1004.95,971.5,0.2625383,3.3494222372
850122,2012-11-13,965.55,986.2,990.76,957.14,0.21662564,2.6278218303
850122,2012-11-14,968.65,964.68,977.31,950.61,0.17532189,2.0549285701
850122,2012-11-15,946.55,966.06,968.9,944.94,0.14313134,1.8476795592
850122,2012-11-16,940.76,945.01,953.1,928.27,0.12373528,1.5205881515000002
850122,2012-11-19,945.75,941.07,952.68,928.76,0.13038199,1.7206162554
850122,2012-11-20,946.87,950.46,958.9,938.1,0.1665287,1.9763980593000001
850122,2012-11-21,953.85,948.04,961.36,929.52,0.18565731,2.1191971276
850122,2012-11-22,942.54,946.54,957.62,937.46,0.17528167,1.9957398581999999
850122,2012-11-23,957.7,946.18,966.54,941.89,0.33916305,2.9507302285000003
850122,2012-11-26,938.03,956.59,967.02,928.5,0.43004576,3.4753344049
850122,2012-11-27,872.34,932.06,935.73,862.59,0.40920416,3.9366130527
850122,2012-11-28,844.82,868.64,873.14,821.59,0.40430732,3.3196777844
850122,2012-11-29,826.04,842.32,854.33,820.06,0.29547104,2.3394890258000003
850122,2012-11-30,811.0,823.09,833.72,787.98,0.3438275,2.9574187983
850122,2012-12-03,774.61,806.8,819.63,769.93,0.33821724,2.7318288706000002
850122,2012-12-04,786.1,772.15,792.91,745.14,0.39835283,3.2564475381
850122,2012-12-05,809.7,782.06,828.51,773.2,0.49509761,4.4790345014
850122,2012-12-06,809.9,809.9,827.79,800.76,0.36421178,3.1135909139
850122,2012-12-07,844.83,810.17,854.86,804.53,0.65121728,5.534234483600001
850122,2012-12-10,863.53,851.17,878.18,845.36,0.60625859,5.4017863981
850122,2012-12-11,857.94,863.94,874.82,851.94,0.40448055,3.6494038595
850122,2012-12-12,860.74,858.04,873.02,839.66,0.48003369,4.2108307619
850122,2012-12-13,847.87,855.7,866.28,843.34,0.35978279,3.1359202433999998
850122,2012-12-14,889.0,848.0,891.38,845.84,0.58605134,5.5047534352
850122,2012-12-17,905.61,889.52,912.02,877.84,0.80547152,6.6853403729
850122,2012-12-18,899.09,905.05,920.41,889.29,0.70723704,6.2361802353
850122,2012-12-19,906.01,898.32,922.15,884.44,0.68430576,5.5919923239
850122,2012-12-20,901.87,896.72,910.66,884.65,0.61306422,5.380092023
850122,2012-12-21,914.54,902.79,938.38,896.2,0.69167995,7.164033891
850122,2012-12-24,921.65,914.5,942.48,898.19,0.8429955,8.6950283928
850122,2012-12-25,941.03,917.11,948.53,904.33,1.09711564,11.2512833955
850122,2012-12-26,961.59,936.08,969.28,929.57,0.85964928,9.6122665647
850122,2012-12-27,935.98,960.3,966.24,931.61,0.60391146,7.4125963832
850122,2012-12-28,940.7,932.29,946.95,918.64,0.49262519,7.0462509329
850122,2012-12-31,939.41,938.42,947.9,930.8,0.4516092,5.744765849299999
850122,2013-01-04,929.38,946.9,953.82,920.82,0.53709485,5.8960978375
850122,2013-01-07,950.57,928.9,953.48,922.07,0.49687342,5.8741090001
850122,2013-01-08,982.36,950.23,997.25,941.58,0.83664675,9.6471066676
850122,2013-01-09,999.28,981.52,1020.04,968.85,0.91906624,10.4745788203
850122,2013-01-10,997.92,998.08,1011.44,981.67,0.5530986,6.6562826727
850122,2013-01-11,974.4,1003.48,1011.34,969.66,0.54545357,6.7659696401
850122,2013-01-14,1009.7,971.02,1013.96,966.57,0.57717582,7.1769059639999995
850122,2013-01-15,1048.7,1011.67,1068.62,1003.39,0.84087382,11.127689726500002
850122,2013-01-16,1052.64,1048.95,1071.28,1024.42,0.72136896,9.2040613898
850122,2013-01-17,1009.66,1032.06,1035.23,996.7,0.57969403,6.901090546
850122,2013-01-18,1020.46,1009.7,1025.75,992.26,0.52405393,5.58268907
850122,2013-01-21,1025.96,1026.96,1040.68,1011.58,0.50206961,6.7092234277
850122,2013-01-22,1005.23,1026.21,1029.45,987.13,0.61226575,7.060699479299999
850122,2013-01-23,992.08,996.73,1005.55,971.68,0.41647415,4.616384597
850122,2013-01-24,958.54,991.9,1005.32,950.52,0.52326697,5.858667116
850122,2013-01-25,956.85,956.91,970.64,947.71,0.28514,3.0972050537999998
850122,2013-01-28,982.47,962.57,984.7,959.48,0.4127279,4.8753648813
850122,2013-01-29,988.34,983.52,998.63,973.81,0.39838453,4.9791174963
850122,2013-01-30,973.18,988.54,991.32,962.83,0.41647206,4.6276966350999995
850122,2013-01-31,965.36,972.22,977.8,955.07,0.40632467,4.1248546741
850122,2013-02-01,985.8,971.34,1003.07,967.49,0.62373801,6.982103658200001
850122,2013-02-04,962.03,984.26,987.5,955.08,0.475128,5.2226201863999995
850122,2013-02-05,978.13,956.3,984.97,954.49,0.44062995,4.7079780502999995
850122,2013-02-06,982.06,977.44,989.96,971.45,0.37617138,3.9463994331
850122,2013-02-07,985.83,988.18,996.66,973.25,0.54014873,5.4361790763
850122,2013-02-08,989.77,985.52,994.58,978.86,0.41695219,4.4286993881
850122,2013-02-18,1004.84,992.58,1012.41,988.76,0.5442731,5.4793167885
850122,2013-02-19,983.18,1004.1,1010.96,978.15,0.44467667,4.7013670083
850122,2013-02-20,992.33,982.91,995.27,966.65,0.3944539,4.0041773645
850122,2013-02-21,963.96,984.82,991.24,954.45,0.57040713,5.9028035196
850122,2013-02-22,964.78,958.5,976.97,953.75,0.52601796,5.2736506264
850122,2013-02-25,966.57,960.9,977.5,957.41,0.38141275,3.9847581127
850122,2013-02-26,938.79,963.43,973.4,935.53,0.44997421,4.8005057687
850122,2013-02-27,932.87,940.92,952.64,922.76,0.35647987,3.4489732603
850122,2013-02-28,951.48,934.04,954.69,928.07,0.33557497,3.6871160023000003
850122,2013-03-01,959.55,952.56,962.65,945.65,0.33246487,3.8486931008
850122,2013-03-04,942.77,956.33,963.14,935.13,0.41476281,4.5140666013
850122,2013-03-05,960.18,943.62,960.64,941.74,0.31386891,3.3204055969999997
850122,2013-03-06,964.56,962.57,971.09,953.38,0.39542616,4.1696672123
850122,2013-03-07,956.7,966.03,978.99,946.05,0.45244017,4.7898027769
850122,2013-03-08,953.62,956.2,967.21,946.81,0.36507421,3.4737248773
850122,2013-03-11,951.84,954.4,964.5,942.66,0.38403375,3.6372042788
850122,2013-03-12,918.77,950.73,956.61,904.65,0.48566649,4.9924256254
850122,2013-03-13,896.55,916.5,919.56,880.17,0.33108113,3.5958132045999998
850122,2013-03-14,894.22,894.17,903.66,886.57,0.17292004,1.7270186768
850122,2013-03-15,891.49,895.92,909.17,885.78,0.25323085,2.51455258
850122,2013-03-18,877.7,891.33,897.06,874.46,0.20382378,1.8612872809
850122,2013-03-19,882.24,879.96,889.83,862.29,0.24230282,2.2735941688
850122,2013-03-20,902.09,883.15,903.72,876.3,0.25546539,2.4545954355
850122,2013-03-21,907.36,902.38,918.34,897.49,0.27963943,2.8745265963
850122,2013-03-22,899.46,907.88,913.9,893.92,0.23542161,2.4785113463
850122,2013-03-25,907.92,900.37,918.51,891.65,0.43473079,3.575331322
850122,2013-03-26,900.58,903.83,912.13,886.22,0.38065905,3.4633703685
850122,2013-03-27,895.7,897.16,912.13,888.34,0.35494961,3.2418813606
850122,2013-03-28,880.28,891.2,907.0,863.66,0.62528168,5.2000518825
850122,2013-03-29,911.83,882.59,921.52,879.18,0.8505298,7.477946481699999
850122,2013-04-01,934.55,908.51,943.9,897.56,1.14079057,10.3501961052
850122,2013-04-02,932.27,923.56,948.73,907.8,0.38765963,4.9009761911
850122,2013-04-03,908.89,925.71,933.28,904.06,0.89696952,7.876159950700001
850122,2013-04-08,955.63,904.47,962.66,890.49,1.25940211,11.254004625699999
850122,2013-04-09,943.34,948.34,960.58,930.47,0.91863846,8.6637130669
850122,2013-04-10,929.31,938.6,951.82,917.94,0.84067645,7.290415406
850122,2013-04-11,932.04,925.97,959.26,910.13,0.96564009,8.2784399194
850122,2013-04-12,913.53,922.92,931.27,909.05,0.73554419,6.1449371271
850122,2013-04-15,915.98,913.64,938.05,905.25,0.57203124,5.0888397128
850122,2013-04-16,901.89,902.17,913.03,878.05,0.6495276,5.5241208732
850122,2013-04-17,906.25,900.25,914.95,890.22,0.58647582,4.8895095366
850122,2013-04-18,897.56,902.67,909.58,891.15,0.46319429,3.8584181425
850122,2013-04-19,913.39,894.92,918.23,893.84,0.56066894,5.1499334467
850122,2013-04-22,908.69,902.33,916.11,895.86,0.66525244,6.3082096477
850122,2013-04-23,884.87,906.83,912.03,879.42,0.50769473,4.8850610097
850122,2013-04-24,907.18,884.4,912.9,869.53,0.96518161,8.4958927349
850122,2013-04-25,892.66,907.1,918.83,880.16,1.07954512,9.9160550726
850122,2013-04-26,867.33,886.94,897.64,855.67,0.73416096,6.9828095669
850122,2013-05-02,863.65,862.18,872.06,849.75,0.4456004,3.9362277268
850122,2013-05-03,875.18,866.8,885.69,862.35,0.54952657,4.6986819872000005
850122,2013-05-06,881.28,876.29,889.51,868.1,0.55501508,4.8835796586
850122,2013-05-07,879.23,880.02,888.18,868.48,0.45014897,3.9193372852999997
850122,2013-05-08,883.44,881.57,892.02,873.31,0.44031645,3.7756535025
850122,2013-05-09,870.42,880.77,888.23,861.81,0.48335317,4.3403630876
850122,2013-05-10,872.14,872.14,884.02,860.33,0.45685141,3.9248161263
850122,2013-05-13,872.02,868.54,878.24,860.75,0.30488945,2.7773491588
850122,2013-05-14,870.66,873.27,882.75,856.5,0.36094625,3.1395070193
850122,2013-05-15,869.28,867.65,879.36,861.61,0.36375624,3.1715422069
850122,2013-05-16,873.57,869.3,880.38,856.75,0.40590032,3.7494592302
850122,2013-05-17,885.36,873.55,889.49,867.48,0.43260553,4.0802189117
850122,2013-05-20,911.68,887.29,921.58,881.57,0.63447994,6.3458596134
850122,2013-05-21,912.25,914.36,921.68,897.72,0.54316791,5.2526773245
850122,2013-05-22,915.07,911.93,928.13,902.67,0.5741548,5.541633595
850122,2013-05-23,902.6,911.37,921.81,899.26,0.44751583,4.5186976119
850122,2013-05-24,915.13,903.54,925.27,900.14,0.427926,4.049332661
850122,2013-05-27,930.88,915.52,940.39,908.62,0.5121084,5.2171654282999995
850122,2013-05-28,933.49,936.78,944.21,922.17,0.55008925,5.535567542999999
850122,2013-05-29,925.79,933.56,940.21,922.31,0.43743406,4.1981315483
850122,2013-05-30,918.58,923.04,930.51,909.98,0.41784574,4.0184892793
850122,2013-05-31,909.43,916.99,928.85,904.53,0.41517389,4.050581680500001
850122,2013-06-03,907.62,908.97,921.28,899.1,0.41327737,3.8214250305
850122,2013-06-04,889.55,906.52,913.89,880.25,0.39012421,3.7536730207
850122,2013-06-05,891.7,885.27,897.46,879.65,0.25092689,2.3788172083
850122,2013-06-06,876.98,888.6,895.47,873.61,0.26317564,2.4174758636
850122,2013-06-07,854.67,876.9,883.5,846.78,0.24968031,2.3715382392
850122,2013-06-13,819.28,849.15,850.04,801.41,0.23991542,2.1381300406
850122,2013-06-14,825.57,820.91,836.21,816.29,0.1900122,1.7230275278
850122,2013-06-17,819.04,825.82,834.06,812.69,0.20441752,1.8658694126
850122,2013-06-18,823.75,818.9,828.26,813.67,0.14182403,1.2444127755
850122,2013-06-19,816.76,822.9,828.36,796.39,0.2157572,1.8451489183
850122,2013-06-20,786.01,812.06,815.75,781.47,0.24285959,2.1275523685
850122,2013-06-21,777.64,773.15,783.32,758.47,0.16515251,1.4494909238999998
850122,2013-06-24,725.46,776.12,777.19,711.54,0.28644407,2.28814557
850122,2013-06-25,736.63,721.21,746.23,669.17,0.40378416,2.954806212
850122,2013-06-26,738.65,737.61,748.46,718.73,0.28464959,2.1433976169999998
850122,2013-06-27,729.64,739.78,749.58,719.64,0.29984556,2.3801755181999997
850122,2013-06-28,729.68,729.04,741.66,714.64,0.23893471,1.7452045931
850122,2013-07-01,732.76,728.1,737.74,717.51,0.17941485,1.4210596337
850122,2013-07-02,745.11,732.35,748.8,725.34,0.27971911,2.1395455306
850122,2013-07-03,735.05,741.49,747.48,721.23,0.2651074,2.0407915788
850122,2013-07-04,741.09,732.36,749.86,722.83,0.30408338,2.4075811928
850122,2013-07-05,736.53,739.05,750.66,733.16,0.22807311,1.7683751369999998
850122,2013-07-08,700.63,728.84,729.49,698.62,0.23145436,1.7225705034999998
850122,2013-07-09,697.36,700.92,712.11,688.85,0.16773516,1.3175250716
850122,2013-07-10,715.15,697.26,717.19,692.69,0.21329854,1.5835260921
850122,2013-07-11,733.15,714.54,743.68,708.41,0.39059294,2.8874870024
850122,2013-07-12,728.56,734.9,745.44,725.82,0.29368762,2.2639474654
850122,2013-07-15,744.07,734.99,751.47,730.55,0.38091447,2.8221706858999998
850122,2013-07-16,759.64,746.62,762.98,738.58,0.35217951,2.8583314735000003
850122,2013-07-17,740.47,757.84,760.51,737.4,0.28071978,2.2297156437
850122,2013-07-18,729.52,741.21,743.83,725.89,0.21227406,1.6351109564
850122,2013-07-19,714.85,730.66,743.31,709.64,0.34004244,2.5159548723
850122,2013-07-22,721.52,709.99,723.73,703.03,0.19190504,1.3930158275
850122,2013-07-23,734.68,722.93,739.52,720.46,0.26728857,1.9784962284999998
850122,2013-07-24,727.26,733.64,737.86,719.32,0.23465749,1.7960482837
850122,2013-07-25,730.98,728.69,742.45,720.75,0.29230457,2.16391033
850122,2013-07-26,721.64,725.85,733.13,714.4,0.2536029,1.8578186718
850122,2013-07-29,704.22,718.14,722.35,701.42,0.21363386,1.6130844019
850122,2013-07-30,708.14,707.39,718.25,695.08,0.19970103,1.5001306962
850122,2013-07-31,723.17,709.73,729.96,705.51,0.2915001,2.0763128683
850122,2013-08-01,740.04,738.0,753.51,729.93,0.50052864,3.7880925555
850122,2013-08-02,738.16,737.09,749.55,733.99,0.32730604,2.5430039995
850122,2013-08-05,774.74,739.09,776.89,735.86,0.5155271,4.4359547589999995
850122,2013-08-06,793.44,776.18,799.95,764.6,0.79924329,7.163103790599999
850122,2013-08-07,776.25,787.59,794.86,771.51,0.50203783,4.2442709546
850122,2013-08-08,777.8,772.91,786.01,768.27,0.33448426,2.8906469576
850122,2013-08-09,773.75,776.48,788.41,759.77,0.3441685,2.8032822305000002
850122,2013-08-12,790.29,775.0,795.51,768.14,0.59395052,4.3858325976
850122,2013-08-13,798.52,788.94,806.36,782.13,0.52381183,4.3490799213999995
850122,2013-08-14,783.39,796.76,803.04,779.0,0.40845029,3.2951724842
850122,2013-08-15,767.42,780.79,790.69,761.35,0.43161935,3.506847896
850122,2013-08-16,751.75,765.9,784.04,749.84,0.35948301,2.8464339988
850122,2013-08-19,783.53,757.47,789.2,754.99,0.39963007,3.3473897356999998
850122,2013-08-20,808.45,784.85,818.86,777.62,0.9681115,7.6478455894
850122,2013-08-21,827.78,802.53,842.1,795.33,1.02293705,8.1152511271
850122,2013-08-22,818.7,824.03,847.37,814.77,0.80578468,6.9689343704999995
850122,2013-08-23,865.9,819.25,869.47,807.14,1.23298789,10.864735813800001
850122,2013-08-26,873.82,866.07,882.92,851.93,0.9048265,8.7070853509
850122,2013-08-27,869.33,872.1,878.66,854.46,0.56188365,5.3200693352999995
850122,2013-08-28,847.01,859.46,866.8,839.94,0.60961351,5.2430891217
850122,2013-08-29,862.97,844.07,868.68,839.58,0.59893948,4.8666813137
850122,2013-08-30,826.31,858.23,862.23,820.68,0.54069034,4.603848005400001
850122,2013-09-02,851.44,829.05,863.48,816.61,0.66486848,5.6973621827
850122,2013-09-03,870.31,848.07,887.33,841.15,0.84728755,7.4600966462
850122,2013-09-04,854.9,870.21,874.17,845.19,0.60497461,5.0549886648
850122,2013-09-05,841.09,850.45,853.48,833.99,0.38034221,3.1967625296
850122,2013-09-06,862.99,838.8,872.97,835.85,0.65866926,5.485374876
850122,2013-09-09,868.68,860.1,880.48,851.17,0.62878586,5.570777029299999
850122,2013-09-10,877.84,876.33,892.49,863.56,0.73104412,6.5871157965
850122,2013-09-11,872.77,876.52,889.17,852.69,0.69115639,5.879729950700001
850122,2013-09-12,869.46,870.47,880.14,860.44,0.4413054,3.8879259841000002
850122,2013-09-13,869.11,869.18,884.85,861.79,0.38047913,3.5050552116
850122,2013-09-16,876.72,872.2,884.96,862.53,0.38952309,4.0852070066
850122,2013-09-17,844.68,874.72,879.27,842.01,0.42406416,3.8689735513
850122,2013-09-18,844.77,845.47,854.64,835.72,0.21451321,1.9256495368000002
850122,2013-09-23,861.69,846.69,864.67,841.23,0.35749013,3.2371719451999996
850122,2013-09-24,846.32,864.08,866.35,838.42,0.43224328,4.0105983494
850122,2013-09-25,844.26,846.18,856.48,835.21,0.39117056,3.2824540152
850122,2013-09-26,829.91,842.36,852.46,822.15,0.40700787,3.319443101
850122,2013-09-27,821.14,828.69,836.69,815.18,0.30872257,2.4656089193
850122,2013-09-30,830.03,821.76,837.35,816.52,0.23213153,1.9442302495
850122,2013-10-08,851.8,829.55,856.03,825.05,0.36551551,3.1807976920999996
850122,2013-10-09,855.87,851.19,860.82,838.24,0.41723038,3.4302585569999997
850122,2013-10-10,840.98,855.58,862.19,833.36,0.49027684,4.1496068355
850122,2013-10-11,851.99,842.57,856.85,839.95,0.41180813,3.5393181901
850122,2013-10-14,877.86,852.64,883.89,847.05,0.73805909,6.6451623815
850122,2013-10-15,953.77,937.11,961.71,931.01,1.42700119,14.518756839000002
850122,2013-10-16,986.4,963.69,1020.23,945.69,2.55294259,25.671032033299998
850122,2013-10-17,961.46,966.3,995.21,935.11,2.00481585,19.4057909758
850122,2013-10-18,928.89,947.78,956.44,916.75,1.02743539,9.6518022491
850122,2013-10-21,952.43,930.26,959.28,911.99,1.14142511,10.4415792451
850122,2013-10-22,966.28,944.95,991.28,933.91,1.35040481,13.3450622701
850122,2013-10-23,913.44,960.38,965.27,901.65,1.05540244,9.4867402869
850122,2013-10-24,914.98,909.79,928.46,890.63,0.57733428,5.2310800439
850122,2013-10-25,895.71,915.68,921.14,882.6,0.4866589,4.4818554162
850122,2013-10-28,932.22,904.52,942.79,898.01,0.81666549,8.3338174548
850122,2013-10-29,900.03,928.59,939.97,859.55,0.84911354,8.4777471427
850122,2013-10-30,900.62,892.99,908.26,874.33,0.56219064,5.3943939933000005
850122,2013-10-31,869.33,897.52,904.46,861.92,0.53063389,4.9725584042
850122,2013-11-01,849.24,859.39,866.27,837.9,0.41471064,3.5305527055000003
850122,2013-11-04,858.66,855.62,872.42,849.56,0.29496361,2.6377765318
850122,2013-11-05,881.91,858.62,886.74,843.11,0.49022927,4.4148683112
850122,2013-11-06,889.92,879.28,911.12,868.69,0.72245766,6.509906400399999
850122,2013-11-07,872.67,884.47,904.17,865.28,0.54586628,4.9528447524
850122,2013-11-08,849.05,860.5,866.29,833.64,0.45306708,4.0516466345
850122,2013-11-11,854.14,849.45,864.91,840.82,0.3130739,2.8206061832
850122,2013-11-12,850.21,850.17,860.33,832.39,0.36261218,3.4061559854000003
850122,2013-11-13,846.65,847.45,878.17,833.96,0.51708844,5.0440608859
850122,2013-11-14,858.32,842.46,865.34,834.76,0.41529823,4.5902821668
850122,2013-11-15,879.11,856.71,889.28,850.77,0.65739166,7.2810916815999995
850122,2013-11-18,905.0,890.96,913.75,877.9,0.89918086,8.9975261289
850122,2013-11-19,926.14,906.09,952.09,893.72,1.04371431,10.497054346699999
850122,2013-11-20,928.0,925.56,936.02,907.35,0.69360653,7.428956461399999
850122,2013-11-21,930.97,923.39,943.98,912.43,0.67920125,7.0094088735
850122,2013-11-22,909.25,932.4,946.78,906.02,0.6004671,6.378039423200001
850122,2013-11-25,914.6,908.44,930.16,897.34,0.4478106,5.2428288863
850122,2013-11-26,910.5,915.58,925.02,901.19,0.35183725,3.9738476775
850122,2013-11-27,915.99,910.57,926.83,905.11,0.38533194,4.0057401261
850122,2013-11-28,926.16,918.9,944.3,913.53,0.51551743,5.641110621
850122,2013-11-29,923.08,926.06,939.41,916.06,0.43316303,5.1382788332
850122,2013-12-02,867.19,903.12,915.39,856.73,0.58758699,5.7799484125
850122,2013-12-03,883.57,858.41,888.17,850.99,0.32099333,3.3291344092000004
850122,2013-12-04,903.46,885.46,921.52,883.06,0.46919466,4.7788527934
850122,2013-12-05,914.82,906.2,927.61,899.45,0.53622687,5.1089628109
850122,2013-12-06,915.14,909.55,923.31,903.09,0.32311031,3.4292886226
850122,2013-12-09,930.62,918.46,941.28,909.97,0.53740882,5.513578215599999
850122,2013-12-10,923.71,934.6,942.38,917.72,0.45528265,5.992203901900001
850122,2013-12-11,919.05,918.04,930.11,903.29,0.45814188,5.9520790289
850122,2013-12-12,918.13,918.63,930.18,909.29,0.33006613,4.4258092511000005
850122,2013-12-13,920.33,910.15,930.9,900.52,0.53416274,6.222566877799999
850122,2013-12-16,897.37,919.31,930.1,894.7,0.44125678,4.9411723616000005
850122,2013-12-17,885.88,900.08,906.5,879.47,0.30986783,3.3934719473
850122,2013-12-18,888.62,885.15,898.73,875.61,0.23641873,2.9060299883
850122,2013-12-19,883.33,895.51,906.42,877.22,0.30694027,3.139130507
850122,2013-12-20,868.92,880.94,888.41,862.2,0.25082928,2.4982379798
850122,2013-12-23,871.37,871.22,881.98,851.21,0.27723862,2.7661501358
850122,2013-12-24,874.22,875.72,887.35,863.45,0.24863188,2.5752067977
850122,2013-12-25,881.3,875.78,884.53,865.46,0.276646,3.1277821163
850122,2013-12-26,860.45,882.9,887.84,854.74,0.31262138,3.4910692304000004
850122,2013-12-27,871.07,858.98,876.88,854.23,0.27250124,3.1103605688
850122,2013-12-30,874.24,874.61,884.4,868.41,0.30505709,3.0777460181
850122,2013-12-31,872.62,871.09,879.42,853.57,0.28871297,3.2187988266
850122,2014-01-02,889.26,872.73,894.25,867.01,0.4019493,3.9662324481
850122,2014-01-03,880.6,886.15,897.22,863.79,0.49773138,4.8969652355
850122,2014-01-06,841.44,877.06,878.0,834.25,0.40003323,3.9912865525
850122,2014-01-07,841.59,836.89,854.01,827.13,0.25722373,2.3343853468
850122,2014-01-08,835.35,842.07,854.9,827.28,0.32780043,3.0491879144
850122,2014-01-09,822.33,835.25,849.02,813.35,0.39245666,3.653588207
850122,2014-01-10,799.38,817.35,825.89,790.54,0.43656742,3.6422581158
850122,2014-01-13,795.02,800.29,809.9,783.42,0.26479697,2.3150854299
850122,2014-01-14,812.69,795.1,814.77,790.26,0.27028137,2.3219348209
850122,2014-01-15,814.14,812.35,819.36,800.48,0.23516954,2.0588236702000002
850122,2014-01-16,812.72,817.42,824.95,805.82,0.26249622,2.2844355841999997
850122,2014-01-17,805.39,814.89,822.52,800.77,0.21885185,1.9928210338999999
850122,2014-01-20,803.03,811.11,819.13,794.91,0.22690736,2.0841867385
850122,2014-01-21,809.98,803.19,818.17,798.67,0.29261423,2.366672482
850122,2014-01-22,828.28,812.32,831.78,805.84,0.37777135,3.2587093843
850122,2014-01-23,836.0,828.77,846.53,821.41,0.42694981,4.0679793483
850122,2014-01-24,850.01,834.66,858.99,832.22,0.51048535,4.8809294326
850122,2014-01-27,840.76,846.94,854.55,833.03,0.3310071,3.0820931575999997
850122,2014-01-28,850.11,840.06,859.17,830.43,0.35281265,3.2802738224000003
850122,2014-01-29,850.24,851.84,861.7,839.74,0.28295823,2.8564856880000002
850122,2014-01-30,838.04,849.04,853.83,834.54,0.24720279,2.2874261228
850122,2014-02-07,849.96,835.42,852.56,824.19,0.22083018,2.0997993352
850122,2014-02-10,871.7,849.2,877.65,846.56,0.53117432,5.2597300983999995
850122,2014-02-11,879.66,869.06,891.42,860.51,0.66450359,6.527912804
850122,2014-02-12,898.17,878.8,902.24,874.19,0.72413637,7.1955793352
850122,2014-02-13,875.0,894.73,903.23,872.75,0.53070748,5.5206835976
850122,2014-02-14,893.67,877.63,895.69,872.91,0.49026974,5.2534790812
850122,2014-02-17,903.21,896.95,909.94,882.51,0.58098187,6.2162175785
850122,2014-02-18,897.69,902.65,915.2,888.78,0.58311724,6.4876765075
850122,2014-02-19,894.0,894.4,906.87,883.19,0.50108288,5.0619484880000005
850122,2014-02-20,880.87,893.8,903.27,871.04,0.51481757,4.619037731600001
850122,2014-02-21,874.01,873.86,887.95,861.79,0.57115856,4.6047583793
850122,2014-02-24,872.54,868.9,882.64,851.39,0.50802942,4.1632735396
850122,2014-02-25,840.3,868.47,885.77,832.38,0.55960549,4.8721749661
850122,2014-02-26,846.59,835.85,854.76,819.88,0.56635363,4.2666604766
850122,2014-02-27,830.71,842.06,856.14,825.19,0.58443706,4.531890210799999
850122,2014-02-28,836.31,828.37,840.67,813.82,0.3389756,2.7274290802
850122,2014-03-03,849.65,835.22,852.05,828.45,0.32298522,2.6913603132999997
850122,2014-03-04,841.61,846.38,848.9,832.4,0.28280024,2.3119703908
850122,2014-03-05,840.85,843.51,857.25,835.71,0.32314611,2.6217867358
850122,2014-03-06,840.28,838.42,847.03,825.16,0.28054411,2.3605051041
850122,2014-03-07,831.12,838.04,847.88,826.14,0.2595172,2.3076458849
850122,2014-03-10,801.34,828.2,833.92,795.37,0.30838441,2.7278109448000003
850122,2014-03-11,804.64,801.02,813.31,791.99,0.26083187,2.524926855
850122,2014-03-12,802.89,802.53,812.52,787.8,0.2213435,2.0591448747
850122,2014-03-13,814.7,801.2,819.01,798.09,0.23955501,2.001364584
850122,2014-03-14,814.08,812.97,827.18,804.44,0.24449171,2.1310385164
850122,2014-03-17,834.5,815.76,838.4,810.01,0.35615755,3.0493739544
850122,2014-03-18,836.71,834.21,847.22,825.49,0.4358327,3.6023190207
850122,2014-03-19,840.38,834.38,848.13,824.55,0.37198301,2.9457030358
850122,2014-03-20,821.83,838.58,849.21,816.13,0.46831118,3.4542006725
850122,2014-03-21,835.4,818.65,839.73,808.25,0.47711468,3.4140060864999997
850122,2014-03-24,840.17,834.88,845.38,828.89,0.44923852,3.2944571788
850122,2014-03-25,841.67,837.43,847.72,831.88,0.38674019,2.7799010373
850122,2014-03-26,839.79,842.65,849.84,833.49,0.36135346,2.7138246937
850122,2014-03-27,824.26,838.62,843.85,820.95,0.3812546,2.8297449749
850122,2014-03-28,816.89,822.61,834.77,806.18,0.41765861,3.0577857930000003
850122,2014-03-31,810.33,817.63,826.04,801.71,0.2268659,1.8105683252000002
850122,2014-04-01,826.3,811.06,830.35,807.46,0.37033259,2.647892953
850122,2014-04-02,822.47,826.02,829.77,817.45,0.25970301,1.8333756198
850122,2014-04-03,819.89,823.91,829.16,812.32,0.2601977,1.9638851443
850122,2014-04-04,824.53,818.57,828.2,813.37,0.19113835,1.5584672595
850122,2014-04-08,833.24,821.09,837.1,817.85,0.22879175,1.9970076908
850122,2014-04-09,838.59,832.85,844.44,828.29,0.3036161,2.5282222837
850122,2014-04-10,835.71,839.12,843.47,829.07,0.33164616,2.8219787043999998
850122,2014-04-11,832.28,834.9,841.05,826.73,0.27927333,2.2424368713
850122,2014-04-14,842.15,832.35,845.47,828.83,0.24266737,2.3062975718
850122,2014-04-15,829.7,841.61,843.68,827.89,0.24413524,2.0640624621
850122,2014-04-16,838.12,827.98,842.78,826.1,0.29929754,2.4398403122
850122,2014-04-17,837.24,839.22,846.68,832.61,0.23609058,2.0264157737
850122,2014-04-18,836.71,834.63,841.68,830.16,0.1629052,1.3216474142
850122,2014-04-21,818.59,835.62,839.16,814.93,0.21335357,1.7705971313
850122,2014-04-22,831.86,816.71,838.94,807.01,0.36775909,3.0906009876
850122,2014-04-23,824.67,828.94,841.81,818.31,0.32534098,2.727596012
850122,2014-04-24,813.56,824.91,832.14,809.46,0.21024702,1.875744483
850122,2014-04-25,827.52,814.15,843.77,806.4,0.34584102,3.6548609567000003
850122,2014-04-28,818.05,822.72,845.82,804.17,0.40922709,3.8740596856
850122,2014-04-29,824.94,816.88,830.39,802.62,0.26145433,2.3718324077
850122,2014-04-30,809.58,818.47,826.55,798.88,0.36679042,2.8522768132
850122,2014-05-05,814.28,807.95,822.82,797.35,0.2750192,2.4458214195
850122,2014-05-06,821.23,813.31,828.76,809.4,0.24166136,2.4194231959
850122,2014-05-07,806.47,818.11,829.61,794.49,0.3703692,3.2083953685
850122,2014-05-08,807.08,805.07,819.78,795.19,0.22439936,2.0148798998
850122,2014-05-09,803.8,804.66,813.26,790.27,0.27838241,2.3660137204
850122,2014-05-12,822.94,807.91,828.89,801.21,0.37154077,3.0943147317000004
850122,2014-05-13,832.45,821.77,844.17,815.86,0.38317604,3.5156380255
850122,2014-05-14,824.15,829.61,839.4,819.19,0.24213442,2.3527379942
850122,2014-05-15,813.14,823.8,831.95,805.19,0.27728396,2.6142203350999997
850122,2014-05-16,811.79,812.27,821.88,799.55,0.2151236,2.2793321847
850122,2014-05-19,801.69,809.69,815.02,793.34,0.16272875,1.5258700381
850122,2014-05-20,814.3,807.82,823.01,797.44,0.2185617,2.2569380011
850122,2014-05-21,830.99,812.97,835.63,805.47,0.33043368,3.7530162859
850122,2014-05-22,823.81,829.1,836.11,819.73,0.23117741,2.4143359638
850122,2014-05-23,827.43,822.56,831.03,815.89,0.17674707,1.7980072305
850122,2014-05-26,828.8,827.35,837.09,819.87,0.22040676,2.2019238099000003
850122,2014-05-27,823.04,825.2,832.11,815.11,0.19054137,1.9983569495
850122,2014-05-28,827.74,822.51,831.62,815.7,0.22056102,2.103410003
850122,2014-05-29,815.62,827.57,828.94,811.97,0.18950885,1.8507998837000001
850122,2014-05-30,826.24,814.53,831.23,808.75,0.1909857,1.836841196
850122,2014-06-03,832.66,822.5,839.24,814.81,0.32371557,2.4688065849000003
850122,2014-06-04,828.51,826.39,834.64,817.17,0.1966202,1.7593149144999998
850122,2014-06-05,831.41,823.68,833.66,817.27,0.23324764,1.8129482688999998
850122,2014-06-06,834.12,828.06,840.64,819.87,0.25364996,2.230169218
850122,2014-06-09,834.82,831.82,842.5,824.1,0.3486964,2.9051352877
850122,2014-06-10,839.34,832.7,843.28,823.64,0.40251241,3.0546014533999997
850122,2014-06-11,841.83,836.22,847.51,827.99,0.42891891,3.2316574218
850122,2014-06-12,842.41,837.73,846.35,831.41,0.37916161,2.8458723408999997
850122,2014-06-13,846.33,838.87,854.4,833.47,0.42909161,3.3781931658999995
850122,2014-06-16,846.48,843.6,851.51,834.37,0.36066615,2.7563161039999997
850122,2014-06-17,840.41,843.4,852.45,830.91,0.34100058,2.5759600169
850122,2014-06-18,842.74,835.41,858.72,827.22,0.49255345,3.6092105756
850122,2014-06-19,823.1,838.77,849.9,809.13,0.38211236,2.8262716636
850122,2014-06-20,830.41,819.83,835.08,813.4,0.17828245,1.3474828022
850122,2014-06-23,831.44,827.25,838.9,820.89,0.16797061,1.2884222398
850122,2014-06-24,839.19,835.69,853.32,826.19,0.53209242,4.7371269695
850122,2014-06-25,832.64,837.58,850.22,821.39,0.43862102,3.746022548
850122,2014-06-26,838.04,831.94,845.47,824.43,0.56968404,4.3376740982
850122,2014-06-27,850.33,839.19,855.05,834.16,0.56669591,4.4384819382
850122,2014-06-30,849.83,851.16,858.94,840.75,0.40490223,3.5776886956
850122,2014-07-01,864.82,849.18,871.7,840.86,0.62767479,5.0379930244
850122,2014-07-02,865.97,864.64,874.12,853.3,0.47546238,3.9589543894
850122,2014-07-03,894.96,866.18,905.46,861.34,0.91555178,7.754918787
850122,2014-07-04,874.59,889.8,890.95,870.02,0.53545468,4.7434920494
850122,2014-07-07,877.42,874.97,888.32,860.21,0.59438074,4.7375167571
850122,2014-07-08,881.96,874.9,891.77,866.72,0.47815302,4.0778951737
850122,2014-07-09,862.06,881.88,884.34,857.64,0.41914107,3.4911813295
850122,2014-07-10,864.58,860.93,875.32,856.88,0.3417933,2.7476368864
850122,2014-07-11,868.3,866.17,879.65,857.51,0.46181715,3.7376947469
850122,2014-07-14,881.95,867.08,885.27,858.71,0.48837418,4.0973769914
850122,2014-07-15,873.99,879.15,887.53,863.03,0.48609874,4.62344558
850122,2014-07-16,864.58,871.88,878.31,857.78,0.3200087,2.9410849781
850122,2014-07-17,853.01,863.71,866.97,846.82,0.24669038,2.1295131080000003
850122,2014-07-18,864.45,852.2,871.08,849.6,0.24475561,2.3226587774
850122,2014-07-21,860.69,864.83,874.24,854.3,0.23838018,2.2537432533
850122,2014-07-22,869.36,859.4,873.59,853.06,0.24901159,2.2583044569
850122,2014-07-23,863.98,867.7,878.8,856.34,0.3043377,2.7816160544999997
850122,2014-07-24,862.22,863.48,874.32,851.12,0.32151999,2.7387122831
850122,2014-07-25,864.12,861.96,871.09,853.08,0.29470104,2.4456071294
850122,2014-07-28,880.72,866.59,886.28,862.88,0.51790697,4.3658392202
850122,2014-07-29,887.55,884.2,896.56,876.08,0.53178065,4.5428201731
850122,2014-07-30,895.42,886.74,904.21,880.78,0.43027177,4.1244295730000005
850122,2014-07-31,895.96,893.81,902.16,884.69,0.46264607,4.1117139125
850122,2014-08-01,887.7,895.95,908.18,882.81,0.52089632,4.3783920421
850122,2014-08-04,909.72,886.59,916.44,883.3,0.61037089,5.7992643784
850122,2014-08-05,911.61,910.71,919.72,899.85,0.52868611,4.4363696389
850122,2014-08-06,910.71,908.97,915.67,900.35,0.38919695,3.5338565801999997
850122,2014-08-07,898.43,908.56,923.11,894.66,0.54478352,5.1808721786000005
850122,2014-08-08,902.12,900.23,910.13,890.64,0.44825918,4.1200121899
850122,2014-08-11,914.22,901.69,917.47,898.5,0.50153433,4.500194466
850122,2014-08-12,919.74,913.93,925.18,908.69,0.47985757,4.2794430997
850122,2014-08-13,934.3,922.44,940.53,907.96,0.79811432,6.8142594905
850122,2014-08-14,921.34,936.52,943.71,919.0,0.78078862,6.3987963286000005
850122,2014-08-15,939.49,923.26,949.84,920.4,0.62921868,5.700097476900001
850122,2014-08-18,948.03,941.34,953.89,935.02,0.576801,5.1204680638
850122,2014-08-19,948.99,948.47,956.62,935.92,0.58973371,5.2478781224
850122,2014-08-20,948.43,949.24,961.01,939.2,0.54174313,5.1072572841
850122,2014-08-21,941.08,946.38,955.39,925.96,0.52930531,4.8324316281
850122,2014-08-22,948.96,940.57,952.19,933.86,0.39306258,3.6887976784
850122,2014-08-25,945.05,950.79,957.74,937.35,0.40504757,3.8635113657
850122,2014-08-26,923.13,943.54,951.05,916.97,0.43980691,3.8640520518
850122,2014-08-27,927.69,921.45,937.18,913.67,0.34314783,3.1954100154000002
850122,2014-08-28,919.72,927.72,932.48,911.16,0.30439442,2.7770135179000004
850122,2014-08-29,924.59,919.6,928.74,911.91,0.2257858,2.0722195366
850122,2014-09-01,940.71,924.78,944.9,922.77,0.37927338,3.4366596075
850122,2014-09-02,951.29,940.39,957.55,935.47,0.48905052,4.4154944401
850122,2014-09-03,952.3,952.78,959.55,940.83,0.47170668,4.1868708509
850122,2014-09-04,956.66,949.59,961.39,934.11,0.46749923,4.2708386339999995
850122,2014-09-05,964.65,958.33,971.49,948.7,0.48951462,4.739551153
850122,2014-09-09,970.58,959.65,975.51,952.03,0.56838031,5.037631648600001
850122,2014-09-10,966.47,961.74,976.38,948.76,0.53573142,4.9359701082
850122,2014-09-11,972.88,963.11,989.07,950.97,0.82253504,8.0165488118
850122,2014-09-12,981.55,969.67,986.84,963.02,0.6727184,6.091274151
850122,2014-09-15,985.61,977.36,994.05,970.59,0.67857317,6.0636436578
850122,2014-09-16,943.84,983.26,991.87,935.97,0.78819429,7.0143197242
850122,2014-09-17,974.5,947.31,983.24,939.55,1.17575954,10.0093460637
850122,2014-09-18,979.71,969.61,989.89,957.79,1.01319916,8.8023358717
850122,2014-09-19,1007.11,978.78,1025.91,971.58,1.18657173,10.962061968699999
850122,2014-09-22,994.6,1005.9,1018.42,980.12,0.91298688,9.006142390599999
850122,2014-09-23,1005.82,994.12,1019.03,987.89,0.80495941,7.9172825851
850122,2014-09-24,1011.64,1008.28,1020.63,993.67,0.72046675,7.114629537999999
850122,2014-09-25,1005.98,1013.21,1028.51,997.84,0.80838956,8.1604837368
850122,2014-09-26,1030.77,1000.1,1040.39,992.6,0.99657557,9.7995259944
850122,2014-09-29,1038.25,1031.96,1052.04,1023.1,0.96732844,9.3357306213
850122,2014-09-30,1031.72,1037.36,1048.17,1023.58,0.66589893,6.493581509199999
850122,2014-10-08,1046.81,1034.21,1054.27,1021.15,0.89414217,8.5321990764
850122,2014-10-09,1049.19,1046.41,1062.09,1024.99,0.87118897,8.976174934600001
850122,2014-10-10,1031.71,1043.54,1050.57,1022.85,0.70836844,7.5743059974
850122,2014-10-13,1022.98,1026.13,1033.05,1005.61,0.56227222,5.7125997717
850122,2014-10-14,1021.34,1023.99,1039.0,1010.8,0.54849045,5.117166387
850122,2014-10-15,1023.26,1021.39,1033.93,1004.97,0.55972641,5.2800849127
850122,2014-10-16,1013.18,1021.91,1033.27,1003.79,0.59078891,5.7271441278
850122,2014-10-17,996.19,1012.1,1025.62,980.49,0.67005369,6.3515523554
850122,2014-10-20,1006.16,1003.22,1016.37,990.79,0.44151203,4.2227092578
850122,2014-10-21,999.45,1008.2,1017.15,990.76,0.39758143,3.9153127391000004
850122,2014-10-22,992.16,1001.8,1015.35,983.99,0.43849557,4.3948036429
850122,2014-10-23,983.45,993.6,1004.84,969.13,0.50441182,5.095103207
850122,2014-10-24,983.04,984.67,997.33,973.81,0.29146517,2.9261805277999997
850122,2014-10-27,989.15,984.04,1000.5,968.05,0.32199156,3.2684581937
850122,2014-10-28,1002.91,991.63,1007.54,983.59,0.41493828,4.0479714348
850122,2014-10-29,1012.66,1006.18,1023.63,995.19,0.5756,5.6807092588
850122,2014-10-30,1012.28,1012.37,1025.13,1002.5,0.49196248,4.7701857016
850122,2014-10-31,1009.85,1010.86,1024.68,989.53,0.58118421,5.5150594748
850122,2014-11-03,1007.63,1010.72,1018.19,990.33,0.59705274,5.5218170128
850122,2014-11-04,1008.51,1007.07,1018.75,995.66,0.49127237,4.7480246327
850122,2014-11-05,1011.38,1009.76,1024.01,998.25,0.55981795,5.2809450127
850122,2014-11-06,1007.48,1011.33,1020.24,992.84,0.50184015,4.820290251
850122,2014-11-07,996.25,1010.07,1017.29,991.25,0.43099048,4.0508030292
850122,2014-11-10,998.53,998.58,1007.45,987.65,0.34169609,3.1800573424
850122,2014-11-11,969.95,1000.73,1008.64,953.29,0.64735758,5.9939845376
850122,2014-11-12,979.91,968.56,985.34,957.69,0.32422582,2.8809675338
850122,2014-11-13,979.18,981.41,995.23,966.08,0.53443333,4.1518409681
850122,2014-11-14,975.83,981.26,989.31,962.65,0.54205975,4.1331091589
850122,2014-11-17,981.69,978.74,989.39,964.35,0.42664011,3.6490284572000005
850122,2014-11-18,989.77,980.37,996.34,971.92,0.40254845,3.6931612782
850122,2014-11-19,987.44,990.97,997.04,978.35,0.3825845,3.6294529831999998
850122,2014-11-20,983.35,988.41,994.93,975.28,0.31910084,2.7684269529
850122,2014-11-21,993.52,988.86,1000.35,978.28,0.39666126,3.8877998999
850122,2014-11-24,1000.72,1000.13,1007.62,983.26,0.60114978,5.5065741157
850122,2014-11-25,1013.67,1001.91,1020.71,990.36,0.70061761,6.3700708308000005
850122,2014-11-26,1016.4,1015.33,1025.1,1000.91,0.62703382,6.0776639896
850122,2014-11-27,1025.68,1020.07,1036.46,1006.12,0.73469352,7.3018937014
850122,2014-11-28,1018.73,1027.41,1034.24,1007.14,0.64059672,6.0879065594
850122,2014-12-01,1007.19,1020.58,1027.7,989.63,0.80729588,7.0490753952
850122,2014-12-02,1013.92,1009.81,1027.2,995.02,0.7739001,6.6753192627999995
850122,2014-12-03,1016.05,1014.1,1026.49,999.11,0.78750503,6.7579813926
850122,2014-12-04,1024.55,1019.89,1038.35,1010.15,0.81344092,7.195793603099999
850122,2014-12-05,999.93,1028.3,1035.4,978.53,0.8316217,7.132748079400001
850122,2014-12-08,984.06,974.45,994.25,966.17,0.70741949,6.5429977927
850122,2014-12-09,944.04,963.5,978.67,935.73,0.96180473,8.624111455700001
850122,2014-12-10,959.38,924.57,964.69,914.48,1.28691067,13.288563310599999
850122,2014-12-11,993.03,957.23,1000.87,948.13,1.78350261,19.4607953197
850122,2014-12-12,988.43,984.57,1002.4,969.73,1.11339612,12.1634201005
850122,2014-12-15,987.38,985.47,1000.34,966.77,0.8617536,8.7353582633
850122,2014-12-16,989.23,985.21,1000.95,970.44,0.74303103,7.6965210992
850122,2014-12-17,983.38,989.99,1000.71,965.16,0.83047572,8.5339438693
850122,2014-12-18,969.89,977.39,986.79,964.18,0.56850476,5.7363759196
850122,2014-12-19,955.94,969.05,979.37,941.55,0.66120317,6.327892372999999
850122,2014-12-22,929.84,955.13,965.24,900.82,0.82309885,7.524019785399999
850122,2014-12-23,922.31,926.35,944.61,907.24,0.44018397,4.0396691256
850122,2014-12-24,938.76,927.48,946.39,920.02,0.43186706,3.9069566211
850122,2014-12-25,944.16,941.33,951.94,931.59,0.4498386,3.9536982323000003
850122,2014-12-26,938.77,943.94,948.84,930.22,0.40606346,3.7247979236
850122,2014-12-29,926.51,934.91,945.67,906.58,0.58387981,5.3216219944
850122,2014-12-30,907.67,924.1,932.57,903.2,0.41478482,3.777186584
850122,2014-12-31,915.84,908.43,924.42,896.98,0.37001574,3.433104993
850122,2015-01-05,925.27,917.12,933.66,904.0,0.54809625,4.7796134664
850122,2015-01-06,935.78,921.53,941.79,912.98,0.50229335,4.6464617755
850122,2015-01-07,944.56,938.52,958.69,930.08,0.68189594,6.406428075599999
850122,2015-01-08,941.29,942.83,954.2,933.13,0.47289471,4.3777788096
850122,2015-01-09,934.97,937.32,954.22,931.36,0.50973692,4.5049005698
850122,2015-01-12,911.52,930.88,934.54,902.01,0.42275494,3.7091938866
850122,2015-01-13,922.65,912.94,930.07,906.27,0.31636329,2.9730244758
850122,2015-01-14,938.52,922.23,948.05,913.17,0.4367578,4.4556897515
850122,2015-01-15,936.49,937.38,946.05,928.74,0.30932282,2.9445201417
850122,2015-01-16,960.35,936.21,965.73,930.67,0.60400809,5.7693525211
850122,2015-01-19,952.22,949.8,987.37,927.13,0.94502725,9.9053589575
850122,2015-01-20,977.15,954.06,982.5,948.63,0.72909346,7.7225542557
850122,2015-01-21,986.45,976.01,993.72,968.35,0.82590129,8.2522351012
850122,2015-01-22,1005.49,986.92,1014.01,977.55,1.14800201,10.534192807
850122,2015-01-23,984.99,1002.87,1008.42,978.96,0.70998002,6.851374397000001
850122,2015-01-26,998.48,984.16,1004.24,978.26,0.56289916,5.425074717699999
850122,2015-01-27,1000.66,999.22,1011.0,977.35,0.61062421,5.9222617929
850122,2015-01-28,1014.69,997.65,1027.61,985.61,0.71596216,7.876308266000001
850122,2015-01-29,1012.64,1003.65,1025.19,993.62,0.53527915,5.3062440444
850122,2015-01-30,991.73,1007.37,1022.42,982.04,0.60375144,5.6431377223000005
850122,2015-02-02,979.5,978.02,994.01,959.2,0.4007534,3.8484342384
850122,2015-02-03,997.94,975.53,1004.13,969.79,0.45833048,4.4134698381
850122,2015-02-04,991.95,991.77,1011.04,979.63,0.45663067,4.4972181781
850122,2015-02-05,984.15,993.18,1004.03,974.11,0.41392091,3.9704622571
850122,2015-02-06,968.87,977.95,997.57,956.26,0.38202263,3.6602691614
850122,2015-02-09,964.71,960.56,978.87,949.1,0.26966384,2.5751057898
850122,2015-02-10,968.55,959.77,974.33,951.3,0.20125498,1.8390334245
850122,2015-02-11,980.21,965.16,987.59,957.44,0.29352997,2.7658705307
850122,2015-02-12,988.37,975.78,997.08,954.09,0.4817224,5.1708163617
850122,2015-02-13,999.28,986.83,1009.78,978.25,0.68291623,6.601924157899999
850122,2015-02-16,1012.67,998.37,1018.5,991.45,0.75606131,7.336353326
850122,2015-02-17,1022.34,1011.9,1038.57,1001.18,0.72941359,7.2743841413
850122,2015-02-25,1024.9,1021.85,1042.62,1005.45,0.56177001,6.039329372899999
850122,2015-02-26,1030.02,1025.5,1042.77,1015.74,0.65625444,6.602081844700001
850122,2015-02-27,1038.9,1035.0,1051.02,1023.63,0.73781584,7.198442029600001
850122,2015-03-02,1059.89,1039.68,1066.21,1030.98,0.98133696,9.8342198545
850122,2015-03-03,1050.85,1055.99,1081.18,1038.5,0.89882704,9.7512473288
850122,2015-03-04,1073.18,1049.83,1089.84,1046.72,0.92830455,9.4549559787
850122,2015-03-05,1083.06,1071.94,1099.16,1054.55,0.82943615,8.598263839400001
850122,2015-03-06,1074.52,1080.85,1099.26,1059.93,0.64692451,6.8606975378
850122,2015-03-09,1085.06,1073.6,1097.68,1057.5,0.64549723,6.614172237000001
850122,2015-03-10,1088.16,1088.77,1105.2,1074.27,0.71712398,7.737104047100001
850122,2015-03-11,1074.57,1084.74,1098.55,1058.61,0.71092233,7.7409972212
850122,2015-03-12,1070.32,1075.78,1092.08,1057.74,0.59951638,6.239806065800001
850122,2015-03-13,1076.69,1071.97,1090.52,1062.97,0.61526651,6.1172376811
850122,2015-03-16,1124.37,1081.89,1132.48,1078.64,1.20735906,13.0985708282
850122,2015-03-17,1131.04,1130.3,1156.59,1111.05,1.17027726,12.826738657
850122,2015-03-18,1144.99,1127.61,1151.44,1119.13,0.97023766,10.6005581539
850122,2015-03-19,1163.98,1147.34,1175.14,1129.55,0.95591801,11.3065240564
850122,2015-03-20,1172.48,1163.27,1187.87,1150.71,0.94184412,12.3130744114
850122,2015-03-23,1183.96,1168.29,1201.58,1158.56,0.92073628,10.856201829000002
850122,2015-03-24,1179.71,1182.76,1201.55,1137.94,1.08646724,12.274634452
850122,2015-03-25,1195.11,1174.71,1212.11,1159.72,1.09796501,13.081063155699999
850122,2015-03-26,1188.83,1186.48,1216.62,1169.07,0.96415891,10.9361943598
850122,2015-03-27,1214.17,1184.9,1225.77,1174.86,0.89148316,10.5995676167
850122,2015-03-30,1217.87,1210.1,1237.03,1196.38,0.87392644,10.4160331593
850122,2015-03-31,1226.09,1219.43,1251.82,1199.62,0.99922388,12.3631228613
850122,2015-04-01,1259.15,1231.32,1270.05,1221.62,1.10874625,15.543811365
850122,2015-04-02,1278.84,1260.76,1290.69,1245.94,1.15563476,15.4444220428
850122,2015-04-03,1290.5,1269.77,1304.86,1254.71,0.96568476,13.040728339500001
850122,2015-04-07,1318.38,1290.63,1332.28,1276.99,1.09486526,14.910752970399999
850122,2015-04-08,1299.8,1319.09,1341.11,1275.01,1.15817292,16.088103196800002
850122,2015-04-09,1288.13,1299.28,1323.3,1217.11,1.25262881,16.7815616117
850122,2015-04-10,1326.91,1283.21,1344.96,1266.73,1.0000346,14.250494039100001
850122,2015-04-13,1374.5,1355.92,1391.89,1326.41,1.36982888,20.5610155552
850122,2015-04-14,1405.03,1369.64,1439.21,1349.09,1.3420448,19.3286876922
850122,2015-04-15,1368.56,1402.93,1427.46,1336.65,1.1340108,17.0121956381
850122,2015-04-16,1384.64,1347.84,1412.87,1322.91,0.93285005,13.8416804121
850122,2015-04-17,1382.35,1385.0,1422.59,1355.54,1.17155665,16.8335561717
850122,2015-04-20,1340.16,1379.47,1395.62,1317.47,1.14464832,15.909392031600001
850122,2015-04-21,1383.33,1338.69,1393.28,1329.12,1.00325585,14.0629740604
850122,2015-04-22,1407.93,1389.36,1424.0,1373.25,1.09765095,15.575692715999999
850122,2015-04-23,1437.97,1409.63,1464.93,1391.53,1.26150437,18.2615333812
850122,2015-04-24,1428.89,1418.59,1462.64,1392.1,1.13700288,17.3515877151
850122,2015-04-27,1438.9,1432.59,1473.48,1415.15,1.01730518,14.773011285299999
850122,2015-04-28,1400.55,1436.54,1467.93,1372.21,1.17618651,16.8567780056
850122,2015-04-29,1440.69,1389.01,1452.77,1377.45,0.80039603,11.819297170999999
850122,2015-04-30,1452.45,1442.82,1484.59,1419.81,0.88324531,13.2195731802
850122,2015-05-04,1483.7,1451.94,1501.97,1422.84,0.97657721,13.966333564400001
850122,2015-05-05,1409.95,1477.53,1483.4,1392.8,0.89045451,13.368841226199999
850122,2015-05-06,1389.35,1420.31,1451.57,1362.29,0.89344618,12.636724718900002
850122,2015-05-07,1373.46,1387.86,1420.53,1338.94,0.68325616,9.7067795972
850122,2015-05-08,1429.71,1383.45,1441.78,1370.21,0.7666939,11.393755338499998
850122,2015-05-11,1509.51,1438.09,1531.52,1428.59,1.07321709,16.6385360548
850122,2015-05-12,1532.5,1515.3,1554.31,1497.69,0.96371226,15.6692348928
850122,2015-05-13,1539.44,1528.07,1571.32,1482.79,1.16788294,17.864154362
850122,2015-05-14,1558.39,1545.92,1604.96,1513.74,1.49225373,19.0053606222
850122,2015-05-15,1622.4,1562.9,1639.56,1535.23,1.50554116,22.1849818353
850122,2015-05-18,1697.03,1628.62,1722.79,1606.03,1.39180681,20.1280514398
850122,2015-05-19,1763.69,1694.14,1787.62,1658.3,1.206017,19.6882619945
850122,2015-05-20,1746.47,1760.77,1836.3,1701.25,1.24820725,22.5043565744
850122,2015-05-21,1777.57,1725.98,1802.93,1701.26,1.01405225,17.6093150369
850122,2015-05-22,1799.44,1772.47,1844.33,1736.13,1.14366843,20.707302872
850122,2015-05-25,1816.97,1779.53,1851.03,1743.75,1.16573078,20.7862429508
850122,2015-05-26,1901.86,1811.65,1914.38,1775.66,1.16092699,20.8523708433
850122,2015-05-27,1936.03,1909.79,1982.54,1836.9,1.33621336,25.145781021199998
850122,2015-05-28,1841.74,1922.31,1995.17,1800.13,1.46166918,25.9283500328
850122,2015-05-29,1908.58,1844.18,1940.97,1734.07,1.27483581,21.7690829302
850122,2015-06-01,2042.96,1955.64,2067.67,1927.63,1.29351784,21.9455833131
850122,2015-06-02,2162.52,2089.73,2193.82,2054.66,1.19758155,22.223678848899997
850122,2015-06-03,2179.04,2182.58,2245.58,2072.29,1.09742415,22.3914559949
850122,2015-06-04,2162.64,2202.94,2239.03,2020.17,1.81919988,35.3758110809
850122,2015-06-05,2165.3,2169.85,2248.58,2084.22,1.63319851,32.0731472619
850122,2015-06-08,2119.37,2154.93,2209.7,2057.59,1.16691289,22.3048260249
850122,2015-06-09,2097.76,2101.61,2172.34,2043.11,0.89141764,17.5232995632
850122,2015-06-10,2222.93,2093.94,2249.2,2049.45,1.2716429,26.0419812685
850122,2015-06-11,2281.81,2237.0,2331.28,2192.61,1.39290238,29.0597754698
850122,2015-06-12,2288.58,2277.45,2349.92,2230.63,1.16685929,23.559900711999997
850122,2015-06-15,2256.72,2307.39,2357.41,2189.14,1.32166862,26.775243163600003
850122,2015-06-16,2148.64,2220.86,2253.63,2062.76,0.93348745,18.1056425329
850122,2015-06-17,2163.15,2142.96,2193.53,2016.59,0.81111745,16.126239575899998
850122,2015-06-18,2109.43,2152.34,2215.54,2044.02,0.78380356,15.2755447316
850122,2015-06-19,1965.05,2060.61,2116.73,1920.62,0.86214326,15.8403441058
850122,2015-06-23,1921.26,1951.39,2003.69,1797.73,0.96273667,16.8993312041
850122,2015-06-24,1975.08,1939.03,2004.3,1869.92,0.84030397,14.5753315422
850122,2015-06-25,1925.12,1968.55,2032.77,1864.14,0.8888356,15.4181218845
850122,2015-06-26,1775.0,1878.04,1913.87,1744.32,0.95051468,14.8677177254
850122,2015-06-29,1685.63,1792.8,1840.69,1636.08,1.26058535,16.881702259100003
850122,2015-06-30,1753.56,1669.77,1806.37,1559.13,1.39175237,18.4156044138
850122,2015-07-01,1670.99,1752.38,1832.03,1637.58,1.25090806,18.0577573594
850122,2015-07-02,1578.96,1675.24,1715.77,1543.83,1.05020572,13.2762954475
850122,2015-07-03,1486.81,1532.25,1617.65,1459.92,1.02900532,11.8309674749
850122,2015-07-06,1409.02,1578.29,1596.64,1376.74,1.43508767,15.4605840454
850122,2015-07-07,1356.04,1433.28,1448.06,1327.65,0.24878437,1.88090911
850122,2015-07-08,1341.17,1406.96,1421.75,1312.77,0.037948,0.22275476
850122,2015-07-09,1341.17,1406.96,1421.75,1312.77,0.0,0.0
850122,2015-07-10,1341.17,1406.96,1421.75,1312.77,0.0,0.0
850122,2015-07-13,1387.13,1452.55,1467.34,1358.74,0.04109726,0.420361282
850122,2015-07-14,1460.48,1489.35,1504.13,1433.72,0.37576772,4.9429825155
850122,2015-07-16,1452.06,1432.94,1528.1,1348.1,1.30495687,13.538755618
850122,2015-07-17,1532.98,1496.23,1578.27,1440.95,1.24418396,13.0056985826
850122,2015-07-20,1597.25,1577.23,1650.98,1506.29,1.58562341,19.7128189879
850122,2015-07-21,1688.85,1619.85,1737.07,1540.98,2.08365831,26.454676347600003
850122,2015-07-22,1684.79,1732.64,1771.49,1630.39,1.80832813,24.2226308332
850122,2015-07-23,1729.49,1719.07,1792.66,1640.79,1.64791348,24.5790839618
850122,2015-07-24,1700.92,1755.71,1820.08,1661.55,1.8885382,29.1818851688
850122,2015-07-27,1589.72,1696.8,1767.31,1569.87,1.39904136,19.4152037204
850122,2015-07-28,1520.05,1531.19,1619.93,1469.89,1.51551221,18.3725436365
850122,2015-07-29,1582.06,1563.53,1633.05,1447.3,1.37772012,16.8481417735
850122,2015-07-30,1543.37,1596.97,1661.32,1504.27,1.24245712,15.9546790869
850122,2015-07-31,1494.72,1551.12,1584.87,1442.34,0.9335204,11.2575684534
850122,2015-08-03,1431.37,1510.47,1537.07,1390.46,1.02173491,11.187311618199999
850122,2015-08-04,1499.16,1463.06,1546.52,1408.33,1.07008736,12.1126333533
850122,2015-08-05,1482.64,1531.62,1561.37,1447.81,0.97000282,11.6515512611
850122,2015-08-06,1467.1,1485.9,1529.66,1424.95,0.68328918,7.8463029485
850122,2015-08-07,1521.36,1507.1,1568.14,1455.08,1.00005934,11.9986183972
850122,2015-08-10,1580.65,1562.33,1639.56,1503.69,1.12830192,13.639400077000001
850122,2015-08-11,1600.7,1608.85,1665.55,1549.16,1.27690125,16.2642907116
850122,2015-08-12,1586.19,1615.31,1659.24,1550.62,0.95204951,11.8373697095
850122,2015-08-13,1628.88,1608.84,1685.94,1544.45,1.15951875,14.2592087754
850122,2015-08-14,1651.36,1660.67,1716.41,1593.61,1.51182557,18.8852080175
850122,2015-08-17,1687.08,1660.48,1748.97,1593.09,1.42814059,18.0349510778
850122,2015-08-18,1591.54,1716.4,1758.07,1557.55,1.54014998,19.9423147965
850122,2015-08-19,1667.76,1567.92,1708.92,1515.43,1.56038128,19.5971998027
850122,2015-08-20,1652.58,1676.75,1752.48,1614.14,1.42237851,18.9830310354
850122,2015-08-21,1567.56,1655.49,1702.48,1536.51,1.56445621,22.160851887199996
850122,2015-08-24,1463.72,1509.64,1548.09,1443.92,0.6328583,6.9514339242
850122,2015-08-25,1371.17,1390.17,1431.86,1350.44,0.6226554,5.742926871799999
850122,2015-08-26,1305.51,1342.03,1431.47,1275.06,2.21877499,22.404434837399997
850122,2015-08-27,1334.37,1328.33,1376.91,1246.09,1.47176708,14.2212497246
850122,2015-08-28,1397.51,1358.06,1432.77,1308.19,1.60275071,15.8701449681
850122,2015-08-31,1336.69,1397.51,1425.11,1312.45,1.34940387,13.2767924232
850122,2015-09-01,1259.31,1336.16,1357.23,1237.67,1.21433923,10.718063069
850122,2015-09-07,1238.88,1248.08,1299.27,1206.09,0.99616474,8.4887673053
850122,2015-09-08,1261.86,1229.93,1291.33,1198.19,0.8672183,7.4192111212
850122,2015-09-09,1271.38,1264.47,1306.96,1236.54,1.30608764,12.1826443314
850122,2015-09-10,1238.99,1255.59,1293.17,1225.62,1.1214352,10.8667103995
850122,2015-09-11,1243.87,1241.06,1280.33,1208.99,1.66571445,18.3578148099
850122,2015-09-14,1148.17,1256.25,1269.25,1147.93,1.40863839,13.8552215438
850122,2015-09-15,1077.89,1133.11,1163.8,1068.96,1.31461896,11.2978612424
850122,2015-09-16,1148.9,1101.1,1177.49,1068.33,1.5082379,13.5616280525
850122,2015-09-17,1114.2,1169.27,1198.58,1110.96,1.55163373,14.4898177162
850122,2015-09-18,1136.23,1144.15,1170.15,1106.12,1.0700622,9.6630173863
850122,2015-09-21,1176.68,1142.75,1202.85,1115.05,1.18451165,11.0899795206
850122,2015-09-22,1173.6,1194.97,1214.56,1158.19,1.1711417,11.1868983068
850122,2015-09-23,1147.82,1177.56,1191.76,1133.23,0.89606613,8.008187572699999
850122,2015-09-24,1182.83,1174.76,1207.51,1147.48,0.9878481,9.4303104236
850122,2015-09-25,1151.52,1199.48,1213.14,1129.89,1.01716267,10.2656512988
850122,2015-09-28,1172.74,1170.74,1198.09,1128.85,0.63793775,6.3661214801
850122,2015-09-29,1152.55,1173.02,1196.24,1138.57,0.65406656,6.3608507988
850122,2015-09-30,1153.03,1179.32,1192.92,1144.24,0.49955975,4.7428399535
850122,2015-10-08,1199.62,1207.25,1230.28,1169.57,1.07327137,10.0779172709
850122,2015-10-09,1218.07,1216.59,1250.53,1186.74,1.24251842,12.507124423599999
850122,2015-10-12,1266.38,1243.88,1302.4,1219.17,1.59080349,16.1043619183
850122,2015-10-13,1275.64,1281.55,1309.27,1248.65,1.18425332,12.4704329553
850122,2015-10-14,1271.37,1291.55,1327.45,1253.51,1.12704477,12.0480858579
850122,2015-10-15,1306.01,1288.89,1335.13,1262.85,1.13876598,12.0294171877
850122,2015-10-16,1315.25,1335.71,1357.14,1286.11,1.31883206,14.010197075899999
850122,2015-10-19,1333.7,1336.53,1371.2,1298.36,1.26252218,13.956680044
850122,2015-10-20,1357.16,1360.19,1399.0,1321.58,1.39888538,15.5553208311
850122,2015-10-21,1270.32,1379.2,1393.32,1257.43,1.63358069,17.9314326881
850122,2015-10-22,1325.9,1290.74,1352.6,1257.07,1.28298966,14.139746197400001
850122,2015-10-23,1385.67,1367.67,1412.62,1322.02,1.57051889,18.7870335816
850122,2015-10-26,1388.16,1423.02,1443.15,1357.9,1.54299524,18.721895238800002
850122,2015-10-27,1390.06,1402.0,1424.67,1323.98,1.35031406,16.2155622198
850122,2015-10-28,1355.9,1392.37,1426.65,1341.76,1.26643685,15.0673931796
850122,2015-10-29,1362.91,1359.87,1387.9,1343.14,0.95445781,12.1471241204
850122,2015-10-30,1367.73,1361.27,1390.34,1336.52,1.14700465,13.1860405037
850122,2015-11-02,1339.88,1337.65,1379.7,1319.24,0.91773053,10.5197244103
850122,2015-11-03,1376.04,1345.73,1389.26,1331.68,1.22437496,14.4897305849
850122,2015-11-04,1437.49,1383.03,1444.4,1369.6,1.77724865,20.9210929534
850122,2015-11-05,1431.03,1432.99,1460.71,1406.74,1.6166002,19.0272650657
850122,2015-11-06,1458.05,1430.24,1485.51,1423.26,1.53082135,18.239744633
850122,2015-11-09,1452.06,1445.91,1471.18,1421.03,1.19922533,13.6650138528
850122,2015-11-10,1465.08,1442.01,1487.18,1432.62,1.34147129,14.9595844622
850122,2015-11-11,1497.27,1464.83,1521.19,1450.7,1.2756297,15.681872588
850122,2015-11-12,1504.37,1499.68,1531.03,1470.33,1.14497196,13.877770959500001
850122,2015-11-13,1469.66,1488.83,1509.58,1455.46,0.99426292,12.103980424200001
850122,2015-11-16,1502.8,1454.03,1505.69,1437.47,0.80644689,10.4251274932
850122,2015-11-17,1506.15,1509.6,1573.99,1488.07,1.49856665,20.4040002936
850122,2015-11-18,1504.81,1496.59,1561.02,1478.46,1.02066732,12.9564040776
850122,2015-11-19,1531.35,1499.81,1551.14,1480.13,0.80161875,10.3121782525
850122,2015-11-20,1556.21,1522.82,1585.13,1508.52,1.07180975,13.4408346144
850122,2015-11-23,1570.29,1552.18,1618.26,1524.24,1.15035166,15.1010956773
850122,2015-11-24,1586.0,1562.93,1607.02,1540.06,0.78946056,11.1559318745
850122,2015-11-25,1639.57,1588.28,1667.55,1568.3,1.25658036,16.957708168099998
850122,2015-11-26,1660.7,1641.76,1715.22,1622.15,1.35454677,20.4890189017
850122,2015-11-27,1593.83,1658.01,1708.84,1563.77,1.72762069,25.8677921295
850122,2015-11-30,1583.95,1595.07,1630.85,1497.25,1.39009713,19.9708083194
850122,2015-12-01,1577.1,1572.91,1623.91,1526.44,1.23757671,18.126615858
850122,2015-12-02,1556.22,1571.08,1590.87,1504.82,0.83777627,10.8876587723
850122,2015-12-03,1587.98,1519.17,1602.35,1513.44,1.09802866,18.2967079392
850122,2015-12-04,1640.7,1565.29,1656.08,1537.23,1.36657729,23.5053244578
850122,2015-12-07,1658.5,1636.4,1695.73,1579.64,1.57408943,30.1299713043
850122,2015-12-08,1600.49,1643.06,1680.81,1578.97,1.34882335,20.875906371
850122,2015-12-09,1572.82,1579.32,1623.57,1538.95,1.12364614,17.0111150685
850122,2015-12-10,1570.61,1558.24,1607.76,1541.11,0.98499523,13.9742839927
850122,2015-12-11,1533.04,1559.74,1583.44,1507.38,0.88185054,12.029632084300001
850122,2015-12-14,1584.12,1511.93,1589.35,1492.76,1.00608705,13.2437020684
850122,2015-12-15,1618.4,1580.79,1635.3,1564.91,1.11381068,15.180060174600001
850122,2015-12-16,1637.56,1618.89,1677.46,1596.34,1.23926238,19.243912801300002
850122,2015-12-17,1667.19,1636.24,1698.06,1615.12,1.40627212,22.3370346562
850122,2015-12-18,1649.09,1654.36,1690.08,1606.47,1.22037028,18.5850779458
850122,2015-12-21,1708.74,1638.32,1720.29,1624.1,1.56722426,21.711589029299997
850122,2015-12-22,1747.13,1724.75,1779.65,1681.26,1.81012936,26.0492888083
850122,2015-12-23,1688.47,1734.85,1764.46,1673.06,1.36464715,20.9907181958
850122,2015-12-24,1701.55,1683.56,1725.91,1631.22,1.28942696,18.491504454
850122,2015-12-25,1716.79,1694.96,1741.21,1669.3,0.86004309,12.8518292344
850122,2015-12-28,1651.76,1721.73,1744.02,1629.38,1.12972244,16.9634069056
850122,2015-12-29,1661.76,1635.97,1676.85,1591.04,0.82286959,12.9140083256
850122,2015-12-30,1688.9,1656.11,1701.34,1628.61,1.00358527,14.4394335232
850122,2015-12-31,1670.71,1688.73,1728.0,1635.92,0.91568757,15.4484310925
850122,2016-01-04,1521.38,1664.65,1683.39,1513.09,0.76547414,10.9370769526
850122,2016-01-05,1463.25,1420.84,1536.66,1381.91,1.23926637,17.0267396179
850122,2016-01-06,1529.81,1467.72,1539.42,1440.93,1.20575964,17.0390513903
850122,2016-01-07,1390.31,1492.68,1503.73,1380.72,0.28920256,3.7878874242
850122,2016-01-08,1385.53,1410.94,1464.76,1293.79,1.29908033,18.7553433188
850122,2016-01-11,1257.73,1334.48,1371.83,1250.67,1.23187742,13.7277995501
850122,2016-01-12,1203.74,1209.47,1258.35,1158.14,1.34088736,15.3378258725
850122,2016-01-13,1149.31,1197.04,1231.91,1135.97,1.12708804,12.7656435092
850122,2016-01-14,1188.05,1091.53,1200.96,1077.17,1.14699268,12.364090935
850122,2016-01-15,1127.04,1171.36,1198.21,1104.78,0.97300256,10.3709731764
850122,2016-01-18,1171.1,1095.5,1188.42,1083.41,1.03935427,11.529640831300002
850122,2016-01-19,1234.61,1155.72,1246.24,1147.84,1.18998333,14.0664900854
850122,2016-01-20,1242.24,1216.35,1280.9,1202.11,1.18696475,15.106597430799999
850122,2016-01-21,1172.85,1212.77,1252.27,1161.04,0.90002173,10.842323184100001
850122,2016-01-22,1195.2,1182.31,1214.84,1138.5,0.70956628,8.0800367464
850122,2016-01-25,1209.29,1203.81,1232.44,1174.56,0.64088518,7.4913522037
850122,2016-01-26,1107.51,1186.59,1211.22,1092.59,0.86545565,9.4089451341
850122,2016-01-27,1075.03,1106.22,1125.28,1012.19,1.01374345,9.978056685599999
850122,2016-01-28,1032.69,1055.24,1088.9,1010.51,0.7119713,6.9157732827
850122,2016-01-29,1076.41,1023.24,1092.72,1014.7,0.67183875,6.7087959278
850122,2016-02-01,1060.87,1065.3,1089.33,1028.92,0.50807832,5.163164012
850122,2016-02-02,1099.74,1053.72,1115.67,1051.99,0.64911521,6.5604412295
850122,2016-02-03,1102.93,1077.83,1111.64,1062.76,0.53598256,5.4240469704
850122,2016-02-04,1117.44,1100.22,1136.8,1095.95,0.63996438,6.8206728901
850122,2016-02-05,1107.73,1111.97,1139.55,1092.33,0.55252299,5.7431168276
850122,2016-02-15,1095.99,1054.61,1109.98,1046.3,0.44906954,4.4996345743
850122,2016-02-16,1157.94,1097.12,1165.36,1094.21,0.71103389,7.8170335614
850122,2016-02-17,1191.18,1152.86,1199.76,1134.8,0.97456135,12.2044634354
850122,2016-02-18,1199.46,1185.84,1235.34,1164.04,1.1519971,14.7565732897
850122,2016-02-19,1191.9,1185.3,1208.58,1165.98,0.73858402,9.2201691995
850122,2016-02-22,1218.38,1199.5,1230.04,1182.21,0.87765435,10.2520408423
850122,2016-02-23,1195.81,1209.87,1223.31,1166.08,0.75745178,8.7461840104
850122,2016-02-24,1198.65,1185.58,1215.7,1152.52,0.76089588,8.602582675199999
850122,2016-02-25,1091.17,1188.01,1198.74,1082.2,0.88503725,9.3276238068
850122,2016-02-26,1082.73,1088.64,1115.78,1047.6,0.72738588,7.3185649761
850122,2016-02-29,1008.05,1066.27,1077.31,988.67,0.78896528,7.255818135299999
850122,2016-03-01,1031.86,1005.48,1041.01,977.93,0.69372394,6.973396381000001
850122,2016-03-02,1087.36,1019.84,1094.86,1013.31,0.81645228,8.5415672609
850122,2016-03-03,1090.92,1084.88,1123.98,1074.43,0.89765368,9.3264110125
850122,2016-03-04,1047.01,1077.9,1103.27,1024.34,0.87870305,8.4147920556
850122,2016-03-07,1083.8,1048.8,1101.76,1044.62,0.72650892,6.917885484199999
850122,2016-03-08,1096.56,1078.11,1105.68,1021.76,0.94515944,8.8024419299
850122,2016-03-09,1074.09,1064.13,1092.64,1040.94,0.43846797,4.6809327291
850122,2016-03-10,1058.17,1062.05,1085.98,1031.62,0.40572914,4.1623763361
850122,2016-03-11,1059.55,1037.76,1068.35,1017.03,0.28372952,2.9066283349
850122,2016-03-14,1089.84,1057.85,1108.59,1046.25,0.5589048,6.058829299299999
850122,2016-03-15,1081.07,1074.34,1098.4,1051.32,0.36323305,3.9831923251999997
850122,2016-03-16,1070.07,1072.58,1096.68,1039.85,0.32432589,3.5313957632
850122,2016-03-17,1103.49,1063.47,1113.8,1047.32,0.63239485,7.3749384607
850122,2016-03-18,1151.03,1096.28,1162.7,1082.84,1.0710099,12.4525597873
850122,2016-03-21,1176.01,1146.07,1189.89,1123.0,1.1094194,13.057551489300002
850122,2016-03-22,1182.08,1148.15,1205.44,1131.44,0.92100504,11.244484912599999
850122,2016-03-23,1189.58,1164.66,1202.05,1146.04,0.67837391,8.4620884388
850122,2016-03-24,1172.04,1165.55,1209.41,1139.44,0.8313208,10.7262214556
850122,2016-03-25,1178.1,1157.81,1194.36,1132.16,0.72828053,8.9679735282
850122,2016-03-28,1192.78,1166.51,1224.96,1151.71,1.22204606,14.5102301425
850122,2016-03-29,1160.32,1174.48,1194.33,1124.87,0.73101987,8.535267773200001
850122,2016-03-30,1195.48,1159.06,1203.88,1144.39,0.69237497,8.4433403663
850122,2016-03-31,1200.48,1183.48,1229.65,1165.75,0.79220458,10.1522778684
850122,2016-04-01,1202.08,1184.65,1220.36,1153.78,0.72089643,9.0944370534
850122,2016-04-05,1230.42,1188.71,1239.36,1169.82,0.82367257,11.056148170999998
850122,2016-04-06,1247.52,1219.28,1265.54,1199.12,1.05735524,14.108293290699999
850122,2016-04-07,1217.06,1232.06,1256.55,1190.35,0.83033926,10.716635828400001
850122,2016-04-08,1219.5,1196.55,1235.88,1172.03,0.79900432,9.4788825578
850122,2016-04-11,1237.33,1212.21,1254.28,1198.25,0.84216297,11.061113181800001
850122,2016-04-12,1221.13,1218.27,1246.0,1179.1,0.7354848,9.147749042300001
850122,2016-04-13,1232.78,1211.59,1253.67,1199.68,0.85338761,10.7457129743
850122,2016-04-14,1263.2,1226.43,1275.98,1207.01,1.10498829,12.803377492200001
850122,2016-04-15,1253.93,1248.78,1278.31,1224.2,0.73478368,9.3846117117
850122,2016-04-20,1178.68,1234.36,1256.15,1142.16,1.01915817,12.2774856453
850122,2016-04-21,1163.48,1160.8,1192.43,1135.7,0.58213396,6.5840388411
850122,2016-04-22,1181.24,1145.94,1190.7,1130.78,0.54110569,5.9573641195
850122,2016-04-25,1176.53,1164.25,1194.78,1142.33,0.68126755,7.048809276699999
850122,2016-04-26,1192.52,1158.68,1196.31,1144.57,0.4528772,5.2234441049
850122,2016-04-27,1183.92,1175.86,1204.3,1155.87,0.40241232,4.8305085743000005
850122,2016-04-28,1178.91,1170.27,1192.77,1135.43,0.36685872,4.1777243228
850122,2016-04-29,1180.06,1160.82,1191.83,1145.99,0.35909167,3.9439228558
850122,2016-05-03,1209.02,1160.54,1215.19,1150.12,0.56203612,6.5643062178
850122,2016-05-04,1211.03,1186.12,1222.26,1171.03,0.91624931,9.6514549042
850122,2016-05-05,1219.22,1195.36,1226.49,1178.11,0.71450079,7.5945460659
850122,2016-05-06,1178.78,1208.04,1233.44,1151.15,0.84941359,9.4745868132
850122,2016-05-09,1110.63,1151.27,1160.45,1085.67,0.62485493,6.661219009500001
850122,2016-05-10,1094.33,1098.42,1115.21,1072.74,0.38297709,4.0540579548
850122,2016-05-11,1087.79,1088.57,1114.11,1063.47,0.6379012,7.6486845874
850122,2016-05-12,1068.07,1072.37,1085.07,1026.88,0.6236581,7.1463937273
850122,2016-05-13,1073.77,1061.15,1091.48,1041.34,0.50680099,6.327682211900001
850122,2016-05-16,1092.31,1073.18,1102.0,1051.18,0.45041307,5.3892317437
850122,2016-05-17,1086.39,1088.78,1106.18,1064.45,0.41120037,4.9522280049
850122,2016-05-18,1057.99,1079.75,1092.52,1032.4,0.44977905,5.205083066
850122,2016-05-19,1057.41,1056.15,1080.6,1036.97,0.38336296,4.4812853158
850122,2016-05-20,1067.68,1047.57,1073.49,1025.68,0.33341209,3.7033931487
850122,2016-05-23,1076.81,1066.85,1089.11,1050.48,0.39898417,4.4316554816
850122,2016-05-24,1077.01,1072.06,1091.26,1047.28,0.36115537,4.5166746239
850122,2016-05-25,1075.71,1078.7,1096.28,1053.27,0.36655716,4.4521485018
850122,2016-05-26,1080.96,1071.62,1091.82,1034.56,0.46679726,5.607141413
850122,2016-05-27,1071.32,1075.08,1089.38,1050.77,0.37997832,4.4451961291
850122,2016-05-30,1065.84,1065.12,1083.39,1040.2,0.34138701,3.9472734144999997
850122,2016-05-31,1101.83,1063.17,1108.23,1050.53,0.64642115,7.5400395103
850122,2016-06-01,1110.28,1097.88,1129.55,1080.64,0.82667041,8.42411179
850122,2016-06-02,1129.38,1107.35,1136.18,1088.75,0.8383386,8.4912518154
850122,2016-06-03,1133.66,1123.81,1153.57,1103.8,0.92130725,7.3089781635
850122,2016-06-06,1123.58,1126.18,1144.56,1099.0,1.12324791,7.3526910659
850122,2016-06-07,1138.11,1119.35,1148.81,1097.48,0.85165706,7.1609997954999995
850122,2016-06-08,1128.49,1129.86,1143.71,1104.09,0.65568845,5.5984951894
850122,2016-06-13,1081.35,1114.8,1135.73,1063.78,0.78092673,6.1998129186
850122,2016-06-14,1085.19,1076.48,1105.0,1051.79,0.5657863,4.4965438681
850122,2016-06-15,1120.73,1072.96,1137.1,1058.17,0.88208849,7.274518715
850122,2016-06-16,1123.28,1114.39,1150.06,1096.18,0.82982651,7.0143299558
850122,2016-06-17,1125.56,1119.81,1145.57,1102.53,0.65560914,5.4535147899
850122,2016-06-20,1127.73,1119.53,1142.67,1092.35,0.69195396,6.370048815900001
850122,2016-06-21,1121.29,1129.34,1147.38,1100.16,0.71712142,6.5426787253
850122,2016-06-22,1134.82,1122.31,1144.27,1098.69,0.70033339,6.1497093903
850122,2016-06-23,1122.25,1129.18,1143.21,1100.08,0.57596352,5.0234630155
850122,2016-06-24,1102.13,1115.33,1133.79,1060.61,0.9556652,7.559209324199999
850122,2016-06-27,1132.0,1088.94,1137.6,1076.53,0.9650276,8.2079560173
850122,2016-06-28,1137.58,1121.92,1148.58,1107.17,0.95635214,8.740478418099999
850122,2016-06-29,1143.68,1131.78,1162.26,1115.01,1.05877082,9.303419904
850122,2016-06-30,1145.44,1140.88,1163.67,1119.36,0.85615849,8.4497205579
850122,2016-07-01,1149.31,1138.98,1159.29,1122.65,0.69480096,6.6214823017999995
850122,2016-07-05,1167.56,1171.86,1184.82,1156.41,0.96568909,9.2285083775
850122,2016-07-06,1189.45,1171.36,1195.54,1163.06,2.19766406,14.3312994506
850122,2016-07-07,1216.42,1200.19,1227.25,1183.54,1.8379977,13.8788746365
850122,2016-07-08,1214.91,1205.13,1228.79,1191.67,0.66371254,7.5604637154
850122,2016-07-11,1216.01,1205.74,1231.81,1189.76,0.66009932,8.7430227981
850122,2016-07-12,1231.65,1208.97,1235.28,1189.04,0.71005521,9.6157434012
850122,2016-07-13,1227.64,1225.54,1247.82,1201.4,2.91721991,21.536601677399997
850122,2016-07-14,1214.39,1228.36,1235.39,1204.3,1.86403431,13.1893758672
850122,2016-07-15,1209.25,1216.23,1229.76,1197.18,1.77430404,11.9794585854
850122,2016-07-18,1210.41,1209.42,1233.81,1187.91,1.63910537,12.4466579466
850122,2016-07-19,1211.49,1203.55,1220.07,1188.35,1.18699431,9.3765852147
850122,2016-07-20,1207.32,1208.26,1222.8,1199.44,0.98609286,7.6806851723000005
850122,2016-07-21,1199.28,1206.05,1215.64,1193.73,0.98438885,8.198583678099999
850122,2016-07-22,1189.18,1197.51,1210.19,1185.1,0.9458855,6.992372769
850122,2016-07-25,1189.78,1185.35,1200.74,1178.42,0.65171715,5.2175431059
850122,2016-07-26,1202.67,1188.3,1207.63,1185.08,1.02866881,7.2326853349
850122,2016-07-27,1140.56,1204.03,1207.27,1122.03,1.53295527,11.3624323573
850122,2016-07-28,1141.16,1138.76,1153.74,1117.66,0.79116637,6.0832079216
850122,2016-07-29,1134.99,1140.97,1150.21,1128.33,0.5335587,4.0040214949
850122,2016-08-01,1127.77,1131.26,1142.34,1101.98,0.78161251,5.7682644487
850122,2016-08-02,1135.91,1127.71,1139.47,1120.66,0.43077887,3.1449081606
850122,2016-08-03,1141.33,1136.55,1148.54,1123.5,0.60014358,4.3391382427
850122,2016-08-04,1145.84,1137.95,1157.35,1129.73,0.70622095,5.2449226421
850122,2016-08-05,1141.47,1142.9,1155.55,1138.06,0.45645701,3.7773204794999997
850122,2016-08-08,1164.42,1138.55,1173.92,1132.76,0.78377711,7.1306575335
850122,2016-08-09,1172.71,1163.18,1182.76,1157.1,0.78982871,7.029206682000001
850122,2016-08-10,1166.82,1172.53,1181.7,1155.95,0.7838113,6.925959897799999
850122,2016-08-11,1159.94,1165.84,1180.76,1152.65,0.79617722,6.3983404328999995
850122,2016-08-12,1165.89,1155.87,1172.41,1151.4,0.51884212,3.9132155884
850122,2016-08-15,1180.73,1166.34,1190.43,1156.71,0.93733135,7.188093225299999
850122,2016-08-16,1195.49,1183.97,1208.1,1177.16,1.17496394,9.1610377863
850122,2016-08-17,1196.42,1193.68,1204.01,1183.69,0.80953324,6.3791625186
850122,2016-08-18,1190.87,1195.17,1205.03,1183.92,0.84581071,6.6967077174
850122,2016-08-19,1192.23,1189.77,1198.25,1181.58,0.60138462,4.7911317512
850122,2016-08-22,1186.91,1192.56,1205.33,1175.86,0.62325849,5.3070805597
850122,2016-08-23,1194.33,1185.83,1210.45,1178.29,0.70553716,6.4657349265
850122,2016-08-24,1193.58,1193.33,1201.94,1184.03,0.57835235,4.8091045238
850122,2016-08-25,1192.94,1188.03,1206.61,1166.12,0.92681504,8.3531785653
850122,2016-08-26,1198.11,1195.61,1217.76,1186.22,0.90888669,9.3245483672
850122,2016-08-29,1223.59,1215.29,1239.43,1208.8,0.64832278,5.3914313404
850122,2016-08-30,1241.81,1243.94,1256.19,1224.09,1.02246581,8.5773586662
850122,2016-08-31,1238.63,1241.35,1254.51,1218.92,1.31317662,10.907529741900001
850122,2016-09-01,1235.0,1230.13,1257.2,1218.26,1.05169777,8.959399879500001
850122,2016-09-02,1218.95,1228.61,1241.32,1209.35,0.75164882,5.9671791211
850122,2016-09-05,1230.97,1227.04,1248.67,1215.4,1.02522187,9.806794012200001
850122,2016-09-06,1242.29,1224.27,1248.08,1212.95,0.95568223,8.5390213025
850122,2016-09-07,1263.65,1240.53,1280.96,1231.23,1.79869088,16.3180175472
850122,2016-09-08,1266.56,1257.91,1276.25,1245.5,1.21110377,10.6911479378
850122,2016-09-09,1267.44,1264.96,1295.69,1252.82,1.30332324,12.277387297899999
850122,2016-09-12,1253.73,1238.03,1286.76,1217.35,1.70292781,14.347705523699998
850122,2016-09-13,1276.74,1256.97,1287.16,1243.39,1.58458488,13.8660947089
850122,2016-09-14,1260.12,1265.91,1300.56,1250.63,1.36395563,12.602666462
850122,2016-09-19,1262.31,1259.0,1278.3,1246.61,0.93339536,8.3179680552
850122,2016-09-20,1268.2,1261.68,1280.37,1248.53,0.83695885,8.8190723697
850122,2016-09-21,1273.07,1265.15,1290.76,1251.13,1.01387769,9.2839570578
850122,2016-09-22,1284.05,1274.97,1300.08,1260.76,1.20504148,11.170400792999999
850122,2016-09-23,1273.0,1280.33,1298.63,1260.72,1.12873637,11.747422050099999
850122,2016-09-26,1236.98,1270.69,1283.18,1227.22,0.9569417,9.4623767896
850122,2016-09-27,1234.03,1235.75,1249.73,1208.25,0.95389953,8.7526259484
850122,2016-09-28,1239.38,1233.14,1254.23,1220.55,0.89794733,8.664183701599999
850122,2016-09-29,1237.57,1238.7,1252.62,1228.94,0.77251996,7.0526675102
850122,2016-09-30,1240.47,1240.75,1253.71,1227.53,0.6252806,5.9179959401
850122,2016-10-10,1290.54,1249.63,1297.09,1242.52,1.48484532,13.3562822752
850122,2016-10-11,1311.35,1289.2,1325.59,1282.91,1.41119519,13.9390470026
850122,2016-10-12,1318.86,1303.22,1331.29,1291.74,1.41414561,13.310505781
850122,2016-10-13,1313.13,1319.8,1336.28,1303.3,1.09336024,10.164316146900001
850122,2016-10-14,1309.09,1315.11,1326.66,1293.36,0.95539641,8.795974565
850122,2016-10-17,1285.74,1311.82,1319.18,1280.84,1.0189685,8.9785464968
850122,2016-10-18,1307.12,1286.7,1314.52,1280.37,0.97220457,8.4656958899
850122,2016-10-19,1297.27,1306.5,1317.59,1289.83,0.88946322,7.8820411604
850122,2016-10-20,1309.79,1298.18,1324.54,1286.58,1.12376439,9.607678887999999
850122,2016-10-21,1307.27,1303.61,1320.35,1285.19,0.98461463,8.639014864
850122,2016-10-24,1313.78,1305.61,1322.6,1297.53,0.84838643,7.2219073701
850122,2016-10-25,1330.65,1317.65,1349.88,1308.92,1.3649016,11.159363284400001
850122,2016-10-26,1333.27,1330.08,1349.9,1315.46,1.01187902,9.323314675399999
850122,2016-10-27,1336.22,1333.41,1365.02,1317.0,1.14255291,11.0531999707
850122,2016-10-28,1333.24,1337.93,1363.37,1321.62,1.15896666,11.6998642268
850122,2016-10-31,1338.51,1332.18,1349.2,1310.74,0.98599819,8.772520734
850122,2016-11-01,1358.11,1337.13,1374.46,1327.85,1.48190357,14.6205808344
850122,2016-11-02,1340.66,1353.85,1371.4,1335.13,1.17771752,11.3762067073
850122,2016-11-03,1346.12,1335.41,1369.88,1323.24,1.4809904,13.046643189000001
850122,2016-11-04,1357.52,1343.77,1383.63,1332.9,2.10001033,13.9232430249
850122,2016-11-07,1360.32,1357.45,1388.3,1333.15,2.13170262,14.2046861699
850122,2016-11-08,1363.42,1363.43,1379.95,1341.4,1.80458366,13.4718392026
850122,2016-11-09,1358.81,1360.3,1378.28,1327.05,1.74166848,13.4925032208
850122,2016-11-10,1378.14,1366.51,1389.58,1355.54,1.69529475,12.9462261955
850122,2016-11-11,1384.84,1376.63,1405.7,1361.8,1.6046443,12.8785406474
850122,2016-11-14,1388.97,1380.4,1407.53,1367.79,1.29137583,11.3847357869
850122,2016-11-15,1412.19,1390.49,1425.11,1378.3,1.47410191,12.593650355
850122,2016-11-16,1400.81,1413.81,1430.4,1389.09,1.26451746,11.098300054300001
850122,2016-11-17,1402.68,1396.18,1417.26,1382.09,1.20080276,10.7140592483
850122,2016-11-18,1408.08,1401.17,1428.08,1386.7,1.13710766,11.2013359179
850122,2016-11-21,1409.67,1406.41,1426.73,1395.23,0.92771128,9.144823041
850122,2016-11-22,1433.44,1411.06,1438.99,1403.22,1.0393597,10.6896104427
850122,2016-11-23,1431.8,1434.91,1458.96,1416.44,1.43591839,14.782810478900002
850122,2016-11-24,1422.94,1429.92,1447.41,1397.99,1.27304256,12.650403504100002
850122,2016-11-25,1420.32,1420.36,1432.83,1384.47,0.96381174,9.342232149900001
850122,2016-11-28,1406.2,1421.81,1435.6,1393.79,1.10057416,10.842828255
850122,2016-11-29,1387.32,1404.46,1418.56,1371.31,1.06725357,10.1322056857
850122,2016-11-30,1384.76,1382.34,1409.44,1364.92,1.00292583,9.4357703126
850122,2016-12-01,1395.26,1387.17,1406.21,1374.59,0.7129028,7.0324105303
850122,2016-12-02,1364.81,1393.1,1405.89,1349.01,0.93656291,8.5268866649
850122,2016-12-05,1357.18,1345.07,1378.15,1331.17,0.6598111,6.1620205985
850122,2016-12-06,1364.68,1358.3,1383.71,1344.58,0.73836977,6.5172790029
850122,2016-12-07,1387.38,1363.32,1397.26,1352.64,0.91247614,8.3138229978
850122,2016-12-08,1385.02,1387.96,1401.4,1369.97,0.69810771,6.420263622699999
850122,2016-12-09,1383.72,1383.91,1396.26,1369.07,0.58604249,5.4723375682
850122,2016-12-12,1322.77,1386.61,1412.27,1315.18,1.22205309,11.494166164400001
850122,2016-12-13,1349.19,1315.95,1362.23,1303.42,0.96398265,8.5854937726
850122,2016-12-14,1337.18,1347.27,1364.53,1321.99,0.78389445,6.8490992935
850122,2016-12-15,1359.84,1332.33,1370.14,1321.76,0.94020505,8.8387156049
850122,2016-12-16,1398.21,1361.18,1413.42,1351.29,1.80223529,12.844840446500001
850122,2016-12-19,1414.97,1396.39,1429.4,1375.22,1.71668763,12.5884639296
850122,2016-12-20,1414.28,1407.38,1433.06,1391.33,1.3425338,10.543068723400001
850122,2016-12-21,1415.41,1417.49,1441.04,1399.84,1.34947826,10.7870188304
850122,2016-12-22,1397.88,1412.35,1421.94,1385.17,0.89095073,7.067056432799999
850122,2016-12-23,1378.58,1395.01,1409.24,1366.93,0.89137742,7.2971413336
850122,2016-12-26,1377.74,1377.18,1399.26,1342.84,1.05698104,8.3502976989
850122,2016-12-27,1388.01,1378.31,1402.17,1360.84,0.92126722,7.6144849512
850122,2016-12-28,1378.26,1384.9,1415.66,1366.87,1.0607322,9.631607948300001
850122,2016-12-29,1372.76,1381.06,1391.93,1362.59,0.71671773,6.2006965917
850122,2016-12-30,1373.41,1372.38,1389.19,1356.66,0.5897033,5.284468817
850122,2017-01-03,1389.92,1374.59,1404.7,1362.99,1.12090974,8.261282168400001
850122,2017-01-04,1419.96,1388.2,1429.2,1379.71,1.2935595,11.4740895738
850122,2017-01-05,1411.48,1418.55,1438.27,1404.82,1.00921647,8.5591825233
850122,2017-01-06,1409.22,1407.37,1427.79,1392.6,1.31408318,9.7595241222
850122,2017-01-09,1424.56,1406.05,1442.91,1395.68,1.10985856,9.432015177
850122,2017-01-10,1418.86,1419.3,1439.4,1406.35,0.78071866,6.0574141943
850122,2017-01-11,1400.7,1413.62,1432.98,1393.59,0.86439514,6.4012997191
850122,2017-01-12,1380.11,1399.49,1413.14,1371.63,0.68189956,5.4039247785
850122,2017-01-13,1363.65,1377.41,1395.46,1354.26,0.62269015,4.532226014
850122,2017-01-16,1316.81,1361.48,1372.35,1282.13,1.0093579,7.8324247717999995
850122,2017-01-17,1324.79,1312.19,1333.13,1288.06,0.56919171,4.3872839824000005
850122,2017-01-18,1331.5,1320.56,1347.56,1309.16,0.5493609,4.2286111832
850122,2017-01-19,1317.15,1326.73,1341.64,1307.1,0.4220732,2.8404571014999997
850122,2017-01-20,1333.98,1314.05,1345.82,1308.43,0.39269969,2.7874922152
850122,2017-01-23,1332.43,1329.44,1351.76,1306.01,0.63498767,5.2426784579
850122,2017-01-24,1322.48,1328.07,1340.89,1309.85,0.48010826,3.8273470242000003
850122,2017-01-25,1337.04,1319.02,1348.03,1310.16,0.4432253,3.7391013064
850122,2017-01-26,1356.69,1338.64,1366.41,1330.68,0.55857978,4.7438432585
850122,2017-02-03,1349.12,1353.42,1367.95,1339.35,0.34910652,2.7868867032
850122,2017-02-06,1360.23,1351.68,1371.41,1341.84,0.52243519,3.8082501253
850122,2017-02-07,1346.77,1355.25,1365.51,1334.86,0.518951,4.0288154205
850122,2017-02-08,1359.36,1342.4,1363.74,1333.76,0.57205481,4.674108114
850122,2017-02-09,1366.5,1353.45,1378.0,1349.57,0.63099523,4.9406783203
850122,2017-02-10,1369.58,1363.5,1386.85,1352.34,0.79847931,6.257091677000001
850122,2017-02-13,1374.3,1366.85,1387.13,1355.67,0.65973325,5.4305821226
850122,2017-02-14,1378.27,1374.53,1394.04,1356.11,0.91550893,6.5870485036
850122,2017-02-15,1355.28,1370.53,1385.08,1349.98,0.77240679,5.760258235499999
850122,2017-02-16,1352.9,1351.27,1366.04,1339.6,0.65148521,5.0422872437
850122,2017-02-17,1349.95,1349.93,1365.64,1335.05,0.61551858,4.7495563302
850122,2017-02-20,1355.71,1347.59,1364.48,1332.01,0.57710472,4.8194139988
850122,2017-02-21,1362.34,1355.86,1372.06,1345.59,0.59191557,4.5028433343000005
850122,2017-02-22,1363.99,1362.49,1370.33,1344.9,0.5941369,4.8881215127
850122,2017-02-23,1354.55,1361.85,1371.5,1338.59,0.63155666,4.9997363919
850122,2017-02-24,1365.16,1353.04,1375.81,1344.76,0.71471745,5.8902952876
850122,2017-02-27,1356.33,1363.43,1380.82,1347.27,0.68023318,5.5849071375
850122,2017-02-28,1361.67,1358.86,1374.62,1347.7,0.6744116,5.5257228427
850122,2017-03-01,1366.91,1360.87,1378.61,1349.28,0.67858327,6.2101071249
850122,2017-03-02,1355.56,1365.76,1374.13,1343.53,0.4948565,4.253921032
850122,2017-03-03,1353.81,1352.14,1363.11,1336.85,0.47062287,3.9919021323000003
850122,2017-03-06,1371.35,1352.02,1374.67,1347.7,0.61067716,5.2083094094
850122,2017-03-07,1374.63,1370.22,1384.72,1360.55,0.50798895,4.6403390345
850122,2017-03-08,1370.58,1379.72,1391.62,1362.43,0.52789318,4.7850363947000005
850122,2017-03-09,1354.44,1370.9,1375.01,1342.92,0.59038373,4.7322780537
850122,2017-03-10,1345.76,1351.38,1361.99,1340.07,0.463241,3.3995918281
850122,2017-03-13,1350.2,1341.87,1359.08,1330.64,0.47374388,4.1659128515
850122,2017-03-14,1341.74,1348.36,1358.51,1335.75,0.36815218,3.1381524870999997
850122,2017-03-15,1344.95,1338.43,1353.94,1327.97,0.39243461,3.4440669847000005
850122,2017-03-16,1353.02,1344.57,1358.21,1338.22,0.5010157,4.1204665304
850122,2017-03-17,1353.45,1351.81,1377.05,1341.62,0.70313326,6.406326805700001
850122,2017-03-20,1362.08,1347.53,1368.26,1340.43,0.49165895,4.4642924093000005
850122,2017-03-21,1365.74,1360.93,1378.42,1349.84,0.55342572,5.2764714019
850122,2017-03-22,1358.18,1358.8,1369.05,1341.41,0.4622567,4.1398644445
850122,2017-03-23,1354.72,1352.89,1368.5,1337.62,0.46042316,4.2231253651
850122,2017-03-24,1362.5,1363.33,1371.52,1342.83,0.63342889,5.5072612551999995
850122,2017-03-27,1355.84,1359.84,1379.46,1332.34,0.82183493,10.2774924412
850122,2017-03-28,1372.56,1352.59,1394.01,1340.17,1.04904799,11.4110073448
850122,2017-03-29,1350.62,1371.52,1378.47,1340.61,0.7982813,8.4197441787
850122,2017-03-30,1324.22,1351.53,1370.25,1308.48,1.06800423,10.2016949409
850122,2017-03-31,1330.63,1332.2,1350.06,1310.02,0.67550127,6.7918872419000005
850122,2017-04-06,1356.82,1353.9,1369.65,1344.05,0.60863466,6.320186522899999
850122,2017-04-07,1355.9,1355.7,1375.22,1340.67,0.66578012,6.6889069564999994
850122,2017-04-10,1341.51,1351.64,1362.22,1331.54,0.57157134,5.7348505234000005
850122,2017-04-11,1316.82,1341.7,1351.72,1292.84,0.95484866,8.8005311645
850122,2017-04-12,1316.53,1317.96,1334.83,1297.75,0.60643598,5.4165871349
850122,2017-04-13,1313.05,1316.19,1332.18,1301.83,0.52118413,4.5921704865
850122,2017-04-14,1288.17,1313.67,1319.15,1278.61,0.57074819,4.9700927963
850122,2017-04-17,1266.03,1285.86,1292.43,1244.17,0.55796471,5.1847105852999995
850122,2017-04-18,1243.92,1266.63,1277.56,1235.7,0.54598164,5.1474114826
850122,2017-04-19,1227.54,1236.82,1249.75,1195.36,0.71873699,5.994411182
850122,2017-04-20,1219.55,1221.06,1235.98,1199.1,0.44295831,3.4376630231
850122,2017-04-21,1214.53,1221.18,1230.15,1204.53,0.39936926,3.4854895528
850122,2017-04-24,1173.38,1210.35,1216.85,1162.55,0.54392732,4.2370810749
850122,2017-04-25,1158.16,1178.37,1191.78,1143.39,0.59457673,4.6797756952
850122,2017-04-26,1164.93,1154.54,1180.43,1146.59,0.50138368,3.6799635967
850122,2017-04-27,1179.17,1166.89,1189.0,1141.53,0.601568,4.1384092419
850122,2017-04-28,1198.72,1180.25,1206.63,1174.37,0.47042858,3.6609682173
850122,2017-05-02,1203.55,1190.15,1211.16,1183.23,0.27618029,1.9231249044
850122,2017-05-03,1197.62,1192.19,1212.2,1178.57,0.28462701,2.1431782397
850122,2017-05-04,1192.7,1187.88,1206.27,1174.65,0.26269091,2.0046790135
850122,2017-05-05,1177.57,1180.17,1195.69,1159.62,0.31516143,2.1867064007
850122,2017-05-08,1166.49,1161.91,1182.35,1149.34,0.24332647,1.7924383636
850122,2017-05-09,1175.69,1153.29,1181.3,1145.34,0.21912885,1.7077418043
850122,2017-05-10,1156.6,1163.53,1182.99,1143.1,0.2438152,1.8025623744
850122,2017-05-11,1149.93,1144.46,1161.77,1116.69,0.31972196,2.3751396107
850122,2017-05-12,1144.48,1132.02,1159.72,1108.22,0.40011515,3.0204373758
850122,2017-05-15,1157.15,1136.78,1168.83,1129.5,0.33465879,2.8454019196
850122,2017-05-16,1176.21,1144.26,1182.52,1131.89,0.5033551,4.0543132989999995
850122,2017-05-17,1177.47,1165.54,1192.39,1160.09,0.35972396,2.9087670669
850122,2017-05-18,1170.72,1161.0,1188.08,1151.41,0.27170731,2.2146927952
850122,2017-05-19,1170.11,1158.39,1181.46,1153.92,0.21519447,1.6396523199000002
850122,2017-05-22,1153.99,1159.9,1178.56,1137.27,0.28246395,2.2811484907
850122,2017-05-23,1126.16,1143.49,1156.95,1110.3,0.38735258,2.7435294168
850122,2017-05-24,1130.62,1115.35,1138.14,1088.53,0.29775287,2.0809060903
850122,2017-05-25,1137.08,1118.28,1146.2,1100.14,0.30786105,2.2953509193
850122,2017-05-26,1142.09,1126.11,1152.66,1119.11,0.29213582,2.5180264587
850122,2017-05-31,1137.55,1136.65,1161.65,1123.22,0.37446087,3.0979749195
850122,2017-06-01,1122.49,1124.47,1147.76,1101.09,0.338095,2.9483825868999998
850122,2017-06-02,1131.68,1105.13,1137.3,1098.43,0.29937533,1.9869461544999998
850122,2017-06-05,1141.23,1122.78,1150.78,1118.64,0.28095105,2.359759091
850122,2017-06-06,1160.87,1128.66,1171.99,1124.94,0.41205965,4.0682348694
850122,2017-06-07,1177.95,1150.92,1184.7,1144.63,0.4524643,3.9033302399000003
850122,2017-06-08,1174.09,1165.63,1182.98,1155.99,0.39169581,3.5599649227
850122,2017-06-09,1180.25,1161.8,1190.61,1155.0,0.42342299,4.3156376023
850122,2017-06-12,1171.02,1166.5,1190.8,1147.97,0.38272762,3.3691018566000004
850122,2017-06-13,1177.54,1155.28,1185.91,1150.09,0.30892317,3.0117725254
850122,2017-06-14,1178.19,1168.7,1190.22,1156.69,0.34474691,3.2152320477
850122,2017-06-15,1196.23,1166.62,1208.95,1161.63,0.54144215,4.3684582408
850122,2017-06-16,1189.79,1184.14,1206.18,1174.78,0.29780281,2.5004292434999997
850122,2017-06-19,1189.33,1182.91,1200.97,1165.86,0.33859328,3.0995709144999997
850122,2017-06-20,1192.57,1181.0,1202.68,1172.47,0.31387469,2.7565345236
850122,2017-06-21,1190.43,1186.39,1200.93,1171.01,0.22480416,1.9773104306
850122,2017-06-22,1176.56,1179.82,1199.93,1162.27,0.30456076,2.6311145939
850122,2017-06-23,1177.19,1166.49,1184.35,1150.06,0.26426791,2.1370546042
850122,2017-06-26,1185.04,1165.6,1189.12,1161.2,0.24770323,1.931137809
850122,2017-06-27,1191.85,1175.97,1202.37,1169.96,0.3275752,2.9508977369
850122,2017-06-28,1185.13,1180.68,1197.71,1168.95,0.31301295,2.8419646569999997
850122,2017-06-29,1186.74,1174.44,1194.42,1167.1,0.29477658,2.6857367062
850122,2017-06-30,1187.37,1174.65,1193.79,1167.86,0.22937405,2.0846188968
850122,2017-07-03,1188.43,1180.79,1202.55,1160.72,0.41360899,4.171715838
850122,2017-07-04,1183.69,1177.24,1195.3,1161.8,0.30530122,2.8946499745
850122,2017-07-05,1189.25,1172.87,1193.5,1164.31,0.29244777,2.5048594713
850122,2017-07-06,1194.03,1183.65,1202.94,1172.76,0.36513298,3.0214385031
850122,2017-07-07,1196.22,1180.68,1201.88,1174.4,0.3105969,2.6930741758999996
850122,2017-07-10,1197.92,1184.96,1208.14,1176.83,0.33971597,2.5887367878
850122,2017-07-11,1196.15,1196.14,1208.72,1184.17,0.50109982,4.1337466188
850122,2017-07-12,1181.0,1191.79,1197.4,1168.89,0.38070446,3.0358239719
850122,2017-07-13,1179.73,1181.56,1189.19,1170.13,0.35032512,3.0093093139
850122,2017-07-14,1173.23,1181.58,1185.74,1166.61,0.27192151,2.2726549556999998
850122,2017-07-17,1121.33,1170.92,1174.15,1113.48,0.70227603,5.273604647
850122,2017-07-18,1109.9,1118.95,1127.61,1079.38,0.63199287,5.5822174083
850122,2017-07-19,1106.7,1103.71,1114.38,1082.96,0.54218918,4.5625774836
850122,2017-07-20,1116.6,1107.39,1128.76,1100.59,0.53400257,4.2789035983999995
850122,2017-07-24,1115.08,1113.26,1121.16,1104.71,0.31804154,2.1942483793000003
850122,2017-07-25,1119.75,1113.51,1128.14,1106.25,0.36146449,2.5941718041999997
850122,2017-07-26,1115.59,1119.56,1124.8,1106.8,0.31695312,2.2883619016
850122,2017-07-27,1132.22,1114.97,1145.84,1111.1,0.57302422,4.8524233076
850122,2017-07-28,1136.44,1129.99,1146.94,1124.09,0.37380263,3.2364408266000004
850122,2017-07-31,1137.14,1134.05,1141.88,1125.16,0.37670667,2.9476701397000005
850122,2017-08-01,1135.51,1134.93,1143.83,1125.91,0.43682139,3.1747747517000002
850122,2017-08-02,1126.9,1137.41,1147.24,1120.88,0.44762321,3.3012227518
850122,2017-08-03,1124.57,1125.52,1134.45,1113.51,0.43679709,3.7374265291000004
850122,2017-08-04,1120.26,1125.2,1133.51,1111.05,0.51483418,3.5434219802999998
850122,2017-08-07,1123.54,1118.79,1127.17,1112.74,0.34074442,2.3893086921
850122,2017-08-08,1148.0,1121.2,1156.77,1118.67,1.00976686,5.8837183676
850122,2017-08-09,1138.61,1143.03,1149.18,1130.69,0.5945894,3.9152672656
850122,2017-08-10,1132.59,1139.68,1145.22,1122.06,0.44021347,2.9855784014999998
850122,2017-08-11,1122.7,1127.56,1135.54,1118.09,0.45200193,3.3355053787999998
850122,2017-08-14,1135.26,1124.04,1138.68,1120.88,0.35341294,2.4387722212000003
850122,2017-08-15,1135.41,1135.36,1141.37,1128.37,0.29475401,2.0223376371
850122,2017-08-16,1142.99,1135.18,1148.14,1131.86,0.33676842,2.532527614
850122,2017-08-17,1147.09,1142.12,1151.83,1133.96,0.35770021,2.6048909424
850122,2017-08-18,1144.13,1145.62,1149.01,1137.21,0.27142259,2.1073352955
850122,2017-08-21,1160.81,1147.49,1167.91,1143.55,0.34923402,3.0352111333
850122,2017-08-22,1161.3,1158.68,1170.76,1149.95,0.41069814,3.5686332379000003
850122,2017-08-23,1155.86,1161.09,1165.47,1148.74,0.31217543,2.5890850528000002
850122,2017-08-24,1147.4,1155.72,1165.71,1141.55,0.34865176,3.1426302341000003
850122,2017-08-25,1152.74,1146.63,1158.88,1139.67,0.30371427,2.6814076621000003
850122,2017-08-28,1160.13,1154.01,1166.18,1149.1,0.43646747,3.25551529
850122,2017-08-29,1149.71,1156.88,1163.07,1146.08,0.45386501,3.4790208122000004
850122,2017-08-30,1149.54,1152.64,1157.04,1142.37,0.4195502,3.1415930352999997
850122,2017-08-31,1149.05,1148.95,1155.48,1141.67,0.34439809,2.6248338155
850122,2017-09-01,1156.36,1149.19,1158.99,1143.82,0.386174,2.8497559594
850122,2017-09-04,1156.65,1153.99,1162.97,1145.68,0.45879701,3.5155145213999996
850122,2017-09-05,1161.49,1156.64,1166.41,1150.15,0.38413068,3.038800008
850122,2017-09-06,1162.66,1158.81,1168.82,1153.47,0.45075729,2.9890015494
850122,2017-09-07,1159.62,1168.92,1180.78,1155.97,0.91521171,5.1184337589
850122,2017-09-08,1164.4,1159.09,1169.02,1152.73,0.58032804,4.0884434182
850122,2017-09-11,1173.46,1162.34,1181.56,1158.44,0.54814902,3.9803917687
850122,2017-09-12,1165.01,1175.44,1182.5,1162.33,0.48754335,3.5514559489999997
850122,2017-09-13,1162.34,1164.5,1170.64,1155.56,0.33760982,2.5319117726
850122,2017-09-14,1156.23,1162.37,1168.11,1152.71,0.43149932,3.0877609935000003
850122,2017-09-15,1153.16,1156.42,1160.12,1147.54,0.32528959,2.4921662584999997
850122,2017-09-18,1152.11,1152.82,1159.14,1141.45,0.44480651,3.7743698045
850122,2017-09-19,1159.65,1151.77,1169.57,1142.77,0.63283698,4.0713074693
850122,2017-09-20,1159.6,1155.48,1165.58,1146.15,0.64394488,4.8565887757
850122,2017-09-21,1159.82,1185.46,1197.49,1152.12,1.44198245,9.9649085053
850122,2017-09-22,1136.52,1151.12,1176.42,1125.0,0.78652457,5.3973753332
850122,2017-09-25,1129.38,1134.78,1149.79,1114.2,0.52938404,3.4457490565
850122,2017-09-26,1133.15,1124.24,1140.6,1113.43,0.43142798,2.8523081813999998
850122,2017-09-27,1132.83,1134.05,1141.48,1119.5,0.37351316,2.4367447332
850122,2017-09-28,1132.23,1132.77,1145.07,1120.09,0.44638137,3.04013287
850122,2017-09-29,1138.58,1134.13,1151.35,1127.51,0.35108201,2.1937717998
850122,2017-10-09,1152.68,1145.69,1162.7,1138.48,0.56348845,3.6989863906
850122,2017-10-10,1175.55,1154.02,1183.87,1145.04,0.69978551,5.5143773734
850122,2017-10-11,1169.53,1175.07,1187.73,1160.7,0.55987508,4.4928973919
850122,2017-10-12,1159.47,1168.94,1178.25,1145.55,0.63124595,4.3236025327
850122,2017-10-13,1170.94,1158.0,1177.99,1151.04,0.46244095,3.5014144049
850122,2017-10-16,1171.98,1170.26,1198.33,1156.23,0.88732265,7.7135507246
850122,2017-10-17,1170.95,1167.58,1185.35,1152.86,0.52872234,4.6101174036
850122,2017-10-18,1162.52,1169.44,1184.27,1155.62,0.43756208,3.6335174784
850122,2017-10-19,1147.51,1159.92,1170.53,1141.38,0.47985223,3.8374714111
850122,2017-10-20,1156.01,1143.18,1166.03,1137.53,0.48438814,4.3716467297
850122,2017-10-23,1158.55,1156.73,1170.92,1141.28,0.49525472,3.9359121129
850122,2017-10-24,1167.79,1158.42,1177.2,1139.63,0.70565752,7.1111655861
850122,2017-10-25,1175.62,1164.37,1186.54,1154.15,0.61395442,5.917288764299999
850122,2017-10-26,1177.27,1170.54,1186.61,1163.5,0.49002115,4.2002530838
850122,2017-10-27,1182.53,1175.27,1200.85,1164.72,0.74370175,6.3799936559
850122,2017-10-30,1178.62,1182.96,1199.74,1154.72,0.90286556,7.7514054507
850122,2017-10-31,1174.99,1177.09,1188.29,1164.16,0.47412963,3.7517882867
850122,2017-11-01,1166.32,1170.02,1182.1,1155.97,0.514578,4.3437837235000005
850122,2017-11-02,1145.97,1165.51,1174.02,1139.61,0.56610653,4.5569849022
850122,2017-11-03,1143.14,1143.91,1155.89,1129.03,0.45017178,3.4435963005000003
850122,2017-11-06,1143.43,1143.59,1160.45,1130.65,0.43477852,3.398227295
850122,2017-11-07,1140.89,1143.48,1153.64,1130.76,0.41868307,3.1587113163
850122,2017-11-08,1141.06,1142.74,1154.63,1131.28,0.44223936,4.0118341128
850122,2017-11-09,1146.39,1138.47,1156.53,1130.89,0.3598598,3.0815086079
850122,2017-11-10,1143.44,1146.72,1156.3,1133.04,0.43431913,3.4724178795
850122,2017-11-13,1135.3,1146.18,1154.6,1127.65,0.48286706,3.658846202
850122,2017-11-14,1126.99,1134.47,1144.97,1112.54,0.53974762,4.6255855678
850122,2017-11-15,1128.07,1126.75,1138.62,1102.69,0.51493624,4.7915602045
850122,2017-11-16,1131.69,1128.0,1140.82,1117.41,0.42588289,3.5872114394
850122,2017-11-17,1103.48,1128.13,1138.65,1087.63,0.61430737,4.9064766705
850122,2017-11-20,1091.02,1104.11,1111.11,1061.95,0.45884728,3.3663165847000003
850122,2017-11-21,1108.26,1089.08,1123.51,1070.36,0.61522911,4.486379460899999
850122,2017-11-22,1099.29,1107.31,1115.35,1076.63,0.63619915,4.8988557925
850122,2017-11-23,1094.97,1096.13,1123.37,1075.93,0.60763825,4.7024887814
850122,2017-11-24,1106.53,1092.54,1111.29,1076.34,0.4023603,3.2723584045
850122,2017-11-27,1090.25,1100.22,1113.56,1080.19,0.33607703,2.5941780757
850122,2017-11-28,1095.52,1091.0,1102.05,1078.5,0.32762614,2.7299363528
850122,2017-11-29,1101.15,1096.76,1110.65,1084.16,0.41133196,3.6341965446
850122,2017-11-30,1096.7,1098.49,1108.96,1088.9,0.2597989,2.2025299919999997
850122,2017-12-01,1107.44,1097.05,1120.18,1089.21,0.341761,2.9158584145999997
850122,2017-12-04,1111.12,1104.67,1125.71,1092.89,0.46263608,4.5402721608
850122,2017-12-05,1086.52,1110.4,1118.14,1075.56,0.38217481,2.8302064687
850122,2017-12-06,1087.01,1083.5,1098.91,1069.7,0.38243311,3.2497795301
850122,2017-12-07,1083.79,1086.24,1099.52,1071.92,0.37862455,3.0343611802
850122,2017-12-08,1107.94,1084.21,1111.11,1077.09,0.44739265,3.4358098256
850122,2017-12-11,1119.59,1107.04,1126.94,1098.39,0.42623285,3.8957009961
850122,2017-12-12,1109.06,1117.33,1124.08,1102.78,0.34687488,2.8497827614999998
850122,2017-12-13,1115.86,1110.76,1122.13,1097.63,0.29087205,2.2254852505000002
850122,2017-12-14,1106.13,1114.86,1122.83,1098.42,0.34048504,2.7459997599
850122,2017-12-15,1109.3,1106.87,1119.61,1092.9,0.33699057,2.7136734405
850122,2017-12-18,1108.44,1107.73,1120.23,1098.36,0.35266293,3.1244573212
850122,2017-12-19,1105.44,1110.56,1119.07,1099.28,0.18985142,1.4604097377
850122,2017-12-20,1088.85,1105.22,1109.29,1083.86,0.25171466,1.8264776515
850122,2017-12-21,1087.12,1089.32,1097.35,1078.17,0.28451317,2.1811012211
850122,2017-12-22,1087.92,1085.91,1095.88,1076.54,0.22120402,1.7230089332
850122,2017-12-25,1076.9,1084.48,1095.17,1066.78,0.26409284,2.0806316667
850122,2017-12-26,1077.08,1077.39,1083.14,1060.88,0.26494541,2.0869102085
850122,2017-12-27,1070.7,1076.12,1082.46,1059.86,0.25346603,1.9809002106
850122,2017-12-28,1072.42,1069.33,1088.0,1056.7,0.38162393,3.0853777303
850122,2017-12-29,1083.55,1069.33,1091.33,1064.19,0.32852881,2.7994329195999996
850122,2018-01-02,1096.53,1084.22,1105.05,1077.56,0.30714954,2.11073939
850122,2018-01-03,1105.55,1096.91,1113.96,1091.65,0.37495505,2.8343249060000004
850122,2018-01-04,1108.14,1104.59,1116.28,1096.78,0.35013682,2.5042108225
850122,2018-01-05,1142.89,1132.56,1161.53,1111.3,1.28876033,8.4138136933
850122,2018-01-08,1166.13,1167.13,1176.67,1153.31,0.7354561,5.280419730899999
850122,2018-01-09,1177.92,1190.69,1197.79,1155.73,2.46518979,17.728354435099998
850122,2018-01-10,1181.59,1209.9,1215.51,1163.62,2.72012323,20.464888618499998
850122,2018-01-11,1215.43,1171.59,1221.96,1158.5,2.21422098,16.4842522932
850122,2018-01-12,1205.06,1241.59,1256.26,1196.83,4.2681381,35.689337771
850122,2018-01-15,1154.5,1169.78,1189.1,1149.63,3.10800665,21.6262545569
850122,2018-01-16,1156.52,1156.05,1174.43,1135.15,2.31522145,16.076640722
850122,2018-01-17,1126.48,1135.69,1148.93,1106.68,2.45649728,15.7707913256
850122,2018-01-18,1128.49,1125.41,1140.35,1112.81,1.24084164,8.030540950599999
850122,2018-01-19,1125.69,1137.47,1143.9,1118.81,1.30367061,8.1302735693
850122,2018-01-22,1128.63,1124.68,1133.85,1103.36,0.94681704,6.0983119462
850122,2018-01-23,1122.54,1127.23,1134.8,1110.77,0.78827143,4.956639404200001
850122,2018-01-24,1129.8,1119.98,1137.06,1109.12,0.96049387,6.5264765772
850122,2018-01-25,1121.17,1126.76,1143.69,1112.0,1.06341041,7.1136337346000005
850122,2018-01-26,1119.61,1118.53,1132.28,1105.7,0.86414374,5.5722490822
850122,2018-01-29,1118.18,1116.05,1135.21,1099.19,1.04759018,6.7134422292
850122,2018-01-30,1117.87,1124.65,1131.92,1112.27,0.67475,4.3930925314
850122,2018-01-31,1106.96,1122.58,1131.83,1090.84,1.07441253,8.1326819577
850122,2018-02-01,1070.74,1106.06,1119.1,1059.79,0.96811375,6.286932542000001
850122,2018-02-02,1044.84,1047.21,1074.47,1015.95,1.56009979,12.2393111489
850122,2018-02-05,1029.67,1017.32,1045.92,982.62,0.91521053,5.109736974
850122,2018-02-06,994.57,994.77,1022.57,982.25,0.60910378,3.4107671838
850122,2018-02-07,996.6,985.53,1011.84,974.18,0.53694977,2.9198870573
850122,2018-02-08,993.52,985.0,1004.88,977.44,0.36279364,1.9595246066
850122,2018-02-09,964.32,965.77,986.57,951.21,1.0043565,5.0125363037
850122,2018-02-12,968.59,944.72,994.7,940.71,1.48714584,10.4165070098
850122,2018-02-13,972.65,973.59,989.74,955.7,1.07454969,6.8237881714999995
850122,2018-02-14,975.19,971.1,986.22,953.04,0.64436659,3.9036979056
850122,2018-02-22,988.75,977.05,997.11,967.4,0.68105188,3.5923119938
850122,2018-02-23,985.84,984.08,995.21,974.12,0.63869156,3.4332368483999995
850122,2018-02-26,998.15,988.45,1003.87,978.69,0.77355608,4.3396274022000005
850122,2018-02-27,1015.53,999.67,1031.62,993.46,1.14151233,6.5142182133
850122,2018-02-28,1019.79,1005.57,1030.37,996.05,1.04120173,6.1402688456
850122,2018-03-01,1032.32,1018.7,1042.97,1009.8,0.86629613,5.3060571592
850122,2018-03-02,1017.6,1024.41,1041.89,1010.87,0.72530873,4.372893125
850122,2018-03-05,1026.23,1017.87,1036.67,1008.89,0.74636157,4.630972713899999
850122,2018-03-06,1032.88,1024.62,1044.69,1019.12,0.62729597,4.2462071459
850122,2018-03-07,1018.91,1028.83,1036.51,1009.17,0.91470642,5.7203747616
850122,2018-03-08,1020.08,1014.84,1030.71,1003.96,0.74913195,4.7871727618
850122,2018-03-09,1034.52,1020.87,1042.71,1010.32,1.12278311,7.0225940079999996
850122,2018-03-12,1043.7,1041.95,1056.73,1029.22,1.24089729,7.946168785599999
850122,2018-03-13,1050.41,1043.06,1063.01,1033.28,0.85894876,4.8118991267
850122,2018-03-14,1039.61,1050.88,1060.17,1031.45,0.63481632,3.7289824167
850122,2018-03-15,1043.81,1038.35,1058.44,1022.7,0.58576112,4.3775638141
850122,2018-03-16,1039.32,1042.1,1060.16,1031.82,0.40922156,3.0134860205000003
850122,2018-03-19,1038.39,1038.6,1056.42,1024.49,0.38702854,2.6413431542
850122,2018-03-20,1010.32,1006.41,1016.24,995.77,0.47997763,3.0852785042
850122,2018-03-21,1002.03,1009.86,1031.92,991.03,1.48499494,8.8591614168
850122,2018-03-22,1004.22,1008.59,1020.4,992.48,0.96710159,5.923983531799999
850122,2018-03-23,954.24,973.59,1004.06,939.59,1.6179854,8.4150262142
850122,2018-03-26,938.85,933.78,952.75,900.17,0.9758499,4.9351698462
850122,2018-03-27,955.87,934.54,967.26,928.26,1.15445819,7.310145071699999
850122,2018-03-28,950.35,938.89,968.43,929.69,0.85551386,5.2977503495
850122,2018-03-29,969.37,951.63,984.34,943.52,0.53240627,4.0002439266000005
850122,2018-03-30,976.96,963.7,985.77,955.96,0.5686509,4.3783003099
850122,2018-04-02,974.62,971.2,988.45,961.08,0.44354902,3.3908755197000002
850122,2018-04-03,968.48,963.64,986.38,949.65,0.42977682,3.1787880316000003
850122,2018-04-04,971.65,966.83,988.37,954.93,0.38670535,2.9571524907
850122,2018-04-09,968.39,963.95,980.22,951.39,0.39304069,2.8529128239999997
850122,2018-04-10,973.2,963.53,984.53,951.52,0.49506782,3.417345255
850122,2018-04-11,973.0,967.07,984.03,957.83,0.45030129,3.2784770783
850122,2018-04-12,972.6,968.24,988.58,959.48,0.44089466,3.1856467678
850122,2018-04-13,970.13,970.4,988.45,959.93,0.36880394,2.8543269883
850122,2018-04-16,964.44,962.95,983.16,949.95,0.30850912,2.2795823665
850122,2018-04-17,953.95,960.64,977.63,939.1,0.36959417,2.4827225635
850122,2018-04-18,957.91,954.3,969.79,935.16,0.29190608,1.9656425704
850122,2018-04-19,957.17,954.95,971.18,944.83,0.25803943,1.8369018196
850122,2018-04-20,944.17,951.01,963.63,929.12,0.34153384,2.1781031636000003
850122,2018-04-23,935.33,936.39,953.41,921.73,0.21558025,1.3650021206999998
850122,2018-04-24,944.69,929.24,953.55,923.26,0.38279607,2.7374546893000002
850122,2018-04-25,949.72,935.13,960.77,931.72,0.34401324,2.4490892350999998
850122,2018-04-26,940.6,945.2,962.72,924.84,0.50840955,3.2575775657999997
850122,2018-04-27,940.28,935.13,955.8,923.7,0.3610167,2.470286068
850122,2018-05-02,947.74,936.63,958.39,924.63,0.36481792,2.4902814145
850122,2018-05-03,956.51,941.54,964.08,932.81,0.33273204,2.5616004366
850122,2018-05-04,954.5,950.67,968.5,939.65,0.29876657,2.2766138044
850122,2018-05-07,954.26,950.85,971.13,934.32,0.58490849,4.098362825
850122,2018-05-08,951.25,946.77,965.99,938.28,0.40046091,2.778906795
850122,2018-05-09,952.6,947.53,963.57,938.63,0.3205017,2.259130454
850122,2018-05-10,948.38,946.64,961.84,936.05,0.39678029,2.6448919825
850122,2018-05-11,942.33,942.51,959.08,932.07,0.31408593,2.4528732004
850122,2018-05-14,935.03,934.8,949.87,926.49,0.29107566,2.0312763730000003
850122,2018-05-15,941.76,932.61,951.34,923.29,0.42788493,2.7784394517
850122,2018-05-16,947.56,936.68,965.89,930.45,0.57587664,3.2565106866000004
850122,2018-05-17,947.06,942.07,959.95,934.07,0.36689332,2.4690459934
850122,2018-05-18,952.26,944.86,970.13,934.59,0.43828158,3.2795450561000004
850122,2018-05-21,970.14,949.88,982.92,943.95,0.45286775,3.9169189222000003
850122,2018-05-22,979.87,963.72,991.17,956.17,0.53531846,3.7507216754000003
850122,2018-05-23,981.97,973.4,997.19,960.72,0.48495571,4.1964076899
850122,2018-05-24,980.68,974.86,992.64,965.74,0.39476489,3.2835444336
850122,2018-05-25,968.02,975.5,990.99,953.59,0.40534911,3.3626433413
850122,2018-05-28,970.41,962.02,987.74,947.43,0.40041056,3.5140113424
850122,2018-05-29,965.54,966.01,985.0,949.05,0.33617056,3.1000260762000003
850122,2018-05-30,940.04,954.15,964.95,922.58,0.42093503,3.2178250447
850122,2018-05-31,966.45,940.02,984.93,930.74,0.62150576,4.3217145366
850122,2018-06-01,963.23,958.56,986.53,946.35,0.55915646,4.2029798632999995
850122,2018-06-04,950.87,960.33,976.85,935.83,0.4280984,3.6918618989
850122,2018-06-05,963.81,946.35,975.6,934.15,0.42696824,3.6129426127999995
850122,2018-06-06,972.92,957.1,982.47,949.87,0.39020841,3.3183922810000004
850122,2018-06-07,956.98,965.99,984.71,943.37,0.53748925,4.6452876606
850122,2018-06-08,959.61,955.79,977.17,938.54,0.57722468,3.9862193312
850122,2018-06-11,933.6,950.69,964.76,922.68,0.41993062,2.94203632
850122,2018-06-12,932.08,927.54,946.75,914.84,0.38932745,2.8190191089999996
850122,2018-06-13,906.49,928.06,940.78,897.84,0.49907521,3.7049307672000005
850122,2018-06-14,892.33,899.48,925.27,877.75,0.40866336,3.0039072528
850122,2018-06-15,875.57,903.21,921.09,863.51,0.3868147,2.6900547999
850122,2018-06-19,831.2,879.43,905.95,817.13,0.66504682,3.7259312945999996
850122,2018-06-20,824.17,837.67,856.64,799.85,0.66729534,3.8902584382
850122,2018-06-21,821.01,832.36,856.49,808.31,0.43960758,2.7600582728
850122,2018-06-22,830.72,827.95,852.53,805.32,0.308257,1.9493849492
850122,2018-06-25,811.4,823.52,838.23,804.24,0.3020664,2.0797553487
850122,2018-06-26,793.49,800.25,821.68,776.55,1.09920269,5.0043173661
850122,2018-06-27,784.18,803.37,822.29,769.36,0.97395005,4.3991415248
850122,2018-06-28,761.16,792.12,801.35,751.86,0.89068434,3.9507140455000003
850122,2018-06-29,774.91,772.53,797.46,753.7,0.98035508,4.0909294733
850122,2018-07-02,768.67,785.26,800.83,759.03,0.78982402,3.3596048080000003
850122,2018-07-03,779.48,779.98,795.63,754.32,0.59614141,2.7135193756000002
850122,2018-07-04,758.34,782.95,791.36,751.19,0.72264542,2.9294345739999996
850122,2018-07-05,731.88,769.42,777.5,729.19,0.60444019,2.4585935585
850122,2018-07-06,738.18,743.96,762.75,720.06,0.70138369,2.7392826169
850122,2018-07-09,751.74,751.91,771.36,736.15,0.55501825,2.3157542334
850122,2018-07-10,754.17,763.4,772.97,744.46,0.45900212,2.0364424953
850122,2018-07-11,735.02,757.52,765.8,723.38,0.66697421,2.631910313
850122,2018-07-12,748.53,748.57,768.58,728.21,0.62091688,2.8299547891000003
850122,2018-07-13,747.68,760.69,770.57,737.1,0.59435288,2.6086806553
850122,2018-07-16,747.52,764.0,771.05,741.51,0.17700727,0.9302261941
850122,2018-07-17,751.2,762.62,774.07,739.48,0.22695583,1.0802415241
850122,2018-07-18,755.62,765.69,785.56,746.08,0.28304443,1.4565178737
850122,2018-07-19,746.87,770.33,777.62,739.95,0.20719989,1.0811854993
850122,2018-07-20,745.92,760.2,770.11,731.17,0.20133807,0.9653484351999999
850122,2018-07-23,749.37,760.25,769.91,738.52,0.26079403,1.1833806404
850122,2018-07-24,754.56,762.92,780.1,745.34,0.32701294,1.4777891839
850122,2018-07-25,758.25,769.77,782.43,747.56,0.30803079,1.4084687988999998
850122,2018-07-26,766.05,772.08,791.11,750.95,0.46302992,1.7884611376
850122,2018-07-27,765.7,781.37,795.28,759.06,0.29880418,1.3434190256
850122,2018-07-30,752.35,777.85,783.6,744.23,0.27839955,1.1683032836
850122,2018-07-31,749.5,766.94,774.65,741.82,0.1735924,0.79821665
850122,2018-08-01,745.71,764.5,777.09,739.39,0.22012023,0.9582998067
850122,2018-08-02,729.17,759.1,765.27,710.61,0.28100384,1.1965489553
850122,2018-08-03,723.34,743.81,753.41,719.02,0.19446102,0.8233775126
850122,2018-08-06,728.7,741.73,764.03,713.13,0.72450604,2.5858387582
850122,2018-08-07,733.72,739.69,755.02,715.31,0.58276911,2.1313734623
850122,2018-08-08,726.55,746.3,758.57,720.1,0.40581955,1.613182259
850122,2018-08-09,737.92,738.16,765.66,719.81,0.3767798,1.5454787573
850122,2018-08-10,755.34,754.27,788.13,736.05,0.66975939,2.5912949519
850122,2018-08-13,755.43,771.04,789.27,741.82,1.19368704,3.8216360774
850122,2018-08-14,755.11,764.48,786.45,743.95,0.74488131,2.4185464176
850122,2018-08-15,746.85,770.01,779.71,741.12,0.58154206,2.1600772762
850122,2018-08-16,750.91,758.04,785.6,733.02,0.69849573,2.786660944
850122,2018-08-17,743.69,773.66,783.86,733.39,0.52267923,2.1147156124
850122,2018-08-20,737.73,756.95,773.74,718.06,0.64873919,2.9488055707
850122,2018-08-21,740.81,754.27,768.49,729.7,0.58849426,2.5450814002
850122,2018-08-22,736.18,753.48,763.5,723.51,0.43322599,1.7792597041999998
850122,2018-08-23,733.18,747.72,757.87,720.75,0.33435171,1.4617901849000001
850122,2018-08-24,732.74,747.82,761.17,723.78,0.30517542,1.4253774438
850122,2018-08-27,736.82,747.96,760.51,722.62,0.45494715,1.8406355634
850122,2018-08-28,739.75,752.96,765.63,729.61,0.46929689,1.9730553479
850122,2018-08-29,734.93,753.79,760.92,726.7,0.41464807,1.5533499093
850122,2018-08-30,727.76,750.45,762.19,725.0,0.47119358,1.7239149932
850122,2018-08-31,718.13,741.98,749.67,710.75,0.31625198,1.2173872303
850122,2018-09-03,721.76,732.0,746.12,707.22,0.33475907,1.3452117376
850122,2018-09-04,730.66,737.31,757.88,716.86,0.4356291,1.8827559208000002
850122,2018-09-05,727.24,743.39,759.46,719.98,0.50384899,2.0956820668000002
850122,2018-09-06,716.53,740.03,750.45,711.63,0.32430905,1.3775078882
850122,2018-09-07,717.78,732.15,744.93,709.82,0.30160711,1.2508690123000001
850122,2018-09-10,705.59,714.36,715.71,703.8,0.29702601,1.1735922369
850122,2018-09-11,705.62,721.12,730.32,696.8,0.25782715,1.0364487002
850122,2018-09-12,701.61,724.3,733.23,697.2,0.32003212,1.4955225819
850122,2018-09-13,707.36,719.44,730.63,696.26,0.25712138,1.0226083042
850122,2018-09-14,699.14,723.86,728.63,697.24,0.21147939,0.8291717018000001
850122,2018-09-17,677.79,679.61,686.8,673.54,0.22719137,0.9279651179999999
850122,2018-09-18,673.77,662.15,676.58,658.09,0.23991056,0.9260526687999999
850122,2018-09-19,663.16,658.44,668.32,655.93,0.49794589,2.0770890513999998
850122,2018-09-20,658.99,654.77,674.81,644.63,1.53207352,7.0801497161
850122,2018-09-21,667.31,653.58,670.22,647.34,1.21789443,5.661067415700001
850122,2018-09-25,668.72,664.16,679.62,654.15,1.00878011,4.8911668824
850122,2018-09-26,679.15,668.27,687.42,663.38,1.02157121,5.1982150679000005
850122,2018-09-27,656.37,677.32,680.48,653.81,0.83847253,4.0917366171
850122,2018-09-28,657.31,656.65,665.05,648.41,0.56494905,2.7202932375
850122,2018-10-08,637.4,648.42,660.66,630.81,0.60369819,2.7798994363
850122,2018-10-09,637.69,640.33,647.17,631.13,0.43048208,2.1006938315
850122,2018-10-10,637.03,636.49,645.08,629.62,0.40548791,1.8878439459
850122,2018-10-11,590.05,623.45,625.33,579.39,0.72261407,2.98215633
850122,2018-10-12,588.74,578.87,595.16,554.93,0.71245184,2.6528112849000003
850122,2018-10-15,585.0,587.74,599.87,574.67,0.45261784,1.7333923322999998
850122,2018-10-16,578.53,585.12,594.89,566.37,0.3913329,1.6373839921000002
850122,2018-10-17,576.1,585.36,588.52,560.21,0.33079768,1.3281957201
850122,2018-10-18,550.49,569.84,572.17,544.43,0.42517388,1.594633091
850122,2018-10-19,557.0,541.08,562.52,532.07,0.44693233,1.6737544816999999
850122,2018-10-22,590.41,564.94,597.03,562.94,0.60939589,2.4611630630000003
850122,2018-10-23,601.62,593.52,613.76,586.09,0.7810181,3.5797477824
850122,2018-10-24,597.9,599.19,608.7,588.95,0.56814662,2.1746138063
850122,2018-10-25,594.81,581.4,599.6,574.08,0.51154097,2.1229223502
850122,2018-10-26,602.82,596.89,609.06,591.73,0.45624093,1.7904669488999998
850122,2018-10-29,601.47,602.65,612.17,593.39,0.48828946,1.7207841763999998
850122,2018-10-30,610.96,598.07,619.93,588.97,0.48976712,1.8668887968
850122,2018-10-31,619.67,613.74,636.59,609.11,0.57207744,2.2011850401
850122,2018-11-01,620.45,618.54,637.81,614.67,0.57619341,2.3884705738
850122,2018-11-02,635.26,627.12,641.49,622.12,0.65749955,2.7044330298
850122,2018-11-05,656.09,651.9,678.54,638.56,1.3165174,5.1463433027
850122,2018-11-06,658.3,652.7,666.8,638.0,0.75086157,2.9723661143999998
850122,2018-11-07,671.13,658.15,690.05,649.28,1.2075456,4.6675496363999995
850122,2018-11-08,691.85,671.63,710.03,665.17,1.64177301,6.6674974122
850122,2018-11-09,695.8,688.24,712.56,675.59,1.42662498,6.7498352313
850122,2018-11-12,715.55,689.11,724.54,680.91,1.06854836,4.9422860495
850122,2018-11-13,724.17,704.16,739.53,698.35,1.22035609,5.783487162899999
850122,2018-11-14,727.66,721.15,751.58,711.07,1.5081538,7.0273859049
850122,2018-11-15,724.24,721.13,735.54,713.3,0.97060264,4.4527156207
850122,2018-11-16,732.19,725.49,741.34,712.94,0.93834991,4.4155394368000005
850122,2018-11-19,724.02,728.34,739.96,712.83,0.84767655,3.9213267407
850122,2018-11-20,695.15,719.28,729.76,688.44,0.96009934,4.1216605673
850122,2018-11-21,708.38,686.77,710.28,684.47,0.67367503,2.8888708738999997
850122,2018-11-22,704.75,712.22,721.61,698.33,0.58948419,2.5820624974
850122,2018-11-23,669.85,708.38,712.19,663.02,0.69416713,3.0222960520999997
850122,2018-11-26,674.71,670.44,687.45,664.81,0.50307827,2.2660465794999998
850122,2018-11-27,680.03,679.44,692.97,669.96,0.56217317,2.5924695898
850122,2018-11-28,683.44,679.58,688.95,664.44,0.5143681,2.3040455756
850122,2018-11-29,667.04,686.01,693.69,662.39,0.5462718,2.3949591418000002
850122,2018-11-30,665.46,661.97,671.23,647.37,0.51993368,2.3228659978
850122,2018-12-03,686.17,678.72,692.23,672.6,0.62179123,2.9529654182
850122,2018-12-04,690.45,687.25,696.91,678.45,0.45469947,2.1403657965000003
850122,2018-12-05,685.0,680.45,693.57,672.68,0.43592537,1.9759134895
850122,2018-12-06,681.57,684.32,694.93,672.93,0.54083283,2.4174586091
850122,2018-12-07,683.15,679.09,690.04,671.41,0.41386872,1.7594820163
850122,2018-12-10,670.48,676.18,682.9,661.88,0.36607965,1.5415448119
850122,2018-12-11,672.41,671.28,679.28,664.37,0.28426681,1.1623106029
850122,2018-12-12,675.76,673.34,687.62,663.56,0.43128495,1.9616463108000002
850122,2018-12-13,676.51,677.54,686.55,667.93,0.45769712,1.9556899428
850122,2018-12-14,657.85,677.88,681.37,654.53,0.41303029,1.7729761065
850122,2018-12-17,653.4,658.64,664.77,641.9,0.36658932,1.5488644111
850122,2018-12-18,650.04,650.18,659.33,642.06,0.29687178,1.2387487484
850122,2018-12-19,642.93,649.35,662.41,634.14,0.36150546,1.6207801799000001
850122,2018-12-20,650.31,641.66,654.79,634.69,0.34295526,1.6688490758
850122,2018-12-21,639.99,649.11,652.77,631.7,0.36356238,1.6640245799000002
850122,2018-12-24,645.27,638.89,654.86,633.68,0.28877495,1.3915467466
850122,2018-12-25,634.54,640.34,646.1,614.76,0.45771212,1.9468786672
850122,2018-12-26,631.82,633.91,640.66,624.36,0.25380897,1.108511211
850122,2018-12-27,620.05,640.11,643.75,617.39,0.33067617,1.3238574149
850122,2018-12-28,619.44,620.11,630.53,612.02,0.25468008,1.1706518352
850122,2019-01-02,614.72,621.3,627.94,611.21,0.2587366,1.0487669445999999
850122,2019-01-03,612.93,616.71,625.68,607.5,0.30735671,1.2393816
850122,2019-01-04,632.02,607.65,637.33,602.55,0.4829074,1.9346448302
850122,2019-01-07,640.43,634.39,646.61,629.05,0.44170341,1.8093690643
850122,2019-01-08,641.94,639.13,645.42,633.99,0.33139122,1.3353107572
850122,2019-01-09,639.74,642.65,651.16,636.96,0.42503814,1.7405675103
850122,2019-01-10,641.3,640.11,650.02,633.97,0.32847859,1.4276216430000002
850122,2019-01-11,653.26,641.42,665.54,634.38,0.68485186,2.8421686047000003
850122,2019-01-14,651.58,652.93,661.19,642.9,0.51565961,2.1919457431000002
850122,2019-01-15,642.43,639.54,648.97,633.51,0.81952456,3.2870601255
850122,2019-01-16,642.04,641.62,652.23,635.61,0.57450651,2.3097729122999997
850122,2019-01-17,636.98,643.14,651.24,631.6,0.56305711,2.2967829211
850122,2019-01-18,639.78,639.94,646.48,631.22,0.43348753,1.8073188418000001
850122,2019-01-21,646.05,641.2,651.41,636.52,0.42621949,1.8380144886
850122,2019-01-22,642.6,643.01,650.47,634.25,0.5216553,2.1825782545
850122,2019-01-23,648.59,643.68,660.03,634.7,0.66314804,2.8348572557
850122,2019-01-24,651.81,645.69,669.0,634.68,0.76975442,3.0258337551
850122,2019-01-25,637.48,649.24,655.44,632.15,0.55370817,2.2341242314
850122,2019-01-28,626.88,636.79,644.49,623.19,0.46228888,1.8565019611000002
850122,2019-01-29,620.02,625.72,632.98,599.94,0.46162299,1.8046416613999998
850122,2019-01-30,609.61,616.73,622.78,604.67,0.29963829,1.1777965353
850122,2019-01-31,590.97,599.88,608.85,585.39,0.40349446,1.4964347653
850122,2019-02-01,599.29,585.58,603.91,583.21,0.51751113,2.4973061081
850122,2019-02-11,616.62,600.05,619.78,597.43,0.59686349,2.7963609806
850122,2019-02-12,623.64,617.15,632.3,612.16,0.67217532,3.0492730182999996
850122,2019-02-13,630.44,622.74,633.65,618.03,0.70202825,3.1384043629000002
850122,2019-02-14,636.78,627.85,646.13,622.52,0.79381234,3.7006099014999996
850122,2019-02-15,654.17,633.37,674.02,629.4,0.99307527,4.5300389218
850122,2019-02-18,660.49,651.09,664.32,645.76,0.96308084,4.4038516179
850122,2019-02-19,663.29,662.28,674.59,651.9,1.44942429,6.3543068186000005
850122,2019-02-20,668.33,670.07,684.78,653.08,1.32667632,5.781588232100001
850122,2019-02-21,662.74,664.11,676.97,655.04,1.05001379,4.6170780977999994
850122,2019-02-22,688.37,661.48,698.59,656.19,1.42489234,6.2514986397
850122,2019-02-25,714.13,682.89,721.25,678.79,1.95293296,8.7967031784
850122,2019-02-26,715.6,708.92,740.11,696.61,1.7448141,7.785129993200001
850122,2019-02-27,712.19,713.85,732.09,701.46,1.30357254,5.8465090801
850122,2019-02-28,713.67,713.0,721.77,703.5,0.87335609,3.9110941763
850122,2019-03-01,718.66,717.35,724.68,705.27,0.89298366,3.9475827522
850122,2019-03-04,727.19,726.18,740.97,717.66,1.45216829,6.4292637398000005
850122,2019-03-05,741.62,725.76,746.24,718.39,1.07772957,5.0242256686
850122,2019-03-06,759.89,742.69,762.13,732.93,1.37529087,6.3416797143
850122,2019-03-07,775.89,759.89,793.06,749.4,1.68544455,7.8952358872
850122,2019-03-08,733.1,759.93,780.83,728.21,1.44934902,6.7348802393
850122,2019-03-11,761.68,738.15,765.66,732.43,1.24597554,5.8248251737
850122,2019-03-12,796.58,763.78,807.34,756.3,2.08314956,9.8048831445
850122,2019-03-13,789.84,800.65,825.4,767.71,2.44086916,12.2587295731
850122,2019-03-14,749.98,780.52,796.39,738.56,1.70218056,8.3109042362
850122,2019-03-15,754.87,753.91,775.09,739.26,1.12215538,5.424589394
850122,2019-03-18,764.59,755.26,769.37,741.46,1.05919623,5.056919933600001
850122,2019-03-19,762.97,764.43,770.05,753.65,0.84161846,3.9283752880000002
850122,2019-03-20,766.32,761.05,777.11,747.32,1.15420949,5.5252308851
850122,2019-03-21,771.82,766.53,779.77,759.42,1.09730792,5.2764172197
850122,2019-03-22,769.09,771.34,778.74,755.2,0.94285151,4.4212536597000005
850122,2019-03-25,763.06,754.36,773.29,747.01,1.02479816,4.8536881852
850122,2019-03-26,748.89,770.11,779.53,742.67,1.29609773,6.3699775742
850122,2019-03-27,743.18,751.09,759.22,731.44,0.94807757,4.3425495993
850122,2019-03-28,727.36,741.35,748.39,722.88,0.84335914,4.0653803562
850122,2019-03-29,748.56,727.53,751.61,721.3,0.88069041,4.2280216995
850122,2019-04-01,770.21,746.36,773.5,744.84,1.18169259,5.7541129367999995
850122,2019-04-02,773.78,772.56,784.44,762.22,1.10458165,5.4468878315
850122,2019-04-03,789.38,771.03,796.05,768.09,1.17708023,5.5538321253
850122,2019-04-04,795.67,792.96,812.02,781.24,1.2456718,6.4645341832000005
850122,2019-04-08,799.02,800.65,816.79,778.14,1.22451936,6.044772819299999
850122,2019-04-09,806.72,797.62,818.04,789.01,1.08477431,5.3853538487
850122,2019-04-10,799.36,803.14,810.95,782.7,0.94383702,4.8463404047
850122,2019-04-11,788.85,798.54,811.29,783.63,1.01966928,5.1080158811
850122,2019-04-12,805.11,786.83,815.86,775.85,1.43558236,6.392102263
850122,2019-04-15,801.16,810.4,825.0,793.66,1.16465465,5.6341399535
850122,2019-04-16,812.16,798.12,815.27,779.23,1.04302405,4.9854646249000005
850122,2019-04-17,823.48,812.92,823.48,812.0,1.03085534,5.3554821644
850122,2019-04-18,810.93,825.76,841.93,802.82,1.41956366,7.252662324
850122,2019-04-19,811.17,804.34,816.65,790.1,1.17855615,5.8515699961
850122,2019-04-22,802.39,811.1,825.29,795.22,0.93913836,4.779902483
850122,2019-04-23,800.38,798.79,827.64,779.18,1.32287339,6.708432964299999
850122,2019-04-24,782.93,798.35,803.66,770.96,1.05695776,5.415305964500001
850122,2019-04-25,760.75,776.98,804.64,749.37,1.44004495,6.9164261868
850122,2019-04-26,726.25,746.47,752.36,719.33,0.94756066,4.0231899237999995
850122,2019-04-29,687.49,719.87,723.35,682.21,0.75069801,3.092152717
850122,2019-04-30,685.82,681.33,693.88,668.98,0.5113359,2.2649883628
850122,2019-05-06,639.2,667.4,675.71,630.88,0.70782577,2.8855827303
850122,2019-05-07,650.7,634.22,661.08,629.11,0.81010469,3.0447667172000004
850122,2019-05-08,637.26,632.63,655.77,623.07,1.19081995,4.8631680687
850122,2019-05-09,632.55,628.62,642.83,620.51,0.72665281,2.9293260394
850122,2019-05-10,648.88,636.08,650.75,624.75,0.88435244,3.6783204572000003
850122,2019-05-13,634.42,642.57,647.36,628.65,0.66187641,2.7972909745
850122,2019-05-14,626.49,622.75,641.51,617.99,0.65721467,2.6764770038
850122,2019-05-15,643.46,631.85,646.66,626.44,0.67575499,2.8325595026
850122,2019-05-16,657.01,643.87,660.25,639.58,0.76201601,3.1989023735
850122,2019-05-17,640.56,657.3,674.49,634.01,1.11476651,4.8304620597
850122,2019-05-20,614.7,635.02,640.3,596.88,0.83412431,3.5698271017
850122,2019-05-21,629.81,612.35,635.14,606.75,0.61127639,2.6091861969
850122,2019-05-22,620.38,629.11,634.03,613.36,0.52946792,2.1899116187
850122,2019-05-23,603.36,619.19,624.29,598.11,0.53086971,2.1753218692
850122,2019-05-24,596.92,599.58,612.83,589.15,0.49189673,1.9274396879
850122,2019-05-27,610.41,596.51,613.8,590.72,0.54978541,2.1971199216
850122,2019-05-28,613.25,609.78,626.83,605.2,0.70078312,2.879212543
850122,2019-05-29,615.92,611.97,621.6,607.27,0.45498195,1.9040149939
850122,2019-05-30,626.23,617.13,633.47,608.31,0.63831593,2.7042328263
850122,2019-05-31,626.34,630.27,636.49,617.83,0.80883936,4.3210263364
850122,2019-06-03,610.1,622.7,628.88,605.27,0.78731882,3.8066605104000004
850122,2019-06-04,588.94,604.51,609.92,580.97,0.6532763,2.9230740307999996
850122,2019-06-05,606.8,594.62,614.32,588.01,0.69266157,3.4950103138
850122,2019-06-06,589.99,605.54,612.83,583.93,0.71809751,3.3122671379
850122,2019-06-10,580.78,583.77,592.59,571.52,0.56281977,2.4572534349
850122,2019-06-11,594.84,576.13,600.5,570.31,0.88096819,3.7681420955
850122,2019-06-12,599.96,591.22,606.62,585.37,0.95591404,4.1110160938
850122,2019-06-13,601.36,595.82,610.6,586.56,0.83271972,3.7503808548000004
850122,2019-06-14,590.03,602.13,611.8,586.52,0.75361092,3.1227638363
850122,2019-06-17,582.99,589.39,596.44,577.88,0.51528206,2.0768241436
850122,2019-06-18,582.04,581.04,591.59,575.7,0.50327519,1.9798386016
850122,2019-06-19,588.44,589.41,596.63,581.72,0.60664061,2.437440131
850122,2019-06-20,593.75,587.46,597.79,578.79,0.69008599,2.7690718865
850122,2019-06-21,605.11,603.72,611.79,597.73,0.78328253,3.3314246305
850122,2019-06-24,612.23,605.35,615.48,595.39,0.81732298,3.6397921082
850122,2019-06-25,600.81,612.01,620.82,594.55,0.75160013,3.6395397579
850122,2019-06-26,601.74,597.58,610.05,592.69,0.48132845,2.1195288466999997
850122,2019-06-27,598.7,602.3,608.68,594.21,0.52698787,2.3051818683
850122,2019-06-28,586.92,598.34,600.29,579.75,0.50546189,2.0772361222
850122,2019-07-01,601.67,594.0,603.1,589.66,0.59800004,2.4520954728
850122,2019-07-02,614.99,602.45,622.77,599.87,0.89453298,3.6679552251999996
850122,2019-07-03,626.92,613.04,648.17,599.41,1.40482137,5.899220329199999
850122,2019-07-04,609.99,625.72,632.01,605.08,1.11487919,5.5783954081
850122,2019-07-05,614.13,610.14,617.62,600.49,0.61227245,2.9223631544
850122,2019-07-08,588.73,609.43,610.55,586.33,0.66902746,2.9036539675
850122,2019-07-09,590.2,587.34,595.11,579.29,0.47099497,2.0071648671
850122,2019-07-10,583.15,589.62,594.8,578.2,0.452437,1.9349372
850122,2019-07-11,576.43,579.91,591.91,569.67,0.66383459,2.5028802749000003
850122,2019-07-12,568.99,573.99,578.49,562.09,0.61677026,2.3132919131
850122,2019-07-15,575.6,565.28,578.91,558.08,0.5297,1.978224795
850122,2019-07-16,576.72,574.45,583.79,569.95,0.44172556,1.6221820891
850122,2019-07-17,578.22,575.72,583.65,571.54,0.41737839,1.5867822455
850122,2019-07-18,565.94,576.63,577.45,564.36,0.40980284,1.6243225275
850122,2019-07-19,567.31,567.0,573.89,563.84,0.31906497,1.2600116237
850122,2019-07-22,543.44,567.94,569.79,536.91,0.55502812,2.033631369
850122,2019-07-23,550.16,542.71,552.81,541.03,0.29961226,1.0898840569
850122,2019-07-24,553.15,551.43,560.67,549.31,0.38163549,1.3535172365
850122,2019-07-25,554.49,554.84,558.12,549.17,0.32801005,1.1701186474
850122,2019-07-26,556.07,553.18,562.32,548.91,0.32968015,1.3630721818
850122,2019-07-29,553.84,554.06,559.03,547.26,0.38293243,1.4012225039
850122,2019-07-30,558.2,553.13,561.9,551.89,0.30424048,1.1586578327
850122,2019-07-31,552.92,557.43,558.71,548.42,0.3265804,1.1567964426000001
850122,2019-08-01,552.23,549.1,558.9,545.66,0.370062,1.2454271652
850122,2019-08-02,545.27,544.01,551.25,537.53,0.46595581,1.6145043453
850122,2019-08-05,539.24,543.73,551.73,535.34,0.36821312,1.3999567328
850122,2019-08-06,513.54,530.1,532.61,501.67,0.67744735,2.3074596745
850122,2019-08-07,514.74,515.05,523.68,507.44,0.42174966,1.3467215055000001
850122,2019-08-08,511.73,515.69,519.6,509.13,0.33988481,1.141022565
850122,2019-08-09,504.89,515.22,518.56,502.01,0.34200134,1.1953151343000001
850122,2019-08-12,513.02,505.4,515.2,500.45,0.33606256,1.2267600496
850122,2019-08-13,507.62,508.85,513.28,503.42,0.25833557,0.8732705181
850122,2019-08-14,518.29,517.01,529.69,513.32,0.38271549,1.4143860931999999
850122,2019-08-15,515.65,509.57,519.55,501.63,0.47105437,1.9618427635
850122,2019-08-16,518.73,515.39,525.35,511.14,0.41934749,1.5830954931
850122,2019-08-19,534.73,520.33,537.96,518.65,0.55437091,2.0000600439
850122,2019-08-20,534.43,533.75,541.57,529.73,0.44378073,1.6102475288
850122,2019-08-21,537.5,533.38,543.16,530.26,0.41513196,1.6566150219
850122,2019-08-22,541.85,539.72,546.66,532.97,0.43263513,1.5970676803
850122,2019-08-23,537.65,540.92,544.54,533.15,0.36452864,1.4125471081
850122,2019-08-26,530.53,526.18,536.43,519.49,0.42231692,1.4921368544999998
850122,2019-08-27,541.06,532.47,544.59,530.97,0.44617062,1.5815027857
850122,2019-08-28,550.04,540.63,555.48,536.68,0.54435526,1.9729158219
850122,2019-08-29,545.15,549.39,553.6,541.66,0.40854161,1.4670606952
850122,2019-08-30,537.66,549.15,552.95,533.61,0.48273335,1.7610916134999999
850122,2019-09-02,547.05,538.18,548.94,533.61,0.46104418,1.6084704732
850122,2019-09-03,549.11,546.83,555.07,542.61,0.41015547,1.5256806204
850122,2019-09-04,552.54,547.85,553.18,544.34,0.36035978,1.2894961503
850122,2019-09-05,557.95,554.06,568.98,551.2,0.67903699,2.6554080492
850122,2019-09-06,561.41,558.89,567.24,553.16,0.51440583,1.9603760328
850122,2019-09-09,564.22,564.59,567.59,558.76,0.56429736,2.2951211121
850122,2019-09-10,569.61,565.16,574.06,560.73,0.56758368,2.1167749482
850122,2019-09-11,565.77,569.25,575.08,563.87,0.4817291,1.8148874419999999
850122,2019-09-12,573.66,568.67,575.91,564.47,0.49861492,1.7197613113999999
850122,2019-09-16,575.69,575.79,583.61,567.6,0.62076824,2.2396526726
850122,2019-09-17,560.46,575.56,578.95,555.81,0.68593396,2.5035344681000002
850122,2019-09-18,562.44,560.01,569.78,555.03,0.47884107,1.8750228952
850122,2019-09-19,563.35,562.9,568.14,553.0,0.49428182,1.8711915406
850122,2019-09-20,565.71,567.2,571.51,560.74,0.3711571,1.4378012424000002
850122,2019-09-23,554.12,563.82,567.23,548.0,0.48066644,1.798988665
850122,2019-09-24,556.87,556.03,564.72,550.99,0.41936069,1.6044801766999999
850122,2019-09-25,538.93,552.83,555.82,535.26,0.52903472,1.8576420600999999
850122,2019-09-26,530.83,542.35,548.18,527.15,0.43980327,1.6777019383
850122,2019-09-27,535.93,530.58,541.44,526.75,0.34133528,1.3386537354
850122,2019-09-30,531.17,536.2,541.81,528.84,0.31831308,1.2329822547
850122,2019-10-08,535.32,530.9,540.65,527.99,0.34310199,1.2287992725
850122,2019-10-09,540.37,533.11,542.76,528.21,0.30730115,1.155201908
850122,2019-10-10,544.1,539.74,547.91,536.37,0.29010104,1.0690631793
850122,2019-10-11,543.44,543.61,548.5,538.65,0.3198415,1.1495794940000001
850122,2019-10-14,549.39,545.83,552.6,543.55,0.39341611,1.4032756903999999
850122,2019-10-15,543.94,547.17,549.65,539.11,0.33022862,1.1889012316
850122,2019-10-16,539.55,545.3,552.78,537.95,0.39231898,1.4369660663
850122,2019-10-17,541.16,539.16,545.94,535.74,0.28922084,1.0712487199
850122,2019-10-18,534.77,540.71,547.35,530.72,0.37301674,1.3449998944
850122,2019-10-21,541.09,535.69,545.28,528.81,0.36866708,1.2850874897
850122,2019-10-22,543.47,539.99,547.01,532.89,0.38320463,1.3671243326
850122,2019-10-23,572.74,555.21,581.69,554.62,1.26306403,4.9373540839
850122,2019-10-24,585.0,566.15,589.78,559.97,2.37916965,7.6133290497
850122,2019-10-25,599.27,583.33,616.38,567.81,2.69606016,9.5089444813
850122,2019-10-28,588.98,585.6,596.14,577.79,1.74153595,5.996458800499999
850122,2019-10-29,576.37,584.38,594.35,571.91,1.39028918,4.7300216895
850122,2019-10-30,567.91,570.14,587.81,550.07,1.61463096,5.4126843255
850122,2019-10-31,557.63,562.61,575.04,551.36,1.05693795,3.7638548710000004
850122,2019-11-01,558.21,552.79,562.62,546.15,0.68422482,2.2632881777000002
850122,2019-11-04,556.52,558.26,562.87,547.37,0.60675944,2.1311805675
850122,2019-11-05,553.74,556.05,564.0,546.71,0.74412079,2.5065261193
850122,2019-11-06,542.21,553.65,556.99,538.7,0.59888299,1.940737841
850122,2019-11-07,550.89,541.93,556.34,538.72,0.54542491,1.8857629928
850122,2019-11-08,547.48,550.73,557.94,542.66,0.55197522,1.9825062393000001
850122,2019-11-11,533.25,543.77,548.17,531.02,0.51141741,1.7859497522999999
850122,2019-11-12,534.7,528.47,535.75,523.57,0.41416272,1.3891285061
850122,2019-11-13,528.08,530.2,537.17,521.43,0.61195013,1.8278529716
850122,2019-11-14,529.2,526.11,533.85,523.4,0.42531719,1.3569084118999999
850122,2019-11-15,520.19,528.17,531.31,515.57,0.47158142,1.5049141447999999
850122,2019-11-18,517.73,518.26,523.09,511.39,0.34605065,1.0903574214
850122,2019-11-19,528.12,519.4,529.85,515.53,0.46813672,1.4744654525
850122,2019-11-20,528.12,526.81,535.53,520.03,0.5510928,1.6714225924000001
850122,2019-11-21,529.66,525.6,532.45,522.41,0.37317728,1.137565859
850122,2019-11-22,522.74,529.24,533.62,519.72,0.43512181,1.3793764499
850122,2019-11-25,523.93,523.19,528.58,516.22,0.34766849,1.0720638945999998
850122,2019-11-26,523.66,523.59,528.35,517.75,0.30354048,0.9247513086
850122,2019-11-27,521.8,523.11,527.92,518.21,0.34062231,1.0359838975
850122,2019-11-28,520.03,521.84,526.65,515.95,0.27419229,0.8410506409
850122,2019-11-29,521.17,519.13,524.38,513.08,0.33622511,1.0859511997
850122,2019-12-02,519.25,521.94,526.39,515.11,0.27495321,0.9167755898000001
850122,2019-12-03,523.06,517.03,525.38,512.31,0.29056339,0.9817993458
850122,2019-12-04,524.23,521.3,528.22,516.73,0.30797121,1.0107270531
850122,2019-12-05,527.29,523.5,529.76,521.17,0.34578979,1.1284759834
850122,2019-12-06,527.94,526.04,530.41,520.43,0.33460196,1.1453143672
850122,2019-12-09,525.9,526.77,529.99,521.75,0.29624661,1.0257234029
850122,2019-12-10,524.34,525.85,528.39,521.04,0.30532792,1.0393898436
850122,2019-12-11,520.02,523.79,525.66,517.9,0.26579664,0.8897470886
850122,2019-12-12,519.04,519.49,525.84,515.8,0.33717302,1.1466001323000001
850122,2019-12-13,525.47,520.41,528.17,516.77,0.37703743,1.2771933448000001
850122,2019-12-16,531.46,527.28,533.35,523.28,0.42921956,1.4617893621
850122,2019-12-17,537.35,530.67,541.25,529.13,0.52985044,1.7276675684
850122,2019-12-18,536.37,536.84,541.47,531.97,0.44420287,1.4427405903
850122,2019-12-19,541.13,533.91,544.17,531.26,0.49463291,1.7256811062000001
850122,2019-12-20,541.33,540.99,549.39,536.03,0.5154717,1.7839159123
850122,2019-12-23,530.06,541.47,546.44,527.6,0.56923456,2.0820429587000002
850122,2019-12-24,545.03,536.86,547.61,532.28,0.62412969,2.461706085
850122,2019-12-25,541.13,544.5,550.52,536.63,0.76518081,3.4593400473
850122,2019-12-26,543.75,538.42,548.58,531.75,0.68339227,3.1452149666
850122,2019-12-27,541.25,542.85,550.95,538.0,0.63573744,2.6660257535
850122,2019-12-30,537.84,536.28,543.12,528.19,0.61072946,2.2793735935
850122,2019-12-31,542.28,537.09,550.58,533.78,0.72836533,2.5292093638
850122,2020-01-02,550.16,545.39,553.27,539.73,0.79649175,2.7497037783
850122,2020-01-03,557.2,551.16,563.99,547.72,1.00458985,3.3413432627999997
850122,2020-01-06,555.59,552.59,562.13,547.86,0.86567274,2.9237173708
850122,2020-01-07,562.56,555.12,565.09,552.68,0.70459256,2.5122884001
850122,2020-01-08,547.39,559.11,563.91,545.52,0.79887178,2.7719344089
850122,2020-01-09,556.29,550.6,558.76,549.27,0.5616924,1.904249766
850122,2020-01-10,552.63,557.34,559.43,547.33,0.45295687,1.5672905847
850122,2020-01-13,550.89,552.82,554.17,544.35,0.41655388,1.360197216
850122,2020-01-14,555.68,550.58,559.31,548.34,0.57374224,2.0243016903
850122,2020-01-15,556.99,557.06,564.97,550.02,0.54883284,2.2262174840999998
850122,2020-01-16,550.07,559.61,566.35,548.33,0.77649606,4.0086737972
850122,2020-01-17,545.19,548.61,555.96,543.08,0.50108011,2.2548071274
850122,2020-01-20,544.66,543.58,548.1,534.5,0.44839235,1.8389339619999998
850122,2020-01-21,536.38,541.99,545.87,532.57,0.45276669,1.6837472056
850122,2020-01-22,530.62,533.04,537.03,521.66,0.41462229,1.4799217902000001
850122,2020-01-23,510.04,526.11,529.51,504.99,0.59474135,1.9598985222999998
850122,2020-02-03,465.23,465.23,466.24,465.23,0.140404,0.35823518
850122,2020-02-04,444.77,424.22,455.82,424.22,1.16510894,3.4140146156999998
850122,2020-02-05,460.7,447.18,467.06,442.33,0.82664609,2.6529602433
850122,2020-02-06,476.21,460.06,479.87,457.64,0.77076333,2.4695537446
850122,2020-02-07,478.39,475.21,487.2,467.12,0.67662859,2.2141624817
850122,2020-02-10,506.31,478.33,511.02,474.87,1.00493649,3.2139681732
850122,2020-02-11,492.77,504.04,509.06,488.92,0.70148071,2.2668490666
850122,2020-02-12,498.12,490.43,501.47,488.45,0.45968652,1.5063300559000001
850122,2020-02-13,488.17,498.44,500.6,485.51,0.52203409,1.7207693981
850122,2020-02-14,485.16,487.42,492.18,480.3,0.40928784,1.3288056504
850122,2020-02-17,503.54,487.8,506.84,486.42,0.66191346,2.1192447609
850122,2020-02-18,505.62,501.31,510.25,496.87,0.58251712,1.8630374753999999
850122,2020-02-19,502.51,504.9,512.92,500.13,0.59729396,1.8991821702
850122,2020-02-20,505.84,501.17,508.79,496.21,0.60961183,1.9710267298
850122,2020-02-21,510.85,505.06,515.1,501.88,0.72196713,2.4071601556
850122,2020-02-24,506.41,508.42,512.15,497.61,0.72070333,2.3293634471
850122,2020-02-25,502.4,500.05,506.71,482.88,0.89236974,3.1562287703
850122,2020-02-26,512.5,497.15,522.64,493.48,1.11229306,3.7633470725
850122,2020-02-27,508.63,513.37,518.48,502.79,0.6984938,2.3166006851
850122,2020-02-28,479.58,495.52,500.76,478.5,0.850422,2.6979274769
850122,2020-03-02,488.58,477.15,490.21,475.83,0.47543618,1.4632100863
850122,2020-03-03,487.2,487.88,496.42,482.9,1.03959523,3.1490194475
850122,2020-03-04,499.08,483.02,505.82,479.36,1.00079142,3.0842177360000003
850122,2020-03-05,514.62,500.31,525.54,496.74,1.31057731,4.1294959816
850122,2020-03-06,518.26,507.06,525.97,502.35,1.19705488,3.7293960522000003
850122,2020-03-09,501.3,511.69,518.36,497.27,0.94072908,2.8965976281
850122,2020-03-10,515.28,500.93,518.21,493.41,0.89873959,2.738690216
850122,2020-03-11,526.85,521.24,541.44,517.11,1.1672412,3.858429433
850122,2020-03-12,530.39,526.03,538.23,517.66,1.43318442,4.8847158286
850122,2020-03-13,524.46,502.0,536.62,496.92,1.65886522,5.4564481349000005
850122,2020-03-16,507.6,523.35,534.6,501.12,1.41671079,4.9362928927
850122,2020-03-17,493.44,504.85,512.06,480.28,1.11777271,3.5203540238
850122,2020-03-18,482.19,494.65,503.61,478.04,0.93692758,3.2054690735
850122,2020-03-19,481.76,480.71,490.45,465.39,0.90129688,3.1127798437
850122,2020-03-20,483.5,481.7,489.12,473.24,0.66737953,2.3167271675
850122,2020-03-23,460.5,472.43,479.27,458.75,0.61844571,2.1134054211
850122,2020-03-24,466.18,466.57,471.75,453.02,0.55833757,1.9249717684999998
850122,2020-03-25,503.53,477.44,506.6,475.42,1.10866284,3.0480050744
850122,2020-03-26,518.14,507.15,532.05,500.34,1.84710518,5.4160112726
850122,2020-03-27,497.32,522.06,527.39,494.4,1.51383393,6.5473859089
850122,2020-03-30,500.48,487.55,516.15,483.72,1.49217662,5.2014930254000005
850122,2020-03-31,539.81,500.08,542.25,494.1,2.55145295,8.6192897965
850122,2020-04-01,520.07,538.11,547.2,512.85,2.40617092,8.233516709
850122,2020-04-02,515.69,517.53,528.4,500.58,1.55218427,5.2683101181
850122,2020-04-03,545.5,514.22,553.92,511.85,2.38895869,8.5760333359
850122,2020-04-07,585.76,553.3,591.14,545.18,2.96034219,11.642595254000002
850122,2020-04-08,584.18,597.76,615.33,567.68,4.52212473,18.0342074998
850122,2020-04-09,572.2,598.11,612.29,560.15,4.36611248,15.987341548
850122,2020-04-10,538.1,560.61,568.95,533.9,3.02320641,10.153121633
850122,2020-04-13,517.99,531.49,537.3,508.87,1.75224916,5.6631740447
850122,2020-04-14,526.72,517.27,532.7,509.46,1.80806071,5.732759272899999
850122,2020-04-15,518.97,530.22,534.89,513.67,1.42146417,4.6385912379
850122,2020-04-16,516.48,515.36,524.95,508.15,1.42714094,4.3034981377
850122,2020-04-17,507.26,518.41,522.14,504.14,1.32946657,4.1016010467
850122,2020-04-20,513.72,507.43,519.08,503.42,0.96249716,2.9298581057999997
850122,2020-04-21,516.04,513.62,521.86,501.05,1.41934263,4.2338913217
850122,2020-04-22,535.53,509.04,542.07,505.35,2.22627818,6.9611231777
850122,2020-04-23,536.19,531.19,556.29,523.83,2.42393549,7.8015754391
850122,2020-04-24,510.37,528.75,535.4,505.04,1.50553086,4.72277028
850122,2020-04-27,500.95,504.06,515.31,494.84,1.12791688,3.4431995820999997
850122,2020-04-28,486.27,499.28,502.65,464.86,1.21015518,3.5404614692000003
850122,2020-04-29,479.71,482.3,493.56,471.78,0.80164695,2.4571304163
850122,2020-04-30,485.22,477.21,490.7,474.78,0.9309796,2.7015757407
850122,2020-05-06,489.19,478.6,492.56,474.42,0.82665201,2.3785604779
850122,2020-05-07,494.05,487.7,504.2,484.32,1.05063395,3.1119444761
850122,2020-05-08,491.65,494.57,499.83,486.3,0.98558624,2.8060445985
850122,2020-05-11,485.85,489.79,495.93,481.91,0.79383326,2.3189802556
850122,2020-05-12,494.51,484.22,500.59,478.78,1.20808735,4.0905250339
850122,2020-05-13,494.05,493.37,502.81,485.13,1.39925927,4.5118824153
850122,2020-05-14,481.7,489.41,493.61,477.4,0.95835059,3.0732319699
850122,2020-05-15,482.14,482.34,489.7,477.63,0.71373023,2.2882961081
850122,2020-05-18,489.84,484.22,495.75,477.35,0.99287082,3.1111733982999996
850122,2020-05-19,494.17,491.61,502.88,482.25,1.24094182,3.616106662
850122,2020-05-20,484.75,489.97,496.5,479.53,0.98324875,2.9252796101999996
850122,2020-05-21,474.81,484.74,489.44,471.25,0.77560286,2.3158509166
850122,2020-05-22,467.62,472.74,480.36,461.46,0.81276412,2.2059885375
850122,2020-05-25,476.09,466.63,483.75,462.61,0.64822262,1.8693760195
850122,2020-05-26,479.6,475.95,482.8,471.99,0.59324649,1.7720102688
850122,2020-05-27,483.78,480.23,489.82,473.02,1.0961049,3.1179002776
850122,2020-05-28,479.64,483.92,490.54,469.45,0.9738238,3.1250887897000004
850122,2020-05-29,481.31,475.95,487.64,472.91,0.87278121,2.8124259625
850122,2020-06-01,489.24,479.51,490.85,475.38,1.04617454,3.2690887294
850122,2020-06-02,489.66,490.19,499.36,483.23,1.05568615,3.469218454
850122,2020-06-03,495.65,487.1,503.86,482.77,1.10028941,3.5126815933
850122,2020-06-04,531.24,504.86,536.44,499.85,2.40469025,7.6196881503
850122,2020-06-05,518.01,542.74,549.89,514.08,2.76828727,9.6779486746
850122,2020-06-08,498.32,506.5,514.79,493.42,1.73048742,5.467188192999999
850122,2020-06-09,495.94,498.38,501.76,490.61,0.92638822,2.8767896289999997
850122,2020-06-10,500.75,496.16,510.19,491.21,1.10662923,3.4626612918
850122,2020-06-11,492.11,498.51,505.54,487.56,1.05574532,3.1898038751
850122,2020-06-12,491.38,482.99,495.36,476.26,0.86083917,2.555400873
850122,2020-06-15,499.64,485.37,512.41,481.65,1.18405474,3.6371192457999997
850122,2020-06-16,506.47,501.76,515.99,495.76,1.35958122,4.3203484365
850122,2020-06-17,504.97,505.23,511.91,495.06,1.24454233,3.7903255704000003
850122,2020-06-18,499.81,499.83,510.19,495.19,0.99349528,3.0736447485
850122,2020-06-19,496.43,498.19,505.72,490.35,0.93519092,2.791603545
850122,2020-06-22,491.29,494.95,498.69,486.31,0.7266128,2.2400963989
850122,2020-06-23,491.37,490.2,496.06,483.31,0.69180878,1.9643145266
850122,2020-06-24,491.3,491.35,498.88,483.45,0.699037,2.1594578584
850122,2020-06-29,485.5,484.99,495.96,478.57,0.91768953,2.6220088650999998
850122,2020-06-30,485.62,485.07,491.21,479.74,0.53103099,1.6510831430000001
850122,2020-07-01,496.07,484.6,502.33,479.92,1.08094013,3.1288064682
850122,2020-07-02,495.03,495.74,501.2,487.92,1.01010093,3.0390804354000003
850122,2020-07-03,498.49,494.83,502.49,490.53,0.95512797,2.8816815772
850122,2020-07-06,513.25,500.66,515.73,497.72,1.55225598,4.9234372401
850122,2020-07-07,516.85,516.11,530.09,509.23,1.79161069,5.6321947911
850122,2020-07-08,521.88,514.93,524.53,509.62,1.3479217,4.2571809863
850122,2020-07-09,536.82,523.58,543.15,518.74,1.90677558,6.2865210757000005
850122,2020-07-10,529.12,540.14,546.32,522.46,1.79131714,5.9996123912
850122,2020-07-13,558.88,531.92,563.2,528.11,2.16922545,7.4722156614
850122,2020-07-14,555.15,562.15,571.39,539.4,2.32727583,7.786388780299999
850122,2020-07-15,545.51,555.27,565.24,540.41,1.64718376,5.3783795523
850122,2020-07-16,536.72,546.78,565.48,527.62,2.17694291,7.2513625122
850122,2020-07-17,528.31,532.29,544.34,519.08,1.41306322,4.56076117
850122,2020-07-20,545.17,527.31,547.49,522.78,1.17804646,3.9264495498
850122,2020-07-21,554.31,546.03,561.28,537.89,1.32553821,4.4719631211
850122,2020-07-22,548.68,553.17,560.6,543.39,1.16464562,3.9624654589999997
850122,2020-07-23,554.98,545.08,559.53,533.82,1.2783765,4.6713993413
850122,2020-07-24,544.16,550.7,568.31,536.39,1.66386011,6.003378974099999
850122,2020-07-27,562.44,545.43,568.36,537.86,1.41973436,5.1091089369
850122,2020-07-28,587.74,563.61,594.93,558.93,2.29965686,8.704335057
850122,2020-07-29,601.63,584.47,609.83,580.26,1.88470677,7.273710089500001
850122,2020-07-30,613.84,611.94,635.41,590.89,3.14422872,13.8792963479
850122,2020-07-31,655.59,600.52,663.34,589.16,4.25137508,18.0734791545
850122,2020-08-03,657.03,642.52,681.31,639.0,4.47605475,20.3881114657
850122,2020-08-04,622.54,644.78,656.31,617.49,3.19878557,14.160524284500001
850122,2020-08-05,628.74,614.07,633.01,601.02,2.02726448,8.5696574316
850122,2020-08-06,613.18,626.53,629.86,603.62,1.61658852,6.803592481
850122,2020-08-07,613.13,613.82,625.22,599.56,1.33822687,5.586851116799999
850122,2020-08-10,606.57,613.55,618.9,597.77,1.19443642,4.8418193831
850122,2020-08-11,622.94,604.68,637.95,599.55,1.9534861,8.008157941
850122,2020-08-12,637.06,622.56,660.11,611.93,2.98268606,12.9645585766
850122,2020-08-13,646.59,629.4,659.64,613.38,2.74426502,11.929843825699999
850122,2020-08-14,622.12,637.11,645.4,615.44,1.87078345,7.8161000053
850122,2020-08-17,641.49,618.71,660.74,615.76,2.50360125,11.0931225729
850122,2020-08-18,650.25,633.59,667.11,629.67,2.5264948,11.392544653900002
850122,2020-08-19,658.52,647.39,679.41,635.53,2.99617505,13.1559446969
850122,2020-08-20,626.33,649.05,657.46,620.56,2.00934975,8.527094569099999
850122,2020-08-21,623.66,623.86,640.1,614.96,1.28229397,5.671636734
850122,2020-08-24,652.29,628.3,665.49,619.17,1.95057339,8.922496991000001
850122,2020-08-25,645.94,652.39,673.47,631.54,2.57987379,12.562053195499999
850122,2020-08-26,615.68,646.27,655.94,608.22,1.92179915,8.6104508587
850122,2020-08-27,621.67,615.17,629.3,604.5,1.22077191,5.4419073758000005
850122,2020-08-28,635.75,618.26,644.97,607.35,1.35696661,6.181516953099999
850122,2020-08-31,627.15,630.73,648.07,623.88,1.26735201,5.4956020067999996
850122,2020-09-01,629.66,624.39,633.47,610.56,1.08274164,4.6034611787
850122,2020-09-02,637.59,627.55,652.65,622.78,1.30537188,6.0200167377
850122,2020-09-03,625.44,632.3,637.25,615.08,1.01663749,4.6503306449
850122,2020-09-04,621.75,619.25,628.37,609.61,0.90023559,3.8799005567
850122,2020-09-07,613.72,620.48,636.58,608.11,1.22619897,5.4500125955
850122,2020-09-08,624.1,612.21,627.91,595.39,1.27716002,5.5909918773000005
850122,2020-09-09,604.98,617.11,635.92,592.58,1.53474528,6.3994857295
850122,2020-09-10,578.49,603.81,614.01,571.98,1.32125189,5.2400411438
850122,2020-09-11,579.89,575.43,586.11,567.13,0.72896436,2.7412268731
850122,2020-09-14,587.43,575.6,599.97,569.17,1.01115635,4.3144117381000004
850122,2020-09-15,584.23,586.79,594.85,575.62,0.69719969,2.8202489519
850122,2020-09-16,591.58,582.93,602.59,576.31,0.86752223,3.3018014081000002
850122,2020-09-17,597.18,592.65,604.3,583.47,1.14730403,4.5703113085
850122,2020-09-18,596.64,598.1,604.79,584.83,0.9211135,3.7944400455
850122,2020-09-21,598.27,596.6,605.06,589.76,0.73784043,2.9883315022000003
850122,2020-09-22,585.77,594.43,601.81,580.99,0.71555699,2.8107356923
850122,2020-09-23,583.84,586.95,592.52,578.71,0.57751394,2.2249361298
850122,2020-09-24,569.65,581.09,590.79,565.28,0.74125232,2.9022561538
850122,2020-09-25,555.75,572.61,575.74,551.05,0.6383707,2.472228968
850122,2020-09-28,557.92,556.88,573.51,548.04,0.73133002,2.7096020042
850122,2020-09-29,564.92,557.99,575.15,551.4,0.67002263,2.7836237845999996
850122,2020-09-30,562.26,567.59,573.88,555.87,0.47616786,1.8530488356
850122,2020-10-09,574.28,567.87,583.18,564.51,0.57696754,2.2545464766
850122,2020-10-12,580.63,572.31,582.58,568.54,0.61232896,2.4214343385
850122,2020-10-13,577.71,577.66,582.91,571.55,0.60263776,2.3570476346
850122,2020-10-14,568.42,573.9,579.45,564.27,0.63073617,2.392842818
850122,2020-10-15,557.62,569.81,572.93,555.16,0.53275089,2.0419198266
850122,2020-10-16,556.0,558.46,563.03,547.37,0.50541647,1.9238951175999999
850122,2020-10-19,559.04,560.78,569.94,551.44,0.49368936,1.9120213829
850122,2020-10-20,559.68,556.67,563.87,546.54,0.52838733,2.0217700268
850122,2020-10-21,559.04,562.4,571.83,550.19,0.68347148,2.8525404156
850122,2020-10-22,552.91,556.01,560.14,545.6,0.50343429,2.0107922278
850122,2020-10-23,553.92,554.89,569.36,547.08,0.64927309,2.838966436
850122,2020-10-26,554.13,556.71,563.78,543.71,0.74793739,2.7588063425
850122,2020-10-27,544.52,545.04,556.35,537.59,0.73874606,2.7026989014
850122,2020-10-28,538.89,543.98,551.32,529.48,0.55354337,1.9793170582
850122,2020-10-29,534.21,533.65,541.89,525.56,0.58172956,1.961936686
850122,2020-10-30,506.69,526.12,531.16,501.96,0.96534159,3.4630768388
850122,2020-11-02,497.0,505.1,512.05,491.38,0.70121809,2.2642453928
850122,2020-11-03,514.22,498.29,517.54,494.76,0.69037401,2.3366161428
850122,2020-11-04,505.48,514.95,518.96,497.07,0.71195702,2.4217646622999998
850122,2020-11-05,517.41,508.88,524.81,503.04,0.93842111,3.4058164585000004
850122,2020-11-06,509.1,518.64,521.83,503.88,0.84509877,2.6687301811
850122,2020-11-09,521.09,518.07,531.14,509.42,1.07879419,3.6388052156999997
850122,2020-11-10,528.12,525.74,542.44,517.54,1.24610649,4.4927894574
850122,2020-11-11,534.64,526.35,543.99,519.41,1.1002649,3.8257611443
850122,2020-11-12,564.63,534.62,572.79,529.21,2.32779646,8.1281227576
850122,2020-11-13,550.3,560.27,567.39,539.39,1.61783583,5.5787090995
850122,2020-11-16,562.9,548.41,569.93,542.57,1.53421802,5.0960075757
850122,2020-11-17,560.41,560.18,576.89,549.31,1.30129737,4.7435800636000005
850122,2020-11-18,558.57,559.5,569.02,548.53,1.03674613,3.6639124573000004
850122,2020-11-19,553.58,557.51,566.31,546.54,1.02386137,3.861494427
850122,2020-11-20,562.14,553.09,575.4,548.88,1.12168503,4.4946236976
850122,2020-11-23,564.95,566.41,580.19,555.0,1.26028073,5.025670219599999
850122,2020-11-24,556.55,563.83,570.06,551.55,0.92561445,3.6028201388
850122,2020-11-25,537.07,557.79,560.94,535.15,0.90728375,3.4767097516
850122,2020-11-26,544.88,539.34,559.71,532.57,0.96112301,3.7296867029
850122,2020-11-27,594.0,543.34,597.2,538.69,2.52647163,9.9148732213
850122,2020-11-30,611.02,610.47,641.31,593.05,3.6460681,17.4845814512
850122,2020-12-01,605.91,601.61,628.48,591.11,2.66865639,12.819112576199998
850122,2020-12-02,609.27,595.73,629.17,580.53,3.06808393,14.120227290299999
850122,2020-12-03,635.44,593.27,653.64,580.19,3.87915611,17.8431720502
850122,2020-12-04,610.01,625.94,642.52,603.6,2.80281671,13.291547113399998
850122,2020-12-07,678.35,610.71,679.74,601.65,4.52398478,21.4082569372
850122,2020-12-08,664.05,682.04,694.61,645.94,5.48021536,27.7325309494
850122,2020-12-09,681.66,644.62,712.64,641.54,4.40713664,22.6626255793
850122,2020-12-10,642.44,665.16,687.31,631.68,4.38556201,23.487958778000003
850122,2020-12-11,645.77,631.83,681.14,617.76,4.01937785,19.6101238853
850122,2020-12-14,637.46,619.43,653.81,611.23,3.26856309,15.9418289972
850122,2020-12-15,621.52,633.02,648.64,608.67,3.10519489,14.9675253373
850122,2020-12-16,635.54,617.74,654.35,612.25,3.13748592,16.228646926
850122,2020-12-17,654.62,627.36,681.64,614.23,3.99925961,20.1497851411
850122,2020-12-18,637.53,648.75,656.84,628.47,2.95114404,14.8008292758
850122,2020-12-21,647.77,633.38,658.25,623.04,2.71142624,13.4863832776
850122,2020-12-22,663.35,640.98,689.11,633.31,4.29201204,22.0977349969
850122,2020-12-23,674.11,645.78,699.99,639.71,4.2543537,22.164405322100002
850122,2020-12-24,649.69,663.93,683.29,634.52,3.63293446,18.4079669112
850122,2020-12-25,619.18,634.99,644.22,606.45,2.94089992,13.797385811400002
850122,2020-12-28,613.01,612.79,635.63,602.16,2.10726436,9.9191643133
850122,2020-12-29,575.78,610.67,614.65,570.82,2.55777785,11.276938619400001
850122,2020-12-30,589.97,574.39,598.54,563.01,2.14117376,10.026131724299999
850122,2020-12-31,589.9,586.89,601.05,577.95,2.04844605,9.906195648099999
850122,2021-01-04,616.72,586.8,622.67,582.57,2.56449088,12.359050162
850122,2021-01-05,648.28,617.83,660.32,611.53,3.37441067,16.545144677899998
850122,2021-01-06,621.61,648.48,660.95,609.22,3.17565203,16.6846596038
850122,2021-01-07,654.26,622.14,678.51,618.43,3.42713306,16.528666846
850122,2021-01-08,618.2,637.66,644.19,605.73,3.25352648,16.18334976
850122,2021-01-11,573.45,611.79,619.81,570.14,2.57428444,11.567132279
850122,2021-01-12,582.2,568.7,600.09,564.7,1.68031553,8.2969666782
850122,2021-01-13,563.24,575.62,589.35,554.98,1.73154211,8.099852868300001
850122,2021-01-14,539.97,554.85,558.97,532.19,1.53643025,6.7173281715
850122,2021-01-15,550.77,538.48,561.93,532.1,1.32357049,5.881461697000001
850122,2021-01-18,574.54,547.45,580.97,543.72,1.58043882,7.4825601157
850122,2021-01-19,577.16,570.78,591.28,565.52,1.57859696,8.2370476326
850122,2021-01-20,567.92,573.4,577.62,554.69,1.16268877,5.5502461072000004
850122,2021-01-21,570.78,568.41,586.98,553.89,1.54039409,7.1873641795
850122,2021-01-22,551.69,565.5,573.35,547.83,1.30217235,5.777155077100001
850122,2021-01-25,544.63,548.0,561.2,531.87,1.25134467,5.6602828790999995
850122,2021-01-26,531.32,539.15,548.86,523.78,1.00110798,4.4476549012
850122,2021-01-27,521.4,527.06,534.78,513.77,0.96608728,4.036959219
850122,2021-01-28,513.66,514.49,529.56,509.24,0.79886597,3.2994197932
850122,2021-01-29,505.78,514.59,521.9,500.11,0.92002737,3.5431452461
850122,2021-02-01,504.59,503.5,517.61,490.48,0.944283,3.4901522524
850122,2021-02-02,500.57,503.8,511.39,491.57,0.9452838,3.6809889189
850122,2021-02-03,520.29,503.66,534.84,500.27,1.58435429,6.384347094500001
850122,2021-02-04,494.13,509.43,514.66,486.73,1.17012055,4.4206726565
850122,2021-02-05,484.88,490.73,502.65,479.64,0.82519319,3.114300778
850122,2021-02-08,487.48,485.4,499.43,473.03,0.83137747,2.9791180698
850122,2021-02-09,485.92,485.89,494.6,477.74,0.70099298,2.5456247169
850122,2021-02-10,481.13,483.11,493.01,476.79,0.71735861,2.5433283953
850122,2021-02-18,496.14,483.81,501.52,482.57,0.8628103,3.1456571582
850122,2021-02-19,519.8,496.87,524.53,491.37,1.15458824,4.2156413538
850122,2021-02-22,531.0,524.89,543.05,521.48,1.38091562,5.2821190397
850122,2021-02-23,516.07,528.58,531.3,511.19,0.92847898,3.5029519183
850122,2021-02-24,513.64,515.45,522.14,506.9,0.70586748,2.612122324
850122,2021-02-25,505.16,515.35,517.51,501.52,0.65305363,2.378038553
850122,2021-02-26,527.54,502.37,534.9,494.92,1.37161867,5.2629566704
850122,2021-03-01,530.18,526.08,536.5,518.5,1.2180602,5.0327990261
850122,2021-03-02,517.41,529.88,532.12,512.8,0.88774864,3.5727122164
850122,2021-03-03,523.15,515.64,529.01,512.22,0.86897647,3.3981393158
850122,2021-03-04,525.1,520.1,532.42,516.24,1.03110156,3.7247549324
850122,2021-03-05,540.27,524.62,555.41,520.83,1.73132648,6.940521985
850122,2021-03-08,524.7,535.47,544.2,522.04,1.19188769,4.6507182712
850122,2021-03-09,506.16,523.34,526.21,496.0,0.96891394,3.5197673564
850122,2021-03-10,508.4,509.11,519.33,496.44,0.79351481,2.8958736962000002
850122,2021-03-11,518.39,508.97,521.22,500.11,0.86189684,3.2783416068999998
850122,2021-03-12,522.72,514.41,536.72,509.1,1.24538931,4.6784501673
850122,2021-03-15,523.79,518.27,531.22,509.11,0.94996843,3.4546852812999997
850122,2021-03-16,527.49,520.88,530.95,518.12,0.80535126,2.9063224329
850122,2021-03-17,542.81,528.65,557.33,525.37,1.70845914,6.714809067899999
850122,2021-03-18,543.03,536.09,552.11,526.78,1.54482388,6.0812023549
850122,2021-03-19,534.95,535.06,546.26,527.57,1.11530056,4.3563738136
850122,2021-03-22,543.96,534.15,548.53,528.34,1.06262967,4.024441301
850122,2021-03-23,536.62,543.23,548.66,530.9,0.9265662,3.4348617197
850122,2021-03-24,533.28,534.47,544.71,524.91,1.05786703,4.0704128853
850122,2021-03-25,533.69,533.4,550.57,526.52,1.06408615,4.2002323462
850122,2021-03-26,535.32,529.62,543.83,523.81,0.94876643,3.6519409218
850122,2021-03-29,528.98,534.03,540.27,524.6,0.77255436,2.9453663168
850122,2021-03-30,519.7,528.32,532.65,516.87,0.6613896,2.4282153294
850122,2021-03-31,518.77,519.43,525.8,514.02,0.45747958,1.5632016086000002
850122,2021-04-01,519.18,518.85,523.95,512.48,0.48943468,1.7312017438
850122,2021-04-02,522.29,519.66,528.04,513.24,0.57195073,2.0177103806
850122,2021-04-06,529.54,525.43,534.96,519.18,0.69865788,2.5258936009
850122,2021-04-07,535.13,528.14,538.51,523.89,0.70596049,2.3797062546000003
850122,2021-04-08,527.2,532.6,535.91,524.47,0.60656912,2.1659679042
850122,2021-04-09,548.86,527.89,554.94,520.57,1.49494373,6.013476484299999
850122,2021-04-12,574.6,588.54,603.64,571.69,2.46978501,10.5610676458
850122,2021-04-13,638.34,594.22,638.51,584.31,4.86656871,19.334266952300002
850122,2021-04-14,626.51,643.75,653.37,613.93,4.57540163,18.4123993034
850122,2021-04-15,604.51,621.67,630.68,592.52,5.12874496,27.071896932199998
850122,2021-04-16,623.56,596.1,633.9,589.24,3.66676992,19.939757798
850122,2021-04-19,599.02,599.06,610.37,588.39,2.25451238,10.0894517109
850122,2021-04-20,588.57,589.43,614.41,579.55,3.56362379,19.6889160676
850122,2021-04-21,574.27,581.32,592.62,566.36,2.57595799,13.0882784597
850122,2021-04-22,571.78,573.15,582.6,564.95,2.00171895,10.0483931738
850122,2021-04-23,548.34,569.02,572.81,543.85,2.20845667,10.6658202187
850122,2021-04-26,546.07,546.99,553.81,539.17,1.28725902,6.0581293679999995
850122,2021-04-27,529.46,542.52,543.9,523.9,1.33273068,5.9189332951999996
850122,2021-04-28,529.53,526.2,537.56,519.91,1.30495242,6.1216928929
850122,2021-04-29,528.69,524.88,539.42,520.59,1.3700528,6.1653200849
850122,2021-04-30,524.22,523.95,534.54,516.42,1.09496325,4.9053615752
850122,2021-05-06,533.76,527.28,542.85,523.41,1.18561016,5.372818100499999
850122,2021-05-07,539.6,533.85,543.5,524.92,1.1443412,5.1636827235
850122,2021-05-10,557.24,543.59,565.32,538.92,1.75967319,8.140070635599999
850122,2021-05-11,570.17,553.26,582.57,545.91,2.2685745,11.1131418398
850122,2021-05-12,579.04,565.93,592.89,562.64,2.66749649,14.9322131796
850122,2021-05-13,564.5,569.7,576.5,560.4,1.70700374,8.736873479
850122,2021-05-14,561.65,564.71,573.69,556.55,1.39745142,7.1713857916
850122,2021-05-17,555.63,560.02,569.29,548.12,1.38048211,7.0428906586
850122,2021-05-18,562.9,555.41,576.83,553.37,1.48449843,7.1348315598
850122,2021-05-19,566.82,559.29,575.3,551.31,1.62500109,8.4607769472
850122,2021-05-20,558.67,562.0,569.25,552.05,1.42163471,7.2244236828999995
850122,2021-05-21,558.38,558.53,568.25,551.41,1.11914069,5.94718576
850122,2021-05-24,569.47,569.53,581.81,559.04,1.54437375,8.230301025
850122,2021-05-25,561.36,565.49,568.25,553.71,1.19894507,6.114909955
850122,2021-05-26,594.99,560.29,605.12,555.95,3.84084246,16.3821817571
850122,2021-05-27,583.3,591.69,598.71,577.0,2.74292515,13.2958637133
850122,2021-05-28,587.24,585.1,604.37,578.72,2.63969392,13.4130087099
850122,2021-05-31,593.47,590.87,606.08,582.49,2.41887939,12.5092281207
850122,2021-06-01,602.31,588.32,610.88,580.77,2.25611859,12.457999278199999
850122,2021-06-02,595.77,598.47,616.8,590.68,1.99790955,11.5181183702
850122,2021-06-03,599.86,594.86,614.21,590.38,1.81207224,9.8637469089
850122,2021-06-04,624.02,597.13,633.57,594.81,2.37562098,12.7615251812
850122,2021-06-07,628.35,631.85,645.72,610.5,2.47589722,16.2743722593
850122,2021-06-08,602.98,623.92,627.06,599.36,1.94588296,11.9933925344
850122,2021-06-09,610.7,600.15,624.98,595.56,2.1431192,11.271890408199999
850122,2021-06-10,594.17,604.95,610.46,589.51,1.85147997,10.039054854
850122,2021-06-11,591.35,594.91,603.29,583.81,1.26766847,6.7460621397
850122,2021-06-15,582.26,587.2,597.3,576.2,1.18555511,5.937751341
850122,2021-06-16,584.67,580.42,594.93,574.11,1.16036569,6.1943858424
850122,2021-06-17,591.52,585.62,598.65,576.44,1.21807641,7.154135481
850122,2021-06-18,592.97,587.96,596.63,577.81,1.1184052,6.1667558786
850122,2021-06-21,596.52,590.23,607.53,584.07,1.11509286,6.3848101132
850122,2021-06-22,608.18,596.56,618.97,591.66,1.38241518,7.9336723075
850122,2021-06-23,602.29,605.33,611.24,592.74,1.28060742,6.9271949293
850122,2021-06-24,595.22,600.03,608.59,587.06,1.28161948,6.3184033913999995
850122,2021-06-25,592.51,593.9,601.28,583.92,1.05981378,5.194084806
850122,2021-06-28,602.57,593.34,610.61,588.87,1.4356909,6.9421647448
850122,2021-06-29,595.66,598.63,609.89,588.26,1.24678361,6.092057538200001
850122,2021-06-30,594.61,594.01,606.05,587.87,1.12745366,4.8462302683
850122,2021-07-01,584.34,593.94,601.58,580.6,1.09040212,5.00983163
850122,2021-07-02,576.3,584.1,591.2,570.57,0.91350285,4.55676951
850122,2021-07-05,583.85,576.17,592.35,568.77,0.95569314,4.163248477200001
850122,2021-07-06,590.77,585.36,597.25,578.06,1.26403283,5.6454351602
850122,2021-07-07,595.52,586.01,602.18,583.97,1.34447874,6.5408088808
850122,2021-07-08,598.59,593.12,605.68,588.15,1.2622143,5.9858230988
850122,2021-07-09,600.85,595.53,608.12,588.76,1.21001431,5.7433715872
850122,2021-07-12,591.39,600.1,603.44,588.39,1.08912016,5.0349089437
850122,2021-07-13,594.74,591.25,601.63,586.22,0.87853639,4.055195613
850122,2021-07-14,587.63,591.66,600.31,581.85,0.97862162,4.7033996278
850122,2021-07-15,578.74,586.43,588.79,571.04,0.90249879,4.205106458
850122,2021-07-16,577.13,578.72,583.74,573.31,0.71750697,3.2545629891
850122,2021-07-19,582.18,577.87,587.42,570.26,0.90161873,3.7836465101
850122,2021-07-20,584.0,577.47,590.7,571.54,0.83652008,4.454941768
850122,2021-07-21,583.59,582.14,592.56,578.6,0.78167651,3.6850965723
850122,2021-07-22,590.11,584.46,594.62,580.26,0.86444214,4.364291018
850122,2021-07-23,572.76,590.07,593.54,568.73,1.21746004,6.078319512999999
850122,2021-07-26,557.15,570.2,573.94,550.77,0.92128315,4.0444264633
850122,2021-07-27,546.75,557.07,562.39,540.77,1.03714422,3.9258990413
850122,2021-07-28,530.04,543.48,546.8,518.67,0.88556181,3.0793030537
850122,2021-07-29,536.7,531.19,541.75,528.58,0.5805685,2.1986071245
850122,2021-07-30,531.41,533.79,539.15,526.08,0.57548224,2.120274261
850122,2021-08-02,543.78,531.46,549.55,524.66,0.87908433,3.5394169512
850122,2021-08-03,544.03,542.28,555.21,536.91,0.95387097,3.8231655814
850122,2021-08-04,542.52,541.74,548.48,535.64,0.66533418,2.574450536
850122,2021-08-05,535.0,539.04,544.64,531.31,0.6017667,2.3740777052
850122,2021-08-09,543.41,533.44,547.77,531.18,0.67982517,2.7510982424
850122,2021-08-10,554.03,542.98,558.42,538.53,0.99617658,4.4697388719
850122,2021-08-11,555.28,555.01,561.44,548.64,0.90515474,3.9982628158999995
850122,2021-08-12,552.77,553.06,562.58,547.52,0.84721866,3.6242684730000003
850122,2021-08-13,550.55,551.88,556.65,544.34,0.69122518,2.8073239275999997
850122,2021-08-16,550.81,551.75,560.62,547.64,0.75209279,3.0843221066
850122,2021-08-17,536.14,551.66,554.32,534.45,0.81912341,3.2710103189999997
850122,2021-08-18,538.06,537.17,543.76,529.8,0.54600672,2.162760109
850122,2021-08-19,534.29,538.29,542.29,529.9,0.55330196,2.178391767
850122,2021-08-20,529.48,533.99,536.09,521.35,0.54644607,2.037542727
850122,2021-08-23,532.28,527.94,537.5,525.64,0.60263399,2.314337055
850122,2021-08-24,532.79,531.54,538.05,528.37,0.53136831,2.026525679
850122,2021-08-25,568.23,536.62,580.34,534.22,2.36347371,10.1114451928
850122,2021-08-26,557.67,558.52,566.92,544.92,2.16772344,9.7757256502
850122,2021-08-27,541.76,550.53,558.68,535.66,1.8285236,7.4701201561
850122,2021-08-30,549.35,537.7,560.05,534.29,1.42146846,6.1421577762
850122,2021-08-31,545.52,546.59,557.38,538.48,1.12493557,4.9430739427
850122,2021-09-01,552.82,543.24,561.53,538.45,1.47002418,6.4802811697000005
850122,2021-09-02,554.23,547.92,560.7,544.89,0.94259272,4.1984387875
850122,2021-09-03,556.4,552.4,564.82,547.68,1.26067141,5.377566553099999
850122,2021-09-06,557.78,554.39,563.36,549.36,0.97375815,4.3005283634
850122,2021-09-07,561.24,556.55,565.58,553.28,1.02347673,4.335008424
850122,2021-09-08,572.04,562.67,575.81,557.69,1.53109341,6.7293752218
850122,2021-09-09,565.63,572.17,580.3,561.98,1.41208318,6.032949723400001
850122,2021-09-10,561.41,567.18,573.92,557.22,1.06645097,4.3541960004
850122,2021-09-13,561.26,559.26,564.5,553.73,0.88521529,3.4838408324000003
850122,2021-09-14,550.62,561.51,566.34,547.21,1.00830941,3.9967634687999998
850122,2021-09-15,553.86,549.47,560.03,542.63,0.88567572,3.4743824848
850122,2021-09-16,570.89,557.89,588.35,556.59,2.70357736,12.043186695
850122,2021-09-17,558.11,568.12,574.03,550.64,1.75212133,7.7417110388
850122,2021-09-22,546.0,552.31,558.01,539.96,1.1734749,5.1320261235
850122,2021-09-23,569.89,547.37,571.72,545.29,1.91078835,8.8671618474
850122,2021-09-24,563.16,567.11,576.79,555.59,1.86969435,9.4668081986
850122,2021-09-27,552.84,562.77,575.94,545.57,2.02388513,9.6145945972
850122,2021-09-28,548.77,550.23,556.7,534.53,1.2608555,5.9244313762
850122,2021-09-29,533.21,549.9,554.23,531.0,1.17709983,5.477310117899999
850122,2021-09-30,550.25,535.66,555.49,532.68,1.07842056,5.444933688
850122,2021-10-11,572.6,570.26,583.53,562.84,1.66527093,7.3438948256
850122,2021-10-12,570.32,572.52,584.65,558.62,1.46093608,6.2839976839
850122,2021-10-13,555.06,569.72,573.76,544.2,1.29679529,5.9936765488
850122,2021-10-14,554.23,551.13,560.4,543.05,0.92932592,3.9371744052
850122,2021-10-15,544.84,552.17,558.58,541.23,1.00890741,4.2279132215
850122,2021-10-18,551.64,541.7,554.66,533.1,0.94460734,3.7388745458
850122,2021-10-19,565.36,550.19,567.9,545.87,1.64120688,6.4866528718
850122,2021-10-20,557.8,563.55,568.6,552.47,1.21404063,4.6763880431
850122,2021-10-21,553.26,555.87,567.08,548.59,0.92921603,3.6280313891000002
850122,2021-10-25,542.78,543.18,549.44,535.96,0.76007915,2.9185163058
850122,2021-10-26,533.78,540.64,543.28,531.02,0.87575857,3.3606789258
850122,2021-10-27,531.87,535.26,540.11,520.13,0.92517952,3.4773511568
850122,2021-10-28,521.36,529.2,538.28,515.02,0.87390364,3.1605272097
850122,2021-10-29,530.85,522.2,536.41,518.09,0.78394001,2.950310529
850122,2021-11-01,537.16,533.27,543.44,528.59,0.8098144,3.337917485
850122,2021-11-02,533.27,535.68,546.48,525.07,1.16652135,4.6844105862
850122,2021-11-03,550.34,534.98,559.95,527.49,1.91923272,7.4886180403
850122,2021-11-04,560.51,547.41,565.02,542.9,2.31671763,8.7666705476
850122,2021-11-05,561.9,558.49,580.28,551.16,2.42432294,9.4789285201
850122,2021-11-08,563.68,559.95,569.81,552.0,1.4268594,5.3900381232
850122,2021-11-09,574.36,566.61,579.65,559.2,1.45937365,5.6480770352
850122,2021-11-10,575.72,571.57,589.76,565.12,1.65948337,6.7002028881
850122,2021-11-11,579.3,575.52,590.87,568.97,1.53101204,5.9966125523
850122,2021-11-12,575.81,579.49,589.83,569.48,1.4191677,5.6389606201
850122,2021-11-15,576.36,580.43,593.05,567.13,1.66989938,7.0197417314
850122,2021-11-16,568.19,576.67,583.1,563.05,1.27356156,4.9968799326
850122,2021-11-17,572.04,568.3,575.28,558.32,1.08066753,4.2881093024
850122,2021-11-18,559.03,571.32,577.39,556.76,1.05187301,4.0524687041
850122,2021-11-19,564.1,559.53,567.96,553.42,0.80975945,3.1707706813
850122,2021-11-22,555.88,560.84,564.54,550.19,1.14131742,3.9271717411
850122,2021-11-23,553.08,553.46,559.26,548.75,0.9377006,3.5846946454000004
850122,2021-11-24,552.37,554.17,558.41,543.16,1.13242454,4.4020559492
850122,2021-11-25,553.53,554.8,561.38,549.49,1.18322086,5.0537211374
850122,2021-11-26,546.63,551.22,557.55,540.33,1.32824393,5.0131666896
850122,2021-11-29,543.79,540.38,550.49,536.88,1.00699009,3.5967601826999998
850122,2021-11-30,548.11,546.02,552.58,541.51,1.03721045,3.632549371
850122,2021-12-01,559.93,549.45,561.04,545.4,1.1844854,4.8147492067
850122,2021-12-02,553.77,561.51,567.5,551.34,1.55485377,5.449989578099999
850122,2021-12-03,566.3,554.14,577.72,551.61,1.67717065,7.2885281039
850122,2021-12-06,558.93,567.88,570.69,554.86,1.36425153,5.6197709583
850122,2021-12-07,561.54,561.91,567.57,556.0,0.81315148,3.4280621074
850122,2021-12-08,567.66,563.34,572.85,555.02,1.57241347,5.5742094060000005
850122,2021-12-09,572.69,569.58,577.2,566.26,1.09538598,4.8386214886
850122,2021-12-10,576.24,573.37,583.48,567.18,1.52900449,5.490559029299999
850122,2021-12-13,570.93,578.69,585.17,567.47,1.56991672,5.520512707999999
850122,2021-12-14,579.22,568.9,583.26,563.86,1.48353082,6.0993588736
850122,2021-12-15,586.32,578.15,591.68,570.13,1.75407634,7.4997333325
850122,2021-12-16,582.76,586.42,595.73,578.61,1.59786011,7.462609801699999
850122,2021-12-17,581.62,582.04,589.32,572.15,1.38805995,5.8962988889
850122,2021-12-20,595.3,577.11,605.41,571.2,2.39147247,11.3689045049
850122,2021-12-21,599.22,592.06,610.96,580.04,2.51013478,11.8228114171
850122,2021-12-22,599.69,600.48,610.68,591.16,1.95614643,8.618429225
850122,2021-12-23,602.91,597.62,617.35,593.26,2.09507742,9.932003279
850122,2021-12-24,586.52,597.02,605.69,581.04,1.50065203,7.194769796
850122,2021-12-27,596.8,589.87,605.67,588.32,1.2174613,5.600225019
850122,2021-12-28,600.07,600.23,606.9,593.03,1.09144785,4.9112654535
850122,2021-12-29,603.99,607.35,616.0,591.52,2.09982218,8.4385454688
850122,2021-12-30,613.96,599.8,622.84,593.56,2.16356468,9.4668371214
850122,2021-12-31,629.01,618.79,647.12,614.13,2.47433517,11.7277764198
850122,2022-01-04,681.79,634.75,687.01,625.23,4.3982551,22.451032196999996
850122,2022-01-05,689.79,698.94,725.65,678.35,5.33503919,32.138556983899996
850122,2022-01-06,693.54,682.33,721.59,673.24,4.53079229,24.454216313000003
850122,2022-01-07,665.17,696.44,705.98,656.4,3.86506822,20.3591791607
850122,2022-01-10,678.12,669.46,686.66,660.73,2.37109726,12.988240642100001
850122,2022-01-11,673.66,683.56,690.44,666.78,2.16753886,11.3420552306
850122,2022-01-12,735.51,687.78,741.67,677.54,4.54480827,24.670091835500003
850122,2022-01-13,785.9,778.38,800.83,770.9,4.81857064,29.643480036
850122,2022-01-14,837.49,823.78,867.14,806.04,8.48067886,57.385880013199994
850122,2022-01-17,846.24,842.18,868.75,804.93,7.51229417,53.5662450343
850122,2022-01-18,809.59,811.46,829.66,781.12,5.33415744,36.1425445881
850122,2022-01-19,782.35,772.73,799.99,755.11,5.53189845,36.6988206858
850122,2022-01-20,765.98,762.1,821.36,751.16,6.03977754,39.0893109226
850122,2022-01-21,715.66,737.49,748.42,700.24,4.25613644,26.5251042788
850122,2022-01-24,693.21,708.58,717.44,684.61,3.08155593,18.5527608034
850122,2022-01-25,651.23,680.53,688.08,648.76,3.15530301,16.8960305249
850122,2022-01-26,634.75,651.88,663.19,628.03,2.22991479,12.5136837421
850122,2022-01-27,608.54,637.79,641.25,606.61,2.13616406,11.2506489182
850122,2022-01-28,622.07,606.67,632.43,602.11,2.71126272,13.0182693406
850122,2022-02-07,619.02,624.9,635.44,602.93,2.46689993,11.4327428765
850122,2022-02-08,641.39,624.02,648.05,614.38,2.95382623,14.9579963707
850122,2022-02-09,653.81,640.18,665.77,637.03,3.34711653,17.567752933599998
850122,2022-02-10,652.98,652.65,665.65,639.37,3.6263247,17.349592749
850122,2022-02-11,622.37,644.9,651.19,618.14,3.12175473,15.570813521
850122,2022-02-14,620.02,617.8,632.01,610.76,2.09259099,9.3047253049
850122,2022-02-15,613.79,623.49,630.27,605.92,1.9469897,8.350718796799999
850122,2022-02-16,630.39,615.71,634.8,607.24,2.82217405,11.814086933099999
850122,2022-02-17,628.38,630.95,655.93,616.89,3.81769623,16.2734995978
850122,2022-02-18,624.58,622.19,638.21,615.26,2.87514572,12.0378545008
850122,2022-02-21,632.59,623.53,640.99,615.83,2.59527916,11.4620270272
850122,2022-02-22,623.57,629.02,644.62,611.84,2.81094044,12.4692374929
850122,2022-02-23,625.09,631.55,638.6,616.46,2.39678146,10.493855717799999
850122,2022-02-24,607.7,620.59,640.82,597.83,3.24289699,14.4626876509
850122,2022-02-25,615.64,607.93,627.95,599.95,2.49082962,10.1597217972
850122,2022-02-28,626.15,617.42,635.01,600.94,2.73185881,12.8705461896
850122,2022-03-01,631.33,624.13,637.43,614.45,2.61768749,12.3233476397
850122,2022-03-02,643.95,628.32,654.92,623.83,3.11785253,15.100948389600001
850122,2022-03-04,628.62,628.02,639.07,616.84,1.98264743,9.2499900171
850122,2022-03-07,626.39,626.36,641.68,612.41,2.56414683,12.489335793399999
850122,2022-03-08,620.54,623.11,641.51,599.71,3.02935567,15.504436773299998
850122,2022-03-09,600.82,620.04,627.39,569.43,2.78626867,13.074288301700001
850122,2022-03-10,612.17,611.27,622.89,596.66,2.18234691,10.5500861006
850122,2022-03-11,641.12,607.89,656.7,594.69,3.92283091,20.9370162598
850122,2022-03-14,634.12,643.1,663.68,631.5,3.33577559,18.793812301400003
850122,2022-03-15,603.68,628.48,647.36,600.75,3.50180347,16.6404476299
850122,2022-03-16,608.87,609.49,623.72,576.86,3.32031449,14.7630810808
850122,2022-03-17,642.65,618.58,656.49,610.9,3.71909071,20.331621425599998
850122,2022-03-18,644.64,634.44,659.38,628.2,3.24319048,16.6255573927
850122,2022-03-21,683.77,648.61,703.33,643.11,4.73364495,27.720281911
850122,2022-03-22,664.48,670.0,685.14,656.55,3.35699683,18.975170556400002
850122,2022-03-24,660.23,669.64,686.43,655.61,2.48468998,13.5393218154
850122,2022-03-25,680.23,658.09,698.01,650.96,3.6590439,19.2427833208
850122,2022-03-28,697.97,696.01,707.77,675.91,3.24404648,18.8850307837
850122,2022-03-29,724.27,699.16,756.03,695.88,4.36105553,25.2080446652
850122,2022-03-30,710.85,733.73,749.84,696.59,5.4036225,30.512057344899997
850122,2022-04-01,679.05,681.75,702.56,669.47,3.16324948,16.938835681300002
850122,2022-04-06,690.43,684.29,707.45,672.33,3.14900808,16.5898168129
850122,2022-04-07,659.52,682.09,694.48,656.02,2.75212629,14.2343209424
850122,2022-04-08,637.44,660.67,665.94,626.86,2.36229962,11.4898882296
850122,2022-04-11,655.76,641.04,680.74,635.47,3.43323341,17.6002716138
850122,2022-04-12,659.59,644.66,664.15,628.0,2.64771327,12.5870930858
850122,2022-04-13,667.54,657.29,685.29,639.37,3.43161858,18.6363196364
850122,2022-04-15,660.15,671.59,690.82,654.28,3.39603974,18.0484149038
850122,2022-04-18,671.89,648.13,689.41,642.78,3.43974057,17.7422745322
850122,2022-04-19,684.92,662.55,697.13,652.44,3.83147683,20.119178173599998
850122,2022-04-20,693.8,675.02,718.44,664.72,4.87662827,28.0650096132
850122,2022-04-21,656.23,680.48,694.57,647.18,3.8604513,20.6629729336
850122,2022-04-22,602.48,646.81,652.38,595.44,3.26995411,16.494206751
850122,2022-04-25,547.23,587.21,595.73,546.69,2.58839119,11.390082568199999
850122,2022-04-26,529.03,541.86,557.28,522.89,2.23465975,9.0364504302
850122,2022-04-27,533.82,517.58,537.68,496.64,2.30412292,9.0800253573
850122,2022-04-28,504.63,523.33,533.29,497.05,1.95796962,7.7974410513
850122,2022-04-29,522.97,508.11,530.31,506.4,1.72525951,7.147471723
850122,2022-05-06,527.38,528.14,538.37,520.41,1.46866143,6.3042050479
850122,2022-05-10,536.77,527.25,539.22,519.9,1.56811757,6.9035999188
850122,2022-05-11,532.22,538.35,551.59,528.52,2.74002704,10.5661925697
850122,2022-05-12,527.09,527.88,541.44,516.28,1.78096198,6.7974586405999995
850122,2022-05-13,532.76,527.55,545.3,520.98,1.78200599,7.2498434102
850122,2022-05-16,543.17,537.23,548.75,528.9,2.21582733,9.3460565181
850122,2022-05-17,535.43,540.08,553.65,522.55,2.08462917,9.157579757999999
850122,2022-05-18,551.41,533.44,565.51,531.1,2.36241936,10.6890466984
850122,2022-05-19,551.34,544.31,561.37,536.96,2.13260331,8.6815608805
850122,2022-05-20,560.1,549.91,568.39,545.77,1.8082596,7.652787247000001
850122,2022-05-23,568.13,555.64,576.09,553.46,2.07577039,9.089204636
850122,2022-05-24,560.21,563.87,583.8,546.77,2.8843438,13.4878509185
850122,2022-05-25,577.38,551.26,584.61,547.08,2.74331287,13.1692290477
850122,2022-05-26,573.51,576.63,584.66,562.04,1.88327587,8.8049057578
850122,2022-05-27,569.44,572.34,585.04,560.3,1.66668564,7.656495263099999
850122,2022-05-30,562.71,568.23,581.59,557.04,1.65695323,7.4031182678
850122,2022-05-31,569.03,561.52,579.78,554.73,1.75869708,7.861050144
850122,2022-06-01,567.63,564.89,577.67,558.38,1.54530713,6.6524531486
850122,2022-06-02,566.14,565.43,572.57,550.46,1.55192553,6.8633618554
850122,2022-06-06,565.02,564.34,571.22,556.76,1.26924619,5.3499363437000005
850122,2022-06-07,554.23,566.33,572.17,551.58,1.47424199,6.282961918400001
850122,2022-06-08,554.29,554.67,558.76,540.88,1.31516516,5.3995921353
850122,2022-06-09,544.61,554.26,559.57,541.74,1.09092397,4.8029574932
850122,2022-06-10,547.03,542.06,552.71,536.53,1.00636534,4.0010738522
850122,2022-06-13,551.44,545.09,555.63,540.07,1.11197175,4.60487103
850122,2022-06-14,558.32,551.14,562.01,544.53,1.50779849,6.7448735732000005
850122,2022-06-15,554.72,561.13,568.33,551.27,1.49393477,6.304729245599999
850122,2022-06-16,566.23,555.34,573.66,550.96,1.92956005,9.1445001288
850122,2022-06-17,565.91,575.88,595.98,562.13,2.5486333,13.101938181900001
850122,2022-06-20,572.47,561.79,581.55,556.98,1.94421624,9.6018680009
850122,2022-06-21,559.89,570.1,573.78,554.07,1.40241655,6.662222109400001
850122,2022-06-22,556.5,559.24,569.32,550.09,1.16839626,5.1694528254000005
850122,2022-06-23,560.16,555.79,566.31,549.97,1.07890921,4.854265496
850122,2022-06-24,560.05,557.37,565.98,553.42,1.13003094,4.945193646
850122,2022-06-27,561.75,561.23,568.7,557.25,1.04406317,4.762495819
850122,2022-06-28,561.5,561.74,568.0,553.95,1.09783439,4.982922183
850122,2022-06-29,545.76,560.4,562.19,544.49,1.20515319,5.328780696
850122,2022-06-30,566.11,549.14,578.84,547.75,2.29173956,9.051410937
850122,2022-07-01,562.79,569.9,576.72,559.0,1.51652775,5.820901189700001
850122,2022-07-04,584.64,572.11,588.37,563.19,1.83998883,8.233356481900001
850122,2022-07-05,588.51,590.76,596.63,571.29,2.05698564,9.9472696348
850122,2022-07-06,577.09,580.59,596.08,568.68,1.92499907,10.3960436672
850122,2022-07-07,577.28,569.58,586.12,565.56,1.55453112,8.159680747100001
850122,2022-07-08,575.24,573.48,583.87,568.38,1.18252721,6.0991141263
850122,2022-07-11,576.68,574.89,584.16,567.61,1.00861391,4.9886618469
850122,2022-07-12,566.5,576.05,583.17,563.1,1.14877271,5.716679505599999
850122,2022-07-13,574.76,567.86,584.28,562.3,1.05718902,5.2893098665
850122,2022-07-14,570.81,571.94,578.79,564.56,1.00606978,4.6037380755
850122,2022-07-15,551.37,571.55,573.28,549.48,1.39475177,5.731002124600001
850122,2022-07-18,569.22,556.91,575.46,552.31,1.3992273,6.3669744
850122,2022-07-19,573.94,571.56,582.34,564.99,1.14816962,5.6292839281
850122,2022-07-20,573.84,574.0,579.55,566.63,0.96747157,4.2864524806
850122,2022-07-21,575.91,571.95,588.87,566.61,1.27509821,5.8428965997
850122,2022-07-22,591.49,572.42,604.51,568.94,2.41666498,11.919831018599998
850122,2022-07-25,586.78,585.01,600.59,579.39,1.70876052,8.2510167262
850122,2022-07-26,585.53,586.43,593.91,573.52,1.16704082,5.401674305
850122,2022-07-27,584.77,585.8,593.1,578.33,0.97788317,4.6554309253
850122,2022-07-28,583.46,583.93,592.76,577.31,1.01321113,4.7305806576
850122,2022-07-29,579.4,581.45,590.33,575.63,1.00928751,4.6959663887
850122,2022-08-01,573.92,576.19,581.12,569.58,0.63644276,2.8610124708
850122,2022-08-02,549.68,571.66,573.6,540.46,1.18471283,4.9181867969
850122,2022-08-03,549.99,557.21,568.84,547.94,0.89089914,3.88938538
850122,2022-08-04,557.98,550.25,561.23,543.36,0.64511042,2.7911259646
850122,2022-08-05,560.85,555.79,562.1,551.56,0.551959,2.42758643
850122,2022-08-08,566.31,559.55,568.35,556.65,0.51386928,2.2346489894
850122,2022-08-09,566.8,564.74,571.78,559.29,0.51961486,2.291423533
850122,2022-08-10,563.46,566.45,570.41,560.06,0.48435672,2.09344157
850122,2022-08-11,569.4,566.76,573.94,562.21,0.68045407,2.9461275663
850122,2022-08-12,573.05,568.82,576.95,565.41,0.59304704,2.5614792
850122,2022-08-15,575.11,574.3,580.87,568.72,0.6991905,2.9633780594999997
850122,2022-08-16,584.58,574.11,588.17,571.28,0.89956983,4.1263592744999995
850122,2022-08-17,584.83,584.3,587.65,579.57,0.65582685,2.7135050897000004
850122,2022-08-18,577.37,584.5,587.79,574.35,0.59288272,2.65581528
850122,2022-08-19,580.83,577.0,587.93,575.9,0.82977856,3.8168841923000003
850122,2022-08-22,586.76,580.72,593.46,578.18,0.77148946,3.4402903539999996
850122,2022-08-23,594.78,584.68,599.32,581.42,0.96037257,4.5499411105
850122,2022-08-24,597.07,594.78,608.96,588.6,1.61627137,7.827204025
850122,2022-08-25,602.63,604.15,613.65,591.89,1.32889518,6.3936423228
850122,2022-08-26,605.79,600.07,617.21,593.32,1.30626653,6.5965828141
850122,2022-08-29,618.47,597.95,630.33,594.57,1.77870088,8.927811262
850122,2022-08-30,621.4,614.97,631.34,607.15,1.52808324,7.7743042496
850122,2022-08-31,603.96,616.61,623.51,599.47,1.42307591,6.5048164408
850122,2022-09-01,608.31,603.28,619.31,597.74,1.42650675,7.2167495134
850122,2022-09-02,609.27,603.6,614.62,596.47,1.11707961,5.2944593408
850122,2022-09-05,604.95,608.43,614.61,595.8,0.93971643,4.5229843894999995
850122,2022-09-06,604.5,602.69,611.49,596.56,0.8518375,4.0695716808
850122,2022-09-07,602.39,602.6,609.28,596.16,0.88597265,4.221261181
850122,2022-09-08,587.89,602.07,608.05,584.51,0.92155182,4.4217765901999995
850122,2022-09-09,588.73,589.94,595.16,583.07,0.57264721,2.5673834195
850122,2022-09-13,599.16,590.32,608.85,587.13,1.15112352,5.5037538841
850122,2022-09-14,583.79,590.26,596.47,581.1,0.83890771,3.9874429213
850122,2022-09-15,568.63,585.52,588.27,561.36,0.9373588,4.2198168007
850122,2022-09-16,555.15,568.26,575.21,553.82,0.71159529,3.0742599185
850122,2022-09-19,550.63,554.47,558.62,539.64,0.57246573,2.3872092388
850122,2022-09-20,556.85,553.54,562.98,550.63,0.56624923,2.3997926899
850122,2022-09-21,560.61,553.98,562.41,546.89,0.47763267,1.94396041
850122,2022-09-22,555.35,557.1,564.0,552.31,0.496696,2.12202527
850122,2022-09-23,540.67,556.43,557.75,536.25,0.66369123,2.8751590431
850122,2022-09-26,519.91,539.88,540.59,517.99,0.74443034,2.8971030442
850122,2022-09-27,537.89,521.94,539.24,518.63,0.73075566,3.1136694648
850122,2022-09-28,526.9,535.13,545.2,525.82,0.6968196,2.9702135854000002
850122,2022-09-29,517.29,532.34,537.29,512.95,0.57648012,2.3620377230000003
850122,2022-09-30,514.24,517.33,521.8,510.3,0.372635,1.4899496
850122,2022-10-10,508.92,515.68,524.03,505.52,0.56155857,2.211098724
850122,2022-10-11,511.54,509.83,513.83,501.42,0.41624903,1.6012245632
850122,2022-10-12,527.23,511.39,530.37,508.41,0.7647154,3.1885839302999996
850122,2022-10-13,533.96,522.86,541.8,517.83,0.75950938,3.13839465
850122,2022-10-14,538.27,533.67,543.32,531.99,0.61825506,2.5204006448
850122,2022-10-17,543.66,537.51,545.6,532.49,0.51741287,2.0341926869
850122,2022-10-18,541.92,544.33,550.92,539.45,0.47171341,2.0030893111
850122,2022-10-19,533.32,541.53,546.11,529.99,0.50119164,2.067518445
850122,2022-10-20,529.84,531.42,536.92,527.13,0.42033177,1.69795147
850122,2022-10-21,525.99,532.14,535.23,523.9,0.40522977,1.6084069142
850122,2022-10-24,512.61,527.41,531.15,509.09,0.55064618,2.1812283784
850122,2022-10-25,513.82,511.67,517.26,501.43,0.54492041,2.1907743726
850122,2022-10-26,524.65,513.13,527.06,511.92,0.55397758,2.3096796749
850122,2022-10-27,529.44,525.22,534.88,523.31,0.73942912,3.2314987910000004
850122,2022-10-28,506.0,527.48,528.23,503.75,0.70359824,2.7086082332999997
850122,2022-10-31,513.81,506.78,518.38,503.51,0.53262542,2.1088576053
850122,2022-11-01,530.29,512.88,531.51,511.41,0.73707819,3.0750516501
850122,2022-11-02,537.52,527.64,544.6,526.56,0.86729836,3.9825148789999996
850122,2022-11-03,549.78,533.9,556.71,531.13,1.24142283,6.0053476073
850122,2022-11-04,551.94,546.45,557.13,543.88,0.95627029,4.5839360708
850122,2022-11-07,557.81,551.07,561.46,548.31,0.85515781,4.0305194101
850122,2022-11-08,558.98,558.91,565.65,552.33,0.75230494,3.5793198156
850122,2022-11-09,564.41,558.63,571.79,555.8,0.70604684,3.2638219433999995
850122,2022-11-10,569.11,564.27,580.77,558.49,0.84416488,3.8961961393999998
850122,2022-11-11,568.54,577.54,584.49,565.45,1.01319114,4.7705022841
850122,2022-11-14,572.65,569.75,582.81,563.89,0.93290429,4.5418099295
850122,2022-11-15,573.06,574.83,581.74,566.78,0.70087435,3.2821002399
850122,2022-11-16,575.89,572.23,582.62,568.04,0.73306051,3.3979959666000004
850122,2022-11-17,585.67,576.31,591.54,574.27,1.07110687,5.4049179416
850122,2022-11-18,582.97,583.82,594.72,574.44,1.11411054,5.7683749177
850122,2022-11-21,578.88,581.87,584.41,568.9,0.81431864,4.0986180727
850122,2022-11-22,567.89,578.74,581.51,562.86,0.95017596,4.7535227525
850122,2022-11-23,559.96,571.03,575.08,553.15,0.83530129,3.9907086106
850122,2022-11-24,559.29,558.71,568.39,555.03,0.62389619,2.8703179798000003
850122,2022-11-25,559.71,560.79,563.54,554.44,0.56716052,2.3526910272
850122,2022-11-28,563.05,555.05,567.56,545.73,0.81163809,3.7821720639
850122,2022-11-29,575.47,561.27,578.8,559.94,0.95539574,4.6162035249
850122,2022-11-30,577.22,577.36,585.95,572.24,0.89570071,4.4479153713
850122,2022-12-01,582.87,585.8,591.68,578.9,0.93168151,4.6703352135000005
850122,2022-12-02,586.89,582.06,591.93,579.4,0.70667182,3.4960468725
850122,2022-12-05,592.43,587.43,602.69,586.18,0.91405268,4.418862009
850122,2022-12-06,592.28,592.68,605.44,586.43,0.82791735,4.0380721368
850122,2022-12-07,597.57,591.79,601.58,585.2,0.95518502,4.9493925418
850122,2022-12-08,591.38,597.82,600.92,587.18,0.7221273,3.5386080258
850122,2022-12-09,595.94,589.87,601.92,578.38,0.78769972,3.911127755
850122,2022-12-12,588.09,594.7,602.83,585.26,0.65702078,3.2575026518
850122,2022-12-13,617.1,587.98,624.64,586.28,1.62495647,8.4135047823
850122,2022-12-14,617.88,609.96,623.55,605.02,1.36412731,6.6933706599
850122,2022-12-15,603.87,618.12,626.68,599.6,1.22179068,6.1656446723
850122,2022-12-16,603.0,598.79,610.45,595.15,0.84276485,3.9232750005000003
850122,2022-12-19,611.81,608.14,633.97,589.05,1.87502958,9.8541503883
850122,2022-12-20,594.82,607.82,617.38,591.33,1.36321802,7.210440738099999
850122,2022-12-21,617.33,595.79,632.99,592.56,2.27471517,12.4648147964
850122,2022-12-22,613.45,616.98,633.03,605.59,1.95093538,10.150438124099999
850122,2022-12-23,630.79,610.43,648.12,604.14,2.48954706,12.4862985348
850122,2022-12-26,624.49,634.86,650.66,617.37,2.79729648,15.1440860876
850122,2022-12-27,621.45,619.0,632.65,590.49,2.64404665,14.143399835899999
850122,2022-12-28,598.75,610.95,622.61,595.31,1.83173642,9.7645366239
850122,2022-12-29,605.63,600.57,618.36,591.39,1.71624166,9.0510340708
850122,2022-12-30,617.17,605.66,621.69,589.53,2.12934746,10.4100825326
850122,2023-01-03,610.84,618.46,621.29,599.92,1.57559131,7.8016887023
850122,2023-01-04,614.51,608.5,618.62,602.41,1.40336101,7.2108393924000005
850122,2023-01-05,609.51,611.57,623.59,600.03,1.49678307,7.4678572039999995
850122,2023-01-06,589.46,606.74,608.41,587.79,1.48662403,7.2958909491999995
850122,2023-01-09,592.86,588.84,597.7,583.59,0.94761187,4.7039258163
850122,2023-01-10,585.3,592.72,594.74,580.08,0.8461049,3.9700320607
850122,2023-01-11,577.02,586.34,588.31,574.35,0.73871125,3.151059305
850122,2023-01-12,563.64,576.94,579.95,561.25,0.91530129,4.2663977595
850122,2023-01-13,572.85,564.88,575.0,563.29,0.75357993,3.5089588747000002
850122,2023-01-16,571.15,572.96,576.91,568.62,0.70122387,3.2175565798
850122,2023-01-17,565.76,572.76,577.95,560.7,0.60943157,2.7261294402
850122,2023-01-18,567.24,565.82,570.9,563.36,0.45224727,1.9988548491999998
850122,2023-01-19,566.29,566.24,570.09,561.4,0.493898,2.1914912654
850122,2023-01-20,571.24,565.97,573.15,565.73,0.53296635,2.343107916
850122,2023-01-30,579.55,577.26,582.81,572.72,0.82045893,3.6880392091000003
850122,2023-01-31,578.82,575.4,582.4,572.5,0.64585147,2.9706169677
850122,2023-02-01,586.14,579.06,586.14,575.86,0.7633977,3.5387977626
850122,2023-02-02,596.25,585.9,598.29,579.47,1.26459491,6.6986618048
850122,2023-02-03,588.44,592.51,594.63,582.56,0.9042881,4.501557472
850122,2023-02-06,588.74,585.0,595.44,580.77,0.77693652,3.7645592883999996
850122,2023-02-07,588.68,589.54,593.07,584.21,0.55090912,2.6754613519
850122,2023-02-08,591.18,588.92,599.58,583.08,0.88154971,4.3719634299
850122,2023-02-09,593.54,588.25,595.99,585.9,0.72343439,3.5189338447000003
850122,2023-02-10,611.34,594.0,619.34,592.58,1.65688723,8.661993195
850122,2023-02-13,621.16,613.17,628.39,606.8,1.68420672,9.0819246183
850122,2023-02-14,617.35,622.2,625.4,610.49,1.21630098,6.4199699523
850122,2023-02-15,611.16,617.13,619.58,606.56,0.98701666,5.0571822733
850122,2023-02-16,597.21,612.29,616.8,590.11,1.23712225,5.9747641707
850122,2023-02-17,600.25,597.51,610.67,596.3,0.85233259,4.1758332025
850122,2023-02-20,605.04,599.55,608.43,595.76,0.6780548,3.2184051808
850122,2023-02-21,604.39,604.9,609.64,598.82,0.68499684,3.2189635856
850122,2023-02-22,610.6,601.46,612.64,598.89,0.75449779,3.7298888317000003
850122,2023-02-23,612.11,609.85,619.13,606.36,0.92924851,4.4545495256
850122,2023-02-24,606.77,611.23,612.81,601.07,0.58589042,2.8486410399
850122,2023-02-27,602.49,606.77,610.26,598.75,0.5219508,2.5063230409
850122,2023-02-28,611.74,604.4,613.43,600.29,0.66507051,3.3183995391
850122,2023-03-01,615.32,610.37,616.69,606.02,0.75749394,3.5430398937
850122,2023-03-02,613.9,614.95,617.64,607.32,0.66217581,3.4033230924
850122,2023-03-03,613.28,613.39,618.41,606.91,0.71473387,3.5687395478
850122,2023-03-06,619.98,614.2,623.07,609.9,0.91615126,4.5600179044999996
850122,2023-03-07,605.03,619.82,621.97,603.6,0.8434701,4.0891239623
850122,2023-03-08,609.21,603.29,611.57,600.97,0.46739395,2.1468630015
850122,2023-03-09,600.69,609.83,610.55,595.98,0.57712841,2.8346243879000004
850122,2023-03-10,591.55,595.98,600.93,589.08,0.51540886,2.1504775743
850122,2023-03-13,589.92,590.78,595.08,580.41,0.52126255,2.3260801993
850122,2023-03-14,581.96,588.79,596.26,576.93,0.55812657,2.5563735006
850122,2023-03-15,583.44,583.67,588.71,580.62,0.39653103,1.8315743154
850122,2023-03-16,572.61,582.26,583.93,570.95,0.47103704,2.1033633571
850122,2023-03-17,571.09,575.43,579.5,568.02,0.50417819,2.2556755634
850122,2023-03-20,573.16,572.19,579.92,564.87,0.60899509,2.6717936325
850122,2023-03-21,579.56,572.97,581.12,569.99,0.41029015,1.8893373347
850122,2023-03-22,580.39,579.18,588.0,575.34,0.47335471,2.1276884657
850122,2023-03-23,575.61,578.46,580.83,571.61,0.43470063,1.9672427579
850122,2023-03-24,579.81,576.29,584.21,572.85,0.5179806,2.3288133912
850122,2023-03-27,571.58,580.59,582.5,567.36,0.59624534,2.5975099221
850122,2023-03-28,566.55,572.49,575.18,564.97,0.46252724,2.0201138516
850122,2023-03-29,562.24,567.93,570.64,557.71,0.48165868,2.1238866993000003
850122,2023-03-30,557.09,563.65,564.75,549.96,0.51896946,2.1830823714
850122,2023-03-31,564.61,557.84,568.02,557.22,0.52246117,2.4545437511
850122,2023-04-03,568.58,563.73,572.62,561.71,0.47892831,2.1363281859
850122,2023-04-04,560.95,567.35,574.74,558.58,0.6659668,2.9145587566000004
850122,2023-04-06,553.18,559.5,561.83,550.68,0.5613951,2.4266981569999997
850122,2023-04-07,556.32,554.63,559.23,551.89,0.36693799,1.573926995
850122,2023-04-10,544.86,555.89,559.86,542.71,0.6354012,2.6302185597
850122,2023-04-11,554.27,545.04,559.02,540.54,0.66128444,3.0363001960000005
850122,2023-04-12,551.29,549.68,556.31,547.53,0.4629677,2.1458990069999997
850122,2023-04-13,553.98,549.98,557.15,548.17,0.44828096,2.0560546749
850122,2023-04-14,549.5,554.52,556.85,546.97,0.39848182,1.865099845
850122,2023-04-17,557.76,548.68,559.29,545.43,0.56872257,2.4316703775999997
850122,2023-04-18,557.7,555.58,562.86,551.25,0.5094677,2.3959090034
850122,2023-04-19,546.62,551.69,555.81,543.1,0.5981127,2.7374364578
850122,2023-04-20,540.62,546.86,550.7,532.72,0.59791863,2.647310929
850122,2023-04-21,531.0,539.81,544.52,529.79,0.45319906,1.8723880256999998
850122,2023-04-24,526.78,528.87,533.95,519.09,0.45290206,1.9047451862
850122,2023-04-25,531.07,528.63,535.74,515.97,0.48688864,2.0479460723
850122,2023-04-26,534.97,528.27,539.69,526.95,0.42585422,1.8207445616
850122,2023-04-27,525.35,532.41,534.41,522.59,0.38689124,1.6537382372999998
850122,2023-04-28,540.35,526.34,542.16,524.78,0.47645404,1.9879886144
850122,2023-05-04,549.49,539.43,551.69,536.75,0.6013769,2.4638992544
850122,2023-05-05,544.59,549.17,550.52,540.55,0.38017306,1.588100597
850122,2023-05-08,544.98,546.04,548.75,541.38,0.35888376,1.4763980744
850122,2023-05-09,539.57,543.63,548.13,536.38,0.50555873,2.0782050647
850122,2023-05-10,542.67,540.42,545.26,536.24,0.31246348,1.2611668704
850122,2023-05-11,548.68,541.66,552.63,540.72,0.39750099,1.6556973131000001
850122,2023-05-12,547.76,549.3,555.0,544.85,0.4289158,1.823747746
850122,2023-05-15,546.34,546.77,547.92,537.31,0.37608779,1.5662494678999999
850122,2023-05-16,542.13,546.11,547.44,540.57,0.30578924,1.1933751125
850122,2023-05-17,546.24,542.36,549.27,537.26,0.35468013,1.4272491974000001
850122,2023-05-18,536.09,544.2,545.78,534.3,0.5827618,2.6031007369
850122,2023-05-19,534.8,537.42,538.77,530.19,0.36450648,1.4994338081
850122,2023-05-22,539.31,534.71,542.7,530.46,0.37597974,1.5817889852
850122,2023-05-23,536.41,538.89,548.31,534.55,0.35154928,1.4879646683
850122,2023-05-24,533.74,534.92,539.39,529.77,0.30128786,1.2116015312000001
850122,2023-05-25,528.27,532.92,535.99,520.81,0.43196164,1.7435491309
850122,2023-05-26,529.46,527.95,531.94,520.53,0.36797342,1.4911832037000001
850122,2023-05-29,524.1,528.7,531.0,519.91,0.2792095,1.0867093
850122,2023-05-30,535.96,531.03,536.49,524.9,0.39540662,1.5999315269999999
850122,2023-05-31,538.8,543.32,549.31,533.69,1.21736052,5.790149454600001
850122,2023-06-01,536.21,533.81,546.42,525.96,0.99938531,4.2938955418
850122,2023-06-02,534.65,536.83,540.13,531.99,0.58906025,2.4564638165
850122,2023-06-05,532.21,532.7,537.13,526.68,0.48397601,1.9357663975
850122,2023-06-06,549.53,531.11,553.25,525.1,1.5401282,7.2033484549
850122,2023-06-07,549.26,543.33,560.7,538.16,1.467513,7.1430693286
850122,2023-06-08,554.2,547.95,564.5,543.2,1.28980554,6.1791714462
850122,2023-06-09,549.31,551.81,558.2,544.14,0.96529743,4.662305137300001
850122,2023-06-12,539.45,549.73,554.37,533.02,1.66937571,7.80531624
850122,2023-06-13,565.34,541.73,572.62,539.28,2.15857429,9.8690157003
850122,2023-06-14,624.82,591.29,631.61,585.79,4.74780695,24.2891522069
850122,2023-06-15,590.01,625.76,629.84,583.5,4.55932835,24.1713064219
850122,2023-06-16,587.43,592.77,609.69,584.96,2.96617307,15.902380855899999
850122,2023-06-19,575.55,584.31,591.13,569.96,2.32859586,12.0885249343
850122,2023-06-20,573.83,572.27,580.17,559.63,2.25776393,11.7397576036
850122,2023-06-21,572.08,569.4,587.85,565.02,2.04436535,10.9614912455
850122,2023-06-26,564.88,564.08,580.59,559.54,1.49420312,7.732011561599999
850122,2023-06-27,572.87,565.26,578.42,563.11,1.0903997,5.6160298228
850122,2023-06-28,571.63,570.18,577.19,563.3,1.11130697,5.6769265554
850122,2023-06-29,570.81,568.78,576.37,565.91,1.06383624,5.4357805445
850122,2023-06-30,574.18,571.57,582.2,567.97,1.1842861,6.168669610299999
850122,2023-07-03,582.45,574.53,587.07,573.0,1.22734739,6.4843674661
850122,2023-07-04,580.32,580.3,585.81,574.39,1.05461384,5.541103136599999
850122,2023-07-05,567.65,581.58,584.27,565.15,1.32690701,7.038262807000001
850122,2023-07-06,569.2,566.82,574.71,560.67,1.08930864,5.450906633200001
850122,2023-07-07,597.81,565.31,602.88,561.85,2.66832767,13.709980236600002
850122,2023-07-10,595.58,601.91,607.74,587.82,2.33069262,13.348912739200001
850122,2023-07-11,583.76,592.03,595.44,581.42,1.32087479,7.3432219277
850122,2023-07-12,574.95,583.74,585.85,573.98,1.03894392,5.411898084600001
850122,2023-07-13,577.66,573.98,580.91,571.91,0.83659743,4.2988073049
850122,2023-07-14,583.7,575.94,587.59,573.66,1.07817583,5.576501156699999
850122,2023-07-17,581.87,578.7,588.41,572.12,0.85366813,4.2515523253
850122,2023-07-18,584.85,583.4,591.56,578.05,0.81233784,4.0298060918
850122,2023-07-19,581.9,582.38,589.63,577.57,0.71332377,3.5046283480000002
850122,2023-07-20,582.3,582.28,591.7,578.51,0.9248739,4.7605084023
850122,2023-07-21,603.6,580.58,609.4,578.51,2.3614379,12.779748003499998
850122,2023-07-24,579.03,590.95,595.14,578.28,1.55384066,8.1231085509
850122,2023-07-25,587.36,577.56,591.55,573.42,1.3122735,6.7082942646
850122,2023-07-26,595.43,588.35,601.2,584.25,1.30036213,6.704766219600001
850122,2023-07-27,589.73,591.99,604.29,586.89,1.17485581,6.0400614201
850122,2023-07-28,593.53,590.62,598.12,586.43,1.05634223,5.2298892845
850122,2023-07-31,616.08,592.64,620.59,591.35,2.45416781,11.5957216674
850122,2023-08-01,612.16,626.96,637.84,608.85,2.89701859,12.5070751197
850122,2023-08-02,605.95,607.05,620.23,602.35,1.84831784,8.0227103993
850122,2023-08-03,624.47,606.87,636.88,604.4,2.97464863,14.646049087
850122,2023-08-04,615.99,625.44,634.89,614.41,2.61817089,12.987061703800002
850122,2023-08-07,615.18,618.25,626.63,604.89,1.69723508,8.4939331203
850122,2023-08-08,623.96,617.81,632.41,606.1,2.28817156,12.353476755099999
850122,2023-08-09,608.41,618.51,620.9,605.35,1.4877932,7.8476389029
850122,2023-08-10,600.47,605.7,612.48,596.03,1.26817847,6.4037588514
850122,2023-08-11,587.11,601.06,605.46,585.39,1.09540951,5.3081508817000005
850122,2023-08-14,590.97,582.3,593.26,577.21,0.75490288,3.6564818681
850122,2023-08-15,598.14,590.33,608.48,586.0,1.36451151,7.4498404976999995
850122,2023-08-16,596.43,597.68,605.96,589.57,0.99374664,5.3532440895999995
850122,2023-08-17,604.72,595.08,606.39,590.48,1.07016564,5.6547703658
850122,2023-08-18,597.13,604.11,610.07,593.82,1.14537884,5.9364252886
850122,2023-08-21,592.96,598.01,608.52,591.43,1.10617196,6.0136508596
850122,2023-08-22,612.61,601.87,633.08,593.68,2.97345335,16.659836451
850122,2023-08-23,657.08,621.01,681.09,617.98,5.10675691,27.989867097199998
850122,2023-08-24,747.04,643.81,747.04,622.47,8.05796986,44.0092632645
850122,2023-08-25,752.61,795.17,839.34,746.06,9.98495266,58.2931634516
850122,2023-08-28,790.18,765.94,811.37,733.26,8.2726381,49.8601646392
850122,2023-08-29,733.8,767.01,775.25,717.05,8.12980193,52.959012808000004
850122,2023-08-30,694.38,718.53,738.67,686.91,6.11262666,38.0104803244
850122,2023-08-31,707.28,688.89,728.73,662.31,6.74680894,42.3419608032
850122,2023-09-01,671.59,684.29,708.35,666.51,4.64727152,29.3842968987
850122,2023-09-04,692.6,671.62,714.0,667.83,4.62007535,29.5385856708
850122,2023-09-05,668.21,690.34,695.29,648.98,4.4997941,28.5682641904
850122,2023-09-06,640.44,657.79,662.09,637.64,3.29559943,19.088928156199998
850122,2023-09-07,639.19,637.06,653.65,630.82,3.01257189,17.5836006459
850122,2023-09-11,619.41,613.84,623.6,609.28,1.87397724,10.3692384511
850122,2023-09-12,626.53,618.23,635.05,612.3,2.44491978,14.1669599108
850122,2023-09-13,635.39,622.64,643.58,614.44,3.30438914,19.4156273161
850122,2023-09-14,614.03,626.87,629.96,610.65,2.2912885,13.2917343024
850122,2023-09-15,614.04,613.23,625.97,607.43,1.77176849,9.4989374557
850122,2023-09-18,613.67,611.97,619.71,605.93,1.4895634,7.9004755889
850122,2023-09-19,608.45,612.0,619.58,607.11,1.30594756,7.094234290599999
850122,2023-09-20,617.98,612.56,628.03,609.34,2.17735138,12.0815307218
850122,2023-09-21,603.53,612.75,618.71,602.59,1.62074986,8.7401319465
850122,2023-09-22,613.47,601.6,615.17,600.23,1.4506941,7.9002983804
850122,2023-09-25,612.28,614.23,624.92,608.04,1.45339737,8.4548525023
850122,2023-09-26,607.66,612.85,619.78,604.44,1.54751269,9.0601871059
850122,2023-09-27,603.98,607.47,616.82,602.66,1.40892549,7.6186760542
850122,2023-09-28,609.87,607.04,616.8,604.03,1.43504103,7.808738277200001
850122,2023-10-09,586.5,609.3,609.68,582.52,1.94007069,10.343372192999999
850122,2023-10-10,585.88,587.09,594.32,582.44,1.1542435,6.2706504465999995
850122,2023-10-11,577.66,586.42,589.13,575.94,1.36709177,7.154393546100001
850122,2023-10-12,579.52,577.88,582.77,575.0,1.01116026,5.1504637642
850122,2023-10-13,566.17,573.47,578.31,563.1,1.34012442,6.5220914415
850122,2023-10-16,563.54,568.77,572.11,558.78,0.98280587,4.8460612861
850122,2023-10-17,558.6,562.44,566.36,555.6,0.81561923,3.8656459712
850122,2023-10-18,552.45,558.42,565.51,551.13,1.16164919,5.6654690076
850122,2023-10-19,546.75,550.84,558.73,545.41,0.91813586,4.202174216
850122,2023-10-20,542.86,546.32,549.6,539.87,0.7719647,3.4579541119
850122,2023-10-23,526.29,541.57,542.69,523.04,0.99301704,4.263128119
850122,2023-10-24,538.44,526.89,540.13,526.51,0.93254667,4.146853434
850122,2023-10-25,545.92,540.11,549.03,537.61,0.85646371,3.7524494808999997
850122,2023-10-26,542.88,544.57,546.7,536.76,0.7340705,3.29284855
850122,2023-10-27,549.81,541.75,552.12,538.28,0.94895952,4.1816793012
850122,2023-10-30,556.41,549.48,562.69,546.98,1.19570851,5.8120801389
850122,2023-10-31,554.44,553.37,564.98,550.02,1.08023295,5.2548108419
850122,2023-11-01,565.22,556.12,571.79,555.2,1.51814332,8.0930082267
850122,2023-11-02,555.78,557.99,571.47,551.89,1.76101965,8.9714945146
850122,2023-11-03,559.01,554.47,564.86,551.86,1.26451246,6.4156933989
850122,2023-11-06,567.13,559.01,568.83,556.0,1.32400623,6.343480713200001
850122,2023-11-07,566.94,565.82,571.08,559.44,1.08559806,5.226286336499999
850122,2023-11-08,563.87,566.18,568.39,559.47,0.89362662,4.2149635283
850122,2023-11-09,559.09,564.23,568.47,558.13,0.79089369,3.73294521
850122,2023-11-10,556.76,557.35,561.14,552.56,0.59117475,2.7161364601
850122,2023-11-13,562.28,557.96,563.99,554.29,0.75575618,3.3315565475
850122,2023-11-14,560.23,560.77,564.19,557.17,0.65664013,2.9824836156
850122,2023-11-15,563.08,561.77,565.96,559.67,0.84575402,3.8931429227999996
850122,2023-11-16,558.87,563.41,566.31,557.55,0.60235068,2.8012375339999998
850122,2023-11-17,558.86,559.03,561.5,553.73,0.60938632,2.7905442544
850122,2023-11-20,571.96,559.62,573.28,557.36,1.36727007,6.4219097936
850122,2023-11-21,575.35,572.13,587.91,569.55,1.91668641,9.0765882
850122,2023-11-22,577.61,574.76,584.29,572.31,1.48757097,6.961151922899999
850122,2023-11-23,576.54,582.49,588.61,571.08,1.41907325,6.77198611
850122,2023-11-24,614.37,580.02,631.59,577.87,5.2397107,27.324225223499997
850122,2023-11-27,630.41,601.0,650.68,596.62,5.56335324,29.1422040204
850122,2023-11-28,614.38,620.88,626.33,602.4,3.12581365,15.7383501878
850122,2023-11-29,630.33,609.33,647.86,597.56,4.17753389,22.5512014305
850122,2023-11-30,641.98,615.1,667.5,611.68,4.76845136,27.1471771803
850122,2023-12-01,622.36,635.43,657.73,618.08,3.90846839,21.6313514971
850122,2023-12-04,616.17,616.26,630.25,604.3,2.98555405,15.729062465899998
850122,2023-12-05,619.71,611.3,637.9,610.74,3.43468159,18.4060833302
850122,2023-12-06,626.76,612.28,641.56,602.71,3.62934914,19.635020863399998
850122,2023-12-07,612.71,622.11,624.83,606.47,2.36449639,12.539852998099999
850122,2023-12-08,591.45,612.68,616.98,590.51,2.43774198,12.0976607762
850122,2023-12-11,583.39,587.77,589.52,574.82,1.69985987,8.3525613784
850122,2023-12-12,595.73,584.03,598.58,580.19,1.64659815,8.2916222327
850122,2023-12-13,588.37,593.58,599.71,586.65,1.33432135,6.4831702587
850122,2023-12-14,576.18,589.82,593.5,575.38,1.44296812,7.269976262
850122,2023-12-15,570.7,577.12,581.31,567.26,1.18186817,5.703410270700001
850122,2023-12-18,561.32,570.37,577.33,558.64,0.98274015,4.6462549779
850122,2023-12-19,564.75,562.85,570.74,557.09,1.04448928,4.8398763252
850122,2023-12-20,554.92,563.38,570.05,553.41,0.91426182,4.1963221630000005
850122,2023-12-21,557.02,551.08,559.09,543.26,0.94799636,4.2471624445
850122,2023-12-22,545.57,555.88,559.49,543.25,0.88043444,3.9562630179
850122,2023-12-25,540.67,544.6,549.43,538.01,0.62153573,2.703904052
850122,2023-12-26,541.3,540.27,552.94,537.11,0.96257053,4.1198749667
850122,2023-12-27,556.28,542.85,558.56,535.83,1.45548249,6.643215244299999
850122,2023-12-28,558.76,554.21,565.25,546.34,1.42735349,6.8008784422
850122,2023-12-29,562.84,557.98,569.45,555.11,1.16250792,5.3758578164
850122,2024-01-02,591.88,573.96,596.72,568.29,2.73796706,13.812468898199999
850122,2024-01-03,577.25,581.41,588.04,574.05,1.95597929,10.1031154234
850122,2024-01-04,572.52,579.35,582.24,568.17,1.14657173,5.8761836629
850122,2024-01-05,559.32,570.8,575.42,555.7,1.0811719,5.0715319866
850122,2024-01-08,550.02,559.08,563.89,549.29,0.75961593,3.5317763674
850122,2024-01-09,554.11,552.68,559.83,547.23,0.7724395,3.6075405481000002
850122,2024-01-10,560.06,553.31,565.49,541.18,1.31118163,5.8446036583000005
850122,2024-01-11,568.5,556.45,574.27,554.38,1.38416968,6.4030008912000005
850122,2024-01-12,558.26,566.94,579.35,558.26,1.18701015,5.624090968099999
850122,2024-01-15,555.74,555.95,564.6,552.49,0.7351776,3.3887334177999997
850122,2024-01-16,554.2,555.98,561.27,543.72,0.91877708,4.2103424596
850122,2024-01-17,534.57,552.81,556.41,534.38,0.93804615,4.240756901
850122,2024-01-18,527.13,532.61,535.11,512.64,1.1140482,4.5328613094
850122,2024-01-19,526.7,525.6,537.2,519.95,0.96652324,4.2176924312
850122,2024-01-22,492.7,523.55,524.33,487.19,1.17532032,4.7259809579
850122,2024-01-23,493.98,493.9,498.17,484.11,0.81298428,3.0523181697000004
850122,2024-01-24,511.15,493.63,518.75,490.51,1.34482393,5.4769822535
850122,2024-01-25,525.82,508.95,529.53,505.89,1.29553493,5.3383619367
850122,2024-01-26,527.5,524.05,537.09,520.56,0.9875288,4.0819126968
850122,2024-01-29,514.3,529.22,532.49,511.83,0.86842812,3.5396358079000003
850122,2024-01-30,499.71,510.22,517.59,498.21,0.73719538,2.889635357
850122,2024-01-31,468.76,492.08,502.78,468.17,1.27426698,4.8331355704000005
850122,2024-02-01,464.35,466.67,474.46,454.17,0.9434101,3.3599761360000002
850122,2024-02-02,444.6,465.13,474.7,426.54,1.18435085,4.1065234568
850122,2024-02-05,402.31,440.91,442.47,395.92,1.4367884,4.3185850698
850122,2024-02-06,405.65,387.45,421.07,368.51,1.53467345,4.684186436
850122,2024-02-07,388.37,406.29,410.64,381.96,1.48431644,4.481746493399999
850122,2024-02-08,417.14,394.6,418.94,386.36,1.45414865,4.5972120163
850122,2024-02-19,427.43,419.05,431.81,417.2,1.20152723,3.9546170132
850122,2024-02-20,426.49,427.93,429.04,416.97,0.781628,2.5633569143
850122,2024-02-21,437.46,424.28,446.62,420.63,1.29239577,4.3872725098
850122,2024-02-22,448.33,436.19,453.32,434.04,1.0637418,3.707810565
850122,2024-02-23,455.59,446.75,456.36,441.67,1.14105024,4.0079647976
850122,2024-02-26,463.0,454.86,472.51,450.77,1.31749562,4.853327008
850122,2024-02-27,476.56,464.04,483.79,461.0,1.49908101,5.784075372799999
850122,2024-02-28,443.57,475.0,487.45,441.66,2.00182801,7.4592553288
850122,2024-02-29,455.61,440.91,455.8,437.47,1.16993647,4.1968452455000005
850122,2024-03-01,456.79,455.61,462.78,446.63,1.19688198,4.4778852226
850122,2024-03-04,449.15,455.49,458.37,443.17,0.91361213,3.3316655127
850122,2024-03-05,439.05,448.56,453.8,437.86,0.86152529,3.0495437698
850122,2024-03-06,442.08,438.48,446.46,433.86,0.70164456,2.471133415
850122,2024-03-07,440.61,441.46,450.79,438.21,0.81963106,2.8536349169
850122,2024-03-08,438.03,440.72,443.43,431.53,0.64735728,2.2582129715
850122,2024-03-11,450.98,439.37,452.11,437.3,0.92747898,3.3881791210000003
850122,2024-03-12,461.32,451.92,461.32,449.07,1.04421034,3.8679718960000002
850122,2024-03-13,456.75,461.7,464.33,452.13,0.82183761,3.0791887192000003
850122,2024-03-14,453.48,455.79,460.73,448.32,0.72711918,2.6715689159
850122,2024-03-15,461.08,451.89,461.83,450.41,0.76340501,2.8089202560000004
850122,2024-03-18,467.94,462.18,469.41,457.03,0.9638036,3.659741419
850122,2024-03-19,475.4,467.91,481.69,465.84,1.42803375,5.8597680816999995
850122,2024-03-20,491.22,474.97,505.14,470.75,2.87514836,12.8160964685
850122,2024-03-21,488.72,482.52,493.53,478.62,1.85008245,7.949026734099999
850122,2024-03-22,492.24,491.12,509.92,480.02,2.68527596,11.8811664411
850122,2024-03-25,474.67,487.57,499.22,473.03,1.88790658,8.1889861334
850122,2024-03-26,509.03,473.86,510.21,470.54,2.75033014,11.947968391400002
850122,2024-03-27,497.51,499.09,525.45,490.91,3.30548969,15.885296473299999
850122,2024-03-28,511.03,487.77,520.11,481.46,2.72196685,12.985012225699998
850122,2024-03-29,524.44,507.64,538.72,504.12,3.09959082,15.426420563699999
850122,2024-04-01,553.74,516.91,561.43,515.79,3.16458952,15.4588553727
850122,2024-04-02,530.86,552.78,574.29,525.49,3.45521566,19.4569440953
850122,2024-04-03,561.51,526.08,570.79,525.67,3.19142041,15.7199050828
850122,2024-04-08,548.52,558.63,575.57,538.5,3.11730449,17.801852154400002
850122,2024-04-09,534.94,538.93,550.24,517.98,2.498704,13.5763157473
850122,2024-04-10,533.77,526.53,550.99,510.3,2.67355774,15.167999979100001
850122,2024-04-11,533.56,522.62,549.02,519.02,2.07272849,12.297182216500001
850122,2024-04-12,512.79,530.21,542.36,508.28,2.07314645,11.442931597100001
850122,2024-04-15,470.58,495.67,500.66,463.29,1.70947868,6.0732361700999995
850122,2024-04-16,428.49,454.51,457.52,427.17,1.33631413,3.8862300833999996
850122,2024-04-17,447.71,420.19,456.82,419.79,2.02014836,9.129645199199999
850122,2024-04-18,457.58,447.79,474.78,442.68,2.26516445,10.778515736800001
850122,2024-04-19,456.02,452.99,468.81,441.65,1.98065451,9.4806543424
850122,2024-04-22,440.74,443.64,452.51,426.19,1.58488521,6.9683379975
850122,2024-04-23,433.65,439.97,444.39,430.45,1.1284157,4.8952582225
850122,2024-04-24,439.96,434.62,443.54,432.2,0.98083158,4.2022994994
850122,2024-04-25,437.41,438.84,446.95,433.89,1.00477384,4.23584274
850122,2024-04-26,435.92,432.5,438.85,426.94,1.32434675,5.1127202854
850122,2024-04-29,453.5,434.06,454.28,431.99,1.6193207,6.0296135155999995
850122,2024-04-30,444.41,451.88,458.46,440.14,1.33478215,5.4142046080999995
850122,2024-05-06,457.83,449.09,462.9,446.78,1.42710738,5.81222842
850122,2024-05-07,455.87,458.63,462.18,451.14,0.98699286,4.1092402834
850122,2024-05-08,457.05,455.68,464.73,451.54,1.38927832,6.300737336699999
850122,2024-05-09,461.59,457.03,465.01,453.42,1.22207409,5.2354459862
850122,2024-05-10,454.16,462.96,468.74,452.86,1.27191343,5.4888931633
850122,2024-05-13,437.1,450.69,452.79,434.66,1.27362818,5.175938825
850122,2024-05-14,446.83,440.16,451.37,436.37,0.8997666,3.4055070125
850122,2024-05-15,440.0,447.82,450.11,438.5,0.68142775,2.7089343169999998
850122,2024-05-16,450.8,440.75,457.68,440.38,1.20094361,4.982228171
850122,2024-05-17,452.5,450.4,454.78,444.29,0.83019323,3.22846158
850122,2024-05-20,450.76,450.05,457.68,447.56,0.90257397,3.499677362
850122,2024-05-21,445.44,449.82,452.29,441.25,0.78115835,2.9429795885
850122,2024-05-22,445.84,444.25,450.16,442.37,0.61136663,2.2625196616
850122,2024-05-23,433.44,444.87,445.65,430.19,0.8515054,3.0046002814999997
850122,2024-05-24,436.69,432.5,442.98,431.16,0.80986723,2.8198779556
850122,2024-05-27,432.83,436.28,438.6,425.03,0.699263,2.4733475136000003
850122,2024-05-28,422.72,431.48,432.61,421.21,0.64513155,2.1477855549
850122,2024-05-29,420.43,422.02,427.66,416.83,0.55825783,1.8517939425999999
850122,2024-05-30,414.95,419.95,422.53,413.58,0.57860299,1.9010399988999998
850122,2024-05-31,417.47,416.83,422.23,414.17,0.60200597,2.1194195509
850122,2024-06-03,409.7,419.59,426.55,403.63,1.20921174,3.9900570816000003
850122,2024-06-04,397.08,406.85,408.33,390.08,0.97520917,3.2113272324
850122,2024-06-05,383.65,396.3,396.3,382.92,0.90736103,2.8902086475999997
850122,2024-06-06,354.57,384.64,387.3,351.83,1.78828761,4.7176867016
850122,2024-06-07,371.36,356.54,377.43,356.17,1.35685018,3.5910138398
850122,2024-06-11,370.85,370.01,376.23,360.53,0.8340364,2.2860679325
850122,2024-06-12,379.37,370.23,381.07,368.56,0.6545973,1.8964155607
850122,2024-06-13,368.51,379.16,379.56,367.01,0.60572929,1.76374278
850122,2024-06-14,368.11,368.97,371.58,364.19,0.4650128,1.3034104968
850122,2024-06-17,363.17,366.58,368.11,359.96,0.47921562,1.313812074
850122,2024-06-18,367.44,364.72,369.88,362.06,0.4725649,1.3946690872999998
850122,2024-06-19,362.63,367.25,371.2,361.71,0.5667836,1.5839910119999998
850122,2024-06-20,350.71,362.47,364.4,349.02,0.72467339,1.9204835954
850122,2024-06-21,348.9,351.06,356.44,345.28,0.4911749,1.251919596
850122,2024-06-24,336.09,348.41,352.67,331.59,1.11607811,2.8364996398
850122,2024-06-25,336.68,332.48,339.91,328.77,0.76037957,1.9837139878999999
850122,2024-06-26,346.01,334.37,347.33,330.79,0.71722217,1.8844492934000001
850122,2024-06-27,337.46,346.34,350.52,336.87,0.6147935,1.618667275
850122,2024-06-28,335.9,337.08,345.39,334.42,0.58377013,1.5812064346
850122,2024-07-01,341.41,335.15,342.33,331.68,0.53979854,1.4512011636000002
850122,2024-07-02,350.79,341.55,353.1,338.54,0.82670308,2.2378790251
850122,2024-07-03,356.71,351.35,363.24,349.1,0.94093043,2.5626873494
850122,2024-07-04,337.73,354.99,355.77,337.35,0.8843402,2.37104993
850122,2024-07-05,341.87,336.81,343.78,332.59,0.58931422,1.5618252636
850122,2024-07-08,331.17,340.57,342.83,328.18,0.60869924,1.5933539768
850122,2024-07-09,330.55,331.0,335.9,318.67,0.7902999,1.9608757278
850122,2024-07-10,323.51,327.9,329.58,319.72,0.56740123,1.4979908855000001
850122,2024-07-11,339.43,329.61,341.69,326.98,0.91694023,2.3493597697
850122,2024-07-12,336.43,338.7,344.27,333.44,0.58751369,1.5114315417
850122,2024-07-15,332.04,337.02,338.76,328.87,0.47955875,1.21834637
850122,2024-07-16,332.28,331.29,337.05,326.37,0.49251098,1.2645258473999998
850122,2024-07-17,334.8,331.31,338.05,328.68,0.50895253,1.3601559517
850122,2024-07-18,331.13,332.55,333.65,325.24,0.51542601,1.34975816
850122,2024-07-19,330.18,329.78,333.39,324.3,0.49844564,1.255432662
850122,2024-07-22,334.69,329.41,336.25,325.99,0.55296558,1.4180745080000001
850122,2024-07-23,331.98,335.47,343.86,330.69,0.79380723,2.1334539575
850122,2024-07-24,324.72,331.44,335.01,323.24,0.610404,1.5887716
850122,2024-07-25,326.84,322.46,329.88,318.67,0.3854355,0.999674284
850122,2024-07-26,331.37,326.04,332.92,324.0,0.4305535,1.072425
850122,2024-07-29,331.61,332.15,334.25,327.01,0.3607143,0.93301489
850122,2024-07-30,339.8,332.18,341.86,330.83,0.71900776,1.7745152005000002
850122,2024-07-31,348.37,339.77,349.29,337.89,0.7627381,1.9830899324000002
850122,2024-08-01,346.68,347.94,352.21,343.66,0.61226604,1.622372731
850122,2024-08-02,349.22,345.01,359.54,342.72,1.03344959,3.2011111522
850122,2024-08-05,340.97,346.16,354.71,340.2,0.8410098,2.4193259682
850122,2024-08-06,353.79,344.58,354.6,342.93,0.85888034,2.5034828452
850122,2024-08-07,348.61,352.44,353.58,344.82,0.64938315,1.838228901
850122,2024-08-08,363.22,348.18,371.25,346.13,1.66396233,4.9062604094
850122,2024-08-09,353.56,358.71,362.32,350.87,1.19381887,3.3810596116000005
850122,2024-08-12,344.18,353.37,355.84,341.89,0.7636536,2.1159798702
850122,2024-08-13,343.61,343.4,346.65,338.08,0.57406665,1.57715794
850122,2024-08-14,345.95,345.52,352.31,341.33,0.71202973,2.1328038925999997
850122,2024-08-15,350.09,342.89,353.34,340.82,0.8639994,2.4184898679
850122,2024-08-16,341.89,350.49,351.27,341.7,0.711002,2.00483748
850122,2024-08-19,350.16,340.35,353.38,336.78,1.12541961,3.2009463592
850122,2024-08-20,340.48,347.96,349.3,338.28,0.7342229,2.0401057068
850122,2024-08-21,336.74,340.48,342.7,333.36,0.53982661,1.4630756969999998
850122,2024-08-22,345.47,336.55,350.47,333.16,1.14599954,3.2045657126
850122,2024-08-23,343.41,339.16,351.32,334.79,1.27039529,3.6163572938
850122,2024-08-26,344.95,341.1,351.28,337.98,0.92489607,2.63944322
850122,2024-08-27,337.56,344.14,349.38,336.03,0.69120605,1.9557346199
850122,2024-08-28,332.93,337.51,341.74,324.46,0.72622328,1.8559356513999998
850122,2024-08-29,332.15,331.96,335.03,326.99,0.53359801,1.3472041355000002
850122,2024-08-30,358.4,336.63,366.05,335.24,2.36538962,6.9080524979
850122,2024-09-02,350.08,356.95,360.88,348.19,1.46330844,4.0937757762
850122,2024-09-03,351.74,351.47,353.62,346.76,0.80363474,2.1885422868
850122,2024-09-04,346.39,349.67,355.02,344.88,0.70756876,1.9713472859999999
850122,2024-09-05,355.53,345.87,360.41,344.29,0.99976472,2.3676713556
850122,2024-09-06,346.49,353.25,355.74,344.84,0.83110202,1.9163741803999998
850122,2024-09-09,350.42,343.66,353.03,340.27,0.74912475,2.070758788
850122,2024-09-10,362.65,350.02,365.17,345.12,1.42908675,3.3454142955
850122,2024-09-11,353.6,362.6,364.65,350.99,1.36007436,2.84010589
850122,2024-09-12,352.28,355.49,358.55,350.26,0.75245406,1.7148237
850122,2024-09-13,351.34,351.76,356.57,347.41,0.76888952,1.81356431
850122,2024-09-18,347.01,350.94,358.57,340.37,0.88593906,2.4366781
850122,2024-09-19,359.21,348.56,362.03,347.03,1.17484906,3.24662847
850122,2024-09-20,357.63,358.26,363.28,351.06,1.107699,3.25777906
850122,2024-09-23,353.9,355.48,356.83,350.91,0.74230173,2.0906131876
850122,2024-09-24,365.68,354.68,366.6,353.57,1.27044646,3.3374092724
850122,2024-09-25,369.1,367.38,378.78,366.79,1.48363481,4.0900458302
850122,2024-09-26,390.23,369.45,393.41,367.57,2.35019432,6.5797686639999995
850122,2024-09-27,404.69,393.81,410.16,386.81,2.31382242,6.8594149739
850122,2024-09-30,448.42,419.06,452.25,407.0,3.50514215,11.63170983
850122,2024-10-08,474.55,503.82,505.11,447.31,3.89403192,14.4186161543
850122,2024-10-09,417.73,460.98,461.75,416.74,2.53982591,8.7590519542
850122,2024-10-10,425.07,418.95,438.57,416.9,1.87042988,6.4037641379
850122,2024-10-11,408.51,424.82,426.86,401.75,1.41466381,4.6243980402
850122,2024-10-14,416.31,409.43,418.0,404.6,1.15816684,3.8181261301
850122,2024-10-15,413.04,412.87,425.95,408.32,1.34289247,4.6380885
850122,2024-10-16,410.46,407.62,415.41,403.97,0.98679731,3.2011201738
850122,2024-10-17,403.28,412.35,416.61,402.17,0.91493316,2.8314791294
850122,2024-10-18,411.1,403.63,416.87,398.31,1.25699567,4.0681256711
850122,2024-10-21,429.43,415.53,434.46,412.7,1.92191923,6.2084928931
850122,2024-10-22,440.6,427.07,443.73,424.24,1.76273729,6.3031810659000005
850122,2024-10-23,437.88,438.22,450.06,434.52,1.53366247,5.6132273202
850122,2024-10-24,435.74,434.59,445.26,430.51,1.01913442,3.439413136
850122,2024-10-25,439.13,434.56,444.97,431.45,1.27675839,4.1203105523
850122,2024-10-28,460.09,438.56,460.47,437.43,1.92558965,6.679648283200001
850122,2024-10-29,438.73,455.9,458.54,436.89,1.92853695,6.574937100900001
850122,2024-10-30,447.69,435.1,449.66,432.14,1.51900679,4.7393369298
850122,2024-10-31,460.72,446.51,463.47,443.87,1.75367079,5.6371491511
850122,2024-11-01,482.62,461.0,507.82,454.64,4.74900294,15.6459394929
850122,2024-11-04,476.65,476.47,489.12,452.95,3.64471134,11.5218021192
850122,2024-11-05,496.23,473.98,499.98,472.5,4.25985539,13.353945444
850122,2024-11-06,498.7,493.03,508.46,483.04,3.91108915,13.320723317
850122,2024-11-07,563.58,499.29,565.27,489.04,4.41998179,16.3199198995
850122,2024-11-08,584.75,589.72,622.11,566.72,8.57273964,37.696419028
850122,2024-11-11,556.85,560.1,582.04,540.36,5.04039598,19.5997703593
850122,2024-11-12,551.85,551.69,577.63,538.33,3.99574383,16.1704717476
850122,2024-11-13,529.14,541.18,549.64,517.6,2.98855929,11.404998079
850122,2024-11-14,505.98,525.93,529.16,503.86,2.20668621,8.0555076739
850122,2024-11-15,497.4,505.53,516.91,495.35,1.88158772,7.1352978322
850122,2024-11-18,496.38,498.13,517.86,482.83,2.32226423,7.792533746799999
850122,2024-11-19,500.22,495.49,502.79,482.62,1.69959647,5.8200074149
850122,2024-11-20,514.58,498.8,521.01,493.01,2.06932772,7.535715817000001
850122,2024-11-21,513.07,510.57,520.27,505.41,1.59204046,5.8927336803
850122,2024-11-22,486.59,512.78,515.87,485.43,1.86539872,6.6808044513
850122,2024-11-25,504.17,492.39,507.65,481.63,1.53512894,5.5961915276
850122,2024-11-26,529.45,510.86,541.02,507.12,2.93786105,11.4054767917
850122,2024-11-27,526.8,531.27,544.3,495.73,3.34146557,12.805236974400001
850122,2024-11-28,540.06,521.65,547.88,517.32,3.33518695,13.26247782
850122,2024-11-29,545.47,533.75,554.56,526.72,3.28168194,12.5982665123
850122,2024-12-02,566.84,547.11,583.45,542.14,3.88274719,15.4502378331
850122,2024-12-03,553.55,559.11,570.01,545.94,2.98220335,11.6108742669
850122,2024-12-04,557.64,547.58,587.72,541.6,3.4995132,14.1892943474
850122,2024-12-05,568.59,552.29,581.98,538.13,3.64295275,14.6092215452
850122,2024-12-06,582.43,560.38,601.95,555.13,4.48553013,17.3409979919
850122,2024-12-09,591.08,579.03,608.03,567.43,4.19953598,17.9867673329
850122,2024-12-10,582.51,612.59,633.82,579.28,4.76386808,21.2456626823
850122,2024-12-11,607.37,581.75,618.33,576.81,4.31911936,18.1311526926
850122,2024-12-12,635.31,604.8,649.91,594.88,5.35145671,23.8610902602
850122,2024-12-13,606.2,623.86,633.36,602.41,4.29350361,18.6393965906
850122,2024-12-16,606.22,602.57,623.16,592.98,2.83827119,12.216648581400001
850122,2024-12-17,559.04,603.65,604.81,556.34,3.06050506,12.3028810246
850122,2024-12-18,546.3,557.01,562.08,540.43,1.96572364,7.624689789
850122,2024-12-19,536.66,540.46,548.82,525.29,1.69965831,6.2408018071
850122,2024-12-20,541.73,539.54,552.37,536.97,1.46337528,5.8349201637
850122,2024-12-23,501.45,539.02,540.15,497.85,2.02529661,7.646305555800001
850122,2024-12-24,498.0,500.37,507.89,481.6,1.657267,5.9669699200999995
850122,2024-12-25,482.4,496.58,500.65,472.13,1.43545375,5.0094627383
850122,2024-12-26,488.64,485.6,497.19,479.81,1.16818275,4.0979170862
850122,2024-12-27,507.67,489.23,515.68,483.69,1.80246012,6.4835990759
850122,2024-12-30,489.25,503.64,504.61,483.39,1.28730148,4.4895502216
850122,2024-12-31,478.51,488.36,499.7,477.75,1.15523132,4.0899747648
850122,2025-01-02,485.91,476.98,500.76,475.28,1.73431876,5.9212011678
850122,2025-01-03,449.87,486.47,490.05,447.18,1.74710997,5.6352983524
850122,2025-01-06,451.1,447.89,456.56,429.17,1.14173248,3.50466555
850122,2025-01-07,459.2,451.68,459.38,446.29,0.8950212,2.8433908189999997
850122,2025-01-08,475.21,457.66,488.83,452.84,2.07084107,7.817384838400001
850122,2025-01-09,471.58,468.83,478.56,461.86,1.47776234,5.5757068187
850122,2025-01-10,452.86,472.5,474.62,452.67,1.12668502,3.9592198208
850122,2025-01-13,461.52,464.33,474.99,450.1,1.4239778,5.4239142027
850122,2025-01-14,483.09,458.72,484.41,457.26,1.68406624,6.077843275399999
850122,2025-01-15,481.75,481.56,491.43,475.3,1.33720439,5.0454254377
850122,2025-01-16,492.75,483.85,500.67,479.68,1.7089184,6.45305985
850122,2025-01-17,478.53,485.66,489.24,475.56,1.28179408,4.8537848878
850122,2025-01-20,481.21,481.59,488.21,469.01,1.10961762,4.10277394
850122,2025-01-21,470.47,479.82,484.39,466.86,0.94633178,3.3119481906
850122,2025-01-22,462.7,468.7,469.67,459.82,0.58504119,1.9821796341999998
850122,2025-01-23,458.5,466.72,478.22,458.13,0.89405887,3.0303445974
850122,2025-01-24,464.78,460.67,467.49,455.18,0.87706506,2.8780522410000002
850122,2025-01-27,456.94,469.4,474.72,456.35,0.75208568,2.4680056179
850122,2025-02-05,455.29,456.15,459.6,448.5,0.80705749,2.6766317005
850122,2025-02-06,462.17,456.42,462.55,447.02,1.06452974,3.4741119001999996
850122,2025-02-07,469.6,460.07,476.24,459.16,1.25994351,4.1814587802
850122,2025-02-10,482.34,469.97,482.71,469.01,1.18768237,4.0002190113
850122,2025-02-11,474.33,483.26,487.19,470.91,0.91495973,3.065278696
850122,2025-02-12,473.23,473.72,476.4,465.45,0.91200498,2.9980079824
850122,2025-02-13,477.26,471.93,486.98,469.65,1.60385952,5.603295939600001
850122,2025-02-14,467.97,476.08,478.81,465.71,1.21436688,4.0182868692
850122,2025-02-17,479.39,468.72,483.0,464.58,1.41343692,4.8159075872
850122,2025-02-18,461.27,477.48,482.45,460.16,1.34055167,4.4983829851
850122,2025-02-19,466.43,459.72,467.21,457.86,0.83496897,2.7904532088
850122,2025-02-20,467.82,465.51,470.88,462.12,0.78203339,2.6455599029
850122,2025-02-21,462.07,467.46,469.56,457.13,0.98260663,3.322279478
850122,2025-02-24,475.96,468.65,486.86,468.08,2.31809462,7.6615025165
850122,2025-02-25,467.39,470.62,478.08,465.1,1.21689391,4.0258448612
850122,2025-02-26,471.7,466.25,475.57,465.13,1.00661267,3.2939503229000002
850122,2025-02-27,479.62,471.89,486.4,468.69,1.77945359,6.0341117964999995
850122,2025-02-28,464.7,476.91,483.98,463.55,1.58931594,5.437525226
850122,2025-03-03,462.96,466.83,470.76,458.98,1.01843992,3.3433673068000003
850122,2025-03-04,464.4,460.65,464.98,453.94,0.78056675,2.6102164452000003
850122,2025-03-05,464.59,464.63,472.5,457.78,0.90143032,3.0637905186000003
850122,2025-03-06,466.12,464.59,468.16,457.69,1.03968259,3.5083263732999996
850122,2025-03-07,458.06,464.58,465.36,455.96,0.85958499,2.8212919547000004
850122,2025-03-10,460.93,460.79,464.58,456.36,0.61479951,2.0706004523
850122,2025-03-11,463.03,456.36,463.4,452.36,0.77837188,2.7257611912
850122,2025-03-12,470.77,462.84,476.19,460.15,1.56407921,5.4290264038
850122,2025-03-13,476.62,468.46,478.69,459.32,1.78175871,6.108513606900001
850122,2025-03-14,494.5,482.16,503.35,478.27,3.14651574,11.302805324400001
850122,2025-03-17,513.77,496.58,527.31,495.4,3.28012759,12.0184208294
850122,2025-03-18,510.83,516.17,528.49,504.64,3.90650072,12.3829497774
850122,2025-03-19,498.51,508.56,512.86,494.02,2.30102711,7.1780270029999995
850122,2025-03-20,514.15,498.55,526.25,493.17,3.3259811,11.259996299900001
850122,2025-03-21,537.78,510.44,552.66,507.65,5.75966065,19.5477120447
850122,2025-03-24,505.74,530.05,531.18,496.62,3.89156662,12.3197385725
850122,2025-03-25,492.85,504.09,508.45,486.91,2.17222504,6.6964763110000005
850122,2025-03-26,495.55,489.68,504.02,486.0,1.71686383,5.5883074907
850122,2025-03-27,485.26,493.27,497.72,479.71,1.6269108,5.1447661394
850122,2025-03-28,468.97,486.19,487.73,468.23,1.50971071,4.7083230160000005
850122,2025-03-31,463.2,465.89,467.84,455.26,1.15071191,3.4831013286
850122,2025-04-01,468.53,464.41,473.37,462.31,0.96068111,3.0000632935000002
850122,2025-04-02,460.91,467.91,469.28,460.73,0.76830709,2.3034389856
850122,2025-04-03,467.97,456.13,471.25,456.13,0.988849,3.016588291
850122,2025-04-07,426.34,453.93,469.24,413.5,2.88613072,8.1570114223
850122,2025-04-08,473.77,425.81,477.31,425.81,3.55884024,10.772727496
850122,2025-04-09,473.98,463.64,482.24,438.81,3.15875885,9.5790906609
850122,2025-04-10,496.03,466.27,510.64,462.36,3.69702706,12.100399310699999
850122,2025-04-11,480.16,487.74,494.83,477.03,2.42533877,8.5267734023
850122,2025-04-14,490.75,481.6,500.34,479.07,2.26391534,7.845261896599999
850122,2025-04-15,482.61,487.1,492.18,476.59,1.60114875,5.2858739979000005
850122,2025-04-16,479.78,479.56,487.67,465.8,1.82317855,6.0947498262
850122,2025-04-17,478.85,475.32,486.33,468.9,1.35704318,4.698818769
850122,2025-04-18,466.28,475.75,482.2,462.88,1.33238903,4.494733256
850122,2025-04-21,465.82,465.83,469.45,460.0,0.94372926,3.0279289916
850122,2025-04-22,465.24,465.62,474.02,460.37,1.00271354,3.099291
850122,2025-04-23,457.75,465.8,468.78,454.29,1.18522797,3.7335202751999996
850122,2025-04-24,467.04,457.9,479.73,455.03,2.48680114,6.64181817
850122,2025-04-25,458.22,462.0,466.92,455.26,1.76709084,4.7528733569999995
850122,2025-04-28,444.67,456.09,459.59,440.63,1.31023679,3.7182158982
850122,2025-04-29,450.47,447.72,456.39,445.07,0.95366412,2.9622724881
850122,2025-04-30,453.25,449.58,458.98,449.05,0.77423993,2.3529663974
850122,2025-05-06,464.93,456.53,465.46,454.9,0.94520298,2.8528312163
850122,2025-05-07,471.93,469.2,474.58,464.47,1.24634953,3.8847464583
850122,2025-05-08,476.94,470.26,478.27,464.8,1.23231483,3.8153309789999996
850122,2025-05-09,470.62,476.94,479.01,469.03,0.85361812,2.7112602838
850122,2025-05-12,471.08,472.74,475.33,466.16,0.74668051,2.3222306827000003
850122,2025-05-13,471.34,474.2,482.22,468.86,1.0153068,3.1533961498000003
850122,2025-05-14,475.01,470.47,475.91,466.46,0.85153056,2.6178508136
850122,2025-05-15,488.33,474.47,494.31,472.62,2.20198692,7.2828163042
850122,2025-05-16,476.37,488.39,489.33,472.2,1.43588843,4.7835807198
850122,2025-05-19,484.71,474.95,485.84,472.23,1.15647128,3.8338466330000003
850122,2025-05-20,489.76,485.58,491.55,481.34,1.10416548,3.6734203572000004
850122,2025-05-21,482.85,488.07,495.83,481.07,0.92875694,2.9733168648
850122,2025-05-22,475.03,481.9,485.24,473.5,0.92653968,2.9612534157
850122,2025-05-23,467.82,476.38,480.56,465.17,0.91202135,3.007822794
850122,2025-05-26,474.11,467.57,478.88,464.31,0.72186406,2.4935915445
850122,2025-05-27,482.01,473.81,484.78,472.95,1.00875688,3.3733263260000004
850122,2025-05-28,480.61,481.54,484.93,474.79,0.82286923,2.8588019326999996
850122,2025-05-29,482.81,478.7,484.68,475.44,0.79811107,2.621841732
850122,2025-05-30,480.66,481.87,493.36,476.66,1.48006207,5.24049414
850122,2025-06-03,490.27,475.35,493.16,472.3,1.37854451,5.0919239066
850122,2025-06-04,499.37,489.45,500.94,485.52,1.63073353,5.7870169237
850122,2025-06-05,487.56,500.43,503.26,484.33,1.30114784,4.6274250345
850122,2025-06-06,486.6,488.43,492.21,483.15,0.83124217,3.0287446231999997
850122,2025-06-09,491.63,487.75,494.43,485.22,0.85813636,3.0358175470999997
850122,2025-06-10,488.47,492.62,495.96,480.19,1.08238954,3.7482960833999996
850122,2025-06-11,491.05,486.45,495.41,485.93,0.95725736,3.24576322
850122,2025-06-12,485.88,488.98,490.38,480.06,0.81374631,2.7689479898
850122,2025-06-13,477.42,484.08,488.05,475.62,1.0140902,3.51629646
850122,2025-06-16,479.3,475.79,481.64,472.32,0.66549003,2.3222662441
850122,2025-06-17,482.41,484.39,495.46,479.85,1.23650998,4.4694675
850122,2025-06-18,474.83,482.41,485.24,473.05,0.89697124,3.1267088668
850122,2025-06-19,466.31,474.54,478.83,463.86,0.85464538,2.8440794029000003
850122,2025-06-20,464.17,466.56,473.91,462.37,0.597003,2.04484684
850122,2025-06-23,470.9,462.57,472.11,457.92,0.5669347,1.90625343
850122,2025-06-24,477.73,470.21,478.41,468.67,0.66112569,2.2613876584
850122,2025-06-25,479.0,477.94,481.74,472.87,0.71514561,2.4049475852
850122,2025-06-26,483.64,479.18,487.15,477.11,0.98771168,3.2405502277999996
850122,2025-06-27,486.05,485.01,492.4,481.52,0.9087332,3.2879330964999998
850122,2025-06-30,487.03,498.77,500.17,484.91,0.97028825,3.4577950544
850122,2025-07-01,486.73,486.77,491.01,482.1,0.75970575,2.6933206343
850122,2025-07-02,548.18,502.14,551.77,495.45,7.10758474,26.7342403985
850122,2025-07-03,519.37,538.68,541.68,512.24,6.19855694,22.5872281989
850122,2025-07-04,513.38,519.28,528.52,506.53,3.97840349,14.6490567122
850122,2025-07-07,508.65,508.42,512.88,499.92,2.29849295,8.1279352466
850122,2025-07-08,513.59,509.85,514.75,504.66,2.00958779,7.2352474978
850122,2025-07-09,506.98,512.38,513.97,504.86,1.81002561,6.43984518
850122,2025-07-10,508.67,507.21,514.06,503.01,1.46397138,5.1110998963
850122,2025-07-11,510.11,509.88,514.09,506.14,1.40507616,4.8947801921
850122,2025-07-14,508.58,510.54,512.6,506.04,1.05861421,3.777889146
850122,2025-07-15,503.11,508.31,517.85,497.84,1.8649148,6.8516439988
850122,2025-07-16,507.52,506.14,512.52,502.17,1.11907723,4.2847638529
850122,2025-07-17,508.96,507.32,515.51,505.36,1.14113049,4.3026369913
850122,2025-07-18,514.65,510.17,517.27,507.1,1.52750599,5.7712203396
850122,2025-07-21,521.67,515.12,524.01,511.12,1.62349325,5.8295352791
850122,2025-07-22,521.74,522.83,525.86,513.48,1.52406411,5.4266201691
850122,2025-07-23,516.41,521.1,526.15,514.77,1.31204053,4.6672996586
850122,2025-07-24,526.32,516.15,527.66,514.76,1.82725438,6.6304444987
850122,2025-07-25,524.53,529.16,533.73,520.94,1.34295041,5.0920912688
850122,2025-07-28,527.48,524.52,532.35,521.04,1.22330249,4.6585572404
850122,2025-07-29,525.69,527.95,530.92,517.42,1.24031808,4.5054607394
850122,2025-07-30,541.63,524.92,551.39,521.51,3.22366934,12.6952916099
850122,2025-07-31,517.51,533.51,535.78,515.65,2.42324996,9.2141633083
850122,2025-08-01,519.25,516.86,524.36,515.43,1.08828188,4.218291876
850122,2025-08-04,519.92,517.41,522.66,511.85,0.90419297,3.4728612712
850122,2025-08-05,524.09,520.52,526.58,519.42,0.93274215,3.6144475262
850122,2025-08-06,524.25,526.44,529.54,519.51,0.95410788,3.6725044594
850122,2025-08-07,522.37,524.69,526.8,519.61,0.79923741,3.0956628127999997
850122,2025-08-08,526.22,522.53,529.33,518.27,1.0661341,4.2040892849
850122,2025-08-11,530.98,527.81,535.23,524.33,1.13284983,4.2514001858
850122,2025-08-12,527.95,531.15,537.03,525.13,0.97673448,3.7696913331
850122,2025-08-13,525.41,531.01,531.44,522.2,0.97946071,3.7751977616000003
850122,2025-08-14,514.57,525.41,527.67,514.57,1.24739779,4.7038973786
850122,2025-08-15,524.77,516.65,531.27,514.6,1.58868305,6.1316071044000005
850122,2025-08-18,531.41,525.92,537.92,523.6,1.73559883,6.7541268492999995
850122,2025-08-19,540.3,531.76,552.2,529.89,2.03911284,8.6673238789
850122,2025-08-20,544.7,539.79,547.18,536.1,1.6152032,6.4918935494
850122,2025-08-21,550.48,545.94,556.66,538.16,2.02272525,8.4010722882
850122,2025-08-22,544.03,550.62,555.45,537.67,1.70836552,7.1104037871
850122,2025-08-25,544.63,543.51,548.57,535.84,1.65575452,6.6239290043
850122,2025-08-26,544.43,544.15,550.56,539.79,1.383032,5.3847380574
850122,2025-08-27,527.66,546.41,548.41,527.66,1.66620502,6.3681062106
850122,2025-08-28,512.44,515.22,526.85,497.35,2.64656751,9.5525255842
850122,2025-08-29,511.75,511.24,520.65,507.2,1.40561412,5.2216977293
850122,2025-09-01,516.35,512.99,521.93,505.95,1.2661287,4.7446609647
850122,2025-09-02,514.25,516.3,519.82,507.38,1.30917927,4.6461911875
850122,2025-09-03,502.07,514.44,517.1,498.54,1.11966563,4.0154362826
850122,2025-09-04,513.74,503.37,522.57,499.86,2.29078404,7.3844348647
850122,2025-09-05,517.63,515.68,520.17,502.07,1.71725233,5.691526726499999
850122,2025-09-08,522.08,516.46,527.15,514.57,1.29794366,4.398864
850122,2025-09-09,525.24,522.28,528.6,518.82,1.53782814,5.0609271907
850122,2025-09-10,531.1,524.75,532.06,520.55,1.35709443,4.5203802838
850122,2025-09-11,529.03,530.37,533.79,521.53,1.29739395,4.493929115799999
850122,2025-09-12,529.62,528.75,534.91,524.66,1.29547127,4.365823535
850122,2025-09-15,542.16,546.17,562.55,535.73,2.82282543,10.5658305982
850122,2025-09-16,541.39,542.16,545.5,532.61,1.92959498,6.9483008424
850122,2025-09-17,532.66,540.17,542.97,529.81,1.46332852,5.2894722671
850122,2025-09-18,522.46,532.19,537.95,517.94,1.61604417,5.7959043308
850122,2025-09-19,512.35,523.63,524.09,509.06,1.22664598,4.2427670491
850122,2025-09-22,508.27,514.43,518.51,504.32,0.993907,3.480229778
850122,2025-09-23,495.26,505.78,506.25,484.28,1.33517638,4.4865115156
850122,2025-09-24,498.35,493.74,501.13,489.42,0.91930141,3.0144442042
850122,2025-09-25,491.72,498.08,501.03,489.39,0.92594714,3.0583690546
850122,2025-09-26,492.7,491.19,499.36,485.68,0.9045266,3.0199227236
850122,2025-09-29,494.77,492.95,496.39,479.41,0.96468181,3.1980009430000003
850122,2025-09-30,494.83,497.99,501.19,492.39,0.80200048,2.8083380058999996
850122,2025-10-09,492.35,493.81,495.87,486.49,0.89870789,3.0185689597000005
850122,2025-10-10,497.68,494.67,505.2,491.37,1.1166983,3.7088459616000002
850122,2025-10-13,501.05,488.66,503.32,482.41,0.96212397,3.3968601966
850122,2025-10-14,504.91,500.65,510.07,498.96,1.16420022,4.146488917799999
850122,2025-10-15,506.25,504.7,509.7,499.17,0.86626432,3.2324566518999998
850122,2025-10-16,496.7,506.86,512.95,494.25,1.07986769,4.1664551498
850122,2025-10-17,490.76,496.63,500.72,488.72,0.89721858,3.2375199598
850122,2025-10-20,496.09,493.5,497.58,489.19,0.70160823,2.4228113277000003
850122,2025-10-21,508.71,495.33,510.34,492.59,1.17640562,4.1291501918
850122,2025-10-22,507.01,508.18,513.61,504.36,0.92039335,3.31073291
850122,2025-10-23,506.68,505.79,509.05,500.85,0.7423431,2.6293732159
850122,2025-10-24,501.34,509.17,510.21,499.71,0.82443092,2.8677947744
850122,2025-10-27,497.96,501.58,504.67,493.86,0.88840921,3.15398575
850122,2025-10-28,499.03,498.48,502.5,494.31,0.66273586,2.365278884
850122,2025-10-29,495.79,497.32,499.4,486.8,0.87599675,2.9569302803
850122,2025-10-30,486.84,493.92,496.54,484.19,0.86466406,2.9267317024
850122,2025-10-31,496.08,488.16,499.93,484.71,1.03818172,3.8271707053
850122,2025-11-03,502.24,497.19,504.24,495.61,0.87968491,3.12035831
850122,2025-11-04,505.93,502.7,508.73,499.05,0.96521476,3.1557751648
850122,2025-11-05,511.99,505.17,514.79,502.6,1.00315394,3.4051072617
850122,2025-11-06,509.48,511.64,515.1,503.93,0.90942964,3.34147264
850122,2025-11-07,513.51,508.61,517.01,505.9,0.84821873,3.3253657404
850122,2025-11-10,521.43,514.04,526.31,509.61,1.25324638,4.6918281391
850122,2025-11-11,529.74,522.16,531.76,516.9,1.27555428,4.4970501043
850122,2025-11-12,526.45,529.15,532.69,522.42,0.98783423,3.5019651352
850122,2025-11-13,530.84,525.64,531.95,517.22,1.1791776,4.0843365380000005
850122,2025-11-14,542.79,529.3,559.14,527.95,2.58937796,9.6493787188
850122,2025-11-17,572.1,612.87,614.97,568.58,8.84713248,36.884882474499996
850122,2025-11-18,580.0,565.88,586.08,541.49,7.0261928,27.566607495
850122,2025-11-19,659.26,592.74,659.26,577.96,8.80448524,38.297727741399996
850122,2025-11-20,602.1,675.75,699.7,595.75,10.90490143,49.6648897519
850122,2025-11-21,606.8,569.5,648.55,565.43,9.43303355,41.3388103366
850122,2025-11-24,631.31,573.35,645.84,570.42,8.51456617,37.287426931599995
850122,2025-11-25,583.74,607.78,612.41,560.51,6.91791071,28.414998475300003
850122,2025-11-26,547.45,571.96,575.5,542.72,5.45542572,21.0823016075
850122,2025-11-27,547.33,543.48,555.14,529.61,3.55692722,13.705566492200001
850122,2025-11-28,547.31,540.88,549.39,532.8,2.82600282,10.8329361381
850122,2025-12-01,554.0,544.66,561.76,540.03,3.12175493,12.3794673553
850122,2025-12-02,560.76,548.96,568.3,540.02,3.7160467,14.6139371377
850122,2025-12-03,576.96,555.79,581.77,551.5,5.2788976,19.0676077012
850122,2025-12-04,562.28,577.29,595.28,558.21,6.69687147,24.061757888400003
850122,2025-12-05,577.32,563.17,582.37,546.25,5.47248031,19.401615245
850122,2025-12-08,572.48,578.13,583.87,567.73,3.42547161,12.528662580999999
850122,2025-12-09,570.78,583.98,594.78,563.69,3.75038295,14.338473557
850122,2025-12-10,563.3,566.24,579.88,556.88,3.1276849,11.5940533532
850122,2025-12-11,536.45,562.5,563.2,533.75,3.28644682,11.2214230161
850122,2025-12-12,538.22,533.87,548.59,528.11,2.26619927,8.0402864267
850122,2025-12-15,542.57,534.94,548.84,531.3,1.84114999,6.6005721379999995
850122,2025-12-16,529.95,541.06,550.87,525.58,2.0778517,7.422801825700001
850122,2025-12-17,523.33,529.95,533.39,512.02,2.04716724,6.9885504603
850122,2025-12-18,526.16,520.32,537.85,518.02,1.65288422,6.0229853471000006
850122,2025-12-19,541.83,527.79,544.93,522.81,2.3918099,8.1851167864
850122,2025-12-22,544.34,541.39,548.01,535.22,1.53057642,5.6135318889
850122,2025-12-23,534.4,542.7,556.12,533.29,1.57058169,5.6463233742
850122,2025-12-24,541.37,551.13,561.89,532.51,4.05884339,13.714254607400001
850122,2025-12-25,541.88,534.1,548.43,526.99,3.36093188,11.565958669
850122,2025-12-26,534.53,540.22,542.15,531.23,2.39510031,8.1872539087
850122,2025-12-29,519.77,531.25,532.89,516.58,2.0421806,7.060807584
850122,2025-12-30,511.67,517.81,520.55,507.07,1.56003879,5.3415699151
850122,2025-12-31,517.94,513.39,524.01,504.71,1.62042341,6.0441500037
850122,2026-01-05,527.21,515.85,532.99,512.4,1.82245391,7.6286305759
850122,2026-01-06,535.21,529.23,542.03,523.55,1.80207487,6.9820204811
850122,2026-01-07,554.47,540.81,558.85,533.15,3.91575976,14.856155126400001
850122,2026-01-08,555.2,546.3,559.66,541.84,2.62131132,10.6021477561
850122,2026-01-09,575.08,555.55,580.52,549.19,3.99682738,15.8347968245
850122,2026-01-12,582.97,569.17,585.42,563.09,3.30531486,13.188515513399999
850122,2026-01-13,560.23,578.82,580.19,556.91,2.68919539,10.8456178113
850122,2026-01-14,560.52,571.6,582.47,551.97,3.18908712,14.0995856299
850122,2026-01-15,543.0,557.22,561.86,539.86,2.1030901,8.5703440659
850122,2026-01-16,549.22,546.26,561.05,535.6,2.01912411,9.5959948044
850122,2026-01-19,559.02,547.38,562.34,543.83,1.60393633,7.206270892
850122,2026-01-20,557.69,557.75,568.09,552.57,1.56430707,6.6346223958
850122,2026-01-21,559.1,555.91,562.4,549.34,1.26902574,5.4565020924
850122,2026-01-22,566.77,559.8,571.35,556.02,1.63639045,6.3304776513
850122,2026-01-23,568.81,574.08,579.41,560.27,1.97267934,8.910359702000001
850122,2026-01-26,555.65,564.21,567.81,547.53,1.76522093,7.257224546000001
850122,2026-01-27,545.83,554.53,555.65,536.0,1.46789655,5.777859482
850122,2026-01-28,548.34,544.49,553.0,541.11,1.20802227,4.6886702863
850122,2026-01-29,560.44,547.76,561.8,542.02,2.02834264,8.110258709
850122,2026-01-30,572.48,558.84,587.36,553.41,4.79924761,18.5227742411
850122,2026-02-02,546.54,565.61,571.95,538.79,3.05115615,11.5114224577
850122,2026-02-03,549.81,552.73,557.08,542.0,1.72573303,6.5125702339
850122,2026-02-04,560.51,553.71,563.73,546.36,1.827593,6.7538664029
850122,2026-02-05,556.24,558.84,566.8,551.29,1.5564446,5.79485883
850122,2026-02-06,560.26,555.1,568.98,549.12,1.79061833,6.667105245499999
850122,2026-02-09,572.42,568.28,582.08,565.49,2.23154093,9.0747572086
850122,2026-02-10,574.45,572.14,585.08,560.06,2.36335071,9.4464441523
850122,2026-02-11,563.56,572.84,574.31,560.19,1.51343883,5.912501477899999
850122,2026-02-12,551.7,564.06,567.94,547.59,1.8278455,6.80384848
850122,2026-02-13,558.04,556.26,574.94,551.4,2.34786431,9.3289608654
850122,2026-02-24,566.01,559.41,571.99,552.33,2.03972462,8.1081521677
850122,2026-02-25,571.84,566.68,583.14,564.17,2.00868796,7.6790082509
850122,2026-02-26,556.11,572.3,576.8,554.64,1.81568351,6.8910312496
850122,2026-02-27,557.46,557.01,564.56,549.15,1.39707324,5.510441276
850122,2026-03-02,539.45,549.85,554.53,531.53,2.03664289,7.6855035340999995
850122,2026-03-03,532.06,541.07,548.95,529.82,1.91323779,6.9906218488
850122,2026-03-04,535.19,535.52,546.58,527.02,1.93991941,7.3488558739
850122,2026-03-05,530.88,534.42,539.9,525.84,1.54659846,5.7448985249
850122,2026-03-06,543.75,528.91,544.41,523.32,1.64259704,5.8450968557000005
850122,2026-03-09,540.15,543.96,550.3,533.15,1.4523999,5.3367172699
850122,2026-03-10,543.0,539.23,547.27,536.39,1.23208505,4.641119314
850122,2026-03-11,539.25,541.81,544.51,533.9,1.07628447,3.9689781589999997
850122,2026-03-12,534.05,536.54,541.69,530.47,1.29685092,4.4103843507
850122,2026-03-13,528.92,532.38,540.0,526.55,1.40477349,4.7455812837
850122,2026-03-16,548.59,541.53,565.57,540.59,3.67258043,12.7996622628
850122,2026-03-17,531.09,541.53,550.17,528.99,2.43113344,8.5047349859
850122,2026-03-18,522.75,530.57,535.38,512.9,2.06985347,6.7660966344
850122,2026-03-19,510.14,517.54,523.46,507.93,1.45752237,4.78067234
850122,2026-03-20,492.94,511.88,515.25,491.97,1.48699734,4.7044112894
850122,2026-03-23,459.84,484.16,484.56,456.34,1.61990203,5.1094126443
850122,2026-03-24,484.34,470.43,485.17,461.08,1.42011677,4.6350640075
850122,2026-03-25,494.75,490.96,498.69,483.19,1.10234524,3.7262014027999997
850122,2026-03-26,499.79,494.26,510.9,487.25,1.29470751,5.2216152382
850122,2026-03-27,506.69,495.7,511.27,490.15,1.1777647,4.6814454676
850122,2026-03-30,507.9,503.69,512.14,494.47,1.06019927,4.277554004
850122,2026-03-31,499.07,508.0,516.25,497.93,0.99319901,3.7656441385000003
850122,2026-04-01,510.01,504.77,515.7,497.63,0.91766074,3.7880007718
850122,2026-04-02,505.69,507.85,514.73,501.44,0.84653612,3.3186780739999997
850122,2026-04-03,487.36,506.69,508.43,484.75,1.00118679,3.5747794167
850122,2026-04-07,506.69,488.89,510.51,485.15,1.09327678,4.3084086908999994
850122,2026-04-08,516.14,513.7,519.01,508.25,1.06641813,4.1901026755
850122,2026-04-09,503.39,513.9,518.98,499.19,0.99008564,4.0204524069
850122,2026-04-10,497.31,504.96,509.4,495.87,0.94688708,3.97297894
850122,2026-04-13,499.07,495.7,500.74,490.56,0.71120605,2.6919561426999996
850122,2026-04-14,498.6,500.31,504.32,488.68,0.902794,3.35729717
850122,2026-04-15,490.42,500.3,501.2,487.78,0.8739976,3.2883753375
850122,2026-04-16,492.89,490.62,495.49,483.4,0.87015663,3.1959264771
850122,2026-04-17,488.75,492.95,497.12,484.07,0.91957148,3.2754262934
850122,2026-04-20,493.46,489.61,497.81,486.64,0.72325124,2.8248785257
850122,2026-04-21,491.24,497.61,505.88,487.2,1.08271014,3.9439614344
850122,2026-04-22,483.91,488.08,491.56,481.17,0.85923054,2.9741450196
850122,2026-04-23,481.22,483.65,488.06,475.71,0.77302685,2.7084094366
850122,2026-04-24,478.59,479.68,483.16,472.64,0.85218341,2.856351195
850122,2026-04-27,480.82,477.93,483.2,465.82,0.8913382,2.9109461883999996
850122,2026-04-28,474.53,479.52,483.1,470.12,0.71927706,2.4248516584
850122,2026-04-29,482.77,473.93,488.41,470.89,1.00011194,3.3418388161
850122,2026-04-30,492.12,487.18,498.98,483.2,1.5398608,5.0622760992
850122,2026-05-06,495.47,494.42,499.68,488.64,1.31832127,4.5014582268
850122,2026-05-07,492.34,495.03,500.82,488.64,1.08010142,4.0147645257999995
850122,2026-05-08,499.09,493.34,502.29,491.65,0.86654692,3.206258557
850122,2026-05-11,497.51,501.89,503.93,492.64,0.92082663,3.2519519655
850122,2026-05-12,483.93,497.11,498.78,482.46,0.88256443,3.0995396669999997
850122,2026-05-13,485.56,486.17,490.84,480.86,0.88986887,3.0866276938999997
850122,2026-05-14,477.66,485.33,487.7,474.75,0.8798522,3.1193629538
850122,2026-05-15,472.17,478.26,479.62,468.31,0.77274309,2.628833865
850122,2026-05-18,473.4,471.76,477.8,464.89,0.82822999,2.8738116791
850122,2026-05-19,474.55,473.2,478.74,466.87,0.77335017,2.5968961711
850122,2026-05-20,467.12,473.55,477.53,460.96,0.89718472,2.9112869418000002
850122,2026-05-21,454.54,468.36,474.03,452.87,0.93900096,3.057589623
850122,2026-05-22,457.32,458.54,461.38,449.04,0.68702659,2.3025251037
850122,2026-05-25,456.02,457.72,462.12,451.11,0.63236001,2.046033961
850122,2026-05-26,449.92,454.51,457.88,444.67,0.62744642,2.056016755
850122,2026-05-27,443.5,450.38,452.22,438.2,0.70050152,2.2363535977
850122,2026-05-28,447.48,442.73,451.55,435.19,0.74830712,2.3831104239
850122,2026-05-29,448.78,447.42,458.62,443.77,0.91660826,3.12736369
850122,2026-06-01,463.89,447.2,467.87,441.84,1.12063561,3.7372772562
850122,2026-06-02,449.44,462.63,464.73,444.2,0.95605261,3.0060964677999995
850122,2026-06-03,442.59,450.24,452.07,438.82,0.66866903,2.1540022594
850122,2026-06-04,443.88,443.54,458.79,439.97,1.04146253,3.07190152
850122,2026-06-05,441.9,439.04,448.18,434.83,0.8403811,2.56398945
850122,2026-06-08,429.08,436.1,445.74,423.03,0.90478751,2.7559063952
850122,2026-06-09,428.14,431.15,434.32,421.87,0.64154744,1.9684264262
850122,2026-06-10,421.64,425.28,429.84,416.0,0.60974973,1.8735130348
850122,2026-06-11,418.69,420.73,424.36,413.05,0.55189376,1.5931822040999999
850122,2026-06-12,426.27,421.4,429.21,414.42,0.73707588,2.2212837101
850122,2026-06-15,421.43,429.61,435.88,417.29,0.70774821,2.1881654589
850122,2026-06-16,421.29,420.66,422.59,411.61,0.62056772,1.8993265094
850122,2026-06-17,412.72,422.25,426.85,410.08,0.63495173,1.9039057132
850122,2026-06-18,405.62,409.85,411.66,401.75,0.55891542,1.6366909538999999
850122,2026-06-22,405.12,403.03,406.36,391.47,0.76386662,2.1971616827
850122,2026-06-23,412.24,403.33,419.28,401.05,0.88738352,2.58747281
850122,2026-06-24,392.46,411.83,414.27,390.12,0.86953237,2.5044722539
850122,2026-06-25,389.75,390.86,394.69,384.38,0.68707931,1.9791487881
850122,2026-06-26,380.37,387.58,389.21,377.37,0.67818676,1.8514748097999998
850122,2026-06-29,381.96,378.36,384.57,365.44,0.86495419,2.2889292395
850122,2026-06-30,375.18,380.06,385.2,371.51,0.66505989,1.7871284203
850122,2026-07-01,391.29,375.91,397.86,373.81,1.20253926,3.308386501
850122,2026-07-02,392.35,390.83,404.2,387.98,0.98638123,2.7706245352999996
850122,2026-07-03,395.14,394.82,399.3,388.06,0.74440602,2.14647992
850122,2026-07-06,396.65,398.04,404.22,393.57,0.64609851,1.813372655
850122,2026-07-07,386.6,395.51,397.98,383.32,0.59670311,1.6434602503
850122,2026-07-08,387.29,386.23,390.66,378.45,0.56426089,1.5866746684
850122,2026-07-09,386.89,384.86,392.33,378.21,0.6213861,1.708868244
850122,2026-07-10,397.5,385.59,403.1,378.35,1.03558997,2.87428898
850122,2026-07-13,388.43,397.03,400.07,384.99,0.76833285,2.1378181736
850122,2026-07-14,398.59,388.43,399.77,383.87,0.85451054,2.3606195379
850122,2026-07-15,414.96,404.82,420.06,399.83,1.00313223,2.8832092728
850122,2026-07-16,420.57,416.26,427.32,410.59,1.46605904,5.5533444974
850122,2026-07-17,409.45,415.19,427.91,404.64,1.32645617,4.6359361268
850122,2026-07-20,408.96,413.15,421.1,399.87,1.18878652,4.237805548
850122,2026-07-21,398.13,406.58,408.25,387.28,1.22453752,4.0348847444
850122,2026-07-22,397.89,394.69,403.77,390.75,0.77792222,2.7008376356
850122,2026-07-23,408.34,396.09,409.31,393.76,0.83069196,2.6477720091
850122,2026-07-24,394.29,405.74,409.6,391.99,0.7182846,2.1906303287999997
850122,2026-07-27,402.66,393.89,404.3,390.32,0.73996088,2.2063951144
850122,2026-07-28,409.84,400.19,413.77,398.99,0.88636121,2.8566116160000004
850122,2026-07-29,415.14,411.23,419.61,408.73,0.89939174,2.9053917392
850122,2026-07-30,417.21,413.94,430.26,412.77,1.07684662,3.6595752811
850122,2026-07-31,421.89,412.21,422.76,410.77,0.88785114,2.8503585402
850122,2026-08-03,432.63,423.42,433.73,421.78,0.99960159,3.0233727488
850122,2026-08-04,431.8,434.7,438.44,428.19,0.75664472,2.452931478
850122,2026-08-05,429.36,432.0,435.1,424.05,0.77795168,2.4733352099
850122,2026-08-06,433.53,429.12,435.23,422.89,0.92785041,2.9168428304000003
850122,2026-08-07,433.68,434.94,439.48,423.67,1.0362932,3.14722898
850122,2026-08-10,448.19,434.28,455.16,432.24,1.33688348,4.2976054895999996
850122,2026-08-11,442.88,445.35,450.93,440.11,0.91254083,2.8682585676
850122,2026-08-12,448.89,441.01,452.77,438.34,0.9024747,2.8586336409
850122,2026-08-13,451.87,449.5,458.75,443.19,1.22635987,4.2159821619999995
850122,2026-08-14,447.67,451.1,454.18,441.36,0.82458201,2.8538590577
850122,2026-08-17,455.45,446.74,457.84,441.56,0.90453147,3.1764220538999997
850122,2026-08-18,469.65,455.85,485.44,453.07,2.58441511,8.6163050809
850122,2026-08-19,450.84,464.79,468.76,448.8,1.9206346,6.1232718763
850122,2026-08-20,452.97,451.95,459.75,444.65,1.26105677,3.8945976208
850122,2026-08-21,447.46,452.23,454.12,438.35,1.01111135,3.1542460577999996
850122,2026-08-24,447.69,448.49,451.99,439.62,0.90114849,2.9038255592
850122,2026-08-25,459.5,444.85,461.13,443.99,1.0319954,3.2459601483999996
850122,2026-08-26,461.04,455.87,466.55,455.34,0.87505782,2.7986162942000004
850122,2026-08-27,468.64,461.34,470.4,456.87,1.0011965,3.2411973044
850122,2026-08-28,486.5,471.65,489.19,468.32,1.99934042,6.6889554165
850122,2026-08-31,474.5,482.37,486.73,469.92,1.48823358,4.9843075163999995
850122,2026-09-01,492.3,472.1,497.46,471.24,2.21923677,7.435698530700001
850122,2026-09-02,477.31,487.44,490.04,473.6,1.55952259,5.1759722966
850122,2026-09-03,469.84,477.08,483.36,467.01,1.10128047,3.6302541369
850122,2026-09-04,484.64,470.04,492.24,465.07,1.73360912,5.8376452004
850122,2026-09-07,503.24,490.77,508.53,487.15,2.4575712,8.456422293300001
850122,2026-09-08,511.05,500.27,518.08,499.67,2.7266105,9.651567327
850122,2026-09-09,522.5,506.81,529.86,504.38,3.20247332,11.1643797289
850122,2026-09-10,500.65,513.77,523.57,498.08,2.34689128,8.0094664041
850122,2026-09-11,482.37,501.06,505.48,477.0,1.79562272,5.924678301
850122,2026-09-14,474.75,483.0,486.22,468.17,1.51099705,4.8485359871
850122,2026-09-15,451.15,475.34,477.18,448.85,1.58718637,4.8918585733999995
850122,2026-09-16,459.59,449.53,464.51,442.3,1.31632931,4.064164906499999
850122,2026-09-17,464.29,460.55,469.08,448.68,1.28308658,4.0409087093
850122,2026-09-18,460.83,461.93,468.34,456.27,1.16908443,3.6441974668
850122,2026-09-21,480.6,460.25,483.53,457.33,1.58535502,5.000998234
850122,2026-09-22,473.33,480.46,483.98,465.45,1.28546593,4.1626640235000005
850122,2026-09-23,463.6,471.46,472.93,460.3,0.96601588,3.054001552
850122,2026-09-24,458.25,463.59,467.34,454.68,0.9280146,2.8570531710000004
