代码,日期,收盘,开盘,最高,最低,成交量,成交额
801018,2011-10-10,1936.89,1935.6,1974.59,1917.32,0.11543257,1.3358344334999999
801018,2011-10-11,1930.55,1980.32,2002.28,1900.37,0.13684915,1.6404426229
801018,2011-10-12,1985.71,1920.81,1995.74,1904.15,0.18351416,2.2312861683
801018,2011-10-13,1998.69,1984.3,2021.66,1971.1,0.19487426,2.3623918353
801018,2011-10-14,1992.71,1989.12,2015.38,1964.01,0.13239194,1.6242276479
801018,2011-10-17,2009.58,2004.92,2029.11,1972.87,0.15777717,2.0196369838
801018,2011-10-18,1938.21,1989.24,2007.27,1926.07,0.2006095,2.4796293174
801018,2011-10-19,1935.06,1948.09,1970.64,1914.01,0.11913017,1.3744354505
801018,2011-10-20,1868.49,1923.8,1939.3,1851.97,0.16661269,1.8536202631999998
801018,2011-10-21,1814.09,1868.5,1880.96,1805.18,0.13303928,1.3854195792
801018,2011-10-24,1825.7,1819.18,1842.53,1763.13,0.13008258,1.4548031475
801018,2011-10-25,1884.77,1829.54,1897.16,1808.1,0.18801053,2.4143714129
801018,2011-10-26,1902.88,1875.12,1922.51,1855.99,0.16390067,1.9979847336
801018,2011-10-27,1917.74,1927.84,1973.33,1900.11,0.20508397,2.6969417112
801018,2011-10-28,1945.88,1935.71,1959.57,1908.61,0.21192772,2.8160815544999998
801018,2011-10-31,1977.62,1952.26,1982.71,1927.04,0.1917038,2.5649203619
801018,2011-11-01,1980.19,1962.38,2006.54,1940.71,0.25033298,3.2427650054000003
801018,2011-11-02,2019.22,1953.29,2025.79,1939.31,0.25532681,3.2609017021
801018,2011-11-03,2064.34,2025.75,2109.09,2016.15,0.47632791,6.2061604287
801018,2011-11-04,2070.95,2060.09,2100.92,2040.73,0.31610593,4.3093758471
801018,2011-11-07,2080.85,2061.04,2111.11,2049.05,0.22043844,2.9477134155
801018,2011-11-08,2050.67,2078.45,2091.85,2037.74,0.18514802,2.4691728468000003
801018,2011-11-09,2075.54,2054.06,2082.03,2022.08,0.175621,2.372517277
801018,2011-11-10,2058.85,2062.24,2090.48,2033.85,0.20780739,2.9118226495
801018,2011-11-11,2063.35,2057.12,2095.38,2040.92,0.17578797,2.3982329539
801018,2011-11-14,2105.7,2075.52,2127.44,2066.19,0.23506431,3.0814884579000004
801018,2011-11-15,2113.44,2113.51,2144.39,2088.13,0.26931716,3.984616992
801018,2011-11-16,2076.55,2113.24,2149.66,2052.74,0.36403756,4.5350671119
801018,2011-11-17,2080.8,2073.54,2113.98,2065.99,0.2264733,2.8005072187
801018,2011-11-18,2036.59,2070.78,2088.22,2016.16,0.25417703,2.9024352697
801018,2011-11-21,2029.27,2029.29,2051.73,1993.85,0.15719812,1.7311751413999998
801018,2011-11-22,2057.44,2021.25,2074.81,1996.82,0.18793363,2.2663480548
801018,2011-11-23,2087.57,2060.91,2120.71,2044.38,0.25077818,2.8869013181
801018,2011-11-24,2106.37,2059.06,2124.89,2041.25,0.2237762,2.6588964747999997
801018,2011-11-25,2098.72,2099.03,2136.66,2075.04,0.22318302,2.5589624534
801018,2011-11-28,2134.71,2102.41,2158.31,2087.68,0.28457753,3.4984833783999996
801018,2011-11-29,2150.26,2155.71,2179.29,2123.46,0.27348442,3.6488620061000003
801018,2011-11-30,2047.72,2145.63,2158.51,2027.4,0.25709349,3.1193457274000003
801018,2011-12-01,2106.15,2103.46,2150.92,2074.58,0.30500821,3.6697200155000003
801018,2011-12-02,2055.15,2099.05,2110.4,2031.66,0.22098514,2.6205843679
801018,2011-12-05,1981.18,2040.48,2055.81,1959.99,0.14690082,1.7937394136000002
801018,2011-12-06,1966.66,1974.56,1994.35,1936.23,0.12696438,1.3791697732
801018,2011-12-07,1986.12,1961.35,1998.0,1941.64,0.0688652,0.8306551869
801018,2011-12-08,1984.06,1983.1,2011.85,1948.72,0.10248809,1.1970641143
801018,2011-12-09,1959.72,1979.49,2003.33,1950.13,0.06918255,0.7471666706
801018,2011-12-12,1926.54,1956.55,1974.26,1914.98,0.09893388,0.9723421802
801018,2011-12-13,1865.05,1916.23,1935.56,1838.37,0.13121945,1.4106117479
801018,2011-12-14,1813.59,1859.16,1898.19,1792.11,0.14091059,1.4141854027
801018,2011-12-15,1779.7,1799.13,1822.04,1750.1,0.13361227,1.3116782818000001
801018,2011-12-16,1812.79,1789.36,1831.08,1762.92,0.09597095,1.1316008768999999
801018,2011-12-19,1839.66,1813.61,1846.56,1769.43,0.09903179,1.1383506519
801018,2011-12-20,1822.33,1825.94,1863.39,1793.63,0.08510106,0.9030106976000001
801018,2011-12-21,1879.51,1849.44,1937.39,1821.78,0.26741751,3.3287403841
801018,2011-12-22,1859.02,1876.25,1931.48,1826.07,0.27142014,3.2958457488999997
801018,2011-12-23,1823.17,1811.07,1862.52,1779.65,0.20145822,2.2392718446
801018,2011-12-26,1793.94,1799.1,1834.24,1781.42,0.13837077,1.3427851594
801018,2011-12-27,1767.37,1788.97,1804.97,1733.15,0.14096452,1.5605941490000002
801018,2011-12-28,1700.7,1748.71,1766.12,1654.43,0.11776798,1.3284288134
801018,2011-12-29,1690.13,1682.57,1725.5,1672.71,0.07848007,0.9146150461
801018,2011-12-30,1711.35,1702.19,1725.32,1686.7,0.06963236,0.7434303987
801018,2012-01-04,1694.97,1744.6,1767.91,1691.37,0.09094422,1.0558987523
801018,2012-01-05,1616.02,1673.32,1693.68,1603.46,0.11366376,1.116173747
801018,2012-01-06,1575.46,1612.25,1628.71,1521.15,0.11173789,1.1602456484
801018,2012-01-09,1627.54,1574.39,1635.25,1543.26,0.13672559,1.4422338465
801018,2012-01-10,1698.15,1631.37,1716.77,1618.91,0.21557132,2.2417454477
801018,2012-01-11,1714.53,1693.74,1745.9,1676.67,0.22226224,2.1426428795
801018,2012-01-12,1705.68,1704.13,1733.83,1688.13,0.14187142,1.4202316678
801018,2012-01-13,1665.77,1710.99,1718.29,1639.16,0.10962069,1.1232607638
801018,2012-01-16,1584.83,1647.09,1663.18,1572.16,0.09400365,0.9937689931999999
801018,2012-01-17,1679.12,1585.54,1684.84,1572.88,0.14334835,1.5296283730000002
801018,2012-01-18,1637.54,1675.35,1701.66,1617.46,0.12483827,1.256991795
801018,2012-01-19,1660.02,1638.53,1673.61,1618.86,0.09044094,0.9394125776000001
801018,2012-01-20,1676.96,1655.24,1705.53,1633.28,0.17588389,1.4880839797
801018,2012-01-30,1670.11,1684.38,1697.77,1657.44,0.07498116,0.7556310937999999
801018,2012-01-31,1699.56,1670.46,1707.62,1657.35,0.10183849,1.1320718862999999
801018,2012-02-01,1704.37,1696.05,1731.32,1677.03,0.13637668,1.4242573531
801018,2012-02-02,1724.62,1713.32,1735.69,1689.98,0.20623414,1.9785117206
801018,2012-02-03,1755.6,1724.04,1772.25,1710.22,0.26087383,2.4007597579
801018,2012-02-06,1777.53,1770.77,1805.98,1739.45,0.35136814,3.2250694927
801018,2012-02-07,1756.92,1765.24,1786.12,1725.35,0.19365498,1.8999128915
801018,2012-02-08,1784.16,1757.32,1796.86,1732.22,0.28466189,2.7405326058
801018,2012-02-09,1786.38,1784.93,1815.18,1741.02,0.29106284,2.8967688514
801018,2012-02-10,1780.18,1775.11,1809.44,1753.82,0.30592368,2.8257730243
801018,2012-02-13,1787.96,1771.98,1802.81,1741.74,0.19649427,1.8898964296
801018,2012-02-14,1794.02,1784.27,1809.95,1774.3,0.13859287,1.4189281572
801018,2012-02-15,1817.18,1786.44,1822.41,1775.09,0.18955802,1.8836429630000002
801018,2012-02-16,1806.74,1817.84,1836.24,1790.69,0.17123671,1.8051330343
801018,2012-02-17,1796.52,1810.98,1824.13,1775.15,0.12793395,1.3023324090000001
801018,2012-02-20,1800.59,1815.72,1834.3,1789.75,0.1405008,1.651374849
801018,2012-02-21,1813.67,1798.93,1822.69,1772.03,0.16170157,1.68227432
801018,2012-02-22,1868.13,1817.0,1875.11,1804.43,0.28170703,3.2057239842
801018,2012-02-23,1870.67,1874.98,1891.91,1845.1,0.24139219,2.6126534162
801018,2012-02-24,1884.92,1867.31,1890.41,1846.89,0.22114092,2.4414386356
801018,2012-02-27,1875.47,1887.01,1920.64,1868.1,0.28048429,3.1401741519
801018,2012-02-28,1867.22,1859.81,1885.11,1832.34,0.32601058,3.342548613
801018,2012-02-29,1843.47,1860.03,1888.45,1837.87,0.16129816,1.9209191057
801018,2012-03-01,1852.55,1841.87,1867.96,1829.53,0.18116796,1.6550804497999998
801018,2012-03-02,1884.41,1856.69,1891.87,1850.98,0.23805855,2.2194939311
801018,2012-03-05,1918.75,1896.36,1943.01,1881.36,0.29009843,3.2245541408999996
801018,2012-03-06,1880.03,1911.05,1916.18,1858.64,0.22009445,2.4180120116999997
801018,2012-03-07,1860.52,1866.71,1904.58,1848.52,0.18900556,2.1959379421
801018,2012-03-08,1886.95,1857.69,1899.21,1854.37,0.16055276,1.9347943814
801018,2012-03-09,1925.08,1894.25,1933.49,1879.55,0.26534192,3.1742510752
801018,2012-03-12,1929.83,1931.29,1946.75,1907.13,0.2316718,2.6852767679
801018,2012-03-13,1936.42,1931.44,1949.11,1913.84,0.24745014,2.7380321002
801018,2012-03-14,1857.3,1940.11,1964.5,1825.48,0.34680211,3.8373360185000003
801018,2012-03-15,1853.33,1858.21,1891.38,1812.74,0.24762881,2.609413981
801018,2012-03-16,1883.52,1851.26,1895.11,1842.38,0.20371939,2.5791216011
801018,2012-03-19,1926.98,1888.11,1940.64,1877.78,0.21883066,2.8239046777
801018,2012-03-20,1880.21,1917.05,1928.38,1871.8,0.16584954,1.9418131481999998
801018,2012-03-21,1874.84,1897.61,1908.42,1849.37,0.10263382,1.2747084454000002
801018,2012-03-22,1898.18,1877.63,1918.46,1843.09,0.21277274,2.0954828607
801018,2012-03-23,1880.08,1891.18,1917.75,1860.13,0.34881066,3.316048093
801018,2012-03-26,1863.33,1874.61,1894.47,1848.97,0.14854555,1.34751657
801018,2012-03-27,1870.18,1870.72,1899.82,1846.49,0.22763858,2.1208668568999998
801018,2012-03-28,1760.48,1867.1,1869.92,1755.87,0.24042795,2.3683818877
801018,2012-03-29,1728.84,1757.53,1771.84,1709.08,0.15911228,1.4849234059
801018,2012-03-30,1723.47,1735.66,1751.21,1704.91,0.10345094,0.9917932006999999
801018,2012-04-05,1770.67,1724.36,1778.57,1718.13,0.10431402,1.1824055291
801018,2012-04-06,1778.89,1772.44,1794.37,1751.06,0.10056507,1.0985915389
801018,2012-04-09,1752.1,1778.25,1790.89,1739.83,0.10101483,1.1000944385
801018,2012-04-10,1783.29,1744.8,1786.43,1722.7,0.10931312,1.2549006265
801018,2012-04-11,1788.2,1762.87,1800.89,1744.01,0.09988989,0.9625505907999999
801018,2012-04-12,1823.35,1792.29,1829.86,1781.18,0.14218847,1.4808205363999998
801018,2012-04-13,1827.59,1825.42,1847.87,1802.92,0.14469743,1.3911343811
801018,2012-04-16,1824.09,1815.31,1838.77,1802.51,0.10818961,1.1417725937999998
801018,2012-04-17,1805.54,1820.22,1836.53,1791.61,0.11589636,1.2184676049
801018,2012-04-18,1866.35,1815.83,1871.69,1801.6,0.31753118,2.9195347423
801018,2012-04-19,1882.97,1865.63,1894.02,1847.26,0.34618548,3.3804894930000002
801018,2012-04-20,1902.19,1882.14,1927.57,1864.3,0.38558174,3.6279336812
801018,2012-04-23,1904.59,1898.84,1965.16,1861.64,0.39334875,4.567962855299999
801018,2012-04-24,1868.46,1894.95,1918.58,1829.82,0.27462079,2.9269711372000002
801018,2012-04-25,1873.21,1857.59,1895.42,1836.47,0.22155094,2.3536025275
801018,2012-04-26,1864.32,1876.46,1899.71,1845.5,0.20847792,2.3523973103
801018,2012-04-27,1865.97,1856.57,1892.93,1835.07,0.18951509,2.1455153354
801018,2012-05-02,1899.28,1877.72,1926.21,1866.62,0.28135579,3.3254672093
801018,2012-05-03,1885.65,1903.37,1916.1,1871.29,0.22462947,2.7638253632
801018,2012-05-04,1878.99,1876.71,1899.34,1853.75,0.29003404,2.7451327068999998
801018,2012-05-07,1875.11,1864.68,1890.98,1847.37,0.20342031,2.1524922775
801018,2012-05-08,1888.51,1875.14,1911.4,1862.45,0.2113138,2.5490317463
801018,2012-05-09,1866.57,1875.14,1906.51,1843.7,0.2290513,2.2332307346
801018,2012-05-10,1858.33,1853.37,1892.42,1843.27,0.14145339,1.7441169027
801018,2012-05-11,1853.17,1860.69,1887.74,1836.22,0.195009,2.1489314611
801018,2012-05-14,1861.16,1868.42,1887.85,1844.97,0.20697944,2.3954216703
801018,2012-05-15,1865.39,1844.23,1875.43,1816.38,0.165367,2.0047874001
801018,2012-05-16,1861.84,1864.77,1886.77,1840.73,0.15324432,2.2651777603
801018,2012-05-17,1880.62,1856.57,1890.5,1843.17,0.14724783,1.8010437675
801018,2012-05-18,1845.33,1870.04,1880.76,1833.45,0.08619156,0.8077973436
801018,2012-05-21,1836.96,1830.31,1863.43,1813.5,0.09133441,1.1153274939
801018,2012-05-22,1879.93,1841.79,1890.0,1833.83,0.16037948,2.2691320534
801018,2012-05-23,1872.6,1872.29,1895.17,1844.08,0.14924477,2.078338482
801018,2012-05-24,1865.48,1866.81,1897.15,1848.25,0.10939462,1.4400732297999999
801018,2012-05-25,1829.94,1863.88,1877.17,1815.97,0.0996198,1.2002112025
801018,2012-05-28,1838.95,1817.31,1846.15,1789.5,0.09475175,1.1856850478
801018,2012-05-29,1869.48,1839.05,1885.26,1827.4,0.14791756,1.8214469021000002
801018,2012-05-30,1872.61,1873.98,1892.32,1854.84,0.1304242,1.5460532102000002
801018,2012-05-31,1867.52,1858.41,1884.28,1839.88,0.13358295,1.4982983236
801018,2012-06-01,1870.01,1876.22,1894.01,1855.53,0.13820002,1.5067710455
801018,2012-06-04,1813.11,1843.5,1857.73,1794.46,0.19014553,2.045109981
801018,2012-06-05,1807.44,1810.2,1825.89,1789.09,0.10585391,1.224053621
801018,2012-06-06,1774.74,1809.34,1821.97,1763.97,0.13707654,1.488883409
801018,2012-06-07,1775.62,1789.06,1800.04,1763.66,0.09637854,1.029550821
801018,2012-06-08,1768.57,1792.94,1797.5,1755.41,0.08253611,0.89065205
801018,2012-06-11,1788.0,1770.47,1794.52,1746.53,0.09527672,1.0225943093
801018,2012-06-12,1781.79,1781.13,1794.77,1761.65,0.09674581,0.9804253544
801018,2012-06-13,1828.89,1786.45,1835.63,1775.36,0.17916195,2.0999169793
801018,2012-06-14,1841.42,1825.3,1880.34,1814.24,0.17797719,2.1422205452000003
801018,2012-06-15,1854.24,1848.13,1875.35,1832.36,0.13004124,1.6094702501
801018,2012-06-18,1860.53,1857.93,1874.71,1842.07,0.07767409,0.9458139631999999
801018,2012-06-19,1849.99,1863.46,1873.61,1841.19,0.09669861,1.1384995245
801018,2012-06-20,1846.96,1854.53,1871.04,1829.46,0.12436168,1.4781792547
801018,2012-06-21,1817.94,1843.74,1850.94,1806.82,0.10780101,1.1966425319
801018,2012-06-25,1793.2,1814.94,1825.72,1781.89,0.0855777,0.9408833787
801018,2012-06-26,1773.81,1783.42,1796.14,1752.18,0.0932441,1.0637767148000001
801018,2012-06-27,1781.62,1778.71,1807.12,1763.28,0.08329695,0.9502763198999999
801018,2012-06-28,1778.12,1783.94,1834.04,1767.04,0.11718,1.3269553023
801018,2012-06-29,1778.7,1772.98,1798.61,1737.5,0.10601391,1.1882540978
801018,2012-07-02,1809.62,1785.17,1819.78,1771.95,0.10408592,1.3892889516
801018,2012-07-03,1841.14,1812.54,1862.53,1806.05,0.17808723,2.4553972172
801018,2012-07-04,1839.88,1849.82,1866.62,1818.3,0.13888468,1.8317555659
801018,2012-07-05,1821.7,1830.13,1844.76,1800.74,0.11867273,1.430232832
801018,2012-07-06,1845.6,1816.23,1853.93,1793.88,0.12638,1.6044667927
801018,2012-07-09,1816.2,1839.66,1866.01,1808.33,0.14449721,1.8440217365
801018,2012-07-10,1790.31,1806.39,1829.91,1765.38,0.1389588,1.6773131494
801018,2012-07-11,1815.04,1792.47,1829.81,1752.56,0.16404426,2.1324735613
801018,2012-07-12,1835.93,1806.23,1856.15,1785.76,0.23596657,2.8317475342000002
801018,2012-07-13,1840.38,1827.1,1865.96,1812.76,0.18003399,2.2035581878
801018,2012-07-16,1800.59,1841.49,1858.02,1774.62,0.22201153,2.6769705043000003
801018,2012-07-17,1799.17,1780.51,1809.19,1758.29,0.12505867,1.4647793141
801018,2012-07-18,1816.69,1791.71,1822.99,1768.11,0.13465624,1.4733707576
801018,2012-07-19,1836.23,1814.42,1851.36,1795.65,0.16058085,1.9660016877000002
801018,2012-07-20,1824.21,1833.03,1857.59,1802.43,0.25229211,5.9618701823
801018,2012-07-23,1813.36,1812.3,1847.11,1782.21,0.23707125,5.585759182
801018,2012-07-24,1838.78,1801.04,1863.03,1787.11,0.22255878,5.1084059301
801018,2012-07-25,1814.44,1832.53,1859.44,1807.71,0.23643949,5.5409114486
801018,2012-07-26,1760.0,1817.79,1849.75,1747.8,0.24990078,4.8820632881
801018,2012-07-27,1722.58,1753.73,1772.27,1704.4,0.19327099,4.3465355187
801018,2012-07-30,1707.09,1717.15,1746.4,1696.27,0.12312959,2.7853999249
801018,2012-07-31,1693.28,1701.49,1731.39,1660.87,0.14765305,2.9762849705
801018,2012-08-01,1723.18,1693.95,1739.14,1684.33,0.14078211,2.8113558556
801018,2012-08-02,1717.71,1721.02,1742.59,1684.91,0.16339343,3.5828323968
801018,2012-08-03,1748.36,1714.89,1750.59,1703.81,0.14190693,3.0282709620999997
801018,2012-08-06,1778.87,1737.1,1785.26,1727.0,0.17280185,3.709747034
801018,2012-08-07,1776.37,1773.87,1793.96,1759.92,0.15330904,3.1460777806999998
801018,2012-08-08,1751.89,1772.5,1781.47,1736.0,0.15766998,3.3594025986
801018,2012-08-09,1779.14,1755.49,1786.58,1739.47,0.20401028,3.5768296268
801018,2012-08-10,1761.86,1776.35,1794.62,1752.92,0.14786177,2.8370939237
801018,2012-08-13,1754.41,1760.28,1789.61,1741.1,0.16621387,2.5399105099
801018,2012-08-14,1771.55,1760.49,1793.81,1726.99,0.2220686,3.1440486611000003
801018,2012-08-15,1750.69,1761.52,1783.96,1741.09,0.12569217,1.8696266103
801018,2012-08-16,1725.35,1748.45,1759.81,1719.52,0.09799877,1.5693374529
801018,2012-08-17,1716.4,1724.55,1737.02,1701.08,0.0845029,1.4063911978
801018,2012-08-20,1735.05,1712.09,1752.09,1689.35,0.10384568,1.692020445
801018,2012-08-21,1756.81,1730.32,1769.23,1716.91,0.15568039,2.6380624146000002
801018,2012-08-22,1751.87,1756.32,1781.02,1727.6,0.1647918,2.5551091939
801018,2012-08-23,1766.55,1746.41,1778.33,1738.95,0.1551348,2.2830492776
801018,2012-08-24,1738.07,1759.25,1767.54,1728.14,0.13636462,2.1377385647
801018,2012-08-27,1707.38,1736.86,1755.87,1696.06,0.11805315,1.6409157281
801018,2012-08-28,1714.7,1710.69,1741.44,1690.54,0.11561633,1.842999106
801018,2012-08-29,1714.21,1716.16,1747.35,1685.72,0.15510016,2.6300099659000002
801018,2012-08-30,1688.39,1707.89,1729.48,1661.34,0.11787336,1.8874406047999999
801018,2012-08-31,1690.73,1685.59,1711.5,1669.65,0.0950768,1.3186381404
801018,2012-09-03,1711.43,1687.89,1721.08,1674.04,0.10429628,1.5600748581000001
801018,2012-09-04,1693.4,1710.82,1728.33,1685.25,0.11836384,1.9688363716
801018,2012-09-05,1689.57,1684.37,1705.07,1670.53,0.10092849,1.5041765790000001
801018,2012-09-06,1696.99,1694.26,1708.84,1682.76,0.099409,1.526830396
801018,2012-09-07,1746.71,1708.48,1763.58,1702.41,0.2329781,3.3253750023000004
801018,2012-09-10,1752.87,1750.14,1765.36,1733.44,0.14361975,2.1426265196000003
801018,2012-09-11,1747.65,1747.88,1767.4,1728.38,0.13949453,2.1149283066
801018,2012-09-12,1762.54,1752.5,1782.39,1736.91,0.13649608,2.1482616244
801018,2012-09-13,1740.54,1764.4,1775.07,1733.87,0.14939766,2.2017884247999997
801018,2012-09-14,1744.63,1747.09,1767.02,1726.1,0.15117362,1.9242677459
801018,2012-09-17,1694.82,1742.42,1751.23,1683.33,0.12525376,1.6497300325
801018,2012-09-18,1683.92,1691.6,1707.43,1669.45,0.08889805,1.1020091278
801018,2012-09-19,1705.46,1705.63,1727.15,1682.98,0.13309094,1.5434949488999998
801018,2012-09-20,1647.3,1697.46,1707.28,1635.12,0.13339361,1.6633487689
801018,2012-09-21,1620.36,1643.95,1661.15,1613.28,0.12381986,1.6177583144999998
801018,2012-09-24,1619.35,1614.51,1633.17,1581.08,0.12150645,1.4049514128
801018,2012-09-25,1621.82,1616.63,1636.64,1599.99,0.08303706,0.9383581714
801018,2012-09-26,1565.93,1625.69,1633.64,1553.37,0.12072662,1.4820148253999998
801018,2012-09-27,1595.48,1569.54,1612.04,1550.93,0.18625802,2.1563003273
801018,2012-09-28,1639.53,1594.81,1649.11,1586.4,0.27381549,2.6860280687
801018,2012-10-08,1625.5,1637.53,1652.52,1611.13,0.26430864,2.4142963993
801018,2012-10-09,1687.98,1629.55,1697.79,1620.73,0.40324495,3.9778399375999998
801018,2012-10-10,1692.07,1674.36,1702.57,1660.11,0.35237513,3.4137416619
801018,2012-10-11,1661.74,1681.09,1706.73,1652.1,0.27311326,2.7876216995
801018,2012-10-12,1650.8,1657.52,1680.35,1629.26,0.16724819,1.8160711627000001
801018,2012-10-15,1636.54,1642.78,1657.4,1615.38,0.11115322,1.357326448
801018,2012-10-16,1628.01,1639.44,1660.14,1617.69,0.12061036,1.4275388125
801018,2012-10-17,1626.89,1626.92,1644.54,1608.46,0.10798033,1.2954116493
801018,2012-10-18,1650.33,1624.94,1659.06,1618.86,0.14766755,1.7920133801
801018,2012-10-19,1638.42,1647.54,1658.1,1628.61,0.10774465,1.2481716176
801018,2012-10-22,1638.75,1633.39,1654.62,1614.97,0.11317761,1.6084561877
801018,2012-10-23,1642.22,1640.15,1662.17,1630.78,0.15244804,1.8882937631
801018,2012-10-24,1626.5,1640.48,1651.32,1618.37,0.11471986,1.4002533206999999
801018,2012-10-25,1614.51,1628.37,1649.02,1604.91,0.13417983,1.573576031
801018,2012-10-26,1572.92,1623.98,1633.49,1555.31,0.19247208,2.7225633011
801018,2012-10-29,1565.93,1570.84,1593.04,1547.89,0.1359903,2.1678526693
801018,2012-10-30,1569.46,1562.79,1582.25,1556.11,0.0885964,1.2746260233
801018,2012-10-31,1580.26,1572.61,1593.87,1563.08,0.10835776,1.6814109103000001
801018,2012-11-01,1606.15,1577.18,1613.85,1573.03,0.13357192,1.9081675409
801018,2012-11-02,1607.97,1606.69,1620.37,1588.48,0.08595207,1.4247948934
801018,2012-11-05,1601.1,1610.6,1624.75,1590.5,0.09856154,1.2877565281999999
801018,2012-11-06,1576.19,1601.15,1608.63,1559.51,0.09229993,1.2926663707
801018,2012-11-07,1566.8,1577.0,1586.88,1550.37,0.07734917,1.0319332127
801018,2012-11-08,1537.21,1562.48,1567.75,1528.01,0.10711817,1.3983650762
801018,2012-11-09,1543.03,1541.62,1555.62,1523.19,0.07722569,0.9795941161
801018,2012-11-12,1541.64,1535.71,1554.12,1522.06,0.06003569,0.7950875307999999
801018,2012-11-13,1518.41,1542.09,1546.09,1508.38,0.0628639,0.788914938
801018,2012-11-14,1520.53,1514.39,1536.92,1484.06,0.14474675,2.6552737797
801018,2012-11-15,1498.46,1501.68,1519.62,1482.34,0.12092392,2.284588687
801018,2012-11-16,1493.91,1495.39,1505.47,1472.43,0.09070951,1.5788719972
801018,2012-11-19,1501.47,1484.43,1512.47,1469.37,0.08159245,1.4367161525999999
801018,2012-11-20,1506.09,1497.47,1523.9,1488.44,0.09620887,1.8512866419
801018,2012-11-21,1513.82,1505.62,1516.57,1479.56,0.08588313,1.4022361840000002
801018,2012-11-22,1505.13,1509.47,1521.71,1489.11,0.11220403,1.9446740130000002
801018,2012-11-23,1529.65,1503.18,1543.84,1487.09,0.1776723,2.4929124385
801018,2012-11-26,1503.03,1533.83,1543.31,1492.98,0.11952742,1.730288042
801018,2012-11-27,1427.06,1495.12,1501.47,1417.93,0.14691249,1.9541616647
801018,2012-11-28,1377.29,1411.18,1428.36,1360.01,0.1022891,1.278090253
801018,2012-11-29,1355.54,1387.2,1397.13,1317.77,0.10914145,1.3217853522
801018,2012-11-30,1365.38,1353.73,1373.57,1328.77,0.08609338,0.9737445621999999
801018,2012-12-03,1325.41,1366.45,1376.96,1302.56,0.12881153,1.5415003313999998
801018,2012-12-04,1330.19,1321.2,1337.39,1286.21,0.10309725,1.0076363631999998
801018,2012-12-05,1381.05,1333.47,1395.86,1325.95,0.18681692,2.0079304209
801018,2012-12-06,1372.18,1376.91,1385.42,1360.14,0.09950502,1.0467480145
801018,2012-12-07,1414.42,1373.47,1418.87,1363.33,0.21128436,2.2751371094
801018,2012-12-10,1445.29,1423.54,1455.79,1408.2,0.21655425,2.3329922602
801018,2012-12-11,1438.58,1433.04,1464.56,1418.74,0.16747144,1.7835655625
801018,2012-12-12,1441.64,1434.66,1457.64,1415.32,0.16991359,1.8188253456999999
801018,2012-12-13,1414.13,1437.35,1444.72,1407.2,0.11054932,1.2554928190999999
801018,2012-12-14,1470.8,1411.3,1480.56,1408.81,0.22544057,2.5327107131999997
801018,2012-12-17,1473.95,1472.59,1497.96,1461.36,0.20231643,2.2688811418
801018,2012-12-18,1484.01,1475.55,1514.08,1464.5,0.22851432,2.6143046564
801018,2012-12-19,1498.3,1486.23,1511.39,1473.38,0.18595346,2.3778356756
801018,2012-12-20,1502.7,1492.23,1511.83,1466.13,0.18759907,2.4263818541
801018,2012-12-21,1522.66,1503.83,1548.63,1492.33,0.33338782,3.5295522631
801018,2012-12-24,1537.86,1519.86,1546.51,1496.04,0.24100251,2.9188391273
801018,2012-12-25,1564.68,1530.85,1583.29,1524.95,0.29010871,3.7793095158999996
801018,2012-12-26,1585.7,1570.93,1602.53,1554.91,0.26244313,3.7205208824000002
801018,2012-12-27,1568.59,1584.16,1602.93,1557.69,0.21932043,3.1449596072
801018,2012-12-28,1584.72,1564.51,1598.99,1552.59,0.24027064,2.9021516614
801018,2012-12-31,1601.91,1581.33,1616.73,1568.1,0.3135349,3.1533102557999997
801018,2013-01-04,1572.9,1610.41,1635.21,1557.07,0.29303841,3.2125631945
801018,2013-01-07,1608.25,1596.2,1635.7,1584.62,0.37013851,4.7832208612
801018,2013-01-08,1629.83,1607.42,1649.18,1595.5,0.34939161,4.3692456402
801018,2013-01-09,1618.02,1624.31,1653.0,1598.1,0.31909548,4.0169340499
801018,2013-01-10,1620.69,1617.23,1647.78,1601.72,0.2679444,3.0767184644
801018,2013-01-11,1574.82,1619.19,1635.47,1564.13,0.25635246,3.2586549162000003
801018,2013-01-14,1655.86,1578.97,1659.98,1575.93,0.35996812,4.794795518
801018,2013-01-15,1669.71,1660.18,1699.62,1646.69,0.45127444,5.793555170199999
801018,2013-01-16,1662.08,1668.79,1680.8,1631.32,0.29454655,3.8013197399000003
801018,2013-01-17,1689.08,1654.8,1710.5,1635.17,0.26658135,3.4258195551
801018,2013-01-18,1709.44,1691.42,1710.51,1674.72,0.26758126,3.1970001729
801018,2013-01-21,1718.33,1708.56,1725.57,1707.4,0.25453689,4.0775877007
801018,2013-01-22,1685.47,1716.06,1717.92,1661.76,0.26739206,3.7519819904
801018,2013-01-23,1684.1,1679.93,1686.94,1652.24,0.18789047,2.5682809748
801018,2013-01-24,1632.63,1675.21,1701.72,1622.31,0.23966589,2.9021231857
801018,2013-01-25,1632.79,1628.18,1641.01,1624.48,0.11923311,1.35713021
801018,2013-01-28,1663.66,1625.76,1664.49,1614.09,0.30608048,3.8142461872
801018,2013-01-29,1660.69,1655.95,1662.35,1649.95,0.17619134,2.1637330002
801018,2013-01-30,1693.5,1681.41,1694.23,1661.01,0.32533461,4.2121520992
801018,2013-01-31,1691.67,1691.16,1701.01,1680.21,0.26063975,2.8339565448000004
801018,2013-02-01,1740.06,1696.46,1751.38,1688.21,0.29807524,4.1223146338
801018,2013-02-04,1720.86,1750.68,1750.68,1716.89,0.26163889,3.5219192254
801018,2013-02-05,1750.01,1717.69,1771.27,1700.94,0.20001186,2.8685170934
801018,2013-02-06,1749.72,1748.99,1767.53,1743.32,0.2006536,2.6704914637
801018,2013-02-07,1801.46,1750.59,1804.83,1749.74,0.21750311,3.2909909311
801018,2013-02-08,1827.96,1801.77,1835.68,1794.54,0.20241572,2.8324830860000003
801018,2013-02-18,1859.21,1847.33,1872.4,1845.8,0.36733817,4.510004764700001
801018,2013-02-19,1854.05,1855.89,1885.26,1841.48,0.37424646,4.7418441728
801018,2013-02-20,1906.54,1854.39,1909.65,1848.05,0.3228882,4.3362167949
801018,2013-02-21,1895.07,1895.26,1945.45,1879.62,0.45956447,6.9326774674000005
801018,2013-02-22,1903.19,1890.6,1928.6,1889.01,0.28936926,4.1131629342
801018,2013-02-25,1956.35,1903.05,1956.5,1893.95,0.28837223,4.8396107031
801018,2013-02-26,1878.88,1950.57,1967.49,1877.15,0.33005545,5.1741482761
801018,2013-02-27,1863.88,1882.29,1908.28,1840.84,0.31958873,5.1369139566
801018,2013-02-28,1918.97,1870.45,1919.42,1863.59,0.25447223,3.7659557107
801018,2013-03-01,1964.68,1919.07,1964.68,1915.58,0.31510647,4.984271973899999
801018,2013-03-04,1907.27,1953.22,1962.99,1888.84,0.38974715,5.5797963539
801018,2013-03-05,1962.51,1901.25,1962.51,1890.59,0.31975261,4.2091639417
801018,2013-03-06,1968.72,1965.98,1975.03,1939.48,0.40603398,5.5478874845
801018,2013-03-07,1921.85,1963.0,1967.07,1895.83,0.35744084,5.3203386259
801018,2013-03-08,1912.45,1927.03,1953.59,1908.06,0.373456,5.3426884525
801018,2013-03-11,1978.55,1933.66,1978.58,1921.83,0.42760043,5.9037247034
801018,2013-03-12,1907.62,1975.67,1975.67,1873.73,0.38118893,5.3773711853999995
801018,2013-03-13,1855.99,1905.11,1905.11,1837.49,0.2514017,3.3658944905
801018,2013-03-14,1840.48,1858.44,1874.77,1836.62,0.17292869,2.6476439055000003
801018,2013-03-15,1836.43,1841.49,1871.37,1823.6,0.19580256,2.9410818778
801018,2013-03-18,1790.11,1832.36,1833.91,1790.11,0.15814927,2.2041158227
801018,2013-03-19,1797.1,1789.21,1809.13,1765.52,0.15596442,2.1684179534
801018,2013-03-20,1833.75,1791.44,1835.77,1790.82,0.17393446,2.4738528924
801018,2013-03-21,1872.85,1830.12,1892.15,1829.97,0.19552597,2.8919885601999997
801018,2013-03-22,1881.85,1870.96,1885.91,1857.15,0.14726937,2.0464394287
801018,2013-03-25,1866.23,1880.99,1894.0,1860.96,0.10876264,1.5684829406999998
801018,2013-03-26,1829.43,1864.66,1867.11,1809.95,0.15803171,2.1587140918000003
801018,2013-03-27,1827.54,1825.72,1850.41,1815.69,0.13447115,1.8846183252000002
801018,2013-03-28,1782.9,1824.12,1824.12,1779.76,0.15825666,2.2227430074
801018,2013-03-29,1776.26,1787.48,1791.82,1759.84,0.11614849,1.6014292159999999
801018,2013-04-01,1843.17,1850.35,1869.44,1829.8,0.38271347,4.753751304800001
801018,2013-04-02,1808.22,1851.53,1851.53,1802.66,0.26167531,3.1838029496
801018,2013-04-03,1867.59,1856.79,1882.97,1842.82,0.61905208,7.339001005499999
801018,2013-04-08,1947.76,1899.48,1961.7,1870.67,0.80596416,10.186126808
801018,2013-04-09,1897.13,1951.74,1953.91,1892.19,0.79338682,8.039196439
801018,2013-04-10,1851.93,1886.79,1896.84,1830.5,0.48640833,5.0674320505
801018,2013-04-11,1831.58,1854.75,1860.22,1820.07,0.36601768,3.5999800882999997
801018,2013-04-12,1802.41,1821.61,1826.55,1796.55,0.26466574,2.6719724376
801018,2013-04-15,1787.02,1814.7,1827.48,1780.87,0.29544081,3.021367175
801018,2013-04-16,1752.63,1763.68,1767.56,1718.52,0.30372006,3.0460361069
801018,2013-04-17,1785.08,1750.63,1788.77,1748.16,0.18731732,2.1590003083
801018,2013-04-18,1785.03,1780.04,1789.13,1764.03,0.18763524,2.0969038846
801018,2013-04-19,1815.39,1789.84,1824.12,1787.5,0.2542482,3.0399003916000003
801018,2013-04-22,1830.32,1803.41,1831.58,1798.83,0.24546622,2.7772276958999997
801018,2013-04-23,1775.88,1839.52,1848.54,1775.82,0.26359781,3.1481593101
801018,2013-04-24,1802.29,1771.32,1808.36,1770.8,0.21044403,2.6459352850999998
801018,2013-04-25,1809.52,1820.46,1831.67,1799.73,0.30410939,3.7562940305000003
801018,2013-04-26,1746.59,1805.14,1808.69,1743.0,0.23458859,2.9458138900999997
801018,2013-05-02,1744.17,1739.28,1753.53,1726.46,0.11742233,1.4214878158000002
801018,2013-05-03,1771.12,1750.2,1786.13,1749.49,0.18555806,2.5356374755
801018,2013-05-06,1822.79,1776.82,1834.9,1774.05,0.29446071,3.4938895204000002
801018,2013-05-07,1818.85,1818.41,1827.38,1808.26,0.24540839,2.8025641248000004
801018,2013-05-08,1841.45,1816.13,1844.83,1815.56,0.26364363,3.2374365343
801018,2013-05-09,1856.17,1838.46,1857.5,1829.26,0.37253705,4.4146892466
801018,2013-05-10,1903.38,1853.05,1908.94,1844.43,0.32993799,4.4140767899
801018,2013-05-13,1904.33,1899.29,1919.87,1893.01,0.25243437,3.4457845983
801018,2013-05-14,1857.13,1900.18,1900.22,1845.47,0.22440867,2.9504654141000004
801018,2013-05-15,1890.76,1862.74,1890.76,1862.74,0.25562075,3.0754736796
801018,2013-05-16,1901.98,1903.76,1930.76,1888.8,0.33275797,4.2451622972
801018,2013-05-17,1928.16,1902.45,1938.92,1898.66,0.32429249,3.9902129044
801018,2013-05-20,1938.97,1940.01,1943.96,1901.65,0.40847402,5.0456193769999995
801018,2013-05-21,1991.82,1938.14,1998.6,1929.88,0.40455773,5.2452736141
801018,2013-05-22,1972.44,1984.45,2002.38,1963.75,0.35543661,4.5170087229
801018,2013-05-23,1965.41,1969.83,1981.16,1956.31,0.29165265,3.6135884733999997
801018,2013-05-24,2021.07,1960.78,2025.66,1960.78,0.33919787,4.515548009
801018,2013-05-27,2087.88,2023.54,2089.38,2016.25,0.50115903,6.1330650886
801018,2013-05-28,2050.03,2085.81,2123.8,2043.48,0.47964282,6.0733594609
801018,2013-05-29,2067.0,2050.77,2086.8,2043.2,0.32310771,4.0898074001
801018,2013-05-30,2071.43,2062.38,2075.36,2044.3,0.2777437,3.3996445056
801018,2013-05-31,2102.16,2076.12,2129.8,2072.98,0.33463349,4.7288613472000005
801018,2013-06-03,2066.68,2102.07,2133.42,2066.68,0.30854714,4.676525449
801018,2013-06-04,1997.92,2059.82,2073.84,1972.18,0.31639167,4.4007757182
801018,2013-06-05,2016.86,1992.01,2024.6,1988.49,0.16118148,2.1742853613
801018,2013-06-06,1991.94,2002.18,2015.15,1986.62,0.18661731,2.5974989318
801018,2013-06-07,1989.48,1987.27,1999.09,1949.39,0.21208451,3.3564462833
801018,2013-06-13,1965.77,1973.87,1973.87,1898.11,0.20112222,3.2054665079
801018,2013-06-14,1996.82,1957.17,2001.33,1957.17,0.17793032,2.8413955746
801018,2013-06-17,2002.53,1995.89,2026.0,1980.48,0.18638462,2.7388119276999996
801018,2013-06-18,1966.48,2002.53,2006.81,1963.21,0.13771403,2.1308571116999997
801018,2013-06-19,1939.57,1960.43,1963.52,1909.06,0.15429103,2.2489988813
801018,2013-06-20,1879.45,1931.96,1933.46,1861.36,0.12303043,1.6981005263
801018,2013-06-21,1875.53,1841.4,1893.07,1814.88,0.12576951,1.7910845072
801018,2013-06-24,1765.7,1875.55,1882.13,1743.51,0.18480881,2.3683260694
801018,2013-06-25,1743.07,1757.84,1771.57,1621.86,0.26068354,3.4133106325
801018,2013-06-26,1791.92,1760.48,1795.49,1745.48,0.17206785,2.3563989408
801018,2013-06-27,1751.16,1798.02,1831.65,1743.64,0.21445983,2.8014468748000003
801018,2013-06-28,1745.65,1740.33,1777.7,1725.03,0.14456197,1.8307077269
801018,2013-07-01,1790.45,1746.28,1791.85,1732.7,0.15462756,1.5401413946
801018,2013-07-02,1869.62,1794.61,1869.62,1792.63,0.30192522,3.0728323618
801018,2013-07-03,1857.22,1839.42,1862.83,1819.99,0.24175148,2.3813401275
801018,2013-07-04,1851.48,1858.8,1876.77,1839.49,0.19551765,2.0026683981
801018,2013-07-05,1821.19,1857.3,1870.66,1818.05,0.20703888,2.1716837102
801018,2013-07-08,1738.19,1800.46,1805.41,1718.24,0.18711932,2.1177839618000003
801018,2013-07-09,1743.28,1733.97,1746.82,1723.09,0.10116333,1.0582766209999999
801018,2013-07-10,1812.55,1740.28,1812.83,1738.05,0.16965048,2.02177709
801018,2013-07-11,1851.09,1814.87,1874.12,1808.27,0.25237069,2.7325278787
801018,2013-07-12,1840.28,1855.45,1881.97,1839.89,0.23337716,2.3556337087
801018,2013-07-15,1880.96,1834.47,1882.41,1833.23,0.19098103,2.3011026281
801018,2013-07-16,1909.6,1880.84,1911.04,1868.46,0.20935096,2.6744500767
801018,2013-07-17,1865.3,1907.8,1921.85,1864.45,0.24193234,2.6643439369
801018,2013-07-18,1865.0,1861.52,1877.27,1842.04,0.16880535,1.9247825425999998
801018,2013-07-19,1825.68,1862.31,1880.63,1825.68,0.26987788,2.9786465895
801018,2013-07-22,1854.96,1807.54,1856.79,1804.38,0.20060704,2.1622098884
801018,2013-07-23,1891.61,1858.71,1892.78,1854.98,0.27671692,2.8431224173
801018,2013-07-24,1896.05,1889.97,1900.71,1866.97,0.24399927,2.7362873693000003
801018,2013-07-25,1876.4,1892.66,1901.31,1854.74,0.22954055,2.8119725469
801018,2013-07-26,1865.79,1871.71,1880.8,1847.43,0.13744204,1.6882033574000002
801018,2013-07-29,1852.4,1860.17,1879.78,1846.13,0.15705048,1.9486320505
801018,2013-07-30,1841.93,1856.17,1861.12,1806.68,0.13316841,1.5842922134
801018,2013-07-31,1852.27,1846.61,1866.78,1843.39,0.12182103,1.3890654479
801018,2013-08-01,1891.82,1855.61,1893.67,1852.36,0.16698909,1.9247321684
801018,2013-08-02,1878.54,1892.88,1896.21,1876.34,0.18251098,2.3714738725999998
801018,2013-08-05,1925.16,1881.33,1927.84,1873.54,0.27807585,3.4754815381
801018,2013-08-06,1934.94,1927.64,1937.46,1916.46,0.32856976,3.9370013025999997
801018,2013-08-07,1937.55,1930.23,1938.23,1907.19,0.30342725,3.9581135081
801018,2013-08-08,1989.39,1934.03,2009.97,1931.08,0.3888475,5.5971439678
801018,2013-08-09,1998.66,1986.7,2018.09,1978.25,0.32758812,4.4983834534
801018,2013-08-12,1999.62,2007.23,2015.47,1977.18,0.30019162,3.4917354144
801018,2013-08-13,2016.44,2001.54,2016.67,1987.6,0.24700242,2.9776423852
801018,2013-08-14,1995.75,2019.87,2045.24,1992.97,0.27617017,3.3322642645999996
801018,2013-08-15,1956.85,1991.69,2000.33,1956.6,0.20609994,2.4273551117
801018,2013-08-16,1930.77,1948.85,1986.02,1924.16,0.22904551,2.7607968222
801018,2013-08-19,1959.17,1930.58,1961.48,1922.33,0.13139573,1.6153782081999999
801018,2013-08-20,1960.36,1954.17,1974.7,1951.45,0.19297976,2.3429501558
801018,2013-08-21,1974.96,1957.2,1975.08,1937.27,0.23329947,2.6822371343
801018,2013-08-22,1977.61,1969.9,1992.12,1969.32,0.24688695,2.6888598713
801018,2013-08-23,1971.21,1975.37,1989.79,1939.23,0.28615757,3.0124065693
801018,2013-08-26,2017.62,1973.77,2018.71,1967.97,0.28403582,3.2206093539999996
801018,2013-08-27,2017.63,2015.19,2019.06,1993.17,0.2964164,3.2011758934
801018,2013-08-28,1986.55,2007.15,2009.09,1979.11,0.47164186,4.27230145
801018,2013-08-29,1987.62,2000.38,2003.52,1969.27,0.55572113,4.7623492
801018,2013-08-30,1953.66,1979.82,1985.11,1941.19,0.52144769,4.7075769966
801018,2013-09-02,1977.91,1955.04,1986.38,1942.27,0.53059834,4.4391097304
801018,2013-09-03,1989.09,1978.95,1989.3,1966.34,0.37662165,3.9291472232999998
801018,2013-09-04,1986.37,1985.25,1993.44,1972.36,0.51848964,4.6169890111
801018,2013-09-05,1981.97,1983.57,1999.18,1973.96,0.34844658,3.4571945169
801018,2013-09-06,1974.37,1981.31,1981.77,1961.96,0.33334778,3.1486499402
801018,2013-09-09,1982.25,1974.46,1987.93,1968.41,0.24751526,2.9338303854000003
801018,2013-09-10,1971.18,1990.72,1990.72,1959.08,0.33244515,3.4315232005
801018,2013-09-11,1959.75,1972.48,1972.48,1948.78,0.28906287,3.0947432639
801018,2013-09-12,1954.34,1944.97,1968.99,1944.97,0.30031806,3.3003156425999998
801018,2013-09-13,1968.46,1958.09,1971.75,1954.81,0.29393552,3.6710472271
801018,2013-09-16,1980.11,1973.68,1981.43,1960.02,0.31943533,3.398168169
801018,2013-09-17,1961.32,1981.41,1981.41,1951.68,0.22695083,2.5980272915000002
801018,2013-09-18,2001.79,1951.57,2002.52,1951.39,0.25513793,2.9189799048
801018,2013-09-23,2024.2,2001.17,2024.53,1998.62,0.34433564,3.6037600265
801018,2013-09-24,2008.35,2022.95,2023.83,1997.47,0.2159471,2.5594703842
801018,2013-09-25,2004.01,2013.94,2027.0,1995.01,0.30400783,3.6921301268
801018,2013-09-26,1988.94,1991.97,2004.12,1979.08,0.22428826,2.9286096598
801018,2013-09-27,2004.71,1986.48,2004.71,1983.66,0.19219972,2.5292825052000003
801018,2013-09-30,2031.97,2004.2,2038.74,2003.55,0.2375848,3.1529126766
801018,2013-10-08,2027.85,2031.87,2032.69,1992.66,0.20889518,2.6755249141
801018,2013-10-09,2057.38,2028.53,2058.89,2023.05,0.32745239,4.159966263
801018,2013-10-10,2072.47,2059.67,2084.06,2052.67,0.51562221,5.379303209500001
801018,2013-10-11,2137.57,2099.89,2137.57,2086.59,0.48137083,5.558185421799999
801018,2013-10-14,2131.26,2141.32,2155.63,2117.35,0.86620804,8.419135749199999
801018,2013-10-15,2155.74,2122.36,2159.66,2120.8,0.67037744,6.7960685456
801018,2013-10-16,2152.18,2148.06,2185.53,2108.65,0.60405656,7.3935722649
801018,2013-10-17,2189.48,2158.17,2213.46,2155.72,0.57862033,6.744466921799999
801018,2013-10-18,2185.51,2185.58,2196.63,2170.57,0.42164294,4.7021011422
801018,2013-10-21,2219.81,2203.94,2230.78,2189.13,0.50803534,6.118176504199999
801018,2013-10-22,2202.06,2221.67,2221.79,2189.63,0.4949218,6.0729838353
801018,2013-10-23,2123.67,2201.87,2203.25,2106.1,0.41110964,5.0236348009
801018,2013-10-24,2126.52,2121.83,2151.15,2111.18,0.20390123,2.7469615426
801018,2013-10-25,2100.56,2132.05,2138.41,2084.63,0.26349664,3.605241775
801018,2013-10-28,2089.04,2120.95,2120.95,2084.75,0.16897906,2.188914456
801018,2013-10-29,2021.94,2091.77,2104.08,1973.64,0.33425775,3.9264358274
801018,2013-10-30,2041.87,2018.14,2045.67,2009.45,0.17643547,2.0062640743999998
801018,2013-10-31,2037.43,2041.84,2049.86,2015.32,0.16387246,2.3458051498
801018,2013-11-01,2028.74,2032.77,2040.23,2011.82,0.16342294,1.9233235352000002
801018,2013-11-04,2041.39,2029.84,2061.73,2027.61,0.18132807,2.1684601857
801018,2013-11-05,2057.69,2036.29,2058.27,2019.86,0.17931343,2.1014783863999997
801018,2013-11-06,2051.74,2063.76,2074.45,2045.58,0.25701496,2.9437647529000004
801018,2013-11-07,2029.9,2042.34,2057.17,2027.44,0.18041261,2.1302215139
801018,2013-11-08,1997.36,2013.12,2029.79,1987.09,0.18917589,2.065747979
801018,2013-11-11,2009.96,1998.81,2018.0,1978.6,0.15702323,1.6509420999000002
801018,2013-11-12,2019.99,2008.07,2027.84,1998.97,0.20852069,2.4053596819
801018,2013-11-13,2001.28,2017.88,2020.68,1995.52,0.17506714,2.181598749
801018,2013-11-14,2052.69,1997.73,2054.55,1996.25,0.22997288,3.4455535182
801018,2013-11-15,2102.34,2060.42,2112.58,2059.16,0.35483136,5.7807273467
801018,2013-11-18,2140.29,2095.63,2141.47,2095.63,0.2997223,4.6646772281999995
801018,2013-11-19,2146.01,2133.8,2154.56,2132.95,0.26522443,3.7370272869
801018,2013-11-20,2143.6,2142.09,2160.86,2133.17,0.24183401,3.917468683
801018,2013-11-21,2123.05,2138.99,2141.42,2109.02,0.24668465,3.5875399586000003
801018,2013-11-22,2171.63,2127.3,2179.9,2110.29,0.35423734,4.3177471532
801018,2013-11-25,2191.91,2173.14,2218.44,2168.0,0.28005124,4.2675057187
801018,2013-11-26,2209.26,2187.57,2211.85,2174.65,0.27855678,3.9946698639999996
801018,2013-11-27,2223.92,2207.16,2231.52,2200.4,0.34945761,4.8589049039
801018,2013-11-28,2236.06,2222.77,2257.19,2218.76,0.33725146,4.9740467292
801018,2013-11-29,2271.47,2243.54,2272.2,2243.54,0.48391506,6.848645997
801018,2013-12-02,2154.74,2206.06,2233.37,2139.37,0.44396505,5.8326693387
801018,2013-12-03,2252.81,2138.82,2256.03,2130.8,0.46461663,5.9090542987
801018,2013-12-04,2277.39,2244.9,2309.6,2244.11,0.55182281,7.0790138734
801018,2013-12-05,2261.16,2272.36,2279.32,2247.56,0.34807876,4.7292355351
801018,2013-12-06,2257.57,2260.07,2283.52,2250.32,0.28763479,3.9647353465
801018,2013-12-09,2317.49,2272.8,2320.09,2262.17,0.33004871,4.9842848354000004
801018,2013-12-10,2299.75,2322.76,2326.56,2297.53,0.28642666,4.6491211645999995
801018,2013-12-11,2288.33,2299.47,2301.11,2274.92,0.28012705,5.3658552083
801018,2013-12-12,2277.4,2282.24,2298.8,2269.85,0.22327016,4.0797724125
801018,2013-12-13,2270.95,2262.14,2281.92,2257.89,0.20258275,3.5522686422000005
801018,2013-12-16,2243.56,2278.8,2287.37,2238.6,0.32058501,4.8451398136
801018,2013-12-17,2228.7,2239.25,2256.81,2214.77,0.2102305,2.8193336047
801018,2013-12-18,2238.17,2232.74,2253.82,2212.9,0.18282468,2.6297690274
801018,2013-12-19,2229.13,2234.86,2261.0,2228.28,0.20602413,2.7112967845
801018,2013-12-20,2238.34,2233.61,2261.69,2222.36,0.29963845,3.8370296048
801018,2013-12-23,2299.37,2254.57,2306.16,2233.82,0.68422055,7.7673895124
801018,2013-12-24,2292.11,2284.93,2292.11,2268.3,0.47858359,5.502036937100001
801018,2013-12-25,2310.2,2299.4,2310.2,2285.0,0.45792009,5.4953046571
801018,2013-12-26,2300.63,2298.44,2369.12,2298.44,0.5342198,7.0181386453
801018,2013-12-27,2360.64,2294.72,2368.37,2276.33,0.48641946,6.926313273300001
801018,2013-12-30,2362.47,2372.56,2375.5,2348.31,0.34577118,4.7658771876
801018,2013-12-31,2350.06,2355.46,2362.71,2329.94,0.2777145,3.9315722095
801018,2014-01-02,2367.64,2348.93,2367.64,2335.83,0.28583817,4.2021660423
801018,2014-01-03,2340.26,2369.33,2383.98,2337.65,0.31030487,4.4708399088999995
801018,2014-01-06,2278.97,2327.22,2341.09,2262.86,0.32967609,4.6878347995
801018,2014-01-07,2315.36,2278.48,2323.68,2257.23,0.24085126,3.7142269881
801018,2014-01-08,2307.31,2323.35,2344.34,2295.82,0.22819901,3.3293406736
801018,2014-01-09,2277.35,2300.16,2320.82,2276.78,0.24063532,3.2710879968
801018,2014-01-10,2217.39,2264.53,2271.59,2213.06,0.21260385,2.9317715711
801018,2014-01-13,2192.91,2221.77,2234.65,2182.81,0.1969737,2.540920348
801018,2014-01-14,2240.41,2195.6,2243.87,2186.04,0.13935205,1.9858918144
801018,2014-01-15,2260.01,2241.98,2260.14,2235.03,0.19856546,2.5246844472
801018,2014-01-16,2282.97,2259.53,2297.86,2253.27,0.19648592,2.8150790960000003
801018,2014-01-17,2245.96,2279.53,2279.86,2244.91,0.15841266,2.4443989194999998
801018,2014-01-20,2220.88,2256.02,2272.21,2191.72,0.23847359,3.6875357887
801018,2014-01-21,2231.67,2226.47,2250.4,2216.53,0.17912062,2.5129224324
801018,2014-01-22,2279.78,2227.48,2280.75,2226.65,0.22622201,3.1235601849
801018,2014-01-23,2273.64,2277.48,2290.04,2269.8,0.25923844,3.6161280759
801018,2014-01-24,2320.47,2270.82,2330.95,2268.28,0.35676356,5.2800783537000004
801018,2014-01-27,2276.72,2318.77,2328.23,2273.32,0.37966678,5.2833960355
801018,2014-01-28,2288.84,2270.11,2305.63,2259.79,0.36801749,4.377168463
801018,2014-01-29,2329.71,2296.8,2331.31,2296.8,0.39951998,4.9639009218
801018,2014-01-30,2370.2,2345.96,2409.88,2345.96,0.30451861,4.7900590818
801018,2014-02-07,2415.46,2350.49,2415.46,2343.25,0.24682392,3.5255862269
801018,2014-02-10,2457.28,2420.72,2472.88,2418.01,0.43923646,6.2018769021
801018,2014-02-11,2432.35,2451.54,2469.7,2412.63,0.39367164,5.5632615546
801018,2014-02-12,2480.88,2427.0,2485.86,2427.0,0.36230837,5.3909262574
801018,2014-02-13,2411.71,2471.53,2479.35,2410.2,0.34239682,4.7816966036
801018,2014-02-14,2443.66,2413.6,2450.32,2413.6,0.27882647,4.466462303999999
801018,2014-02-17,2487.63,2451.57,2487.63,2450.25,0.42560927,6.1214468101
801018,2014-02-18,2496.71,2478.63,2499.19,2476.94,0.48386126,6.8014689638
801018,2014-02-19,2470.35,2489.42,2502.05,2452.69,0.34961319,4.9061349493
801018,2014-02-20,2422.82,2463.47,2474.74,2419.43,0.30696482,4.3940300296
801018,2014-02-21,2377.73,2422.3,2437.24,2363.13,0.358071,4.6647306611
801018,2014-02-24,2398.46,2375.21,2400.33,2316.94,0.3079935,4.216714451600001
801018,2014-02-25,2297.44,2395.63,2413.3,2287.42,0.38141421,5.5908016517
801018,2014-02-26,2296.32,2277.98,2307.65,2240.82,0.22594027,3.399376849
801018,2014-02-27,2258.74,2299.46,2319.32,2257.82,0.20506602,2.9613215411000002
801018,2014-02-28,2283.8,2260.9,2284.16,2234.96,0.18847914,2.7157862526
801018,2014-03-03,2325.6,2280.25,2325.6,2275.11,0.21649511,2.9957520663999997
801018,2014-03-04,2291.76,2313.07,2318.88,2269.33,0.18258725,2.5801879511
801018,2014-03-05,2287.24,2291.68,2308.66,2283.44,0.17770191,2.317388575
801018,2014-03-06,2279.0,2291.92,2293.64,2257.73,0.17666882,2.3667272147
801018,2014-03-07,2272.6,2285.9,2290.09,2263.08,0.17593663,2.2995845647
801018,2014-03-10,2211.1,2263.28,2271.58,2209.0,0.194405,2.6172989629
801018,2014-03-11,2196.98,2204.88,2225.79,2187.36,0.13526827,1.7765416413
801018,2014-03-12,2180.12,2194.0,2209.29,2135.41,0.15517892,2.1527531865
801018,2014-03-13,2196.26,2179.77,2200.54,2176.01,0.15463086,2.0690650768000003
801018,2014-03-14,2214.31,2188.44,2222.22,2188.44,0.17144902,2.7536978938
801018,2014-03-17,2258.76,2213.69,2263.29,2206.78,0.21249352,3.172801518
801018,2014-03-18,2268.81,2273.26,2278.91,2252.89,0.21299001,2.9290238363
801018,2014-03-19,2243.96,2268.77,2269.04,2231.63,0.14797384,1.9640596595
801018,2014-03-20,2182.24,2234.99,2252.22,2181.57,0.1627936,2.1445754387
801018,2014-03-21,2212.44,2177.39,2212.91,2146.45,0.17776472,2.228451204
801018,2014-03-24,2224.82,2213.95,2232.41,2205.39,0.15209047,1.8940215551
801018,2014-03-25,2227.06,2216.4,2239.99,2213.75,0.16477798,2.1733208019
801018,2014-03-26,2264.3,2230.17,2265.1,2229.2,0.15201456,2.2954346586
801018,2014-03-27,2219.59,2264.13,2264.13,2217.18,0.15178788,1.9866886752000001
801018,2014-03-28,2159.89,2222.6,2233.38,2159.89,0.15384125,2.2197995107
801018,2014-03-31,2147.8,2165.52,2177.94,2125.36,0.11772404,1.4970013743000001
801018,2014-04-01,2170.65,2151.17,2175.0,2144.87,0.12626765,1.6100809944999999
801018,2014-04-02,2144.79,2171.57,2178.72,2139.24,0.12053773,1.4731325872
801018,2014-04-03,2133.15,2144.84,2160.52,2127.82,0.12551529,1.6022765782
801018,2014-04-04,2167.76,2135.39,2174.51,2128.21,0.16667113,1.7969690462999999
801018,2014-04-08,2188.26,2162.74,2193.41,2160.45,0.21297102,2.8249320867
801018,2014-04-09,2198.31,2184.06,2203.05,2178.83,0.22688512,2.8084463289999997
801018,2014-04-10,2191.35,2190.91,2209.2,2183.62,0.27038193,3.9704476536
801018,2014-04-11,2197.9,2184.5,2206.85,2181.53,0.20476993,2.5832747323
801018,2014-04-14,2210.41,2191.76,2214.61,2191.76,0.24590809,2.7675962166000003
801018,2014-04-15,2176.36,2210.36,2211.51,2175.45,0.17962191,2.28182732
801018,2014-04-16,2198.01,2170.01,2198.23,2169.62,0.15579048,2.1407491918
801018,2014-04-17,2194.29,2213.09,2213.37,2191.31,0.1281783,1.7499270977
801018,2014-04-18,2190.37,2190.71,2194.38,2177.82,0.10756976,1.4546073987
801018,2014-04-21,2143.22,2182.31,2186.08,2141.38,0.17901959,2.2313847347999998
801018,2014-04-22,2117.11,2138.19,2153.8,2108.04,0.17034349,2.1044075702000002
801018,2014-04-23,2128.63,2118.34,2132.31,2111.19,0.10679344,1.3272583284000001
801018,2014-04-24,2110.83,2125.37,2129.27,2108.39,0.10340965,1.1932376811
801018,2014-04-25,2087.01,2125.28,2140.97,2087.01,0.19976017,2.8436023841000004
801018,2014-04-28,2026.36,2075.1,2081.61,2009.51,0.16684902,2.0078972128
801018,2014-04-29,2070.89,2040.93,2075.87,2038.92,0.13296982,2.1733782318
801018,2014-04-30,2115.74,2071.71,2117.54,2064.07,0.11100779,1.9542233215
801018,2014-05-05,2155.55,2114.64,2157.86,2110.68,0.13114754,2.3367784698
801018,2014-05-06,2157.43,2152.08,2173.44,2145.44,0.14338577,1.9845367319
801018,2014-05-07,2141.06,2147.28,2160.14,2140.95,0.10689773,1.4937275631
801018,2014-05-08,2132.61,2135.59,2161.58,2123.52,0.08391991,1.1073683276000001
801018,2014-05-09,2124.59,2132.95,2140.13,2107.1,0.08891871,1.1856995211
801018,2014-05-12,2153.9,2138.49,2161.11,2129.7,0.12557552,1.6350031694
801018,2014-05-13,2160.75,2153.87,2188.66,2149.66,0.13431442,1.8259245781
801018,2014-05-14,2157.59,2161.1,2171.52,2154.13,0.21245933,2.7741525341
801018,2014-05-15,2124.28,2159.43,2165.88,2116.18,0.19025088,2.4741369491
801018,2014-05-16,2103.77,2119.89,2123.88,2078.65,0.14578165,1.8935374799
801018,2014-05-19,2095.88,2101.77,2113.81,2086.94,0.09361283,1.1172707635999999
801018,2014-05-20,2088.76,2088.24,2109.11,2066.73,0.12387429,1.5751505699000001
801018,2014-05-21,2092.65,2078.82,2099.34,2071.44,0.12511097,1.5394489207
801018,2014-05-22,2110.78,2092.93,2121.56,2092.36,0.18406014,1.8581548256
801018,2014-05-23,2114.23,2109.47,2117.02,2094.97,0.16222146,1.5010038553999998
801018,2014-05-26,2153.08,2111.83,2155.7,2111.83,0.17161252,1.9139441593000002
801018,2014-05-27,2147.82,2153.43,2161.27,2142.29,0.10381332,1.1760333782999999
801018,2014-05-28,2167.06,2146.88,2170.14,2145.71,0.14744074,1.7289222023
801018,2014-05-29,2134.45,2167.2,2173.61,2131.11,0.11700403,1.3683314434
801018,2014-05-30,2141.88,2132.2,2149.8,2128.76,0.08170483,0.9103386397
801018,2014-06-03,2161.15,2143.09,2163.45,2141.64,0.09438127,1.1645547920000001
801018,2014-06-04,2132.09,2158.54,2161.45,2121.7,0.10846106,1.2349460811
801018,2014-06-05,2155.59,2126.13,2161.29,2125.65,0.12904783,1.3524410099000002
801018,2014-06-06,2156.05,2154.93,2162.37,2137.02,0.22157158,1.9555429153
801018,2014-06-09,2141.63,2151.54,2167.38,2141.27,0.15600429,1.5507468247999998
801018,2014-06-10,2199.51,2141.14,2203.16,2132.95,0.16406219,2.4374015578
801018,2014-06-11,2215.14,2202.64,2219.34,2194.1,0.18297915,2.2556666328
801018,2014-06-12,2216.55,2207.83,2232.91,2201.26,0.15819976,2.1102900124
801018,2014-06-13,2250.88,2210.24,2261.26,2210.24,0.2159936,2.7951918823
801018,2014-06-16,2255.25,2251.17,2267.25,2233.46,0.15816622,1.8914965171
801018,2014-06-17,2236.48,2250.42,2254.97,2235.46,0.16916797,1.9454323918
801018,2014-06-18,2204.64,2243.4,2244.72,2194.32,0.13653082,1.7418188416999998
801018,2014-06-19,2165.05,2207.57,2219.86,2151.92,0.23323339,2.1939324488
801018,2014-06-20,2188.18,2160.17,2188.64,2160.17,0.18012369,1.6004867755
801018,2014-06-23,2222.64,2189.95,2231.3,2187.65,0.13920165,1.4828451263999998
801018,2014-06-24,2233.61,2222.55,2240.11,2215.41,0.14501288,1.5024251289
801018,2014-06-25,2227.96,2226.45,2234.2,2218.82,0.13395341,1.1858216803
801018,2014-06-26,2242.43,2230.2,2256.48,2214.77,0.20987347,2.1567674403
801018,2014-06-27,2252.14,2247.13,2262.4,2241.07,0.22493218,2.3183931057
801018,2014-06-30,2259.35,2254.44,2270.39,2239.73,0.28350874,2.8634932804
801018,2014-07-01,2291.21,2260.04,2291.21,2251.4,0.23991299,2.6614407051
801018,2014-07-02,2304.97,2288.46,2304.97,2275.21,0.26575381,2.8539879676999997
801018,2014-07-03,2344.75,2295.6,2346.0,2294.8,0.32723992,3.7769418085
801018,2014-07-04,2326.84,2346.18,2357.19,2323.42,0.25008818,2.9135325981
801018,2014-07-07,2339.12,2324.4,2353.45,2319.33,0.19686666,2.4016518075
801018,2014-07-08,2377.56,2336.11,2378.32,2329.92,0.20011665,2.4109506491999997
801018,2014-07-09,2326.88,2365.32,2377.5,2322.41,0.23960725,2.7268748811
801018,2014-07-10,2317.4,2324.39,2345.18,2307.01,0.13774049,1.6003989394
801018,2014-07-11,2348.12,2308.74,2348.47,2308.31,0.13803393,1.7590545219
801018,2014-07-14,2359.01,2342.69,2361.12,2339.04,0.23659835,2.5942970623
801018,2014-07-15,2346.15,2368.33,2368.33,2334.58,0.20702472,2.308868276
801018,2014-07-16,2359.73,2338.81,2380.64,2338.81,0.24208991,3.0299188569999997
801018,2014-07-17,2340.42,2351.06,2354.31,2317.28,0.14963254,1.6829199631
801018,2014-07-18,2345.23,2338.31,2360.28,2338.31,0.17268886,2.0712143250999997
801018,2014-07-21,2330.76,2342.66,2357.77,2322.1,0.1808379,2.0276449118
801018,2014-07-22,2380.14,2336.02,2387.81,2335.58,0.37912377,4.0732233833
801018,2014-07-23,2371.58,2380.15,2380.15,2345.95,0.27327689,3.1550035336
801018,2014-07-24,2353.36,2370.68,2371.82,2334.25,0.27829885,2.6653421113999998
801018,2014-07-25,2367.14,2352.48,2370.22,2342.68,0.35740099,3.0554691898
801018,2014-07-28,2375.48,2369.88,2385.01,2369.88,0.3761031,3.8970834538999997
801018,2014-07-29,2328.47,2374.17,2374.51,2324.2,0.34012531,5.149624102
801018,2014-07-30,2343.73,2324.32,2347.21,2322.29,0.31830194,3.9520366001
801018,2014-07-31,2347.56,2341.67,2352.08,2337.85,0.30670579,3.3749496578
801018,2014-08-01,2351.89,2346.93,2379.02,2333.91,0.6434271,7.7774489008000005
801018,2014-08-04,2379.75,2345.71,2383.03,2345.71,0.40157817,5.3081768983
801018,2014-08-05,2379.57,2380.5,2380.5,2355.33,0.36826286,4.7364808424
801018,2014-08-06,2376.74,2375.69,2392.72,2366.23,0.44256948,5.5443404984
801018,2014-08-07,2358.65,2376.99,2380.46,2353.39,0.28372241,3.5409778844
801018,2014-08-08,2379.56,2362.63,2383.97,2362.04,0.26240846,3.2694511617
801018,2014-08-11,2426.82,2384.59,2426.82,2384.59,0.41894558,5.6082708864
801018,2014-08-12,2441.56,2420.66,2445.66,2415.45,0.39147323,4.9020096836
801018,2014-08-13,2417.38,2442.49,2442.49,2406.17,0.2828807,3.4379726767000003
801018,2014-08-14,2418.44,2418.15,2428.52,2412.06,0.33259356,4.5375057512
801018,2014-08-15,2430.3,2412.63,2433.61,2407.77,0.28168188,3.8956876504
801018,2014-08-18,2459.64,2436.27,2460.72,2433.53,0.17767784,2.2790084549
801018,2014-08-19,2446.68,2464.58,2464.58,2438.09,0.25193313,2.9505398511000003
801018,2014-08-20,2456.73,2449.45,2465.59,2449.33,0.19283967,2.3940546725
801018,2014-08-21,2457.66,2456.55,2464.26,2441.64,0.22106333,2.4261460255
801018,2014-08-22,2440.61,2458.93,2467.83,2407.23,0.19512601,2.7701462808999997
801018,2014-08-25,2449.08,2464.85,2473.78,2440.61,0.39938082,4.429287937
801018,2014-08-26,2444.02,2469.07,2482.6,2440.54,0.27007316,2.8847313933999996
801018,2014-08-27,2488.81,2474.99,2495.7,2474.99,0.19056095,2.2785868047
801018,2014-08-28,2470.47,2514.56,2514.56,2468.9,0.68992699,8.5459499675
801018,2014-08-29,2486.02,2457.7,2487.35,2455.98,0.39143886,4.7972450395
801018,2014-09-01,2508.12,2487.26,2509.18,2477.89,0.33209685,3.978754032
801018,2014-09-02,2571.4,2516.11,2573.29,2516.11,0.59035267,7.410091797000001
801018,2014-09-03,2582.36,2569.33,2586.78,2559.34,0.39455555,5.1831585156
801018,2014-09-04,2582.81,2579.13,2594.71,2571.2,0.4103281,4.7329170845999995
801018,2014-09-05,2585.92,2570.22,2588.96,2563.8,0.33322129,4.3275711388
801018,2014-09-09,2578.32,2586.41,2589.1,2562.2,0.33327848,4.2357104554000005
801018,2014-09-10,2586.35,2575.52,2590.88,2557.32,0.34214247,3.951101786
801018,2014-09-11,2573.46,2592.98,2611.31,2563.05,0.61619292,6.9808907699
801018,2014-09-12,2598.02,2580.68,2599.36,2578.88,0.35150742,4.4295524067
801018,2014-09-15,2663.97,2596.3,2683.3,2591.68,0.38852001,5.596115340800001
801018,2014-09-16,2592.6,2654.69,2681.06,2588.25,0.4152043,5.3131714818999995
801018,2014-09-17,2611.51,2593.28,2611.63,2556.86,0.29137451,3.8609392115
801018,2014-09-18,2648.92,2613.58,2658.6,2596.33,0.23232293,3.4867104561
801018,2014-09-19,2656.67,2648.43,2657.61,2643.29,0.19771124,2.1403014345
801018,2014-09-22,2639.81,2656.55,2656.94,2634.32,0.20116415,2.1711844723
801018,2014-09-23,2645.95,2637.75,2651.11,2636.4,0.25301834,2.8979719448
801018,2014-09-24,2662.53,2645.01,2666.34,2640.96,0.34069678,3.6053473970999996
801018,2014-09-25,2659.38,2664.0,2673.34,2652.86,0.28532,3.2191465385000004
801018,2014-09-26,2677.6,2656.22,2678.44,2654.82,0.36399843,3.9425525344
801018,2014-09-29,2692.38,2684.12,2695.14,2679.28,0.36801185,3.9370448626
801018,2014-09-30,2697.5,2697.5,2701.33,2687.67,0.31601002,3.4660321629000004
801018,2014-10-08,2711.48,2698.55,2711.48,2686.67,0.3122009,3.3749026315
801018,2014-10-09,2742.1,2715.18,2761.58,2711.34,0.58240028,6.6658367852
801018,2014-10-10,2726.0,2733.29,2744.68,2720.9,0.33831542,3.9130835680000002
801018,2014-10-13,2734.49,2721.29,2734.49,2704.28,0.31538142,3.7910841654
801018,2014-10-14,2783.38,2813.22,2835.48,2767.68,0.37038926,7.0785006994
801018,2014-10-15,2781.47,2766.51,2805.55,2746.02,0.39738176,5.4046704619
801018,2014-10-16,2759.84,2772.85,2824.65,2744.3,0.67893573,9.092182478
801018,2014-10-17,2749.32,2750.41,2760.45,2704.83,0.53303524,7.2964768751
801018,2014-10-20,2754.66,2762.48,2780.16,2733.72,0.54976379,7.9821308416
801018,2014-10-21,2719.61,2740.22,2753.96,2711.22,0.3515656,5.0443450693
801018,2014-10-22,2692.3,2713.34,2727.65,2680.72,0.29585976,4.218918896
801018,2014-10-23,2619.0,2689.92,2692.85,2611.53,0.32783617,4.3862600795999995
801018,2014-10-24,2641.75,2618.53,2651.66,2606.86,0.206571,2.7535919682
801018,2014-10-27,2642.89,2649.99,2651.49,2621.95,0.21248489,2.8882876630000003
801018,2014-10-28,2705.71,2649.92,2711.14,2644.76,0.33139752,4.2771866993000005
801018,2014-10-29,2720.8,2721.19,2732.12,2708.63,0.40765473,5.1176731608
801018,2014-10-30,2760.13,2720.3,2762.49,2713.43,0.54247387,7.5829543192
801018,2014-10-31,2745.65,2761.64,2762.98,2726.85,0.37597556,4.8996396856
801018,2014-11-03,2782.5,2768.69,2782.5,2757.03,0.34823878,4.5267495748
801018,2014-11-04,2739.72,2793.72,2800.71,2729.42,0.62558841,9.5699884926
801018,2014-11-05,2742.46,2737.92,2756.81,2721.93,0.48488959,7.3794976083
801018,2014-11-06,2744.22,2733.61,2744.22,2707.86,0.35466511,5.1632122782
801018,2014-11-07,2712.28,2746.2,2758.34,2700.38,0.4053188,5.6113000228
801018,2014-11-10,2722.33,2709.82,2722.37,2696.45,0.27751244,3.8374975502999997
801018,2014-11-11,2648.88,2718.64,2726.71,2603.9,0.42808044,5.539263265
801018,2014-11-12,2664.12,2633.85,2665.32,2631.88,0.21073705,2.7691886884
801018,2014-11-13,2643.93,2660.34,2675.19,2634.72,0.33180012,4.3775601682
801018,2014-11-14,2633.23,2641.62,2644.08,2612.32,0.20510929,2.6531787973
801018,2014-11-17,2667.66,2629.24,2674.17,2629.24,0.20510592,2.7290583737
801018,2014-11-18,2676.3,2664.2,2683.56,2662.06,0.24074749,3.3222416718
801018,2014-11-19,2701.23,2670.95,2709.92,2670.66,0.24453432,3.3807145861000003
801018,2014-11-20,2693.3,2711.85,2713.25,2690.06,0.21794237,2.8536941160000002
801018,2014-11-21,2695.27,2692.68,2704.55,2683.61,0.24864676,3.4431375102999997
801018,2014-11-24,2697.68,2709.94,2715.63,2687.95,0.33763689,4.5968333002
801018,2014-11-25,2698.73,2698.35,2698.86,2676.8,0.41175565,5.4689941689
801018,2014-11-26,2695.62,2701.83,2712.82,2682.95,0.53952226,7.547635174500001
801018,2014-11-27,2706.37,2704.87,2715.92,2692.65,0.52758282,7.0275620474
801018,2014-11-28,2745.34,2708.12,2785.99,2705.21,0.6211918,8.9491385277
801018,2014-12-01,2714.5,2743.04,2767.16,2713.3,0.42962987,5.996641085399999
801018,2014-12-02,2740.4,2709.24,2745.91,2708.05,0.43819153,5.8852343319000004
801018,2014-12-03,2772.36,2746.21,2772.36,2712.79,0.7877797,9.5694384803
801018,2014-12-04,2803.26,2773.72,2810.47,2773.72,0.76902385,10.0801693085
801018,2014-12-05,2702.8,2808.76,2808.76,2669.85,0.70751296,9.4280527474
801018,2014-12-08,2677.78,2693.39,2702.8,2654.83,0.59847104,7.8431337193
801018,2014-12-09,2559.73,2672.51,2672.51,2557.82,0.70178725,9.3689168346
801018,2014-12-10,2654.09,2559.49,2654.94,2556.01,0.42184626,5.6423808435
801018,2014-12-11,2675.08,2651.7,2678.18,2641.9,0.55816211,7.5657382497
801018,2014-12-12,2686.89,2677.57,2688.24,2665.97,0.40714048,5.630152743099999
801018,2014-12-15,2712.08,2680.41,2718.43,2670.42,0.45927609,6.6708312412
801018,2014-12-16,2741.92,2711.74,2743.05,2694.59,0.52385394,8.0430741775
801018,2014-12-17,2695.86,2740.92,2742.46,2675.06,0.46611275,6.4509211029
801018,2014-12-18,2680.51,2689.63,2704.43,2664.69,0.34850529,4.8243859399
801018,2014-12-19,2633.61,2677.13,2692.54,2601.07,0.43392642,5.6546475141
801018,2014-12-22,2561.45,2634.07,2634.76,2507.68,0.47917893,6.125532739
801018,2014-12-23,2524.49,2553.65,2573.2,2520.8,0.25421536,3.4035767264
801018,2014-12-24,2586.42,2543.36,2586.42,2529.94,0.28722409,3.5907362981
801018,2014-12-25,2601.55,2598.48,2601.76,2583.16,0.25369194,3.4537072531
801018,2014-12-26,2617.89,2603.56,2628.42,2601.13,0.28911756,4.1352085383
801018,2014-12-29,2574.85,2626.62,2626.62,2558.16,0.35704257,4.4235129418
801018,2014-12-30,2533.65,2563.05,2583.84,2522.05,0.25376036,3.5624909629
801018,2014-12-31,2560.44,2537.13,2564.76,2523.04,0.1817196,2.4917580728999997
801018,2015-01-05,2571.78,2557.7,2578.89,2533.7,0.27096714,3.7609493899
801018,2015-01-06,2626.86,2563.26,2629.8,2548.63,0.37008577,5.1791358016
801018,2015-01-07,2657.89,2624.92,2663.54,2616.71,0.31884729,4.9804394662
801018,2015-01-08,2732.04,2659.61,2757.86,2654.04,0.44923422,7.4191773737
801018,2015-01-09,2715.94,2718.82,2758.03,2712.02,0.32692953,5.196841718
801018,2015-01-12,2697.68,2728.09,2730.8,2676.61,0.25990263,4.3376054389
801018,2015-01-13,2717.96,2694.45,2726.45,2679.99,0.22903538,3.7869976224
801018,2015-01-14,2823.13,2720.14,2853.94,2720.14,0.37382193,7.1799301417
801018,2015-01-15,2819.73,2819.17,2843.13,2805.64,0.27377668,4.9699760482999995
801018,2015-01-16,2820.59,2814.27,2847.01,2786.81,0.22558055,4.0565104155
801018,2015-01-19,2773.1,2774.32,2856.55,2739.91,0.4834916,7.5385068226
801018,2015-01-20,2922.32,2780.8,2922.69,2780.8,0.54990419,8.773508946
801018,2015-01-21,2941.85,2930.92,2959.12,2918.68,0.73762508,9.8234421336
801018,2015-01-22,3031.42,2960.19,3041.59,2948.6,0.61392286,8.9513598501
801018,2015-01-23,3000.16,3041.28,3043.69,2995.63,0.46880686,6.3250956971
801018,2015-01-26,3023.16,3001.52,3031.49,2999.55,0.4459743,5.8830255951999995
801018,2015-01-27,3002.09,3034.9,3036.72,2973.19,0.51618846,7.2537152214
801018,2015-01-28,3020.14,2990.98,3035.76,2975.22,0.41039656,6.307772443999999
801018,2015-01-29,2971.68,3013.55,3013.73,2970.58,0.29100155,4.1084413189
801018,2015-01-30,2996.35,2996.8,3034.51,2991.13,0.27704691,4.4573508827
801018,2015-02-02,3073.15,2988.01,3078.85,2973.52,0.45609761,7.3764033553
801018,2015-02-03,3080.6,3093.48,3093.48,3051.69,0.32967505,4.9359276384
801018,2015-02-04,3046.6,3078.02,3087.97,3043.34,0.30831218,4.5419800511
801018,2015-02-05,3001.7,3021.05,3064.73,2999.56,0.33672567,4.9537484858
801018,2015-02-06,2989.96,2985.76,3019.9,2979.69,0.26970729,3.8532243513999997
801018,2015-02-09,2966.21,2979.42,3001.96,2951.1,0.16804041,2.6162891312
801018,2015-02-10,2977.86,2960.62,2983.07,2943.99,0.17208911,2.4808322940000003
801018,2015-02-11,3001.73,2978.64,3001.73,2968.97,0.2525288,3.6882189635000002
801018,2015-02-12,2998.02,3010.77,3010.77,2979.95,0.25037157,4.0216732286
801018,2015-02-13,3094.22,3006.92,3098.83,3001.02,0.29892655,4.9178567014
801018,2015-02-16,3135.08,3104.78,3137.66,3101.74,0.34668792,4.8439782723
801018,2015-02-17,3140.11,3139.68,3157.09,3115.2,0.31380085,4.3054628049
801018,2015-02-25,3198.53,3139.87,3218.28,3127.52,0.53899833,7.4424080983000005
801018,2015-02-26,3211.2,3196.72,3218.72,3192.14,0.36516919,5.3764698715999995
801018,2015-02-27,3213.43,3214.05,3233.85,3210.06,0.33740676,5.0069046586
801018,2015-03-02,3246.11,3226.06,3249.69,3217.15,0.47718083,6.8366965524
801018,2015-03-03,3244.4,3237.28,3278.98,3207.11,0.50493535,7.8552555728
801018,2015-03-04,3265.4,3241.5,3266.41,3228.74,0.48749384,7.332149085299999
801018,2015-03-05,3244.64,3258.52,3262.7,3235.5,0.27153067,4.4130513304
801018,2015-03-06,3263.2,3246.42,3279.36,3230.09,0.2514505,4.2826431098
801018,2015-03-09,3232.17,3252.16,3256.28,3211.52,0.26475897,3.9879172471
801018,2015-03-10,3243.65,3237.51,3251.68,3232.08,0.24406752,3.7270284958
801018,2015-03-11,3245.03,3241.58,3254.72,3234.73,0.2769674,3.9719673556
801018,2015-03-12,3302.97,3259.11,3306.99,3237.16,0.42139233,6.9754014138
801018,2015-03-13,3387.22,3286.7,3393.66,3286.7,0.37824341,6.2093890654
801018,2015-03-16,3490.84,3396.45,3497.3,3396.45,0.54222207,8.9938337838
801018,2015-03-17,3482.51,3501.79,3523.8,3453.75,0.58496291,9.7262330134
801018,2015-03-18,3494.04,3486.53,3494.04,3427.5,0.55231342,9.4745437786
801018,2015-03-19,3477.22,3453.86,3486.05,3422.71,0.55389116,9.5056066719
801018,2015-03-20,3504.43,3473.27,3511.98,3460.96,0.51131689,8.9861966777
801018,2015-03-23,3552.09,3537.59,3552.09,3500.3,0.76406091,13.000048355499999
801018,2015-03-24,3556.23,3551.95,3558.09,3434.21,1.05518213,17.4266326135
801018,2015-03-25,3560.47,3529.13,3561.96,3491.92,0.63474717,12.405526352799999
801018,2015-03-26,3681.05,3560.18,3720.95,3555.33,0.69510857,14.549557586099999
801018,2015-03-27,3693.4,3687.4,3716.08,3666.6,0.42159982,8.1714053042
801018,2015-03-30,3708.93,3696.82,3723.04,3685.07,0.48989356,9.734803208099999
801018,2015-03-31,3723.19,3712.39,3746.97,3690.82,0.47758899,9.1744197763
801018,2015-04-01,3761.34,3722.7,3770.88,3722.7,0.3898868,8.101076726699999
801018,2015-04-02,3797.32,3762.84,3798.28,3745.26,0.52826455,10.7915498999
801018,2015-04-03,3850.87,3790.31,3853.74,3772.22,0.53453449,12.2691165528
801018,2015-04-07,3971.88,3832.83,3981.46,3824.03,0.65922624,15.685495816900001
801018,2015-04-08,3997.05,3975.77,4019.61,3882.1,0.69416232,16.2364632938
801018,2015-04-09,3932.16,3992.73,3994.75,3857.96,0.52505201,11.696341627999999
801018,2015-04-10,3950.66,3920.71,3979.08,3900.84,0.43581026,9.4887101236
801018,2015-04-13,3960.54,3949.49,3976.57,3899.68,0.51163589,11.331516217599999
801018,2015-04-14,3953.38,3947.07,4005.94,3931.41,0.44741063,9.9482066979
801018,2015-04-15,3860.68,3950.04,3951.7,3821.55,0.40152022,8.6483666088
801018,2015-04-16,3908.67,3884.48,3938.28,3827.52,0.39274743,8.2786706436
801018,2015-04-17,3978.09,3940.32,4005.03,3940.32,0.55439106,12.4044105745
801018,2015-04-20,3853.89,3971.13,3972.42,3851.81,0.43467566,9.8551532159
801018,2015-04-21,3979.0,3849.47,3980.78,3848.77,0.42896554,9.238956652899999
801018,2015-04-22,4031.5,3997.39,4065.4,3997.39,0.50595451,11.622691263699998
801018,2015-04-23,4061.08,4046.43,4078.62,4017.74,0.47232537,11.1171770603
801018,2015-04-24,4098.25,4038.98,4113.96,4003.6,0.45285773,11.376448159
801018,2015-04-27,4121.88,4117.93,4154.03,4086.61,0.41339729,10.1511133947
801018,2015-04-28,4018.62,4136.99,4137.95,3995.14,0.39572765,9.5074896349
801018,2015-04-29,4122.99,4043.99,4135.52,4027.32,0.28821695,6.9807726704999995
801018,2015-04-30,4149.63,4172.45,4201.22,4148.7,0.49666297,11.645846672000001
801018,2015-05-04,4211.09,4182.09,4242.16,4171.81,0.40984478,10.1689397076
801018,2015-05-05,4152.64,4267.2,4267.2,4140.49,0.29595401,7.6779099799
801018,2015-05-06,4108.21,4209.98,4254.23,4106.6,0.27191308,7.6136597154
801018,2015-05-07,4217.67,4162.68,4231.19,4143.93,0.18564564,4.8982055867000005
801018,2015-05-08,4393.03,4312.75,4393.03,4312.75,0.25717372,6.5995057202
801018,2015-05-11,4666.92,4499.12,4680.16,4471.68,0.41689007,12.382571065799999
801018,2015-05-12,4882.3,4749.39,4882.87,4743.95,0.39981696,11.5930650316
801018,2015-05-13,4953.66,4918.94,5028.4,4918.92,0.44849543,12.223762389800001
801018,2015-05-14,5050.9,5060.71,5099.39,5014.2,0.29908317,8.2357940284
801018,2015-05-15,5148.6,5134.34,5168.77,5071.95,0.28355508,7.6325188288
801018,2015-05-18,5536.89,5245.96,5537.61,5244.23,0.39736482,12.069895996
801018,2015-05-19,5688.03,5666.0,5714.25,5653.68,0.39860451,12.379443506300001
801018,2015-05-20,5904.25,5847.27,5934.41,5833.56,0.68144661,15.2972681844
801018,2015-05-21,6200.82,6093.6,6202.01,6034.4,0.88006544,17.6561348736
801018,2015-05-22,6481.29,6423.95,6501.49,6334.43,1.36796204,39.9248080089
801018,2015-05-25,6616.0,6444.84,6735.39,6348.45,1.29402415,44.853189935299994
801018,2015-05-26,6735.24,6576.6,6737.28,6539.8,0.99644355,31.6539119881
801018,2015-05-27,6972.41,6770.45,7041.34,6724.35,1.08770561,33.7406568645
801018,2015-05-28,6869.76,6995.1,7281.19,6859.41,1.21755811,36.915345321
801018,2015-05-29,7211.12,6924.67,7282.19,6674.63,1.12458803,34.163740141
801018,2015-06-01,7412.25,7259.67,7428.02,7259.67,1.16139198,30.893543590700002
801018,2015-06-02,7698.44,7427.8,7709.44,7415.59,1.00606998,31.559860108800002
801018,2015-06-03,7501.02,7674.89,7674.89,7456.79,0.80887975,26.840792467199996
801018,2015-06-04,7318.51,7553.89,7554.3,7217.03,0.6770831,23.714502920900003
801018,2015-06-05,7363.93,7383.67,7429.72,7240.26,0.86233988,35.8566870298
801018,2015-06-08,7389.56,7334.87,7403.0,7290.86,0.74851093,21.3411487794
801018,2015-06-09,7398.95,7623.99,7625.87,7343.6,1.11914702,51.101046744799994
801018,2015-06-10,7652.09,7346.71,7733.31,7271.68,0.77781903,33.3839514359
801018,2015-06-11,7713.47,7689.22,7849.38,6942.32,0.62088651,26.843562399699998
801018,2015-06-12,7775.25,7770.55,7798.71,7572.78,1.01737305,53.5935097089
801018,2015-06-15,7362.43,7713.71,7738.81,7334.01,0.93788511,31.6483786303
801018,2015-06-16,6958.56,7211.5,7211.5,6906.15,0.97487157,37.9354164125
801018,2015-06-17,7022.32,6957.15,7062.3,6734.31,0.62457727,22.849126121599998
801018,2015-06-18,6777.29,7063.4,7063.4,6776.49,0.5848391,23.3790707573
801018,2015-06-19,6374.06,6617.92,6850.94,6290.98,0.56593295,18.956454735
801018,2015-06-23,6468.63,6306.68,6623.54,5943.06,0.84450858,25.1222340896
801018,2015-06-24,6711.91,6521.15,6823.31,6382.19,0.87242437,28.1250510471
801018,2015-06-25,6795.68,6762.89,7094.28,6580.65,0.9668067,30.664525193400003
801018,2015-06-26,6266.06,6558.11,6781.08,6202.16,0.72060118,23.281219960799998
801018,2015-06-29,5996.09,6429.21,6586.01,5762.83,0.79492984,26.0146659587
801018,2015-06-30,6394.25,5868.8,6454.94,5531.03,0.98872593,30.245951918000003
801018,2015-07-01,6232.17,6341.22,6725.85,6117.8,0.64953064,25.462615304899998
801018,2015-07-02,5854.3,6168.41,6357.38,5730.58,0.59501581,20.4939041195
801018,2015-07-03,5455.29,5645.24,5939.83,5335.41,0.64262438,21.4150037814
801018,2015-07-06,5178.8,5864.46,5905.91,4991.69,0.87512225,27.2839782885
801018,2015-07-07,4922.13,5331.85,5454.78,4856.38,0.31916314,7.4065366720000005
801018,2015-07-08,4729.33,5035.15,5193.2,4646.42,0.77156443,14.444507225
801018,2015-07-09,4887.54,4944.27,5257.43,4547.67,0.2949876,6.720733672100001
801018,2015-07-10,5061.73,5321.2,5431.62,4902.5,0.0805947,2.0128918274000003
801018,2015-07-13,5479.77,5451.12,5479.77,5379.26,0.2637883,7.5354558107
801018,2015-07-14,5853.47,5764.61,5897.34,5625.24,0.51547057,20.3941429349
801018,2015-07-16,5552.77,5333.42,5734.92,5015.2,0.90071431,23.791425436
801018,2015-07-17,5947.86,5570.97,6002.38,5521.0,1.09362045,29.251439339
801018,2015-07-20,6292.52,6052.5,6362.72,5915.9,0.99869935,30.4734038325
801018,2015-07-21,6778.73,6275.65,6846.47,6132.37,1.07357217,38.0119883973
801018,2015-07-22,6669.1,6939.31,7071.53,6361.64,0.98504759,34.7571079561
801018,2015-07-23,6765.38,6827.75,7025.8,6448.46,0.63323756,19.0275742987
801018,2015-07-24,6664.17,6912.79,7025.43,6451.7,0.65047187,20.8250991576
801018,2015-07-27,6284.77,6778.09,6956.12,6129.1,0.78176291,24.074533088600003
801018,2015-07-28,6287.64,6311.83,6628.53,5872.14,0.75179229,21.7140937136
801018,2015-07-29,6469.95,6503.23,6729.28,6014.21,0.59856678,16.488898923900003
801018,2015-07-30,6348.46,6604.69,6773.74,6138.09,0.61409537,17.4607836295
801018,2015-07-31,6289.94,6409.33,6604.99,6009.45,0.48508813,15.5323470654
801018,2015-08-03,6009.12,6046.92,6308.16,5874.2,0.6865128,25.0472020098
801018,2015-08-04,6163.9,5867.75,6287.34,5830.65,0.67066445,22.181313277399997
801018,2015-08-05,6069.58,6132.12,6376.47,5932.59,0.62843867,19.3066963057
801018,2015-08-06,5884.57,5928.91,6115.86,5776.85,0.3928126,12.342801729000001
801018,2015-08-07,6051.68,5950.87,6182.25,5896.35,0.46637537,14.120958048399999
801018,2015-08-10,6424.99,6078.07,6462.98,6058.87,0.6803121,22.170562287
801018,2015-08-11,6372.75,6364.13,6506.57,6263.56,0.62671912,20.3565188906
801018,2015-08-12,6296.91,6305.42,6448.71,6218.74,0.59921088,18.3142785058
801018,2015-08-13,6300.94,6239.35,6373.98,6111.99,0.53483962,16.2362934258
801018,2015-08-14,6313.86,6322.05,6410.76,6211.89,0.45042663,13.9005192385
801018,2015-08-17,6680.9,6318.24,6735.36,6203.48,0.56152157,18.4963313594
801018,2015-08-18,6119.5,6688.82,6724.25,6062.68,0.57354133,18.5866580035
801018,2015-08-19,6379.65,6033.59,6410.1,5841.11,0.46858512,14.8358686322
801018,2015-08-20,6085.71,6257.96,6484.38,6035.85,0.41018714,14.2083696373
801018,2015-08-21,5705.33,5872.49,6047.88,5614.13,0.39403554,12.5050471793
801018,2015-08-24,5184.13,5499.44,5508.67,5184.13,0.35067218,9.2475513505
801018,2015-08-25,4715.23,4724.75,5030.4,4715.23,0.57497933,15.699506313299999
801018,2015-08-26,4574.17,4822.71,4912.83,4393.94,0.60281823,17.2952382951
801018,2015-08-27,4741.92,4640.13,4784.29,4486.66,0.54933611,14.0998881519
801018,2015-08-28,5064.32,4839.88,5090.85,4768.4,0.49265324,13.4564927723
801018,2015-08-31,4787.63,5041.3,5074.85,4747.99,0.5181924,13.3445858459
801018,2015-09-01,4435.91,4678.45,4757.25,4373.91,0.43372838,10.9562914249
801018,2015-09-07,4378.36,4405.62,4689.18,4249.46,0.32297893,8.990830280299999
801018,2015-09-08,4556.74,4368.6,4593.31,4329.19,0.27673572,7.4177189327
801018,2015-09-09,4721.71,4627.16,4818.67,4543.33,0.44398755,12.7642888234
801018,2015-09-10,4755.24,4695.2,4899.44,4613.56,0.3278242,9.001742025599999
801018,2015-09-11,4826.45,4756.03,4883.76,4708.4,0.26791131,7.8125989242
801018,2015-09-14,4560.67,4874.2,4930.82,4458.86,0.3158681,8.5696075057
801018,2015-09-15,4485.38,4478.14,4659.54,4382.31,0.2662844,7.476515963
801018,2015-09-16,4770.37,4468.39,4837.31,4417.72,0.30924742,8.830414261
801018,2015-09-17,4753.17,4774.13,4942.27,4636.65,0.36540651,10.7317858995
801018,2015-09-18,4735.47,4768.35,4864.7,4659.08,0.18768258,5.288007818600001
801018,2015-09-21,4828.61,4716.58,4874.53,4651.88,0.23927806,6.2493915288
801018,2015-09-22,4851.42,4865.45,5021.05,4788.83,0.27277772,7.6823698475999995
801018,2015-09-23,4706.49,4806.83,4864.65,4664.88,0.22179017,6.1749920901
801018,2015-09-24,4782.44,4736.74,4840.92,4684.67,0.19242951,5.1462749364
801018,2015-09-25,4693.38,4802.81,4825.0,4581.16,0.18534571,5.0765808671
801018,2015-09-28,4710.18,4701.0,4786.33,4612.62,0.13878787,3.566427661
801018,2015-09-29,4696.32,4689.78,4824.06,4593.96,0.16449618,4.830534345799999
801018,2015-09-30,4716.42,4724.68,4807.08,4657.32,0.12286072,3.3663152704000003
801018,2015-10-08,4973.8,4874.82,5028.34,4808.06,0.25861106,7.4002243752
801018,2015-10-09,5088.77,5036.12,5238.93,4977.21,0.25247533,7.676852707799999
801018,2015-10-12,5411.51,5294.99,5487.07,5163.93,0.39887657,12.3874673934
801018,2015-10-13,5469.15,5433.79,5568.71,5357.36,0.29540333,8.981145703500001
801018,2015-10-14,5331.26,5461.99,5619.24,5303.81,0.30842991,9.0290626744
801018,2015-10-15,5437.9,5356.13,5521.49,5192.52,0.40138821,11.3514627525
801018,2015-10-16,5649.8,5486.88,5779.99,5436.43,0.5669857,19.0179121674
801018,2015-10-19,5589.75,5506.6,5711.84,5389.44,0.26513784,6.887339700599999
801018,2015-10-20,5633.17,5435.73,5674.63,5386.72,0.30256848,7.2321187109
801018,2015-10-21,5494.82,5513.68,5736.38,5266.96,0.40169973,11.2316445769
801018,2015-10-22,5620.52,5355.56,5661.97,5315.54,0.31475265,8.3917155082
801018,2015-10-23,5725.54,5517.75,5781.01,5428.02,0.43025104,11.100312721099998
801018,2015-10-26,5780.96,5628.77,5889.33,5500.93,0.44270436,10.7169353335
801018,2015-10-27,5810.94,5630.98,5866.37,5485.2,0.46947729,12.4724094496
801018,2015-10-28,5806.12,5698.63,5965.36,5598.79,0.44280189,11.8560383176
801018,2015-10-29,5846.99,5677.24,5938.16,5607.52,0.31457352,8.3284340557
801018,2015-10-30,5833.08,5897.44,5954.97,5739.05,0.27389917,8.1783640329
801018,2015-11-02,5937.02,5804.41,6077.88,5701.13,0.32613107,9.1595891488
801018,2015-11-03,6016.46,5970.89,6110.73,5862.75,0.30501971,9.8527138495
801018,2015-11-04,6222.95,6097.07,6296.37,6037.04,0.3570274,11.3697760432
801018,2015-11-05,6184.79,6251.51,6388.67,6119.85,0.39513556,10.8435921405
801018,2015-11-06,6258.2,6187.85,6360.99,6134.53,0.36524285,10.6172023019
801018,2015-11-09,6285.69,6260.03,6416.3,6076.36,0.40710817,12.7321889843
801018,2015-11-10,6263.45,6321.13,6434.09,6197.44,0.28556785,8.9661576548
801018,2015-11-11,6444.66,6386.43,6544.95,6302.27,0.31758134,9.9182225883
801018,2015-11-12,6566.84,6572.0,6689.32,6421.0,0.3201732,11.026285186600001
801018,2015-11-13,6456.81,6641.19,6679.75,6407.61,0.30081643,10.462674513
801018,2015-11-16,6705.6,6450.32,6775.74,6400.95,0.39148512,8.4262940348
801018,2015-11-17,6785.42,6889.4,7048.96,6765.07,0.74549438,13.948470116800001
801018,2015-11-18,6860.81,6922.71,7089.32,6745.1,1.8062127,21.5692309391
801018,2015-11-19,7129.24,6986.2,7216.67,6878.15,1.07338042,15.4371180775
801018,2015-11-20,7296.93,7326.28,7410.71,7167.55,0.56211895,12.2499974379
801018,2015-11-23,7037.35,7455.45,7553.23,6961.93,2.52552671,35.4596746594
801018,2015-11-24,7157.33,6978.22,7311.84,6907.82,1.41386724,20.7974421608
801018,2015-11-25,7221.14,7174.39,7404.99,7022.02,1.53288219,21.609791894
801018,2015-11-26,7236.98,7241.32,7443.57,7130.81,1.39347741,20.5670496113
801018,2015-11-27,6919.08,7245.21,7399.36,6792.95,1.15512341,18.7592355693
801018,2015-11-30,7101.61,6998.42,7324.74,6730.84,1.563501,24.026113994299998
801018,2015-12-01,6933.85,7079.01,7188.22,6803.72,1.12703279,18.700151689600002
801018,2015-12-02,6917.7,6956.41,7160.88,6664.34,0.84518357,13.3770062829
801018,2015-12-03,7190.42,6949.14,7324.89,6901.14,0.76492063,14.0998669271
801018,2015-12-04,7157.59,7198.63,7400.45,7025.92,1.17598576,17.850684124100002
801018,2015-12-07,7215.36,7189.76,7340.02,7032.66,0.93007811,14.006813325
801018,2015-12-08,7297.33,7239.17,7507.12,7068.91,1.39403841,20.4603362189
801018,2015-12-09,7076.42,7259.83,7371.77,7004.05,1.63725382,21.6341380456
801018,2015-12-10,7006.38,7063.87,7200.33,6909.81,0.9767258,14.148482769000001
801018,2015-12-11,6958.37,7024.86,7129.66,6873.66,0.61945357,8.9126682687
801018,2015-12-14,7056.32,6918.77,7131.63,6862.09,0.49528686,7.752605164299999
801018,2015-12-15,7161.1,7107.08,7268.86,7018.9,0.57606155,9.5421105814
801018,2015-12-16,7172.93,7207.39,7311.62,7115.78,0.57132552,9.8661795269
801018,2015-12-17,7405.67,7267.67,7469.21,7244.86,0.83922338,17.487402148
801018,2015-12-18,7515.59,7464.19,7613.95,7371.63,0.89784207,16.427337143499997
801018,2015-12-21,7732.7,7586.89,7861.67,7491.07,0.7802769,16.3930662791
801018,2015-12-22,7663.56,7771.87,7837.27,7569.0,1.06380051,21.6544004458
801018,2015-12-23,7800.87,7658.53,8065.4,7559.91,1.00638725,19.8980432773
801018,2015-12-24,7870.1,7799.04,7998.43,7626.96,0.89356257,16.6557705151
801018,2015-12-25,7869.04,7867.63,8010.1,7726.96,0.81254061,13.8332840375
801018,2015-12-28,7572.01,7896.05,7971.89,7526.27,0.76643004,14.642100839600001
801018,2015-12-29,7589.29,7544.08,7670.17,7425.83,0.58217103,11.976840486199999
801018,2015-12-30,7517.56,7577.13,7689.28,7422.77,0.48842797,10.1830489183
801018,2015-12-31,7633.26,7523.37,7753.55,7397.97,0.47993739,9.566254473999999
801018,2016-01-04,7007.62,7634.55,7660.99,6948.17,0.4844737,8.8274224005
801018,2016-01-05,6915.8,6725.94,7219.1,6526.34,0.88985857,15.2558686515
801018,2016-01-06,7096.16,7010.25,7181.19,6842.57,0.62631066,10.794741811500002
801018,2016-01-07,6430.62,6964.7,6992.92,6397.97,0.16721285,2.7995778406
801018,2016-01-08,6624.54,6627.18,6835.75,6173.87,0.71290523,12.1482971977
801018,2016-01-11,6093.69,6573.41,6716.6,6077.28,0.66489311,12.1379432304
801018,2016-01-12,6145.36,6049.38,6374.18,5911.89,0.58104455,10.591845921100001
801018,2016-01-13,5809.21,6189.3,6294.17,5780.54,0.70521884,10.0827676411
801018,2016-01-14,5999.88,5653.16,6121.38,5430.53,0.74662831,10.630788490599999
801018,2016-01-15,5828.18,5952.32,6121.85,5714.04,0.68149002,9.0315688703
801018,2016-01-18,5879.87,5670.55,6054.35,5603.85,0.52082907,7.3213549023
801018,2016-01-19,6126.81,5807.0,6154.91,5730.49,0.58215189,9.1080128396
801018,2016-01-20,6096.85,6070.84,6245.96,5997.78,0.47099328,7.6991114968
801018,2016-01-21,5962.65,6020.77,6213.64,5907.98,0.24915789,5.9549284494000005
801018,2016-01-22,5980.56,5994.35,6144.28,5824.49,0.19973718,4.3736667004
801018,2016-01-25,6044.07,6030.4,6145.5,5944.56,0.18698458,4.1974990831
801018,2016-01-26,5600.55,5994.18,6096.91,5573.56,0.24787563,5.3963323759
801018,2016-01-27,5546.94,5609.33,5727.84,5247.01,0.25899451,5.3222674346
801018,2016-01-28,5156.9,5387.52,5455.02,5119.42,0.2046957,3.8108301256
801018,2016-01-29,5299.91,5067.48,5378.44,5034.22,1.06497139,10.2609886961
801018,2016-02-01,5198.8,5244.11,5339.81,5099.13,0.60179133,6.3509866774
801018,2016-02-02,5418.37,5196.42,5461.44,5178.77,0.55095584,6.7125443612
801018,2016-02-03,5357.82,5366.94,5419.14,5206.42,0.36469721,4.1956614662
801018,2016-02-04,5545.3,5367.38,5660.64,5346.08,0.534498,6.555328948
801018,2016-02-05,5527.38,5559.87,5644.56,5460.21,0.36810082,4.472974744
801018,2016-02-15,5514.65,5332.24,5588.02,5229.06,0.4238307,4.7601727012
801018,2016-02-16,5762.45,5585.75,5815.85,5557.12,0.49449561,6.727889873
801018,2016-02-17,5831.64,5740.11,5924.18,5662.34,0.57990986,7.3555372190999995
801018,2016-02-18,5777.36,5884.87,5940.8,5740.1,0.50246898,6.7651511833
801018,2016-02-19,5777.3,5736.83,5845.24,5686.79,0.33531261,4.5895326762
801018,2016-02-22,5900.37,5864.12,5987.9,5804.05,0.47955736,6.5289736199
801018,2016-02-23,5977.05,5896.2,6033.52,5809.71,0.55077227,7.2492077963
801018,2016-02-24,5910.48,5948.51,6022.17,5721.35,0.45384797,6.8820089359
801018,2016-02-25,5515.4,5893.26,5932.5,5384.11,0.68582821,9.7827135687
801018,2016-02-26,5552.7,5600.8,5673.32,5343.68,0.4545976,6.5317448926
801018,2016-02-29,5269.66,5506.73,5652.74,5144.33,0.21688001,4.2867421517
801018,2016-03-01,5311.36,5292.67,5375.04,5101.95,0.21028286,3.8930244151999998
801018,2016-03-02,5533.99,5287.79,5581.93,5234.55,0.29068095,5.5488244725
801018,2016-03-03,5649.17,5624.43,5774.87,5520.08,0.66993959,9.58752079
801018,2016-03-04,5451.45,5618.07,5702.18,5385.16,0.75906901,8.8075419171
801018,2016-03-07,5742.08,5517.52,5805.12,5470.25,0.48471823,7.8418276087
801018,2016-03-08,5814.74,5795.79,5885.12,5534.15,0.4566139,7.8803937674
801018,2016-03-09,5729.88,5672.9,5897.17,5577.77,0.34275662,5.4977425311
801018,2016-03-10,5562.42,5731.85,5818.3,5538.05,0.32885763,4.8580842149
801018,2016-03-11,5639.73,5530.31,5719.54,5475.48,0.3259891,4.5403103542
801018,2016-03-14,5925.75,5680.83,6082.91,5662.14,0.5842937,9.555410717200001
801018,2016-03-15,6007.19,5893.79,6193.2,5842.71,0.42910603,8.5517435105
801018,2016-03-16,5946.12,6049.63,6123.31,5800.58,0.31364747,5.7315746062
801018,2016-03-17,6100.33,5967.77,6141.55,5889.93,0.43580567,7.2975104877999994
801018,2016-03-18,6231.64,6104.41,6344.11,6034.43,0.7513089,12.4276683904
801018,2016-03-21,6370.36,6284.46,6446.24,6241.79,0.60886475,10.1045751685
801018,2016-03-22,6439.23,6321.61,6597.72,6258.43,0.6926118,12.1190532766
801018,2016-03-23,6538.6,6400.52,6651.9,6343.45,0.56931472,11.1363419802
801018,2016-03-24,6348.77,6510.65,6591.07,6309.9,0.52794637,10.3326949927
801018,2016-03-25,6515.38,6378.14,6560.81,6306.36,0.50333172,8.4597523059
801018,2016-03-28,6442.52,6543.49,6758.08,6378.05,0.55836875,10.0557905492
801018,2016-03-29,6294.3,6400.16,6500.4,6172.5,0.46638213,7.7445525561
801018,2016-03-30,6468.65,6349.78,6503.77,6316.55,0.44015587,8.2148108795
801018,2016-03-31,6535.76,6509.77,6720.24,6399.41,0.61326585,10.3601074824
801018,2016-04-01,6551.56,6559.76,6696.14,6421.05,0.60487807,10.339865976
801018,2016-04-05,6722.06,6608.49,6778.24,6543.83,0.64332583,11.508140106099999
801018,2016-04-06,6805.96,6718.46,6862.23,6629.08,0.57509395,11.7477331008
801018,2016-04-07,6710.32,6842.92,6966.0,6656.38,0.54812217,11.4265463207
801018,2016-04-08,6612.31,6653.72,6709.86,6457.86,0.45652582,9.1566485148
801018,2016-04-11,6694.04,6649.39,6804.55,6589.71,0.57048879,11.7741273556
801018,2016-04-12,6568.99,6683.15,6731.03,6468.14,0.44269017,9.2838137599
801018,2016-04-13,6644.97,6626.66,6768.57,6567.4,0.47918415,10.5203533725
801018,2016-04-14,6670.64,6696.3,6728.81,6568.72,0.35594356,7.3684421599
801018,2016-04-15,6755.37,6770.77,6873.11,6603.89,0.59538722,12.3104453065
801018,2016-04-20,6376.99,6784.3,6814.1,6199.0,0.61731467,11.856383153800001
801018,2016-04-21,6309.67,6369.68,6464.4,6267.41,0.35714187,6.548752209500001
801018,2016-04-22,6410.13,6279.37,6473.26,6200.34,0.2652203,4.9906039638
801018,2016-04-25,6350.1,6387.97,6436.48,6196.19,0.28097707,5.7225042811
801018,2016-04-26,6376.9,6349.3,6448.48,6263.6,0.25952889,5.0189485226
801018,2016-04-27,6218.7,6348.74,6429.97,6149.15,0.51193436,11.124062689
801018,2016-04-28,6121.66,6177.28,6248.12,6031.83,0.23783893,6.0670044354999995
801018,2016-04-29,6187.26,6088.8,6264.8,6050.93,0.25029182,6.556947289
801018,2016-05-03,6318.87,6157.53,6393.41,6102.95,0.29965945,7.783831157100001
801018,2016-05-04,6382.14,6303.03,6453.55,6273.11,0.33472901,8.5589585787
801018,2016-05-05,6379.45,6337.28,6476.17,6229.04,0.31026209,7.3182582339
801018,2016-05-06,6217.9,6398.39,6479.41,6175.51,0.46044349,10.5820872316
801018,2016-05-09,6015.51,6147.09,6194.74,5917.76,0.29563084,6.463513229099999
801018,2016-05-10,5992.38,5988.64,6099.22,5934.09,0.15654926,3.4468743062000002
801018,2016-05-11,6054.39,6036.06,6182.69,5968.95,0.27885439,6.3320611802
801018,2016-05-12,6061.54,5983.21,6124.73,5877.25,0.20727904,4.6344928644
801018,2016-05-13,6100.74,6021.26,6219.9,5985.4,0.21242141,4.7700902779000005
801018,2016-05-16,6224.97,6075.5,6290.35,5988.99,0.2699538,6.420639811799999
801018,2016-05-17,6183.34,6218.01,6363.57,6112.47,0.47764694,7.4546591377
801018,2016-05-18,6005.49,6144.66,6185.21,5925.34,0.43760413,6.1016535172
801018,2016-05-19,5994.55,5984.73,6145.51,5936.86,0.28912791,4.3844779479
801018,2016-05-20,6046.8,5955.06,6079.98,5912.01,0.21110192,3.2858848645
801018,2016-05-23,6091.77,6051.7,6218.16,5961.73,0.7500062,8.598944062100001
801018,2016-05-24,5974.43,6071.04,6105.57,5921.11,0.37478054,4.567995422
801018,2016-05-25,5965.35,6015.57,6107.5,5901.23,0.40598835,5.7388629034
801018,2016-05-26,5921.61,5955.97,6022.32,5741.66,0.43658293,5.8024752685
801018,2016-05-27,5930.0,5890.32,6009.57,5849.69,0.35435804,4.5739360737
801018,2016-05-30,5894.88,5917.74,5982.81,5833.05,0.23568099,3.0884553055
801018,2016-05-31,6150.08,5902.52,6188.61,5889.82,0.58472898,8.2003063812
801018,2016-06-01,6152.65,6130.01,6268.05,6069.46,0.59142357,8.3430750784
801018,2016-06-02,6158.63,6147.73,6212.87,6072.26,0.30525343,4.9928153971
801018,2016-06-03,6211.25,6157.45,6289.45,6082.12,0.42154327,6.5890829459
801018,2016-06-06,6224.8,6239.66,6328.94,6128.29,0.60835647,7.5047719992
801018,2016-06-07,6237.7,6205.77,6306.17,6141.83,0.45967886,6.3691336277
801018,2016-06-08,6178.04,6226.06,6279.09,6097.85,0.44212359,6.105977759500001
801018,2016-06-13,5919.94,6116.67,6215.12,5902.14,0.60461575,8.0303263566
801018,2016-06-14,5909.06,5906.93,6007.64,5841.52,0.30693371,4.1418651698
801018,2016-06-15,6041.76,5846.46,6091.48,5807.62,0.44342308,5.954730948099999
801018,2016-06-16,5966.59,6031.87,6078.98,5924.12,0.31867725,4.3879154235
801018,2016-06-17,6000.05,5976.99,6105.03,5938.34,0.3947518,5.4149659301
801018,2016-06-20,6017.25,5976.19,6067.29,5907.55,0.39051517,5.0846125204
801018,2016-06-21,5982.33,6050.54,6162.37,5928.59,0.3955383,5.6728362635
801018,2016-06-22,6049.2,5980.06,6068.1,5937.38,0.25525838,3.7727085157999998
801018,2016-06-23,6054.62,6052.06,6112.47,5980.57,0.28827439,4.3094885731
801018,2016-06-24,5944.3,6034.29,6093.48,5741.44,0.58719228,8.4906563176
801018,2016-06-27,6044.09,5904.76,6057.15,5882.37,0.43373911,6.5608736348
801018,2016-06-28,6139.79,6031.25,6200.73,5978.25,0.64557138,8.712821744600001
801018,2016-06-29,6185.52,6152.11,6270.94,6076.0,0.62884685,8.8013806538
801018,2016-06-30,6216.76,6197.77,6303.64,6137.15,0.55314686,7.8477290846
801018,2016-07-01,6328.08,6242.53,6451.93,6215.98,0.56581248,9.450879023099999
801018,2016-07-05,6458.68,6457.59,6549.61,6378.27,0.52755044,8.394264466000001
801018,2016-07-06,6640.37,6438.43,6687.3,6394.74,0.9201495,15.621051185899999
801018,2016-07-07,6697.7,6646.06,6796.46,6570.73,0.9349548,15.8364657921
801018,2016-07-08,6628.77,6712.61,6801.27,6574.6,0.58778827,9.700114456
801018,2016-07-11,6561.42,6636.1,6714.49,6524.26,0.67910652,10.7123870702
801018,2016-07-12,6641.64,6548.23,6676.07,6491.22,0.58751769,9.544469008
801018,2016-07-13,6684.46,6658.19,6789.48,6601.22,0.56209612,9.9051843619
801018,2016-07-14,6656.7,6673.51,6706.22,6584.85,0.33095271,5.633450159
801018,2016-07-15,6568.55,6671.23,6710.08,6531.17,0.46274843,7.7085904166
801018,2016-07-18,6607.23,6568.29,6681.05,6448.73,0.56886018,8.5343534422
801018,2016-07-19,6560.01,6601.0,6633.59,6493.98,0.34827814,5.4904950215
801018,2016-07-20,6634.28,6581.83,6722.7,6530.74,0.39721112,7.169886054
801018,2016-07-21,6599.65,6646.78,6685.15,6557.39,0.40479702,6.5915156471000005
801018,2016-07-22,6538.44,6576.26,6630.47,6478.82,0.44462439,6.3293749334000005
801018,2016-07-25,6537.4,6539.66,6621.36,6442.63,0.44705454,6.6462759085
801018,2016-07-26,6676.09,6547.69,6710.79,6501.25,0.47864924,8.539708198200001
801018,2016-07-27,6535.17,6696.22,6827.59,6329.83,0.93066166,16.2239012226
801018,2016-07-28,6617.68,6491.83,6710.79,6377.15,0.6540957,11.9425082911
801018,2016-07-29,6551.56,6591.17,6696.36,6459.1,0.45146288,8.7461128886
801018,2016-08-01,6358.75,6536.46,6540.71,6254.85,0.44071298,7.468975331799999
801018,2016-08-02,6431.23,6353.83,6483.69,6301.94,0.28103611,4.818630971
801018,2016-08-03,6382.8,6428.39,6435.73,6321.16,0.28848234,4.8001420523
801018,2016-08-04,6369.33,6378.01,6458.17,6329.27,0.27758433,4.734272398
801018,2016-08-05,6316.45,6377.26,6421.45,6269.26,0.33885311,5.3951630895000005
801018,2016-08-08,6394.76,6298.63,6431.32,6203.2,0.46248805,6.5035185858
801018,2016-08-09,6447.19,6376.91,6485.84,6344.91,0.37376681,5.748525434299999
801018,2016-08-10,6415.85,6456.74,6531.57,6364.66,0.36795884,6.1655005361
801018,2016-08-11,6288.36,6420.9,6450.14,6269.93,0.3676484,5.5102954658000005
801018,2016-08-12,6336.6,6277.98,6372.58,6225.97,0.27327113,4.3976009156
801018,2016-08-15,6455.78,6341.09,6495.59,6306.71,0.46938968,7.9557631839
801018,2016-08-16,6542.07,6469.68,6595.51,6437.99,0.60848984,9.0595287944
801018,2016-08-17,6580.04,6537.95,6643.16,6454.83,0.64049822,9.3012499398
801018,2016-08-18,6615.4,6593.39,6697.6,6533.19,0.58975261,8.7963765623
801018,2016-08-19,6705.55,6633.52,6765.79,6570.85,0.57612373,10.2519402989
801018,2016-08-22,6670.3,6696.55,6811.94,6615.04,0.46787001,8.0763036662
801018,2016-08-23,6696.77,6660.23,6775.42,6590.7,0.51479268,8.1146642522
801018,2016-08-24,6772.67,6736.47,6861.03,6654.6,0.47202205,8.607226777000001
801018,2016-08-25,6759.2,6729.79,6839.45,6622.59,0.43625456,8.1322394485
801018,2016-08-26,6697.74,6761.09,6860.66,6648.17,0.51776671,9.801275820599999
801018,2016-08-29,6760.22,6675.55,6821.5,6615.29,0.44740082,8.8025991738
801018,2016-08-30,6813.99,6752.54,6864.97,6706.36,0.44655348,7.4806977524
801018,2016-08-31,6862.31,6805.98,6941.85,6740.25,0.4887389,7.7832593107
801018,2016-09-01,6811.19,6883.39,6962.46,6761.77,0.40456301,7.307113064
801018,2016-09-02,6930.47,6829.58,6999.21,6789.0,0.53439406,10.4375608452
801018,2016-09-05,6988.09,6945.69,7084.17,6867.56,0.57309912,9.956759944
801018,2016-09-06,7110.4,6996.36,7194.53,6883.65,0.71391769,13.2884527903
801018,2016-09-07,7080.9,7114.81,7185.32,7027.34,0.50479868,8.603651167999999
801018,2016-09-08,7067.66,7066.8,7170.52,7009.78,0.42445049,7.2737121516
801018,2016-09-09,6962.63,7062.37,7132.25,6938.63,0.41205808,7.0813027658
801018,2016-09-12,6853.97,6891.39,7009.97,6778.83,0.38295696,6.791239554800001
801018,2016-09-13,6890.44,6910.92,6991.8,6777.91,0.31708056,5.5622090127999995
801018,2016-09-14,6940.12,6867.51,7031.04,6827.33,0.28612572,5.788161225900001
801018,2016-09-19,7021.24,6939.26,7105.17,6898.85,0.47360422,7.656013755399999
801018,2016-09-20,7015.55,7033.28,7127.52,6919.18,0.52289801,7.3864587821
801018,2016-09-21,6996.09,7010.5,7084.65,6939.26,0.33821211,5.1943120607
801018,2016-09-22,7094.77,7077.83,7217.19,6988.2,0.54641884,9.6258364214
801018,2016-09-23,7145.77,7104.22,7213.05,7036.15,0.50159617,9.5592176411
801018,2016-09-26,6976.93,7127.18,7230.83,6944.75,0.44119079,7.779135180700001
801018,2016-09-27,7006.6,6961.87,7059.03,6846.38,0.37000135,6.670671192
801018,2016-09-28,6939.26,7002.69,7049.5,6892.31,0.23937313,4.4148743676999995
801018,2016-09-29,6973.01,6942.22,7051.79,6882.58,0.30601496,5.419355620499999
801018,2016-09-30,7046.12,6962.95,7105.95,6929.0,0.47333534,6.2931290691
801018,2016-10-10,7189.49,7091.73,7281.11,7026.48,0.58842152,8.599275756
801018,2016-10-11,7189.39,7191.13,7267.37,7112.12,0.45576405,6.9895009793
801018,2016-10-12,7171.17,7164.34,7242.54,7092.59,0.40617412,7.013497514500001
801018,2016-10-13,7094.43,7164.61,7220.03,7051.73,0.34956555,6.082652984199999
801018,2016-10-14,7115.81,7095.82,7186.28,7003.17,0.34799207,5.3664212561
801018,2016-10-17,7023.36,7144.8,7165.86,6987.22,0.34939296,5.7931763829
801018,2016-10-18,7080.36,7002.86,7119.39,6951.07,0.33655857,5.2867303702
801018,2016-10-19,7046.46,7101.26,7180.7,6993.77,0.43565951,7.2283314185
801018,2016-10-20,6995.84,7054.06,7084.48,6954.75,0.38019665,6.0216553526
801018,2016-10-21,7029.12,6990.52,7067.52,6922.55,0.31192207,4.7781234401
801018,2016-10-24,7072.81,7010.93,7109.22,6974.0,0.37149792,6.028664363200001
801018,2016-10-25,7055.32,7074.89,7120.05,6999.19,0.31114777,5.0683904149000005
801018,2016-10-26,7082.36,7056.75,7188.64,6975.36,0.70904745,9.5707339748
801018,2016-10-27,7086.12,7077.79,7151.76,6993.07,0.41637413,6.3379256988
801018,2016-10-28,7010.39,7080.02,7150.45,6975.41,0.32439949,5.1773179723
801018,2016-10-31,7050.39,7023.53,7140.27,6941.96,0.33519997,5.0678481818
801018,2016-11-01,7201.82,7067.69,7236.09,7033.47,0.62004229,9.0707762529
801018,2016-11-02,7158.33,7200.24,7254.08,7113.2,0.45069494,7.068718047999999
801018,2016-11-03,7141.98,7132.23,7264.46,7089.5,0.50584919,7.2950162039999995
801018,2016-11-04,7054.22,7144.58,7201.83,6980.37,0.52189114,7.5851488586
801018,2016-11-07,7066.25,7047.26,7128.2,7001.8,0.33502646,5.478930339
801018,2016-11-08,7074.74,7088.76,7135.25,7041.69,0.25339534,4.1740095394
801018,2016-11-09,6998.2,7066.48,7106.44,6883.64,0.43170983,6.5288925722
801018,2016-11-10,7114.41,7064.98,7171.94,7003.17,0.40819272,7.3261095067
801018,2016-11-11,7096.24,7090.26,7149.42,7023.53,0.40118095,6.9226180707000005
801018,2016-11-14,7209.01,7091.17,7259.48,7037.87,0.48527426,8.8345777847
801018,2016-11-15,7248.1,7214.87,7327.96,7151.71,0.44186469,7.7950673061
801018,2016-11-16,7214.41,7244.54,7303.12,7177.38,0.30237665,5.2580906958
801018,2016-11-17,7251.48,7206.44,7294.47,7124.95,0.28032302,5.0706201964
801018,2016-11-18,7292.41,7267.27,7385.95,7195.32,0.33407648,7.1273937373
801018,2016-11-21,7315.46,7269.64,7436.74,7188.55,0.55215881,10.8445996102
801018,2016-11-22,7325.27,7301.13,7384.3,7247.97,0.41358055,7.4861595988
801018,2016-11-23,7309.15,7332.03,7444.85,7254.78,0.4236499,7.7213688663
801018,2016-11-24,7311.58,7308.35,7430.12,7225.02,0.34975522,7.4841885826
801018,2016-11-25,7416.98,7304.81,7551.48,7167.86,0.60202711,11.989863946400002
801018,2016-11-28,7460.89,7436.0,7549.83,7326.91,0.58210413,11.122896035
801018,2016-11-29,7392.43,7464.38,7533.41,7322.46,0.43130223,8.1587327691
801018,2016-11-30,7342.65,7401.84,7436.1,7287.25,0.36882191,6.4497603385
801018,2016-12-01,7381.1,7328.86,7424.16,7294.02,0.36480175,6.5408246813
801018,2016-12-02,7250.71,7375.28,7399.91,7208.14,0.3103189,5.954867629400001
801018,2016-12-05,7183.83,7155.66,7288.43,7037.1,0.38281377,8.0996772993
801018,2016-12-06,7144.88,7185.62,7263.23,7092.92,0.29330385,6.1525932613
801018,2016-12-07,7203.28,7158.93,7280.25,7055.67,0.43285082,8.1877869728
801018,2016-12-08,7191.63,7292.99,7351.97,7153.7,0.4094107,6.7667293707
801018,2016-12-09,7221.21,7168.78,7302.87,7118.03,0.2819882,4.9429893263
801018,2016-12-12,6883.81,7199.11,7237.46,6816.59,0.41088991,7.3579509241
801018,2016-12-13,6866.26,6879.8,6954.29,6750.94,0.31875044,5.2445426651
801018,2016-12-14,6783.9,6857.03,6924.97,6715.92,0.23639152,4.080989621700001
801018,2016-12-15,6840.23,6789.29,6931.63,6728.9,0.24682891,4.1069064981
801018,2016-12-16,6930.52,6829.54,6984.32,6801.64,0.23991388,3.9808526517000002
801018,2016-12-19,6967.67,6942.15,7059.04,6866.88,0.39274612,5.4996255819
801018,2016-12-20,6916.48,6968.74,6997.53,6871.92,0.21942621,3.4599721689
801018,2016-12-21,7026.02,6943.4,7116.32,6910.5,0.37824231,5.7794423325
801018,2016-12-22,6978.93,7039.57,7078.6,6941.1,0.2432632,3.7874905308999995
801018,2016-12-23,6943.73,6973.75,7077.64,6901.29,0.35878581,5.0332048024
801018,2016-12-26,6990.0,6943.82,7021.05,6790.96,0.33789446,5.1848390998000005
801018,2016-12-27,6951.66,6997.16,7045.38,6906.7,0.28129511,4.1769880684
801018,2016-12-28,6885.19,6933.48,6983.18,6855.05,0.1850443,2.8728979802
801018,2016-12-29,6810.2,6897.07,6935.94,6785.9,0.20549378,3.7350159316000004
801018,2016-12-30,6887.41,6799.42,6956.61,6763.57,0.23815189,4.0271284392
801018,2017-01-03,6905.03,6884.06,6969.69,6831.78,0.2740579,4.6377953037
801018,2017-01-04,6913.77,6892.75,6956.12,6834.53,0.25130116,4.4183096646
801018,2017-01-05,6892.84,6924.69,6974.16,6853.44,0.25360777,4.3692848331
801018,2017-01-06,6861.0,6879.62,6939.02,6797.82,0.29135463,4.8820658445
801018,2017-01-09,6880.92,6868.95,6925.02,6805.62,0.24428184,4.0165583861
801018,2017-01-10,6890.67,6883.28,6941.16,6807.06,0.23139148,3.9565299541
801018,2017-01-11,6870.11,6882.51,6983.95,6827.04,0.20068701,3.4684429492
801018,2017-01-12,6775.83,6857.54,6909.84,6736.74,0.20235476,3.543667718
801018,2017-01-13,6700.09,6774.12,6832.36,6639.2,0.21864191,3.6605978452
801018,2017-01-16,6490.52,6687.07,6727.34,6295.71,0.5106902,8.136825362
801018,2017-01-17,6486.52,6471.25,6535.84,6324.58,0.31937593,4.1247252486
801018,2017-01-18,6425.14,6476.96,6525.3,6402.2,0.20324327,2.7115341083999995
801018,2017-01-19,6429.25,6431.79,6521.77,6330.83,0.24986985,3.0022437603
801018,2017-01-20,6508.97,6429.16,6556.71,6372.67,0.25786446,3.4740365367000003
801018,2017-01-23,6534.7,6538.65,6601.61,6490.88,0.20576774,2.7305551928
801018,2017-01-24,6475.63,6538.59,6562.9,6449.4,0.19208454,2.7729194598
801018,2017-01-25,6500.94,6485.62,6563.65,6443.76,0.17118306,2.6210575167
801018,2017-01-26,6545.43,6530.95,6577.39,6483.41,0.15538096,2.3684510572999997
801018,2017-02-03,6559.44,6551.31,6607.03,6495.86,0.16273346,2.1572593916
801018,2017-02-06,6686.74,6584.52,6746.95,6564.02,0.30066096,4.9759453401
801018,2017-02-07,6677.29,6687.14,6726.0,6630.01,0.19069787,2.9919017991000003
801018,2017-02-08,6751.47,6686.4,6780.2,6638.12,0.27126673,4.2887516255
801018,2017-02-09,6787.3,6750.87,6862.4,6710.94,0.31169543,4.398517321
801018,2017-02-10,6737.47,6781.9,6870.52,6671.61,0.34408388,5.1874365850999995
801018,2017-02-13,6744.13,6735.09,6796.34,6666.83,0.24217922,4.2518672423
801018,2017-02-14,6675.75,6752.85,6771.95,6639.37,0.23820684,4.0047517943
801018,2017-02-15,6684.3,6676.57,6761.03,6623.13,0.33896766,5.8091174654
801018,2017-02-16,6724.75,6709.82,6796.11,6661.67,0.33353869,6.036717535399999
801018,2017-02-17,6735.07,6710.52,6806.57,6669.82,0.34746135,5.8416534604
801018,2017-02-20,6865.6,6755.56,6904.45,6709.13,0.42578273,8.0898206707
801018,2017-02-21,6894.33,6862.05,6959.26,6819.75,0.39045539,6.812192270800001
801018,2017-02-22,7058.14,6913.57,7106.58,6870.08,0.51294786,10.595096557
801018,2017-02-23,7016.2,7044.75,7095.07,6960.39,0.29082993,5.3244239427
801018,2017-02-24,7058.49,7001.09,7129.11,6977.67,0.30402751,5.5263949439
801018,2017-02-27,7012.39,7069.89,7126.51,6978.26,0.27712487,5.3062815084
801018,2017-02-28,7079.23,7009.93,7145.34,6967.14,0.25874582,5.3401540003
801018,2017-03-01,7097.52,7072.52,7192.14,7014.4,0.36204571,6.02239825
801018,2017-03-02,7097.14,7092.05,7206.35,7026.34,0.53363688,7.668358727699999
801018,2017-03-03,7099.17,7085.84,7201.79,7032.55,0.34010298,4.9735249873
801018,2017-03-06,7114.91,7092.57,7207.89,7049.37,0.30849008,5.5429150245
801018,2017-03-07,7170.67,7116.04,7211.91,7074.95,0.38838719,6.019206859700001
801018,2017-03-08,7151.61,7172.63,7252.64,7074.55,0.35536583,5.3227148582999995
801018,2017-03-09,7108.34,7124.61,7223.22,7021.54,0.45992752,7.0205720046
801018,2017-03-10,7159.17,7108.09,7223.95,7053.12,0.32865003,5.145828604
801018,2017-03-13,7187.08,7152.39,7236.36,7086.41,0.36445836,5.4221417074
801018,2017-03-14,7172.45,7238.6,7303.64,7108.24,0.45145942,6.7395983842
801018,2017-03-15,7192.43,7159.96,7251.05,7094.13,0.28743116,4.231033023
801018,2017-03-16,7214.48,7208.84,7279.67,7164.46,0.28219788,4.7195858407
801018,2017-03-17,7128.47,7218.3,7269.76,7075.07,0.52524058,8.0945528447
801018,2017-03-20,7144.03,7079.62,7212.36,7063.48,0.3203209,5.1368758849
801018,2017-03-21,7172.42,7144.11,7208.61,7112.85,0.24954919,4.1998226581
801018,2017-03-22,7180.61,7157.94,7259.93,7044.16,0.39537984,6.5886477292
801018,2017-03-23,7192.37,7176.43,7294.28,7109.53,0.31838744,6.0637564571
801018,2017-03-24,7198.18,7198.53,7271.09,7157.71,0.24986029,4.2301005946
801018,2017-03-27,7173.24,7211.95,7315.78,7112.23,0.32238587,5.540649501900001
801018,2017-03-28,7112.33,7165.66,7251.24,7058.07,0.30574192,5.1504669059
801018,2017-03-29,7107.54,7103.67,7219.42,7033.02,0.33288185,5.1324499355
801018,2017-03-30,6963.34,7107.95,7132.2,6919.25,0.34468021,5.5536154665
801018,2017-03-31,7025.54,6997.22,7084.42,6950.91,0.27701256,4.1260813644
801018,2017-04-06,7101.95,7134.71,7200.79,7064.34,0.32167747,5.5802121269
801018,2017-04-07,7104.37,7112.07,7168.67,7020.67,0.30362175,4.8868747749
801018,2017-04-10,7083.44,7092.26,7153.61,7002.07,0.29603425,4.7513097153
801018,2017-04-11,7123.05,7088.61,7176.25,6995.53,0.32482742,5.484770173899999
801018,2017-04-12,7065.45,7124.65,7162.47,7026.44,0.24754198,4.1997133051999995
801018,2017-04-13,7096.57,7065.43,7177.54,7006.26,0.34746104,5.2035665763
801018,2017-04-14,7098.41,7127.42,7200.28,7013.33,0.56713372,7.7488995671000005
801018,2017-04-17,7125.89,7092.72,7253.08,6985.33,0.72617844,9.892386630299999
801018,2017-04-18,7017.8,7103.19,7167.93,6964.2,0.67156448,8.8163105439
801018,2017-04-19,6879.76,6997.92,7037.29,6799.11,0.43985329,6.2962535951
801018,2017-04-20,6920.64,6901.64,7009.59,6833.86,0.30954858,4.601680501600001
801018,2017-04-21,6886.94,6886.03,6978.45,6809.53,0.27931283,3.3307113605
801018,2017-04-24,6790.99,6833.99,6933.64,6650.3,0.33875014,4.0892016777
801018,2017-04-25,6765.43,6791.28,6867.15,6669.29,0.28488273,4.8895611611000005
801018,2017-04-26,6834.1,6769.18,6897.47,6709.37,0.29564951,5.1004327742
801018,2017-04-27,6844.98,6815.05,6912.93,6682.74,0.33121654,5.307346169
801018,2017-04-28,6860.27,6849.37,6923.3,6787.38,0.21606153,3.4017495092
801018,2017-05-02,6883.03,6855.66,6939.41,6769.34,0.21230464,3.600695511
801018,2017-05-03,6898.33,6868.9,6957.85,6843.62,0.19547985,3.8433495874
801018,2017-05-04,6868.05,6883.96,6942.98,6806.04,0.20316417,3.3331832673000004
801018,2017-05-05,6721.3,6842.81,6879.7,6661.9,0.20716788,3.8504346062
801018,2017-05-08,6647.81,6693.15,6743.75,6556.08,0.20337926,3.7367375982
801018,2017-05-09,6546.41,6624.71,6709.19,6358.18,0.29288583,5.0447629037
801018,2017-05-10,6496.76,6588.81,6669.39,6455.45,0.2226658,3.5538189602999997
801018,2017-05-11,6454.27,6506.57,6544.97,6301.43,0.30072254,4.6117702952999995
801018,2017-05-12,6447.79,6416.72,6510.83,6344.47,0.23706937,4.8046694106
801018,2017-05-15,6434.93,6470.78,6554.19,6382.6,0.36490948,10.149774068300001
801018,2017-05-16,6601.42,6420.67,6640.89,6333.21,0.35893374,8.6576300376
801018,2017-05-17,6634.14,6588.77,6731.45,6565.94,0.29666657,6.5113839512
801018,2017-05-18,6578.57,6603.21,6691.64,6529.64,0.22780884,5.2807842489
801018,2017-05-19,6564.32,6561.82,6657.11,6492.94,0.19750752,4.616127393399999
801018,2017-05-22,6456.48,6577.78,6639.33,6401.09,0.26714074,5.1028990069999995
801018,2017-05-23,6350.63,6451.18,6513.97,6285.62,0.29071566,5.2422998748000005
801018,2017-05-24,6363.22,6367.28,6436.87,6196.78,0.22587696,4.3949178037
801018,2017-05-25,6377.24,6366.64,6462.62,6255.01,0.28112122,5.1618518749
801018,2017-05-26,6405.68,6402.62,6478.04,6338.67,0.19987615,3.8075345886000003
801018,2017-05-31,6460.92,6456.01,6561.56,6405.25,0.28878685,5.486850974099999
801018,2017-06-01,6369.62,6446.19,6499.05,6346.26,0.28663499,4.7299859961
801018,2017-06-02,6359.37,6353.59,6418.91,6186.86,0.20880854,3.9661708837000003
801018,2017-06-05,6411.68,6363.07,6471.72,6327.59,0.17349422,3.5084265512
801018,2017-06-06,6441.34,6411.45,6502.25,6366.86,0.18879391,3.4456047170999997
801018,2017-06-07,6606.92,6454.44,6678.9,6421.79,0.36610865,6.0819685778
801018,2017-06-08,6605.22,6610.59,6714.31,6552.95,0.24354803,4.6027551217000005
801018,2017-06-09,6544.91,6602.54,6641.99,6500.78,0.23156062,4.4505152706999995
801018,2017-06-12,6465.52,6514.3,6559.91,6423.15,0.20178583,3.8565610747
801018,2017-06-13,6566.94,6460.28,6616.25,6444.66,0.20157986,4.3194819665
801018,2017-06-14,6565.45,6584.53,6643.18,6525.99,0.22944586,5.1068895034
801018,2017-06-15,6580.3,6564.37,6693.05,6530.65,0.29375042,5.078890469
801018,2017-06-16,6583.23,6593.48,6640.33,6555.38,0.15419202,2.7489860174
801018,2017-06-19,6635.8,6580.94,6693.5,6536.5,0.20015066,3.6568790568000002
801018,2017-06-20,6613.54,6636.96,6683.26,6582.31,0.16859976,3.0932965930000003
801018,2017-06-21,6652.62,6649.47,6697.91,6576.34,0.15028437,3.0872060416000005
801018,2017-06-22,6523.36,6661.81,6700.23,6505.79,0.25097531,4.738394533999999
801018,2017-06-23,6535.26,6533.71,6591.66,6402.0,0.30866448,4.8058334632
801018,2017-06-26,6592.66,6516.94,6646.89,6466.59,0.35349339,5.8646582597000005
801018,2017-06-27,6610.76,6599.59,6678.53,6572.1,0.20768596,4.1847599065
801018,2017-06-28,6569.68,6610.34,6654.87,6528.88,0.22075241,4.0077967052
801018,2017-06-29,6556.42,6598.24,6628.95,6527.54,0.15602758,2.7813405406
801018,2017-06-30,6633.71,6543.3,6671.2,6490.25,0.32695125,5.072574385299999
801018,2017-07-03,6628.22,6694.22,6737.43,6568.99,0.77281692,9.200044504600001
801018,2017-07-04,6581.75,6589.03,6648.37,6539.08,0.49332927,6.335353196
801018,2017-07-05,6646.64,6587.98,6685.41,6530.45,0.4961431,6.5894331486
801018,2017-07-06,6637.51,6646.7,6698.13,6582.82,0.35317371,5.1521626222000005
801018,2017-07-07,6663.56,6632.08,6730.27,6603.2,0.32641083,4.9444026132
801018,2017-07-10,6561.54,6651.19,6735.47,6486.57,0.51906109,8.0672552661
801018,2017-07-11,6569.43,6562.41,6671.77,6482.54,0.43266279,6.2897379926
801018,2017-07-12,6583.29,6563.28,6644.03,6482.4,0.31566131,4.8694147182
801018,2017-07-13,6558.03,6582.25,6641.96,6519.42,0.21180207,3.3777287339999997
801018,2017-07-14,6535.88,6553.64,6608.64,6507.45,0.18382146,2.9899311019
801018,2017-07-17,6274.9,6528.19,6549.19,6223.54,0.39773583,5.8433042851999994
801018,2017-07-18,6266.48,6258.48,6336.24,6197.41,0.23880244,3.5007701225
801018,2017-07-19,6286.9,6250.64,6313.78,6200.9,0.24785636,3.8590914224
801018,2017-07-20,6321.3,6286.7,6395.98,6248.32,0.26095188,3.9509081008
801018,2017-07-24,6264.94,6247.18,6322.2,6211.74,0.24237214,3.7052211835000004
801018,2017-07-25,6228.15,6255.26,6314.76,6173.16,0.21743053,3.4190025432
801018,2017-07-26,6210.25,6225.7,6280.66,6150.35,0.38955294,4.8115646692
801018,2017-07-27,6302.28,6198.23,6332.11,6165.34,0.36442258,4.9721712703
801018,2017-07-28,6272.9,6300.69,6369.98,6242.02,0.23199852,3.2610383483999996
801018,2017-07-31,6310.26,6269.34,6400.24,6159.21,0.32247027,5.1286133172
801018,2017-08-01,6294.03,6312.16,6376.75,6225.11,0.23756232,3.5719792979
801018,2017-08-02,6201.98,6296.82,6332.19,6160.32,0.29282521,3.9352013172
801018,2017-08-03,6219.67,6178.86,6282.05,6158.34,0.229096,3.1389641838999998
801018,2017-08-04,6165.52,6233.85,6258.96,6140.9,0.26567323,3.7801982741000004
801018,2017-08-07,6232.19,6188.77,6277.98,6132.97,0.24711258,3.3735067381
801018,2017-08-08,6256.84,6247.17,6291.51,6171.27,0.31606454,4.5846727843
801018,2017-08-09,6280.81,6254.39,6337.74,6216.02,0.2603699,3.6840413506
801018,2017-08-10,6250.57,6299.56,6354.82,6194.53,0.31267801,4.2878433124
801018,2017-08-11,6253.31,6222.89,6303.56,6173.4,0.22222304,3.3240580846
801018,2017-08-14,6337.15,6250.19,6365.83,6232.74,0.30092899,4.2117486231
801018,2017-08-15,6324.56,6348.13,6361.47,6268.35,0.21922646,3.1474284517
801018,2017-08-16,6351.57,6336.85,6405.65,6307.61,0.21596574,3.6818060606
801018,2017-08-17,6357.05,6349.83,6397.2,6317.88,0.23805439,3.5096670539
801018,2017-08-18,6352.91,6337.94,6400.39,6302.53,0.18923353,3.0026891619
801018,2017-08-21,6413.81,6348.08,6457.48,6333.5,0.24163847,3.7415373465
801018,2017-08-22,6425.72,6439.52,6493.08,6369.12,0.27501306,4.9022181521
801018,2017-08-23,6417.27,6422.04,6484.08,6350.85,0.25094027,4.5056848157
801018,2017-08-24,6388.4,6402.19,6470.03,6334.77,0.23894856,3.8362700537
801018,2017-08-25,6415.2,6396.3,6451.29,6360.47,0.22598017,3.6451654864
801018,2017-08-28,6407.87,6425.24,6491.7,6351.34,0.40695138,7.1677611133
801018,2017-08-29,6371.42,6411.51,6465.16,6320.88,0.32376048,6.2038062162
801018,2017-08-30,6398.77,6363.78,6444.95,6324.52,0.33899484,5.1026336104
801018,2017-08-31,6373.67,6399.99,6438.71,6322.69,0.21831769,4.1145721684
801018,2017-09-01,6377.59,6363.26,6430.6,6329.35,0.23166028,3.9580529951999996
801018,2017-09-04,6365.66,6377.59,6401.03,6311.72,0.26269726,4.3191516381
801018,2017-09-05,6333.34,6363.58,6380.1,6301.95,0.20411469,3.6380205341000003
801018,2017-09-06,6341.03,6331.61,6379.92,6280.48,0.2184048,3.7242509702
801018,2017-09-07,6358.6,6355.13,6408.44,6255.29,0.2465891,3.9458863997000004
801018,2017-09-08,6354.72,6352.98,6403.41,6293.85,0.22589398,3.5403008725
801018,2017-09-11,6351.73,6346.61,6392.72,6296.6,0.21663237,3.6379784112999998
801018,2017-09-12,6346.26,6343.91,6385.74,6293.38,0.25712767,4.1495573269
801018,2017-09-13,6374.44,6344.49,6423.25,6303.28,0.28932221,3.9122923091
801018,2017-09-14,6356.5,6366.31,6414.34,6316.99,0.27088809,4.0963668605
801018,2017-09-15,6376.49,6339.13,6417.86,6307.47,0.19607304,3.1212550595999997
801018,2017-09-18,6463.86,6365.18,6480.44,6348.22,0.25508018,4.2595375901
801018,2017-09-19,6473.76,6466.79,6532.43,6416.65,0.29336521,4.343143394
801018,2017-09-20,6529.68,6489.76,6592.14,6450.31,0.33801492,4.2482562291
801018,2017-09-21,6415.29,6538.94,6557.97,6392.26,0.29394579,3.6443088477999996
801018,2017-09-22,6409.29,6417.45,6484.33,6355.97,0.22218067,3.2565335510000004
801018,2017-09-25,6389.88,6420.5,6488.05,6355.02,0.21618487,2.8609501195999996
801018,2017-09-26,6399.04,6388.28,6433.28,6293.96,0.24984579,3.3611734164
801018,2017-09-27,6398.88,6408.05,6444.46,6349.2,0.17054851,2.2210141381999997
801018,2017-09-28,6359.59,6398.42,6423.44,6322.58,0.16594718,2.3739602124
801018,2017-09-29,6380.43,6374.48,6442.28,6309.64,0.20178999,2.9074953655
801018,2017-10-09,6548.61,6443.88,6606.99,6381.46,0.28096777,3.8030740166
801018,2017-10-10,6558.7,6534.58,6596.53,6478.82,0.27311134,4.0284538843
801018,2017-10-11,6658.07,6564.76,6730.71,6531.84,0.43459069,6.1741428438
801018,2017-10-12,6652.71,6661.74,6748.01,6575.61,0.3460189,4.3747051118
801018,2017-10-13,6673.89,6651.27,6728.89,6619.12,0.30527388,4.5881007358999994
801018,2017-10-16,6566.64,6714.17,6772.13,6529.03,0.44625782,7.6749315734
801018,2017-10-17,6565.48,6589.02,6632.89,6458.63,0.28080278,4.4030700801
801018,2017-10-18,6536.01,6558.92,6631.95,6493.33,0.27243794,4.6585965135
801018,2017-10-19,6501.55,6550.69,6598.68,6460.62,0.24859137,3.8433821014999996
801018,2017-10-20,6704.23,6509.63,6740.78,6466.07,0.44660898,6.8966669173
801018,2017-10-23,6772.23,6699.67,6841.09,6640.43,0.43101254,6.5337629288
801018,2017-10-24,6734.41,6741.47,6798.53,6649.98,0.33779275,5.1344232322000005
801018,2017-10-25,6788.32,6740.6,6842.16,6697.12,0.4390502,5.609358124400001
801018,2017-10-26,6951.45,6868.93,7044.52,6848.21,0.43482774,8.5079316083
801018,2017-10-27,6920.29,6954.02,7083.4,6884.26,0.325913,5.5908428282000004
801018,2017-10-30,6832.97,6914.93,6968.16,6723.19,0.3563303,5.5778130181
801018,2017-10-31,6882.74,6846.87,6926.88,6760.64,0.28941366,4.9073843061
801018,2017-11-01,6865.48,6887.14,6973.11,6804.59,0.3001082,5.0999423911
801018,2017-11-02,6834.16,6838.51,6918.47,6730.99,0.30803263,4.9973402848
801018,2017-11-03,6859.7,6836.63,6934.79,6782.79,0.31232513,5.5391113658
801018,2017-11-06,6961.27,6887.47,7010.6,6778.9,0.32025498,5.613962171900001
801018,2017-11-07,6916.38,6961.14,7025.69,6845.48,0.29884595,4.9586303780000005
801018,2017-11-08,6915.7,6915.01,7022.73,6844.49,0.29250003,4.7425317369
801018,2017-11-09,6893.93,6922.1,6958.93,6832.41,0.26642502,3.9962464886
801018,2017-11-10,6916.62,6886.84,6990.08,6828.08,0.29810759,4.6602854563
801018,2017-11-13,6797.11,6946.52,6978.46,6736.62,0.36977578,6.5535833691
801018,2017-11-14,6790.85,6813.7,6898.5,6726.77,0.35008376,5.9344105922
801018,2017-11-15,6811.44,6815.46,6912.49,6701.65,0.31858872,5.9773794197
801018,2017-11-16,6972.61,6801.55,7031.85,6752.15,0.31807486,6.8999977276
801018,2017-11-17,6862.07,6973.67,7047.18,6788.75,0.40948969,6.6722056515
801018,2017-11-20,6850.05,6835.86,6903.91,6690.26,0.30934749,5.0713704998
801018,2017-11-21,6887.55,6860.67,6957.2,6749.44,0.30026316,4.9994900976
801018,2017-11-22,6796.94,6898.61,6974.93,6718.8,0.30668997,5.1829089304
801018,2017-11-23,6691.05,6787.33,6899.61,6657.93,0.34489088,5.2057943496
801018,2017-11-24,6708.74,6696.36,6767.04,6548.45,0.57298648,6.5999202978
801018,2017-11-27,6595.38,6670.1,6740.36,6514.27,0.34203282,4.335304156
801018,2017-11-28,6600.13,6618.54,6701.43,6479.8,0.20817328,3.8525145888
801018,2017-11-29,6571.46,6630.55,6690.47,6500.07,0.1834454,3.0820818006999997
801018,2017-11-30,6479.83,6617.91,6649.02,6461.57,0.14803303,2.851861706
801018,2017-12-01,6547.8,6531.61,6640.55,6453.49,0.12591938,2.60051927
801018,2017-12-04,6420.19,6600.43,6634.05,6378.52,0.18394581,3.8571020581999997
801018,2017-12-05,6421.39,6472.4,6578.6,6320.61,0.29295357,5.2599382843
801018,2017-12-06,6444.86,6468.08,6589.64,6326.13,0.17577263,3.3301277605
801018,2017-12-07,6461.14,6507.12,6594.44,6408.44,0.14405875,2.6198811464
801018,2017-12-08,6564.87,6467.53,6647.33,6396.87,0.18693344,3.5635055520999996
801018,2017-12-11,6718.27,6613.32,6818.13,6539.31,0.24877494,5.872895193200001
801018,2017-12-12,6685.29,6778.78,6823.66,6645.0,0.14278706,3.0560751422
801018,2017-12-13,6734.81,6732.87,6823.21,6656.84,0.16538702,3.6754166320999997
801018,2017-12-14,6737.04,6810.45,6844.27,6666.8,0.11776166,2.3073977278
801018,2017-12-15,6655.17,6790.7,6828.41,6597.76,0.13443639,2.8564184383999995
801018,2017-12-18,6808.65,6718.76,6888.55,6636.25,0.19191522,4.8624436312
801018,2017-12-19,6844.81,6852.69,6921.7,6751.04,0.15993257,3.8027642873
801018,2017-12-20,6826.41,6874.3,6936.49,6747.59,0.17763521,3.6828681486000003
801018,2017-12-21,6820.02,6877.59,6959.72,6758.57,0.18204555,4.011477065899999
801018,2017-12-22,6812.03,6904.72,6941.73,6779.64,0.10699812,2.3218569715
801018,2017-12-25,6741.51,6857.65,6930.28,6681.54,0.16460072,3.2548822319
801018,2017-12-26,6862.13,6806.36,6929.62,6722.27,0.16247786,3.6891560818
801018,2017-12-27,6833.75,6889.64,6956.28,6738.07,0.17353653,3.9826292007
801018,2017-12-28,6829.32,6898.67,6946.64,6740.74,0.14670733,3.2496656133
801018,2017-12-29,6929.16,6850.3,7000.24,6770.57,0.19063613,3.7298241901
801018,2018-01-02,6942.79,6998.02,7063.77,6862.63,0.16107334,3.5030201219999997
801018,2018-01-03,6985.68,6977.78,7111.07,6887.91,0.18678189,3.8182660633
801018,2018-01-04,6993.22,7023.33,7104.93,6928.93,0.18466246,3.7221739796
801018,2018-01-05,6928.88,7051.04,7076.85,6903.32,0.12884157,2.597652945
801018,2018-01-08,6916.88,6995.9,7034.8,6845.65,0.16168862,3.4066983639
801018,2018-01-09,6885.22,6970.41,7023.26,6814.52,0.16379097,3.3878095753
801018,2018-01-10,6800.01,6945.38,6971.95,6732.05,0.17976854,3.7850599052
801018,2018-01-11,6844.39,6821.33,6924.93,6753.01,0.15797663,3.2017644094
801018,2018-01-12,6795.44,6867.77,6921.87,6753.28,0.13133839,2.7393845043000002
801018,2018-01-15,6782.58,6843.03,6946.25,6699.65,0.20628965,4.4899161403
801018,2018-01-16,6881.27,6838.31,6968.38,6695.42,0.27610209,5.9717669951
801018,2018-01-17,6793.12,6942.49,7036.06,6703.47,0.31712409,6.5839663368
801018,2018-01-18,6769.03,6842.31,6904.19,6734.88,0.20636884,4.6711506
801018,2018-01-19,6739.98,6797.76,6889.76,6711.19,0.18502325,3.8331770882
801018,2018-01-22,6816.82,6768.36,6906.71,6655.57,0.17245609,3.5540778692000004
801018,2018-01-23,6832.04,6869.97,6945.61,6770.77,0.16627283,3.6750919669999997
801018,2018-01-24,6813.59,6882.87,6949.18,6774.94,0.1668103,3.143506338
801018,2018-01-25,6898.3,6865.66,7034.64,6798.43,0.17154666,3.7969607175999998
801018,2018-01-26,6849.96,6946.78,6998.34,6803.44,0.15062947,3.1739721071
801018,2018-01-29,6702.6,6901.14,6947.76,6659.49,0.19510618,4.4305581871
801018,2018-01-30,6723.67,6720.1,6836.29,6657.02,0.09896373,2.1765118898
801018,2018-01-31,6673.49,6766.85,6821.57,6594.27,0.17208334,2.838968738
801018,2018-02-01,6369.07,6718.48,6740.58,6271.92,0.28888248,6.1496839497
801018,2018-02-02,6354.97,6384.52,6541.24,6217.78,0.215724,4.2552258693
801018,2018-02-05,6332.12,6425.11,6500.13,6221.17,0.15411804,3.3406092558
801018,2018-02-06,6189.1,6339.32,6404.62,6070.21,0.22283668,4.2789204299
801018,2018-02-07,6213.51,6324.34,6448.54,6103.01,0.29231101,4.0303719774
801018,2018-02-08,6215.51,6288.84,6389.98,6105.4,0.19742926,2.9516940417
801018,2018-02-09,6038.29,6215.72,6267.77,5984.06,0.19326867,2.9944026641000003
801018,2018-02-12,6224.71,6177.58,6355.81,6058.5,0.11432247,2.0642580334000002
801018,2018-02-13,6227.49,6303.02,6393.08,6183.34,0.09630734,1.8186374415
801018,2018-02-14,6257.93,6335.9,6380.12,6200.77,0.06119648,1.1243587752
801018,2018-02-22,6379.91,6385.64,6514.36,6264.35,0.09027099,1.9795426959
801018,2018-02-23,6383.75,6480.7,6533.22,6318.72,0.11524926,1.8779128657
801018,2018-02-26,6420.86,6513.79,6553.59,6343.57,0.14173067,2.4795763971
801018,2018-02-27,6392.26,6511.55,6571.9,6352.32,0.12553674,2.3696061219
801018,2018-02-28,6383.49,6468.07,6539.85,6327.99,0.13492886,2.6199701228
801018,2018-03-01,6421.98,6454.86,6537.14,6313.61,0.11496774,2.1959188821
801018,2018-03-02,6423.43,6503.06,6562.52,6348.38,0.09653799,1.7795505744
801018,2018-03-05,6446.29,6534.34,6595.61,6374.39,0.11874335,2.1073936591
801018,2018-03-06,6561.7,6551.22,6681.88,6437.31,0.16382407,3.0780976643
801018,2018-03-07,6532.52,6650.46,6719.74,6482.86,0.14150047,2.8900611264999996
801018,2018-03-08,6657.58,6649.8,6816.99,6537.5,0.18219204,3.8456833405
801018,2018-03-09,6685.65,6769.3,6835.83,6607.08,0.17415264,3.2491986925
801018,2018-03-12,6758.44,6802.28,6946.87,6691.13,0.19932269,4.1414260698000005
801018,2018-03-13,6692.51,6838.57,6942.77,6644.05,0.17282298,3.7311099675999997
801018,2018-03-14,6646.9,6780.3,6827.77,6628.11,0.11765993,2.221644864
801018,2018-03-15,6645.23,6741.42,6796.08,6555.41,0.14431762,2.5842030283
801018,2018-03-16,6590.48,6742.83,6787.88,6561.36,0.12880122,2.7769144241
801018,2018-03-19,6623.39,6681.38,6773.49,6558.51,0.10337705,1.9745796469999999
801018,2018-03-20,6630.93,6696.9,6765.14,6530.03,0.16137011,2.884677762
801018,2018-03-21,6628.72,6740.14,6846.14,6599.46,0.14894191,3.2699264613
801018,2018-03-22,6528.01,6718.93,6760.4,6511.29,0.10328218,2.1304624941
801018,2018-03-23,6362.89,6474.47,6603.97,6278.73,0.22551239,4.166207942200001
801018,2018-03-26,6477.94,6390.42,6558.94,6279.64,0.15762347,3.3095451824
801018,2018-03-27,6580.22,6552.09,6678.45,6434.73,0.17797959,3.4814774091000005
801018,2018-03-28,6441.47,6571.65,6608.97,6399.05,0.15087963,3.0132992894
801018,2018-03-29,6429.25,6514.11,6548.48,6365.56,0.15664733,3.2033725716
801018,2018-03-30,6349.25,6489.79,6509.51,6226.07,0.34480015,7.957613066
801018,2018-04-02,6284.73,6364.42,6419.5,6212.48,0.33354541,7.610137965800001
801018,2018-04-03,6311.33,6276.09,6348.75,6190.76,0.38361804,6.5534990411
801018,2018-04-04,6349.88,6337.89,6439.89,6275.81,0.46635612,6.8819603119
801018,2018-04-09,6331.95,6358.0,6422.37,6224.21,0.51466058,7.281925007999999
801018,2018-04-10,6442.19,6365.25,6508.01,6285.38,0.47398934,7.458132675800001
801018,2018-04-11,6457.15,6479.52,6554.92,6364.75,0.49275295,7.7307758128
801018,2018-04-12,6406.11,6451.09,6525.64,6264.06,0.47394918,7.6680810971
801018,2018-04-13,6372.02,6396.08,6465.21,6306.78,0.44947758,6.0094677717
801018,2018-04-16,6275.43,6367.42,6443.85,6200.52,0.36937476,5.9148922053
801018,2018-04-17,6136.63,6299.44,6342.83,6079.01,0.33702176,5.9373150227
801018,2018-04-18,6136.89,6166.84,6207.32,6000.65,0.28970156,5.1620096193
801018,2018-04-19,6125.69,6129.22,6222.78,6062.64,0.22262248,4.0463756377
801018,2018-04-20,6117.67,6136.52,6206.28,6062.12,0.24298772,4.193392584100001
801018,2018-04-23,6024.4,6147.71,6172.36,5964.9,0.21286202,3.8076260498
801018,2018-04-24,6151.41,6040.74,6201.9,6020.65,0.27399166,4.6332407403
801018,2018-04-25,6141.1,6168.06,6204.92,6091.78,0.28823026,4.8798125576
801018,2018-04-26,5880.22,6134.28,6161.33,5798.87,0.4578312,8.7928408334
801018,2018-04-27,6013.94,5863.26,6080.9,5820.74,0.32007724,5.639220926599999
801018,2018-05-02,6041.42,6018.55,6121.01,5883.42,0.4136311,7.0594166803
801018,2018-05-03,6057.4,6051.62,6132.16,5981.79,0.38516864,6.3707473124
801018,2018-05-04,6158.29,6051.58,6211.88,6023.05,0.32916708,5.8273000835
801018,2018-05-07,6197.68,6167.18,6250.29,6110.02,0.31588396,5.6144023687999995
801018,2018-05-08,6198.11,6194.61,6254.38,6146.41,0.29158693,4.799388062
801018,2018-05-09,6204.15,6200.83,6250.52,6140.51,0.23268582,3.7540430673
801018,2018-05-10,6198.79,6212.94,6235.23,6128.2,0.25037699,4.2607717533
801018,2018-05-11,6130.82,6186.73,6223.76,6108.31,0.23842685,3.9389257808999996
801018,2018-05-14,6210.97,6120.52,6234.98,6089.31,0.21672053,4.05063569
801018,2018-05-15,6251.47,6202.55,6286.96,6167.47,0.23089782,4.0948394955000005
801018,2018-05-16,6329.61,6235.74,6435.42,6219.36,0.36763441,6.7098395581
801018,2018-05-17,6330.85,6319.21,6378.24,6259.84,0.20538956,3.5040255629000003
801018,2018-05-18,6302.55,6329.01,6372.29,6236.16,0.23265285,3.8960761114999998
801018,2018-05-21,6324.15,6321.58,6425.3,6274.63,0.26790477,4.355029507099999
801018,2018-05-22,6388.43,6297.75,6421.67,6257.79,0.28818604,4.5783829616
801018,2018-05-23,6343.12,6363.54,6440.24,6289.37,0.28147438,4.8202596158999995
801018,2018-05-24,6429.82,6349.51,6491.93,6319.83,0.27418851,5.3783283508
801018,2018-05-25,6308.79,6429.66,6456.58,6265.2,0.2221225,4.3442757632
801018,2018-05-28,6339.66,6305.4,6418.04,6270.88,0.26843491,5.0506220207
801018,2018-05-29,6335.83,6327.12,6442.33,6250.08,0.30071369,5.4934234357000005
801018,2018-05-30,6223.34,6280.11,6317.92,6170.62,0.25084575,4.3614431083
801018,2018-05-31,6364.93,6254.65,6411.18,6191.21,0.23773107,4.5214836958
801018,2018-06-01,6338.88,6347.81,6468.73,6275.41,0.26144794,4.9021071769
801018,2018-06-04,6286.25,6357.93,6381.62,6245.99,0.17427345,3.1476851069
801018,2018-06-05,6394.03,6290.78,6418.29,6255.0,0.27597555,5.5699573722
801018,2018-06-06,6422.51,6380.96,6472.33,6347.4,0.27048066,5.18314654
801018,2018-06-07,6356.89,6424.75,6452.46,6310.75,0.20035503,3.8174150860000005
801018,2018-06-08,6298.98,6368.16,6406.52,6235.32,0.24060523,4.62856957
801018,2018-06-11,6147.88,6270.89,6310.83,6085.13,0.22312948,4.2756488937
801018,2018-06-12,6180.25,6125.07,6206.95,6094.64,0.18355163,3.3995996389
801018,2018-06-13,6042.29,6166.79,6189.24,5990.69,0.23109832,4.41872967
801018,2018-06-14,5912.14,6041.96,6083.64,5856.29,0.22905972,4.114159478
801018,2018-06-15,5780.36,5907.64,5952.96,5666.37,0.30908447,5.5928025539999995
801018,2018-06-19,5623.36,5755.42,5853.13,5449.74,0.33152523,5.249456401000001
801018,2018-06-20,5687.54,5622.92,5731.29,5565.52,0.2357943,3.7593657519
801018,2018-06-21,5639.48,5744.03,5817.89,5614.74,0.26899929,4.4765979888
801018,2018-06-22,5783.72,5611.55,5814.8,5523.97,0.23165287,3.9375085087
801018,2018-06-25,5676.77,5797.91,5848.24,5642.79,0.18740061,2.7996622116000003
801018,2018-06-26,5750.4,5615.0,5783.16,5584.13,0.29804079,3.514431745
801018,2018-06-27,5661.93,5757.39,5787.19,5622.52,0.23528526,2.9471619384
801018,2018-06-28,5567.18,5643.38,5708.91,5533.31,0.16938301,2.2626132757
801018,2018-06-29,5690.85,5586.05,5710.65,5554.72,0.21195793,3.065212767
801018,2018-07-02,5555.05,5665.0,5759.92,5463.41,0.28931872,4.294047248
801018,2018-07-03,5514.47,5574.64,5621.0,5377.95,0.27480183,4.06509606
801018,2018-07-04,5412.87,5475.79,5513.39,5350.84,0.24600402,3.6110474331
801018,2018-07-05,5202.14,5372.54,5444.19,5116.18,0.42463058,6.09187192
801018,2018-07-06,5203.95,5170.67,5267.48,5074.11,0.43746536,6.1146203120000004
801018,2018-07-09,5367.0,5238.56,5384.29,5206.99,0.2628183,3.8310770905
801018,2018-07-10,5386.74,5364.74,5470.73,5328.63,0.22597692,3.0983808412
801018,2018-07-11,5446.06,5346.51,5488.42,5207.8,0.32475106,4.5220897313999995
801018,2018-07-12,5507.19,5449.61,5533.42,5410.32,0.26347222,3.6473998812
801018,2018-07-13,5663.04,5515.0,5702.87,5478.58,0.41983096,5.8472673872000005
801018,2018-07-16,5698.76,5635.34,5729.64,5567.08,0.33366871,4.8467473361
801018,2018-07-17,5621.41,5685.91,5704.71,5537.92,0.26337067,3.8434752495
801018,2018-07-18,5561.84,5602.71,5719.04,5540.08,0.22854602,3.1665675139
801018,2018-07-19,5547.25,5572.06,5626.27,5499.86,0.21203518,2.9763952307
801018,2018-07-20,5628.14,5538.74,5652.58,5491.03,0.23225395,3.2645263023
801018,2018-07-23,5523.99,5456.98,5588.28,5392.61,0.35306758,4.8707431291
801018,2018-07-24,5653.45,5483.66,5720.5,5452.99,0.34991236,4.8238347732
801018,2018-07-25,5596.81,5650.89,5688.16,5553.13,0.26170632,3.4942728973
801018,2018-07-26,5474.82,5569.2,5601.59,5451.35,0.26036107,3.3388909144
801018,2018-07-27,5371.04,5487.17,5497.91,5347.53,0.28713484,3.5394850542
801018,2018-07-30,5196.87,5344.5,5390.61,5138.44,0.53109772,6.03283484
801018,2018-07-31,5305.17,5270.34,5386.58,5228.97,0.35645004,4.6242000404
801018,2018-08-01,5215.49,5327.7,5360.17,5168.36,0.37410375,4.454262765299999
801018,2018-08-02,5194.23,5214.15,5263.08,5060.42,0.31505398,3.6679653331
801018,2018-08-03,5325.47,5176.99,5463.56,5077.49,0.54128718,6.643251274
801018,2018-08-06,5115.26,5300.39,5331.49,5029.26,0.49276014,5.8187650333
801018,2018-08-07,5138.35,5081.78,5172.5,5002.07,0.35874676,4.1582535283999995
801018,2018-08-08,5042.01,5120.15,5149.0,5005.84,0.25822777,2.8070182382
801018,2018-08-09,5155.97,5035.56,5211.4,5014.26,0.30694741,3.544437433
801018,2018-08-10,5208.29,5144.85,5264.87,5131.86,0.22730847,2.7469447328
801018,2018-08-13,5222.64,5192.77,5273.51,5131.83,0.30155605,3.7010811467
801018,2018-08-14,5272.11,5206.77,5297.93,5159.79,0.29572772,3.8429569107
801018,2018-08-15,5150.86,5298.72,5341.34,5136.28,0.30655789,3.8223036151
801018,2018-08-16,5182.68,5096.94,5221.67,5018.1,0.28088509,3.259728721
801018,2018-08-17,5049.04,5212.9,5288.55,4998.44,0.3701415,4.303951698500001
801018,2018-08-20,4981.2,5039.58,5088.14,4865.55,0.29891673,3.4247161831
801018,2018-08-21,5005.35,4983.22,5062.04,4935.34,0.26480072,3.0484677537000002
801018,2018-08-22,4927.8,4845.29,4972.9,4812.21,0.3590086,4.495478925
801018,2018-08-23,4987.59,4906.89,5059.92,4834.02,0.42567109,4.4572604986
801018,2018-08-24,4934.94,4948.21,5011.15,4900.35,0.37805841,4.1065241581
801018,2018-08-27,4996.73,4939.26,5060.98,4911.44,0.36030473,4.1346985361
801018,2018-08-28,5117.25,5008.39,5156.75,4976.12,0.36706753,4.6276988388
801018,2018-08-29,5110.8,5126.76,5165.78,5076.35,0.32461379,3.6969347525
801018,2018-08-30,5032.63,5094.83,5132.56,5002.45,0.28512443,3.0100966632999997
801018,2018-08-31,5006.62,5012.57,5068.26,4965.31,0.25272903,2.7684227926
801018,2018-09-03,5002.32,5000.13,5030.14,4921.34,0.31725301,3.4180861094
801018,2018-09-04,5054.5,5014.6,5079.34,4980.87,0.30732891,3.4477739981
801018,2018-09-05,4983.16,5037.04,5071.04,4974.04,0.23052666,2.4189748725999998
801018,2018-09-06,4958.12,4964.72,5029.66,4945.23,0.17357528,1.8879406775
801018,2018-09-07,4971.68,4965.06,5044.67,4910.73,0.24018976,2.5886035766
801018,2018-09-10,4930.5,4981.51,4993.84,4927.0,0.21380542,2.2927887538
801018,2018-09-11,4952.01,4934.73,5011.51,4893.38,0.20746476,2.2516953125
801018,2018-09-12,4957.03,4947.03,5000.6,4905.22,0.28119524,2.8460157412
801018,2018-09-13,4959.43,5000.47,5025.47,4911.71,0.19657138,2.1137452486000003
801018,2018-09-14,4950.35,4961.75,4994.34,4918.66,0.15179447,1.5927696115999999
801018,2018-09-17,4905.69,4940.62,4981.71,4874.46,0.16192711,1.649582031
801018,2018-09-18,4967.65,4882.24,4982.44,4865.27,0.25722929,2.4309806311
801018,2018-09-19,5076.71,4968.83,5134.1,4944.42,0.38505281,4.0870211983999996
801018,2018-09-20,5057.95,5070.86,5140.98,5007.63,0.24764666,2.7171832258
801018,2018-09-21,5113.46,5060.15,5143.71,5044.64,0.30482326,3.5020665151999997
801018,2018-09-25,5162.24,5104.86,5172.26,5051.05,0.30429561,3.24400298
801018,2018-09-26,5273.67,5151.72,5324.47,5120.88,0.43470834,5.2304398439
801018,2018-09-27,5210.26,5260.6,5286.34,5189.6,0.29856942,3.2280363136
801018,2018-09-28,5295.09,5216.69,5323.59,5187.02,0.26704046,3.36411088
801018,2018-10-08,5186.5,5219.17,5309.17,5160.06,0.27738937,3.3937567716
801018,2018-10-09,5177.84,5188.66,5252.44,5126.59,0.22600522,2.64673198
801018,2018-10-10,5165.15,5184.47,5201.72,5125.43,0.17310168,2.0168375634999998
801018,2018-10-11,4981.47,5059.26,5143.38,4906.2,0.341243,3.9887528776
801018,2018-10-12,5026.37,4949.67,5081.18,4876.37,0.32102766,3.5883398458999998
801018,2018-10-15,5081.92,5053.6,5220.8,5016.34,0.28902914,3.7082238516
801018,2018-10-16,5072.54,5086.09,5174.13,4937.56,0.30849047,3.5197732825
801018,2018-10-17,5158.08,5087.27,5220.71,5009.97,0.27235899,3.3251043502999997
801018,2018-10-18,4891.05,5123.31,5173.48,4839.37,0.36253361,4.6860636804
801018,2018-10-19,4950.32,4744.48,4993.59,4709.9,0.48419776,6.1474974262
801018,2018-10-22,5225.27,4978.15,5275.34,4963.29,0.48404635,6.2549015766
801018,2018-10-23,5259.42,5247.27,5357.81,5165.46,0.412598,5.5211142565
801018,2018-10-24,5280.44,5282.85,5374.05,5172.15,0.38397279,5.064646341
801018,2018-10-25,5244.59,5163.53,5299.03,5125.37,0.2853041,3.7505136928
801018,2018-10-26,5343.1,5260.48,5468.47,5228.25,0.3202389,4.6932389
801018,2018-10-29,5243.93,5356.64,5422.35,5184.0,0.31412307,3.9901817842000002
801018,2018-10-30,5355.96,5212.14,5421.64,5168.27,0.38115258,4.8753974172
801018,2018-10-31,5290.19,5261.73,5363.14,5221.97,0.34981781,4.5526202015
801018,2018-11-01,5162.71,5231.25,5277.05,5115.74,0.3333437,4.337177393999999
801018,2018-11-02,5200.39,5153.98,5238.92,5095.45,0.47270476,5.2385100501999995
801018,2018-11-05,5262.6,5100.54,5354.46,5070.87,4.35955371,17.9297993846
801018,2018-11-06,5214.6,5244.96,5277.91,5126.94,1.81081636,8.2275719734
801018,2018-11-07,5274.07,5216.4,5344.98,5178.14,1.29730784,7.908064628200001
801018,2018-11-08,5243.23,5302.99,5368.0,5182.23,1.47203206,8.15902142
801018,2018-11-09,5182.24,5218.89,5295.56,5123.73,1.0865706,6.5085518787
801018,2018-11-12,5293.28,5214.15,5338.04,5141.13,1.19394511,6.7410944674
801018,2018-11-13,5351.61,5299.51,5436.9,5224.56,3.55726934,15.1702433138
801018,2018-11-14,5332.63,5338.49,5468.26,5223.63,2.44543792,12.068599096400002
801018,2018-11-15,5442.35,5290.97,5487.85,5267.61,1.53842226,8.3491899403
801018,2018-11-16,5539.43,5439.54,5621.06,5378.18,2.33978283,10.9920441254
801018,2018-11-19,5545.56,5541.82,5681.95,5464.54,3.1789826,14.6578168777
801018,2018-11-20,5362.8,5496.79,5584.65,5309.57,1.95073882,9.9661269047
801018,2018-11-21,5405.53,5315.48,5486.63,5274.25,1.56738857,8.0305866024
801018,2018-11-22,5359.99,5432.03,5493.21,5299.55,1.11347473,6.385296232999999
801018,2018-11-23,5179.66,5346.67,5386.79,5140.55,1.40553431,6.956817868200001
801018,2018-11-26,5182.96,5179.26,5254.42,5086.95,0.84125379,4.6217536162
801018,2018-11-27,5231.89,5216.85,5312.52,5137.72,0.7583208,4.5104210036
801018,2018-11-28,5257.2,5218.65,5306.21,5162.05,0.76668459,4.2108163286
801018,2018-11-29,5182.71,5278.02,5335.11,5159.1,0.75966325,4.2152906786
801018,2018-11-30,5198.76,5172.4,5236.48,5081.06,0.7494866,3.81505554
801018,2018-12-03,5376.4,5296.81,5430.44,5204.0,1.21510992,7.1870366416
801018,2018-12-04,5397.68,5381.14,5457.92,5303.54,1.3124042,6.9399593170000005
801018,2018-12-05,5378.19,5295.54,5428.83,5264.97,0.89964611,5.5403317586
801018,2018-12-06,5246.99,5351.15,5413.29,5213.6,0.78062607,5.1161615407
801018,2018-12-07,5277.67,5291.6,5348.71,5196.31,0.51046574,3.8147590274
801018,2018-12-10,5248.17,5265.54,5324.02,5189.07,0.61824642,3.968797248
801018,2018-12-11,5330.32,5250.82,5372.77,5218.82,0.70932366,4.2491118714
801018,2018-12-12,5289.89,5345.27,5369.93,5257.87,0.43302086,2.6119270691
801018,2018-12-13,5318.55,5309.21,5372.88,5266.55,0.48617913,3.3954804081
801018,2018-12-14,5222.39,5318.9,5357.8,5148.68,0.54591125,4.270831314
801018,2018-12-17,5223.94,5203.87,5277.37,5155.89,0.48228967,3.2148110363
801018,2018-12-18,5205.82,5219.8,5293.24,5141.36,0.47749738,3.2795851520999997
801018,2018-12-19,5133.99,5208.05,5252.2,5122.2,0.51816191,2.9790441523
801018,2018-12-20,5112.66,5126.73,5195.17,4992.25,0.53919396,3.6402744606999997
801018,2018-12-21,5053.23,5092.31,5131.77,5002.76,0.42159759,2.3083814973
801018,2018-12-24,5097.76,5056.81,5130.15,4976.61,0.34844935,2.0174072201
801018,2018-12-25,5007.3,5038.47,5087.8,4888.28,0.64385553,3.5218037349
801018,2018-12-26,4896.63,4997.49,5069.8,4837.0,0.71118055,3.9347751478
801018,2018-12-27,4797.65,4953.04,4984.15,4774.64,0.58575296,3.5428257114
801018,2018-12-28,4838.14,4807.09,4907.68,4772.8,0.4837048,3.241321511
801018,2019-01-02,4680.48,4864.85,4893.0,4633.95,0.43085595,3.5981933908999997
801018,2019-01-03,4607.93,4701.39,4747.59,4554.24,0.57161039,3.8554982524
801018,2019-01-04,4721.48,4591.78,4771.89,4553.31,0.69560214,3.8203876326999997
801018,2019-01-07,4716.95,4792.63,4846.96,4616.14,0.73888234,5.129863032099999
801018,2019-01-08,4780.27,4695.6,4820.56,4657.28,0.69988781,4.2252210327999995
801018,2019-01-09,4829.64,4802.81,4962.48,4738.16,1.10646044,5.396027968099999
801018,2019-01-10,4831.7,4853.99,4944.29,4737.72,1.27679691,6.9680603928
801018,2019-01-11,4822.68,4789.24,4910.54,4743.39,0.80366446,4.2940623459
801018,2019-01-14,4774.59,4810.57,4865.45,4675.77,0.56785684,3.8623165926
801018,2019-01-15,4727.57,4784.61,4812.97,4627.86,0.65164067,4.7955729199
801018,2019-01-16,4737.26,4736.7,4779.2,4684.8,0.46144298,3.3986270537
801018,2019-01-17,4715.58,4747.73,4811.75,4675.06,0.52268874,3.3564545835
801018,2019-01-18,4692.17,4711.34,4758.04,4601.91,0.52628374,3.935297453
801018,2019-01-21,4716.47,4690.7,4787.57,4651.46,0.46116672,3.6776158752
801018,2019-01-22,4666.44,4726.41,4769.18,4624.32,0.61355643,3.3462330823000004
801018,2019-01-23,4650.58,4656.17,4697.91,4587.04,0.44132671,2.8054378680000003
801018,2019-01-24,4593.98,4675.36,4695.03,4567.17,0.46341221,3.771935669
801018,2019-01-25,4568.1,4619.27,4647.98,4510.36,0.77571995,4.4413968348
801018,2019-01-28,4632.41,4599.6,4728.49,4538.79,0.56117723,4.9682277231
801018,2019-01-29,4537.91,4632.85,4682.03,4467.06,0.90293914,14.462164381700001
801018,2019-01-30,4426.25,4499.37,4576.49,4393.48,0.78712959,8.7258758918
801018,2019-01-31,4397.77,4419.4,4474.56,4354.08,0.68959297,7.8454766991
801018,2019-02-01,4563.24,4430.08,4584.96,4416.24,0.57749079,7.9798770445
801018,2019-02-11,4799.21,4593.26,4819.8,4557.46,0.703804,9.4186073824
801018,2019-02-12,4874.11,4829.4,4954.86,4772.5,0.9529889,16.5235935224
801018,2019-02-13,4905.88,4898.66,4943.15,4817.02,0.9048194,13.606290406400001
801018,2019-02-14,4921.41,4907.1,5020.91,4847.25,0.8088563,10.2256884752
801018,2019-02-15,4927.17,4923.04,5058.77,4851.14,0.83241665,12.091606337
801018,2019-02-18,5169.16,4931.24,5195.59,4916.53,1.12913009,14.153810144400001
801018,2019-02-19,5108.7,5189.01,5237.64,5051.44,1.07501351,12.6048186598
801018,2019-02-20,5059.87,5116.82,5204.21,4990.5,0.90658225,11.916384134300001
801018,2019-02-21,4990.17,5078.09,5115.32,4947.94,1.138037,13.2520111444
801018,2019-02-22,5139.5,4998.62,5183.87,4940.59,1.46537289,12.062375283900002
801018,2019-02-25,5383.29,5238.93,5390.16,5160.82,3.33803159,22.0406403894
801018,2019-02-26,5395.67,5418.95,5539.98,5222.83,4.098469,28.678860257800004
801018,2019-02-27,5206.44,5400.35,5511.96,5125.42,3.99587348,30.9848889839
801018,2019-02-28,5122.62,5157.65,5272.71,5019.95,2.54036624,19.875667116400002
801018,2019-03-01,5187.46,5144.88,5260.16,5025.91,2.29851279,17.448267793499998
801018,2019-03-04,5386.44,5221.24,5487.98,5159.18,3.4724835,28.080986656999997
801018,2019-03-05,5511.81,5342.57,5580.79,5287.07,2.87300902,23.5946418556
801018,2019-03-06,5577.29,5532.63,5640.71,5387.29,3.22195143,26.632817826700002
801018,2019-03-07,5760.27,5579.31,5877.51,5492.6,3.48332884,33.3799610774
801018,2019-03-08,5499.75,5661.76,5798.9,5468.41,2.62759981,24.7197949754
801018,2019-03-11,5682.39,5469.6,5703.7,5419.99,2.02875599,19.8984527734
801018,2019-03-12,5789.23,5721.58,5900.47,5602.16,3.59664346,28.329533149099998
801018,2019-03-13,5744.99,5793.62,5920.87,5601.95,3.98432764,27.909665583600002
801018,2019-03-14,5513.03,5700.86,5807.59,5414.0,3.49016297,23.341996896599998
801018,2019-03-15,5602.28,5533.52,5719.8,5450.44,3.01135087,19.3787867421
801018,2019-03-18,5772.28,5624.76,5888.2,5570.23,2.85538342,20.0934351377
801018,2019-03-19,5741.25,5753.72,5835.38,5674.31,1.76333754,14.8175669494
801018,2019-03-20,5778.81,5731.45,5877.45,5624.21,1.92246895,16.5555647348
801018,2019-03-21,5920.14,5780.1,5984.68,5714.32,3.14376106,22.345742102600003
801018,2019-03-22,5969.7,5890.23,6044.43,5765.9,2.76386623,21.0254191989
801018,2019-03-25,5998.05,5910.39,6220.13,5852.81,2.44163653,23.7542790602
801018,2019-03-26,5832.65,5987.14,6107.0,5759.89,1.98935215,20.5347575475
801018,2019-03-27,5866.63,5851.78,5978.15,5697.44,1.55477786,14.4740112993
801018,2019-03-28,5660.52,5823.12,5885.86,5635.26,1.36192829,12.82429674
801018,2019-03-29,5801.15,5655.79,5825.95,5566.79,1.64758348,14.174678099400001
801018,2019-04-01,5958.11,5842.86,6041.36,5793.79,2.09128736,20.229888053
801018,2019-04-02,5999.61,5983.27,6076.19,5879.26,2.1938036,18.2205987165
801018,2019-04-03,6045.73,5960.63,6083.87,5857.67,2.07907315,16.8701395794
801018,2019-04-04,6071.28,6070.97,6202.03,5936.37,2.78737603,21.8159050492
801018,2019-04-08,6160.81,6107.32,6324.77,5935.99,3.20372983,27.3983041796
801018,2019-04-09,6140.35,6116.06,6238.68,6021.26,2.13946468,17.9152780189
801018,2019-04-10,6121.61,6093.27,6252.2,6007.17,2.1068276,18.124931154200002
801018,2019-04-11,5985.49,6132.41,6221.5,5948.15,1.54218742,16.3023787575
801018,2019-04-12,5980.46,5983.2,6084.94,5844.86,1.18332684,12.3666737521
801018,2019-04-15,5829.33,6037.38,6111.89,5758.85,1.49621042,14.2995924405
801018,2019-04-16,5970.87,5820.49,6013.37,5668.83,1.58037903,15.0450202904
801018,2019-04-17,6017.2,5949.99,6065.31,5949.99,1.53935715,15.0234051042
801018,2019-04-18,5917.3,6017.48,6074.28,5875.93,1.16009457,13.3189257722
801018,2019-04-19,5903.08,5920.13,6000.46,5811.52,1.1511549,11.7998947567
801018,2019-04-22,5939.64,5935.79,6013.4,5846.64,1.64583718,14.1505201121
801018,2019-04-23,5872.1,5924.13,6048.54,5729.7,2.37632601,21.7039808755
801018,2019-04-24,5920.54,5884.41,6014.97,5790.62,1.57739802,15.9584536107
801018,2019-04-25,5901.96,5917.08,6188.91,5769.02,2.0994557,21.8880404106
801018,2019-04-26,5704.2,5846.61,5996.43,5651.85,2.18843498,20.5300943959
801018,2019-04-29,5593.06,5533.71,5788.89,5380.36,1.83715681,18.8275170366
801018,2019-04-30,5725.3,5550.26,5824.2,5516.17,1.44311979,14.8188115776
801018,2019-05-06,5379.35,5483.54,5699.74,5297.18,1.55957434,16.236325386500003
801018,2019-05-07,5553.11,5382.57,5608.87,5322.05,1.60477931,17.0757772247
801018,2019-05-08,5618.58,5475.26,5789.82,5418.57,1.58283612,19.5930885995
801018,2019-05-09,5492.6,5587.31,5665.15,5411.35,1.11942086,13.723098243599999
801018,2019-05-10,5588.71,5589.1,5696.55,5348.13,1.50200873,17.2947690089
801018,2019-05-13,5613.36,5560.04,5705.9,5463.15,1.41320483,19.8130008378
801018,2019-05-14,5502.87,5529.39,5660.37,5459.55,1.00178123,13.876172860599999
801018,2019-05-15,5638.77,5522.84,5678.73,5438.53,1.32435679,20.1784182524
801018,2019-05-16,5623.53,5556.77,5700.83,5534.64,1.42003165,17.0436588576
801018,2019-05-17,5377.22,5572.89,5611.24,5284.0,1.45734512,14.49176144
801018,2019-05-20,5106.76,5210.11,5269.4,5048.66,0.6894984,7.467779044299999
801018,2019-05-21,5158.2,5016.52,5247.95,5004.48,2.12316564,20.0580957635
801018,2019-05-22,5099.05,5153.14,5244.21,5057.76,1.65313588,17.9730888285
801018,2019-05-23,4944.85,5111.69,5137.43,4926.32,1.19873878,12.8457485511
801018,2019-05-24,5083.14,4921.86,5259.84,4811.84,1.67585057,18.3105597674
801018,2019-05-27,5120.47,5053.27,5154.22,4967.8,1.4008319,16.2367039273
801018,2019-05-28,5086.49,5083.09,5210.97,5035.62,1.36580789,14.365266565999999
801018,2019-05-29,5048.02,5085.68,5126.65,5008.75,1.07695341,12.5348470682
801018,2019-05-30,5131.41,5056.15,5190.29,4960.3,1.51045065,14.8252875222
801018,2019-05-31,5111.83,5161.75,5227.31,5062.51,1.24411712,13.2130337995
801018,2019-06-03,4988.47,5185.89,5229.31,4961.56,1.71113341,18.1711984162
801018,2019-06-04,4947.94,4987.82,5094.52,4881.88,1.34321117,15.0006586893
801018,2019-06-05,5044.95,4996.91,5164.11,4908.31,1.3175657,15.4925539524
801018,2019-06-06,4873.4,5025.73,5099.77,4838.21,1.08134548,11.8944585817
801018,2019-06-10,4876.47,4895.97,4958.22,4815.95,0.82453728,9.1588108699
801018,2019-06-11,5044.07,4889.08,5063.19,4863.01,1.18361272,12.9162247542
801018,2019-06-12,5026.23,5042.22,5199.41,4997.46,1.26582496,13.905347344800001
801018,2019-06-13,5051.31,5020.14,5110.1,4947.87,0.95833461,9.7895533263
801018,2019-06-14,4977.94,5063.36,5113.17,4941.62,1.01692645,9.890015878
801018,2019-06-17,4975.62,4980.34,5072.29,4895.2,0.9348955,9.3801906813
801018,2019-06-18,4987.23,4980.13,5047.97,4921.75,0.84547085,8.6113267369
801018,2019-06-19,5033.37,5086.81,5126.7,4987.92,1.03580744,11.3544716324
801018,2019-06-20,5051.03,5009.29,5144.98,4955.78,1.54460767,14.2686451779
801018,2019-06-21,5167.15,5063.93,5206.45,5036.69,1.79311281,15.346871627899999
801018,2019-06-24,5188.49,5166.91,5251.28,5090.59,1.22233833,13.5442688791
801018,2019-06-25,5122.75,5176.55,5200.55,5034.87,0.90149832,9.6567726198
801018,2019-06-26,5213.01,5106.83,5251.37,5071.37,1.13256933,9.8523564938
801018,2019-06-27,5217.23,5229.52,5290.22,5140.12,1.17534937,11.417658617999999
801018,2019-06-28,5136.14,5196.88,5237.36,5084.5,0.8366945,9.1161198669
801018,2019-07-01,5251.23,5226.78,5302.87,5168.89,0.96928135,9.8013800822
801018,2019-07-02,5355.71,5258.31,5448.24,5207.52,1.17388954,15.278680250799999
801018,2019-07-03,5397.94,5352.17,5474.35,5301.4,1.08911051,14.123595839000002
801018,2019-07-04,5344.45,5405.94,5480.29,5287.62,1.39929376,13.2026681144
801018,2019-07-05,5404.55,5365.95,5468.46,5296.02,1.21250138,13.426711405899999
801018,2019-07-08,5287.98,5412.09,5484.63,5214.39,0.86518938,15.5339493029
801018,2019-07-09,5222.75,5236.79,5286.57,5123.28,0.54330356,9.2824975726
801018,2019-07-10,5147.43,5230.69,5251.88,5108.22,0.43966102,7.2972704657000005
801018,2019-07-11,5187.53,5169.8,5314.7,5099.8,0.65269134,10.100159951
801018,2019-07-12,5157.39,5194.98,5264.0,5092.86,0.54184397,8.5022701871
801018,2019-07-15,5107.21,5127.78,5180.04,4981.08,0.55818483,8.137635796
801018,2019-07-16,5070.96,5099.12,5152.01,5013.19,0.52852539,7.2055095174
801018,2019-07-17,4995.35,5065.5,5098.59,4964.14,0.54448879,7.648419157
801018,2019-07-18,4929.5,4998.67,5021.74,4842.62,0.4731681,6.3445018495
801018,2019-07-19,4971.21,4940.37,5030.58,4920.27,0.42644732,5.7043868704
801018,2019-07-22,4904.99,4975.43,5007.58,4851.93,0.4621177,6.6409822235
801018,2019-07-23,4948.31,4909.65,5000.19,4850.73,0.41183295,5.8581383037
801018,2019-07-24,4974.19,4951.0,5031.64,4924.56,0.40104416,5.698244698300001
801018,2019-07-25,4965.07,4978.2,5016.15,4936.41,0.32223079,4.5827106261
801018,2019-07-26,5001.27,4981.11,5041.89,4924.68,0.38042389,5.8103321085
801018,2019-07-29,5047.17,5004.62,5075.37,4923.05,0.44166141,6.7648788191
801018,2019-07-30,5102.22,5050.3,5143.35,5027.06,0.43471449,6.6316107105999995
801018,2019-07-31,5136.07,5114.11,5218.92,5061.66,0.52945482,7.6770386797
801018,2019-08-01,5342.4,5128.23,5414.41,5109.43,1.00171678,14.4080599767
801018,2019-08-02,5508.45,5279.2,5591.58,5202.36,1.22767286,18.7842000833
801018,2019-08-05,5339.78,5479.51,5528.78,5309.39,1.1602757,17.4144545401
801018,2019-08-06,5298.6,5203.52,5408.61,5130.23,1.00862716,14.887820397999999
801018,2019-08-07,5216.08,5364.24,5440.36,5196.64,0.77656002,12.108341908699998
801018,2019-08-08,5268.06,5235.68,5335.94,5134.65,0.62612252,10.2015438132
801018,2019-08-09,5186.07,5278.54,5385.24,5146.44,0.65432612,10.1800786589
801018,2019-08-12,5593.02,5206.66,5652.85,5159.1,1.34164732,20.763660461300002
801018,2019-08-13,5622.88,5521.99,5712.69,5481.94,1.06488831,16.7829543291
801018,2019-08-14,5553.45,5654.96,5720.59,5504.69,0.85407628,13.538417273399999
801018,2019-08-15,5559.2,5432.73,5606.21,5404.59,0.66198391,10.148701282200001
801018,2019-08-16,5906.99,5561.49,5962.51,5501.22,1.27361268,20.4577183502
801018,2019-08-19,6059.25,5909.86,6309.05,5852.83,1.86305739,31.2439789343
801018,2019-08-20,5941.37,6027.15,6130.85,5860.44,1.15282512,18.568219293800002
801018,2019-08-21,5815.12,5910.84,5943.78,5715.63,0.87130582,14.1289701377
801018,2019-08-22,5965.22,5848.79,6091.48,5782.45,1.30831469,21.538994916
801018,2019-08-23,5914.91,5884.85,6004.54,5781.73,1.10195564,17.9127609595
801018,2019-08-26,5839.45,5786.36,5947.75,5704.46,0.89373549,13.9270281708
801018,2019-08-27,5920.82,5861.67,6012.92,5834.03,0.91761471,14.1285177228
801018,2019-08-28,6163.85,5888.11,6220.77,5826.08,1.20063705,18.8933298999
801018,2019-08-29,5976.91,6174.98,6205.37,5904.78,0.99365946,16.582627413
801018,2019-08-30,5856.66,6008.52,6135.03,5817.44,0.83160913,13.7242655874
801018,2019-09-02,5960.28,5868.21,6031.07,5758.77,0.7217847,11.3820324401
801018,2019-09-03,5898.23,5985.4,6024.16,5843.3,0.62085162,10.1377884097
801018,2019-09-04,6050.71,5917.94,6101.56,5815.27,0.84708701,14.298890218099999
801018,2019-09-05,6003.5,6060.48,6149.7,5966.66,0.85034096,14.0366588065
801018,2019-09-06,6330.33,6005.3,6498.81,5953.0,1.69433234,26.0093689459
801018,2019-09-09,6502.81,6363.32,6620.66,6306.78,1.54124552,22.8571248893
801018,2019-09-10,6610.62,6475.64,6758.16,6430.5,1.60280042,23.264515168699997
801018,2019-09-11,6389.97,6932.03,7044.72,6345.7,2.07101867,34.503632120700004
801018,2019-09-12,6280.65,6388.2,6441.86,6145.85,1.29308637,19.994075787699998
801018,2019-09-16,6167.29,6258.89,6278.23,6073.38,1.02463275,15.480715218
801018,2019-09-17,6054.21,6193.21,6241.59,5953.75,0.80088209,12.319111993499998
801018,2019-09-18,6154.9,6036.18,6240.25,5947.05,0.84232652,12.924075936400001
801018,2019-09-19,6232.71,6131.15,6316.43,6073.36,0.86994462,13.04869367
801018,2019-09-20,6145.5,6230.53,6293.6,6058.33,0.66417803,10.3841992031
801018,2019-09-23,6179.52,6121.47,6262.02,5997.33,0.73044825,11.5459796393
801018,2019-09-24,6245.8,6175.5,6329.72,6106.2,0.76840507,11.5609218272
801018,2019-09-25,6129.85,6191.14,6241.41,6033.51,0.65957888,9.8183198224
801018,2019-09-26,5975.66,6167.34,6275.29,5931.39,0.83072284,12.357897648599998
801018,2019-09-27,6058.16,6031.29,6119.04,5963.96,0.50864723,7.9687195919
801018,2019-09-30,6136.27,6101.84,6238.7,6057.9,0.62927542,9.2792159013
801018,2019-10-08,6121.11,6172.1,6315.25,6053.19,0.66300477,9.1968102245
801018,2019-10-09,6090.73,6078.62,6164.68,5987.95,0.43558012,6.0900254041999995
801018,2019-10-10,6273.34,6105.54,6292.66,6025.46,0.70612549,10.4697254867
801018,2019-10-11,6196.72,6246.95,6322.93,6148.93,0.60192048,8.7064594634
801018,2019-10-14,6298.74,6241.2,6382.57,6180.53,0.59474036,9.1061918925
801018,2019-10-15,6403.41,6320.09,6513.21,6208.25,0.80595341,12.990734509600001
801018,2019-10-16,6363.8,6386.68,6477.04,6273.98,0.83800786,12.833722764800001
801018,2019-10-17,6335.39,6346.94,6457.08,6292.77,0.52493702,8.4185627571
801018,2019-10-18,6373.75,6317.2,6451.23,6263.88,0.76489264,12.6532885357
801018,2019-10-21,6569.3,6358.96,6700.94,6326.26,1.13067644,19.5045866942
801018,2019-10-22,6552.71,6569.75,6641.09,6432.73,0.78532548,11.8006282223
801018,2019-10-23,6593.38,6590.16,6751.11,6507.99,0.77801726,12.267492371600001
801018,2019-10-24,6523.57,6597.51,6623.92,6386.14,0.70781217,11.6001736183
801018,2019-10-25,6596.71,6523.54,6674.18,6407.15,0.88903367,13.3398085354
801018,2019-10-28,6557.77,6536.33,6694.64,6404.78,0.75403788,11.8727667034
801018,2019-10-29,6623.83,6549.39,6731.02,6496.97,0.81834402,13.5207330454
801018,2019-10-30,6885.53,6624.26,6962.87,6552.47,1.11009148,18.8774759023
801018,2019-10-31,6849.25,6863.22,7079.41,6698.13,1.42948794,20.725468671199998
801018,2019-11-01,6686.43,6836.32,6884.48,6586.96,1.12161398,16.8354835166
801018,2019-11-04,6878.08,6697.39,6943.32,6612.68,1.06548756,15.7035165254
801018,2019-11-05,7026.93,6847.27,7142.41,6807.12,1.16751203,17.3096445595
801018,2019-11-06,6924.41,6985.89,7074.45,6836.24,0.94375591,12.4421493358
801018,2019-11-07,6964.02,6923.2,7041.3,6854.46,0.67698118,9.376845395
801018,2019-11-08,6875.34,7020.63,7062.97,6833.33,0.68302664,9.4539464002
801018,2019-11-11,6750.86,6856.26,6931.13,6704.49,0.57780952,8.3580527841
801018,2019-11-12,6759.7,6750.18,6842.15,6522.17,0.72806176,10.5611107798
801018,2019-11-13,6564.29,6797.42,6808.51,6503.93,0.6060213,9.7747871945
801018,2019-11-14,6609.94,6537.96,6749.27,6484.34,0.66634177,10.384861666299999
801018,2019-11-15,6514.64,6638.38,6706.89,6452.2,0.5903758,8.6572463197
801018,2019-11-18,6455.73,6597.75,6678.48,6403.79,0.61983541,10.260305860399999
801018,2019-11-19,6505.3,6515.36,6560.31,6380.48,0.53877963,8.3264701922
801018,2019-11-20,6410.0,6515.86,6577.25,6395.56,0.57154832,8.7360943639
801018,2019-11-21,6273.14,6388.67,6444.46,6209.51,0.57514063,9.1324326784
801018,2019-11-22,6185.9,6299.82,6366.94,6128.04,0.64047437,9.3193679457
801018,2019-11-25,6012.0,6185.98,6248.01,5973.76,0.63416067,9.0268217728
801018,2019-11-26,5976.92,6017.53,6144.36,5928.4,0.57032855,8.82180825
801018,2019-11-27,6060.81,6009.81,6139.42,5986.61,0.47532685,6.9779259953
801018,2019-11-28,6002.98,6062.29,6103.59,5957.31,0.40037185,5.6135370074
801018,2019-11-29,5945.81,6001.97,6043.63,5889.44,0.41000322,5.4352090455
801018,2019-12-02,5912.25,5942.45,6070.81,5852.82,0.42798574,6.5447200551
801018,2019-12-03,5956.63,5910.85,5966.43,5814.74,0.36737062,5.1246420374
801018,2019-12-04,5981.12,5905.15,6025.6,5878.78,0.34579318,5.1723502948
801018,2019-12-05,6043.12,5990.96,6061.82,5950.63,0.35671924,5.1132234759
801018,2019-12-06,6078.68,6053.07,6139.32,5966.83,0.57263138,8.3834457061
801018,2019-12-09,5854.86,6112.56,6138.24,5814.06,0.9022727,14.105274843800002
801018,2019-12-10,5876.26,5832.09,5939.9,5754.64,0.72112091,10.5188841011
801018,2019-12-11,5849.01,5859.88,5909.99,5765.35,0.52885363,7.5779488877
801018,2019-12-12,5842.82,5863.48,5918.24,5781.81,0.47169016,6.887681184
801018,2019-12-13,5944.96,5873.77,5992.78,5820.53,0.53002016,7.7058883721
801018,2019-12-16,5955.71,5964.11,6015.81,5853.93,0.59143729,8.0311909742
801018,2019-12-17,5962.38,5967.39,6035.87,5875.15,0.80485915,11.2289204379
801018,2019-12-18,5885.57,5952.76,5985.59,5847.58,0.78951453,10.6246300638
801018,2019-12-19,5975.41,5887.06,5997.52,5846.75,0.49326442,7.0142186384
801018,2019-12-20,6170.47,5989.37,6245.23,5955.14,1.25575432,16.3698799019
801018,2019-12-23,6039.92,6149.31,6251.63,5996.44,1.10187294,14.9641079698
801018,2019-12-24,6013.84,6038.49,6111.94,5923.65,0.69337803,9.4600998053
801018,2019-12-25,6108.08,6014.4,6156.64,5957.0,0.60838421,8.5721725902
801018,2019-12-26,6099.96,6104.99,6160.08,5992.33,0.62236969,8.3280318935
801018,2019-12-27,5982.32,6027.47,6093.96,5917.25,1.02585176,13.208129387
801018,2019-12-30,5988.14,5926.28,6017.58,5800.69,0.7149025,9.3319662389
801018,2019-12-31,6011.72,5851.86,6125.87,5838.3,0.81208546,10.2078177976
801018,2020-01-02,6199.58,6059.0,6253.71,6032.48,0.92395779,12.585944472000001
801018,2020-01-03,6160.18,6213.48,6297.46,6108.03,0.81075504,11.1328225852
801018,2020-01-06,6259.26,6151.02,6306.81,6079.19,0.92098844,12.945697279300001
801018,2020-01-07,6374.18,6263.63,6464.99,6206.27,1.22265338,15.1935632383
801018,2020-01-08,6482.73,6366.61,6565.28,6305.57,1.31313139,16.961349143
801018,2020-01-09,6571.5,6557.21,6682.64,6475.45,0.93637152,13.012816492999999
801018,2020-01-10,6595.31,6630.06,6756.32,6478.75,1.48789713,17.9741819824
801018,2020-01-13,6612.53,6541.91,6679.92,6432.34,1.03922457,13.317590577
801018,2020-01-14,6650.89,6615.05,6751.64,6557.09,0.87763435,12.051975296199998
801018,2020-01-15,6672.01,6670.5,6780.03,6558.72,1.0434944,12.657183126300001
801018,2020-01-16,6692.32,6682.08,6813.42,6577.43,1.0523463,13.7465824322
801018,2020-01-17,6694.64,6718.09,6809.99,6581.85,1.09874114,14.9060638718
801018,2020-01-20,6644.15,6690.99,6772.85,6487.54,1.16144531,16.4779513696
801018,2020-01-21,6712.29,6659.71,6889.9,6601.25,1.01609425,14.5005195555
801018,2020-01-22,6659.97,6662.67,6772.34,6408.25,0.92288204,13.5985895197
801018,2020-01-23,6453.19,6604.01,6770.3,6352.82,1.00484465,14.1865348805
801018,2020-02-03,5936.51,5836.17,6141.28,5806.72,0.94385433,14.2556729155
801018,2020-02-04,6295.35,5936.48,6357.63,5888.48,1.09623665,15.573177073800002
801018,2020-02-05,6558.75,6381.27,6592.24,6228.13,1.0967131,15.5113097809
801018,2020-02-06,6660.47,6555.93,6818.93,6501.04,1.21653959,18.1675097166
801018,2020-02-07,6555.45,6591.63,6742.32,6453.63,0.91326442,13.1835459925
801018,2020-02-10,6870.21,6553.43,6941.01,6534.87,1.23265939,18.16198867
801018,2020-02-11,6719.7,6850.64,6890.66,6664.99,0.9132115,13.281872261199998
801018,2020-02-12,6753.38,6733.11,6810.2,6656.11,0.64918731,9.5526864302
801018,2020-02-13,6754.26,6776.23,6937.44,6654.55,1.08200228,13.933565014200001
801018,2020-02-14,6827.18,6778.03,6952.67,6665.16,0.84343906,11.9702160245
801018,2020-02-17,6993.5,6914.07,7075.79,6842.15,1.0784348,15.611452016900001
801018,2020-02-18,6964.09,7016.32,7060.39,6856.04,1.04626732,15.2764627233
801018,2020-02-19,6936.92,7016.56,7204.98,6860.89,1.18635722,18.4884508378
801018,2020-02-20,6936.86,6889.0,7011.01,6793.94,0.97055617,14.7230314246
801018,2020-02-21,6940.2,6966.1,7050.38,6825.78,0.95805849,13.929132765599999
801018,2020-02-24,6942.22,6942.74,7061.15,6825.1,0.92092939,13.305021177999999
801018,2020-02-25,7272.93,6803.32,7332.13,6761.44,2.03013407,30.3508812102
801018,2020-02-26,7042.36,7250.99,7399.27,6971.84,1.9167803,28.9082189375
801018,2020-02-27,7035.54,7036.09,7172.69,6939.35,1.03322666,15.617689031500001
801018,2020-02-28,6684.48,6808.79,7010.61,6618.96,1.16520071,17.1418704664
801018,2020-03-02,6896.91,7017.82,7190.14,6751.48,1.43686723,20.7529106209
801018,2020-03-03,7112.81,6951.31,7234.62,6909.59,1.69106056,26.8280438125
801018,2020-03-04,7171.54,7076.37,7302.71,6966.85,1.45665907,21.927040586
801018,2020-03-05,7164.99,7210.44,7314.81,7058.51,1.41954825,21.8100745275
801018,2020-03-06,7243.47,7159.24,7408.26,7067.67,1.09456532,15.9576717224
801018,2020-03-09,6783.51,7146.09,7189.68,6749.39,1.23491435,18.7990221738
801018,2020-03-10,6892.56,6774.07,6987.0,6611.69,1.05553136,15.468619112999999
801018,2020-03-11,6773.23,6912.16,7027.21,6734.96,0.79143935,11.793414950199999
801018,2020-03-12,6557.79,6686.51,6738.32,6497.89,0.73712888,10.6398742526
801018,2020-03-13,6464.53,6219.02,6604.35,6142.51,0.86388637,12.3253047123
801018,2020-03-16,6129.41,6510.56,6543.79,6082.94,0.75784078,10.7152439177
801018,2020-03-17,6123.82,6153.78,6308.15,5904.37,0.6200399,8.9183532512
801018,2020-03-18,6071.84,6228.51,6358.75,6040.56,0.69793543,9.9065937335
801018,2020-03-19,6033.65,6088.46,6199.4,5852.43,0.76160716,10.7604847765
801018,2020-03-20,6292.1,6137.07,6357.78,6068.4,0.74954207,11.3888617915
801018,2020-03-23,6117.3,6198.93,6329.48,6064.02,0.55455487,8.0546578126
801018,2020-03-24,6479.83,6232.21,6520.73,6164.54,0.82373996,12.295574289100001
801018,2020-03-25,6596.15,6585.38,6678.74,6490.48,0.64484627,9.776633352100001
801018,2020-03-26,6644.09,6546.78,6788.76,6514.11,0.76263398,10.9873886853
801018,2020-03-27,6494.65,6715.37,6783.28,6457.91,0.87761785,11.9362259888
801018,2020-03-30,6427.33,6418.19,6553.1,6299.44,0.59119658,8.1097661412
801018,2020-03-31,6615.64,6475.55,6700.54,6441.48,0.7209101,10.422971478400001
801018,2020-04-01,6553.11,6627.81,6686.29,6481.36,0.63884547,8.4643019606
801018,2020-04-02,6529.61,6541.56,6592.49,6418.93,0.56922485,8.0196537131
801018,2020-04-03,6427.05,6537.09,6660.12,6396.66,0.55487484,7.915636038
801018,2020-04-07,6781.7,6542.3,6859.58,6491.05,1.0752321,15.1962388426
801018,2020-04-08,6874.81,6777.27,6953.92,6708.78,0.97754154,13.734017012
801018,2020-04-09,6922.23,6902.35,7020.16,6797.26,0.83213567,11.830003686
801018,2020-04-10,6853.17,6957.39,7044.25,6801.65,0.90671328,13.2458722758
801018,2020-04-13,6860.45,6845.21,6936.69,6739.83,0.57617893,8.256013709
801018,2020-04-14,7054.67,6873.41,7090.52,6807.1,0.73407359,11.432546251199998
801018,2020-04-15,7130.9,7127.94,7273.79,7026.79,0.97455087,15.4756582879
801018,2020-04-16,7233.8,7108.89,7292.51,7039.75,0.71244332,11.9933308885
801018,2020-04-17,7265.15,7265.29,7425.75,7184.54,0.82705477,13.6309312925
801018,2020-04-20,7361.59,7277.63,7427.45,7222.95,0.75903125,11.6633002398
801018,2020-04-21,7258.51,7328.47,7378.08,7165.56,0.7904054,12.1457665704
801018,2020-04-22,7473.34,7235.57,7583.35,7174.8,1.11755316,17.4741115522
801018,2020-04-23,7446.05,7483.69,7635.74,7357.74,1.10951165,17.1872790354
801018,2020-04-24,7345.2,7517.09,7594.06,7273.78,0.93073992,14.9350000102
801018,2020-04-27,7492.21,7378.76,7661.18,7313.62,0.89857891,14.6753249578
801018,2020-04-28,7391.87,7470.69,7627.12,7241.5,0.91429309,13.986251065
801018,2020-04-29,7335.48,7399.63,7692.32,7206.83,0.74436795,12.985115263299999
801018,2020-04-30,7408.86,7428.36,7572.67,7296.5,1.07306128,16.815659886600002
801018,2020-05-06,7519.56,7365.34,7551.68,7300.1,0.76362842,12.610979565
801018,2020-05-07,7500.8,7529.32,7698.83,7434.43,0.77703803,13.546260853900002
801018,2020-05-08,7886.58,7588.91,7958.84,7503.24,1.16791321,20.9683438088
801018,2020-05-11,7972.37,7936.2,8131.81,7813.54,0.88780823,16.7156045047
801018,2020-05-12,7929.13,7958.28,8075.02,7789.25,0.66863367,12.28364981
801018,2020-05-13,7980.46,7908.85,8052.06,7806.37,0.65377419,11.9432807168
801018,2020-05-14,7823.46,7952.65,7985.3,7752.76,0.6102928,11.2866036776
801018,2020-05-15,7791.52,7878.21,7948.82,7732.69,0.46281305,7.8702673753
801018,2020-05-18,7826.71,7767.37,7966.02,7722.69,0.57757917,10.390925108
801018,2020-05-19,7893.09,7888.76,7986.31,7770.03,0.46581039,8.337801902899999
801018,2020-05-20,7870.11,7916.62,8017.51,7738.66,0.57733249,10.334322312000001
801018,2020-05-21,7710.6,7908.09,7978.73,7654.37,0.63702191,10.2772774265
801018,2020-05-22,7596.1,7753.47,7866.97,7526.84,0.62178339,10.7172354647
801018,2020-05-25,7537.52,7562.11,7691.94,7406.2,0.60470694,10.790248802699999
801018,2020-05-26,7620.67,7558.13,7693.07,7509.3,0.44924699,7.8417072974
801018,2020-05-27,7559.31,7667.8,7732.35,7502.41,0.51766961,9.4379172534
801018,2020-05-28,7434.98,7559.55,7614.06,7292.65,0.62010106,10.822404009100001
801018,2020-05-29,7540.71,7434.69,7626.38,7356.12,0.60963697,9.8128891689
801018,2020-06-01,7801.23,7620.45,7925.44,7582.14,0.88010831,13.701058601
801018,2020-06-02,7663.74,7858.5,7892.57,7618.3,0.72910547,11.5181141218
801018,2020-06-03,7660.61,7703.99,7812.82,7598.11,0.58458999,9.1813634279
801018,2020-06-04,7685.66,7714.47,7781.69,7569.75,0.52542608,8.6217497367
801018,2020-06-05,7668.67,7691.46,7806.27,7537.59,0.75718825,11.7481720919
801018,2020-06-08,7748.12,7757.96,7934.87,7658.89,0.84749645,13.496531502
801018,2020-06-09,7807.5,7731.83,7918.29,7588.49,0.97980045,17.7984043478
801018,2020-06-10,7910.48,7798.79,8037.07,7709.99,0.91357382,17.912388101199998
801018,2020-06-11,7794.62,7910.41,8034.61,7741.11,0.88529662,16.5090378528
801018,2020-06-12,7613.58,7630.0,7785.62,7529.72,0.8431261,14.953257483900002
801018,2020-06-15,7884.88,7618.15,8052.62,7585.82,0.96544514,18.0073049712
801018,2020-06-16,7975.74,7934.77,8045.95,7790.5,0.79696768,14.701557696099998
801018,2020-06-17,8156.29,8015.6,8258.52,7949.44,1.07510452,18.0142852454
801018,2020-06-18,8149.29,8173.6,8270.24,7987.83,0.87909073,14.6994018377
801018,2020-06-19,8142.71,8130.47,8226.13,8026.42,0.70129214,11.9242643131
801018,2020-06-22,8242.92,8157.7,8408.22,8090.57,1.00332006,18.3565390166
801018,2020-06-23,8342.14,8235.32,8398.48,8173.19,0.82626182,15.610352878099999
801018,2020-06-24,8184.6,8340.78,8461.62,8079.7,1.20081433,18.850287498
801018,2020-06-29,8277.69,8155.25,8436.46,8116.74,0.91447905,15.9919515371
801018,2020-06-30,8566.22,8339.93,8669.6,8288.01,0.98300237,18.3716186978
801018,2020-07-01,8556.41,8613.29,8768.46,8387.13,1.03210231,19.7617324064
801018,2020-07-02,8497.0,8557.67,8653.16,8402.44,0.87390028,16.9568940949
801018,2020-07-03,8409.62,8452.87,8549.95,8213.55,1.00419508,20.5865732637
801018,2020-07-06,8564.98,8410.0,8678.95,8371.51,1.08106237,21.2485378165
801018,2020-07-07,8736.47,8666.66,8881.15,8475.03,1.26947349,25.7288279234
801018,2020-07-08,8814.16,8701.93,8919.3,8569.68,1.06400536,20.5311779936
801018,2020-07-09,9245.52,8840.54,9290.94,8752.0,1.33647973,27.3725650354
801018,2020-07-10,9188.72,9186.91,9453.91,9086.7,1.1640816,22.783262623400002
801018,2020-07-13,9687.38,9282.46,9758.83,9220.92,1.33700779,25.792782065999997
801018,2020-07-14,9608.48,9842.6,9924.64,9296.96,1.70862946,34.9480083208
801018,2020-07-15,9725.66,9711.94,10010.77,9409.37,1.70245481,36.2932948233
801018,2020-07-16,9027.39,9661.53,9710.88,8992.79,1.54362771,29.7018382265
801018,2020-07-17,9044.74,8989.56,9275.2,8736.51,1.20676716,26.6953796925
801018,2020-07-20,9085.94,9125.4,9252.41,8876.85,1.02070259,21.6254455725
801018,2020-07-21,9513.32,9140.56,9618.46,9100.73,1.30662034,24.9030696643
801018,2020-07-22,9704.92,9552.64,9853.47,9381.44,1.33114806,30.2098593552
801018,2020-07-23,9927.7,9584.56,10105.8,9418.21,1.59470275,33.2468732078
801018,2020-07-24,9271.5,9840.78,10114.46,9143.73,1.61704683,35.566139075
801018,2020-07-27,9439.53,9321.22,9729.17,9193.31,1.17144595,25.7927111104
801018,2020-07-28,9712.38,9556.55,9989.67,9338.01,1.46850156,34.5536852538
801018,2020-07-29,10002.19,9704.68,10076.69,9574.08,1.70094401,34.2321041016
801018,2020-07-30,10089.93,10026.83,10486.31,9877.48,2.03019597,42.3480897921
801018,2020-07-31,10498.15,10044.35,10575.71,9946.5,1.94935872,42.250929784
801018,2020-08-03,10648.57,10640.52,10873.99,10400.51,1.96961279,49.7127345308
801018,2020-08-04,10193.55,10613.52,10682.87,10114.41,1.70667856,43.042900706400005
801018,2020-08-05,10476.98,10033.07,10594.1,9922.51,1.30012766,33.2815671006
801018,2020-08-06,10381.0,10407.15,10643.04,10040.39,1.36626902,34.6683931029
801018,2020-08-07,10203.08,10310.02,10525.8,9958.13,0.96926965,23.009985454899997
801018,2020-08-10,10380.23,10153.05,10506.6,9968.48,0.87303451,20.8424272434
801018,2020-08-11,10186.97,10362.32,10592.76,10103.04,0.89643599,21.3375092153
801018,2020-08-12,9870.48,10139.13,10238.72,9693.23,0.81270292,20.3207007723
801018,2020-08-13,9808.91,9854.65,10102.95,9628.71,0.89666712,22.6767450165
801018,2020-08-14,9981.54,9778.45,10123.56,9619.02,1.11601184,24.6459661697
801018,2020-08-17,9918.64,10053.52,10346.79,9720.43,1.21317918,28.7232037894
801018,2020-08-18,9941.9,9909.94,10166.83,9654.53,1.45398262,32.7563286835
801018,2020-08-19,9727.69,9955.63,10024.1,9635.86,0.99791436,22.7488692157
801018,2020-08-20,9432.31,9621.39,9702.66,9372.54,0.8400588,17.8236587475
801018,2020-08-21,9541.1,9501.29,9698.77,9410.93,0.64137737,14.1484979574
801018,2020-08-24,9591.15,9545.78,9706.7,9348.62,0.73258893,15.803422628
801018,2020-08-25,9590.15,9629.82,9784.34,9439.02,0.85403156,18.2875229274
801018,2020-08-26,9366.87,9593.96,9700.8,9309.6,0.72973853,15.8847714334
801018,2020-08-27,9451.75,9403.88,9517.85,9262.0,0.51453601,11.3305269982
801018,2020-08-28,9697.67,9449.61,9749.01,9345.06,0.71324439,16.1495834337
801018,2020-08-31,9804.42,9737.81,10055.61,9613.75,0.98210339,24.4861921141
801018,2020-09-01,9770.18,9816.24,9911.11,9553.88,0.75235684,18.6043872943
801018,2020-09-02,9706.47,9792.3,9898.24,9578.65,0.68084471,16.6417726761
801018,2020-09-03,9763.39,9691.08,9990.97,9592.64,0.90384064,22.780248741599998
801018,2020-09-04,9642.97,9560.31,9769.81,9313.15,0.88823896,22.623169487
801018,2020-09-07,9234.24,9632.6,9696.39,9176.46,0.89317269,21.6801475746
801018,2020-09-08,9056.36,9251.07,9446.21,8814.06,1.14136429,26.258263474299998
801018,2020-09-09,8614.19,8902.69,9016.21,8524.93,0.93521914,20.232535672
801018,2020-09-10,8464.9,8656.08,8784.37,8393.21,0.75075851,15.561150554100001
801018,2020-09-11,8509.83,8463.2,8598.33,8357.13,0.52343738,11.1701982495
801018,2020-09-14,8627.29,8545.72,8764.58,8438.35,0.54851463,12.2767288542
801018,2020-09-15,8507.06,8612.11,8735.54,8332.86,1.03771461,19.9631602644
801018,2020-09-16,8483.85,8489.34,8665.8,8327.31,0.80687009,16.8199958593
801018,2020-09-17,8336.83,8449.44,8518.24,8141.39,0.69346221,15.985943591300002
801018,2020-09-18,8636.65,8348.06,8713.62,8273.61,0.78017597,16.3795225907
801018,2020-09-21,8476.45,8644.43,8677.19,8392.27,0.55623089,11.5392270448
801018,2020-09-22,8455.75,8442.68,8648.27,8325.48,0.62002697,13.7720842196
801018,2020-09-23,8630.62,8502.54,8752.03,8416.73,0.85152647,19.1611698856
801018,2020-09-24,8551.25,8549.21,8731.41,8444.47,0.84832438,18.9345328309
801018,2020-09-25,8618.62,8616.86,8829.83,8510.59,0.87703353,22.282669084400002
801018,2020-09-28,8460.75,8664.36,8756.45,8387.06,0.70448294,16.239231775
801018,2020-09-29,8423.03,8455.97,8578.87,8272.93,0.64133978,13.0954108715
801018,2020-09-30,8456.03,8458.68,8600.57,8342.03,0.5786791,12.005062483900002
801018,2020-10-09,8627.93,8629.56,8745.53,8541.89,0.58844224,12.2684397517
801018,2020-10-12,8794.81,8719.0,8825.7,8597.94,0.67782443,14.1237965718
801018,2020-10-13,8952.8,8837.25,9098.89,8741.16,0.97312139,21.544963871599997
801018,2020-10-14,8884.35,8927.72,9077.32,8796.11,0.80964721,19.1094012667
801018,2020-10-15,8817.48,8949.38,8997.34,8724.1,0.64172296,14.7300812616
801018,2020-10-16,8791.66,8802.84,8895.82,8678.63,0.4661829,11.4599836977
801018,2020-10-19,8789.6,8814.02,8990.06,8699.58,0.49386515,12.046838548499998
801018,2020-10-20,8884.1,8773.96,8917.28,8656.83,0.44659077,10.4995305755
801018,2020-10-21,8711.62,8895.01,8985.09,8634.93,0.52871539,13.7060458576
801018,2020-10-22,8469.8,8697.96,8731.29,8393.12,0.50153142,12.018899333
801018,2020-10-23,8001.86,8457.1,8570.38,7930.66,0.79791874,17.931640956600003
801018,2020-10-26,8106.38,8003.34,8194.16,7857.06,0.43704916,10.2218741207
801018,2020-10-27,8165.67,8066.06,8264.97,8001.75,0.49119141,11.166982002200001
801018,2020-10-28,8082.2,8176.1,8238.16,7946.98,0.59623748,13.480397327
801018,2020-10-29,8068.55,7955.62,8165.89,7878.96,0.54519199,12.2680171123
801018,2020-10-30,7948.84,8079.36,8156.01,7880.2,0.55299971,11.9864930204
801018,2020-11-02,7765.39,7920.34,7987.0,7612.43,0.75047543,14.3926005735
801018,2020-11-03,7939.98,7798.52,8000.34,7718.09,0.55560817,10.9329912666
801018,2020-11-04,7837.84,7967.83,8027.22,7771.55,0.38650725,8.1789441799
801018,2020-11-05,7933.33,7916.36,8037.34,7792.85,0.48342871,10.1143807739
801018,2020-11-06,7803.14,7933.18,7959.29,7647.68,0.55871154,12.0685993625
801018,2020-11-09,7809.62,7812.1,7969.92,7712.25,0.69067641,14.6895662421
801018,2020-11-10,7735.09,7869.46,7970.52,7678.59,0.729916,13.312133243800002
801018,2020-11-11,7637.72,7705.21,7757.86,7500.8,0.55390628,11.0682902809
801018,2020-11-12,7572.88,7650.54,7729.05,7506.43,0.45451214,9.2178469278
801018,2020-11-13,7481.13,7526.04,7570.72,7353.0,0.54864589,10.4293696506
801018,2020-11-16,7632.07,7517.2,7701.88,7427.86,0.43583982,8.2296089596
801018,2020-11-17,7528.03,7580.7,7658.98,7430.71,0.44375717,8.3650681072
801018,2020-11-18,7531.91,7577.83,7629.07,7427.64,0.38274149,6.9694496345
801018,2020-11-19,7630.17,7532.6,7677.36,7431.92,0.39590931,7.4390796532
801018,2020-11-20,7658.32,7617.86,7730.11,7551.21,0.3879899,7.2884120903
801018,2020-11-23,7631.9,7581.87,7713.03,7479.89,0.42043118,7.714914363099999
801018,2020-11-24,7883.35,7606.17,8078.89,7571.39,1.03895151,20.0101358347
801018,2020-11-25,7702.97,7924.29,7988.08,7681.05,0.64859855,11.8199098862
801018,2020-11-26,7689.29,7741.86,7796.18,7620.74,0.44510648,7.5496827764
801018,2020-11-27,7755.61,7706.1,7824.42,7605.57,0.5389065,9.0028974358
801018,2020-11-30,7624.82,7761.52,7842.35,7585.84,0.5612633,9.555530856799999
801018,2020-12-01,7725.85,7639.16,7780.18,7612.99,0.47302442,8.517308847999999
801018,2020-12-02,7658.12,7745.3,7770.92,7601.09,0.42858216,7.6800386451
801018,2020-12-03,7708.24,7659.86,7778.04,7600.81,0.55344804,9.4259077975
801018,2020-12-04,7704.47,7710.91,7778.64,7609.05,0.4913541,8.640326243099999
801018,2020-12-07,7598.3,7670.51,7765.47,7556.01,0.60928516,10.0807435771
801018,2020-12-08,7534.86,7616.02,7664.2,7506.01,0.45507576,7.4563155932
801018,2020-12-09,7274.45,7549.15,7567.94,7255.59,0.64597354,10.6468921739
801018,2020-12-10,7167.55,7274.53,7340.08,7100.3,0.59122409,9.4745402906
801018,2020-12-11,6931.65,7174.75,7198.35,6855.31,0.60823461,10.0145804604
801018,2020-12-14,7011.63,6938.05,7048.63,6795.04,0.51973418,8.175818246
801018,2020-12-15,7022.37,7013.68,7108.68,6944.3,0.3818895,6.0665773549
801018,2020-12-16,7006.48,7020.31,7104.76,6935.74,0.34770315,5.6777984104999994
801018,2020-12-17,7084.99,7006.52,7166.11,6957.29,0.42395518,7.122027608
801018,2020-12-18,6964.15,7083.04,7133.21,6913.23,0.45923426,7.653362016799999
801018,2020-12-21,7023.04,6999.59,7091.88,6867.14,0.52636039,8.6130555525
801018,2020-12-22,6931.61,6978.05,7120.42,6869.1,0.66934877,10.3584658631
801018,2020-12-23,6891.64,6922.55,7031.63,6725.47,0.59644525,9.407910665800001
801018,2020-12-24,6752.76,6920.9,6948.76,6716.05,0.47979296,7.5395983397
801018,2020-12-25,6705.86,6721.73,6810.19,6627.64,0.44710839,6.779762766
801018,2020-12-28,6544.47,6705.08,6779.92,6526.9,0.51210131,7.8742669834
801018,2020-12-29,6654.29,6579.7,6768.14,6501.79,0.51041528,7.6140032827
801018,2020-12-30,6652.53,6681.42,6792.97,6511.8,0.49705295,7.834599363
801018,2020-12-31,6720.65,6664.73,6812.67,6574.4,0.58846653,9.015533509099999
801018,2021-01-04,6894.59,6729.12,7017.08,6713.54,0.83022096,13.022593275999998
801018,2021-01-05,6988.46,6899.57,7053.19,6837.02,0.71704272,11.970802329000001
801018,2021-01-06,6817.39,7016.08,7130.43,6748.14,0.75784584,13.3355645624
801018,2021-01-07,6532.67,6831.45,6839.55,6468.46,0.83718617,13.8248168124
801018,2021-01-08,6464.62,6484.16,6620.31,6363.15,0.60478802,9.9958754696
801018,2021-01-11,6250.26,6451.05,6483.64,6194.48,0.68467534,10.771764732000001
801018,2021-01-12,6280.06,6224.23,6358.15,6138.14,0.52332924,8.8479265499
801018,2021-01-13,6318.14,6261.71,6433.98,6115.76,0.73814537,11.043881182
801018,2021-01-14,6392.71,6298.41,6552.39,6259.28,0.61104756,10.005912287300001
801018,2021-01-15,6397.6,6411.48,6523.91,6301.51,0.60771911,10.0859639491
801018,2021-01-18,6499.88,6369.64,6641.36,6343.56,0.56773394,9.5372400723
801018,2021-01-19,6505.85,6494.02,6686.79,6374.6,0.60839937,9.8945045708
801018,2021-01-20,6530.67,6491.09,6661.05,6437.33,0.51328252,8.6423160387
801018,2021-01-21,6513.45,6567.15,6692.32,6419.72,0.70729247,12.027420973699998
801018,2021-01-22,6795.5,6683.23,6996.45,6663.95,1.29762849,22.4302816754
801018,2021-01-25,6993.81,6875.26,7088.76,6675.6,1.1968254,20.6468564375
801018,2021-01-26,7187.34,7038.07,7456.13,6780.46,1.79609151,29.714490948
801018,2021-01-27,7184.9,7114.84,7349.5,7016.33,1.25002275,21.0240035223
801018,2021-01-28,7182.73,7132.47,7444.54,7074.38,0.90043229,16.0743469588
801018,2021-01-29,7203.34,7199.3,7336.75,7058.65,0.78835862,14.2811650873
801018,2021-02-01,7012.6,7185.4,7292.72,6887.89,1.00698473,17.2392989784
801018,2021-02-02,7291.38,7066.33,7392.3,6978.69,0.97985908,16.299585011199998
801018,2021-02-03,7444.13,7285.67,7568.12,7199.17,1.2111594,18.3118209496
801018,2021-02-04,7216.26,7430.79,7505.22,7109.14,1.08735652,15.5228727958
801018,2021-02-05,7150.14,7264.69,7499.8,7095.4,0.83937148,13.5962107899
801018,2021-02-08,7292.09,7138.26,7445.31,7059.95,0.79351726,12.8048183958
801018,2021-02-09,7507.5,7282.06,7574.11,7177.18,0.82212813,13.6597672932
801018,2021-02-10,7469.68,7512.16,7614.96,7353.94,0.7378254,12.4548453213
801018,2021-02-18,7424.88,7581.84,7682.82,7325.74,0.83115796,14.1433128504
801018,2021-02-19,7811.25,7429.04,7842.4,7377.56,1.03917089,17.6029802943
801018,2021-02-22,7571.58,7842.38,7944.18,7490.48,1.2594801,21.5959094935
801018,2021-02-23,7414.51,7511.02,7674.04,7258.36,0.87774897,15.3439893936
801018,2021-02-24,7198.41,7403.92,7496.21,7134.27,0.78908363,14.3168939698
801018,2021-02-25,7166.37,7243.65,7330.74,7069.11,0.69459927,12.4359807492
801018,2021-02-26,6952.88,7046.55,7161.61,6829.18,0.63652852,11.3045186929
801018,2021-03-01,7164.58,6974.8,7214.21,6887.6,0.6524358,11.6806679267
801018,2021-03-02,7085.7,7211.39,7290.69,7005.85,0.80572738,13.712762325
801018,2021-03-03,7225.53,7071.68,7327.18,7028.56,0.73751351,12.8127174773
801018,2021-03-04,7244.46,7184.68,7325.77,7069.64,0.85958089,13.829509314700001
801018,2021-03-05,7250.62,7149.51,7330.01,7090.25,0.69920595,11.6115533448
801018,2021-03-08,7114.19,7257.83,7419.27,7060.47,0.8395072,12.332166219500001
801018,2021-03-09,6840.05,7098.27,7188.78,6772.57,1.03771194,14.5212844367
801018,2021-03-10,6912.84,6915.72,7101.46,6728.81,0.82753957,11.8690418606
801018,2021-03-11,6989.4,6919.42,7038.56,6791.77,0.81148141,11.650650176600001
801018,2021-03-12,6899.69,6984.1,7050.44,6745.48,0.76794126,11.744175502300001
801018,2021-03-15,6830.42,6870.28,6978.38,6681.35,0.74839368,11.427983664700001
801018,2021-03-16,6738.07,6794.51,6875.68,6667.47,0.75187289,13.0763413207
801018,2021-03-17,6876.21,6761.06,6940.86,6692.64,0.68374972,11.860565599400001
801018,2021-03-18,6851.57,6856.5,6954.26,6763.26,0.67045267,10.780172213599998
801018,2021-03-19,6864.36,6793.17,6981.95,6748.89,0.6925678,11.7010683704
801018,2021-03-22,7051.41,6878.16,7089.81,6776.77,0.84760324,14.245484691600002
801018,2021-03-23,7018.21,7043.42,7116.72,6929.66,0.69545505,11.7958940803
801018,2021-03-24,7114.87,6975.6,7172.16,6916.87,0.59581193,10.878714821700001
801018,2021-03-25,7169.87,7121.47,7308.29,6982.32,1.0808819,19.928997438699998
801018,2021-03-26,7086.6,7124.75,7247.16,6974.76,0.87767738,15.9433701145
801018,2021-03-29,6961.66,7078.39,7176.61,6862.04,0.88282352,16.851360553800003
801018,2021-03-30,6863.55,6923.81,7030.12,6794.62,0.68524556,12.9605174706
801018,2021-03-31,6825.51,6869.85,6938.21,6759.16,0.53048013,9.4577737151
801018,2021-04-01,6795.8,6837.58,6908.45,6740.13,0.53581498,8.7021556841
801018,2021-04-02,6835.11,6838.6,6951.22,6760.15,0.55151079,9.6686235803
801018,2021-04-06,6941.85,6857.08,6989.45,6802.98,0.54246128,9.3923719079
801018,2021-04-07,6923.8,6948.77,7018.78,6847.58,0.47767507,8.543465496
801018,2021-04-08,6929.61,6939.65,7017.34,6836.47,0.45044879,8.4003870516
801018,2021-04-09,6888.86,6936.0,7018.82,6813.25,0.38022768,7.1094541429
801018,2021-04-12,6832.35,6886.02,6959.38,6775.47,0.44255432,7.6059471245
801018,2021-04-13,6774.09,6798.54,6893.5,6696.2,0.4575322,7.793540618400001
801018,2021-04-14,6832.81,6751.18,6869.06,6702.46,0.34386426,6.207624834400001
801018,2021-04-15,6936.77,6810.07,7022.29,6727.32,0.53013785,8.863028912699999
801018,2021-04-16,7004.28,6933.01,7070.18,6871.35,0.5486938,8.6804581078
801018,2021-04-19,6979.56,7031.84,7108.41,6907.88,0.49364985,8.4201799514
801018,2021-04-20,7011.01,6966.19,7151.25,6912.89,0.6479013,10.5282808465
801018,2021-04-21,7285.45,6983.36,7318.87,6917.45,1.13961755,15.9395874421
801018,2021-04-22,7305.26,7285.05,7433.45,7136.01,0.99474515,13.8517090668
801018,2021-04-23,7158.19,7268.47,7343.07,7043.16,0.79973817,12.2704504477
801018,2021-04-26,7234.57,7175.17,7421.67,7131.68,0.82562459,14.1843359176
801018,2021-04-27,7302.31,7225.85,7366.19,7119.44,0.71596196,12.7348076972
801018,2021-04-28,7345.15,7271.91,7430.76,7185.59,0.68428164,11.8010170929
801018,2021-04-29,7391.2,7355.55,7526.41,7284.74,0.64245525,12.304902996500001
801018,2021-04-30,7421.94,7391.94,7529.93,7301.14,0.59925088,11.3651418688
801018,2021-05-06,7388.45,7391.84,7550.02,7230.75,0.83044033,15.7479883425
801018,2021-05-07,7177.48,7377.88,7408.91,7102.83,0.63136463,11.9323190769
801018,2021-05-10,6996.77,7153.8,7268.03,6872.81,0.80988917,13.540118324100002
801018,2021-05-11,7094.66,6998.6,7186.02,6889.79,0.5723946,9.7596494498
801018,2021-05-12,7259.87,7060.65,7334.17,6989.92,0.61735837,11.0119139321
801018,2021-05-13,7380.7,7241.22,7504.31,7178.35,0.63430559,11.8247829923
801018,2021-05-14,7426.69,7414.03,7501.71,7322.53,0.57983104,10.7586054936
801018,2021-05-17,7430.9,7428.13,7585.72,7330.63,0.64473018,11.1776758149
801018,2021-05-18,7440.19,7423.35,7515.39,7303.85,0.44947013,8.970934271900001
801018,2021-05-19,7325.28,7428.24,7480.3,7265.87,0.49559196,8.5611455329
801018,2021-05-20,7316.17,7301.22,7386.22,7165.91,0.42896307,8.0130680511
801018,2021-05-21,7323.35,7322.69,7479.28,7174.37,0.47356715,9.8354749281
801018,2021-05-24,7401.53,7334.6,7525.56,7265.52,0.55535595,11.908509204200001
801018,2021-05-25,7505.52,7435.68,7635.3,7389.98,1.08031892,15.370626508099999
801018,2021-05-26,7511.9,7544.01,7620.58,7403.92,0.85600723,11.8122833993
801018,2021-05-27,7556.99,7519.64,7653.94,7453.38,0.67981144,11.125113089800001
801018,2021-05-28,7487.64,7576.15,7647.4,7385.71,0.79819446,11.9644394005
801018,2021-05-31,7532.36,7492.73,7659.17,7380.72,0.79586528,12.588786561400001
801018,2021-06-01,7495.41,7545.92,7630.19,7391.6,0.72671024,13.0783685407
801018,2021-06-02,7465.85,7467.26,7598.3,7353.44,0.68702301,12.231552083499999
801018,2021-06-03,7446.43,7439.71,7579.47,7355.15,0.51745004,10.4268047161
801018,2021-06-04,7458.2,7420.96,7560.19,7329.96,0.58251665,10.7230385513
801018,2021-06-07,7735.76,7449.13,7799.82,7387.62,1.00049211,16.2114300107
801018,2021-06-08,7636.4,7739.0,7848.59,7591.95,0.79171298,14.660641079500001
801018,2021-06-09,7411.7,7635.92,7699.25,7340.41,0.72900777,16.016612252
801018,2021-06-10,7330.86,7422.06,7458.13,7252.36,0.69006352,12.164485837400001
801018,2021-06-11,7095.37,7323.57,7388.87,7045.23,0.79062076,15.3119309694
801018,2021-06-15,6958.24,7051.06,7120.1,6873.83,0.61279057,10.3068396892
801018,2021-06-16,6835.08,6960.8,7026.78,6759.2,0.56828839,9.6528106323
801018,2021-06-17,6776.82,6807.27,6911.22,6714.47,0.45686667,7.488557048400001
801018,2021-06-18,6786.77,6767.52,6850.32,6654.15,0.46027459,7.591347545800001
801018,2021-06-21,6957.2,6792.05,7044.83,6707.38,0.76699703,12.2184737932
801018,2021-06-22,6886.54,6942.3,7010.12,6773.73,0.60468242,10.6460896934
801018,2021-06-23,6866.27,6857.38,6938.07,6762.97,0.53940905,8.5040571862
801018,2021-06-24,6903.13,6864.86,7053.01,6761.0,0.6216658,9.820646207000001
801018,2021-06-25,6886.51,6896.24,6964.0,6762.95,0.57502307,8.7485381901
801018,2021-06-28,6936.1,6926.21,7005.95,6832.65,0.55819409,8.9506119539
801018,2021-06-29,6837.01,6947.83,7027.4,6771.34,0.61477118,10.0829921334
801018,2021-06-30,6849.49,6855.87,6935.33,6741.56,0.45895613,7.2486195419
801018,2021-07-01,6794.4,6844.78,6942.43,6746.91,0.4381884,7.171877239700001
801018,2021-07-02,6801.2,6787.33,6935.15,6674.5,0.49092865,8.4525618733
801018,2021-07-05,6781.05,6784.0,6889.19,6681.8,0.47040481,8.074854423
801018,2021-07-06,6851.12,6771.73,6967.26,6552.32,0.59807812,10.6618573511
801018,2021-07-07,6823.62,6809.49,6906.91,6718.8,0.4930697,8.614115548400001
801018,2021-07-08,6918.92,7003.19,7148.37,6788.07,1.02605583,19.308566095299998
801018,2021-07-09,7001.82,6902.81,7076.96,6844.22,0.62193811,11.163370871400002
801018,2021-07-12,6881.19,7060.68,7102.9,6794.12,0.6571626,11.3687885754
801018,2021-07-13,6899.99,6863.76,7011.73,6743.42,0.56166203,8.6827809198
801018,2021-07-14,6892.48,6895.01,7003.13,6795.95,0.56765085,9.8720130914
801018,2021-07-15,7001.15,6890.35,7116.04,6795.11,0.6100991,10.32230247
801018,2021-07-16,6873.57,6989.49,7046.85,6787.98,0.64133745,11.5881389818
801018,2021-07-19,6826.56,6844.28,6957.69,6697.27,0.53785499,8.6461724876
801018,2021-07-20,6801.95,6912.07,7021.22,6724.53,0.47900506,8.4263991111
801018,2021-07-21,6777.86,6796.61,6884.98,6696.75,0.48968128,7.4762965416
801018,2021-07-22,6708.52,6747.26,6818.94,6642.28,0.46526733,7.461294415499999
801018,2021-07-23,6566.91,6689.87,6726.12,6514.25,0.56856616,8.2541689307
801018,2021-07-26,6387.45,6562.4,6609.84,6204.99,0.65176952,9.1843198171
801018,2021-07-27,6236.74,6375.73,6463.27,6206.91,0.52414444,7.2998491127
801018,2021-07-28,6183.83,6205.81,6348.1,6041.69,0.45396301,6.4501536689
801018,2021-07-29,6249.34,6243.62,6361.31,6167.97,0.39920071,6.0618371109
801018,2021-07-30,6259.27,6231.15,6330.21,6087.1,0.4613477,7.096031990499999
801018,2021-08-02,6297.53,6223.93,6362.51,6097.27,0.51613907,8.3616851561
801018,2021-08-03,6498.28,6301.06,6565.48,6268.82,0.59618858,10.3128689678
801018,2021-08-04,6466.05,6496.34,6556.42,6355.88,0.45881495,7.6516825664
801018,2021-08-05,6465.29,6484.25,6558.27,6377.95,0.43350848,7.3076452734
801018,2021-08-09,6494.14,6399.86,6552.55,6340.84,0.49679633,8.0949258133
801018,2021-08-10,6527.5,6505.81,6582.31,6423.08,0.43707445,6.9751687722
801018,2021-08-11,6455.78,6520.45,6542.79,6412.19,0.38178269,6.024338484299999
801018,2021-08-12,6432.27,6460.17,6549.08,6387.64,0.47220485,7.286906836699999
801018,2021-08-13,6437.01,6418.3,6493.26,6359.7,0.36106104,5.7009923433
801018,2021-08-16,6535.37,6443.93,6625.15,6400.43,0.45306308,6.5994295933
801018,2021-08-17,6378.39,6551.7,6594.63,6357.92,0.45196959,7.0644808938
801018,2021-08-18,6221.31,6372.74,6440.61,6185.7,0.38180923,5.8162510560000005
801018,2021-08-19,6210.4,6211.88,6278.07,6143.97,0.28233493,4.0962449564
801018,2021-08-20,6125.31,6213.82,6279.44,6029.96,0.37965173,5.8914704355
801018,2021-08-23,6167.72,6090.34,6240.53,6048.02,0.39390699,6.1632113851999994
801018,2021-08-24,6107.26,6165.38,6231.74,6044.41,0.4917183,7.3946773112
801018,2021-08-25,6140.05,6099.03,6220.07,6029.46,0.40168736,6.5830574302
801018,2021-08-26,6051.36,6151.19,6206.42,5994.18,0.47327639,7.236044436599999
801018,2021-08-27,6006.75,6012.83,6116.47,5889.06,0.69090494,10.375985250700001
801018,2021-08-30,5919.54,6010.42,6078.79,5833.99,0.77595782,11.7627326276
801018,2021-08-31,5881.73,5925.6,6005.76,5812.97,0.51969044,7.7482471197
801018,2021-09-01,5931.97,5895.49,6007.74,5768.44,0.61583292,9.094217750599999
801018,2021-09-02,5890.24,5941.6,5968.8,5816.51,0.46792746,6.741102969299999
801018,2021-09-03,5945.14,5913.48,6019.99,5854.9,0.51233413,7.087080844400001
801018,2021-09-06,6007.63,5960.84,6077.1,5906.3,0.58839859,8.3478947487
801018,2021-09-07,6015.75,6014.58,6075.38,5933.19,0.59922216,8.3219715329
801018,2021-09-08,6065.65,6009.66,6153.74,5974.16,0.58000264,8.7314033694
801018,2021-09-09,6019.47,6070.92,6095.01,5985.37,0.42341445,6.2085829136
801018,2021-09-10,6010.73,6014.33,6077.83,5951.47,0.46886299,6.2514248643
801018,2021-09-13,5992.67,5998.22,6080.05,5947.49,0.46849827,6.3850528872000005
801018,2021-09-14,5903.66,5991.01,6095.87,5863.0,0.64745823,9.4012782588
801018,2021-09-15,5873.63,5889.92,5934.22,5771.04,0.4010604,5.8345781754
801018,2021-09-16,5934.53,5866.09,6031.44,5816.53,0.51379496,7.9029816019000005
801018,2021-09-17,5984.79,5925.18,6030.75,5820.62,0.55370007,8.7388209245
801018,2021-09-22,5894.1,5912.25,5967.41,5814.57,0.42820389,6.729162016599999
801018,2021-09-23,5967.75,5879.58,6085.49,5831.24,0.60436231,9.502428355800001
801018,2021-09-24,6000.14,5956.47,6116.17,5902.06,0.55714761,9.1739606966
801018,2021-09-27,6126.49,6009.01,6221.04,5900.12,0.69008347,11.1942206954
801018,2021-09-28,6053.89,6110.22,6153.74,5980.07,0.48271445,7.878317290599999
801018,2021-09-29,5925.46,6039.6,6090.73,5838.11,0.46809523,7.5887112303999995
801018,2021-09-30,5939.31,5956.64,6086.92,5858.92,0.46669939,7.5369828294
801018,2021-10-11,6133.74,6125.35,6222.32,6045.87,0.47972859,7.372244269199999
801018,2021-10-12,6002.22,6118.05,6137.08,5948.04,0.38023308,5.9617340248
801018,2021-10-13,6047.06,6008.48,6096.76,5905.35,0.34319085,5.2893653728
801018,2021-10-14,5973.06,6047.82,6090.09,5942.29,0.34122449,4.7276760369
801018,2021-10-15,5849.78,5950.15,6017.42,5825.8,0.39997279,5.851511299299999
801018,2021-10-18,5802.77,5821.71,5875.61,5727.73,0.32490791,4.6820493281
801018,2021-10-19,5996.0,5806.74,6032.21,5766.42,0.47675926,7.041535743400001
801018,2021-10-20,5928.23,5974.54,6026.75,5858.35,0.36594273,5.5038855461
801018,2021-10-21,5860.62,5913.23,5959.25,5832.72,0.29763172,4.4235804619
801018,2021-10-25,5825.43,5888.27,5973.73,5763.53,0.44334828,6.4129545764
801018,2021-10-26,5737.91,5799.64,5872.6,5695.33,0.37520536,5.450469964600001
801018,2021-10-27,5555.38,5710.8,5750.06,5507.9,0.46809425,7.4293574621000005
801018,2021-10-28,5486.43,5516.51,5601.69,5418.15,0.36863927,5.2772890383
801018,2021-10-29,5761.6,5551.18,5814.27,5494.18,0.71970208,10.6592231756
801018,2021-11-01,5878.43,5764.19,5984.78,5705.04,0.81250177,11.7011931139
801018,2021-11-02,5844.9,5905.91,5962.17,5757.35,0.5103852,7.4871640995
801018,2021-11-03,5876.33,5850.8,5968.27,5796.53,0.4250222,6.1324121796
801018,2021-11-04,5963.65,5908.4,6038.13,5861.34,0.51201947,7.9412571479
801018,2021-11-05,5874.05,5957.37,6020.45,5839.96,0.44450806,6.767091310700001
801018,2021-11-08,5885.04,5860.75,5946.01,5780.08,0.35729059,5.3700573817
801018,2021-11-09,5926.23,5885.12,5968.11,5841.52,0.28963688,4.342909327
801018,2021-11-10,5975.09,5928.77,6026.63,5877.44,0.43168109,6.3229693538
801018,2021-11-11,5997.6,5965.29,6039.95,5906.42,0.39858783,5.889035267000001
801018,2021-11-12,6024.47,6001.52,6108.53,5954.95,0.40406234,6.151345054400001
801018,2021-11-15,6185.36,6063.71,6222.05,6000.03,0.57412152,8.4008478807
801018,2021-11-16,6197.78,6184.54,6272.65,6103.81,0.47984499,7.3987203924000005
801018,2021-11-17,6138.79,6195.94,6239.13,6083.08,0.38681066,5.9341369662
801018,2021-11-18,6063.8,6138.6,6196.68,6035.72,0.41401427,6.1440430339
801018,2021-11-19,6104.32,6034.24,6131.26,5988.36,0.38143367,5.689648709299999
801018,2021-11-22,6098.13,6129.86,6205.8,6034.74,0.50533364,7.580032438099999
801018,2021-11-23,5997.25,6086.02,6124.22,5965.66,0.46456659,6.946785816
801018,2021-11-24,6012.26,6026.06,6085.07,5941.7,0.34916462,5.3101513819
801018,2021-11-25,6028.32,6047.07,6090.27,5956.72,0.34299122,5.2553804561
801018,2021-11-26,5974.1,6019.16,6075.81,5944.51,0.32656633,4.8673389135
801018,2021-11-29,5953.33,5957.62,6062.45,5909.05,0.36167636,5.4980280957000005
801018,2021-11-30,5999.0,5941.09,6064.54,5898.06,0.42403104,6.6559688829
801018,2021-12-01,5996.26,5993.26,6046.81,5941.56,0.30860575,4.6336808724
801018,2021-12-02,6008.96,5997.66,6086.64,5926.92,0.54672628,7.6347924816
801018,2021-12-03,5950.06,5984.78,6047.79,5895.49,0.45162226,6.5017703738
801018,2021-12-06,5821.49,5948.08,5967.04,5797.08,0.41785127,6.152157594199999
801018,2021-12-07,5831.23,5829.61,5889.4,5759.57,0.32030793,4.5545144498
801018,2021-12-08,5855.51,5837.23,5897.04,5801.82,0.32835723,4.7966005225999995
801018,2021-12-09,5913.82,5861.28,5952.97,5839.32,0.39179642,5.599138480700001
801018,2021-12-10,5881.67,5921.53,6028.91,5844.32,0.58147268,8.228598764800001
801018,2021-12-13,5869.81,5915.92,5973.64,5848.13,0.44153863,6.353247896
801018,2021-12-14,5822.17,5867.23,5919.87,5781.79,0.4513057,6.2836606034
801018,2021-12-15,5819.48,5840.93,5917.78,5770.85,0.46207045,7.9124280130999995
801018,2021-12-16,5858.78,5816.01,5893.63,5757.36,0.46869718,7.129602027100001
801018,2021-12-17,5805.02,5855.59,5883.07,5770.12,0.34452152,5.0454429336
801018,2021-12-20,5891.53,5787.7,5940.93,5764.42,0.53041502,7.500605455900001
801018,2021-12-21,5999.21,5890.77,6038.72,5827.99,0.58995368,9.3736549361
801018,2021-12-22,6072.55,6028.34,6144.08,5943.4,0.73955925,11.840316818800002
801018,2021-12-23,6106.69,6056.13,6182.41,5976.09,0.57000972,9.025349542
801018,2021-12-24,6370.91,6119.93,6461.74,6073.38,1.23506111,19.929825119700002
801018,2021-12-27,6335.73,6366.22,6500.98,6228.81,0.97996891,15.55611797
801018,2021-12-28,6237.68,6313.4,6361.75,6180.59,0.68452549,10.709660339500001
801018,2021-12-29,6209.86,6236.47,6300.14,6160.8,0.4889482,7.4722646788
801018,2021-12-30,6272.71,6230.55,6339.87,6167.78,0.5186554,8.4277117892
801018,2021-12-31,6389.44,6235.85,6439.58,6209.29,0.80648533,11.7777164345
801018,2022-01-04,6612.25,6401.71,6713.11,6355.2,1.29693572,21.0709691177
801018,2022-01-05,6589.71,6597.21,6801.36,6480.11,1.15553435,20.6484549383
801018,2022-01-06,6616.71,6589.82,6720.52,6473.36,0.8861783,15.4454494548
801018,2022-01-07,6610.68,6643.82,6794.35,6472.35,1.20133903,18.8974187017
801018,2022-01-10,6738.96,6650.92,6881.97,6462.48,1.27586288,21.4311112397
801018,2022-01-11,6573.07,6713.04,6767.33,6526.8,0.88655676,14.505763054900001
801018,2022-01-12,6672.39,6578.48,6788.44,6484.49,0.94888583,15.7782944333
801018,2022-01-13,6385.6,6680.16,6772.03,6372.35,0.95377287,16.1484838956
801018,2022-01-14,6399.82,6358.63,6519.35,6294.48,0.86882073,14.5862700224
801018,2022-01-17,6348.39,6410.19,6511.22,6268.37,0.88722358,14.369525423399999
801018,2022-01-18,6173.26,6342.68,6365.52,6123.57,0.86619944,13.6075363776
801018,2022-01-19,6201.69,6161.59,6287.75,6091.67,0.61022745,9.8879690179
801018,2022-01-20,6262.8,6203.22,6445.62,6146.06,0.92630655,14.204545641500001
801018,2022-01-21,6065.22,6226.0,6272.36,6021.49,0.7059091,10.7273579459
801018,2022-01-24,6068.22,6058.5,6161.77,5984.76,0.42741852,6.4628566031
801018,2022-01-25,5813.13,6040.62,6094.71,5797.13,0.59484642,8.8871700098
801018,2022-01-26,5799.75,5810.19,5897.4,5732.49,0.4311491,6.1311342426
801018,2022-01-27,5669.42,5808.8,5852.0,5664.11,0.38215455,5.3631992204
801018,2022-01-28,5805.38,5722.39,5877.97,5667.26,0.38888512,5.6999615674
801018,2022-02-07,5927.46,5868.9,6032.61,5802.92,0.45986779,6.784355478099999
801018,2022-02-08,6073.61,5931.36,6128.99,5880.95,0.63500522,7.8123926720000005
801018,2022-02-09,6086.74,6067.63,6150.87,6013.91,0.54974925,6.5867872613
801018,2022-02-10,6132.68,6088.69,6235.78,6026.22,0.54239116,7.7193904385000005
801018,2022-02-11,6027.9,6096.73,6187.31,5977.1,0.51476083,7.4339340548
801018,2022-02-14,6062.6,6018.76,6132.88,5946.34,0.5567379,7.0795419531
801018,2022-02-15,5969.35,6035.51,6091.52,5909.76,0.47233808,6.1152140711000005
801018,2022-02-16,6004.46,5997.01,6070.46,5910.38,0.49849138,6.483534883200001
801018,2022-02-17,6062.28,6000.59,6140.0,5912.39,0.52802398,7.0923204113
801018,2022-02-18,6111.07,6018.99,6160.32,5994.71,0.40929668,5.918796352799999
801018,2022-02-21,6177.07,6127.76,6217.37,6067.35,0.4641696,7.090214980700001
801018,2022-02-22,6181.5,6138.36,6259.73,6062.91,0.52923964,8.2905994952
801018,2022-02-23,6231.5,6213.44,6316.8,6133.73,0.50186793,8.2883888512
801018,2022-02-24,6052.9,6233.03,6296.07,5988.39,0.81032159,11.6142905284
801018,2022-02-25,5995.29,6089.2,6181.2,5948.8,0.6846478,10.3409024334
801018,2022-02-28,5978.74,6014.36,6078.32,5840.37,0.62794043,9.4354171085
801018,2022-03-01,6046.67,5992.19,6085.29,5934.65,0.54174228,8.453735505
801018,2022-03-02,6097.42,6024.52,6142.75,5970.42,0.43791148,6.640857469299999
801018,2022-03-04,6128.66,6043.51,6197.92,6008.62,0.55572531,7.9425342653
801018,2022-03-07,5926.53,6131.71,6167.03,5884.41,0.52136215,7.4959248738
801018,2022-03-08,5635.58,5921.62,5944.58,5589.68,0.68732822,9.4060116237
801018,2022-03-09,5486.37,5647.72,5733.33,5252.45,0.73491679,9.6956959542
801018,2022-03-10,5528.74,5593.78,5672.05,5488.33,0.54594156,7.4559673827
801018,2022-03-11,5622.76,5450.94,5674.06,5350.83,0.69951698,9.7928574261
801018,2022-03-14,5501.64,5585.37,5705.6,5459.55,0.62044419,8.610342406900001
801018,2022-03-15,5255.1,5456.26,5578.02,5163.64,0.90029703,11.7494525066
801018,2022-03-16,5372.88,5353.64,5428.35,5068.66,0.81083848,10.1180016373
801018,2022-03-17,5471.75,5382.95,5611.45,5346.34,0.67960664,9.1840460996
801018,2022-03-18,5469.72,5459.95,5521.14,5382.92,0.49093572,6.0954855576
801018,2022-03-21,5469.33,5459.27,5553.29,5373.4,0.5591949,6.7766092613
801018,2022-03-22,5432.59,5441.31,5519.85,5365.84,0.44077396,5.5676034021000005
801018,2022-03-24,5483.54,5458.15,5544.21,5377.86,0.45233926,6.6803457527
801018,2022-03-25,5467.2,5495.43,5653.33,5422.21,0.67924763,9.5525247693
801018,2022-03-28,5402.23,5465.58,5492.46,5302.53,0.51540939,6.9501764447
801018,2022-03-29,5454.43,5414.42,5523.42,5362.49,0.50297794,6.618376571900001
801018,2022-03-30,5552.11,5438.8,5588.15,5390.0,0.69836224,7.9797581854
801018,2022-04-01,5399.63,5446.27,5490.37,5350.66,0.43944952,5.500712428099999
801018,2022-04-06,5489.26,5395.32,5573.6,5366.11,0.60911149,7.4146169496
801018,2022-04-07,5396.42,5483.49,5546.42,5336.96,0.54142303,6.7254694525
801018,2022-04-08,5243.64,5410.42,5440.52,5170.34,0.56450643,7.602009939299999
801018,2022-04-11,5021.86,5226.51,5280.16,4978.96,0.80084858,9.681890576799999
801018,2022-04-12,5107.71,5025.92,5147.39,4943.15,0.61615963,7.603812039299999
801018,2022-04-13,4922.06,5089.85,5107.47,4907.92,0.51783117,6.610321623
801018,2022-04-15,4933.15,4947.43,5021.7,4868.22,0.51075867,5.7723915243
801018,2022-04-18,5136.5,4915.37,5180.15,4820.74,1.05566499,10.227901553099999
801018,2022-04-19,5223.51,5106.27,5373.98,5074.35,1.45276823,13.9334549734
801018,2022-04-20,5118.37,5206.44,5283.83,5091.47,0.98871047,10.1017755845
801018,2022-04-21,4913.82,5087.14,5174.82,4883.86,0.91013812,9.427461337999999
801018,2022-04-22,4640.17,4736.23,4806.95,4583.49,1.61691116,15.1073743409
801018,2022-04-25,4273.8,4577.5,4640.94,4269.17,1.16185123,11.0208055172
801018,2022-04-26,4070.29,4278.23,4342.97,4024.83,1.15792915,9.9161508725
801018,2022-04-27,4118.45,4028.45,4179.24,3870.43,1.11663716,9.6152395836
801018,2022-04-28,3994.41,4085.86,4117.55,3924.64,0.7351908,6.6940874771
801018,2022-04-29,4215.59,4005.22,4252.09,3972.29,0.83477435,8.3426900315
801018,2022-05-06,4228.37,4186.19,4295.19,4151.17,0.46807423,4.7712500425
801018,2022-05-10,4357.39,4313.46,4402.29,4240.15,0.88545747,7.3781112869
801018,2022-05-11,4351.27,4360.15,4482.33,4311.81,0.76420841,7.1202700952999995
801018,2022-05-12,4364.8,4320.04,4439.96,4281.33,0.50450777,4.8131514268
801018,2022-05-13,4388.1,4406.03,4468.74,4309.93,0.51232675,4.9997432918
801018,2022-05-16,4431.02,4421.28,4530.49,4373.79,0.68191257,6.39922966
801018,2022-05-17,4560.61,4442.87,4719.48,4318.64,1.31900169,12.6129928417
801018,2022-05-18,4638.35,4517.41,4709.82,4443.58,1.11686911,11.882438813199999
801018,2022-05-19,4551.76,4558.78,4633.46,4490.27,0.74520384,8.1914610883
801018,2022-05-20,4559.21,4562.65,4627.68,4496.47,0.71656647,7.512345249199999
801018,2022-05-23,4648.3,4608.35,4699.5,4558.84,0.69639076,6.8630181695
801018,2022-05-24,4423.36,4637.49,4653.05,4412.3,0.76823429,7.4107308901
801018,2022-05-25,4504.9,4410.08,4529.75,4382.35,0.51678082,5.0136434374
801018,2022-05-26,4500.93,4508.2,4551.64,4404.2,0.50455689,4.9309121468
801018,2022-05-27,4475.13,4519.08,4546.35,4421.41,0.43802928,4.2215436338
801018,2022-05-30,4533.83,4502.84,4584.98,4446.95,0.45953382,4.8657828855
801018,2022-05-31,4636.09,4505.03,4664.74,4471.09,0.69746507,6.9623754564
801018,2022-06-01,4604.25,4624.11,4687.76,4547.43,0.60634976,6.219655775
801018,2022-06-02,4639.65,4614.7,4694.58,4547.98,0.57767439,6.6353854088999995
801018,2022-06-06,4689.26,4637.29,4724.57,4585.59,0.62629861,6.882246327000001
801018,2022-06-07,4652.16,4690.57,4779.33,4606.74,0.61156505,6.8928557291
801018,2022-06-08,4637.81,4651.49,4698.24,4563.3,0.57312005,5.864580135800001
801018,2022-06-09,4540.35,4639.02,4660.75,4512.48,0.55070427,5.3904681282
801018,2022-06-10,4601.94,4523.32,4637.39,4481.41,0.56827871,5.9787617088
801018,2022-06-13,4652.09,4571.14,4707.92,4534.25,0.60553142,6.3544392673
801018,2022-06-14,4711.3,4626.37,4762.54,4559.39,0.91303493,9.458402446200001
801018,2022-06-15,4720.21,4705.1,4808.55,4684.31,0.75483821,8.3275388653
801018,2022-06-16,4816.68,4723.19,4907.02,4700.44,0.91675166,10.1776247382
801018,2022-06-17,4816.15,4793.26,4869.9,4701.63,0.69932119,7.8610583183000005
801018,2022-06-20,4918.66,4807.05,4958.47,4789.39,0.68336773,8.2569545397
801018,2022-06-21,4945.94,4934.58,5029.1,4848.63,0.76379502,9.2705142591
801018,2022-06-22,4869.34,4951.61,5015.91,4845.05,0.59469494,6.909495542
801018,2022-06-23,4867.88,4863.63,4905.52,4779.57,0.50065616,5.899770835700001
801018,2022-06-24,4829.32,4856.27,4921.8,4786.9,0.53953613,6.8787580612
801018,2022-06-27,4833.76,4837.37,4904.46,4777.62,0.56031251,6.6665403314
801018,2022-06-28,4852.81,4854.37,4892.71,4788.69,0.47511652,5.376451972999999
801018,2022-06-29,4750.73,4844.48,4903.16,4735.46,0.71569202,7.7469644141
801018,2022-06-30,4808.25,4762.2,4874.96,4721.7,0.59123408,6.5574499052999995
801018,2022-07-01,4838.66,4824.02,4924.88,4786.29,0.50936755,6.3934735465
801018,2022-07-04,5089.37,4865.7,5122.27,4836.35,1.06067491,12.460202463
801018,2022-07-05,4967.75,5082.69,5107.34,4892.61,0.81204097,9.400157511
801018,2022-07-06,4898.57,4939.19,5008.09,4842.25,0.52305937,5.9666265376
801018,2022-07-07,4876.3,4900.42,4951.34,4820.21,0.46541908,5.3594179866000005
801018,2022-07-08,4874.71,4886.66,4941.03,4834.97,0.41332192,4.9351372282
801018,2022-07-11,4911.27,4882.39,5064.46,4832.56,0.64747717,7.4781756527
801018,2022-07-12,4693.58,4891.34,4924.32,4684.54,0.72184053,7.9975522884000005
801018,2022-07-13,4684.54,4680.3,4762.36,4610.55,0.45472371,4.8345047065
801018,2022-07-14,4723.01,4698.24,4789.12,4622.73,0.55354448,6.1424373467999995
801018,2022-07-15,4620.87,4712.53,4773.89,4569.71,0.72130903,7.82470939
801018,2022-07-18,4664.55,4633.07,4704.73,4586.73,0.49487999,5.5466729912
801018,2022-07-19,4712.64,4662.95,4748.99,4622.75,0.43792191,4.9760992908
801018,2022-07-20,4697.49,4720.57,4755.88,4667.6,0.39202575,4.4706742889
801018,2022-07-21,4694.48,4688.14,4747.99,4649.39,0.32589172,3.7998330543
801018,2022-07-22,4634.16,4688.99,4743.75,4597.68,0.39167272,4.2892803212
801018,2022-07-25,4642.4,4636.71,4738.11,4587.51,0.38649243,5.7688328230999995
801018,2022-07-26,4648.95,4630.68,4671.7,4552.79,0.35930677,4.7992872324
801018,2022-07-27,4665.21,4643.13,4685.71,4602.52,0.3020436,3.6202269849
801018,2022-07-28,4658.29,4676.22,4741.59,4615.89,0.40315558,4.6817540645
801018,2022-07-29,4606.71,4667.27,4703.04,4571.31,0.41771387,4.7670745047
801018,2022-08-01,4630.62,4614.19,4663.08,4547.86,0.28646577,3.5983137961000002
801018,2022-08-02,4517.79,4595.81,4647.56,4389.49,0.67050254,8.2671184749
801018,2022-08-03,4570.55,4508.85,4684.68,4496.91,0.53115499,6.745460390800001
801018,2022-08-04,4930.44,4631.35,4953.7,4627.33,1.25943957,13.766159591300001
801018,2022-08-05,4929.08,4954.28,5046.72,4811.46,1.45637736,13.8605664288
801018,2022-08-08,4964.98,4922.97,5032.99,4847.61,0.92408416,8.5634396823
801018,2022-08-09,4965.19,4964.01,5039.77,4854.28,0.68824885,7.7460190475
801018,2022-08-10,4928.24,4963.65,4996.49,4853.72,0.75262044,8.5088459066
801018,2022-08-11,4966.81,4936.0,5021.57,4888.87,0.65099122,7.2820174327
801018,2022-08-12,4978.11,4957.33,5052.61,4894.81,0.95481275,9.222329159500001
801018,2022-08-15,4930.86,4985.3,5031.27,4863.14,0.72010849,8.5693042029
801018,2022-08-16,4950.37,4947.36,5014.85,4890.87,0.50706357,6.561029687
801018,2022-08-17,4964.92,4981.2,5024.59,4895.36,0.45038536,5.0851669117
801018,2022-08-18,4975.92,4956.07,5043.0,4872.55,0.59152523,8.6866791748
801018,2022-08-19,4940.0,4979.87,5031.14,4906.73,0.57166352,7.5019782625
801018,2022-08-22,5042.93,4923.63,5088.31,4880.24,0.74136154,9.3502323585
801018,2022-08-23,5093.22,5014.67,5145.23,4980.13,0.65428763,8.1211517687
801018,2022-08-24,4997.67,5093.43,5172.26,4971.48,0.58293361,7.5986521587
801018,2022-08-25,5060.12,5010.28,5129.58,4955.31,0.50680781,6.5749497556
801018,2022-08-26,5171.35,5057.98,5281.89,5005.81,0.69642985,10.2257576715
801018,2022-08-29,5114.47,5135.9,5237.06,5026.29,0.58798037,8.3947089626
801018,2022-08-30,5199.41,5118.08,5259.58,5026.05,0.70545826,9.9233315865
801018,2022-08-31,5085.63,5180.95,5278.36,5026.47,0.80263239,11.1114773216
801018,2022-09-01,5127.69,5061.1,5215.94,5036.29,0.63655447,9.1721712967
801018,2022-09-02,5265.59,5133.14,5328.26,5103.3,0.6205717,9.7531469241
801018,2022-09-05,5262.22,5292.84,5367.2,5162.3,0.57571553,8.0183815637
801018,2022-09-06,5330.5,5299.88,5396.37,5211.98,0.69522087,10.1484132592
801018,2022-09-07,5227.03,5323.33,5379.09,5156.71,0.74691137,12.3189382152
801018,2022-09-08,5150.71,5238.64,5290.31,5113.65,0.60166463,9.774740503
801018,2022-09-09,5092.85,5178.31,5203.27,5055.43,0.48236352,7.0575720164
801018,2022-09-13,5364.83,5128.65,5406.91,5104.54,0.98182436,14.0433367119
801018,2022-09-14,5377.97,5319.75,5444.16,5198.23,0.83874007,13.1052103651
801018,2022-09-15,5276.1,5391.24,5478.94,5231.11,0.7303506,10.0882294726
801018,2022-09-16,5161.97,5277.8,5398.7,5135.2,0.76463714,10.3225658933
801018,2022-09-19,5117.27,5156.14,5224.8,5017.5,0.58434357,8.3006861755
801018,2022-09-20,5103.77,5138.33,5235.03,5044.09,0.51126891,6.8080021014
801018,2022-09-21,5015.21,5100.65,5117.15,4923.7,0.48045397,6.3404175245
801018,2022-09-22,4970.5,4994.87,5072.09,4914.22,0.43469798,6.212432413999999
801018,2022-09-23,4865.66,4980.33,5009.65,4783.68,0.55282432,8.4001131482
801018,2022-09-26,4768.91,4826.5,4898.17,4732.27,0.53805348,6.7711839856
801018,2022-09-27,4928.08,4787.46,4952.19,4729.17,0.53211789,6.8122637527
801018,2022-09-28,4784.68,4911.87,4975.47,4773.83,0.41380562,5.4786957789
801018,2022-09-29,4875.07,4830.47,4997.26,4777.65,0.52625637,6.5957446907
801018,2022-09-30,4870.49,4886.43,4978.34,4820.02,0.38589975,4.7878403015
801018,2022-10-10,4976.06,4956.83,5119.7,4882.04,0.69328843,9.0402395317
801018,2022-10-11,4834.07,4932.99,4999.6,4769.09,0.49945861,6.294315741599999
801018,2022-10-12,4911.01,4824.29,4949.45,4718.01,0.51544686,6.5118519221
801018,2022-10-13,5060.8,4872.0,5130.02,4817.59,0.65553268,8.329908855800001
801018,2022-10-14,5099.27,5071.09,5178.53,5015.51,0.64321579,7.8483103935
801018,2022-10-17,5276.66,5089.67,5349.12,5048.75,0.82758549,10.8811370108
801018,2022-10-18,5367.59,5255.36,5415.7,5204.54,0.69676712,9.5787721422
801018,2022-10-19,5187.81,5357.59,5387.24,5147.27,0.57141764,8.0619796296
801018,2022-10-20,5165.16,5162.84,5268.16,5110.57,0.45480141,6.1294584038
801018,2022-10-21,5302.24,5178.45,5392.79,5132.41,0.65397253,9.8718259923
801018,2022-10-24,5114.95,5328.6,5376.32,5050.55,0.68907738,9.3614711941
801018,2022-10-25,4911.21,5117.39,5160.84,4864.29,0.66233379,8.7426923714
801018,2022-10-26,4989.62,4910.52,5157.12,4848.92,0.6765891,9.568867182
801018,2022-10-27,4976.69,4995.47,5086.88,4868.01,0.53051105,7.3982570538
801018,2022-10-28,4750.21,4968.15,5003.37,4718.43,0.53207001,6.5081501549
801018,2022-10-31,4902.76,4739.82,4970.8,4686.78,0.609766,7.7122564665999995
801018,2022-11-01,5050.73,4949.87,5103.32,4865.4,0.71184666,8.3026121648
801018,2022-11-02,5109.76,5044.22,5222.37,4995.46,0.66471752,8.202582403300001
801018,2022-11-03,5206.51,5084.69,5235.72,5031.81,0.58560755,8.6354105742
801018,2022-11-04,5190.14,5215.9,5273.46,5121.33,0.60477664,9.2635794956
801018,2022-11-07,5207.67,5195.8,5286.64,5110.78,0.65146996,9.2366794738
801018,2022-11-08,5219.04,5216.68,5290.44,5117.96,0.51729431,9.429110813300001
801018,2022-11-09,5212.76,5210.99,5295.45,5153.69,0.44450805,7.0214364627
801018,2022-11-10,5203.34,5196.67,5305.06,5145.46,0.46503556,7.9063211241
801018,2022-11-11,5212.2,5283.59,5418.56,5181.92,0.88839235,11.425254701400002
801018,2022-11-14,5335.9,5224.3,5434.56,5163.12,0.93168482,11.3724393655
801018,2022-11-15,5404.67,5346.2,5465.88,5269.0,0.68235844,10.3699858131
801018,2022-11-16,5354.51,5401.5,5458.34,5308.38,0.48521086,7.0462086558
801018,2022-11-17,5438.48,5337.36,5498.79,5308.06,0.56871137,7.9889645813
801018,2022-11-18,5348.64,5445.03,5506.79,5309.83,0.57759677,7.7912446768
801018,2022-11-21,5379.04,5339.71,5412.32,5236.71,0.54364084,7.4620491601
801018,2022-11-22,5211.67,5380.46,5438.99,5168.03,0.69204247,10.4664652295
801018,2022-11-23,5104.74,5209.72,5239.82,5030.4,0.61934701,8.9242392075
801018,2022-11-24,5137.52,5114.61,5209.11,5045.52,0.47406372,7.986088914400001
801018,2022-11-25,5109.19,5150.04,5175.81,5019.04,0.43256358,6.7666759626
801018,2022-11-28,5056.21,5066.56,5128.92,4968.96,0.4147216,6.2361979734
801018,2022-11-29,5170.59,5061.53,5208.04,5039.69,0.51046561,6.6258387036
801018,2022-11-30,5139.14,5166.16,5239.58,5090.84,0.44755145,5.902026462
801018,2022-12-01,5232.68,5186.14,5279.79,5132.21,0.50307622,7.5955684337000005
801018,2022-12-02,5285.9,5235.04,5356.53,5177.55,0.51809717,7.6989581355
801018,2022-12-05,5286.91,5306.53,5370.81,5206.37,0.60322007,8.2511350682
801018,2022-12-06,5281.14,5294.84,5391.12,5197.08,0.59327743,9.116784449099999
801018,2022-12-07,5351.06,5267.17,5390.63,5197.3,0.63609191,9.8993607072
801018,2022-12-08,5310.85,5354.57,5411.15,5250.97,0.55362408,8.1128590765
801018,2022-12-09,5243.78,5318.57,5358.58,5181.17,0.71403212,10.0491974818
801018,2022-12-12,5244.15,5256.22,5310.49,5179.65,0.49619282,7.0271453054999995
801018,2022-12-13,5304.71,5266.42,5349.35,5171.96,0.62906151,8.3134728203
801018,2022-12-14,5289.71,5294.44,5346.75,5215.16,0.44358763,6.568128940399999
801018,2022-12-15,5264.72,5286.46,5390.0,5217.91,0.47755733,6.5796505175
801018,2022-12-16,5261.11,5240.5,5340.68,5179.76,0.47045397,7.3544549496
801018,2022-12-19,5084.09,5267.68,5293.87,5052.42,0.56810753,7.5918597303999995
801018,2022-12-20,4955.73,5076.7,5115.04,4926.26,0.46344683,7.782547839199999
801018,2022-12-21,4914.79,4967.29,5019.64,4872.66,0.36031321,5.931363103
801018,2022-12-22,4963.49,4939.96,5103.29,4860.68,0.53572081,10.4527114965
801018,2022-12-23,5014.34,4968.11,5082.31,4904.04,0.40401223,7.8054714808000005
801018,2022-12-26,5000.57,5037.36,5121.65,4938.46,0.43754909,6.1942661345
801018,2022-12-27,5055.81,5039.29,5095.34,4934.71,0.46710768,6.3994405872
801018,2022-12-28,4995.55,5069.02,5123.44,4955.93,0.4148593,9.3194151791
801018,2022-12-29,4990.44,4971.93,5069.88,4929.76,0.2875817,5.4441291472
801018,2022-12-30,5016.54,5003.52,5059.05,4936.31,0.3482565,5.789229552
801018,2023-01-03,5084.97,5013.6,5140.77,4979.42,0.46162794,7.102794824400001
801018,2023-01-04,5092.61,5079.47,5151.04,5025.62,0.37540475,5.6200815137
801018,2023-01-05,5230.1,5105.96,5290.0,5057.23,0.87660932,10.5729707302
801018,2023-01-06,5219.54,5223.0,5319.02,5151.88,0.65679562,9.5089654395
801018,2023-01-09,5224.92,5208.94,5282.21,5137.69,0.54111816,8.2192200648
801018,2023-01-10,5325.88,5224.18,5399.06,5174.66,0.82974342,11.3884622965
801018,2023-01-11,5387.43,5327.81,5481.55,5287.87,0.79810556,11.9980118487
801018,2023-01-12,5348.62,5387.2,5489.4,5333.92,0.50116965,9.643890339299999
801018,2023-01-13,5439.71,5368.37,5504.44,5305.29,0.56380809,9.3812538662
801018,2023-01-16,5473.58,5457.84,5578.33,5416.37,0.66800086,9.937273663500001
801018,2023-01-17,5496.74,5490.21,5564.04,5433.33,0.45934488,7.3915444289
801018,2023-01-18,5495.88,5498.09,5550.59,5434.63,0.36524845,5.360409958
801018,2023-01-19,5547.29,5492.82,5610.47,5449.16,0.42376207,5.854250310199999
801018,2023-01-20,5538.2,5570.73,5628.97,5486.85,0.39821936,6.1761965601
801018,2023-01-30,5542.13,5587.68,5672.55,5487.12,0.56823392,8.571588457
801018,2023-01-31,5596.77,5542.69,5683.09,5469.02,0.61878835,8.6440828997
801018,2023-02-01,5822.62,5597.16,5867.16,5518.22,1.06586672,14.380123499100002
801018,2023-02-02,5883.94,5853.72,5989.96,5769.22,0.90875843,13.8430533971
801018,2023-02-03,5913.82,5886.82,6018.79,5809.86,0.68269068,10.781728408
801018,2023-02-06,5885.62,5905.46,5992.81,5796.41,0.6587062,9.4183155671
801018,2023-02-07,5873.2,5883.26,5982.2,5768.28,0.58853504,9.0795277254
801018,2023-02-08,5867.14,5899.85,6040.83,5789.01,0.82377884,12.5309413552
801018,2023-02-09,5932.07,5862.5,6002.69,5811.73,0.63884135,9.9983570648
801018,2023-02-10,5977.44,5939.33,6069.6,5876.84,0.56873058,8.9567136568
801018,2023-02-13,6090.61,6000.34,6170.72,5913.4,0.84255793,13.0596013993
801018,2023-02-14,6083.63,6115.06,6170.93,5981.16,0.6975141,11.381430393599999
801018,2023-02-15,6045.21,6072.24,6119.12,5987.65,0.47865774,7.7686999751
801018,2023-02-16,5955.59,6058.91,6143.38,5892.68,0.68095095,10.9419908902
801018,2023-02-17,5924.95,5979.97,6047.99,5887.56,0.49010157,7.7419019261
801018,2023-02-20,5961.98,5939.29,6054.5,5792.8,0.61037954,9.7980322612
801018,2023-02-21,5943.8,5957.56,6044.25,5881.66,0.51256768,8.431435151799999
801018,2023-02-22,5924.74,5929.12,5992.86,5859.18,0.41938822,7.4062992844
801018,2023-02-23,5912.1,5926.4,5990.1,5851.68,0.39832705,7.5252632351
801018,2023-02-24,6062.1,5915.35,6114.13,5875.85,0.70249097,10.8214876507
801018,2023-02-27,6023.18,6058.83,6177.36,5941.49,0.71576677,14.0957357759
801018,2023-02-28,6219.64,6007.16,6298.48,5969.17,0.8928451,16.504255311199998
801018,2023-03-01,6148.72,6231.16,6278.57,6100.82,0.51755421,9.9053071787
801018,2023-03-02,6101.06,6160.47,6213.27,6053.33,0.42581929,7.703878705
801018,2023-03-03,5991.37,6108.96,6143.06,5951.55,0.52862134,8.6063855796
801018,2023-03-06,6022.66,6000.73,6084.25,5934.61,0.40753315,7.225577495
801018,2023-03-07,5807.89,6028.74,6077.89,5774.93,0.73171678,10.6026381372
801018,2023-03-08,5834.04,5788.3,5899.55,5750.62,0.46937474,7.0691124889
801018,2023-03-09,5857.9,5846.97,5959.87,5801.16,0.40355457,6.4717103285
801018,2023-03-10,5831.67,5822.68,5894.81,5750.94,0.35770989,5.7503960859
801018,2023-03-13,5810.02,5804.37,5885.57,5698.09,0.46407999,7.195787355399999
801018,2023-03-14,5799.82,5807.65,5937.55,5728.98,0.43711274,6.7962475416
801018,2023-03-15,5760.99,5807.77,5896.37,5720.88,0.363368,5.586772424199999
801018,2023-03-16,5646.32,5752.21,5789.66,5627.13,0.35796481,5.995940933099999
801018,2023-03-17,5615.82,5683.94,5725.43,5588.42,0.40439412,6.4121335648
801018,2023-03-20,5607.38,5637.25,5694.85,5478.55,0.56294477,9.3831387562
801018,2023-03-21,5649.19,5655.88,5742.85,5580.04,0.46392753,6.865274585
801018,2023-03-22,5624.59,5668.23,5742.1,5581.08,0.37360288,5.8575272464
801018,2023-03-23,5560.88,5625.24,5646.23,5502.87,0.42373971,6.270225920800001
801018,2023-03-24,5551.9,5560.47,5662.78,5502.32,0.42960513,6.4279092175
801018,2023-03-27,5552.71,5564.75,5626.66,5472.64,0.39268998,6.1855942868
801018,2023-03-28,5605.57,5573.13,5688.48,5516.02,0.46452696,7.1963292918
801018,2023-03-29,5590.38,5619.47,5671.07,5519.63,0.37980762,5.9365366792
801018,2023-03-30,5736.09,5580.16,5779.57,5538.25,0.55505994,8.1688515528
801018,2023-03-31,5810.95,5776.02,5933.29,5705.87,0.67225896,10.2139219752
801018,2023-04-03,5943.67,5809.52,5989.91,5768.23,0.63917257,11.485466730499999
801018,2023-04-04,5948.24,5914.87,6018.85,5856.02,0.53037373,9.4797101342
801018,2023-04-06,5831.75,5937.91,5993.01,5780.65,0.54156598,8.3855719078
801018,2023-04-07,5819.04,5830.57,5895.96,5763.06,0.37052327,5.7340157076
801018,2023-04-10,5673.13,5837.64,5850.63,5635.23,0.51155765,7.6000199957
801018,2023-04-11,5649.51,5690.51,5710.39,5598.32,0.3525298,5.3975706202
801018,2023-04-12,5558.12,5664.68,5686.64,5534.2,0.42715209,6.491326581699999
801018,2023-04-13,5571.79,5546.89,5699.34,5419.33,0.6073996,9.4260939891
801018,2023-04-14,5520.58,5559.64,5619.17,5463.76,0.39653708,5.923663639400001
801018,2023-04-17,5503.33,5518.62,5551.42,5440.84,0.45431171,6.8282426346000005
801018,2023-04-18,5474.32,5508.12,5561.46,5442.31,0.31273096,4.6114317832
801018,2023-04-19,5428.17,5465.39,5536.06,5387.29,0.41542216,6.0905179315
801018,2023-04-20,5384.42,5419.03,5474.26,5319.4,0.57845769,8.5540894818
801018,2023-04-21,5359.29,5384.34,5514.84,5324.68,0.47459783,6.8877546449
801018,2023-04-24,5260.49,5364.11,5402.13,5208.35,0.64098973,8.1264992338
801018,2023-04-25,5227.31,5262.32,5302.27,5124.75,0.51890131,6.7861071932
801018,2023-04-26,5356.06,5208.92,5421.14,5180.62,0.65258522,9.0158297098
801018,2023-04-27,5349.85,5325.81,5411.8,5250.41,0.45673293,7.0063734673
801018,2023-04-28,5325.19,5341.1,5401.95,5261.61,0.44152749,5.8555651024
801018,2023-05-04,5339.86,5319.48,5410.1,5267.98,0.43615268,5.9591104377
801018,2023-05-05,5234.54,5352.3,5363.93,5188.83,0.397084,5.4015819858
801018,2023-05-08,5299.75,5253.78,5384.18,5219.68,0.49409732,6.497605367899999
801018,2023-05-09,5312.01,5316.74,5407.74,5200.04,0.54751037,7.137404504199999
801018,2023-05-10,5336.35,5315.03,5424.34,5184.12,0.52634964,7.6431845225999995
801018,2023-05-11,5304.34,5347.08,5476.52,5270.58,0.53718849,7.105582224400001
801018,2023-05-12,5402.59,5317.97,5598.04,5296.04,0.96324656,13.5567294407
801018,2023-05-15,5259.11,5398.86,5461.32,5140.67,0.71447559,9.8108505318
801018,2023-05-16,5200.39,5260.88,5305.02,5144.69,0.42917469,6.1849490220000005
801018,2023-05-17,5230.97,5185.17,5268.97,5141.96,0.3472068,5.0963191864
801018,2023-05-18,5159.55,5243.16,5286.35,5142.27,0.32410837,4.717268202900001
801018,2023-05-19,5223.15,5155.49,5253.01,5096.47,0.3101785,4.1155609378
801018,2023-05-22,5202.04,5216.46,5259.14,5153.07,0.26187936,3.8983539129
801018,2023-05-23,5179.77,5200.61,5295.07,5167.19,0.29259509,4.409981570299999
801018,2023-05-24,5097.54,5172.08,5216.84,5038.98,0.38190131,5.6128527265
801018,2023-05-25,5078.95,5098.95,5158.55,5007.51,0.43206231,8.2701399188
801018,2023-05-26,5109.62,5077.23,5151.27,5015.89,0.28973729,4.9149413794
801018,2023-05-29,5156.36,5108.19,5206.78,5073.48,0.37647112,5.4079160657
801018,2023-05-30,5059.88,5137.23,5180.17,4996.75,0.33637745,4.8439918133
801018,2023-05-31,5007.25,5054.83,5096.05,4977.9,0.28713503,3.7610145647000004
801018,2023-06-01,5018.43,5021.54,5091.4,4941.75,0.37140388,4.9923331681
801018,2023-06-02,5016.54,5028.07,5070.19,4969.45,0.26858617,3.6632892707
801018,2023-06-05,4992.54,5015.96,5059.88,4907.08,0.40857925,5.361268047799999
801018,2023-06-06,4852.13,4979.32,4990.06,4836.82,0.37037553,4.7810362387
801018,2023-06-07,4838.17,4846.0,4896.55,4808.53,0.27345114,3.3989420532
801018,2023-06-08,4812.32,4830.47,4882.89,4755.69,0.41917212,4.9632295073
801018,2023-06-09,4834.18,4818.46,4906.2,4717.56,0.72825296,8.0969475838
801018,2023-06-12,4836.87,4840.4,4892.12,4769.91,0.41087461,5.7871031275
801018,2023-06-13,4820.26,4843.15,4903.78,4792.58,0.31330235,4.4523102196
801018,2023-06-14,4785.55,4831.42,4857.13,4753.84,0.35160206,4.3618237941
801018,2023-06-15,4788.08,4806.89,4837.68,4729.91,0.36445746,4.880108126700001
801018,2023-06-16,4824.1,4784.75,4875.33,4767.11,0.37826052,4.8830991546
801018,2023-06-19,4781.84,4834.37,4873.87,4770.64,0.35395503,4.5532243241
801018,2023-06-20,4759.71,4776.72,4829.07,4721.9,0.36373627,4.42706121
801018,2023-06-21,4675.04,4749.81,4786.92,4663.13,0.29199869,3.7748340217000003
801018,2023-06-26,4617.25,4671.61,4703.24,4584.19,0.33739755,4.301470763999999
801018,2023-06-27,4687.16,4623.35,4727.38,4614.41,0.28552956,3.8440613575
801018,2023-06-28,4647.32,4674.02,4701.73,4596.97,0.27181931,3.7689646321
801018,2023-06-29,4680.21,4645.96,4715.78,4615.19,0.26693904,3.566163048
801018,2023-06-30,4750.59,4681.42,4789.44,4664.89,0.36342267,4.294365856000001
801018,2023-07-03,4774.86,4759.14,4813.75,4710.91,0.37835973,4.6609969225
801018,2023-07-04,4753.76,4776.32,4798.08,4715.13,0.27160382,3.3966799805
801018,2023-07-05,4742.76,4751.17,4786.79,4716.43,0.23162678,2.9178271961
801018,2023-07-06,4725.98,4733.08,4773.75,4691.68,0.24532008,3.0787132422
801018,2023-07-07,4753.47,4708.6,4790.38,4697.68,0.27055005,3.504203118
801018,2023-07-10,4788.28,4764.19,4840.68,4740.26,0.25217029,3.3696158385
801018,2023-07-11,4813.36,4807.26,4841.82,4760.94,0.24672646,3.2499291761
801018,2023-07-12,4761.51,4811.46,4844.52,4750.42,0.27543052,3.4694917643000003
801018,2023-07-13,4799.34,4772.51,4823.04,4748.8,0.21535294,2.8613225248000003
801018,2023-07-14,4775.14,4805.36,4832.77,4750.17,0.22616971,3.0534734532999996
801018,2023-07-17,4773.03,4775.16,4809.58,4710.58,0.20885504,2.7217502698000002
801018,2023-07-18,4790.98,4775.98,4817.81,4736.05,0.24555974,3.0248146341
801018,2023-07-19,4832.6,4781.61,4876.7,4767.71,0.35531132,4.1022090875999995
801018,2023-07-20,4872.99,4846.9,4980.36,4820.9,0.60266573,7.0710275236
801018,2023-07-21,4935.01,4869.49,4997.24,4844.46,0.51211668,6.170886229500001
801018,2023-07-24,4879.91,4917.39,4960.43,4851.7,0.30925129,3.8065532401
801018,2023-07-25,4875.32,4906.92,4933.22,4840.58,0.36861687,4.4480113962
801018,2023-07-26,4900.2,4874.07,4925.06,4850.03,0.27029636,3.3091892256
801018,2023-07-27,4892.08,4906.22,4936.12,4868.02,0.23265175,2.9531867285000004
801018,2023-07-28,4939.46,4891.35,4949.04,4856.83,0.25668944,3.1719273618
801018,2023-07-31,4954.33,4947.86,5001.66,4900.5,0.3731277,4.7508932495
801018,2023-08-01,4911.89,4962.42,4984.24,4895.94,0.26226987,3.3701171675999997
801018,2023-08-02,4895.7,4900.97,4940.2,4854.48,0.27962772,3.4848398842000003
801018,2023-08-03,4950.4,4882.96,4983.66,4876.67,0.2959013,3.6081519639999997
801018,2023-08-04,4894.73,4957.46,4987.39,4884.11,0.27040696,3.3930993087
801018,2023-08-07,4831.25,4899.3,4914.39,4805.47,0.31344445,3.7280709957
801018,2023-08-08,4831.28,4820.79,4859.23,4761.31,0.25296742,3.1927504410000003
801018,2023-08-09,4816.22,4814.32,4857.46,4781.4,0.23113725,2.6227703592
801018,2023-08-10,4860.42,4821.29,4878.52,4784.07,0.22104897,2.57221206
801018,2023-08-11,4744.66,4855.28,4878.87,4732.76,0.29763779,3.7335326481999997
801018,2023-08-14,4675.72,4699.78,4743.89,4609.35,0.38959243,4.4005609364
801018,2023-08-15,4714.06,4689.47,4737.38,4628.78,0.28126698,3.104856378
801018,2023-08-16,4703.2,4705.03,4774.57,4666.53,0.23862966,2.8251221072000003
801018,2023-08-17,4749.02,4689.15,4768.33,4646.87,0.23798369,2.8295861061000003
801018,2023-08-18,4632.12,4747.99,4764.97,4628.38,0.25130281,2.9739774729
801018,2023-08-21,4584.33,4623.17,4680.8,4575.36,0.22514313,2.6267174547
801018,2023-08-22,4549.79,4593.89,4632.59,4491.91,0.28921072,3.3157858834
801018,2023-08-23,4490.18,4552.64,4572.61,4476.41,0.24850455,2.602780986
801018,2023-08-24,4528.38,4515.22,4602.17,4430.69,0.35075615,4.0746773138
801018,2023-08-25,4534.26,4508.08,4623.49,4493.66,0.33817243,3.7077388952
801018,2023-08-28,4584.98,4738.94,4781.15,4552.63,0.4372156,5.2088716931
801018,2023-08-29,4687.02,4581.09,4713.57,4556.72,0.43008895,5.2121300781999995
801018,2023-08-30,4684.4,4685.05,4737.05,4658.35,0.29930304,3.5702641408
801018,2023-08-31,4696.1,4667.62,4721.07,4634.24,0.22571716,2.6546708091999998
801018,2023-09-01,4738.11,4698.82,4774.19,4678.14,0.4166443,4.6725706876999995
801018,2023-09-04,4758.51,4744.89,4801.71,4696.2,0.40714952,4.8230177869999995
801018,2023-09-05,4716.83,4761.72,4780.45,4695.38,0.31494963,3.6929593923
801018,2023-09-06,4710.85,4721.58,4750.71,4668.28,0.26191436,2.9983106429000004
801018,2023-09-07,4620.97,4699.56,4725.31,4616.77,0.27790416,3.2324745918
801018,2023-09-11,4687.0,4600.31,4714.38,4578.99,0.31493558,3.5583187022000002
801018,2023-09-12,4713.0,4693.81,4745.35,4660.0,0.22666585,2.7614147634
801018,2023-09-13,4649.47,4722.76,4733.93,4613.5,0.2434565,2.9863448112
801018,2023-09-14,4607.85,4658.32,4673.95,4588.31,0.21369858,2.5576944926
801018,2023-09-15,4710.25,4621.29,4741.19,4604.22,0.38003739,4.0960334384
801018,2023-09-18,4733.99,4708.92,4759.26,4649.9,0.32250386,3.7828490410000004
801018,2023-09-19,4701.15,4733.99,4759.65,4680.61,0.23024419,2.6972734705000003
801018,2023-09-20,4668.3,4698.86,4726.51,4661.5,0.16959688,2.031663236
801018,2023-09-21,4601.55,4659.12,4687.85,4586.6,0.22391729,2.7606941195
801018,2023-09-22,4643.85,4609.05,4653.07,4555.72,0.25566548,3.0239870633
801018,2023-09-25,4667.77,4646.1,4694.51,4611.72,0.27515634,3.3303906507999996
801018,2023-09-26,4631.25,4666.92,4684.64,4618.12,0.21876969,2.571114588
801018,2023-09-27,4714.05,4633.01,4733.76,4611.2,0.29169108,3.6676477289
801018,2023-09-28,4665.29,4716.39,4729.42,4648.48,0.27684354,3.3510618583999996
801018,2023-10-09,4619.33,4662.18,4689.38,4574.31,0.32641832,3.8626274183
801018,2023-10-10,4549.47,4616.65,4640.15,4536.6,0.27939109,3.3200324307
801018,2023-10-11,4598.59,4554.97,4683.85,4542.99,0.41475931,4.916071457
801018,2023-10-12,4612.85,4618.35,4670.9,4585.25,0.29994716,3.4476903482999997
801018,2023-10-13,4603.29,4606.61,4645.82,4568.32,0.25791235,2.9997834475
801018,2023-10-16,4581.05,4612.65,4649.09,4553.74,0.28434344,3.3373793425
801018,2023-10-17,4493.01,4587.11,4609.25,4459.01,0.3413175,3.8616375830000003
801018,2023-10-18,4396.88,4503.13,4512.62,4390.83,0.3029526,3.3855712744999997
801018,2023-10-19,4344.49,4399.11,4427.21,4323.05,0.30515141,3.2719876983
801018,2023-10-20,4285.31,4344.31,4366.05,4252.49,0.31537716,3.5726957917
801018,2023-10-23,4180.88,4280.96,4301.78,4155.09,0.3539213,3.8461800569999998
801018,2023-10-24,4281.39,4204.23,4300.53,4163.1,0.35690384,3.8424591639999996
801018,2023-10-25,4290.44,4311.84,4356.45,4271.31,0.29959222,3.2808499223000003
801018,2023-10-26,4284.29,4279.34,4312.44,4229.61,0.28653753,3.2873856036
801018,2023-10-27,4433.97,4271.77,4462.43,4228.15,0.44986889,4.993817469800001
801018,2023-10-30,4535.51,4425.68,4561.45,4408.36,0.50571857,5.9239412525
801018,2023-10-31,4572.16,4560.18,4627.38,4507.26,0.57864371,6.0882369250999995
801018,2023-11-01,4578.65,4575.59,4609.04,4528.45,0.43496464,4.390914410400001
801018,2023-11-02,4536.94,4578.88,4602.48,4513.96,0.3389523,3.3873700455
801018,2023-11-03,4554.32,4542.32,4602.86,4520.62,0.306687,3.2515416747000003
801018,2023-11-06,4603.67,4572.57,4638.56,4543.33,0.41825825,4.6026896051
801018,2023-11-07,4584.83,4605.19,4636.49,4553.52,0.34410823,3.7433753473
801018,2023-11-08,4582.18,4588.9,4630.57,4548.12,0.32121129,3.3365982237000003
801018,2023-11-09,4548.42,4587.92,4622.45,4527.73,0.33677264,3.6670173252
801018,2023-11-10,4547.07,4547.91,4584.67,4497.76,0.30785253,3.3740338617
801018,2023-11-13,4552.55,4563.07,4601.11,4495.96,0.31785838,3.5182131231000002
801018,2023-11-14,4556.91,4559.74,4603.43,4519.62,0.30854923,3.3941396426
801018,2023-11-15,4570.44,4580.29,4606.37,4545.53,0.26385619,3.053108636
801018,2023-11-16,4536.49,4567.82,4593.49,4519.82,0.26413294,3.0146338394
801018,2023-11-17,4726.95,4526.49,4743.08,4506.64,0.66795185,7.776249137000001
801018,2023-11-20,4718.9,4714.54,4745.85,4609.31,0.55297357,7.224107561
801018,2023-11-21,4709.79,4698.01,4761.5,4667.1,0.40320123,5.0353873008
801018,2023-11-22,4726.41,4704.51,4787.52,4684.33,0.43315488,5.1528407478
801018,2023-11-23,4755.18,4721.24,4774.64,4698.48,0.3560759,4.1198733399
801018,2023-11-24,4741.68,4750.21,4786.11,4707.47,0.39915027,4.2716721089
801018,2023-11-27,4740.64,4731.96,4782.85,4689.19,0.45847056,5.108948488899999
801018,2023-11-28,4787.15,4725.84,4831.15,4677.31,0.52785412,5.8295355848
801018,2023-11-29,4737.07,4786.74,4809.14,4719.4,0.36213686,4.0052161828
801018,2023-11-30,4733.52,4743.9,4779.82,4692.22,0.37261905,4.4168121525
801018,2023-12-01,4736.66,4733.25,4773.9,4695.32,0.32273116,3.6649850278
801018,2023-12-04,4733.19,4732.32,4785.6,4671.9,0.45349634,5.164423359
801018,2023-12-05,4671.4,4729.68,4762.25,4664.33,0.33980723,3.8348524149000003
801018,2023-12-06,4758.26,4660.87,4799.63,4635.53,0.52651852,6.312557160599999
801018,2023-12-07,4784.84,4762.02,4823.84,4702.95,0.48125137,6.389817130599999
801018,2023-12-08,4702.99,4772.02,4808.87,4687.49,0.53776388,6.5382344946
801018,2023-12-11,4777.23,4699.86,4795.04,4639.51,0.54672,6.40313403
801018,2023-12-12,4759.79,4773.29,4811.99,4725.2,0.36542246,4.2868608502
801018,2023-12-13,4720.62,4759.44,4804.52,4707.78,0.35884952,4.1010311456999995
801018,2023-12-14,4772.81,4734.06,4844.7,4719.37,0.60973148,7.122918815
801018,2023-12-15,4768.7,4771.26,4859.67,4709.02,0.57119599,6.481648447
801018,2023-12-18,4759.66,4759.57,4831.5,4725.32,0.40438375,4.7135386327
801018,2023-12-19,4766.37,4756.93,4816.16,4708.6,0.38421201,4.4063622061
801018,2023-12-20,4722.88,4768.8,4799.07,4709.27,0.32370805,3.7807309922
801018,2023-12-21,4724.45,4711.97,4746.89,4613.06,0.51071631,5.9421989578
801018,2023-12-22,4693.69,4726.16,4779.11,4641.2,0.42549415,5.0361271095
801018,2023-12-25,4746.27,4694.47,4779.45,4618.15,0.46046575,5.6189389587
801018,2023-12-26,4684.59,4731.83,4781.34,4657.66,0.43042401,4.85589564
801018,2023-12-27,4753.51,4687.12,4796.35,4656.07,0.38514186,4.660184868
801018,2023-12-28,4760.81,4750.94,4804.6,4676.87,0.48089324,5.9531706516
801018,2023-12-29,4792.79,4751.21,4817.0,4725.91,0.40486431,5.1217836581
801018,2024-01-02,4789.23,4799.71,4866.53,4744.33,0.51258037,6.0804497321
801018,2024-01-03,4775.63,4770.47,4830.22,4730.33,0.3775128,4.4386602637
801018,2024-01-04,4745.63,4775.37,4796.92,4704.36,0.30521373,3.615592105
801018,2024-01-05,4656.3,4740.42,4772.04,4633.22,0.39378476,4.769590703
801018,2024-01-08,4512.4,4660.49,4669.43,4500.75,0.47846797,5.4533175941
801018,2024-01-09,4513.92,4526.68,4576.41,4473.43,0.33418321,3.9677641793
801018,2024-01-10,4454.15,4511.81,4547.24,4414.44,0.37204574,4.5790860186
801018,2024-01-11,4565.7,4445.54,4595.09,4433.43,0.40075644,4.7155071098
801018,2024-01-12,4526.51,4556.28,4640.12,4508.89,0.34667023,4.5639336136
801018,2024-01-15,4537.68,4582.95,4610.51,4487.69,0.33742402,4.0028315011
801018,2024-01-16,4532.54,4546.27,4584.33,4463.27,0.38733005,5.8315363543
801018,2024-01-17,4385.17,4538.44,4567.73,4368.26,0.51420805,9.167182279
801018,2024-01-18,4301.12,4350.68,4384.4,4150.81,0.7546578,9.7821542506
801018,2024-01-19,4211.69,4295.92,4327.14,4191.46,0.48246288,6.1912233638
801018,2024-01-22,3934.88,4215.13,4241.45,3906.47,0.69331523,8.1811578116
801018,2024-01-23,3924.06,3923.45,3977.02,3847.03,0.60746834,6.482276729
801018,2024-01-24,3954.68,3947.4,3996.02,3796.06,0.63071441,6.4787643088
801018,2024-01-25,4058.85,3962.66,4077.69,3902.04,0.6567477,7.0260861462
801018,2024-01-26,3992.8,4066.59,4090.86,3962.26,0.51694575,5.4324175190999995
801018,2024-01-29,3926.87,4005.64,4065.23,3919.64,0.49837002,5.1504479944999995
801018,2024-01-30,3799.26,3916.81,3944.49,3789.75,0.43747839,4.3160312259
801018,2024-01-31,3646.73,3782.77,3823.53,3618.89,0.6375614,5.9243724812
801018,2024-02-01,3602.01,3622.7,3669.49,3507.29,0.68400211,5.8944060549
801018,2024-02-02,3424.09,3614.95,3667.2,3300.0,0.89010686,8.0337050865
801018,2024-02-05,3201.64,3399.49,3415.84,3087.58,1.13239985,8.9924951694
801018,2024-02-06,3397.32,3134.8,3450.76,3049.87,1.11333904,8.2770650587
801018,2024-02-07,3537.87,3390.41,3633.13,3321.3,1.19132928,9.3243100235
801018,2024-02-08,3726.99,3574.87,3808.34,3509.14,1.05737825,8.569128186
801018,2024-02-19,3656.21,3761.16,3826.75,3597.65,1.0178806,8.653638731200001
801018,2024-02-20,3673.86,3644.49,3691.63,3583.9,0.54375494,4.8761375537000005
801018,2024-02-21,3704.97,3658.32,3826.29,3608.25,0.63070324,5.7875037709
801018,2024-02-22,3728.67,3708.83,3780.13,3669.93,0.48516089,4.5359708425
801018,2024-02-23,3785.62,3742.26,3797.72,3688.4,0.51793659,4.7354826154000005
801018,2024-02-26,3871.52,3791.35,3946.52,3741.44,0.76956755,7.5754283765
801018,2024-02-27,3919.76,3853.97,3925.47,3805.83,0.58979545,5.9776944076
801018,2024-02-28,3747.2,3926.5,4007.27,3740.63,0.8735059,8.3286092954
801018,2024-02-29,3828.58,3730.63,3846.11,3707.32,0.61552046,5.7088235775
801018,2024-03-01,3814.82,3830.04,3862.56,3769.11,0.52384449,4.8819191959
801018,2024-03-04,3815.33,3809.96,3860.63,3758.24,0.47461186,4.6483495061
801018,2024-03-05,3767.95,3805.32,3832.42,3734.75,0.51604862,5.4876132079
801018,2024-03-06,3744.7,3762.51,3801.59,3694.9,0.43378606,4.4420487556
801018,2024-03-07,3685.62,3745.69,3781.45,3677.78,0.42104264,4.1975625829
801018,2024-03-08,3690.47,3675.57,3737.28,3641.88,0.3676937,3.7955668320999996
801018,2024-03-11,3766.6,3692.83,3769.17,3659.02,0.4668395,4.8485709046
801018,2024-03-12,3836.81,3770.78,3847.31,3748.17,0.52676346,5.1692272917
801018,2024-03-13,3818.6,3836.53,3860.04,3777.94,0.44399743,4.180500884
801018,2024-03-14,3793.55,3804.69,3859.62,3755.94,0.41876847,4.0961145187
801018,2024-03-15,3830.18,3788.02,3838.44,3763.98,0.39863353,3.7410898963
801018,2024-03-18,3870.81,3835.33,3882.01,3789.14,0.5374803,5.1579869621
801018,2024-03-19,3892.84,3879.17,3961.9,3860.08,0.64465065,6.574613954299999
801018,2024-03-20,3964.02,3890.28,3995.26,3863.57,0.64263972,6.7283040585
801018,2024-03-21,4056.35,3967.08,4087.84,3942.2,0.73942522,7.944310440900001
801018,2024-03-22,3958.52,4077.22,4099.51,3918.14,0.87633189,8.8088622824
801018,2024-03-25,3877.77,3931.39,3996.03,3860.23,0.73320253,6.6903023669
801018,2024-03-26,3906.09,3881.22,3971.95,3828.07,0.84654387,7.446048204099999
801018,2024-03-27,3863.77,3886.19,3999.87,3824.7,1.29580583,9.5860999787
801018,2024-03-28,3861.17,3841.1,3910.53,3796.09,1.19570525,8.3342250733
801018,2024-03-29,3925.38,3859.42,3946.3,3815.25,0.90330088,7.3627154803999995
801018,2024-04-01,4093.33,3960.78,4117.16,3932.52,1.05500917,10.474913817400001
801018,2024-04-02,4149.61,4089.28,4194.9,4032.27,0.92624181,9.586167187000001
801018,2024-04-03,4204.16,4142.63,4271.65,4115.37,0.89097009,8.9673730961
801018,2024-04-08,4156.84,4181.8,4249.44,4112.4,0.78539536,8.128572550800001
801018,2024-04-09,4205.33,4142.82,4225.01,4114.22,0.58127216,6.1149553204
801018,2024-04-10,4034.97,4180.85,4195.85,4008.48,0.85299323,8.4923773479
801018,2024-04-11,3965.63,4023.6,4062.93,3941.76,0.63824916,6.385837073899999
801018,2024-04-12,3932.07,3950.33,4017.13,3887.72,0.55288618,5.6138814342
801018,2024-04-15,3844.66,3925.94,3966.99,3772.63,0.77050583,7.299613820499999
801018,2024-04-16,3677.05,3827.84,3872.54,3665.25,0.74683434,6.672074628200001
801018,2024-04-17,3804.99,3727.62,3854.4,3711.74,0.55875002,5.2964437204
801018,2024-04-18,3782.6,3807.01,3842.04,3734.45,0.46500329,4.4164609869
801018,2024-04-19,3792.87,3769.42,3844.78,3727.06,0.44029832,4.4094802719
801018,2024-04-22,3895.21,3806.07,3937.55,3749.28,0.59830267,5.8305889638999995
801018,2024-04-23,3909.12,3896.38,3950.43,3838.12,0.44544102,4.434836592
801018,2024-04-24,3913.74,3907.34,3937.49,3847.49,0.39015547,3.8880269535000003
801018,2024-04-25,3909.8,3911.3,3960.54,3865.46,0.40177568,3.9128764994
801018,2024-04-26,3844.37,3856.49,3893.3,3773.5,0.69040381,6.816408249299999
801018,2024-04-29,3917.7,3844.62,3954.86,3824.28,0.77483503,6.8420120725
801018,2024-04-30,3980.4,3908.89,4024.54,3880.16,0.90112059,8.146449279
801018,2024-05-06,4055.23,4038.66,4098.5,3980.28,0.9276735,9.116451100199999
801018,2024-05-07,4065.07,4046.15,4106.97,3988.02,0.75767184,8.143646802000001
801018,2024-05-08,4189.57,4062.42,4254.1,4036.46,1.22549382,14.133211364100001
801018,2024-05-09,4269.87,4180.57,4362.55,4131.32,1.34223961,14.460567763699999
801018,2024-05-10,4252.18,4249.48,4399.14,4189.7,1.18861516,13.7502541272
801018,2024-05-13,4301.6,4198.25,4366.8,4164.08,1.16240535,12.2235989592
801018,2024-05-14,4281.88,4284.03,4362.92,4246.43,0.78824684,8.347712142
801018,2024-05-15,4239.57,4267.39,4321.6,4178.56,0.67583734,6.9272461786
801018,2024-05-16,4274.36,4240.29,4352.39,4193.86,0.82788328,9.0146155062
801018,2024-05-17,4454.21,4287.68,4470.29,4261.23,1.06750335,11.7585740904
801018,2024-05-20,4517.03,4440.33,4578.16,4419.45,0.96138105,11.653733750899999
801018,2024-05-21,4546.3,4494.89,4616.47,4448.68,0.84776717,10.0471566118
801018,2024-05-22,4485.19,4536.08,4580.51,4437.08,0.6997167,8.0293711404
801018,2024-05-23,4371.9,4479.88,4522.98,4317.33,0.83097123,8.945830149099999
801018,2024-05-24,4316.8,4386.66,4455.84,4298.05,0.6977731,7.6517114800999995
801018,2024-05-27,4203.6,4314.0,4346.83,4120.99,0.91158799,10.1952515265
801018,2024-05-28,4045.51,4178.77,4195.61,3997.57,0.92856721,9.7620586446
801018,2024-05-29,3993.88,4026.45,4086.03,3961.76,0.58977748,6.6271534537
801018,2024-05-30,3900.9,3984.1,4006.15,3870.52,0.66740283,7.240453706699999
801018,2024-05-31,3850.99,3894.44,3936.94,3805.97,0.69253708,7.0492541478
801018,2024-06-03,3632.55,3838.69,3856.06,3599.12,1.4850023,12.914532700999999
801018,2024-06-04,3633.09,3615.57,3689.57,3578.87,1.10901899,8.9986721595
801018,2024-06-05,3554.17,3627.86,3646.35,3543.59,0.70377977,6.00870543
801018,2024-06-06,3469.71,3551.15,3589.62,3429.09,0.86586521,7.420880732300001
801018,2024-06-07,3503.51,3494.26,3557.45,3449.39,0.64728999,5.5807538353999995
801018,2024-06-11,3496.63,3507.92,3522.18,3422.84,0.6159665,4.895937012
801018,2024-06-12,3516.61,3527.81,3559.78,3469.87,0.83288293,6.8788197141
801018,2024-06-13,3459.34,3526.45,3544.51,3422.69,0.77579106,6.2414834565
801018,2024-06-14,3417.61,3445.23,3472.28,3374.86,0.74443827,6.3216987807
801018,2024-06-17,3394.12,3406.12,3441.36,3362.33,0.59966864,4.9556149588
801018,2024-06-18,3437.93,3407.51,3462.84,3381.29,0.58067845,4.838184957
801018,2024-06-19,3370.86,3434.9,3453.39,3365.6,0.52023911,4.2403801654
801018,2024-06-20,3309.64,3374.52,3407.69,3300.17,0.5287835,4.1650759015
801018,2024-06-21,3338.84,3306.07,3387.57,3284.85,0.41526727,3.4457161195999997
801018,2024-06-24,3223.29,3326.4,3339.48,3211.71,0.51561752,4.1152741139
801018,2024-06-25,3219.19,3237.28,3274.25,3196.24,0.44691139,3.5860202142000004
801018,2024-06-26,3297.74,3216.85,3307.6,3194.42,0.51252807,4.1263605224
801018,2024-06-27,3203.74,3290.35,3306.48,3193.08,0.50296097,4.0791989612
801018,2024-06-28,3194.74,3206.07,3263.27,3179.6,0.47885421,3.9250304922000003
801018,2024-07-01,3245.14,3194.53,3274.22,3170.52,0.48384692,4.0363922180000005
801018,2024-07-02,3196.94,3241.2,3266.95,3170.96,0.56924204,4.658558749
801018,2024-07-03,3155.64,3197.89,3213.23,3145.51,0.43697855,3.4436900425
801018,2024-07-04,3054.94,3161.07,3169.94,3026.29,0.66035525,4.8958427284
801018,2024-07-05,3104.8,3043.37,3119.72,3009.53,0.4648198,3.4044914512
801018,2024-07-08,3006.09,3097.59,3110.77,2990.82,0.4819097,3.5461624389999997
801018,2024-07-09,3004.94,2999.91,3043.56,2926.36,0.60704575,4.4907272223
801018,2024-07-10,2957.25,2980.56,3013.5,2927.62,0.53314507,3.9217739306
801018,2024-07-11,3051.8,3004.57,3086.64,2977.08,0.59063891,4.53416624
801018,2024-07-12,3016.99,3055.27,3089.76,2999.37,0.47870451,3.4965068980000003
801018,2024-07-15,2968.71,3014.82,3021.7,2949.87,0.3837559,2.7631601526
801018,2024-07-16,2972.99,2962.71,3003.08,2940.17,0.35258158,2.59400448
801018,2024-07-17,3006.84,2972.5,3031.52,2945.63,0.46667393,3.5052920224
801018,2024-07-18,3027.32,2989.86,3041.63,2948.88,0.4343069,3.29823109
801018,2024-07-19,3025.91,3020.13,3055.93,2979.27,0.39447751,2.9780616704000002
801018,2024-07-22,3015.54,3020.14,3050.56,2987.34,0.36929385,2.8255108361000003
801018,2024-07-23,2929.98,3012.7,3030.06,2926.52,0.47522386,3.4380435325
801018,2024-07-24,2855.43,2923.91,2938.52,2850.89,0.50523126,3.5510619716000003
801018,2024-07-25,2895.75,2853.02,2937.96,2831.63,0.38434957,2.761034905
801018,2024-07-26,2929.77,2903.36,2956.43,2891.21,0.35542234,2.723285148
801018,2024-07-29,2891.35,2931.71,2946.87,2872.81,0.34487971,2.5189659203
801018,2024-07-30,2916.59,2884.18,2935.62,2869.53,0.34881637,2.4558491942
801018,2024-07-31,3047.48,2913.72,3056.35,2888.16,0.91357282,4.9265417143
801018,2024-08-01,3041.02,3046.23,3100.0,2999.8,0.85461118,4.1218902675
801018,2024-08-02,3064.92,3026.59,3120.2,3012.36,1.00543007,4.8289152513
801018,2024-08-05,3011.54,3055.78,3126.99,2998.23,1.27109287,5.5373817892999995
801018,2024-08-06,3089.22,3028.77,3094.88,3019.88,0.74080623,4.0298299779
801018,2024-08-07,3055.74,3078.57,3101.34,3028.23,0.82879927,3.5295270052
801018,2024-08-08,3091.96,3042.45,3111.79,3028.48,0.73494015,3.5411086951999997
801018,2024-08-09,3044.12,3101.2,3117.48,3037.44,0.63061575,3.0869486882999997
801018,2024-08-12,3060.89,3038.14,3104.04,3025.65,0.57076548,3.0880911712
801018,2024-08-13,3059.19,3058.79,3076.04,3006.47,0.48939363,2.5222228668
801018,2024-08-14,3014.22,3051.63,3076.92,2995.29,0.53025915,2.923288165
801018,2024-08-15,3008.79,3010.72,3062.48,2980.03,0.63705345,3.4833908544
801018,2024-08-16,2962.33,3003.01,3022.61,2941.82,0.58054747,3.323766357
801018,2024-08-19,2925.92,2955.0,2980.74,2914.63,0.51894104,2.6934408023
801018,2024-08-20,2863.26,2923.67,2939.36,2843.26,0.62760473,3.1175531643000003
801018,2024-08-21,2818.61,2855.62,2882.72,2801.28,0.56807732,2.73172544
801018,2024-08-22,2778.1,2823.32,2845.8,2762.8,0.57144618,2.66678942
801018,2024-08-23,2766.74,2780.0,2804.93,2737.28,0.54744016,2.42763207
801018,2024-08-26,2791.56,2753.26,2806.88,2718.87,0.72116881,3.1221274849
801018,2024-08-27,2799.69,2788.85,2833.24,2769.5,0.65493706,2.6915564617000003
801018,2024-08-28,2809.72,2797.97,2847.64,2757.72,0.81371096,2.6837182863
801018,2024-08-29,2843.81,2804.15,2866.13,2786.58,0.80263878,3.0258860839999997
801018,2024-08-30,2870.4,2860.74,2920.43,2791.83,0.98622669,4.5819406949
801018,2024-09-02,2806.33,2881.29,2921.69,2797.93,0.86434611,4.569194394
801018,2024-09-03,2817.38,2806.35,2857.69,2780.44,0.89733472,3.38492268
801018,2024-09-04,2787.8,2802.62,2842.28,2775.97,0.75458799,3.0187032894
801018,2024-09-05,2816.43,2782.81,2836.78,2773.95,0.74197993,2.6700137081
801018,2024-09-06,2763.54,2821.22,2835.68,2753.16,0.76946817,2.84484601
801018,2024-09-09,2764.63,2752.86,2798.36,2731.02,0.76220857,2.5724715928
801018,2024-09-10,2736.62,2767.21,2788.56,2688.02,1.10167916,3.2960534283
801018,2024-09-11,2719.88,2720.8,2750.07,2701.48,0.53436109,1.92537736
801018,2024-09-12,2708.46,2723.38,2770.2,2697.6,0.53075969,2.26528794
801018,2024-09-13,2673.01,2711.65,2717.59,2659.31,0.42620623,2.0799944553
801018,2024-09-18,2625.13,2672.27,2681.09,2591.97,0.43863309,2.1955533804
801018,2024-09-19,2702.88,2635.26,2742.19,2626.98,0.62637578,3.1539490141
801018,2024-09-20,2665.06,2702.22,2707.44,2640.44,0.46613935,2.4190315680000003
801018,2024-09-23,2658.53,2657.3,2697.14,2638.27,0.31273863,1.9589332241
801018,2024-09-24,2772.88,2679.43,2784.55,2657.97,1.05996271,5.2628668078
801018,2024-09-25,2813.89,2798.87,2880.53,2783.66,1.07791049,5.3701125839
801018,2024-09-26,2927.73,2811.0,2933.12,2785.24,0.98118376,5.669083267
801018,2024-09-27,3078.4,2971.15,3095.47,2952.87,1.12485672,6.5899486255
801018,2024-09-30,3367.86,3194.65,3404.44,3145.46,2.43983275,16.1235504551
801018,2024-10-08,3525.8,3758.57,3770.6,3373.81,2.88141495,20.9494201794
801018,2024-10-09,3193.53,3470.85,3483.46,3172.02,2.01413958,14.8051332736
801018,2024-10-10,3196.86,3231.37,3316.22,3159.63,1.40515372,10.120079654
801018,2024-10-11,3055.64,3190.48,3215.21,3010.67,1.28240357,7.890030835399999
801018,2024-10-14,3095.19,3056.91,3117.41,2987.32,1.1673228,6.9491382486
801018,2024-10-15,3016.6,3086.2,3109.8,3008.34,1.08601347,6.5416992270000005
801018,2024-10-16,3012.09,2993.01,3059.36,2960.61,0.8835586,5.3091791914
801018,2024-10-17,2971.37,3026.17,3063.39,2967.5,0.90271718,5.491499113
801018,2024-10-18,3059.32,2970.37,3124.62,2945.79,1.22730283,7.966747070299999
801018,2024-10-21,3074.43,3082.23,3127.64,3023.35,1.21179467,7.5861158351
801018,2024-10-22,3183.88,3072.38,3197.57,3051.8,1.28278983,9.3429494277
801018,2024-10-23,3198.98,3202.9,3255.16,3150.71,1.62498396,11.3483001633
801018,2024-10-24,3232.08,3196.26,3300.9,3181.78,1.51821168,10.6017686273
801018,2024-10-25,3290.63,3225.76,3316.42,3199.09,1.4100789,10.197583785800001
801018,2024-10-28,3443.41,3312.31,3473.47,3282.64,1.78378757,15.0370146947
801018,2024-10-29,3319.09,3448.89,3474.09,3302.83,1.72330648,12.911260096900001
801018,2024-10-30,3294.09,3317.91,3357.68,3250.9,1.07039807,7.6062846111
801018,2024-10-31,3391.21,3297.19,3471.46,3275.88,1.78446924,13.7911247991
801018,2024-11-01,3348.21,3387.4,3435.74,3292.27,1.77527745,11.468188232200001
801018,2024-11-04,3395.01,3333.18,3433.55,3314.15,0.95925282,8.2963403061
801018,2024-11-05,3467.71,3399.29,3496.46,3379.05,1.58550186,10.8329610339
801018,2024-11-06,3551.58,3481.26,3595.29,3422.49,1.79427187,14.5642981624
801018,2024-11-07,3631.38,3543.68,3656.78,3508.52,1.93331585,14.925625903399999
801018,2024-11-08,3586.14,3653.67,3698.25,3537.82,1.95870715,16.4434576598
801018,2024-11-11,3620.94,3562.92,3645.35,3515.41,1.51663474,12.9021380056
801018,2024-11-12,3610.29,3641.42,3727.88,3566.34,2.2779662,14.946321514700001
801018,2024-11-13,3568.47,3588.56,3637.18,3488.37,1.50357671,10.3530047283
801018,2024-11-14,3478.92,3560.51,3601.17,3457.13,1.2697756,8.589352612599999
801018,2024-11-15,3470.35,3458.81,3569.64,3425.89,1.23134022,9.1904004472
801018,2024-11-18,3413.46,3469.28,3524.25,3373.0,1.20431899,9.0924139948
801018,2024-11-19,3486.07,3417.14,3493.66,3369.17,0.99478704,7.424560500399999
801018,2024-11-20,3547.87,3495.28,3567.27,3455.87,1.02194511,7.688786820900001
801018,2024-11-21,3543.03,3542.89,3597.59,3492.95,0.87917153,6.872621872000001
801018,2024-11-22,3385.94,3531.07,3562.78,3380.23,1.00966341,7.3570663947
801018,2024-11-25,3440.96,3391.35,3461.36,3350.91,0.936122,6.427607802200001
801018,2024-11-26,3475.31,3441.39,3548.36,3414.81,0.98702062,8.495723603
801018,2024-11-27,3523.82,3475.83,3529.41,3375.35,0.97587805,8.0951715964
801018,2024-11-28,3516.5,3520.19,3576.21,3488.04,0.87713568,7.3184524764
801018,2024-11-29,3589.2,3515.66,3639.84,3494.3,1.21914248,10.4173394047
801018,2024-12-02,3624.44,3589.07,3662.01,3560.01,1.16248436,9.6849550347
801018,2024-12-03,3638.32,3619.28,3676.84,3580.59,1.04529903,8.5259195962
801018,2024-12-04,3602.99,3620.02,3669.65,3555.5,1.10564703,8.2716097505
801018,2024-12-05,3601.47,3594.7,3634.05,3550.69,0.99053661,6.3427361629
801018,2024-12-06,3619.88,3606.13,3656.34,3545.68,1.23976673,7.6084939584
801018,2024-12-09,3637.64,3625.03,3679.21,3585.01,1.09488253,7.5532503913
801018,2024-12-10,3671.79,3720.9,3789.66,3620.66,1.665313,12.4990860644
801018,2024-12-11,3736.37,3674.79,3773.38,3649.97,1.24864632,10.2148932505
801018,2024-12-12,3788.82,3741.5,3811.81,3696.81,1.39468577,11.0379779974
801018,2024-12-13,3801.04,3790.59,3908.45,3721.14,2.67538892,22.123917961100002
801018,2024-12-16,3728.36,3772.39,3827.58,3693.66,1.61900628,12.7108979822
801018,2024-12-17,3605.4,3737.93,3750.44,3576.31,1.47693856,9.980479276699999
801018,2024-12-18,3573.71,3602.52,3635.76,3550.92,0.91092926,6.3172303042
801018,2024-12-19,3585.11,3551.12,3611.96,3496.77,1.11532878,7.5551735999
801018,2024-12-20,3585.88,3594.37,3644.56,3554.42,0.89639035,6.098268462
801018,2024-12-23,3449.53,3592.51,3622.29,3437.92,1.05097684,8.0059985
801018,2024-12-24,3454.43,3444.24,3493.25,3419.96,0.77881544,4.9116999882
801018,2024-12-25,3400.95,3459.53,3475.16,3358.8,0.77601049,5.0577327984
801018,2024-12-26,3444.75,3402.41,3480.85,3377.92,0.83756477,5.906102463
801018,2024-12-27,3517.9,3453.32,3559.24,3421.44,0.85286846,6.831189291
801018,2024-12-30,3489.85,3517.04,3544.87,3435.01,0.83542376,6.4996262324
801018,2024-12-31,3418.63,3494.24,3542.53,3399.3,0.86401568,6.9846663886
801018,2025-01-02,3356.7,3430.63,3512.09,3327.25,0.9824296,9.727382653
801018,2025-01-03,3260.36,3355.87,3412.37,3239.18,0.87328906,7.7410649415999995
801018,2025-01-06,3250.65,3276.96,3338.23,3190.89,0.77267753,6.327522339
801018,2025-01-07,3249.38,3252.74,3293.39,3186.37,0.6531508,4.9135041858
801018,2025-01-08,3195.4,3241.4,3269.55,3122.67,0.69650467,5.4398673324
801018,2025-01-09,3209.8,3181.39,3254.76,3151.5,0.51555719,4.133791799
801018,2025-01-10,3111.78,3201.4,3227.71,3110.9,0.56786278,3.8003214226999997
801018,2025-01-13,3112.68,3083.92,3132.23,3042.03,0.48520438,3.1254736619
801018,2025-01-14,3208.13,3121.93,3214.16,3108.31,0.68782356,4.9642873023
801018,2025-01-15,3227.9,3204.26,3259.13,3165.66,0.58059239,4.3343810166
801018,2025-01-16,3219.58,3249.52,3330.43,3199.48,0.90107206,6.4772900274000005
801018,2025-01-17,3275.29,3224.29,3306.75,3173.24,0.62389583,4.883906424
801018,2025-01-20,3287.86,3281.99,3345.46,3236.24,1.07078177,7.0266046952
801018,2025-01-21,3200.36,3293.9,3310.38,3171.96,0.77794771,5.6665689052
801018,2025-01-22,3206.87,3196.5,3238.4,3144.6,0.71096381,4.8421888788
801018,2025-01-23,3202.55,3226.75,3277.37,3193.5,0.6117565,4.2628363124
801018,2025-01-24,3252.48,3221.81,3284.69,3179.74,0.75768459,5.1470868522
801018,2025-01-27,3288.68,3253.99,3350.01,3236.94,0.7242761,4.789502662
801018,2025-02-05,3269.63,3317.42,3354.31,3240.03,0.76365713,4.901296024700001
801018,2025-02-06,3258.49,3271.23,3294.6,3196.23,0.78040988,6.251483556799999
801018,2025-02-07,3265.77,3253.18,3308.11,3223.94,0.94951217,7.532330375599999
801018,2025-02-10,3292.6,3271.54,3318.31,3244.7,0.80194677,6.532126503
801018,2025-02-11,3270.37,3290.3,3311.06,3237.26,0.67630513,5.1519574098000005
801018,2025-02-12,3261.32,3264.57,3288.67,3226.22,0.61010175,4.586444575
801018,2025-02-13,3274.98,3259.69,3320.0,3239.4,0.78272198,6.5355950938
801018,2025-02-14,3369.48,3278.9,3399.89,3252.75,1.00740369,10.0457595376
801018,2025-02-17,3327.04,3362.14,3391.63,3299.77,0.97689647,8.9183654306
801018,2025-02-18,3242.95,3322.29,3331.48,3226.67,0.81921518,6.630030895
801018,2025-02-19,3263.74,3238.86,3272.89,3213.27,0.61381187,4.7127743434
801018,2025-02-20,3286.93,3262.04,3317.72,3238.65,0.69576127,5.1780265413
801018,2025-02-21,3254.07,3289.72,3320.37,3211.62,0.87941722,6.572046665399999
801018,2025-02-24,3277.79,3261.11,3320.21,3233.47,0.85968978,6.7734010049
801018,2025-02-25,3217.75,3260.39,3268.8,3203.4,0.72797135,5.5267425232
801018,2025-02-26,3241.49,3223.14,3254.51,3199.73,0.60942894,4.7396238049
801018,2025-02-27,3252.59,3251.75,3281.84,3206.87,0.73816785,6.0617306838
801018,2025-02-28,3214.38,3240.08,3273.01,3188.24,0.78440513,5.897155317999999
801018,2025-03-03,3297.72,3218.87,3337.19,3192.78,1.32310487,10.4285098392
801018,2025-03-04,3326.5,3284.98,3356.71,3253.36,0.82327028,6.537866052
801018,2025-03-05,3274.56,3336.19,3347.71,3246.69,0.79641693,5.507498786799999
801018,2025-03-06,3321.56,3287.6,3342.59,3257.02,0.94451314,6.6651863551
801018,2025-03-07,3311.2,3321.1,3357.71,3283.5,0.77681816,5.836017497
801018,2025-03-10,3335.59,3330.54,3375.9,3292.84,0.79827173,5.830647052100001
801018,2025-03-11,3390.07,3321.17,3411.38,3290.47,0.90669247,7.9975308945000005
801018,2025-03-12,3366.93,3391.65,3418.95,3348.23,0.66589909,5.6762990905
801018,2025-03-13,3397.37,3370.03,3431.25,3340.54,0.81723155,7.0876150325
801018,2025-03-14,3449.89,3395.16,3477.13,3384.84,1.03637487,8.5643021833
801018,2025-03-17,3506.42,3466.8,3520.1,3431.16,1.10097898,8.7125098027
801018,2025-03-18,3496.69,3507.13,3541.79,3467.14,0.90106824,6.9443603221000005
801018,2025-03-19,3484.02,3495.38,3529.49,3453.32,0.70989593,6.1152244817999994
801018,2025-03-20,3476.93,3484.15,3514.1,3442.91,0.70898493,5.6246422156
801018,2025-03-21,3441.49,3479.33,3517.88,3415.43,0.92456049,7.5871644289999995
801018,2025-03-24,3372.24,3451.56,3469.13,3325.81,0.95892711,7.5022622535000005
801018,2025-03-25,3458.83,3385.12,3470.52,3352.24,0.87491309,8.2147217177
801018,2025-03-26,3551.88,3470.16,3636.37,3458.17,1.52393727,15.4967839298
801018,2025-03-27,3600.13,3565.84,3658.6,3524.96,1.69827166,14.9068620331
801018,2025-03-28,3587.75,3602.51,3682.7,3543.51,2.10072047,21.0109559825
801018,2025-03-31,3474.98,3555.42,3593.63,3412.5,1.9422578,16.629819885499998
801018,2025-04-01,3603.8,3475.62,3683.1,3456.09,1.7773387,18.078619031
801018,2025-04-02,3605.53,3611.84,3668.24,3547.41,2.05619492,21.0008602955
801018,2025-04-03,3797.2,3625.3,3860.17,3608.14,2.12160838,28.619613395300004
801018,2025-04-07,3538.44,3729.45,3852.37,3480.02,2.83990164,36.0974422115
801018,2025-04-08,3776.41,3577.36,3811.9,3530.46,3.01017298,38.316309764
801018,2025-04-09,3774.19,3742.55,3834.13,3569.58,2.74911655,31.846505113200003
801018,2025-04-10,3859.43,3730.69,3935.53,3672.54,5.54011496,54.303050697299994
801018,2025-04-11,3791.25,3797.39,3887.15,3693.08,3.55760346,35.9189618986
801018,2025-04-14,3797.43,3769.5,3886.19,3720.15,3.89724885,37.142213984899996
801018,2025-04-15,3735.58,3785.72,3837.61,3678.37,3.09124885,31.433422091
801018,2025-04-16,3613.9,3718.25,3741.54,3543.3,3.08822893,27.101672399499996
801018,2025-04-17,3581.17,3578.05,3653.69,3538.34,2.32257358,20.3751367386
801018,2025-04-18,3505.69,3580.1,3604.94,3478.19,1.93179775,18.3583451655
801018,2025-04-21,3571.04,3497.34,3612.59,3469.69,1.73662999,15.5319143285
801018,2025-04-22,3607.93,3553.07,3659.39,3523.27,2.39530967,21.8996793684
801018,2025-04-23,3554.78,3593.98,3643.01,3531.54,1.90960847,17.0369587267
801018,2025-04-24,3630.56,3534.96,3711.88,3514.79,2.68949708,23.681594482199998
801018,2025-04-25,3695.62,3621.98,3757.29,3588.8,2.26463833,20.7909772838
801018,2025-04-28,3603.2,3694.84,3719.68,3584.2,2.11350695,17.5992127669
801018,2025-04-29,3747.03,3614.15,3791.09,3590.01,2.012009,20.6550039113
801018,2025-04-30,3706.74,3764.88,3807.96,3672.33,1.90575078,17.9386171982
801018,2025-05-06,3766.66,3736.66,3789.82,3687.47,1.79665418,18.1977685656
801018,2025-05-07,3789.03,3801.59,3862.25,3740.2,2.64161438,22.6043151827
801018,2025-05-08,3812.19,3777.2,3842.32,3732.74,2.14764666,20.4117913227
801018,2025-05-09,3811.97,3841.91,3926.95,3778.96,1.82642305,17.655837808199998
801018,2025-05-12,3887.2,3824.03,3917.68,3792.9,1.58258268,16.2255330339
801018,2025-05-13,3880.53,3914.69,3935.92,3839.48,1.3778,14.4961117517
801018,2025-05-14,3949.21,3886.68,3987.77,3860.38,2.34228141,22.230895158600003
801018,2025-05-15,4040.84,3969.47,4130.96,3905.62,4.24895753,43.037613335100005
801018,2025-05-16,4092.36,4020.41,4147.07,3948.97,3.12843948,32.4733633491
801018,2025-05-19,4127.29,4100.18,4185.91,4001.16,2.81410423,28.9802991401
801018,2025-05-20,4326.25,4136.76,4448.8,4105.87,3.81985314,46.4317796408
801018,2025-05-21,4274.31,4296.98,4400.91,4217.04,3.4763148,41.3874993129
801018,2025-05-22,4161.83,4270.17,4334.03,4132.73,2.81510607,31.9272287088
801018,2025-05-23,4081.51,4148.2,4217.09,4076.19,2.07641937,23.4134961279
801018,2025-05-26,4099.93,4083.79,4161.91,4025.19,1.68776687,17.6112037722
801018,2025-05-27,4213.71,4103.17,4250.36,4075.27,1.80294175,24.0674276467
801018,2025-05-28,4145.84,4226.65,4258.62,4102.34,1.90102367,21.3701834628
801018,2025-05-29,4134.2,4123.6,4180.36,4072.61,1.55960209,16.9368563108
801018,2025-05-30,4119.81,4124.04,4199.88,4092.46,1.40260343,14.1834452163
801018,2025-06-03,4204.32,4093.79,4255.41,4066.48,1.65908518,17.0179386229
801018,2025-06-04,4267.78,4204.17,4291.47,4154.49,1.47547241,15.8035669088
801018,2025-06-05,4109.76,4270.29,4303.38,4060.34,1.93190929,24.8916844
801018,2025-06-06,4057.61,4097.55,4140.44,4018.03,1.61311813,17.8367265721
801018,2025-06-09,4095.84,4047.6,4147.56,4025.92,1.48777833,15.1774818312
801018,2025-06-10,4152.7,4089.31,4217.62,4054.18,2.67325621,24.4645426668
801018,2025-06-11,4168.95,4143.1,4214.18,4121.62,1.96651342,17.846082651
801018,2025-06-12,4141.88,4157.59,4209.75,4090.42,1.98367986,17.707239883
801018,2025-06-13,4103.54,4126.23,4230.52,4039.63,2.88157492,25.330360679899997
801018,2025-06-16,4095.14,4099.03,4142.8,4021.74,1.74397989,14.379122898299999
801018,2025-06-17,4106.15,4093.13,4199.82,4051.16,1.73656017,15.0743311106
801018,2025-06-18,4056.91,4097.38,4137.65,4001.76,1.72880889,13.986000888800001
801018,2025-06-19,3995.82,4046.66,4091.3,3952.14,1.51058361,12.304036117799999
801018,2025-06-20,4010.54,4000.1,4069.4,3958.3,1.33358518,10.2625285654
801018,2025-06-23,4142.0,4013.85,4153.48,3983.3,2.19543032,17.680996873399998
801018,2025-06-24,4208.68,4159.59,4249.92,4137.61,2.11816539,18.1629955857
801018,2025-06-25,4189.15,4227.2,4293.9,4149.95,1.92298839,16.2524653595
801018,2025-06-26,4102.15,4164.17,4181.09,4075.5,1.34944017,12.8198357477
801018,2025-06-27,4136.12,4106.95,4171.2,4083.61,1.08306888,10.5912382157
801018,2025-06-30,4133.51,4107.04,4212.72,4074.31,2.2509572,15.8850803263
801018,2025-07-01,4144.8,4135.2,4191.64,4095.42,1.79325369,14.48335631
801018,2025-07-02,4120.49,4138.8,4171.39,4066.33,2.358037,17.312982385399998
801018,2025-07-03,4140.88,4121.04,4166.28,4086.27,1.69743305,13.246053780799999
801018,2025-07-04,4133.04,4142.1,4175.83,4086.32,1.61772316,12.822812098699998
801018,2025-07-07,4155.63,4144.64,4271.17,4100.57,2.54501783,20.1722976301
801018,2025-07-08,4204.7,4165.08,4249.67,4131.79,2.88022537,20.8657889144
801018,2025-07-09,4142.7,4196.4,4237.56,4129.51,2.36871697,16.9019202571
801018,2025-07-10,4150.44,4147.33,4198.35,4088.41,2.27366855,17.0925645486
801018,2025-07-11,4168.6,4145.83,4204.85,4115.93,1.62336155,13.0193668821
801018,2025-07-14,4173.17,4164.11,4208.38,4121.14,1.5960742,13.1123204384
801018,2025-07-15,4158.65,4163.92,4259.12,4089.52,2.19654099,19.8107857901
801018,2025-07-16,4357.61,4151.49,4387.57,4118.37,2.92035143,29.6122291993
801018,2025-07-17,4501.53,4380.6,4533.9,4342.9,2.91292754,29.151946948400003
801018,2025-07-18,4382.32,4500.34,4516.03,4318.55,2.80933912,26.0540577844
801018,2025-07-21,4396.23,4380.8,4458.59,4348.5,2.04494456,18.53356271
801018,2025-07-22,4343.26,4389.05,4420.09,4314.94,2.11706797,18.4500357109
801018,2025-07-23,4320.26,4337.84,4395.38,4291.35,1.58104462,15.1924414135
801018,2025-07-24,4355.54,4311.25,4374.68,4283.86,1.60606418,14.877875948900002
801018,2025-07-25,4418.33,4340.38,4481.98,4312.51,2.48722199,24.9109478673
801018,2025-07-28,4450.9,4439.93,4562.03,4400.21,2.40935195,23.1564761695
801018,2025-07-29,4420.42,4445.46,4504.66,4359.27,1.92307914,17.0983123119
801018,2025-07-30,4382.38,4403.96,4457.78,4329.41,1.79529753,17.3731952495
801018,2025-07-31,4356.83,4403.47,4469.68,4321.84,2.13397682,23.1662733484
801018,2025-08-01,4416.1,4367.21,4500.52,4334.31,2.27665253,24.5228466061
801018,2025-08-04,4456.56,4398.64,4489.08,4313.5,2.15389249,21.704580753000002
801018,2025-08-05,4518.61,4457.5,4576.53,4427.51,2.64303882,23.8599950746
801018,2025-08-06,4506.94,4517.37,4573.08,4440.51,2.38009501,23.296242880300003
801018,2025-08-07,4479.86,4500.11,4560.13,4434.68,2.26662979,20.828192591700002
801018,2025-08-08,4508.27,4469.27,4581.57,4410.19,1.99141206,18.5705479202
801018,2025-08-11,4560.05,4519.37,4607.55,4493.43,1.940759,19.7064579143
801018,2025-08-12,4517.06,4560.28,4619.18,4475.12,2.0348364,19.252744349300002
801018,2025-08-13,4493.11,4523.08,4557.78,4457.12,1.87913572,17.5833459983
801018,2025-08-14,4397.36,4491.3,4528.83,4386.05,1.7439112,16.4625310178
801018,2025-08-15,4581.3,4401.5,4610.44,4392.67,2.26064634,22.943715904
801018,2025-08-18,4675.73,4626.99,4746.01,4582.91,2.6859278,26.745096207
801018,2025-08-19,4825.94,4745.28,4908.26,4697.07,3.15322552,28.974243086199998
801018,2025-08-20,4845.48,4808.59,4951.23,4722.46,3.42436904,33.4935804162
801018,2025-08-21,4773.28,4859.15,4927.4,4737.36,2.99139558,26.728242576
801018,2025-08-22,4736.87,4791.72,4824.79,4684.53,2.36426351,21.460701568599998
801018,2025-08-25,4794.9,4741.65,4840.67,4686.78,2.48200949,25.5408306305
801018,2025-08-26,4767.76,4799.07,4881.4,4721.03,2.15674366,25.4843214686
801018,2025-08-27,4641.62,4781.14,4825.5,4626.88,2.34128557,24.010760917600003
801018,2025-08-28,4598.93,4639.42,4695.92,4477.95,2.25953478,22.416342848699998
801018,2025-08-29,4578.26,4604.3,4657.2,4545.64,1.45339563,14.670033843299999
801018,2025-09-01,4638.29,4599.0,4707.79,4534.36,2.30099728,21.8878564854
801018,2025-09-02,4507.65,4638.77,4652.34,4466.91,2.0285175,18.3961518731
801018,2025-09-03,4405.17,4519.05,4544.26,4386.48,1.40066752,12.7759124432
801018,2025-09-04,4397.77,4417.35,4489.28,4342.36,1.36042341,13.2060805641
801018,2025-09-05,4447.62,4418.89,4453.74,4334.21,1.19090778,11.359145441199999
801018,2025-09-08,4533.45,4457.82,4565.86,4426.77,1.44021919,14.9169527496
801018,2025-09-09,4453.41,4520.35,4561.34,4429.96,1.14065325,11.9084696718
801018,2025-09-10,4435.38,4451.71,4485.08,4397.95,0.93104,9.0513759575
801018,2025-09-11,4477.02,4425.51,4493.41,4365.07,1.25358636,11.552766161600001
801018,2025-09-12,4463.88,4476.06,4519.58,4424.77,1.14929748,10.7831274877
801018,2025-09-15,4543.4,4468.8,4601.8,4421.04,1.71672097,15.9011357627
801018,2025-09-16,4533.72,4533.62,4580.23,4464.43,1.36793445,12.723852078
801018,2025-09-17,4514.55,4529.5,4584.47,4466.14,1.19256483,11.721870658499999
801018,2025-09-18,4490.02,4524.56,4607.21,4433.92,1.81602,17.4975838198
801018,2025-09-19,4472.98,4492.0,4555.51,4428.57,1.26516405,12.398165539
801018,2025-09-22,4461.4,4468.83,4548.56,4392.08,1.35111303,12.153303044500001
801018,2025-09-23,4375.2,4460.03,4479.84,4292.82,1.3126273,12.2056288774
801018,2025-09-24,4388.04,4369.1,4432.6,4332.9,0.8855352,8.6108203527
801018,2025-09-25,4316.35,4391.84,4415.81,4299.21,0.94826905,8.9893619634
801018,2025-09-26,4405.39,4306.01,4479.98,4264.65,1.79258084,17.502422549200002
801018,2025-09-29,4433.04,4411.47,4459.26,4328.75,1.23450262,11.587968717999999
801018,2025-09-30,4475.77,4439.18,4515.49,4411.24,1.05558366,10.2279190464
801018,2025-10-09,4482.59,4485.47,4518.24,4406.66,1.26057314,11.5702267052
801018,2025-10-10,4588.98,4477.41,4668.79,4443.71,1.96343271,18.3597487473
801018,2025-10-13,4662.36,4484.58,4691.08,4464.5,2.16089641,19.6878956161
801018,2025-10-14,4636.9,4674.27,4756.23,4577.25,1.81384919,17.4086781111
801018,2025-10-15,4720.36,4640.48,4748.58,4598.25,1.54196628,15.828785461199999
801018,2025-10-16,4669.81,4726.22,4779.01,4628.99,1.38879695,14.7321412317
801018,2025-10-17,4654.52,4674.35,4816.06,4610.69,1.97112383,19.615312205
801018,2025-10-20,4691.17,4675.2,4773.62,4626.55,1.68363121,15.2985292644
801018,2025-10-21,4676.94,4681.52,4764.09,4606.06,1.39787321,13.8014835723
801018,2025-10-22,4667.84,4670.37,4741.33,4629.22,1.11318848,10.939732961199999
801018,2025-10-23,4616.28,4650.84,4696.93,4535.72,1.25615835,11.882670226300002
801018,2025-10-24,4636.32,4617.66,4695.11,4566.71,1.04896524,10.0364361008
801018,2025-10-27,4721.18,4682.22,4816.19,4630.24,1.92288761,20.0134180499
801018,2025-10-28,4683.46,4736.28,4808.0,4629.86,1.75981023,17.8596981307
801018,2025-10-29,4713.47,4690.4,4770.78,4629.06,1.37314787,13.955377305499999
801018,2025-10-30,4593.68,4670.72,4705.61,4570.06,1.85952188,16.606507503
801018,2025-10-31,4663.83,4588.82,4711.7,4574.8,1.24680132,13.05482763
801018,2025-11-03,4637.51,4665.55,4715.43,4588.44,1.24538801,12.6196620206
801018,2025-11-04,4588.81,4634.95,4655.82,4549.65,1.03680381,10.6899679714
801018,2025-11-05,4568.52,4564.85,4623.3,4509.68,1.11721237,10.3532511188
801018,2025-11-06,4579.77,4573.93,4599.63,4529.02,0.87189603,8.3637496466
801018,2025-11-07,4604.89,4579.39,4655.61,4548.48,0.94636357,8.778570284299999
801018,2025-11-10,4649.99,4620.23,4692.26,4586.09,1.07179722,10.5790301975
801018,2025-11-11,4694.53,4674.7,4725.27,4614.71,1.04105932,9.8675560847
801018,2025-11-12,4697.56,4701.85,4750.48,4634.86,1.15687184,12.2224881467
801018,2025-11-13,4849.57,4706.27,4869.22,4639.47,1.95170493,20.1300404835
801018,2025-11-14,4892.15,4864.15,4966.09,4845.56,1.64361896,18.3777585745
801018,2025-11-17,4879.94,4909.3,4962.82,4835.88,1.41228862,13.747624045799999
801018,2025-11-18,4862.59,4896.42,4930.38,4829.4,1.16122118,10.9161273408
801018,2025-11-19,4842.56,4882.34,4909.1,4752.05,1.13623329,14.555481475899999
801018,2025-11-20,4853.91,4852.92,4938.89,4779.47,2.10225636,17.8862284967
801018,2025-11-21,4658.42,4798.98,4841.97,4633.74,2.09806672,16.748491047599998
801018,2025-11-24,4648.87,4655.56,4719.68,4581.73,1.53954903,11.94582792
801018,2025-11-25,4770.31,4673.81,4803.44,4653.67,1.43825163,11.8529522128
801018,2025-11-26,4818.82,4772.84,4899.06,4750.1,1.86005643,13.687763130799999
801018,2025-11-27,4808.39,4816.11,4896.9,4737.75,1.73558471,14.6879330566
801018,2025-11-28,4791.09,4784.24,4836.85,4739.72,1.12856821,9.0619868902
801018,2025-12-01,4773.17,4801.25,4854.83,4750.23,1.2231768,10.7994796675
801018,2025-12-02,4750.87,4765.0,4830.59,4698.16,1.06936284,10.1442496142
801018,2025-12-03,4780.98,4764.82,4867.71,4688.08,1.4615821,13.5322330836
801018,2025-12-04,4790.05,4800.68,4856.89,4713.1,1.4592832,13.392965968299999
801018,2025-12-05,4853.67,4778.9,4902.36,4708.6,1.4917216,15.211378941900001
801018,2025-12-08,4972.99,4865.21,5053.86,4815.41,1.92573753,19.2001326838
801018,2025-12-09,4925.29,4943.4,5026.15,4892.58,1.32889082,14.0306957844
801018,2025-12-10,4924.8,4926.3,4967.31,4825.3,1.17017227,12.4924092434
801018,2025-12-11,4902.67,4927.32,5018.14,4834.59,1.99354444,20.6754398899
801018,2025-12-12,5024.24,4916.14,5056.7,4840.34,1.83092914,21.935015113000002
801018,2025-12-15,5040.69,5023.11,5138.63,4923.44,1.42473339,17.297853603900002
801018,2025-12-16,5142.04,5023.51,5217.38,4956.33,1.43242186,18.4302091399
801018,2025-12-17,4966.52,5121.48,5207.3,4908.42,1.69511248,22.2642677668
801018,2025-12-18,4971.88,4783.89,5056.59,4770.12,1.5592136,19.477836917
801018,2025-12-19,4985.72,4985.75,5069.84,4899.46,1.31078609,15.9902288839
801018,2025-12-22,5121.56,5003.39,5175.61,4963.99,1.50568958,19.5666276833
801018,2025-12-23,5178.09,5130.15,5244.22,5077.26,1.32135904,17.5416396641
801018,2025-12-24,5022.95,5175.27,5193.58,4954.37,1.65836819,22.8064171157
801018,2025-12-25,5047.54,5028.61,5094.46,4951.7,1.05144669,12.7318822
801018,2025-12-26,4989.63,5045.96,5064.61,4965.6,0.96495787,10.948356538499999
801018,2025-12-29,4966.15,5010.38,5101.3,4912.93,1.09872002,13.432716407400001
801018,2025-12-30,4916.42,4946.24,5007.08,4879.08,1.19835888,11.844073721300001
801018,2025-12-31,4909.94,4920.66,4962.5,4839.83,0.86147587,9.3499817544
801018,2026-01-05,5113.94,4925.7,5163.94,4907.9,1.66501033,18.807917094300002
801018,2026-01-06,5145.57,5139.26,5203.43,5068.15,1.35207317,14.8171344503
801018,2026-01-07,5154.5,5161.94,5223.25,5109.12,1.16266478,13.1937902957
801018,2026-01-08,5226.15,5167.18,5310.39,5118.17,1.47098346,18.5800647973
801018,2026-01-09,5334.16,5265.69,5377.08,5210.82,1.56172434,20.946667219200002
801018,2026-01-12,5317.14,5364.71,5397.54,5246.14,1.66154549,21.836556426999998
801018,2026-01-13,5374.11,5331.37,5507.75,5284.44,2.12307442,27.117438221999997
801018,2026-01-14,5351.18,5328.97,5449.28,5209.3,2.06467421,26.5746740908
801018,2026-01-15,5328.48,5338.39,5410.71,5259.04,1.32469143,16.790362241500002
801018,2026-01-16,5397.76,5345.68,5474.11,5307.58,1.41578078,19.5304098469
801018,2026-01-19,5568.29,5421.83,5664.89,5361.74,2.13320137,29.9954691594
801018,2026-01-20,5538.45,5570.15,5683.32,5448.42,1.86145776,28.4329188765
801018,2026-01-21,5497.15,5528.08,5664.5,5401.39,1.9625489,29.2893244464
801018,2026-01-22,5545.08,5496.32,5597.41,5433.88,1.94054864,22.923739157600004
801018,2026-01-23,5516.87,5556.62,5624.54,5480.11,2.63865576,23.595909885900003
801018,2026-01-26,5807.76,5574.16,5864.12,5521.93,4.51968477,49.843328838400005
801018,2026-01-27,5685.35,5755.59,5864.77,5558.52,3.44479818,43.4678723498
801018,2026-01-28,5687.94,5718.89,5776.27,5522.86,2.47688071,32.4637515894
801018,2026-01-29,5579.49,5639.96,5688.62,5501.74,2.15664406,26.2766445775
801018,2026-01-30,5547.68,5574.57,5693.3,5460.51,1.89696782,25.9468492276
801018,2026-02-02,5226.01,5493.25,5564.05,5206.4,2.09903336,28.3241626345
801018,2026-02-03,5280.0,5280.28,5338.52,5133.33,1.30715465,17.6676426675
801018,2026-02-04,5214.36,5277.1,5304.58,5131.0,1.29000494,17.264605684
801018,2026-02-05,5176.65,5210.25,5263.07,5135.29,1.06222304,14.445528171600001
801018,2026-02-06,5163.46,5148.16,5266.98,5119.72,0.98706475,14.1458278877
801018,2026-02-09,5160.33,5197.81,5232.11,5116.54,1.00924192,13.4759774002
801018,2026-02-10,5190.88,5160.88,5268.65,5119.69,1.19418571,13.4774821253
801018,2026-02-11,5209.4,5189.31,5284.33,5158.54,0.89178601,10.6042991696
801018,2026-02-12,5172.02,5216.63,5243.8,5123.1,0.87115363,9.8100066636
801018,2026-02-13,5127.05,5171.36,5246.38,5109.14,0.75474037,9.3680522018
801018,2026-02-24,5244.38,5181.55,5307.38,5156.78,1.00407854,12.1952833854
801018,2026-02-25,5315.13,5261.32,5385.06,5222.88,1.15258646,13.125419314
801018,2026-02-26,5354.5,5340.06,5394.71,5251.96,1.24124855,12.7282502049
801018,2026-02-27,5366.27,5360.38,5438.99,5310.88,2.27089265,19.0481347726
801018,2026-03-02,5223.93,5300.79,5361.22,5186.72,1.82314263,17.6927872255
801018,2026-03-03,5033.02,5220.4,5298.75,5013.53,1.62758983,16.8901941601
801018,2026-03-04,5006.54,5008.13,5119.3,4962.8,1.49527533,14.800847709100001
801018,2026-03-05,4981.1,5062.94,5114.4,4943.58,1.26723727,13.067987341099998
801018,2026-03-06,5127.14,4977.4,5160.86,4946.18,1.18322648,13.143800049200001
801018,2026-03-09,5077.22,5091.86,5147.64,5004.26,1.07951647,11.7374408296
801018,2026-03-10,5137.46,5106.44,5181.82,5080.86,0.88533836,9.3902594208
801018,2026-03-11,5078.53,5136.27,5174.82,5050.97,0.81952519,8.584662870399999
801018,2026-03-12,5138.91,5080.66,5190.26,5026.24,1.531937,14.042203796099999
801018,2026-03-13,5144.75,5113.81,5241.16,5086.75,1.20281039,12.099186550599999
801018,2026-03-16,5191.46,5127.13,5242.14,5089.12,1.31977331,15.630424143199999
801018,2026-03-17,5105.43,5200.73,5256.03,5085.36,1.20754247,12.761189401600001
801018,2026-03-18,5263.13,5117.81,5285.17,5063.55,1.23609319,15.6931940494
801018,2026-03-19,4993.46,5198.65,5248.36,4954.63,1.50775145,18.6238344573
801018,2026-03-20,4874.33,4980.6,5024.95,4834.0,1.18341497,12.7230895691
801018,2026-03-23,4500.62,4791.04,4820.69,4479.3,1.70999231,17.478558592
801018,2026-03-24,4643.72,4596.57,4666.64,4503.13,1.09195045,11.284238935
801018,2026-03-25,4705.42,4660.15,4749.32,4634.1,0.79706238,8.0561302125
801018,2026-03-26,4666.2,4696.53,4772.17,4630.33,0.72637392,7.4674495608
801018,2026-03-27,4782.07,4623.95,4816.36,4607.8,0.85100222,9.1785937825
801018,2026-03-30,4817.56,4753.17,4880.37,4696.09,0.74922628,8.6786610301
801018,2026-03-31,4767.34,4800.44,4908.28,4737.87,0.75654888,8.7294487957
801018,2026-04-01,4874.43,4828.19,4897.3,4772.56,0.74134766,8.6241033272
801018,2026-04-02,4967.94,4864.9,5052.39,4835.6,1.8674071,20.3650399196
801018,2026-04-03,4823.69,4949.08,4985.73,4770.84,1.34930418,14.7428341631
801018,2026-04-07,5063.65,4840.87,5184.35,4789.75,2.4574935,26.3034450482
801018,2026-04-08,5069.69,5091.1,5169.71,4977.69,2.41041741,26.198223706700002
801018,2026-04-09,4998.51,5041.13,5125.59,4964.8,1.53802004,16.5125689925
801018,2026-04-10,4980.67,5037.94,5111.56,4943.1,1.56693794,15.8200017478
801018,2026-04-13,4883.16,4935.83,4972.47,4837.13,1.19417076,12.350869369000002
801018,2026-04-14,4985.54,4907.32,5023.22,4848.76,1.25442576,13.7692512226
801018,2026-04-15,5032.99,4996.93,5095.48,4921.09,1.34971297,18.4101083843
801018,2026-04-16,5016.19,5028.59,5091.64,4961.19,1.09222414,14.5148996144
801018,2026-04-17,4988.11,4999.89,5064.23,4947.51,1.08410172,13.200951831
801018,2026-04-20,4953.64,5002.22,5035.05,4911.12,0.90180732,11.170933463599999
801018,2026-04-21,4918.33,4949.78,4972.45,4877.22,0.768907,9.0456140894
801018,2026-04-22,4891.14,4898.25,4954.45,4855.83,0.88144158,9.5892968072
801018,2026-04-23,4819.81,4871.22,4902.17,4784.05,0.90268726,9.1413250866
801018,2026-04-24,4775.74,4805.66,4842.04,4726.15,0.75232561,8.264824766
801018,2026-04-27,4762.36,4778.92,4826.16,4702.17,0.72968056,9.4291608968
801018,2026-04-28,4752.78,4756.84,4827.09,4691.73,0.79948449,10.318798407400001
801018,2026-04-29,4810.32,4757.04,4852.66,4711.37,0.99203234,11.506595689300001
801018,2026-04-30,4855.17,4805.64,4906.27,4761.56,0.8925153,10.274786516499999
801018,2026-05-06,4856.77,4886.12,4953.7,4816.69,1.07472404,11.8480093853
801018,2026-05-07,4879.07,4867.52,4935.35,4807.23,1.03984251,11.059495534100002
801018,2026-05-08,4896.48,4886.54,4949.21,4851.15,0.89730985,10.7215874717
801018,2026-05-11,4949.6,4900.71,4998.56,4818.57,1.28466982,13.379721334200001
801018,2026-05-12,4881.98,4949.84,4990.96,4837.26,1.08990158,11.3220531974
801018,2026-05-13,4785.74,4889.02,4951.63,4730.65,1.12560231,13.787269300699998
801018,2026-05-14,4700.53,4824.48,4839.2,4657.19,0.89606865,12.3479868195
801018,2026-05-15,4773.34,4722.02,4882.37,4636.77,1.37671676,18.4948083074
801018,2026-05-18,4664.74,4799.55,4826.42,4604.21,1.17188966,14.631157529400001
801018,2026-05-19,4679.79,4682.96,4750.8,4629.73,0.6514874,7.9005713546
801018,2026-05-20,4629.3,4672.46,4699.53,4574.1,0.8031383,7.8943329241999995
801018,2026-05-21,4495.59,4636.05,4683.18,4479.7,0.86721904,9.1568372678
801018,2026-05-22,4434.4,4496.59,4546.61,4400.27,0.73982883,7.9247173197
801018,2026-05-25,4395.56,4434.14,4472.62,4298.99,0.78798727,9.5299443044
801018,2026-05-26,4299.38,4384.48,4417.57,4255.41,0.65166748,7.0982497099
801018,2026-05-27,4203.31,4292.6,4338.01,4164.3,0.69305471,7.2026771192
801018,2026-05-28,4191.91,4266.5,4330.62,4141.22,1.09779774,9.7712915438
801018,2026-05-29,4101.51,4177.61,4237.77,4068.79,1.23045555,10.621819260399999
801018,2026-06-01,4174.01,4111.5,4240.67,4074.59,0.90504809,8.7941820501
801018,2026-06-02,4088.07,4182.09,4235.83,4047.25,0.839588,7.6520663814
801018,2026-06-03,4054.9,4085.44,4144.25,4001.59,0.75482748,6.5507464738
801018,2026-06-04,3982.25,4082.04,4105.43,3957.08,0.7454247,6.772008187000001
801018,2026-06-05,3972.22,3986.81,4030.79,3923.91,0.64802221,6.1987258575999995
801018,2026-06-08,3992.82,3933.81,4084.56,3859.49,0.94822919,9.961648929099999
801018,2026-06-09,4049.9,4027.76,4132.01,3958.79,0.91457121,9.1817332077
801018,2026-06-10,4105.83,4023.81,4145.86,3977.9,1.83948641,11.447902983499999
801018,2026-06-11,4031.3,4064.27,4114.02,3971.26,1.38668812,8.880980858500001
801018,2026-06-12,4137.3,4043.82,4187.79,3990.26,1.11122098,9.4100653424
801018,2026-06-15,4204.96,4164.03,4243.57,4117.52,1.27843091,10.04450726
801018,2026-06-16,4202.31,4178.54,4249.52,4116.9,1.6126599,10.565600386
801018,2026-06-17,4127.74,4201.58,4238.8,4070.82,2.15761729,12.827377671099999
801018,2026-06-18,4137.32,4152.63,4204.88,4079.98,1.00122118,7.876045041
801018,2026-06-22,4135.31,4172.61,4220.94,3944.64,3.10238847,19.236967913
801018,2026-06-23,4215.34,4160.63,4305.64,4094.37,2.75391494,17.653219239200002
801018,2026-06-24,4221.7,4211.33,4334.8,4110.06,2.79828852,18.4791888716
801018,2026-06-25,4187.63,4191.35,4287.58,4071.83,2.63675519,16.91025771
801018,2026-06-26,4087.15,4173.7,4245.45,4031.68,3.09623573,20.8410148127
801018,2026-06-29,4153.75,4082.86,4266.46,3941.71,2.71988411,19.4837326905
801018,2026-06-30,4061.94,4142.09,4195.68,3992.91,2.46891747,16.9149998191
801018,2026-07-01,4143.64,4039.92,4207.4,3971.42,2.36776981,16.6214495909
801018,2026-07-02,4188.35,4131.73,4268.13,4105.45,0.67146577,8.4359204844
801018,2026-07-03,4342.59,4207.32,4373.14,4180.59,0.76927279,9.078225764299999
801018,2026-07-06,4410.07,4352.26,4492.6,4291.53,1.04477741,14.1729104856
801018,2026-07-07,4321.4,4385.68,4435.24,4271.68,0.74501611,9.4478568998
801018,2026-07-08,4284.64,4309.19,4381.75,4231.07,0.51992284,6.785893655800001
801018,2026-07-09,4202.5,4260.71,4329.62,4146.81,0.59255332,7.3756834352
801018,2026-07-10,4229.02,4192.14,4309.82,4132.67,0.56509275,6.9539377523
801018,2026-07-13,4186.67,4218.7,4290.37,4135.31,0.52429993,6.5255227948000005
801018,2026-07-14,4242.53,4165.26,4280.83,4104.71,0.55544905,7.2018772722
801018,2026-07-15,4339.12,4229.33,4419.1,4199.54,0.77581987,9.843888914099999
801018,2026-07-16,4334.28,4322.82,4409.51,4236.21,0.73791455,8.4452358366
801018,2026-07-17,4166.32,4316.08,4349.15,4130.42,0.79236795,9.0801068398
801018,2026-07-20,4137.92,4157.19,4237.32,4050.64,0.64719179,7.3055714349
801018,2026-07-21,4112.15,4147.3,4222.96,4027.59,0.71520276,8.1751674386
801018,2026-07-22,4055.08,4082.6,4153.27,4016.08,0.53447007,6.0725768528
801018,2026-07-23,4127.07,4033.07,4162.51,4003.73,0.45186555,5.4135486010000005
801018,2026-07-24,3996.88,4095.74,4153.59,3989.45,0.38718741,4.3597256838
801018,2026-07-27,4046.36,3996.74,4085.7,3942.05,0.43769388,5.0581366762
801018,2026-07-28,4040.24,4022.64,4092.37,3993.74,0.34308892,3.7687985734
801018,2026-07-29,4109.21,4042.21,4144.66,4019.6,0.45696577,5.1894607166
801018,2026-07-30,4148.86,4114.85,4227.62,4080.4,0.52790302,6.3333899486
801018,2026-07-31,4314.26,4126.03,4345.16,4108.81,0.67738677,8.1997894406
801018,2026-08-03,4360.56,4281.21,4401.19,4249.62,0.56626101,6.491216986
801018,2026-08-04,4450.47,4357.21,4509.75,4303.88,0.64086139,8.176811319199999
801018,2026-08-05,4446.85,4447.69,4532.72,4384.61,0.66068956,8.5581075337
801018,2026-08-06,4437.3,4449.21,4539.38,4396.25,0.62373099,7.1865496378
801018,2026-08-07,4566.27,4429.76,4583.42,4380.03,0.73842364,8.98945059
801018,2026-08-10,4630.99,4576.32,4661.39,4519.81,0.60867079,7.3859474262
801018,2026-08-11,4559.68,4622.8,4658.18,4544.85,0.48377444,5.8599824389999995
801018,2026-08-12,4647.48,4539.56,4712.79,4528.36,0.66314178,10.0840504444
801018,2026-08-13,4612.14,4639.64,4714.81,4577.1,0.61297135,8.630592071699999
801018,2026-08-14,4585.18,4628.09,4676.16,4527.85,0.56731491,8.2321940107
801018,2026-08-17,4574.96,4582.7,4631.53,4468.0,0.65282638,9.1597265487
801018,2026-08-18,4600.75,4582.63,4666.21,4533.52,0.74466437,9.088942876
801018,2026-08-19,4487.37,4587.84,4623.37,4460.84,0.63816276,8.2299671704
801018,2026-08-20,4533.73,4562.37,4680.79,4487.8,0.77328441,9.5539106209
801018,2026-08-21,4397.93,4492.53,4513.5,4357.87,0.67690152,7.9751059865
801018,2026-08-24,4324.75,4387.22,4420.14,4279.54,0.44711734,5.5229809078
801018,2026-08-25,4387.61,4298.38,4397.74,4274.7,0.4530844,5.2508919768
801018,2026-08-26,4373.23,4380.77,4448.01,4341.48,0.41958615,5.1217639353
801018,2026-08-27,4380.81,4373.88,4411.45,4310.26,0.43189204,4.898214832
801018,2026-08-28,4381.15,4376.63,4415.82,4323.03,0.46386001,5.2118661873
801018,2026-08-31,4369.98,4372.77,4441.18,4321.39,0.44523225,5.1410575137
801018,2026-09-01,4448.95,4363.77,4516.54,4348.82,0.82771403,8.7225977442
801018,2026-09-02,4355.98,4443.32,4476.63,4322.28,0.60819395,6.9514245942
801018,2026-09-03,4340.22,4358.45,4429.83,4297.85,0.49304485,6.1821345812
801018,2026-09-04,4406.22,4354.99,4481.38,4314.58,0.73531333,9.9469123025
801018,2026-09-07,4436.76,4417.82,4490.49,4378.83,0.64902806,8.8835838992
801018,2026-09-08,4479.6,4442.74,4524.63,4398.03,0.69802115,8.8641014609
801018,2026-09-09,4420.96,4465.57,4500.54,4394.04,0.52008242,6.3287056806
801018,2026-09-10,4351.03,4395.5,4428.77,4320.54,0.48971259,5.7938706503
801018,2026-09-11,4228.37,4332.98,4351.51,4197.74,0.52460844,5.7669717999
801018,2026-09-14,4250.71,4219.57,4285.72,4176.98,0.38133079,4.4764046442000005
801018,2026-09-15,4197.52,4246.18,4281.0,4177.91,0.35907181,3.9940600814
801018,2026-09-16,4184.61,4195.69,4241.69,4143.62,0.36269139,4.272933918500001
801018,2026-09-17,4203.04,4180.77,4244.73,4141.53,0.31272054,3.439868035
801018,2026-09-18,4198.06,4222.77,4268.18,4162.79,0.4185717,4.7263104043
801018,2026-09-21,4253.72,4215.26,4304.47,4180.67,0.50119048,5.5223751948
801018,2026-09-22,4261.2,4257.68,4299.87,4208.69,0.4388406,4.7684795575
801018,2026-09-23,4234.92,4252.52,4301.03,4211.94,0.36401902,4.1686848416
801018,2026-09-24,4141.42,4230.97,4259.55,4133.6,0.35683107,4.0790695032999995
